CG_time_taken,method,CG_LP_IP_gap,implemented_SR3_cuts_count,CG_sp_time_taken_mean,converged,time_limit_reached,ngroute_neighborhood_size,CGIP_objective,CGLP_objective,cycles_lookup_length
0.534,use_adaptive_ngroute,0.17451726737310536,0,0.03627272727272728,false,false,5.0,1.56363e6,1.2907495652173914e6,10
0.243,use_adaptive_ngroute,0.09214456105344615,0,0.022375,false,false,6.1,1.56363e6,1.41955e6,2
0.106,use_SR3_cuts,0.0643614797784513,4,0.02175,false,false,6.2,1.53104e6,1.4325e6,0
0.353,none,0.053568162817431264,0,0.08275,false,false,6.2,1.53104e6,1.449025e6,0
