CG_time_taken,method,CG_LP_IP_gap,implemented_SR3_cuts_count,CG_sp_time_taken_mean,converged,time_limit_reached,ngroute_neighborhood_size,CGIP_objective,CGLP_objective,cycles_lookup_length
0.909,use_adaptive_ngroute,0.4038127901615237,0,0.06590909090909092,false,false,5.0,1.983174e6,1.1823429736842103e6,20
0.795,use_adaptive_ngroute,0.03081766867245328,0,0.0699,false,false,7.1,1.50232e6,1.456022e6,4
0.428,use_adaptive_ngroute,0.01578436686540996,0,0.065,false,false,7.45,1.49439e6,1.470802e6,6
0.498,use_SR3_cuts,0.0036687210166022055,2,0.09219999999999999,false,false,7.95,1.49439e6,1.4889074999999998e6,0
0.575,use_SR3_cuts,0.0007528155300825512,2,0.18500000000000003,false,false,7.95,1.49439e6,1.493265e6,0
0.71,use_SR3_cuts,0.0003814265352416468,10,0.22966666666666669,false,false,7.95,1.49439e6,1.4938200000000002e6,0
0.847,use_SR3_cuts,5.3533548805884124e-5,1,0.27399999999999997,false,false,7.95,1.49439e6,1.49431e6,0
0.832,none,0.0,0,0.2693333333333333,true,false,7.95,1.49439e6,1.49439e6,0
