CG_time_taken,method,CG_LP_IP_gap,implemented_SR3_cuts_count,CG_sp_time_taken_mean,converged,time_limit_reached,ngroute_neighborhood_size,CGIP_objective,CGLP_objective,cycles_lookup_length
3.219,use_adaptive_ngroute,0.9999760583508361,0,0.12785000000000002,false,false,6.0,6.0e10,1.436498949829932e6,26
3.919,use_adaptive_ngroute,0.04286985422034717,0,0.2845384615384616,false,false,8.571428571428571,1.72574e6,1.651757777777778e6,3
1.723,use_SR3_cuts,0.04104905721603491,2,0.27366666666666667,false,false,9.285714285714285,1.72574e6,1.6549e6,0
5.027,none,0.0,0,0.9922000000000001,true,false,9.285714285714285,1.65833e6,1.65833e6,0
