CG_time_taken,method,CG_LP_IP_gap,implemented_SR3_cuts_count,CG_sp_time_taken_mean,converged,time_limit_reached,ngroute_neighborhood_size,CGIP_objective,CGLP_objective,cycles_lookup_length
5.887,use_adaptive_ngroute,0.39371920628543344,0,0.2525,false,false,6.0,2.2699e6,1.3761967736526947e6,28
16.465,use_adaptive_ngroute,0.03990807006034447,0,1.0644,false,false,10.357142857142858,1.573082e6,1.5103033333333333e6,7
7.802,use_SR3_cuts,0.003594236046972732,1,1.0872857142857142,false,false,11.5,1.517986e6,1.51253e6,0
22.291,none,0.0,0,3.6783333333333332,true,false,11.5,1.517986e6,1.517986e6,0
