CG_time_taken,method,CG_LP_IP_gap,implemented_SR3_cuts_count,CG_sp_time_taken_mean,converged,time_limit_reached,ngroute_neighborhood_size,CGIP_objective,CGLP_objective,cycles_lookup_length
1.035,use_adaptive_ngroute,0.2494258182262734,0,0.04437500000000001,false,false,5.0,1.63301e6,1.2256951445783132e6,13
0.691,use_adaptive_ngroute,0.11316322687399083,0,0.05016666666666667,false,false,6.0,1.48502e6,1.316970344827586e6,7
0.403,use_SR3_cuts,0.09778721648330257,3,0.044625,false,false,6.6499999999999995,1.476662e6,1.3322633333333335e6,0
0.435,use_SR3_cuts,0.08827477107151127,2,0.137,false,false,6.6499999999999995,1.476662e6,1.34631e6,0
1.256,use_adaptive_ngroute,0.08023185626320262,0,0.307,false,false,6.6499999999999995,1.476662e6,1.3581866666666667e6,1
0.464,use_SR3_cuts,0.07959133505162319,10,0.2245,false,false,6.7,1.476662e6,1.3591325e6,0
1.21,use_adaptive_ngroute,0.07478229714761275,0,0.3946666666666667,false,false,6.7,1.476662e6,1.3662338235294118e6,4
0.43,use_SR3_cuts,0.07406310087661694,1,0.419,false,false,7.1,1.476662e6,1.367295833333333e6,0
1.585,use_SR3_cuts,0.04351633593766391,10,0.38875,false,false,7.1,1.42967e6,1.367456e6,0
4.551,use_adaptive_ngroute,0.0038508721626582254,0,1.12825,false,false,7.1,1.37761e6,1.3723050000000005e6,1
2.179,none,0.003571402646612598,0,1.0650000000000002,false,false,7.3,1.37761e6,1.37269e6,0
