CG_time_taken,method,CG_LP_IP_gap,implemented_SR3_cuts_count,CG_sp_time_taken_mean,converged,time_limit_reached,ngroute_neighborhood_size,CGIP_objective,CGLP_objective,cycles_lookup_length
4.23,use_adaptive_ngroute,0.3304348304867998,0,0.18715789473684213,false,false,6.0,2.1936e6,1.468758155844156e6,21
10.21,use_adaptive_ngroute,0.14646422245933644,0,0.8975454545454546,false,false,8.392857142857144,1.84627e6,1.575857500000001e6,6
10.704,use_adaptive_ngroute,0.12026438827703989,0,1.3085,false,false,8.678571428571429,1.80229e6,1.5855386956521738e6,10
4.58,use_SR3_cuts,0.11983997694347459,14,1.1155,false,false,9.464285714285714,1.80229e6,1.5863036079545452e6,0
879.142,use_adaptive_ngroute,0.10940289171271989,0,109.629125,false,false,9.464285714285714,1.80229e6,1.605114262295082e6,1
89.545,use_adaptive_ngroute,0.10901042475822431,0,44.6355,false,false,9.5,1.80229e6,1.6058216015625e6,2
50.897,use_SR3_cuts,0.10900410710547237,5,25.294500000000003,false,false,9.678571428571429,1.80229e6,1.6058329878048783e6,0
728.074,use_SR3_cuts,0.10784577112379778,4,145.51760000000002,false,false,9.678571428571429,1.80229e6,1.6079206451612904e6,0
1785.879,none,0.10426292431410566,0,NaN,false,true,9.678571428571429,1.80229e6,1.6143779741379304e6,0
