CG_time_taken,method,CG_LP_IP_gap,implemented_SR3_cuts_count,CG_sp_time_taken_mean,converged,time_limit_reached,ngroute_neighborhood_size,CGIP_objective,CGLP_objective,cycles_lookup_length
4.851,use_adaptive_ngroute,0.9998652262141327,0,0.19479999999999997,false,false,6.0,1.000175566e10,1.3479744756182793e6,27
9.607,use_adaptive_ngroute,0.010928261568318165,0,0.5408823529411765,false,false,8.357142857142856,1.58189e6,1.5646026923076932e6,6
3.208,use_SR3_cuts,0.010191569057564243,7,0.5176666666666667,false,false,8.964285714285714,1.58189e6,1.5657680588235296e6,0
11.76,none,0.01004115330395916,0,1.6552857142857142,false,false,8.964285714285714,1.58189e6,1.566006e6,0
