CG_time_taken,method,CG_LP_IP_gap,implemented_SR3_cuts_count,CG_sp_time_taken_mean,converged,time_limit_reached,ngroute_neighborhood_size,CGIP_objective,CGLP_objective,cycles_lookup_length
2.387,use_adaptive_ngroute,0.23390804674829346,0,0.10157894736842105,false,false,6.0,2.12897e6,1.6309867857142857e6,17
2.941,use_adaptive_ngroute,0.10275162828623075,0,0.16375,false,false,7.821428571428572,1.99494e6,1.7899566666666667e6,12
1.111,use_adaptive_ngroute,0.1014299962689389,0,0.1736666666666667,false,false,8.678571428571429,1.99494e6,1.792593243243243e6,7
2.116,use_adaptive_ngroute,0.07972179917714417,0,0.29128571428571437,false,false,9.214285714285714,1.9500099698787709e6,1.7945516666666665e6,6
2.42,use_adaptive_ngroute,0.07791381955617016,0,0.592,false,false,9.535714285714285,1.95001e6,1.7980772727272727e6,1
3.799,use_SR3_cuts,0.0775833628203616,5,0.6200000000000001,false,false,9.571428571428571,1.95001e6,1.7987216666666667e6,0
14.641,none,0.0,0,2.9088,true,false,9.571428571428571,1.80479e6,1.80479e6,0
