CG_time_taken,method,CG_LP_IP_gap,implemented_SR3_cuts_count,CG_sp_time_taken_mean,converged,time_limit_reached,ngroute_neighborhood_size,CGIP_objective,CGLP_objective,cycles_lookup_length
4.758,use_adaptive_ngroute,0.9999737348463227,0,0.197,false,false,6.0,6.0e10,1.575909220641992e6,25
7.914,use_adaptive_ngroute,0.11125839650883962,0,0.4743124999999999,false,false,8.142857142857142,2.01423e6,1.79013e6,10
6.12,use_adaptive_ngroute,0.10323194411158543,0,0.6659999999999999,false,false,9.25,2.01423e6,1.8062971212121213e6,13
3.888,use_adaptive_ngroute,0.09745044443566642,0,0.9602499999999998,false,false,10.928571428571429,2.01423e6,1.8179423913043477e6,6
5.439,use_SR3_cuts,0.09690641991322657,6,1.3495000000000001,false,false,11.785714285714285,2.01423e6,1.8190381818181816e6,0
46.565,use_SR3_cuts,0.005373419283187575,4,11.617249999999999,false,false,11.785714285714285,1.85323e6,1.8432718181818184e6,0
56.742,use_SR3_cuts,0.003476988035260309,3,14.139750000000001,false,false,11.785714285714285,1.85323e6,1.8467863414634145e6,0
63.351,use_SR3_cuts,0.00038408699402048274,2,15.80775,false,false,11.785714285714285,1.84982e6,1.849109508196721e6,0
18.255,none,0.0,0,18.211,true,false,11.785714285714285,1.84982e6,1.84982e6,0
