CG_time_taken,method,CG_LP_IP_gap,implemented_SR3_cuts_count,CG_sp_time_taken_mean,converged,time_limit_reached,ngroute_neighborhood_size,CGIP_objective,CGLP_objective,cycles_lookup_length
2.745,use_adaptive_ngroute,0.2907712206344276,0,0.15173333333333333,false,false,5.0,1.77662e6,1.2600300339964633e6,17
1.052,use_adaptive_ngroute,0.040577104262443875,0,0.10833333333333331,false,false,7.0,1.46825e6,1.4086726666666667e6,4
0.562,use_SR3_cuts,0.0012357233324740147,10,0.10640000000000001,false,false,7.6499999999999995,1.427504e6,1.42574e6,0
1.316,none,0.0,0,0.2558,true,false,7.6499999999999995,1.427504e6,1.427504e6,0
