CG_time_taken,method,CG_LP_IP_gap,implemented_SR3_cuts_count,CG_sp_time_taken_mean,converged,time_limit_reached,ngroute_neighborhood_size,CGIP_objective,CGLP_objective,cycles_lookup_length
2.354,use_adaptive_ngroute,0.21379236990813766,0,0.07547999999999999,false,false,6.0,1.98164e6,1.557980488095238e6,25
1.607,use_adaptive_ngroute,0.0047739801319525155,0,0.12283333333333332,false,false,7.7857142857142865,1.64049e6,1.6326583333333333e6,4
0.865,use_SR3_cuts,0.003493874797570573,3,0.13516666666666666,false,false,8.535714285714286,1.64049e6,1.6347583333333335e6,0
2.47,none,0.0,0,0.4762,true,false,8.535714285714286,1.64049e6,1.64049e6,0
