CG_time_taken,method,CG_LP_IP_gap,implemented_SR3_cuts_count,CG_sp_time_taken_mean,converged,time_limit_reached,ngroute_neighborhood_size,CGIP_objective,CGLP_objective,cycles_lookup_length
4.585,use_adaptive_ngroute,0.3736987942784392,0,0.17531818181818182,false,false,6.0,2.31452e6,1.449586666666667e6,18
3.462,use_adaptive_ngroute,0.036626545395130994,0,0.29900000000000004,false,false,7.428571428571428,1.65249e6,1.591965e6,5
2.243,use_SR3_cuts,0.03556047742094259,10,0.35983333333333334,false,false,8.0,1.65249e6,1.5937266666666665e6,0
16.668,use_adaptive_ngroute,0.024859454520148816,0,2.762,false,false,8.0,1.65249e6,1.6114099999999993e6,7
30.951,use_adaptive_ngroute,0.02174975340244112,0,3.8547500000000006,false,false,8.25,1.65249e6,1.61654875e6,7
27.889,use_SR3_cuts,0.021006062180290108,1,4.627,false,false,8.964285714285714,1.65249e6,1.6177776923076925e6,0
11.568,use_adaptive_ngroute,0.020572590454405293,0,3.8223333333333334,false,false,8.964285714285714,1.65249e6,1.6184939999999998e6,2
10.475,use_SR3_cuts,0.02032084914280896,10,5.206499999999999,false,false,9.071428571428571,1.65249e6,1.6189099999999995e6,0
50.694,none,0.01717408274785326,0,8.412333333333333,false,false,9.071428571428571,1.65249e6,1.62411e6,0
