CG_time_taken,method,CG_LP_IP_gap,implemented_SR3_cuts_count,CG_sp_time_taken_mean,converged,time_limit_reached,ngroute_neighborhood_size,CGIP_objective,CGLP_objective,cycles_lookup_length
3.906,use_adaptive_ngroute,0.3743630430361916,0,0.13441666666666668,false,false,6.0,2.32582e6,1.4551189472455648e6,25
3.358,use_adaptive_ngroute,0.11235660111034551,0,0.21060000000000004,false,false,7.571428571428571,1.87269e6,1.662280916666667e6,12
1.61,use_adaptive_ngroute,0.09219628404758373,0,0.22114285714285714,false,false,8.714285714285715,1.8439e6,1.6738992718446604e6,2
1.074,use_SR3_cuts,0.09202898033630103,9,0.25975,false,false,8.785714285714286,1.8439e6,1.6742077631578946e6,0
109.826,none,0.038650126536514784,0,13.649250000000002,false,false,8.785714285714286,1.77024e6,1.70182e6,0
