CG_time_taken,method,CG_LP_IP_gap,implemented_SR3_cuts_count,CG_sp_time_taken_mean,converged,time_limit_reached,ngroute_neighborhood_size,CGIP_objective,CGLP_objective,cycles_lookup_length
3.772,use_adaptive_ngroute,0.45854449341236925,0,0.13424999999999998,false,false,6.0,2.83414e6,1.5345607094402679e6,28
4.82,use_adaptive_ngroute,0.013709665878455013,0,0.32907142857142846,false,false,9.285714285714285,1.69703e6,1.6737642857142854e6,7
2.157,use_adaptive_ngroute,0.010546366298769039,0,0.2981428571428572,false,false,10.071428571428573,1.69703e6,1.6791325e6,4
1.022,use_SR3_cuts,0.008747635575092949,2,0.32999999999999996,false,false,10.5,1.69703e6,1.682185e6,0
6.662,none,0.0,0,1.3214000000000001,true,false,10.5,1.69703e6,1.69703e6,0
