CG_time_taken,method,CG_LP_IP_gap,implemented_SR3_cuts_count,CG_sp_time_taken_mean,converged,time_limit_reached,ngroute_neighborhood_size,CGIP_objective,CGLP_objective,cycles_lookup_length
3.183,use_adaptive_ngroute,0.40394932168013353,0,0.15600000000000003,false,false,6.0,2.4822e6,1.4795169937255725e6,28
8.325,use_adaptive_ngroute,0.16399429269354715,0,0.6217692307692307,false,false,9.75,1.965884e6,1.6434902439024388e6,11
4.902,use_adaptive_ngroute,0.16181558355766001,0,0.803,false,false,10.75,1.965884e6,1.647773333333333e6,3
3.237,use_SR3_cuts,0.16128591115084256,11,1.0630000000000002,false,false,10.928571428571429,1.965884e6,1.648814607843137e6,0
166.1,use_adaptive_ngroute,0.003944273492931583,0,27.594500000000004,false,false,10.928571428571429,1.70468e6,1.6979562758620693e6,2
63.738,use_adaptive_ngroute,0.002310509447686848,0,31.8295,false,false,11.0,1.70468e6,1.700741320754717e6,4
43.259,use_SR3_cuts,0.002276138017998419,1,21.5965,false,false,11.607142857142858,1.70468e6,1.7007999130434785e6,0
60.35,use_SR3_cuts,0.001669961517705043,10,30.122,false,false,11.607142857142858,1.70468e6,1.7018332499999986e6,0
132.438,use_SR3_cuts,0.0005534039370306276,2,44.074666666666666,false,false,11.607142857142858,1.70468e6,1.7037366233766226e6,0
165.761,none,0.0,0,55.17866666666667,true,false,11.607142857142858,1.70468e6,1.70468e6,0
