CG_time_taken,method,CG_LP_IP_gap,implemented_SR3_cuts_count,CG_sp_time_taken_mean,converged,time_limit_reached,ngroute_neighborhood_size,CGIP_objective,CGLP_objective,cycles_lookup_length
22.099,use_adaptive_ngroute,0.9999756553368055,0,1.0009473684210528,false,false,6.0,6.0e10,1.4606797916666667e6,26
4.564,use_adaptive_ngroute,0.09650519293457682,0,0.43849999999999995,false,false,9.535714285714285,1.80277e6,1.628793333333333e6,1
3.459,use_adaptive_ngroute,0.09574987380531075,0,0.3744444444444444,false,false,9.571428571428571,1.80277e6,1.630155e6,1
1.122,use_SR3_cuts,0.09564170692878193,6,0.362,false,false,9.607142857142858,1.80277e6,1.6303499999999998e6,0
25.165,use_SR3_cuts,0.024762012692656654,1,2.2699999999999996,false,false,9.607142857142858,1.67656e6,1.6350449999999995e6,0
3.727,use_adaptive_ngroute,0.0028980505991650363,0,1.848,false,false,9.607142857142858,1.6421e6,1.637341111111111e6,5
7.733,use_SR3_cuts,0.0025622678277814614,1,1.92275,false,false,9.928571428571427,1.6421e6,1.6378925e6,0
23.689,use_SR3_cuts,0.0024957879138503003,10,4.7156,false,false,9.928571428571427,1.6421e6,1.6380016666666665e6,0
48.896,none,0.0,0,9.746599999999999,true,false,9.928571428571427,1.6421e6,1.6421e6,0
