CG_time_taken,method,CG_LP_IP_gap,implemented_SR3_cuts_count,CG_sp_time_taken_mean,converged,time_limit_reached,ngroute_neighborhood_size,CGIP_objective,CGLP_objective,cycles_lookup_length
3.349,use_adaptive_ngroute,0.35493337550190895,0,0.11091304347826085,false,false,6.0,2.270382e6,1.4645476530612248e6,25
4.624,use_adaptive_ngroute,0.05012094851955795,0,0.2892,false,false,8.5,1.712314e6,1.6264911981566816e6,12
5.095,use_adaptive_ngroute,0.0411650785887947,0,0.5516666666666666,false,false,9.285714285714285,1.709404e6,1.63903625e6,2
2.287,use_adaptive_ngroute,0.03920053747127994,0,0.55775,false,false,9.428571428571429,1.709404e6,1.6423944444444443e6,7
4.844,use_SR3_cuts,0.03812104702590513,7,1.18725,false,false,10.357142857142858,1.709404e6,1.6442397297297297e6,0
48.214,none,0.0,0,12.02575,true,false,10.357142857142858,1.64759e6,1.64759e6,0
