CG_time_taken,method,CG_LP_IP_gap,implemented_SR3_cuts_count,CG_sp_time_taken_mean,converged,time_limit_reached,ngroute_neighborhood_size,CGIP_objective,CGLP_objective,cycles_lookup_length
7.485,use_adaptive_ngroute,0.33756765267759636,0,0.22760714285714284,false,false,6.0,2.25752e6,1.4954542727272727e6,15
2.92,use_adaptive_ngroute,0.03434119298373095,0,0.20408333333333334,false,false,7.392857142857142,1.698876e6,1.6405345714285711e6,16
3.793,use_adaptive_ngroute,0.030856725270119734,0,0.3632,false,false,9.214285714285714,1.698876e6,1.64645425e6,8
3.128,use_SR3_cuts,0.028630694647519883,1,0.4282857142857143,false,false,9.964285714285714,1.698876e6,1.650236e6,0
10.838,use_SR3_cuts,0.024763431821981152,1,1.5261428571428568,false,false,9.964285714285714,1.698876e6,1.656806e6,0
12.528,use_adaptive_ngroute,0.024763431821981152,0,2.479,false,false,9.964285714285714,1.698876e6,1.656806e6,1
23.547,use_SR3_cuts,0.024763431821981152,1,3.3339999999999996,false,false,10.0,1.698876e6,1.656806e6,0
21.492,use_SR3_cuts,0.018341538758567477,1,4.2752,false,false,10.0,1.698876e6,1.667716e6,0
14.421,use_SR3_cuts,0.017961875969758845,10,4.7813333333333325,false,false,10.0,1.698876e6,1.668361e6,0
24.264,none,0.017961875969758845,0,8.061333333333334,false,false,10.0,1.698876e6,1.668361e6,0
