CG_time_taken,method,CG_LP_IP_gap,implemented_SR3_cuts_count,CG_sp_time_taken_mean,converged,time_limit_reached,ngroute_neighborhood_size,CGIP_objective,CGLP_objective,cycles_lookup_length
4.253,use_adaptive_ngroute,0.9999741934830775,0,0.19452631578947366,false,false,6.0,6.0e10,1.5483910153481348e6,28
32.974,use_adaptive_ngroute,0.09295901230830583,0,1.1622142857142856,false,false,9.0,1.81121e6,1.6428417073170734e6,9
5.821,use_adaptive_ngroute,0.03693844850492867,0,0.817857142857143,false,false,9.357142857142858,1.74489e6,1.680436470588235e6,7
3.733,use_SR3_cuts,0.03560478229081998,8,1.2296666666666667,false,false,10.035714285714285,1.74489e6,1.6827635714285711e6,0
53.152,use_SR3_cuts,0.027869348422204787,7,13.264249999999999,false,false,10.035714285714285,1.74489e6,1.696261052631579e6,0
100.347,use_SR3_cuts,0.023434141980296808,10,25.06025,false,false,10.035714285714285,1.74489e6,1.704e6,0
401.078,use_SR3_cuts,0.020921089581578234,1,80.1752,false,false,10.035714285714285,1.74489e6,1.708385e6,0
302.617,none,0.02033079449134334,0,75.61225,false,false,10.035714285714285,1.74489e6,1.709415e6,0
