CG_time_taken,method,CG_LP_IP_gap,implemented_SR3_cuts_count,CG_sp_time_taken_mean,converged,time_limit_reached,ngroute_neighborhood_size,CGIP_objective,CGLP_objective,cycles_lookup_length
0.807,use_adaptive_ngroute,0.258557474012874,0,0.04838461538461539,false,false,5.0,1.81917e6,1.34881e6,20
0.629,use_adaptive_ngroute,0.04771709569287208,0,0.07012499999999999,false,false,6.45,1.5811e6,1.5056545e6,10
0.362,use_adaptive_ngroute,0.0051405878271755245,0,0.05466666666666666,false,false,7.3,1.52301e6,1.5151808333333335e6,3
0.37,use_SR3_cuts,0.004891629076631099,1,0.0688,false,false,7.5,1.52301e6,1.51556e6,0
0.475,none,0.004891629076631099,0,0.1516666666666667,false,false,7.5,1.52301e6,1.51556e6,0
