CG_time_taken,method,CG_LP_IP_gap,implemented_SR3_cuts_count,CG_sp_time_taken_mean,converged,time_limit_reached,ngroute_neighborhood_size,CGIP_objective,CGLP_objective,cycles_lookup_length
8.139,use_adaptive_ngroute,0.2746319698629405,0,0.24656,false,false,6.0,2.1388e6,1.551417142857143e6,27
23.171,use_adaptive_ngroute,0.13732301233272115,0,0.9730434782608692,false,false,8.6875,1.9055e6,1.6438309999999998e6,14
8.59,use_adaptive_ngroute,0.1275153503017582,0,0.9373333333333336,false,false,9.84375,1.9055e6,1.6625194999999998e6,6
6.21,use_SR3_cuts,0.08713211720928249,12,1.2072,false,false,10.125,1.82473e6,1.665737411764706e6,0
130.799,use_adaptive_ngroute,0.07160716927983868,0,21.71033333333333,false,false,10.125,1.82473e6,1.69406625e6,8
22.039,use_SR3_cuts,0.07134041748642261,3,4.3660000000000005,false,false,10.5,1.82473e6,1.694553e6,0
272.06,use_SR3_cuts,0.06886854493541505,4,45.24383333333332,false,false,10.5,1.82473e6,1.6990635e6,0
282.742,use_adaptive_ngroute,0.05478912849561657,0,70.57575,false,false,10.5,1.821984e6,1.7221590845070425e6,2
144.912,use_SR3_cuts,0.05475070726271969,4,72.344,false,false,10.5625,1.821984e6,1.722229087378641e6,0
976.736,use_SR3_cuts,0.053435842466234784,1,244.08725,false,false,10.5625,1.821984e6,1.7246247499999998e6,0
786.599,use_SR3_cuts,0.053065229991042684,10,262.0913333333333,false,false,10.5625,1.821984e6,1.7253e6,0
919.874,none,0.04684607548694164,0,413.78549999999996,false,true,10.5625,1.821984e6,1.7366312000000002e6,0
