CG_time_taken,method,CG_LP_IP_gap,implemented_SR3_cuts_count,CG_sp_time_taken_mean,converged,time_limit_reached,ngroute_neighborhood_size,CGIP_objective,CGLP_objective,cycles_lookup_length
12.834,use_adaptive_ngroute,0.44416994824112876,0,0.32259375,false,false,6.0,3.02756e6,1.6828088315030884e6,18
9.653,use_adaptive_ngroute,0.18222446176754992,0,0.5368823529411765,false,false,7.3125,2.24748e6,1.837934166666667e6,17
4.215,use_adaptive_ngroute,0.17824574634701973,0,0.5031249999999999,false,false,8.28125,2.24748e6,1.84687625e6,4
3.731,use_adaptive_ngroute,0.1486743506158461,0,0.5105714285714287,false,false,8.40625,2.170672e6,1.84794875e6,2
1.98,use_SR3_cuts,0.1240191876956297,3,0.4665,false,false,8.625,2.11177e6,1.84987e6,0
10.533,use_adaptive_ngroute,0.11188849335708262,0,2.5909999999999997,false,false,8.625,2.11155e6,1.8752918518518521e6,4
9.577,use_adaptive_ngroute,0.11129552765909945,0,3.154333333333333,false,false,8.78125,2.11155e6,1.8765439285714286e6,2
14.461,use_adaptive_ngroute,0.11078880969482674,0,4.7669999999999995,false,false,8.875,2.11155e6,1.8776138888888885e6,2
21.188,use_SR3_cuts,0.11035889907098273,6,5.263750000000001,false,false,8.9375,2.11155e6,1.8785216666666665e6,0
144.688,use_SR3_cuts,0.10540863024807545,7,24.06,false,false,8.9375,2.10863e6,1.8863622000000007e6,0
747.991,use_SR3_cuts,0.013668982444462907,3,149.50139999999996,false,false,8.9375,1.92304e6,1.896754e6,0
741.63,use_SR3_cuts,0.011054032645587575,3,185.34299999999996,false,false,8.9375,1.92304e6,1.9017826530612293e6,0
1855.375,none,0.010788912205480283,0,823.9855,false,true,8.9375,1.92304e6,1.9022924902723732e6,0
