CG_time_taken,method,CG_LP_IP_gap,implemented_SR3_cuts_count,CG_sp_time_taken_mean,converged,time_limit_reached,ngroute_neighborhood_size,CGIP_objective,CGLP_objective,cycles_lookup_length
5.484,use_adaptive_ngroute,0.33674385011266816,0,0.17038461538461538,false,false,6.0,2.45411e6,1.6277035499999998e6,31
9.412,use_adaptive_ngroute,0.07140839741437655,0,0.6945384615384615,false,false,9.5625,1.87653e6,1.74253e6,2
8.266,use_adaptive_ngroute,0.06706527473581558,0,0.7277272727272727,false,false,9.625,1.87653e6,1.75068e6,2
5.614,use_adaptive_ngroute,0.06660964652843282,0,0.7777142857142857,false,false,9.71875,1.87653e6,1.751535e6,2
2.826,use_SR3_cuts,0.06469654095591326,3,0.5372,false,false,9.875,1.87653e6,1.755125e6,0
25.278,use_adaptive_ngroute,0.010744711677774577,0,3.566,false,false,9.875,1.79452e6,1.7752384e6,1
14.701,use_SR3_cuts,0.010286873370037641,1,4.857666666666667,false,false,10.0625,1.79452e6,1.77606e6,0
16.861,use_SR3_cuts,0.010286873370037641,1,3.3248,false,false,10.0625,1.79452e6,1.77606e6,0
14.224,use_SR3_cuts,0.01028687337003753,1,4.700666666666668,false,false,10.0625,1.79452e6,1.7760600000000002e6,0
49.255,use_SR3_cuts,0.009744481346915301,1,12.260499999999999,false,false,10.0625,1.79452e6,1.7770333333333335e6,0
49.13,use_SR3_cuts,0.009642689967233609,10,8.139999999999999,false,false,10.0625,1.79452e6,1.777216e6,0
46.943,use_adaptive_ngroute,0.006036758204607917,0,11.67,false,false,10.0625,1.79452e6,1.783686916666667e6,10
127.191,use_adaptive_ngroute,0.001979837027648701,0,25.36,false,false,10.875,1.79452e6,1.790967142857144e6,5
95.048,none,0.0,0,18.9386,true,false,11.03125,1.79452e6,1.79452e6,0
