CG_time_taken,method,CG_LP_IP_gap,implemented_SR3_cuts_count,CG_sp_time_taken_mean,converged,time_limit_reached,ngroute_neighborhood_size,CGIP_objective,CGLP_objective,cycles_lookup_length
5.131,use_adaptive_ngroute,0.32348630143980595,0,0.14003703703703702,false,false,6.0,2.40367e6,1.6261156818181816e6,21
2.662,use_adaptive_ngroute,0.024808141042747422,0,0.17000000000000004,false,false,8.53125,1.776218e6,1.7321533333333333e6,11
1.608,use_SR3_cuts,0.011134701714840767,2,0.251,false,false,9.875,1.75682e6,1.7372583333333335e6,0
5.663,use_SR3_cuts,0.006284081465375069,1,0.9181666666666668,false,false,9.875,1.75682e6,1.7457799999999998e6,0
2.432,use_adaptive_ngroute,0.004310629432725088,0,1.179,false,false,9.875,1.75682e6,1.749247e6,3
10.905,use_SR3_cuts,0.003402079954271553,3,2.1532,false,false,10.25,1.75682e6,1.7508431578947366e6,0
22.477,none,0.0,0,3.181571428571428,true,false,10.25,1.75682e6,1.75682e6,0
