CG_time_taken,method,CG_LP_IP_gap,implemented_SR3_cuts_count,CG_sp_time_taken_mean,converged,time_limit_reached,ngroute_neighborhood_size,CGIP_objective,CGLP_objective,cycles_lookup_length
7.298,use_adaptive_ngroute,0.3860425782512281,0,0.28040909090909094,false,false,6.0,2.54536e6,1.562742663022454e6,23
8.449,use_adaptive_ngroute,0.06628955930198177,0,0.4670588235294118,false,false,7.5625,1.85955e6,1.7362812499999998e6,12
6.566,use_adaptive_ngroute,0.014561846945453705,0,0.7097777777777777,false,false,8.03125,1.77244e6,1.74663e6,4
3.682,use_adaptive_ngroute,0.011957233114164523,0,0.892,false,false,8.28125,1.77244e6,1.7512465217391301e6,1
3.398,use_SR3_cuts,0.011957233114164523,3,1.1136666666666666,false,false,8.53125,1.77244e6,1.7512465217391301e6,0
33.425,use_SR3_cuts,0.00938066544800753,10,5.540666666666666,false,false,8.53125,1.77244e6,1.7558133333333335e6,0
28.461,use_SR3_cuts,0.0036446931913068914,10,7.08625,false,false,8.53125,1.77244e6,1.76598e6,0
14.42,use_SR3_cuts,0.0034923608133423656,10,7.1725,false,false,8.53125,1.77244e6,1.7662499999999995e6,0
53.624,none,0.0,0,17.806666666666665,true,false,8.53125,1.77244e6,1.77244e6,0
