CG_time_taken,method,CG_LP_IP_gap,implemented_SR3_cuts_count,CG_sp_time_taken_mean,converged,time_limit_reached,ngroute_neighborhood_size,CGIP_objective,CGLP_objective,cycles_lookup_length
1.154,use_adaptive_ngroute,0.334462681577247,0,0.06607142857142857,false,false,5.0,1.93645e6,1.28877974025974e6,20
1.357,use_adaptive_ngroute,0.04251312938180818,0,0.11418181818181816,false,false,7.4,1.52446e6,1.4596504347826086e6,3
0.614,use_adaptive_ngroute,0.026729520686920694,0,0.11559999999999998,false,false,8.0,1.52446e6,1.483711914893617e6,7
0.374,use_adaptive_ngroute,0.025215720414347942,0,0.11733333333333333,false,false,8.55,1.52446e6,1.4860196428571432e6,8
0.263,use_SR3_cuts,0.023316453039108898,2,0.125,false,false,9.0,1.52446e6,1.488915e6,0
1.408,use_adaptive_ngroute,0.016288927345957438,0,0.46299999999999997,false,false,9.0,1.52446e6,1.4996281818181816e6,2
2.248,use_SR3_cuts,0.013359407497042008,4,0.5552499999999999,false,false,9.2,1.52446e6,1.5040941176470593e6,0
6.36,use_SR3_cuts,0.008570247825459454,10,2.1103333333333336,false,false,9.2,1.52446e6,1.511395e6,0
7.238,use_SR3_cuts,0.0013368668249741367,10,1.7905,false,false,9.2,1.52446e6,1.522422e6,0
4.838,none,0.0012004250685491158,0,2.406,false,false,9.2,1.52446e6,1.5226299999999995e6,0
