CG_time_taken,method,CG_LP_IP_gap,implemented_SR3_cuts_count,CG_sp_time_taken_mean,converged,time_limit_reached,ngroute_neighborhood_size,CGIP_objective,CGLP_objective,cycles_lookup_length
10.562,use_adaptive_ngroute,0.9999741320544868,0,0.33325925925925926,false,false,6.0,6.0e10,1.552076730788177e6,27
16.726,use_adaptive_ngroute,0.07004040601830064,0,1.154142857142857,false,false,8.84375,1.88957e6,1.7572237499999998e6,14
9.146,use_adaptive_ngroute,0.06533249500184968,0,1.803,false,false,9.96875,1.88957e6,1.766119677419355e6,5
4.933,use_SR3_cuts,0.0648605616243757,8,1.2055,false,false,10.46875,1.88957e6,1.7670114285714284e6,0
382.41,use_adaptive_ngroute,0.03544896818574961,0,47.662375,false,false,10.46875,1.862593e6,1.796566e6,1
149.489,use_SR3_cuts,0.03391938013296503,5,37.303749999999994,false,false,10.5,1.862593e6,1.7994150000000002e6,0
410.003,use_adaptive_ngroute,0.03183649551347212,0,102.40075,false,false,10.5,1.86189e6,1.8026139473684214e6,3
310.281,use_SR3_cuts,0.03173858283786901,4,103.35133333333333,false,false,10.65625,1.86189e6,1.80279625e6,0
1789.676,use_SR3_cuts,0.030205234213305676,2,596.4383333333334,false,false,10.65625,1.86189e6,1.8056511764705882e6,0
506.356,none,0.029827017170724335,0,NaN,false,true,10.65625,1.86189e6,1.806355375e6,0
