CG_time_taken,method,CG_LP_IP_gap,implemented_SR3_cuts_count,CG_sp_time_taken_mean,converged,time_limit_reached,ngroute_neighborhood_size,CGIP_objective,CGLP_objective,cycles_lookup_length
6.137,use_adaptive_ngroute,0.9999731796436284,0,0.2209565217391304,false,false,6.0,6.0e10,1.6092213822970104e6,32
8.13,use_adaptive_ngroute,0.15001501289967256,0,0.605923076923077,false,false,9.75,2.11097e6,1.794292808219178e6,9
8.693,use_adaptive_ngroute,0.09249201839642318,0,1.061,false,false,10.125,1.988162e6,1.8042728837209304e6,7
3.044,use_SR3_cuts,0.09209523670606323,8,0.74775,false,false,10.5625,1.988162e6,1.80506175e6,0
89.915,use_adaptive_ngroute,0.03124526364344904,0,17.909200000000002,false,false,10.5625,1.894005e6,1.8348263144329893e6,2
49.191,use_SR3_cuts,0.030915359861165337,6,16.358999999999998,false,false,11.15625,1.894005e6,1.8354511538461535e6,0
382.03,use_adaptive_ngroute,0.02836883444643179,0,76.346,false,false,11.15625,1.894005e6,1.840274285714286e6,1
174.152,use_SR3_cuts,0.02809384682914562,5,43.48925,false,false,11.281250000000002,1.894005e6,1.840795113636364e6,0
822.99,use_SR3_cuts,0.026878558926718643,10,205.611,false,false,11.281250000000002,1.894005e6,1.8430968750000002e6,0
1216.891,use_adaptive_ngroute,0.024330563700900032,0,405.5046666666667,false,false,11.281250000000002,1.894005e6,1.8479227906976768e6,5
825.253,none,0.024326800246468827,0,577.871,false,true,11.59375,1.894005e6,1.8479299186991868e6,0
