CG_time_taken,method,CG_LP_IP_gap,implemented_SR3_cuts_count,CG_sp_time_taken_mean,converged,time_limit_reached,ngroute_neighborhood_size,CGIP_objective,CGLP_objective,cycles_lookup_length
4.782,use_adaptive_ngroute,0.18403196195204152,0,0.18340909090909094,false,false,6.0,2.11183e6,1.7231857817908202e6,31
8.389,use_SR3_cuts,0.05092687977769694,1,0.7417272727272728,false,false,10.09375,1.89291e6,1.7965099999999998e6,0
6.249,use_SR3_cuts,0.048181408779040535,1,1.538,false,false,10.09375,1.88745e6,1.79651e6,0
8.167,none,0.048181408779040535,0,1.3321666666666667,false,false,10.09375,1.88745e6,1.79651e6,0
