CG_time_taken,method,CG_LP_IP_gap,implemented_SR3_cuts_count,CG_sp_time_taken_mean,converged,time_limit_reached,ngroute_neighborhood_size,CGIP_objective,CGLP_objective,cycles_lookup_length
11.036,use_adaptive_ngroute,0.29952361389738424,0,0.3892083333333333,false,false,6.0,2.111224e6,1.4788625577731088e6,32
39.821,use_adaptive_ngroute,0.10505502740362704,0,2.8098571428571435,false,false,11.84375,1.87772e6,1.6804560739436615e6,10
35.107,use_SR3_cuts,0.10317759941594518,10,4.361375,false,false,12.843749999999998,1.87772e6,1.6839813580246915e6,0
682.749,use_SR3_cuts,0.015108544713942074,6,75.71099999999998,false,false,12.843749999999998,1.72832e6,1.7022075999999996e6,0
789.947,use_adaptive_ngroute,0.013215422162199508,0,263.11466666666666,false,false,12.843749999999998,1.72832e6,1.7054795215686273e6,6
1381.043,use_adaptive_ngroute,0.011914241946809234,0,345.01,false,false,13.375,1.72832e6,1.7077283773584906e6,2
647.5,none,0.01154095742250738,0,370.123,false,true,13.4375,1.72832e6,1.708373532467532e6,0
