CG_time_taken,method,CG_LP_IP_gap,implemented_SR3_cuts_count,CG_sp_time_taken_mean,converged,time_limit_reached,ngroute_neighborhood_size,CGIP_objective,CGLP_objective,cycles_lookup_length
7.674,use_adaptive_ngroute,0.3591107376130588,0,0.22740740740740742,false,false,6.0,2.52226e6,1.6164893509480865e6,32
9.99,use_adaptive_ngroute,0.03353202030326785,0,0.5581176470588236,false,false,9.125,1.831692e6,1.7702716666666667e6,7
4.096,use_SR3_cuts,0.03072565757587553,6,0.5598571428571429,false,false,9.5625,1.831692e6,1.7754120588235294e6,0
25.401,none,0.0009344962620149166,0,4.185833333333333,false,false,9.5625,1.79776e6,1.79608e6,0
