CG_time_taken,method,CG_LP_IP_gap,implemented_SR3_cuts_count,CG_sp_time_taken_mean,converged,time_limit_reached,ngroute_neighborhood_size,CGIP_objective,CGLP_objective,cycles_lookup_length
2.44,use_adaptive_ngroute,0.23017201965181844,0,0.1231875,false,false,5.0,1.698367e6,1.3074504375e6,18
1.046,use_adaptive_ngroute,0.05376622768588668,0,0.08790909090909091,false,false,6.8,1.49513e6,1.4147425000000002e6,7
0.698,use_SR3_cuts,0.04971139633342925,10,0.11066666666666668,false,false,7.550000000000001,1.49513e6,1.420805e6,0
1.942,use_adaptive_ngroute,0.03094035425137054,0,0.4779999999999999,false,false,7.550000000000001,1.49513e6,1.4488701481481483e6,10
2.424,use_SR3_cuts,0.018129363109115948,1,0.47780000000000006,false,false,8.55,1.483174e6,1.456285e6,0
1.687,use_SR3_cuts,0.013681694348291917,1,0.834,false,false,8.55,1.483174e6,1.4628816666666665e6,0
3.651,use_SR3_cuts,0.011480334292087835,10,0.905,false,false,8.55,1.483174e6,1.466146666666667e6,0
2.889,none,0.011292673684948684,0,0.9543333333333333,false,false,8.55,1.483174e6,1.466425e6,0
