CG_time_taken,method,CG_LP_IP_gap,implemented_SR3_cuts_count,CG_sp_time_taken_mean,converged,time_limit_reached,ngroute_neighborhood_size,CGIP_objective,CGLP_objective,cycles_lookup_length
12.706,use_adaptive_ngroute,0.9998481754825983,0,0.538047619047619,false,false,6.0,1.000187824e10,1.5185303368983953e6,29
33.087,use_adaptive_ngroute,0.010079667704427586,0,1.8982352941176472,false,false,7.96875,1.79645e6,1.778342380952381e6,23
25.373,use_adaptive_ngroute,0.008165440482927555,0,2.7838888888888893,false,false,10.6875,1.79645e6,1.7817811944444447e6,3
15.249,use_adaptive_ngroute,0.008103511164562982,0,2.9956,false,false,10.84375,1.79645e6,1.781892447368421e6,2
6.218,use_SR3_cuts,0.008034526427120325,8,2.039,false,false,11.03125,1.79645e6,1.7820163749999998e6,0
207.762,none,0.0,0,20.724100000000004,true,false,11.03125,1.78594e6,1.78594e6,0
