CG_time_taken,method,CG_LP_IP_gap,implemented_SR3_cuts_count,CG_sp_time_taken_mean,converged,time_limit_reached,ngroute_neighborhood_size,CGIP_objective,CGLP_objective,cycles_lookup_length
1.287,use_adaptive_ngroute,0.3653957501413234,0,0.07846153846153847,false,false,5.0,1.861204e6,1.1811279682539683e6,19
0.866,use_SR3_cuts,0.1209550493782321,4,0.08777777777777779,false,false,7.45,1.618932e6,1.423114e6,0
2.9,use_adaptive_ngroute,0.05477582584797569,0,0.47650000000000003,false,false,7.45,1.533256e6,1.4492706363636362e6,2
1.028,use_SR3_cuts,0.05473363004395004,4,0.507,false,false,7.6,1.533256e6,1.4493353333333333e6,0
5.148,none,0.0,0,1.706,true,false,7.6,1.465794e6,1.465794e6,0
