CG_time_taken,method,CG_LP_IP_gap,implemented_SR3_cuts_count,CG_sp_time_taken_mean,converged,time_limit_reached,ngroute_neighborhood_size,CGIP_objective,CGLP_objective,cycles_lookup_length
9.818,use_adaptive_ngroute,0.9999727162225018,0,0.3188461538461539,false,false,6.0,6.0e10,1.6370266498894785e6,27
27.103,use_adaptive_ngroute,0.12962266086023544,0,1.5665882352941176,false,false,9.0625,2.012e6,1.7511992063492064e6,27
20.589,use_SR3_cuts,0.11914264413518882,2,2.262,false,false,11.0,2.012e6,1.772285e6,0
150.285,use_adaptive_ngroute,0.044280628423950086,0,11.526230769230768,false,false,11.0,1.86371e6,1.78118375e6,2
36.103,use_SR3_cuts,0.043834609461772645,3,9.00225,false,false,11.0625,1.86371e6,1.7820149999999998e6,0
169.404,use_adaptive_ngroute,0.013846607930001364,0,28.19366666666667,false,false,11.0625,1.81261e6,1.7875115000000002e6,1
44.543,use_SR3_cuts,0.013846607930001475,6,22.232000000000003,false,false,11.15625,1.81261e6,1.7875115e6,0
615.059,use_adaptive_ngroute,0.008396509257562634,0,122.8684,false,false,11.15625,1.8099e6,1.7947031578947373e6,1
297.261,use_adaptive_ngroute,0.008297928643920205,0,148.541,false,false,11.1875,1.8099e6,1.7948815789473688e6,1
554.958,use_adaptive_ngroute,0.008082019481089331,0,138.67725000000002,false,false,11.21875,1.8099e6,1.7952723529411764e6,4
238.676,use_SR3_cuts,0.008039732090784568,3,119.25,false,false,11.406250000000002,1.8099e6,1.795348888888889e6,0
598.468,use_adaptive_ngroute,0.004012997955687991,0,299.1405,false,false,11.406250000000002,1.8099e6,1.8026368750000002e6,2
494.068,use_SR3_cuts,0.003938408199347987,2,246.9445,false,false,11.71875,1.8099e6,1.802771875e6,0
328.501,none,0.003221567095261668,0,NaN,false,true,11.71875,1.8099e6,1.804069285714286e6,0
