CG_time_taken,method,CG_LP_IP_gap,implemented_SR3_cuts_count,CG_sp_time_taken_mean,converged,time_limit_reached,ngroute_neighborhood_size,CGIP_objective,CGLP_objective,cycles_lookup_length
9.133,use_adaptive_ngroute,0.25587367734306543,0,0.31839999999999996,false,false,6.0,2.17265e6,1.6167260549205889e6,30
44.023,use_adaptive_ngroute,0.186553384968712,0,2.557823529411765,false,false,8.9375,2.06825e6,1.6824109615384615e6,10
14.593,use_SR3_cuts,0.17850778358721409,10,2.0702857142857143,false,false,9.65625,2.06825e6,1.6990512765957445e6,0
1235.212,use_SR3_cuts,0.0027712308416298903,4,205.65616666666665,false,false,9.65625,1.725476e6,1.7206943076923077e6,0
1010.085,use_SR3_cuts,0.0019931560086277056,1,252.40375,false,false,9.65625,1.725476e6,1.722036857142857e6,0
1278.748,none,0.001993156008628705,0,512.306,false,true,9.65625,1.725476e6,1.7220368571428554e6,0
