CG_time_taken,method,CG_LP_IP_gap,implemented_SR3_cuts_count,CG_sp_time_taken_mean,converged,time_limit_reached,ngroute_neighborhood_size,CGIP_objective,CGLP_objective,cycles_lookup_length
4.958,use_adaptive_ngroute,0.29685252645122473,0,0.1988,false,false,6.0,2.281962e6,1.6045558150343103e6,26
7.806,use_adaptive_ngroute,0.09370521572439094,0,0.48946666666666666,false,false,8.21875,1.92019e6,1.7402581818181816e6,13
3.001,use_adaptive_ngroute,0.09123576312760717,0,0.46066666666666667,false,false,9.3125,1.92019e6,1.745e6,4
3.663,use_SR3_cuts,0.08970350734967536,7,0.6746,false,false,9.84375,1.92019e6,1.747942222222227e6,0
92.629,use_adaptive_ngroute,0.042888200327908965,0,11.499624999999998,false,false,9.84375,1.84604e6,1.766866666666667e6,7
36.005,use_SR3_cuts,0.040947785530107694,10,8.951,false,false,10.3125,1.84604e6,1.77044875e6,0
39.803,use_SR3_cuts,0.03855459975587383,2,13.189333333333334,false,false,10.3125,1.84604e6,1.7748666666666667e6,0
126.452,use_SR3_cuts,0.036808804964025055,5,25.2334,false,false,10.3125,1.84604e6,1.7780894736842113e6,0
346.883,use_SR3_cuts,0.03526196615457944,10,86.64025000000001,false,false,10.3125,1.84604e6,1.7809450000000002e6,0
246.261,none,0.0340431409936961,0,81.99199999999998,false,false,10.3125,1.84604e6,1.7831949999999972e6,0
