CG_time_taken,method,CG_LP_IP_gap,implemented_SR3_cuts_count,CG_sp_time_taken_mean,converged,time_limit_reached,ngroute_neighborhood_size,CGIP_objective,CGLP_objective,cycles_lookup_length
6.962,use_adaptive_ngroute,0.999972207536793,0,0.2904,false,false,6.0,6.0e10,1.667547792421896e6,32
16.657,use_adaptive_ngroute,0.11183460541122359,0,0.7748095238095238,false,false,9.125,2.0439e6,1.81532125e6,10
20.892,use_adaptive_ngroute,0.09063352095499788,0,1.7165833333333333,false,false,9.84375,2.00777e6,1.825798735632184e6,9
7.257,use_SR3_cuts,0.09036174764071891,11,1.7755,false,false,10.59375,2.00777e6,1.8263443939393938e6,0
156.253,use_adaptive_ngroute,0.03393489702334129,0,22.209857142857146,false,false,10.59375,1.917004e6,1.8519506666666667e6,1
87.541,use_SR3_cuts,0.0337965735421869,7,21.855249999999998,false,false,10.625,1.917004e6,1.8522158333333335e6,0
712.908,use_SR3_cuts,0.03080078054724722,1,178.11925,false,false,10.625,1.917004e6,1.857958780487805e6,0
539.712,use_SR3_cuts,0.030593856587960877,10,179.82433333333333,false,false,10.625,1.917004e6,1.8583554545454527e6,0
1104.424,use_SR3_cuts,0.02606010907297862,10,220.72539999999998,false,false,10.625,1.917004e6,1.8670466666666637e6,0
931.301,none,0.023912081328759327,0,368.109,false,true,10.625,1.917004e6,1.871164444444443e6,0
