CG_time_taken,method,CG_LP_IP_gap,implemented_SR3_cuts_count,CG_sp_time_taken_mean,converged,time_limit_reached,ngroute_neighborhood_size,CGIP_objective,CGLP_objective,cycles_lookup_length
1.758,use_adaptive_ngroute,0.458698620503704,0,0.0758421052631579,false,false,5.0,2.204186e6,1.1931289224664227e6,14
1.271,use_adaptive_ngroute,0.019530279181509513,0,0.13233333333333333,false,false,6.3,1.44852e6,1.4202299999999998e6,3
0.747,use_adaptive_ngroute,0.018830796754125356,0,0.10228571428571427,false,false,6.45,1.44852e6,1.4212432142857143e6,4
0.339,use_adaptive_ngroute,0.01670584458619817,0,0.10833333333333334,false,false,7.25,1.44852e6,1.4243212500000002e6,1
0.3,use_adaptive_ngroute,0.015491098960778271,0,0.14450000000000002,false,false,7.4,1.44852e6,1.4260808333333335e6,3
0.315,use_SR3_cuts,0.015491098960778382,3,0.1515,false,false,7.550000000000001,1.44852e6,1.4260808333333333e6,0
4.469,use_SR3_cuts,0.014985985695744608,1,0.8883999999999999,false,false,7.550000000000001,1.44852e6,1.4268125e6,0
1.834,use_SR3_cuts,0.012668677914929316,1,0.9105,false,false,7.550000000000001,1.44852e6,1.4301691666666665e6,0
0.732,use_SR3_cuts,0.011744746361803782,10,0.724,false,false,7.550000000000001,1.44852e6,1.4315075e6,0
32.003,use_SR3_cuts,0.0036952492799869896,4,5.325,false,false,7.550000000000001,1.44852e6,1.4431673575129532e6,0
7.299,none,0.0,0,3.6374999999999997,true,false,7.550000000000001,1.44852e6,1.44852e6,0
