CG_time_taken,method,CG_LP_IP_gap,implemented_SR3_cuts_count,CG_sp_time_taken_mean,converged,time_limit_reached,ngroute_neighborhood_size,CGIP_objective,CGLP_objective,cycles_lookup_length
7.612,use_adaptive_ngroute,0.9999751824969569,0,0.27004166666666674,false,false,6.0,6.0e10,1.4890501825842694e6,27
14.653,use_adaptive_ngroute,0.13293131694544047,0,0.5910000000000001,false,false,7.40625,1.91738e6,1.6625001515151514e6,11
3.928,use_adaptive_ngroute,0.1318429315002766,0,0.544,false,false,8.25,1.91738e6,1.6645869999999998e6,11
5.184,use_adaptive_ngroute,0.13011244510738607,0,0.6355,false,false,9.1875,1.91738e6,1.667905e6,4
5.871,use_adaptive_ngroute,0.129676553823043,0,0.722125,false,false,9.3125,1.91738e6,1.668740769230774e6,1
2.065,use_adaptive_ngroute,0.12913750360735288,0,0.6733333333333335,false,false,9.65625,1.91738e6,1.6697743333333337e6,1
1.793,use_SR3_cuts,0.12913559127559482,8,0.879,false,false,9.6875,1.91738e6,1.669778e6,0
82.256,use_SR3_cuts,0.026623801472972164,4,13.645999999999999,false,false,9.6875,1.72712e6,1.6811375000000002e6,0
234.95,use_SR3_cuts,0.02286696928991605,1,16.745428571428572,false,false,9.6875,1.72712e6,1.6876260000000002e6,0
117.994,use_SR3_cuts,0.0020931455687600575,10,16.809714285714286,false,false,9.6875,1.69219e6,1.688648e6,0
165.679,none,0.0,0,41.356249999999996,true,false,9.6875,1.69219e6,1.69219e6,0
