CG_time_taken,method,CG_LP_IP_gap,implemented_SR3_cuts_count,CG_sp_time_taken_mean,converged,time_limit_reached,ngroute_neighborhood_size,CGIP_objective,CGLP_objective,cycles_lookup_length
20.046,use_adaptive_ngroute,0.9999719375258221,0,0.46588888888888885,false,false,5.999999999999999,6.0e10,1.6837484506702977e6,28
25.106,use_adaptive_ngroute,0.09416477867515383,0,0.9481200000000001,false,false,7.916666666666666,2.04933e6,1.856355294117647e6,14
17.603,use_adaptive_ngroute,0.08028719332537282,0,1.3040769230769231,false,false,9.0,2.02719e6,1.8644326045627375e6,23
101.953,use_adaptive_ngroute,0.07452002525663581,0,11.262999999999998,false,false,10.305555555555555,2.02719e6,1.8761237500000005e6,5
80.255,use_adaptive_ngroute,0.06549806409263326,0,11.41557142857143,false,false,10.472222222222221,2.02719e6,1.8944129794520547e6,11
62.531,use_adaptive_ngroute,0.0626849410831175,0,8.881714285714285,false,false,11.194444444444445,2.02719e6,1.900115714285715e6,2
16.615,use_SR3_cuts,0.06260492058737366,11,4.11425,false,false,11.305555555555555,2.02719e6,1.900277931034482e6,0
2304.089,use_adaptive_ngroute,0.05911551504909818,0,575.8655,false,false,11.305555555555555,2.02719e6,1.9073516190476187e6,5
956.411,none,0.059115515049097955,0,853.786,false,true,11.694444444444445,2.02719e6,1.9073516190476192e6,0
