CG_time_taken,method,CG_LP_IP_gap,implemented_SR3_cuts_count,CG_sp_time_taken_mean,converged,time_limit_reached,ngroute_neighborhood_size,CGIP_objective,CGLP_objective,cycles_lookup_length
7.667,use_adaptive_ngroute,0.3227787078663945,0,0.27854545454545465,false,false,5.999999999999999,2.68852e6,1.820722988327041e6,35
20.408,use_adaptive_ngroute,0.08051355990084275,0,1.1046111111111112,false,false,9.166666666666666,2.07572e6,1.9085963934426226e6,19
20.215,use_adaptive_ngroute,0.07138486886477957,0,2.2162222222222225,false,false,11.166666666666668,2.07572e6,1.9275449999999998e6,7
8.236,use_adaptive_ngroute,0.07096587671626531,0,2.02525,false,false,11.472222222222221,2.07572e6,1.9284147103825137e6,2
7.34,use_adaptive_ngroute,0.07048553294889248,0,2.401,false,false,11.722222222222221,2.07572e6,1.9294117695473249e6,4
10.352,use_adaptive_ngroute,0.07041433548091491,0,2.5577499999999995,false,false,12.333333333333332,2.07572e6,1.9295595555555553e6,3
5.423,use_adaptive_ngroute,0.07019767513539599,0,2.6644999999999994,false,false,12.416666666666668,2.07572e6,1.9300092817679557e6,1
5.444,use_SR3_cuts,0.07019576507054048,13,2.6685,false,false,12.444444444444445,2.07572e6,1.9300132465277778e6,0
379.653,none,0.06439269573950324,0,54.154285714285706,false,false,12.444444444444445,2.07112e6,1.937755e6,0
