CG_time_taken,method,CG_LP_IP_gap,implemented_SR3_cuts_count,CG_sp_time_taken_mean,converged,time_limit_reached,ngroute_neighborhood_size,CGIP_objective,CGLP_objective,cycles_lookup_length
3.774,use_adaptive_ngroute,0.3338731104174394,0,0.12399999999999999,false,false,5.999999999999999,2.85293e6,1.9004133870967745e6,26
3.014,use_adaptive_ngroute,0.16871570339879693,0,0.19149999999999998,false,false,7.611111111111112,2.311818e6,1.921778e6,8
2.945,use_adaptive_ngroute,0.14920551793070624,0,0.3031111111111111,false,false,8.222222222222223,2.264052e6,1.9262429487179487e6,14
3.167,use_adaptive_ngroute,0.14878074060725344,0,0.33233333333333337,false,false,9.416666666666668,2.264052e6,1.9272046666666667e6,2
2.371,use_SR3_cuts,0.14877115736018265,12,0.433,false,false,9.472222222222223,2.264052e6,1.9272263636363638e6,0
180.838,use_SR3_cuts,0.0005609783462358076,1,25.592285714285712,false,false,9.472222222222223,1.96086e6,1.95976e6,0
69.648,none,0.0,0,17.31475,true,false,9.472222222222223,1.96086e6,1.96086e6,0
