CG_time_taken,method,CG_LP_IP_gap,implemented_SR3_cuts_count,CG_sp_time_taken_mean,converged,time_limit_reached,ngroute_neighborhood_size,CGIP_objective,CGLP_objective,cycles_lookup_length
7.942,use_adaptive_ngroute,0.9999701246817153,0,0.2591600000000001,false,false,5.999999999999999,6.0e10,1.7925190970817495e6,32
15.947,use_adaptive_ngroute,0.12809306939957776,0,0.7366666666666667,false,false,8.75,2.16454e6,1.887277427561838e6,18
8.358,use_adaptive_ngroute,0.1240340398537334,0,1.1584285714285714,false,false,9.88888888888889,2.16454e6,1.896063359375e6,6
2.25,use_SR3_cuts,0.12397647431458647,16,1.088,false,false,10.166666666666668,2.16454e6,1.896187962287105e6,0
2707.085,use_adaptive_ngroute,0.03048212884354551,0,245.8407272727272,false,false,10.166666666666668,2.00625e6,1.945095229007637e6,6
574.34,use_SR3_cuts,0.030087057181281462,8,191.3216666666667,false,false,10.583333333333332,2.00625e6,1.945887841530054e6,0
271.786,none,0.026783347493626875,0,NaN,false,true,10.583333333333332,2.00625e6,1.952515909090911e6,0
