CG_time_taken,method,CG_LP_IP_gap,implemented_SR3_cuts_count,CG_sp_time_taken_mean,converged,time_limit_reached,ngroute_neighborhood_size,CGIP_objective,CGLP_objective,cycles_lookup_length
15.312,use_adaptive_ngroute,0.3638289193662312,0,0.5070399999999999,false,false,5.999999999999999,2.54645e6,1.6199778482798606e6,35
54.205,use_adaptive_ngroute,0.07469547647724395,0,2.2245416666666666,false,false,9.25,1.841542e6,1.7039871428571432e6,15
14.512,use_SR3_cuts,0.0685156787083866,4,2.0414285714285714,false,false,10.055555555555555,1.841542e6,1.7153675000000002e6,0
113.685,use_SR3_cuts,0.06744671559897752,9,12.575,false,false,10.055555555555555,1.841542e6,1.7173360404624278e6,0
3171.81,none,0.0313351728323602,0,351.90277777777777,false,false,10.055555555555555,1.77947e6,1.72371e6,0
