CG_time_taken,method,CG_LP_IP_gap,implemented_SR3_cuts_count,CG_sp_time_taken_mean,converged,time_limit_reached,ngroute_neighborhood_size,CGIP_objective,CGLP_objective,cycles_lookup_length
11.421,use_adaptive_ngroute,0.4264699392330016,0,0.33475862068965523,false,false,5.999999999999999,2.92089e6,1.6752182191937182e6,32
33.583,use_adaptive_ngroute,0.13571135094659226,0,1.8385,false,false,8.833333333333332,2.08655e6,1.803381480682388e6,17
26.963,use_adaptive_ngroute,0.13062032016150205,0,2.6696999999999993,false,false,11.027777777777779,2.08655e6,1.814004170967018e6,9
19.345,use_adaptive_ngroute,0.10422477393693552,0,3.1983333333333333,false,false,11.694444444444445,2.02988e6,1.8183162158808934e6,2
14.142,use_adaptive_ngroute,0.10416783054973167,0,3.5044999999999997,false,false,11.805555555555555,2.02988e6,1.8184318041237106e6,1
11.471,use_SR3_cuts,0.10415818459800097,14,3.779666666666667,false,false,11.833333333333332,2.02988e6,1.81845138424821e6,0
2560.412,use_adaptive_ngroute,0.026527936023388543,0,426.5730000000001,false,false,11.833333333333332,1.89152e6,1.84134187845304e6,2
544.712,use_adaptive_ngroute,0.017120394215835666,0,136.0925,false,false,11.888888888888888,1.87371e6,1.8416313461538465e6,1
356.884,none,0.017034464809828176,0,126.03999999999999,false,true,11.916666666666666,1.87371e6,1.8417923529411769e6,0
