CG_time_taken,method,CG_LP_IP_gap,implemented_SR3_cuts_count,CG_sp_time_taken_mean,converged,time_limit_reached,ngroute_neighborhood_size,CGIP_objective,CGLP_objective,cycles_lookup_length
5.739,use_adaptive_ngroute,0.999970144565,0,0.20199999999999999,false,false,5.999999999999999,6.0e10,1.7913261e6,36
15.425,use_adaptive_ngroute,0.09236928836035485,0,0.7445499999999998,false,false,9.972222222222221,2.05516e6,1.865326333333333e6,16
6.073,use_adaptive_ngroute,0.08842316413320617,0,0.9876666666666667,false,false,11.61111111111111,2.05516e6,1.87343625e6,1
5.993,use_SR3_cuts,0.0881571085415167,11,1.1757999999999997,false,false,11.694444444444445,2.05516e6,1.8739830368098165e6,0
179.697,use_adaptive_ngroute,0.004039032275655052,0,19.862777777777776,false,false,11.694444444444445,1.91241e6,1.9046857142857146e6,3
90.154,use_SR3_cuts,0.0032280386179391884,3,22.444999999999997,false,false,11.777777777777777,1.91241e6,1.906236666666667e6,0
317.919,none,0.0,0,63.46820000000001,true,false,11.777777777777777,1.91241e6,1.91241e6,0
