CG_time_taken,method,CG_LP_IP_gap,implemented_SR3_cuts_count,CG_sp_time_taken_mean,converged,time_limit_reached,ngroute_neighborhood_size,CGIP_objective,CGLP_objective,cycles_lookup_length
11.016,use_adaptive_ngroute,0.287162015414653,0,0.29286666666666666,false,false,5.999999999999999,2.460034e6,1.7536056785714293e6,34
13.013,use_adaptive_ngroute,0.13773389576755557,0,0.8984285714285712,false,false,8.5,2.17249e6,1.8732644887839432e6,19
17.108,use_adaptive_ngroute,0.12281998157302743,0,1.3880833333333333,false,false,10.694444444444445,2.13817e6,1.87556e6,3
11.093,use_SR3_cuts,0.12281998157302743,2,1.5505714285714287,false,false,10.777777777777779,2.13817e6,1.87556e6,0
31.624,use_SR3_cuts,0.11829360123850019,5,5.234500000000001,false,false,10.777777777777779,2.13807e6,1.88515e6,0
161.096,use_adaptive_ngroute,0.05996512449990865,0,26.76983333333333,false,false,10.777777777777779,2.02042e6,1.8992652631578946e6,3
35.452,use_SR3_cuts,0.05996512449990865,5,17.660999999999998,false,false,10.86111111111111,2.02042e6,1.8992652631578946e6,0
505.818,none,0.05948763128458434,0,84.23483333333333,false,false,10.86111111111111,2.02042e6,1.90023e6,0
