CG_time_taken,method,CG_LP_IP_gap,implemented_SR3_cuts_count,CG_sp_time_taken_mean,converged,time_limit_reached,ngroute_neighborhood_size,CGIP_objective,CGLP_objective,cycles_lookup_length
10.899,use_adaptive_ngroute,0.3026506319642571,0,0.35888,false,false,5.999999999999999,2.31783e6,1.616337285714286e6,36
20.239,use_adaptive_ngroute,0.1334972661133621,0,0.889590909090909,false,false,9.916666666666666,1.99167e6,1.7257875e6,11
15.397,use_adaptive_ngroute,0.10842563121555115,0,1.2498333333333331,false,false,10.444444444444445,1.99167e6,1.7757219230769232e6,13
21.052,use_SR3_cuts,0.10823078120371343,3,2.59775,false,false,11.583333333333334,1.99167e6,1.77611e6,0
146.954,none,0.0,0,12.1805,true,false,11.583333333333334,1.78769e6,1.78769e6,0
