CG_time_taken,method,CG_LP_IP_gap,implemented_SR3_cuts_count,CG_sp_time_taken_mean,converged,time_limit_reached,ngroute_neighborhood_size,CGIP_objective,CGLP_objective,cycles_lookup_length
2.268,use_adaptive_ngroute,0.24770532228322484,0,0.09799999999999999,false,false,5.0,1.52589e6,1.14791892578125e6,16
2.842,use_adaptive_ngroute,0.09799655006162011,0,0.22875,false,false,5.8,1.371804e6,1.2373719406392693e6,10
2.369,use_SR3_cuts,0.06394916793646743,1,0.21009090909090908,false,false,6.6499999999999995,1.33223e6,1.247035e6,0
1.672,use_SR3_cuts,0.05634049676106978,5,0.5509999999999999,false,false,6.6499999999999995,1.33223e6,1.2571715e6,0
29.163,use_adaptive_ngroute,0.02958235439826451,0,3.6374999999999997,false,false,6.6499999999999995,1.33223e6,1.2928195e6,5
4.593,use_SR3_cuts,0.02955120362099639,2,2.2875000000000005,false,false,7.45,1.33223e6,1.292861e6,0
11.826,use_SR3_cuts,0.028016934012895622,2,3.933666666666667,false,false,7.45,1.33223e6,1.294905e6,0
17.146,use_SR3_cuts,0.024869016611245853,10,5.707333333333333,false,false,7.45,1.33223e6,1.29909875e6,0
50.377,use_SR3_cuts,0.016292231821832592,10,12.58225,false,false,7.45,1.33223e6,1.310525e6,0
30.235,none,0.008699699000923267,0,10.055666666666667,false,false,7.45,1.33223e6,1.32064e6,0
