CG_time_taken,method,CG_LP_IP_gap,implemented_SR3_cuts_count,CG_sp_time_taken_mean,converged,time_limit_reached,ngroute_neighborhood_size,CGIP_objective,CGLP_objective,cycles_lookup_length
5.568,use_adaptive_ngroute,0.2313359990914695,0,0.21240909090909088,false,false,5.999999999999999,2.43057e6,1.8682916606882468e6,29
12.099,use_adaptive_ngroute,0.16217081482564644,0,0.9020769230769232,false,false,7.944444444444444,2.311427e6,1.9365810000000005e6,10
8.743,use_adaptive_ngroute,0.1423462445894339,0,0.70925,false,false,8.638888888888888,2.260392e6,1.9386336875000002e6,6
4.415,use_adaptive_ngroute,0.14120825060431996,0,0.7138333333333332,false,false,8.833333333333332,2.260392e6,1.941206e6,7
3.173,use_adaptive_ngroute,0.1408249909426459,0,0.7755,false,false,9.027777777777779,2.260392e6,1.9420723170731708e6,4
5.758,use_adaptive_ngroute,0.14079586467915572,0,0.9398333333333333,false,false,9.333333333333334,2.260392e6,1.9421381538461538e6,1
3.585,use_SR3_cuts,0.12294323966379872,8,0.8802500000000001,false,false,9.36111111111111,2.214597e6,1.9423272702702703e6,0
124.32,use_adaptive_ngroute,0.05004033595426238,0,15.475875000000004,false,false,9.36111111111111,2.08589e6,1.9815113636363635e6,2
66.596,use_adaptive_ngroute,0.0014832682641668926,0,16.61725,false,false,9.444444444444445,1.986604e6,1.983657333333333e6,2
31.569,use_SR3_cuts,0.0014827188615541553,8,15.731499999999999,false,false,9.5,1.986604e6,1.983658424778761e6,0
194.649,none,0.0,0,38.8578,true,false,9.5,1.986604e6,1.986604e6,0
