CG_time_taken,method,CG_LP_IP_gap,implemented_SR3_cuts_count,CG_sp_time_taken_mean,converged,time_limit_reached,ngroute_neighborhood_size,CGIP_objective,CGLP_objective,cycles_lookup_length
1.298,use_adaptive_ngroute,0.2642499101452812,0,0.05825000000000001,false,false,5.0,1.66627e6,1.2259583022222223e6,20
1.037,use_adaptive_ngroute,0.03633444708289357,0,0.07833333333333334,false,false,6.8,1.412446e6,1.3611255555555553e6,6
0.293,use_SR3_cuts,0.03099304327386676,1,0.06625,false,false,7.45,1.412446e6,1.36867e6,0
0.209,use_adaptive_ngroute,0.018829746411544224,0,0.2,false,false,7.45,1.412446e6,1.38585e6,3
1.075,use_adaptive_ngroute,0.01536058723660938,0,0.26275000000000004,false,false,7.6,1.412446e6,1.39075e6,1
0.861,use_adaptive_ngroute,0.014657315512710989,0,0.209,false,false,7.7,1.412446e6,1.3917433333333335e6,3
0.399,use_SR3_cuts,0.014005963177825431,10,0.193,false,false,8.45,1.412446e6,1.3926633333333333e6,0
1.436,none,0.0112967150602572,0,0.35225,false,false,8.45,1.412446e6,1.39649e6,0
