CG_time_taken,method,CG_LP_IP_gap,implemented_SR3_cuts_count,CG_sp_time_taken_mean,converged,time_limit_reached,ngroute_neighborhood_size,CGIP_objective,CGLP_objective,cycles_lookup_length
5.269,use_adaptive_ngroute,0.13032304663308547,0,0.15333333333333335,false,false,5.999999999999999,2.185609e6,1.9007737763713086e6,36
13.618,use_adaptive_ngroute,0.017022033379791135,0,0.7257777777777777,false,false,10.555555555555555,2.019959e6,1.9855751904761905e6,3
9.516,use_adaptive_ngroute,0.016565026814900685,0,0.8478181818181818,false,false,10.944444444444445,2.019959e6,1.986498325e6,3
4.657,use_adaptive_ngroute,0.01424540740128355,0,0.7548333333333335,false,false,11.11111111111111,2.019959e6,1.9911838611111108e6,2
3.346,use_SR3_cuts,0.012812718806008871,7,0.79625,false,false,11.36111111111111,2.019959e6,1.994077833333333e6,0
98.093,use_adaptive_ngroute,0.0003563603683706118,0,12.17825,false,false,11.36111111111111,2.019959e6,2.0192391666666665e6,1
40.379,use_SR3_cuts,0.0003563603683705008,2,10.028500000000001,false,false,11.388888888888888,2.019959e6,2.0192391666666667e6,0
30.012,none,0.0,0,7.441750000000001,true,false,11.388888888888888,2.019959e6,2.019959e6,0
