CG_time_taken,method,CG_LP_IP_gap,implemented_SR3_cuts_count,CG_sp_time_taken_mean,converged,time_limit_reached,ngroute_neighborhood_size,CGIP_objective,CGLP_objective,cycles_lookup_length
6.356,use_adaptive_ngroute,0.9999699276536098,0,0.2189130434782609,false,false,5.999999999999999,6.0e10,1.8043407834101385e6,34
19.384,use_adaptive_ngroute,0.012479256003090966,0,1.589666666666667,false,false,8.916666666666666,1.894524e6,1.87088175e6,9
11.467,use_SR3_cuts,0.012227081842193566,4,1.1210000000000002,false,false,9.222222222222223,1.894524e6,1.8713595e6,0
42.002,use_adaptive_ngroute,0.0006386042946885384,0,3.7764545454545453,false,false,9.222222222222223,1.894524e6,1.8933141488372094e6,13
37.448,none,4.440892098500626e-16,0,4.138111111111111,true,false,9.833333333333334,1.894524e6,1.894523999999999e6,0
