CG_time_taken,method,CG_LP_IP_gap,implemented_SR3_cuts_count,CG_sp_time_taken_mean,converged,time_limit_reached,ngroute_neighborhood_size,CGIP_objective,CGLP_objective,cycles_lookup_length
6.111,use_adaptive_ngroute,0.13836798583687582,0,0.17700000000000005,false,false,5.999999999999999,2.15933e6,1.860547857142859e6,26
4.822,use_adaptive_ngroute,0.07250286291101171,0,0.3002666666666667,false,false,7.888888888888888,2.092276e6,1.94058e6,18
6.819,use_SR3_cuts,0.0720727093366269,6,0.5545,false,false,9.11111111111111,2.092276e6,1.9414799999999995e6,0
37.43,use_SR3_cuts,0.03420119234787855,10,3.6858999999999993,false,false,9.11111111111111,2.017532e6,1.94853e6,0
29.168,use_SR3_cuts,0.002926510925981507,1,5.7846,false,false,9.11111111111111,1.96138e6,1.9556399999999984e6,0
11.757,use_SR3_cuts,0.00292651092598073,1,3.871,false,false,9.11111111111111,1.96138e6,1.95564e6,0
11.464,use_SR3_cuts,0.00292651092598073,10,3.7633333333333336,false,false,9.11111111111111,1.96138e6,1.95564e6,0
17.762,none,0.0019221160611406773,0,8.8035,false,false,9.11111111111111,1.96138e6,1.95761e6,0
