CG_time_taken,method,CG_LP_IP_gap,implemented_SR3_cuts_count,CG_sp_time_taken_mean,converged,time_limit_reached,ngroute_neighborhood_size,CGIP_objective,CGLP_objective,cycles_lookup_length
24.503,use_adaptive_ngroute,0.9999700905161644,0,0.5094615384615383,false,false,7.000000000000001,6.0e10,1.7945690301369869e6,39
103.312,use_adaptive_ngroute,0.2219649926438345,0,4.07448,false,false,10.175,2.44013e6,1.8985065625e6,15
55.421,use_adaptive_ngroute,0.18503418613605283,0,4.567333333333334,false,false,11.450000000000001,2.34148e6,1.9082261538461552e6,3
28.342,use_adaptive_ngroute,0.13332253994883558,0,7.04125,false,false,11.8,2.20733e6,1.9130431578947369e6,1
21.92,use_SR3_cuts,0.13324766757760453,13,7.253000000000001,false,false,11.825000000000001,2.20733e6,1.9132084259259263e6,0
3332.906,none,0.04362866735808091,0,741.998,false,true,11.825000000000001,2.03469e6,1.9459191868131864e6,0
