CG_time_taken,method,CG_LP_IP_gap,implemented_SR3_cuts_count,CG_sp_time_taken_mean,converged,time_limit_reached,ngroute_neighborhood_size,CGIP_objective,CGLP_objective,cycles_lookup_length
13.139,use_adaptive_ngroute,0.9999673274116162,0,0.32285294117647056,false,false,7.000000000000001,6.0e10,1.9603553030303067e6,30
109.166,use_adaptive_ngroute,0.29792900466805583,0,7.745214285714287,false,false,10.625,2.86092e6,2.0085689519650657e6,6
98.491,use_adaptive_ngroute,0.2972590379748741,0,14.041142857142859,false,false,10.775,2.86092e6,2.0104856730769232e6,4
98.327,use_SR3_cuts,0.29687236732463174,10,24.536500000000004,false,false,11.275,2.86092e6,2.0115919068736145e6,0
1376.765,use_adaptive_ngroute,0.04308198024639209,0,152.88266666666667,false,false,11.275,2.12351e6,2.032024984126984e6,7
342.548,use_adaptive_ngroute,0.04287406864743415,0,113.90833333333335,false,false,11.475,2.12351e6,2.032466486486487e6,5
667.851,use_SR3_cuts,0.04287406864743426,5,166.78525,false,false,11.6,2.12351e6,2.0324664864864869e6,0
862.084,none,0.041639078695179244,0,334.65799999999996,false,true,11.6,2.12351e6,2.035089e6,0
