CG_time_taken,method,CG_LP_IP_gap,implemented_SR3_cuts_count,CG_sp_time_taken_mean,converged,time_limit_reached,ngroute_neighborhood_size,CGIP_objective,CGLP_objective,cycles_lookup_length
13.491,use_adaptive_ngroute,0.22056400284457855,0,0.3174374999999999,false,false,7.000000000000001,2.37202e6,1.8488377739726028e6,28
56.143,use_adaptive_ngroute,0.06380032546390757,0,2.75985,false,false,10.025,2.0586e6,1.92726065e6,10
19.68,use_adaptive_ngroute,0.02291437805737062,0,2.771857142857143,false,false,10.3,1.98944e6,1.9438532197175445e6,7
16.736,use_adaptive_ngroute,0.022102032062624066,0,4.15175,false,false,10.725,1.98944e6,1.9454693333333333e6,2
22.4,use_adaptive_ngroute,0.021361196206881594,0,4.430199999999999,false,false,10.825,1.98944e6,1.9469431818181814e6,1
7.395,use_adaptive_ngroute,0.021324913726293082,0,2.429,false,false,10.85,1.98944e6,1.9470153636363635e6,2
6.339,use_adaptive_ngroute,0.02132491372629286,0,3.124,false,false,11.075000000000001,1.98944e6,1.947015363636364e6,1
4.958,use_adaptive_ngroute,0.02132491372629297,0,2.454,false,false,11.1,1.98944e6,1.9470153636363638e6,1
7.083,use_SR3_cuts,0.02132491372629297,15,3.496,false,false,11.275,1.98944e6,1.9470153636363638e6,0
1169.948,use_SR3_cuts,0.010592734568829032,8,167.00728571428573,false,false,11.275,1.98812e6,1.9670603725490195e6,0
803.15,use_SR3_cuts,0.01002213146087727,2,200.68974999999998,false,false,11.275,1.98812e6,1.9681948000000007e6,0
1458.12,none,0.007035422353222409,0,1366.992,false,true,11.275,1.98812e6,1.9741327361111115e6,0
