CG_time_taken,method,CG_LP_IP_gap,implemented_SR3_cuts_count,CG_sp_time_taken_mean,converged,time_limit_reached,ngroute_neighborhood_size,CGIP_objective,CGLP_objective,cycles_lookup_length
13.873,use_adaptive_ngroute,0.9999696131485407,0,0.38383333333333336,false,false,7.000000000000001,6.0e10,1.8232110875541e6,28
70.984,use_adaptive_ngroute,0.11185555352017718,0,3.8714999999999993,false,false,9.25,2.153339965274237e6,1.9124769315413681e6,21
55.203,use_adaptive_ngroute,0.10627889937024115,0,4.952636363636365,false,false,10.524999999999999,2.14847e6,1.920132973070018e6,3
25.28,use_SR3_cuts,0.10592338485512287,18,5.0068,false,false,10.625,2.14847e6,1.9208967853403143e6,0
3422.051,none,0.033945928531793124,0,1344.2700000000002,false,true,10.625,2.01933e6,1.9507819681378943e6,0
