CG_time_taken,method,CG_LP_IP_gap,implemented_SR3_cuts_count,CG_sp_time_taken_mean,converged,time_limit_reached,ngroute_neighborhood_size,CGIP_objective,CGLP_objective,cycles_lookup_length
15.699,use_adaptive_ngroute,0.9999665783801832,0,0.44982758620689656,false,false,7.000000000000001,6.0e10,2.005297189009662e6,28
31.555,use_adaptive_ngroute,0.19565354431504578,0,1.8864374999999998,false,false,8.9,2.57779e6,2.073436250000118e6,14
17.365,use_adaptive_ngroute,0.1933171084886317,0,2.4302857142857146,false,false,10.025,2.57779e6,2.0794590909090901e6,3
11.537,use_adaptive_ngroute,0.1933020910583939,0,2.2636,false,false,10.1,2.57779e6,2.0794978026905828e6,5
6.672,use_adaptive_ngroute,0.19328274736628404,0,2.1846666666666663,false,false,10.675,2.57779e6,2.0795476666666667e6,1
10.836,use_adaptive_ngroute,0.1932781205452826,0,2.6685,false,false,10.875,2.57779e6,2.079559593639576e6,1
7.452,use_SR3_cuts,0.19327165083794995,13,2.44,false,false,10.9,2.57779e6,2.079576271186441e6,0
1468.176,none,-4.440892098500626e-16,0,183.05899999999997,true,false,10.9,2.11717e6,2.117170000000001e6,0
