CG_time_taken,method,CG_LP_IP_gap,implemented_SR3_cuts_count,CG_sp_time_taken_mean,converged,time_limit_reached,ngroute_neighborhood_size,CGIP_objective,CGLP_objective,cycles_lookup_length
15.146,use_adaptive_ngroute,0.2612891210280851,0,0.42768965517241386,false,false,7.000000000000001,2.55565e6,1.8878864578445742e6,32
39.909,use_adaptive_ngroute,0.1345609532630695,0,2.0280526315789476,false,false,9.525,2.281308e6,1.9743330208333335e6,12
27.892,use_adaptive_ngroute,0.1339379178806005,0,3.43525,false,false,10.475,2.281308e6,1.975754356435643e6,4
27.55,use_SR3_cuts,0.13363305223735733,8,3.8887142857142853,false,false,10.625,2.281308e6,1.9764498488664988e6,0
657.992,use_adaptive_ngroute,0.03565881047090491,0,59.71100000000001,false,false,10.625,2.07738e6,2.0033031003039517e6,7
263.39,use_adaptive_ngroute,0.03541679138059095,0,65.76075,false,false,11.525,2.07738e6,2.003805865921788e6,3
278.22,use_adaptive_ngroute,0.03541679138059073,0,55.5722,false,false,11.7,2.07738e6,2.0038058659217884e6,3
157.07,use_SR3_cuts,0.03527978504282414,13,52.27466666666667,false,false,11.775,2.07738e6,2.004090480147738e6,0
956.313,use_adaptive_ngroute,0.03289978585663522,0,191.1554,false,false,11.775,2.07738e6,2.0090346428571432e6,6
627.404,use_SR3_cuts,0.032822433385642835,2,156.76575000000003,false,false,11.95,2.07738e6,2.0091953333333333e6,0
367.571,use_adaptive_ngroute,0.0322954875853253,0,183.6525,false,false,11.95,2.07738e6,2.010289999999997e6,2
142.037,none,0.03219522867165958,0,NaN,false,true,12.025,2.07738e6,2.0104982758620677e6,0
