CG_time_taken,method,CG_LP_IP_gap,implemented_SR3_cuts_count,CG_sp_time_taken_mean,converged,time_limit_reached,ngroute_neighborhood_size,CGIP_objective,CGLP_objective,cycles_lookup_length
17.272,use_adaptive_ngroute,0.999968627944514,0,0.46536666666666665,false,false,7.000000000000001,6.0e10,1.8823233291586852e6,38
29.842,use_adaptive_ngroute,0.12966397609723668,0,1.7163529411764704,false,false,10.924999999999999,2.253798e6,1.96156159e6,12
16.83,use_adaptive_ngroute,0.04989282739372092,0,2.0733750000000004,false,false,11.8,2.067456e6,1.9643047746478873e6,8
12.063,use_SR3_cuts,0.048278604686809445,15,3.986666666666667,false,false,12.25,2.067456e6,1.9676421090686277e6,0
1352.396,use_SR3_cuts,0.026072289889073064,5,192.74485714285714,false,false,12.25,2.043576e6,1.9902952941176477e6,0
2156.998,none,0.022877338032628924,0,588.211,false,true,12.25,2.043576e6,1.9968244210526324e6,0
