CG_time_taken,method,CG_LP_IP_gap,implemented_SR3_cuts_count,CG_sp_time_taken_mean,converged,time_limit_reached,ngroute_neighborhood_size,CGIP_objective,CGLP_objective,cycles_lookup_length
18.89,use_adaptive_ngroute,0.9999655017382947,0,0.4991290322580645,false,false,7.000000000000001,6.0e10,2.0698957023212626e6,37
28.044,use_adaptive_ngroute,0.17782790525226533,0,1.4935555555555555,false,false,10.375,2.6248e6,2.158037314293854e6,18
34.238,use_adaptive_ngroute,0.15158653479978246,0,4.22875,false,false,11.525,2.54627e6,2.160289754035358e6,9
24.905,use_adaptive_ngroute,0.15118210426270773,0,4.9336,false,false,12.149999999999999,2.54627e6,2.1613195433789953e6,2
6.462,use_SR3_cuts,0.1511821042627075,12,6.415,false,false,12.35,2.54627e6,2.1613195433789957e6,0
1707.564,use_adaptive_ngroute,0.05719603564711084,0,243.50971428571427,false,false,12.35,2.306313e6,2.174401039438605e6,5
405.95,use_adaptive_ngroute,0.0569433055430516,0,135.21033333333332,false,false,12.524999999999999,2.306313e6,2.174983914163088e6,1
475.181,use_SR3_cuts,0.056943305543050604,4,118.73024999999998,false,false,12.725,2.306313e6,2.1749839141630903e6,0
786.469,none,0.05573205601843634,0,202.31,false,true,12.725,2.306313e6,2.177777434687952e6,0
