CG_time_taken,method,CG_LP_IP_gap,implemented_SR3_cuts_count,CG_sp_time_taken_mean,converged,time_limit_reached,ngroute_neighborhood_size,CGIP_objective,CGLP_objective,cycles_lookup_length
15.923,use_adaptive_ngroute,0.9999675953540115,0,0.471448275862069,false,false,7.000000000000001,6.0e10,1.9442787593122276e6,36
59.274,use_adaptive_ngroute,0.17032550679037617,0,2.516521739130435,false,false,10.200000000000001,2.43551e6,2.020680524956971e6,17
16.352,use_adaptive_ngroute,0.16709293485203025,0,2.280857142857143,false,false,10.975000000000001,2.43551e6,2.0285534862385318e6,6
10.881,use_SR3_cuts,0.16697952892823276,15,3.576333333333333,false,false,11.15,2.43551e6,2.0288296874999998e6,0
2060.848,use_adaptive_ngroute,0.04291764068577464,0,205.8142,false,false,11.15,2.13816e6,2.0463952173913042e6,4
701.855,use_adaptive_ngroute,0.042860360165893896,0,175.32925,false,false,11.9,2.13816e6,2.0465176923076923e6,2
564.165,use_SR3_cuts,0.04264252369398858,6,112.71999999999998,false,false,11.95,2.13816e6,2.0469834615384613e6,0
127.064,none,0.03313624705664864,0,NaN,false,true,11.95,2.13816e6,2.0673094019933562e6,0
