CG_time_taken,method,CG_LP_IP_gap,implemented_SR3_cuts_count,CG_sp_time_taken_mean,converged,time_limit_reached,ngroute_neighborhood_size,CGIP_objective,CGLP_objective,cycles_lookup_length
11.238,use_adaptive_ngroute,0.9999660838688381,0,0.28084375,false,false,7.000000000000001,6.0e10,2.0349678697152522e6,32
31.654,use_adaptive_ngroute,0.23083654241371876,0,1.3917727272727274,false,false,9.275,2.715e6,2.0882787873467535e6,18
40.706,use_adaptive_ngroute,0.18227229950961177,0,4.484333333333334,false,false,10.85,2.567967e6,2.0998977498452007e6,4
25.675,use_adaptive_ngroute,0.1779505524250189,0,5.0986,false,false,11.075000000000001,2.555034e6,2.100364288235294e6,6
14.051,use_SR3_cuts,0.17793647393370915,11,4.651666666666666,false,false,11.25,2.555034e6,2.1004002592592593e6,0
1573.444,use_adaptive_ngroute,0.09102586903157939,0,224.63714285714286,false,false,11.25,2.343386e6,2.130077252873563e6,3
484.136,use_SR3_cuts,0.09081304648023436,5,241.955,false,false,11.425,2.343386e6,2.1305759782608696e6,0
1369.309,none,0.08518229120803289,0,382.71566666666666,false,true,11.425,2.336697e6,2.137651795681063e6,0
