CG_time_taken,method,CG_LP_IP_gap,implemented_SR3_cuts_count,CG_sp_time_taken_mean,converged,time_limit_reached,ngroute_neighborhood_size,CGIP_objective,CGLP_objective,cycles_lookup_length
16.82,use_adaptive_ngroute,0.9999659068644149,0,0.5056551724137931,false,false,7.000000000000001,6.0e10,2.045588135107986e6,40
122.179,use_adaptive_ngroute,0.12134707077746831,0,6.740277777777778,false,false,11.4,2.364632e6,2.0776908333333335e6,14
129.105,use_adaptive_ngroute,0.11911695162526592,0,11.698454545454545,false,false,12.025,2.364632e6,2.082964244444444e6,9
116.295,use_adaptive_ngroute,0.11857845694091218,0,14.469375000000001,false,false,12.325,2.364632e6,2.084237586206897e6,4
114.551,use_adaptive_ngroute,0.1179404135143769,0,19.031166666666664,false,false,12.45,2.364632e6,2.0857463241106719e6,7
35.571,use_SR3_cuts,0.11791524713641,11,11.749333333333333,false,false,12.675,2.364632e6,2.0858058333333365e6,0
1408.101,use_adaptive_ngroute,0.06436722244168258,0,201.01457142857143,false,false,12.675,2.24577e6,2.1012160228571426e6,9
445.079,use_SR3_cuts,0.024231143653157705,7,148.26033333333334,false,false,13.350000000000001,2.155628e6,2.103394668269231e6,0
1166.154,none,0.020974523076695006,0,611.658,false,true,13.350000000000001,2.155628e6,2.11041473076923e6,0
