CG_time_taken,method,CG_LP_IP_gap,implemented_SR3_cuts_count,CG_sp_time_taken_mean,converged,time_limit_reached,ngroute_neighborhood_size,CGIP_objective,CGLP_objective,cycles_lookup_length
14.791,use_adaptive_ngroute,0.9999687278185375,0,0.46799999999999997,false,false,7.000000000000001,6.0e10,1.8763308877467103e6,29
18.437,use_adaptive_ngroute,0.18914316247390606,0,0.9376315789473683,false,false,9.450000000000001,2.39965e6,1.9457726101694913e6,16
34.048,use_adaptive_ngroute,0.12988181874727878,0,2.3919285714285716,false,false,10.775,2.25078e6,1.9584445999999999e6,12
11.532,use_SR3_cuts,0.12971925288122277,8,2.83425,false,false,11.25,2.25078e6,1.9588105000000014e6,0
613.734,use_adaptive_ngroute,0.08789638129514799,0,76.615625,false,false,11.25,2.16762e6,1.9770940459770113e6,3
195.752,use_SR3_cuts,0.08781454108910036,10,65.19433333333333,false,false,11.450000000000001,2.16762e6,1.9772714444444443e6,0
1346.231,use_adaptive_ngroute,0.06420317738475811,0,336.42075,false,false,11.450000000000001,2.11523e6,1.979425513100438e6,1
1332.574,none,0.06418894374367745,0,312.31775,false,true,11.475,2.11523e6,1.9794556205250612e6,0
