CG_time_taken,method,CG_LP_IP_gap,implemented_SR3_cuts_count,CG_sp_time_taken_mean,converged,time_limit_reached,ngroute_neighborhood_size,CGIP_objective,CGLP_objective,cycles_lookup_length
1.913,use_adaptive_ngroute,0.3584926865846946,0,0.09064705882352941,false,false,5.0,1.80441e6,1.1575422113997112e6,20
1.98,use_adaptive_ngroute,0.070959436322929,0,0.1436923076923077,false,false,7.799999999999999,1.5186e6,1.410841e6,13
0.379,use_SR3_cuts,0.057460819175556455,1,0.183,false,false,9.65,1.5186e6,1.43134e6,0
5.355,use_adaptive_ngroute,0.02161911452755927,0,0.8843333333333334,false,false,9.65,1.46611e6,1.434414e6,2
2.004,none,0.020360000272830803,0,0.49450000000000005,false,false,9.75,1.46611e6,1.43626e6,0
