CG_time_taken,method,CG_LP_IP_gap,implemented_SR3_cuts_count,CG_sp_time_taken_mean,converged,time_limit_reached,ngroute_neighborhood_size,CGIP_objective,CGLP_objective,cycles_lookup_length
18.968,use_adaptive_ngroute,0.9999670952740948,0,0.38270731707317074,false,false,7.000000000000001,6.0e10,1.974283554310548e6,30
30.877,use_adaptive_ngroute,0.21802222311444674,0,1.4194761904761906,false,false,9.0,2.62196e6,2.0503144518828453e6,12
21.763,use_adaptive_ngroute,0.21497626666505876,0,3.0622857142857143,false,false,9.6,2.62196e6,2.0583008278548825e6,8
11.896,use_adaptive_ngroute,0.21412252568151213,0,2.9250000000000003,false,false,10.125,2.62196e6,2.0605393025641025e6,3
9.962,use_adaptive_ngroute,0.21406470751689288,0,3.273333333333333,false,false,10.200000000000001,2.62196e6,2.0606908994790076e6,2
11.476,use_adaptive_ngroute,0.21405872483521382,0,3.777,false,false,10.35,2.62196e6,2.0607065858310626e6,6
6.513,use_SR3_cuts,0.21405454315204486,20,3.208,false,false,10.575000000000001,2.62196e6,2.0607175500370646e6,0
3453.694,none,0.144911294713311,0,NaN,false,true,10.575000000000001,2.62196e6,2.242008381713487e6,0
