CG_time_taken,method,CG_LP_IP_gap,implemented_SR3_cuts_count,CG_sp_time_taken_mean,converged,time_limit_reached,ngroute_neighborhood_size,CGIP_objective,CGLP_objective,cycles_lookup_length
10.857,use_adaptive_ngroute,0.29975946315108615,0,0.310206896551724,false,false,7.000000000000001,2.64698e6,1.853522696228338e6,30
27.317,use_adaptive_ngroute,0.10018726527787891,0,1.3270999999999997,false,false,8.35,2.15242e6,1.936774926470588e6,20
31.43,use_adaptive_ngroute,0.052509106499229685,0,2.8230909090909093,false,false,10.475,2.06359e6,1.9552327329192546e6,4
12.457,use_SR3_cuts,0.05196121826840816,11,2.0340000000000003,false,false,10.975000000000001,2.06359e6,1.9563633495934957e6,0
795.507,use_adaptive_ngroute,0.01626615246216445,0,99.32375,false,false,10.975000000000001,2.014244e6,1.98148e6,1
248.559,use_adaptive_ngroute,0.01576331698973288,0,62.08500000000001,false,false,11.0,2.014244e6,1.9824928333333326e6,5
226.436,use_SR3_cuts,0.01562981193041202,7,75.403,false,false,11.275,2.014244e6,1.9827617450980393e6,0
389.743,use_SR3_cuts,0.01491325292891943,3,97.33775,false,false,11.275,2.014244e6,1.9842050697674416e6,0
1475.445,use_SR3_cuts,0.01487693535528778,10,295.0108,false,false,11.275,2.014244e6,1.9842782222222236e6,0
365.75,none,0.009036446159379485,0,NaN,false,true,11.275,2.014244e6,1.9960423925421468e6,0
