CG_time_taken,method,CG_LP_IP_gap,implemented_SR3_cuts_count,CG_sp_time_taken_mean,converged,time_limit_reached,ngroute_neighborhood_size,CGIP_objective,CGLP_objective,cycles_lookup_length
13.304,use_adaptive_ngroute,0.30269496976433974,0,0.39096153846153847,false,false,7.000000000000001,2.92129e6,2.037030211777132e6,39
37.588,use_adaptive_ngroute,0.14434076987561606,0,2.3050625000000005,false,false,11.475,2.413e6,2.0647057222901385e6,22
37.242,use_adaptive_ngroute,0.05987257868854956,0,4.091333333333334,false,false,13.0,2.22008e6,2.0871580855051249e6,16
27.199,use_SR3_cuts,0.019351717430504345,10,6.7545,false,false,13.950000000000001,2.129592e6,2.0883807373737374e6,0
324.551,none,0.009597795830256217,0,53.98116666666667,false,false,13.950000000000001,2.11236e6,2.092086e6,0
