CG_time_taken,method,CG_LP_IP_gap,implemented_SR3_cuts_count,CG_sp_time_taken_mean,converged,time_limit_reached,ngroute_neighborhood_size,CGIP_objective,CGLP_objective,cycles_lookup_length
13.672,use_adaptive_ngroute,0.23119521919049746,0,0.40121428571428575,false,false,7.000000000000001,2.63925e6,2.0290680177514795e6,39
33.527,use_adaptive_ngroute,0.2217710662890907,0,1.9108235294117648,false,false,11.299999999999999,2.63742e6,2.0525165543478264e6,12
23.584,use_adaptive_ngroute,0.22023576843650416,0,3.884833333333333,false,false,11.9,2.63742e6,2.0565657796101952e6,2
14.655,use_SR3_cuts,0.22023576843650416,12,4.8229999999999995,false,false,12.149999999999999,2.63742e6,2.0565657796101952e6,0
3483.675,none,0.15855978291261263,0,NaN,false,true,12.149999999999999,2.63742e6,2.219231257350617e6,0
