CG_time_taken,method,CG_LP_IP_gap,implemented_SR3_cuts_count,CG_sp_time_taken_mean,converged,time_limit_reached,ngroute_neighborhood_size,CGIP_objective,CGLP_objective,cycles_lookup_length
21.956,use_adaptive_ngroute,0.9999670320062285,0,0.5617575757575758,false,false,7.000000000000001,6.0e10,1.9780796262886596e6,32
23.708,use_adaptive_ngroute,0.05805313905581644,0,1.1797368421052632,false,false,10.3,2.20017e6,2.0724432250435643e6,13
11.742,use_adaptive_ngroute,0.05749719902794803,0,1.2634444444444441,false,false,11.15,2.20017e6,2.0736663876146795e6,2
5.584,use_SR3_cuts,0.057478767190956126,14,1.34625,false,false,11.25,2.20017e6,2.0737069407894742e6,0
1164.451,use_adaptive_ngroute,0.010458698607089478,0,193.7528333333333,false,false,11.25,2.115134e6,2.0930124509803925e6,2
174.669,use_adaptive_ngroute,0.010180158798450023,0,58.111000000000004,false,false,11.75,2.115134e6,2.0936015999999992e6,1
144.121,use_SR3_cuts,0.01017556083860327,5,71.904,false,false,11.775,2.115134e6,2.0936113253012018e6,0
577.983,use_SR3_cuts,0.005548584628680686,10,144.37475,false,false,11.775,2.115134e6,2.103398e6,0
970.834,use_SR3_cuts,0.00398316280525246,4,242.29174999999998,false,false,11.775,2.115134e6,2.106709076923075e6,0
478.86,none,0.0027379195203074413,0,336.815,false,true,11.775,2.115134e6,2.109342933333334e6,0
