CG_time_taken,method,CG_LP_IP_gap,implemented_SR3_cuts_count,CG_sp_time_taken_mean,converged,time_limit_reached,ngroute_neighborhood_size,CGIP_objective,CGLP_objective,cycles_lookup_length
2.1,use_adaptive_ngroute,0.3531122517278099,0,0.11273333333333331,false,false,5.0,1.90203e6,1.2303999038461538e6,20
1.908,use_adaptive_ngroute,0.06752815400881407,0,0.13238461538461538,false,false,7.95,1.45544e6,1.3571568235294116e6,3
0.46,use_adaptive_ngroute,0.06007444423392716,0,0.1055,false,false,8.149999999999999,1.44768e6,1.3607114285714284e6,1
0.542,none,0.0,0,0.08366666666666668,true,false,8.35,1.362124e6,1.362124e6,0
