CG_time_taken,method,CG_LP_IP_gap,implemented_SR3_cuts_count,CG_sp_time_taken_mean,converged,time_limit_reached,ngroute_neighborhood_size,CGIP_objective,CGLP_objective,cycles_lookup_length
9.396,use_adaptive_ngroute,0.9999678104,0,0.2747037037037037,false,false,7.000000000000001,6.0e10,1.9313759999999995e6,23
7.217,use_adaptive_ngroute,0.1908678342032729,0,0.3835882352941178,false,false,8.35,2.409746e6,1.949803e6,3
2.593,use_adaptive_ngroute,0.18999319153692262,0,0.2506666666666667,false,false,8.424999999999999,2.409746e6,1.9519106666666667e6,19
4.59,use_SR3_cuts,0.1896739324393525,4,0.4831111111111111,false,false,9.275,2.409746e6,1.95268e6,0
109.931,use_adaptive_ngroute,0.11252321786737807,0,15.606000000000003,false,false,9.275,2.247356e6,1.9944762711864407e6,13
63.399,use_adaptive_ngroute,0.11046220609433666,0,10.504833333333334,false,false,10.25,2.247356e6,1.9991080983606558e6,5
27.94,use_SR3_cuts,0.11043179113015311,11,9.248666666666665,false,false,10.75,2.247356e6,1.9991764516129037e6,0
104.965,use_adaptive_ngroute,0.07311917865236095,0,34.778666666666666,false,false,10.75,2.1623e6,2.0041944e6,1
351.079,use_adaptive_ngroute,0.07212898302733206,0,87.57125,false,false,10.775,2.1623e6,2.0063355e6,2
276.224,use_SR3_cuts,0.07165822107412079,3,68.96624999999999,false,false,10.95,2.1623e6,2.0073534285714286e6,0
556.489,use_SR3_cuts,0.02742975774426637,5,111.1698,false,false,10.95,2.07164e6,2.014815416666668e6,0
2051.329,none,0.02673546781789493,0,506.995,false,true,10.95,2.07164e6,2.0162537354497362e6,0
