CG_time_taken,method,CG_LP_IP_gap,implemented_SR3_cuts_count,CG_sp_time_taken_mean,converged,time_limit_reached,ngroute_neighborhood_size,CGIP_objective,CGLP_objective,cycles_lookup_length
21.831,use_adaptive_ngroute,0.3352189694465745,0,0.5584999999999999,false,false,7.000000000000001,2.78384e6,1.8506440240958482e6,30
42.391,use_adaptive_ngroute,0.15253531873806414,0,2.286388888888889,false,false,9.0,2.31494e6,1.9618298892405059e6,14
34.815,use_adaptive_ngroute,0.15002081308132498,0,3.4303,false,false,10.524999999999999,2.31494e6,1.9676508189655175e6,11
14.02,use_adaptive_ngroute,0.1478555823872273,0,3.4585,false,false,11.075000000000001,2.31494e6,1.972663198108512e6,3
23.802,use_adaptive_ngroute,0.147333140795174,0,4.7158,false,false,11.15,2.31494e6,1.9738726190476199e6,6
11.324,use_adaptive_ngroute,0.14712478227438341,0,5.6045,false,false,11.9,2.31494e6,1.9743549565217388e6,3
16.214,use_adaptive_ngroute,0.14711741849420823,0,5.352333333333334,false,false,12.225,2.31494e6,1.9743720032310176e6,3
15.677,use_adaptive_ngroute,0.1469277821455417,0,5.184,false,false,12.3,2.31494e6,1.9748109999999998e6,2
5.726,use_adaptive_ngroute,0.14688242655312322,0,5.651000000000001,false,false,12.35,2.31494e6,1.974915995475113e6,1
7.716,use_adaptive_ngroute,0.14681911865515662,0,3.812,false,false,12.375,2.31494e6,1.9750625494604318e6,1
16.067,use_SR3_cuts,0.14681627116842144,16,5.307666666666667,false,false,12.4,2.31494e6,1.9750691412213745e6,0
1545.56,use_SR3_cuts,0.025352278757148516,9,257.4286666666667,false,false,12.4,2.05955e6,2.0073357142857148e6,0
1762.798,none,0.02365569479104579,0,1619.9460000000001,false,true,12.4,2.05955e6,2.0108299137931017e6,0
