CG_time_taken,method,CG_LP_IP_gap,implemented_SR3_cuts_count,CG_sp_time_taken_mean,converged,time_limit_reached,ngroute_neighborhood_size,CGIP_objective,CGLP_objective,cycles_lookup_length
15.273,use_adaptive_ngroute,0.9999674019641587,0,0.4293793103448275,false,false,7.000000000000001,6.0e10,1.9558821504802564e6,32
58.438,use_adaptive_ngroute,0.17982219491982365,0,3.0276842105263158,false,false,9.65,2.41676e6,1.982172912205567e6,21
72.711,use_adaptive_ngroute,0.17424775319022157,0,5.145142857142858,false,false,11.575,2.41676e6,1.995645e6,6
63.134,use_adaptive_ngroute,0.17167392411141125,0,8.974857142857143,false,false,11.775,2.41591e6,2.0011612500000005e6,1
43.614,use_SR3_cuts,0.17110840221697,9,6.191142857142857,false,false,11.825000000000001,2.41591e6,2.0025275e6,0
2239.726,use_adaptive_ngroute,0.0018774450946064114,0,248.7296666666667,false,false,11.825000000000001,2.06418e6,2.0603046153846153e6,12
1090.58,none,0.0,0,311.1003333333333,true,true,12.4,2.06418e6,2.06418e6,0
