CG_time_taken,method,CG_LP_IP_gap,implemented_SR3_cuts_count,CG_sp_time_taken_mean,converged,time_limit_reached,ngroute_neighborhood_size,CGIP_objective,CGLP_objective,cycles_lookup_length
15.246,use_adaptive_ngroute,0.3272365230710548,0,0.4130967741935484,false,false,7.000000000000001,3.15709e6,2.1239748453776035e6,40
40.524,use_adaptive_ngroute,0.004786147265929741,0,1.5529999999999997,false,false,11.05,2.199338e6,2.1888116444444447e6,22
46.226,use_adaptive_ngroute,0.003384484331194648,0,4.5411,false,false,12.600000000000001,2.199338e6,2.191894374999999e6,2
41.027,use_adaptive_ngroute,0.003087829982559742,0,5.8111428571428565,false,false,12.65,2.199338e6,2.192546818181817e6,9
10.253,use_SR3_cuts,0.002910356272140424,3,3.365333333333333,false,false,13.124999999999998,2.199338e6,2.192937142857143e6,0
69.161,use_SR3_cuts,0.002254314707425653,10,22.983,false,false,13.124999999999998,2.199338e6,2.19438e6,0
160.006,use_adaptive_ngroute,0.0005860621323091619,0,39.9065,false,false,13.124999999999998,2.199338e6,2.1980490512820515e6,5
135.7,use_adaptive_ngroute,0.0004587451197720638,0,45.143,false,false,13.525,2.199338e6,2.1983290644257707e6,6
103.445,use_SR3_cuts,0.00040322700477468665,8,34.412,false,false,14.000000000000002,2.199338e6,2.198451167525773e6,0
608.111,none,0.0,0,121.518,true,false,14.000000000000002,2.199338e6,2.199338e6,0
