CG_time_taken,method,CG_LP_IP_gap,implemented_SR3_cuts_count,CG_sp_time_taken_mean,converged,time_limit_reached,ngroute_neighborhood_size,CGIP_objective,CGLP_objective,cycles_lookup_length
12.128,use_adaptive_ngroute,0.9999682342705045,0,0.3055312500000001,false,false,7.000000000000001,6.0e10,1.9059437697274035e6,30
11.623,use_adaptive_ngroute,0.25681104608310545,0,0.7924285714285714,false,false,9.075000000000001,2.67569e6,1.9885432521058957e6,28
21.0,use_adaptive_ngroute,0.202426757589092,0,2.0572000000000004,false,false,10.975000000000001,2.51749e6,2.0078826620370368e6,11
11.446,use_SR3_cuts,0.18827279581337575,10,1.8658333333333332,false,false,11.674999999999999,2.48028e6,2.0133107500000005e6,0
337.044,use_adaptive_ngroute,0.10016618303927338,0,48.05214285714287,false,false,11.674999999999999,2.27544e6,2.0475178604651159e6,1
79.046,use_SR3_cuts,0.10014909839978636,6,39.449999999999996,false,false,11.7,2.27544e6,2.0475567355371902e6,0
1150.134,use_adaptive_ngroute,0.09753272816147274,0,229.90940000000003,false,false,11.7,2.27544e6,2.0535101290322584e6,3
1940.483,none,0.09727044638229454,0,572.688,false,true,11.9,2.27544e6,2.0541069354838717e6,0
