CG_time_taken,method,CG_LP_IP_gap,implemented_SR3_cuts_count,CG_sp_time_taken_mean,converged,time_limit_reached,ngroute_neighborhood_size,CGIP_objective,CGLP_objective,cycles_lookup_length
14.883,use_adaptive_ngroute,0.4088793728956337,0,0.48169230769230775,false,false,7.000000000000001,3.07015e6,1.8148289933044703e6,39
68.608,use_adaptive_ngroute,0.1740711905836113,0,2.68996,false,false,12.0,2.28126e6,1.8841583557692308e6,15
33.118,use_adaptive_ngroute,0.07076605309370887,0,4.0901250000000005,false,false,13.250000000000002,2.04431e6,1.89964225e6,4
14.299,use_SR3_cuts,0.04396287204664007,8,3.5092499999999998,false,false,13.55,1.98799e6,1.90059225e6,0
2333.689,use_adaptive_ngroute,0.025807138533560647,0,233.0974,false,false,13.55,1.98799e6,1.9366856666666667e6,1
738.155,use_SR3_cuts,0.025198844058571868,8,122.89999999999999,false,false,13.575,1.98799e6,1.9378949499999997e6,0
371.552,none,0.02225657176608553,0,NaN,false,true,13.575,1.98799e6,1.9437441578947396e6,0
