CG_time_taken,method,CG_LP_IP_gap,implemented_SR3_cuts_count,CG_sp_time_taken_mean,converged,time_limit_reached,ngroute_neighborhood_size,CGIP_objective,CGLP_objective,cycles_lookup_length
12.678,use_adaptive_ngroute,0.37835162106853903,0,0.33325000000000005,false,false,7.000000000000001,3.04046e6,1.8900970302059497e6,40
102.457,use_adaptive_ngroute,0.06910179186361198,0,4.229791666666666,false,false,12.524999999999999,2.164332e6,2.014772780612245e6,8
46.402,use_adaptive_ngroute,0.0646863593828294,0,3.8236666666666665,false,false,13.099999999999998,2.164332e6,2.024329242424242e6,7
28.407,use_adaptive_ngroute,0.06437790639477958,0,7.044250000000001,false,false,13.899999999999999,2.164332e6,2.024996837096774e6,10
27.428,use_SR3_cuts,0.06418799077451143,14,6.80575,false,false,14.475,2.164332e6,2.0254078775510201e6,0
1461.596,use_SR3_cuts,0.0015378886504092693,10,162.18222222222224,false,false,14.475,2.046312e6,2.0431650000000037e6,0
249.171,none,0.0,0,62.15,true,false,14.475,2.046312e6,2.046312e6,0
