CG_time_taken,method,CG_LP_IP_gap,implemented_SR3_cuts_count,CG_sp_time_taken_mean,converged,time_limit_reached,ngroute_neighborhood_size,CGIP_objective,CGLP_objective,cycles_lookup_length
14.543,use_adaptive_ngroute,0.2814686068769363,0,0.4009642857142857,false,false,7.000000000000001,2.64292e6,1.8990209895128075e6,36
44.843,use_adaptive_ngroute,0.2051139946119921,0,1.976,false,false,10.075,2.4621e6,1.9570888338658144e6,16
37.713,use_adaptive_ngroute,0.20206313309776192,0,3.7402,false,false,11.425,2.4621e6,1.9646003600000003e6,1
11.507,use_SR3_cuts,0.20203718720632358,13,3.7823333333333333,false,false,11.450000000000001,2.4621e6,1.9646642413793106e6,0
3439.466,none,0.062462704100266,0,482.26471428571426,false,true,11.450000000000001,2.12634e6,1.9935230537634403e6,0
