CG_time_taken,method,CG_LP_IP_gap,implemented_SR3_cuts_count,CG_sp_time_taken_mean,converged,time_limit_reached,ngroute_neighborhood_size,CGIP_objective,CGLP_objective,cycles_lookup_length
25.223,use_adaptive_ngroute,0.9999703312703812,0,0.8548000000000001,false,false,7.000000000000001,6.0e10,1.7801237771317826e6,39
114.952,use_adaptive_ngroute,0.15165059265490344,0,4.9408695652173895,false,false,12.625,2.2319e6,1.893431042253521e6,9
58.143,use_adaptive_ngroute,0.15028675743876352,0,7.2135,false,false,13.475,2.2319e6,1.8964749860724236e6,4
39.99,use_adaptive_ngroute,0.14927659329335052,0,7.9518,false,false,13.924999999999999,2.2319e6,1.898729571428571e6,1
32.006,use_SR3_cuts,0.14927659329335008,15,7.96125,false,false,14.000000000000002,2.2319e6,1.898729571428572e6,0
3302.291,none,0.06239976069751785,0,798.394,false,true,14.000000000000002,2.041894e6,1.9144803030303025e6,0
