CG_time_taken,method,CG_LP_IP_gap,implemented_SR3_cuts_count,CG_sp_time_taken_mean,converged,time_limit_reached,ngroute_neighborhood_size,CGIP_objective,CGLP_objective,cycles_lookup_length
14.969,use_adaptive_ngroute,0.38394591545022216,0,0.35300000000000004,false,false,7.000000000000001,3.0856e6,1.9008964832867945e6,37
56.05,use_adaptive_ngroute,0.08343443036737108,0,2.618333333333333,false,false,10.85,2.127494e6,1.9499877500000002e6,7
28.491,use_adaptive_ngroute,0.07910320868206999,0,2.8088,false,false,11.674999999999999,2.127494e6,1.959202398148148e6,5
16.9,use_adaptive_ngroute,0.07893786461129082,0,2.361285714285714,false,false,12.3,2.127494e6,1.9595541666666665e6,4
18.533,use_adaptive_ngroute,0.07864077911114475,0,2.2685,false,false,12.424999999999999,2.127494e6,1.9601862142857143e6,1
4.698,use_adaptive_ngroute,0.07859017855436179,0,2.297,false,false,12.45,2.127494e6,1.9602938666666667e6,1
6.029,use_SR3_cuts,0.07858706064505938,4,2.9709999999999996,false,false,12.524999999999999,2.127494e6,1.9603005e6,0
150.898,none,0.0,0,18.800250000000002,true,false,12.524999999999999,1.973074e6,1.973074e6,0
