CG_time_taken,method,CG_LP_IP_gap,implemented_SR3_cuts_count,CG_sp_time_taken_mean,converged,time_limit_reached,ngroute_neighborhood_size,CGIP_objective,CGLP_objective,cycles_lookup_length
10.616,use_adaptive_ngroute,0.9999695441606858,0,0.28934482758620683,false,false,7.000000000000001,6.0e10,1.8273503588516747e6,36
52.883,use_adaptive_ngroute,0.10418103569510884,0,2.5759499999999997,false,false,9.85,2.147092e6,1.9234057317073173e6,18
43.841,use_adaptive_ngroute,0.036847431266787356,0,4.329599999999999,false,false,11.6,2.01759e6,1.9432469911504425e6,5
47.857,use_SR3_cuts,0.036461127660910586,11,5.275555555555555,false,false,11.8,2.01759e6,1.9440263934426233e6,0
1569.245,use_adaptive_ngroute,0.007810336119982608,0,195.94575000000003,false,false,11.8,1.97438e6,1.9589594285714286e6,4
218.704,use_SR3_cuts,0.0077747372412028115,1,109.2175,false,false,11.975,1.97438e6,1.959029714285714e6,0
412.098,use_SR3_cuts,0.007650791448582939,4,102.91025,false,false,11.975,1.97438e6,1.9592744303797467e6,0
711.836,use_adaptive_ngroute,0.007380544778614051,0,177.84074999999999,false,false,11.975,1.97438e6,1.959808e6,4
515.441,none,0.007380544778615827,0,209.14749999999998,false,true,12.075,1.97438e6,1.9598079999999965e6,0
