CG_time_taken,method,CG_LP_IP_gap,implemented_SR3_cuts_count,CG_sp_time_taken_mean,converged,time_limit_reached,ngroute_neighborhood_size,CGIP_objective,CGLP_objective,cycles_lookup_length
9.114,use_adaptive_ngroute,0.9999669476582089,0,0.24841379310344824,false,false,7.000000000000001,6.0e10,1.9831405074651567e6,31
15.634,use_adaptive_ngroute,0.11358578370115646,0,1.0028000000000001,false,false,9.1,2.342062e6,2.0760370522533022e6,21
10.481,use_adaptive_ngroute,0.11050505001797406,0,2.0502000000000002,false,false,11.375,2.342062e6,2.0832523215448037e6,8
8.992,use_adaptive_ngroute,0.11018324284801628,0,2.9473333333333334,false,false,11.65,2.342062e6,2.0840060138888892e6,5
5.646,use_adaptive_ngroute,0.1101832428480164,0,2.7684999999999995,false,false,12.175,2.342062e6,2.084006013888889e6,1
2.27,use_SR3_cuts,0.11018324284801628,16,2.208,false,false,12.325,2.342062e6,2.0840060138888892e6,0
417.488,use_adaptive_ngroute,0.07594938372915083,0,59.507000000000005,false,false,12.325,2.27011e6,2.0976965445026173e6,1
122.414,use_adaptive_ngroute,0.07512552481078227,0,40.719666666666676,false,false,12.35,2.27011e6,2.099566794871795e6,3
77.429,use_SR3_cuts,0.07505715582064265,5,38.599500000000006,false,false,12.475,2.27011e6,2.099722000000001e6,0
2891.639,none,0.06803613159726485,0,2305.537,false,true,12.475,2.27011e6,2.115660497299733e6,0
