CG_time_taken,method,CG_LP_IP_gap,implemented_SR3_cuts_count,CG_sp_time_taken_mean,converged,time_limit_reached,ngroute_neighborhood_size,CGIP_objective,CGLP_objective,cycles_lookup_length
20.048,use_adaptive_ngroute,0.999970882225423,0,0.4093055555555556,false,false,7.000000000000001,6.0e10,1.7470664746227711e6,39
96.096,use_adaptive_ngroute,0.15138544434602907,0,3.7907599999999992,false,false,9.775,2.16768e6,1.8395247999999998e6,5
39.22,use_adaptive_ngroute,0.15091219456375016,0,3.51290909090909,false,false,10.125,2.16768e6,1.8405506540880501e6,5
27.851,use_SR3_cuts,0.15033258653328474,6,3.0536666666666665,false,false,10.625,2.16768e6,1.8418070588235294e6,0
495.039,use_SR3_cuts,0.14224885591969294,1,41.185583333333334,false,false,10.625,2.16768e6,1.85933e6,0
332.709,use_SR3_cuts,0.10615737553163196,1,47.433428571428564,false,false,10.625,2.082738e6,1.86164e6,0
665.757,use_adaptive_ngroute,0.08230016793848138,0,133.05360000000002,false,false,10.625,2.03646e6,1.8688590000000002e6,4
239.402,use_adaptive_ngroute,0.08219135165925195,0,79.73266666666666,false,false,10.725,2.03646e6,1.8690805999999999e6,5
231.814,use_SR3_cuts,0.08219135165925184,4,77.17933333333333,false,false,11.225,2.03646e6,1.8690806e6,0
1405.808,none,0.08179880773499126,0,526.6255,false,true,11.225,2.03646e6,1.8698799999999998e6,0
