CG_time_taken,method,CG_LP_IP_gap,implemented_SR3_cuts_count,CG_sp_time_taken_mean,converged,time_limit_reached,ngroute_neighborhood_size,CGIP_objective,CGLP_objective,cycles_lookup_length
2.109,use_adaptive_ngroute,0.38813817775149373,0,0.09594444444444444,false,false,5.0,1.914148e6,1.1711940833333337e6,15
1.514,use_adaptive_ngroute,0.13198978781946136,0,0.1409,false,false,5.8500000000000005,1.51192e6,1.312362e6,9
1.012,use_adaptive_ngroute,0.12255894371515563,0,0.1618333333333333,false,false,6.6499999999999995,1.51192e6,1.3266206818181819e6,4
0.438,use_adaptive_ngroute,0.12020727665107012,0,0.21150000000000002,false,false,7.45,1.51192e6,1.330176214285714e6,3
0.835,use_SR3_cuts,0.026503184210757258,4,0.27166666666666667,false,false,7.8999999999999995,1.368628e6,1.3323549999999998e6,0
4.335,use_SR3_cuts,0.00033844732141019573,2,1.0765,false,false,7.8999999999999995,1.359148e6,1.358688e6,0
2.021,none,0.0,0,1.0025,true,false,7.8999999999999995,1.359148e6,1.359148e6,0
