CG_time_taken,method,CG_LP_IP_gap,implemented_SR3_cuts_count,CG_sp_time_taken_mean,converged,time_limit_reached,ngroute_neighborhood_size,CGIP_objective,CGLP_objective,cycles_lookup_length
19.285,use_adaptive_ngroute,0.9999668074798431,0,0.5632068965517242,false,false,6.999999999999999,6.0e10,1.9915512094155843e6,42
63.937,use_adaptive_ngroute,0.20272647971463154,0,3.3160000000000003,false,false,9.727272727272727,2.62912e6,2.096127757652668e6,26
59.221,use_adaptive_ngroute,0.19747076822429066,0,5.886900000000002,false,false,11.613636363636363,2.62912e6,2.109945653846153e6,10
51.585,use_adaptive_ngroute,0.19705193217996053,0,10.2882,false,false,12.931818181818182,2.62912e6,2.111046824067022e6,1
43.522,use_SR3_cuts,0.19705129472979532,15,14.469666666666667,false,false,12.954545454545453,2.62912e6,2.1110485000000005e6,0
2430.444,use_SR3_cuts,0.08141157615021355,8,303.63137500000005,false,false,12.954545454545453,2.31689e6,2.1282683333333316e6,0
882.292,none,0.06692499720350709,0,NaN,false,true,12.954545454545453,2.31689e6,2.1618321432291665e6,0
