CG_time_taken,method,CG_LP_IP_gap,implemented_SR3_cuts_count,CG_sp_time_taken_mean,converged,time_limit_reached,ngroute_neighborhood_size,CGIP_objective,CGLP_objective,cycles_lookup_length
16.67,use_adaptive_ngroute,0.9999660056685123,0,0.5055357142857143,false,false,6.999999999999999,6.0e10,2.0396598892568059e6,41
77.948,use_adaptive_ngroute,0.18815176989279592,0,4.046684210526315,false,false,9.681818181818183,2.60157e6,2.112079999999999e6,11
36.829,use_SR3_cuts,0.18738780813124378,3,5.2128571428571435,false,false,11.136363636363637,2.60157e6,2.1140675e6,0
161.778,use_adaptive_ngroute,0.012125546108062712,0,20.17575,false,false,11.136363636363637,2.14603e6,2.120008214285714e6,6
108.972,use_adaptive_ngroute,0.010503621550734143,0,27.19625,false,false,11.522727272727273,2.14603e6,2.123488913043478e6,4
113.106,use_SR3_cuts,0.010495054916614843,14,28.23125,false,false,11.795454545454545,2.14603e6,2.123507297297297e6,0
2316.017,use_SR3_cuts,0.008331582037529595,2,330.3841428571429,false,false,11.795454545454545,2.14603e6,2.1281501750000003e6,0
739.997,none,0.007352713082829032,0,NaN,false,true,11.795454545454545,2.14603e6,2.1302508571428563e6,0
