CG_time_taken,method,CG_LP_IP_gap,implemented_SR3_cuts_count,CG_sp_time_taken_mean,converged,time_limit_reached,ngroute_neighborhood_size,CGIP_objective,CGLP_objective,cycles_lookup_length
30.823,use_adaptive_ngroute,0.9999656433198618,0,0.6865277777777777,false,false,6.999999999999999,6.0e10,2.0614008082915503e6,39
66.075,use_adaptive_ngroute,0.07699631798157314,0,3.2322,false,false,10.159090909090908,2.34074e6,2.1605116386478124e6,34
94.561,use_adaptive_ngroute,0.06912004451134701,0,8.541636363636364,false,false,13.840909090909092,2.34074e6,2.1789479470105097e6,13
52.841,use_adaptive_ngroute,0.06567851980437645,0,13.15475,false,false,14.477272727272727,2.33592e6,2.182500232018561e6,7
54.183,use_adaptive_ngroute,0.06560480883001951,0,17.99833333333333,false,false,14.681818181818182,2.33592e6,2.182672414957781e6,1
41.149,use_SR3_cuts,0.06558196548785888,12,13.681000000000001,false,false,14.704545454545453,2.33592e6,2.182725775177601e6,0
3235.558,none,0.06228470278125586,0,488.5313333333333,false,true,14.704545454545453,2.33592e6,2.190427917079209e6,0
