CG_time_taken,method,CG_LP_IP_gap,implemented_SR3_cuts_count,CG_sp_time_taken_mean,converged,time_limit_reached,ngroute_neighborhood_size,CGIP_objective,CGLP_objective,cycles_lookup_length
10.909,use_adaptive_ngroute,0.9999658851309411,0,0.2743125,false,false,6.999999999999999,6.0e10,2.0468921435374152e6,42
20.821,use_adaptive_ngroute,0.311210681413954,0,1.0986111111111112,false,false,9.886363636363637,3.13164e6,2.157040181656805e6,17
11.887,use_adaptive_ngroute,0.26717092184984415,0,1.9296666666666669,false,false,11.09090909090909,2.94991e6,2.161779825925926e6,7
6.861,use_adaptive_ngroute,0.26653513923818306,0,1.66225,false,false,11.318181818181818,2.94991e6,2.1636553274098914e6,1
3.854,use_SR3_cuts,0.1903202300635115,20,1.8555,false,false,11.363636363636363,2.6723e6,2.163707249201278e6,0
3447.945,none,0.15193631685486297,0,NaN,false,true,11.363636363636363,2.6723e6,2.2662805804687496e6,0
