CG_time_taken,method,CG_LP_IP_gap,implemented_SR3_cuts_count,CG_sp_time_taken_mean,converged,time_limit_reached,ngroute_neighborhood_size,CGIP_objective,CGLP_objective,cycles_lookup_length
18.736,use_adaptive_ngroute,0.9999650118911504,0,0.5041612903225807,false,false,6.999999999999999,6.0e10,2.099286530975107e6,33
23.452,use_adaptive_ngroute,0.16442895564225912,0,1.3824375000000002,false,false,10.0,2.6399e6,2.205824e6,16
17.055,use_adaptive_ngroute,0.16323776392945888,0,2.1015,false,false,11.09090909090909,2.6399e6,2.2089686270026215e6,2
7.719,use_SR3_cuts,0.1631404074692241,15,2.544666666666667,false,false,11.181818181818182,2.6399e6,2.2092256383219953e6,0
864.89,use_adaptive_ngroute,0.05940436022953033,0,107.92125,false,false,11.181818181818182,2.387568e6,2.245736050455501e6,6
673.009,use_adaptive_ngroute,0.05862336861972939,0,168.15275,false,false,11.5,2.387568e6,2.24760072103133e6,8
913.036,use_SR3_cuts,0.058391401239722196,7,304.23100000000005,false,false,11.795454545454545,2.387568e6,2.248154558924879e6,0
1010.808,none,0.009069010473938488,0,334.853,false,true,11.795454545454545,2.27535e6,2.254714827018124e6,0
