CG_time_taken,method,CG_LP_IP_gap,implemented_SR3_cuts_count,CG_sp_time_taken_mean,converged,time_limit_reached,ngroute_neighborhood_size,CGIP_objective,CGLP_objective,cycles_lookup_length
22.932,use_adaptive_ngroute,0.9999656760575754,0,0.6229677419354839,false,false,6.999999999999999,6.0e10,2.059436545475638e6,44
54.585,use_adaptive_ngroute,0.07706953912192793,0,2.3077391304347827,false,false,11.5,2.28407e6,2.108037777777778e6,16
90.917,use_adaptive_ngroute,0.05885630715175405,0,5.626875,false,false,13.25,2.25632e6,2.1235213370473543e6,11
49.594,use_adaptive_ngroute,0.05837133255180671,0,7.01942857142857,false,false,13.75,2.25632e6,2.1246155949367075e6,9
47.349,use_SR3_cuts,0.057886365380099614,8,7.828333333333333,false,false,14.25,2.25632e6,2.1257098360655736e6,0
1100.711,use_adaptive_ngroute,0.0515886714566649,0,183.17033333333333,false,false,14.25,2.25632e6,2.139919448818898e6,9
252.336,use_SR3_cuts,0.05155835778885709,6,83.97766666666668,false,false,14.659090909090908,2.25632e6,2.139987846153846e6,0
919.662,use_SR3_cuts,0.046308621245649384,4,131.19642857142856,false,false,14.659090909090908,2.248225e6,2.1441128e6,0
997.988,none,0.03264724335493563,0,421.6555,false,true,14.659090909090908,2.218125e6,2.1457093333333335e6,0
