CG_time_taken,method,CG_LP_IP_gap,implemented_SR3_cuts_count,CG_sp_time_taken_mean,converged,time_limit_reached,ngroute_neighborhood_size,CGIP_objective,CGLP_objective,cycles_lookup_length
18.61,use_adaptive_ngroute,0.9999707955757323,0,0.48646428571428574,false,false,6.999999999999999,6.0e10,1.7522654560606063e6,44
200.92,use_adaptive_ngroute,0.20990728670242698,0,9.060681818181818,false,false,12.886363636363637,2.33965e6,1.8485404166666667e6,21
188.861,use_adaptive_ngroute,0.20846629685148255,0,23.53775,false,false,14.81818181818182,2.33965e6,1.8519118285714288e6,4
151.664,use_SR3_cuts,0.2075096702498237,5,16.786777777777782,false,false,14.931818181818183,2.33965e6,1.85415e6,0
2314.08,use_adaptive_ngroute,0.11862702168144412,0,231.23220000000006,false,false,14.931818181818183,2.144399e6,1.890015333333333e6,8
599.902,none,0.11853295080648252,0,366.47200000000004,false,true,15.227272727272728,2.144399e6,1.8902170588235296e6,0
