CG_time_taken,method,CG_LP_IP_gap,implemented_SR3_cuts_count,CG_sp_time_taken_mean,converged,time_limit_reached,ngroute_neighborhood_size,CGIP_objective,CGLP_objective,cycles_lookup_length
18.946,use_adaptive_ngroute,0.9999657395454778,0,0.4992424242424242,false,false,6.999999999999999,6.0e10,2.0556272713313815e6,40
92.707,use_adaptive_ngroute,0.11917027491300336,0,3.641399999999999,false,false,9.931818181818182,2.42286e6,2.1341271077242806e6,27
176.268,use_adaptive_ngroute,0.11257260930486923,0,17.574499999999997,false,false,12.15909090909091,2.42286e6,2.1501123278196044e6,15
126.187,use_adaptive_ngroute,0.11093352139624213,0,15.731124999999999,false,false,13.159090909090908,2.42286e6,2.1540836083499007e6,8
120.348,use_adaptive_ngroute,0.1108210392183967,0,20.026666666666667,false,false,13.409090909090908,2.42286e6,2.1543561369193154e6,1
96.159,use_adaptive_ngroute,0.11079103975113258,0,23.992,false,false,13.431818181818182,2.42286e6,2.154428821428571e6,1
75.551,use_SR3_cuts,0.11079093840104448,13,25.124666666666666,false,false,13.454545454545455,2.42286e6,2.1544290669856453e6,0
2624.215,use_adaptive_ngroute,0.1007991646859262,0,291.39977777777784,false,false,13.454545454545455,2.42286e6,2.178637735849057e6,2
224.492,none,0.1007770720727178,0,NaN,false,true,13.5,2.42286e6,2.178691263157895e6,0
