CG_time_taken,method,CG_LP_IP_gap,implemented_SR3_cuts_count,CG_sp_time_taken_mean,converged,time_limit_reached,ngroute_neighborhood_size,CGIP_objective,CGLP_objective,cycles_lookup_length
26.007,use_adaptive_ngroute,0.38444848628327843,0,0.643375,false,false,6.999999999999999,3.16378e6,1.9474695680666894e6,40
104.227,use_adaptive_ngroute,0.11887294086995659,0,5.726555555555556,false,false,10.568181818181818,2.25176e6,1.9840866666666665e6,13
20.902,use_SR3_cuts,0.11794176353365604,5,4.1214,false,false,11.75,2.25176e6,1.9861834545454546e6,0
279.835,use_adaptive_ngroute,0.11586936440828521,0,55.88100000000001,false,false,11.75,2.25176e6,1.9908499999999998e6,5
265.715,use_adaptive_ngroute,0.11565375528475508,0,66.35875,false,false,12.136363636363637,2.25176e6,1.9913355e6,4
379.02,use_adaptive_ngroute,0.11546262196520207,0,94.69375,false,false,12.386363636363637,2.25176e6,1.9917658863636367e6,2
88.754,use_SR3_cuts,0.11545260228627297,3,44.294500000000006,false,false,12.454545454545453,2.25176e6,1.991788448275862e6,0
727.236,use_adaptive_ngroute,0.11504621652123415,0,145.3478,false,false,12.454545454545453,2.25176e6,1.992703531486146e6,7
1362.598,use_SR3_cuts,0.11502117074136287,7,340.57,false,false,13.022727272727273,2.25176e6,1.9927599285714286e6,0
253.887,none,0.11345092900170928,0,NaN,false,true,13.022727272727273,2.25176e6,1.996295736111111e6,0
