CG_time_taken,method,CG_LP_IP_gap,implemented_SR3_cuts_count,CG_sp_time_taken_mean,converged,time_limit_reached,ngroute_neighborhood_size,CGIP_objective,CGLP_objective,cycles_lookup_length
16.312,use_adaptive_ngroute,0.9999652966362125,0,0.43990625000000005,false,false,6.999999999999999,6.0e10,2.0822018272494182e6,41
94.506,use_adaptive_ngroute,0.21472993578216093,0,4.925684210526316,false,false,11.15909090909091,2.718506e6,2.134761381196581e6,15
46.993,use_adaptive_ngroute,0.21307288129950863,0,7.7995,false,false,12.318181818181818,2.718506e6,2.139266093749998e6,4
61.266,use_SR3_cuts,0.21288597267025855,16,7.625375,false,false,12.522727272727273,2.718506e6,2.139774205980066e6,0
3354.017,none,0.10211201713707319,0,2046.319,false,true,12.522727272727273,2.472712e6,2.2202183898809534e6,0
