CG_time_taken,method,CG_LP_IP_gap,implemented_SR3_cuts_count,CG_sp_time_taken_mean,converged,time_limit_reached,ngroute_neighborhood_size,CGIP_objective,CGLP_objective,cycles_lookup_length
1.986,use_adaptive_ngroute,0.36773913100866484,0,0.08363157894736842,false,false,5.0,1.79073e6,1.1322085059288535e6,10
0.712,use_adaptive_ngroute,0.08545677027897869,0,0.05499999999999999,false,false,6.35,1.38111e6,1.2630847999999998e6,7
0.579,use_adaptive_ngroute,0.07412636695604735,0,0.07228571428571429,false,false,6.9,1.38111e6,1.2787333333333335e6,3
0.31,use_adaptive_ngroute,0.07349824899295987,0,0.06675,false,false,7.45,1.38111e6,1.2796008333333333e6,5
0.234,use_SR3_cuts,0.07031542261900448,3,0.068,false,false,7.75,1.38111e6,1.2839966666666667e6,0
2.4,none,0.06302539261898044,0,0.5875,false,false,7.75,1.38111e6,1.294065e6,0
