CG_time_taken,method,CG_LP_IP_gap,implemented_SR3_cuts_count,CG_sp_time_taken_mean,converged,time_limit_reached,ngroute_neighborhood_size,CGIP_objective,CGLP_objective,cycles_lookup_length
17.528,use_adaptive_ngroute,0.9999629858160851,0,0.43220588235294116,false,false,6.999999999999999,6.0e10,2.220851034892193e6,39
38.568,use_adaptive_ngroute,0.16210461992164193,0,1.626695652173913,false,false,8.613636363636363,2.71828e6,2.277634253759399e6,16
21.801,use_adaptive_ngroute,0.1594490401641495,0,2.1375,false,false,9.727272727272727,2.71828e6,2.284852863102596e6,14
21.42,use_adaptive_ngroute,0.15621226771339758,0,3.024714285714286,false,false,10.636363636363635,2.71828e6,2.2936513169200257e6,7
16.407,use_adaptive_ngroute,0.15606192150918963,0,3.241,false,false,11.0,2.71828e6,2.29406e6,1
12.715,use_SR3_cuts,0.15596500639218847,13,3.1412500000000003,false,false,11.045454545454545,2.71828e6,2.294323442424242e6,0
2591.206,use_SR3_cuts,0.05801127565023667,2,369.6037142857144,false,false,11.045454545454545,2.45186e6,2.309624473684211e6,0
844.409,none,0.047154647571661656,0,237.42933333333335,false,true,11.045454545454545,2.42554e6,2.311164516129032e6,0
