CG_time_taken,method,CG_LP_IP_gap,implemented_SR3_cuts_count,CG_sp_time_taken_mean,converged,time_limit_reached,ngroute_neighborhood_size,CGIP_objective,CGLP_objective,cycles_lookup_length
19.399,use_adaptive_ngroute,0.9999658272729672,0,0.46376470588235297,false,false,6.999999999999999,6.0e10,2.0503636219656605e6,42
77.171,use_adaptive_ngroute,0.07728778726902308,0,3.1529166666666675,false,false,10.772727272727273,2.284e6,2.1074746938775512e6,4
52.977,use_adaptive_ngroute,0.07725541705298589,0,5.827555555555555,false,false,11.136363636363637,2.284e6,2.1075486274509802e6,3
40.221,use_SR3_cuts,0.07719108776026451,4,6.650333333333333,false,false,11.227272727272727,2.284e6,2.107695555555556e6,0
162.647,use_SR3_cuts,0.02038179126531736,2,32.456,false,false,11.227272727272727,2.157514e6,2.11354e6,0
285.586,none,0.0,0,57.04659999999999,true,false,11.227272727272727,2.11625e6,2.11625e6,0
