CG_time_taken,method,CG_LP_IP_gap,implemented_SR3_cuts_count,CG_sp_time_taken_mean,converged,time_limit_reached,ngroute_neighborhood_size,CGIP_objective,CGLP_objective,cycles_lookup_length
23.801,use_adaptive_ngroute,0.9999676917694283,0,0.4081521739130436,false,false,6.999999999999999,6.0e10,1.9384938343012007e6,33
52.969,use_adaptive_ngroute,0.251459069702038,0,2.04796,false,false,8.863636363636363,2.77909e6,2.0802626139817631e6,19
30.792,use_adaptive_ngroute,0.23095485574326624,0,3.7913750000000004,false,false,10.681818181818182,2.71566e6,2.0884651364522416e6,5
13.648,use_adaptive_ngroute,0.23081567410169046,0,4.514666666666667,false,false,10.818181818181818,2.71566e6,2.0888431064690033e6,1
15.176,use_SR3_cuts,0.1892833073060659,17,5.017333333333332,false,false,10.954545454545455,2.576546e6,2.088848851693785e6,0
1433.827,use_adaptive_ngroute,0.12425763679870283,0,179.04975,false,false,10.954545454545455,2.41009e6,2.1106179121278143e6,3
189.843,use_SR3_cuts,0.12358878755984659,10,47.36225,false,false,11.022727272727273,2.41009e6,2.1122298989898893e6,0
1745.134,none,0.11713741396238364,0,NaN,false,true,11.022727272727273,2.41009e6,2.1277782899833987e6,0
