CG_time_taken,method,CG_LP_IP_gap,implemented_SR3_cuts_count,CG_sp_time_taken_mean,converged,time_limit_reached,ngroute_neighborhood_size,CGIP_objective,CGLP_objective,cycles_lookup_length
17.601,use_adaptive_ngroute,0.9999624018817891,0,0.42160606060606065,false,false,6.999999999999999,6.0e10,2.255887092651758e6,35
21.18,use_adaptive_ngroute,0.9999612987097598,0,1.1290555555555555,false,false,8.659090909090908,6.0e10,2.322077414414414e6,26
20.124,use_adaptive_ngroute,0.9999611404561217,0,1.6285833333333335,false,false,10.431818181818182,6.0e10,2.3315726326944344e6,13
22.509,use_adaptive_ngroute,0.9999610531640173,0,2.452,false,false,11.295454545454545,6.0e10,2.3368101589595373e6,4
13.85,use_adaptive_ngroute,0.9999610513963415,0,3.4215,false,false,11.636363636363637,6.0e10,2.3369162195121953e6,2
8.931,use_SR3_cuts,0.99996105,10,2.938,false,false,11.886363636363637,6.0e10,2.337e6,0
775.453,use_adaptive_ngroute,0.11768512721263258,0,96.732375,false,false,11.886363636363637,2.711054e6,2.3920032651296835e6,10
323.158,use_adaptive_ngroute,0.11662897697554309,0,64.51219999999999,false,false,12.5,2.711054e6,2.394866545454546e6,1
113.401,use_SR3_cuts,0.1166028579205356,11,56.5675,false,false,12.545454545454545,2.711054e6,2.3949373556231004e6,0
2114.303,none,0.0393648582966597,0,483.13425,false,true,12.545454545454545,2.50596e6,2.4073132397029027e6,0
