CG_time_taken,method,CG_LP_IP_gap,implemented_SR3_cuts_count,CG_sp_time_taken_mean,converged,time_limit_reached,ngroute_neighborhood_size,CGIP_objective,CGLP_objective,cycles_lookup_length
19.191,use_adaptive_ngroute,0.9999667918253998,0,0.4660606060606061,false,false,6.999999999999999,6.0e10,1.9924904760127936e6,35
51.974,use_adaptive_ngroute,0.2140432187084822,0,2.6680526315789477,false,false,10.159090909090908,2.611428e6,2.0524695454545456e6,11
40.568,use_SR3_cuts,0.21340927281741995,12,5.0125,false,false,10.75,2.611428e6,2.0541250495049506e6,0
2047.148,use_adaptive_ngroute,0.10367145540346057,0,227.17633333333333,false,false,10.75,2.332628e6,2.0908010603251366e6,12
1363.295,none,0.10290762677456788,0,268.0224,false,true,12.15909090909091,2.332628e6,2.0925827883720933e6,0
