CG_time_taken,method,CG_LP_IP_gap,implemented_SR3_cuts_count,CG_sp_time_taken_mean,converged,time_limit_reached,ngroute_neighborhood_size,CGIP_objective,CGLP_objective,cycles_lookup_length
15.343,use_adaptive_ngroute,0.9999651869748931,0,0.42234482758620695,false,false,6.999999999999999,6.0e10,2.0887815064102558e6,32
29.307,use_adaptive_ngroute,0.21065356872727947,0,1.204304347826087,false,false,8.295454545454545,2.67472e6,2.111280686653771e6,22
12.57,use_adaptive_ngroute,0.20889765730075827,0,1.51275,false,false,10.40909090909091,2.67472e6,2.115977258064516e6,5
10.404,use_adaptive_ngroute,0.18950519470295635,0,2.0218,false,false,11.068181818181818,2.6111e6,2.1162829861111105e6,6
15.064,use_SR3_cuts,0.18942663053885334,13,1.8326250000000002,false,false,11.204545454545455,2.6111e6,2.116488125e6,0
884.257,use_adaptive_ngroute,0.06937444164894369,0,88.03449999999998,false,false,11.204545454545455,2.30783e6,2.1477255823293184e6,11
410.058,use_SR3_cuts,0.06870682271513351,13,45.431222222222225,false,false,11.818181818181818,2.30783e6,2.1492663333333335e6,0
2141.97,none,0.04416662445292907,0,706.3496666666666,false,true,11.818181818181818,2.26122e6,2.1613495454545477e6,0
