CG_time_taken,method,CG_LP_IP_gap,implemented_SR3_cuts_count,CG_sp_time_taken_mean,converged,time_limit_reached,ngroute_neighborhood_size,CGIP_objective,CGLP_objective,cycles_lookup_length
15.911,use_adaptive_ngroute,0.9999657771344234,0,0.4123103448275862,false,false,6.999999999999999,6.0e10,2.0533719345984005e6,44
128.416,use_adaptive_ngroute,0.1100111944385258,0,5.51508695652174,false,false,11.931818181818182,2.379364e6,2.1176073243559715e6,23
92.103,use_adaptive_ngroute,0.10209162797172544,0,11.465250000000001,false,false,14.09090909090909,2.36188e6,2.120751825726141e6,3
43.055,use_adaptive_ngroute,0.1020269134314975,0,8.566,false,false,14.431818181818183,2.36188e6,2.1209046737044146e6,7
38.409,use_SR3_cuts,0.102005525313133,10,9.543249999999999,false,false,14.840909090909092,2.36188e6,2.1209551898734174e6,0
1677.45,use_SR3_cuts,0.04135923036101463,2,209.44687500000003,false,false,14.840909090909092,2.22527e6,2.133234545454545e6,0
1555.896,none,0.01757562389329015,0,632.2405,false,true,14.840909090909092,2.17612e6,2.1378733333333335e6,0
