CG_time_taken,method,CG_LP_IP_gap,implemented_SR3_cuts_count,CG_sp_time_taken_mean,converged,time_limit_reached,ngroute_neighborhood_size,CGIP_objective,CGLP_objective,cycles_lookup_length
23.245,use_adaptive_ngroute,0.9999639753475232,0,0.5277777777777777,false,false,6.999999999999999,6.0e10,2.161479148606811e6,41
119.795,use_adaptive_ngroute,0.1872031885689951,0,5.130913043478262,false,false,11.136363636363637,2.718481e6,2.2095726887357696e6,28
96.686,use_adaptive_ngroute,0.13908597317887228,0,12.038124999999999,false,false,13.340909090909092,2.57679e6,2.2183946551724137e6,4
33.244,use_SR3_cuts,0.13907315276838006,13,16.578500000000002,false,false,13.704545454545455,2.57679e6,2.218427690677966e6,0
1534.944,use_adaptive_ngroute,0.11969432026986493,0,153.2949,false,false,13.704545454545455,2.55208e6,2.2466105191256832e6,3
697.33,use_adaptive_ngroute,0.1081677125024022,0,174.22050000000002,false,false,13.772727272727272,2.5196e6,2.2470606315789474e6,5
486.204,use_SR3_cuts,0.10801293760531905,6,161.90666666666667,false,false,13.931818181818182,2.5196e6,2.247450602409638e6,0
431.676,none,0.0973022176688696,0,NaN,false,true,13.931818181818182,2.5196e6,2.274437332361516e6,0
