CG_time_taken,method,CG_LP_IP_gap,implemented_SR3_cuts_count,CG_sp_time_taken_mean,converged,time_limit_reached,ngroute_neighborhood_size,CGIP_objective,CGLP_objective,cycles_lookup_length
28.51,use_adaptive_ngroute,0.9999636207327259,0,0.7158125000000001,false,false,6.999999999999999,6.0e10,2.182756036443957e6,38
54.167,use_adaptive_ngroute,0.12276781073542409,0,3.308875,false,false,9.25,2.519036e6,2.20977946511628e6,14
48.907,use_adaptive_ngroute,0.12076222525487634,0,4.007083333333333,false,false,11.113636363636363,2.519036e6,2.2148316071428573e6,11
43.159,use_adaptive_ngroute,0.1198919095237605,0,7.148166666666667,false,false,13.0,2.519036e6,2.2170239638009043e6,9
16.863,use_SR3_cuts,0.11988845468398723,11,5.579333333333334,false,false,13.204545454545455,2.519036e6,2.2170326666666674e6,0
1160.223,use_adaptive_ngroute,0.07075687380841489,0,144.826,false,false,13.204545454545455,2.40389e6,2.2337982586206896e6,1
306.394,use_SR3_cuts,0.07062848193938764,8,101.98166666666667,false,false,13.227272727272728,2.40389e6,2.2341068985507255e6,0
1826.674,none,0.0674854448069474,0,793.7995000000001,false,true,13.227272727272728,2.40389e6,2.2416624140830273e6,0
