CG_time_taken,method,CG_LP_IP_gap,implemented_SR3_cuts_count,CG_sp_time_taken_mean,converged,time_limit_reached,ngroute_neighborhood_size,CGIP_objective,CGLP_objective,cycles_lookup_length
31.016,use_adaptive_ngroute,0.9999646144706349,0,0.6563513513513515,false,false,6.999999999999999,6.0e10,2.123131761904762e6,24
11.299,use_adaptive_ngroute,0.13362440519637753,0,0.7062,false,false,7.818181818181818,2.55213e6,2.211103146766169e6,17
10.033,use_adaptive_ngroute,0.1313625578292028,0,1.076888888888889,false,false,9.431818181818182,2.55213e6,2.2168756752873566e6,10
10.36,use_adaptive_ngroute,0.1307687914393868,0,1.4401428571428574,false,false,10.636363636363635,2.55213e6,2.2183910443037977e6,5
7.016,use_adaptive_ngroute,0.1306725417410115,0,1.3605999999999998,false,false,11.0,2.55213e6,2.2186366860465123e6,3
4.195,use_SR3_cuts,0.13066446157041078,18,2.0420000000000003,false,false,11.295454545454545,2.55213e6,2.2186573076923075e6,0
3031.881,use_adaptive_ngroute,0.003223179124831055,0,302.7959,false,false,11.295454545454545,2.29634e6,2.2889384848484853e6,7
471.633,none,0.003223179124831277,0,370.03200000000004,false,true,11.545454545454545,2.29634e6,2.288938484848485e6,0
