CG_time_taken,method,CG_LP_IP_gap,implemented_SR3_cuts_count,CG_sp_time_taken_mean,converged,time_limit_reached,ngroute_neighborhood_size,CGIP_objective,CGLP_objective,cycles_lookup_length
23.717,use_adaptive_ngroute,0.9999689457062004,0,0.599032258064516,false,false,6.999999999999999,6.0e10,1.8632576279761905e6,43
76.773,use_adaptive_ngroute,0.14814857312562457,0,2.896076923076923,false,false,10.40909090909091,2.22234e6,1.8931034999999995e6,18
39.816,use_adaptive_ngroute,0.14449565065908643,0,4.9350000000000005,false,false,11.818181818181818,2.22234e6,1.901221535714286e6,3
60.352,use_SR3_cuts,0.1419958804683351,12,5.9928,false,false,11.886363636363637,2.22234e6,1.9067768750000002e6,0
3174.969,use_SR3_cuts,0.007744201737619583,5,352.3041111111111,false,false,11.886363636363637,1.97243e6,1.957155104166667e6,0
202.873,none,0.002358624753335925,0,NaN,false,true,11.886363636363637,1.97243e6,1.9677777777777775e6,0
