CG_time_taken,method,CG_LP_IP_gap,implemented_SR3_cuts_count,CG_sp_time_taken_mean,converged,time_limit_reached,ngroute_neighborhood_size,CGIP_objective,CGLP_objective,cycles_lookup_length
31.896,use_adaptive_ngroute,0.9999664854926357,0,0.7738787878787878,false,false,6.999999999999999,6.0e10,2.0108704418571433e6,36
76.951,use_adaptive_ngroute,0.18199795636019034,0,4.998399999999998,false,false,9.681818181818183,2.48178e6,2.0301011118644068e6,22
95.548,use_adaptive_ngroute,0.16198051925921364,0,7.870166666666669,false,false,11.59090909090909,2.44515e6,2.0490833333333337e6,1
62.685,use_adaptive_ngroute,0.16134109280695386,0,8.886285714285714,false,false,11.704545454545455,2.44515e6,2.0506468269230768e6,2
23.759,use_SR3_cuts,0.16125697809950323,7,7.843,false,false,11.886363636363637,2.44515e6,2.0508524999999998e6,0
1112.802,use_adaptive_ngroute,0.08543724154341803,0,138.92075000000003,false,false,11.886363636363637,2.286134e6,2.0908130172413795e6,10
349.461,use_SR3_cuts,0.08189129783789428,11,69.7136,false,false,12.386363636363637,2.277672e6,2.0911504838709678e6,0
1739.315,none,0.07675881612892299,0,NaN,false,true,12.386363636363637,2.277672e6,2.1028405937500037e6,0
