CG_time_taken,method,CG_LP_IP_gap,implemented_SR3_cuts_count,CG_sp_time_taken_mean,converged,time_limit_reached,ngroute_neighborhood_size,CGIP_objective,CGLP_objective,cycles_lookup_length
20.223,use_adaptive_ngroute,0.9999670917477729,0,0.6063928571428571,false,false,6.999999999999999,6.0e10,1.9744951336307796e6,39
57.094,use_adaptive_ngroute,0.12356851643813238,0,2.9333157894736837,false,false,9.181818181818182,2.31929e6,2.032698775510204e6,13
45.321,use_adaptive_ngroute,0.12050088982918439,0,5.619250000000001,false,false,10.113636363636363,2.31929e6,2.039813491228071e6,7
36.195,use_SR3_cuts,0.12050088982918461,9,7.1854,false,false,10.568181818181818,2.31929e6,2.0398134912280703e6,0
720.82,use_adaptive_ngroute,0.11497633671668162,0,102.79828571428571,false,false,10.568181818181818,2.31816e6,2.0516264552768574e6,5
200.433,use_SR3_cuts,0.1147799309283446,7,50.0115,false,false,10.772727272727273,2.31816e6,2.0520817553191488e6,0
1943.495,use_adaptive_ngroute,0.11081522230144947,0,388.57460000000003,false,false,10.772727272727273,2.31816e6,2.061272584269672e6,4
515.699,none,0.11068769801046296,0,338.908,false,true,11.09090909090909,2.31816e6,2.0615682059800653e6,0
