CG_time_taken,method,CG_LP_IP_gap,implemented_SR3_cuts_count,CG_sp_time_taken_mean,converged,time_limit_reached,ngroute_neighborhood_size,CGIP_objective,CGLP_objective,cycles_lookup_length
11.436,use_adaptive_ngroute,0.9999610975572308,0,0.2983666666666667,false,false,6.999999999999999,6.0e10,2.334146566149916e6,44
84.133,use_adaptive_ngroute,0.10196417951168346,0,3.7506363636363633,false,false,10.90909090909091,2.67174e6,2.3993182230314547e6,16
59.279,use_adaptive_ngroute,0.04427647118266398,0,3.892933333333333,false,false,12.0,2.51942e6,2.407868972972973e6,9
22.057,use_adaptive_ngroute,0.041908219661533574,0,4.357,false,false,12.5,2.51942e6,2.413835593220339e6,7
25.401,use_adaptive_ngroute,0.04137949982517475,0,6.2915,false,false,13.25,2.51942e6,2.4151676605504584e6,7
23.553,use_adaptive_ngroute,0.04123566752629115,0,5.83075,false,false,13.522727272727273,2.51942e6,2.4155300345209115e6,3
11.253,use_SR3_cuts,0.04123566469002127,16,5.5745,false,false,13.613636363636363,2.51942e6,2.4155300416666665e6,0
689.802,use_adaptive_ngroute,0.03173907870546866,0,76.48866666666666,false,false,13.613636363636363,2.51942e6,2.439455930327868e6,1
148.786,use_adaptive_ngroute,0.03154579243747213,0,74.24,false,false,13.636363636363637,2.51942e6,2.439942899617184e6,4
154.3,use_SR3_cuts,0.03153304928171541,8,77.03349999999999,false,false,13.818181818181818,2.51942e6,2.4399750049786605e6,0
2335.049,none,0.02920598863974533,0,769.4993333333333,false,true,13.818181818181818,2.51942e6,2.4458378481012527e6,0
