CG_time_taken,method,CG_LP_IP_gap,implemented_SR3_cuts_count,CG_sp_time_taken_mean,converged,time_limit_reached,ngroute_neighborhood_size,CGIP_objective,CGLP_objective,cycles_lookup_length
19.945,use_adaptive_ngroute,0.9999671316916666,0,0.4173589743589744,false,false,6.999999999999999,6.0e10,1.9720985e6,29
30.575,use_adaptive_ngroute,0.22846732114850976,0,1.2031666666666665,false,false,9.204545454545455,2.65248e6,2.046475000000001e6,30
64.722,use_adaptive_ngroute,0.15041146931160265,0,4.568642857142858,false,false,12.09090909090909,2.423348e6,2.0588486666666663e6,6
47.663,use_adaptive_ngroute,0.14785265615854237,0,6.749,false,false,12.909090909090908,2.423348e6,2.0650495614035088e6,12
29.283,use_adaptive_ngroute,0.14738255838318826,0,5.8216,false,false,13.386363636363637,2.423348e6,2.0661887719072176e6,10
72.962,use_adaptive_ngroute,0.14716528102484394,0,10.378142857142858,false,false,13.840909090909092,2.423348e6,2.0667153105590064e6,6
48.994,use_SR3_cuts,0.14707014545873842,11,12.19175,false,false,14.068181818181818,2.423348e6,2.0669458571428573e6,0
2708.499,use_adaptive_ngroute,0.09631878584127307,0,246.0671818181818,false,false,14.068181818181818,2.32312e6,2.0993599022364216e6,10
520.694,none,0.09591477474089283,0,402.396,false,true,15.204545454545453,2.32312e6,2.100298468503937e6,0
