CG_time_taken,method,CG_LP_IP_gap,implemented_SR3_cuts_count,CG_sp_time_taken_mean,converged,time_limit_reached,ngroute_neighborhood_size,CGIP_objective,CGLP_objective,cycles_lookup_length
20.601,use_adaptive_ngroute,0.9999681295475007,0,0.5769,false,false,6.999999999999999,6.0e10,1.912227149961103e6,43
97.926,use_adaptive_ngroute,0.11509008590465797,0,4.023958333333333,false,false,12.568181818181818,2.24743e6,1.9887730882352944e6,5
23.317,use_SR3_cuts,0.11507210458167794,8,3.8474999999999997,false,false,12.727272727272728,2.24743e6,1.9888134999999995e6,0
737.925,use_adaptive_ngroute,0.01945955613657635,0,105.28914285714285,false,false,12.727272727272728,2.0452e6,2.005401315789474e6,2
321.575,use_adaptive_ngroute,0.019315256035515094,0,80.3145,false,false,12.772727272727273,2.0452e6,2.0056964383561646e6,4
473.286,use_SR3_cuts,0.011475694665816105,8,94.5726,false,false,12.954545454545453,2.029e6,2.005715815523059e6,0
1354.584,use_SR3_cuts,0.010860878838758303,5,338.04625,false,false,12.954545454545453,2.029e6,2.0069632768361594e6,0
543.623,none,0.009205322676162697,0,NaN,false,true,12.954545454545453,2.029e6,2.010322400290066e6,0
