CG_time_taken,method,CG_LP_IP_gap,implemented_SR3_cuts_count,CG_sp_time_taken_mean,converged,time_limit_reached,ngroute_neighborhood_size,CGIP_objective,CGLP_objective,cycles_lookup_length
14.673,use_adaptive_ngroute,0.9999651095261264,0,0.41342857142857137,false,false,6.999999999999999,6.0e10,2.0934284324173029e6,42
20.208,use_adaptive_ngroute,0.2540710550565751,0,1.2860000000000003,false,false,10.318181818181818,2.87115e6,2.141673890274314e6,12
9.963,use_SR3_cuts,0.21424484873045146,13,1.9417999999999995,false,false,11.181818181818182,2.72804e6,2.143571482869379e6,0
660.031,use_SR3_cuts,0.11946224610946643,9,94.017,false,false,11.181818181818182,2.47865e6,2.182544903680771e6,0
1751.683,use_SR3_cuts,0.03735803652424219,6,350.141,false,false,11.181818181818182,2.27684e6,2.1917817281201445e6,0
1072.374,none,0.037171281040306536,0,525.7425,false,true,11.181818181818182,2.27684e6,2.1922069404761884e6,0
