CG_time_taken,method,CG_LP_IP_gap,implemented_SR3_cuts_count,CG_sp_time_taken_mean,converged,time_limit_reached,ngroute_neighborhood_size,CGIP_objective,CGLP_objective,cycles_lookup_length
26.895,use_adaptive_ngroute,0.9999673475020264,0,0.6922727272727274,false,false,6.999999999999999,6.0e10,1.9591498784163476e6,41
73.736,use_adaptive_ngroute,0.20123339248797523,0,4.279529411764706,false,false,10.272727272727272,2.526536e6,2.018112589477001e6,23
88.474,use_adaptive_ngroute,0.17945235524755832,0,11.009000000000002,false,false,12.318181818181818,2.46808e6,2.0251772310606062e6,12
61.637,use_SR3_cuts,0.17915674956897276,15,10.215666666666666,false,false,12.931818181818182,2.46808e6,2.0259068095238097e6,0
3066.249,use_SR3_cuts,0.05348377572345475,3,255.27624999999998,false,false,12.931818181818182,2.151344e6,2.036282e6,0
240.944,none,0.04735721858857789,0,NaN,false,true,12.931818181818182,2.151344e6,2.0494623319327745e6,0
