CG_time_taken,method,CG_LP_IP_gap,implemented_SR3_cuts_count,CG_sp_time_taken_mean,converged,time_limit_reached,ngroute_neighborhood_size,CGIP_objective,CGLP_objective,cycles_lookup_length
19.78,use_adaptive_ngroute,0.9999671713628049,0,0.5853928571428569,false,false,6.999999999999999,6.0e10,1.9697182317091455e6,42
106.958,use_adaptive_ngroute,0.15762953046583095,0,4.5845652173913045,false,false,10.136363636363637,2.419606e6,2.0382046423076927e6,14
48.443,use_adaptive_ngroute,0.15374341798690427,0,5.994375000000001,false,false,11.181818181818182,2.419606e6,2.0476075033783785e6,4
24.429,use_adaptive_ngroute,0.15373361348289982,0,6.035,false,false,11.772727272727273,2.419606e6,2.0476312264150947e6,2
22.659,use_adaptive_ngroute,0.15372996405043982,0,7.475333333333333,false,false,11.818181818181818,2.419606e6,2.0476400566037716e6,2
21.905,use_adaptive_ngroute,0.15372996405043893,0,7.222333333333332,false,false,11.863636363636363,2.419606e6,2.0476400566037737e6,2
8.162,use_adaptive_ngroute,0.15371404995213578,0,8.026,false,false,11.954545454545453,2.419606e6,2.0476785624515126e6,4
39.633,use_SR3_cuts,0.15370945257338764,13,9.831499999999998,false,false,12.75,2.419606e6,2.0476896862967159e6,0
3061.094,none,0.05927946189334066,0,425.46700000000004,false,true,12.75,2.192002e6,2.0620613009708736e6,0
