CG_time_taken,method,CG_LP_IP_gap,implemented_SR3_cuts_count,CG_sp_time_taken_mean,converged,time_limit_reached,ngroute_neighborhood_size,CGIP_objective,CGLP_objective,cycles_lookup_length
13.913,use_adaptive_ngroute,0.2106495372440229,0,0.4034827586206896,false,false,6.999999999999999,2.72876e6,2.15394796875e6,40
63.886,use_adaptive_ngroute,0.14459572686358346,0,3.706470588235294,false,false,11.068181818181818,2.55806e6,2.1881754549393416e6,23
32.366,use_adaptive_ngroute,0.09222796824156254,0,4.571000000000001,false,false,12.454545454545453,2.41822e6,2.1951924826388885e6,4
12.573,use_adaptive_ngroute,0.09154125302449223,0,4.132666666666666,false,false,12.59090909090909,2.41822e6,2.1968531111111124e6,7
20.215,use_SR3_cuts,0.09125839460429575,10,6.6899999999999995,false,false,12.795454545454545,2.41822e6,2.197537125e6,0
1502.569,use_SR3_cuts,0.008797764688113552,10,187.4785,false,false,12.795454545454545,2.25114e6,2.231335e6,0
946.904,none,0.0,0,236.576,true,false,12.795454545454545,2.23245e6,2.23245e6,0
