CG_time_taken,method,CG_LP_IP_gap,implemented_SR3_cuts_count,CG_sp_time_taken_mean,converged,time_limit_reached,ngroute_neighborhood_size,CGIP_objective,CGLP_objective,cycles_lookup_length
21.903,use_adaptive_ngroute,0.9999685207598941,0,0.5007352941176472,false,false,6.999999999999999,6.0e10,1.8887544063573882e6,40
48.513,use_adaptive_ngroute,0.1209542828604403,0,2.785588235294118,false,false,10.204545454545455,2.27012e6,1.9955392633928573e6,9
21.79,use_adaptive_ngroute,0.12068280948119892,0,4.2948,false,false,10.954545454545455,2.27012e6,1.9961555405405406e6,7
16.57,use_SR3_cuts,0.12065802391481661,10,4.0855,false,false,11.40909090909091,2.27012e6,1.9962118067504964e6,0
870.636,use_adaptive_ngroute,0.11550696020202755,0,124.16642857142857,false,false,11.40909090909091,2.27012e6,2.0079053395061733e6,5
293.43,use_adaptive_ngroute,0.11514732053553,0,73.236,false,false,11.59090909090909,2.27012e6,2.0087217647058826e6,2
353.102,use_SR3_cuts,0.11489763914305351,6,88.1545,false,false,11.65909090909091,2.27012e6,2.0092885714285714e6,0
1889.79,none,0.03790780245467229,0,550.7606666666666,false,true,11.65909090909091,2.091768e6,2.012473671874995e6,0
