CG_time_taken,method,CG_LP_IP_gap,implemented_SR3_cuts_count,CG_sp_time_taken_mean,converged,time_limit_reached,ngroute_neighborhood_size,CGIP_objective,CGLP_objective,cycles_lookup_length
1.293,use_adaptive_ngroute,0.3951799090237724,0,0.06237500000000002,false,false,5.0,1.952598e6,1.1809705e6,18
1.287,use_adaptive_ngroute,0.03659638842106294,0,0.10609090909090907,false,false,8.05,1.37915e6,1.328678090909091e6,8
0.593,use_SR3_cuts,0.0330638663307109,8,0.11300000000000002,false,false,8.55,1.37915e6,1.33354996875e6,0
7.469,use_SR3_cuts,0.014767913904610852,1,0.9185000000000001,false,false,8.55,1.36221e6,1.342093e6,0
2.704,use_SR3_cuts,0.0019835414510244176,1,1.3345,false,false,8.55,1.36221e6,1.359508e6,0
3.483,use_adaptive_ngroute,0.0012856559071899865,0,1.1085,false,false,8.55,1.36221e6,1.3604586666666667e6,1
2.4,none,0.0,0,2.098,true,false,8.6,1.36221e6,1.36221e6,0
