CG_time_taken,method,CG_LP_IP_gap,implemented_SR3_cuts_count,CG_sp_time_taken_mean,converged,time_limit_reached,ngroute_neighborhood_size,CGIP_objective,CGLP_objective,cycles_lookup_length
22.911,use_adaptive_ngroute,0.9999630789774145,0,0.5383055555555556,false,false,7.0,6.0e10,2.215261355128205e6,37
62.079,use_adaptive_ngroute,0.169462832002495,0,3.589705882352941,false,false,8.75,2.75615e6,2.2890850155763235e6,24
56.859,use_adaptive_ngroute,0.1689238725214518,0,9.419833333333333,false,false,11.458333333333334,2.75615e6,2.2905704687500005e6,8
38.673,use_adaptive_ngroute,0.1689067066836596,0,12.826333333333332,false,false,12.25,2.75615e6,2.2906177803738317e6,4
88.647,use_adaptive_ngroute,0.1688108131494549,0,12.614714285714287,false,false,12.583333333333334,2.75615e6,2.2908820773381297e6,2
37.595,use_adaptive_ngroute,0.1687316801283003,0,12.465666666666667,false,false,12.625,2.75615e6,2.2911001798143853e6,4
38.831,use_SR3_cuts,0.16859830284613686,14,12.886999999999999,false,false,12.708333333333334,2.75615e6,2.29146778761062e6,0
1529.303,use_adaptive_ngroute,0.08465965975230028,0,152.81619999999998,false,false,12.708333333333334,2.528498e6,2.314436219635628e6,11
783.718,use_adaptive_ngroute,0.08429830955592288,0,156.65940000000003,false,false,13.166666666666666,2.528498e6,2.315349892884468e6,5
820.887,none,0.08425750245973929,0,253.4405,false,true,13.270833333333334,2.528498e6,2.315453073545554e6,0
