CG_time_taken,method,CG_LP_IP_gap,implemented_SR3_cuts_count,CG_sp_time_taken_mean,converged,time_limit_reached,ngroute_neighborhood_size,CGIP_objective,CGLP_objective,cycles_lookup_length
27.21,use_adaptive_ngroute,0.999962783010271,0,0.6123333333333334,false,false,7.0,6.0e10,2.2330193837393564e6,42
103.634,use_adaptive_ngroute,0.2029758415002072,0,4.438869565217391,false,false,9.770833333333332,2.84847e6,2.270299404761905e6,26
88.878,use_adaptive_ngroute,0.18800617372064787,0,8.8312,false,false,12.520833333333334,2.8022e6,2.2753691000000006e6,2
28.705,use_adaptive_ngroute,0.1874492586182286,0,5.694,false,false,12.854166666666668,2.8022e6,2.2769296875e6,3
29.276,use_SR3_cuts,0.1874447927218389,12,9.697000000000001,false,false,13.0625,2.8022e6,2.276942201834863e6,0
2907.523,use_adaptive_ngroute,0.15780226351160453,0,362.929375,false,false,13.0625,2.73178e6,2.300698932584269e6,8
336.205,none,0.1576712873037982,0,NaN,false,true,13.479166666666668,2.73178e6,2.30105673076923e6,0
