CG_time_taken,method,CG_LP_IP_gap,implemented_SR3_cuts_count,CG_sp_time_taken_mean,converged,time_limit_reached,ngroute_neighborhood_size,CGIP_objective,CGLP_objective,cycles_lookup_length
33.719,use_adaptive_ngroute,0.999966535574597,0,0.7415384615384616,false,false,7.0,6.0e10,2.0078655241791995e6,41
179.417,use_adaptive_ngroute,0.17098375876286243,0,6.567222222222223,false,false,8.4375,2.55116e6,2.114953073994536e6,12
100.169,use_adaptive_ngroute,0.16896734408697178,0,9.959,false,false,9.104166666666666,2.55116e6,2.120097270459081e6,10
58.133,use_adaptive_ngroute,0.16819761328580352,0,11.5676,false,false,9.708333333333334,2.55116e6,2.1220609768897896e6,4
41.503,use_adaptive_ngroute,0.16785149881778938,0,10.32,false,false,9.8125,2.55116e6,2.1229439702760084e6,3
41.285,use_SR3_cuts,0.14790798717663767,14,10.255250000000002,false,false,10.4375,2.49146e6,2.1229531662688944e6,0
3091.284,none,0.045810150283976614,0,694.8127499999999,false,true,10.4375,2.24841e6,2.145410000000004e6,0
