CG_time_taken,method,CG_LP_IP_gap,implemented_SR3_cuts_count,CG_sp_time_taken_mean,converged,time_limit_reached,ngroute_neighborhood_size,CGIP_objective,CGLP_objective,cycles_lookup_length
29.484,use_adaptive_ngroute,0.9999649802766645,0,0.6170512820512821,false,false,7.0,6.0e10,2.101183400130662e6,48
108.97,use_adaptive_ngroute,0.11413522139140109,0,5.3688,false,false,10.270833333333334,2.497637e6,2.212568648049645e6,27
120.34,use_adaptive_ngroute,0.11061920120136526,0,8.509142857142857,false,false,12.979166666666668,2.495637e6,2.2195716285714284e6,7
29.399,use_adaptive_ngroute,0.1105988031948576,0,9.704333333333333,false,false,13.4375,2.495637e6,2.219622534591195e6,3
45.213,use_SR3_cuts,0.11039781018661798,18,11.214500000000001,false,false,13.520833333333332,2.495637e6,2.2201241401792993e6,0
3215.188,none,0.10153049402960324,0,1054.185,false,true,13.520833333333332,2.495637e6,2.242253742471443e6,0
