CG_time_taken,method,CG_LP_IP_gap,implemented_SR3_cuts_count,CG_sp_time_taken_mean,converged,time_limit_reached,ngroute_neighborhood_size,CGIP_objective,CGLP_objective,cycles_lookup_length
29.334,use_adaptive_ngroute,0.9999663431552521,0,0.6560555555555555,false,false,7.0,6.0e10,2.0194106848751598e6,43
101.464,use_adaptive_ngroute,0.194611753678134,0,5.2538947368421045,false,false,10.0625,2.575334e6,2.0741437339530764e6,30
197.041,use_adaptive_ngroute,0.1369205990378768,0,9.78885,false,false,12.083333333333334,2.422351e6,2.0906812500000002e6,1
76.362,use_adaptive_ngroute,0.13633598462636187,0,12.680833333333332,false,false,12.104166666666666,2.422351e6,2.0920973913043477e6,1
31.549,use_SR3_cuts,0.13633598462636176,6,10.435333333333332,false,false,12.125,2.422351e6,2.092097391304348e6,0
1383.189,use_SR3_cuts,0.04778865930234144,10,115.14333333333333,false,false,12.125,2.20251e6,2.097255e6,0
1280.454,use_adaptive_ngroute,0.04088472918425878,0,319.97475,false,false,12.125,2.20251e6,2.112460975124378e6,4
414.345,none,0.03921653801222136,0,195.36900000000003,false,true,12.416666666666666,2.19912e6,2.1128781269265637e6,0
