CG_time_taken,method,CG_LP_IP_gap,implemented_SR3_cuts_count,CG_sp_time_taken_mean,converged,time_limit_reached,ngroute_neighborhood_size,CGIP_objective,CGLP_objective,cycles_lookup_length
22.21,use_adaptive_ngroute,0.9999634632480723,0,0.4887714285714285,false,false,7.0,6.0e10,2.192205115661104e6,38
86.619,use_adaptive_ngroute,0.25675103739200755,0,4.476789473684211,false,false,10.5,3.01909e6,2.243935510520164e6,27
100.081,use_adaptive_ngroute,0.2527452623310307,0,9.953,false,false,13.0,3.01909e6,2.2560293059490086e6,8
53.292,use_adaptive_ngroute,0.25175289936151124,0,10.593199999999998,false,false,13.395833333333334,3.01909e6,2.259025339066655e6,8
52.979,use_adaptive_ngroute,0.25144063565559704,0,13.18525,false,false,13.854166666666666,3.01909e6,2.2599680912985434e6,4
45.898,use_SR3_cuts,0.2513503855822704,13,15.247,false,false,14.020833333333334,3.01909e6,2.2602405643924233e6,0
2091.241,use_adaptive_ngroute,0.07416439692338794,0,298.4644285714286,false,false,14.020833333333334,2.464748e6,2.2819514510118733e6,1
775.653,use_SR3_cuts,0.07413245986705974,6,258.43533333333335,false,false,14.041666666666668,2.464748e6,2.282030167807584e6,0
162.542,none,0.07325107943363507,0,NaN,false,true,14.041666666666668,2.464748e6,2.284202548468107e6,0
