CG_time_taken,method,CG_LP_IP_gap,implemented_SR3_cuts_count,CG_sp_time_taken_mean,converged,time_limit_reached,ngroute_neighborhood_size,CGIP_objective,CGLP_objective,cycles_lookup_length
15.43,use_adaptive_ngroute,0.9999620401646402,0,0.3639705882352941,false,false,7.0,6.0e10,2.2775901215882692e6,41
24.314,use_adaptive_ngroute,0.19418933583710063,0,1.6674285714285715,false,false,9.520833333333334,2.89951e6,2.3364560788469682e6,28
32.162,use_adaptive_ngroute,0.15149181761965735,0,3.1656,false,false,11.104166666666668,2.763186e6,2.3445859304388096e6,10
20.522,use_adaptive_ngroute,0.15008742362690586,0,5.0695,false,false,11.854166666666666,2.763186e6,2.3484665322580645e6,1
5.068,use_SR3_cuts,0.15006931240854693,17,4.987,false,false,11.875,2.763186e6,2.348516576923077e6,0
3458.852,none,0.025459789324908222,0,1529.0835,false,true,11.875,2.45336e6,2.390897971261843e6,0
