CG_time_taken,method,CG_LP_IP_gap,implemented_SR3_cuts_count,CG_sp_time_taken_mean,converged,time_limit_reached,ngroute_neighborhood_size,CGIP_objective,CGLP_objective,cycles_lookup_length
52.261,use_adaptive_ngroute,0.9999657802694628,0,0.9912045454545453,false,false,7.0,6.0e10,2.0531838322312245e6,41
156.008,use_adaptive_ngroute,0.25314393003597324,0,7.3335238095238084,false,false,11.333333333333334,2.80506e6,2.094976087613293e6,11
121.227,use_adaptive_ngroute,0.2488022495402018,0,15.08625,false,false,11.770833333333332,2.80506e6,2.1071547619047617e6,13
117.472,use_adaptive_ngroute,0.24811182631279327,0,16.728428571428573,false,false,12.75,2.80506e6,2.109091440483036e6,11
63.501,use_adaptive_ngroute,0.2476006195620163,0,15.81825,false,false,12.979166666666668,2.80506e6,2.1105254060913706e6,5
74.318,use_SR3_cuts,0.2476006195620163,9,24.722333333333328,false,false,13.479166666666668,2.80506e6,2.1105254060913706e6,0
2864.073,none,0.19222868066847565,0,2619.2490000000003,false,true,13.479166666666668,2.69394e6,2.176087467999967e6,0
