CG_time_taken,method,CG_LP_IP_gap,implemented_SR3_cuts_count,CG_sp_time_taken_mean,converged,time_limit_reached,ngroute_neighborhood_size,CGIP_objective,CGLP_objective,cycles_lookup_length
26.519,use_adaptive_ngroute,0.99996263885014,0,0.5327948717948717,false,false,7.0,6.0e10,2.241668991600032e6,37
42.28,use_adaptive_ngroute,0.17299971823048776,0,2.7338666666666667,false,false,10.604166666666666,2.73e6,2.2577107692307686e6,16
40.125,use_adaptive_ngroute,0.14868061288415035,0,6.626833333333332,false,false,11.458333333333334,2.65302e6,2.2585673604060914e6,10
58.491,use_SR3_cuts,0.14862659660814226,8,7.253375,false,false,12.125,2.65302e6,2.2587106666666665e6,0
3385.431,none,0.03932315327769531,0,403.78349999999995,false,true,12.125,2.38488e6,2.29109899821109e6,0
