CG_time_taken,method,CG_LP_IP_gap,implemented_SR3_cuts_count,CG_sp_time_taken_mean,converged,time_limit_reached,ngroute_neighborhood_size,CGIP_objective,CGLP_objective,cycles_lookup_length
12.742,use_adaptive_ngroute,0.9999641686454074,0,0.30021875,false,false,7.0,6.0e10,2.1498812755555552e6,31
24.389,use_adaptive_ngroute,0.9999634512651315,0,1.2146315789473685,false,false,9.9375,6.0e10,2.192924092105263e6,17
20.385,use_adaptive_ngroute,0.9999632508671717,0,1.9864,false,false,10.458333333333332,6.0e10,2.204947969696971e6,5
12.477,use_SR3_cuts,0.9999632496549716,16,2.047,false,false,10.625,6.0e10,2.205020701704547e6,0
1010.041,use_SR3_cuts,0.049318759612306584,6,111.90155555555556,false,false,10.625,2.36794e6,2.251156136363635e6,0
1555.833,use_SR3_cuts,0.03601529126525016,1,310.8794,false,false,10.625,2.33859e6,2.2543649999999986e6,0
783.969,use_adaptive_ngroute,0.033813370066184345,0,261.0083333333333,false,false,10.625,2.33859e6,2.259514390896922e6,1
101.852,none,0.03379314148794532,0,NaN,false,true,10.645833333333334,2.33859e6,2.259561697247706e6,0
