CG_time_taken,method,CG_LP_IP_gap,implemented_SR3_cuts_count,CG_sp_time_taken_mean,converged,time_limit_reached,ngroute_neighborhood_size,CGIP_objective,CGLP_objective,cycles_lookup_length
31.621,use_adaptive_ngroute,0.9999652917114291,0,0.6596578947368421,false,false,7.0,6.0e10,2.0824973142542653e6,47
279.036,use_adaptive_ngroute,0.1224088042329382,0,11.528041666666667,false,false,11.895833333333334,2.426898e6,2.1298243178246906e6,27
214.536,use_adaptive_ngroute,0.11995521487167782,0,17.798249999999996,false,false,14.083333333333332,2.426898e6,2.135778928938355e6,8
204.669,use_SR3_cuts,0.11932320600206514,13,34.04650000000001,false,false,14.291666666666666,2.426898e6,2.13731275e6,0
2807.293,none,0.11161685710430513,0,NaN,false,true,14.291666666666666,2.426898e6,2.156015272727276e6,0
