CG_time_taken,method,CG_LP_IP_gap,implemented_SR3_cuts_count,CG_sp_time_taken_mean,converged,time_limit_reached,ngroute_neighborhood_size,CGIP_objective,CGLP_objective,cycles_lookup_length
39.252,use_adaptive_ngroute,0.27619586736480617,0,1.049806451612903,false,false,7.0,2.9507e6,2.1357288541666665e6,47
97.443,use_adaptive_ngroute,0.2006197648052831,0,4.34909090909091,false,false,11.208333333333334,2.751228e6,2.1992772857142906e6,17
50.256,use_adaptive_ngroute,0.20053660839408283,0,8.305333333333333,false,false,12.583333333333334,2.751228e6,2.1995060679611643e6,11
49.312,use_adaptive_ngroute,0.1472328797894329,0,6.991999999999999,false,false,12.8125,2.58204e6,2.2018788150684927e6,1
92.085,use_SR3_cuts,0.14723287978943234,9,15.274999999999999,false,false,12.854166666666668,2.58204e6,2.201878815068494e6,0
1066.985,use_adaptive_ngroute,0.0640878488635569,0,133.16887499999999,false,false,12.854166666666668,2.38168e6,2.229043252118644e6,6
299.76,use_adaptive_ngroute,0.06401841538831565,0,99.77900000000001,false,false,13.3125,2.38168e6,2.2292086204379564e6,4
193.717,use_SR3_cuts,0.06401841538831643,4,96.71199999999999,false,false,13.854166666666666,2.38168e6,2.2292086204379546e6,0
1530.713,none,0.06037760264874825,0,334.40824999999995,false,true,13.854166666666666,2.38168e6,2.237879871323529e6,0
