CG_time_taken,method,CG_LP_IP_gap,implemented_SR3_cuts_count,CG_sp_time_taken_mean,converged,time_limit_reached,ngroute_neighborhood_size,CGIP_objective,CGLP_objective,cycles_lookup_length
22.344,use_adaptive_ngroute,0.9999630668251123,0,0.5625294117647058,false,false,7.0,6.0e10,2.2159904932659934e6,35
46.52,use_adaptive_ngroute,0.332499013350381,0,1.8667499999999997,false,false,8.625,3.37748e6,2.254471232389355e6,16
107.437,use_adaptive_ngroute,0.20373478871684625,0,7.624928571428571,false,false,9.5,2.83401e6,2.2566235714285704e6,4
101.595,use_SR3_cuts,0.1485991747048787,8,10.070399999999998,false,false,9.625,2.6508e6,2.2568933076923075e6,0
1196.959,use_adaptive_ngroute,0.12730247804293315,0,170.849,false,false,9.625,2.602004e6,2.2707624429223756e6,3
531.705,use_SR3_cuts,0.1273024780429337,6,132.84300000000002,false,false,10.020833333333334,2.602004e6,2.2707624429223742e6,0
1482.61,none,0.08082143446283263,0,434.38666666666666,false,true,10.020833333333334,2.4858e6,2.2848940782122905e6,0
