CG_time_taken,method,CG_LP_IP_gap,implemented_SR3_cuts_count,CG_sp_time_taken_mean,converged,time_limit_reached,ngroute_neighborhood_size,CGIP_objective,CGLP_objective,cycles_lookup_length
19.101,use_adaptive_ngroute,0.9999653326108765,0,0.5313666666666667,false,false,7.0,6.0e10,2.0800433474117932e6,47
133.506,use_adaptive_ngroute,0.15339858913269266,0,6.59555,false,false,11.375,2.56101e6,2.168154679245283e6,10
48.399,use_SR3_cuts,0.1504343989285477,12,5.9895,false,false,11.875,2.56101e6,2.175746e6,0
957.797,use_adaptive_ngroute,0.05948087023172899,0,159.1446666666667,false,false,11.875,2.328762e6,2.190245209677418e6,3
612.683,use_adaptive_ngroute,0.05936969658130142,0,153.00775000000002,false,false,12.166666666666666,2.328762e6,2.1905041066499352e6,1
267.385,use_adaptive_ngroute,0.05936969658130142,0,133.4565,false,false,12.270833333333332,2.328762e6,2.1905041066499352e6,1
357.498,use_SR3_cuts,0.05930723616603917,6,119.0,false,false,12.333333333333332,2.328762e6,2.1906495620915024e6,0
1124.747,none,0.04396247011567811,0,NaN,false,true,12.333333333333332,2.328762e6,2.226383870168473e6,0
