CG_time_taken,method,CG_LP_IP_gap,implemented_SR3_cuts_count,CG_sp_time_taken_mean,converged,time_limit_reached,ngroute_neighborhood_size,CGIP_objective,CGLP_objective,cycles_lookup_length
20.502,use_adaptive_ngroute,0.9999653726172081,0,0.5381935483870969,false,false,7.0,6.0e10,2.07764296751269e6,42
87.868,use_adaptive_ngroute,0.1334646163238733,0,4.106761904761905,false,false,11.4375,2.43777e6,2.1124139622641513e6,10
58.084,use_adaptive_ngroute,0.1284848447556578,0,5.7391,false,false,12.458333333333334,2.43777e6,2.1245535e6,1
39.464,use_adaptive_ngroute,0.1278246785655195,0,5.574285714285714,false,false,12.479166666666666,2.43777e6,2.1261628333333335e6,4
35.749,use_SR3_cuts,0.1277651296061565,6,5.042857142857144,false,false,12.583333333333334,2.43777e6,2.126308e6,0
761.252,use_adaptive_ngroute,0.055443554659204475,0,75.9014,false,false,12.583333333333334,2.28154e6,2.1550433123028385e6,15
2407.138,use_adaptive_ngroute,0.05496029437676475,0,218.73554545454542,false,false,13.333333333333334,2.28154e6,2.156145889967636e6,5
145.01,none,0.05495984352470262,0,NaN,false,true,13.541666666666668,2.28154e6,2.15614691860465e6,0
