CG_time_taken,method,CG_LP_IP_gap,implemented_SR3_cuts_count,CG_sp_time_taken_mean,converged,time_limit_reached,ngroute_neighborhood_size,CGIP_objective,CGLP_objective,cycles_lookup_length
24.567,use_adaptive_ngroute,0.9999640790910703,0,0.5368333333333333,false,false,7.0,6.0e10,2.15525453578255e6,40
468.945,use_adaptive_ngroute,0.1918429455142736,0,25.975611111111107,false,false,10.083333333333334,2.71346e6,2.192901841064839e6,15
318.372,use_adaptive_ngroute,0.18638150753910343,0,45.40485714285714,false,false,11.291666666666666,2.71346e6,2.2077212345529445e6,7
164.059,use_adaptive_ngroute,0.18571129260631047,0,32.7526,false,false,11.6875,2.71346e6,2.209539835964481e6,11
97.773,use_adaptive_ngroute,0.18543947085449242,0,48.825,false,false,12.979166666666668,2.71346e6,2.210277413415169e6,1
81.058,use_SR3_cuts,0.18543784237902183,20,40.4765,false,false,13.083333333333334,2.71346e6,2.2102818322182195e6,0
2380.349,none,0.13566364863455183,0,NaN,false,true,13.083333333333334,2.71346e6,2.345342115976089e6,0
