CG_time_taken,method,CG_LP_IP_gap,implemented_SR3_cuts_count,CG_sp_time_taken_mean,converged,time_limit_reached,ngroute_neighborhood_size,CGIP_objective,CGLP_objective,cycles_lookup_length
0.929,use_adaptive_ngroute,0.24458759194606772,0,0.0415,false,false,5.0,1.965494e6,1.4847585555555555e6,19
0.886,use_adaptive_ngroute,0.00906289702272478,0,0.08988888888888888,false,false,7.8999999999999995,1.565559e6,1.5513705e6,5
0.537,use_adaptive_ngroute,0.008504523517372076,0,0.09940000000000002,false,false,8.149999999999999,1.565559e6,1.5522446666666665e6,5
0.428,use_adaptive_ngroute,0.007563432614165255,0,0.1,false,false,8.5,1.565559e6,1.553718e6,6
0.718,use_adaptive_ngroute,0.005892144594997539,0,0.11316666666666665,false,false,9.0,1.565559e6,1.5563345000000002e6,2
0.339,use_adaptive_ngroute,0.005761407605469726,0,0.10566666666666667,false,false,9.1,1.565559e6,1.5565391764705884e6,4
0.375,use_adaptive_ngroute,0.005712478560196188,0,0.118,false,false,9.299999999999999,1.565559e6,1.5566157777777778e6,6
0.388,use_SR3_cuts,0.005623231063153766,4,0.123,false,false,9.6,1.565559e6,1.5567555e6,0
1.517,use_SR3_cuts,0.005547539249558753,10,0.49800000000000005,false,false,9.6,1.565559e6,1.556874e6,0
1.119,none,0.003698359499705983,0,0.549,false,false,9.6,1.565559e6,1.5597689999999998e6,0
