CG_time_taken,method,CG_LP_IP_gap,implemented_SR3_cuts_count,CG_sp_time_taken_mean,converged,time_limit_reached,ngroute_neighborhood_size,CGIP_objective,CGLP_objective,cycles_lookup_length
31.033,use_adaptive_ngroute,0.9999634125568245,0,0.64395,false,false,7.0,6.0e10,2.195246590527376e6,35
45.653,use_adaptive_ngroute,0.999963070795904,0,2.619235294117647,false,false,8.604166666666668,6.0e10,2.2157522457627123e6,18
45.576,use_adaptive_ngroute,0.24972678841297136,0,4.089090909090909,false,false,9.5,2.95611e6,2.217890143504531e6,9
57.434,use_adaptive_ngroute,0.24914180738717218,0,7.121874999999999,false,false,10.020833333333334,2.95611e6,2.2196194117647065e6,11
35.224,use_adaptive_ngroute,0.24842049705483904,0,8.7485,false,false,10.354166666666668,2.95611e6,2.2217516844512196e6,1
48.122,use_SR3_cuts,0.24818221909823812,10,9.582399999999998,false,false,10.375,2.95611e6,2.2224560603015074e6,0
783.443,use_adaptive_ngroute,0.09877244530937679,0,97.77162499999999,false,false,10.375,2.487754e6,2.2420324540918167e6,5
316.629,use_adaptive_ngroute,0.09815086565441888,0,105.42566666666666,false,false,10.5625,2.487754e6,2.243578791364757e6,1
282.206,use_SR3_cuts,0.09809896338412638,6,93.97933333333333,false,false,10.625,2.487754e6,2.243707911445286e6,0
1173.693,use_adaptive_ngroute,0.06132608994261968,0,234.58679999999998,false,false,10.625,2.39755e6,2.250517633058072e6,5
639.494,none,0.060915212912807215,0,333.438,false,true,10.791666666666666,2.39755e6,2.251502731280899e6,0
