CG_time_taken,method,CG_LP_IP_gap,implemented_SR3_cuts_count,CG_sp_time_taken_mean,converged,time_limit_reached,ngroute_neighborhood_size,CGIP_objective,CGLP_objective,cycles_lookup_length
18.165,use_adaptive_ngroute,0.9999628568047938,0,0.3881842105263158,false,false,7.0,6.0e10,2.2285917123738932e6,42
59.399,use_adaptive_ngroute,0.19271259962850862,0,2.7653809523809523,false,false,9.3125,2.86278e6,2.311086224035498e6,20
46.104,use_adaptive_ngroute,0.18863314177030377,0,4.556900000000001,false,false,10.395833333333332,2.86278e6,2.32276481440281e6,23
102.749,use_adaptive_ngroute,0.18827283087736946,0,17.0765,false,false,11.666666666666668,2.86278e6,2.3237963052208843e6,11
68.735,use_adaptive_ngroute,0.18822009625459446,0,17.126250000000002,false,false,11.9375,2.86278e6,2.323947272844272e6,1
45.597,use_SR3_cuts,0.1882155095715452,14,15.143666666666666,false,false,12.041666666666666,2.86278e6,2.3239604035087717e6,0
3200.718,none,0.15704292574563383,0,NaN,false,true,12.041666666666666,2.86278e6,2.4132006530339145e6,0
