CG_time_taken,method,CG_LP_IP_gap,implemented_SR3_cuts_count,CG_sp_time_taken_mean,converged,time_limit_reached,ngroute_neighborhood_size,CGIP_objective,CGLP_objective,cycles_lookup_length
27.065,use_adaptive_ngroute,0.9999652781340381,0,0.8288148148148148,false,false,7.0,6.0e10,2.0833119577129248e6,48
122.4,use_adaptive_ngroute,0.2475430793000134,0,6.359631578947369,false,false,11.041666666666668,2.87377e6,2.1623881250000005e6,29
215.453,use_adaptive_ngroute,0.19590998976650564,0,16.499307692307696,false,false,13.729166666666666,2.71542e6,2.183442095588235e6,10
193.794,use_SR3_cuts,0.14280935891734292,11,27.582428571428576,false,false,14.625,2.55482e6,2.189967793650794e6,0
2923.372,none,0.0802641721266153,0,445.72083333333336,false,true,14.625,2.38708e6,2.195482999999999e6,0
