CG_time_taken,method,CG_LP_IP_gap,implemented_SR3_cuts_count,CG_sp_time_taken_mean,converged,time_limit_reached,ngroute_neighborhood_size,CGIP_objective,CGLP_objective,cycles_lookup_length
36.921,use_adaptive_ngroute,0.999966668580961,0,0.95215625,false,false,7.0,6.0e10,1.9998851423440438e6,47
52.483,use_adaptive_ngroute,0.15918545311643806,0,2.2115652173913043,false,false,10.625,2.4415e6,2.0528487162162166e6,5
27.884,use_adaptive_ngroute,0.158127667417571,0,3.4038749999999998,false,false,11.229166666666666,2.4415e6,2.0554313000000005e6,12
29.241,use_adaptive_ngroute,0.1573529336473477,0,4.110571428571428,false,false,12.125,2.4415e6,2.0573228125000005e6,10
32.992,use_SR3_cuts,0.1572906000409584,8,8.16725,false,false,12.666666666666666,2.4415e6,2.057475e6,0
611.004,use_SR3_cuts,0.10504388625975813,10,87.15085714285715,false,false,12.666666666666666,2.30748e6,2.0650933333333333e6,0
1467.907,use_adaptive_ngroute,0.08260829406209824,0,366.8205,false,false,12.666666666666666,2.259651e6,2.0729850857142857e6,14
1240.888,none,0.08260759441760412,0,343.5706666666667,false,true,13.958333333333334,2.259651e6,2.0729866666666665e6,0
