CG_time_taken,method,CG_LP_IP_gap,implemented_SR3_cuts_count,CG_sp_time_taken_mean,converged,time_limit_reached,ngroute_neighborhood_size,CGIP_objective,CGLP_objective,cycles_lookup_length
20.854,use_adaptive_ngroute,0.9999622346350733,0,0.5010882352941176,false,false,7.0,6.0e10,2.265921895604396e6,30
18.77,use_adaptive_ngroute,0.2817347149729712,0,1.0510000000000002,false,false,8.333333333333334,3.215595e6,2.3096502592064887e6,31
28.66,use_adaptive_ngroute,0.09930133231861282,0,2.5469090909090912,false,false,10.9375,2.58158e6,2.3252256665129154e6,3
8.927,use_adaptive_ngroute,0.09837180150321712,0,2.18025,false,false,11.3125,2.58158e6,2.327625324675325e6,4
7.255,use_adaptive_ngroute,0.09829293356338842,0,1.7645,false,false,11.520833333333334,2.58158e6,2.3278289285714277e6,2
7.728,use_adaptive_ngroute,0.09131790890889668,0,2.523,false,false,11.5625,2.56188e6,2.327934475524476e6,1
7.933,use_adaptive_ngroute,0.09129664125183123,0,1.931,false,false,11.666666666666668,2.56188e6,2.3279889607097586e6,2
6.587,use_SR3_cuts,0.0912957078468345,13,3.227,false,false,11.729166666666668,2.56188e6,2.3279913519813516e6,0
852.319,use_adaptive_ngroute,0.03531959588303901,0,121.52028571428573,false,false,11.729166666666668,2.44148e6,2.355247913043478e6,2
378.507,use_SR3_cuts,0.034831377324864854,9,94.43625,false,false,11.8125,2.44148e6,2.356439888888889e6,0
1214.536,use_SR3_cuts,0.0324180000544777,6,202.24949999999998,false,false,11.8125,2.44148e6,2.362332101226994e6,0
1001.031,none,0.029135061515259242,0,NaN,false,true,11.8125,2.44148e6,2.370347330011725e6,0
