CG_time_taken,method,CG_LP_IP_gap,implemented_SR3_cuts_count,CG_sp_time_taken_mean,converged,time_limit_reached,ngroute_neighborhood_size,CGIP_objective,CGLP_objective,cycles_lookup_length
26.017,use_adaptive_ngroute,0.9999636282457284,0,0.6496129032258064,false,false,7.0,6.0e10,2.1823052563001146e6,47
84.239,use_adaptive_ngroute,0.27676616416220257,0,3.5644782608695658,false,false,11.75,3.12387e6,2.2592884827586203e6,13
47.752,use_adaptive_ngroute,0.2761071119538875,0,7.860000000000001,false,false,13.041666666666666,3.12387e6,2.2613472761806096e6,12
72.861,use_adaptive_ngroute,0.27561783272439455,0,12.046333333333333,false,false,14.104166666666668,3.12387e6,2.2628757208872456e6,12
60.924,use_SR3_cuts,0.25106295899081943,14,20.200333333333333,false,false,15.145833333333334,3.02288e6,2.263946802525832e6,0
2935.389,none,0.07728903724770975,0,697.6255000000001,false,true,15.145833333333334,2.4923e6,2.299672532467533e6,0
