CG_time_taken,method,CG_LP_IP_gap,implemented_SR3_cuts_count,CG_sp_time_taken_mean,converged,time_limit_reached,ngroute_neighborhood_size,CGIP_objective,CGLP_objective,cycles_lookup_length
36.542,use_adaptive_ngroute,0.9999652807919631,0,0.9694666666666668,false,false,7.0,6.0e10,2.0831524822107079e6,42
102.091,use_adaptive_ngroute,0.15141333522266265,0,5.283,false,false,10.395833333333332,2.51887e6,2.137479492307692e6,23
160.69,use_adaptive_ngroute,0.1504174490942367,0,15.9998,false,false,12.354166666666668,2.51887e6,2.139988e6,1
150.165,use_adaptive_ngroute,0.12169529444095384,0,21.396857142857144,false,false,12.375,2.437496e6,2.1408642065813527e6,2
52.393,use_SR3_cuts,0.12165086575184814,10,17.384,false,false,12.416666666666666,2.437496e6,2.140972501333333e6,0
3006.326,none,0.1167680383367301,0,1193.433,false,true,12.416666666666666,2.437496e6,2.1528743736263737e6,0
