CG_time_taken,method,CG_LP_IP_gap,implemented_SR3_cuts_count,CG_sp_time_taken_mean,converged,time_limit_reached,ngroute_neighborhood_size,CGIP_objective,CGLP_objective,cycles_lookup_length
17.038,use_adaptive_ngroute,0.9999630592854316,0,0.41453125000000013,false,false,7.0,6.0e10,2.216442874100719e6,43
50.139,use_adaptive_ngroute,0.1774943348073834,0,3.795769230769231,false,false,10.375,2.72718e6,2.243121e6,3
39.47,use_adaptive_ngroute,0.17662022111315878,0,5.582714285714286,false,false,10.4375,2.72718e6,2.2455048653846155e6,19
60.569,use_adaptive_ngroute,0.10970521042126535,0,7.511125,false,false,11.895833333333334,2.522432e6,2.245708066666667e6,8
32.532,use_SR3_cuts,0.10965214955609959,6,8.09175,false,false,12.583333333333334,2.522432e6,2.2458419090909087e6,0
283.066,use_adaptive_ngroute,0.03146405834753818,0,47.07183333333333,false,false,12.583333333333334,2.35183e6,2.277831883656509e6,3
206.36,use_SR3_cuts,0.031356964576521484,10,68.65499999999999,false,false,12.6875,2.35183e6,2.2780837499999995e6,0
2855.263,use_SR3_cuts,0.02363813259055636,3,570.8094,false,true,12.6875,2.343662e6,2.2882622068965514e6,0
