CG_time_taken,method,CG_LP_IP_gap,implemented_SR3_cuts_count,CG_sp_time_taken_mean,converged,time_limit_reached,ngroute_neighborhood_size,CGIP_objective,CGLP_objective,cycles_lookup_length
21.692,use_adaptive_ngroute,0.9999663392973552,0,0.5483939393939395,false,false,7.0,6.0e10,2.019642158683421e6,43
113.751,use_adaptive_ngroute,0.14041250252907178,0,4.669708333333334,false,false,9.520833333333334,2.47424e6,2.1268257697424693e6,16
54.552,use_adaptive_ngroute,0.13152469533496014,0,9.033166666666668,false,false,12.208333333333332,2.46126e6,2.137543528359876e6,14
108.17,use_SR3_cuts,0.1313416613962317,12,35.99366666666667,false,false,13.0,2.46126e6,2.137994022471911e6,0
3272.518,none,0.1025963615215304,0,537.6935000000001,false,true,13.0,2.411488e6,2.1640781053471677e6,0
