CG_time_taken,method,CG_LP_IP_gap,implemented_SR3_cuts_count,CG_sp_time_taken_mean,converged,time_limit_reached,ngroute_neighborhood_size,CGIP_objective,CGLP_objective,cycles_lookup_length
28.763,use_adaptive_ngroute,0.30181688524812167,0,0.6639117647058823,false,false,7.0,3.027048e6,2.1134338011434437e6,35
60.762,use_SR3_cuts,0.177996538515379,10,2.4372500000000006,false,false,9.6875,2.6193e6,2.153073666666668e6,0
787.41,use_adaptive_ngroute,0.07323507268043361,0,71.41263636363637,false,false,9.6875,2.33521e6,2.1641907259259247e6,5
303.113,use_adaptive_ngroute,0.072712090133221,0,60.5204,false,false,9.791666666666668,2.33521e6,2.165412000000001e6,6
366.159,use_adaptive_ngroute,0.07270069150876424,0,60.92649999999999,false,false,9.916666666666668,2.33521e6,2.1654386181818186e6,5
199.565,use_adaptive_ngroute,0.0726917305193362,0,66.40466666666666,false,false,10.104166666666666,2.33521e6,2.165459543973941e6,4
256.396,use_SR3_cuts,0.07268159273821972,4,63.999750000000006,false,false,10.25,2.33521e6,2.165483217821782e6,0
1231.588,use_SR3_cuts,0.0719453949040133,1,307.53925,false,false,10.25,2.33521e6,2.167202394366199e6,0
308.763,none,0.0719453949040143,0,122.305,false,true,10.25,2.33521e6,2.167202394366197e6,0
