CG_time_taken,method,CG_LP_IP_gap,implemented_SR3_cuts_count,CG_sp_time_taken_mean,converged,time_limit_reached,ngroute_neighborhood_size,CGIP_objective,CGLP_objective,cycles_lookup_length
19.976,use_adaptive_ngroute,0.9999630885925767,0,0.4805882352941177,false,false,7.0,6.0e10,2.2146844453977323e6,38
54.937,use_adaptive_ngroute,0.1714807405701908,0,1.9607037037037038,false,false,9.666666666666666,2.72697e6,2.2593471648873067e6,22
50.486,use_adaptive_ngroute,0.16750320059119173,0,4.521636363636363,false,false,11.333333333333334,2.72697e6,2.270193797083838e6,11
31.589,use_adaptive_ngroute,0.1670123286910653,0,6.2432,false,false,11.875,2.72697e6,2.2715323900293256e6,1
21.081,use_SR3_cuts,0.16701232869106597,11,5.210749999999999,false,false,12.104166666666666,2.72697e6,2.2715323900293238e6,0
836.208,use_SR3_cuts,0.059487283379540234,6,119.1065714285714,false,false,12.104166666666666,2.426081e6,2.2817600320512815e6,0
476.269,use_adaptive_ngroute,0.05874271389710928,0,158.55533333333332,false,false,12.104166666666666,2.426081e6,2.283566417925787e6,3
545.875,use_SR3_cuts,0.058742434290820156,3,181.83066666666667,false,false,12.166666666666666,2.426081e6,2.283567096273293e6,0
1379.402,none,0.057751846166673615,0,NaN,false,true,12.166666666666666,2.426081e6,2.28597034330011e6,0
