CG_time_taken,method,CG_LP_IP_gap,implemented_SR3_cuts_count,CG_sp_time_taken_mean,converged,time_limit_reached,ngroute_neighborhood_size,CGIP_objective,CGLP_objective,cycles_lookup_length
36.434,use_adaptive_ngroute,0.9999648094873429,0,0.8279189189189188,false,false,7.0,6.0e10,2.111430759429154e6,42
207.261,use_adaptive_ngroute,0.233901132585988,0,12.091999999999997,false,false,10.0625,2.8635e6,2.1937241068400233e6,26
459.036,use_adaptive_ngroute,0.15239667044906569,0,50.92111111111111,false,false,12.625,2.590992e6,2.1961334460398345e6,9
352.35,use_adaptive_ngroute,0.15037691866992542,0,58.65983333333333,false,false,13.6875,2.590992e6,2.2013666067415727e6,1
368.716,use_adaptive_ngroute,0.1501665979122252,0,61.391666666666666,false,false,13.708333333333334,2.590992e6,2.201911546142208e6,5
396.756,use_SR3_cuts,0.14997936633051423,17,79.1994,false,false,13.875,2.590992e6,2.2023966616725684e6,0
1704.193,none,0.1324027395778874,0,NaN,false,true,13.875,2.590992e6,2.2479375609756103e6,0
