CG_time_taken,method,CG_LP_IP_gap,implemented_SR3_cuts_count,CG_sp_time_taken_mean,converged,time_limit_reached,ngroute_neighborhood_size,CGIP_objective,CGLP_objective,cycles_lookup_length
35.66,use_adaptive_ngroute,0.9999650282174486,0,0.8633055555555555,false,false,7.0,6.0e10,2.098306953084544e6,48
214.91,use_adaptive_ngroute,0.999963298425906,0,10.158523809523809,false,false,10.666666666666666,6.0e10,2.2020944456404736e6,29
319.25,use_adaptive_ngroute,0.2666133056344886,0,28.95090909090909,false,false,14.104166666666668,3.0152e6,2.21130756085089e6,8
185.661,use_SR3_cuts,0.2658234906932848,19,30.877499999999998,false,false,14.645833333333334,3.0152e6,2.2136890108616077e6,0
2681.665,none,0.23169440871000446,0,NaN,false,true,14.645833333333334,3.0152e6,2.3165950188575946e6,0
