CG_time_taken,method,CG_LP_IP_gap,implemented_SR3_cuts_count,CG_sp_time_taken_mean,converged,time_limit_reached,ngroute_neighborhood_size,CGIP_objective,CGLP_objective,cycles_lookup_length
41.421,use_adaptive_ngroute,0.9999646525872438,0,0.8289534883720928,false,false,7.0,6.0e10,2.120844765372169e6,38
60.668,use_adaptive_ngroute,0.132000941794997,0,3.4797058823529414,false,false,9.729166666666666,2.466696e6,2.141089804878048e6,7
32.999,use_SR3_cuts,0.13187434670212628,15,4.64,false,false,10.604166666666666,2.466696e6,2.141402076487252e6,0
3446.938,none,0.07106501259025255,0,NaN,false,true,10.604166666666666,2.466696e6,2.2914002177036745e6,0
