CG_time_taken,method,CG_LP_IP_gap,implemented_SR3_cuts_count,CG_sp_time_taken_mean,converged,time_limit_reached,ngroute_neighborhood_size,CGIP_objective,CGLP_objective,cycles_lookup_length
29.995,use_adaptive_ngroute,0.9999653523679348,0,0.737970588235294,false,false,7.0,6.0e10,2.0788579239113824e6,34
69.273,use_adaptive_ngroute,0.08640244956362941,0,3.2213809523809527,false,false,10.75,2.332096e6,2.130597192982458e6,14
70.32,use_adaptive_ngroute,0.08568390123448322,0,6.328727272727271,false,false,11.541666666666666,2.332096e6,2.1322729166666665e6,3
69.801,use_adaptive_ngroute,0.08565870930413388,0,11.565,false,false,12.0,2.332096e6,2.1323316666666665e6,2
72.835,use_adaptive_ngroute,0.08565627944418519,0,18.131749999999997,false,false,12.083333333333334,2.332096e6,2.1323373333333335e6,4
79.015,use_SR3_cuts,0.08562726405774035,10,15.735999999999999,false,false,12.166666666666666,2.332096e6,2.132405e6,0
2144.169,use_adaptive_ngroute,0.08036702985896749,0,267.834125,false,false,12.166666666666666,2.332096e6,2.1446723711340213e6,6
1029.592,none,0.08017376775095175,0,444.5165,false,true,12.354166666666668,2.332096e6,2.1451230769230765e6,0
