CG_time_taken,method,CG_LP_IP_gap,implemented_SR3_cuts_count,CG_sp_time_taken_mean,converged,time_limit_reached,ngroute_neighborhood_size,CGIP_objective,CGLP_objective,cycles_lookup_length
35.375,use_adaptive_ngroute,0.9999672017640197,0,0.7024146341463414,false,false,7.0,6.0e10,1.96789415881961e6,45
107.747,use_adaptive_ngroute,0.22492413896343066,0,4.0587307692307695,false,false,10.958333333333334,2.71659e6,2.105563333333334e6,19
114.64,use_adaptive_ngroute,0.06523892588834379,0,9.487749999999998,false,false,12.458333333333334,2.25679e6,2.1095594444444445e6,7
93.828,use_adaptive_ngroute,0.06440617519627989,0,11.657375000000002,false,false,12.916666666666668,2.25679e6,2.1114387878787876e6,7
83.051,use_SR3_cuts,0.06421953305358497,6,16.536399999999997,false,false,13.833333333333334,2.25679e6,2.11186e6,0
2086.857,use_adaptive_ngroute,0.05166097366170597,0,208.48089999999996,false,false,13.833333333333334,2.25679e6,2.1402020312499986e6,14
1019.386,none,0.05138003690568116,0,238.67925000000002,false,true,14.916666666666664,2.25679e6,2.1408360465116277e6,0
