CG_time_taken,method,CG_LP_IP_gap,implemented_SR3_cuts_count,CG_sp_time_taken_mean,converged,time_limit_reached,ngroute_neighborhood_size,CGIP_objective,CGLP_objective,cycles_lookup_length
22.616,use_adaptive_ngroute,0.9999642628286911,0,0.5462121212121211,false,false,7.0,6.0e10,2.1442302785315844e6,36
41.715,use_adaptive_ngroute,0.2199156786123745,0,2.2329444444444446,false,false,9.666666666666666,2.83535e6,2.211812080646404e6,21
53.872,use_adaptive_ngroute,0.16147193761760759,0,6.679125,false,false,11.666666666666668,2.64581e6,2.2185859327319576e6,17
58.711,use_adaptive_ngroute,0.16031888973033848,0,9.731833333333332,false,false,12.708333333333334,2.64581e6,2.221636678362573e6,2
66.964,use_SR3_cuts,0.16025183697646372,17,11.1145,false,false,12.8125,2.64581e6,2.2218140872093025e6,0
3300.337,none,0.14294327468270063,0,NaN,false,true,12.8125,2.64581e6,2.267609254411764e6,0
