CG_time_taken,method,CG_LP_IP_gap,implemented_SR3_cuts_count,CG_sp_time_taken_mean,converged,time_limit_reached,ngroute_neighborhood_size,CGIP_objective,CGLP_objective,cycles_lookup_length
21.199,use_adaptive_ngroute,0.9999645806258964,0,0.5020285714285715,false,false,7.0,6.0e10,2.12516244621624e6,47
101.094,use_adaptive_ngroute,0.1967179340892703,0,4.743999999999999,false,false,11.958333333333334,2.742911e6,2.2033312146892655e6,30
95.239,use_SR3_cuts,0.19570388296715902,9,11.847125000000002,false,false,14.5,2.742911e6,2.206112666666667e6,0
2281.781,use_adaptive_ngroute,0.08899843996017809,0,253.27944444444444,false,false,14.5,2.45649e6,2.237866222222222e6,3
1028.094,none,0.07727637840172907,0,240.50950000000003,false,true,14.625,2.43619e6,2.2479300597014916e6,0
