CG_time_taken,method,CG_LP_IP_gap,implemented_SR3_cuts_count,CG_sp_time_taken_mean,converged,time_limit_reached,ngroute_neighborhood_size,CGIP_objective,CGLP_objective,cycles_lookup_length
19.424,use_adaptive_ngroute,0.17939189298978975,0,0.5022,false,false,7.0,2.73544e6,2.2447242402400095e6,41
40.218,use_adaptive_ngroute,0.09905482546292832,0,1.6657391304347817,false,false,10.145833333333334,2.54986e6,2.2972840627450976e6,27
50.45,use_adaptive_ngroute,0.09792539361535035,0,5.540444444444445,false,false,12.9375,2.54986e6,2.3001639558359627e6,4
59.832,use_adaptive_ngroute,0.09775969155500075,0,8.467285714285714,false,false,13.166666666666666,2.54986e6,2.300586472891566e6,2
62.182,use_adaptive_ngroute,0.09773692965405911,0,10.295333333333334,false,false,13.291666666666666,2.54986e6,2.300644512552301e6,1
52.326,use_SR3_cuts,0.09773054385160562,12,13.021749999999997,false,false,13.354166666666666,2.54986e6,2.300660795454545e6,0
1247.423,use_adaptive_ngroute,0.02903396972791361,0,155.593,false,false,13.354166666666666,2.38814e6,2.3188028155339803e6,4
629.613,use_adaptive_ngroute,0.028669893724823425,0,157.168,false,false,13.4375,2.38814e6,2.3196722800000003e6,1
437.061,use_SR3_cuts,0.02866989372482187,4,218.351,false,false,13.604166666666668,2.38814e6,2.319672280000004e6,0
874.493,none,0.02766477637426834,0,622.1229999999999,false,true,13.604166666666668,2.38814e6,2.3220726409495547e6,0
