CG_time_taken,method,CG_LP_IP_gap,implemented_SR3_cuts_count,CG_sp_time_taken_mean,converged,time_limit_reached,ngroute_neighborhood_size,CGIP_objective,CGLP_objective,cycles_lookup_length
31.787,use_adaptive_ngroute,0.9999648329434501,0,0.7864375,false,false,7.0,6.0e10,2.110023392997619e6,40
57.277,use_adaptive_ngroute,0.9999637411467214,0,2.5332727272727276,false,false,9.9375,6.0e10,2.1755311967146285e6,18
58.283,use_adaptive_ngroute,0.9999635655511263,0,5.768299999999999,false,false,11.4375,6.0e10,2.1860669324189397e6,5
33.736,use_adaptive_ngroute,0.9999635648644508,0,5.563166666666667,false,false,11.895833333333334,6.0e10,2.186108132950033e6,3
13.447,use_SR3_cuts,0.9999635648644508,21,6.6575,false,false,12.1875,6.0e10,2.186108132950032e6,0
3277.023,none,0.1262195966077827,0,1559.451,false,true,12.1875,2.592672e6,2.265425986023707e6,0
