CG_time_taken,method,CG_LP_IP_gap,implemented_SR3_cuts_count,CG_sp_time_taken_mean,converged,time_limit_reached,ngroute_neighborhood_size,CGIP_objective,CGLP_objective,cycles_lookup_length
17.563,use_adaptive_ngroute,0.9999622396446848,0,0.44193749999999987,false,false,7.0,6.0e10,2.265621318914956e6,39
101.916,use_adaptive_ngroute,0.1169936449863207,0,6.305375,false,false,11.145833333333332,2.58477e6,2.282368336248708e6,40
280.254,use_adaptive_ngroute,0.11122250647490806,0,27.8851,false,false,15.333333333333332,2.58477e6,2.297285401938852e6,12
170.696,use_adaptive_ngroute,0.11097966361888822,0,42.613,false,false,15.854166666666666,2.58477e6,2.2979130948678064e6,4
212.661,use_adaptive_ngroute,0.11064385992346926,0,53.10874999999999,false,false,16.145833333333336,2.58477e6,2.2987810701856143e6,4
91.913,use_SR3_cuts,0.11048443313585032,18,45.910500000000006,false,false,16.354166666666668,2.58477e6,2.299193151763448e6,0
2688.486,none,0.08329215103660659,0,NaN,false,true,16.354166666666668,2.58477e6,2.3694789467651104e6,0
