CG_time_taken,method,CG_LP_IP_gap,implemented_SR3_cuts_count,CG_sp_time_taken_mean,converged,time_limit_reached,ngroute_neighborhood_size,CGIP_objective,CGLP_objective,cycles_lookup_length
1.625,use_adaptive_ngroute,0.3643267258737404,0,0.09661538461538462,false,false,5.0,2.14051e6,1.360665e6,20
2.02,use_adaptive_ngroute,0.09106947009501587,0,0.17427272727272727,false,false,7.8999999999999995,1.690454e6,1.53650525e6,13
1.69,use_adaptive_ngroute,0.04223072305392894,0,0.204375,false,false,9.4,1.63252e6,1.5635775e6,1
0.474,use_SR3_cuts,0.04180591968245417,4,0.229,false,false,9.65,1.63252e6,1.564271e6,0
2.782,use_SR3_cuts,0.03489895989023106,1,0.68575,false,false,9.65,1.63252e6,1.57554675e6,0
3.027,use_adaptive_ngroute,0.027473068221726793,0,0.9990000000000001,false,false,9.65,1.63252e6,1.5876696666666665e6,1
3.583,use_SR3_cuts,0.027348975816529064,3,1.1863333333333332,false,false,9.75,1.63252e6,1.58787225e6,0
3.946,use_SR3_cuts,0.026292020924705395,1,1.9629999999999999,false,false,9.75,1.63252e6,1.58959775e6,0
7.117,use_SR3_cuts,0.02565803175458803,10,2.3623333333333334,false,false,9.75,1.63252e6,1.59063275e6,0
12.096,use_adaptive_ngroute,0.01998342031542244,0,4.016333333333333,false,false,9.75,1.63252e6,1.5998966666666665e6,1
15.067,use_SR3_cuts,0.018341786522268144,10,3.7565,false,false,9.899999999999999,1.63252e6,1.6025766666666667e6,0
32.151,use_adaptive_ngroute,0.01751455243602329,0,8.02375,false,false,9.899999999999999,1.63252e6,1.6039271428571432e6,1
6.14,none,0.017485237546860044,0,6.115,false,false,9.950000000000001,1.63252e6,1.603975e6,0
