CG_time_taken,method,CG_LP_IP_gap,implemented_SR3_cuts_count,CG_sp_time_taken_mean,converged,time_limit_reached,ngroute_neighborhood_size,CGIP_objective,CGLP_objective,cycles_lookup_length
18.473,use_adaptive_ngroute,0.99996196183169,0,0.47384375000000006,false,false,7.0,6.0e10,2.282290098603799e6,31
31.377,use_adaptive_ngroute,0.9999611955606239,0,1.3780000000000001,false,false,8.270833333333334,6.0e10,2.3282663625639016e6,18
28.808,use_adaptive_ngroute,0.9999611685947916,0,4.061,false,false,8.833333333333334,6.0e10,2.3298843125042776e6,7
36.133,use_SR3_cuts,0.9999611244640585,17,4.481375,false,false,9.083333333333334,6.0e10,2.3325321564912787e6,0
1890.049,use_adaptive_ngroute,0.17994746756563618,0,188.78230000000002,false,false,9.083333333333334,2.875588e6,2.3581332216378674e6,3
577.422,use_adaptive_ngroute,0.1795361360296872,0,144.23999999999998,false,false,9.1875,2.875588e6,2.3593160416666637e6,2
253.474,use_adaptive_ngroute,0.17949490967841952,0,126.56649999999999,false,false,9.3125,2.875588e6,2.359434591667653e6,1
411.091,use_SR3_cuts,0.17949459374854226,11,205.3495,false,true,9.333333333333334,2.875588e6,2.3594355001518168e6,0
