CG_time_taken,method,CG_LP_IP_gap,implemented_SR3_cuts_count,CG_sp_time_taken_mean,converged,time_limit_reached,ngroute_neighborhood_size,CGIP_objective,CGLP_objective,cycles_lookup_length
2.409,use_adaptive_ngroute,0.9998615279341551,0,0.09314285714285714,false,false,5.0,1.000189615e10,1.3849832222567848e6,16
0.929,use_adaptive_ngroute,0.06936852021314721,0,0.096,false,false,5.8,1.591708e6,1.4812935714285718e6,10
0.658,use_adaptive_ngroute,0.01282125969852932,0,0.10283333333333333,false,false,7.2,1.53116e6,1.5115285999999999e6,1
0.237,use_SR3_cuts,0.012788374578128536,6,0.112,false,false,7.35,1.53116e6,1.5115789523809527e6,0
2.239,use_SR3_cuts,0.006370883514688619,10,0.553,false,false,7.35,1.528124e6,1.5183885e6,0
4.129,use_SR3_cuts,0.0055191856158269825,2,1.0255,false,false,7.35,1.528124e6,1.51969e6,0
4.537,use_SR3_cuts,0.0031710896378948084,1,1.127,false,false,7.35,1.528124e6,1.5232781818181816e6,0
2.197,use_SR3_cuts,0.0030110585484776076,1,1.0895,false,false,7.35,1.528124e6,1.5235227291666663e6,0
1.452,use_SR3_cuts,0.0029794702524139627,1,1.438,false,false,7.35,1.528124e6,1.5235710000000002e6,0
1.688,use_SR3_cuts,0.002873767890701595,10,1.673,false,false,7.35,1.528124e6,1.5237325263157894e6,0
6.745,none,0.0,0,3.3554999999999997,true,false,7.35,1.528124e6,1.528124e6,0
