CG_time_taken,method,CG_LP_IP_gap,implemented_SR3_cuts_count,CG_sp_time_taken_mean,converged,time_limit_reached,ngroute_neighborhood_size,CGIP_objective,CGLP_objective,cycles_lookup_length
0.761,use_adaptive_ngroute,0.2584019792634278,0,0.050749999999999997,false,false,5.0,1.84805e6,1.3705102222222222e6,20
0.623,use_adaptive_ngroute,0.009311540679028174,0,0.055600000000000004,false,false,6.949999999999999,1.485168e6,1.471338797752809e6,9
0.307,use_SR3_cuts,0.006635388499258155,2,0.06999999999999999,false,false,7.95,1.485168e6,1.4753133333333337e6,0
0.275,use_SR3_cuts,0.0029814808829707884,10,0.131,false,false,7.95,1.485168e6,1.48074e6,0
0.822,use_SR3_cuts,0.001918750381550316,2,0.1995,false,false,7.95,1.485168e6,1.4823183333333337e6,0
0.834,use_SR3_cuts,0.0018671288366030048,10,0.27133333333333337,false,false,7.95,1.485168e6,1.482395e6,0
0.802,use_SR3_cuts,0.0018671288366030048,10,0.26066666666666666,false,false,7.95,1.485168e6,1.482395e6,0
0.638,use_SR3_cuts,0.0018671288366030048,10,0.3095,false,false,7.95,1.485168e6,1.482395e6,0
0.313,none,0.0,0,0.298,true,false,7.95,1.485168e6,1.485168e6,0
