CG_time_taken,method,CG_LP_IP_gap,implemented_SR3_cuts_count,CG_sp_time_taken_mean,converged,time_limit_reached,ngroute_neighborhood_size,CGIP_objective,CGLP_objective,cycles_lookup_length
1.42,use_adaptive_ngroute,0.31413789782849444,0,0.0703529411764706,false,false,5.0,1.92855e6,1.322719357142857e6,20
0.726,use_adaptive_ngroute,0.04220925941511988,0,0.08325,false,false,8.200000000000001,1.54459e6,1.479394e6,1
0.29,use_SR3_cuts,0.033896373794987666,3,0.06625,false,false,8.25,1.54459e6,1.492234e6,0
1.74,use_adaptive_ngroute,0.019395697240044196,0,0.33359999999999995,false,false,8.25,1.54459e6,1.5146316e6,6
1.492,use_adaptive_ngroute,0.012631701616610091,0,0.36725,false,false,8.95,1.54459e6,1.5250792000000002e6,2
0.655,use_SR3_cuts,0.012631701616610314,2,0.321,false,false,9.05,1.54459e6,1.5250792e6,0
1.52,use_SR3_cuts,0.011127872121404425,2,0.5003333333333333,false,false,9.05,1.54459e6,1.527402e6,0
5.008,use_SR3_cuts,0.007442751798211855,1,1.2424999999999997,false,false,9.05,1.54459e6,1.533094e6,0
2.459,use_SR3_cuts,0.005891099471920236,1,1.2204999999999997,false,false,9.05,1.54459e6,1.5354906666666667e6,0
1.511,use_SR3_cuts,0.005255332051439687,10,1.498,false,false,9.05,1.54459e6,1.5364726666666667e6,0
3.59,use_SR3_cuts,0.0010073870735923807,10,1.7829999999999997,false,false,9.05,1.54459e6,1.543034e6,0
2.578,none,0.0,0,2.5620000000000003,true,false,9.05,1.54459e6,1.54459e6,0
