CG_time_taken,method,CG_LP_IP_gap,implemented_SR3_cuts_count,CG_sp_time_taken_mean,converged,time_limit_reached,ngroute_neighborhood_size,CGIP_objective,CGLP_objective,cycles_lookup_length
1.286,use_adaptive_ngroute,0.2951752465887292,0,0.07064285714285716,false,false,5.0,1.744733e6,1.2297310064935067e6,19
0.506,use_adaptive_ngroute,0.059631872431520905,0,0.06442857142857143,false,false,6.5,1.401851e6,1.318256e6,4
0.291,use_adaptive_ngroute,0.054142701328457665,0,0.053,false,false,7.0,1.401851e6,1.3259510000000002e6,2
0.093,use_adaptive_ngroute,0.054010336650931134,0,0.03950000000000001,false,false,7.2,1.401851e6,1.3261365555555555e6,4
0.216,use_adaptive_ngroute,0.05072436371625799,0,0.06633333333333333,false,false,7.4,1.401851e6,1.330743e6,2
0.121,use_adaptive_ngroute,0.05072436371625799,0,0.05550000000000001,false,false,7.799999999999999,1.401851e6,1.330743e6,2
0.293,use_SR3_cuts,0.015743536387239243,3,0.06825,false,false,7.95,1.352301e6,1.331011e6,0
0.727,use_SR3_cuts,0.007862524689399741,3,0.23600000000000002,false,false,7.95,1.352301e6,1.3416685e6,0
2.315,use_SR3_cuts,0.007726747882970564,2,0.57275,false,false,7.95,1.352301e6,1.341852111111111e6,0
2.984,use_SR3_cuts,0.000990164172029795,2,0.73975,false,false,7.95,1.352301e6,1.350962e6,0
1.035,use_SR3_cuts,0.00017008047764510703,10,0.51,false,false,7.95,1.352301e6,1.352071e6,0
3.562,none,0.0,0,1.1803333333333335,true,false,7.95,1.352301e6,1.352301e6,0
