CG_time_taken,method,CG_LP_IP_gap,implemented_SR3_cuts_count,CG_sp_time_taken_mean,converged,time_limit_reached,ngroute_neighborhood_size,CGIP_objective,CGLP_objective,cycles_lookup_length
2.365,use_adaptive_ngroute,0.9999786133182261,0,0.10235000000000002,false,false,5.0,6.0e10,1.2832009064327485e6,19
4.278,use_adaptive_ngroute,0.1315992272259211,0,0.295,false,false,6.25,1.61752e6,1.4046556179775281e6,13
1.254,use_adaptive_ngroute,0.036606510372744316,0,0.2036666666666667,false,false,7.8999999999999995,1.48225e6,1.4279899999999998e6,6
0.708,use_SR3_cuts,0.0356507561702365,6,0.2303333333333333,false,false,8.7,1.48225e6,1.429406666666667e6,0
8.517,use_SR3_cuts,0.03510204081632651,3,0.9404444444444443,false,false,8.7,1.48225e6,1.43022e6,0
68.712,use_SR3_cuts,0.015610146422589732,3,13.726600000000001,false,false,8.7,1.48225e6,1.4591118604651163e6,0
78.573,use_SR3_cuts,0.014947353203382807,10,15.6996,false,false,8.7,1.48225e6,1.460094285714286e6,0
54.352,use_SR3_cuts,0.004398718164951743,10,10.8362,false,false,8.7,1.48225e6,1.4757300000000002e6,0
93.312,none,0.0,0,46.6365,true,false,8.7,1.48225e6,1.48225e6,0
