CG_time_taken,method,CG_LP_IP_gap,implemented_SR3_cuts_count,CG_sp_time_taken_mean,converged,time_limit_reached,ngroute_neighborhood_size,CGIP_objective,CGLP_objective,cycles_lookup_length
2.713,use_adaptive_ngroute,0.3810549917889414,0,0.11968421052631578,false,false,5.0,2.097484e6,1.298227251602564e6,22
4.336,use_adaptive_ngroute,0.11098308275974367,0,0.3230769230769231,false,false,8.291666666666666,1.663694e6,1.479052111111111e6,2
1.089,use_SR3_cuts,0.11095466395602338,5,0.3543333333333334,false,false,8.375,1.663694e6,1.4790993913043477e6,0
16.384,none,0.0,0,3.263,true,false,8.375,1.4955e6,1.4955e6,0
