CG_time_taken,method,CG_LP_IP_gap,implemented_SR3_cuts_count,CG_sp_time_taken_mean,converged,time_limit_reached,ngroute_neighborhood_size,CGIP_objective,CGLP_objective,cycles_lookup_length
2.408,use_adaptive_ngroute,0.2713422940312482,0,0.12953333333333333,false,false,5.0,1.97508e6,1.4391572619047624e6,24
2.485,use_adaptive_ngroute,0.1082735509019973,0,0.1790769230769231,false,false,8.708333333333334,1.777278e6,1.5848458e6,11
1.183,use_adaptive_ngroute,0.052998607391472885,0,0.22699999999999998,false,false,10.125000000000002,1.69527e6,1.6054230508474577e6,8
0.923,use_SR3_cuts,0.05284998849740752,5,0.22125,false,false,10.75,1.69527e6,1.605675e6,0
8.31,use_SR3_cuts,0.04087160157379077,2,1.1705714285714286,false,false,10.75,1.69527e6,1.6259815999999996e6,0
7.605,use_adaptive_ngroute,0.037115236967462883,0,1.5086,false,false,10.75,1.69177e6,1.6289795555555553e6,5
4.426,use_SR3_cuts,0.03602735596446327,10,2.1965,false,false,11.25,1.69177e6,1.63082e6,0
13.738,use_SR3_cuts,0.022860081453152437,3,3.418,false,false,11.25,1.69177e6,1.6530960000000002e6,0
25.378,use_SR3_cuts,0.020858863793541738,1,6.32775,false,false,11.25,1.69177e6,1.6564815999999999e6,0
8.064,use_SR3_cuts,0.01964865200352295,10,4.0135,false,false,11.25,1.69177e6,1.658529e6,0
59.557,use_SR3_cuts,0.01865206263262742,10,14.85225,false,false,11.25,1.69177e6,1.660215e6,0
72.374,use_SR3_cuts,0.01384207073065491,10,24.071,false,false,11.25,1.69177e6,1.6683524e6,0
95.516,none,0.012067834280072187,0,23.843,false,false,11.25,1.69177e6,1.6713540000000023e6,0
