CG_time_taken,method,CG_LP_IP_gap,implemented_SR3_cuts_count,CG_sp_time_taken_mean,converged,time_limit_reached,ngroute_neighborhood_size,CGIP_objective,CGLP_objective,cycles_lookup_length
1.089,use_adaptive_ngroute,0.014969516337034472,0,0.05293750000000001,false,false,5.0,1.576866e6,1.5532610786516857e6,15
0.68,use_adaptive_ngroute,0.006636142635015774,0,0.06130000000000001,false,false,6.666666666666666,1.576866e6,1.5664016923076932e6,4
0.567,use_adaptive_ngroute,0.003037829466803088,0,0.07457142857142858,false,false,6.916666666666666,1.576866e6,1.57207575e6,1
0.373,use_SR3_cuts,0.002817614179010719,3,0.06060000000000001,false,false,6.958333333333333,1.576866e6,1.572423e6,0
0.535,none,0.0,0,0.257,true,false,6.958333333333333,1.576866e6,1.576866e6,0
