CG_time_taken,method,CG_LP_IP_gap,implemented_SR3_cuts_count,CG_sp_time_taken_mean,converged,time_limit_reached,ngroute_neighborhood_size,CGIP_objective,CGLP_objective,cycles_lookup_length
1.89,use_adaptive_ngroute,0.1721937988263168,0,0.08016666666666666,false,false,5.0,1.72969e6,1.4318481081081082e6,22
2.017,use_adaptive_ngroute,0.11935479108223834,0,0.17327272727272727,false,false,6.875,1.69325e6,1.4911525e6,12
2.104,use_adaptive_ngroute,0.09344928647293249,0,0.25425000000000003,false,false,7.708333333333333,1.66964e6,1.513613333333333e6,8
1.36,none,0.09283438345990758,0,0.26420000000000005,false,false,8.125,1.66964e6,1.51464e6,0
