CG_time_taken,method,CG_LP_IP_gap,implemented_SR3_cuts_count,CG_sp_time_taken_mean,converged,time_limit_reached,ngroute_neighborhood_size,CGIP_objective,CGLP_objective,cycles_lookup_length
2.141,use_adaptive_ngroute,0.9998542801845284,0,0.10805882352941175,false,false,5.0,1.000194076e10,1.4574809619047618e6,23
2.019,use_adaptive_ngroute,0.10599508616351161,0,0.15891666666666668,false,false,7.75,1.750567e6,1.5650155e6,4
1.002,use_adaptive_ngroute,0.09834235136387237,0,0.16033333333333333,false,false,8.041666666666666,1.750567e6,1.578412125e6,14
1.242,use_SR3_cuts,0.0956886159360556,4,0.24180000000000001,false,false,9.625,1.750567e6,1.583057666666667e6,0
14.278,use_SR3_cuts,0.002871393781777587,7,2.359,false,false,9.625,1.603104e6,1.5985008571428573e6,0
8.954,none,0.0,0,2.9706666666666663,true,false,9.625,1.603104e6,1.603104e6,0
