CG_time_taken,method,CG_LP_IP_gap,implemented_SR3_cuts_count,CG_sp_time_taken_mean,converged,time_limit_reached,ngroute_neighborhood_size,CGIP_objective,CGLP_objective,cycles_lookup_length
1.609,use_adaptive_ngroute,0.16261460262629812,0,0.08168750000000001,false,false,5.0,1.82045e6,1.5244182466489556e6,16
1.287,use_adaptive_ngroute,0.048247336698524435,0,0.10963636363636364,false,false,6.333333333333333,1.649832e6,1.570232e6,1
0.565,use_adaptive_ngroute,0.04663505132643808,0,0.1056,false,false,6.375,1.649832e6,1.572892e6,6
0.594,use_adaptive_ngroute,0.04465378899184891,0,0.09316666666666668,false,false,6.916666666666666,1.649832e6,1.57616075e6,8
0.325,use_SR3_cuts,0.04429743957768639,3,0.10133333333333333,false,false,7.333333333333334,1.649832e6,1.5767486666666665e6,0
3.787,none,0.0,0,0.5344285714285715,true,false,7.333333333333334,1.577692e6,1.577692e6,0
