CG_time_taken,method,CG_LP_IP_gap,implemented_SR3_cuts_count,CG_sp_time_taken_mean,converged,time_limit_reached,ngroute_neighborhood_size,CGIP_objective,CGLP_objective,cycles_lookup_length
2.933,use_adaptive_ngroute,0.32919965913578175,0,0.15168750000000003,false,false,5.0,1.961778e6,1.3159613510999244e6,23
2.458,use_adaptive_ngroute,0.14610228046192653,0,0.13605882352941176,false,false,6.541666666666667,1.74833e6,1.492895e6,6
1.423,use_SR3_cuts,0.09741667066903603,10,0.1517777777777778,false,false,6.875,1.66568e6,1.503415e6,0
2.203,use_SR3_cuts,0.051120668006027103,10,0.5427500000000001,false,false,6.875,1.5928e6,1.511375e6,0
6.113,use_adaptive_ngroute,0.038231939561359396,0,1.503,false,false,6.875,1.5928e6,1.5319041666666667e6,6
9.914,use_adaptive_ngroute,0.03782973903398634,0,1.6291666666666667,false,false,7.416666666666667,1.5928e6,1.5325447916666665e6,1
3.498,use_SR3_cuts,0.03706680060271206,5,1.726,false,false,7.458333333333333,1.5928e6,1.5337600000000002e6,0
13.653,use_SR3_cuts,0.0333284153691612,3,4.535666666666667,false,false,7.458333333333333,1.5928e6,1.5397145e6,0
23.516,use_SR3_cuts,0.03311903566047214,1,5.85925,false,false,7.458333333333333,1.5928e6,1.540048e6,0
33.18,use_SR3_cuts,0.03284467604218988,1,8.26825,false,false,7.458333333333333,1.5928e6,1.540485e6,0
15.535,none,0.03241147664490207,0,7.751,false,false,7.458333333333333,1.5928e6,1.541175e6,0
