CG_time_taken,method,CG_LP_IP_gap,implemented_SR3_cuts_count,CG_sp_time_taken_mean,converged,time_limit_reached,ngroute_neighborhood_size,CGIP_objective,CGLP_objective,cycles_lookup_length
4.198,use_adaptive_ngroute,0.42469284772759996,0,0.27616666666666667,false,false,5.0,2.1495e6,1.236622723809524e6,24
3.745,use_adaptive_ngroute,0.026926956062626517,0,0.30150000000000005,false,false,8.708333333333334,1.47733e6,1.43755e6,1
1.477,use_SR3_cuts,0.013955360889993496,1,0.23666666666666666,false,false,8.75,1.463022e6,1.442605e6,0
2.818,use_SR3_cuts,0.009802996810710951,1,0.5536000000000001,false,false,8.75,1.463022e6,1.44868e6,0
5.476,none,0.0,0,0.5382,true,false,8.75,1.463022e6,1.463022e6,0
