CG_time_taken,method,CG_LP_IP_gap,implemented_SR3_cuts_count,CG_sp_time_taken_mean,converged,time_limit_reached,ngroute_neighborhood_size,CGIP_objective,CGLP_objective,cycles_lookup_length
1.959,use_adaptive_ngroute,0.41732681770648794,0,0.10181250000000001,false,false,5.0,2.31418e6,1.3484106249999998e6,20
3.054,use_adaptive_ngroute,0.13883474636326454,0,0.2213076923076923,false,false,7.375,1.74316e6,1.5011488235294118e6,8
2.13,use_adaptive_ngroute,0.12805418859653706,0,0.34583333333333344,false,false,8.041666666666666,1.74316e6,1.5199410606060605e6,3
1.772,use_SR3_cuts,0.06839437635096257,7,0.434,false,false,8.375,1.645854e6,1.533286842105263e6,0
44.446,use_adaptive_ngroute,0.0037428549457872995,0,7.362500000000001,false,false,8.375,1.56052e6,1.5546792e6,1
12.048,use_SR3_cuts,0.003667275743250542,1,6.002000000000001,false,false,8.416666666666666,1.56052e6,1.5547971428571427e6,0
20.113,use_SR3_cuts,0.003199254094788939,10,10.0375,false,false,8.416666666666666,1.56052e6,1.5555275e6,0
107.995,none,0.0,0,26.968,true,false,8.416666666666666,1.56052e6,1.56052e6,0
