CG_time_taken,method,CG_LP_IP_gap,implemented_SR3_cuts_count,CG_sp_time_taken_mean,converged,time_limit_reached,ngroute_neighborhood_size,CGIP_objective,CGLP_objective,cycles_lookup_length
1.47,use_adaptive_ngroute,0.13727488299657697,0,0.059263157894736844,false,false,5.0,1.90905e6,1.6469853846153847e6,14
0.886,use_adaptive_ngroute,0.05273801555224622,0,0.08733333333333332,false,false,6.291666666666667,1.80673e6,1.7114466451612902e6,16
1.273,use_adaptive_ngroute,0.0009694981523700186,0,0.13188888888888892,false,false,8.0,1.72383e6,1.72215875e6,7
0.706,use_SR3_cuts,0.0005539989442114868,3,0.13299999999999998,false,false,8.291666666666666,1.72383e6,1.722875e6,0
1.179,none,0.0,0,0.3823333333333333,true,false,8.291666666666666,1.72383e6,1.72383e6,0
