CG_time_taken,method,CG_LP_IP_gap,implemented_SR3_cuts_count,CG_sp_time_taken_mean,converged,time_limit_reached,ngroute_neighborhood_size,CGIP_objective,CGLP_objective,cycles_lookup_length
1.256,use_adaptive_ngroute,0.3196880935982702,0,0.047150000000000004,false,false,5.0,1.975704e6,1.3440949547255232e6,15
0.725,use_adaptive_ngroute,0.13526069171114175,0,0.07122222222222223,false,false,6.0,1.642658e6,1.4204709426751593e6,9
0.537,use_adaptive_ngroute,0.025549842241842535,0,0.08199999999999999,false,false,7.550000000000001,1.471028e6,1.4334434666666668e6,4
0.211,use_adaptive_ngroute,0.024084200527340838,0,0.098,false,false,7.8999999999999995,1.471028e6,1.4355994666666668e6,3
0.372,use_adaptive_ngroute,0.02324288411460107,0,0.08675000000000001,false,false,8.05,1.471028e6,1.4368370666666667e6,7
0.14,use_SR3_cuts,0.02315810591111933,3,0.131,false,false,8.5,1.471028e6,1.436961777777778e6,0
3.021,use_SR3_cuts,0.014285618937603939,10,0.4966666666666667,false,false,8.5,1.471028e6,1.4500134545454544e6,0
4.918,none,0.007256150120867888,0,1.6176666666666664,false,false,8.5,1.471028e6,1.460354e6,0
