CG_time_taken,method,CG_LP_IP_gap,implemented_SR3_cuts_count,CG_sp_time_taken_mean,converged,time_limit_reached,ngroute_neighborhood_size,CGIP_objective,CGLP_objective,cycles_lookup_length
1.389,use_adaptive_ngroute,0.2353477037735786,0,0.07406666666666667,false,false,5.0,1.99298e6,1.5239367333333334e6,11
1.267,use_adaptive_ngroute,0.052166796836404905,0,0.09483333333333333,false,false,5.874999999999999,1.700344e6,1.6116425e6,24
2.271,use_SR3_cuts,0.0009556119278300024,10,0.11794444444444445,false,false,7.791666666666666,1.63595e6,1.6343866666666665e6,0
2.101,none,0.0,0,0.4102,true,false,7.791666666666666,1.63595e6,1.63595e6,0
