CG_time_taken,method,CG_LP_IP_gap,implemented_SR3_cuts_count,CG_sp_time_taken_mean,converged,time_limit_reached,ngroute_neighborhood_size,CGIP_objective,CGLP_objective,cycles_lookup_length
1.1,use_adaptive_ngroute,0.2859685294347615,0,0.05637500000000002,false,false,5.0,1.79052e6,1.2784876286764708e6,19
1.39,use_adaptive_ngroute,0.0423954469036385,0,0.08373333333333334,false,false,7.0,1.47462e6,1.4121028260869565e6,12
0.848,use_adaptive_ngroute,0.03540601420478939,0,0.13533333333333336,false,false,8.65,1.47462e6,1.4224095833333335e6,5
0.433,use_SR3_cuts,0.035042172823431916,5,0.1376666666666667,false,false,9.299999999999999,1.47462e6,1.4229461111111108e6,0
5.807,use_adaptive_ngroute,0.02209247128073677,0,0.5730999999999999,false,false,9.299999999999999,1.47462e6,1.442042e6,5
2.519,use_SR3_cuts,0.02180697400008136,1,0.831,false,false,9.549999999999999,1.47462e6,1.442463e6,0
2.088,none,0.02091047185037498,0,0.6876666666666666,false,false,9.549999999999999,1.47462e6,1.443785e6,0
