CG_time_taken,method,CG_LP_IP_gap,implemented_SR3_cuts_count,CG_sp_time_taken_mean,converged,time_limit_reached,ngroute_neighborhood_size,CGIP_objective,CGLP_objective,cycles_lookup_length
2.816,use_adaptive_ngroute,0.3678772608736287,0,0.14931250000000004,false,false,5.0,2.17961e6,1.37778104342723e6,23
1.943,use_adaptive_ngroute,0.08356309810388696,0,0.12173333333333335,false,false,7.083333333333333,1.68354e6,1.542858181818182e6,6
0.799,use_SR3_cuts,0.0789161438685656,6,0.1504,false,false,7.708333333333333,1.68354e6,1.5506815151515151e6,0
4.001,use_SR3_cuts,0.042901854077567414,1,0.6548333333333334,false,false,7.708333333333333,1.63909e6,1.56877e6,0
1.368,use_SR3_cuts,0.042901854077567414,10,0.4466666666666667,false,false,7.708333333333333,1.63909e6,1.56877e6,0
22.806,use_adaptive_ngroute,0.0007229818140442879,0,3.784666666666667,false,false,7.708333333333333,1.58199e6,1.58084625e6,1
4.608,none,0.0,0,2.2875,true,false,7.916666666666667,1.58199e6,1.58199e6,0
