CG_time_taken,method,CG_LP_IP_gap,implemented_SR3_cuts_count,CG_sp_time_taken_mean,converged,time_limit_reached,ngroute_neighborhood_size,CGIP_objective,CGLP_objective,cycles_lookup_length
29.057,use_adaptive_ngroute,0.5086422012599647,0,1.5744117647058824,false,false,5.0,2.45874e6,1.2081210740740742e6,24
4.553,use_adaptive_ngroute,0.04105716395439152,0,0.26218749999999996,false,false,8.291666666666666,1.4897e6,1.428537142857143e6,10
1.416,use_adaptive_ngroute,0.036378129824796934,0,0.33975,false,false,9.875,1.4897e6,1.4355075e6,4
2.082,use_SR3_cuts,0.031677518963549756,10,0.33766666666666667,false,false,10.041666666666666,1.4897e6,1.44251e6,0
8.9,use_SR3_cuts,0.026678525877693482,3,1.4675,false,false,10.041666666666666,1.4897e6,1.449957e6,0
13.774,none,0.02370151626856387,0,3.424,false,false,10.041666666666666,1.489314e6,1.454015e6,0
