CG_time_taken,method,CG_LP_IP_gap,implemented_SR3_cuts_count,CG_sp_time_taken_mean,converged,time_limit_reached,ngroute_neighborhood_size,CGIP_objective,CGLP_objective,cycles_lookup_length
2.927,use_adaptive_ngroute,0.3857492112973465,0,0.12994444444444445,false,false,5.0,2.17941e6,1.33870431140645e6,14
3.302,use_adaptive_ngroute,0.10001024480997933,0,0.21964285714285717,false,false,5.874999999999999,1.62684e6,1.4641393333333333e6,7
1.758,use_SR3_cuts,0.07400574119151271,5,0.21187500000000004,false,false,6.666666666666666,1.62684e6,1.5064444999999995e6,0
3.727,use_adaptive_ngroute,0.06994234220943674,0,1.2326666666666668,false,false,6.666666666666666,1.62684e6,1.513055e6,1
1.972,use_SR3_cuts,0.06992834096913159,3,0.9754999999999999,false,false,7.0,1.62684e6,1.513077777777778e6,0
9.118,use_SR3_cuts,0.000442926974535518,10,2.269,false,false,7.0,1.51589e6,1.5152185714285714e6,0
12.894,none,0.0,0,4.2843333333333335,true,false,7.0,1.51589e6,1.51589e6,0
