CG_time_taken,method,CG_LP_IP_gap,implemented_SR3_cuts_count,CG_sp_time_taken_mean,converged,time_limit_reached,ngroute_neighborhood_size,CGIP_objective,CGLP_objective,cycles_lookup_length
2.981,use_adaptive_ngroute,0.43449203256732294,0,0.1718,false,false,5.0,2.46501e6,1.3939827948012233e6,24
5.461,use_adaptive_ngroute,0.030827927792024923,0,0.25739999999999996,false,false,8.625,1.59096e6,1.541914e6,5
1.339,use_adaptive_ngroute,0.02750331037025855,0,0.1761428571428571,false,false,9.333333333333334,1.59096e6,1.5472033333333335e6,1
1.625,use_SR3_cuts,0.02750331037025855,2,0.2197142857142857,false,false,9.375,1.59096e6,1.5472033333333335e6,0
2.786,use_SR3_cuts,0.02345753507316295,1,0.5444,false,false,9.375,1.59096e6,1.5536400000000007e6,0
2.366,use_SR3_cuts,0.020201639261829385,10,0.7726666666666667,false,false,9.375,1.59096e6,1.55882e6,0
5.261,none,0.020201639261829385,0,1.2935,false,false,9.375,1.59096e6,1.55882e6,0
