CG_time_taken,method,CG_LP_IP_gap,implemented_SR3_cuts_count,CG_sp_time_taken_mean,converged,time_limit_reached,ngroute_neighborhood_size,CGIP_objective,CGLP_objective,cycles_lookup_length
2.279,use_adaptive_ngroute,0.3571135007910471,0,0.1226875,false,false,5.0,2.00504e6,1.289013146373919e6,24
2.256,use_adaptive_ngroute,0.04295628617381564,0,0.17658333333333337,false,false,7.666666666666667,1.518805e6,1.453562777777778e6,10
1.479,use_SR3_cuts,0.04124671322896245,1,0.14040000000000002,false,false,8.625,1.518805e6,1.4561592857142857e6,0
1.532,use_SR3_cuts,0.03759863840321831,10,0.5013333333333334,false,false,8.625,1.518805e6,1.4617e6,0
2.479,none,0.026121786429248783,0,0.6087499999999999,false,false,8.625,1.51856e6,1.4788925e6,0
