CG_time_taken,method,CG_LP_IP_gap,implemented_SR3_cuts_count,CG_sp_time_taken_mean,converged,time_limit_reached,ngroute_neighborhood_size,CGIP_objective,CGLP_objective,cycles_lookup_length
2.163,use_adaptive_ngroute,0.2907188281260994,0,0.09988888888888887,false,false,5.0,1.98231e6,1.406015159817352e6,15
2.369,use_adaptive_ngroute,0.1325824413025246,0,0.1680769230769231,false,false,6.166666666666667,1.68886e6,1.4649468181818184e6,6
0.743,use_adaptive_ngroute,0.1291157940859513,0,0.1382,false,false,6.458333333333334,1.68886e6,1.4708015000000002e6,8
1.4,use_adaptive_ngroute,0.127541181625475,0,0.19071428571428573,false,false,7.083333333333333,1.68886e6,1.4734608000000003e6,3
0.649,use_adaptive_ngroute,0.12740956803815773,0,0.1535,false,false,7.291666666666667,1.68886e6,1.473683076923077e6,2
0.64,use_adaptive_ngroute,0.12715497577120227,0,0.1525,false,false,7.375,1.68886e6,1.4741130476190473e6,3
0.987,use_SR3_cuts,0.127047101264676,5,0.2395,false,false,8.208333333333334,1.68886e6,1.4742952325581394e6,0
22.109,use_adaptive_ngroute,0.004190783688362121,0,3.6606666666666667,false,false,8.208333333333334,1.52382e6,1.517434e6,5
8.017,use_adaptive_ngroute,0.0028238748166299343,0,1.9889999999999999,false,false,8.5,1.52382e6,1.519516923076923e6,8
9.951,use_adaptive_ngroute,0.0021448290043005747,0,1.6481666666666668,false,false,9.541666666666666,1.52382e6,1.5205516666666667e6,7
9.148,use_SR3_cuts,0.0008581191004310984,2,2.2775000000000003,false,false,10.041666666666666,1.52382e6,1.522512380952381e6,0
2.361,none,0.0007349949469097616,0,2.345,false,false,10.041666666666666,1.52382e6,1.5227e6,0
