seed,n_customers,ngroute_neighborhood_size,ngroute_neighborhood_depots_size,ngroute_neighborhood_charging_size,method,ngroute_alt,time_taken_first,time_taken_total,time_taken_total_SR3,n_iterations,n_CG_iterations,sp_time_taken_mean_first,sp_time_taken_mean_last,sp_time_taken_mean_last_SR3,LP_objective_first,LP_objective_last,LP_objective_last_SR3,IP_objective_first,IP_objective_last,IP_objective_last_SR3,LP_IP_gap_first,LP_IP_gap_last,LP_IP_gap_last_SR3
1,16,4,small,small,ours,true,0.565,0.9009999999999999,1.146,4,21,0.02245454545454546,0.037500000000000006,0.243,640498.4047619049,674785.5,675981.5,686313.0,686313.0,686313.0,6.675466622094461,1.6796272254787525,0.015053627135140912
1,16,4,small,small,ours,false,0.331,1.1980000000000002,1.451,4,22,0.02572727272727273,0.0985,0.125,640498.4047619049,674785.5,675981.5,686313.0,686313.0,686313.0,6.675466622094461,1.6796272254787525,0.015053627135140912
2,16,4,small,small,ours,true,0.2,0.28200000000000003,0.28200000000000003,2,20,0.011200000000000002,0.015000000000000001,0.015000000000000001,905256.0,935864.0,935864.0,1.105584e6,935864.0,935864.0,18.119654408891595,0.0,0.0
2,16,4,small,small,ours,false,0.227,0.373,0.373,2,20,0.012800000000000004,0.0276,0.0276,905256.0,935864.0,935864.0,1.105584e6,935864.0,935864.0,18.119654408891595,0.0,0.0
3,16,4,small,small,ours,true,0.454,0.6679999999999999,1.435,4,28,0.0243125,0.026999999999999996,0.382,630433.5,648910.0,649010.0,695152.0,649010.0,649010.0,9.309978249361295,0.015408083080381552,0.0
3,16,4,small,small,ours,false,0.554,1.0550000000000002,1.8030000000000002,4,30,0.030375,0.11100000000000002,0.18575000000000003,630433.5,648910.0,649010.0,695152.0,649010.0,649010.0,9.309978249361295,0.015408083080381552,0.0
4,16,4,small,small,ours,true,0.351,0.663,0.663,2,17,0.025454545454545462,0.05,0.05,524486.3333333334,535531.0,535531.0,535531.0,535531.0,535531.0,2.062376718932546,0.0,0.0
4,16,4,small,small,ours,false,0.366,1.8039999999999998,1.8039999999999998,2,17,0.028909090909090916,0.23766666666666666,0.23766666666666666,524486.3333333334,535531.0,535531.0,535531.0,535531.0,535531.0,2.062376718932546,0.0,0.0
5,16,4,small,small,ours,true,2.74,3.9030000000000005,4.406000000000001,5,34,0.15041176470588233,0.077,0.502,563581.0,630043.9999999999,633472.0,649802.0,633472.0,633472.0,13.26881111477034,0.5411446756920735,0.0
5,16,4,small,small,ours,false,2.819,5.686,6.483,5,36,0.15511764705882358,0.20516666666666664,0.26366666666666666,563581.0,630043.9999999999,633472.0,649802.0,633472.0,633472.0,13.26881111477034,0.5411446756920735,0.0
6,16,4,small,small,ours,true,0.324,0.527,2.9259999999999997,8,28,0.01978571428571429,0.023625,0.85,675755.0,705972.0,712344.0,782514.0,712344.0,712344.0,13.643078590287205,0.894511640443385,0.0
6,16,4,small,small,ours,false,0.366,0.884,2.3979999999999997,8,36,0.019071428571428576,0.06275,0.14450000000000002,675755.0,705972.0,712344.0,782514.0,712344.0,712344.0,13.643078590287205,0.894511640443385,0.0
7,16,4,small,small,ours,true,0.189,0.388,0.526,4,22,0.013583333333333336,0.01725,0.136,638485.0,694920.0,695530.0,723530.0,695530.0,695530.0,11.7541774356281,0.08770290282230642,0.0
7,16,4,small,small,ours,false,0.192,0.694,0.8099999999999999,4,23,0.011916666666666667,0.04975,0.05700000000000001,638485.0,694920.0,695530.0,723530.0,695530.0,695530.0,11.7541774356281,0.08770290282230642,0.0
8,16,4,small,small,ours,true,0.37,1.393,1.393,4,30,0.02683333333333334,0.037,0.037,656979.5,678792.0,678792.0,718182.0,678792.0,678792.0,8.52186493117344,0.0,0.0
8,16,4,small,small,ours,false,0.432,4.775,4.775,4,30,0.031916666666666677,0.2642,0.2642,656979.5,678792.0,678792.0,718182.0,678792.0,678792.0,8.52186493117344,0.0,0.0
9,16,4,small,small,ours,true,0.272,0.35300000000000004,0.35300000000000004,2,16,0.019500000000000003,0.0115,0.0115,659363.3333333334,660230.0,660230.0,739600.0,660230.0,660230.0,10.848656931674771,0.0,0.0
9,16,4,small,small,ours,false,0.301,0.507,0.507,2,16,0.025000000000000005,0.03266666666666666,0.03266666666666666,659363.3333333334,660230.0,660230.0,739600.0,660230.0,660230.0,10.848656931674771,0.0,0.0
10,16,4,small,small,ours,true,1.673,7.373,7.373,3,37,0.08755555555555555,0.2275714285714286,0.2275714285714286,656928.888888889,712946.0,712946.0,827500.0,713300.0,713300.0,20.612823094998312,0.04962848731249192,0.0004962848731249192
10,16,4,small,small,ours,false,1.869,20.918999999999997,20.918999999999997,3,29,0.09605555555555556,1.4693333333333334,1.4693333333333334,656928.888888889,712946.0,712946.0,827500.0,713300.0,713300.0,20.612823094998312,0.04962848731249192,0.0004962848731249192
11,16,4,small,small,ours,true,0.353,2.101,2.101,3,28,0.019571428571428573,0.1362857142857143,0.1362857142857143,597335.3,647118.0,647118.0,686340.0,647118.0,647118.0,12.968018766209166,0.0,0.0
11,16,4,small,small,ours,false,0.415,46.989000000000004,46.989000000000004,3,29,0.025785714285714287,3.27,3.27,597335.3,647118.0,647118.0,686340.0,647118.0,647118.0,12.968018766209166,0.0,0.0
12,16,4,small,small,ours,true,0.28,0.43100000000000005,0.43100000000000005,2,20,0.017428571428571432,0.02366666666666667,0.02366666666666667,568540.0,580077.0,580077.0,652617.0,580077.0,580077.0,12.883053919833532,0.0,0.0
12,16,4,small,small,ours,false,0.345,0.6339999999999999,0.6339999999999999,2,20,0.02185714285714286,0.04666666666666666,0.04666666666666666,568540.0,580077.0,580077.0,652617.0,580077.0,580077.0,12.883053919833532,0.0,0.0
13,16,4,small,small,ours,true,0.303,0.44399999999999995,1.4669999999999999,6,21,0.021833333333333337,0.0335,0.20299999999999999,716791.5,756618.0,761288.0,766933.0,761288.0,761288.0,6.537924434077036,0.6134340748836231,0.0
13,16,4,small,small,ours,false,0.336,0.603,1.192,6,23,0.025000000000000005,0.06475,0.092,716791.5,756618.0,761288.0,766933.0,761288.0,761288.0,6.537924434077036,0.6134340748836231,0.0
14,16,4,small,small,ours,true,0.197,0.504,0.677,7,25,0.016300000000000002,0.016999999999999998,0.171,770203.3333333334,802301.0,804605.0,808150.0,808150.0,808150.0,4.695497947988203,0.7237517787539449,0.0043865619006372425
14,16,4,small,small,ours,false,0.259,0.7859999999999999,0.9359999999999999,7,26,0.022400000000000003,0.049,0.07350000000000001,770203.3333333334,802301.0,804605.0,808150.0,808150.0,808150.0,4.695497947988203,0.7237517787539449,0.0043865619006372425
15,16,4,small,small,ours,true,0.338,0.547,0.547,2,18,0.024333333333333335,0.03266666666666667,0.03266666666666667,685822.6923076924,748454.0,748454.0,756340.0,748454.0,748454.0,9.323493097324963,0.0,0.0
15,16,4,small,small,ours,false,0.382,0.817,0.817,2,19,0.027583333333333335,0.05971428571428571,0.05971428571428571,685822.6923076924,748454.0,748454.0,756340.0,748454.0,748454.0,9.323493097324963,0.0,0.0
16,16,4,small,small,ours,true,0.338,0.522,1.101,5,30,0.0171875,0.015181818181818187,0.286,819143.75,840765.0,844934.0,874900.0,844934.0,844934.0,6.372871185278317,0.4934113197007095,0.0
16,16,4,small,small,ours,false,0.381,0.847,1.2389999999999999,5,34,0.018437500000000002,0.04072727272727274,0.05,819143.75,840765.0,844934.0,874900.0,844934.0,844934.0,6.372871185278317,0.4934113197007095,0.0
17,16,4,small,small,ours,true,0.337,0.671,0.8330000000000001,4,27,0.018600000000000005,0.023666666666666666,0.159,735836.6666666667,799980.0,801710.0,845212.0,801710.0,801710.0,12.940579799308727,0.21578875154357746,0.0
17,16,4,small,small,ours,false,0.385,1.595,1.814,4,30,0.021800000000000007,0.094125,0.107,735836.6666666667,799980.0,801710.0,845212.0,801710.0,801710.0,12.940579799308727,0.21578875154357746,0.0
18,16,4,small,small,ours,true,0.443,0.818,2.2049999999999996,6,27,0.03166666666666667,0.034999999999999996,0.426,611795.0,663967.0,677437.0,719764.0,677437.0,677437.0,15.000611311485434,1.9883767789477091,0.0
18,16,4,small,small,ours,false,0.495,1.675,4.531,7,39,0.03616666666666667,0.12916666666666668,0.18433333333333335,611795.0,663967.0,675153.5,719764.0,677437.0,677437.0,15.000611311485434,1.9883767789477091,0.0033707931512451106
19,16,4,small,small,ours,true,0.368,0.865,0.865,2,25,0.024846153846153848,0.03941666666666667,0.03941666666666667,689036.0,692192.0,692192.0,692192.0,692192.0,692192.0,0.45594285978456384,0.0,0.0
19,16,4,small,small,ours,false,0.385,1.411,1.411,2,24,0.022307692307692313,0.09145454545454543,0.09145454545454543,689036.0,692192.0,692192.0,692192.0,692192.0,692192.0,0.45594285978456384,0.0,0.0
20,16,4,small,small,ours,true,0.237,0.446,0.446,5,27,0.016583333333333335,0.013749999999999998,0.013749999999999998,609971.6666666666,636720.0,636720.0,707878.0,636720.0,636720.0,13.830961455693402,0.0,0.0
20,16,4,small,small,ours,false,0.267,0.5569999999999999,0.5569999999999999,5,27,0.01941666666666667,0.0205,0.0205,609971.6666666666,636720.0,636720.0,707878.0,636720.0,636720.0,13.830961455693402,0.0,0.0
1,16,4,small,small,benchmark,true,1.529,2.444,2.6029999999999998,4,19,0.13770000000000002,0.104,0.156,640498.4047619047,674785.5,675981.5,686313.0,686313.0,686313.0,6.675466622094472,1.6796272254787525,0.015053627135140912
1,16,4,small,small,benchmark,false,2.084,3.4349999999999996,3.651,4,19,0.19190000000000002,0.16799999999999998,0.213,640498.4047619047,674785.5,675981.5,686313.0,686313.0,686313.0,6.675466622094472,1.6796272254787525,0.015053627135140912
2,16,4,small,small,benchmark,true,0.839,1.289,1.289,2,16,0.07270000000000001,0.0725,0.0725,905256.0,935864.0,935864.0,998840.0,935864.0,935864.0,9.369268351287497,0.0,0.0
2,16,4,small,small,benchmark,false,1.223,1.826,1.826,2,16,0.1165,0.09816666666666667,0.09816666666666667,905256.0,935864.0,935864.0,998840.0,935864.0,935864.0,9.369268351287497,0.0,0.0
3,16,4,small,small,benchmark,true,1.999,3.195,3.663,4,27,0.15591666666666668,0.10139999999999998,0.154,630433.5,648910.0,649010.0,655086.0,649010.0,649010.0,3.763246352387317,0.015408083080381552,0.0
3,16,4,small,small,benchmark,false,3.019,4.970000000000001,5.626,4,27,0.24258333333333337,0.16740000000000002,0.21633333333333335,630433.5,648910.0,649010.0,655086.0,649010.0,649010.0,3.763246352387317,0.015408083080381552,0.0
4,16,4,small,small,benchmark,true,2.027,2.887,2.887,2,19,0.14484615384615385,0.141,0.141,524486.3333333334,535531.0,535531.0,535531.0,535531.0,535531.0,2.062376718932546,0.0,0.0
4,16,4,small,small,benchmark,false,2.874,4.348,4.348,2,19,0.20861538461538462,0.24333333333333332,0.24333333333333332,524486.3333333334,535531.0,535531.0,535531.0,535531.0,535531.0,2.062376718932546,0.0,0.0
5,16,4,small,small,benchmark,true,34.664,37.81099999999999,38.78499999999999,5,34,2.4049285714285715,0.1552,0.32233333333333336,563581.0,630044.0,633472.0,792441.0,633472.0,633472.0,28.880383523820697,0.5411446756920624,0.0
5,16,4,small,small,benchmark,false,38.407,42.396,43.387,5,34,2.674571428571429,0.225,0.328,563581.0,630044.0,633472.0,792441.0,633472.0,633472.0,28.880383523820697,0.5411446756920624,0.0
6,16,4,small,small,benchmark,true,1.817,2.339,4.526999999999999,7,34,0.10475000000000001,0.08016666666666666,0.2845,675755.0,705972.0,712344.0,712344.0,712344.0,712344.0,5.1364228518805515,0.894511640443385,0.0
6,16,4,small,small,benchmark,false,2.561,3.411,6.1160000000000005,7,34,0.14975,0.1391666666666667,0.31000000000000005,675755.0,705972.0,712344.0,712344.0,712344.0,712344.0,5.1364228518805515,0.894511640443385,0.0
7,16,4,small,small,benchmark,true,0.788,1.455,1.56,5,21,0.07110000000000001,0.051,0.102,638485.0,694920.0,695530.0,748444.0,695530.0,695530.0,14.691680339477632,0.08770290282230642,0.0
7,16,4,small,small,benchmark,false,1.063,2.194,2.3409999999999997,5,21,0.09849999999999999,0.097,0.143,638485.0,694920.0,695530.0,748444.0,695530.0,695530.0,14.691680339477632,0.08770290282230642,0.0
8,16,4,small,small,benchmark,true,1.814,5.125000000000001,5.125000000000001,4,27,0.173,0.136,0.136,656979.5,678792.0,678792.0,688562.0,678792.0,678792.0,4.586732930367932,0.0,0.0
8,16,4,small,small,benchmark,false,2.7,8.822000000000001,8.822000000000001,4,27,0.2612,0.317,0.317,656979.5,678792.0,678792.0,688562.0,678792.0,678792.0,4.586732930367932,0.0,0.0
9,16,4,small,small,benchmark,true,1.511,1.778,1.778,2,14,0.16999999999999998,0.04016666666666667,0.04016666666666667,659363.3333333334,660230.0,660230.0,731076.0,660230.0,660230.0,9.809194484111995,0.0,0.0
9,16,4,small,small,benchmark,false,2.335,2.812,2.812,2,14,0.27375000000000005,0.07516666666666667,0.07516666666666667,659363.3333333334,660230.0,660230.0,731076.0,660230.0,660230.0,9.809194484111995,0.0,0.0
10,16,4,small,small,benchmark,true,12.457,23.917,23.917,3,29,0.752125,0.47225000000000006,0.47225000000000006,656928.888888889,712946.0,712946.0,769378.0,713300.0,713300.0,14.615587021088594,0.04962848731249192,0.0004962848731249192
10,16,4,small,small,benchmark,false,17.221,29.091,29.091,3,29,1.054,0.8957499999999999,0.8957499999999999,656928.888888889,712946.0,712946.0,769378.0,713300.0,713300.0,14.615587021088594,0.04962848731249192,0.0004962848731249192
11,16,4,small,small,benchmark,true,5.601,11.048,11.048,3,25,0.41792307692307684,0.5205714285714286,0.5205714285714286,597335.3,647118.0,647118.0,691528.0,647118.0,647118.0,13.620952441549717,0.0,0.0
11,16,4,small,small,benchmark,false,7.014,20.195999999999998,20.195999999999998,3,25,0.5296923076923077,1.1751428571428573,1.1751428571428573,597335.3,647118.0,647118.0,691528.0,647118.0,647118.0,13.620952441549717,0.0,0.0
12,16,4,small,small,benchmark,true,1.133,2.028,2.028,2,21,0.10359999999999998,0.07736363636363636,0.07736363636363636,568540.0,580077.0,580077.0,652617.0,580077.0,580077.0,12.883053919833532,0.0,0.0
12,16,4,small,small,benchmark,false,1.584,2.821,2.821,2,21,0.14709999999999998,0.10854545454545454,0.10854545454545454,568540.0,580077.0,580077.0,652617.0,580077.0,580077.0,12.883053919833532,0.0,0.0
13,16,4,small,small,benchmark,true,1.337,1.692,2.653,6,22,0.11181818181818182,0.08625000000000001,0.1625,716791.5,756618.0,761288.0,790983.0,761288.0,761288.0,9.379657969893163,0.6134340748836231,0.0
13,16,4,small,small,benchmark,false,1.845,2.39,3.508,6,22,0.15590909090909089,0.1335,0.177,716791.5,756618.0,761288.0,790983.0,761288.0,761288.0,9.379657969893163,0.6134340748836231,0.0
14,16,4,small,small,benchmark,true,0.89,1.5850000000000002,1.8090000000000002,7,24,0.0795,0.053,0.10999999999999999,770203.3333333334,802301.0,808150.0,808150.0,808150.0,808150.0,4.695497947988203,0.7237517787539449,0.0
14,16,4,small,small,benchmark,false,1.3,2.3890000000000002,2.672,7,24,0.12420000000000002,0.095,0.139,770203.3333333334,802301.0,808150.0,808150.0,808150.0,808150.0,4.695497947988203,0.7237517787539449,0.0
15,16,4,small,small,benchmark,true,1.252,1.708,1.708,2,15,0.123,0.07400000000000001,0.07400000000000001,685822.6923076923,748454.0,748454.0,777150.0,748454.0,748454.0,11.751567611440228,0.0,0.0
15,16,4,small,small,benchmark,false,1.701,2.457,2.457,2,15,0.17333333333333334,0.12416666666666666,0.12416666666666666,685822.6923076923,748454.0,748454.0,777150.0,748454.0,748454.0,11.751567611440228,0.0,0.0
16,16,4,small,small,benchmark,true,1.817,2.227,3.131,5,28,0.11026666666666667,0.06616666666666667,0.176,819143.7499999997,840765.0,844934.0,855100.0,844934.0,844934.0,4.204917553502552,0.4934113197007095,0.0
16,16,4,small,small,benchmark,false,2.304,2.9139999999999997,3.8839999999999995,5,28,0.14126666666666665,0.09949999999999999,0.17,819143.7499999997,840765.0,844934.0,855100.0,844934.0,844934.0,4.204917553502552,0.4934113197007095,0.0
17,16,4,small,small,benchmark,true,1.331,2.408,2.515,4,25,0.09430769230769229,0.06883333333333334,0.104,735836.6666666666,799980.0,801710.0,820480.0,801710.0,801710.0,10.316318902756116,0.21578875154357746,0.0
17,16,4,small,small,benchmark,false,2.047,4.117,4.312,4,25,0.14976923076923077,0.15766666666666665,0.191,735836.6666666666,799980.0,801710.0,820480.0,801710.0,801710.0,10.316318902756116,0.21578875154357746,0.0
18,16,4,small,small,benchmark,true,2.313,3.1220000000000003,7.553000000000001,8,42,0.21800000000000003,0.08925,0.21933333333333335,611795.0,663967.0,675153.5,686461.0,678467.0,677437.0,10.876947124454261,2.1371710046324988,0.0033707931512451106
18,16,4,small,small,benchmark,false,3.3,4.679,15.02,8,42,0.3125,0.163,0.25066666666666665,611795.0,663967.0,675153.5,686461.0,678467.0,677437.0,10.876947124454261,2.1371710046324988,0.0033707931512451106
19,16,4,small,small,benchmark,true,1.5,2.391,2.391,2,18,0.13630000000000003,0.10812499999999999,0.10812499999999999,689036.0,692192.0,692192.0,692192.0,692192.0,692192.0,0.45594285978456384,0.0,0.0
19,16,4,small,small,benchmark,false,2.0,3.3890000000000002,3.3890000000000002,2,18,0.1845,0.1705,0.1705,689036.0,692192.0,692192.0,692192.0,692192.0,692192.0,0.45594285978456384,0.0,0.0
20,16,4,small,small,benchmark,true,1.195,2.4290000000000003,2.4290000000000003,5,30,0.10879999999999998,0.0505,0.0505,609971.6666666666,636720.0,636720.0,729090.0,636720.0,636720.0,16.337946389791846,0.0,0.0
20,16,4,small,small,benchmark,false,1.758,3.6959999999999997,3.6959999999999997,5,30,0.1652,0.0875,0.0875,609971.6666666666,636720.0,636720.0,729090.0,636720.0,636720.0,16.337946389791846,0.0,0.0
1,16,4,small,medium,ours,true,0.593,0.96,1.298,4,22,0.04338461538461538,0.04033333333333333,0.335,660987.1666666666,674785.5,675981.5,686313.0,686313.0,686313.0,3.6901287507789315,1.6796272254787525,0.015053627135140912
1,16,4,small,medium,ours,false,2.169,3.547,4.464,4,26,0.1525714285714286,0.168,0.22775,660987.1666666666,674785.5,675981.5,686313.0,686313.0,686313.0,3.6901287507789315,1.6796272254787525,0.015053627135140912
2,16,4,small,medium,ours,true,0.296,0.296,0.296,1,10,0.0276,0.0276,0.0276,935864.0,935864.0,935864.0,935864.0,935864.0,935864.0,0.0,0.0,0.0
2,16,4,small,medium,ours,false,0.762,0.762,0.762,1,10,0.07440000000000001,0.07440000000000001,0.07440000000000001,935864.0,935864.0,935864.0,935864.0,935864.0,935864.0,0.0,0.0,0.0
3,16,4,small,medium,ours,true,1.038,1.038,3.3970000000000002,2,16,0.07715384615384617,0.07715384615384617,0.7843333333333333,648910.0,648910.0,649010.0,649010.0,649010.0,649010.0,0.015408083080381552,0.015408083080381552,0.0
3,16,4,small,medium,ours,false,4.966,4.966,5.775,2,14,0.41133333333333333,0.41133333333333333,0.402,648910.0,648910.0,649010.0,649010.0,649010.0,649010.0,0.015408083080381552,0.015408083080381552,0.0
4,16,4,small,medium,ours,true,0.568,0.568,0.568,1,9,0.05788888888888889,0.05788888888888889,0.05788888888888889,535531.0,535531.0,535531.0,535531.0,535531.0,535531.0,0.0,0.0,0.0
4,16,4,small,medium,ours,false,2.374,2.374,2.374,1,9,0.25855555555555554,0.25855555555555554,0.25855555555555554,535531.0,535531.0,535531.0,535531.0,535531.0,535531.0,0.0,0.0,0.0
5,16,4,small,medium,ours,true,1.438,1.438,2.435,2,14,0.10800000000000001,0.10800000000000001,0.995,630044.0,630044.0,633472.0,633472.0,633472.0,633472.0,0.5411446756920624,0.5411446756920624,0.0
5,16,4,small,medium,ours,false,4.571,4.571,5.632,2,15,0.3780833333333333,0.3780833333333333,0.351,630044.0,630044.0,633472.0,633472.0,633472.0,633472.0,0.5411446756920624,0.5411446756920624,0.0
6,16,4,small,medium,ours,true,0.433,0.6890000000000001,7.072,5,18,0.04555555555555556,0.0498,2.36,704872.0,705972.0,712344.0,712344.0,712344.0,712344.0,1.0489314151589713,0.894511640443385,0.0
6,16,4,small,medium,ours,false,2.347,2.945,4.725,5,22,0.17653846153846153,0.19766666666666666,0.309,704872.0,705972.0,712344.0,712344.0,712344.0,712344.0,1.0489314151589713,0.894511640443385,0.0
7,16,4,small,medium,ours,true,0.344,0.407,0.596,3,14,0.02927272727272727,0.03,0.187,694606.6666666667,694920.0,695530.0,695530.0,695530.0,695530.0,0.13275248132118556,0.08770290282230642,0.0
7,16,4,small,medium,ours,false,1.07,1.492,1.593,4,16,0.10479999999999999,0.065,0.099,694606.6666666667,694920.0,695530.0,695530.0,695530.0,695530.0,0.13275248132118556,0.08770290282230642,0.0
8,16,4,small,medium,ours,true,1.429,1.429,1.429,1,12,0.11458333333333337,0.11458333333333337,0.11458333333333337,678792.0,678792.0,678792.0,678792.0,678792.0,678792.0,0.0,0.0,0.0
8,16,4,small,medium,ours,false,4.323,4.323,4.323,1,12,0.35725000000000007,0.35725000000000007,0.35725000000000007,678792.0,678792.0,678792.0,678792.0,678792.0,678792.0,0.0,0.0,0.0
9,16,4,small,medium,ours,true,0.353,0.353,0.353,1,9,0.036222222222222225,0.036222222222222225,0.036222222222222225,660230.0,660230.0,660230.0,660230.0,660230.0,660230.0,0.0,0.0,0.0
9,16,4,small,medium,ours,false,1.312,1.312,1.312,1,10,0.1263,0.1263,0.1263,660230.0,660230.0,660230.0,660230.0,660230.0,660230.0,0.0,0.0,0.0
10,16,4,small,medium,ours,true,4.94,4.94,4.94,1,10,0.4895,0.4895,0.4895,712946.0,712946.0,712946.0,713300.0,713300.0,713300.0,0.04962848731249192,0.04962848731249192,0.0004962848731249192
10,16,4,small,medium,ours,false,22.85,22.85,22.85,1,13,1.7536153846153846,1.7536153846153846,1.7536153846153846,712946.0,712946.0,712946.0,713300.0,713300.0,713300.0,0.04962848731249192,0.04962848731249192,0.0004962848731249192
11,16,4,small,medium,ours,true,1.549,1.549,1.549,1,17,0.08705882352941177,0.08705882352941177,0.08705882352941177,647118.0,647118.0,647118.0,647118.0,647118.0,647118.0,0.0,0.0,0.0
11,16,4,small,medium,ours,false,4.862,4.862,4.862,1,17,0.2828823529411765,0.2828823529411765,0.2828823529411765,647118.0,647118.0,647118.0,647118.0,647118.0,647118.0,0.0,0.0,0.0
12,16,4,small,medium,ours,true,0.667,0.667,0.667,1,11,0.05854545454545455,0.05854545454545455,0.05854545454545455,580077.0,580077.0,580077.0,580077.0,580077.0,580077.0,0.0,0.0,0.0
12,16,4,small,medium,ours,false,2.299,2.299,2.299,1,11,0.2063636363636364,0.2063636363636364,0.2063636363636364,580077.0,580077.0,580077.0,580077.0,580077.0,580077.0,0.0,0.0,0.0
13,16,4,small,medium,ours,true,0.47,0.47,0.76,2,11,0.0442,0.0442,0.288,756618.0,756618.0,761288.0,761288.0,761288.0,761288.0,0.6134340748836231,0.6134340748836231,0.0
13,16,4,small,medium,ours,false,1.222,1.222,1.941,4,16,0.11959999999999998,0.11959999999999998,0.1165,756618.0,756618.0,761288.0,761288.0,761288.0,761288.0,0.6134340748836231,0.6134340748836231,0.0
14,16,4,small,medium,ours,true,0.422,0.584,1.8689999999999998,4,15,0.04433333333333334,0.03900000000000001,0.5750000000000001,801308.0,802301.0,808150.0,808150.0,808150.0,808150.0,0.8466250077337145,0.7237517787539449,0.0
14,16,4,small,medium,ours,false,1.422,1.632,1.9949999999999999,3,14,0.14000000000000004,0.10350000000000001,0.1795,801308.0,802301.0,804605.0,808150.0,808150.0,808150.0,0.8466250077337145,0.7237517787539449,0.0043865619006372425
15,16,4,small,medium,ours,true,0.436,0.436,0.436,1,8,0.051750000000000004,0.051750000000000004,0.051750000000000004,748454.0,748454.0,748454.0,748454.0,748454.0,748454.0,0.0,0.0,0.0
15,16,4,small,medium,ours,false,1.366,1.366,1.366,1,8,0.168375,0.168375,0.168375,748454.0,748454.0,748454.0,748454.0,748454.0,748454.0,0.0,0.0,0.0
16,16,4,small,medium,ours,true,0.681,0.767,1.5799999999999998,5,28,0.029090909090909087,0.026666666666666665,0.35,840765.0,840765.0,845704.0,955230.0,845704.0,845704.0,11.982977921547688,0.5840104812085523,0.0
16,16,4,small,medium,ours,false,2.119,2.536,3.652,5,30,0.1096842105263158,0.09724999999999999,0.195,840765.0,840765.0,844934.0,955230.0,844934.0,844934.0,11.982977921547688,0.4934113197007095,0.0
17,16,4,small,medium,ours,true,0.331,0.331,0.5720000000000001,2,10,0.034,0.034,0.23900000000000002,799980.0,799980.0,801710.0,801710.0,801710.0,801710.0,0.21578875154357746,0.21578875154357746,0.0
17,16,4,small,medium,ours,false,1.233,1.5350000000000001,1.7890000000000001,3,14,0.13455555555555557,0.09866666666666668,0.126,789933.3333333334,799980.0,801710.0,801710.0,801710.0,801710.0,1.4689434666733114,0.21578875154357746,0.0
18,16,4,small,medium,ours,true,0.574,0.574,2.9539999999999997,4,15,0.047181818181818186,0.047181818181818186,0.516,663967.0,663967.0,676467.0,678737.0,678737.0,678737.0,2.176100610398435,2.176100610398435,0.0033444471127992426
18,16,4,small,medium,ours,false,2.63,2.63,6.406,6,26,0.2360909090909091,0.2360909090909091,0.29966666666666664,663967.0,663967.0,675153.5,677437.0,677437.0,677437.0,1.9883767789477091,1.9883767789477091,0.0033707931512451106
19,16,4,small,medium,ours,true,0.76,0.76,0.76,1,12,0.06091666666666667,0.06091666666666667,0.06091666666666667,692192.0,692192.0,692192.0,692192.0,692192.0,692192.0,0.0,0.0,0.0
19,16,4,small,medium,ours,false,2.595,2.595,2.595,1,13,0.1971538461538462,0.1971538461538462,0.1971538461538462,692192.0,692192.0,692192.0,692192.0,692192.0,692192.0,0.0,0.0,0.0
20,16,4,small,medium,ours,true,0.521,0.626,0.626,2,17,0.03500000000000001,0.026000000000000002,0.026000000000000002,635136.0,636720.0,636720.0,636720.0,636720.0,636720.0,0.24877497173011465,0.0,0.0
20,16,4,small,medium,ours,false,1.904,2.3409999999999997,2.3409999999999997,2,18,0.13214285714285712,0.1075,0.1075,635136.0,636720.0,636720.0,636720.0,636720.0,636720.0,0.24877497173011465,0.0,0.0
1,16,4,small,medium,benchmark,true,1.577,2.7,2.8930000000000002,4,24,0.10628571428571429,0.10733333333333334,0.19,660987.1666666667,674785.5,675981.5,686313.0,686313.0,686313.0,3.6901287507789093,1.6796272254787525,0.015053627135140912
1,16,4,small,medium,benchmark,false,2.745,4.824,5.1129999999999995,4,24,0.19064285714285714,0.21166666666666667,0.286,660987.1666666667,674785.5,675981.5,686313.0,686313.0,686313.0,3.6901287507789093,1.6796272254787525,0.015053627135140912
2,16,4,small,medium,benchmark,true,0.923,0.923,0.923,1,9,0.0991111111111111,0.0991111111111111,0.0991111111111111,935864.0,935864.0,935864.0,935864.0,935864.0,935864.0,0.0,0.0,0.0
2,16,4,small,medium,benchmark,false,1.216,1.216,1.216,1,9,0.12977777777777777,0.12977777777777777,0.12977777777777777,935864.0,935864.0,935864.0,935864.0,935864.0,935864.0,0.0,0.0,0.0
3,16,4,small,medium,benchmark,true,2.637,2.637,3.274,2,18,0.17086666666666667,0.17086666666666667,0.20966666666666667,648910.0,648910.0,649010.0,649010.0,649010.0,649010.0,0.015408083080381552,0.015408083080381552,0.0
3,16,4,small,medium,benchmark,false,4.709,4.709,5.686,2,18,0.31020000000000003,0.31020000000000003,0.32266666666666666,648910.0,648910.0,649010.0,649010.0,649010.0,649010.0,0.015408083080381552,0.015408083080381552,0.0
4,16,4,small,medium,benchmark,true,1.72,1.72,1.72,1,11,0.14727272727272728,0.14727272727272728,0.14727272727272728,535531.0,535531.0,535531.0,535531.0,535531.0,535531.0,0.0,0.0,0.0
4,16,4,small,medium,benchmark,false,2.844,2.844,2.844,1,11,0.2529090909090909,0.2529090909090909,0.2529090909090909,535531.0,535531.0,535531.0,535531.0,535531.0,535531.0,0.0,0.0,0.0
5,16,4,small,medium,benchmark,true,2.99,2.99,4.3580000000000005,2,18,0.19273333333333334,0.19273333333333334,0.4466666666666666,630044.0,630044.0,633472.0,633472.0,633472.0,633472.0,0.5411446756920624,0.5411446756920624,0.0
5,16,4,small,medium,benchmark,false,4.379,4.379,5.564,2,18,0.28806666666666664,0.28806666666666664,0.39199999999999996,630044.0,630044.0,633472.0,633472.0,633472.0,633472.0,0.5411446756920624,0.5411446756920624,0.0
6,16,4,small,medium,benchmark,true,1.636,1.942,3.933,5,23,0.1193846153846154,0.09866666666666668,0.3295,704872.0,705972.0,712344.0,717214.0,712344.0,712344.0,1.7208253045813415,0.894511640443385,0.0
6,16,4,small,medium,benchmark,false,2.657,3.235,5.5280000000000005,5,23,0.19953846153846153,0.18266666666666667,0.358,704872.0,705972.0,712344.0,717214.0,712344.0,712344.0,1.7208253045813415,0.894511640443385,0.0
7,16,4,small,medium,benchmark,true,1.022,1.576,1.6780000000000002,4,20,0.08745454545454544,0.064,0.099,694606.6666666667,694920.0,695530.0,695530.0,695530.0,695530.0,0.13275248132118556,0.08770290282230642,0.0
7,16,4,small,medium,benchmark,false,1.595,2.561,2.7079999999999997,4,20,0.1350909090909091,0.11879999999999999,0.143,694606.6666666667,694920.0,695530.0,695530.0,695530.0,695530.0,0.13275248132118556,0.08770290282230642,0.0
8,16,4,small,medium,benchmark,true,2.939,2.939,2.939,1,10,0.2831,0.2831,0.2831,678792.0,678792.0,678792.0,678792.0,678792.0,678792.0,0.0,0.0,0.0
8,16,4,small,medium,benchmark,false,4.063,4.063,4.063,1,10,0.40119999999999995,0.40119999999999995,0.40119999999999995,678792.0,678792.0,678792.0,678792.0,678792.0,678792.0,0.0,0.0,0.0
9,16,4,small,medium,benchmark,true,1.113,1.113,1.113,1,10,0.10369999999999999,0.10369999999999999,0.10369999999999999,660230.0,660230.0,660230.0,660230.0,660230.0,660230.0,0.0,0.0,0.0
9,16,4,small,medium,benchmark,false,1.854,1.854,1.854,1,10,0.178,0.178,0.178,660230.0,660230.0,660230.0,660230.0,660230.0,660230.0,0.0,0.0,0.0
10,16,4,small,medium,benchmark,true,9.065,9.065,9.065,1,12,0.7428333333333335,0.7428333333333335,0.7428333333333335,712946.0,712946.0,712946.0,713300.0,713300.0,713300.0,0.04962848731249192,0.04962848731249192,0.0004962848731249192
10,16,4,small,medium,benchmark,false,11.208,11.208,11.208,1,12,0.9209166666666665,0.9209166666666665,0.9209166666666665,712946.0,712946.0,712946.0,713300.0,713300.0,713300.0,0.04962848731249192,0.04962848731249192,0.0004962848731249192
11,16,4,small,medium,benchmark,true,5.512,5.512,5.512,1,13,0.41553846153846147,0.41553846153846147,0.41553846153846147,647118.0,647118.0,647118.0,647118.0,647118.0,647118.0,0.0,0.0,0.0
11,16,4,small,medium,benchmark,false,6.939,6.939,6.939,1,13,0.5235384615384615,0.5235384615384615,0.5235384615384615,647118.0,647118.0,647118.0,647118.0,647118.0,647118.0,0.0,0.0,0.0
12,16,4,small,medium,benchmark,true,1.262,1.262,1.262,1,10,0.11979999999999999,0.11979999999999999,0.11979999999999999,580077.0,580077.0,580077.0,580077.0,580077.0,580077.0,0.0,0.0,0.0
12,16,4,small,medium,benchmark,false,1.971,1.971,1.971,1,10,0.19090000000000001,0.19090000000000001,0.19090000000000001,580077.0,580077.0,580077.0,580077.0,580077.0,580077.0,0.0,0.0,0.0
13,16,4,small,medium,benchmark,true,0.716,0.716,1.9419999999999997,5,15,0.09614285714285713,0.09614285714285713,0.1545,756618.0,756618.0,761288.0,761288.0,761288.0,761288.0,0.6134340748836231,0.6134340748836231,0.0
13,16,4,small,medium,benchmark,false,1.097,1.097,2.5829999999999997,5,15,0.15299999999999997,0.15299999999999997,0.182,756618.0,756618.0,761288.0,761288.0,761288.0,761288.0,0.6134340748836231,0.6134340748836231,0.0
14,16,4,small,medium,benchmark,true,0.836,0.983,1.9649999999999999,4,15,0.100125,0.07050000000000001,0.20350000000000001,801308.0,802301.0,808150.0,813790.0,813790.0,808150.0,1.5338109340247486,1.4117892822472666,0.0
14,16,4,small,medium,benchmark,false,1.367,1.617,2.71,4,15,0.16375,0.123,0.2255,801308.0,802301.0,808150.0,813790.0,813790.0,808150.0,1.5338109340247486,1.4117892822472666,0.0
15,16,4,small,medium,benchmark,true,0.963,0.963,0.963,1,8,0.11349999999999999,0.11349999999999999,0.11349999999999999,748454.0,748454.0,748454.0,748454.0,748454.0,748454.0,0.0,0.0,0.0
15,16,4,small,medium,benchmark,false,1.516,1.516,1.516,1,8,0.184625,0.184625,0.184625,748454.0,748454.0,748454.0,748454.0,748454.0,748454.0,0.0,0.0,0.0
16,16,4,small,medium,benchmark,true,1.45,1.6909999999999998,2.933,5,23,0.09985714285714285,0.07800000000000001,0.24366666666666667,840765.0,840765.0,844934.0,844934.0,844934.0,844934.0,0.4934113197007095,0.4934113197007095,0.0
16,16,4,small,medium,benchmark,false,2.263,2.6999999999999997,4.069999999999999,5,23,0.15799999999999997,0.143,0.24833333333333332,840765.0,840765.0,844934.0,844934.0,844934.0,844934.0,0.4934113197007095,0.4934113197007095,0.0
17,16,4,small,medium,benchmark,true,0.987,1.366,1.5030000000000001,3,16,0.09339999999999998,0.07420000000000002,0.134,789933.3333333333,799980.0,801710.0,801710.0,801710.0,801710.0,1.4689434666733336,0.21578875154357746,0.0
17,16,4,small,medium,benchmark,false,1.691,2.406,2.5940000000000003,3,16,0.1637,0.14140000000000003,0.185,789933.3333333333,799980.0,801710.0,801710.0,801710.0,801710.0,1.4689434666733336,0.21578875154357746,0.0
18,16,4,small,medium,benchmark,true,1.726,1.726,3.931,6,23,0.13933333333333334,0.13933333333333334,0.224,663967.0,663967.0,675153.5,677437.0,677437.0,677437.0,1.9883767789477091,1.9883767789477091,0.0033707931512451106
18,16,4,small,medium,benchmark,false,2.548,2.548,5.335999999999999,6,23,0.20775000000000002,0.20775000000000002,0.282,663967.0,663967.0,675153.5,677437.0,677437.0,677437.0,1.9883767789477091,1.9883767789477091,0.0033707931512451106
19,16,4,small,medium,benchmark,true,1.855,1.855,1.855,1,11,0.1636363636363636,0.1636363636363636,0.1636363636363636,692192.0,692192.0,692192.0,692192.0,692192.0,692192.0,0.0,0.0,0.0
19,16,4,small,medium,benchmark,false,2.751,2.751,2.751,1,11,0.24309090909090908,0.24309090909090908,0.24309090909090908,692192.0,692192.0,692192.0,692192.0,692192.0,692192.0,0.0,0.0,0.0
20,16,4,small,medium,benchmark,true,1.539,1.994,1.994,2,17,0.11966666666666666,0.088,0.088,635136.0,636720.0,636720.0,636720.0,636720.0,636720.0,0.24877497173011465,0.0,0.0
20,16,4,small,medium,benchmark,false,2.452,3.263,3.263,2,17,0.19591666666666666,0.159,0.159,635136.0,636720.0,636720.0,636720.0,636720.0,636720.0,0.24877497173011465,0.0,0.0
1,20,5,small,small,ours,true,0.612,1.177,1.177,2,20,0.03876923076923077,0.07814285714285715,0.07814285714285715,714558.6049382715,745640.0,745640.0,817756.0,745640.0,745640.0,12.619582743719215,0.0,0.0
1,20,5,small,small,ours,false,0.677,2.172,2.172,2,20,0.043769230769230776,0.20828571428571427,0.20828571428571427,714558.6049382715,745640.0,745640.0,817756.0,745640.0,745640.0,12.619582743719215,0.0,0.0
2,20,5,small,small,ours,true,0.31,0.493,0.493,2,22,0.015142857142857145,0.021125,0.021125,980820.9285714285,1.001764e6,1.001764e6,1.0945e6,1.001764e6,1.001764e6,10.386393003980954,0.0,0.0
2,20,5,small,small,ours,false,0.354,0.758,0.758,2,22,0.020000000000000004,0.048875,0.048875,980820.9285714285,1.001764e6,1.001764e6,1.0945e6,1.001764e6,1.001764e6,10.386393003980954,0.0,0.0
3,20,5,small,small,ours,true,0.999,1.857,35.164,7,37,0.04726315789473684,0.08700000000000001,3.200666666666667,725606.1075268816,749158.0,757805.0,802995.0,787076.0,765655.0,9.637531052262894,4.817577972139919,0.010252659487628213
3,20,5,small,small,ours,false,6.409,8.954999999999998,17.003999999999998,6,38,0.33021052631578957,0.32999999999999996,0.905,725606.1075268816,749158.0,757126.0,802995.0,787076.0,760385.0,9.637531052262894,4.817577972139919,0.00428598670410385
4,20,5,small,small,ours,true,0.904,2.531,18.409,6,40,0.04588235294117647,0.12261538461538461,4.097,550643.8235294118,572250.0,593428.0,637016.0,597769.0,597769.0,13.55887080867485,4.2690403818197336,0.007262002546134072
4,20,5,small,small,ours,false,1.001,9.142999999999999,32.855,10,56,0.051000000000000004,0.5782857142857143,1.4326666666666665,550643.8235294118,572250.0,590064.0,637016.0,597769.0,591041.0,13.55887080867485,4.2690403818197336,0.0016530156114381578
5,20,5,small,small,ours,true,3.659,7.336,9.322000000000001,3,23,0.2141333333333334,0.5215714285714286,1.983,623504.7097902098,662756.0,666402.0,784071.0,666402.0,666402.0,20.47853959779028,0.5471172055306006,0.0
5,20,5,small,small,ours,false,3.665,20.22,36.782,4,29,0.21406666666666668,2.356857142857143,2.470666666666667,623504.7097902098,662756.0,666402.0,784071.0,666402.0,666402.0,20.47853959779028,0.5471172055306006,0.0
6,20,5,small,small,ours,true,0.545,1.102,33.661,11,45,0.034538461538461546,0.04133333333333334,1.6716666666666666,768290.0,773590.0,793470.0,813310.0,803545.0,803545.0,5.535404704233315,3.7278559383730814,0.012538190144920303
6,20,5,small,small,ours,false,0.648,1.8730000000000002,5.646,10,43,0.041461538461538466,0.12033333333333332,0.261,768290.0,773590.0,785684.0,813310.0,803545.0,785684.0,5.535404704233315,3.7278559383730814,0.0
7,20,5,small,small,ours,true,0.399,1.0310000000000001,4.389,5,29,0.027666666666666666,0.06644444444444444,0.47100000000000003,727107.5,772846.5714285715,775264.0,781926.0,779514.0,779514.0,7.010701779963835,0.8553314721003735,0.005452115035778693
7,20,5,small,small,ours,false,0.459,3.543,7.959999999999999,5,31,0.030666666666666672,0.3406666666666667,0.495,727107.5,772846.5714285715,775264.0,781926.0,779514.0,779514.0,7.010701779963835,0.8553314721003735,0.005452115035778693
8,20,5,small,small,ours,true,1.35,3.6109999999999998,3.6109999999999998,3,30,0.06611111111111112,0.21885714285714286,0.21885714285714286,681150.0,697720.0,697720.0,768170.0,697720.0,697720.0,11.32822161761069,0.0,0.0
8,20,5,small,small,ours,false,1.542,18.675,18.675,3,30,0.07727777777777778,1.623,1.623,681150.0,697720.0,697720.0,768170.0,697720.0,697720.0,11.32822161761069,0.0,0.0
9,20,5,small,small,ours,true,0.793,0.793,0.793,1,19,0.031052631578947373,0.031052631578947373,0.031052631578947373,687293.0,687293.0,687293.0,687293.0,687293.0,687293.0,0.0,0.0,0.0
9,20,5,small,small,ours,false,0.922,0.922,0.922,1,19,0.04026315789473685,0.04026315789473685,0.04026315789473685,687293.0,687293.0,687293.0,687293.0,687293.0,687293.0,0.0,0.0,0.0
10,20,5,small,small,ours,true,2.711,12.594,12.594,2,27,0.155125,0.8951818181818182,0.8951818181818182,758126.3636363636,804050.0,804050.0,960560.0,804050.0,804050.0,21.074543637423627,0.0,0.0
10,20,5,small,small,ours,false,2.999,61.358000000000004,61.358000000000004,2,23,0.1771875,8.334285714285715,8.334285714285715,758126.3636363636,804050.0,804050.0,960560.0,804050.0,804050.0,21.074543637423627,0.0,0.0
11,20,5,small,small,ours,true,0.486,2.115,2.115,3,29,0.029142857142857144,0.12575,0.12575,651584.6666666667,689148.0,689148.0,785680.0,689148.0,689148.0,17.06742354817906,0.0,0.0
11,20,5,small,small,ours,false,0.618,73.357,73.357,3,38,0.037428571428571436,3.645818181818182,3.645818181818182,651584.6666666667,689148.0,689148.0,785680.0,689148.0,689148.0,17.06742354817906,0.0,0.0
12,20,5,small,small,ours,true,0.855,2.618,7.437999999999999,5,35,0.04288888888888889,0.14,2.0580000000000003,620661.7647058824,651090.3333333334,660986.5,730309.0,670856.0,670856.0,15.013814055984188,2.9463352294183287,0.01471180104225045
12,20,5,small,small,ours,false,0.927,8.504000000000001,23.043,6,44,0.04583333333333334,0.685,1.231,620661.7647058824,651090.3333333334,656317.0,730309.0,670856.0,656317.0,15.013814055984188,2.9463352294183287,0.0
13,20,5,small,small,ours,true,0.494,1.1460000000000001,2.532,7,27,0.03316666666666667,0.057666666666666665,0.362,744837.5,787478.0,792148.0,854280.0,792148.0,792148.0,12.81108067612492,0.5895362987724528,0.0
13,20,5,small,small,ours,false,0.538,2.287,3.584,6,29,0.039750000000000014,0.17333333333333334,0.2275,744837.5,787478.0,791170.0,854280.0,792148.0,792148.0,12.81108067612492,0.5895362987724528,0.001234617773446356
14,20,5,small,small,ours,true,0.381,0.6210000000000001,0.7830000000000001,6,24,0.023692307692307693,0.0195,0.159,936590.0,949760.0,951740.0,951740.0,951740.0,951740.0,1.5918212957320321,0.20804001092735724,0.0
14,20,5,small,small,ours,false,0.423,0.9069999999999999,1.204,7,27,0.025538461538461538,0.0505,0.0755,936590.0,949760.0,951740.0,951740.0,951740.0,951740.0,1.5918212957320321,0.20804001092735724,0.0
15,20,5,small,small,ours,true,0.667,1.436,1.436,3,27,0.04500000000000001,0.05516666666666666,0.05516666666666666,769645.0,814414.0,814414.0,973380.0,814414.0,814414.0,20.930674556699337,0.0,0.0
15,20,5,small,small,ours,false,0.737,2.457,2.457,3,27,0.05053846153846154,0.13483333333333333,0.13483333333333333,769645.0,814414.0,814414.0,973380.0,814414.0,814414.0,20.930674556699337,0.0,0.0
16,20,5,small,small,ours,true,1.382,2.6439999999999997,3.6729999999999996,4,41,0.052260869565217395,0.055,0.3403333333333333,895090.0,956424.0,965155.0,1.141795e6,983100.0,983100.0,21.606768290279778,2.713457430576749,0.01825348387753023
16,20,5,small,small,ours,false,1.497,2.973,4.21,5,47,0.057391304347826085,0.07033333333333333,0.11266666666666668,895090.0,956424.0,965155.0,1.141795e6,983100.0,983100.0,21.606768290279778,2.713457430576749,0.01825348387753023
17,20,5,small,small,ours,true,0.698,1.1789999999999998,1.507,4,21,0.04715384615384617,0.08666666666666667,0.325,953170.0,990670.0,991830.0,991830.0,991830.0,991830.0,3.8978453968926075,0.11695552665275111,0.0
17,20,5,small,small,ours,false,0.803,2.714,4.7509999999999994,4,25,0.052846153846153855,0.3296666666666666,0.4054,953170.0,990670.0,991830.0,991830.0,991830.0,991830.0,3.8978453968926075,0.11695552665275111,0.0
18,20,5,small,small,ours,true,0.585,0.825,97.006,10,33,0.04116666666666667,0.030857142857142857,28.7505,728820.0,746703.5,760583.5,791203.0,760927.0,760927.0,7.884575766269841,1.8692331853121247,0.00045142306686452027
18,20,5,small,small,ours,false,0.717,1.196,10.186,13,42,0.05158333333333334,0.09240000000000001,0.41150000000000003,728820.0,746703.5,754177.4,791203.0,760927.0,759057.0,7.884575766269841,1.8692331853121247,0.0064285027343137235
19,20,5,small,small,ours,true,0.889,1.593,1.593,2,25,0.043647058823529414,0.08574999999999999,0.08574999999999999,930524.4,941693.0,941693.0,972679.0,956456.0,956456.0,4.333865540430093,1.543510626730349,0.015435106267303489
19,20,5,small,small,ours,false,0.961,2.829,2.829,2,25,0.049352941176470586,0.23124999999999998,0.23124999999999998,930524.4,941693.0,941693.0,972679.0,956456.0,956456.0,4.333865540430093,1.543510626730349,0.015435106267303489
20,20,5,small,small,ours,true,0.548,0.811,0.811,2,26,0.026882352941176475,0.025,0.025,630100.3333333334,663418.0,663418.0,754950.0,663418.0,663418.0,16.537474887961668,0.0,0.0
20,20,5,small,small,ours,false,0.661,1.1320000000000001,1.1320000000000001,2,26,0.031764705882352945,0.049999999999999996,0.049999999999999996,630100.3333333334,663418.0,663418.0,754950.0,663418.0,663418.0,16.537474887961668,0.0,0.0
1,20,5,small,small,benchmark,true,3.634,6.683,6.683,3,27,0.24328571428571427,0.22080000000000002,0.22080000000000002,714558.6049382716,745640.0,745640.0,830884.0,745640.0,745640.0,14.000196785800235,0.0,0.0
1,20,5,small,small,benchmark,false,5.826,10.645,10.645,3,27,0.40242857142857147,0.3542,0.3542,714558.6049382716,745640.0,745640.0,830884.0,745640.0,745640.0,14.000196785800235,0.0,0.0
2,20,5,small,small,benchmark,true,1.597,2.247,2.247,2,18,0.12125000000000002,0.105,0.105,980820.9285714283,1.001764e6,1.001764e6,1.12217e6,1.001764e6,1.001764e6,12.59604796319379,0.0,0.0
2,20,5,small,small,benchmark,false,2.672,3.842,3.842,2,18,0.2108333333333333,0.18800000000000003,0.18800000000000003,980820.9285714283,1.001764e6,1.001764e6,1.12217e6,1.001764e6,1.001764e6,12.59604796319379,0.0,0.0
3,20,5,small,small,benchmark,true,7.25,9.515,21.872000000000003,6,36,0.3838888888888889,0.2525,1.4922499999999999,725606.1075268816,749158.0,755984.0000000001,809746.0,764605.0,764605.0,10.390899426871936,2.02025882645287,0.011275102830873296
3,20,5,small,small,benchmark,false,12.298,15.963,28.360999999999997,6,36,0.6659999999999999,0.49,1.39175,725606.1075268816,749158.0,755984.0000000001,809746.0,764605.0,764605.0,10.390899426871936,2.02025882645287,0.011275102830873296
4,20,5,small,small,benchmark,true,4.249,7.26,32.419,10,41,0.28621428571428575,0.368,2.1833333333333336,550643.8235294117,572250.0,590064.0,654744.0,594314.0,591041.0,15.89937081830277,3.7125156062283615,0.0016530156114381578
4,20,5,small,small,benchmark,false,7.717,13.805,40.95099999999999,10,41,0.5373571428571429,0.755375,2.3956666666666666,550643.8235294117,572250.0,590064.0,654744.0,594314.0,591041.0,15.89937081830277,3.7125156062283615,0.0016530156114381578
5,20,5,small,small,benchmark,true,25.375,30.104,37.479,4,32,1.6484000000000008,0.6705714285714286,0.8883333333333333,623504.7097902099,662756.0,666402.0,834851.0,666402.0,666402.0,25.315450327039212,0.5471172055306006,0.0
5,20,5,small,small,benchmark,false,46.845,55.064,69.874,4,32,3.0827999999999993,1.1691428571428573,1.5103333333333335,623504.7097902099,662756.0,666402.0,834851.0,666402.0,666402.0,25.315450327039212,0.5471172055306006,0.0
6,20,5,small,small,benchmark,true,2.195,3.823,10.171999999999999,10,39,0.1840909090909091,0.15333333333333332,0.33999999999999997,768290.0,773590.0,785684.0,833948.0,822770.0,785684.0,7.873152762522362,5.9773691311059025,0.0
6,20,5,small,small,benchmark,false,3.863,6.9510000000000005,15.304,10,39,0.3358181818181818,0.295,0.49475,768290.0,773590.0,785684.0,833948.0,822770.0,785684.0,7.873152762522362,5.9773691311059025,0.0
7,20,5,small,small,benchmark,true,1.961,2.974,7.439,6,30,0.15325000000000003,0.16583333333333336,0.4435,727107.5,772846.5714285714,775264.0,781926.0,776074.0,776074.0,7.010701779963835,0.4158660864078234,0.0010437149034756565
7,20,5,small,small,benchmark,false,3.324,5.414,16.97,6,30,0.26925,0.3451666666666667,0.565,727107.5,772846.5714285714,775264.0,781926.0,776074.0,776074.0,7.010701779963835,0.4158660864078234,0.0010437149034756565
8,20,5,small,small,benchmark,true,6.608,10.730999999999998,10.730999999999998,3,27,0.39899999999999997,0.47379999999999994,0.47379999999999994,681150.0,697720.0,697720.0,729020.0,697720.0,697720.0,6.566349345696965,0.0,0.0
8,20,5,small,small,benchmark,false,13.724,22.692,22.692,3,27,0.8386874999999999,1.0112,1.0112,681150.0,697720.0,697720.0,729020.0,697720.0,697720.0,6.566349345696965,0.0,0.0
9,20,5,small,small,benchmark,true,4.156,4.156,4.156,1,17,0.22405882352941178,0.22405882352941178,0.22405882352941178,687293.0,687293.0,687293.0,687293.0,687293.0,687293.0,0.0,0.0,0.0
9,20,5,small,small,benchmark,false,8.356,8.356,8.356,1,17,0.4697647058823529,0.4697647058823529,0.4697647058823529,687293.0,687293.0,687293.0,687293.0,687293.0,687293.0,0.0,0.0,0.0
10,20,5,small,small,benchmark,true,22.15,31.980999999999998,31.980999999999998,2,25,1.1978333333333333,1.3982857142857141,1.3982857142857141,758126.3636363638,804050.0,804050.0,909504.0,804050.0,804050.0,16.643976976861698,0.0,0.0
10,20,5,small,small,benchmark,false,35.391,60.37,60.37,2,25,1.9295555555555555,3.5575714285714284,3.5575714285714284,758126.3636363638,804050.0,804050.0,909504.0,804050.0,804050.0,16.643976976861698,0.0,0.0
11,20,5,small,small,benchmark,true,6.554,10.975,10.975,3,35,0.33163157894736844,0.317875,0.317875,651584.6666666667,689148.0,689148.0,762660.0,689148.0,689148.0,14.564200736020405,0.0,0.0
11,20,5,small,small,benchmark,false,11.712,29.005000000000003,29.005000000000003,3,35,0.6019473684210526,1.346125,1.346125,651584.6666666667,689148.0,689148.0,762660.0,689148.0,689148.0,14.564200736020405,0.0,0.0
12,20,5,small,small,benchmark,true,3.751,7.878,19.623,6,38,0.2522142857142858,0.304,1.579,620661.7647058825,651090.3333333334,656317.0,704363.0,670856.0,656317.0,11.883252711189751,2.9463352294183287,0.0
12,20,5,small,small,benchmark,false,6.591,15.764,39.359,6,38,0.4564285714285714,0.7645000000000001,4.020333333333333,620661.7647058825,651090.3333333334,656317.0,704363.0,670856.0,656317.0,11.883252711189751,2.9463352294183287,0.0
13,20,5,small,small,benchmark,true,2.248,3.8340000000000005,5.736,6,23,0.2091,0.21133333333333335,0.379,744837.5,787478.0,791170.0,820155.0,792148.0,792148.0,9.183325103181716,0.5895362987724528,0.001234617773446356
13,20,5,small,small,benchmark,false,3.45,5.929,8.029,6,23,0.32709999999999995,0.3233333333333333,0.436,744837.5,787478.0,791170.0,820155.0,792148.0,792148.0,9.183325103181716,0.5895362987724528,0.001234617773446356
14,20,5,small,small,benchmark,true,1.398,2.4510000000000005,2.947000000000001,7,28,0.10954545454545457,0.068,0.1315,936590.0,949760.0,951740.0,951740.0,951740.0,951740.0,1.5918212957320321,0.20804001092735724,0.0
14,20,5,small,small,benchmark,false,2.352,4.599,5.485,7,28,0.19572727272727272,0.16599999999999998,0.2285,936590.0,949760.0,951740.0,951740.0,951740.0,951740.0,1.5918212957320321,0.20804001092735724,0.0
15,20,5,small,small,benchmark,true,2.851,4.579000000000001,4.579000000000001,3,22,0.21683333333333335,0.17175,0.17175,769645.0,814414.0,814414.0,857524.0,814414.0,814414.0,10.24799305908639,0.0,0.0
15,20,5,small,small,benchmark,false,4.569,7.529,7.529,3,22,0.36166666666666664,0.314,0.314,769645.0,814414.0,814414.0,857524.0,814414.0,814414.0,10.24799305908639,0.0,0.0
16,20,5,small,small,benchmark,true,8.519,14.242,27.743000000000002,5,43,0.510875,0.35133333333333333,0.8932,895090.0,956424.0,965155.0,1.05821e6,984130.0,984130.0,15.414709745702648,2.8152784693079136,0.019280989300194062
16,20,5,small,small,benchmark,false,12.911,19.845,30.115,5,43,0.7843749999999999,0.4558333333333333,0.7172,895090.0,956424.0,965155.0,1.05821e6,984130.0,984130.0,15.414709745702648,2.8152784693079136,0.019280989300194062
17,20,5,small,small,benchmark,true,3.385,3.9759999999999995,5.404,4,22,0.2283571428571429,0.137,0.35425,953170.0,990670.0,991830.0,991830.0,991830.0,991830.0,3.8978453968926075,0.11695552665275111,0.0
17,20,5,small,small,benchmark,false,6.281,8.052999999999999,10.741999999999999,4,22,0.4369285714285714,0.4505,0.6695,953170.0,990670.0,991830.0,991830.0,991830.0,991830.0,3.8978453968926075,0.11695552665275111,0.0
18,20,5,small,small,benchmark,true,3.176,3.8680000000000003,12.371999999999996,13,42,0.24791666666666667,0.132,0.6103333333333333,728820.0,746703.5,754177.3999999999,802761.0,773970.0,759057.0,9.210836101903308,3.5229401656394987,0.0064285027343138346
18,20,5,small,small,benchmark,false,5.814,7.261,22.005,13,42,0.4675833333333334,0.27799999999999997,0.863,728820.0,746703.5,754177.3999999999,802761.0,773970.0,759057.0,9.210836101903308,3.5229401656394987,0.0064285027343138346
19,20,5,small,small,benchmark,true,3.68,5.5360000000000005,5.5360000000000005,2,21,0.2462857142857143,0.261,0.261,930524.4,941693.0,941693.0,962266.0,953862.0,953862.0,3.2986305242001634,1.2757610639694161,0.012757610639694161
19,20,5,small,small,benchmark,false,6.239,9.42,9.42,2,21,0.42992857142857144,0.44728571428571434,0.44728571428571434,930524.4,941693.0,941693.0,962266.0,953862.0,953862.0,3.2986305242001634,1.2757610639694161,0.012757610639694161
20,20,5,small,small,benchmark,true,5.15,7.1240000000000006,7.1240000000000006,2,29,0.27622222222222226,0.17463636363636362,0.17463636363636362,630100.3333333334,663418.0,663418.0,727494.0,663418.0,663418.0,13.38755600275282,0.0,0.0
20,20,5,small,small,benchmark,false,9.386,13.113999999999999,13.113999999999999,2,29,0.51,0.33390909090909093,0.33390909090909093,630100.3333333334,663418.0,663418.0,727494.0,663418.0,663418.0,13.38755600275282,0.0,0.0
1,20,5,small,medium,ours,true,1.847,2.376,2.376,2,20,0.11081250000000001,0.13,0.13,742624.0,745640.0,745640.0,745640.0,745640.0,745640.0,0.4044847379432448,0.0,0.0
1,20,5,small,medium,ours,false,7.071,8.354,8.354,2,17,0.4997857142857143,0.42466666666666664,0.42466666666666664,742624.0,745640.0,745640.0,745640.0,745640.0,745640.0,0.4044847379432448,0.0,0.0
2,20,5,small,medium,ours,true,0.609,0.609,0.609,1,15,0.0356,0.0356,0.0356,1.001764e6,1.001764e6,1.001764e6,1.001764e6,1.001764e6,1.001764e6,0.0,0.0,0.0
2,20,5,small,medium,ours,false,2.028,2.028,2.028,1,12,0.16625,0.16625,0.16625,1.001764e6,1.001764e6,1.001764e6,1.001764e6,1.001764e6,1.001764e6,0.0,0.0,0.0
3,20,5,small,medium,ours,true,7.282,7.966,145.083,7,29,0.40044444444444444,0.33149999999999996,25.598,749000.7499999999,749158.0,758437.0714285714,764605.0,764605.0,764605.0,2.0408250011443974,2.02025882645287,0.008066816946565414
3,20,5,small,medium,ours,false,30.667,32.944,53.411,6,29,1.6979444444444445,1.135,2.697,749000.75,749158.0,756277.6875,765440.0,765440.0,765440.0,2.147686298076923,2.1271425585284276,0.011969994382316052
4,20,5,small,medium,ours,true,3.926,3.926,320.064,11,42,0.1904,0.1904,39.76199999999999,572250.0,572250.0,595506.8421052631,607276.0,607276.0,607276.0,5.767723407478642,5.767723407478642,0.01938024538222627
4,20,5,small,medium,ours,false,17.027,17.027,46.896,10,40,0.9413888888888888,0.9413888888888888,2.14825,572250.0,572250.0,590064.0,594314.0,594314.0,591041.0,3.7125156062283615,3.7125156062283615,0.0016530156114381578
5,20,5,small,medium,ours,true,6.96,6.96,10.936,2,16,0.4589333333333334,0.4589333333333334,3.972,662756.0,662756.0,666402.0,666402.0,666402.0,666402.0,0.5471172055306006,0.5471172055306006,0.0
5,20,5,small,medium,ours,false,21.371,21.371,27.543999999999997,2,16,1.77425,1.77425,1.5405000000000002,662756.0,662756.0,666402.0,666402.0,666402.0,666402.0,0.5471172055306006,0.5471172055306006,0.0
6,20,5,small,medium,ours,true,1.827,1.827,91.549,10,29,0.1372307692307692,0.1372307692307692,4.7586666666666675,773590.0,773590.0,795166.0,795166.0,795166.0,795166.0,2.713395693477838,2.713395693477838,0.0
6,20,5,small,medium,ours,false,6.663,6.663,15.3,6,26,0.5485000000000001,0.5485000000000001,0.598,773590.0,773590.0,785684.0,813310.0,813310.0,785684.0,4.883746664863331,4.883746664863331,0.0
7,20,5,small,medium,ours,true,1.569,1.569,5.969,4,17,0.12575000000000003,0.12575000000000003,1.237,772846.5714285714,772846.5714285714,775914.0,776074.0,776074.0,776074.0,0.4158660864078234,0.4158660864078234,0.00020616590685940128
7,20,5,small,medium,ours,false,7.386,7.386,14.231,5,25,0.5234285714285714,0.5234285714285714,0.6323333333333333,772846.5714285715,772846.5714285715,775264.0,781020.0,781020.0,779514.0,1.0465069487885725,1.0465069487885725,0.005452115035778693
8,20,5,small,medium,ours,true,6.74,6.74,6.74,1,22,0.3003181818181818,0.3003181818181818,0.3003181818181818,697720.0,697720.0,697720.0,697720.0,697720.0,697720.0,0.0,0.0,0.0
8,20,5,small,medium,ours,false,32.195,32.195,32.195,1,17,1.8865882352941177,1.8865882352941177,1.8865882352941177,697720.0,697720.0,697720.0,697720.0,697720.0,697720.0,0.0,0.0,0.0
9,20,5,small,medium,ours,true,0.91,0.91,0.91,1,12,0.07041666666666668,0.07041666666666668,0.07041666666666668,687293.0,687293.0,687293.0,687293.0,687293.0,687293.0,0.0,0.0,0.0
9,20,5,small,medium,ours,false,7.832,7.832,7.832,1,16,0.483375,0.483375,0.483375,687293.0,687293.0,687293.0,687293.0,687293.0,687293.0,0.0,0.0,0.0
10,20,5,small,medium,ours,true,20.089,20.089,20.089,1,17,1.175823529411765,1.175823529411765,1.175823529411765,804050.0,804050.0,804050.0,804050.0,804050.0,804050.0,0.0,0.0,0.0
10,20,5,small,medium,ours,false,88.768,88.768,88.768,1,17,5.2139411764705885,5.2139411764705885,5.2139411764705885,804050.0,804050.0,804050.0,804050.0,804050.0,804050.0,0.0,0.0,0.0
11,20,5,small,medium,ours,true,2.492,2.492,2.492,1,17,0.14258823529411765,0.14258823529411765,0.14258823529411765,689148.0,689148.0,689148.0,689148.0,689148.0,689148.0,0.0,0.0,0.0
11,20,5,small,medium,ours,false,8.956,8.956,8.956,1,16,0.5540624999999999,0.5540624999999999,0.5540624999999999,689148.0,689148.0,689148.0,689148.0,689148.0,689148.0,0.0,0.0,0.0
12,20,5,small,medium,ours,true,3.113,3.735,12.053999999999998,5,22,0.20373333333333335,0.2046666666666667,2.5025,650921.0,651090.3333333334,656317.0,656317.0,656317.0,656317.0,0.8221636800509469,0.7963631395600967,0.0
12,20,5,small,medium,ours,false,13.85,16.805,32.979,5,27,1.0603846153846155,0.9826666666666667,1.5399999999999998,650921.0,651090.3333333335,656317.0,670856.0,670856.0,656317.0,2.9715766125666288,2.9463352294183065,0.0
13,20,5,small,medium,ours,true,0.854,0.854,3.004,5,15,0.07245454545454544,0.07245454545454544,0.5650000000000001,787478.0,787478.0,792148.0,792148.0,792148.0,792148.0,0.5895362987724528,0.5895362987724528,0.0
13,20,5,small,medium,ours,false,2.918,2.918,4.464,3,15,0.28669999999999995,0.28669999999999995,0.302,787478.0,787478.0,791170.0,792148.0,792148.0,792148.0,0.5895362987724528,0.5895362987724528,0.001234617773446356
14,20,5,small,medium,ours,true,0.746,1.0070000000000001,1.807,4,18,0.06336363636363637,0.0502,0.383,945287.5,949760.0,951740.0,951740.0,951740.0,951740.0,0.6779687729842165,0.20804001092735724,0.0
14,20,5,small,medium,ours,false,3.333,4.016,5.159,4,19,0.27449999999999997,0.22533333333333333,0.29,945287.5,949760.0,951740.0,960770.0,960770.0,951740.0,1.6114678851337993,1.145955847913649,0.0
15,20,5,small,medium,ours,true,1.085,1.085,1.085,1,9,0.11188888888888888,0.11188888888888888,0.11188888888888888,814414.0,814414.0,814414.0,814414.0,814414.0,814414.0,0.0,0.0,0.0
15,20,5,small,medium,ours,false,5.422,5.422,5.422,1,11,0.4889090909090908,0.4889090909090908,0.4889090909090908,814414.0,814414.0,814414.0,814414.0,814414.0,814414.0,0.0,0.0,0.0
16,20,5,small,medium,ours,true,3.064,3.473,10.168999999999999,5,27,0.1567894736842105,0.09924999999999999,1.76,949122.5,956424.0,978525.0,984130.0,984130.0,984130.0,3.5572028085720353,2.8152784693079136,0.005695385772204853
16,20,5,small,medium,ours,false,17.754,21.490000000000002,31.035000000000004,4,42,0.7351666666666666,0.5312857142857143,1.1086,949122.5,956424.0,965155.0,981150.0,981150.0,981150.0,3.2642817102379817,2.520103959639197,0.016302298323396025
17,20,5,small,medium,ours,true,1.615,1.615,2.263,2,13,0.12858333333333336,0.12858333333333336,0.644,990670.0,990670.0,991830.0,991830.0,991830.0,991830.0,0.11695552665275111,0.11695552665275111,0.0
17,20,5,small,medium,ours,false,5.406,5.406,6.785,2,13,0.5363999999999999,0.5363999999999999,0.4573333333333333,990670.0,990670.0,991830.0,991830.0,991830.0,991830.0,0.11695552665275111,0.11695552665275111,0.0
18,20,5,small,medium,ours,true,1.413,1.413,5.802,4,17,0.1212727272727273,0.1212727272727273,0.743,746703.5,746703.5,759057.0,759057.0,759057.0,759057.0,1.6274798862272566,1.6274798862272566,0.0
18,20,5,small,medium,ours,false,8.971,8.971,21.44,8,36,0.5933333333333333,0.5933333333333333,0.67,746703.5,746703.5,754177.4,759057.0,759057.0,759057.0,1.6274798862272566,1.6274798862272566,0.0064285027343137235
19,20,5,small,medium,ours,true,2.637,2.637,2.637,1,14,0.18385714285714286,0.18385714285714286,0.18385714285714286,941693.0,941693.0,941693.0,956456.0,956456.0,956456.0,1.543510626730349,1.543510626730349,0.015435106267303489
19,20,5,small,medium,ours,false,11.846,11.846,11.846,1,15,0.7855333333333333,0.7855333333333333,0.7855333333333333,941693.0,941693.0,941693.0,953862.0,953862.0,953862.0,1.2757610639694161,1.2757610639694161,0.012757610639694161
20,20,5,small,medium,ours,true,1.72,1.72,1.72,1,17,0.09782352941176471,0.09782352941176471,0.09782352941176471,663418.0,663418.0,663418.0,663418.0,663418.0,663418.0,0.0,0.0,0.0
20,20,5,small,medium,ours,false,6.11,6.11,6.11,1,10,0.6053,0.6053,0.6053,663418.0,663418.0,663418.0,663418.0,663418.0,663418.0,0.0,0.0,0.0
1,20,5,small,medium,benchmark,true,4.07,5.089,5.089,2,15,0.32925000000000004,0.3293333333333333,0.3293333333333333,742624.0,745640.0,745640.0,745640.0,745640.0,745640.0,0.4044847379432448,0.0,0.0
1,20,5,small,medium,benchmark,false,6.257,7.651,7.651,2,15,0.5135,0.4603333333333333,0.4603333333333333,742624.0,745640.0,745640.0,745640.0,745640.0,745640.0,0.4044847379432448,0.0,0.0
2,20,5,small,medium,benchmark,true,1.458,1.458,1.458,1,10,0.14059999999999997,0.14059999999999997,0.14059999999999997,1.001764e6,1.001764e6,1.001764e6,1.001764e6,1.001764e6,1.001764e6,0.0,0.0,0.0
2,20,5,small,medium,benchmark,false,2.966,2.966,2.966,1,10,0.28559999999999997,0.28559999999999997,0.28559999999999997,1.001764e6,1.001764e6,1.001764e6,1.001764e6,1.001764e6,1.001764e6,0.0,0.0,0.0
3,20,5,small,medium,benchmark,true,8.546,9.578999999999999,31.265,5,29,0.5588666666666666,0.34,3.7093333333333334,749000.75,749158.0,755704.25,760385.0,760385.0,760385.0,1.4971691971830015,1.4764888839206458,0.0061557631989058725
3,20,5,small,medium,benchmark,false,12.593,14.459,33.428,5,29,0.8288000000000001,0.6173333333333333,2.649,749000.75,749158.0,755704.25,760385.0,760385.0,760385.0,1.4971691971830015,1.4764888839206458,0.0061557631989058725
4,20,5,small,medium,benchmark,true,5.845,5.845,34.849000000000004,10,36,0.37933333333333336,0.37933333333333336,2.9279999999999995,572250.0,572250.0,590064.0,594314.0,594314.0,591041.0,3.7125156062283615,3.7125156062283615,0.0016530156114381578
4,20,5,small,medium,benchmark,false,10.801,10.801,41.795,10,36,0.7105333333333334,0.7105333333333334,2.581,572250.0,572250.0,590064.0,594314.0,594314.0,591041.0,3.7125156062283615,3.7125156062283615,0.0016530156114381578
5,20,5,small,medium,benchmark,true,10.43,10.43,13.683,2,21,0.6050588235294119,0.6050588235294119,0.80975,662756.0,662756.0,666402.0,666402.0,666402.0,666402.0,0.5471172055306006,0.5471172055306006,0.0
5,20,5,small,medium,benchmark,false,14.686,14.686,18.543,2,21,0.8567647058823529,0.8567647058823529,0.9604999999999999,662756.0,662756.0,666402.0,666402.0,666402.0,666402.0,0.5471172055306006,0.5471172055306006,0.0
6,20,5,small,medium,benchmark,true,3.035,3.035,9.659,6,23,0.2935,0.2935,0.807,773590.0,773590.0,785684.0,803545.0,803545.0,785684.0,3.7278559383730814,3.7278559383730814,0.0
6,20,5,small,medium,benchmark,false,4.734,4.734,12.524000000000001,6,23,0.4657,0.4657,0.773,773590.0,773590.0,785684.0,803545.0,803545.0,785684.0,3.7278559383730814,3.7278559383730814,0.0
7,20,5,small,medium,benchmark,true,3.099,3.099,7.353,5,21,0.24449999999999994,0.24449999999999994,0.536,772846.5714285715,772846.5714285715,775264.0,776074.0,776074.0,776074.0,0.4158660864078012,0.4158660864078012,0.0010437149034756565
7,20,5,small,medium,benchmark,false,5.71,5.71,11.310999999999998,5,21,0.46324999999999994,0.46324999999999994,0.665,772846.5714285715,772846.5714285715,775264.0,776074.0,776074.0,776074.0,0.4158660864078012,0.4158660864078012,0.0010437149034756565
8,20,5,small,medium,benchmark,true,10.023,10.023,10.023,1,14,0.7042142857142858,0.7042142857142858,0.7042142857142858,697720.0,697720.0,697720.0,697720.0,697720.0,697720.0,0.0,0.0,0.0
8,20,5,small,medium,benchmark,false,15.663,15.663,15.663,1,14,1.1098571428571427,1.1098571428571427,1.1098571428571427,697720.0,697720.0,697720.0,697720.0,697720.0,697720.0,0.0,0.0,0.0
9,20,5,small,medium,benchmark,true,2.84,2.84,2.84,1,10,0.27370000000000005,0.27370000000000005,0.27370000000000005,687293.0,687293.0,687293.0,687293.0,687293.0,687293.0,0.0,0.0,0.0
9,20,5,small,medium,benchmark,false,5.878,5.878,5.878,1,10,0.573,0.573,0.573,687293.0,687293.0,687293.0,687293.0,687293.0,687293.0,0.0,0.0,0.0
10,20,5,small,medium,benchmark,true,18.262,18.262,18.262,1,12,1.5026666666666664,1.5026666666666664,1.5026666666666664,804050.0,804050.0,804050.0,804050.0,804050.0,804050.0,0.0,0.0,0.0
10,20,5,small,medium,benchmark,false,23.81,23.81,23.81,1,12,1.9664166666666665,1.9664166666666665,1.9664166666666665,804050.0,804050.0,804050.0,804050.0,804050.0,804050.0,0.0,0.0,0.0
11,20,5,small,medium,benchmark,true,8.942,8.942,8.942,1,15,0.5841333333333333,0.5841333333333333,0.5841333333333333,689148.0,689148.0,689148.0,689148.0,689148.0,689148.0,0.0,0.0,0.0
11,20,5,small,medium,benchmark,false,12.672,12.672,12.672,1,15,0.8306666666666664,0.8306666666666664,0.8306666666666664,689148.0,689148.0,689148.0,689148.0,689148.0,689148.0,0.0,0.0,0.0
12,20,5,small,medium,benchmark,true,5.86,6.952,20.418,5,24,0.44000000000000006,0.531,1.773,650921.0000000001,651090.3333333334,656317.0,670856.0,670856.0,656317.0,2.9715766125666176,2.9463352294183287,0.0
12,20,5,small,medium,benchmark,false,9.646,11.022,23.914,5,24,0.7312307692307694,0.6819999999999999,1.6809999999999998,650921.0000000001,651090.3333333334,656317.0,670856.0,670856.0,656317.0,2.9715766125666176,2.9463352294183287,0.0
13,20,5,small,medium,benchmark,true,2.452,3.073,4.854,4,18,0.2167272727272727,0.204,0.495,787478.0,787478.0,791170.0,792148.0,792148.0,792148.0,0.5895362987724528,0.5895362987724528,0.001234617773446356
13,20,5,small,medium,benchmark,false,4.052,5.007999999999999,6.902999999999999,4,18,0.3598181818181818,0.3153333333333333,0.485,787478.0,787478.0,791170.0,792148.0,792148.0,792148.0,0.5895362987724528,0.5895362987724528,0.001234617773446356
14,20,5,small,medium,benchmark,true,1.735,1.939,3.04,4,19,0.152,0.0985,0.179,945287.5,949760.0,951740.0,951740.0,951740.0,951740.0,0.6779687729842165,0.20804001092735724,0.0
14,20,5,small,medium,benchmark,false,3.422,3.8840000000000003,5.849,4,19,0.3052727272727273,0.22799999999999998,0.3345,945287.5,949760.0,951740.0,951740.0,951740.0,951740.0,0.6779687729842165,0.20804001092735724,0.0
15,20,5,small,medium,benchmark,true,3.448,3.448,3.448,1,11,0.30090909090909096,0.30090909090909096,0.30090909090909096,814414.0,814414.0,814414.0,814414.0,814414.0,814414.0,0.0,0.0,0.0
15,20,5,small,medium,benchmark,false,5.291,5.291,5.291,1,11,0.468090909090909,0.468090909090909,0.468090909090909,814414.0,814414.0,814414.0,814414.0,814414.0,814414.0,0.0,0.0,0.0
16,20,5,small,medium,benchmark,true,7.989,10.059,22.084,4,29,0.4895625,0.41059999999999997,1.2983333333333336,949122.5,956424.0,965155.0,985360.0,985360.0,984130.0,3.6775899163757453,2.936591702524971,0.019280989300194062
16,20,5,small,medium,benchmark,false,15.872,19.056,28.554,4,29,0.9824999999999999,0.6312000000000001,1.156,949122.5,956424.0,965155.0,985360.0,985360.0,984130.0,3.6775899163757453,2.936591702524971,0.019280989300194062
17,20,5,small,medium,benchmark,true,3.292,3.292,5.135,2,16,0.29163636363636364,0.29163636363636364,0.36479999999999996,990670.0,990670.0,991830.0,991830.0,991830.0,991830.0,0.11695552665275111,0.11695552665275111,0.0
17,20,5,small,medium,benchmark,false,6.172,6.172,8.981,2,16,0.5533636363636364,0.5533636363636364,0.554,990670.0,990670.0,991830.0,991830.0,991830.0,991830.0,0.11695552665275111,0.11695552665275111,0.0
18,20,5,small,medium,benchmark,true,3.973,3.973,10.235999999999999,8,30,0.253,0.253,0.4935,746703.5,746703.5,754177.4,759057.0,759057.0,759057.0,1.6274798862272566,1.6274798862272566,0.0064285027343137235
18,20,5,small,medium,benchmark,false,6.765,6.765,15.092999999999998,8,30,0.4419333333333333,0.4419333333333333,0.597,746703.5,746703.5,754177.4,759057.0,759057.0,759057.0,1.6274798862272566,1.6274798862272566,0.0064285027343137235
19,20,5,small,medium,benchmark,true,5.874,5.874,5.874,1,14,0.4102142857142858,0.4102142857142858,0.4102142857142858,941693.0,941693.0,941693.0,953862.0,953862.0,953862.0,1.2757610639694161,1.2757610639694161,0.012757610639694161
19,20,5,small,medium,benchmark,false,9.376,9.376,9.376,1,14,0.6618571428571428,0.6618571428571428,0.6618571428571428,941693.0,941693.0,941693.0,953862.0,953862.0,953862.0,1.2757610639694161,1.2757610639694161,0.012757610639694161
20,20,5,small,medium,benchmark,true,3.629,3.629,3.629,1,11,0.31681818181818183,0.31681818181818183,0.31681818181818183,663418.0,663418.0,663418.0,663418.0,663418.0,663418.0,0.0,0.0,0.0
20,20,5,small,medium,benchmark,false,11.326,11.326,11.326,1,11,1.0186363636363636,1.0186363636363636,1.0186363636363636,663418.0,663418.0,663418.0,663418.0,663418.0,663418.0,0.0,0.0,0.0
1,24,5,small,small,ours,true,1.247,3.5469999999999997,6.670999999999999,5,34,0.06241176470588236,0.1552,2.031,768520.2345679011,798843.3333333334,804895.0,806390.0,806390.0,806390.0,4.6962097040016415,0.9358581662305632,0.0018539416411413878
1,24,5,small,small,ours,false,1.448,10.672,25.022000000000002,6,42,0.07576470588235294,0.78475,1.1264999999999998,768520.2345679011,798843.3333333333,804232.5,806390.0,806390.0,806390.0,4.6962097040016415,0.9358581662305743,0.0026755044085368107
2,24,5,small,small,ours,true,0.925,2.154,2.154,2,29,0.042555555555555555,0.10909090909090907,0.10909090909090907,1.0352948125e6,1.065894e6,1.065894e6,1.217044e6,1.065894e6,1.065894e6,14.933657903904873,0.0,0.0
2,24,5,small,small,ours,false,1.052,2.871,2.871,2,28,0.05155555555555556,0.17930000000000001,0.17930000000000001,1.0352948125e6,1.065894e6,1.065894e6,1.217044e6,1.065894e6,1.065894e6,14.933657903904873,0.0,0.0
3,24,5,small,small,ours,true,1.904,2.527,6.542,4,28,0.0901578947368421,0.101,1.3900000000000001,808738.25,833540.0,839875.0,891866.0,891866.0,839875.0,9.32065467233867,6.539771669735139,0.0
3,24,5,small,small,ours,false,2.118,3.354,13.588999999999999,5,38,0.10242105263157895,0.20333333333333334,1.3656666666666666,808738.25,833540.0,839875.0,891866.0,891866.0,839875.0,9.32065467233867,6.539771669735139,0.0
4,24,5,small,small,ours,true,1.336,4.588,432.41499999999996,12,53,0.06605882352941178,0.1642,52.89633333333333,677527.705882353,700731.0,720276.6,826549.0,733479.0,732010.0,18.029335722098384,4.464749502030729,0.0160290159970492
4,24,5,small,small,ours,false,1.684,30.855,104.57199999999999,11,68,0.08811764705882355,1.4574,2.6085000000000003,677527.705882353,700731.0,711416.0,826549.0,720041.0,712393.0,18.029335722098384,2.681791731304195,0.0013714340258818014
5,24,5,small,small,ours,true,6.397,8.869,8.869,2,29,0.2939,0.2713333333333333,0.2713333333333333,721346.5681818181,757242.0,757242.0,977458.0,757242.0,757242.0,26.201783792058777,0.0,0.0
5,24,5,small,small,ours,false,6.518,12.453,12.453,2,29,0.3021000000000001,0.6562222222222223,0.6562222222222223,721346.5681818181,757242.0,757242.0,977458.0,757242.0,757242.0,26.201783792058777,0.0,0.0
6,24,5,small,small,ours,true,1.327,2.127,116.642,10,46,0.06157894736842105,0.06716666666666667,12.150000000000002,798985.0,804850.0,823457.2,848603.0,847650.0,847650.0,5.847021516539542,5.049253819383004,0.02854102518728252
6,24,5,small,small,ours,false,1.691,3.976,8.52,6,42,0.08152631578947368,0.21950000000000003,0.48883333333333334,798985.0,804850.0,814283.0,848603.0,847650.0,814283.0,5.847021516539542,5.049253819383004,0.0
7,24,5,small,small,ours,true,0.615,1.783,5.838,5,30,0.03984615384615386,0.09566666666666666,1.6135,757080.0,810194.0,816290.0,837950.0,816290.0,816290.0,9.650933826600628,0.7467934190054981,0.0
7,24,5,small,small,ours,false,0.693,5.145,11.12,5,35,0.046307692307692314,0.4184999999999999,0.8035000000000001,757080.0,810194.0,816290.0,837950.0,816290.0,816290.0,9.650933826600628,0.7467934190054981,0.0
8,24,5,small,small,ours,true,2.008,4.2090000000000005,4.2090000000000005,3,41,0.06696153846153846,0.14866666666666667,0.14866666666666667,738590.0,755160.0,755160.0,802097.0,755160.0,755160.0,7.917620936121194,0.0,0.0
8,24,5,small,small,ours,false,2.363,25.453,25.453,3,41,0.08134615384615386,1.8151666666666666,1.8151666666666666,738590.0,755160.0,755160.0,802097.0,755160.0,755160.0,7.917620936121194,0.0,0.0
9,24,5,small,small,ours,true,1.565,2.174,2.174,3,32,0.06461904761904763,0.056,0.056,761020.0,789530.0,789530.0,833170.0,789530.0,789530.0,8.659697300670931,0.0,0.0
9,24,5,small,small,ours,false,6.834,8.457,8.457,3,32,0.3132857142857142,0.19133333333333336,0.19133333333333336,761020.0,789530.0,789530.0,833170.0,789530.0,789530.0,8.659697300670931,0.0,0.0
10,24,5,small,small,ours,true,3.503,27.945999999999998,389.919,10,45,0.1703157894736842,1.07975,32.568999999999996,871572.6474622772,913943.3333333334,921795.0,1.04314e6,921795.0,921795.0,16.44720291981161,0.8517801318803642,0.0
10,24,5,small,small,ours,false,4.42,495.636,919.782,6,46,0.21552631578947368,28.149666666666665,41.53566666666667,871572.6474622772,913943.3333333334,919761.25,1.04314e6,940780.0,921795.0,16.44720291981161,2.8525974900259987,0.0022062931562875088
11,24,5,small,small,ours,true,0.954,2.835,2.835,2,26,0.044000000000000004,0.20411111111111108,0.20411111111111108,728681.696969697,767364.0,767364.0,839281.0,767364.0,767364.0,13.177863317566219,0.0,0.0
11,24,5,small,small,ours,false,1.13,46.113,46.113,2,26,0.05594117647058824,4.991555555555555,4.991555555555555,728681.696969697,767364.0,767364.0,839281.0,767364.0,767364.0,13.177863317566219,0.0,0.0
12,24,5,small,small,ours,true,0.94,2.075,2.075,2,21,0.05785714285714286,0.15842857142857145,0.15842857142857145,771722.1249999999,796827.0,796827.0,827125.0,796827.0,796827.0,6.6982469397007804,0.0,0.0
12,24,5,small,small,ours,false,1.108,9.483,9.483,2,26,0.07007142857142859,0.6923333333333331,0.6923333333333331,771722.1249999999,796827.0,796827.0,827125.0,796827.0,796827.0,6.6982469397007804,0.0,0.0
13,24,5,small,small,ours,true,1.08,2.0949999999999998,2.0949999999999998,2,22,0.061000000000000006,0.14171428571428568,0.14171428571428568,774017.5,815678.0,815678.0,857673.0,815678.0,815678.0,9.753775623110439,0.0,0.0
13,24,5,small,small,ours,false,1.228,4.806,4.806,2,22,0.07233333333333335,0.5081428571428571,0.5081428571428571,774017.5,815678.0,815678.0,857673.0,815678.0,815678.0,9.753775623110439,0.0,0.0
14,24,5,small,small,ours,true,0.628,1.115,1.932,4,33,0.029875,0.037,0.26866666666666666,977605.0,984190.0,986170.0,1.015932e6,986170.0,986170.0,3.772595016201874,0.20077674234665333,0.0
14,24,5,small,small,ours,false,0.723,2.23,2.8970000000000002,5,37,0.0375625,0.10257142857142858,0.16200000000000003,977605.0,984190.0,986170.0,1.015932e6,986170.0,986170.0,3.772595016201874,0.20077674234665333,0.0
15,24,5,small,small,ours,true,1.626,2.77,2.77,3,34,0.06513636363636365,0.09375000000000001,0.09375000000000001,821015.7142857146,851960.0,851960.0,923298.0,851960.0,851960.0,11.077927788675535,0.0,0.0
15,24,5,small,small,ours,false,1.776,4.998,4.998,3,34,0.07263636363636364,0.27175,0.27175,821015.7142857146,851960.0,851960.0,923298.0,851960.0,851960.0,11.077927788675535,0.0,0.0
16,24,5,small,small,ours,true,1.822,3.173,3.865,4,33,0.07523809523809524,0.085,0.686,994307.4999999999,1.0719675e6,1.07495e6,1.19714e6,1.07495e6,1.07495e6,16.943089362981777,0.27745476533792557,0.0
16,24,5,small,small,ours,false,2.015,3.866,6.235,5,41,0.08566666666666665,0.125,0.27049999999999996,994307.4999999999,1.0719675e6,1.07495e6,1.19714e6,1.07495e6,1.07495e6,16.943089362981777,0.27745476533792557,0.0
17,24,5,small,small,ours,true,0.835,1.6949999999999998,4.138,4,34,0.046187500000000006,0.0760909090909091,0.3845,979026.6666666667,1.014415e6,1.028971e6,1.110719e6,1.041531e6,1.028971e6,11.856494156787923,2.603475076593975,0.0
17,24,5,small,small,ours,false,0.951,4.191,9.472999999999999,4,36,0.051687500000000004,0.35744444444444445,0.45820000000000005,979026.6666666667,1.014415e6,1.028971e6,1.110719e6,1.041531e6,1.028971e6,11.856494156787923,2.603475076593975,0.0
18,24,5,small,small,ours,true,1.042,1.8010000000000002,13.896,10,33,0.06992307692307694,0.0546,8.349,793946.0,804276.0,816622.0,883288.0,816622.0,816622.0,10.114707773681975,1.5118377903117985,0.0
18,24,5,small,small,ours,false,1.167,2.7830000000000004,21.206000000000003,13,58,0.07930769230769233,0.212,0.7026666666666667,793946.0,804276.0,816316.0,883288.0,816622.0,816622.0,10.114707773681975,1.5118377903117985,0.0003747143721329893
19,24,5,small,small,ours,true,1.478,1.804,1.804,2,25,0.06380000000000001,0.06019999999999999,0.06019999999999999,999141.0,1.015434e6,1.015434e6,1.021034e6,1.015434e6,1.015434e6,2.1441989199184386,0.0,0.0
19,24,5,small,small,ours,false,1.628,2.517,2.517,2,27,0.0708,0.12142857142857141,0.12142857142857141,999141.0,1.015434e6,1.015434e6,1.021034e6,1.015434e6,1.015434e6,2.1441989199184386,0.0,0.0
20,24,5,small,small,ours,true,1.142,3.753,5.9110000000000005,5,44,0.04536363636363636,0.1734,0.674,702990.5,734646.0,738482.5,855908.0,738582.0,738582.0,17.86611411506844,0.532913068555696,0.0001347176075235934
20,24,5,small,small,ours,false,1.359,45.084,65.94600000000001,5,55,0.053909090909090907,1.946818181818182,2.1576666666666666,702990.5,734646.0,738482.5,855908.0,738582.0,738582.0,17.86611411506844,0.532913068555696,0.0001347176075235934
1,24,5,small,small,benchmark,true,7.312,13.735000000000001,26.46,7,40,0.44,0.39099999999999996,1.349,768520.2345679012,798843.3333333333,804232.5,860304.0,806390.0,806390.0,10.668759581740728,0.9358581662305743,0.0026755044085368107
1,24,5,small,small,benchmark,false,12.764,23.912,37.407000000000004,7,40,0.7783125,0.67175,1.4115000000000002,768520.2345679012,798843.3333333333,804232.5,860304.0,806390.0,806390.0,10.668759581740728,0.9358581662305743,0.0026755044085368107
2,24,5,small,small,benchmark,true,7.485,9.535,9.535,2,23,0.44793750000000004,0.2887142857142857,0.2887142857142857,1.0352948125e6,1.065894e6,1.065894e6,1.065894e6,1.065894e6,1.065894e6,2.870753330068465,0.0,0.0
2,24,5,small,small,benchmark,false,13.719,16.842,16.842,2,23,0.8386875,0.442,0.442,1.0352948125e6,1.065894e6,1.065894e6,1.065894e6,1.065894e6,1.065894e6,2.870753330068465,0.0,0.0
3,24,5,small,small,benchmark,true,15.072,17.241,48.41,5,35,0.9085000000000001,0.4284,3.8648,808738.2499999999,833540.0,839875.0,868990.0,868990.0,839875.0,6.933537785244948,4.079448555219278,0.0
3,24,5,small,small,benchmark,false,18.509,21.784,46.133,5,35,1.1248125,0.649,2.6205999999999996,808738.2499999999,833540.0,839875.0,868990.0,868990.0,839875.0,6.933537785244948,4.079448555219278,0.0
4,24,5,small,small,benchmark,true,7.736,18.46,67.31,11,56,0.5227857142857143,0.6831666666666667,3.5222499999999997,677527.7058823531,700731.0,711416.0,790785.0,720041.0,712393.0,14.322134855573498,2.681791731304195,0.0013714340258818014
4,24,5,small,small,benchmark,false,19.351,42.64,100.04899999999999,11,56,1.349142857142857,1.2505,3.4535,677527.7058823531,700731.0,711416.0,790785.0,720041.0,712393.0,14.322134855573498,2.681791731304195,0.0013714340258818014
5,24,5,small,small,benchmark,true,29.556,36.878,36.878,2,28,1.9136666666666668,0.5574615384615385,0.5574615384615385,721346.5681818181,757242.0,757242.0,875981.0,757242.0,757242.0,17.65271527786355,0.0,0.0
5,24,5,small,small,benchmark,false,46.925,57.414,57.414,2,28,3.0733333333333333,0.8008461538461538,0.8008461538461538,721346.5681818181,757242.0,757242.0,875981.0,757242.0,757242.0,17.65271527786355,0.0,0.0
6,24,5,small,small,benchmark,true,11.981,15.162,23.123,6,41,0.6479999999999999,0.349,0.92825,798985.0,804850.0,814283.0,839250.0,838190.0,814283.0,4.79773607387548,3.9776184397332326,0.0
6,24,5,small,small,benchmark,false,11.997,17.298000000000002,27.802000000000003,6,41,0.6477222222222222,0.58875,1.07275,798985.0,804850.0,814283.0,839250.0,838190.0,814283.0,4.79773607387548,3.9776184397332326,0.0
7,24,5,small,small,benchmark,true,4.155,8.421,16.111,5,35,0.26113333333333333,0.3534,1.4946666666666666,757080.0,810194.0,816290.0,845921.0,816290.0,816290.0,10.502280945856645,0.7467934190054981,0.0
7,24,5,small,small,benchmark,false,7.01,14.277999999999999,22.749999999999996,5,35,0.45006666666666667,0.6146,1.3923333333333332,757080.0,810194.0,816290.0,845921.0,816290.0,816290.0,10.502280945856645,0.7467934190054981,0.0
8,24,5,small,small,benchmark,true,12.779,18.862,18.862,3,28,0.770375,0.5728333333333333,0.5728333333333333,738590.0,755160.0,755160.0,782698.0,755160.0,755160.0,5.635379162844423,0.0,0.0
8,24,5,small,small,benchmark,false,26.156,40.064,40.064,3,28,1.6051250000000001,1.2841666666666667,1.2841666666666667,738590.0,755160.0,755160.0,782698.0,755160.0,755160.0,5.635379162844423,0.0,0.0
9,24,5,small,small,benchmark,true,8.847,11.363,11.363,3,30,0.41945000000000005,0.22166666666666668,0.22166666666666668,761020.0,789530.0,789530.0,877480.0,789530.0,789530.0,13.27209736974062,0.0,0.0
9,24,5,small,small,benchmark,false,21.583,27.471999999999998,27.471999999999998,3,30,1.0564,0.604,0.604,761020.0,789530.0,789530.0,877480.0,789530.0,789530.0,13.27209736974062,0.0,0.0
10,24,5,small,small,benchmark,true,33.059,65.30099999999999,143.112,6,42,1.6167000000000002,2.823,11.03725,871572.6474622772,913943.3333333334,919761.25,1.005745e6,921795.0,921795.0,13.340593543862788,0.8517801318803642,0.0022062931562875088
10,24,5,small,small,benchmark,false,58.496,117.56800000000001,218.151,6,42,2.8871499999999997,4.1544,12.5935,871572.6474622772,913943.3333333334,919761.25,1.005745e6,921795.0,921795.0,13.340593543862788,0.8517801318803642,0.0022062931562875088
11,24,5,small,small,benchmark,true,10.323,18.378999999999998,18.378999999999998,2,26,0.6634,0.7229090909090908,0.7229090909090908,728681.696969697,767364.0,767364.0,881580.0,767364.0,767364.0,17.343667396073304,0.0,0.0
11,24,5,small,small,benchmark,false,17.457,36.024,36.024,2,26,1.1349333333333333,1.678181818181818,1.678181818181818,728681.696969697,767364.0,767364.0,881580.0,767364.0,767364.0,17.343667396073304,0.0,0.0
12,24,5,small,small,benchmark,true,6.061,10.536,10.536,2,20,0.48316666666666674,0.54975,0.54975,771722.125,796827.0,796827.0,830858.0,796827.0,796827.0,7.117446663569471,0.0,0.0
12,24,5,small,small,benchmark,false,10.065,22.777,22.777,2,20,0.8094999999999999,1.581625,1.581625,771722.125,796827.0,796827.0,830858.0,796827.0,796827.0,7.117446663569471,0.0,0.0
13,24,5,small,small,benchmark,true,5.013,9.972,9.972,2,21,0.4678,0.44627272727272727,0.44627272727272727,774017.5,815678.0,815678.0,847002.0,815678.0,815678.0,8.616803738361888,0.0,0.0
13,24,5,small,small,benchmark,false,9.296,17.558,17.558,2,21,0.8997000000000002,0.7450000000000002,0.7450000000000002,774017.5,815678.0,815678.0,847002.0,815678.0,815678.0,8.616803738361888,0.0,0.0
14,24,5,small,small,benchmark,true,3.182,4.341,5.573,5,28,0.207,0.12583333333333332,0.2303333333333333,977605.0,984190.0,986170.0,986170.0,986170.0,986170.0,0.8685115142419653,0.20077674234665333,0.0
14,24,5,small,small,benchmark,false,5.554,8.284,10.508000000000001,5,28,0.3760714285714286,0.31016666666666665,0.4413333333333333,977605.0,984190.0,986170.0,986170.0,986170.0,986170.0,0.8685115142419653,0.20077674234665333,0.0
15,24,5,small,small,benchmark,true,8.846,13.030999999999999,13.030999999999999,3,30,0.46838888888888897,0.35333333333333333,0.35333333333333333,821015.7142857143,851960.0,851960.0,902040.0,851960.0,851960.0,8.982338445555149,0.0,0.0
15,24,5,small,small,benchmark,false,15.037,22.571,22.571,3,30,0.8114444444444444,0.6236666666666667,0.6236666666666667,821015.7142857143,851960.0,851960.0,902040.0,851960.0,851960.0,8.982338445555149,0.0,0.0
16,24,5,small,small,benchmark,true,20.4,28.482,38.78399999999999,5,34,1.0466315789473681,0.7815000000000001,2.282,994307.5,1.0719675e6,1.07495e6,1.15185e6,1.07495e6,1.07495e6,13.677345140426267,0.27745476533792557,0.0
16,24,5,small,small,benchmark,false,26.155,36.126000000000005,44.401,5,34,1.3485263157894736,0.966,1.726,994307.5,1.0719675e6,1.07495e6,1.15185e6,1.07495e6,1.07495e6,13.677345140426267,0.27745476533792557,0.0
17,24,5,small,small,benchmark,true,4.828,6.355,10.899000000000001,4,29,0.30793333333333334,0.30179999999999996,0.5503333333333333,979026.6666666666,1.014415e6,1.028971e6,1.151252e6,1.041531e6,1.028971e6,14.959829240977074,2.603475076593975,0.0
17,24,5,small,small,benchmark,false,9.098,12.704,21.713,4,29,0.5913333333333334,0.7173999999999999,1.0753333333333333,979026.6666666666,1.014415e6,1.028971e6,1.151252e6,1.041531e6,1.028971e6,14.959829240977074,2.603475076593975,0.0
18,24,5,small,small,benchmark,true,6.357,9.753,27.471999999999994,13,51,0.42671428571428577,0.2657142857142857,0.6132500000000001,793946.0,804276.0,816316.0,827492.0,816622.0,816622.0,4.05393647310186,1.5118377903117985,0.0003747143721329893
18,24,5,small,small,benchmark,false,12.024,19.005,47.06099999999999,13,51,0.8267142857142857,0.5902857142857142,0.97925,793946.0,804276.0,816316.0,827492.0,816622.0,816622.0,4.05393647310186,1.5118377903117985,0.0003747143721329893
19,24,5,small,small,benchmark,true,8.464,9.951,9.951,2,25,0.39770000000000005,0.288,0.288,999141.0,1.015434e6,1.015434e6,1.015434e6,1.015434e6,1.015434e6,1.6045355975868425,0.0,0.0
19,24,5,small,small,benchmark,false,14.357,16.97,16.97,2,25,0.6942,0.5134000000000001,0.5134000000000001,999141.0,1.015434e6,1.015434e6,1.015434e6,1.015434e6,1.015434e6,1.6045355975868425,0.0,0.0
20,24,5,small,small,benchmark,true,7.148,19.253999999999998,25.732999999999997,5,47,0.4604,0.6018571428571428,0.84825,702990.5,734646.0,738482.5,801344.0,738582.0,738582.0,12.273567905918059,0.532913068555696,0.0001347176075235934
20,24,5,small,small,benchmark,false,12.564,50.589,65.794,5,47,0.8206666666666668,1.490857142857143,2.1405,702990.5,734646.0,738482.5,801344.0,738582.0,738582.0,12.273567905918059,0.532913068555696,0.0001347176075235934
1,24,5,small,medium,ours,true,4.444,5.65,21.196,6,26,0.27106250000000004,0.29825,3.252,796635.0,798843.3333333333,806210.0,806390.0,806390.0,806390.0,1.2097124220290412,0.9358581662305743,0.00022321705378292034
1,24,5,small,medium,ours,false,18.817,22.484,41.081,6,32,1.2466,0.9135,1.493,796635.0,798843.3333333333,804232.5,806390.0,806390.0,806390.0,1.2097124220290412,0.9358581662305743,0.0026755044085368107
2,24,5,small,medium,ours,true,1.87,3.0220000000000002,3.0220000000000002,2,17,0.15083333333333335,0.22799999999999998,0.22799999999999998,1.061529e6,1.065894e6,1.065894e6,1.065894e6,1.065894e6,1.065894e6,0.4095153927126005,0.0,0.0
2,24,5,small,medium,ours,false,15.219,19.275,19.275,2,22,0.8892941176470588,0.8081999999999999,0.8081999999999999,1.061529e6,1.065894e6,1.065894e6,1.076994e6,1.065894e6,1.065894e6,1.4359411473044426,0.0,0.0
3,24,5,small,medium,ours,true,7.06,7.06,14.39,3,18,0.435375,0.435375,3.8970000000000002,833540.0,833540.0,839875.0,839875.0,839875.0,839875.0,0.7542789105521641,0.7542789105521641,0.0
3,24,5,small,medium,ours,false,37.788,37.788,70.833,4,28,2.2150588235294117,2.2150588235294117,3.558333333333333,833540.0,833540.0,839875.0,839875.0,839875.0,839875.0,0.7542789105521641,0.7542789105521641,0.0
4,24,5,small,medium,ours,true,4.956,4.956,385.56199999999995,8,35,0.25463157894736843,0.25463157894736843,38.39044444444445,700731.0,700731.0,711416.0,732010.0,732010.0,712393.0,4.273029056980093,4.273029056980093,0.0013714340258818014
4,24,5,small,medium,ours,false,24.906,24.906,86.44500000000001,12,49,1.549125,1.549125,2.9439999999999995,700731.0,700731.0,711416.0,720041.0,720041.0,712393.0,2.681791731304195,2.681791731304195,0.0013714340258818014
5,24,5,small,medium,ours,true,9.288,12.312000000000001,12.312000000000001,2,21,0.5726875,0.6014,0.6014,754145.3333333333,757242.0,757242.0,757242.0,757242.0,757242.0,0.4089401626780842,0.0,0.0
5,24,5,small,medium,ours,false,44.565,53.8,53.8,2,23,2.4693888888888886,1.8432,1.8432,754145.3333333334,757242.0,757242.0,757242.0,757242.0,757242.0,0.408940162678062,0.0,0.0
6,24,5,small,medium,ours,true,3.342,3.342,15.635000000000002,5,19,0.23321428571428574,0.23321428571428574,2.7110000000000003,804850.0,804850.0,814283.0,814283.0,814283.0,814283.0,1.1584424579660912,1.1584424579660912,0.0
6,24,5,small,medium,ours,false,15.915,15.915,37.104,5,30,1.1307857142857143,1.1307857142857143,1.2366666666666666,804850.0,804850.0,814283.0,849810.0,849810.0,814283.0,5.290594368152879,5.290594368152879,0.0
7,24,5,small,medium,ours,true,2.879,2.879,11.872,3,19,0.2147692307692308,0.2147692307692308,1.7003333333333333,810194.0,810194.0,816290.0,816290.0,816290.0,816290.0,0.7467934190054981,0.7467934190054981,0.0
7,24,5,small,medium,ours,false,15.003,20.139,29.531,4,28,0.9933333333333332,0.8523333333333332,1.5187500000000003,807711.5,810194.0,816290.0,816290.0,816290.0,816290.0,1.0509132783692032,0.7467934190054981,0.0
8,24,5,small,medium,ours,true,5.109,5.109,5.109,1,20,0.24839999999999998,0.24839999999999998,0.24839999999999998,755160.0,755160.0,755160.0,755160.0,755160.0,755160.0,0.0,0.0,0.0
8,24,5,small,medium,ours,false,42.978,42.978,42.978,1,18,2.3804999999999996,2.3804999999999996,2.3804999999999996,755160.0,755160.0,755160.0,755160.0,755160.0,755160.0,0.0,0.0,0.0
9,24,5,small,medium,ours,true,1.975,1.975,1.975,1,14,0.1342857142857143,0.1342857142857143,0.1342857142857143,789530.0,789530.0,789530.0,789530.0,789530.0,789530.0,0.0,0.0,0.0
9,24,5,small,medium,ours,false,17.227,17.227,17.227,1,13,1.3170769230769233,1.3170769230769233,1.3170769230769233,789530.0,789530.0,789530.0,789530.0,789530.0,789530.0,0.0,0.0,0.0
10,24,5,small,medium,ours,true,41.617,52.07299999999999,204.958,7,31,2.0721,2.0852,30.327,908500.0,913943.3333333334,921795.0,940780.0,921795.0,921795.0,3.4311953910584836,0.8517801318803642,0.0
10,24,5,small,medium,ours,false,133.107,177.265,379.297,6,33,8.3099375,8.8258,30.2185,908500.0,913943.3333333334,919692.0,940780.0,940780.0,921795.0,3.4311953910584836,2.8525974900259987,0.0022814183196914195
11,24,5,small,medium,ours,true,3.349,3.349,3.349,1,18,0.18016666666666667,0.18016666666666667,0.18016666666666667,767364.0,767364.0,767364.0,767364.0,767364.0,767364.0,0.0,0.0,0.0
11,24,5,small,medium,ours,false,13.73,13.73,13.73,1,15,0.9090666666666665,0.9090666666666665,0.9090666666666665,767364.0,767364.0,767364.0,767364.0,767364.0,767364.0,0.0,0.0,0.0
12,24,5,small,medium,ours,true,4.264,4.264,4.264,1,16,0.2594375,0.2594375,0.2594375,796827.0,796827.0,796827.0,796827.0,796827.0,796827.0,0.0,0.0,0.0
12,24,5,small,medium,ours,false,21.564,21.564,21.564,1,14,1.5322857142857145,1.5322857142857145,1.5322857142857145,796827.0,796827.0,796827.0,796827.0,796827.0,796827.0,0.0,0.0,0.0
13,24,5,small,medium,ours,true,3.07,3.07,3.07,1,15,0.1970666666666667,0.1970666666666667,0.1970666666666667,815678.0,815678.0,815678.0,815678.0,815678.0,815678.0,0.0,0.0,0.0
13,24,5,small,medium,ours,false,19.406,19.406,19.406,1,14,1.3784285714285711,1.3784285714285711,1.3784285714285711,815678.0,815678.0,815678.0,815678.0,815678.0,815678.0,0.0,0.0,0.0
14,24,5,small,medium,ours,true,1.641,1.641,2.903,2,19,0.0968125,0.0968125,0.4183333333333333,984190.0,984190.0,986170.0,986170.0,986170.0,986170.0,0.20077674234665333,0.20077674234665333,0.0
14,24,5,small,medium,ours,false,6.73,6.73,8.931000000000001,3,19,0.47635714285714287,0.47635714285714287,0.427,984190.0,984190.0,986170.0,1.016047e6,1.016047e6,986170.0,3.135386453579414,3.135386453579414,0.0
15,24,5,small,medium,ours,true,2.981,3.867,3.867,2,17,0.22169230769230763,0.21825,0.21825,851516.6666666666,851960.0,851960.0,851960.0,851960.0,851960.0,0.05203687184062167,0.0,0.0
15,24,5,small,medium,ours,false,15.313,21.094,21.094,2,19,1.1714615384615386,0.9603333333333333,0.9603333333333333,851516.6666666666,851960.0,851960.0,879850.0,851960.0,851960.0,3.220245875243888,0.0,0.0
16,24,5,small,medium,ours,true,5.692,6.640000000000001,8.044,3,25,0.2781,0.23375,1.398,1.0714277777777778e6,1.0719675e6,1.07495e6,1.07495e6,1.07495e6,1.07495e6,0.3276638189889991,0.27745476533792557,0.0
16,24,5,small,medium,ours,false,27.066,30.705,43.362,4,32,1.34855,0.9060000000000001,1.6522500000000002,1.0714277777777775e6,1.0719675e6,1.07495e6,1.100431e6,1.100431e6,1.07495e6,2.6356238802998533,2.586577441020832,0.0
17,24,5,small,medium,ours,true,2.886,2.886,8.482,3,21,0.17312500000000003,0.17312500000000003,1.17375,1.014415e6,1.014415e6,1.028971e6,1.028971e6,1.028971e6,1.028971e6,1.4146171272076624,1.4146171272076624,0.0
17,24,5,small,medium,ours,false,11.232,11.232,16.299999999999997,3,21,0.7960714285714287,0.7960714285714287,0.68025,1.014415e6,1.014415e6,1.028971e6,1.028971e6,1.028971e6,1.028971e6,1.4146171272076624,1.4146171272076624,0.0
18,24,5,small,medium,ours,true,2.349,2.349,25.759,6,19,0.20627272727272727,0.20627272727272727,13.725000000000001,804276.0,804276.0,818156.0,827492.0,827492.0,827492.0,2.8055860358770834,2.8055860358770834,0.011282284300029533
18,24,5,small,medium,ours,false,18.724,18.724,41.602000000000004,7,34,1.1630625,1.1630625,1.595,804276.0,804276.0,816316.0,816622.0,816622.0,816622.0,1.5118377903117985,1.5118377903117985,0.0003747143721329893
19,24,5,small,medium,ours,true,5.007,5.007,5.007,1,19,0.2556315789473684,0.2556315789473684,0.2556315789473684,1.015434e6,1.015434e6,1.015434e6,1.015434e6,1.015434e6,1.015434e6,0.0,0.0,0.0
19,24,5,small,medium,ours,false,27.168,27.168,27.168,1,22,1.2285,1.2285,1.2285,1.015434e6,1.015434e6,1.015434e6,1.015434e6,1.015434e6,1.015434e6,0.0,0.0,0.0
20,24,5,small,medium,ours,true,5.1,5.1,16.002,6,30,0.22499999999999998,0.22499999999999998,1.854,734645.9999999999,734645.9999999999,744768.0,744768.0,744768.0,744768.0,1.3590809486981326,1.3590809486981326,0.0
20,24,5,small,medium,ours,false,18.452,18.452,34.964,3,29,1.2238666666666669,1.2238666666666669,1.2445000000000002,734646.0000000001,734646.0000000001,738482.5,738582.0,738582.0,738582.0,0.5329130685556738,0.5329130685556738,0.0001347176075235934
1,24,5,small,medium,benchmark,true,9.488,10.902999999999999,25.305,6,27,0.6184666666666667,0.465,1.885,796635.0,798843.3333333333,804232.5,806390.0,806390.0,806390.0,1.2097124220290412,0.9358581662305743,0.0026755044085368107
1,24,5,small,medium,benchmark,false,14.376,16.535,30.052,6,27,0.9426666666666665,0.713,1.6495,796635.0,798843.3333333333,804232.5,806390.0,806390.0,806390.0,1.2097124220290412,0.9358581662305743,0.0026755044085368107
2,24,5,small,medium,benchmark,true,8.55,10.794,10.794,2,21,0.5967857142857144,0.3165714285714286,0.3165714285714286,1.061529e6,1.065894e6,1.065894e6,1.065894e6,1.065894e6,1.065894e6,0.4095153927126005,0.0,0.0
2,24,5,small,medium,benchmark,false,13.928,18.104,18.104,2,21,0.9821428571428573,0.593,0.593,1.061529e6,1.065894e6,1.065894e6,1.065894e6,1.065894e6,1.065894e6,0.4095153927126005,0.0,0.0
3,24,5,small,medium,benchmark,true,14.075,14.075,46.159,4,32,0.8144705882352943,0.8144705882352943,2.9248000000000003,833540.0,833540.0,839875.0,839875.0,839875.0,839875.0,0.7542789105521641,0.7542789105521641,0.0
3,24,5,small,medium,benchmark,false,20.518,20.518,48.181000000000004,4,32,1.1945882352941177,1.1945882352941177,2.2288,833540.0,833540.0,839875.0,839875.0,839875.0,839875.0,0.7542789105521641,0.7542789105521641,0.0
4,24,5,small,medium,benchmark,true,9.521,9.521,50.441,12,36,0.6651428571428571,0.6651428571428571,4.0675,700731.0,700731.0,711416.0,720041.0,720041.0,712393.0,2.681791731304195,2.681791731304195,0.0013714340258818014
4,24,5,small,medium,benchmark,false,15.161,15.161,57.986999999999995,12,36,1.0690000000000002,1.0690000000000002,3.6879999999999997,700731.0,700731.0,711416.0,720041.0,720041.0,712393.0,2.681791731304195,2.681791731304195,0.0013714340258818014
5,24,5,small,medium,benchmark,true,16.567,20.686,20.686,2,21,1.0204375,0.8177999999999999,0.8177999999999999,754145.3333333333,757242.0,757242.0,759822.0,757242.0,757242.0,0.7471048043708572,0.0,0.0
5,24,5,small,medium,benchmark,false,21.539,26.584000000000003,26.584000000000003,2,21,1.330875,1.0032,1.0032,754145.3333333333,757242.0,757242.0,759822.0,757242.0,757242.0,0.7471048043708572,0.0,0.0
6,24,5,small,medium,benchmark,true,7.572,7.572,21.617,5,30,0.527,0.527,1.1536666666666668,804849.9999999999,804849.9999999999,814283.0,826426.0,826426.0,814283.0,2.610760068052087,2.610760068052087,0.0
6,24,5,small,medium,benchmark,false,12.509,12.509,29.035,5,30,0.8794285714285713,0.8794285714285713,1.1566666666666665,804849.9999999999,804849.9999999999,814283.0,826426.0,826426.0,814283.0,2.610760068052087,2.610760068052087,0.0
7,24,5,small,medium,benchmark,true,5.582,8.038,20.128999999999998,4,26,0.48781818181818176,0.4856,1.6395,807711.5,810194.0,816290.0,816290.0,816290.0,816290.0,1.0509132783692032,0.7467934190054981,0.0
7,24,5,small,medium,benchmark,false,9.626,13.327,25.107000000000003,4,26,0.8607272727272726,0.7346,1.4184999999999999,807711.5,810194.0,816290.0,816290.0,816290.0,816290.0,1.0509132783692032,0.7467934190054981,0.0
8,24,5,small,medium,benchmark,true,13.286,13.286,13.286,1,12,1.087,1.087,1.087,755160.0,755160.0,755160.0,755160.0,755160.0,755160.0,0.0,0.0,0.0
8,24,5,small,medium,benchmark,false,22.347,22.347,22.347,1,12,1.8436666666666668,1.8436666666666668,1.8436666666666668,755160.0,755160.0,755160.0,755160.0,755160.0,755160.0,0.0,0.0,0.0
9,24,5,small,medium,benchmark,true,7.828,7.828,7.828,1,13,0.581076923076923,0.581076923076923,0.581076923076923,789530.0,789530.0,789530.0,789530.0,789530.0,789530.0,0.0,0.0,0.0
9,24,5,small,medium,benchmark,false,14.973,14.973,14.973,1,13,1.1334615384615385,1.1334615384615385,1.1334615384615385,789530.0,789530.0,789530.0,789530.0,789530.0,789530.0,0.0,0.0,0.0
10,24,5,small,medium,benchmark,true,32.369,48.61,182.548,4,29,2.1406666666666667,2.6963333333333335,25.53575,908500.0,913943.3333333334,919761.25,921795.0,921795.0,921795.0,1.442294653366527,0.8517801318803642,0.0022062931562875088
10,24,5,small,medium,benchmark,false,42.013,66.10499999999999,133.43099999999998,4,29,2.7757333333333336,3.9996666666666663,11.14725,908500.0,913943.3333333334,919761.25,921795.0,921795.0,921795.0,1.442294653366527,0.8517801318803642,0.0022062931562875088
11,24,5,small,medium,benchmark,true,9.063,9.063,9.063,1,14,0.6332857142857143,0.6332857142857143,0.6332857142857143,767364.0,767364.0,767364.0,767364.0,767364.0,767364.0,0.0,0.0,0.0
11,24,5,small,medium,benchmark,false,15.785,15.785,15.785,1,14,1.1146428571428573,1.1146428571428573,1.1146428571428573,767364.0,767364.0,767364.0,767364.0,767364.0,767364.0,0.0,0.0,0.0
12,24,5,small,medium,benchmark,true,10.787,10.787,10.787,1,14,0.7547857142857143,0.7547857142857143,0.7547857142857143,796827.0,796827.0,796827.0,796827.0,796827.0,796827.0,0.0,0.0,0.0
12,24,5,small,medium,benchmark,false,17.02,17.02,17.02,1,14,1.2020714285714287,1.2020714285714287,1.2020714285714287,796827.0,796827.0,796827.0,796827.0,796827.0,796827.0,0.0,0.0,0.0
13,24,5,small,medium,benchmark,true,5.393,5.393,5.393,1,11,0.47281818181818197,0.47281818181818197,0.47281818181818197,815678.0,815678.0,815678.0,815678.0,815678.0,815678.0,0.0,0.0,0.0
13,24,5,small,medium,benchmark,false,8.899,8.899,8.899,1,11,0.7915454545454547,0.7915454545454547,0.7915454545454547,815678.0,815678.0,815678.0,815678.0,815678.0,815678.0,0.0,0.0,0.0
14,24,5,small,medium,benchmark,true,4.026,4.026,6.5409999999999995,3,21,0.27671428571428575,0.27671428571428575,0.34775,984190.0,984190.0,986170.0,986170.0,986170.0,986170.0,0.20077674234665333,0.20077674234665333,0.0
14,24,5,small,medium,benchmark,false,7.416,7.416,11.332,3,21,0.5185714285714285,0.5185714285714285,0.545,984190.0,984190.0,986170.0,986170.0,986170.0,986170.0,0.20077674234665333,0.20077674234665333,0.0
15,24,5,small,medium,benchmark,true,6.72,8.078,8.078,2,15,0.5457500000000001,0.44533333333333336,0.44533333333333336,851516.6666666667,851960.0,851960.0,851960.0,851960.0,851960.0,0.052036871840610566,0.0,0.0
15,24,5,small,medium,benchmark,false,10.652,12.757,12.757,2,15,0.8734999999999999,0.6953333333333332,0.6953333333333332,851516.6666666667,851960.0,851960.0,851960.0,851960.0,851960.0,0.052036871840610566,0.0,0.0
16,24,5,small,medium,benchmark,true,13.059,15.469,40.840999999999994,4,27,0.804625,0.7983333333333333,3.4268,1.0714277777777778e6,1.0719675e6,1.07495e6,1.120224e6,1.120224e6,1.07495e6,4.355934368681824,4.307754520524465,0.0
16,24,5,small,medium,benchmark,false,20.541,24.117,44.186,4,27,1.27075,1.1866666666666668,2.621,1.0714277777777778e6,1.0719675e6,1.07495e6,1.120224e6,1.120224e6,1.07495e6,4.355934368681824,4.307754520524465,0.0
17,24,5,small,medium,benchmark,true,6.006,6.006,11.356,3,22,0.452076923076923,0.452076923076923,0.5956666666666667,1.014415e6,1.014415e6,1.028971e6,1.028971e6,1.028971e6,1.028971e6,1.4146171272076624,1.4146171272076624,0.0
17,24,5,small,medium,benchmark,false,15.936,15.936,23.826999999999998,3,22,1.2158461538461538,1.2158461538461538,0.911,1.014415e6,1.014415e6,1.028971e6,1.028971e6,1.028971e6,1.028971e6,1.4146171272076624,1.4146171272076624,0.0
18,24,5,small,medium,benchmark,true,6.838,6.838,25.897000000000002,7,35,0.511,0.511,0.7328,804276.0,804276.0,816316.0,839607.0,839607.0,816622.0,4.208040190231854,4.208040190231854,0.0003747143721329893
18,24,5,small,medium,benchmark,false,12.254,12.254,37.9,7,35,0.9293076923076922,0.9293076923076922,1.1378,804276.0,804276.0,816316.0,839607.0,839607.0,816622.0,4.208040190231854,4.208040190231854,0.0003747143721329893
19,24,5,small,medium,benchmark,true,7.414,7.414,7.414,1,14,0.5159285714285715,0.5159285714285715,0.5159285714285715,1.015434e6,1.015434e6,1.015434e6,1.015434e6,1.015434e6,1.015434e6,0.0,0.0,0.0
19,24,5,small,medium,benchmark,false,16.974,16.974,16.974,1,14,1.1984285714285714,1.1984285714285714,1.1984285714285714,1.015434e6,1.015434e6,1.015434e6,1.015434e6,1.015434e6,1.015434e6,0.0,0.0,0.0
20,24,5,small,medium,benchmark,true,12.056,12.056,27.284000000000002,3,28,0.7358124999999999,0.7358124999999999,1.2860000000000003,734646.0,734646.0,738482.5,738582.0,738582.0,738582.0,0.532913068555696,0.532913068555696,0.0001347176075235934
20,24,5,small,medium,benchmark,false,18.884,18.884,36.578,3,28,1.16475,1.16475,1.5083333333333335,734646.0,734646.0,738482.5,738582.0,738582.0,738582.0,0.532913068555696,0.532913068555696,0.0001347176075235934
