seed,n_customers,ngroute_neighborhood_size,ngroute_neighborhood_depots_size,ngroute_neighborhood_charging_size,method,ngroute_alt,time_taken_first,time_taken_total,n_iterations,n_CG_iterations,sp_time_taken_mean_first,sp_time_taken_mean_last,LP_objective_first,LP_objective_last,IP_objective_first,IP_objective_last,LP_IP_gap_first,LP_IP_gap_last
1,16,4,small,small,ours,true,0.432,0.868418417,3,20,0.03436363636363636,0.038000000000000006,640498.4047619049,674785.5,686313.0,686313.0,6.675466622094461,1.6796272254787525
1,16,4,small,small,ours,false,0.337,1.258278,3,20,0.026363636363636367,0.0925,640498.4047619049,674785.5,686313.0,686313.0,6.675466622094461,1.6796272254787525
2,16,4,small,small,ours,true,0.178,0.30463625,2,20,0.009866666666666668,0.0152,905256.0,935864.0,1.105584e6,935864.0,18.119654408891595,0.0
2,16,4,small,small,ours,false,0.208,0.353547416,2,20,0.01166666666666667,0.023,905256.0,935864.0,1.105584e6,935864.0,18.119654408891595,0.0
3,16,4,small,small,ours,true,0.429,0.737448875,3,26,0.022812500000000003,0.026999999999999996,630433.5,648910.0,695152.0,649010.0,9.309978249361295,0.015408083080381552
3,16,4,small,small,ours,false,0.504,1.07851925,3,26,0.027625000000000004,0.10366666666666668,630433.5,648910.0,695152.0,649010.0,9.309978249361295,0.015408083080381552
4,16,4,small,small,ours,true,0.296,0.654929125,2,17,0.022818181818181824,0.04666666666666667,524486.3333333334,535531.0,535531.0,535531.0,2.062376718932546,0.0
4,16,4,small,small,ours,false,0.342,1.784305666,2,17,0.026818181818181824,0.22766666666666666,524486.3333333334,535531.0,535531.0,535531.0,2.062376718932546,0.0
5,16,4,small,small,ours,true,2.525,3.914123542,4,33,0.14041176470588235,0.07216666666666667,563581.0,630043.9999999999,649802.0,633472.0,13.26881111477034,0.5411446756920735
5,16,4,small,small,ours,false,2.632,5.566291667,4,33,0.1454705882352941,0.19466666666666668,563581.0,630043.9999999999,649802.0,633472.0,13.26881111477034,0.5411446756920735
6,16,4,small,small,ours,true,0.3,0.543274209,2,22,0.01685714285714286,0.020125,675755.0,705972.0,782514.0,712344.0,13.643078590287205,0.894511640443385
6,16,4,small,small,ours,false,0.33,0.869784875,2,22,0.01878571428571429,0.057499999999999996,675755.0,705972.0,782514.0,712344.0,13.643078590287205,0.894511640443385
7,16,4,small,small,ours,true,0.155,0.362339084,3,21,0.011000000000000003,0.0165,638485.0,694920.0,723530.0,695530.0,11.7541774356281,0.08770290282230642
7,16,4,small,small,ours,false,0.182,0.683186666,3,21,0.013083333333333336,0.043750000000000004,638485.0,694920.0,723530.0,695530.0,11.7541774356281,0.08770290282230642
8,16,4,small,small,ours,true,0.339,1.36147725,4,30,0.022750000000000003,0.032,656979.5,678792.0,718182.0,678792.0,8.52186493117344,0.0
8,16,4,small,small,ours,false,0.405,4.618992583,4,30,0.029583333333333336,0.249,656979.5,678792.0,718182.0,678792.0,8.52186493117344,0.0
9,16,4,small,small,ours,true,0.251,0.3929565,2,16,0.019900000000000004,0.010833333333333335,659363.3333333334,660230.0,739600.0,660230.0,10.848656931674771,0.0
9,16,4,small,small,ours,false,0.273,0.5329135,2,16,0.0221,0.03183333333333333,659363.3333333334,660230.0,739600.0,660230.0,10.848656931674771,0.0
10,16,4,small,small,ours,true,1.553,6.887734458,3,37,0.08094444444444444,0.2057142857142857,656928.888888889,712946.0,827500.0,713300.0,20.612823094998312,0.04962848731249192
10,16,4,small,small,ours,false,1.734,19.703124167,3,29,0.09,1.341,656928.888888889,712946.0,827500.0,713300.0,20.612823094998312,0.04962848731249192
11,16,4,small,small,ours,true,0.318,1.981526708,3,28,0.015642857142857146,0.1207142857142857,597335.3,647118.0,686340.0,647118.0,12.968018766209166,0.0
11,16,4,small,small,ours,false,0.393,43.675399583,3,29,0.022714285714285715,3.030125,597335.3,647118.0,686340.0,647118.0,12.968018766209166,0.0
12,16,4,small,small,ours,true,0.264,0.450970375,2,20,0.016285714285714285,0.020166666666666663,568540.0,580077.0,652617.0,580077.0,12.883053919833532,0.0
12,16,4,small,small,ours,false,0.311,0.6235415,2,20,0.01964285714285715,0.045000000000000005,568540.0,580077.0,652617.0,580077.0,12.883053919833532,0.0
13,16,4,small,small,ours,true,0.269,0.450437375,2,16,0.018833333333333337,0.02675,716791.5,756618.0,766933.0,761288.0,6.537924434077036,0.6134340748836231
13,16,4,small,small,ours,false,0.304,0.619028,2,16,0.022083333333333337,0.06375,716791.5,756618.0,766933.0,761288.0,6.537924434077036,0.6134340748836231
14,16,4,small,small,ours,true,0.186,0.541796667,6,24,0.015200000000000002,0.0265,770203.3333333334,802301.0,808150.0,808150.0,4.695497947988203,0.7237517787539449
14,16,4,small,small,ours,false,0.211,0.781185333,6,24,0.018100000000000005,0.047,770203.3333333334,802301.0,808150.0,808150.0,4.695497947988203,0.7237517787539449
15,16,4,small,small,ours,true,0.301,0.538298417,2,18,0.021416666666666667,0.02616666666666667,685822.6923076924,748454.0,756340.0,748454.0,9.323493097324963,0.0
15,16,4,small,small,ours,false,0.371,0.86122125,2,19,0.027083333333333338,0.05928571428571429,685822.6923076924,748454.0,756340.0,748454.0,9.323493097324963,0.0
16,16,4,small,small,ours,true,0.328,0.574928792,2,27,0.01675,0.014454545454545458,819143.75,840765.0,874900.0,844934.0,6.372871185278317,0.4934113197007095
16,16,4,small,small,ours,false,0.367,0.878460625,2,27,0.016625,0.03936363636363638,819143.75,840765.0,874900.0,844934.0,6.372871185278317,0.4934113197007095
17,16,4,small,small,ours,true,0.293,0.707962083,3,26,0.014600000000000002,0.022166666666666668,735836.6666666667,799980.0,845212.0,801710.0,12.940579799308727,0.21578875154357746
17,16,4,small,small,ours,false,0.344,1.5627775,3,28,0.019466666666666674,0.088125,735836.6666666667,799980.0,845212.0,801710.0,12.940579799308727,0.21578875154357746
18,16,4,small,small,ours,true,0.408,0.85905875,3,22,0.028583333333333336,0.029666666666666668,611795.0,663967.0,719764.0,677437.0,15.000611311485434,1.9883767789477091
18,16,4,small,small,ours,false,0.454,1.642060167,3,22,0.03275,0.11433333333333333,611795.0,663967.0,719764.0,677437.0,15.000611311485434,1.9883767789477091
19,16,4,small,small,ours,true,0.298,0.816052042,2,25,0.017923076923076924,0.03491666666666667,689036.0,692192.0,692192.0,692192.0,0.45594285978456384,0.0
19,16,4,small,small,ours,false,0.364,1.378501125,2,24,0.02446153846153847,0.08563636363636364,689036.0,692192.0,692192.0,692192.0,0.45594285978456384,0.0
20,16,4,small,small,ours,true,0.204,0.459399417,5,27,0.013666666666666667,0.013000000000000001,609971.6666666666,636720.0,707878.0,636720.0,13.830961455693402,0.0
20,16,4,small,small,ours,false,0.255,0.592836042,5,27,0.018166666666666668,0.01975,609971.6666666666,636720.0,707878.0,636720.0,13.830961455693402,0.0
1,16,4,small,small,benchmark,true,1.324,2.359503042,3,18,0.1207,0.0985,640498.4047619047,674785.5,686313.0,686313.0,6.675466622094472,1.6796272254787525
1,16,4,small,small,benchmark,false,1.819,3.236459125,3,18,0.16749999999999998,0.1495,640498.4047619047,674785.5,686313.0,686313.0,6.675466622094472,1.6796272254787525
2,16,4,small,small,benchmark,true,0.749,1.19848725,2,16,0.0668,0.06316666666666666,905256.0,935864.0,998840.0,935864.0,9.369268351287497,0.0
2,16,4,small,small,benchmark,false,1.04,1.612327584,2,16,0.09609999999999999,0.0825,905256.0,935864.0,998840.0,935864.0,9.369268351287497,0.0
3,16,4,small,small,benchmark,true,1.821,3.068472667,3,24,0.14200000000000002,0.0908,630433.5,648910.0,655086.0,649010.0,3.763246352387317,0.015408083080381552
3,16,4,small,small,benchmark,false,2.706,4.705824375,3,24,0.21499999999999997,0.1572,630433.5,648910.0,655086.0,649010.0,3.763246352387317,0.015408083080381552
4,16,4,small,small,benchmark,true,1.872,2.857458959,2,19,0.13461538461538464,0.1295,524486.3333333334,535531.0,535531.0,535531.0,2.062376718932546,0.0
4,16,4,small,small,benchmark,false,2.637,4.220074208,2,19,0.1903076923076923,0.22783333333333336,524486.3333333334,535531.0,535531.0,535531.0,2.062376718932546,0.0
5,16,4,small,small,benchmark,true,27.907,33.164943792,4,31,1.9275714285714287,0.139,563581.0,630044.0,792441.0,633472.0,28.880383523820697,0.5411446756920624
5,16,4,small,small,benchmark,false,39.961,46.019091,4,31,2.7888571428571427,0.2042,563581.0,630044.0,792441.0,633472.0,28.880383523820697,0.5411446756920624
6,16,4,small,small,benchmark,true,1.581,2.184799916,2,22,0.091,0.0695,675755.0,705972.0,712344.0,712344.0,5.1364228518805515,0.894511640443385
6,16,4,small,small,benchmark,false,2.214,3.103102542,2,22,0.1310625,0.12083333333333333,675755.0,705972.0,712344.0,712344.0,5.1364228518805515,0.894511640443385
7,16,4,small,small,benchmark,true,0.681,1.407328416,4,20,0.06240000000000001,0.046,638485.0,694920.0,748444.0,695530.0,14.691680339477632,0.08770290282230642
7,16,4,small,small,benchmark,false,0.958,2.107362541,4,20,0.089,0.082,638485.0,694920.0,748444.0,695530.0,14.691680339477632,0.08770290282230642
8,16,4,small,small,benchmark,true,1.6,4.830104709,4,27,0.1507,0.122,656979.5,678792.0,688562.0,678792.0,4.586732930367932,0.0
8,16,4,small,small,benchmark,false,2.402,8.137134375,4,27,0.23159999999999997,0.283,656979.5,678792.0,688562.0,678792.0,4.586732930367932,0.0
9,16,4,small,small,benchmark,true,1.38,1.786224667,2,14,0.15225,0.035833333333333335,659363.3333333334,660230.0,731076.0,660230.0,9.809194484111995,0.0
9,16,4,small,small,benchmark,false,2.099,2.690887167,2,14,0.243375,0.068,659363.3333333334,660230.0,731076.0,660230.0,9.809194484111995,0.0
10,16,4,small,small,benchmark,true,11.387,18.422720583,3,29,0.68675,0.46224999999999994,656928.888888889,712946.0,769378.0,713300.0,14.615587021088594,0.04962848731249192
10,16,4,small,small,benchmark,false,16.622,29.2786865,3,29,1.0153124999999998,0.887,656928.888888889,712946.0,769378.0,713300.0,14.615587021088594,0.04962848731249192
11,16,4,small,small,benchmark,true,5.156,10.470208667,3,25,0.3868461538461538,0.4858571428571429,597335.3,647118.0,691528.0,647118.0,13.620952441549717,0.0
11,16,4,small,small,benchmark,false,10.118,21.672690084,3,25,0.7649230769230768,1.0168571428571427,597335.3,647118.0,691528.0,647118.0,13.620952441549717,0.0
12,16,4,small,small,benchmark,true,0.993,1.888270042,2,21,0.0907,0.06863636363636362,568540.0,580077.0,652617.0,580077.0,12.883053919833532,0.0
12,16,4,small,small,benchmark,false,1.351,2.567138792,2,21,0.1263,0.09627272727272727,568540.0,580077.0,652617.0,580077.0,12.883053919833532,0.0
13,16,4,small,small,benchmark,true,1.179,1.636425083,2,15,0.09681818181818183,0.07275,716791.5,756618.0,790983.0,761288.0,9.379657969893163,0.6134340748836231
13,16,4,small,small,benchmark,false,1.545,2.107628667,2,15,0.1280909090909091,0.104,716791.5,756618.0,790983.0,761288.0,9.379657969893163,0.6134340748836231
14,16,4,small,small,benchmark,true,0.721,1.454299375,6,22,0.06540000000000001,0.044,770203.3333333334,802301.0,808150.0,808150.0,4.695497947988203,0.7237517787539449
14,16,4,small,small,benchmark,false,1.069,2.124758584,6,22,0.10129999999999999,0.072,770203.3333333334,802301.0,808150.0,808150.0,4.695497947988203,0.7237517787539449
15,16,4,small,small,benchmark,true,1.046,1.615401708,2,15,0.09888888888888889,0.06083333333333333,685822.6923076923,748454.0,777150.0,748454.0,11.751567611440228,0.0
15,16,4,small,small,benchmark,false,1.44,2.252070125,2,15,0.14611111111111114,0.10483333333333333,685822.6923076923,748454.0,777150.0,748454.0,11.751567611440228,0.0
16,16,4,small,small,benchmark,true,1.591,2.141596417,2,21,0.09720000000000001,0.05833333333333333,819143.7499999997,840765.0,855100.0,844934.0,4.204917553502552,0.4934113197007095
16,16,4,small,small,benchmark,false,1.984,2.716638833,2,21,0.12326666666666668,0.08366666666666667,819143.7499999997,840765.0,855100.0,844934.0,4.204917553502552,0.4934113197007095
17,16,4,small,small,benchmark,true,1.127,2.198576625,3,24,0.08084615384615386,0.061166666666666675,735836.6666666666,799980.0,820480.0,801710.0,10.316318902756116,0.21578875154357746
17,16,4,small,small,benchmark,false,1.689,3.54800325,3,24,0.12169230769230768,0.1295,735836.6666666666,799980.0,820480.0,801710.0,10.316318902756116,0.21578875154357746
18,16,4,small,small,benchmark,true,2.06,3.013003667,3,19,0.1936,0.07475000000000001,611795.0,663967.0,686461.0,678467.0,10.876947124454261,2.1371710046324988
18,16,4,small,small,benchmark,false,2.831,4.251345458,3,19,0.2694,0.14075,611795.0,663967.0,686461.0,678467.0,10.876947124454261,2.1371710046324988
19,16,4,small,small,benchmark,true,1.365,2.346576875,2,18,0.12210000000000001,0.09887499999999999,689036.0,692192.0,692192.0,692192.0,0.45594285978456384,0.0
19,16,4,small,small,benchmark,false,1.81,3.232340667,2,18,0.1699,0.15387499999999998,689036.0,692192.0,692192.0,692192.0,0.45594285978456384,0.0
20,16,4,small,small,benchmark,true,1.076,2.390348042,5,30,0.10069999999999998,0.04575,609971.6666666666,636720.0,729090.0,636720.0,16.337946389791846,0.0
20,16,4,small,small,benchmark,false,1.609,3.470347,5,30,0.15400000000000003,0.07325,609971.6666666666,636720.0,729090.0,636720.0,16.337946389791846,0.0
1,16,4,small,medium,ours,true,0.561,1.018527666,3,21,0.040923076923076916,0.04633333333333333,660987.1666666666,674785.5,686313.0,686313.0,3.6901287507789315,1.6796272254787525
1,16,4,small,medium,ours,false,2.066,3.477420083,3,22,0.14535714285714282,0.161,660987.1666666666,674785.5,686313.0,686313.0,3.6901287507789315,1.6796272254787525
2,16,4,small,medium,ours,true,0.273,0.28700975,1,10,0.0251,0.0251,935864.0,935864.0,935864.0,935864.0,0.0,0.0
2,16,4,small,medium,ours,false,0.723,0.734900125,1,10,0.07060000000000001,0.07060000000000001,935864.0,935864.0,935864.0,935864.0,0.0,0.0
3,16,4,small,medium,ours,true,0.976,0.990903417,1,13,0.07230769230769231,0.07230769230769231,648910.0,648910.0,649010.0,649010.0,0.015408083080381552,0.015408083080381552
3,16,4,small,medium,ours,false,4.757,4.772023834,1,12,0.39358333333333334,0.39358333333333334,648910.0,648910.0,649010.0,649010.0,0.015408083080381552,0.015408083080381552
4,16,4,small,medium,ours,true,0.515,0.537860834,1,9,0.05411111111111111,0.05411111111111111,535531.0,535531.0,535531.0,535531.0,0.0,0.0
4,16,4,small,medium,ours,false,2.276,2.297958916,1,9,0.2494444444444445,0.2494444444444445,535531.0,535531.0,535531.0,535531.0,0.0,0.0
5,16,4,small,medium,ours,true,1.332,1.355563083,1,13,0.09984615384615383,0.09984615384615383,630044.0,630044.0,633472.0,633472.0,0.5411446756920624,0.5411446756920624
5,16,4,small,medium,ours,false,4.302,4.319694334,1,12,0.35591666666666666,0.35591666666666666,630044.0,630044.0,633472.0,633472.0,0.5411446756920624,0.5411446756920624
6,16,4,small,medium,ours,true,0.423,0.667197291,2,14,0.04455555555555555,0.0414,704872.0,705972.0,712344.0,712344.0,1.0489314151589713,0.894511640443385
6,16,4,small,medium,ours,false,2.172,2.788605083,2,16,0.1646923076923077,0.18666666666666665,704872.0,705972.0,712344.0,712344.0,1.0489314151589713,0.894511640443385
7,16,4,small,medium,ours,true,0.311,0.383274458,2,13,0.026363636363636363,0.02,694606.6666666667,694920.0,695530.0,695530.0,0.13275248132118556,0.08770290282230642
7,16,4,small,medium,ours,false,1.023,1.468949208,3,15,0.1001,0.067,694606.6666666667,694920.0,695530.0,695530.0,0.13275248132118556,0.08770290282230642
8,16,4,small,medium,ours,true,1.3,1.3191535,1,12,0.1055,0.1055,678792.0,678792.0,678792.0,678792.0,0.0,0.0
8,16,4,small,medium,ours,false,3.997,4.013668042,1,12,0.3284166666666667,0.3284166666666667,678792.0,678792.0,678792.0,678792.0,0.0,0.0
9,16,4,small,medium,ours,true,0.322,0.335702125,1,9,0.03033333333333333,0.03033333333333333,660230.0,660230.0,660230.0,660230.0,0.0,0.0
9,16,4,small,medium,ours,false,1.241,1.253949417,1,10,0.11989999999999999,0.11989999999999999,660230.0,660230.0,660230.0,660230.0,0.0,0.0
10,16,4,small,medium,ours,true,4.396,4.417002875,1,10,0.4334,0.4334,712946.0,712946.0,713300.0,713300.0,0.04962848731249192,0.04962848731249192
10,16,4,small,medium,ours,false,21.023,21.04135675,1,13,1.6119230769230768,1.6119230769230768,712946.0,712946.0,713300.0,713300.0,0.04962848731249192,0.04962848731249192
11,16,4,small,medium,ours,true,1.348,1.370142708,1,17,0.07682352941176471,0.07682352941176471,647118.0,647118.0,647118.0,647118.0,0.0,0.0
11,16,4,small,medium,ours,false,4.412,4.435994792,1,17,0.25641176470588234,0.25641176470588234,647118.0,647118.0,647118.0,647118.0,0.0,0.0
12,16,4,small,medium,ours,true,0.579,0.591614292,1,11,0.05045454545454545,0.05045454545454545,580077.0,580077.0,580077.0,580077.0,0.0,0.0
12,16,4,small,medium,ours,false,2.172,2.183661834,1,11,0.19481818181818183,0.19481818181818183,580077.0,580077.0,580077.0,580077.0,0.0,0.0
13,16,4,small,medium,ours,true,0.405,0.429673667,1,10,0.038,0.038,756618.0,756618.0,761288.0,761288.0,0.6134340748836231,0.6134340748836231
13,16,4,small,medium,ours,false,1.159,1.174766166,1,10,0.11330000000000001,0.11330000000000001,756618.0,756618.0,761288.0,761288.0,0.6134340748836231,0.6134340748836231
14,16,4,small,medium,ours,true,0.361,0.5535745,2,13,0.03788888888888889,0.035750000000000004,801308.0,802301.0,808150.0,808150.0,0.8466250077337145,0.7237517787539449
14,16,4,small,medium,ours,false,1.309,1.560801667,2,12,0.1287,0.1015,801308.0,802301.0,808150.0,808150.0,0.8466250077337145,0.7237517787539449
15,16,4,small,medium,ours,true,0.402,0.413519083,1,8,0.04775000000000001,0.04775000000000001,748454.0,748454.0,748454.0,748454.0,0.0,0.0
15,16,4,small,medium,ours,false,1.278,1.290579916,1,8,0.157,0.157,748454.0,748454.0,748454.0,748454.0,0.0,0.0
16,16,4,small,medium,ours,true,0.624,0.773907209,2,25,0.025681818181818184,0.026333333333333334,840765.0,840765.0,955230.0,845704.0,11.982977921547688,0.5840104812085523
16,16,4,small,medium,ours,false,1.97,2.402222125,2,23,0.1016315789473684,0.093,840765.0,840765.0,955230.0,844934.0,11.982977921547688,0.4934113197007095
17,16,4,small,medium,ours,true,0.293,0.309448,1,9,0.029888888888888885,0.029888888888888885,799980.0,799980.0,801710.0,801710.0,0.21578875154357746,0.21578875154357746
17,16,4,small,medium,ours,false,1.147,1.474199791,2,12,0.125,0.09633333333333334,789933.3333333334,799980.0,801710.0,801710.0,1.4689434666733114,0.21578875154357746
18,16,4,small,medium,ours,true,0.529,0.549443459,1,11,0.04400000000000001,0.04400000000000001,663967.0,663967.0,678737.0,678737.0,2.176100610398435,2.176100610398435
18,16,4,small,medium,ours,false,2.419,2.440190334,1,11,0.21690909090909088,0.21690909090909088,663967.0,663967.0,677437.0,677437.0,1.9883767789477091,1.9883767789477091
19,16,4,small,medium,ours,true,0.687,0.700605167,1,12,0.05491666666666667,0.05491666666666667,692192.0,692192.0,692192.0,692192.0,0.0,0.0
19,16,4,small,medium,ours,false,2.421,2.435491542,1,13,0.18407692307692308,0.18407692307692308,692192.0,692192.0,692192.0,692192.0,0.0,0.0
20,16,4,small,medium,ours,true,0.469,0.600290959,2,17,0.03107142857142858,0.03166666666666667,635136.0,636720.0,636720.0,636720.0,0.24877497173011465,0.0
20,16,4,small,medium,ours,false,1.775,2.209919292,2,18,0.12471428571428572,0.09849999999999999,635136.0,636720.0,636720.0,636720.0,0.24877497173011465,0.0
1,16,4,small,medium,benchmark,true,1.38,2.455827084,3,23,0.09321428571428572,0.09633333333333334,660987.1666666667,674785.5,686313.0,686313.0,3.6901287507789093,1.6796272254787525
1,16,4,small,medium,benchmark,false,2.408,4.430668375,3,23,0.16707142857142857,0.19899999999999998,660987.1666666667,674785.5,686313.0,686313.0,3.6901287507789093,1.6796272254787525
2,16,4,small,medium,benchmark,true,0.837,0.848521667,1,9,0.08988888888888887,0.08988888888888887,935864.0,935864.0,935864.0,935864.0,0.0,0.0
2,16,4,small,medium,benchmark,false,1.068,1.079891083,1,9,0.11555555555555556,0.11555555555555556,935864.0,935864.0,935864.0,935864.0,0.0,0.0
3,16,4,small,medium,benchmark,true,2.531,2.554846042,1,15,0.1638666666666667,0.1638666666666667,648910.0,648910.0,649010.0,649010.0,0.015408083080381552,0.015408083080381552
3,16,4,small,medium,benchmark,false,4.323,4.3476165,1,15,0.28453333333333336,0.28453333333333336,648910.0,648910.0,649010.0,649010.0,0.015408083080381552,0.015408083080381552
4,16,4,small,medium,benchmark,true,1.632,1.654478292,1,11,0.1402727272727273,0.1402727272727273,535531.0,535531.0,535531.0,535531.0,0.0,0.0
4,16,4,small,medium,benchmark,false,2.631,2.654706667,1,11,0.23063636363636364,0.23063636363636364,535531.0,535531.0,535531.0,535531.0,0.0,0.0
5,16,4,small,medium,benchmark,true,2.814,2.845240167,1,15,0.18373333333333336,0.18373333333333336,630044.0,630044.0,633472.0,633472.0,0.5411446756920624,0.5411446756920624
5,16,4,small,medium,benchmark,false,3.89,3.919383666,1,15,0.2544,0.2544,630044.0,630044.0,633472.0,633472.0,0.5411446756920624,0.5411446756920624
6,16,4,small,medium,benchmark,true,1.447,1.792744167,2,16,0.10546153846153844,0.09466666666666668,704872.0,705972.0,717214.0,712344.0,1.7208253045813415,0.894511640443385
6,16,4,small,medium,benchmark,false,2.316,2.897691667,2,16,0.17223076923076922,0.167,704872.0,705972.0,717214.0,712344.0,1.7208253045813415,0.894511640443385
7,16,4,small,medium,benchmark,true,0.936,1.510733875,3,19,0.08127272727272725,0.0606,694606.6666666667,694920.0,695530.0,695530.0,0.13275248132118556,0.08770290282230642
7,16,4,small,medium,benchmark,false,1.445,2.377489041,3,19,0.1262727272727273,0.10799999999999998,694606.6666666667,694920.0,695530.0,695530.0,0.13275248132118556,0.08770290282230642
8,16,4,small,medium,benchmark,true,2.723,2.738722458,1,10,0.267,0.267,678792.0,678792.0,678792.0,678792.0,0.0,0.0
8,16,4,small,medium,benchmark,false,3.598,3.613538416,1,10,0.3529,0.3529,678792.0,678792.0,678792.0,678792.0,0.0,0.0
9,16,4,small,medium,benchmark,true,1.027,1.056786292,1,10,0.09570000000000001,0.09570000000000001,660230.0,660230.0,660230.0,660230.0,0.0,0.0
9,16,4,small,medium,benchmark,false,1.652,1.671014958,1,10,0.15960000000000002,0.15960000000000002,660230.0,660230.0,660230.0,660230.0,0.0,0.0
10,16,4,small,medium,benchmark,true,8.695,8.74082725,1,12,0.711,0.711,712946.0,712946.0,713300.0,713300.0,0.04962848731249192,0.04962848731249192
10,16,4,small,medium,benchmark,false,10.009,10.04341025,1,12,0.819,0.819,712946.0,712946.0,713300.0,713300.0,0.04962848731249192,0.04962848731249192
11,16,4,small,medium,benchmark,true,4.96,4.996186459,1,13,0.3718461538461539,0.3718461538461539,647118.0,647118.0,647118.0,647118.0,0.0,0.0
11,16,4,small,medium,benchmark,false,5.929,5.965179167,1,13,0.4495384615384616,0.4495384615384616,647118.0,647118.0,647118.0,647118.0,0.0,0.0
12,16,4,small,medium,benchmark,true,1.131,1.145093208,1,10,0.10909999999999997,0.10909999999999997,580077.0,580077.0,580077.0,580077.0,0.0,0.0
12,16,4,small,medium,benchmark,false,1.763,1.777153,1,10,0.1723,0.1723,580077.0,580077.0,580077.0,580077.0,0.0,0.0
13,16,4,small,medium,benchmark,true,0.596,0.614227542,1,7,0.08128571428571428,0.08128571428571428,756618.0,756618.0,761288.0,761288.0,0.6134340748836231,0.6134340748836231
13,16,4,small,medium,benchmark,false,0.887,0.905613208,1,7,0.123,0.123,756618.0,756618.0,761288.0,761288.0,0.6134340748836231,0.6134340748836231
14,16,4,small,medium,benchmark,true,0.696,0.875771209,2,10,0.08087499999999999,0.059,801308.0,802301.0,813790.0,813790.0,1.5338109340247486,1.4117892822472666
14,16,4,small,medium,benchmark,false,1.102,1.373515917,2,10,0.133375,0.1095,801308.0,802301.0,813790.0,813790.0,1.5338109340247486,1.4117892822472666
15,16,4,small,medium,benchmark,true,0.848,0.874188416,1,8,0.09974999999999998,0.09974999999999998,748454.0,748454.0,748454.0,748454.0,0.0,0.0
15,16,4,small,medium,benchmark,false,1.261,1.30158325,1,8,0.15325000000000003,0.15325000000000003,748454.0,748454.0,748454.0,748454.0,0.0,0.0
16,16,4,small,medium,benchmark,true,1.247,1.505717292,2,17,0.08457142857142856,0.06633333333333334,840765.0,840765.0,844934.0,844934.0,0.4934113197007095,0.4934113197007095
16,16,4,small,medium,benchmark,false,1.889,2.314189917,2,17,0.1313571428571429,0.12533333333333332,840765.0,840765.0,844934.0,844934.0,0.4934113197007095,0.4934113197007095
17,16,4,small,medium,benchmark,true,0.846,1.213460916,2,15,0.0799,0.0622,789933.3333333333,799980.0,801710.0,801710.0,1.4689434666733336,0.21578875154357746
17,16,4,small,medium,benchmark,false,1.401,2.047186542,2,15,0.13520000000000004,0.1204,789933.3333333333,799980.0,801710.0,801710.0,1.4689434666733336,0.21578875154357746
18,16,4,small,medium,benchmark,true,1.583,1.608542125,1,12,0.12625,0.12625,663967.0,663967.0,677437.0,677437.0,1.9883767789477091,1.9883767789477091
18,16,4,small,medium,benchmark,false,2.239,2.263478333,1,12,0.18125000000000002,0.18125000000000002,663967.0,663967.0,677437.0,677437.0,1.9883767789477091,1.9883767789477091
19,16,4,small,medium,benchmark,true,1.714,1.73399175,1,11,0.151,0.151,692192.0,692192.0,692192.0,692192.0,0.0,0.0
19,16,4,small,medium,benchmark,false,2.482,2.503173834,1,11,0.21909090909090911,0.21909090909090911,692192.0,692192.0,692192.0,692192.0,0.0,0.0
20,16,4,small,medium,benchmark,true,1.396,1.852977625,2,17,0.10833333333333332,0.07600000000000001,635136.0,636720.0,636720.0,636720.0,0.24877497173011465,0.0
20,16,4,small,medium,benchmark,false,2.238,3.018058834,2,17,0.17841666666666667,0.14300000000000002,635136.0,636720.0,636720.0,636720.0,0.24877497173011465,0.0
1,20,5,small,small,ours,true,0.53,1.162556375,2,20,0.03461538461538462,0.07,714558.6049382715,745640.0,817756.0,745640.0,12.619582743719215,0.0
1,20,5,small,small,ours,false,0.607,2.127749708,2,20,0.03915384615384616,0.19742857142857145,714558.6049382715,745640.0,817756.0,745640.0,12.619582743719215,0.0
2,20,5,small,small,ours,true,0.263,0.485256375,2,22,0.015285714285714288,0.0195,980820.9285714285,1.001764e6,1.0945e6,1.001764e6,10.386393003980954,0.0
2,20,5,small,small,ours,false,0.31,0.722696291,2,22,0.018714285714285718,0.045875,980820.9285714285,1.001764e6,1.0945e6,1.001764e6,10.386393003980954,0.0
3,20,5,small,small,ours,true,0.865,1.740528167,3,27,0.03952631578947369,0.0765,725606.1075268816,749158.0,802995.0,787076.0,9.637531052262894,4.817577972139919
3,20,5,small,small,ours,false,1.051,3.538207083,3,27,0.04921052631578948,0.2955,725606.1075268816,749158.0,802995.0,787076.0,9.637531052262894,4.817577972139919
4,20,5,small,small,ours,true,0.735,2.231983417,2,30,0.03705882352941177,0.10176923076923076,550643.8235294118,572250.0,637016.0,597769.0,13.55887080867485,4.2690403818197336
4,20,5,small,small,ours,false,0.869,8.193875959,2,31,0.045058823529411776,0.5085000000000001,550643.8235294118,572250.0,637016.0,597769.0,13.55887080867485,4.2690403818197336
5,20,5,small,small,ours,true,3.166,7.233356834,2,22,0.18326666666666672,0.4634285714285715,623504.7097902098,662756.0,784071.0,666402.0,20.47853959779028,0.5471172055306006
5,20,5,small,small,ours,false,3.277,19.29555225,2,22,0.1950666666666667,2.1835714285714287,623504.7097902098,662756.0,784071.0,666402.0,20.47853959779028,0.5471172055306006
6,20,5,small,small,ours,true,0.46,1.082707042,4,28,0.028692307692307704,0.03433333333333333,768290.0,773590.0,813310.0,803545.0,5.535404704233315,3.7278559383730814
6,20,5,small,small,ours,false,0.547,1.726012041,4,28,0.036769230769230776,0.10233333333333333,768290.0,773590.0,813310.0,803545.0,5.535404704233315,3.7278559383730814
7,20,5,small,small,ours,true,0.302,0.889032917,2,21,0.02141666666666667,0.05366666666666667,727107.5,772846.5714285715,781926.0,779514.0,7.010701779963835,0.8553314721003735
7,20,5,small,small,ours,false,0.377,3.102279917,2,21,0.027416666666666673,0.29355555555555557,727107.5,772846.5714285715,781926.0,779514.0,7.010701779963835,0.8553314721003735
8,20,5,small,small,ours,true,1.12,3.242185875,3,30,0.05127777777777778,0.18585714285714286,681150.0,697720.0,768170.0,697720.0,11.32822161761069,0.0
8,20,5,small,small,ours,false,1.331,17.001288792,3,30,0.06577777777777777,1.4564285714285714,681150.0,697720.0,768170.0,697720.0,11.32822161761069,0.0
9,20,5,small,small,ours,true,0.686,0.705314083,1,19,0.028052631578947374,0.028052631578947374,687293.0,687293.0,687293.0,687293.0,0.0,0.0
9,20,5,small,small,ours,false,0.81,0.827891541,1,19,0.03605263157894737,0.03605263157894737,687293.0,687293.0,687293.0,687293.0,0.0,0.0
10,20,5,small,small,ours,true,2.353,11.426396083,2,27,0.138125,0.7935454545454546,758126.3636363636,804050.0,960560.0,804050.0,21.074543637423627,0.0
10,20,5,small,small,ours,false,2.629,57.143487209,2,23,0.15375,7.7445714285714295,758126.3636363636,804050.0,960560.0,804050.0,21.074543637423627,0.0
11,20,5,small,small,ours,true,0.424,2.024423958,3,29,0.023571428571428577,0.111375,651584.6666666667,689148.0,785680.0,689148.0,17.06742354817906,0.0
11,20,5,small,small,ours,false,0.574,67.152171459,3,38,0.036071428571428574,3.2999090909090905,651584.6666666667,689148.0,785680.0,689148.0,17.06742354817906,0.0
12,20,5,small,small,ours,true,0.703,2.32188475,3,32,0.0345,0.11399999999999999,620661.7647058824,651090.3333333334,730309.0,670856.0,15.013814055984188,2.9463352294183287
12,20,5,small,small,ours,false,0.794,7.844280458,3,32,0.038000000000000006,0.6117999999999999,620661.7647058824,651090.3333333334,730309.0,670856.0,15.013814055984188,2.9463352294183287
13,20,5,small,small,ours,true,0.408,1.076973791,3,23,0.029083333333333336,0.04533333333333333,744837.5,787478.0,854280.0,792148.0,12.81108067612492,0.5895362987724528
13,20,5,small,small,ours,false,0.471,2.136415417,3,23,0.02975,0.15066666666666667,744837.5,787478.0,854280.0,792148.0,12.81108067612492,0.5895362987724528
14,20,5,small,small,ours,true,0.358,0.69163125,5,23,0.022692307692307696,0.011,936590.0,949760.0,951740.0,951740.0,1.5918212957320321,0.20804001092735724
14,20,5,small,small,ours,false,0.35,0.919569208,5,23,0.018538461538461542,0.034999999999999996,936590.0,949760.0,951740.0,951740.0,1.5918212957320321,0.20804001092735724
15,20,5,small,small,ours,true,0.58,1.356470666,3,27,0.037923076923076934,0.043000000000000003,769645.0,814414.0,973380.0,814414.0,20.930674556699337,0.0
15,20,5,small,small,ours,false,0.625,2.246728458,3,27,0.04207692307692308,0.11683333333333334,769645.0,814414.0,973380.0,814414.0,20.930674556699337,0.0
16,20,5,small,small,ours,true,1.194,2.59363375,3,38,0.04465217391304348,0.054,895090.0,956424.0,1.141795e6,983100.0,21.606768290279778,2.713457430576749
16,20,5,small,small,ours,false,1.421,3.097769625,3,38,0.05073913043478261,0.06866666666666665,895090.0,956424.0,1.141795e6,983100.0,21.606768290279778,2.713457430576749
17,20,5,small,small,ours,true,0.588,1.104661833,3,20,0.037076923076923084,0.06666666666666667,953170.0,990670.0,991830.0,991830.0,3.8978453968926075,0.11695552665275111
17,20,5,small,small,ours,false,0.689,2.578303625,3,20,0.04638461538461539,0.303,953170.0,990670.0,991830.0,991830.0,3.8978453968926075,0.11695552665275111
18,20,5,small,small,ours,true,0.537,0.864573792,2,19,0.03875000000000001,0.029285714285714286,728820.0,746703.5,791203.0,760927.0,7.884575766269841,1.8692331853121247
18,20,5,small,small,ours,false,0.616,1.112164458,2,17,0.04208333333333335,0.0738,728820.0,746703.5,791203.0,760927.0,7.884575766269841,1.8692331853121247
19,20,5,small,small,ours,true,0.75,1.465242292,2,25,0.036823529411764706,0.073625,930524.4,941693.0,972679.0,956456.0,4.333865540430093,1.543510626730349
19,20,5,small,small,ours,false,0.858,2.707281209,2,25,0.04329411764705883,0.214125,930524.4,941693.0,972679.0,956456.0,4.333865540430093,1.543510626730349
20,20,5,small,small,ours,true,0.495,0.798932625,2,26,0.025058823529411765,0.022333333333333337,630100.3333333334,663418.0,754950.0,663418.0,16.537474887961668,0.0
20,20,5,small,small,ours,false,0.592,1.088040542,2,26,0.030470588235294117,0.044222222222222225,630100.3333333334,663418.0,754950.0,663418.0,16.537474887961668,0.0
1,20,5,small,small,benchmark,true,3.254,6.38299475,3,27,0.21864285714285717,0.2008,714558.6049382716,745640.0,830884.0,745640.0,14.000196785800235,0.0
1,20,5,small,small,benchmark,false,5.15,9.883804709,3,27,0.35121428571428576,0.3312,714558.6049382716,745640.0,830884.0,745640.0,14.000196785800235,0.0
2,20,5,small,small,benchmark,true,1.515,2.265623083,2,18,0.11616666666666668,0.09733333333333333,980820.9285714283,1.001764e6,1.12217e6,1.001764e6,12.59604796319379,0.0
2,20,5,small,small,benchmark,false,2.513,3.727839959,2,18,0.1978333333333334,0.17500000000000002,980820.9285714283,1.001764e6,1.12217e6,1.001764e6,12.59604796319379,0.0
3,20,5,small,small,benchmark,true,6.746,9.354263417,3,26,0.3587777777777778,0.253,725606.1075268816,749158.0,809746.0,764605.0,10.390899426871936,2.02025882645287
3,20,5,small,small,benchmark,false,14.237,17.847983458,3,26,0.7743888888888889,0.4165,725606.1075268816,749158.0,809746.0,764605.0,10.390899426871936,2.02025882645287
4,20,5,small,small,benchmark,true,3.624,6.528566417,2,22,0.24292857142857147,0.31925000000000003,550643.8235294117,572250.0,654744.0,594314.0,15.89937081830277,3.7125156062283615
4,20,5,small,small,benchmark,false,6.519,12.07143825,2,22,0.4502857142857143,0.650125,550643.8235294117,572250.0,654744.0,594314.0,15.89937081830277,3.7125156062283615
5,20,5,small,small,benchmark,true,22.235,27.456897875,2,22,1.4434,0.6074285714285715,623504.7097902099,662756.0,834851.0,666402.0,25.315450327039212,0.5471172055306006
5,20,5,small,small,benchmark,false,41.615,50.107369458,2,22,2.7331999999999996,1.0672857142857144,623504.7097902099,662756.0,834851.0,666402.0,25.315450327039212,0.5471172055306006
6,20,5,small,small,benchmark,true,1.931,3.622300167,4,23,0.16054545454545455,0.13933333333333334,768290.0,773590.0,833948.0,822770.0,7.873152762522362,5.9773691311059025
6,20,5,small,small,benchmark,false,3.332,6.244141625,4,23,0.28890909090909095,0.25266666666666665,768290.0,773590.0,833948.0,822770.0,7.873152762522362,5.9773691311059025
7,20,5,small,small,benchmark,true,1.668,2.691295,2,18,0.12991666666666668,0.1411666666666667,727107.5,772846.5714285714,781926.0,776074.0,7.010701779963835,0.4158660864078234
7,20,5,small,small,benchmark,false,2.797,4.701984958,2,18,0.22141666666666668,0.2905,727107.5,772846.5714285714,781926.0,776074.0,7.010701779963835,0.4158660864078234
8,20,5,small,small,benchmark,true,5.752,9.733270292,3,27,0.3444375,0.42219999999999996,681150.0,697720.0,729020.0,697720.0,6.566349345696965,0.0
8,20,5,small,small,benchmark,false,11.811,20.413131791,3,27,0.724125,0.9308,681150.0,697720.0,729020.0,697720.0,6.566349345696965,0.0
9,20,5,small,small,benchmark,true,3.757,3.808850458,1,17,0.20352941176470593,0.20352941176470593,687293.0,687293.0,687293.0,687293.0,0.0,0.0
9,20,5,small,small,benchmark,false,7.574,7.611573458,1,17,0.4252941176470588,0.4252941176470588,687293.0,687293.0,687293.0,687293.0,0.0,0.0
10,20,5,small,small,benchmark,true,19.123,29.261266209,2,25,1.0303333333333333,1.2605714285714285,758126.3636363638,804050.0,909504.0,804050.0,16.643976976861698,0.0
10,20,5,small,small,benchmark,false,31.436,50.668477916,2,25,1.7139444444444445,2.539142857142857,758126.3636363638,804050.0,909504.0,804050.0,16.643976976861698,0.0
11,20,5,small,small,benchmark,true,5.857,10.11962975,3,35,0.2966842105263158,0.28412499999999996,651584.6666666667,689148.0,762660.0,689148.0,14.564200736020405,0.0
11,20,5,small,small,benchmark,false,10.338,30.61319175,3,35,0.5317368421052632,1.7566249999999999,651584.6666666667,689148.0,762660.0,689148.0,14.564200736020405,0.0
12,20,5,small,small,benchmark,true,3.195,7.108602583,3,27,0.21671428571428572,0.267,620661.7647058825,651090.3333333334,704363.0,670856.0,11.883252711189751,2.9463352294183287
12,20,5,small,small,benchmark,false,5.828,14.160162916,3,27,0.4045714285714287,0.6685,620661.7647058825,651090.3333333334,704363.0,670856.0,11.883252711189751,2.9463352294183287
13,20,5,small,small,benchmark,true,1.902,3.538932208,3,18,0.17109999999999997,0.18299999999999997,744837.5,787478.0,820155.0,792148.0,9.183325103181716,0.5895362987724528
13,20,5,small,small,benchmark,false,2.892,5.350508209,3,18,0.2734,0.2846666666666667,744837.5,787478.0,820155.0,792148.0,9.183325103181716,0.5895362987724528
14,20,5,small,small,benchmark,true,1.254,2.342385125,5,24,0.10190909090909091,0.0635,936590.0,949760.0,951740.0,951740.0,1.5918212957320321,0.20804001092735724
14,20,5,small,small,benchmark,false,2.056,4.272646834,5,24,0.1780909090909091,0.14600000000000002,936590.0,949760.0,951740.0,951740.0,1.5918212957320321,0.20804001092735724
15,20,5,small,small,benchmark,true,2.566,4.433743167,3,22,0.1988333333333334,0.158,769645.0,814414.0,857524.0,814414.0,10.24799305908639,0.0
15,20,5,small,small,benchmark,false,3.998,6.96140925,3,22,0.3140833333333333,0.27825,769645.0,814414.0,857524.0,814414.0,10.24799305908639,0.0
16,20,5,small,small,benchmark,true,7.817,13.676980667,3,30,0.47075,0.327,895090.0,956424.0,1.05821e6,984130.0,15.414709745702648,2.8152784693079136
16,20,5,small,small,benchmark,false,11.875,18.695046292,3,30,0.7211875,0.4116666666666666,895090.0,956424.0,1.05821e6,984130.0,15.414709745702648,2.8152784693079136
17,20,5,small,small,benchmark,true,2.94,3.707717625,3,18,0.19642857142857142,0.1285,953170.0,990670.0,991830.0,991830.0,3.8978453968926075,0.11695552665275111
17,20,5,small,small,benchmark,false,5.357,7.137495875,3,18,0.37064285714285716,0.3805,953170.0,990670.0,991830.0,991830.0,3.8978453968926075,0.11695552665275111
18,20,5,small,small,benchmark,true,2.789,3.521064041,2,17,0.21358333333333338,0.11039999999999998,728820.0,746703.5,802761.0,773970.0,9.210836101903308,3.5229401656394987
18,20,5,small,small,benchmark,false,4.838,6.216253834,2,17,0.38641666666666663,0.2384,728820.0,746703.5,802761.0,773970.0,9.210836101903308,3.5229401656394987
19,20,5,small,small,benchmark,true,3.219,5.036866209,2,21,0.21557142857142858,0.23014285714285718,930524.4,941693.0,962266.0,953862.0,3.2986305242001634,1.2757610639694161
19,20,5,small,small,benchmark,false,5.505,8.484938166,2,21,0.37942857142857145,0.39142857142857146,930524.4,941693.0,962266.0,953862.0,3.2986305242001634,1.2757610639694161
20,20,5,small,small,benchmark,true,4.808,6.801039791,2,29,0.25777777777777783,0.15845454545454543,630100.3333333334,663418.0,727494.0,663418.0,13.38755600275282,0.0
20,20,5,small,small,benchmark,false,8.541,12.022844083,2,29,0.4650000000000001,0.2953636363636364,630100.3333333334,663418.0,727494.0,663418.0,13.38755600275282,0.0
1,20,5,small,medium,ours,true,1.632,2.160274333,2,20,0.098625,0.1185,742624.0,745640.0,745640.0,745640.0,0.4044847379432448,0.0
1,20,5,small,medium,ours,false,6.642,7.865494708,2,17,0.47064285714285714,0.38466666666666666,742624.0,745640.0,745640.0,745640.0,0.4044847379432448,0.0
2,20,5,small,medium,ours,true,0.515,0.530869791,1,15,0.031133333333333336,0.031133333333333336,1.001764e6,1.001764e6,1.001764e6,1.001764e6,0.0,0.0
2,20,5,small,medium,ours,false,1.852,1.872680667,1,12,0.15166666666666667,0.15166666666666667,1.001764e6,1.001764e6,1.001764e6,1.001764e6,0.0,0.0
3,20,5,small,medium,ours,true,6.031,6.661704125,2,20,0.33022222222222225,0.267,749000.7499999999,749158.0,764605.0,764605.0,2.0408250011443974,2.02025882645287
3,20,5,small,medium,ours,false,25.785,27.8720055,2,20,1.4277222222222223,0.9954999999999999,749000.75,749158.0,765440.0,765440.0,2.147686298076923,2.1271425585284276
4,20,5,small,medium,ours,true,3.31,3.347823917,1,20,0.16144999999999998,0.16144999999999998,572250.0,572250.0,607276.0,607276.0,5.767723407478642,5.767723407478642
4,20,5,small,medium,ours,false,14.391,14.42356225,1,18,0.7952777777777779,0.7952777777777779,572250.0,572250.0,594314.0,594314.0,3.7125156062283615,3.7125156062283615
5,20,5,small,medium,ours,true,5.853,5.878019875,1,15,0.38593333333333335,0.38593333333333335,662756.0,662756.0,666402.0,666402.0,0.5471172055306006,0.5471172055306006
5,20,5,small,medium,ours,false,18.809,18.832316083,1,12,1.5614166666666667,1.5614166666666667,662756.0,662756.0,666402.0,666402.0,0.5471172055306006,0.5471172055306006
6,20,5,small,medium,ours,true,1.493,1.518252458,1,13,0.11176923076923079,0.11176923076923079,773590.0,773590.0,795166.0,795166.0,2.713395693477838,2.713395693477838
6,20,5,small,medium,ours,false,5.671,5.691604833,1,12,0.4694166666666667,0.4694166666666667,773590.0,773590.0,813310.0,813310.0,4.883746664863331,4.883746664863331
7,20,5,small,medium,ours,true,1.263,1.288637542,1,12,0.10183333333333332,0.10183333333333332,772846.5714285714,772846.5714285714,776074.0,776074.0,0.4158660864078234,0.4158660864078234
7,20,5,small,medium,ours,false,6.459,6.490772958,1,14,0.4558571428571428,0.4558571428571428,772846.5714285715,772846.5714285715,781020.0,781020.0,1.0465069487885725,1.0465069487885725
8,20,5,small,medium,ours,true,5.685,5.717459417,1,22,0.2545454545454546,0.2545454545454546,697720.0,697720.0,697720.0,697720.0,0.0,0.0
8,20,5,small,medium,ours,false,28.908,28.941464167,1,17,1.6960588235294116,1.6960588235294116,697720.0,697720.0,697720.0,697720.0,0.0,0.0
9,20,5,small,medium,ours,true,0.812,0.833345125,1,12,0.06366666666666668,0.06366666666666668,687293.0,687293.0,687293.0,687293.0,0.0,0.0
9,20,5,small,medium,ours,false,7.206,7.227191791,1,16,0.44631250000000006,0.44631250000000006,687293.0,687293.0,687293.0,687293.0,0.0,0.0
10,20,5,small,medium,ours,true,17.52,17.565528125,1,17,1.024764705882353,1.024764705882353,804050.0,804050.0,804050.0,804050.0,0.0,0.0
10,20,5,small,medium,ours,false,75.32,75.412224459,1,17,4.427999999999999,4.427999999999999,804050.0,804050.0,804050.0,804050.0,0.0,0.0
11,20,5,small,medium,ours,true,2.153,2.181985834,1,17,0.12347058823529412,0.12347058823529412,689148.0,689148.0,689148.0,689148.0,0.0,0.0
11,20,5,small,medium,ours,false,7.753,7.778984166,1,16,0.47937499999999994,0.47937499999999994,689148.0,689148.0,689148.0,689148.0,0.0,0.0
12,20,5,small,medium,ours,true,2.524,3.1076135,2,18,0.1645333333333333,0.16633333333333333,650921.0,651090.3333333334,656317.0,656317.0,0.8221636800509469,0.7963631395600967
12,20,5,small,medium,ours,false,12.217,14.910571042,2,16,0.9359230769230769,0.8656666666666666,650921.0,651090.3333333335,670856.0,670856.0,2.9715766125666288,2.9463352294183065
13,20,5,small,medium,ours,true,0.736,0.758509875,1,11,0.06345454545454546,0.06345454545454546,787478.0,787478.0,792148.0,792148.0,0.5895362987724528,0.5895362987724528
13,20,5,small,medium,ours,false,2.613,2.631290833,1,10,0.258,0.258,787478.0,787478.0,792148.0,792148.0,0.5895362987724528,0.5895362987724528
14,20,5,small,medium,ours,true,0.675,0.935378667,2,16,0.05809090909090908,0.0424,945287.5,949760.0,951740.0,951740.0,0.6779687729842165,0.20804001092735724
14,20,5,small,medium,ours,false,3.024,3.61863325,2,15,0.24874999999999997,0.17666666666666667,945287.5,949760.0,960770.0,960770.0,1.6114678851337993,1.145955847913649
15,20,5,small,medium,ours,true,0.924,0.939005166,1,9,0.099,0.099,814414.0,814414.0,814414.0,814414.0,0.0,0.0
15,20,5,small,medium,ours,false,5.005,5.025468541,1,11,0.4483636363636363,0.4483636363636363,814414.0,814414.0,814414.0,814414.0,0.0,0.0
16,20,5,small,medium,ours,true,2.756,3.26606325,2,23,0.14110526315789473,0.092,949122.5,956424.0,984130.0,984130.0,3.5572028085720353,2.8152784693079136
16,20,5,small,medium,ours,false,17.018,25.731787625,2,31,0.7047083333333333,1.2274285714285715,949122.5,956424.0,981150.0,981150.0,3.2642817102379817,2.520103959639197
17,20,5,small,medium,ours,true,1.363,1.403416875,1,12,0.10841666666666669,0.10841666666666669,990670.0,990670.0,991830.0,991830.0,0.11695552665275111,0.11695552665275111
17,20,5,small,medium,ours,false,5.172,5.201140041,1,10,0.5122,0.5122,990670.0,990670.0,991830.0,991830.0,0.11695552665275111,0.11695552665275111
18,20,5,small,medium,ours,true,1.153,1.18483825,1,11,0.10099999999999999,0.10099999999999999,746703.5,746703.5,759057.0,759057.0,1.6274798862272566,1.6274798862272566
18,20,5,small,medium,ours,false,8.098,8.118909541,1,15,0.5351333333333333,0.5351333333333333,746703.5,746703.5,759057.0,759057.0,1.6274798862272566,1.6274798862272566
19,20,5,small,medium,ours,true,2.384,2.416865667,1,14,0.16692857142857143,0.16692857142857143,941693.0,941693.0,956456.0,956456.0,1.543510626730349,1.543510626730349
19,20,5,small,medium,ours,false,11.055,11.080986917,1,15,0.7325333333333333,0.7325333333333333,941693.0,941693.0,953862.0,953862.0,1.2757610639694161,1.2757610639694161
20,20,5,small,medium,ours,true,1.536,1.569065,1,17,0.08652941176470587,0.08652941176470587,663418.0,663418.0,663418.0,663418.0,0.0,0.0
20,20,5,small,medium,ours,false,5.726,5.744339792,1,10,0.5688000000000001,0.5688000000000001,663418.0,663418.0,663418.0,663418.0,0.0,0.0
1,20,5,small,medium,benchmark,true,3.81,4.858637833,2,15,0.3065,0.324,742624.0,745640.0,745640.0,745640.0,0.4044847379432448,0.0
1,20,5,small,medium,benchmark,false,5.745,7.096295083,2,15,0.4676666666666667,0.41933333333333334,742624.0,745640.0,745640.0,745640.0,0.4044847379432448,0.0
2,20,5,small,medium,benchmark,true,1.343,1.36791025,1,10,0.12930000000000003,0.12930000000000003,1.001764e6,1.001764e6,1.001764e6,1.001764e6,0.0,0.0
2,20,5,small,medium,benchmark,false,2.751,2.775115833,1,10,0.26830000000000004,0.26830000000000004,1.001764e6,1.001764e6,1.001764e6,1.001764e6,0.0,0.0
3,20,5,small,medium,benchmark,true,7.541,8.572292791,2,18,0.49319999999999997,0.3036666666666667,749000.75,749158.0,760385.0,760385.0,1.4971691971830015,1.4764888839206458
3,20,5,small,medium,benchmark,false,10.809,12.515590208,2,18,0.7093333333333335,0.53,749000.75,749158.0,760385.0,760385.0,1.4971691971830015,1.4764888839206458
4,20,5,small,medium,benchmark,true,5.013,5.056306292,1,15,0.32599999999999996,0.32599999999999996,572250.0,572250.0,594314.0,594314.0,3.7125156062283615,3.7125156062283615
4,20,5,small,medium,benchmark,false,9.348,9.390864416,1,15,0.6127333333333334,0.6127333333333334,572250.0,572250.0,594314.0,594314.0,3.7125156062283615,3.7125156062283615
5,20,5,small,medium,benchmark,true,9.426,9.461994959,1,17,0.5470588235294117,0.5470588235294117,662756.0,662756.0,666402.0,666402.0,0.5471172055306006,0.5471172055306006
5,20,5,small,medium,benchmark,false,12.987,13.022494,1,17,0.7573529411764706,0.7573529411764706,662756.0,662756.0,666402.0,666402.0,0.5471172055306006,0.5471172055306006
6,20,5,small,medium,benchmark,true,2.576,2.6163175,1,10,0.2473,0.2473,773590.0,773590.0,803545.0,803545.0,3.7278559383730814,3.7278559383730814
6,20,5,small,medium,benchmark,false,4.141,4.1811935,1,10,0.4065,0.4065,773590.0,773590.0,803545.0,803545.0,3.7278559383730814,3.7278559383730814
7,20,5,small,medium,benchmark,true,2.885,2.914979083,1,12,0.23041666666666663,0.23041666666666663,772846.5714285715,772846.5714285715,776074.0,776074.0,0.4158660864078012,0.4158660864078012
7,20,5,small,medium,benchmark,false,5.099,5.129304167,1,12,0.414,0.414,772846.5714285715,772846.5714285715,776074.0,776074.0,0.4158660864078012,0.4158660864078012
8,20,5,small,medium,benchmark,true,9.226,9.2563895,1,14,0.6492142857142856,0.6492142857142856,697720.0,697720.0,697720.0,697720.0,0.0,0.0
8,20,5,small,medium,benchmark,false,14.166,14.196405333,1,14,1.000857142857143,1.000857142857143,697720.0,697720.0,697720.0,697720.0,0.0,0.0
9,20,5,small,medium,benchmark,true,2.525,2.557687958,1,10,0.2374,0.2374,687293.0,687293.0,687293.0,687293.0,0.0,0.0
9,20,5,small,medium,benchmark,false,9.49,9.523497583,1,10,0.9350999999999999,0.9350999999999999,687293.0,687293.0,687293.0,687293.0,0.0,0.0
10,20,5,small,medium,benchmark,true,16.662,16.701045125,1,12,1.3675,1.3675,804050.0,804050.0,804050.0,804050.0,0.0,0.0
10,20,5,small,medium,benchmark,false,20.888,20.925775917,1,12,1.7243333333333333,1.7243333333333333,804050.0,804050.0,804050.0,804050.0,0.0,0.0
11,20,5,small,medium,benchmark,true,7.769,7.814051875,1,15,0.5067999999999999,0.5067999999999999,689148.0,689148.0,689148.0,689148.0,0.0,0.0
11,20,5,small,medium,benchmark,false,10.875,10.918921167,1,15,0.7144666666666667,0.7144666666666667,689148.0,689148.0,689148.0,689148.0,0.0,0.0
12,20,5,small,medium,benchmark,true,5.258,6.342645791,2,15,0.39369230769230773,0.47550000000000003,650921.0000000001,651090.3333333334,670856.0,670856.0,2.9715766125666176,2.9463352294183287
12,20,5,small,medium,benchmark,false,8.251,9.605958209,2,15,0.6253846153846153,0.6105,650921.0000000001,651090.3333333334,670856.0,670856.0,2.9715766125666176,2.9463352294183287
13,20,5,small,medium,benchmark,true,2.135,2.751283125,2,14,0.1880909090909091,0.17766666666666667,787478.0,787478.0,792148.0,792148.0,0.5895362987724528,0.5895362987724528
13,20,5,small,medium,benchmark,false,3.396,4.314349583,2,14,0.30090909090909096,0.27899999999999997,787478.0,787478.0,792148.0,792148.0,0.5895362987724528,0.5895362987724528
14,20,5,small,medium,benchmark,true,1.513,1.756093583,2,13,0.13190909090909095,0.08399999999999999,945287.5,949760.0,951740.0,951740.0,0.6779687729842165,0.20804001092735724
14,20,5,small,medium,benchmark,false,3.043,3.553436292,2,13,0.27090909090909093,0.219,945287.5,949760.0,951740.0,951740.0,0.6779687729842165,0.20804001092735724
15,20,5,small,medium,benchmark,true,3.123,3.171602166,1,11,0.27272727272727276,0.27272727272727276,814414.0,814414.0,814414.0,814414.0,0.0,0.0
15,20,5,small,medium,benchmark,false,4.699,4.747812417,1,11,0.4154545454545454,0.4154545454545454,814414.0,814414.0,814414.0,814414.0,0.0,0.0
16,20,5,small,medium,benchmark,true,7.453,9.473865083,2,21,0.4590000000000001,0.3698,949122.5,956424.0,985360.0,985360.0,3.6775899163757453,2.936591702524971
16,20,5,small,medium,benchmark,false,14.158,17.13912375,2,21,0.8775625,0.562,949122.5,956424.0,985360.0,985360.0,3.6775899163757453,2.936591702524971
17,20,5,small,medium,benchmark,true,2.84,2.878538958,1,11,0.2500909090909091,0.2500909090909091,990670.0,990670.0,991830.0,991830.0,0.11695552665275111,0.11695552665275111
17,20,5,small,medium,benchmark,false,5.206,5.2437135,1,11,0.4652727272727273,0.4652727272727273,990670.0,990670.0,991830.0,991830.0,0.11695552665275111,0.11695552665275111
18,20,5,small,medium,benchmark,true,3.555,3.58239425,1,15,0.22886666666666672,0.22886666666666672,746703.5,746703.5,759057.0,759057.0,1.6274798862272566,1.6274798862272566
18,20,5,small,medium,benchmark,false,6.04,6.066786708,1,15,0.3932,0.3932,746703.5,746703.5,759057.0,759057.0,1.6274798862272566,1.6274798862272566
19,20,5,small,medium,benchmark,true,5.202,5.231981708,1,14,0.36107142857142854,0.36107142857142854,941693.0,941693.0,953862.0,953862.0,1.2757610639694161,1.2757610639694161
19,20,5,small,medium,benchmark,false,8.227,8.258505084,1,14,0.5789285714285713,0.5789285714285713,941693.0,941693.0,953862.0,953862.0,1.2757610639694161,1.2757610639694161
20,20,5,small,medium,benchmark,true,3.326,3.358526959,1,11,0.29163636363636364,0.29163636363636364,663418.0,663418.0,663418.0,663418.0,0.0,0.0
20,20,5,small,medium,benchmark,false,6.123,6.155095875,1,11,0.546090909090909,0.546090909090909,663418.0,663418.0,663418.0,663418.0,0.0,0.0
1,24,5,small,small,ours,true,1.109,3.380782709,3,32,0.056529411764705884,0.137,768520.2345679011,798843.3333333334,806390.0,806390.0,4.6962097040016415,0.9358581662305632
1,24,5,small,small,ours,false,1.255,9.832968792,3,30,0.06476470588235295,0.71425,768520.2345679011,798843.3333333333,806390.0,806390.0,4.6962097040016415,0.9358581662305743
2,24,5,small,small,ours,true,0.811,2.052917083,2,29,0.03872222222222222,0.09654545454545452,1.0352948125e6,1.065894e6,1.217044e6,1.065894e6,14.933657903904873,0.0
2,24,5,small,small,ours,false,0.932,2.688540375,2,28,0.04266666666666667,0.16,1.0352948125e6,1.065894e6,1.217044e6,1.065894e6,14.933657903904873,0.0
3,24,5,small,small,ours,true,1.699,2.502340167,2,25,0.07931578947368423,0.0905,808738.25,833540.0,891866.0,891866.0,9.32065467233867,6.539771669735139
3,24,5,small,small,ours,false,1.9,3.244716875,2,25,0.09042105263157894,0.18166666666666667,808738.25,833540.0,891866.0,891866.0,9.32065467233867,6.539771669735139
4,24,5,small,small,ours,true,1.168,4.346275833,3,33,0.060352941176470595,0.1462,677527.705882353,700731.0,826549.0,733479.0,18.029335722098384,4.464749502030729
4,24,5,small,small,ours,false,1.335,26.958882708,3,35,0.06941176470588237,1.2740000000000002,677527.705882353,700731.0,826549.0,720041.0,18.029335722098384,2.681791731304195
5,24,5,small,small,ours,true,5.356,8.098031375,2,29,0.24555000000000002,0.22199999999999998,721346.5681818181,757242.0,977458.0,757242.0,26.201783792058777,0.0
5,24,5,small,small,ours,false,5.316,11.162046916,2,29,0.24495000000000003,0.5668888888888889,721346.5681818181,757242.0,977458.0,757242.0,26.201783792058777,0.0
6,24,5,small,small,ours,true,1.181,2.146297458,3,31,0.05384210526315789,0.06033333333333332,798985.0,804850.0,848603.0,847650.0,5.847021516539542,5.049253819383004
6,24,5,small,small,ours,false,1.396,3.515185084,3,31,0.06636842105263158,0.1821666666666667,798985.0,804850.0,848603.0,847650.0,5.847021516539542,5.049253819383004
7,24,5,small,small,ours,true,0.496,1.636839125,3,26,0.0306923076923077,0.08399999999999999,757080.0,810194.0,837950.0,816290.0,9.650933826600628,0.7467934190054981
7,24,5,small,small,ours,false,0.581,4.645168417,3,26,0.03892307692307692,0.36883333333333335,757080.0,810194.0,837950.0,816290.0,9.650933826600628,0.7467934190054981
8,24,5,small,small,ours,true,1.705,3.9842105,3,41,0.05784615384615385,0.131,738590.0,755160.0,802097.0,755160.0,7.917620936121194,0.0
8,24,5,small,small,ours,false,2.033,23.187121208,3,41,0.06903846153846152,1.6353333333333335,738590.0,755160.0,802097.0,755160.0,7.917620936121194,0.0
9,24,5,small,small,ours,true,1.344,2.013497334,3,32,0.055714285714285716,0.051166666666666666,761020.0,789530.0,833170.0,789530.0,8.659697300670931,0.0
9,24,5,small,small,ours,false,1.678,3.403951334,3,32,0.07100000000000001,0.1835,761020.0,789530.0,833170.0,789530.0,8.659697300670931,0.0
10,24,5,small,small,ours,true,3.199,26.197948583,3,34,0.15400000000000003,0.9605,871572.6474622772,913943.3333333334,1.04314e6,921795.0,16.44720291981161,0.8517801318803642
10,24,5,small,small,ours,false,3.626,476.320494209,3,35,0.1768421052631579,27.774,871572.6474622772,913943.3333333334,1.04314e6,940780.0,16.44720291981161,2.8525974900259987
11,24,5,small,small,ours,true,0.847,2.784913,2,26,0.042529411764705885,0.18899999999999997,728681.696969697,767364.0,839281.0,767364.0,13.177863317566219,0.0
11,24,5,small,small,ours,false,1.043,43.863716458,2,26,0.05135294117647059,4.733555555555556,728681.696969697,767364.0,839281.0,767364.0,13.177863317566219,0.0
12,24,5,small,small,ours,true,0.832,2.045816125,2,21,0.050928571428571434,0.14257142857142857,771722.1249999999,796827.0,827125.0,796827.0,6.6982469397007804,0.0
12,24,5,small,small,ours,false,1.012,8.905660834,2,26,0.06214285714285714,0.6374166666666666,771722.1249999999,796827.0,827125.0,796827.0,6.6982469397007804,0.0
13,24,5,small,small,ours,true,0.944,2.039495084,2,22,0.052933333333333346,0.12442857142857142,774017.5,815678.0,857673.0,815678.0,9.753775623110439,0.0
13,24,5,small,small,ours,false,1.131,4.720265917,2,22,0.06700000000000002,0.4805714285714286,774017.5,815678.0,857673.0,815678.0,9.753775623110439,0.0
14,24,5,small,small,ours,true,0.621,1.234651917,3,30,0.031937499999999994,0.032999999999999995,977605.0,984190.0,1.015932e6,986170.0,3.772595016201874,0.20077674234665333
14,24,5,small,small,ours,false,0.697,2.260279042,3,33,0.033875,0.09728571428571428,977605.0,984190.0,1.015932e6,986170.0,3.772595016201874,0.20077674234665333
15,24,5,small,small,ours,true,1.41,2.707982041,3,34,0.054863636363636364,0.08600000000000001,821015.7142857146,851960.0,923298.0,851960.0,11.077927788675535,0.0
15,24,5,small,small,ours,false,1.595,4.866898708,3,34,0.06527272727272729,0.24799999999999997,821015.7142857146,851960.0,923298.0,851960.0,11.077927788675535,0.0
16,24,5,small,small,ours,true,1.598,3.177392542,3,32,0.067,0.077,994307.4999999999,1.0719675e6,1.19714e6,1.07495e6,16.943089362981777,0.27745476533792557
16,24,5,small,small,ours,false,2.16,9.447124833,3,32,0.09119047619047621,0.10999999999999999,994307.4999999999,1.0719675e6,1.19714e6,1.07495e6,16.943089362981777,0.27745476533792557
17,24,5,small,small,ours,true,0.74,1.597474958,2,27,0.041375,0.06527272727272727,979026.6666666667,1.014415e6,1.110719e6,1.041531e6,11.856494156787923,2.603475076593975
17,24,5,small,small,ours,false,0.854,3.986154625,2,25,0.0464375,0.33344444444444443,979026.6666666667,1.014415e6,1.110719e6,1.041531e6,11.856494156787923,2.603475076593975
18,24,5,small,small,ours,true,0.896,1.71096625,3,26,0.05923076923076924,0.04700000000000001,793946.0,804276.0,883288.0,816622.0,10.114707773681975,1.5118377903117985
18,24,5,small,small,ours,false,1.022,2.577725916,3,24,0.0676923076923077,0.1884,793946.0,804276.0,883288.0,816622.0,10.114707773681975,1.5118377903117985
19,24,5,small,small,ours,true,1.261,1.676144875,2,25,0.05265,0.05059999999999999,999141.0,1.015434e6,1.021034e6,1.015434e6,2.1441989199184386,0.0
19,24,5,small,small,ours,false,1.434,2.364039209,2,27,0.06285,0.10857142857142855,999141.0,1.015434e6,1.021034e6,1.015434e6,2.1441989199184386,0.0
20,24,5,small,small,ours,true,1.009,3.522394208,3,41,0.03922727272727273,0.1542,702990.5,734646.0,855908.0,738582.0,17.86611411506844,0.532913068555696
20,24,5,small,small,ours,false,1.208,42.796537083,3,45,0.04931818181818182,1.8453636363636363,702990.5,734646.0,855908.0,738582.0,17.86611411506844,0.532913068555696
1,24,5,small,small,benchmark,true,6.773,13.12115675,3,30,0.40375,0.3575,768520.2345679012,798843.3333333333,860304.0,806390.0,10.668759581740728,0.9358581662305743
1,24,5,small,small,benchmark,false,11.751,22.333083125,3,30,0.7151875,0.62125,768520.2345679012,798843.3333333333,860304.0,806390.0,10.668759581740728,0.9358581662305743
2,24,5,small,small,benchmark,true,6.88,9.032582541,2,23,0.41418750000000004,0.25642857142857145,1.0352948125e6,1.065894e6,1.065894e6,1.065894e6,2.870753330068465,0.0
2,24,5,small,small,benchmark,false,11.773,14.776706291,2,23,0.717875,0.37785714285714284,1.0352948125e6,1.065894e6,1.065894e6,1.065894e6,2.870753330068465,0.0
3,24,5,small,small,benchmark,true,8.887,11.547010333,2,21,0.5260625000000001,0.388,808738.2499999999,833540.0,868990.0,868990.0,6.933537785244948,4.079448555219278
3,24,5,small,small,benchmark,false,16.188,19.761382125,2,21,0.98,0.5771999999999999,808738.2499999999,833540.0,868990.0,868990.0,6.933537785244948,4.079448555219278
4,24,5,small,small,benchmark,true,7.502,19.211484084,3,34,0.5036428571428572,0.6933333333333334,677527.7058823531,700731.0,790785.0,720041.0,14.322134855573498,2.681791731304195
4,24,5,small,small,benchmark,false,18.812,42.682666583,3,34,1.3143571428571428,1.2441666666666669,677527.7058823531,700731.0,790785.0,720041.0,14.322134855573498,2.681791731304195
5,24,5,small,small,benchmark,true,24.033,32.845419459,2,28,1.5427999999999997,0.5406923076923078,721346.5681818181,757242.0,875981.0,757242.0,17.65271527786355,0.0
5,24,5,small,small,benchmark,false,49.66,61.435086166,2,28,3.2545333333333333,0.7707692307692309,721346.5681818181,757242.0,875981.0,757242.0,17.65271527786355,0.0
6,24,5,small,small,benchmark,true,6.753,10.440668625,3,28,0.357,0.33725,798985.0,804850.0,839250.0,838190.0,4.79773607387548,3.9776184397332326
6,24,5,small,small,benchmark,false,11.675,17.432169167,3,28,0.6302777777777777,0.56875,798985.0,804850.0,839250.0,838190.0,4.79773607387548,3.9776184397332326
7,24,5,small,small,benchmark,true,4.081,8.848812834,3,27,0.2572666666666667,0.3529999999999999,757080.0,810194.0,845921.0,816290.0,10.502280945856645,0.7467934190054981
7,24,5,small,small,benchmark,false,6.786,14.707205166,3,27,0.435,0.6254000000000001,757080.0,810194.0,845921.0,816290.0,10.502280945856645,0.7467934190054981
8,24,5,small,small,benchmark,true,12.537,24.437110542,3,28,0.755,0.5241666666666667,738590.0,755160.0,782698.0,755160.0,5.635379162844423,0.0
8,24,5,small,small,benchmark,false,20.309,34.595782292,3,28,1.240625,1.2321666666666669,738590.0,755160.0,782698.0,755160.0,5.635379162844423,0.0
9,24,5,small,small,benchmark,true,8.596,11.454166,3,30,0.4061,0.21133333333333335,761020.0,789530.0,877480.0,789530.0,13.27209736974062,0.0
9,24,5,small,small,benchmark,false,20.713,26.912866166,3,30,1.0123,0.599,761020.0,789530.0,877480.0,789530.0,13.27209736974062,0.0
10,24,5,small,small,benchmark,true,32.671,66.470977458,3,33,1.59695,1.7673999999999999,871572.6474622772,913943.3333333334,1.005745e6,921795.0,13.340593543862788,0.8517801318803642
10,24,5,small,small,benchmark,false,53.275,112.670566292,3,33,2.62745,4.0944,871572.6474622772,913943.3333333334,1.005745e6,921795.0,13.340593543862788,0.8517801318803642
11,24,5,small,small,benchmark,true,9.619,17.936049666,2,26,0.6188000000000001,0.6804545454545455,728681.696969697,767364.0,881580.0,767364.0,17.343667396073304,0.0
11,24,5,small,small,benchmark,false,15.271,33.698124,2,26,0.9922666666666667,1.598727272727273,728681.696969697,767364.0,881580.0,767364.0,17.343667396073304,0.0
12,24,5,small,small,benchmark,true,5.682,10.573241375,2,20,0.45033333333333325,0.5421250000000001,771722.125,796827.0,830858.0,796827.0,7.117446663569471,0.0
12,24,5,small,small,benchmark,false,9.722,17.49558725,2,20,0.7818333333333335,0.9025000000000001,771722.125,796827.0,830858.0,796827.0,7.117446663569471,0.0
13,24,5,small,small,benchmark,true,4.769,10.005185833,2,21,0.44880000000000003,0.42190909090909084,774017.5,815678.0,847002.0,815678.0,8.616803738361888,0.0
13,24,5,small,small,benchmark,false,8.521,16.742374417,2,21,0.8208,0.6896363636363636,774017.5,815678.0,847002.0,815678.0,8.616803738361888,0.0
14,24,5,small,small,benchmark,true,2.99,4.39197375,3,23,0.19285714285714284,0.11866666666666666,977605.0,984190.0,986170.0,986170.0,0.8685115142419653,0.20077674234665333
14,24,5,small,small,benchmark,false,5.165,8.069730042,3,23,0.35014285714285714,0.2973333333333333,977605.0,984190.0,986170.0,986170.0,0.8685115142419653,0.20077674234665333
15,24,5,small,small,benchmark,true,8.293,13.119951833,3,30,0.43261111111111106,0.3356666666666666,821015.7142857143,851960.0,902040.0,851960.0,8.982338445555149,0.0
15,24,5,small,small,benchmark,false,14.179,22.200864333,3,30,0.7644444444444445,0.594,821015.7142857143,851960.0,902040.0,851960.0,8.982338445555149,0.0
16,24,5,small,small,benchmark,true,14.986,24.144672791,3,29,0.7632105263157895,0.781,994307.5,1.0719675e6,1.15185e6,1.07495e6,13.677345140426267,0.27745476533792557
16,24,5,small,small,benchmark,false,29.102,39.16875575,3,29,1.5064210526315789,0.859,994307.5,1.0719675e6,1.15185e6,1.07495e6,13.677345140426267,0.27745476533792557
17,24,5,small,small,benchmark,true,4.413,6.116573,2,20,0.27973333333333344,0.2778,979026.6666666666,1.014415e6,1.151252e6,1.041531e6,14.959829240977074,2.603475076593975
17,24,5,small,small,benchmark,false,8.127,11.606417,2,20,0.528,0.6344000000000001,979026.6666666666,1.014415e6,1.151252e6,1.041531e6,14.959829240977074,2.603475076593975
18,24,5,small,small,benchmark,true,5.813,9.224986834,3,26,0.3887142857142856,0.24314285714285713,793946.0,804276.0,827492.0,816622.0,4.05393647310186,1.5118377903117985
18,24,5,small,small,benchmark,false,10.483,16.992826041,3,26,0.7195714285714284,0.5282857142857142,793946.0,804276.0,827492.0,816622.0,4.05393647310186,1.5118377903117985
19,24,5,small,small,benchmark,true,12.403,13.896688041,2,25,0.5990500000000001,0.21940000000000004,999141.0,1.015434e6,1.015434e6,1.015434e6,1.6045355975868425,0.0
19,24,5,small,small,benchmark,false,11.974,14.541846958,2,25,0.5785,0.4328,999141.0,1.015434e6,1.015434e6,1.015434e6,1.6045355975868425,0.0
20,24,5,small,small,benchmark,true,6.518,18.0891885,3,40,0.41939999999999994,0.5617142857142857,702990.5,734646.0,801344.0,738582.0,12.273567905918059,0.532913068555696
20,24,5,small,small,benchmark,false,11.192,46.281200208,3,40,0.7292666666666666,1.3567142857142858,702990.5,734646.0,801344.0,738582.0,12.273567905918059,0.532913068555696
1,24,5,small,medium,ours,true,3.774,4.86710375,2,20,0.2285625,0.25425,796635.0,798843.3333333333,806390.0,806390.0,1.2097124220290412,0.9358581662305743
1,24,5,small,medium,ours,false,17.2,20.728439958,2,19,1.1413999999999997,0.8534999999999999,796635.0,798843.3333333333,806390.0,806390.0,1.2097124220290412,0.9358581662305743
2,24,5,small,medium,ours,true,1.662,2.760670417,2,17,0.13333333333333333,0.2016,1.061529e6,1.065894e6,1.065894e6,1.065894e6,0.4095153927126005,0.0
2,24,5,small,medium,ours,false,13.983,17.894388875,2,22,0.8165882352941177,0.762,1.061529e6,1.065894e6,1.076994e6,1.065894e6,1.4359411473044426,0.0
3,24,5,small,medium,ours,true,6.144,6.172436791,1,16,0.3769375,0.3769375,833540.0,833540.0,839875.0,839875.0,0.7542789105521641,0.7542789105521641
3,24,5,small,medium,ours,false,35.204,35.248340667,1,17,2.063941176470588,2.063941176470588,833540.0,833540.0,839875.0,839875.0,0.7542789105521641,0.7542789105521641
4,24,5,small,medium,ours,true,4.249,4.303241833,1,19,0.21768421052631576,0.21768421052631576,700731.0,700731.0,732010.0,732010.0,4.273029056980093,4.273029056980093
4,24,5,small,medium,ours,false,21.832,21.879897041,1,16,1.3579374999999998,1.3579374999999998,700731.0,700731.0,720041.0,720041.0,2.681791731304195,2.681791731304195
5,24,5,small,medium,ours,true,7.947,10.613797541,2,21,0.4896875,0.5082,754145.3333333333,757242.0,757242.0,757242.0,0.4089401626780842,0.0
5,24,5,small,medium,ours,false,40.298,49.046586083,2,23,2.2321666666666666,1.7227999999999999,754145.3333333334,757242.0,757242.0,757242.0,0.408940162678062,0.0
6,24,5,small,medium,ours,true,2.76,2.7986845,1,14,0.18914285714285714,0.18914285714285714,804850.0,804850.0,814283.0,814283.0,1.1584424579660912,1.1584424579660912
6,24,5,small,medium,ours,false,14.079,14.110144791,1,14,1.0009285714285714,1.0009285714285714,804850.0,804850.0,849810.0,849810.0,5.290594368152879,5.290594368152879
7,24,5,small,medium,ours,true,2.404,2.434089042,1,13,0.17961538461538462,0.17961538461538462,810194.0,810194.0,816290.0,816290.0,0.7467934190054981,0.7467934190054981
7,24,5,small,medium,ours,false,13.071,17.7818845,2,21,0.865,0.7668333333333334,807711.5,810194.0,816290.0,816290.0,1.0509132783692032,0.7467934190054981
8,24,5,small,medium,ours,true,4.308,4.338422458,1,20,0.20925000000000002,0.20925000000000002,755160.0,755160.0,755160.0,755160.0,0.0,0.0
8,24,5,small,medium,ours,false,39.68,39.728559333,1,18,2.197277777777778,2.197277777777778,755160.0,755160.0,755160.0,755160.0,0.0,0.0
9,24,5,small,medium,ours,true,1.831,1.864092083,1,14,0.1247857142857143,0.1247857142857143,789530.0,789530.0,789530.0,789530.0,0.0,0.0
9,24,5,small,medium,ours,false,16.09,16.122466667,1,13,1.2292307692307693,1.2292307692307693,789530.0,789530.0,789530.0,789530.0,0.0,0.0
10,24,5,small,medium,ours,true,39.306,49.186597916,2,25,1.9572000000000003,1.9348,908500.0,913943.3333333334,940780.0,921795.0,3.4311953910584836,0.8517801318803642
10,24,5,small,medium,ours,false,129.794,173.616468208,2,21,8.102875000000001,8.708400000000001,908500.0,913943.3333333334,940780.0,940780.0,3.4311953910584836,2.8525974900259987
11,24,5,small,medium,ours,true,2.932,2.968018958,1,18,0.1568888888888889,0.1568888888888889,767364.0,767364.0,767364.0,767364.0,0.0,0.0
11,24,5,small,medium,ours,false,12.593,12.62849075,1,15,0.8330666666666666,0.8330666666666666,767364.0,767364.0,767364.0,767364.0,0.0,0.0
12,24,5,small,medium,ours,true,4.051,4.095045208,1,16,0.24456250000000002,0.24456250000000002,796827.0,796827.0,796827.0,796827.0,0.0,0.0
12,24,5,small,medium,ours,false,19.856,19.894392375,1,14,1.4128571428571428,1.4128571428571428,796827.0,796827.0,796827.0,796827.0,0.0,0.0
13,24,5,small,medium,ours,true,2.723,2.754491583,1,15,0.1726,0.1726,815678.0,815678.0,815678.0,815678.0,0.0,0.0
13,24,5,small,medium,ours,false,12.185,12.213691,1,14,0.862,0.862,815678.0,815678.0,815678.0,815678.0,0.0,0.0
14,24,5,small,medium,ours,true,1.446,1.482524,1,16,0.0851875,0.0851875,984190.0,984190.0,986170.0,986170.0,0.20077674234665333,0.20077674234665333
14,24,5,small,medium,ours,false,6.219,6.264545,1,14,0.44000000000000006,0.44000000000000006,984190.0,984190.0,1.016047e6,1.016047e6,3.135386453579414,3.135386453579414
15,24,5,small,medium,ours,true,2.695,3.609372917,2,17,0.1992307692307692,0.19849999999999998,851516.6666666666,851960.0,851960.0,851960.0,0.05203687184062167,0.0
15,24,5,small,medium,ours,false,14.188,19.589719292,2,19,1.0847692307692307,0.8788333333333334,851516.6666666666,851960.0,879850.0,851960.0,3.220245875243888,0.0
16,24,5,small,medium,ours,true,4.788,5.697935542,2,24,0.23345,0.20199999999999996,1.0714277777777778e6,1.0719675e6,1.07495e6,1.07495e6,0.3276638189889991,0.27745476533792557
16,24,5,small,medium,ours,false,25.133,28.66345175,2,24,1.2511,0.8514999999999999,1.0714277777777775e6,1.0719675e6,1.100431e6,1.100431e6,2.6356238802998533,2.586577441020832
17,24,5,small,medium,ours,true,2.513,2.545784667,1,16,0.15075,0.15075,1.014415e6,1.014415e6,1.028971e6,1.028971e6,1.4146171272076624,1.4146171272076624
17,24,5,small,medium,ours,false,10.503,10.546263167,1,14,0.7444999999999998,0.7444999999999998,1.014415e6,1.014415e6,1.028971e6,1.028971e6,1.4146171272076624,1.4146171272076624
18,24,5,small,medium,ours,true,1.996,2.024135584,1,11,0.17518181818181822,0.17518181818181822,804276.0,804276.0,827492.0,827492.0,2.8055860358770834,2.8055860358770834
18,24,5,small,medium,ours,false,17.549,17.573303583,1,16,1.0910625,1.0910625,804276.0,804276.0,816622.0,816622.0,1.5118377903117985,1.5118377903117985
19,24,5,small,medium,ours,true,4.394,4.433980459,1,19,0.22473684210526318,0.22473684210526318,1.015434e6,1.015434e6,1.015434e6,1.015434e6,0.0,0.0
19,24,5,small,medium,ours,false,25.535,25.564643583,1,22,1.1544545454545454,1.1544545454545454,1.015434e6,1.015434e6,1.015434e6,1.015434e6,0.0,0.0
20,24,5,small,medium,ours,true,4.632,4.673688666,1,22,0.2049090909090909,0.2049090909090909,734645.9999999999,734645.9999999999,744768.0,744768.0,1.3590809486981326,1.3590809486981326
20,24,5,small,medium,ours,false,17.159,17.18973925,1,15,1.1378666666666666,1.1378666666666666,734646.0000000001,734646.0000000001,738582.0,738582.0,0.5329130685556738,0.5329130685556738
1,24,5,small,medium,benchmark,true,12.878,14.204534083,2,18,0.8437333333333333,0.3960000000000001,796635.0,798843.3333333333,806390.0,806390.0,1.2097124220290412,0.9358581662305743
1,24,5,small,medium,benchmark,false,12.35,14.299259583,2,18,0.8106666666666666,0.6076666666666667,796635.0,798843.3333333333,806390.0,806390.0,1.2097124220290412,0.9358581662305743
2,24,5,small,medium,benchmark,true,7.762,9.908876042,2,21,0.5409285714285714,0.2854285714285714,1.061529e6,1.065894e6,1.065894e6,1.065894e6,0.4095153927126005,0.0
2,24,5,small,medium,benchmark,false,12.178,15.981335416,2,21,0.8584999999999999,0.5245714285714286,1.061529e6,1.065894e6,1.065894e6,1.065894e6,0.4095153927126005,0.0
3,24,5,small,medium,benchmark,true,12.539,12.593070292,1,17,0.7247058823529412,0.7247058823529412,833540.0,833540.0,839875.0,839875.0,0.7542789105521641,0.7542789105521641
3,24,5,small,medium,benchmark,false,19.0,19.057786125,1,17,1.1026470588235298,1.1026470588235298,833540.0,833540.0,839875.0,839875.0,0.7542789105521641,0.7542789105521641
4,24,5,small,medium,benchmark,true,9.44,9.507137792,1,14,0.658142857142857,0.658142857142857,700731.0,700731.0,720041.0,720041.0,2.681791731304195,2.681791731304195
4,24,5,small,medium,benchmark,false,14.305,14.371128625,1,14,1.007,1.007,700731.0,700731.0,720041.0,720041.0,2.681791731304195,2.681791731304195
5,24,5,small,medium,benchmark,true,16.44,20.680313416,2,21,1.0124375,0.804,754145.3333333333,757242.0,759822.0,757242.0,0.7471048043708572,0.0
5,24,5,small,medium,benchmark,false,20.53,25.549793917,2,21,1.26575,0.9546000000000001,754145.3333333333,757242.0,759822.0,757242.0,0.7471048043708572,0.0
6,24,5,small,medium,benchmark,true,7.211,7.275525375,1,14,0.5011428571428572,0.5011428571428572,804849.9999999999,804849.9999999999,826426.0,826426.0,2.610760068052087,2.610760068052087
6,24,5,small,medium,benchmark,false,11.839,11.903562542,1,14,0.8320714285714285,0.8320714285714285,804849.9999999999,804849.9999999999,826426.0,826426.0,2.610760068052087,2.610760068052087
7,24,5,small,medium,benchmark,true,5.593,8.170360625,2,16,0.49063636363636365,0.4828,807711.5,810194.0,816290.0,816290.0,1.0509132783692032,0.7467934190054981
7,24,5,small,medium,benchmark,false,9.292,13.012723958,2,16,0.8266363636363636,0.7064,807711.5,810194.0,816290.0,816290.0,1.0509132783692032,0.7467934190054981
8,24,5,small,medium,benchmark,true,13.089,13.153926708,1,12,1.0726666666666667,1.0726666666666667,755160.0,755160.0,755160.0,755160.0,0.0,0.0
8,24,5,small,medium,benchmark,false,21.285,21.35147375,1,12,1.7542500000000005,1.7542500000000005,755160.0,755160.0,755160.0,755160.0,0.0,0.0
9,24,5,small,medium,benchmark,true,7.541,7.587115334,1,13,0.56,0.56,789530.0,789530.0,789530.0,789530.0,0.0,0.0
9,24,5,small,medium,benchmark,false,14.094,14.138333958,1,13,1.0671538461538463,1.0671538461538463,789530.0,789530.0,789530.0,789530.0,0.0,0.0
10,24,5,small,medium,benchmark,true,31.875,48.773978,2,21,2.103933333333333,2.751,908500.0,913943.3333333334,921795.0,921795.0,1.442294653366527,0.8517801318803642
10,24,5,small,medium,benchmark,false,43.112,60.843204959,2,21,2.8560666666666674,2.892,908500.0,913943.3333333334,921795.0,921795.0,1.442294653366527,0.8517801318803642
11,24,5,small,medium,benchmark,true,8.88,8.950184625,1,14,0.622,0.622,767364.0,767364.0,767364.0,767364.0,0.0,0.0
11,24,5,small,medium,benchmark,false,14.781,14.845780625,1,14,1.0378571428571426,1.0378571428571426,767364.0,767364.0,767364.0,767364.0,0.0,0.0
12,24,5,small,medium,benchmark,true,14.821,14.862739166,1,14,1.0407142857142857,1.0407142857142857,796827.0,796827.0,796827.0,796827.0,0.0,0.0
12,24,5,small,medium,benchmark,false,15.809,15.850680125,1,14,1.1130714285714285,1.1130714285714285,796827.0,796827.0,796827.0,796827.0,0.0,0.0
13,24,5,small,medium,benchmark,true,5.156,5.19813825,1,11,0.4539090909090909,0.4539090909090909,815678.0,815678.0,815678.0,815678.0,0.0,0.0
13,24,5,small,medium,benchmark,false,8.149,8.192348708,1,11,0.7218181818181818,0.7218181818181818,815678.0,815678.0,815678.0,815678.0,0.0,0.0
14,24,5,small,medium,benchmark,true,3.834,3.882157333,1,14,0.26185714285714284,0.26185714285714284,984190.0,984190.0,986170.0,986170.0,0.20077674234665333,0.20077674234665333
14,24,5,small,medium,benchmark,false,6.793,6.840791708,1,14,0.4717857142857143,0.4717857142857143,984190.0,984190.0,986170.0,986170.0,0.20077674234665333,0.20077674234665333
15,24,5,small,medium,benchmark,true,6.693,8.164083541,2,15,0.5414166666666667,0.451,851516.6666666667,851960.0,851960.0,851960.0,0.052036871840610566,0.0
15,24,5,small,medium,benchmark,false,10.377,12.454333584,2,15,0.8489166666666668,0.6576666666666667,851516.6666666667,851960.0,851960.0,851960.0,0.052036871840610566,0.0
16,24,5,small,medium,benchmark,true,11.309,13.765050084,2,19,0.6928749999999999,0.725,1.0714277777777778e6,1.0719675e6,1.120224e6,1.120224e6,4.355934368681824,4.307754520524465
16,24,5,small,medium,benchmark,false,17.978,21.401389333,2,19,1.1122500000000002,1.0436666666666667,1.0714277777777778e6,1.0719675e6,1.120224e6,1.120224e6,4.355934368681824,4.307754520524465
17,24,5,small,medium,benchmark,true,5.422,5.458627167,1,13,0.4075384615384615,0.4075384615384615,1.014415e6,1.014415e6,1.028971e6,1.028971e6,1.4146171272076624,1.4146171272076624
17,24,5,small,medium,benchmark,false,9.782,9.818526666,1,13,0.7427692307692306,0.7427692307692306,1.014415e6,1.014415e6,1.028971e6,1.028971e6,1.4146171272076624,1.4146171272076624
18,24,5,small,medium,benchmark,true,6.514,6.561092208,1,13,0.48684615384615376,0.48684615384615376,804276.0,804276.0,839607.0,839607.0,4.208040190231854,4.208040190231854
18,24,5,small,medium,benchmark,false,11.115,11.156616792,1,13,0.8436923076923079,0.8436923076923079,804276.0,804276.0,839607.0,839607.0,4.208040190231854,4.208040190231854
19,24,5,small,medium,benchmark,true,6.588,6.636257208,1,14,0.4588571428571428,0.4588571428571428,1.015434e6,1.015434e6,1.015434e6,1.015434e6,0.0,0.0
19,24,5,small,medium,benchmark,false,10.585,10.62043975,1,14,0.7462142857142856,0.7462142857142856,1.015434e6,1.015434e6,1.015434e6,1.015434e6,0.0,0.0
20,24,5,small,medium,benchmark,true,11.152,11.216339791,1,16,0.6813125,0.6813125,734646.0,734646.0,738582.0,738582.0,0.532913068555696,0.532913068555696
20,24,5,small,medium,benchmark,false,16.826,16.888340833,1,16,1.0375625,1.0375625,734646.0,734646.0,738582.0,738582.0,0.532913068555696,0.532913068555696
