CG_time_taken,method,CG_LP_IP_gap,implemented_SR3_cuts_count,CG_sp_time_taken_mean,converged,time_limit_reached,ngroute_neighborhood_size,CGIP_objective,CGLP_objective,cycles_lookup_length
2.257,use_adaptive_ngroute,0.4038127901615237,0,0.07536363636363638,false,false,5.0,1.983174e6,1.1823429736842103e6,20
1.089,use_adaptive_ngroute,0.03081766867245328,0,0.0772,false,false,7.1,1.50232e6,1.456022e6,4
0.56,use_adaptive_ngroute,0.01578436686540996,0,0.07533333333333334,false,false,7.45,1.49439e6,1.470802e6,6
0.621,use_SR3_cuts,0.0036687210166022055,2,0.101,false,false,7.95,1.49439e6,1.4889074999999998e6,0
0.626,use_SR3_cuts,0.0007528155300825512,2,0.19766666666666668,false,false,7.95,1.49439e6,1.493265e6,0
0.791,use_SR3_cuts,0.0003814265352416468,10,0.251,false,false,7.95,1.49439e6,1.4938200000000002e6,0
0.968,use_SR3_cuts,5.3533548805884124e-5,1,0.29833333333333334,false,false,7.95,1.49439e6,1.49431e6,0
0.933,none,0.0,0,0.293,true,false,7.95,1.49439e6,1.49439e6,0
