CG_time_taken,method,CG_LP_IP_gap,implemented_SR3_cuts_count,CG_sp_time_taken_mean,converged,time_limit_reached,ngroute_neighborhood_size,CGIP_objective,CGLP_objective,cycles_lookup_length
9.201,use_adaptive_ngroute,0.9999760583508361,0,0.13625,false,false,6.0,6.0e10,1.436498949829932e6,26
5.722,use_adaptive_ngroute,0.04286985422034717,0,0.33338461538461545,false,false,8.571428571428571,1.72574e6,1.651757777777778e6,3
2.34,use_SR3_cuts,0.04104905721603491,2,0.33399999999999996,false,false,9.285714285714285,1.72574e6,1.6549e6,0
5.892,none,0.0,0,1.1312,true,false,9.285714285714285,1.65833e6,1.65833e6,0
