CG_time_taken,method,CG_LP_IP_gap,implemented_SR3_cuts_count,CG_sp_time_taken_mean,converged,time_limit_reached,ngroute_neighborhood_size,CGIP_objective,CGLP_objective,cycles_lookup_length
23.456,use_adaptive_ngroute,0.33331124190234596,0,0.22837037037037036,false,false,6.0,2.14165e6,1.4278139787798407e6,20
8.288,use_adaptive_ngroute,0.11266396264078049,0,0.3066842105263158,false,false,8.0,1.68234e6,1.4928009090909094e6,17
2.94,use_adaptive_ngroute,0.10651627549073972,0,0.49139999999999995,false,false,9.428571428571429,1.68234e6,1.503143409090909e6,3
4.906,use_SR3_cuts,0.10532353745378464,2,0.7635,false,false,9.535714285714285,1.68234e6,1.50515e6,0
12.423,use_SR3_cuts,0.10125678122931947,1,2.0215,false,false,9.535714285714285,1.68234e6,1.5119916666666667e6,0
22.484,use_SR3_cuts,0.09831068630597861,3,4.4454,false,false,9.535714285714285,1.68234e6,1.516948e6,0
39.441,use_adaptive_ngroute,0.024289828053744134,0,9.723249999999998,false,false,9.535714285714285,1.56046e6,1.5225566949152544e6,5
46.318,use_SR3_cuts,0.02415404981315028,5,11.40375,false,false,9.75,1.56046e6,1.5227685714285716e6,0
86.582,use_SR3_cuts,0.023758773300574854,1,21.57075,false,false,9.75,1.56046e6,1.523385384615385e6,0
355.047,use_SR3_cuts,0.022828204503800187,1,70.5138,false,false,9.75,1.56046e6,1.5248375e6,0
96.076,use_SR3_cuts,0.02246420927162507,10,47.987,false,false,9.75,1.56046e6,1.5254055e6,0
247.288,none,0.0,0,61.55575,true,false,9.75,1.56046e6,1.56046e6,0
