CG_time_taken,method,CG_LP_IP_gap,implemented_SR3_cuts_count,CG_sp_time_taken_mean,converged,time_limit_reached,ngroute_neighborhood_size,CGIP_objective,CGLP_objective,cycles_lookup_length
13.389,use_adaptive_ngroute,0.39371920628543344,0,0.20235000000000003,false,false,6.0,2.2699e6,1.3761967736526947e6,28
18.958,use_adaptive_ngroute,0.03990807006034447,0,1.110666666666667,false,false,10.357142857142858,1.573082e6,1.5103033333333333e6,7
8.4,use_SR3_cuts,0.003594236046972732,1,1.1105714285714283,false,false,11.5,1.517986e6,1.51253e6,0
23.043,none,0.0,0,3.774,true,false,11.5,1.517986e6,1.517986e6,0
