CG_time_taken,method,CG_LP_IP_gap,implemented_SR3_cuts_count,CG_sp_time_taken_mean,converged,time_limit_reached,ngroute_neighborhood_size,CGIP_objective,CGLP_objective,cycles_lookup_length
2.496,use_adaptive_ngroute,0.2494258182262734,0,0.057875000000000024,false,false,5.0,1.63301e6,1.2256951445783132e6,13
1.13,use_adaptive_ngroute,0.11316322687399083,0,0.06433333333333333,false,false,6.0,1.48502e6,1.316970344827586e6,7
0.601,use_SR3_cuts,0.09778721648330257,3,0.061,false,false,6.6499999999999995,1.476662e6,1.3322633333333335e6,0
0.608,use_SR3_cuts,0.08827477107151127,2,0.18433333333333335,false,false,6.6499999999999995,1.476662e6,1.34631e6,0
1.484,use_adaptive_ngroute,0.08023185626320262,0,0.35774999999999996,false,false,6.6499999999999995,1.476662e6,1.3581866666666667e6,1
0.601,use_SR3_cuts,0.07959133505162319,10,0.29300000000000004,false,false,6.7,1.476662e6,1.3591325e6,0
1.471,use_adaptive_ngroute,0.07478229714761275,0,0.4753333333333333,false,false,6.7,1.476662e6,1.3662338235294118e6,4
0.512,use_SR3_cuts,0.07406310087661694,1,0.501,false,false,7.1,1.476662e6,1.367295833333333e6,0
2.025,use_SR3_cuts,0.04351633593766391,10,0.49274999999999997,false,false,7.1,1.42967e6,1.367456e6,0
5.752,use_adaptive_ngroute,0.0038508721626582254,0,1.4035,false,false,7.1,1.37761e6,1.3723050000000005e6,1
2.713,none,0.003571402646612598,0,1.3349999999999997,false,false,7.3,1.37761e6,1.37269e6,0
