CG_time_taken,method,CG_LP_IP_gap,implemented_SR3_cuts_count,CG_sp_time_taken_mean,converged,time_limit_reached,ngroute_neighborhood_size,CGIP_objective,CGLP_objective,cycles_lookup_length
9.234,use_adaptive_ngroute,0.20512972232980053,0,0.08058620689655173,false,false,6.0,1.89191e6,1.503823027027027e6,21
3.392,use_SR3_cuts,0.09668163571192046,1,0.13833333333333334,false,false,7.642857142857142,1.72133e6,1.554909e6,0
4.718,use_adaptive_ngroute,0.09223888807921254,0,0.4373000000000001,false,false,7.642857142857142,1.72133e6,1.562556434782609e6,15
5.765,use_SR3_cuts,0.07756305619120285,7,0.695375,false,false,8.892857142857142,1.7043e6,1.572109283333333e6,0
4.608,use_SR3_cuts,0.07378044876407486,1,1.09775,false,false,8.892857142857142,1.702409e6,1.5768045e6,0
20.114,use_SR3_cuts,0.07231135408706157,10,2.8157142857142854,false,false,8.892857142857142,1.702409e6,1.5793054999999995e6,0
34.613,none,0.07016469015377624,0,6.747,false,false,8.892857142857142,1.702409e6,1.58296e6,0
