CG_time_taken,method,CG_LP_IP_gap,implemented_SR3_cuts_count,CG_sp_time_taken_mean,converged,time_limit_reached,ngroute_neighborhood_size,CGIP_objective,CGLP_objective,cycles_lookup_length
11.625,use_adaptive_ngroute,0.3304348304867998,0,0.1785263157894737,false,false,6.0,2.1936e6,1.468758155844156e6,21
12.618,use_adaptive_ngroute,0.14646422245933644,0,0.9540909090909091,false,false,8.392857142857144,1.84627e6,1.575857500000001e6,6
11.865,use_adaptive_ngroute,0.12026438827703989,0,1.40875,false,false,8.678571428571429,1.80229e6,1.5855386956521738e6,10
4.963,use_SR3_cuts,0.11983997694347459,14,1.22325,false,false,9.464285714285714,1.80229e6,1.5863036079545452e6,0
1007.831,use_adaptive_ngroute,0.10940289171271989,0,118.129375,false,false,9.464285714285714,1.80229e6,1.605114262295082e6,1
152.981,use_adaptive_ngroute,0.10901042475822442,0,50.519666666666666,false,false,9.5,1.80229e6,1.6058216015624998e6,2
97.376,use_SR3_cuts,0.10900410710547093,5,48.483,false,false,9.678571428571429,1.80229e6,1.6058329878048808e6,0
371.302,use_SR3_cuts,0.10784577112379778,4,92.58925,false,false,9.678571428571429,1.80229e6,1.6079206451612904e6,0
1882.524,none,0.10422740532096231,0,NaN,false,true,9.678571428571429,1.80229e6,1.6144419896640829e6,0
