CG_time_taken,method,CG_LP_IP_gap,implemented_SR3_cuts_count,CG_sp_time_taken_mean,converged,time_limit_reached,ngroute_neighborhood_size,CGIP_objective,CGLP_objective,cycles_lookup_length
6.355,use_adaptive_ngroute,0.36491409472213765,0,0.08988,false,false,6.0,2.52244e6,1.601966090909091e6,28
7.985,use_adaptive_ngroute,0.025972975611664895,0,0.405235294117647,false,false,9.357142857142858,1.758336e6,1.7126667819548876e6,10
2.956,use_SR3_cuts,0.022165536927220453,7,0.4723333333333334,false,false,9.928571428571427,1.758336e6,1.719361538461539e6,0
17.16,none,0.0,0,2.754666666666667,true,false,9.928571428571427,1.72748e6,1.72748e6,0
