CG_time_taken,method,CG_LP_IP_gap,implemented_SR3_cuts_count,CG_sp_time_taken_mean,converged,time_limit_reached,ngroute_neighborhood_size,CGIP_objective,CGLP_objective,cycles_lookup_length
18.662,use_adaptive_ngroute,0.9998652262141327,0,0.1812,false,false,6.0,1.000175566e10,1.3479744756182793e6,27
12.629,use_adaptive_ngroute,0.010928261568318165,0,0.5422941176470588,false,false,8.357142857142856,1.58189e6,1.5646026923076932e6,6
3.722,use_SR3_cuts,0.010191569057564243,7,0.5231666666666667,false,false,8.964285714285714,1.58189e6,1.5657680588235296e6,0
13.608,none,0.01004115330395916,0,1.7275714285714285,false,false,8.964285714285714,1.58189e6,1.566006e6,0
