CG_time_taken,method,CG_LP_IP_gap,implemented_SR3_cuts_count,CG_sp_time_taken_mean,converged,time_limit_reached,ngroute_neighborhood_size,CGIP_objective,CGLP_objective,cycles_lookup_length
6.495,use_adaptive_ngroute,0.23390804674829346,0,0.11126315789473684,false,false,6.0,2.12897e6,1.6309867857142857e6,17
4.818,use_adaptive_ngroute,0.10275162828623075,0,0.17725000000000002,false,false,7.821428571428572,1.99494e6,1.7899566666666667e6,12
1.279,use_adaptive_ngroute,0.1014299962689389,0,0.18883333333333333,false,false,8.678571428571429,1.99494e6,1.792593243243243e6,7
2.472,use_adaptive_ngroute,0.07972179917714417,0,0.31014285714285716,false,false,9.214285714285714,1.9500099698787709e6,1.7945516666666665e6,6
2.698,use_adaptive_ngroute,0.07791381955617016,0,0.63975,false,false,9.535714285714285,1.95001e6,1.7980772727272727e6,1
4.429,use_SR3_cuts,0.0775833628203616,5,0.6793333333333332,false,false,9.571428571428571,1.95001e6,1.7987216666666667e6,0
15.277,none,0.0,0,2.9979999999999993,true,false,9.571428571428571,1.80479e6,1.80479e6,0
