CG_time_taken,method,CG_LP_IP_gap,implemented_SR3_cuts_count,CG_sp_time_taken_mean,converged,time_limit_reached,ngroute_neighborhood_size,CGIP_objective,CGLP_objective,cycles_lookup_length
14.659,use_adaptive_ngroute,0.9999737348463227,0,0.20700000000000002,false,false,6.0,6.0e10,1.575909220641992e6,25
10.9,use_adaptive_ngroute,0.11125839650883962,0,0.5441874999999999,false,false,8.142857142857142,2.01423e6,1.79013e6,10
7.185,use_adaptive_ngroute,0.10323194411158543,0,0.7536666666666667,false,false,9.25,2.01423e6,1.8062971212121213e6,13
4.367,use_adaptive_ngroute,0.09745044443566642,0,1.0635,false,false,10.928571428571429,2.01423e6,1.8179423913043477e6,6
5.997,use_SR3_cuts,0.09690641991322657,6,1.471,false,false,11.785714285714285,2.01423e6,1.8190381818181816e6,0
56.456,use_SR3_cuts,0.005373419283187575,4,13.861749999999997,false,false,11.785714285714285,1.85323e6,1.8432718181818184e6,0
69.322,use_SR3_cuts,0.003476988035260309,3,16.956749999999996,false,false,11.785714285714285,1.85323e6,1.8467863414634145e6,0
74.041,use_SR3_cuts,0.00038408699402059376,2,18.41725,false,false,11.785714285714285,1.84982e6,1.8491095081967209e6,0
64.429,none,0.0,0,32.161500000000004,true,false,11.785714285714285,1.84982e6,1.84982e6,0
