CG_time_taken,method,CG_LP_IP_gap,implemented_SR3_cuts_count,CG_sp_time_taken_mean,converged,time_limit_reached,ngroute_neighborhood_size,CGIP_objective,CGLP_objective,cycles_lookup_length
5.31,use_adaptive_ngroute,0.2907712206344276,0,0.16786666666666666,false,false,5.0,1.77662e6,1.2600300339964633e6,17
1.421,use_adaptive_ngroute,0.040577104262443875,0,0.11711111111111111,false,false,7.0,1.46825e6,1.4086726666666667e6,4
0.664,use_SR3_cuts,0.0012357233324740147,10,0.11539999999999999,false,false,7.6499999999999995,1.427504e6,1.42574e6,0
1.481,none,0.0,0,0.27320000000000005,true,false,7.6499999999999995,1.427504e6,1.427504e6,0
