CG_time_taken,method,CG_LP_IP_gap,implemented_SR3_cuts_count,CG_sp_time_taken_mean,converged,time_limit_reached,ngroute_neighborhood_size,CGIP_objective,CGLP_objective,cycles_lookup_length
5.951,use_adaptive_ngroute,0.21379236990813766,0,0.07844,false,false,6.0,1.98164e6,1.557980488095238e6,25
2.23,use_adaptive_ngroute,0.0047739801319525155,0,0.12633333333333335,false,false,7.7857142857142865,1.64049e6,1.6326583333333333e6,4
1.044,use_SR3_cuts,0.003493874797570573,3,0.14350000000000002,false,false,8.535714285714286,1.64049e6,1.6347583333333335e6,0
2.492,none,0.0,0,0.46759999999999996,true,false,8.535714285714286,1.64049e6,1.64049e6,0
