CG_time_taken,method,CG_LP_IP_gap,implemented_SR3_cuts_count,CG_sp_time_taken_mean,converged,time_limit_reached,ngroute_neighborhood_size,CGIP_objective,CGLP_objective,cycles_lookup_length
9.661,use_adaptive_ngroute,0.45854449341236925,0,0.123,false,false,6.0,2.83414e6,1.5345607094402679e6,28
6.222,use_adaptive_ngroute,0.013709665878455013,0,0.35714285714285715,false,false,9.285714285714285,1.69703e6,1.6737642857142854e6,7
2.452,use_adaptive_ngroute,0.010546366298769039,0,0.3202857142857143,false,false,10.071428571428573,1.69703e6,1.6791325e6,4
1.089,use_SR3_cuts,0.008747635575092949,2,0.34800000000000003,false,false,10.5,1.69703e6,1.682185e6,0
7.404,none,0.0,0,1.4419999999999997,true,false,10.5,1.69703e6,1.69703e6,0
