CG_time_taken,method,CG_LP_IP_gap,implemented_SR3_cuts_count,CG_sp_time_taken_mean,converged,time_limit_reached,ngroute_neighborhood_size,CGIP_objective,CGLP_objective,cycles_lookup_length
75.469,use_adaptive_ngroute,0.9999756553368055,0,0.9388947368421051,false,false,6.0,6.0e10,1.4606797916666667e6,26
5.815,use_adaptive_ngroute,0.09650519293457682,0,0.4710000000000001,false,false,9.535714285714285,1.80277e6,1.628793333333333e6,1
3.638,use_adaptive_ngroute,0.09574987380531075,0,0.3814444444444445,false,false,9.571428571428571,1.80277e6,1.630155e6,1
1.127,use_SR3_cuts,0.09564170692878193,6,0.36133333333333334,false,false,9.607142857142858,1.80277e6,1.6303499999999998e6,0
29.37,use_SR3_cuts,0.024762012692656654,1,2.603272727272727,false,false,9.607142857142858,1.67656e6,1.6350449999999995e6,0
4.402,use_adaptive_ngroute,0.0028980505991650363,0,2.1639999999999997,false,false,9.607142857142858,1.6421e6,1.637341111111111e6,5
8.959,use_SR3_cuts,0.0025622678277814614,1,2.2107499999999995,false,false,9.928571428571427,1.6421e6,1.6378925e6,0
27.069,use_SR3_cuts,0.0024957879138503003,10,5.3396,false,false,9.928571428571427,1.6421e6,1.6380016666666665e6,0
53.613,none,0.0,0,10.4324,true,false,9.928571428571427,1.6421e6,1.6421e6,0
