CG_time_taken,method,CG_LP_IP_gap,implemented_SR3_cuts_count,CG_sp_time_taken_mean,converged,time_limit_reached,ngroute_neighborhood_size,CGIP_objective,CGLP_objective,cycles_lookup_length
2.426,use_adaptive_ngroute,0.15400895276383975,0,0.07056250000000001,false,false,5.0,1.63439e6,1.382679307692308e6,13
0.767,use_adaptive_ngroute,0.10632315420432092,0,0.050375,false,false,6.45,1.63439e6,1.4606165e6,10
0.618,use_adaptive_ngroute,0.07133899434109336,0,0.0625,false,false,8.0,1.58629e6,1.473125666666667e6,1
0.143,use_SR3_cuts,0.0706508057585098,3,0.061,false,false,8.25,1.58629e6,1.4742173333333335e6,0
1.709,use_SR3_cuts,0.03293621249202994,2,0.3036,false,false,8.25,1.533874e6,1.483354e6,0
0.773,none,0.03293621249202994,0,0.1408,false,false,8.25,1.533874e6,1.483354e6,0
