CG_time_taken,method,CG_LP_IP_gap,implemented_SR3_cuts_count,CG_sp_time_taken_mean,converged,time_limit_reached,ngroute_neighborhood_size,CGIP_objective,CGLP_objective,cycles_lookup_length
21.066,use_adaptive_ngroute,0.33756765267759636,0,0.24650000000000005,false,false,6.0,2.25752e6,1.4954542727272727e6,15
7.63,use_adaptive_ngroute,0.12097706314012646,0,0.2632307692307692,false,false,7.392857142857142,1.866316e6,1.6405345714285718e6,16
5.989,use_adaptive_ngroute,0.09527328286724734,0,0.4966999999999999,false,false,9.214285714285714,1.819836e6,1.64645425e6,8
5.615,use_SR3_cuts,0.028630694647519883,1,0.6004999999999999,false,false,9.964285714285714,1.698876e6,1.650236e6,0
13.145,use_adaptive_ngroute,0.024763431821981152,0,2.5324000000000004,false,false,9.964285714285714,1.698876e6,1.656806e6,1
18.818,use_SR3_cuts,0.024763431821981152,1,2.5945714285714283,false,false,10.0,1.698876e6,1.656806e6,0
35.202,use_SR3_cuts,0.024763431821981152,1,4.9405714285714275,false,false,10.0,1.698876e6,1.656806e6,0
22.28,use_SR3_cuts,0.018341538758567477,1,4.3418,false,false,10.0,1.698876e6,1.667716e6,0
19.054,use_SR3_cuts,0.017961875969758845,10,4.7139999999999995,false,false,10.0,1.698876e6,1.668361e6,0
37.063,none,0.017961875969758845,0,9.16775,false,false,10.0,1.698876e6,1.668361e6,0
