CG_time_taken,method,CG_LP_IP_gap,implemented_SR3_cuts_count,CG_sp_time_taken_mean,converged,time_limit_reached,ngroute_neighborhood_size,CGIP_objective,CGLP_objective,cycles_lookup_length
10.22,use_adaptive_ngroute,0.9999741934830775,0,0.2203684210526316,false,false,6.0,6.0e10,1.5483910153481348e6,28
37.773,use_adaptive_ngroute,0.09295901230830583,0,1.2426785714285713,false,false,9.0,1.81121e6,1.6428417073170734e6,9
6.258,use_adaptive_ngroute,0.03693844850492867,0,0.8378571428571427,false,false,9.357142857142858,1.74489e6,1.680436470588235e6,7
4.001,use_SR3_cuts,0.03560478229081998,8,1.2856666666666667,false,false,10.035714285714285,1.74489e6,1.6827635714285711e6,0
61.046,use_SR3_cuts,0.027869348422204787,7,15.078,false,false,10.035714285714285,1.74489e6,1.696261052631579e6,0
117.845,use_SR3_cuts,0.023434141980296808,10,29.257,false,false,10.035714285714285,1.74489e6,1.704e6,0
480.79,use_SR3_cuts,0.020921089581578234,1,95.8662,false,false,10.035714285714285,1.74489e6,1.708385e6,0
369.906,none,0.02033079449134334,0,92.26075,false,false,10.035714285714285,1.74489e6,1.709415e6,0
