CG_time_taken,method,CG_LP_IP_gap,implemented_SR3_cuts_count,CG_sp_time_taken_mean,converged,time_limit_reached,ngroute_neighborhood_size,CGIP_objective,CGLP_objective,cycles_lookup_length
1.378,use_adaptive_ngroute,0.258557474012874,0,0.054230769230769256,false,false,5.0,1.81917e6,1.34881e6,20
0.986,use_adaptive_ngroute,0.04771709569287208,0,0.08337500000000002,false,false,6.45,1.5811e6,1.5056545e6,10
0.486,use_adaptive_ngroute,0.0051405878271755245,0,0.0655,false,false,7.3,1.52301e6,1.5151808333333335e6,3
0.443,use_SR3_cuts,0.004891629076631099,1,0.0814,false,false,7.5,1.52301e6,1.51556e6,0
0.521,none,0.004891629076631099,0,0.16366666666666665,false,false,7.5,1.52301e6,1.51556e6,0
