CG_time_taken,method,CG_LP_IP_gap,implemented_SR3_cuts_count,CG_sp_time_taken_mean,converged,time_limit_reached,ngroute_neighborhood_size,CGIP_objective,CGLP_objective,cycles_lookup_length
39.266,use_adaptive_ngroute,0.38855628233541295,0,0.2892058823529412,false,false,6.0,2.41028e6,1.473750563812601e6,31
24.812,use_adaptive_ngroute,0.07970835888823302,0,1.094684210526316,false,false,9.8125,1.74461e6,1.6055499999999998e6,2
5.087,use_SR3_cuts,0.0780890858128751,2,0.7306666666666666,false,false,10.0,1.74461e6,1.608375e6,0
38.607,use_adaptive_ngroute,0.07468446424008479,0,5.433142857142858,false,false,10.0,1.74461e6,1.6143147368421056e6,8
25.649,use_SR3_cuts,0.07394489312797703,3,3.5995714285714286,false,false,10.5625,1.74461e6,1.615605e6,0
72.604,use_SR3_cuts,0.06413937741212361,2,14.256400000000001,false,false,10.5625,1.73084e6,1.619825e6,0
253.938,use_adaptive_ngroute,0.0612487747384467,0,50.7042,false,false,10.5625,1.73084e6,1.624828170731707e6,2
93.282,use_SR3_cuts,0.06112890552489547,4,31.028333333333332,false,false,10.6875,1.73084e6,1.62503564516129e6,0
1190.69,use_adaptive_ngroute,0.05979319771517477,0,297.25625,false,false,10.6875,1.73084e6,1.627347541666667e6,2
828.656,use_adaptive_ngroute,0.05974818322579967,0,276.146,false,false,10.8125,1.73084e6,1.627425454545457e6,7
427.052,use_SR3_cuts,0.05974298059932792,2,213.43699999999998,false,false,11.125,1.73084e6,1.6274344594594592e6,0
582.647,none,0.059511443711748324,0,NaN,false,true,11.125,1.73084e6,1.6278352127659575e6,0
