CG_time_taken,method,CG_LP_IP_gap,implemented_SR3_cuts_count,CG_sp_time_taken_mean,converged,time_limit_reached,ngroute_neighborhood_size,CGIP_objective,CGLP_objective,cycles_lookup_length
33.373,use_adaptive_ngroute,0.2746319698629405,0,0.23592000000000002,false,false,6.0,2.1388e6,1.551417142857143e6,27
27.096,use_adaptive_ngroute,0.13732301233272115,0,1.0270434782608697,false,false,8.6875,1.9055e6,1.6438309999999998e6,14
9.594,use_adaptive_ngroute,0.1275153503017582,0,1.001,false,false,9.84375,1.9055e6,1.6625194999999998e6,6
6.554,use_SR3_cuts,0.08713211720928249,12,1.2588,false,false,10.125,1.82473e6,1.665737411764706e6,0
146.629,use_adaptive_ngroute,0.07160716927983868,0,23.10733333333333,false,false,10.125,1.82473e6,1.69406625e6,8
24.551,use_SR3_cuts,0.07134041748642261,3,4.638800000000001,false,false,10.5,1.82473e6,1.694553e6,0
303.93,use_SR3_cuts,0.06886854493541505,4,49.42616666666666,false,false,10.5,1.82473e6,1.6990635e6,0
358.535,use_adaptive_ngroute,0.05478912849561668,0,71.04,false,false,10.5,1.821984e6,1.7221590845070423e6,2
129.847,use_SR3_cuts,0.05475070726271958,4,64.77300000000001,false,false,10.5625,1.821984e6,1.7222290873786411e6,0
413.643,use_SR3_cuts,0.053435842466235006,1,206.507,false,false,10.5625,1.821984e6,1.7246247499999993e6,0
552.303,use_SR3_cuts,0.053065229991042684,10,275.8045,false,false,10.5625,1.821984e6,1.7253e6,0
1575.072,none,0.04724739624497676,0,1171.278,false,true,10.5625,1.821984e6,1.7358999999999923e6,0
