CG_time_taken,method,CG_LP_IP_gap,implemented_SR3_cuts_count,CG_sp_time_taken_mean,converged,time_limit_reached,ngroute_neighborhood_size,CGIP_objective,CGLP_objective,cycles_lookup_length
44.987,use_adaptive_ngroute,0.44416994824112876,0,0.3101562499999999,false,false,6.0,3.02756e6,1.6828088315030884e6,18
14.168,use_adaptive_ngroute,0.18222446176754992,0,0.5711176470588236,false,false,7.3125,2.24748e6,1.837934166666667e6,17
5.046,use_adaptive_ngroute,0.17824574634701973,0,0.53475,false,false,8.28125,2.24748e6,1.84687625e6,4
4.497,use_adaptive_ngroute,0.1486743506158461,0,0.564857142857143,false,false,8.40625,2.170672e6,1.84794875e6,2
2.208,use_SR3_cuts,0.1240191876956297,3,0.5045,false,false,8.625,2.11177e6,1.84987e6,0
11.081,use_adaptive_ngroute,0.11188849335708262,0,2.6932500000000004,false,false,8.625,2.11155e6,1.8752918518518521e6,4
5.135,use_adaptive_ngroute,0.11129552765909956,0,2.5415000000000005,false,false,8.78125,2.11155e6,1.8765439285714284e6,3
17.262,use_adaptive_ngroute,0.1107888096948264,0,4.2695,false,false,9.21875,2.11155e6,1.8776138888888892e6,2
14.091,use_SR3_cuts,0.11035889907098284,5,4.663666666666667,false,false,9.28125,2.11155e6,1.8785216666666663e6,0
153.921,use_adaptive_ngroute,0.10298798032189249,0,25.1185,false,false,9.28125,2.09573e6,1.8798950000000002e6,1
96.578,use_SR3_cuts,0.09997235450177255,6,24.076,false,false,9.3125,2.09573e6,1.8862149375000002e6,0
978.3,use_SR3_cuts,0.013668982444462907,4,242.51299999999998,false,false,9.3125,1.92304e6,1.896754e6,0
1518.584,use_adaptive_ngroute,0.010956867542973758,0,505.985,false,false,9.3125,1.92304e6,1.9019695054401597e6,1
666.831,use_SR3_cuts,0.010956867542974646,6,222.19133333333332,false,false,9.375,1.92304e6,1.901969505440158e6,0
30.082,none,0.010613234077125111,0,NaN,false,true,9.375,1.92304e6,1.9026303263403254e6,0
