CG_time_taken,method,CG_LP_IP_gap,implemented_SR3_cuts_count,CG_sp_time_taken_mean,converged,time_limit_reached,ngroute_neighborhood_size,CGIP_objective,CGLP_objective,cycles_lookup_length
17.659,use_adaptive_ngroute,0.33674385011266816,0,0.16673076923076924,false,false,6.0,2.45411e6,1.6277035499999998e6,31
12.371,use_adaptive_ngroute,0.07140839741437655,0,0.7023846153846154,false,false,9.5625,1.87653e6,1.74253e6,2
9.679,use_adaptive_ngroute,0.06706527473581558,0,0.7226363636363636,false,false,9.625,1.87653e6,1.75068e6,2
6.234,use_adaptive_ngroute,0.06660964652843282,0,0.792,false,false,9.71875,1.87653e6,1.751535e6,2
3.197,use_SR3_cuts,0.06469654095591326,3,0.5354000000000001,false,false,9.875,1.87653e6,1.755125e6,0
28.858,use_adaptive_ngroute,0.010744711677774577,0,3.815142857142858,false,false,9.875,1.79452e6,1.7752384e6,1
15.698,use_SR3_cuts,0.010286873370037641,1,5.1273333333333335,false,false,10.0625,1.79452e6,1.77606e6,0
17.816,use_SR3_cuts,0.010286873370037641,1,3.4998000000000005,false,false,10.0625,1.79452e6,1.77606e6,0
15.905,use_SR3_cuts,0.01028687337003753,1,5.178333333333333,false,false,10.0625,1.79452e6,1.7760600000000002e6,0
54.325,use_SR3_cuts,0.009744481346915301,1,13.371499999999997,false,false,10.0625,1.79452e6,1.7770333333333335e6,0
53.836,use_SR3_cuts,0.009642689967233609,10,8.843499999999999,false,false,10.0625,1.79452e6,1.777216e6,0
52.33,use_adaptive_ngroute,0.006036758204607917,0,12.71575,false,false,10.0625,1.79452e6,1.783686916666667e6,10
146.013,use_adaptive_ngroute,0.001979837027648701,0,28.5028,false,false,10.875,1.79452e6,1.790967142857144e6,5
138.561,none,0.0,0,27.5022,true,false,11.03125,1.79452e6,1.79452e6,0
