CG_time_taken,method,CG_LP_IP_gap,implemented_SR3_cuts_count,CG_sp_time_taken_mean,converged,time_limit_reached,ngroute_neighborhood_size,CGIP_objective,CGLP_objective,cycles_lookup_length
21.064,use_adaptive_ngroute,0.32348630143980595,0,0.15422222222222223,false,false,6.0,2.40367e6,1.6261156818181816e6,21
6.049,use_adaptive_ngroute,0.024808141042747422,0,0.1853846153846154,false,false,8.53125,1.776218e6,1.7321533333333333e6,11
2.19,use_SR3_cuts,0.011134701714840767,2,0.289,false,false,9.875,1.75682e6,1.7372583333333335e6,0
7.291,use_SR3_cuts,0.006284081465375069,1,1.1114999999999997,false,false,9.875,1.75682e6,1.7457799999999998e6,0
2.788,use_adaptive_ngroute,0.004310629432725088,0,1.3464999999999998,false,false,9.875,1.75682e6,1.749247e6,3
12.788,use_SR3_cuts,0.003402079954271553,3,2.4947999999999997,false,false,10.25,1.75682e6,1.7508431578947366e6,0
26.481,none,0.0,0,3.668142857142857,true,false,10.25,1.75682e6,1.75682e6,0
