CG_time_taken,method,CG_LP_IP_gap,implemented_SR3_cuts_count,CG_sp_time_taken_mean,converged,time_limit_reached,ngroute_neighborhood_size,CGIP_objective,CGLP_objective,cycles_lookup_length
20.266,use_adaptive_ngroute,0.3860425782512281,0,0.32577272727272727,false,false,6.0,2.54536e6,1.562742663022454e6,23
14.739,use_adaptive_ngroute,0.06628955930198177,0,0.5861764705882355,false,false,7.5625,1.85955e6,1.7362812499999998e6,12
9.39,use_adaptive_ngroute,0.014561846945453705,0,0.9105555555555555,false,false,8.03125,1.77244e6,1.74663e6,4
4.768,use_adaptive_ngroute,0.011957233114164523,0,1.12725,false,false,8.28125,1.77244e6,1.7512465217391301e6,1
4.303,use_SR3_cuts,0.011957233114164523,3,1.3650000000000002,false,false,8.53125,1.77244e6,1.7512465217391301e6,0
44.797,use_SR3_cuts,0.00938066544800753,10,7.3665,false,false,8.53125,1.77244e6,1.7558133333333335e6,0
38.349,use_SR3_cuts,0.0036446931913068914,10,9.49525,false,false,8.53125,1.77244e6,1.76598e6,0
19.396,use_SR3_cuts,0.0034923608133423656,10,9.651499999999999,false,false,8.53125,1.77244e6,1.7662499999999995e6,0
74.49,none,0.0,0,24.582666666666668,true,false,8.53125,1.77244e6,1.77244e6,0
