CG_time_taken,method,CG_LP_IP_gap,implemented_SR3_cuts_count,CG_sp_time_taken_mean,converged,time_limit_reached,ngroute_neighborhood_size,CGIP_objective,CGLP_objective,cycles_lookup_length
15.025,use_adaptive_ngroute,0.35834378673622014,0,0.16084,false,false,6.0,2.57814e6,1.6542795496638813e6,28
15.474,use_adaptive_ngroute,0.05480602724147743,0,0.71925,false,false,9.34375,1.80558e6,1.7066233333333333e6,1
5.056,use_SR3_cuts,0.054358156381882794,6,0.5101249999999999,false,false,9.375,1.80558e6,1.707432e6,0
21.325,use_SR3_cuts,0.04118159631069607,3,5.1635,false,false,9.375,1.80558e6,1.7312233333333335e6,0
206.882,use_adaptive_ngroute,0.03463002067328658,0,22.562777777777775,false,false,9.375,1.80558e6,1.7430527272727273e6,1
31.323,use_SR3_cuts,0.03463002067328669,3,15.5315,false,false,9.71875,1.80558e6,1.743052727272727e6,0
97.376,use_adaptive_ngroute,0.03346445940954679,0,32.32200000000001,false,false,9.71875,1.80558e6,1.7451572413793106e6,3
94.741,use_adaptive_ngroute,0.02869633455403553,0,47.277,false,false,9.84375,1.79678e6,1.745219e6,2
81.844,use_adaptive_ngroute,0.028653568280947783,0,40.879000000000005,false,false,9.9375,1.79678e6,1.7452958415841586e6,6
102.333,use_SR3_cuts,0.028653065936816824,2,51.118,false,false,10.1875,1.79678e6,1.7452967441860463e6,0
403.488,use_SR3_cuts,0.028637687975155646,10,134.32866666666666,false,false,10.1875,1.79678e6,1.7453243749999998e6,0
2514.702,none,0.013359069662475576,0,677.7186666666666,false,true,10.1875,1.78325e6,1.7594274390243904e6,0
