CG_time_taken,method,CG_LP_IP_gap,implemented_SR3_cuts_count,CG_sp_time_taken_mean,converged,time_limit_reached,ngroute_neighborhood_size,CGIP_objective,CGLP_objective,cycles_lookup_length
26.167,use_adaptive_ngroute,0.9999743112085625,0,0.26962962962962955,false,false,6.0,6.0e10,1.5413274862529458e6,24
8.285,use_adaptive_ngroute,0.13781286185089514,0,0.3648571428571429,false,false,7.5625,2.02086e6,1.7423595e6,6
2.342,use_adaptive_ngroute,0.13679732885999007,0,0.3956,false,false,7.90625,2.02086e6,1.7444117500000005e6,1
2.382,use_SR3_cuts,0.13679732885999019,7,0.4504,false,false,7.9375,2.02086e6,1.7444117500000002e6,0
59.813,use_SR3_cuts,0.06743225628626648,5,6.746625,false,false,7.9375,1.89539e6,1.7675795757575734e6,0
162.564,use_SR3_cuts,0.049450166248003025,4,31.7614,false,false,7.9375,1.86399e6,1.7718153846153847e6,0
78.928,use_SR3_cuts,0.0455978841088206,1,14.9042,false,false,7.9375,1.86399e6,1.7789959999999995e6,0
249.066,use_adaptive_ngroute,0.043164609252195674,0,61.83525,false,false,7.9375,1.86399e6,1.7835315999999999e6,5
621.516,use_SR3_cuts,0.04199706687056026,5,123.931,false,false,8.21875,1.86399e6,1.7857078873239444e6,0
1158.602,use_SR3_cuts,0.040690327542724725,10,289.356,false,false,8.21875,1.86399e6,1.7881436363636365e6,0
1216.387,none,0.022725104892994286,0,360.065,false,true,8.21875,1.8405e6,1.798674444444444e6,0
