CG_time_taken,method,CG_LP_IP_gap,implemented_SR3_cuts_count,CG_sp_time_taken_mean,converged,time_limit_reached,ngroute_neighborhood_size,CGIP_objective,CGLP_objective,cycles_lookup_length
25.12,use_adaptive_ngroute,0.999973522772285,0,0.22515625,false,false,6.0,6.0e10,1.5886336629001903e6,27
29.312,use_adaptive_ngroute,0.008400564221814344,0,1.047782608695652,false,false,8.09375,1.73863e6,1.724024527027027e6,9
12.36,use_SR3_cuts,0.006486069491496216,4,1.2594444444444444,false,false,8.78125,1.73863e6,1.727353125e6,0
85.425,use_SR3_cuts,0.002769421901152147,4,8.1007,false,false,8.78125,1.73863e6,1.7338149999999998e6,0
108.417,none,0.0,0,15.233999999999998,true,false,8.78125,1.73863e6,1.73863e6,0
