CG_time_taken,method,CG_LP_IP_gap,implemented_SR3_cuts_count,CG_sp_time_taken_mean,converged,time_limit_reached,ngroute_neighborhood_size,CGIP_objective,CGLP_objective,cycles_lookup_length
17.01,use_adaptive_ngroute,0.29389870234873117,0,0.23454545454545458,false,false,6.0,2.67766e6,1.8906992006688965e6,32
8.414,use_adaptive_ngroute,0.006807852465370412,0,0.36543749999999997,false,false,8.71875,1.95419e6,1.9408861627906978e6,15
5.033,use_adaptive_ngroute,0.001806776369608576,0,0.7758333333333333,false,false,10.1875,1.95419e6,1.9506592156862747e6,10
3.187,use_SR3_cuts,0.0013385158483638637,3,0.7134999999999999,false,false,10.78125,1.95419e6,1.951574285714286e6,0
20.357,none,0.0,0,2.430625,true,false,10.78125,1.95419e6,1.95419e6,0
