CG_time_taken,method,CG_LP_IP_gap,implemented_SR3_cuts_count,CG_sp_time_taken_mean,converged,time_limit_reached,ngroute_neighborhood_size,CGIP_objective,CGLP_objective,cycles_lookup_length
23.028,use_adaptive_ngroute,0.4163354800927971,0,0.23727586206896553,false,false,6.0,2.78731e6,1.6268539529825458e6,28
9.391,use_adaptive_ngroute,0.12100865502680358,0,0.43843750000000004,false,false,8.6875,2.00346e6,1.761024e6,8
4.181,use_adaptive_ngroute,0.11921216295808257,0,0.5532857142857143,false,false,9.5625,2.00346e6,1.7646232e6,4
1.091,use_adaptive_ngroute,0.11883323992350392,0,0.5155,false,false,9.78125,2.00346e6,1.7653823571428568e6,2
0.452,use_SR3_cuts,0.11877515056846388,6,0.424,false,false,9.90625,2.00346e6,1.7654987368421054e6,0
24.146,use_adaptive_ngroute,0.11372216066205454,0,4.697,false,false,9.90625,2.00346e6,1.7756222000000002e6,2
14.918,use_SR3_cuts,0.11306270152635944,3,3.6822500000000002,false,false,10.03125,2.00346e6,1.7769434e6,0
55.6,use_SR3_cuts,0.08440623117610602,1,18.352333333333334,false,false,10.03125,1.94946e6,1.7849134285714284e6,0
24.881,use_SR3_cuts,0.08440414268566676,10,12.409999999999998,false,false,10.03125,1.94946e6,1.7849175e6,0
370.711,use_adaptive_ngroute,0.038794559440379905,0,73.746,false,false,10.03125,1.870984e6,1.7984000000000002e6,5
131.663,use_adaptive_ngroute,0.03845265064674375,0,43.84566666666666,false,false,10.25,1.870984e6,1.7990397058823528e6,5
151.773,none,-4.440892098500626e-16,0,37.872,true,false,10.65625,1.79932e6,1.7993200000000007e6,0
