CG_time_taken,method,CG_LP_IP_gap,implemented_SR3_cuts_count,CG_sp_time_taken_mean,converged,time_limit_reached,ngroute_neighborhood_size,CGIP_objective,CGLP_objective,cycles_lookup_length
22.429,use_adaptive_ngroute,0.9999689435523826,0,0.2239583333333333,false,false,6.0,6.0e10,1.8633868570439601e6,31
12.113,use_adaptive_ngroute,0.1479852772575312,0,0.6385333333333335,false,false,7.9375,2.28524e6,1.9470581249999995e6,16
11.687,use_SR3_cuts,0.039538935667910446,7,1.0003636363636363,false,false,9.875,2.037238e6,1.9566877777777775e6,0
60.379,use_adaptive_ngroute,0.025434065010920826,0,7.258,false,false,9.875,2.02366e6,1.9721900999999999e6,3
42.548,use_SR3_cuts,0.02529465314221635,2,8.298799999999998,false,false,10.03125,2.02366e6,1.9724722222222225e6,0
54.22,use_SR3_cuts,0.022913310536355036,2,10.674800000000001,false,false,10.03125,2.02366e6,1.9772912499999998e6,0
71.068,use_adaptive_ngroute,0.0001296166058700754,0,23.522,false,false,10.03125,1.97903e6,1.9787734848484849e6,3
28.039,none,0.0,0,13.9635,true,false,10.15625,1.97903e6,1.97903e6,0
