CG_time_taken,method,CG_LP_IP_gap,implemented_SR3_cuts_count,CG_sp_time_taken_mean,converged,time_limit_reached,ngroute_neighborhood_size,CGIP_objective,CGLP_objective,cycles_lookup_length
2.503,use_adaptive_ngroute,0.334462681577247,0,0.06571428571428574,false,false,5.0,1.93645e6,1.28877974025974e6,20
1.765,use_adaptive_ngroute,0.04251312938180818,0,0.12,false,false,7.4,1.52446e6,1.4596504347826086e6,3
0.671,use_adaptive_ngroute,0.026729520686920694,0,0.11680000000000001,false,false,8.0,1.52446e6,1.483711914893617e6,7
0.412,use_adaptive_ngroute,0.025215720414347942,0,0.126,false,false,8.55,1.52446e6,1.4860196428571432e6,8
0.298,use_SR3_cuts,0.023316453039108898,2,0.14200000000000002,false,false,9.0,1.52446e6,1.488915e6,0
1.538,use_adaptive_ngroute,0.016288927345957438,0,0.5036666666666667,false,false,9.0,1.52446e6,1.4996281818181816e6,2
2.361,use_SR3_cuts,0.013359407497042008,4,0.5784999999999999,false,false,9.2,1.52446e6,1.5040941176470593e6,0
6.909,use_SR3_cuts,0.008570247825459454,10,2.2723333333333335,false,false,9.2,1.52446e6,1.511395e6,0
7.859,use_SR3_cuts,0.0013368668249741367,10,1.92425,false,false,9.2,1.52446e6,1.522422e6,0
5.09,none,0.0012004250685491158,0,2.5315000000000003,false,false,9.2,1.52446e6,1.5226299999999995e6,0
