CG_time_taken,method,CG_LP_IP_gap,implemented_SR3_cuts_count,CG_sp_time_taken_mean,converged,time_limit_reached,ngroute_neighborhood_size,CGIP_objective,CGLP_objective,cycles_lookup_length
28.878,use_adaptive_ngroute,0.9999741320544868,0,0.3401481481481481,false,false,6.0,6.0e10,1.552076730788177e6,27
21.022,use_adaptive_ngroute,0.07004040601830064,0,1.2550714285714286,false,false,8.84375,1.88957e6,1.7572237499999998e6,14
10.578,use_adaptive_ngroute,0.06533249500184968,0,2.0016,false,false,9.96875,1.88957e6,1.766119677419355e6,5
5.531,use_SR3_cuts,0.0648605616243757,8,1.34375,false,false,10.46875,1.88957e6,1.7670114285714284e6,0
444.363,use_adaptive_ngroute,0.03544896818574961,0,53.061625,false,false,10.46875,1.862593e6,1.796566e6,1
175.079,use_SR3_cuts,0.03391938013296503,5,43.5125,false,false,10.5,1.862593e6,1.7994150000000002e6,0
492.581,use_adaptive_ngroute,0.03183649551347212,0,122.64874999999999,false,false,10.5,1.86189e6,1.8026139473684214e6,3
235.711,use_SR3_cuts,0.03173858283786901,5,78.45899999999999,false,false,10.65625,1.86189e6,1.80279625e6,0
1036.982,use_SR3_cuts,0.030205234213305454,2,259.02675,false,false,10.65625,1.86189e6,1.8056511764705887e6,0
1138.185,none,0.028605987751862627,0,919.349,false,true,10.65625,1.8595e6,1.8063071657754115e6,0
