CG_time_taken,method,CG_LP_IP_gap,implemented_SR3_cuts_count,CG_sp_time_taken_mean,converged,time_limit_reached,ngroute_neighborhood_size,CGIP_objective,CGLP_objective,cycles_lookup_length
17.585,use_adaptive_ngroute,0.9999731796436284,0,0.2237826086956522,false,false,6.0,6.0e10,1.6092213822970104e6,32
9.63,use_adaptive_ngroute,0.15001501289967256,0,0.6302307692307693,false,false,9.75,2.11097e6,1.794292808219178e6,9
8.51,use_adaptive_ngroute,0.09249201839642318,0,1.0103749999999998,false,false,10.125,1.988162e6,1.8042728837209304e6,7
3.409,use_SR3_cuts,0.09209523670606323,8,0.82775,false,false,10.5625,1.988162e6,1.80506175e6,0
101.389,use_adaptive_ngroute,0.03124526364344904,0,19.9286,false,false,10.5625,1.894005e6,1.8348263144329893e6,2
51.823,use_SR3_cuts,0.030915359861165337,6,17.224999999999998,false,false,11.15625,1.894005e6,1.8354511538461535e6,0
424.923,use_adaptive_ngroute,0.02836883444643179,0,84.61460000000001,false,false,11.15625,1.894005e6,1.840274285714286e6,1
188.7,use_SR3_cuts,0.02809384682914562,5,47.0685,false,false,11.281250000000002,1.894005e6,1.840795113636364e6,0
968.067,use_SR3_cuts,0.026878558926718643,10,239.45450000000002,false,false,11.281250000000002,1.894005e6,1.8430968750000002e6,0
1448.343,use_adaptive_ngroute,0.024330563700900032,0,481.9226666666666,false,false,11.281250000000002,1.894005e6,1.8479227906976768e6,5
363.293,none,0.02432680024646905,0,NaN,false,true,11.59375,1.894005e6,1.8479299186991863e6,0
