CG_time_taken,method,CG_LP_IP_gap,implemented_SR3_cuts_count,CG_sp_time_taken_mean,converged,time_limit_reached,ngroute_neighborhood_size,CGIP_objective,CGLP_objective,cycles_lookup_length
13.563,use_adaptive_ngroute,0.18403196195204152,0,0.1725909090909091,false,false,6.0,2.11183e6,1.7231857817908202e6,31
10.644,use_SR3_cuts,0.05092687977769694,1,0.7792727272727273,false,false,10.09375,1.89291e6,1.7965099999999998e6,0
6.659,use_SR3_cuts,0.048181408779040535,1,1.62975,false,false,10.09375,1.88745e6,1.79651e6,0
0.925,none,0.048181408779040535,0,0.894,false,false,10.09375,1.88745e6,1.79651e6,0
