CG_time_taken,method,CG_LP_IP_gap,implemented_SR3_cuts_count,CG_sp_time_taken_mean,converged,time_limit_reached,ngroute_neighborhood_size,CGIP_objective,CGLP_objective,cycles_lookup_length
35.498,use_adaptive_ngroute,0.29952361389738424,0,0.385125,false,false,6.0,2.111224e6,1.4788625577731088e6,32
44.612,use_adaptive_ngroute,0.10505502740362704,0,2.915857142857143,false,false,11.84375,1.87772e6,1.6804560739436615e6,10
37.172,use_SR3_cuts,0.10317759941594518,10,4.439749999999999,false,false,12.843749999999998,1.87772e6,1.6839813580246915e6,0
793.719,use_SR3_cuts,0.015108544713942074,6,84.74688888888889,false,false,12.843749999999998,1.72832e6,1.7022075999999996e6,0
900.834,use_adaptive_ngroute,0.013215422162199508,0,296.367,false,false,12.843749999999998,1.72832e6,1.7054795215686273e6,6
1624.9,use_adaptive_ngroute,0.011914241946809234,0,397.91375,false,false,13.375,1.72832e6,1.7077283773584906e6,2
148.906,none,0.011540957422507159,0,NaN,false,true,13.4375,1.72832e6,1.7083735324675324e6,0
