CG_time_taken,method,CG_LP_IP_gap,implemented_SR3_cuts_count,CG_sp_time_taken_mean,converged,time_limit_reached,ngroute_neighborhood_size,CGIP_objective,CGLP_objective,cycles_lookup_length
5.056,use_adaptive_ngroute,0.23017201965181844,0,0.1211875,false,false,5.0,1.698367e6,1.3074504375e6,18
1.283,use_adaptive_ngroute,0.05376622768588668,0,0.09009090909090907,false,false,6.8,1.49513e6,1.4147425000000002e6,7
0.761,use_SR3_cuts,0.04971139633342925,10,0.11283333333333334,false,false,7.550000000000001,1.49513e6,1.420805e6,0
2.0,use_adaptive_ngroute,0.03094035425137054,0,0.48050000000000004,false,false,7.550000000000001,1.49513e6,1.4488701481481483e6,10
2.543,use_SR3_cuts,0.018129363109115948,1,0.48939999999999995,false,false,8.55,1.483174e6,1.456285e6,0
1.685,use_SR3_cuts,0.013681694348291917,1,0.8170000000000001,false,false,8.55,1.483174e6,1.4628816666666665e6,0
3.512,use_SR3_cuts,0.011480334292087835,10,0.862,false,false,8.55,1.483174e6,1.466146666666667e6,0
2.834,none,0.011292673684948684,0,0.9273333333333333,false,false,8.55,1.483174e6,1.466425e6,0
