CG_time_taken,method,CG_LP_IP_gap,implemented_SR3_cuts_count,CG_sp_time_taken_mean,converged,time_limit_reached,ngroute_neighborhood_size,CGIP_objective,CGLP_objective,cycles_lookup_length
15.818,use_adaptive_ngroute,0.19966902528148445,0,0.17291666666666666,false,false,6.0,2.18032e6,1.7449776307982737e6,26
7.122,use_adaptive_ngroute,0.04421052746065468,0,0.4176153846153846,false,false,8.8125,1.88813e6,1.804654776785714e6,4
3.439,use_adaptive_ngroute,0.04134317335273696,0,0.543,false,false,9.0625,1.88813e6,1.8100687140974968e6,6
1.671,use_SR3_cuts,0.04103909713522558,14,0.5386666666666668,false,false,9.4375,1.88813e6,1.8106428495260666e6,0
149.036,use_SR3_cuts,0.028247525329294088,2,28.649400000000004,false,false,9.4375,1.88813e6,1.834795e6,0
166.187,use_adaptive_ngroute,0.023788599317006498,0,33.013799999999996,false,false,9.4375,1.88813e6,1.8432140319715806e6,3
166.611,use_SR3_cuts,0.023764124343960025,4,54.36533333333334,false,false,9.84375,1.88813e6,1.8432602439024388e6,0
107.033,use_adaptive_ngroute,0.023021539605042385,0,35.556666666666665,false,false,9.84375,1.88813e6,1.8446623404255314e6,2
90.023,use_SR3_cuts,0.022908153267291564,10,44.8875,false,false,9.96875,1.88813e6,1.8448764285714289e6,0
593.292,none,0.0017607916000527135,0,197.36566666666667,false,false,9.96875,1.85144e6,1.8481799999999984e6,0
