CG_time_taken,method,CG_LP_IP_gap,implemented_SR3_cuts_count,CG_sp_time_taken_mean,converged,time_limit_reached,ngroute_neighborhood_size,CGIP_objective,CGLP_objective,cycles_lookup_length
27.391,use_adaptive_ngroute,0.9998481754825983,0,0.48347619047619045,false,false,6.0,1.000187824e10,1.5185303368983953e6,29
35.965,use_adaptive_ngroute,0.010079667704427586,0,1.886588235294118,false,false,7.96875,1.79645e6,1.778342380952381e6,23
25.113,use_adaptive_ngroute,0.008165440482927555,0,2.7122222222222216,false,false,10.6875,1.79645e6,1.7817811944444447e6,3
17.255,use_adaptive_ngroute,0.008103511164562649,0,2.8048333333333337,false,false,10.84375,1.79645e6,1.7818924473684214e6,2
6.08,use_SR3_cuts,0.008034526427119992,8,1.9933333333333334,false,false,11.03125,1.79645e6,1.7820163750000002e6,0
109.194,none,-2.220446049250313e-16,0,15.378285714285715,true,false,11.03125,1.78594e6,1.7859400000000002e6,0
