CG_time_taken,method,CG_LP_IP_gap,implemented_SR3_cuts_count,CG_sp_time_taken_mean,converged,time_limit_reached,ngroute_neighborhood_size,CGIP_objective,CGLP_objective,cycles_lookup_length
15.159,use_adaptive_ngroute,0.9999712443892151,0,0.19770000000000001,false,false,6.0,6.0e10,1.7253366470926888e6,31
18.362,use_adaptive_ngroute,0.004706958199592104,0,0.9431176470588237,false,false,8.53125,1.82255e6,1.8139713333333335e6,5
8.101,use_adaptive_ngroute,0.002541737919094067,0,1.3043333333333336,false,false,8.90625,1.82255e6,1.817917555555555e6,2
2.432,use_SR3_cuts,0.00250078187155367,8,0.7753333333333333,false,false,9.0,1.82255e6,1.8179922e6,0
33.637,none,0.0,0,5.5315,true,false,9.0,1.82255e6,1.82255e6,0
