CG_time_taken,method,CG_LP_IP_gap,implemented_SR3_cuts_count,CG_sp_time_taken_mean,converged,time_limit_reached,ngroute_neighborhood_size,CGIP_objective,CGLP_objective,cycles_lookup_length
3.107,use_adaptive_ngroute,0.3653957501413234,0,0.0806923076923077,false,false,5.0,1.861204e6,1.1811279682539683e6,19
1.149,use_SR3_cuts,0.1209550493782321,4,0.0932222222222222,false,false,7.45,1.618932e6,1.423114e6,0
3.104,use_adaptive_ngroute,0.05477582584797569,0,0.497,false,false,7.45,1.533256e6,1.4492706363636362e6,2
1.084,use_SR3_cuts,0.05473363004395004,4,0.5345000000000001,false,false,7.6,1.533256e6,1.4493353333333333e6,0
5.566,none,0.0,0,1.8246666666666664,true,false,7.6,1.465794e6,1.465794e6,0
