CG_time_taken,method,CG_LP_IP_gap,implemented_SR3_cuts_count,CG_sp_time_taken_mean,converged,time_limit_reached,ngroute_neighborhood_size,CGIP_objective,CGLP_objective,cycles_lookup_length
21.327,use_adaptive_ngroute,0.25587367734306543,0,0.27192,false,false,6.0,2.17265e6,1.6167260549205889e6,30
48.125,use_adaptive_ngroute,0.186553384968712,0,2.6952352941176474,false,false,8.9375,2.06825e6,1.6824109615384615e6,10
14.882,use_SR3_cuts,0.17850778358721409,10,2.0848571428571434,false,false,9.65625,2.06825e6,1.6990512765957445e6,0
2238.04,use_SR3_cuts,0.0027712308416298903,2,312.9782857142857,false,false,9.65625,1.725476e6,1.7206943076923077e6,0
192.145,use_SR3_cuts,0.0019931560086275946,1,95.838,false,false,9.65625,1.725476e6,1.7220368571428573e6,0
1076.015,none,0.0019931560086275946,0,292.31933333333336,false,true,9.65625,1.725476e6,1.7220368571428573e6,0
