CG_time_taken,method,CG_LP_IP_gap,implemented_SR3_cuts_count,CG_sp_time_taken_mean,converged,time_limit_reached,ngroute_neighborhood_size,CGIP_objective,CGLP_objective,cycles_lookup_length
18.173,use_adaptive_ngroute,0.29685252645122473,0,0.18455000000000002,false,false,6.0,2.281962e6,1.6045558150343103e6,26
11.058,use_adaptive_ngroute,0.09370521572439094,0,0.47506666666666664,false,false,8.21875,1.92019e6,1.7402581818181816e6,13
3.313,use_adaptive_ngroute,0.09123576312760717,0,0.45733333333333337,false,false,9.3125,1.92019e6,1.745e6,4
3.854,use_SR3_cuts,0.08970350734967536,7,0.6878000000000001,false,false,9.84375,1.92019e6,1.747942222222227e6,0
101.499,use_adaptive_ngroute,0.042888200327908965,0,11.8575,false,false,9.84375,1.84604e6,1.766866666666667e6,7
37.039,use_SR3_cuts,0.040947785530107694,10,9.13,false,false,10.3125,1.84604e6,1.77044875e6,0
43.495,use_SR3_cuts,0.03855459975587383,2,13.754333333333332,false,false,10.3125,1.84604e6,1.7748666666666667e6,0
85.219,use_SR3_cuts,0.03680880496402539,5,28.192333333333334,false,false,10.3125,1.84604e6,1.7780894736842106e6,0
227.575,use_SR3_cuts,0.03526196615457955,10,75.24366666666666,false,false,10.3125,1.84604e6,1.780945e6,0
283.889,none,0.03404314099369998,0,94.24133333333334,false,false,10.3125,1.84604e6,1.78319499999999e6,0
