CG_time_taken,method,CG_LP_IP_gap,implemented_SR3_cuts_count,CG_sp_time_taken_mean,converged,time_limit_reached,ngroute_neighborhood_size,CGIP_objective,CGLP_objective,cycles_lookup_length
25.014,use_adaptive_ngroute,0.41165674472091773,0,0.3334,false,false,6.0,2.73041e6,1.606418307646559e6,27
15.982,use_SR3_cuts,0.006565006682602514,4,0.6523529411764705,false,false,8.1875,1.768772e6,1.7571599999999998e6,0
33.547,use_adaptive_ngroute,0.0024069354331706094,0,3.6321250000000003,false,false,8.1875,1.768772e6,1.76451468e6,10
21.078,use_adaptive_ngroute,3.618329552934618e-5,0,2.8605714285714283,false,false,9.53125,1.768772e6,1.768708e6,2
9.223,none,0.0,0,3.0396666666666667,true,false,9.84375,1.768772e6,1.768772e6,0
