CG_time_taken,method,CG_LP_IP_gap,implemented_SR3_cuts_count,CG_sp_time_taken_mean,converged,time_limit_reached,ngroute_neighborhood_size,CGIP_objective,CGLP_objective,cycles_lookup_length
21.952,use_adaptive_ngroute,0.999972207536793,0,0.30654999999999993,false,false,6.0,6.0e10,1.667547792421896e6,32
23.254,use_adaptive_ngroute,0.11183460541122359,0,0.9894761904761905,false,false,9.125,2.0439e6,1.81532125e6,10
27.498,use_adaptive_ngroute,0.09063352095499788,0,2.1975,false,false,9.84375,2.00777e6,1.825798735632184e6,9
9.335,use_SR3_cuts,0.09036174764071891,11,2.2735,false,false,10.59375,2.00777e6,1.8263443939393938e6,0
214.097,use_adaptive_ngroute,0.03393489702334129,0,29.948714285714285,false,false,10.59375,1.917004e6,1.8519506666666667e6,1
121.97,use_SR3_cuts,0.0337965735421869,7,30.3695,false,false,10.625,1.917004e6,1.8522158333333335e6,0
971.825,use_SR3_cuts,0.03080078054724722,1,241.061,false,false,10.625,1.917004e6,1.857958780487805e6,0
711.791,use_SR3_cuts,0.030593856587960877,10,237.09633333333332,false,false,10.625,1.917004e6,1.8583554545454527e6,0
1414.588,use_SR3_cuts,0.02606010907297862,10,279.24739999999997,false,false,10.625,1.917004e6,1.8670466666666637e6,0
66.273,none,0.023254292337714144,0,NaN,false,true,10.625,1.917004e6,1.8724254285714326e6,0
