CG_time_taken,method,CG_LP_IP_gap,implemented_SR3_cuts_count,CG_sp_time_taken_mean,converged,time_limit_reached,ngroute_neighborhood_size,CGIP_objective,CGLP_objective,cycles_lookup_length
11.139,use_adaptive_ngroute,0.3871760048720114,0,0.12958333333333333,false,false,6.0,2.92244e6,1.790941356321839e6,26
5.559,use_adaptive_ngroute,0.07664467106578676,0,0.2847857142857143,false,false,7.625,2.0004e6,1.8470800000000002e6,12
1.873,use_adaptive_ngroute,0.0710114736715749,0,0.245,false,false,8.0,1.99936e6,1.8573825e6,6
0.822,use_SR3_cuts,0.07094603606487393,8,0.257,false,false,8.1875,1.99936e6,1.8575133333333337e6,0
5.166,use_adaptive_ngroute,0.06282091193468531,0,1.6573333333333333,false,false,8.1875,1.99159e6,1.8664765e6,4
9.059,use_SR3_cuts,0.06137658855487327,1,1.7150000000000003,false,false,8.53125,1.99159e6,1.869353e6,0
11.021,use_SR3_cuts,0.02002226559797382,10,2.0564,false,false,8.53125,1.907876e6,1.869676e6,0
10.231,use_adaptive_ngroute,0.01760255907616637,0,3.38,false,false,8.53125,1.907876e6,1.8742925e6,1
12.708,use_SR3_cuts,0.016654122175654984,10,4.213,false,false,8.59375,1.907876e6,1.876102e6,0
28.723,use_SR3_cuts,0.014514453653055925,2,4.640333333333333,false,false,8.59375,1.907876e6,1.8801842222222222e6,0
18.262,none,0.013524463854045043,0,6.048333333333333,false,false,8.59375,1.907876e6,1.882073e6,0
