CG_time_taken,method,CG_LP_IP_gap,implemented_SR3_cuts_count,CG_sp_time_taken_mean,converged,time_limit_reached,ngroute_neighborhood_size,CGIP_objective,CGLP_objective,cycles_lookup_length
3.63,use_adaptive_ngroute,0.458698620503704,0,0.0896842105263158,false,false,5.0,2.204186e6,1.1931289224664227e6,14
1.765,use_adaptive_ngroute,0.019530279181509513,0,0.15622222222222223,false,false,6.3,1.44852e6,1.4202299999999998e6,3
0.922,use_adaptive_ngroute,0.018830796754125356,0,0.12028571428571429,false,false,6.45,1.44852e6,1.4212432142857143e6,4
0.399,use_adaptive_ngroute,0.01670584458619817,0,0.12766666666666665,false,false,7.25,1.44852e6,1.4243212500000002e6,1
0.332,use_adaptive_ngroute,0.015491098960778271,0,0.1595,false,false,7.4,1.44852e6,1.4260808333333335e6,3
0.366,use_SR3_cuts,0.015491098960778382,3,0.1775,false,false,7.550000000000001,1.44852e6,1.4260808333333333e6,0
5.281,use_SR3_cuts,0.014985985695744608,1,1.0396,false,false,7.550000000000001,1.44852e6,1.4268125e6,0
2.223,use_SR3_cuts,0.012668677914929316,1,1.1035,false,false,7.550000000000001,1.44852e6,1.4301691666666665e6,0
0.896,use_SR3_cuts,0.011744746361803782,10,0.888,false,false,7.550000000000001,1.44852e6,1.4315075e6,0
39.806,use_SR3_cuts,0.0036952492799869896,4,6.5951666666666675,false,false,7.550000000000001,1.44852e6,1.4431673575129532e6,0
9.395,none,0.0,0,4.646,true,false,7.550000000000001,1.44852e6,1.44852e6,0
