CG_time_taken,method,CG_LP_IP_gap,implemented_SR3_cuts_count,CG_sp_time_taken_mean,converged,time_limit_reached,ngroute_neighborhood_size,CGIP_objective,CGLP_objective,cycles_lookup_length
21.117,use_adaptive_ngroute,0.9999751824969569,0,0.2686666666666666,false,false,6.0,6.0e10,1.4890501825842694e6,27
17.493,use_adaptive_ngroute,0.13293131694544047,0,0.6034999999999999,false,false,7.40625,1.91738e6,1.6625001515151514e6,11
4.172,use_adaptive_ngroute,0.1318429315002766,0,0.5595714285714285,false,false,8.25,1.91738e6,1.6645869999999998e6,11
5.631,use_adaptive_ngroute,0.13011244510738607,0,0.6793750000000001,false,false,9.1875,1.91738e6,1.667905e6,4
6.171,use_adaptive_ngroute,0.129676553823043,0,0.7455,false,false,9.3125,1.91738e6,1.668740769230774e6,1
2.175,use_adaptive_ngroute,0.12913750360735288,0,0.7083333333333333,false,false,9.65625,1.91738e6,1.6697743333333337e6,1
1.856,use_SR3_cuts,0.12913559127559482,8,0.8835000000000001,false,false,9.6875,1.91738e6,1.669778e6,0
93.332,use_SR3_cuts,0.026623801472972164,4,14.855333333333334,false,false,9.6875,1.72712e6,1.6811375000000002e6,0
265.885,use_SR3_cuts,0.02286696928991605,1,18.918857142857142,false,false,9.6875,1.72712e6,1.6876260000000002e6,0
145.054,use_SR3_cuts,0.0020931455687600575,10,20.32314285714286,false,false,9.6875,1.69219e6,1.688648e6,0
200.554,none,0.0,0,49.8415,true,false,9.6875,1.69219e6,1.69219e6,0
