CG_time_taken,method,CG_LP_IP_gap,implemented_SR3_cuts_count,CG_sp_time_taken_mean,converged,time_limit_reached,ngroute_neighborhood_size,CGIP_objective,CGLP_objective,cycles_lookup_length
69.892,use_adaptive_ngroute,0.9999719375258221,0,0.4965555555555555,false,false,5.999999999999999,6.0e10,1.6837484506702977e6,28
42.328,use_adaptive_ngroute,0.09416477867515383,0,1.0776,false,false,7.916666666666666,2.04933e6,1.856355294117647e6,14
23.703,use_adaptive_ngroute,0.08028719332537282,0,1.5678461538461537,false,false,9.0,2.02719e6,1.8644326045627375e6,23
106.12,use_adaptive_ngroute,0.07452002525663581,0,11.517777777777779,false,false,10.305555555555555,2.02719e6,1.8761237500000005e6,5
83.005,use_adaptive_ngroute,0.06549806409263326,0,11.620714285714289,false,false,10.472222222222221,2.02719e6,1.8944129794520547e6,11
70.026,use_adaptive_ngroute,0.0626849410831175,0,9.864714285714287,false,false,11.194444444444445,2.02719e6,1.900115714285715e6,2
19.079,use_SR3_cuts,0.06260492058737366,11,4.682499999999999,false,false,11.305555555555555,2.02719e6,1.900277931034482e6,0
2793.874,use_adaptive_ngroute,0.05911551504909818,0,694.48425,false,false,11.305555555555555,2.02719e6,1.9073516190476187e6,5
373.525,none,0.05903136514261054,0,NaN,false,true,11.694444444444445,2.02719e6,1.9075222068965514e6,0
