CG_time_taken,method,CG_LP_IP_gap,implemented_SR3_cuts_count,CG_sp_time_taken_mean,converged,time_limit_reached,ngroute_neighborhood_size,CGIP_objective,CGLP_objective,cycles_lookup_length
45.027,use_adaptive_ngroute,0.9999744900705299,0,0.5336153846153847,false,false,5.999999999999999,6.0e10,1.5305957682106989e6,36
37.527,use_adaptive_ngroute,0.18269695718834755,0,2.0057058823529412,false,false,9.63888888888889,2.03496e6,1.6631790000000002e6,12
24.97,use_adaptive_ngroute,0.16453876405007795,0,1.9812500000000002,false,false,10.222222222222223,2.02277e6,1.6899459242424238e6,5
11.106,use_SR3_cuts,0.06864048404597156,13,3.5516666666666667,false,false,10.944444444444445,1.814712e6,1.6901492899159668e6,0
239.004,use_SR3_cuts,0.05148689288049069,4,47.1884,false,false,10.944444444444445,1.814712e6,1.721278117647059e6,0
1784.305,use_SR3_cuts,0.04122489348291636,2,252.9925714285714,false,false,10.944444444444445,1.798277e6,1.7241432222222215e6,0
1440.228,none,0.023258243285382396,0,278.50275,false,true,10.944444444444445,1.766573e6,1.7254856153846122e6,0
