CG_time_taken,method,CG_LP_IP_gap,implemented_SR3_cuts_count,CG_sp_time_taken_mean,converged,time_limit_reached,ngroute_neighborhood_size,CGIP_objective,CGLP_objective,cycles_lookup_length
3.846,use_adaptive_ngroute,0.38128544905913875,0,0.1036875,false,false,5.0,1.83088e6,1.132792097026604e6,19
3.392,use_adaptive_ngroute,0.0053938938123998525,0,0.29980000000000007,false,false,7.1,1.28973e6,1.2827733333333335e6,4
1.782,use_adaptive_ngroute,0.0033047399240321296,0,0.2788333333333334,false,false,7.75,1.28973e6,1.285467777777778e6,4
1.792,use_SR3_cuts,0.002923092430198393,4,0.3418,false,false,8.3,1.28973e6,1.2859600000000002e6,0
3.223,none,0.0,0,0.7972499999999999,true,false,8.3,1.28973e6,1.28973e6,0
