CG_time_taken,method,CG_LP_IP_gap,implemented_SR3_cuts_count,CG_sp_time_taken_mean,converged,time_limit_reached,ngroute_neighborhood_size,CGIP_objective,CGLP_objective,cycles_lookup_length
29.002,use_adaptive_ngroute,0.9999703110922338,0,0.27675000000000005,false,false,5.999999999999999,6.0e10,1.7813344659747097e6,27
16.532,use_adaptive_ngroute,0.13761390733608947,0,1.0153571428571428,false,false,8.38888888888889,2.11995e6,1.828215397142857e6,6
6.33,use_adaptive_ngroute,0.1366818963787637,0,1.1976,false,false,8.61111111111111,2.11995e6,1.8301912137718399e6,9
7.334,use_adaptive_ngroute,0.13655098197471083,0,1.80425,false,false,9.694444444444445,2.11995e6,1.8304687457627119e6,1
2.864,use_SR3_cuts,0.13654278754505556,13,1.4144999999999999,false,false,9.722222222222221,2.11995e6,1.8304861175438594e6,0
1313.927,use_SR3_cuts,0.010832691197334987,1,125.19740000000003,false,false,9.722222222222221,1.863572e6,1.8433845e6,0
261.63,none,0.0040642379258759576,0,64.95925000000001,false,false,9.722222222222221,1.863572e6,1.8559979999999995e6,0
