CG_time_taken,method,CG_LP_IP_gap,implemented_SR3_cuts_count,CG_sp_time_taken_mean,converged,time_limit_reached,ngroute_neighborhood_size,CGIP_objective,CGLP_objective,cycles_lookup_length
29.12,use_adaptive_ngroute,0.3227787078663945,0,0.2534090909090909,false,false,5.999999999999999,2.68852e6,1.820722988327041e6,35
23.924,use_adaptive_ngroute,0.08051355990084275,0,1.085388888888889,false,false,9.166666666666666,2.07572e6,1.9085963934426226e6,19
20.975,use_adaptive_ngroute,0.07138486886477946,0,2.2046666666666668,false,false,11.166666666666668,2.07572e6,1.927545e6,8
15.607,use_adaptive_ngroute,0.07096587671626531,0,2.568833333333333,false,false,11.527777777777777,2.07572e6,1.9284147103825137e6,2
2.799,use_adaptive_ngroute,0.07048553294889237,0,2.7609999999999997,false,false,11.75,2.07572e6,1.929411769547325e6,4
4.636,use_adaptive_ngroute,0.07041433548091491,0,2.2714999999999996,false,false,12.361111111111112,2.07572e6,1.9295595555555553e6,3
8.202,use_adaptive_ngroute,0.0701976751353961,0,2.691666666666667,false,false,12.444444444444445,2.07572e6,1.9300092817679555e6,1
5.395,use_SR3_cuts,0.07019576507054037,11,2.673,false,false,12.472222222222223,2.07572e6,1.930013246527778e6,0
339.592,none,0.06439269573950324,0,67.50739999999999,false,false,12.472222222222223,2.07112e6,1.937755e6,0
