CG_time_taken,method,CG_LP_IP_gap,implemented_SR3_cuts_count,CG_sp_time_taken_mean,converged,time_limit_reached,ngroute_neighborhood_size,CGIP_objective,CGLP_objective,cycles_lookup_length
13.055,use_adaptive_ngroute,0.3338731104174394,0,0.11708695652173914,false,false,5.999999999999999,2.85293e6,1.9004133870967745e6,26
5.668,use_adaptive_ngroute,0.16871570339879693,0,0.194,false,false,7.611111111111112,2.311818e6,1.921778e6,8
4.314,use_adaptive_ngroute,0.14920551793070624,0,0.3122222222222223,false,false,8.222222222222223,2.264052e6,1.9262429487179487e6,14
3.585,use_adaptive_ngroute,0.14878074060725344,0,0.34288888888888885,false,false,9.416666666666668,2.264052e6,1.9272046666666667e6,2
2.746,use_SR3_cuts,0.14877115736018265,12,0.4794,false,false,9.472222222222223,2.264052e6,1.9272263636363638e6,0
233.448,use_SR3_cuts,0.035698294059469005,2,26.657285714285713,false,false,9.472222222222223,2.03231e6,1.9597600000000005e6,0
59.62,none,0.0,0,14.413749999999999,true,false,9.472222222222223,1.96086e6,1.96086e6,0
