CG_time_taken,method,CG_LP_IP_gap,implemented_SR3_cuts_count,CG_sp_time_taken_mean,converged,time_limit_reached,ngroute_neighborhood_size,CGIP_objective,CGLP_objective,cycles_lookup_length
69.28,use_adaptive_ngroute,0.3638289193662312,0,0.49935999999999997,false,false,5.999999999999999,2.54645e6,1.6199778482798606e6,35
62.463,use_adaptive_ngroute,0.07469547647724395,0,2.2409583333333334,false,false,9.25,1.841542e6,1.7039871428571432e6,15
21.112,use_SR3_cuts,0.06851567870838648,4,1.7737272727272728,false,false,10.055555555555555,1.841542e6,1.7153675000000005e6,0
85.41,use_SR3_cuts,0.03491711551055776,9,9.123111111111111,false,false,10.055555555555555,1.77947e6,1.7173360404624278e6,0
3350.331,none,0.022506562046050282,0,2390.4379999999996,false,true,10.055555555555555,1.77947e6,1.739420248035915e6,0
