CG_time_taken,method,CG_LP_IP_gap,implemented_SR3_cuts_count,CG_sp_time_taken_mean,converged,time_limit_reached,ngroute_neighborhood_size,CGIP_objective,CGLP_objective,cycles_lookup_length
35.839,use_adaptive_ngroute,0.4264699392330016,0,0.3303793103448276,false,false,5.999999999999999,2.92089e6,1.6752182191937182e6,32
38.181,use_adaptive_ngroute,0.13571135094659226,0,1.8975555555555557,false,false,8.833333333333332,2.08655e6,1.803381480682388e6,17
29.293,use_adaptive_ngroute,0.10826004386572896,0,2.8071,false,false,11.027777777777779,2.03423e6,1.8140041709670182e6,9
23.735,use_adaptive_ngroute,0.1013249366732597,0,3.350857142857143,false,false,11.694444444444445,2.02333e6,1.8183162158808934e6,2
7.614,use_adaptive_ngroute,0.10126780894677989,0,3.7435,false,false,11.805555555555555,2.02333e6,1.8184318041237118e6,1
5.825,use_SR3_cuts,0.10125813176881171,13,2.8785,false,false,11.833333333333332,2.02333e6,1.8184513842482101e6,0
2212.133,use_adaptive_ngroute,0.01811202817495139,0,273.799625,false,false,11.833333333333332,1.87371e6,1.8397733116883119e6,6
520.119,use_adaptive_ngroute,0.01806443447531214,0,129.70999999999998,false,false,12.166666666666666,1.87371e6,1.839862488479263e6,1
321.976,use_SR3_cuts,0.017946670333244152,5,160.77,false,false,12.194444444444445,1.87371e6,1.8400831443298971e6,0
385.45,none,0.01613604012374359,0,NaN,false,true,12.194444444444445,1.87371e6,1.8434757402597405e6,0
