CG_time_taken,method,CG_LP_IP_gap,implemented_SR3_cuts_count,CG_sp_time_taken_mean,converged,time_limit_reached,ngroute_neighborhood_size,CGIP_objective,CGLP_objective,cycles_lookup_length
20.152,use_adaptive_ngroute,0.999970144565,0,0.2215,false,false,5.999999999999999,6.0e10,1.7913261e6,36
21.074,use_adaptive_ngroute,0.09236928836035485,0,0.8616499999999999,false,false,9.972222222222221,2.05516e6,1.865326333333333e6,16
9.289,use_adaptive_ngroute,0.08842316413320617,0,1.3748333333333334,false,false,11.61111111111111,2.05516e6,1.87343625e6,1
5.435,use_SR3_cuts,0.08815710854151693,11,0.8688333333333333,false,false,11.694444444444445,2.05516e6,1.873983036809816e6,0
236.233,use_adaptive_ngroute,0.006542921670475432,0,28.051,false,false,11.694444444444445,1.91723e6,1.9046857142857143e6,3
190.686,use_SR3_cuts,0.0032280386179392995,3,31.01183333333333,false,false,11.777777777777777,1.91241e6,1.9062366666666667e6,0
218.305,none,0.0,0,43.14659999999999,true,false,11.777777777777777,1.91241e6,1.91241e6,0
