CG_time_taken,method,CG_LP_IP_gap,implemented_SR3_cuts_count,CG_sp_time_taken_mean,converged,time_limit_reached,ngroute_neighborhood_size,CGIP_objective,CGLP_objective,cycles_lookup_length
39.498,use_adaptive_ngroute,0.287162015414653,0,0.2608666666666667,false,false,5.999999999999999,2.460034e6,1.7536056785714293e6,34
19.84,use_adaptive_ngroute,0.13773389576755557,0,1.1284285714285713,false,false,8.5,2.17249e6,1.8732644887839432e6,19
22.531,use_adaptive_ngroute,0.12281998157302743,0,1.74375,false,false,10.694444444444445,2.13817e6,1.87556e6,3
14.154,use_SR3_cuts,0.12281998157302743,2,1.9427142857142854,false,false,10.777777777777779,2.13817e6,1.87556e6,0
42.086,use_SR3_cuts,0.11829360123850019,5,6.943666666666668,false,false,10.777777777777779,2.13807e6,1.88515e6,0
216.165,use_adaptive_ngroute,0.05996512449990865,0,35.376333333333335,false,false,10.777777777777779,2.02042e6,1.8992652631578946e6,3
46.481,use_SR3_cuts,0.05996512449990865,5,23.0785,false,false,10.86111111111111,2.02042e6,1.8992652631578946e6,0
680.484,none,0.05948763128458434,0,112.56266666666667,false,false,10.86111111111111,2.02042e6,1.90023e6,0
