CG_time_taken,method,CG_LP_IP_gap,implemented_SR3_cuts_count,CG_sp_time_taken_mean,converged,time_limit_reached,ngroute_neighborhood_size,CGIP_objective,CGLP_objective,cycles_lookup_length
5.236,use_adaptive_ngroute,0.24770532228322484,0,0.09994736842105262,false,false,5.0,1.52589e6,1.14791892578125e6,16
3.345,use_adaptive_ngroute,0.09799655006162011,0,0.24116666666666667,false,false,5.8,1.371804e6,1.2373719406392693e6,10
2.628,use_SR3_cuts,0.06394916793646743,1,0.22027272727272723,false,false,6.6499999999999995,1.33223e6,1.247035e6,0
1.731,use_SR3_cuts,0.05634049676106978,5,0.5663333333333334,false,false,6.6499999999999995,1.33223e6,1.2571715e6,0
30.921,use_adaptive_ngroute,0.02958235439826451,0,3.837125,false,false,6.6499999999999995,1.33223e6,1.2928195e6,5
5.002,use_SR3_cuts,0.02955120362099639,2,2.4895000000000005,false,false,7.45,1.33223e6,1.292861e6,0
13.12,use_SR3_cuts,0.028016934012895622,2,4.363333333333333,false,false,7.45,1.33223e6,1.294905e6,0
19.374,use_SR3_cuts,0.024869016611245853,10,6.444333333333334,false,false,7.45,1.33223e6,1.29909875e6,0
60.75,use_SR3_cuts,0.016292231821832592,10,15.12725,false,false,7.45,1.33223e6,1.310525e6,0
37.052,none,0.008699699000923267,0,12.332999999999998,false,false,7.45,1.33223e6,1.32064e6,0
