CG_time_taken,method,CG_LP_IP_gap,implemented_SR3_cuts_count,CG_sp_time_taken_mean,converged,time_limit_reached,ngroute_neighborhood_size,CGIP_objective,CGLP_objective,cycles_lookup_length
20.72,use_adaptive_ngroute,0.9999688532979384,0,0.22196000000000002,false,false,5.999999999999999,6.0e10,1.8688021236979163e6,35
21.144,use_adaptive_ngroute,0.16543788508790236,0,1.138,false,false,9.63888888888889,2.36989e6,1.977820410509031e6,15
6.81,use_SR3_cuts,0.16496505991136023,12,1.65425,false,false,10.722222222222221,2.36989e6,1.9789409541666666e6,0
930.989,use_adaptive_ngroute,0.05290198144451752,0,112.52925000000002,false,false,10.722222222222221,2.1279e6,2.0153298736842112e6,7
285.732,use_adaptive_ngroute,0.05261132003711522,0,56.77039999999999,false,false,11.555555555555555,2.1279e6,2.0159483720930226e6,9
269.026,use_SR3_cuts,0.05244570474001564,6,88.86733333333333,false,false,12.11111111111111,2.1279e6,2.0163007848837208e6,0
959.111,use_adaptive_ngroute,0.043145224589621334,0,191.19000000000003,false,false,12.11111111111111,2.1279e6,2.0360912765957448e6,2
1087.321,none,0.043014870662898774,0,439.7905,false,true,12.277777777777777,2.1279e6,2.0363686567164178e6,0
