CG_time_taken,method,CG_LP_IP_gap,implemented_SR3_cuts_count,CG_sp_time_taken_mean,converged,time_limit_reached,ngroute_neighborhood_size,CGIP_objective,CGLP_objective,cycles_lookup_length
3.697,use_adaptive_ngroute,0.2642499101452812,0,0.06312500000000001,false,false,5.0,1.66627e6,1.2259583022222223e6,20
1.399,use_adaptive_ngroute,0.03633444708289357,0,0.08466666666666667,false,false,6.8,1.412446e6,1.3611255555555553e6,6
0.369,use_SR3_cuts,0.03099304327386676,1,0.07300000000000001,false,false,7.45,1.412446e6,1.36867e6,0
0.206,use_adaptive_ngroute,0.018829746411544224,0,0.197,false,false,7.45,1.412446e6,1.38585e6,3
1.241,use_adaptive_ngroute,0.01536058723660938,0,0.30075,false,false,7.6,1.412446e6,1.39075e6,1
0.99,use_adaptive_ngroute,0.014657315512710989,0,0.23975,false,false,7.7,1.412446e6,1.3917433333333335e6,3
0.457,use_SR3_cuts,0.014005963177825431,10,0.221,false,false,8.45,1.412446e6,1.3926633333333333e6,0
1.649,none,0.0112967150602572,0,0.396,false,false,8.45,1.412446e6,1.39649e6,0
