CG_time_taken,method,CG_LP_IP_gap,implemented_SR3_cuts_count,CG_sp_time_taken_mean,converged,time_limit_reached,ngroute_neighborhood_size,CGIP_objective,CGLP_objective,cycles_lookup_length
17.942,use_adaptive_ngroute,0.13032304663308547,0,0.15366666666666667,false,false,5.999999999999999,2.185609e6,1.9007737763713086e6,36
16.898,use_adaptive_ngroute,0.017022033379791135,0,0.7290555555555557,false,false,10.555555555555555,2.019959e6,1.9855751904761905e6,3
10.315,use_adaptive_ngroute,0.016565026814900685,0,0.8616363636363636,false,false,10.944444444444445,2.019959e6,1.986498325e6,3
5.154,use_adaptive_ngroute,0.01424540740128355,0,0.7706666666666668,false,false,11.11111111111111,2.019959e6,1.9911838611111108e6,2
3.713,use_SR3_cuts,0.012812718806008871,7,0.85975,false,false,11.36111111111111,2.019959e6,1.994077833333333e6,0
124.602,use_adaptive_ngroute,0.0003563603683706118,0,14.49575,false,false,11.36111111111111,2.019959e6,2.0192391666666665e6,1
51.796,use_SR3_cuts,0.0003563603683705008,2,12.414999999999997,false,false,11.388888888888888,2.019959e6,2.0192391666666667e6,0
37.249,none,0.0,0,9.130749999999999,true,false,11.388888888888888,2.019959e6,2.019959e6,0
