CG_time_taken,method,CG_LP_IP_gap,implemented_SR3_cuts_count,CG_sp_time_taken_mean,converged,time_limit_reached,ngroute_neighborhood_size,CGIP_objective,CGLP_objective,cycles_lookup_length
42.296,use_adaptive_ngroute,0.9999722680976791,0,0.28718750000000004,false,false,5.999999999999999,6.0e10,1.663914139254386e6,29
46.009,use_adaptive_ngroute,0.014028431153755072,0,2.252333333333333,false,false,9.166666666666666,1.94378e6,1.916511816091954e6,24
32.613,use_adaptive_ngroute,0.008166678741484912,0,3.0809,false,false,11.416666666666666,1.94378e6,1.9279057731958765e6,11
26.766,use_adaptive_ngroute,0.007143933621149179,0,5.2826,false,false,12.916666666666666,1.94378e6,1.9298937647058826e6,7
19.706,use_SR3_cuts,0.007053872593908883,9,6.495333333333333,false,false,13.527777777777779,1.94378e6,1.9300688235294118e6,0
948.367,none,-1.1102230246251565e-15,0,116.838125,true,false,13.527777777777779,1.94378e6,1.9437800000000023e6,0
