CG_time_taken,method,CG_LP_IP_gap,implemented_SR3_cuts_count,CG_sp_time_taken_mean,converged,time_limit_reached,ngroute_neighborhood_size,CGIP_objective,CGLP_objective,cycles_lookup_length
106.802,use_adaptive_ngroute,0.9999700905161644,0,0.511974358974359,false,false,7.000000000000001,6.0e10,1.7945690301369869e6,39
124.856,use_adaptive_ngroute,0.2219649926438345,0,4.447920000000001,false,false,10.175,2.44013e6,1.8985065625e6,15
61.449,use_adaptive_ngroute,0.18503418613605283,0,4.866249999999999,false,false,11.450000000000001,2.34148e6,1.9082261538461552e6,3
31.066,use_adaptive_ngroute,0.13332253994883558,0,7.61075,false,false,11.8,2.20733e6,1.9130431578947369e6,1
23.84,use_SR3_cuts,0.13324766757760453,13,7.838000000000001,false,false,11.825000000000001,2.20733e6,1.9132084259259263e6,0
3210.49,none,0.04340386636000382,0,884.8150000000002,false,true,11.825000000000001,2.03469e6,1.9463765871559638e6,0
