CG_time_taken,method,CG_LP_IP_gap,implemented_SR3_cuts_count,CG_sp_time_taken_mean,converged,time_limit_reached,ngroute_neighborhood_size,CGIP_objective,CGLP_objective,cycles_lookup_length
44.727,use_adaptive_ngroute,0.9999673274116162,0,0.32761764705882357,false,false,7.000000000000001,6.0e10,1.9603553030303067e6,30
118.376,use_adaptive_ngroute,0.29792900466805583,0,8.061071428571427,false,false,10.625,2.86092e6,2.0085689519650657e6,6
104.72,use_adaptive_ngroute,0.2972590379748741,0,14.881714285714285,false,false,10.775,2.86092e6,2.0104856730769232e6,4
40.828,use_SR3_cuts,0.29687236732463185,12,10.10275,false,false,11.275,2.86092e6,2.0115919068736143e6,0
1762.68,use_adaptive_ngroute,0.03446221423315032,0,247.7971428571429,false,false,11.275,2.10676e6,2.0341563855421683e6,7
1499.896,none,0.03402558905618114,0,442.69666666666666,false,true,11.475,2.10676e6,2.0350762499999998e6,0
