CG_time_taken,method,CG_LP_IP_gap,implemented_SR3_cuts_count,CG_sp_time_taken_mean,converged,time_limit_reached,ngroute_neighborhood_size,CGIP_objective,CGLP_objective,cycles_lookup_length
60.656,use_adaptive_ngroute,0.22056400284457855,0,0.31890625000000006,false,false,7.000000000000001,2.37202e6,1.8488377739726028e6,28
64.532,use_adaptive_ngroute,0.06380032546390757,0,2.9730999999999996,false,false,10.025,2.0586e6,1.92726065e6,10
21.495,use_adaptive_ngroute,0.02291437805737062,0,2.931285714285714,false,false,10.3,1.98944e6,1.9438532197175445e6,7
17.727,use_adaptive_ngroute,0.022102032062624066,0,4.381750000000001,false,false,10.725,1.98944e6,1.9454693333333333e6,2
22.421,use_adaptive_ngroute,0.021361196206881594,0,4.4026000000000005,false,false,10.825,1.98944e6,1.9469431818181814e6,1
7.703,use_adaptive_ngroute,0.021324913726293082,0,2.522666666666667,false,false,10.85,1.98944e6,1.9470153636363635e6,2
6.833,use_adaptive_ngroute,0.02132491372629286,0,3.3775,false,false,11.075000000000001,1.98944e6,1.947015363636364e6,1
5.19,use_adaptive_ngroute,0.02132491372629297,0,2.552,false,false,11.1,1.98944e6,1.9470153636363638e6,1
7.655,use_SR3_cuts,0.02132491372629297,15,3.7855,false,false,11.275,1.98944e6,1.9470153636363638e6,0
1347.143,use_SR3_cuts,0.010592734568829032,8,190.29785714285714,false,false,11.275,1.98812e6,1.9670603725490195e6,0
970.251,use_SR3_cuts,0.01002213146087727,2,241.9195,false,false,11.275,1.98812e6,1.9681948000000007e6,0
1052.904,none,0.006476561291312133,0,NaN,false,true,11.275,1.98812e6,1.9752438189655165e6,0
