CG_time_taken,method,CG_LP_IP_gap,implemented_SR3_cuts_count,CG_sp_time_taken_mean,converged,time_limit_reached,ngroute_neighborhood_size,CGIP_objective,CGLP_objective,cycles_lookup_length
58.136,use_adaptive_ngroute,0.2759948262555597,0,0.43317241379310345,false,false,7.000000000000001,2.67994e6,1.9402904253246752e6,35
52.172,use_adaptive_ngroute,0.14599045943793632,0,1.9480952380952379,false,false,10.025,2.34821e6,2.0053937432432435e6,21
150.325,use_adaptive_ngroute,0.09880375899104454,0,10.530785714285715,false,false,11.575,2.247602e6,2.0255304736842103e6,2
73.498,use_adaptive_ngroute,0.09851728350598699,0,14.643200000000002,false,false,11.875,2.247602e6,2.0261743565573767e6,1
31.149,use_SR3_cuts,0.09824961283883427,6,15.492999999999999,false,false,11.9,2.247602e6,2.0267759736842103e6,0
402.205,use_adaptive_ngroute,0.09100722213841861,0,66.64450000000001,false,false,11.9,2.247602e6,2.043053985507246e6,12
351.045,use_adaptive_ngroute,0.09042638983835471,0,58.275166666666664,false,false,12.4,2.247602e6,2.0443594653465343e6,5
138.435,use_SR3_cuts,0.09038193537158101,4,69.1575,false,false,12.600000000000001,2.247602e6,2.0444593812949639e6,0
982.258,use_adaptive_ngroute,0.08001660506783204,0,194.7532,false,false,12.600000000000001,2.224776e6,2.046756977443609e6,3
849.164,use_adaptive_ngroute,0.06607336600695868,0,212.13624999999996,false,false,13.024999999999999,2.191778e6,2.04695985e6,2
412.358,none,0.06607034999363315,0,151.0515,false,true,13.275,2.191778e6,2.0469664604316547e6,0
