CG_time_taken,method,CG_LP_IP_gap,implemented_SR3_cuts_count,CG_sp_time_taken_mean,converged,time_limit_reached,ngroute_neighborhood_size,CGIP_objective,CGLP_objective,cycles_lookup_length
50.774,use_adaptive_ngroute,0.9999696131485407,0,0.3897,false,false,7.000000000000001,6.0e10,1.8232110875541e6,28
86.786,use_adaptive_ngroute,0.11185555352017718,0,4.118611111111111,false,false,9.25,2.153339965274237e6,1.9124769315413681e6,21
65.275,use_adaptive_ngroute,0.10627889937024115,0,5.582454545454547,false,false,10.524999999999999,2.14847e6,1.920132973070018e6,3
29.441,use_SR3_cuts,0.10592338485512287,18,5.7368,false,false,10.625,2.14847e6,1.9208967853403143e6,0
3352.572,none,0.07898174878318964,0,NaN,false,true,10.625,2.14847e6,1.9787800821917804e6,0
