CG_time_taken,method,CG_LP_IP_gap,implemented_SR3_cuts_count,CG_sp_time_taken_mean,converged,time_limit_reached,ngroute_neighborhood_size,CGIP_objective,CGLP_objective,cycles_lookup_length
60.553,use_adaptive_ngroute,0.9999665783801832,0,0.4350689655172413,false,false,7.000000000000001,6.0e10,2.005297189009662e6,28
48.06,use_adaptive_ngroute,0.19565354431504578,0,2.0818125,false,false,8.9,2.57779e6,2.073436250000118e6,14
18.968,use_adaptive_ngroute,0.19331710848863137,0,2.5837142857142856,false,false,10.025,2.57779e6,2.079459090909091e6,3
10.831,use_adaptive_ngroute,0.1933020910583937,0,2.6115,false,false,10.1,2.57779e6,2.0794978026905833e6,5
10.153,use_adaptive_ngroute,0.19328274736628415,0,2.466,false,false,10.675,2.57779e6,2.0795476666666663e6,1
14.708,use_adaptive_ngroute,0.1932781205452827,0,2.889,false,false,10.875,2.57779e6,2.0795595936395756e6,1
5.806,use_SR3_cuts,0.19327165083794995,13,2.848,false,false,10.9,2.57779e6,2.079576271186441e6,0
1865.242,none,0.0,0,190.82355555555557,true,false,10.9,2.11717e6,2.11717e6,0
