CG_time_taken,method,CG_LP_IP_gap,implemented_SR3_cuts_count,CG_sp_time_taken_mean,converged,time_limit_reached,ngroute_neighborhood_size,CGIP_objective,CGLP_objective,cycles_lookup_length
59.638,use_adaptive_ngroute,0.2612891210280851,0,0.4290689655172413,false,false,7.000000000000001,2.55565e6,1.8878864578445742e6,32
62.265,use_adaptive_ngroute,0.12677919872137922,0,2.103416666666667,false,false,9.525,2.260978e6,1.9743330208333335e6,12
35.74,use_adaptive_ngroute,0.12615056120154944,0,4.352375,false,false,10.475,2.260978e6,1.975754356435643e6,4
37.667,use_SR3_cuts,0.1258429543027404,7,3.6083000000000003,false,false,10.625,2.260978e6,1.9764498488664986e6,0
732.323,use_adaptive_ngroute,0.07230236873192031,0,102.67671428571428,false,false,10.625,2.15939e6,2.0032609879839786e6,8
550.807,use_adaptive_ngroute,0.07206947846897105,0,78.46271428571428,false,false,11.4,2.15939e6,2.0037638888888885e6,4
186.32,use_SR3_cuts,0.07191823610013104,11,61.898999999999994,false,false,11.725,2.15939e6,2.004090480147738e6,0
1651.407,use_adaptive_ngroute,0.04780383087361195,0,234.15571428571428,false,false,11.725,2.10923e6,2.0084007258064514e6,5
223.953,none,0.04765246085064245,0,NaN,false,true,11.875,2.10923e6,2.0087199999999995e6,0
