CG_time_taken,method,CG_LP_IP_gap,implemented_SR3_cuts_count,CG_sp_time_taken_mean,converged,time_limit_reached,ngroute_neighborhood_size,CGIP_objective,CGLP_objective,cycles_lookup_length
79.733,use_adaptive_ngroute,0.999968627944514,0,0.47086666666666666,false,false,7.000000000000001,6.0e10,1.8823233291586852e6,38
40.759,use_adaptive_ngroute,0.12966397609723668,0,1.9050588235294117,false,false,10.924999999999999,2.253798e6,1.96156159e6,12
20.198,use_adaptive_ngroute,0.04989282739372092,0,2.306,false,false,11.8,2.067456e6,1.9643047746478873e6,8
13.718,use_SR3_cuts,0.048278604686809445,15,4.421666666666667,false,false,12.25,2.067456e6,1.9676421090686277e6,0
1648.519,use_SR3_cuts,0.026072289889073064,5,220.0387142857143,false,false,12.25,2.043576e6,1.9902952941176477e6,0
1780.67,none,0.02287733803263048,0,664.8580000000001,false,true,12.25,2.043576e6,1.9968244210526291e6,0
