CG_time_taken,method,CG_LP_IP_gap,implemented_SR3_cuts_count,CG_sp_time_taken_mean,converged,time_limit_reached,ngroute_neighborhood_size,CGIP_objective,CGLP_objective,cycles_lookup_length
46.173,use_adaptive_ngroute,0.9999694007872182,0,0.2956296296296297,false,false,7.000000000000001,6.0e10,1.835952766905866e6,39
25.503,use_adaptive_ngroute,0.14122366430185052,0,1.166,false,false,10.075,2.229118e6,1.9143137878787876e6,7
15.176,use_adaptive_ngroute,0.13356953253422388,0,1.3984999999999999,false,false,10.600000000000001,2.211128e6,1.9157886666666665e6,2
8.751,use_SR3_cuts,0.13347829705019343,9,1.6912,false,false,11.0,2.211128e6,1.9159904e6,0
415.972,use_adaptive_ngroute,0.04615933095397107,0,67.875,false,false,11.0,2.039202e6,1.9450738000000003e6,4
408.236,use_SR3_cuts,0.04552646901418622,1,66.64233333333334,false,false,11.25,2.039202e6,1.9463643333333335e6,0
801.244,use_SR3_cuts,0.04354628264716609,2,159.5282,false,false,11.25,2.039202e6,1.9504023333333337e6,0
549.308,use_adaptive_ngroute,0.043301973315167164,0,182.89266666666666,false,false,11.25,2.039202e6,1.9509005294117646e6,2
772.204,use_SR3_cuts,0.04330197331516694,4,257.15066666666667,false,false,11.299999999999999,2.039202e6,1.950900529411765e6,0
518.284,none,0.028565674542150643,0,199.668,false,true,11.299999999999999,2.009358e6,1.9519593333333333e6,0
