CG_time_taken,method,CG_LP_IP_gap,implemented_SR3_cuts_count,CG_sp_time_taken_mean,converged,time_limit_reached,ngroute_neighborhood_size,CGIP_objective,CGLP_objective,cycles_lookup_length
81.872,use_adaptive_ngroute,0.9999655017382947,0,0.4831935483870968,false,false,7.000000000000001,6.0e10,2.0698957023212626e6,37
40.134,use_adaptive_ngroute,0.17782790525226533,0,1.746777777777778,false,false,10.375,2.6248e6,2.158037314293854e6,18
38.486,use_adaptive_ngroute,0.15158653479978246,0,4.66325,false,false,11.525,2.54627e6,2.160289754035358e6,9
26.573,use_adaptive_ngroute,0.15118210426270773,0,5.2736,false,false,12.149999999999999,2.54627e6,2.1613195433789953e6,2
7.167,use_SR3_cuts,0.1511821042627075,12,7.069,false,false,12.35,2.54627e6,2.1613195433789957e6,0
2061.601,use_adaptive_ngroute,0.05719603564711084,0,279.3584285714286,false,false,12.35,2.306313e6,2.174401039438605e6,5
480.937,use_adaptive_ngroute,0.0569433055430516,0,159.9706666666667,false,false,12.524999999999999,2.306313e6,2.174983914163088e6,1
544.606,use_SR3_cuts,0.056943305543050604,4,136.0415,false,false,12.725,2.306313e6,2.1749839141630903e6,0
171.59,none,0.055385376878976045,0,NaN,false,true,12.725,2.306313e6,2.178576985294118e6,0
