CG_time_taken,method,CG_LP_IP_gap,implemented_SR3_cuts_count,CG_sp_time_taken_mean,converged,time_limit_reached,ngroute_neighborhood_size,CGIP_objective,CGLP_objective,cycles_lookup_length
54.502,use_adaptive_ngroute,0.9999675953540115,0,0.4562758620689655,false,false,7.000000000000001,6.0e10,1.9442787593122276e6,36
67.777,use_adaptive_ngroute,0.17032550679037617,0,2.575826086956522,false,false,10.200000000000001,2.43551e6,2.020680524956971e6,17
17.952,use_adaptive_ngroute,0.16709293485203025,0,2.4177142857142857,false,false,10.975000000000001,2.43551e6,2.0285534862385318e6,6
13.785,use_SR3_cuts,0.16160944518597797,14,4.543333333333333,false,false,11.15,2.41991e6,2.0288296875e6,0
2370.436,use_adaptive_ngroute,0.057534026586912757,0,251.6953333333333,false,false,11.15,2.17132e6,2.0463952173913047e6,4
542.72,use_adaptive_ngroute,0.05747762084460517,0,180.34099999999998,false,false,11.9,2.17132e6,2.0465176923076918e6,2
469.766,none,0.05726311113126492,0,166.78900000000002,false,true,11.95,2.17132e6,2.0469834615384617e6,0
