CG_time_taken,method,CG_LP_IP_gap,implemented_SR3_cuts_count,CG_sp_time_taken_mean,converged,time_limit_reached,ngroute_neighborhood_size,CGIP_objective,CGLP_objective,cycles_lookup_length
48.0,use_adaptive_ngroute,0.999968376430835,0,0.38692000000000004,false,false,7.000000000000001,6.0e10,1.8974141498978552e6,39
67.626,use_adaptive_ngroute,0.08811803340270197,0,2.3079166666666664,false,false,11.975,2.17595e6,1.9842095652173907e6,4
14.938,use_SR3_cuts,0.08790470828833363,8,1.826857142857143,false,false,12.225,2.17595e6,1.9846737500000005e6,0
226.915,use_adaptive_ngroute,0.03919112311861106,0,26.56325,false,false,12.225,2.07648e6,1.9951004166666665e6,1
146.354,use_SR3_cuts,0.03919112311861106,3,28.383,false,false,12.25,2.07648e6,1.9951004166666665e6,0
200.977,use_adaptive_ngroute,0.034959228938338915,0,65.53966666666666,false,false,12.25,2.07648e6,2.003887860294118e6,3
194.064,use_SR3_cuts,0.034864289566959084,2,47.88125,false,false,12.45,2.07648e6,2.0040850000000007e6,0
946.502,use_adaptive_ngroute,0.03283952428369885,0,187.8772,false,false,12.45,2.07648e6,2.008289384615385e6,7
544.077,use_adaptive_ngroute,0.032821754099874534,0,135.64849999999996,false,false,12.625,2.07648e6,2.0083262840466925e6,2
426.597,use_SR3_cuts,0.032805004036932206,5,106.489,false,false,12.7,2.07648e6,2.0083610652173911e6,0
741.53,none,0.03205714518479941,0,434.96799999999996,false,true,12.7,2.07648e6,2.0099139791666677e6,0
