CG_time_taken,method,CG_LP_IP_gap,implemented_SR3_cuts_count,CG_sp_time_taken_mean,converged,time_limit_reached,ngroute_neighborhood_size,CGIP_objective,CGLP_objective,cycles_lookup_length
53.382,use_adaptive_ngroute,0.9999659068644149,0,0.4842413793103448,false,false,7.000000000000001,6.0e10,2.045588135107986e6,40
126.437,use_adaptive_ngroute,0.12134707077746831,0,6.670555555555556,false,false,11.4,2.364632e6,2.0776908333333335e6,14
128.626,use_adaptive_ngroute,0.11911695162526592,0,11.500363636363637,false,false,12.025,2.364632e6,2.082964244444444e6,9
120.84,use_adaptive_ngroute,0.11857845694091218,0,14.872750000000002,false,false,12.325,2.364632e6,2.084237586206897e6,4
116.444,use_adaptive_ngroute,0.1179404135143769,0,19.12316666666667,false,false,12.45,2.364632e6,2.0857463241106719e6,7
35.487,use_SR3_cuts,0.11791524713641,11,11.758000000000001,false,false,12.675,2.364632e6,2.0858058333333365e6,0
1484.768,use_adaptive_ngroute,0.06436722244168258,0,209.6231428571428,false,false,12.675,2.24577e6,2.1012160228571426e6,9
472.821,use_SR3_cuts,0.024231143653157705,7,157.3093333333333,false,false,13.350000000000001,2.155628e6,2.103394668269231e6,0
1003.68,none,0.022028923685293966,0,482.79200000000003,false,true,13.350000000000001,2.155628e6,2.108141835294117e6,0
