CG_time_taken,method,CG_LP_IP_gap,implemented_SR3_cuts_count,CG_sp_time_taken_mean,converged,time_limit_reached,ngroute_neighborhood_size,CGIP_objective,CGLP_objective,cycles_lookup_length
43.062,use_adaptive_ngroute,0.9999687278185375,0,0.434037037037037,false,false,7.000000000000001,6.0e10,1.8763308877467103e6,29
24.208,use_adaptive_ngroute,0.18914316247390606,0,1.0405263157894735,false,false,9.450000000000001,2.39965e6,1.9457726101694913e6,16
56.3,use_adaptive_ngroute,0.1825474686846491,0,2.8201578947368424,false,false,10.775,2.39579e6,1.9584446000000045e6,12
15.861,use_SR3_cuts,0.1823947424440373,8,3.0858,false,false,11.25,2.39579e6,1.9588104999999998e6,0
806.227,use_adaptive_ngroute,0.08479966917562376,0,88.634,false,false,11.25,2.16026e6,1.977070666666667e6,13
377.332,use_SR3_cuts,0.08470672768812781,10,62.745666666666665,false,false,11.7,2.16026e6,1.977271444444445e6,0
2233.732,none,0.03733983422475129,0,2205.892,false,true,11.7,2.064022e6,1.9869517606837603e6,0
