CG_time_taken,method,CG_LP_IP_gap,implemented_SR3_cuts_count,CG_sp_time_taken_mean,converged,time_limit_reached,ngroute_neighborhood_size,CGIP_objective,CGLP_objective,cycles_lookup_length
63.817,use_adaptive_ngroute,0.9999687860112838,0,0.45128124999999997,false,false,7.000000000000001,6.0e10,1.8728393229692038e6,31
21.323,use_adaptive_ngroute,0.23910608287055835,0,0.9068823529411764,false,false,8.825,2.585226e6,1.967082737804878e6,11
22.037,use_adaptive_ngroute,0.23333145233629704,0,1.8939090909090914,false,false,9.674999999999999,2.570006e6,1.9703427675070025e6,15
15.841,use_SR3_cuts,0.23207438933360758,10,3.0842,false,false,11.725,2.570006e6,1.9735734269662926e6,0
1192.275,use_adaptive_ngroute,0.09104660690738087,0,124.41100000000002,false,false,11.725,2.18655e6,1.9874720416666663e6,5
513.205,use_adaptive_ngroute,0.09099345632868361,0,100.7518,false,false,11.875,2.18655e6,1.9875882580645168e6,3
122.475,use_SR3_cuts,0.09096267274874337,3,60.5355,false,false,11.95,2.18655e6,1.987655567901235e6,0
596.39,use_SR3_cuts,0.09069670891993753,2,118.97719999999998,false,false,11.95,2.18655e6,1.9882371111111105e6,0
897.321,use_SR3_cuts,0.09005092007304316,2,223.53325000000004,false,true,11.95,2.18655e6,1.9896491607142875e6,0
