CG_time_taken,method,CG_LP_IP_gap,implemented_SR3_cuts_count,CG_sp_time_taken_mean,converged,time_limit_reached,ngroute_neighborhood_size,CGIP_objective,CGLP_objective,cycles_lookup_length
38.206,use_adaptive_ngroute,0.29975946315108615,0,0.2974827586206896,false,false,7.000000000000001,2.64698e6,1.853522696228338e6,30
37.163,use_adaptive_ngroute,0.10018726527787891,0,1.4723000000000002,false,false,8.35,2.15242e6,1.936774926470588e6,20
36.4,use_adaptive_ngroute,0.052509106499229685,0,3.102363636363636,false,false,10.475,2.06359e6,1.9552327329192546e6,4
14.927,use_SR3_cuts,0.05196121826840816,11,2.2506666666666666,false,false,10.975000000000001,2.06359e6,1.9563633495934957e6,0
827.15,use_adaptive_ngroute,0.039789880741814,0,99.41649999999998,false,false,10.975000000000001,2.06359e6,1.98148e6,1
229.089,use_adaptive_ngroute,0.03929906942108996,0,76.03666666666668,false,false,11.0,2.06359e6,1.982492833333333e6,5
154.601,use_SR3_cuts,0.037283996456487944,7,77.12049999999999,false,false,11.275,2.05955e6,1.9827617450980402e6,0
736.985,use_SR3_cuts,0.03658320032655604,3,183.54925,false,false,11.275,2.05955e6,1.9842050697674416e6,0
899.194,use_SR3_cuts,0.03654768166725253,10,298.4386666666667,false,false,11.275,2.05955e6,1.9842782222222101e6,0
603.044,none,0.028208422848192027,0,NaN,false,true,11.275,2.05955e6,2.0014533427230061e6,0
