CG_time_taken,method,CG_LP_IP_gap,implemented_SR3_cuts_count,CG_sp_time_taken_mean,converged,time_limit_reached,ngroute_neighborhood_size,CGIP_objective,CGLP_objective,cycles_lookup_length
53.53,use_adaptive_ngroute,0.30269496976433974,0,0.3674615384615385,false,false,7.000000000000001,2.92129e6,2.037030211777132e6,39
47.595,use_adaptive_ngroute,0.14434076987561606,0,2.6616249999999995,false,false,11.475,2.413e6,2.0647057222901385e6,22
44.31,use_adaptive_ngroute,0.05987257868854956,0,4.672000000000001,false,false,13.0,2.22008e6,2.0871580855051249e6,16
30.665,use_SR3_cuts,0.019351717430504345,10,7.60025,false,false,13.950000000000001,2.129592e6,2.0883807373737374e6,0
371.848,none,0.009597795830256217,0,60.436666666666675,false,false,13.950000000000001,2.11236e6,2.092086e6,0
