CG_time_taken,method,CG_LP_IP_gap,implemented_SR3_cuts_count,CG_sp_time_taken_mean,converged,time_limit_reached,ngroute_neighborhood_size,CGIP_objective,CGLP_objective,cycles_lookup_length
66.903,use_adaptive_ngroute,0.3483602347488167,0,0.3895,false,false,7.000000000000001,2.82978e6,1.8439971749124934e6,35
65.38,use_adaptive_ngroute,0.195857736460314,0,2.0435416666666666,false,false,11.0,2.3665e6,1.903002666666667e6,16
55.527,use_adaptive_ngroute,0.13179324527483216,0,3.8190769230769224,false,false,12.600000000000001,2.21962e6,1.927089076923077e6,12
44.603,use_adaptive_ngroute,0.12997112922804033,0,7.180999999999999,false,false,13.425,2.21962e6,1.931133482142857e6,8
38.248,use_SR3_cuts,0.12979691200578514,12,9.4415,false,false,14.4,2.21962e6,1.9315201781737192e6,0
2578.894,use_adaptive_ngroute,0.11295548406233602,0,250.4412,false,false,14.4,2.19135e6,1.943825e6,4
637.735,use_adaptive_ngroute,0.11138567549683975,0,158.6095,false,true,14.549999999999999,2.19135e6,1.9472650000000002e6,1
