CG_time_taken,method,CG_LP_IP_gap,implemented_SR3_cuts_count,CG_sp_time_taken_mean,converged,time_limit_reached,ngroute_neighborhood_size,CGIP_objective,CGLP_objective,cycles_lookup_length
85.222,use_adaptive_ngroute,0.9999723146033334,0,0.37364285714285717,false,false,7.000000000000001,6.0e10,1.6611237999999998e6,36
43.585,use_adaptive_ngroute,0.18384964145124694,0,2.0904375,false,false,11.299999999999999,2.21223e6,1.805512307692308e6,18
27.403,use_adaptive_ngroute,0.18288656371947898,0,1.957833333333333,false,false,13.049999999999999,2.21223e6,1.807642857142857e6,6
25.747,use_SR3_cuts,0.18271106028256046,6,5.047999999999999,false,false,14.3,2.21223e6,1.8080311111111112e6,0
1269.988,none,0.0,0,175.5112857142857,true,false,14.3,1.84859e6,1.84859e6,0
