CG_time_taken,method,CG_LP_IP_gap,implemented_SR3_cuts_count,CG_sp_time_taken_mean,converged,time_limit_reached,ngroute_neighborhood_size,CGIP_objective,CGLP_objective,cycles_lookup_length
47.425,use_adaptive_ngroute,0.23119521919049746,0,0.37275,false,false,7.000000000000001,2.63925e6,2.0290680177514795e6,39
34.408,use_adaptive_ngroute,0.16407240506226906,0,2.0145714285714287,false,false,11.299999999999999,2.455376e6,2.052516554347826e6,10
31.304,use_adaptive_ngroute,0.16258307578085007,0,3.7426250000000003,false,false,11.825000000000001,2.455376e6,2.0561734177215195e6,3
9.516,use_SR3_cuts,0.16242327871161288,12,4.6795,false,false,11.925,2.455376e6,2.0565657796101947e6,0
3459.044,none,0.11063104542171953,0,2609.271,false,true,11.925,2.3755e6,2.1126959516007053e6,0
