CG_time_taken,method,CG_LP_IP_gap,implemented_SR3_cuts_count,CG_sp_time_taken_mean,converged,time_limit_reached,ngroute_neighborhood_size,CGIP_objective,CGLP_objective,cycles_lookup_length
94.66,use_adaptive_ngroute,0.9999670320062285,0,0.5336060606060606,false,false,7.000000000000001,6.0e10,1.9780796262886596e6,32
33.896,use_adaptive_ngroute,0.05805313905581644,0,1.1872105263157895,false,false,10.3,2.20017e6,2.0724432250435643e6,13
11.951,use_adaptive_ngroute,0.05749719902794803,0,1.2462222222222221,false,false,11.15,2.20017e6,2.0736663876146795e6,2
6.758,use_SR3_cuts,0.057478767190956126,14,1.583,false,false,11.25,2.20017e6,2.0737069407894742e6,0
1295.618,use_adaptive_ngroute,0.01045869860708959,0,174.25671428571428,false,false,11.25,2.115134e6,2.093012450980392e6,2
330.35,use_adaptive_ngroute,0.010180158798449357,0,109.80466666666666,false,false,11.75,2.115134e6,2.0936016000000006e6,1
176.555,use_SR3_cuts,0.010175560838602493,5,88.12650000000001,false,false,11.775,2.115134e6,2.0936113253012034e6,0
613.355,use_SR3_cuts,0.005548584628680464,10,193.40666666666667,false,false,11.775,2.115134e6,2.1033980000000005e6,0
782.508,use_adaptive_ngroute,0.004176171349509095,0,255.54266666666666,false,false,11.775,2.115134e6,2.1063008379888274e6,5
220.515,none,0.00416354661992735,0,NaN,false,true,11.9,2.115134e6,2.1063275409836066e6,0
