CG_time_taken,method,CG_LP_IP_gap,implemented_SR3_cuts_count,CG_sp_time_taken_mean,converged,time_limit_reached,ngroute_neighborhood_size,CGIP_objective,CGLP_objective,cycles_lookup_length
99.153,use_adaptive_ngroute,0.3352189694465745,0,0.5534375,false,false,7.000000000000001,2.78384e6,1.8506440240958482e6,30
57.041,use_adaptive_ngroute,0.15253531873806414,0,2.4817777777777774,false,false,9.0,2.31494e6,1.9618298892405059e6,14
39.228,use_adaptive_ngroute,0.15002081308132498,0,3.7527999999999997,false,false,10.524999999999999,2.31494e6,1.9676508189655175e6,11
15.72,use_adaptive_ngroute,0.1478555823872273,0,3.81975,false,false,11.075000000000001,2.31494e6,1.972663198108512e6,3
17.424,use_adaptive_ngroute,0.14733314079517446,0,4.2802500000000006,false,false,11.15,2.31494e6,1.973872619047619e6,6
8.87,use_adaptive_ngroute,0.14712478227438341,0,4.366,false,false,11.9,2.31494e6,1.9743549565217388e6,3
27.39,use_adaptive_ngroute,0.14711741849420867,0,6.7437499999999995,false,false,12.225,2.31494e6,1.9743720032310165e6,3
19.939,use_adaptive_ngroute,0.14692778214554159,0,4.937500000000001,false,false,12.3,2.31494e6,1.974811e6,2
7.855,use_adaptive_ngroute,0.14688242655312278,0,7.811,false,false,12.35,2.31494e6,1.9749159954751139e6,1
17.146,use_adaptive_ngroute,0.14681911865515684,0,5.664333333333333,false,false,12.375,2.31494e6,1.9750625494604313e6,1
12.434,use_SR3_cuts,0.14681627116842177,16,6.144500000000001,false,false,12.4,2.31494e6,1.9750691412213738e6,0
2650.337,use_SR3_cuts,0.02807991251484543,10,517.466,false,false,12.4,2.06533e6,2.0073357142857143e6,0
523.619,none,0.02487189683914659,0,NaN,false,true,12.4,2.06533e6,2.0139613253012053e6,0
