CG_time_taken,method,CG_LP_IP_gap,implemented_SR3_cuts_count,CG_sp_time_taken_mean,converged,time_limit_reached,ngroute_neighborhood_size,CGIP_objective,CGLP_objective,cycles_lookup_length
40.673,use_adaptive_ngroute,0.1659035386454677,0,0.2553611111111111,false,false,7.000000000000001,2.30708e6,1.9243272640618144e6,38
55.332,use_adaptive_ngroute,0.038631663986646414,0,2.171045454545454,false,false,10.675,2.03179e6,1.9532985714285716e6,6
40.661,use_adaptive_ngroute,0.03729593117398944,0,3.2387500000000005,false,false,11.075000000000001,2.03179e6,1.9560125e6,4
8.93,use_adaptive_ngroute,0.03689111571569892,0,2.16975,false,false,11.299999999999999,2.03179e6,1.956835e6,5
11.354,use_SR3_cuts,0.03681236741986149,3,2.1703999999999994,false,false,11.525,2.03179e6,1.9569949999999995e6,0
463.022,use_adaptive_ngroute,0.018869311899096464,0,51.099999999999994,false,false,11.525,2.008753e6,1.9708492131147543e6,3
359.191,use_SR3_cuts,0.018757068227487572,4,59.547666666666665,false,false,11.825000000000001,2.008753e6,1.9710746829268297e6,0
674.295,use_SR3_cuts,0.017283973805756303,4,134.2676,false,false,11.825000000000001,2.008753e6,1.9740337657657657e6,0
1934.369,none,0.01707586746604095,0,407.36675,false,true,11.825000000000001,2.008753e6,1.974451799999988e6,0
