CG_time_taken,method,CG_LP_IP_gap,implemented_SR3_cuts_count,CG_sp_time_taken_mean,converged,time_limit_reached,ngroute_neighborhood_size,CGIP_objective,CGLP_objective,cycles_lookup_length
57.893,use_adaptive_ngroute,0.9999674019641587,0,0.42696551724137927,false,false,7.000000000000001,6.0e10,1.9558821504802564e6,32
73.192,use_adaptive_ngroute,0.17982219491982365,0,3.6297894736842107,false,false,9.65,2.41676e6,1.982172912205567e6,21
83.97,use_adaptive_ngroute,0.17424775319022157,0,5.844142857142858,false,false,11.575,2.41676e6,1.995645e6,6
69.52,use_adaptive_ngroute,0.17167392411141125,0,9.846142857142857,false,false,11.775,2.41591e6,2.0011612500000005e6,1
94.631,use_SR3_cuts,0.17110840221697,9,10.449222222222224,false,false,11.825000000000001,2.41591e6,2.0025275e6,0
3153.876,use_adaptive_ngroute,0.07470657023572835,0,348.6822222222222,false,false,11.825000000000001,2.22665e6,2.0603046153846155e6,12
42.841,none,0.06987860253714939,0,NaN,false,true,12.4,2.22665e6,2.0710548096606564e6,0
