CG_time_taken,method,CG_LP_IP_gap,implemented_SR3_cuts_count,CG_sp_time_taken_mean,converged,time_limit_reached,ngroute_neighborhood_size,CGIP_objective,CGLP_objective,cycles_lookup_length
38.994,use_adaptive_ngroute,0.9999682342705045,0,0.30981250000000005,false,false,7.000000000000001,6.0e10,1.9059437697274035e6,30
18.289,use_adaptive_ngroute,0.25681104608310545,0,0.9715,false,false,9.075000000000001,2.67569e6,1.9885432521058957e6,28
26.984,use_adaptive_ngroute,0.202426757589092,0,2.5168999999999997,false,false,10.975000000000001,2.51749e6,2.0078826620370368e6,11
14.163,use_SR3_cuts,0.18827279581337575,10,2.2678333333333334,false,false,11.674999999999999,2.48028e6,2.0133107500000005e6,0
446.975,use_adaptive_ngroute,0.10016618303927338,0,62.27585714285715,false,false,11.674999999999999,2.27544e6,2.0475178604651159e6,1
105.478,use_SR3_cuts,0.10014909839978636,6,52.6525,false,false,11.7,2.27544e6,2.0475567355371902e6,0
1502.969,use_adaptive_ngroute,0.09753272816147274,0,299.1588,false,false,11.7,2.27544e6,2.0535101290322584e6,3
1401.243,none,0.09726425566068653,0,654.408,false,true,11.9,2.27544e6,2.0541210220994474e6,0
