CG_time_taken,method,CG_LP_IP_gap,implemented_SR3_cuts_count,CG_sp_time_taken_mean,converged,time_limit_reached,ngroute_neighborhood_size,CGIP_objective,CGLP_objective,cycles_lookup_length
5.986,use_adaptive_ngroute,0.4034454185143561,0,0.1619333333333333,false,false,5.0,1.99223e6,1.1884739338731442e6,19
1.703,use_adaptive_ngroute,0.09278752239075816,0,0.16987500000000003,false,false,8.05,1.513926e6,1.373452557377049e6,13
1.279,use_adaptive_ngroute,0.07112551685536117,0,0.17285714285714285,false,false,9.549999999999999,1.513926e6,1.4062472307692305e6,1
0.834,use_SR3_cuts,0.06919607111329928,4,0.19,false,false,9.6,1.511166e6,1.40659925e6,0
4.843,none,0.0,0,0.59125,true,false,9.6,1.421588e6,1.421588e6,0
