CG_time_taken,method,CG_LP_IP_gap,implemented_SR3_cuts_count,CG_sp_time_taken_mean,converged,time_limit_reached,ngroute_neighborhood_size,CGIP_objective,CGLP_objective,cycles_lookup_length
63.232,use_adaptive_ngroute,0.2814686068769363,0,0.374392857142857,false,false,7.000000000000001,2.64292e6,1.8990209895128075e6,36
50.389,use_adaptive_ngroute,0.2051139946119921,0,1.9923181818181814,false,false,10.075,2.4621e6,1.9570888338658144e6,16
39.785,use_adaptive_ngroute,0.20206313309776192,0,3.890900000000001,false,false,11.425,2.4621e6,1.9646003600000003e6,1
12.095,use_SR3_cuts,0.20203718720632358,13,3.9773333333333336,false,false,11.450000000000001,2.4621e6,1.9646642413793106e6,0
3361.392,none,0.06245735870580282,0,661.6483999999999,false,true,11.450000000000001,2.12634e6,1.9935344198895032e6,0
