CG_time_taken,method,CG_LP_IP_gap,implemented_SR3_cuts_count,CG_sp_time_taken_mean,converged,time_limit_reached,ngroute_neighborhood_size,CGIP_objective,CGLP_objective,cycles_lookup_length
101.942,use_adaptive_ngroute,0.9999703312703812,0,0.86364,false,false,7.000000000000001,6.0e10,1.7801237771317826e6,39
142.214,use_adaptive_ngroute,0.15165059265490344,0,5.771,false,false,12.625,2.2319e6,1.893431042253521e6,9
70.638,use_adaptive_ngroute,0.15028675743876352,0,8.624875000000001,false,false,13.475,2.2319e6,1.8964749860724236e6,4
48.578,use_adaptive_ngroute,0.14927659329335052,0,9.5898,false,false,13.924999999999999,2.2319e6,1.898729571428571e6,1
38.13,use_SR3_cuts,0.14927659329335008,15,9.47,false,false,14.000000000000002,2.2319e6,1.898729571428572e6,0
3164.92,none,0.058005481897961286,0,1527.7055,false,true,14.000000000000002,2.041894e6,1.9234529545454443e6,0
