CG_time_taken,method,CG_LP_IP_gap,implemented_SR3_cuts_count,CG_sp_time_taken_mean,converged,time_limit_reached,ngroute_neighborhood_size,CGIP_objective,CGLP_objective,cycles_lookup_length
51.719,use_adaptive_ngroute,0.38394591545022216,0,0.36511428571428567,false,false,7.000000000000001,3.0856e6,1.9008964832867945e6,37
77.717,use_adaptive_ngroute,0.08343443036737108,0,3.1015238095238096,false,false,10.85,2.127494e6,1.9499877500000002e6,7
20.78,use_adaptive_ngroute,0.07910320868206999,0,2.818857142857143,false,false,11.674999999999999,2.127494e6,1.959202398148148e6,6
22.22,use_adaptive_ngroute,0.07864077911114475,0,2.64275,false,false,12.375,2.127494e6,1.9601862142857143e6,1
20.937,use_adaptive_ngroute,0.03465850911240953,0,3.4019999999999992,false,false,12.4,2.030674e6,1.960293866666667e6,1
3.145,use_SR3_cuts,0.03465524254508612,4,1.5139999999999998,false,false,12.475,2.030674e6,1.9603004999999998e6,0
134.096,none,0.0,0,26.426399999999994,true,false,12.475,1.973074e6,1.973074e6,0
