CG_time_taken,method,CG_LP_IP_gap,implemented_SR3_cuts_count,CG_sp_time_taken_mean,converged,time_limit_reached,ngroute_neighborhood_size,CGIP_objective,CGLP_objective,cycles_lookup_length
85.319,use_adaptive_ngroute,0.9999693272561728,0,0.5157368421052634,false,false,7.000000000000001,6.0e10,1.8403646296296297e6,40
63.949,use_adaptive_ngroute,0.019211619151007886,0,2.63455,false,false,10.549999999999999,1.93445e6,1.8972860833333328e6,26
85.981,use_adaptive_ngroute,0.012768487166894937,0,4.570555555555556,false,false,13.7,1.93445e6,1.90975e6,5
46.105,use_SR3_cuts,0.011715991625526612,1,7.480666666666667,false,false,14.025,1.93445e6,1.911786e6,0
61.561,use_SR3_cuts,0.010910124794691445,4,15.279499999999999,false,false,14.025,1.93445e6,1.9133449090909092e6,0
135.506,use_SR3_cuts,0.009451782160303956,1,33.662,false,false,14.025,1.93445e6,1.916166e6,0
245.285,use_adaptive_ngroute,0.006071251393452992,0,48.775600000000004,false,false,14.025,1.93445e6,1.9227054677419348e6,2
88.177,use_SR3_cuts,0.005977143199656809,10,43.9705,false,false,14.075000000000001,1.93445e6,1.922887515337424e6,0
1765.874,use_SR3_cuts,0.003374809377342247,1,291.22833333333335,false,false,14.075000000000001,1.93445e6,1.9279216000000003e6,0
1001.067,none,0.0026903771097727125,0,NaN,false,true,14.075000000000001,1.93445e6,1.9292456e6,0
