CG_time_taken,method,CG_LP_IP_gap,implemented_SR3_cuts_count,CG_sp_time_taken_mean,converged,time_limit_reached,ngroute_neighborhood_size,CGIP_objective,CGLP_objective,cycles_lookup_length
44.835,use_adaptive_ngroute,0.9999695441606858,0,0.29544827586206895,false,false,7.000000000000001,6.0e10,1.8273503588516747e6,36
79.347,use_adaptive_ngroute,0.11469456652782295,0,2.70716,false,false,9.85,2.17259e6,1.923405731707317e6,18
42.685,use_adaptive_ngroute,0.10556202912172008,0,5.030124999999999,false,false,11.6,2.17259e6,1.9432469911504423e6,5
39.797,use_SR3_cuts,0.10520328573609239,9,4.8553749999999996,false,false,11.8,2.17259e6,1.944026393442623e6,0
485.375,use_SR3_cuts,0.010906784879828213,4,67.59114285714287,false,false,11.8,1.97438e6,1.9528458620689649e6,0
769.233,use_adaptive_ngroute,0.007995163137834771,0,108.41385714285714,false,false,11.8,1.97438e6,1.9585945098039217e6,4
373.295,use_SR3_cuts,0.007837197782279648,5,185.98149999999998,false,false,11.975,1.97438e6,1.9589063934426226e6,0
963.803,use_adaptive_ngroute,0.006788460174841804,0,320.6453333333334,false,false,11.975,1.97438e6,1.9609769999999958e6,1
770.756,none,0.006695772850211168,0,470.91799999999995,false,true,12.025,1.97438e6,1.96116e6,0
