CG_time_taken,method,CG_LP_IP_gap,implemented_SR3_cuts_count,CG_sp_time_taken_mean,converged,time_limit_reached,ngroute_neighborhood_size,CGIP_objective,CGLP_objective,cycles_lookup_length
94.89,use_adaptive_ngroute,0.9999675616836837,0,0.3925882352941176,false,false,7.000000000000001,6.0e10,1.946298978978979e6,40
140.338,use_adaptive_ngroute,0.1149476133811198,0,7.218588235294117,false,false,11.35,2.32398e6,2.0568440454545452e6,21
171.498,use_adaptive_ngroute,0.08818862684711581,0,12.923230769230768,false,false,13.099999999999998,2.27117e6,2.070878636363636e6,7
52.113,use_SR3_cuts,0.08791063636803931,3,10.324,false,false,13.425,2.27117e6,2.0715100000000002e6,0
225.673,use_SR3_cuts,0.08708477715597396,3,44.9868,false,false,13.425,2.27117e6,2.0733856666666665e6,0
535.524,use_adaptive_ngroute,0.08662176054740034,0,106.893,false,false,13.425,2.27117e6,2.0744372560975607e6,1
356.364,use_SR3_cuts,0.08661063146586334,2,89.00800000000001,false,false,13.525,2.27117e6,2.0744625321336752e6,0
452.244,use_SR3_cuts,0.08635119136573577,2,150.64033333333336,false,false,13.525,2.27117e6,2.075051764705882e6,0
168.636,use_SR3_cuts,0.08630103762746155,10,168.484,false,false,13.525,2.27117e6,2.0751656723716382e6,0
1241.097,use_adaptive_ngroute,0.08335108072181252,0,413.1116666666667,false,false,13.525,2.26757e6,2.0785655898876395e6,1
54.536,none,0.08334849166310476,0,NaN,false,true,13.575,2.26757e6,2.0785714607594935e6,0
