CG_time_taken,method,CG_LP_IP_gap,implemented_SR3_cuts_count,CG_sp_time_taken_mean,converged,time_limit_reached,ngroute_neighborhood_size,CGIP_objective,CGLP_objective,cycles_lookup_length
31.56,use_adaptive_ngroute,0.9999669476582089,0,0.24627586206896548,false,false,7.000000000000001,6.0e10,1.9831405074651567e6,31
20.99,use_adaptive_ngroute,0.11358578370115646,0,1.1418,false,false,9.1,2.342062e6,2.0760370522533022e6,21
15.167,use_adaptive_ngroute,0.11050505001797406,0,2.4265000000000003,false,false,11.375,2.342062e6,2.0832523215448037e6,9
11.672,use_adaptive_ngroute,0.11018324284801673,0,2.81575,false,false,11.674999999999999,2.342062e6,2.0840060138888883e6,1
6.344,use_adaptive_ngroute,0.1101832428480165,0,2.049,false,false,11.825000000000001,2.342062e6,2.0840060138888888e6,4
5.141,use_SR3_cuts,0.1101832428480164,18,2.5215000000000005,false,false,12.325,2.342062e6,2.084006013888889e6,0
342.708,use_adaptive_ngroute,0.10425457468075161,0,48.16385714285714,false,false,12.325,2.342062e6,2.0978913223140496e6,1
286.691,use_adaptive_ngroute,0.08319485254772718,0,70.78425,false,false,12.35,2.29059e6,2.1000247027027016e6,1
57.744,use_SR3_cuts,0.08317158461357099,5,57.623,false,false,12.424999999999999,2.29059e6,2.1000780000000005e6,0
2789.209,none,0.07334522856658865,0,NaN,false,true,12.424999999999999,2.29059e6,2.122586152897658e6,0
