CG_time_taken,method,CG_LP_IP_gap,implemented_SR3_cuts_count,CG_sp_time_taken_mean,converged,time_limit_reached,ngroute_neighborhood_size,CGIP_objective,CGLP_objective,cycles_lookup_length
100.999,use_adaptive_ngroute,0.999970882225423,0,0.4358888888888889,false,false,7.000000000000001,6.0e10,1.7470664746227711e6,39
118.884,use_adaptive_ngroute,0.15138544434602907,0,4.308959999999999,false,false,9.775,2.16768e6,1.8395247999999998e6,5
47.386,use_adaptive_ngroute,0.15091219456374982,0,3.84775,false,false,10.125,2.16768e6,1.8405506540880508e6,6
25.042,use_SR3_cuts,0.15033258653328474,6,4.896,false,false,10.65,2.16768e6,1.8418070588235294e6,0
437.864,use_SR3_cuts,0.08625697225839746,1,53.833,false,false,10.65,2.03485e6,1.85933e6,0
561.773,use_SR3_cuts,0.08512175344619999,1,79.48342857142858,false,false,10.65,2.03485e6,1.86164e6,0
456.861,use_adaptive_ngroute,0.08157407179890308,0,91.11460000000001,false,false,10.65,2.03485e6,1.868859000000002e6,3
394.073,use_SR3_cuts,0.08146516942280724,4,131.05566666666667,false,false,10.725,2.03485e6,1.8690806000000008e6,0
1222.507,use_SR3_cuts,0.08107231491264622,10,304.52125,false,false,10.725,2.03485e6,1.8698800000000019e6,0
194.024,none,0.07158748757413058,0,NaN,false,true,10.725,2.03485e6,1.8891802009097803e6,0
