CG_time_taken,method,CG_LP_IP_gap,implemented_SR3_cuts_count,CG_sp_time_taken_mean,converged,time_limit_reached,ngroute_neighborhood_size,CGIP_objective,CGLP_objective,cycles_lookup_length
59.133,use_adaptive_ngroute,0.9999685362170654,0,0.43602702702702706,false,false,7.000000000000001,6.0e10,1.8878269760774218e6,28
42.968,use_adaptive_ngroute,0.13806080080739835,0,1.4229199999999997,false,false,8.4,2.294184e6,1.9774471197604795e6,11
49.239,use_adaptive_ngroute,0.13026877239721546,0,2.7714705882352932,false,false,9.525,2.294184e6,1.9953234666666666e6,8
26.82,use_adaptive_ngroute,0.09405893693464118,0,3.18225,false,false,9.975,2.20824e6,2.0005352931034479e6,6
21.77,use_adaptive_ngroute,0.00961974571322144,0,3.533166666666667,false,false,10.225,2.024014e6,2.0045434999999998e6,2
20.495,use_SR3_cuts,0.009498287396562888,2,3.3665,false,false,10.275,2.024014e6,2.0047893333333333e6,0
66.711,use_SR3_cuts,0.0061810288312672546,2,13.286400000000002,false,false,10.275,2.024014e6,2.0115035111111114e6,0
213.393,use_SR3_cuts,0.004553218395612846,2,53.117999999999995,false,false,10.275,2.024014e6,2.014798222222222e6,0
257.406,use_SR3_cuts,0.004553218395612624,2,64.19875,false,false,10.275,2.024014e6,2.0147982222222225e6,0
284.714,use_SR3_cuts,0.00420014462111018,10,71.065,false,false,10.275,2.024014e6,2.0155128484848484e6,0
1132.081,none,0.0,0,160.76242857142856,true,false,10.275,2.024014e6,2.024014e6,0
