CG_time_taken,method,CG_LP_IP_gap,implemented_SR3_cuts_count,CG_sp_time_taken_mean,converged,time_limit_reached,ngroute_neighborhood_size,CGIP_objective,CGLP_objective,cycles_lookup_length
72.639,use_adaptive_ngroute,0.9999668074798431,0,0.5531034482758621,false,false,6.999999999999999,6.0e10,1.9915512094155843e6,42
73.9,use_adaptive_ngroute,0.20272647971463154,0,3.506789473684211,false,false,9.727272727272727,2.62912e6,2.096127757652668e6,26
60.527,use_adaptive_ngroute,0.19747076822429066,0,5.9411,false,false,11.613636363636363,2.62912e6,2.109945653846153e6,10
62.309,use_adaptive_ngroute,0.19705193217996075,0,12.4014,false,false,12.931818181818182,2.62912e6,2.1110468240670217e6,1
20.422,use_SR3_cuts,0.19705129472979555,15,10.1245,false,false,12.954545454545453,2.62912e6,2.1110485e6,0
3266.686,none,0.08012203249185623,0,1129.3045,false,true,12.954545454545453,2.31689e6,2.131256064139943e6,0
