CG_time_taken,method,CG_LP_IP_gap,implemented_SR3_cuts_count,CG_sp_time_taken_mean,converged,time_limit_reached,ngroute_neighborhood_size,CGIP_objective,CGLP_objective,cycles_lookup_length
153.907,use_adaptive_ngroute,0.9999656433198618,0,0.6807499999999999,false,false,6.999999999999999,6.0e10,2.0614008082915503e6,39
79.312,use_adaptive_ngroute,0.07699631798157314,0,3.3006999999999995,false,false,10.159090909090908,2.34074e6,2.1605116386478124e6,34
95.096,use_adaptive_ngroute,0.06912004451134701,0,8.400727272727273,false,false,13.840909090909092,2.34074e6,2.1789479470105097e6,13
52.629,use_adaptive_ngroute,0.06567851980437645,0,13.0335,false,false,14.477272727272727,2.33592e6,2.182500232018561e6,7
52.962,use_adaptive_ngroute,0.06560480883001951,0,17.574666666666666,false,false,14.681818181818182,2.33592e6,2.182672414957781e6,1
40.501,use_SR3_cuts,0.06558196548785888,12,13.371333333333334,false,false,14.704545454545453,2.33592e6,2.182725775177601e6,0
3099.743,none,0.06226867981711892,0,546.8800000000001,false,true,14.704545454545453,2.33592e6,2.1904653454415957e6,0
