CG_time_taken,method,CG_LP_IP_gap,implemented_SR3_cuts_count,CG_sp_time_taken_mean,converged,time_limit_reached,ngroute_neighborhood_size,CGIP_objective,CGLP_objective,cycles_lookup_length
1.997,use_adaptive_ngroute,0.18696510812673028,0,0.06591666666666668,false,false,5.0,1.65454e6,1.3451987499999998e6,19
0.388,use_SR3_cuts,0.02113824347633486,4,0.04185714285714286,false,false,7.6499999999999995,1.519915e6,1.4877866666666665e6,0
0.773,use_SR3_cuts,0.0057865077981335,1,0.14200000000000002,false,false,7.6499999999999995,1.519915e6,1.51112e6,0
0.35,none,0.0,0,0.163,true,false,7.6499999999999995,1.519915e6,1.519915e6,0
