CG_time_taken,method,CG_LP_IP_gap,implemented_SR3_cuts_count,CG_sp_time_taken_mean,converged,time_limit_reached,ngroute_neighborhood_size,CGIP_objective,CGLP_objective,cycles_lookup_length
79.351,use_adaptive_ngroute,0.9999650118911504,0,0.4624193548387097,false,false,6.999999999999999,6.0e10,2.099286530975107e6,33
35.473,use_adaptive_ngroute,0.164428955642259,0,1.568,false,false,10.0,2.6399e6,2.2058240000000005e6,16
25.51,use_adaptive_ngroute,0.163237763929459,0,2.873625,false,false,10.90909090909091,2.6399e6,2.208968627002621e6,2
9.522,use_SR3_cuts,0.16314040746922442,15,3.110333333333333,false,false,11.0,2.6399e6,2.2092256383219943e6,0
1199.957,use_adaptive_ngroute,0.015692887060713034,0,126.11233333333332,false,false,11.0,2.28154e6,2.245736050455501e6,6
773.365,use_adaptive_ngroute,0.014875601115329151,0,192.09699999999998,false,false,11.386363636363637,2.28154e6,2.247600721031332e6,8
506.549,use_SR3_cuts,0.014632853719470651,6,253.015,false,false,11.704545454545455,2.28154e6,2.248154558924879e6,0
909.341,none,0.009068532474500124,0,363.884,false,true,11.704545454545455,2.27535e6,2.2547159146341463e6,0
