CG_time_taken,method,CG_LP_IP_gap,implemented_SR3_cuts_count,CG_sp_time_taken_mean,converged,time_limit_reached,ngroute_neighborhood_size,CGIP_objective,CGLP_objective,cycles_lookup_length
89.741,use_adaptive_ngroute,0.9999656760575754,0,0.6119677419354839,false,false,6.999999999999999,6.0e10,2.059436545475638e6,44
74.011,use_adaptive_ngroute,0.07706953912192793,0,2.5180869565217394,false,false,11.5,2.28407e6,2.108037777777778e6,16
100.223,use_adaptive_ngroute,0.05885630715175405,0,6.010875,false,false,13.25,2.25632e6,2.1235213370473543e6,11
54.641,use_adaptive_ngroute,0.05837133255180671,0,7.520142857142857,false,false,13.75,2.25632e6,2.1246155949367075e6,9
51.097,use_SR3_cuts,0.057886365380099614,8,8.351333333333333,false,false,14.25,2.25632e6,2.1257098360655736e6,0
1293.05,use_adaptive_ngroute,0.0515886714566649,0,205.66299999999998,false,false,14.25,2.25632e6,2.139919448818898e6,9
292.319,use_SR3_cuts,0.05155835778885709,6,97.13066666666667,false,false,14.659090909090908,2.25632e6,2.139987846153846e6,0
1116.52,use_SR3_cuts,0.046308621245649384,4,156.29700000000003,false,false,14.659090909090908,2.248225e6,2.1441128e6,0
450.696,none,0.04498114168854428,0,NaN,false,true,14.659090909090908,2.248225e6,2.1470972727272725e6,0
