CG_time_taken,method,CG_LP_IP_gap,implemented_SR3_cuts_count,CG_sp_time_taken_mean,converged,time_limit_reached,ngroute_neighborhood_size,CGIP_objective,CGLP_objective,cycles_lookup_length
122.605,use_adaptive_ngroute,0.9999707955757323,0,0.5156428571428572,false,false,6.999999999999999,6.0e10,1.7522654560606063e6,44
188.444,use_adaptive_ngroute,0.171466059910113,0,8.520050000000001,false,false,12.886363636363637,2.231098e6,1.8485404166666667e6,21
214.958,use_adaptive_ngroute,0.16995496003697352,0,26.318250000000003,false,false,14.81818181818182,2.231098e6,1.8519118285714285e6,4
153.83,use_SR3_cuts,0.16895178965692736,6,30.132,false,false,14.931818181818183,2.231098e6,1.8541500000000086e6,0
2882.146,none,0.10118976921813294,0,273.54220000000004,false,true,14.931818181818183,2.104237e6,1.8913097435897435e6,0
