CG_time_taken,method,CG_LP_IP_gap,implemented_SR3_cuts_count,CG_sp_time_taken_mean,converged,time_limit_reached,ngroute_neighborhood_size,CGIP_objective,CGLP_objective,cycles_lookup_length
49.998,use_adaptive_ngroute,0.9999657395454778,0,0.4821818181818181,false,false,6.999999999999999,6.0e10,2.0556272713313815e6,40
102.423,use_adaptive_ngroute,0.11917027491300336,0,3.7023200000000007,false,false,9.931818181818182,2.42286e6,2.1341271077242806e6,27
181.539,use_adaptive_ngroute,0.11257260930486923,0,17.921300000000002,false,false,12.15909090909091,2.42286e6,2.1501123278196044e6,15
130.247,use_adaptive_ngroute,0.11093352139624213,0,16.147000000000002,false,false,13.159090909090908,2.42286e6,2.1540836083499007e6,8
125.254,use_adaptive_ngroute,0.1108210392183967,0,20.821833333333334,false,false,13.409090909090908,2.42286e6,2.1543561369193154e6,1
100.923,use_adaptive_ngroute,0.11079103975113258,0,25.140249999999998,false,false,13.431818181818182,2.42286e6,2.154428821428571e6,1
78.351,use_SR3_cuts,0.11079093840104448,13,26.046333333333333,false,false,13.454545454545455,2.42286e6,2.1544290669856453e6,0
2796.848,none,0.10079916468592642,0,379.685,false,true,13.454545454545455,2.42286e6,2.1786377358490564e6,0
