CG_time_taken,method,CG_LP_IP_gap,implemented_SR3_cuts_count,CG_sp_time_taken_mean,converged,time_limit_reached,ngroute_neighborhood_size,CGIP_objective,CGLP_objective,cycles_lookup_length
151.054,use_adaptive_ngroute,0.38444848628327843,0,0.63015625,false,false,6.999999999999999,3.16378e6,1.9474695680666894e6,40
116.664,use_adaptive_ngroute,0.11887294086995659,0,5.994333333333333,false,false,10.568181818181818,2.25176e6,1.9840866666666665e6,13
21.941,use_SR3_cuts,0.11794176353365604,5,4.26,false,false,11.75,2.25176e6,1.9861834545454546e6,0
303.017,use_adaptive_ngroute,0.11586936440828521,0,59.50540000000001,false,false,11.75,2.25176e6,1.9908499999999998e6,5
288.694,use_adaptive_ngroute,0.11565375528475508,0,71.93825,false,false,12.136363636363637,2.25176e6,1.9913355e6,4
411.001,use_adaptive_ngroute,0.11546262196520207,0,102.58824999999999,false,false,12.386363636363637,2.25176e6,1.9917658863636367e6,2
94.589,use_SR3_cuts,0.11545260228627297,3,47.1805,false,false,12.454545454545453,2.25176e6,1.991788448275862e6,0
797.598,use_adaptive_ngroute,0.11504621652123415,0,158.36860000000001,false,false,12.454545454545453,2.25176e6,1.992703531486146e6,7
1323.438,none,0.11502117074136287,0,423.2476666666667,false,true,13.022727272727273,2.25176e6,1.9927599285714286e6,0
