CG_time_taken,method,CG_LP_IP_gap,implemented_SR3_cuts_count,CG_sp_time_taken_mean,converged,time_limit_reached,ngroute_neighborhood_size,CGIP_objective,CGLP_objective,cycles_lookup_length
78.559,use_adaptive_ngroute,0.9999644561530616,0,0.54490625,false,false,6.999999999999999,6.0e10,2.13263081630219e6,44
287.217,use_adaptive_ngroute,0.17420755575441427,0,12.033347826086956,false,false,14.454545454545455,2.67816e6,2.211604292480758e6,21
127.137,use_adaptive_ngroute,0.14160163457322916,0,20.973333333333336,false,false,15.840909090909092,2.58583e6,2.2196722452715067e6,12
55.257,use_SR3_cuts,0.14054774471631992,16,27.537,false,false,16.340909090909093,2.58583e6,2.2223974252801985e6,0
2975.531,none,0.0955753839963922,0,NaN,false,true,16.340909090909093,2.58583e6,2.338688304800609e6,0
