CG_time_taken,method,CG_LP_IP_gap,implemented_SR3_cuts_count,CG_sp_time_taken_mean,converged,time_limit_reached,ngroute_neighborhood_size,CGIP_objective,CGLP_objective,cycles_lookup_length
54.248,use_adaptive_ngroute,0.9999652966362125,0,0.42728125000000006,false,false,6.999999999999999,6.0e10,2.0822018272494182e6,41
109.606,use_adaptive_ngroute,0.21472993578216093,0,5.458157894736843,false,false,11.15909090909091,2.718506e6,2.134761381196581e6,15
52.323,use_adaptive_ngroute,0.21307288129950863,0,8.611666666666666,false,false,12.318181818181818,2.718506e6,2.139266093749998e6,4
36.947,use_SR3_cuts,0.21288597267025855,16,7.303,false,false,12.522727272727273,2.718506e6,2.139774205980066e6,0
2817.0,use_adaptive_ngroute,0.0032068162370423314,0,326.122625,false,false,12.522727272727273,2.186088e6,2.1790776175059965e6,12
492.686,none,0.0031929630764617745,0,395.74,false,true,13.363636363636363,2.186088e6,2.179107901734104e6,0
