CG_time_taken,method,CG_LP_IP_gap,implemented_SR3_cuts_count,CG_sp_time_taken_mean,converged,time_limit_reached,ngroute_neighborhood_size,CGIP_objective,CGLP_objective,cycles_lookup_length
5.019,use_adaptive_ngroute,0.36773913100866484,0,0.08957894736842106,false,false,5.0,1.79073e6,1.1322085059288535e6,10
1.312,use_adaptive_ngroute,0.08545677027897869,0,0.0701,false,false,6.35,1.38111e6,1.2630847999999998e6,7
0.889,use_adaptive_ngroute,0.07412636695604735,0,0.08514285714285713,false,false,6.9,1.38111e6,1.2787333333333335e6,3
0.46,use_adaptive_ngroute,0.07349824899295987,0,0.07775000000000001,false,false,7.45,1.38111e6,1.2796008333333333e6,5
0.262,use_SR3_cuts,0.07031542261900448,3,0.076,false,false,7.75,1.38111e6,1.2839966666666667e6,0
2.686,none,0.06302539261898044,0,0.6082500000000001,false,false,7.75,1.38111e6,1.294065e6,0
