CG_time_taken,method,CG_LP_IP_gap,implemented_SR3_cuts_count,CG_sp_time_taken_mean,converged,time_limit_reached,ngroute_neighborhood_size,CGIP_objective,CGLP_objective,cycles_lookup_length
58.355,use_adaptive_ngroute,0.9999629858160851,0,0.4198823529411765,false,false,6.999999999999999,6.0e10,2.220851034892193e6,39
45.569,use_adaptive_ngroute,0.16210461992164193,0,1.6858260869565218,false,false,8.613636363636363,2.71828e6,2.277634253759399e6,16
23.269,use_adaptive_ngroute,0.1594490401641495,0,2.1991,false,false,9.727272727272727,2.71828e6,2.284852863102596e6,14
22.313,use_adaptive_ngroute,0.15621226771339758,0,3.0709999999999997,false,false,10.636363636363635,2.71828e6,2.2936513169200257e6,7
17.596,use_adaptive_ngroute,0.15606192150918963,0,3.454,false,false,11.0,2.71828e6,2.29406e6,1
13.018,use_SR3_cuts,0.15596500639218847,13,3.199,false,false,11.045454545454545,2.71828e6,2.294323442424242e6,0
3113.386,use_SR3_cuts,0.05801127565023667,2,428.02000000000004,false,false,11.045454545454545,2.45186e6,2.309624473684211e6,0
260.49,none,0.057307787996427884,0,NaN,false,true,11.045454545454545,2.45186e6,2.3113493269230784e6,0
