CG_time_taken,method,CG_LP_IP_gap,implemented_SR3_cuts_count,CG_sp_time_taken_mean,converged,time_limit_reached,ngroute_neighborhood_size,CGIP_objective,CGLP_objective,cycles_lookup_length
84.362,use_adaptive_ngroute,0.9999658272729672,0,0.4731764705882353,false,false,6.999999999999999,6.0e10,2.0503636219656605e6,42
93.559,use_adaptive_ngroute,0.07728778726902308,0,3.317625,false,false,10.772727272727273,2.284e6,2.1074746938775512e6,4
55.886,use_adaptive_ngroute,0.07725541705298589,0,5.879777777777778,false,false,11.136363636363637,2.284e6,2.1075486274509802e6,3
40.226,use_SR3_cuts,0.07719108776026451,4,6.634833333333334,false,false,11.227272727272727,2.284e6,2.107695555555556e6,0
171.19,use_SR3_cuts,0.02038179126531736,2,33.457,false,false,11.227272727272727,2.157514e6,2.11354e6,0
288.079,none,0.0,0,57.3954,true,false,11.227272727272727,2.11625e6,2.11625e6,0
