CG_time_taken,method,CG_LP_IP_gap,implemented_SR3_cuts_count,CG_sp_time_taken_mean,converged,time_limit_reached,ngroute_neighborhood_size,CGIP_objective,CGLP_objective,cycles_lookup_length
116.752,use_adaptive_ngroute,0.9999676917694283,0,0.4071304347826086,false,false,6.999999999999999,6.0e10,1.9384938343012007e6,33
69.815,use_adaptive_ngroute,0.251459069702038,0,2.2507200000000003,false,false,8.863636363636363,2.77909e6,2.0802626139817631e6,19
34.513,use_adaptive_ngroute,0.23095485574326624,0,4.179625,false,false,10.681818181818182,2.71566e6,2.0884651364522416e6,5
15.757,use_adaptive_ngroute,0.23081567410169068,0,5.120333333333334,false,false,10.818181818181818,2.71566e6,2.0888431064690028e6,1
17.856,use_SR3_cuts,0.18928330730606602,17,5.825333333333334,false,false,10.954545454545455,2.576546e6,2.0888488516937848e6,0
1487.06,use_adaptive_ngroute,0.07048426710080613,0,160.96255555555555,false,false,10.954545454545455,2.270664e6,2.110617912127815e6,3
408.822,use_SR3_cuts,0.06977434838888619,10,67.62883333333333,false,false,11.022727272727273,2.270664e6,2.112229898989898e6,0
1347.593,none,0.06014942057517647,0,NaN,false,true,11.022727272727273,2.270664e6,2.1340848760790876e6,0
