CG_time_taken,method,CG_LP_IP_gap,implemented_SR3_cuts_count,CG_sp_time_taken_mean,converged,time_limit_reached,ngroute_neighborhood_size,CGIP_objective,CGLP_objective,cycles_lookup_length
71.125,use_adaptive_ngroute,0.9999624018817891,0,0.4262424242424242,false,false,6.999999999999999,6.0e10,2.255887092651758e6,35
26.907,use_adaptive_ngroute,0.9999612987097598,0,1.1927777777777777,false,false,8.659090909090908,6.0e10,2.322077414414414e6,26
19.719,use_adaptive_ngroute,0.9999611404561217,0,1.6081818181818182,false,false,10.431818181818182,6.0e10,2.331572632694434e6,13
24.866,use_adaptive_ngroute,0.9999610531640173,0,2.4145999999999996,false,false,11.295454545454545,6.0e10,2.336810158959537e6,3
8.24,use_adaptive_ngroute,0.9999610513963415,0,2.6713333333333336,false,false,11.522727272727273,6.0e10,2.336916219512193e6,2
10.628,use_SR3_cuts,0.99996105,10,3.459,false,false,11.772727272727273,6.0e10,2.3370000000000005e6,0
572.228,use_adaptive_ngroute,0.1104666305958597,0,78.918,false,false,11.772727272727273,2.689054e6,2.392003265129681e6,10
281.566,use_adaptive_ngroute,0.1094018396601385,0,70.17675,false,false,12.363636363636365,2.689054e6,2.394866545454546e6,1
200.118,use_SR3_cuts,0.1093755069168938,11,66.57366666666667,false,false,12.409090909090908,2.689054e6,2.394937355623099e6,0
2188.796,none,0.048258028270841136,0,1294.863,false,true,12.409090909090908,2.534054e6,2.411765550428162e6,0
