CG_time_taken,method,CG_LP_IP_gap,implemented_SR3_cuts_count,CG_sp_time_taken_mean,converged,time_limit_reached,ngroute_neighborhood_size,CGIP_objective,CGLP_objective,cycles_lookup_length
96.105,use_adaptive_ngroute,0.9999667918253998,0,0.4576060606060607,false,false,6.999999999999999,6.0e10,1.9924904760127936e6,35
64.553,use_adaptive_ngroute,0.2140432187084822,0,2.7796842105263155,false,false,10.159090909090908,2.611428e6,2.0524695454545456e6,11
42.254,use_SR3_cuts,0.21340927281741995,12,5.065875,false,false,10.75,2.611428e6,2.0541250495049506e6,0
2392.711,use_adaptive_ngroute,0.10367145540346057,0,256.5081111111111,false,false,10.75,2.332628e6,2.0908010603251366e6,12
903.642,none,0.102907626774568,0,323.3285,false,true,12.15909090909091,2.332628e6,2.092582788372093e6,0
