CG_time_taken,method,CG_LP_IP_gap,implemented_SR3_cuts_count,CG_sp_time_taken_mean,converged,time_limit_reached,ngroute_neighborhood_size,CGIP_objective,CGLP_objective,cycles_lookup_length
76.516,use_adaptive_ngroute,0.9999651869748931,0,0.39706896551724125,false,false,6.999999999999999,6.0e10,2.0887815064102558e6,32
51.705,use_adaptive_ngroute,0.17246866826567953,0,1.41064,false,false,8.295454545454545,2.5513e6,2.111280686653772e6,21
20.6,use_adaptive_ngroute,0.170641764329296,0,1.7644000000000002,false,false,10.340909090909092,2.5513e6,2.115941666666667e6,7
5.569,use_adaptive_ngroute,0.17050798176964255,0,1.7356666666666667,false,false,11.045454545454545,2.5513e6,2.116282986111111e6,2
11.822,use_SR3_cuts,0.17042757613765536,12,1.5947142857142858,false,false,11.09090909090909,2.5513e6,2.116488125e6,0
825.191,use_adaptive_ngroute,0.1104384928176686,0,72.2071,false,false,11.09090909090909,2.41414e6,2.1475260169491535e6,14
195.166,use_adaptive_ngroute,0.11007278414305366,0,38.5698,false,false,11.772727272727273,2.41414e6,2.1484088888888885e6,1
164.597,use_SR3_cuts,0.10998243680979547,8,40.636,false,false,11.795454545454545,2.41414e6,2.1486270000000005e6,0
2081.697,none,0.07043522245420708,0,512.89775,false,true,11.795454545454545,2.32295e6,2.1593324999999995e6,0
