CG_time_taken,method,CG_LP_IP_gap,implemented_SR3_cuts_count,CG_sp_time_taken_mean,converged,time_limit_reached,ngroute_neighborhood_size,CGIP_objective,CGLP_objective,cycles_lookup_length
86.817,use_adaptive_ngroute,0.9999657771344234,0,0.4307931034482759,false,false,6.999999999999999,6.0e10,2.0533719345984005e6,44
149.09,use_adaptive_ngroute,0.1100111944385258,0,5.944478260869567,false,false,11.931818181818182,2.379364e6,2.1176073243559715e6,23
99.569,use_adaptive_ngroute,0.10209162797172544,0,12.239875,false,false,14.09090909090909,2.36188e6,2.120751825726141e6,3
45.59,use_adaptive_ngroute,0.1020269134314975,0,9.0184,false,false,14.431818181818183,2.36188e6,2.1209046737044146e6,7
41.595,use_SR3_cuts,0.102005525313133,10,10.14825,false,false,14.840909090909092,2.36188e6,2.1209551898734174e6,0
1890.373,use_SR3_cuts,0.04135923036101463,2,231.094875,false,false,14.840909090909092,2.22527e6,2.133234545454545e6,0
1224.008,none,0.018116208578248694,0,932.41,false,true,14.840909090909092,2.177342e6,2.137896818181819e6,0
