CG_time_taken,method,CG_LP_IP_gap,implemented_SR3_cuts_count,CG_sp_time_taken_mean,converged,time_limit_reached,ngroute_neighborhood_size,CGIP_objective,CGLP_objective,cycles_lookup_length
107.599,use_adaptive_ngroute,0.9999639753475232,0,0.5791944444444445,false,false,6.999999999999999,6.0e10,2.161479148606811e6,41
142.739,use_adaptive_ngroute,0.1872031885689951,0,5.515130434782609,false,false,11.136363636363637,2.718481e6,2.2095726887357696e6,28
102.021,use_adaptive_ngroute,0.13908597317887228,0,12.52225,false,false,13.340909090909092,2.57679e6,2.2183946551724137e6,4
35.087,use_SR3_cuts,0.13907315276838006,13,17.405,false,false,13.704545454545455,2.57679e6,2.218427690677966e6,0
1708.829,use_adaptive_ngroute,0.11969432026986493,0,165.48629999999997,false,false,13.704545454545455,2.55208e6,2.2466105191256832e6,3
733.777,use_adaptive_ngroute,0.1081677125024022,0,182.47,false,false,13.772727272727272,2.5196e6,2.2470606315789474e6,5
521.627,use_SR3_cuts,0.10801293760531905,6,173.19299999999998,false,false,13.931818181818182,2.5196e6,2.247450602409638e6,0
6.617,none,0.0973022176688696,0,NaN,false,true,13.931818181818182,2.5196e6,2.274437332361516e6,0
