CG_time_taken,method,CG_LP_IP_gap,implemented_SR3_cuts_count,CG_sp_time_taken_mean,converged,time_limit_reached,ngroute_neighborhood_size,CGIP_objective,CGLP_objective,cycles_lookup_length
150.111,use_adaptive_ngroute,0.9999636207327259,0,0.7305937500000002,false,false,6.999999999999999,6.0e10,2.182756036443957e6,38
71.282,use_adaptive_ngroute,0.12276781073542409,0,3.5523124999999998,false,false,9.25,2.519036e6,2.20977946511628e6,14
53.761,use_adaptive_ngroute,0.12076222525487634,0,4.142,false,false,11.113636363636363,2.519036e6,2.2148316071428573e6,11
43.808,use_adaptive_ngroute,0.1198919095237605,0,7.159166666666666,false,false,13.0,2.519036e6,2.2170239638009043e6,9
16.769,use_SR3_cuts,0.11988845468398723,11,5.4783333333333335,false,false,13.204545454545455,2.519036e6,2.2170326666666674e6,0
1291.3,use_adaptive_ngroute,0.07075687380841489,0,157.19775,false,false,13.204545454545455,2.40389e6,2.2337982586206896e6,1
346.876,use_SR3_cuts,0.07062848193938764,8,112.83733333333333,false,false,13.227272727272728,2.40389e6,2.2341068985507255e6,0
1477.024,none,0.06650096302243569,0,699.579,false,true,13.227272727272728,2.40389e6,2.244028999999997e6,0
