CG_time_taken,method,CG_LP_IP_gap,implemented_SR3_cuts_count,CG_sp_time_taken_mean,converged,time_limit_reached,ngroute_neighborhood_size,CGIP_objective,CGLP_objective,cycles_lookup_length
2.167,use_adaptive_ngroute,0.41106369980932633,0,0.057307692307692316,false,false,5.0,2.16076e6,1.27255e6,9
2.207,use_adaptive_ngroute,0.16478071016656715,0,0.07146153846153848,false,false,5.6,1.69739e6,1.4176928703703706e6,13
0.776,use_adaptive_ngroute,0.0867172672739277,0,0.08983333333333332,false,false,7.35,1.558724e6,1.4235557142857143e6,7
0.38,use_adaptive_ngroute,0.08262944562347163,0,0.07725000000000001,false,false,8.149999999999999,1.558724e6,1.4299274999999998e6,7
0.603,use_adaptive_ngroute,0.07960293162869114,0,0.1315,false,false,8.85,1.558724e6,1.434645e6,4
0.563,none,0.0,0,0.13125,true,false,9.1,1.43959e6,1.43959e6,0
