CG_time_taken,method,CG_LP_IP_gap,implemented_SR3_cuts_count,CG_sp_time_taken_mean,converged,time_limit_reached,ngroute_neighborhood_size,CGIP_objective,CGLP_objective,cycles_lookup_length
157.798,use_adaptive_ngroute,0.9999646144706349,0,0.6423243243243244,false,false,6.999999999999999,6.0e10,2.123131761904762e6,24
19.048,use_adaptive_ngroute,0.13362440519637753,0,0.8088,false,false,7.818181818181818,2.55213e6,2.211103146766169e6,17
12.896,use_adaptive_ngroute,0.13136255782920303,0,1.2106000000000001,false,false,9.431818181818182,2.55213e6,2.216875675287356e6,10
11.108,use_adaptive_ngroute,0.13076879143938702,0,1.7851666666666663,false,false,10.636363636363635,2.55213e6,2.218391044303797e6,7
6.624,use_adaptive_ngroute,0.13067032566046732,0,2.1726666666666667,false,false,11.272727272727273,2.55213e6,2.2186423417721516e6,1
5.4,use_SR3_cuts,0.13066446157041056,17,2.6170000000000004,false,false,11.295454545454545,2.55213e6,2.218657307692308e6,0
3366.243,none,0.07402003176678051,0,2938.676,false,true,11.295454545454545,2.50717e6,2.321589196955281e6,0
