CG_time_taken,method,CG_LP_IP_gap,implemented_SR3_cuts_count,CG_sp_time_taken_mean,converged,time_limit_reached,ngroute_neighborhood_size,CGIP_objective,CGLP_objective,cycles_lookup_length
143.168,use_adaptive_ngroute,0.9999689457062004,0,0.6246129032258064,false,false,6.999999999999999,6.0e10,1.8632576279761905e6,43
95.269,use_adaptive_ngroute,0.14814857312562457,0,3.1835000000000004,false,false,10.40909090909091,2.22234e6,1.8931034999999995e6,18
43.368,use_adaptive_ngroute,0.14449565065908643,0,5.1175,false,false,11.818181818181818,2.22234e6,1.901221535714286e6,3
65.657,use_SR3_cuts,0.1419958804683351,12,6.288899999999999,false,false,11.886363636363637,2.22234e6,1.9067768750000002e6,0
2021.888,use_SR3_cuts,0.0794796654187091,4,243.82075,false,false,11.886363636363637,2.12614e6,1.9571551041666658e6,0
1192.327,none,0.07364160071358183,0,553.3480000000001,false,true,11.886363636363637,2.12614e6,1.969567647058825e6,0
