CG_time_taken,method,CG_LP_IP_gap,implemented_SR3_cuts_count,CG_sp_time_taken_mean,converged,time_limit_reached,ngroute_neighborhood_size,CGIP_objective,CGLP_objective,cycles_lookup_length
101.245,use_adaptive_ngroute,0.9999656231791136,0,0.6682812500000002,false,false,6.999999999999999,6.0e10,2.0626092531813888e6,41
141.606,use_adaptive_ngroute,0.16438140216741537,0,7.5053529411764695,false,false,11.681818181818182,2.56284e6,2.141556767269261e6,20
104.306,use_adaptive_ngroute,0.029298470775755425,0,9.9095,false,false,13.068181818181818,2.23318e6,2.1677512410329985e6,14
155.993,use_adaptive_ngroute,0.026853426272292702,0,19.375,false,false,13.954545454545455,2.23318e6,2.1732114655172415e6,2
102.058,use_SR3_cuts,0.026653531800545194,15,25.445500000000003,false,false,14.113636363636365,2.23318e6,2.1736578658536584e6,0
2974.036,none,0.007483944536788023,0,NaN,false,true,14.113636363636365,2.23318e6,2.2164670047393357e6,0
