CG_time_taken,method,CG_LP_IP_gap,implemented_SR3_cuts_count,CG_sp_time_taken_mean,converged,time_limit_reached,ngroute_neighborhood_size,CGIP_objective,CGLP_objective,cycles_lookup_length
186.302,use_adaptive_ngroute,0.9999664854926357,0,0.727090909090909,false,false,6.999999999999999,6.0e10,2.0108704418571433e6,36
119.829,use_adaptive_ngroute,0.18199795636019034,0,5.1742,false,false,9.681818181818183,2.48178e6,2.0301011118644068e6,22
107.482,use_adaptive_ngroute,0.16198051925921364,0,8.238333333333333,false,false,11.59090909090909,2.44515e6,2.0490833333333337e6,1
66.267,use_adaptive_ngroute,0.16134109280695386,0,9.26,false,false,11.704545454545455,2.44515e6,2.0506468269230768e6,2
14.958,use_SR3_cuts,0.161256978099504,7,7.322000000000001,false,false,11.886363636363637,2.44515e6,2.0508524999999977e6,0
1375.34,use_adaptive_ngroute,0.06651965205822508,0,164.7475,false,false,11.886363636363637,2.239804e6,2.0908130172413792e6,10
141.995,use_SR3_cuts,0.0663689841294296,9,70.4675,false,false,12.386363636363637,2.239804e6,2.091150483870967e6,0
1449.556,none,0.059236682269848795,0,NaN,false,true,12.386363636363637,2.239804e6,2.1071254421052635e6,0
