CG_time_taken,method,CG_LP_IP_gap,implemented_SR3_cuts_count,CG_sp_time_taken_mean,converged,time_limit_reached,ngroute_neighborhood_size,CGIP_objective,CGLP_objective,cycles_lookup_length
84.379,use_adaptive_ngroute,0.9999670917477729,0,0.5985714285714286,false,false,6.999999999999999,6.0e10,1.9744951336307796e6,39
77.229,use_adaptive_ngroute,0.12356851643813238,0,3.3815789473684212,false,false,9.181818181818182,2.31929e6,2.032698775510204e6,13
52.91,use_adaptive_ngroute,0.12050088982918439,0,6.45325,false,false,10.113636363636363,2.31929e6,2.039813491228071e6,7
41.441,use_SR3_cuts,0.12050088982918461,9,8.1218,false,false,10.568181818181818,2.31929e6,2.0398134912280703e6,0
910.434,use_adaptive_ngroute,0.11497633671668162,0,125.47328571428572,false,false,10.568181818181818,2.31816e6,2.0516264552768574e6,5
252.811,use_SR3_cuts,0.1147799309283446,7,62.900999999999996,false,false,10.772727272727273,2.31816e6,2.0520817553191488e6,0
2124.595,none,0.11081522230144947,0,521.87925,false,true,10.772727272727273,2.31816e6,2.061272584269672e6,0
