CG_time_taken,method,CG_LP_IP_gap,implemented_SR3_cuts_count,CG_sp_time_taken_mean,converged,time_limit_reached,ngroute_neighborhood_size,CGIP_objective,CGLP_objective,cycles_lookup_length
68.572,use_adaptive_ngroute,0.9999671316916666,0,0.4110512820512821,false,false,6.999999999999999,6.0e10,1.9720985e6,29
46.321,use_adaptive_ngroute,0.2983257673423484,0,1.2183333333333335,false,false,9.204545454545455,2.91656e6,2.0464750000000005e6,30
96.152,use_adaptive_ngroute,0.17481346100149242,0,5.350647058823529,false,false,12.15909090909091,2.49501e6,2.0588486666666665e6,6
42.211,use_adaptive_ngroute,0.17232814241084826,0,5.863714285714285,false,false,12.977272727272728,2.49501e6,2.0650495614035095e6,12
41.969,use_adaptive_ngroute,0.17187154684461536,0,6.8740000000000006,false,false,13.454545454545455,2.49501e6,2.0661887719072162e6,10
95.111,use_adaptive_ngroute,0.17166051015466655,0,10.314555555555556,false,false,13.90909090909091,2.49501e6,2.0667153105590055e6,6
55.646,use_SR3_cuts,0.17156810708459802,11,13.807500000000001,false,false,14.136363636363637,2.49501e6,2.066945857142857e6,0
3039.472,none,0.08181679179261048,0,340.722875,false,true,14.136363636363637,2.28575e6,2.0987372681600405e6,0
