CG_time_taken,method,CG_LP_IP_gap,implemented_SR3_cuts_count,CG_sp_time_taken_mean,converged,time_limit_reached,ngroute_neighborhood_size,CGIP_objective,CGLP_objective,cycles_lookup_length
82.042,use_adaptive_ngroute,0.9999681295475007,0,0.5454666666666667,false,false,6.999999999999999,6.0e10,1.912227149961103e6,43
113.114,use_adaptive_ngroute,0.11509008590465797,0,4.222791666666666,false,false,12.568181818181818,2.24743e6,1.9887730882352944e6,5
24.341,use_SR3_cuts,0.11507210458167794,8,3.934166666666666,false,false,12.727272727272728,2.24743e6,1.9888134999999995e6,0
830.819,use_adaptive_ngroute,0.01945955613657635,0,116.6537142857143,false,false,12.727272727272728,2.0452e6,2.005401315789474e6,2
363.794,use_adaptive_ngroute,0.019315256035515094,0,90.65425,false,false,12.772727272727273,2.0452e6,2.0056964383561646e6,4
160.268,use_SR3_cuts,0.019305781574877945,8,79.98049999999999,false,false,12.954545454545453,2.0452e6,2.0057158155230596e6,0
1976.262,use_SR3_cuts,0.018695835695176855,5,379.6924,false,false,12.954545454545453,2.0452e6,2.0069632768362244e6,0
15.442,none,0.017147568170358785,0,NaN,false,true,12.954545454545453,2.0452e6,2.010129793577982e6,0
