CG_time_taken,method,CG_LP_IP_gap,implemented_SR3_cuts_count,CG_sp_time_taken_mean,converged,time_limit_reached,ngroute_neighborhood_size,CGIP_objective,CGLP_objective,cycles_lookup_length
61.42,use_adaptive_ngroute,0.9999651095261264,0,0.4254642857142857,false,false,6.999999999999999,6.0e10,2.0934284324173029e6,42
25.802,use_adaptive_ngroute,0.2540710550565751,0,1.4308666666666667,false,false,10.318181818181818,2.87115e6,2.141673890274314e6,12
21.41,use_adaptive_ngroute,0.24076481216528756,0,2.481125,false,false,11.181818181818182,2.82333e6,2.1435714828693788e6,2
3.548,use_SR3_cuts,0.24076481216528722,13,3.47,false,false,11.522727272727273,2.82333e6,2.1435714828693797e6,0
878.701,use_SR3_cuts,0.039062397939840676,10,105.2285,false,false,11.522727272727273,2.271266e6,2.1825449036807697e6,0
2524.574,none,0.03154295713014754,0,1090.377,false,true,11.522727272727273,2.2633e6,2.191908825127337e6,0
