CG_time_taken,method,CG_LP_IP_gap,implemented_SR3_cuts_count,CG_sp_time_taken_mean,converged,time_limit_reached,ngroute_neighborhood_size,CGIP_objective,CGLP_objective,cycles_lookup_length
123.542,use_adaptive_ngroute,0.9999673475020264,0,0.6506666666666665,false,false,6.999999999999999,6.0e10,1.9591498784163476e6,41
87.236,use_adaptive_ngroute,0.20123339248797523,0,4.610058823529412,false,false,10.272727272727272,2.526536e6,2.018112589477001e6,23
94.467,use_adaptive_ngroute,0.17945235524755832,0,11.548625,false,false,12.318181818181818,2.46808e6,2.0251772310606062e6,12
65.462,use_SR3_cuts,0.17915674956897276,15,10.770833333333332,false,false,12.931818181818182,2.46808e6,2.0259068095238097e6,0
3180.493,none,0.05348377572345453,0,338.468,false,true,12.931818181818182,2.151344e6,2.0362820000000005e6,0
