CG_time_taken,method,CG_LP_IP_gap,implemented_SR3_cuts_count,CG_sp_time_taken_mean,converged,time_limit_reached,ngroute_neighborhood_size,CGIP_objective,CGLP_objective,cycles_lookup_length
80.037,use_adaptive_ngroute,0.9999671713628049,0,0.5433571428571428,false,false,6.999999999999999,6.0e10,1.9697182317091455e6,42
127.85,use_adaptive_ngroute,0.15762953046583095,0,4.865391304347826,false,false,10.136363636363637,2.419606e6,2.0382046423076927e6,14
52.693,use_adaptive_ngroute,0.15374341798690427,0,6.294,false,false,11.181818181818182,2.419606e6,2.0476075033783785e6,4
26.213,use_adaptive_ngroute,0.15373361348289982,0,6.377750000000001,false,false,11.772727272727273,2.419606e6,2.0476312264150947e6,2
24.29,use_adaptive_ngroute,0.15372996405043982,0,7.957,false,false,11.818181818181818,2.419606e6,2.0476400566037716e6,2
23.305,use_adaptive_ngroute,0.15372996405043893,0,7.682,false,false,11.863636363636363,2.419606e6,2.0476400566037737e6,2
8.829,use_adaptive_ngroute,0.15371404995213578,0,8.64,false,false,11.954545454545453,2.419606e6,2.0476785624515126e6,4
42.302,use_SR3_cuts,0.15370945257338764,13,10.4725,false,false,12.75,2.419606e6,2.0476896862967159e6,0
2874.859,none,0.05913174215115846,0,1357.2305,false,true,12.75,2.192002e6,2.0623851029411764e6,0
