CG_time_taken,method,CG_LP_IP_gap,implemented_SR3_cuts_count,CG_sp_time_taken_mean,converged,time_limit_reached,ngroute_neighborhood_size,CGIP_objective,CGLP_objective,cycles_lookup_length
48.497,use_adaptive_ngroute,0.2106495372440229,0,0.406551724137931,false,false,6.999999999999999,2.72876e6,2.15394796875e6,40
75.536,use_adaptive_ngroute,0.14459572686358346,0,3.975470588235295,false,false,11.068181818181818,2.55806e6,2.1881754549393416e6,23
29.374,use_adaptive_ngroute,0.14185262165903512,0,4.675833333333333,false,false,12.454545454545453,2.55806e6,2.1951924826388885e6,4
20.081,use_adaptive_ngroute,0.1412034467091816,0,4.8755,false,false,12.59090909090909,2.55806e6,2.196853111111111e6,6
26.505,use_SR3_cuts,0.14093605114813568,10,6.5625,false,false,12.772727272727273,2.55806e6,2.197537125e6,0
1549.619,use_adaptive_ngroute,0.0009703074159320701,0,180.483375,false,false,12.772727272727273,2.23245e6,2.2302838372093025e6,9
523.895,use_SR3_cuts,0.0004994512755038816,10,86.30683333333333,false,false,13.25,2.23245e6,2.2313350000000014e6,0
1243.207,use_SR3_cuts,0.00021725010638540265,10,306.28200000000004,false,false,13.25,2.23245e6,2.231965e6,0
35.734,none,1.2212453270876722e-15,0,NaN,true,true,13.25,2.23245e6,2.232449999999997e6,0
