CG_time_taken,method,CG_LP_IP_gap,implemented_SR3_cuts_count,CG_sp_time_taken_mean,converged,time_limit_reached,ngroute_neighborhood_size,CGIP_objective,CGLP_objective,cycles_lookup_length
71.314,use_adaptive_ngroute,0.31558277037987237,0,0.415516129032258,false,false,6.999999999999999,2.95194e6,2.0203585968048396e6,31
95.934,use_adaptive_ngroute,0.19127036502030825,0,3.715956521739131,false,false,8.931818181818182,2.59903e6,2.101912583201268e6,19
25.475,use_adaptive_ngroute,0.19024569583011108,0,4.126,false,false,9.795454545454545,2.59903e6,2.1045757291666665e6,1
19.173,use_SR3_cuts,0.1902456958301132,8,4.726999999999999,false,false,9.818181818181818,2.59903e6,2.104575729166661e6,0
1220.151,use_adaptive_ngroute,0.12610199096924013,0,130.63022222222222,false,false,9.818181818181818,2.432132e6,2.1254353125e6,3
472.684,use_adaptive_ngroute,0.024774732773158115,0,57.8405,false,false,10.0,2.200874e6,2.1463479347826084e6,6
271.711,use_SR3_cuts,0.024759903825220864,6,89.92199999999998,false,false,10.136363636363637,2.200874e6,2.146380571428571e6,0
833.865,use_SR3_cuts,0.02421967135095937,3,166.2324,false,false,10.136363636363637,2.200874e6,2.1475695550351287e6,0
515.188,none,0.02207877032001715,0,266.677,false,true,10.136363636363637,2.200874e6,2.1522814084507027e6,0
