CG_time_taken,method,CG_LP_IP_gap,implemented_SR3_cuts_count,CG_sp_time_taken_mean,converged,time_limit_reached,ngroute_neighborhood_size,CGIP_objective,CGLP_objective,cycles_lookup_length
108.459,use_adaptive_ngroute,0.9999685207598941,0,0.4690294117647059,false,false,6.999999999999999,6.0e10,1.8887544063573882e6,40
64.458,use_adaptive_ngroute,0.1209542828604403,0,3.2320000000000007,false,false,10.204545454545455,2.27012e6,1.9955392633928573e6,9
25.141,use_adaptive_ngroute,0.12068280948119892,0,4.9224,false,false,10.954545454545455,2.27012e6,1.9961555405405406e6,7
18.764,use_SR3_cuts,0.12065802391481661,10,4.6165,false,false,11.40909090909091,2.27012e6,1.9962118067504964e6,0
1053.4,use_adaptive_ngroute,0.11550696020202755,0,145.32685714285714,false,false,11.40909090909091,2.27012e6,2.0079053395061733e6,5
355.105,use_adaptive_ngroute,0.11514732053553,0,87.952,false,false,11.59090909090909,2.27012e6,2.0087217647058826e6,2
421.952,use_SR3_cuts,0.11489763914305351,6,104.873,false,false,11.65909090909091,2.27012e6,2.0092885714285714e6,0
1445.878,none,0.05335684399807139,0,1187.69,false,true,11.65909090909091,2.126978e6,2.01348916666667e6,0
