CG_time_taken,method,CG_LP_IP_gap,implemented_SR3_cuts_count,CG_sp_time_taken_mean,converged,time_limit_reached,ngroute_neighborhood_size,CGIP_objective,CGLP_objective,cycles_lookup_length
2.949,use_adaptive_ngroute,0.3951799090237724,0,0.0700625,false,false,5.0,1.952598e6,1.1809705e6,18
1.835,use_adaptive_ngroute,0.03659638842106294,0,0.12463636363636361,false,false,8.05,1.37915e6,1.328678090909091e6,8
0.673,use_SR3_cuts,0.0330638663307109,8,0.126,false,false,8.55,1.37915e6,1.33354996875e6,0
9.463,use_SR3_cuts,0.014767913904610852,1,1.05475,false,false,8.55,1.36221e6,1.342093e6,0
3.467,use_SR3_cuts,0.0019835414510244176,1,1.6290000000000002,false,false,8.55,1.36221e6,1.359508e6,0
2.699,use_adaptive_ngroute,0.0012856559071899865,0,1.3185,false,false,8.55,1.36221e6,1.3604586666666667e6,1
2.412,none,0.0,0,2.387,true,false,8.6,1.36221e6,1.36221e6,0
