CG_time_taken,method,CG_LP_IP_gap,implemented_SR3_cuts_count,CG_sp_time_taken_mean,converged,time_limit_reached,ngroute_neighborhood_size,CGIP_objective,CGLP_objective,cycles_lookup_length
88.123,use_adaptive_ngroute,0.9999630789774145,0,0.5335,false,false,7.0,6.0e10,2.215261355128205e6,37
74.425,use_adaptive_ngroute,0.169462832002495,0,3.868705882352941,false,false,8.75,2.75615e6,2.2890850155763235e6,24
61.925,use_adaptive_ngroute,0.1689238725214518,0,10.206166666666665,false,false,11.458333333333334,2.75615e6,2.2905704687500005e6,8
41.694,use_adaptive_ngroute,0.1689067066836596,0,13.804666666666666,false,false,12.25,2.75615e6,2.2906177803738317e6,4
94.508,use_adaptive_ngroute,0.1688108131494549,0,13.407142857142857,false,false,12.583333333333334,2.75615e6,2.2908820773381297e6,2
40.591,use_adaptive_ngroute,0.1687316801283003,0,13.437333333333335,false,false,12.625,2.75615e6,2.2911001798143853e6,4
42.304,use_SR3_cuts,0.16859830284613686,14,14.008,false,false,12.708333333333334,2.75615e6,2.29146778761062e6,0
1926.045,use_adaptive_ngroute,0.08465965975230028,0,190.87209999999996,false,false,12.708333333333334,2.528498e6,2.314436219635628e6,11
1018.143,use_adaptive_ngroute,0.08429830955592288,0,202.66379999999998,false,false,13.166666666666666,2.528498e6,2.315349892884468e6,5
45.284,none,0.08412736824507683,0,NaN,false,true,13.270833333333334,2.528498e6,2.3157821176470597e6,0
