CG_time_taken,method,CG_LP_IP_gap,implemented_SR3_cuts_count,CG_sp_time_taken_mean,converged,time_limit_reached,ngroute_neighborhood_size,CGIP_objective,CGLP_objective,cycles_lookup_length
114.988,use_adaptive_ngroute,0.999962783010271,0,0.5866666666666666,false,false,7.0,6.0e10,2.2330193837393564e6,42
116.249,use_adaptive_ngroute,0.2029758415002072,0,4.613043478260869,false,false,9.770833333333332,2.84847e6,2.270299404761905e6,26
93.185,use_adaptive_ngroute,0.18800617372064787,0,9.094099999999997,false,false,12.520833333333334,2.8022e6,2.2753691000000006e6,2
30.172,use_adaptive_ngroute,0.1874492586182286,0,5.918000000000001,false,false,12.854166666666668,2.8022e6,2.2769296875e6,3
30.42,use_SR3_cuts,0.1874447927218389,12,10.026666666666666,false,false,13.0625,2.8022e6,2.276942201834863e6,0
3156.031,none,0.15779950512489727,0,570.7708,false,true,13.0625,2.73178e6,2.3007064678899082e6,0
