CG_time_taken,method,CG_LP_IP_gap,implemented_SR3_cuts_count,CG_sp_time_taken_mean,converged,time_limit_reached,ngroute_neighborhood_size,CGIP_objective,CGLP_objective,cycles_lookup_length
130.533,use_adaptive_ngroute,0.999966535574597,0,0.7332564102564102,false,false,7.0,6.0e10,2.0078655241791995e6,41
203.282,use_adaptive_ngroute,0.17098375876286243,0,6.683259259259258,false,false,8.4375,2.55116e6,2.114953073994536e6,12
106.813,use_adaptive_ngroute,0.16896734408697178,0,10.3901,false,false,9.104166666666666,2.55116e6,2.120097270459081e6,10
60.643,use_adaptive_ngroute,0.16819761328580352,0,11.9936,false,false,9.708333333333334,2.55116e6,2.1220609768897896e6,4
41.414,use_adaptive_ngroute,0.16785149881778938,0,10.218749999999998,false,false,9.8125,2.55116e6,2.1229439702760084e6,3
44.891,use_SR3_cuts,0.14790798717663767,14,11.06825,false,false,10.4375,2.49146e6,2.1229531662688944e6,0
2944.792,none,0.058923386000157896,0,932.7276666666667,false,true,10.4375,2.27974e6,2.14541e6,0
