CG_time_taken,method,CG_LP_IP_gap,implemented_SR3_cuts_count,CG_sp_time_taken_mean,converged,time_limit_reached,ngroute_neighborhood_size,CGIP_objective,CGLP_objective,cycles_lookup_length
172.206,use_adaptive_ngroute,0.9999649802766645,0,0.5914358974358974,false,false,7.0,6.0e10,2.101183400130662e6,48
149.353,use_adaptive_ngroute,0.14763417630514075,0,6.684315789473684,false,false,10.270833333333334,2.595797e6,2.2125686480496447e6,24
156.526,use_adaptive_ngroute,0.11133137899085044,0,10.041266666666665,false,false,12.9375,2.497637e6,2.2195716285714293e6,8
30.904,use_adaptive_ngroute,0.11059880319485782,0,10.137999999999998,false,false,13.395833333333334,2.495637e6,2.2196225345911947e6,1
59.752,use_SR3_cuts,0.1103978101866182,18,19.276,false,false,13.4375,2.495637e6,2.220124140179299e6,0
2950.859,none,0.08896262686920131,0,NaN,false,true,13.4375,2.495637e6,2.273618576768027e6,0
