CG_time_taken,method,CG_LP_IP_gap,implemented_SR3_cuts_count,CG_sp_time_taken_mean,converged,time_limit_reached,ngroute_neighborhood_size,CGIP_objective,CGLP_objective,cycles_lookup_length
142.769,use_adaptive_ngroute,0.9999663431552521,0,0.6674722222222222,false,false,7.0,6.0e10,2.0194106848751598e6,43
127.236,use_adaptive_ngroute,0.194611753678134,0,5.555526315789472,false,false,10.0625,2.575334e6,2.0741437339530764e6,30
216.002,use_adaptive_ngroute,0.1369205990378768,0,10.359250000000001,false,false,12.083333333333334,2.422351e6,2.0906812500000002e6,1
83.216,use_adaptive_ngroute,0.13633598462636187,0,13.644833333333333,false,false,12.104166666666666,2.422351e6,2.0920973913043477e6,1
33.65,use_SR3_cuts,0.13633598462636176,6,11.123999999999999,false,false,12.125,2.422351e6,2.092097391304348e6,0
1141.864,use_SR3_cuts,0.04778865930234144,10,101.72736363636362,false,false,12.125,2.20251e6,2.097255e6,0
1745.858,none,0.041187305679237896,0,410.85525,false,true,12.125,2.20251e6,2.1117945473684217e6,0
