CG_time_taken,method,CG_LP_IP_gap,implemented_SR3_cuts_count,CG_sp_time_taken_mean,converged,time_limit_reached,ngroute_neighborhood_size,CGIP_objective,CGLP_objective,cycles_lookup_length
90.87,use_adaptive_ngroute,0.9999634632480723,0,0.49768571428571423,false,false,7.0,6.0e10,2.192205115661104e6,38
113.553,use_adaptive_ngroute,0.25675103739200744,0,4.333173913043478,false,false,10.5,3.01909e6,2.2439355105201644e6,27
130.691,use_adaptive_ngroute,0.25274526233103056,0,11.667454545454545,false,false,13.0,3.01909e6,2.256029305949009e6,8
65.094,use_adaptive_ngroute,0.24807432661412354,0,12.880999999999998,false,false,13.395833333333334,3.00432e6,2.2590253390666563e6,8
75.991,use_adaptive_ngroute,0.24776052774053947,0,15.092600000000001,false,false,13.854166666666666,3.00432e6,2.2599680912985425e6,4
27.908,use_SR3_cuts,0.23917605329495195,15,13.8685,false,false,14.020833333333334,2.97078e6,2.260240564392423e6,0
2874.006,none,0.22279634696267214,0,NaN,false,true,14.020833333333334,2.97078e6,2.308901068370233e6,0
