CG_time_taken,method,CG_LP_IP_gap,implemented_SR3_cuts_count,CG_sp_time_taken_mean,converged,time_limit_reached,ngroute_neighborhood_size,CGIP_objective,CGLP_objective,cycles_lookup_length
58.23,use_adaptive_ngroute,0.9999620401646402,0,0.3602058823529411,false,false,7.0,6.0e10,2.2775901215882692e6,41
30.231,use_adaptive_ngroute,0.19418933583710063,0,1.638785714285714,false,false,9.520833333333334,2.89951e6,2.3364560788469682e6,28
37.034,use_adaptive_ngroute,0.10149154584589326,0,3.4541,false,false,11.104166666666668,2.60942e6,2.344585930438809e6,10
26.012,use_adaptive_ngroute,0.10000439474746703,0,5.104,false,false,11.854166666666666,2.60942e6,2.3484665322580645e6,1
10.837,use_SR3_cuts,0.09998521628443213,17,5.374,false,false,11.875,2.60942e6,2.348516576923077e6,0
3403.901,none,0.031336906059009184,0,1514.6515,false,true,11.875,2.46563e6,2.3883647843137253e6,0
