CG_time_taken,method,CG_LP_IP_gap,implemented_SR3_cuts_count,CG_sp_time_taken_mean,converged,time_limit_reached,ngroute_neighborhood_size,CGIP_objective,CGLP_objective,cycles_lookup_length
231.474,use_adaptive_ngroute,0.9999657802694628,0,0.9988409090909095,false,false,7.0,6.0e10,2.0531838322312245e6,41
184.605,use_adaptive_ngroute,0.25314393003597324,0,7.848666666666667,false,false,11.333333333333334,2.80506e6,2.094976087613293e6,11
129.124,use_adaptive_ngroute,0.2488022495402018,0,15.9255,false,false,11.770833333333332,2.80506e6,2.1071547619047617e6,13
123.667,use_adaptive_ngroute,0.24811182631279327,0,17.380857142857142,false,false,12.75,2.80506e6,2.109091440483036e6,11
66.781,use_adaptive_ngroute,0.2476006195620163,0,16.55675,false,false,12.979166666666668,2.80506e6,2.1105254060913706e6,5
76.02,use_SR3_cuts,0.2476006195620163,9,25.224000000000004,false,false,13.479166666666668,2.80506e6,2.1105254060913706e6,0
2576.079,none,0.20624326072598498,0,NaN,false,true,13.479166666666668,2.80506e6,2.2265352790679685e6,0
