CG_time_taken,method,CG_LP_IP_gap,implemented_SR3_cuts_count,CG_sp_time_taken_mean,converged,time_limit_reached,ngroute_neighborhood_size,CGIP_objective,CGLP_objective,cycles_lookup_length
136.022,use_adaptive_ngroute,0.99996263885014,0,0.5419487179487179,false,false,7.0,6.0e10,2.241668991600032e6,37
58.307,use_adaptive_ngroute,0.17299971823048776,0,3.0288,false,false,10.604166666666666,2.73e6,2.2577107692307686e6,16
44.427,use_adaptive_ngroute,0.14868061288415035,0,7.166833333333333,false,false,11.458333333333334,2.65302e6,2.2585673604060914e6,10
62.204,use_SR3_cuts,0.14862659660814226,8,7.581625,false,false,12.125,2.65302e6,2.2587106666666665e6,0
3235.72,none,0.03932315327769498,0,502.19533333333334,false,true,12.125,2.38488e6,2.291098998211091e6,0
