CG_time_taken,method,CG_LP_IP_gap,implemented_SR3_cuts_count,CG_sp_time_taken_mean,converged,time_limit_reached,ngroute_neighborhood_size,CGIP_objective,CGLP_objective,cycles_lookup_length
60.114,use_adaptive_ngroute,0.9999641686454074,0,0.3009375000000001,false,false,7.0,6.0e10,2.1498812755555552e6,31
34.182,use_adaptive_ngroute,0.9999634512651315,0,1.2288947368421055,false,false,9.9375,6.0e10,2.192924092105263e6,17
22.555,use_adaptive_ngroute,0.9999632508671717,0,2.0361,false,false,10.458333333333332,6.0e10,2.204947969696971e6,5
13.536,use_SR3_cuts,0.9999632496549716,16,2.1315,false,false,10.625,6.0e10,2.205020701704547e6,0
1310.788,use_SR3_cuts,0.049318759612306584,6,135.3645555555555,false,false,10.625,2.36794e6,2.251156136363635e6,0
2057.82,use_SR3_cuts,0.03601529126525016,1,404.72020000000003,false,false,10.625,2.33859e6,2.2543649999999986e6,0
2.315,none,0.033476368238995136,0,NaN,false,true,10.625,2.33859e6,2.2603024999999683e6,0
