CG_time_taken,method,CG_LP_IP_gap,implemented_SR3_cuts_count,CG_sp_time_taken_mean,converged,time_limit_reached,ngroute_neighborhood_size,CGIP_objective,CGLP_objective,cycles_lookup_length
63.755,use_adaptive_ngroute,0.9999642195078875,0,0.3773793103448276,false,false,7.0,6.0e10,2.146829526748972e6,35
42.216,use_adaptive_ngroute,0.19799198240471572,0,1.4361111111111111,false,false,9.791666666666668,2.86965e6,2.3014823076923075e6,28
43.834,use_adaptive_ngroute,0.1957539732098199,0,4.639222222222223,false,false,11.9375,2.86965e6,2.3079046107784403e6,7
31.216,use_adaptive_ngroute,0.19528220894850956,0,6.0532,false,false,12.208333333333332,2.86965e6,2.3092584090909096e6,5
29.52,use_adaptive_ngroute,0.1952738094798101,0,5.792,false,false,12.3125,2.86965e6,2.309282512626263e6,4
11.594,use_adaptive_ngroute,0.19527350922124231,0,5.7165,false,false,12.479166666666666,2.86965e6,2.309283374263262e6,9
27.823,use_SR3_cuts,0.19527033540174488,11,6.857749999999999,false,false,12.9375,2.86965e6,2.3092924820143827e6,0
1577.041,use_adaptive_ngroute,0.020901824913801548,0,212.94514285714288,false,false,12.9375,2.42649e6,2.3757719308649097e6,4
343.549,use_adaptive_ngroute,0.020475627929803286,0,114.09666666666666,false,false,13.270833333333334,2.42649e6,2.3768060935846115e6,4
267.103,use_adaptive_ngroute,0.020434786693676044,0,132.361,false,false,13.520833333333332,2.42649e6,2.376905194435662e6,4
314.567,use_adaptive_ngroute,0.020422878046261084,0,157.0765,false,false,13.791666666666666,2.42649e6,2.376934090649528e6,12
472.984,use_adaptive_ngroute,0.02042183239248241,0,156.906,false,false,14.354166666666666,2.42649e6,2.3769366279179654e6,2
114.1,none,0.020421788769756533,0,NaN,false,true,14.5,2.42649e6,2.3769367337680734e6,0
