CG_time_taken,method,CG_LP_IP_gap,implemented_SR3_cuts_count,CG_sp_time_taken_mean,converged,time_limit_reached,ngroute_neighborhood_size,CGIP_objective,CGLP_objective,cycles_lookup_length
158.708,use_adaptive_ngroute,0.9999652917114291,0,0.6629210526315791,false,false,7.0,6.0e10,2.0824973142542653e6,47
322.868,use_adaptive_ngroute,0.1224088042329382,0,12.316583333333334,false,false,11.895833333333334,2.426898e6,2.1298243178246906e6,27
243.041,use_adaptive_ngroute,0.11995521487167782,0,19.582083333333333,false,false,14.083333333333332,2.426898e6,2.135778928938355e6,8
227.897,use_SR3_cuts,0.11932320600206514,13,37.695,false,false,14.291666666666666,2.426898e6,2.13731275e6,0
2566.724,none,0.11161685710430513,0,NaN,false,true,14.291666666666666,2.426898e6,2.156015272727276e6,0
