CG_time_taken,method,CG_LP_IP_gap,implemented_SR3_cuts_count,CG_sp_time_taken_mean,converged,time_limit_reached,ngroute_neighborhood_size,CGIP_objective,CGLP_objective,cycles_lookup_length
199.937,use_adaptive_ngroute,0.27619586736480617,0,1.0130967741935482,false,false,7.0,2.9507e6,2.1357288541666665e6,47
111.432,use_adaptive_ngroute,0.16047544701649985,0,4.56595,false,false,11.208333333333334,2.61967e6,2.199277285714286e6,17
142.724,use_SR3_cuts,0.15948237179931324,9,13.998199999999999,false,false,12.791666666666666,2.61967e6,2.201878815068493e6,0
3078.01,none,0.07222073433828224,0,314.63822222222217,false,true,12.791666666666666,2.40266e6,2.2291381304347827e6,0
