CG_time_taken,method,CG_LP_IP_gap,implemented_SR3_cuts_count,CG_sp_time_taken_mean,converged,time_limit_reached,ngroute_neighborhood_size,CGIP_objective,CGLP_objective,cycles_lookup_length
81.75,use_adaptive_ngroute,0.9999630668251123,0,0.5359117647058823,false,false,7.0,6.0e10,2.2159904932659934e6,35
66.325,use_adaptive_ngroute,0.332499013350381,0,2.105125,false,false,8.625,3.37748e6,2.254471232389355e6,16
117.543,use_adaptive_ngroute,0.20373478871684625,0,8.074714285714286,false,false,9.5,2.83401e6,2.2566235714285704e6,4
104.569,use_SR3_cuts,0.1485991747048787,8,10.339399999999998,false,false,9.625,2.6508e6,2.2568933076923075e6,0
1367.091,use_adaptive_ngroute,0.12730247804293315,0,192.63214285714287,false,false,9.625,2.602004e6,2.2707624429223756e6,3
602.151,use_SR3_cuts,0.1273024780429337,6,150.35175,false,false,10.020833333333334,2.602004e6,2.2707624429223742e6,0
1111.708,none,0.08045606775956016,0,533.8315,false,true,10.020833333333334,2.4858e6,2.2858023067632853e6,0
