CG_time_taken,method,CG_LP_IP_gap,implemented_SR3_cuts_count,CG_sp_time_taken_mean,converged,time_limit_reached,ngroute_neighborhood_size,CGIP_objective,CGLP_objective,cycles_lookup_length
164.873,use_adaptive_ngroute,0.9999650534242963,0,0.7503636363636362,false,false,7.0,6.0e10,2.0967945422230267e6,42
173.105,use_adaptive_ngroute,0.3128879475159295,0,8.328315789473685,false,false,10.395833333333332,3.11029e6,2.1371177457206794e6,21
74.991,use_adaptive_ngroute,0.3112668474783631,0,12.339833333333335,false,false,12.25,3.11029e6,2.142159836956522e6,4
52.654,use_adaptive_ngroute,0.31117582869451976,0,12.97025,false,false,12.375,3.11029e6,2.142442931769722e6,1
63.207,use_SR3_cuts,0.3111621848216657,15,15.656,false,false,12.395833333333334,3.11029e6,2.1424853681710213e6,0
2915.409,none,0.2888327651498791,0,NaN,false,true,12.395833333333334,3.11029e6,2.2119363388819825e6,0
