CG_time_taken,method,CG_LP_IP_gap,implemented_SR3_cuts_count,CG_sp_time_taken_mean,converged,time_limit_reached,ngroute_neighborhood_size,CGIP_objective,CGLP_objective,cycles_lookup_length
108.823,use_adaptive_ngroute,0.9999653726172081,0,0.5539032258064516,false,false,7.0,6.0e10,2.07764296751269e6,42
112.248,use_adaptive_ngroute,0.1334646163238733,0,4.47052380952381,false,false,11.4375,2.43777e6,2.1124139622641513e6,10
67.675,use_adaptive_ngroute,0.1284848447556578,0,6.143700000000001,false,false,12.458333333333334,2.43777e6,2.1245535e6,1
44.477,use_adaptive_ngroute,0.1278246785655195,0,6.052428571428572,false,false,12.479166666666666,2.43777e6,2.1261628333333335e6,4
40.487,use_SR3_cuts,0.1277651296061565,6,5.427857142857143,false,false,12.583333333333334,2.43777e6,2.126308e6,0
888.375,use_adaptive_ngroute,0.055443554659204475,0,83.399,false,false,12.583333333333334,2.28154e6,2.1550433123028385e6,15
2294.531,none,0.05496029437676431,0,233.46233333333342,false,true,13.333333333333334,2.28154e6,2.156145889967637e6,0
