CG_time_taken,method,CG_LP_IP_gap,implemented_SR3_cuts_count,CG_sp_time_taken_mean,converged,time_limit_reached,ngroute_neighborhood_size,CGIP_objective,CGLP_objective,cycles_lookup_length
127.228,use_adaptive_ngroute,0.9999640790910703,0,0.5232222222222223,false,false,7.0,6.0e10,2.15525453578255e6,40
923.915,use_adaptive_ngroute,0.20312881653523984,0,50.596222222222224,false,false,10.083333333333334,2.75189e6,2.1929018410648387e6,15
384.639,use_adaptive_ngroute,0.19774364725590632,0,42.49055555555555,false,false,11.291666666666666,2.75189e6,2.207721234552944e6,7
239.223,use_adaptive_ngroute,0.1970827918396162,0,33.99614285714286,false,false,11.6875,2.75189e6,2.2095398359644786e6,11
100.798,use_adaptive_ngroute,0.19681476606435266,0,50.3075,false,false,12.979166666666668,2.75189e6,2.2102774134151684e6,1
92.154,use_SR3_cuts,0.1968131603304567,20,45.799,false,false,13.083333333333334,2.75189e6,2.2102818322182195e6,0
1578.159,none,0.15309602202982997,0,NaN,false,true,13.083333333333334,2.75189e6,2.330586587936331e6,0
