CG_time_taken,method,CG_LP_IP_gap,implemented_SR3_cuts_count,CG_sp_time_taken_mean,converged,time_limit_reached,ngroute_neighborhood_size,CGIP_objective,CGLP_objective,cycles_lookup_length
1.828,use_adaptive_ngroute,0.24458759194606772,0,0.046500000000000014,false,false,5.0,1.965494e6,1.4847585555555555e6,19
1.152,use_adaptive_ngroute,0.00906289702272478,0,0.09066666666666666,false,false,7.8999999999999995,1.565559e6,1.5513705e6,5
0.639,use_adaptive_ngroute,0.008504523517372076,0,0.10479999999999999,false,false,8.149999999999999,1.565559e6,1.5522446666666665e6,5
0.47,use_adaptive_ngroute,0.007563432614165255,0,0.10250000000000001,false,false,8.5,1.565559e6,1.553718e6,6
0.798,use_adaptive_ngroute,0.005892144594997539,0,0.11883333333333335,false,false,9.0,1.565559e6,1.5563345000000002e6,2
0.361,use_adaptive_ngroute,0.005761407605469726,0,0.111,false,false,9.1,1.565559e6,1.5565391764705884e6,4
0.421,use_adaptive_ngroute,0.005712478560196188,0,0.13,false,false,9.299999999999999,1.565559e6,1.5566157777777778e6,6
0.408,use_SR3_cuts,0.005623231063153766,4,0.12733333333333333,false,false,9.6,1.565559e6,1.5567555e6,0
1.645,use_SR3_cuts,0.005547539249558753,10,0.523,false,false,9.6,1.565559e6,1.556874e6,0
1.18,none,0.003698359499705983,0,0.5764999999999999,false,false,9.6,1.565559e6,1.5597689999999998e6,0
