CG_time_taken,method,CG_LP_IP_gap,implemented_SR3_cuts_count,CG_sp_time_taken_mean,converged,time_limit_reached,ngroute_neighborhood_size,CGIP_objective,CGLP_objective,cycles_lookup_length
65.643,use_adaptive_ngroute,0.9999620396267147,0,0.343325,false,false,7.0,6.0e10,2.2776223971180636e6,34
66.956,use_adaptive_ngroute,0.16195676602179687,0,2.5841304347826086,false,false,9.4375,2.80757e6,2.352865042420184e6,9
57.612,use_adaptive_ngroute,0.14894513505589035,0,5.088818181818182,false,false,10.333333333333334,2.76999e6,2.3574134653465343e6,7
88.29,use_adaptive_ngroute,0.14801480852006776,0,7.941363636363636,false,false,10.895833333333334,2.76999e6,2.3599904605474975e6,2
56.182,use_adaptive_ngroute,0.1477296693922885,0,11.1572,false,false,11.229166666666666,2.76999e6,2.3607802930800547e6,2
43.939,use_adaptive_ngroute,0.14761305817180348,0,10.892999999999999,false,false,11.270833333333334,2.76999e6,2.361103304994686e6,3
28.794,use_SR3_cuts,0.14760789930505658,11,14.351,false,false,11.354166666666666,2.76999e6,2.3611175950039863e6,0
1407.541,use_adaptive_ngroute,0.08935129041205081,0,226.25433333333336,false,false,11.354166666666666,2.60585e6,2.3730139398797574e6,3
830.957,use_SR3_cuts,0.08934276141938757,7,165.0324,false,false,11.416666666666666,2.60585e6,2.3730361651552888e6,0
843.683,none,0.06027293203702422,0,623.389,false,true,11.416666666666666,2.527962e6,2.37559431818182e6,0
