CG_time_taken,method,CG_LP_IP_gap,implemented_SR3_cuts_count,CG_sp_time_taken_mean,converged,time_limit_reached,ngroute_neighborhood_size,CGIP_objective,CGLP_objective,cycles_lookup_length
149.56,use_adaptive_ngroute,0.9999634125568245,0,0.6386999999999999,false,false,7.0,6.0e10,2.195246590527376e6,35
58.106,use_adaptive_ngroute,0.999963070795904,0,2.9034705882352934,false,false,8.604166666666668,6.0e10,2.2157522457627123e6,18
50.639,use_adaptive_ngroute,0.24972678841297136,0,4.444909090909091,false,false,9.5,2.95611e6,2.217890143504531e6,9
63.614,use_adaptive_ngroute,0.24914180738717218,0,7.793750000000001,false,false,10.020833333333334,2.95611e6,2.2196194117647065e6,11
38.44,use_adaptive_ngroute,0.24842049705483904,0,9.499500000000001,false,false,10.354166666666668,2.95611e6,2.2217516844512196e6,1
52.867,use_SR3_cuts,0.24818221909823812,10,10.473799999999999,false,false,10.375,2.95611e6,2.2224560603015074e6,0
997.718,use_adaptive_ngroute,0.09877244530937679,0,120.111125,false,false,10.375,2.487754e6,2.2420324540918167e6,5
387.099,use_adaptive_ngroute,0.09815086565441888,0,128.69166666666666,false,false,10.5625,2.487754e6,2.243578791364757e6,1
185.566,use_SR3_cuts,0.09809896338412838,6,92.3285,false,false,10.625,2.487754e6,2.243707911445281e6,0
1338.614,use_adaptive_ngroute,0.06132608994262012,0,220.08333333333334,false,false,10.625,2.39755e6,2.250517633058071e6,5
89.203,none,0.06081002751091369,0,NaN,false,true,10.791666666666666,2.39755e6,2.251754918541209e6,0
