CG_time_taken,method,CG_LP_IP_gap,implemented_SR3_cuts_count,CG_sp_time_taken_mean,converged,time_limit_reached,ngroute_neighborhood_size,CGIP_objective,CGLP_objective,cycles_lookup_length
68.202,use_adaptive_ngroute,0.9999628568047938,0,0.4119736842105264,false,false,7.0,6.0e10,2.2285917123738932e6,42
73.798,use_adaptive_ngroute,0.19271259962850862,0,3.0126190476190473,false,false,9.3125,2.86278e6,2.311086224035498e6,20
50.75,use_adaptive_ngroute,0.18863314177030344,0,4.8721,false,false,10.395833333333332,2.86278e6,2.3227648144028108e6,23
120.621,use_adaptive_ngroute,0.18827283087736946,0,17.089428571428574,false,false,11.666666666666668,2.86278e6,2.3237963052208843e6,11
33.793,use_adaptive_ngroute,0.18822009625459446,0,16.828,false,false,11.9375,2.86278e6,2.323947272844272e6,1
71.555,use_SR3_cuts,0.18821550957154498,15,17.79225,false,false,12.041666666666666,2.86278e6,2.3239604035087726e6,0
3103.887,none,0.1581354397529302,0,NaN,false,true,12.041666666666666,2.86278e6,2.4100730257841065e6,0
