CG_time_taken,method,CG_LP_IP_gap,implemented_SR3_cuts_count,CG_sp_time_taken_mean,converged,time_limit_reached,ngroute_neighborhood_size,CGIP_objective,CGLP_objective,cycles_lookup_length
155.21,use_adaptive_ngroute,0.9999652781340381,0,0.846111111111111,false,false,7.0,6.0e10,2.0833119577129248e6,48
144.104,use_adaptive_ngroute,0.2475430793000134,0,6.72678947368421,false,false,11.041666666666668,2.87377e6,2.1623881250000005e6,29
235.202,use_adaptive_ngroute,0.19590998976650564,0,17.433615384615383,false,false,13.729166666666666,2.71542e6,2.183442095588235e6,10
209.247,use_SR3_cuts,0.14280935891734292,11,29.555428571428568,false,false,14.625,2.55482e6,2.189967793650794e6,0
2688.235,none,0.13110880161344685,0,597.6519999999999,false,true,14.625,2.526764e6,2.1954830000000005e6,0
