CG_time_taken,method,CG_LP_IP_gap,implemented_SR3_cuts_count,CG_sp_time_taken_mean,converged,time_limit_reached,ngroute_neighborhood_size,CGIP_objective,CGLP_objective,cycles_lookup_length
192.177,use_adaptive_ngroute,0.999966668580961,0,0.9898125000000001,false,false,7.0,6.0e10,1.9998851423440438e6,47
70.706,use_adaptive_ngroute,0.15918545311643806,0,2.4168260869565215,false,false,10.625,2.4415e6,2.0528487162162166e6,5
33.066,use_adaptive_ngroute,0.158127667417571,0,3.52225,false,false,11.229166666666666,2.4415e6,2.0554313000000005e6,12
32.958,use_adaptive_ngroute,0.1573529336473477,0,4.4965714285714276,false,false,12.125,2.4415e6,2.0573228125000005e6,10
37.64,use_SR3_cuts,0.1572906000409584,8,9.090499999999999,false,false,12.666666666666666,2.4415e6,2.057475e6,0
716.847,use_SR3_cuts,0.10504388625975813,10,99.63728571428571,false,false,12.666666666666666,2.30748e6,2.0650933333333333e6,0
1665.625,use_adaptive_ngroute,0.08260829406209824,0,413.27424999999994,false,false,12.666666666666666,2.259651e6,2.0729850857142857e6,14
720.02,none,0.0826075944176029,0,345.317,false,true,13.958333333333334,2.259651e6,2.0729866666666693e6,0
