CG_time_taken,method,CG_LP_IP_gap,implemented_SR3_cuts_count,CG_sp_time_taken_mean,converged,time_limit_reached,ngroute_neighborhood_size,CGIP_objective,CGLP_objective,cycles_lookup_length
99.127,use_adaptive_ngroute,0.9999622346350733,0,0.47497058823529414,false,false,7.0,6.0e10,2.265921895604396e6,30
27.971,use_adaptive_ngroute,0.2817347149729712,0,1.2126470588235296,false,false,8.333333333333334,3.215595e6,2.3096502592064887e6,31
37.064,use_adaptive_ngroute,0.09930133231861282,0,3.040545454545455,false,false,10.9375,2.58158e6,2.3252256665129154e6,3
12.543,use_adaptive_ngroute,0.09837180150321723,0,2.4095999999999997,false,false,11.3125,2.58158e6,2.3276253246753244e6,4
9.141,use_adaptive_ngroute,0.09829293356338809,0,2.9379999999999997,false,false,11.520833333333334,2.58158e6,2.3278289285714286e6,2
4.671,use_adaptive_ngroute,0.09825204892954087,0,2.2755,false,false,11.5625,2.58158e6,2.327934475524476e6,1
10.469,use_adaptive_ngroute,0.09823094356566153,0,2.55725,false,false,11.666666666666668,2.58158e6,2.3279889607097595e6,2
12.494,use_SR3_cuts,0.09823001728346492,14,4.106,false,false,11.729166666666668,2.58158e6,2.3279913519813525e6,0
1922.825,use_adaptive_ngroute,0.03531959588303857,0,256.73371428571426,false,false,11.729166666666668,2.44148e6,2.355247913043479e6,2
487.037,use_SR3_cuts,0.034831377324864854,10,95.1126,false,false,11.8125,2.44148e6,2.356439888888889e6,0
924.505,none,0.03241253044365955,0,433.40799999999996,false,true,11.8125,2.44148e6,2.362345455172414e6,0
