CG_time_taken,method,CG_LP_IP_gap,implemented_SR3_cuts_count,CG_sp_time_taken_mean,converged,time_limit_reached,ngroute_neighborhood_size,CGIP_objective,CGLP_objective,cycles_lookup_length
160.535,use_adaptive_ngroute,0.9999636282457284,0,0.6411935483870969,false,false,7.0,6.0e10,2.1823052563001146e6,47
121.828,use_adaptive_ngroute,0.27676616416220257,0,4.0125652173913045,false,false,11.75,3.12387e6,2.2592884827586203e6,13
95.444,use_adaptive_ngroute,0.2761071119538876,0,9.164100000000001,false,false,13.041666666666666,3.12387e6,2.261347276180609e6,12
74.093,use_adaptive_ngroute,0.27561783272439444,0,12.140333333333333,false,false,14.104166666666668,3.12387e6,2.262875720887246e6,12
95.088,use_SR3_cuts,0.27527496261821627,14,23.541,false,false,15.145833333333334,3.12387e6,2.263946802525833e6,0
2526.206,none,0.0921814835290995,0,943.613,false,true,15.145833333333334,2.53612e6,2.30233669599218e6,0
