CG_time_taken,method,CG_LP_IP_gap,implemented_SR3_cuts_count,CG_sp_time_taken_mean,converged,time_limit_reached,ngroute_neighborhood_size,CGIP_objective,CGLP_objective,cycles_lookup_length
290.016,use_adaptive_ngroute,0.9999652807919631,0,0.966,false,false,7.0,6.0e10,2.0831524822107079e6,42
133.868,use_adaptive_ngroute,0.15141333522266265,0,5.763578947368421,false,false,10.395833333333332,2.51887e6,2.137479492307692e6,23
178.1,use_adaptive_ngroute,0.1504174490942367,0,17.132399999999997,false,false,12.354166666666668,2.51887e6,2.139988e6,1
159.969,use_adaptive_ngroute,0.12169529444095384,0,22.65342857142857,false,false,12.375,2.437496e6,2.1408642065813527e6,2
55.332,use_SR3_cuts,0.12165086575184814,10,18.287666666666663,false,false,12.416666666666666,2.437496e6,2.140972501333333e6,0
2657.377,none,0.1167680383367301,0,1368.3700000000001,false,true,12.416666666666666,2.437496e6,2.1528743736263737e6,0
