CG_time_taken,method,CG_LP_IP_gap,implemented_SR3_cuts_count,CG_sp_time_taken_mean,converged,time_limit_reached,ngroute_neighborhood_size,CGIP_objective,CGLP_objective,cycles_lookup_length
88.182,use_adaptive_ngroute,0.9999630592854316,0,0.41003125,false,false,7.0,6.0e10,2.216442874100719e6,43
65.239,use_adaptive_ngroute,0.1774943348073834,0,4.3248461538461545,false,false,10.375,2.72718e6,2.243121e6,3
44.552,use_adaptive_ngroute,0.17662022111315878,0,6.0768571428571425,false,false,10.4375,2.72718e6,2.2455048653846155e6,19
67.801,use_adaptive_ngroute,0.10970521042126535,0,8.117500000000001,false,false,11.895833333333334,2.522432e6,2.245708066666667e6,8
35.147,use_SR3_cuts,0.10965214955609959,6,8.694,false,false,12.583333333333334,2.522432e6,2.2458419090909087e6,0
347.585,use_adaptive_ngroute,0.03146405834753818,0,56.11516666666666,false,false,12.583333333333334,2.35183e6,2.277831883656509e6,3
257.469,use_SR3_cuts,0.031356964576521484,10,83.31666666666665,false,false,12.6875,2.35183e6,2.2780837499999995e6,0
2622.385,none,0.02341570256619463,0,1026.588,false,true,12.6875,2.343662e6,2.2887835076923072e6,0
