CG_time_taken,method,CG_LP_IP_gap,implemented_SR3_cuts_count,CG_sp_time_taken_mean,converged,time_limit_reached,ngroute_neighborhood_size,CGIP_objective,CGLP_objective,cycles_lookup_length
1.844,use_adaptive_ngroute,0.39866153732871523,0,0.05891666666666668,false,false,5.0,1.919416e6,1.1542186666666667e6,18
1.594,use_adaptive_ngroute,0.0807158258116093,0,0.10454545454545454,false,false,7.75,1.55611e6,1.4305072962962966e6,11
0.645,use_adaptive_ngroute,0.05135782800295563,0,0.14875000000000002,false,false,9.350000000000001,1.51584e6,1.4379897499999998e6,1
0.457,use_adaptive_ngroute,0.05112560083467321,0,0.139,false,false,9.4,1.51584e6,1.438341769230769e6,3
0.351,use_SR3_cuts,0.04998529810911079,6,0.1655,false,false,9.549999999999999,1.51584e6,1.4400702857142854e6,0
7.753,none,0.0,0,1.4882,true,false,9.549999999999999,1.456701e6,1.456701e6,0
