CG_time_taken,method,CG_LP_IP_gap,implemented_SR3_cuts_count,CG_sp_time_taken_mean,converged,time_limit_reached,ngroute_neighborhood_size,CGIP_objective,CGLP_objective,cycles_lookup_length
147.06,use_adaptive_ngroute,0.30181688524812167,0,0.7007058823529412,false,false,7.0,3.027048e6,2.1134338011434437e6,35
91.063,use_SR3_cuts,0.177996538515379,10,2.649375,false,false,9.6875,2.6193e6,2.153073666666668e6,0
978.18,use_adaptive_ngroute,0.07323507268043361,0,84.69163636363636,false,false,9.6875,2.33521e6,2.1641907259259247e6,5
358.732,use_adaptive_ngroute,0.072712090133221,0,70.9384,false,false,9.791666666666668,2.33521e6,2.165412000000001e6,6
444.458,use_adaptive_ngroute,0.07270069150876424,0,73.546,false,false,9.916666666666668,2.33521e6,2.1654386181818186e6,5
238.171,use_adaptive_ngroute,0.0726917305193362,0,79.23633333333333,false,false,10.104166666666666,2.33521e6,2.165459543973941e6,4
308.969,use_SR3_cuts,0.07268159273821972,4,77.00450000000001,false,false,10.25,2.33521e6,2.165483217821782e6,0
970.77,none,0.07108840485198531,0,NaN,false,true,10.25,2.33521e6,2.1692036461055954e6,0
