CG_time_taken,method,CG_LP_IP_gap,implemented_SR3_cuts_count,CG_sp_time_taken_mean,converged,time_limit_reached,ngroute_neighborhood_size,CGIP_objective,CGLP_objective,cycles_lookup_length
61.961,use_adaptive_ngroute,0.9999638845955204,0,0.3121578947368421,false,false,7.0,6.0e10,2.166924268774702e6,12
6.496,use_SR3_cuts,0.9999637881666666,5,0.27825000000000005,false,false,8.020833333333332,6.0e10,2.1727100000000014e6,0
53.103,use_adaptive_ngroute,0.22677409515051639,0,4.942,false,false,8.020833333333332,2.87088e6,2.2198387857142854e6,28
85.91,use_adaptive_ngroute,0.22298353578494623,0,11.508142857142856,false,false,9.541666666666666,2.87088e6,2.2307210267857136e6,4
59.273,use_SR3_cuts,0.22228871444889264,20,14.55275,false,false,9.9375,2.87088e6,2.232715775462963e6,0
3281.478,none,0.1993654013893541,0,NaN,false,true,9.9375,2.87088e6,2.2985258564593312e6,0
