CG_time_taken,method,CG_LP_IP_gap,implemented_SR3_cuts_count,CG_sp_time_taken_mean,converged,time_limit_reached,ngroute_neighborhood_size,CGIP_objective,CGLP_objective,cycles_lookup_length
151.705,use_adaptive_ngroute,0.9999648094873429,0,0.7471621621621621,false,false,7.0,6.0e10,2.111430759429154e6,42
247.25,use_adaptive_ngroute,0.233901132585988,0,13.263470588235293,false,false,10.0625,2.8635e6,2.1937241068400233e6,26
522.582,use_adaptive_ngroute,0.15239667044906569,0,57.58988888888889,false,false,12.625,2.590992e6,2.1961334460398345e6,9
400.883,use_adaptive_ngroute,0.15037691866992542,0,66.5095,false,false,13.6875,2.590992e6,2.2013666067415727e6,1
424.065,use_adaptive_ngroute,0.1501665979122252,0,70.53633333333333,false,false,13.708333333333334,2.590992e6,2.201911546142208e6,5
480.298,use_SR3_cuts,0.14997936633051423,17,95.8864,false,false,13.875,2.590992e6,2.2023966616725684e6,0
1269.017,none,0.1324027395778874,0,NaN,false,true,13.875,2.590992e6,2.2479375609756103e6,0
