CG_time_taken,method,CG_LP_IP_gap,implemented_SR3_cuts_count,CG_sp_time_taken_mean,converged,time_limit_reached,ngroute_neighborhood_size,CGIP_objective,CGLP_objective,cycles_lookup_length
126.119,use_adaptive_ngroute,0.9999673412974096,0,0.5136,false,false,7.0,6.0e10,1.9595221554252198e6,43
99.11,use_adaptive_ngroute,0.2336988139655748,0,3.14890909090909,false,false,11.5625,2.57834e6,1.975785e6,3
37.86,use_SR3_cuts,0.17455230465342464,4,1.9439333333333333,false,false,11.645833333333332,2.393592e6,1.975785e6,0
275.552,use_adaptive_ngroute,0.09759298498715119,0,19.10576923076923,false,false,11.645833333333332,2.2181e6,2.001629e6,7
162.084,use_SR3_cuts,0.09757502089452852,6,22.427857142857142,false,false,11.9375,2.2181e6,2.0016688461538462e6,0
463.56,use_adaptive_ngroute,0.07044897620408974,0,73.1655,false,false,11.9375,2.16868e6,2.0158987142857146e6,9
222.554,use_SR3_cuts,0.07042262706214941,3,73.40166666666666,false,false,12.979166666666668,2.16868e6,2.0159558571428577e6,0
851.649,use_SR3_cuts,0.06882988730472006,2,212.02700000000002,false,false,12.979166666666668,2.16868e6,2.0194099999999998e6,0
529.67,use_SR3_cuts,0.06839529114484433,10,263.003,false,false,12.979166666666668,2.16868e6,2.020352499999999e6,0
654.173,none,0.06583551337100613,0,NaN,false,true,12.979166666666668,2.16868e6,2.0259038388625665e6,0
