CG_time_taken,method,CG_LP_IP_gap,implemented_SR3_cuts_count,CG_sp_time_taken_mean,converged,time_limit_reached,ngroute_neighborhood_size,CGIP_objective,CGLP_objective,cycles_lookup_length
108.296,use_adaptive_ngroute,0.9999636463231929,0,0.5218787878787877,false,false,7.0,6.0e10,2.181220608426874e6,37
75.584,use_adaptive_ngroute,0.13920172244319196,0,2.52685,false,false,9.5625,2.57954e6,2.2204635888888887e6,21
60.069,use_adaptive_ngroute,0.09319401052267384,0,5.6156,false,false,10.770833333333334,2.4566e6,2.2276595937499995e6,11
36.557,use_adaptive_ngroute,0.09219630164820336,0,4.933142857142857,false,false,11.708333333333332,2.4566e6,2.2301105653710235e6,1
23.454,use_adaptive_ngroute,0.09219630164820303,0,5.647,false,false,11.729166666666668,2.4566e6,2.2301105653710244e6,2
14.464,use_adaptive_ngroute,0.09200263045340362,0,7.102,false,false,11.770833333333332,2.4566e6,2.230586338028169e6,6
41.64,use_SR3_cuts,0.09197895465277217,9,8.2042,false,false,12.0625,2.4566e6,2.2306445e6,0
656.03,use_adaptive_ngroute,0.0846009035700338,0,79.93475000000001,false,false,12.0625,2.4566e6,2.248769420289855e6,5
245.552,use_SR3_cuts,0.08457783645830796,6,61.15925000000001,false,false,12.166666666666666,2.4566e6,2.2488260869565206e6,0
1792.612,use_SR3_cuts,0.020454693646895228,1,244.4775714285714,false,false,12.166666666666666,2.30045e6,2.253395e6,0
438.528,none,0.018287818151929147,0,312.845,false,true,12.166666666666666,2.30045e6,2.2583797887323946e6,0
