CG_time_taken,method,CG_LP_IP_gap,implemented_SR3_cuts_count,CG_sp_time_taken_mean,converged,time_limit_reached,ngroute_neighborhood_size,CGIP_objective,CGLP_objective,cycles_lookup_length
75.778,use_adaptive_ngroute,0.9999625401666666,0,0.43820000000000003,false,false,7.0,6.0e10,2.24759e6,31
31.626,use_adaptive_ngroute,0.2358650871792647,0,0.9864210526315789,false,false,9.291666666666668,2.96306e6,2.264177594782608e6,19
51.037,use_adaptive_ngroute,0.15913957653357147,0,3.944083333333333,false,false,10.395833333333332,2.7102e6,2.2788999196787146e6,14
41.287,use_adaptive_ngroute,0.1578172966939707,0,4.899,false,false,11.395833333333334,2.7102e6,2.2824835625000005e6,6
31.929,use_SR3_cuts,0.15762116225724332,10,4.462714285714285,false,false,11.583333333333332,2.7102e6,2.283015126050419e6,0
1200.102,use_adaptive_ngroute,0.05857517362415032,0,116.7204,false,false,11.583333333333332,2.45627e6,2.312393558282208e6,7
655.862,use_adaptive_ngroute,0.04078770188663605,0,163.29600000000002,false,false,12.0,2.41201e6,2.313629655172415e6,1
481.157,use_adaptive_ngroute,0.040781041828911846,0,160.12099999999998,false,false,12.104166666666666,2.41201e6,2.3136457192982463e6,1
342.304,use_adaptive_ngroute,0.04077971529184765,0,170.832,false,false,12.125,2.41201e6,2.3136489189189104e6,1
313.275,use_SR3_cuts,0.04077971529184399,7,156.3665,false,false,12.145833333333334,2.41201e6,2.3136489189189193e6,0
305.776,none,0.03363131354678173,0,NaN,false,true,12.145833333333334,2.41201e6,2.330890935412027e6,0
