CG_time_taken,method,CG_LP_IP_gap,implemented_SR3_cuts_count,CG_sp_time_taken_mean,converged,time_limit_reached,ngroute_neighborhood_size,CGIP_objective,CGLP_objective,cycles_lookup_length
119.98,use_adaptive_ngroute,0.9999650282174486,0,0.8911388888888889,false,false,7.0,6.0e10,2.098306953084544e6,48
245.737,use_adaptive_ngroute,0.999963298425906,0,10.922285714285714,false,false,10.666666666666666,6.0e10,2.2020944456404736e6,29
352.989,use_adaptive_ngroute,0.2666133056344886,0,31.71136363636364,false,false,14.104166666666668,3.0152e6,2.21130756085089e6,8
205.894,use_SR3_cuts,0.2658234906932848,19,34.094166666666666,false,false,14.645833333333334,3.0152e6,2.2136890108616077e6,0
2447.969,none,0.23169440871000446,0,NaN,false,true,14.645833333333334,3.0152e6,2.3165950188575946e6,0
