CG_time_taken,method,CG_LP_IP_gap,implemented_SR3_cuts_count,CG_sp_time_taken_mean,converged,time_limit_reached,ngroute_neighborhood_size,CGIP_objective,CGLP_objective,cycles_lookup_length
142.467,use_adaptive_ngroute,0.9999646525872438,0,0.8192558139534883,false,false,7.0,6.0e10,2.120844765372169e6,38
80.568,use_adaptive_ngroute,0.132000941794997,0,3.747882352941177,false,false,9.729166666666666,2.466696e6,2.141089804878048e6,7
37.454,use_SR3_cuts,0.13187434670212628,15,4.945142857142858,false,false,10.604166666666666,2.466696e6,2.141402076487252e6,0
3316.778,none,0.07106501259025555,0,NaN,false,true,10.604166666666666,2.466696e6,2.291400217703667e6,0
