CG_time_taken,method,CG_LP_IP_gap,implemented_SR3_cuts_count,CG_sp_time_taken_mean,converged,time_limit_reached,ngroute_neighborhood_size,CGIP_objective,CGLP_objective,cycles_lookup_length
124.62,use_adaptive_ngroute,0.9999653523679348,0,0.7208529411764706,false,false,7.0,6.0e10,2.0788579239113824e6,34
94.124,use_adaptive_ngroute,0.08640244956362941,0,3.432095238095238,false,false,10.75,2.332096e6,2.130597192982458e6,14
37.74,use_adaptive_ngroute,0.08568390123448322,0,5.095714285714286,false,false,11.541666666666666,2.332096e6,2.1322729166666665e6,3
45.622,use_adaptive_ngroute,0.08565870930413333,0,8.551,false,false,11.958333333333334,2.332096e6,2.132331666666668e6,2
73.659,use_adaptive_ngroute,0.08565627944418519,0,24.401333333333334,false,false,12.041666666666666,2.332096e6,2.1323373333333335e6,4
103.699,use_SR3_cuts,0.08562726405774057,9,17.098333333333333,false,false,12.125,2.332096e6,2.1324049999999995e6,0
3078.208,none,0.0803592449385494,0,424.11285714285714,false,true,12.125,2.332096e6,2.1446905263157887e6,0
