CG_time_taken,method,CG_LP_IP_gap,implemented_SR3_cuts_count,CG_sp_time_taken_mean,converged,time_limit_reached,ngroute_neighborhood_size,CGIP_objective,CGLP_objective,cycles_lookup_length
158.087,use_adaptive_ngroute,0.9999672017640197,0,0.728,false,false,7.0,6.0e10,1.96789415881961e6,45
180.287,use_adaptive_ngroute,0.16721182229640374,0,4.988741935483873,false,false,10.958333333333334,2.52833e6,2.1055633333333335e6,17
118.355,use_adaptive_ngroute,0.1369226936726724,0,11.4744,false,false,12.416666666666666,2.44423e6,2.109559444444444e6,8
100.666,use_adaptive_ngroute,0.1361538039060205,0,12.450750000000001,false,false,13.125,2.44423e6,2.1114387878787876e6,7
141.128,use_SR3_cuts,0.1359814747384659,6,12.645545454545454,false,false,14.041666666666668,2.44423e6,2.1118599999999995e6,0
2759.392,none,0.034348661413237225,0,347.25271428571426,false,true,14.041666666666668,2.21633e6,2.14020203125e6,0
