CG_time_taken,method,CG_LP_IP_gap,implemented_SR3_cuts_count,CG_sp_time_taken_mean,converged,time_limit_reached,ngroute_neighborhood_size,CGIP_objective,CGLP_objective,cycles_lookup_length
103.568,use_adaptive_ngroute,0.2963691354703618,0,0.4737272727272727,false,false,7.0,2.75086e6,1.9355900000000005e6,18
39.958,use_adaptive_ngroute,0.154158474945297,0,0.7346470588235294,false,false,8.0,2.41249e6,2.0405842207792206e6,32
30.367,use_adaptive_ngroute,0.12874073598094837,0,1.9781818181818183,false,false,10.166666666666666,2.34634e6,2.0442704615384615e6,9
29.998,use_adaptive_ngroute,0.12866187338578383,0,3.492375,false,false,11.354166666666666,2.34634e6,2.0444555e6,1
17.944,use_SR3_cuts,0.12866187338578416,6,3.5096,false,false,11.375,2.34634e6,2.0444554999999993e6,0
517.865,use_adaptive_ngroute,0.12535507428590908,0,55.14977777777778,false,false,11.375,2.34634e6,2.052214375e6,4
308.72,use_SR3_cuts,0.12501214657722237,5,51.023,false,false,11.708333333333332,2.34634e6,2.053019e6,0
555.437,use_adaptive_ngroute,0.09857736644838266,0,74.28685714285714,false,false,11.708333333333332,2.28194e6,2.0569923644067778e6,3
583.943,use_SR3_cuts,0.0885096960353462,8,96.658,false,false,11.770833333333332,2.25728e6,2.0574888333333337e6,0
1260.696,none,0.04909512019284856,0,241.2072,false,true,11.770833333333332,2.17147e6,2.064861419354835e6,0
