CG_time_taken,method,CG_LP_IP_gap,implemented_SR3_cuts_count,CG_sp_time_taken_mean,converged,time_limit_reached,ngroute_neighborhood_size,CGIP_objective,CGLP_objective,cycles_lookup_length
95.04,use_adaptive_ngroute,0.9999645806258964,0,0.4694285714285714,false,false,7.0,6.0e10,2.12516244621624e6,47
107.669,use_adaptive_ngroute,0.1854447532526422,0,5.307277777777778,false,false,11.958333333333334,2.70495e6,2.2033312146892655e6,30
104.936,use_SR3_cuts,0.18441647103766545,9,14.832857142857144,false,false,14.5,2.70495e6,2.206112666666667e6,0
2913.157,use_adaptive_ngroute,0.08372419095452288,0,283.1844,false,false,14.5,2.44235e6,2.237866222222221e6,3
245.726,none,0.07911318436274184,0,NaN,false,true,14.625,2.44235e6,2.2491279141716575e6,0
