CG_time_taken,method,CG_LP_IP_gap,implemented_SR3_cuts_count,CG_sp_time_taken_mean,converged,time_limit_reached,ngroute_neighborhood_size,CGIP_objective,CGLP_objective,cycles_lookup_length
109.152,use_adaptive_ngroute,0.17939189298978975,0,0.5398333333333333,false,false,7.0,2.73544e6,2.2447242402400095e6,41
61.248,use_adaptive_ngroute,0.09905482546292832,0,1.7559999999999998,false,false,10.145833333333334,2.54986e6,2.2972840627450976e6,27
54.921,use_adaptive_ngroute,0.09792539361535035,0,5.778111111111111,false,false,12.9375,2.54986e6,2.3001639558359627e6,4
62.494,use_adaptive_ngroute,0.09775969155500075,0,8.736571428571429,false,false,13.166666666666666,2.54986e6,2.300586472891566e6,2
61.815,use_adaptive_ngroute,0.09773692965405911,0,10.204166666666666,false,false,13.291666666666666,2.54986e6,2.300644512552301e6,1
52.61,use_SR3_cuts,0.09773054385160562,12,12.944999999999999,false,false,13.354166666666666,2.54986e6,2.300660795454545e6,0
1418.702,use_adaptive_ngroute,0.02903396972791361,0,167.37025,false,false,13.354166666666666,2.38814e6,2.3188028155339803e6,4
710.108,use_adaptive_ngroute,0.028669893724823425,0,171.953,false,false,13.4375,2.38814e6,2.3196722800000003e6,1
477.436,use_SR3_cuts,0.02866989372482187,4,238.265,false,false,13.604166666666668,2.38814e6,2.319672280000004e6,0
428.439,none,0.026985355945221,0,NaN,false,true,13.604166666666668,2.38814e6,2.32369519205298e6,0
