CG_time_taken,method,CG_LP_IP_gap,implemented_SR3_cuts_count,CG_sp_time_taken_mean,converged,time_limit_reached,ngroute_neighborhood_size,CGIP_objective,CGLP_objective,cycles_lookup_length
168.983,use_adaptive_ngroute,0.9999648329434501,0,0.75840625,false,false,7.0,6.0e10,2.110023392997619e6,40
72.228,use_adaptive_ngroute,0.9999637411467214,0,2.679954545454546,false,false,9.9375,6.0e10,2.1755311967146285e6,18
66.179,use_adaptive_ngroute,0.9999635655511263,0,6.2972,false,false,11.4375,6.0e10,2.1860669324189397e6,5
36.941,use_adaptive_ngroute,0.9999635648644508,0,5.9961666666666655,false,false,11.895833333333334,6.0e10,2.186108132950033e6,3
14.567,use_SR3_cuts,0.9999635648644508,21,7.200500000000001,false,false,12.1875,6.0e10,2.186108132950032e6,0
3059.381,none,0.1262195966077827,0,1727.277,false,true,12.1875,2.592672e6,2.265425986023707e6,0
