CG_time_taken,method,CG_LP_IP_gap,implemented_SR3_cuts_count,CG_sp_time_taken_mean,converged,time_limit_reached,ngroute_neighborhood_size,CGIP_objective,CGLP_objective,cycles_lookup_length
3.689,use_adaptive_ngroute,0.3643267258737404,0,0.09815384615384615,false,false,5.0,2.14051e6,1.360665e6,20
2.479,use_adaptive_ngroute,0.09106947009501587,0,0.18218181818181817,false,false,7.8999999999999995,1.690454e6,1.53650525e6,13
1.88,use_adaptive_ngroute,0.04223072305392894,0,0.21662499999999998,false,false,9.4,1.63252e6,1.5635775e6,1
0.522,use_SR3_cuts,0.04180591968245417,4,0.252,false,false,9.65,1.63252e6,1.564271e6,0
3.095,use_SR3_cuts,0.03489895989023106,1,0.73425,false,false,9.65,1.63252e6,1.57554675e6,0
3.359,use_adaptive_ngroute,0.027473068221726793,0,1.0996666666666666,false,false,9.65,1.63252e6,1.5876696666666665e6,1
4.024,use_SR3_cuts,0.027348975816529064,3,1.3316666666666666,false,false,9.75,1.63252e6,1.58787225e6,0
4.278,use_SR3_cuts,0.026292020924705395,1,2.1275000000000004,false,false,9.75,1.63252e6,1.58959775e6,0
7.904,use_SR3_cuts,0.02565803175458803,10,2.6153333333333335,false,false,9.75,1.63252e6,1.59063275e6,0
13.992,use_adaptive_ngroute,0.01998342031542244,0,4.592,false,false,9.75,1.63252e6,1.5998966666666665e6,1
18.196,use_SR3_cuts,0.018341786522268144,10,4.53125,false,false,9.899999999999999,1.63252e6,1.6025766666666667e6,0
37.327,use_adaptive_ngroute,0.01751455243602329,0,9.27375,false,false,9.899999999999999,1.63252e6,1.6039271428571432e6,1
7.179,none,0.017485237546860044,0,7.1530000000000005,false,false,9.950000000000001,1.63252e6,1.603975e6,0
