CG_time_taken,method,CG_LP_IP_gap,implemented_SR3_cuts_count,CG_sp_time_taken_mean,converged,time_limit_reached,ngroute_neighborhood_size,CGIP_objective,CGLP_objective,cycles_lookup_length
75.413,use_adaptive_ngroute,0.99996196183169,0,0.4608749999999998,false,false,7.0,6.0e10,2.282290098603799e6,31
39.867,use_adaptive_ngroute,0.9999611955606239,0,1.4928636363636365,false,false,8.270833333333334,6.0e10,2.3282663625639016e6,18
32.45,use_adaptive_ngroute,0.9999611685947916,0,4.397571428571429,false,false,8.833333333333334,6.0e10,2.3298843125042776e6,7
38.955,use_SR3_cuts,0.9999611244640585,17,4.777374999999999,false,false,9.083333333333334,6.0e10,2.3325321564912787e6,0
2252.433,use_adaptive_ngroute,0.17994746756563618,0,219.2004,false,false,9.083333333333334,2.875588e6,2.3581332216378674e6,3
642.442,use_adaptive_ngroute,0.1795361360296872,0,160.26624999999999,false,false,9.1875,2.875588e6,2.3593160416666637e6,2
244.299,none,0.17949490967841952,0,149.21,false,true,9.3125,2.875588e6,2.359434591667653e6,0
