CG_time_taken,method,CG_LP_IP_gap,implemented_SR3_cuts_count,CG_sp_time_taken_mean,converged,time_limit_reached,ngroute_neighborhood_size,CGIP_objective,CGLP_objective,cycles_lookup_length
5.275,use_adaptive_ngroute,0.9998615279341551,0,0.10214285714285713,false,false,5.0,1.000189615e10,1.3849832222567848e6,16
1.211,use_adaptive_ngroute,0.06936852021314721,0,0.10766666666666666,false,false,5.8,1.591708e6,1.4812935714285718e6,10
0.835,use_adaptive_ngroute,0.01282125969852932,0,0.11316666666666665,false,false,7.2,1.53116e6,1.5115285999999999e6,1
0.241,use_SR3_cuts,0.012788374578128536,6,0.113,false,false,7.35,1.53116e6,1.5115789523809527e6,0
2.484,use_SR3_cuts,0.006370883514688619,10,0.5997499999999999,false,false,7.35,1.528124e6,1.5183885e6,0
4.445,use_SR3_cuts,0.0055191856158269825,2,1.1025,false,false,7.35,1.528124e6,1.51969e6,0
4.787,use_SR3_cuts,0.0031710896378948084,1,1.18225,false,false,7.35,1.528124e6,1.5232781818181816e6,0
2.325,use_SR3_cuts,0.0030110585484776076,1,1.1520000000000001,false,false,7.35,1.528124e6,1.5235227291666663e6,0
1.55,use_SR3_cuts,0.0029794702524139627,1,1.537,false,false,7.35,1.528124e6,1.5235710000000002e6,0
1.886,use_SR3_cuts,0.002873767890701595,10,1.871,false,false,7.35,1.528124e6,1.5237325263157894e6,0
7.753,none,0.0,0,3.7399999999999998,true,false,7.35,1.528124e6,1.528124e6,0
