CG_time_taken,method,CG_LP_IP_gap,implemented_SR3_cuts_count,CG_sp_time_taken_mean,converged,time_limit_reached,ngroute_neighborhood_size,CGIP_objective,CGLP_objective,cycles_lookup_length
2.788,use_adaptive_ngroute,0.2450798443950477,0,0.0722,false,false,5.0,1.676994e6,1.2659965714285714e6,19
1.331,use_adaptive_ngroute,0.06550835445212833,0,0.11733333333333333,false,false,7.8500000000000005,1.489984e6,1.3923776e6,10
0.444,use_adaptive_ngroute,0.058529040132869414,0,0.131,false,false,8.95,1.489984e6,1.4027766666666667e6,6
0.852,use_SR3_cuts,0.057065638885309466,2,0.13133333333333333,false,false,9.45,1.489984e6,1.404957111111111e6,0
2.487,use_SR3_cuts,0.03436652019160136,1,0.48260000000000003,false,false,9.45,1.475564e6,1.424854e6,0
1.445,use_SR3_cuts,0.03166314710849549,1,0.7065,false,false,9.45,1.475564e6,1.428843e6,0
3.282,use_SR3_cuts,0.030242899212323926,3,0.8115,false,false,9.45,1.475564e6,1.4309386666666665e6,0
1.88,use_SR3_cuts,0.029490418578929867,10,0.9285,false,false,9.45,1.475564e6,1.432049e6,0
1.337,none,0.027270928268783967,0,1.324,false,false,9.45,1.475564e6,1.435324e6,0
