CG_time_taken,method,CG_LP_IP_gap,implemented_SR3_cuts_count,CG_sp_time_taken_mean,converged,time_limit_reached,ngroute_neighborhood_size,CGIP_objective,CGLP_objective,cycles_lookup_length
1.62,use_adaptive_ngroute,0.2584019792634278,0,0.048749999999999995,false,false,5.0,1.84805e6,1.3705102222222222e6,20
0.841,use_adaptive_ngroute,0.009311540679028174,0,0.059,false,false,6.949999999999999,1.485168e6,1.471338797752809e6,9
0.341,use_SR3_cuts,0.006635388499258155,2,0.0665,false,false,7.95,1.485168e6,1.4753133333333337e6,0
0.311,use_SR3_cuts,0.0029814808829707884,10,0.14600000000000002,false,false,7.95,1.485168e6,1.48074e6,0
0.899,use_SR3_cuts,0.001918750381550316,2,0.206,false,false,7.95,1.485168e6,1.4823183333333337e6,0
0.889,use_SR3_cuts,0.0018671288366030048,10,0.28200000000000003,false,false,7.95,1.485168e6,1.482395e6,0
0.842,use_SR3_cuts,0.0018671288366030048,10,0.27199999999999996,false,false,7.95,1.485168e6,1.482395e6,0
0.73,use_SR3_cuts,0.0018671288366030048,10,0.334,false,false,7.95,1.485168e6,1.482395e6,0
0.318,none,0.0,0,0.304,true,false,7.95,1.485168e6,1.485168e6,0
