CG_time_taken,method,CG_LP_IP_gap,implemented_SR3_cuts_count,CG_sp_time_taken_mean,converged,time_limit_reached,ngroute_neighborhood_size,CGIP_objective,CGLP_objective,cycles_lookup_length
2.826,use_adaptive_ngroute,0.31413789782849444,0,0.07441176470588236,false,false,5.0,1.92855e6,1.322719357142857e6,20
0.979,use_adaptive_ngroute,0.04220925941511988,0,0.0925,false,false,8.200000000000001,1.54459e6,1.479394e6,1
0.331,use_SR3_cuts,0.033896373794987666,3,0.0715,false,false,8.25,1.54459e6,1.492234e6,0
1.984,use_adaptive_ngroute,0.019395697240044196,0,0.376,false,false,8.25,1.54459e6,1.5146316e6,6
1.611,use_adaptive_ngroute,0.012631701616610091,0,0.39025,false,false,8.95,1.54459e6,1.5250792000000002e6,2
0.735,use_SR3_cuts,0.012631701616610314,2,0.35700000000000004,false,false,9.05,1.54459e6,1.5250792e6,0
1.676,use_SR3_cuts,0.011127872121404425,2,0.5403333333333333,false,false,9.05,1.54459e6,1.527402e6,0
5.927,use_SR3_cuts,0.007442751798211855,1,1.42525,false,false,9.05,1.54459e6,1.533094e6,0
2.81,use_SR3_cuts,0.005891099471920236,1,1.394,false,false,9.05,1.54459e6,1.5354906666666667e6,0
1.731,use_SR3_cuts,0.005255332051439687,10,1.7169999999999999,false,false,9.05,1.54459e6,1.5364726666666667e6,0
4.114,use_SR3_cuts,0.0010073870735923807,10,2.032,false,false,9.05,1.54459e6,1.543034e6,0
2.907,none,0.0,0,2.891,true,false,9.05,1.54459e6,1.54459e6,0
