CG_time_taken,method,CG_LP_IP_gap,implemented_SR3_cuts_count,CG_sp_time_taken_mean,converged,time_limit_reached,ngroute_neighborhood_size,CGIP_objective,CGLP_objective,cycles_lookup_length
4.679,use_adaptive_ngroute,0.21828857863424345,0,0.10318749999999999,false,false,5.0,1.59436e6,1.2463294217687077e6,20
1.975,use_adaptive_ngroute,0.0695207054177599,0,0.0994,false,false,8.65,1.47884e6,1.37603e6,2
0.283,use_adaptive_ngroute,0.06691984934137585,0,0.084,false,false,8.75,1.47884e6,1.3798762499999998e6,4
0.303,use_SR3_cuts,0.06563577859323177,3,0.09000000000000001,false,false,8.95,1.47884e6,1.3817751851851852e6,0
2.151,use_adaptive_ngroute,0.009135651444137083,0,0.3924,false,false,8.95,1.40603e6,1.393185e6,5
2.417,none,0.0,0,0.46579999999999994,true,false,9.549999999999999,1.40518e6,1.40518e6,0
