CG_time_taken,method,CG_LP_IP_gap,implemented_SR3_cuts_count,CG_sp_time_taken_mean,converged,time_limit_reached,ngroute_neighborhood_size,CGIP_objective,CGLP_objective,cycles_lookup_length
2.927,use_adaptive_ngroute,0.2951752465887292,0,0.07657142857142858,false,false,5.0,1.744733e6,1.2297310064935067e6,19
0.701,use_adaptive_ngroute,0.059631872431520905,0,0.06385714285714285,false,false,6.5,1.401851e6,1.318256e6,4
0.293,use_adaptive_ngroute,0.054142701328457665,0,0.051000000000000004,false,false,7.0,1.401851e6,1.3259510000000002e6,2
0.104,use_adaptive_ngroute,0.054010336650931134,0,0.0405,false,false,7.2,1.401851e6,1.3261365555555555e6,4
0.247,use_adaptive_ngroute,0.05072436371625799,0,0.06966666666666667,false,false,7.4,1.401851e6,1.330743e6,2
0.118,use_adaptive_ngroute,0.05072436371625799,0,0.053,false,false,7.799999999999999,1.401851e6,1.330743e6,2
0.3,use_SR3_cuts,0.015743536387239243,3,0.069,false,false,7.95,1.352301e6,1.331011e6,0
0.823,use_SR3_cuts,0.007862524689399741,3,0.26266666666666666,false,false,7.95,1.352301e6,1.3416685e6,0
2.535,use_SR3_cuts,0.007726747882970564,2,0.62175,false,false,7.95,1.352301e6,1.341852111111111e6,0
3.267,use_SR3_cuts,0.000990164172029795,2,0.7992499999999999,false,false,7.95,1.352301e6,1.350962e6,0
1.121,use_SR3_cuts,0.00017008047764510703,10,0.5519999999999999,false,false,7.95,1.352301e6,1.352071e6,0
3.911,none,0.0,0,1.295,true,false,7.95,1.352301e6,1.352301e6,0
