CG_time_taken,method,CG_LP_IP_gap,implemented_SR3_cuts_count,CG_sp_time_taken_mean,converged,time_limit_reached,ngroute_neighborhood_size,CGIP_objective,CGLP_objective,cycles_lookup_length
3.825,use_adaptive_ngroute,0.9999786133182261,0,0.10225,false,false,5.0,6.0e10,1.2832009064327485e6,19
5.055,use_adaptive_ngroute,0.1315992272259211,0,0.3082857142857143,false,false,6.25,1.61752e6,1.4046556179775281e6,13
1.393,use_adaptive_ngroute,0.036606510372744316,0,0.22116666666666668,false,false,7.8999999999999995,1.48225e6,1.4279899999999998e6,6
0.794,use_SR3_cuts,0.0356507561702365,6,0.25466666666666665,false,false,8.7,1.48225e6,1.429406666666667e6,0
9.573,use_SR3_cuts,0.03510204081632651,3,1.048222222222222,false,false,8.7,1.48225e6,1.43022e6,0
79.454,use_SR3_cuts,0.015610146422589732,3,15.767000000000001,false,false,8.7,1.48225e6,1.4591118604651163e6,0
98.719,use_SR3_cuts,0.014947353203382807,10,19.716399999999997,false,false,8.7,1.48225e6,1.460094285714286e6,0
68.142,use_SR3_cuts,0.004398718164951743,10,13.546000000000001,false,false,8.7,1.48225e6,1.4757300000000002e6,0
118.673,none,0.0,0,59.303000000000004,true,false,8.7,1.48225e6,1.48225e6,0
