CG_time_taken,method,CG_LP_IP_gap,implemented_SR3_cuts_count,CG_sp_time_taken_mean,converged,time_limit_reached,ngroute_neighborhood_size,CGIP_objective,CGLP_objective,cycles_lookup_length
5.912,use_adaptive_ngroute,0.3810549917889414,0,0.12905263157894736,false,false,5.0,2.097484e6,1.298227251602564e6,22
5.34,use_adaptive_ngroute,0.11098308275974367,0,0.35415384615384615,false,false,8.291666666666666,1.663694e6,1.479052111111111e6,2
1.197,use_SR3_cuts,0.11095466395602338,5,0.3823333333333333,false,false,8.375,1.663694e6,1.4790993913043477e6,0
17.15,none,0.0,0,3.3356,true,false,8.375,1.4955e6,1.4955e6,0
