CG_time_taken,method,CG_LP_IP_gap,implemented_SR3_cuts_count,CG_sp_time_taken_mean,converged,time_limit_reached,ngroute_neighborhood_size,CGIP_objective,CGLP_objective,cycles_lookup_length
2.524,use_adaptive_ngroute,0.3030270549715369,0,0.059222222222222225,false,false,5.0,2.062798e6,1.4377143970588236e6,15
1.666,use_adaptive_ngroute,0.02874052488940304,0,0.1289,false,false,6.916666666666666,1.546822e6,1.5023655238095238e6,5
0.865,use_adaptive_ngroute,0.02377627591711684,0,0.09885714285714285,false,false,7.375,1.546822e6,1.5100443333333335e6,4
0.716,use_adaptive_ngroute,0.02015314841224991,0,0.1645,false,false,7.625,1.546822e6,1.5156486666666667e6,1
0.306,use_adaptive_ngroute,0.02015314841225002,0,0.14450000000000002,false,false,7.666666666666667,1.546822e6,1.5156486666666665e6,1
0.333,use_adaptive_ngroute,0.019706937837708494,0,0.159,false,false,7.708333333333333,1.546822e6,1.516338875e6,2
1.535,none,0.0,0,0.1606666666666667,true,false,7.833333333333334,1.516428e6,1.516428e6,0
