CG_time_taken,method,CG_LP_IP_gap,implemented_SR3_cuts_count,CG_sp_time_taken_mean,converged,time_limit_reached,ngroute_neighborhood_size,CGIP_objective,CGLP_objective,cycles_lookup_length
4.198,use_adaptive_ngroute,0.9998542801845284,0,0.10647058823529414,false,false,5.0,1.000194076e10,1.4574809619047618e6,23
2.529,use_adaptive_ngroute,0.10599508616351161,0,0.1664166666666667,false,false,7.75,1.750567e6,1.5650155e6,4
1.117,use_adaptive_ngroute,0.09834235136387237,0,0.171,false,false,8.041666666666666,1.750567e6,1.578412125e6,14
1.316,use_SR3_cuts,0.0956886159360556,4,0.2444,false,false,9.625,1.750567e6,1.583057666666667e6,0
15.521,use_SR3_cuts,0.002871393781777587,7,2.459,false,false,9.625,1.603104e6,1.5985008571428573e6,0
9.767,none,0.0,0,3.2256666666666667,true,false,9.625,1.603104e6,1.603104e6,0
