CG_time_taken,method,CG_LP_IP_gap,implemented_SR3_cuts_count,CG_sp_time_taken_mean,converged,time_limit_reached,ngroute_neighborhood_size,CGIP_objective,CGLP_objective,cycles_lookup_length
3.358,use_adaptive_ngroute,0.16261460262629812,0,0.08474999999999999,false,false,5.0,1.82045e6,1.5244182466489556e6,16
1.638,use_adaptive_ngroute,0.048247336698524435,0,0.12045454545454545,false,false,6.333333333333333,1.649832e6,1.570232e6,1
0.609,use_adaptive_ngroute,0.04663505132643808,0,0.1062,false,false,6.375,1.649832e6,1.572892e6,6
0.614,use_adaptive_ngroute,0.04465378899184891,0,0.09150000000000001,false,false,6.916666666666666,1.649832e6,1.57616075e6,8
0.346,use_SR3_cuts,0.04429743957768639,3,0.107,false,false,7.333333333333334,1.649832e6,1.5767486666666665e6,0
4.139,none,0.0,0,0.5804285714285714,true,false,7.333333333333334,1.577692e6,1.577692e6,0
