CG_time_taken,method,CG_LP_IP_gap,implemented_SR3_cuts_count,CG_sp_time_taken_mean,converged,time_limit_reached,ngroute_neighborhood_size,CGIP_objective,CGLP_objective,cycles_lookup_length
6.414,use_adaptive_ngroute,0.32919965913578175,0,0.155625,false,false,5.0,1.961778e6,1.3159613510999244e6,23
2.886,use_adaptive_ngroute,0.14610228046192653,0,0.13794117647058826,false,false,6.541666666666667,1.74833e6,1.492895e6,6
1.572,use_SR3_cuts,0.09741667066903603,10,0.1577777777777778,false,false,6.875,1.66568e6,1.503415e6,0
2.455,use_SR3_cuts,0.051120668006027103,10,0.579,false,false,6.875,1.5928e6,1.511375e6,0
6.294,use_adaptive_ngroute,0.038231939561359396,0,1.525,false,false,6.875,1.5928e6,1.5319041666666667e6,6
10.641,use_adaptive_ngroute,0.03782973903398634,0,1.7376666666666667,false,false,7.416666666666667,1.5928e6,1.5325447916666665e6,1
3.787,use_SR3_cuts,0.03706680060271206,5,1.8809999999999998,false,false,7.458333333333333,1.5928e6,1.5337600000000002e6,0
14.004,use_SR3_cuts,0.0333284153691612,3,4.6306666666666665,false,false,7.458333333333333,1.5928e6,1.5397145e6,0
23.05,use_SR3_cuts,0.03311903566047214,1,5.718,false,false,7.458333333333333,1.5928e6,1.540048e6,0
34.78,use_SR3_cuts,0.03284467604218988,1,8.67,false,false,7.458333333333333,1.5928e6,1.540485e6,0
16.203,none,0.03241147664490207,0,8.084000000000001,false,false,7.458333333333333,1.5928e6,1.541175e6,0
