CG_time_taken,method,CG_LP_IP_gap,implemented_SR3_cuts_count,CG_sp_time_taken_mean,converged,time_limit_reached,ngroute_neighborhood_size,CGIP_objective,CGLP_objective,cycles_lookup_length
11.583,use_adaptive_ngroute,0.42469284772759996,0,0.2796666666666667,false,false,5.0,2.1495e6,1.236622723809524e6,24
4.506,use_adaptive_ngroute,0.026926956062626517,0,0.32175000000000004,false,false,8.708333333333334,1.47733e6,1.43755e6,1
1.829,use_SR3_cuts,0.013955360889993496,1,0.265,false,false,8.75,1.463022e6,1.442605e6,0
3.208,use_SR3_cuts,0.009802996810710951,1,0.6132,false,false,8.75,1.463022e6,1.44868e6,0
6.032,none,0.0,0,0.5805,true,false,8.75,1.463022e6,1.463022e6,0
