CG_time_taken,method,CG_LP_IP_gap,implemented_SR3_cuts_count,CG_sp_time_taken_mean,converged,time_limit_reached,ngroute_neighborhood_size,CGIP_objective,CGLP_objective,cycles_lookup_length
3.653,use_adaptive_ngroute,0.13727488299657697,0,0.06678947368421052,false,false,5.0,1.90905e6,1.6469853846153847e6,14
1.385,use_adaptive_ngroute,0.05273801555224622,0,0.10644444444444442,false,false,6.291666666666667,1.80673e6,1.7114466451612902e6,16
1.744,use_adaptive_ngroute,0.0009694981523700186,0,0.15022222222222223,false,false,8.0,1.72383e6,1.72215875e6,7
0.831,use_SR3_cuts,0.0005539989442114868,3,0.1456,false,false,8.291666666666666,1.72383e6,1.722875e6,0
1.25,none,0.0,0,0.38966666666666666,true,false,8.291666666666666,1.72383e6,1.72383e6,0
