CG_time_taken,method,CG_LP_IP_gap,implemented_SR3_cuts_count,CG_sp_time_taken_mean,converged,time_limit_reached,ngroute_neighborhood_size,CGIP_objective,CGLP_objective,cycles_lookup_length
2.243,use_adaptive_ngroute,0.3196880935982702,0,0.0535,false,false,5.0,1.975704e6,1.3440949547255232e6,15
1.143,use_adaptive_ngroute,0.13526069171114175,0,0.08688888888888888,false,false,6.0,1.642658e6,1.4204709426751593e6,9
0.731,use_adaptive_ngroute,0.025549842241842535,0,0.10033333333333333,false,false,7.550000000000001,1.471028e6,1.4334434666666668e6,4
0.233,use_adaptive_ngroute,0.024084200527340838,0,0.10650000000000001,false,false,7.8999999999999995,1.471028e6,1.4355994666666668e6,3
0.454,use_adaptive_ngroute,0.02324288411460107,0,0.10625000000000001,false,false,8.05,1.471028e6,1.4368370666666667e6,7
0.132,use_SR3_cuts,0.02315810591111933,3,0.123,false,false,8.5,1.471028e6,1.436961777777778e6,0
3.587,use_SR3_cuts,0.014285618937603939,10,0.5778333333333333,false,false,8.5,1.471028e6,1.4500134545454544e6,0
6.036,none,0.007256150120867888,0,1.9916666666666667,false,false,8.5,1.471028e6,1.460354e6,0
