CG_time_taken,method,CG_LP_IP_gap,implemented_SR3_cuts_count,CG_sp_time_taken_mean,converged,time_limit_reached,ngroute_neighborhood_size,CGIP_objective,CGLP_objective,cycles_lookup_length
4.733,use_adaptive_ngroute,0.34901189643733355,0,0.14193333333333336,false,false,5.0,2.06748e6,1.3459048843537415e6,23
2.957,use_adaptive_ngroute,0.006176017712525517,0,0.16264285714285712,false,false,8.458333333333334,1.547424e6,1.537867081967213e6,1
0.64,use_adaptive_ngroute,0.004668532994189012,0,0.116,false,false,8.5,1.547424e6,1.5401998e6,2
0.379,use_SR3_cuts,0.004284632303197089,4,0.1725,false,false,8.583333333333332,1.547424e6,1.5407938571428575e6,0
1.286,none,0.0,0,0.4123333333333333,true,false,8.583333333333332,1.547424e6,1.547424e6,0
