CG_time_taken,method,CG_LP_IP_gap,implemented_SR3_cuts_count,CG_sp_time_taken_mean,converged,time_limit_reached,ngroute_neighborhood_size,CGIP_objective,CGLP_objective,cycles_lookup_length
44.18,use_adaptive_ngroute,0.409818881119169,0,1.140421052631579,false,false,5.0,2.23062e6,1.3164698073979593e6,23
4.447,use_adaptive_ngroute,0.0706615396512299,0,0.18863157894736846,false,false,6.5,1.663866e6,1.5462946666666667e6,1
0.681,use_SR3_cuts,0.00961586908754275,2,0.20666666666666667,false,false,6.541666666666667,1.561308e6,1.5462946666666667e6,0
3.348,use_SR3_cuts,0.0002593978894619431,10,0.6366,false,false,6.541666666666667,1.561308e6,1.560903e6,0
8.763,none,0.0,0,0.9488888888888889,true,false,6.541666666666667,1.561308e6,1.561308e6,0
