CG_time_taken,method,CG_LP_IP_gap,implemented_SR3_cuts_count,CG_sp_time_taken_mean,converged,time_limit_reached,ngroute_neighborhood_size,CGIP_objective,CGLP_objective,cycles_lookup_length
7.102,use_adaptive_ngroute,0.3678772608736287,0,0.15162500000000004,false,false,5.0,2.17961e6,1.37778104342723e6,23
2.327,use_adaptive_ngroute,0.08356309810388696,0,0.12393333333333334,false,false,7.083333333333333,1.68354e6,1.542858181818182e6,6
0.896,use_SR3_cuts,0.0789161438685656,6,0.1468,false,false,7.708333333333333,1.68354e6,1.5506815151515151e6,0
4.607,use_SR3_cuts,0.042901854077567414,1,0.6923333333333332,false,false,7.708333333333333,1.63909e6,1.56877e6,0
1.499,use_SR3_cuts,0.042901854077567414,10,0.48533333333333334,false,false,7.708333333333333,1.63909e6,1.56877e6,0
25.655,use_adaptive_ngroute,0.0007229818140442879,0,4.185333333333333,false,false,7.708333333333333,1.58199e6,1.58084625e6,1
5.382,none,0.0,0,2.669,true,false,7.916666666666667,1.58199e6,1.58199e6,0
