CG_time_taken,method,CG_LP_IP_gap,implemented_SR3_cuts_count,CG_sp_time_taken_mean,converged,time_limit_reached,ngroute_neighborhood_size,CGIP_objective,CGLP_objective,cycles_lookup_length
61.415,use_adaptive_ngroute,0.5086422012599647,0,1.562117647058824,false,false,5.0,2.45874e6,1.2081210740740742e6,24
5.944,use_adaptive_ngroute,0.04105716395439152,0,0.27418750000000003,false,false,8.291666666666666,1.4897e6,1.428537142857143e6,10
1.624,use_adaptive_ngroute,0.036378129824796934,0,0.34850000000000003,false,false,9.875,1.4897e6,1.4355075e6,4
2.087,use_SR3_cuts,0.031677518963549756,10,0.3338333333333333,false,false,10.041666666666666,1.4897e6,1.44251e6,0
9.819,use_SR3_cuts,0.026678525877693482,3,1.6111666666666666,false,false,10.041666666666666,1.4897e6,1.449957e6,0
15.294,none,0.02370151626856387,0,3.757,false,false,10.041666666666666,1.489314e6,1.454015e6,0
