CG_time_taken,method,CG_LP_IP_gap,implemented_SR3_cuts_count,CG_sp_time_taken_mean,converged,time_limit_reached,ngroute_neighborhood_size,CGIP_objective,CGLP_objective,cycles_lookup_length
5.379,use_adaptive_ngroute,0.42668932459624476,0,0.13356250000000003,false,false,5.0,2.03007e6,1.1638608028169014e6,20
3.289,use_adaptive_ngroute,0.07660586254547663,0,0.23654545454545456,false,false,7.35,1.44868e6,1.337702619047619e6,13
2.415,use_adaptive_ngroute,0.05301377806002694,0,0.31,false,false,9.1,1.44868e6,1.3718800000000002e6,5
0.746,use_adaptive_ngroute,0.04833135452043702,0,0.364,false,false,9.65,1.44868e6,1.3786633333333333e6,3
1.773,use_SR3_cuts,0.044509484496231266,1,0.343,false,false,9.799999999999999,1.44868e6,1.3841999999999998e6,0
2.917,use_SR3_cuts,0.04321261424193057,10,0.9536666666666666,false,false,9.799999999999999,1.44868e6,1.38607875e6,0
20.36,none,0.0,0,6.725666666666666,true,false,9.799999999999999,1.42374e6,1.42374e6,0
