CG_time_taken,method,CG_LP_IP_gap,implemented_SR3_cuts_count,CG_sp_time_taken_mean,converged,time_limit_reached,ngroute_neighborhood_size,CGIP_objective,CGLP_objective,cycles_lookup_length
7.229,use_adaptive_ngroute,0.3857492112973465,0,0.14444444444444443,false,false,5.0,2.17941e6,1.33870431140645e6,14
4.907,use_adaptive_ngroute,0.10001024480997933,0,0.23164285714285718,false,false,5.874999999999999,1.62684e6,1.4641393333333333e6,7
2.009,use_SR3_cuts,0.07400574119151271,5,0.22974999999999998,false,false,6.666666666666666,1.62684e6,1.5064444999999995e6,0
4.045,use_adaptive_ngroute,0.06994234220943674,0,1.3263333333333331,false,false,6.666666666666666,1.62684e6,1.513055e6,1
2.166,use_SR3_cuts,0.06992834096913159,3,1.069,false,false,7.0,1.62684e6,1.513077777777778e6,0
9.882,use_SR3_cuts,0.000442926974535518,10,2.4429999999999996,false,false,7.0,1.51589e6,1.5152185714285714e6,0
13.404,none,0.0,0,4.407333333333334,true,false,7.0,1.51589e6,1.51589e6,0
