CG_time_taken,method,CG_LP_IP_gap,implemented_SR3_cuts_count,CG_sp_time_taken_mean,converged,time_limit_reached,ngroute_neighborhood_size,CGIP_objective,CGLP_objective,cycles_lookup_length
6.407,use_adaptive_ngroute,0.43449203256732294,0,0.18840000000000004,false,false,5.0,2.46501e6,1.3939827948012233e6,24
7.59,use_adaptive_ngroute,0.030827927792024923,0,0.30050000000000004,false,false,8.625,1.59096e6,1.541914e6,5
1.877,use_adaptive_ngroute,0.02750331037025855,0,0.20299999999999999,false,false,9.333333333333334,1.59096e6,1.5472033333333335e6,1
2.151,use_SR3_cuts,0.02750331037025855,2,0.2654285714285714,false,false,9.375,1.59096e6,1.5472033333333335e6,0
3.261,use_SR3_cuts,0.02345753507316295,1,0.6138,false,false,9.375,1.59096e6,1.5536400000000007e6,0
2.778,use_SR3_cuts,0.020201639261829385,10,0.8693333333333334,false,false,9.375,1.59096e6,1.55882e6,0
6.62,none,0.020201639261829385,0,1.5112499999999998,false,false,9.375,1.59096e6,1.55882e6,0
