CG_time_taken,method,CG_LP_IP_gap,implemented_SR3_cuts_count,CG_sp_time_taken_mean,converged,time_limit_reached,ngroute_neighborhood_size,CGIP_objective,CGLP_objective,cycles_lookup_length
10.346,use_adaptive_ngroute,0.4473370643430783,0,0.15330434782608696,false,false,5.0,2.27245e6,1.2558988881335717e6,23
3.845,use_adaptive_ngroute,0.01501249922980108,0,0.3018,false,false,8.041666666666666,1.51476e6,1.4920196666666665e6,6
1.84,use_adaptive_ngroute,0.008611857957157243,0,0.2768333333333333,false,false,8.416666666666666,1.51476e6,1.5017151020408166e6,9
0.323,use_SR3_cuts,0.0069980282905103275,4,0.309,false,false,9.083333333333334,1.51476e6,1.5041596666666665e6,0
6.967,none,0.0,0,1.3221999999999998,true,false,9.083333333333334,1.51476e6,1.51476e6,0
