CG_time_taken,method,CG_LP_IP_gap,implemented_SR3_cuts_count,CG_sp_time_taken_mean,converged,time_limit_reached,ngroute_neighborhood_size,CGIP_objective,CGLP_objective,cycles_lookup_length
4.809,use_adaptive_ngroute,0.3571135007910471,0,0.12343749999999999,false,false,5.0,2.00504e6,1.289013146373919e6,24
3.032,use_adaptive_ngroute,0.04295628617381564,0,0.18416666666666667,false,false,7.666666666666667,1.518805e6,1.453562777777778e6,10
1.698,use_SR3_cuts,0.04124671322896245,1,0.146,false,false,8.625,1.518805e6,1.4561592857142857e6,0
1.615,use_SR3_cuts,0.03759863840321831,10,0.5230000000000001,false,false,8.625,1.518805e6,1.4617e6,0
2.702,none,0.026121786429248783,0,0.65,false,false,8.625,1.51856e6,1.4788925e6,0
