CG_time_taken,method,CG_LP_IP_gap,implemented_SR3_cuts_count,CG_sp_time_taken_mean,converged,time_limit_reached,ngroute_neighborhood_size,CGIP_objective,CGLP_objective,cycles_lookup_length
5.187,use_adaptive_ngroute,0.2907188281260994,0,0.11294444444444444,false,false,5.0,1.98231e6,1.406015159817352e6,15
3.788,use_adaptive_ngroute,0.1325824413025246,0,0.20138461538461538,false,false,6.166666666666667,1.68886e6,1.4649468181818184e6,6
0.959,use_adaptive_ngroute,0.1291157940859513,0,0.169,false,false,6.458333333333334,1.68886e6,1.4708015000000002e6,8
1.874,use_adaptive_ngroute,0.127541181625475,0,0.22985714285714284,false,false,7.083333333333333,1.68886e6,1.4734608000000003e6,3
0.769,use_adaptive_ngroute,0.12740956803815773,0,0.17825000000000002,false,false,7.291666666666667,1.68886e6,1.473683076923077e6,2
0.791,use_adaptive_ngroute,0.12715497577120227,0,0.18925000000000003,false,false,7.375,1.68886e6,1.4741130476190473e6,3
1.148,use_SR3_cuts,0.127047101264676,5,0.275,false,false,8.208333333333334,1.68886e6,1.4742952325581394e6,0
29.604,use_adaptive_ngroute,0.004190783688362121,0,4.742833333333334,false,false,8.208333333333334,1.52382e6,1.517434e6,5
9.572,use_adaptive_ngroute,0.0028238748166299343,0,2.32575,false,false,8.5,1.52382e6,1.519516923076923e6,8
10.619,use_adaptive_ngroute,0.0021448290043005747,0,1.7358333333333336,false,false,9.541666666666666,1.52382e6,1.5205516666666667e6,7
10.08,use_SR3_cuts,0.0008581191004310984,2,2.50425,false,false,10.041666666666666,1.52382e6,1.522512380952381e6,0
2.554,none,0.0007349949469097616,0,2.538,false,false,10.041666666666666,1.52382e6,1.5227e6,0
