CG_time_taken,method,CG_LP_IP_gap,implemented_SR3_cuts_count,errored,CG_sp_time_taken_mean,converged,CGIP_artificial,ngroute_neighborhood_size,time_limit_reached,CGIP_objective,CGLP_objective,CGLP_artificial,cycles_lookup_length
4.073,use_adaptive_ngroute,0.22873508659964747,0,false,0.1966875,false,false,5.0,false,1.484978e6,1.1453114285714286e6,false,18
5.892,use_adaptive_ngroute,0.0004799856281949566,0,false,0.4173076923076923,false,false,6.4,false,1.22462e6,1.2240322e6,false,5
1.235,use_lmSR3_cuts,0.0003893452662867558,5,false,0.612,false,false,7.0,false,1.22462e6,1.2241432e6,false,0
5.432,none,0.0,0,false,1.2165,true,false,7.0,false,1.22462e6,1.22462e6,false,0
