CG_time_taken,method,CG_LP_IP_gap,implemented_SR3_cuts_count,errored,CG_sp_time_taken_mean,converged,CGIP_artificial,ngroute_neighborhood_size,time_limit_reached,CGIP_objective,CGLP_objective,CGLP_artificial,cycles_lookup_length
3.652,use_adaptive_ngroute,0.20784757927667086,0,false,0.2143636363636364,false,false,5.0,false,1.409186e6,1.1162901011494254e6,false,20
6.356,use_adaptive_ngroute,0.03333900483968544,0,false,0.656222222222222,false,false,7.1,false,1.269504e6,1.22718e6,false,10
5.951,use_adaptive_ngroute,0.018899976241387506,0,false,0.719875,false,false,8.200000000000001,false,1.2627e6,1.238835e6,false,10
9.26,use_lmSR3_cuts,0.004513813792164312,2,false,1.014,false,false,9.75,false,1.24839e6,1.242755e6,false,0
10.356,none,0.0,0,false,1.9937999999999998,true,false,9.75,false,1.24839e6,1.24839e6,false,0
