CG_time_taken,method,CG_LP_IP_gap,implemented_SR3_cuts_count,errored,CG_sp_time_taken_mean,converged,CGIP_artificial,ngroute_neighborhood_size,time_limit_reached,CGIP_objective,CGLP_objective,CGLP_artificial,cycles_lookup_length
17.25,use_adaptive_ngroute,0.17955596853829958,0,false,0.4335238095238096,false,false,6.0,false,1.599744e6,1.3125004166666665e6,false,24
34.133,use_adaptive_ngroute,0.019028349333725658,0,false,1.274708333333333,false,false,7.5,false,1.400174e6,1.373531e6,false,12
12.407,use_lmSR3_cuts,0.015829461195537076,2,false,1.1714000000000004,false,false,8.428571428571429,false,1.400174e6,1.37801e6,false,0
15.706,none,0.0,0,false,1.6629999999999998,true,false,8.428571428571429,false,1.383e6,1.383e6,false,0
