CG_time_taken,method,CG_LP_IP_gap,implemented_SR3_cuts_count,errored,CG_sp_time_taken_mean,converged,CGIP_artificial,ngroute_neighborhood_size,time_limit_reached,CGIP_objective,CGLP_objective,CGLP_artificial,cycles_lookup_length
14.894,use_adaptive_ngroute,0.2801802679395835,0,false,0.3503636363636363,false,false,6.0,false,1.821814e6,1.3113776653439156e6,false,26
11.434,use_adaptive_ngroute,0.03140227932993567,0,false,0.8679166666666666,false,false,8.142857142857142,false,1.47297e6,1.4267153846153847e6,false,9
5.579,use_adaptive_ngroute,0.02368080212842827,0,false,1.0748,false,false,9.0,false,1.47297e6,1.438088888888889e6,false,6
12.081,use_adaptive_ngroute,0.018491609609765813,0,false,2.386,false,false,10.214285714285715,false,1.47297e6,1.4457324137931033e6,false,5
10.665,use_adaptive_ngroute,0.01815344079255543,0,false,3.5346666666666664,false,false,10.464285714285714,false,1.47297e6,1.4462305263157897e6,false,1
8.247,use_lmSR3_cuts,0.017893552934999835,5,false,4.0985,false,false,10.607142857142856,false,1.47297e6,1.4466133333333333e6,false,0
39.236,use_lmSR3_cuts,0.01336302391313704,5,false,5.542714285714286,false,false,10.607142857142856,false,1.47297e6,1.4532866666666665e6,false,0
35.247,use_adaptive_ngroute,0.009158900530415348,0,false,8.728250000000001,false,false,10.607142857142856,false,1.47297e6,1.459479214285714e6,false,2
44.965,use_lmSR3_cuts,0.009116828350320905,5,false,11.216000000000001,false,false,10.678571428571429,false,1.47297e6,1.4595411853448278e6,false,0
39.416,use_adaptive_ngroute,0.0023077187751592287,0,false,9.75725,false,false,10.678571428571429,false,1.47297e6,1.4695707994757537e6,false,6
18.633,use_lmSR3_cuts,0.002258837586644691,5,false,18.608,false,false,11.892857142857144,false,1.47297e6,1.4696428e6,false,0
59.172,use_adaptive_ngroute,0.00010836295689387043,0,false,19.607666666666667,false,false,11.892857142857144,false,1.47297e6,1.472810384615384e6,false,4
75.828,none,0.0,0,false,25.24833333333333,true,false,12.535714285714286,false,1.47297e6,1.47297e6,false,0
