CG_time_taken,method,CG_LP_IP_gap,implemented_SR3_cuts_count,errored,CG_sp_time_taken_mean,converged,CGIP_artificial,ngroute_neighborhood_size,time_limit_reached,CGIP_objective,CGLP_objective,CGLP_artificial,cycles_lookup_length
31.514,use_adaptive_ngroute,0.2747318706505526,0,false,1.358125,false,false,6.0,false,1.828968e6,1.3264922000000002e6,false,16
4.479,use_adaptive_ngroute,0.1301181857905428,0,false,0.3812,false,false,6.892857142857143,false,1.69352e6,1.47316225e6,false,7
2.593,use_adaptive_ngroute,0.12829688065882494,0,false,0.5046,false,false,7.178571428571429,false,1.69352e6,1.4762466666666667e6,false,4
1.54,use_lmSR3_cuts,0.128038828124577,5,false,0.7434999999999999,false,false,7.821428571428572,false,1.69352e6,1.4766836837944663e6,false,0
9.821,use_lmSR3_cuts,0.12018865067507056,5,false,1.160375,false,false,7.821428571428572,false,1.690638e6,1.4874425e6,false,0
12.99,use_adaptive_ngroute,0.11902646169210185,0,false,1.8337142857142856,false,false,7.821428571428572,false,1.690638e6,1.4894073408577882e6,false,13
10.402,use_adaptive_ngroute,0.11825250943520249,0,false,2.5767499999999997,false,false,8.392857142857144,false,1.690638e6,1.4907158139534881e6,false,1
11.338,use_adaptive_ngroute,0.11822294637141506,0,false,3.7663333333333333,false,false,8.464285714285715,false,1.690638e6,1.4907657943925236e6,false,3
4.597,use_lmSR3_cuts,0.11822243042764535,5,false,4.579,false,false,8.607142857142858,false,1.690638e6,1.4907666666666665e6,false,0
41.622,use_adaptive_ngroute,0.1149033678410164,0,false,6.900666666666666,false,false,8.607142857142858,false,1.690638e6,1.4963779999999998e6,false,5
24.419,use_lmSR3_cuts,0.056928066855007176,5,false,8.124666666666666,false,false,9.285714285714285,false,1.587196e6,1.49684e6,false,0
27.833,use_adaptive_ngroute,0.0566836105937768,0,false,9.264000000000001,false,false,9.285714285714285,false,1.587196e6,1.4972279999999998e6,false,1
29.938,use_lmSR3_cuts,0.056655348713796516,5,false,9.965666666666666,false,false,9.321428571428571,false,1.587196e6,1.497272857142857e6,false,0
26.073,use_lmSR3_cuts,0.05625009675643633,5,false,8.649333333333333,false,false,9.321428571428571,false,1.587196e6,1.4979160714285714e6,false,0
45.472,use_adaptive_ngroute,0.05552394576056441,0,false,11.30375,false,false,9.321428571428571,false,1.587196e6,1.4990686153846153e6,false,3
14.598,use_adaptive_ngroute,0.05550910193914527,0,false,14.572999999999999,false,false,9.964285714285714,false,1.587196e6,1.4990921754385964e6,false,1
30.087,use_lmSR3_cuts,0.05550907246350023,5,false,15.027000000000001,false,false,10.0,false,1.587196e6,1.4990922222222222e6,false,0
82.941,use_lmSR3_cuts,0.05490081246181522,5,false,13.778999999999998,false,false,10.0,false,1.587196e6,1.5000576500638567e6,false,0
59.245,use_adaptive_ngroute,0.036474700867986876,0,false,11.811399999999999,false,false,10.0,false,1.5608e6,1.5038702868852462e6,false,3
46.572,use_lmSR3_cuts,0.035976582521783707,5,false,15.501333333333333,false,false,10.107142857142858,false,1.5608e6,1.50464775e6,false,0
55.617,use_adaptive_ngroute,0.03516950078048575,0,false,13.8515,false,false,10.107142857142858,false,1.5608e6,1.505907443181818e6,false,3
42.357,use_lmSR3_cuts,0.03514870083726884,5,false,14.082,false,false,10.428571428571429,false,1.560799991985096e6,1.5059399000000001e6,false,0
121.336,use_adaptive_ngroute,0.034644950893120474,0,false,24.196600000000004,false,false,10.428571428571429,false,1.5608e6,1.5067261606460176e6,false,3
69.66,use_lmSR3_cuts,0.03442091297342442,5,false,23.156,false,false,10.571428571428571,false,1.5608e6,1.507075839031079e6,false,0
54.817,use_lmSR3_cuts,0.033859345634716376,5,false,27.2675,false,false,10.571428571428571,false,1.5608e6,1.5079523333333347e6,false,0
183.252,use_adaptive_ngroute,0.008100698844501819,0,false,30.459166666666665,false,false,10.571428571428571,false,1.52149e6,1.5091648677150789e6,false,3
62.356,use_lmSR3_cuts,0.008079400635382261,5,false,31.0875,false,false,10.678571428571429,false,1.52149e6,1.5091972727272722e6,false,0
209.47,use_lmSR3_cuts,0.0025390296351142094,5,false,41.8118,false,false,10.678571428571429,false,1.51417e6,1.510325477497399e6,false,0
159.798,use_adaptive_ngroute,0.0022215388138163705,0,false,39.8715,false,false,10.678571428571429,false,1.51417e6,1.5108062125742836e6,false,3
36.829,use_lmSR3_cuts,0.0022020308913576203,5,false,36.74,false,false,10.857142857142858,false,1.51417e6,1.510835750885233e6,false,0
226.612,use_adaptive_ngroute,0.0009463421113633519,0,false,56.54025,false,false,10.857142857142858,false,1.51417e6,1.512737077165237e6,false,8
105.644,use_adaptive_ngroute,0.0007943354574725392,0,false,52.7105,false,false,11.178571428571427,false,1.51417e6,1.5129672410803589e6,false,3
165.852,use_lmSR3_cuts,0.0007836473361189089,5,false,82.8515,false,false,11.285714285714286,false,1.51417e6,1.5129834247130689e6,false,0
414.189,none,-2.220446049250313e-16,0,false,68.94616666666667,true,false,11.285714285714286,false,1.51417e6,1.5141700000000002e6,false,0
