CG_time_taken,method,CG_LP_IP_gap,implemented_SR3_cuts_count,errored,CG_sp_time_taken_mean,converged,CGIP_artificial,ngroute_neighborhood_size,time_limit_reached,CGIP_objective,CGLP_objective,CGLP_artificial,cycles_lookup_length
19.15,use_adaptive_ngroute,0.370752638056732,0,false,0.65295,false,false,6.0,false,1.908323e6,1.200807213485663e6,false,27
22.154,use_adaptive_ngroute,0.06881682267235112,0,false,1.5163571428571427,false,false,7.964285714285714,false,1.55906e6,1.4517704444444443e6,false,10
14.98,use_adaptive_ngroute,0.014782321177634894,0,false,1.8573749999999998,false,false,9.107142857142858,false,1.49203e6,1.4699743333333335e6,false,1
18.571,use_lmSR3_cuts,0.014782321177634894,5,false,2.3106250000000004,false,false,9.142857142857142,false,1.49203e6,1.4699743333333335e6,false,0
24.039,use_adaptive_ngroute,0.002031508366836854,0,false,3.343428571428572,false,false,9.142857142857142,false,1.49203e6,1.4889989285714284e6,false,4
16.402,use_adaptive_ngroute,0.0013252466051674183,0,false,3.2618000000000005,false,false,9.321428571428571,false,1.49203e6,1.490052692307692e6,false,4
26.797,use_lmSR3_cuts,0.001168633582190881,5,false,4.452166666666667,false,false,9.821428571428571,false,1.49203e6,1.4902863636363638e6,false,0
20.458,none,0.0,0,false,6.695,true,false,9.821428571428571,false,1.49203e6,1.49203e6,false,0
