CG_time_taken,method,CG_LP_IP_gap,implemented_SR3_cuts_count,errored,CG_sp_time_taken_mean,converged,CGIP_artificial,ngroute_neighborhood_size,time_limit_reached,CGIP_objective,CGLP_objective,CGLP_artificial,cycles_lookup_length
21.685,use_adaptive_ngroute,0.32483248068137216,0,false,0.6752857142857144,false,false,6.0,false,1.814642e6,1.2251873375913934e6,false,28
23.17,use_adaptive_ngroute,0.01097763801537388,0,false,2.494777777777778,false,false,9.035714285714286,false,1.431e6,1.415291e6,false,14
15.431,use_adaptive_ngroute,0.003895076286978827,0,false,1.904875,false,false,10.285714285714286,false,1.431e6,1.4254261458333333e6,false,6
28.008,use_adaptive_ngroute,0.0026519916142557776,0,false,3.988714285714286,false,false,11.142857142857142,false,1.431e6,1.427205e6,false,1
14.594,use_lmSR3_cuts,0.002510482180293483,3,false,3.63525,false,false,11.178571428571427,false,1.431e6,1.4274075e6,false,0
22.561,use_adaptive_ngroute,0.00041795311606629415,0,false,4.4846,false,false,11.178571428571427,false,1.431e6,1.4304019090909092e6,false,4
24.544,none,0.0,0,false,8.168333333333333,true,false,11.785714285714285,false,1.431e6,1.431e6,false,0
