CG_time_taken,method,CG_LP_IP_gap,implemented_SR3_cuts_count,errored,CG_sp_time_taken_mean,converged,CGIP_artificial,ngroute_neighborhood_size,time_limit_reached,CGIP_objective,CGLP_objective,CGLP_artificial,cycles_lookup_length
7.798,use_adaptive_ngroute,0.2435663804895828,0,false,0.25194999999999995,false,false,6.0,false,1.80905e6,1.3684262393753203e6,false,21
46.359,use_adaptive_ngroute,0.09191915887305557,0,false,2.8327500000000003,false,false,8.428571428571429,false,1.66989e6,1.5163951157894733e6,false,2
12.057,use_adaptive_ngroute,0.09084246451977274,0,false,3.9963333333333333,false,false,8.642857142857142,false,1.66989e6,1.5181930769230768e6,false,3
3.643,use_lmSR3_cuts,0.0908424645197724,5,false,3.6279999999999997,false,false,9.535714285714285,false,1.66989e6,1.5181930769230772e6,false,0
53.987,use_lmSR3_cuts,0.06510109818021459,5,false,7.65157142857143,false,false,9.535714285714285,false,1.64095e6,1.5341223529411769e6,false,0
27.846,use_adaptive_ngroute,0.06396960563682497,0,false,9.216666666666669,false,false,9.535714285714285,false,1.64095e6,1.535979075630252e6,false,5
45.109,use_adaptive_ngroute,0.06389735141472119,0,false,11.254999999999997,false,false,9.928571428571427,false,1.64095e6,1.5360976411960132e6,false,5
25.888,use_lmSR3_cuts,0.06389358006811052,5,false,12.9065,false,false,10.142857142857144,false,1.64095e6,1.536103829787234e6,false,0
65.935,use_lmSR3_cuts,0.06017912719797103,5,false,13.125599999999999,false,false,10.142857142857144,false,1.64095e6,1.5421990612244895e6,false,0
62.161,use_adaptive_ngroute,0.05694084727342885,0,false,12.366999999999997,false,false,10.142857142857144,false,1.64095e6,1.547512916666667e6,false,7
36.605,use_adaptive_ngroute,0.05640749261098743,0,false,18.274,false,false,10.892857142857142,false,1.64095e6,1.5483881250000002e6,false,2
35.47,use_lmSR3_cuts,0.05627153441009425,5,false,17.708499999999997,false,false,11.0,false,1.64095e6,1.5486112256097558e6,false,0
49.35,use_adaptive_ngroute,0.05545010602708689,0,false,16.386666666666667,false,false,11.0,false,1.64095e6,1.5499591485148517e6,false,1
33.805,use_lmSR3_cuts,0.05520786193391769,5,false,16.8845,false,false,11.035714285714285,false,1.64095e6,1.5503566589595377e6,false,0
77.338,use_adaptive_ngroute,0.05421994573830213,0,false,19.2925,false,false,11.035714285714285,false,1.64095e6,1.551977780040733e6,false,2
38.943,use_lmSR3_cuts,0.0540621239531901,5,false,19.437,false,false,11.107142857142856,false,1.64095e6,1.5522367576990128e6,false,0
86.588,use_adaptive_ngroute,0.049779608934227615,0,false,21.571749999999998,false,false,11.107142857142856,false,1.63526e6,1.553857396694215e6,false,1
47.805,use_lmSR3_cuts,0.04941362016123052,5,false,23.865,false,false,11.142857142857142,false,1.63526e6,1.5544558834951462e6,false,0
78.835,use_lmSR3_cuts,0.048595496869039745,5,false,26.23766666666667,false,false,11.142857142857142,false,1.63526e6,1.555793727789934e6,false,0
148.871,use_lmSR3_cuts,0.04630650700485761,5,false,29.716399999999997,false,false,11.142857142857142,false,1.63526e6,1.5595368213552365e6,false,0
149.898,use_lmSR3_cuts,0.04535253761571767,5,false,37.40924999999999,false,false,11.142857142857142,false,1.63526e6,1.5610968093385214e6,false,0
160.219,use_lmSR3_cuts,0.044620874286052103,5,false,39.955000000000005,false,false,11.142857142857142,false,1.63526e6,1.5622932691149905e6,false,0
115.166,use_lmSR3_cuts,0.043789109709418406,5,false,38.33566666666667,false,false,11.142857142857142,false,1.63526e6,1.5636534204565764e6,false,0
115.099,use_lmSR3_cuts,0.04353441710131234,5,false,38.288000000000004,false,false,11.142857142857142,false,1.63526e6,1.564069909090908e6,false,0
249.901,use_adaptive_ngroute,0.01775565877595575,0,false,49.797200000000004,false,false,11.142857142857142,false,1.59332e6,1.565029553759094e6,false,5
83.93,use_lmSR3_cuts,0.01772467361245289,5,false,41.895500000000006,false,false,11.5,false,1.59332e6,1.5650789230398065e6,false,0
233.532,use_adaptive_ngroute,0.017224998291745175,0,false,58.2775,false,false,11.5,false,1.59332e6,1.5658750657217966e6,false,2
104.849,use_lmSR3_cuts,0.017224747207423508,5,false,52.3625,false,false,11.571428571428571,false,1.59332e6,1.565875465779468e6,false,0
352.986,use_adaptive_ngroute,0.015611682226429613,0,false,58.7645,false,false,11.571428571428571,false,1.59195e6,1.5670969824796354e6,false,1
149.823,use_lmSR3_cuts,0.015507540658789898,5,false,49.88366666666667,false,false,11.821428571428571,false,1.59195e6,1.5672627706482394e6,false,0
184.229,use_adaptive_ngroute,0.015368624179523782,0,false,61.27033333333333,false,false,11.821428571428571,false,1.59195e6,1.567483918737407e6,false,1
66.962,use_lmSR3_cuts,0.015367525217800937,5,false,66.856,false,false,11.857142857142856,false,1.59195e6,1.5674856682295217e6,false,0
250.857,use_lmSR3_cuts,0.015131052743931894,5,false,83.52066666666666,false,false,11.857142857142856,false,1.59195e6,1.5678621205842977e6,false,0
246.452,use_lmSR3_cuts,0.015097016320025691,5,false,82.06933333333333,false,false,11.857142857142856,false,1.59195e6,1.5679163048693351e6,false,0
90.061,none,0.014884984129808432,0,false,NaN,false,false,11.857142857142856,true,1.59195e6,1.5682538495145515e6,false,0
