CG_time_taken,method,CG_LP_IP_gap,implemented_SR3_cuts_count,errored,CG_sp_time_taken_mean,converged,CGIP_artificial,ngroute_neighborhood_size,time_limit_reached,CGIP_objective,CGLP_objective,CGLP_artificial,cycles_lookup_length
8.389,use_adaptive_ngroute,0.16721534625972645,0,false,0.2749473684210526,false,false,6.0,false,1.812588e6,1.509495469953775e6,false,21
6.16,use_adaptive_ngroute,0.11874114005298486,0,false,0.9873333333333333,false,false,7.607142857142857,false,1.75374e6,1.5454989130434783e6,false,8
5.436,use_adaptive_ngroute,0.030029842070976476,0,false,0.8935,false,false,8.25,false,1.59769e6,1.5497116216216215e6,false,9
2.874,use_adaptive_ngroute,0.02974836586989127,0,false,0.9496666666666665,false,false,8.607142857142858,false,1.59769e6,1.5501613333333335e6,false,4
1.901,use_lmSR3_cuts,0.02974294137160538,5,false,0.944,false,false,9.107142857142858,false,1.59769e6,1.5501699999999998e6,false,0
7.371,use_adaptive_ngroute,0.021462236103374277,0,false,1.4175999999999997,false,false,9.107142857142858,false,1.59769e6,1.5634e6,false,2
2.989,use_adaptive_ngroute,0.021462236103374277,0,false,1.487,false,false,9.392857142857142,false,1.59769e6,1.5634e6,false,1
1.555,use_adaptive_ngroute,0.02143898825357693,0,false,1.545,false,false,9.535714285714285,false,1.59769e6,1.5634371428571427e6,false,3
6.495,use_lmSR3_cuts,0.021115127822937008,5,false,2.1576666666666666,false,false,9.892857142857142,false,1.59769e6,1.5639545714285718e6,false,0
16.213,use_adaptive_ngroute,0.01235530769463733,0,false,3.1639999999999997,false,false,9.892857142857142,false,1.5899e6,1.5702562962962962e6,false,4
6.038,use_lmSR3_cuts,0.012295089604983156,5,false,3.0095,false,false,10.178571428571429,false,1.5899e6,1.5703520370370373e6,false,0
19.183,use_adaptive_ngroute,0.006961129630794427,0,false,4.7010000000000005,false,false,10.178571428571429,false,1.5899e6,1.5788325e6,false,1
11.505,use_adaptive_ngroute,0.006094096441190189,0,false,3.824333333333333,false,false,10.214285714285715,false,1.5899e6,1.5802109960681517e6,false,1
10.825,use_lmSR3_cuts,0.0060604619506167134,5,false,5.401999999999999,false,false,10.285714285714286,false,1.5899e6,1.5802644715447144e6,false,0
26.408,use_adaptive_ngroute,0.0033288257123091913,0,false,5.2398,false,false,10.285714285714286,false,1.5899e6,1.5846074999999995e6,false,2
21.316,use_lmSR3_cuts,0.0033288257123089693,5,false,7.096333333333334,false,false,10.428571428571429,false,1.5899e6,1.5846075e6,false,0
15.054,use_adaptive_ngroute,0.0015710355831713985,0,false,4.995,false,false,10.428571428571429,false,1.5899e6,1.5874022105263157e6,false,3
11.224,use_adaptive_ngroute,0.001468811345301746,0,false,3.7226666666666666,false,false,10.75,false,1.5899e6,1.5875647368421047e6,false,1
12.065,use_lmSR3_cuts,0.001439889818175888,5,false,4.001,false,false,10.785714285714286,false,1.5899e6,1.5876107191780822e6,false,0
16.6,none,0.0,0,false,5.383666666666667,true,false,10.785714285714286,false,1.5899e6,1.5899e6,false,0
