CG_time_taken,method,CG_LP_IP_gap,implemented_SR3_cuts_count,errored,CG_sp_time_taken_mean,converged,CGIP_artificial,ngroute_neighborhood_size,time_limit_reached,CGIP_objective,CGLP_objective,CGLP_artificial,cycles_lookup_length
7.628,use_adaptive_ngroute,0.29073834827560796,0,false,0.2617368421052631,false,false,6.0,false,1.75543e6,1.2450591812865494e6,false,18
10.181,use_adaptive_ngroute,0.06275942642676835,0,false,0.9208,false,false,7.428571428571428,false,1.458506e6,1.3669709999999998e6,false,13
9.339,use_adaptive_ngroute,0.03903334034063999,0,false,1.8178,false,false,8.392857142857144,false,1.428066e6,1.3723238137931037e6,false,5
13.817,use_adaptive_ngroute,0.03517064337362574,0,false,3.4385,false,false,9.25,false,1.428066e6,1.3778399999999998e6,false,6
28.323,use_lmSR3_cuts,0.032428006361984174,5,false,4.703833333333334,false,false,9.678571428571429,false,1.428066e6,1.3817566666666667e6,false,0
31.551,use_adaptive_ngroute,0.028282156226873245,0,false,7.815499999999999,false,false,9.678571428571429,false,1.428066e6,1.387677214285714e6,false,4
16.256,use_adaptive_ngroute,0.026591847326018936,0,false,5.406000000000001,false,false,9.964285714285714,false,1.428066e6,1.3900910869565215e6,false,7
17.481,use_lmSR3_cuts,0.026485737320530722,5,false,5.817,false,false,10.321428571428571,false,1.428066e6,1.390242619047619e6,false,0
46.661,use_adaptive_ngroute,0.021903282714757943,0,false,11.593,false,false,10.321428571428571,false,1.428066e6,1.3967866666666665e6,false,1
60.13,use_adaptive_ngroute,0.020563834568640083,0,false,12.0094,false,false,10.357142857142858,false,1.428066e6,1.3986994870229005e6,false,2
36.914,use_adaptive_ngroute,0.0203009107133314,0,false,12.286000000000001,false,false,10.428571428571429,false,1.428066e6,1.3990749596412557e6,false,1
28.334,use_lmSR3_cuts,0.020286327302599827,5,false,14.155,false,false,10.464285714285714,false,1.428066e6,1.3990957857142854e6,false,0
63.294,use_lmSR3_cuts,0.019965463781085546,5,false,15.7225,false,false,10.464285714285714,false,1.428066e6,1.3995540000000002e6,false,0
84.722,use_lmSR3_cuts,0.016840412289492623,5,false,21.128,false,false,10.464285714285714,false,1.428066e6,1.4040167797833935e6,false,0
197.146,use_lmSR3_cuts,0.014522653499423388,5,false,39.38000000000001,false,false,10.464285714285714,false,1.428066e6,1.4073266923076925e6,false,0
102.577,use_adaptive_ngroute,0.012679273023570525,0,false,25.586750000000002,false,false,10.464285714285714,false,1.428066e6,1.4099591612903217e6,false,1
68.022,use_lmSR3_cuts,0.012668730281880314,5,false,33.9815,false,false,10.75,false,1.428066e6,1.4099742170212762e6,false,0
87.621,use_adaptive_ngroute,0.005275141617008483,0,false,43.667,false,false,10.75,false,1.4214e6,1.4139019137055841e6,false,3
92.762,use_adaptive_ngroute,0.005213900799557858,0,false,46.361000000000004,false,false,11.214285714285714,false,1.4214e6,1.4139889614035084e6,false,1
99.148,use_lmSR3_cuts,0.004936063636612031,5,false,49.55,false,false,11.249999999999998,false,1.4214e6,1.4143838791469196e6,false,0
327.572,use_adaptive_ngroute,0.0034673630553168078,0,false,81.85825,false,false,11.249999999999998,false,1.4214e6,1.4164714901531728e6,false,4
236.15,use_adaptive_ngroute,0.003300170432781635,0,false,118.04799999999999,false,false,12.071428571428571,false,1.4214e6,1.4167091377468442e6,false,3
172.332,use_lmSR3_cuts,0.0032992385190614426,5,false,172.303,false,false,12.357142857142856,false,1.4214e6,1.4167104623690061e6,false,0
898.723,use_adaptive_ngroute,0.0015514803887294315,0,false,179.68120000000002,false,false,12.357142857142856,false,1.4214e6,1.41919472577546e6,false,1
539.985,use_adaptive_ngroute,0.0014816875045404743,0,false,179.9546666666667,false,false,12.392857142857142,false,1.4214e6,1.4192939293810462e6,false,1
181.071,use_lmSR3_cuts,0.0014805709002720935,5,false,181.039,false,false,12.428571428571427,false,1.4214e6,1.4192955165223533e6,false,0
46.313,none,0.00014191010737030219,0,false,NaN,false,false,12.428571428571427,true,1.4214e6,1.4211982889733838e6,false,0
