CG_time_taken,method,CG_LP_IP_gap,implemented_SR3_cuts_count,errored,CG_sp_time_taken_mean,converged,CGIP_artificial,ngroute_neighborhood_size,time_limit_reached,CGIP_objective,CGLP_objective,CGLP_artificial,cycles_lookup_length
8.702,use_adaptive_ngroute,0.20512889795195366,0,false,0.3801333333333333,false,false,6.0,false,1.908232e6,1.5167984728033475e6,false,23
5.996,use_adaptive_ngroute,0.029580478909072894,0,false,0.6045555555555556,false,false,7.392857142857142,false,1.6458e6,1.5971164478114478e6,false,15
7.04,use_adaptive_ngroute,0.027825663015236368,0,false,1.3958,false,false,8.285714285714285,false,1.6458e6,1.600004523809524e6,false,1
4.687,use_lmSR3_cuts,0.027798654539449186,5,false,1.5156666666666667,false,false,8.321428571428571,false,1.6458e6,1.6000489743589745e6,false,0
5.143,use_adaptive_ngroute,0.02523497789446172,0,false,1.6193333333333335,false,false,8.321428571428571,false,1.6458e6,1.604268273381295e6,false,5
5.059,use_lmSR3_cuts,0.02513974966581578,5,false,2.5055,false,false,8.75,false,1.6458e6,1.6044250000000005e6,false,0
15.446,use_adaptive_ngroute,0.023396871690710697,0,false,3.0275999999999996,false,false,8.75,false,1.6458e6,1.6072934285714284e6,false,5
6.351,use_lmSR3_cuts,0.022968917789499832,5,false,3.164,false,false,8.964285714285714,false,1.6458e6,1.6079977551020412e6,false,0
18.846,use_adaptive_ngroute,0.0145110198302012,0,false,3.6999999999999997,false,false,8.964285714285714,false,1.63841e6,1.614635e6,false,4
6.107,use_lmSR3_cuts,0.013850826919594939,2,false,3.042,false,false,9.107142857142858,false,1.63841e6,1.6157166666666665e6,false,0
10.639,use_lmSR3_cuts,0.012886622657681035,5,false,3.521,false,false,9.107142857142858,false,1.63841e6,1.6172964285714289e6,false,0
14.867,use_lmSR3_cuts,0.010638362802961376,1,false,4.922000000000001,false,false,9.107142857142858,false,1.63841e6,1.62098e6,false,0
12.533,use_lmSR3_cuts,0.01023553323038795,1,false,6.234999999999999,false,false,9.107142857142858,false,1.63841e6,1.62164e6,false,0
12.811,none,0.01004429090805481,0,false,6.3485000000000005,false,false,9.107142857142858,false,1.63841e6,1.621953333333334e6,false,0
