CG_time_taken,method,CG_LP_IP_gap,implemented_SR3_cuts_count,errored,CG_sp_time_taken_mean,converged,CGIP_artificial,ngroute_neighborhood_size,time_limit_reached,CGIP_objective,CGLP_objective,CGLP_artificial,cycles_lookup_length
7.368,use_adaptive_ngroute,0.2798708214152924,0,false,0.2832,false,false,6.0,false,1.839648e6,1.3247842031250002e6,false,23
25.974,use_lmSR3_cuts,0.010828904700756037,1,false,1.9014615384615383,false,false,7.535714285714286,false,1.433663e6,1.418138e6,false,0
13.56,use_lmSR3_cuts,0.009210672243058493,1,false,2.2270000000000003,false,false,7.535714285714286,false,1.433663e6,1.420458e6,false,0
10.516,use_lmSR3_cuts,0.007395740840071885,1,false,1.7253333333333332,false,false,7.535714285714286,false,1.433663e6,1.42306e6,false,0
6.626,use_adaptive_ngroute,0.005777508382374341,0,false,2.155333333333333,false,false,7.535714285714286,false,1.433663e6,1.42538e6,false,3
13.889,use_lmSR3_cuts,0.0025284882151523913,1,false,2.7296000000000005,false,false,7.642857142857142,false,1.433663e6,1.430038e6,false,0
6.34,use_adaptive_ngroute,0.00016693834836600807,0,false,3.133,false,false,7.642857142857142,false,1.433663e6,1.4334236666666665e6,false,4
16.077,none,0.0,0,false,2.2774285714285716,true,false,7.857142857142858,false,1.433663e6,1.433663e6,false,0
