CG_time_taken,method,CG_LP_IP_gap,implemented_SR3_cuts_count,errored,CG_sp_time_taken_mean,converged,CGIP_artificial,ngroute_neighborhood_size,time_limit_reached,CGIP_objective,CGLP_objective,CGLP_artificial,cycles_lookup_length
5.704,use_adaptive_ngroute,0.4092668787250442,0,false,0.30569230769230765,false,false,5.0,false,1.84226e6,1.088284e6,false,19
9.644,use_adaptive_ngroute,0.07642850517137423,0,false,0.8402727272727274,false,false,7.799999999999999,false,1.379904e6,1.27444e6,false,12
4.16,use_adaptive_ngroute,0.010605379882042465,0,false,0.8124,false,false,8.65,false,1.29732e6,1.2835614285714286e6,false,1
4.754,use_lmSR3_cuts,0.004534072439446479,5,false,1.1775,false,false,8.85,false,1.29732e6,1.2914378571428573e6,false,0
7.147,use_adaptive_ngroute,7.287751252260666e-5,0,false,1.635,false,false,8.85,false,1.29732e6,1.2972254545454541e6,false,2
10.839,none,0.0,0,false,2.1582000000000003,true,false,9.2,false,1.29732e6,1.29732e6,false,0
