CG_time_taken,method,CG_LP_IP_gap,implemented_SR3_cuts_count,errored,CG_sp_time_taken_mean,converged,CGIP_artificial,ngroute_neighborhood_size,time_limit_reached,CGIP_objective,CGLP_objective,CGLP_artificial,cycles_lookup_length
10.653,use_adaptive_ngroute,0.23550709284841775,0,false,0.29764999999999997,false,false,6.0,false,1.94711e6,1.4885517844439172e6,false,22
12.9,use_adaptive_ngroute,0.03561867866189039,0,false,0.8824615384615383,false,false,7.642857142857142,false,1.69676e6,1.636323650793651e6,false,21
10.905,use_lmSR3_cuts,0.029064216506753948,5,false,2.1486,false,false,9.928571428571427,false,1.69676e6,1.6474450000000002e6,false,0
15.549,use_lmSR3_cuts,0.02886088780970797,3,false,3.0332,false,false,9.928571428571427,false,1.69676e6,1.64779e6,false,0
18.517,use_adaptive_ngroute,0.025702438509404457,0,false,4.554500000000001,false,false,9.928571428571427,false,1.69676e6,1.653149130434783e6,false,6
9.922,use_adaptive_ngroute,0.025698733664945683,0,false,4.9475,false,false,10.321428571428571,false,1.69676e6,1.6531554166666667e6,false,1
11.575,use_lmSR3_cuts,0.025631434119652963,5,false,5.772,false,false,10.5,false,1.69676e6,1.6532696078431376e6,false,0
38.697,use_adaptive_ngroute,0.02364187898971848,0,false,7.645200000000001,false,false,10.5,false,1.69676e6,1.6566454054054052e6,false,2
22.182,use_lmSR3_cuts,0.0234892383130203,5,false,7.375333333333334,false,false,10.607142857142856,false,1.69676e6,1.6569043999999997e6,false,0
36.052,use_lmSR3_cuts,0.022930677964388968,5,false,8.98,false,false,10.607142857142856,false,1.69676e6,1.6578521428571434e6,false,0
31.071,use_lmSR3_cuts,0.022282001757659153,5,false,10.302333333333333,false,false,10.607142857142856,false,1.69676e6,1.6589527906976743e6,false,0
20.746,use_adaptive_ngroute,0.021793106410380125,0,false,10.3015,false,false,10.607142857142856,false,1.69676e6,1.6597823287671234e6,false,4
21.892,use_adaptive_ngroute,0.021763002898338102,0,false,10.9265,false,false,11.035714285714285,false,1.69676e6,1.6598334072022159e6,false,3
10.109,use_lmSR3_cuts,0.021746484429308488,5,false,10.082999999999998,false,false,11.142857142857142,false,1.69676e6,1.6598614350797266e6,false,0
20.577,use_adaptive_ngroute,0.021328860454605802,0,false,10.2655,false,false,11.142857142857142,false,1.69676e6,1.660570042735043e6,false,1
21.891,use_lmSR3_cuts,0.021311882308214902,5,false,10.927999999999999,false,false,11.214285714285714,false,1.69676e6,1.6605988505747132e6,false,0
28.795,use_adaptive_ngroute,0.02060758742011759,0,false,14.2775,false,false,11.214285714285714,false,1.69676e6,1.6617938699690413e6,false,1
12.928,use_lmSR3_cuts,0.020607587420117923,5,false,12.897,false,false,11.321428571428573,false,1.69676e6,1.6617938699690406e6,false,0
31.864,use_adaptive_ngroute,0.019672654697721392,0,false,15.906500000000001,false,false,11.321428571428573,false,1.69676e6,1.6633802264150942e6,false,1
29.658,use_lmSR3_cuts,0.019662444293586656,5,false,14.8035,false,false,11.428571428571429,false,1.69676e6,1.6633975510204139e6,false,0
45.785,use_adaptive_ngroute,0.019464775427118552,0,false,15.158999999999999,false,false,11.428571428571429,false,1.69676e6,1.6637329476462824e6,false,3
115.494,use_lmSR3_cuts,0.019377011525091303,5,false,38.456333333333326,false,false,11.642857142857142,false,1.69676e6,1.663881861924686e6,false,0
147.876,use_lmSR3_cuts,0.018649809438269993,5,false,36.891000000000005,false,false,11.642857142857142,false,1.69676e6,1.665115749337521e6,false,0
234.678,use_lmSR3_cuts,0.01819737933818255,5,false,46.895,false,false,11.642857142857142,false,1.69676e6,1.6658834146341453e6,false,0
125.409,use_adaptive_ngroute,0.01805675893527625,0,false,41.74633333333333,false,false,11.642857142857142,false,1.69676e6,1.6661220137089808e6,false,4
146.218,use_adaptive_ngroute,0.018041692613477434,0,false,48.66666666666667,false,false,12.071428571428571,false,1.69676e6,1.666147577641156e6,false,1
98.883,use_lmSR3_cuts,0.018041686239827492,5,false,49.336499999999994,false,false,12.25,false,1.69676e6,1.6661475884557103e6,false,0
180.889,use_adaptive_ngroute,0.0173498135263358,0,false,60.16833333333334,false,false,12.25,false,1.69676e6,1.6673215304010545e6,false,6
164.372,use_lmSR3_cuts,0.017348554499948765,5,false,54.72933333333333,false,false,12.75,false,1.69676e6,1.667323666666667e6,false,0
224.724,use_lmSR3_cuts,0.016907034406618004,5,false,56.127250000000004,false,false,12.75,false,1.69676e6,1.6680728203002268e6,false,0
184.729,use_lmSR3_cuts,0.016716356030277435,5,false,61.45166666666667,false,false,12.75,false,1.69676e6,1.6683963557420664e6,false,0
246.379,use_adaptive_ngroute,0.016401709313673463,0,false,61.526999999999994,false,false,12.75,false,1.69676e6,1.6689302357049314e6,false,2
130.694,use_adaptive_ngroute,0.01640051397375686,0,false,65.26350000000001,false,false,12.892857142857142,false,1.69676e6,1.6689322639098882e6,false,1
144.867,use_lmSR3_cuts,0.016399835627898596,5,false,72.356,false,false,12.928571428571429,false,1.69676e6,1.6689334149000067e6,false,0
131.278,use_lmSR3_cuts,0.016217794476218295,5,false,65.46350000000001,false,false,12.928571428571429,false,1.69676e6,1.6692422950445318e6,false,0
152.454,use_adaptive_ngroute,0.015954722693351187,0,false,76.113,false,false,12.928571428571429,false,1.69676e6,1.6696886647228294e6,false,1
150.277,use_adaptive_ngroute,0.015943755164210982,0,false,75.0675,false,false,12.964285714285714,false,1.69676e6,1.6697072739875733e6,false,1
80.008,use_lmSR3_cuts,0.015943299872668626,5,false,79.786,false,false,13.071428571428571,false,1.69676e6,1.6697080465080508e6,false,0
396.415,none,0.01565353915230916,0,false,90.629,false,false,13.071428571428571,true,1.69676e6,1.670199700907928e6,false,0
