CG_time_taken,method,CG_LP_IP_gap,implemented_SR3_cuts_count,errored,CG_sp_time_taken_mean,converged,CGIP_artificial,ngroute_neighborhood_size,time_limit_reached,CGIP_objective,CGLP_objective,CGLP_artificial,cycles_lookup_length
92.864,use_adaptive_ngroute,0.34217535593187975,0,false,2.6745,false,false,6.0,false,1.871381e6,1.2310405402408428e6,false,27
22.946,use_adaptive_ngroute,0.16000123092860674,0,false,1.9439090909090906,false,false,9.25,false,1.562506e6,1.3125031166666665e6,false,11
15.945,use_adaptive_ngroute,0.1548785737016507,0,false,3.132,false,false,10.321428571428571,false,1.562506e6,1.3205072993197285e6,false,3
13.854,use_lmSR3_cuts,0.15432714476513576,5,false,4.599333333333334,false,false,10.821428571428571,false,1.56198e6,1.3209240864197533e6,false,0
62.601,none,0.0,0,false,8.804857142857143,true,false,10.821428571428571,false,1.34583e6,1.34583e6,false,0
