CG_time_taken,method,CG_LP_IP_gap,implemented_SR3_cuts_count,errored,CG_sp_time_taken_mean,converged,CGIP_artificial,ngroute_neighborhood_size,time_limit_reached,CGIP_objective,CGLP_objective,CGLP_artificial,cycles_lookup_length
22.512,use_adaptive_ngroute,0.3450345747403737,0,false,0.6020833333333333,false,false,6.0,false,1.85251e6,1.2133299999477104e6,false,26
25.02,use_adaptive_ngroute,0.01115170296241541,0,false,1.4951875000000001,false,false,7.821428571428572,false,1.40696e6,1.39127e6,false,2
15.795,use_adaptive_ngroute,0.0107216978449991,0,false,1.3942727272727273,false,false,7.892857142857143,false,1.40696e6,1.391875e6,false,3
5.528,use_adaptive_ngroute,0.010628115464073828,0,false,1.8243333333333334,false,false,8.5,false,1.40696e6,1.3920066666666667e6,false,3
10.339,use_lmSR3_cuts,0.01031656905668965,2,false,1.463142857142857,false,false,8.607142857142858,false,1.40696e6,1.392445e6,false,0
19.797,use_lmSR3_cuts,0.003774094501620473,2,false,3.276,false,false,8.607142857142858,false,1.40696e6,1.40165e6,false,0
14.027,none,0.0,0,false,3.4815,true,false,8.607142857142858,false,1.40282e6,1.40282e6,false,0
