CG_time_taken,method,CG_LP_IP_gap,implemented_SR3_cuts_count,errored,CG_sp_time_taken_mean,converged,CGIP_artificial,ngroute_neighborhood_size,time_limit_reached,CGIP_objective,CGLP_objective,CGLP_artificial,cycles_lookup_length
5.652,use_adaptive_ngroute,0.22097119391258402,0,false,0.23143750000000002,false,false,6.0,false,1.755578e6,1.3676458333333335e6,false,24
14.662,use_adaptive_ngroute,0.06510183786117363,0,false,0.772888888888889,false,false,7.928571428571429,false,1.556592e6,1.455255e6,false,2
5.552,use_lmSR3_cuts,0.060347862509893435,5,false,0.6809999999999999,false,false,8.035714285714285,false,1.556592e6,1.462655e6,false,0
5.519,use_adaptive_ngroute,0.036565625787740696,0,false,0.8645,false,false,8.035714285714285,false,1.539212e6,1.48292975e6,false,5
6.905,use_lmSR3_cuts,0.03562407257739675,3,false,1.3634000000000002,false,false,8.392857142857144,false,1.539212e6,1.484379e6,false,0
9.581,use_lmSR3_cuts,0.03452249568103205,1,false,1.1585,false,false,8.392857142857144,false,1.538562e6,1.485447e6,false,0
6.804,use_lmSR3_cuts,0.0325466247054067,1,false,1.6857499999999999,false,false,8.392857142857144,false,1.538562e6,1.488487e6,false,0
6.423,use_lmSR3_cuts,0.032198897411998995,1,false,1.5935000000000001,false,false,8.392857142857144,false,1.538562e6,1.489022e6,false,0
7.893,use_adaptive_ngroute,0.027819365213633374,0,false,1.961,false,false,8.392857142857144,false,1.538562e6,1.4957601818181819e6,false,5
8.557,use_adaptive_ngroute,0.02684324713596198,0,false,2.1257499999999996,false,false,8.785714285714286,false,1.538562e6,1.497262e6,false,1
1.993,use_lmSR3_cuts,0.026022188251107248,5,false,1.975,false,false,8.821428571428571,false,1.538562e6,1.49852525e6,false,0
14.608,use_lmSR3_cuts,0.025303734029804348,5,false,2.8882,false,false,8.821428571428571,false,1.538562e6,1.4996306363636362e6,false,0
9.09,use_lmSR3_cuts,0.02268026897843567,1,false,2.2135,false,false,8.821428571428571,false,1.538562e6,1.503667e6,false,0
4.276,use_lmSR3_cuts,0.02172808115630054,1,false,2.1205000000000003,false,false,8.821428571428571,false,1.538562e6,1.505132e6,false,0
5.95,use_lmSR3_cuts,0.020616653732511314,1,false,1.9423333333333332,false,false,8.821428571428571,false,1.538562e6,1.506842e6,false,0
10.601,use_lmSR3_cuts,0.005492698097740889,5,false,2.63125,false,false,8.821428571428571,false,1.515952e6,1.5076253333333335e6,false,0
23.917,use_adaptive_ngroute,0.004360296368222771,0,false,4.748600000000001,false,false,8.821428571428571,false,1.515952e6,1.509342e6,false,2
14.46,use_adaptive_ngroute,0.001969889169144201,0,false,4.799333333333333,false,false,8.964285714285714,false,1.515952e6,1.5129657425742575e6,false,2
15.824,use_lmSR3_cuts,0.0018964442927734693,5,false,5.2586666666666675,false,false,9.107142857142858,false,1.515952e6,1.5130770814814814e6,false,0
17.503,none,0.0,0,false,4.25225,true,false,9.107142857142858,false,1.515952e6,1.515952e6,false,0
