CG_time_taken,method,CG_LP_IP_gap,implemented_SR3_cuts_count,errored,CG_sp_time_taken_mean,converged,CGIP_artificial,ngroute_neighborhood_size,time_limit_reached,CGIP_objective,CGLP_objective,CGLP_artificial,cycles_lookup_length
31.03,use_adaptive_ngroute,0.28856852936913424,0,false,0.8866521739130434,false,false,6.0,false,1.80501e6,1.284140918803419e6,false,25
76.509,use_adaptive_ngroute,0.10663619133534852,0,false,5.261285714285713,false,false,8.107142857142858,false,1.54505e6,1.3802917525773197e6,false,4
7.328,use_adaptive_ngroute,0.10465341697987895,0,false,1.787,false,false,8.571428571428571,false,1.54505e6,1.383355238095238e6,false,4
8.33,use_lmSR3_cuts,0.10458384694817169,5,false,2.7366666666666672,false,false,8.821428571428571,false,1.54505e6,1.3834627272727273e6,false,0
214.014,use_adaptive_ngroute,0.09492087634704394,0,false,23.70788888888888,false,false,8.821428571428571,false,1.54505e6,1.3983924999999998e6,false,2
24.727,use_lmSR3_cuts,0.09132509763778718,5,false,6.13775,false,false,9.035714285714286,false,1.54505e6,1.4039481578947369e6,false,0
38.725,use_adaptive_ngroute,0.08078918697345261,0,false,6.350666666666668,false,false,9.035714285714286,false,1.54505e6,1.420226666666667e6,false,1
41.331,use_lmSR3_cuts,0.08031054627604872,5,false,8.203000000000001,false,false,9.071428571428571,false,1.54505e6,1.420966190476191e6,false,0
24.647,use_adaptive_ngroute,0.053643621629192895,0,false,6.111,false,false,9.071428571428571,false,1.506427e6,1.4256167999999998e6,false,9
42.538,use_lmSR3_cuts,0.053191218898551273,5,false,10.56575,false,false,9.964285714285714,false,1.506427e6,1.426298311688312e6,false,0
36.91,use_lmSR3_cuts,0.05122216645443467,5,false,9.121,false,false,9.964285714285714,false,1.506427e6,1.4292645454545454e6,false,0
68.03,use_adaptive_ngroute,0.04925787973794982,0,false,11.271166666666666,false,false,9.964285714285714,false,1.506427e6,1.4322235999999994e6,false,4
41.839,use_lmSR3_cuts,0.04889402919244401,5,false,10.39025,false,false,10.107142857142858,false,1.506427e6,1.432771714285714e6,false,0
60.203,use_adaptive_ngroute,0.045068056296192704,0,false,9.954333333333334,false,false,10.107142857142858,false,1.506427e6,1.4385352631578953e6,false,5
35.312,use_adaptive_ngroute,0.04476832155380461,0,false,11.685666666666668,false,false,10.285714285714286,false,1.506427e6,1.4389867916666667e6,false,1
24.433,use_lmSR3_cuts,0.04467818369042942,5,false,12.135000000000002,false,false,10.357142857142858,false,1.506427e6,1.4391225777777776e6,false,0
327.172,use_adaptive_ngroute,0.041903585309936875,0,false,108.82666666666667,false,false,10.357142857142858,false,1.506427e6,1.4433023076923077e6,false,2
42.215,use_lmSR3_cuts,0.04171745215420031,5,false,21.047500000000003,false,false,10.428571428571429,false,1.506427e6,1.4435827037037045e6,false,0
71.537,use_lmSR3_cuts,0.04091080280095605,5,false,23.735333333333333,false,false,10.428571428571429,false,1.506427e6,1.4447978620689642e6,false,0
87.16,use_lmSR3_cuts,0.04010230113320412,5,false,28.982,false,false,10.428571428571429,false,1.506427e6,1.4460158108108107e6,false,0
149.896,use_lmSR3_cuts,0.03937927294186838,1,false,29.891600000000004,false,false,10.428571428571429,false,1.506427e6,1.447105e6,false,0
99.872,use_adaptive_ngroute,0.01418727849002277,0,false,33.184666666666665,false,false,10.428571428571429,false,1.468049e6,1.4472213800000006e6,false,9
40.084,use_lmSR3_cuts,0.014169801021354234,5,false,39.940000000000005,false,false,11.428571428571429,false,1.468049e6,1.447247037780402e6,false,0
202.296,use_adaptive_ngroute,0.013215645440669332,0,false,33.62166666666666,false,false,11.428571428571429,false,1.468049e6,1.4486477849264708e6,false,3
68.962,use_lmSR3_cuts,0.013193104976383374,5,false,34.373000000000005,false,false,12.178571428571429,false,1.468049e6,1.4486808754325253e6,false,0
186.515,none,0.01270325445540288,0,false,46.515,false,false,12.178571428571429,false,1.468049e6,1.4494000000000002e6,false,0
