CG_time_taken,method,CG_LP_IP_gap,implemented_SR3_cuts_count,errored,CG_sp_time_taken_mean,converged,CGIP_artificial,ngroute_neighborhood_size,time_limit_reached,CGIP_objective,CGLP_objective,CGLP_artificial,cycles_lookup_length
4.456,use_adaptive_ngroute,0.3233080782409159,0,false,0.2165333333333333,false,false,6.0,false,2.03234e6,1.375268060267857e6,false,26
12.66,use_adaptive_ngroute,0.09073583300615107,0,false,0.9295384615384614,false,false,7.428571428571428,false,1.63008e6,1.4821733333333333e6,false,3
4.484,use_adaptive_ngroute,0.08918619840613495,0,false,1.1059999999999999,false,false,7.535714285714286,false,1.63008e6,1.4846993617021276e6,false,6
3.431,use_adaptive_ngroute,0.0891764714668577,0,false,1.131,false,false,7.892857142857143,false,1.63008e6,1.4847152173913047e6,false,2
3.793,use_adaptive_ngroute,0.08899208046618312,0,false,1.256,false,false,7.964285714285714,false,1.63008e6,1.4850157894736843e6,false,2
1.295,use_adaptive_ngroute,0.08894825159344755,0,false,1.283,false,false,8.178571428571429,false,1.63008e6,1.485087234042553e6,false,1
2.658,use_adaptive_ngroute,0.08889791561500904,0,false,1.3179999999999998,false,false,8.392857142857144,false,1.63008e6,1.4851692857142861e6,false,1
4.746,use_lmSR3_cuts,0.08886317905200425,5,false,1.5743333333333334,false,false,8.428571428571429,false,1.63008e6,1.485225909090909e6,false,0
11.257,use_adaptive_ngroute,0.024321633337647475,0,false,2.1824000000000003,false,false,8.428571428571429,false,1.53427e6,1.4969540476190476e6,false,6
8.629,use_lmSR3_cuts,0.023644252098174556,5,false,2.8656666666666664,false,false,9.142857142857142,false,1.53427e6,1.4979933333333337e6,false,0
20.854,use_adaptive_ngroute,0.017345517035475044,0,false,5.1075,false,false,9.142857142857142,false,1.53427e6,1.5076572935779816e6,false,6
13.126,use_lmSR3_cuts,0.017325920921768323,5,false,6.5520000000000005,false,false,9.714285714285715,false,1.53427e6,1.5076873593073585e6,false,0
27.942,use_adaptive_ngroute,0.011814258491814944,0,false,6.93325,false,false,9.714285714285715,false,1.53427e6,1.516143737623763e6,false,6
22.887,use_lmSR3_cuts,0.010996961220846035,5,false,7.619666666666667,false,false,10.357142857142858,false,1.53427e6,1.5173976923076925e6,false,0
34.098,use_lmSR3_cuts,0.003858229136587177,5,false,8.453249999999999,false,false,10.357142857142858,false,1.53427e6,1.5283504347826084e6,false,0
64.693,use_lmSR3_cuts,9.501442234927104e-5,5,false,10.72183333333333,false,false,10.357142857142858,false,1.53427e6,1.5341242222222222e6,false,0
55.324,none,0.0,0,false,11.007200000000001,true,false,10.357142857142858,false,1.53427e6,1.53427e6,false,0
