CG_time_taken,method,CG_LP_IP_gap,implemented_SR3_cuts_count,errored,CG_sp_time_taken_mean,converged,CGIP_artificial,ngroute_neighborhood_size,time_limit_reached,CGIP_objective,CGLP_objective,CGLP_artificial,cycles_lookup_length
6.271,use_adaptive_ngroute,0.2394281260887493,0,false,0.24837500000000004,false,false,6.0,false,1.923744e6,1.463145579005525e6,false,22
10.435,use_adaptive_ngroute,0.13119090551289192,0,false,0.9005454545454545,false,false,8.285714285714285,false,1.748048e6,1.5187200000000002e6,false,3
4.235,use_lmSR3_cuts,0.12647993647771671,5,false,1.0427499999999998,false,false,8.392857142857144,false,1.748048e6,1.5269550000000002e6,false,0
8.534,use_lmSR3_cuts,0.12646563481094342,2,false,1.6262,false,false,8.392857142857144,false,1.748048e6,1.52698e6,false,0
3.301,use_lmSR3_cuts,0.12287305611745214,5,false,1.599,false,false,8.392857142857144,false,1.748048e6,1.53326e6,false,0
12.235,use_adaptive_ngroute,0.01187627374785305,0,false,2.3722,false,false,8.392857142857144,false,1.557038e6,1.5385461904761903e6,false,4
16.898,use_lmSR3_cuts,0.0102200460104378,5,false,2.7890000000000006,false,false,9.214285714285714,false,1.557038e6,1.541125e6,false,0
10.912,use_lmSR3_cuts,0.009487733699987788,5,false,3.575,false,false,9.214285714285714,false,1.557038e6,1.5422652380952383e6,false,0
22.114,use_adaptive_ngroute,0.006979027558165263,0,false,5.46575,false,false,9.214285714285714,false,1.557038e6,1.5461713888888895e6,false,7
21.618,use_adaptive_ngroute,0.006758636941073148,0,false,5.385499999999999,false,false,9.928571428571427,false,1.557038e6,1.5465145454545454e6,false,1
19.756,use_lmSR3_cuts,0.006659088953162695,5,false,6.571666666666667,false,false,9.964285714285714,false,1.557038e6,1.5466695454545454e6,false,0
36.895,use_adaptive_ngroute,0.0054461065637415595,0,false,7.3298000000000005,false,false,9.964285714285714,false,1.557038e6,1.548558205128205e6,false,1
22.194,use_lmSR3_cuts,0.0054428986318895145,5,false,7.383666666666667,false,false,10.0,false,1.557038e6,1.5485632e6,false,0
33.373,use_lmSR3_cuts,0.004721357688979633,1,false,8.28425,false,false,10.0,false,1.557038e6,1.5496866666666665e6,false,0
27.173,use_lmSR3_cuts,0.004464727257780465,5,false,9.002666666666666,false,false,10.0,false,1.557038e6,1.55008625e6,false,0
30.181,use_lmSR3_cuts,0.003988045546440722,5,false,9.99,false,false,10.0,false,1.557038e6,1.550828461538461e6,false,0
41.153,use_lmSR3_cuts,0.003839341107924499,1,false,10.223,false,false,10.0,false,1.557038e6,1.5510599999999995e6,false,0
38.821,none,0.0033940511835066633,0,false,9.65875,false,false,10.0,false,1.557038e6,1.5517533333333351e6,false,0
