CG_time_taken,method,CG_LP_IP_gap,implemented_SR3_cuts_count,errored,CG_sp_time_taken_mean,converged,CGIP_artificial,ngroute_neighborhood_size,time_limit_reached,CGIP_objective,CGLP_objective,CGLP_artificial,cycles_lookup_length
45.996,use_adaptive_ngroute,0.46250325181728014,0,false,1.7998333333333334,false,false,6.0,false,2.17472e6,1.1689049282079246e6,false,27
109.991,use_adaptive_ngroute,0.030307808754888366,0,false,7.051466666666668,false,false,8.25,false,1.42686e6,1.383615e6,false,5
9.893,use_adaptive_ngroute,0.029904825981525884,0,false,0.9984444444444444,false,false,8.714285714285715,false,1.42686e6,1.38419e6,false,8
841.358,use_lmSR3_cuts,0.02667745959659673,5,false,59.81371428571429,false,false,9.0,false,1.42686e6,1.388795e6,false,0
5.091,use_lmSR3_cuts,0.02358675693480794,1,false,1.1985000000000001,false,false,9.0,false,1.42686e6,1.393205e6,false,0
13.652,use_lmSR3_cuts,0.0195674417952707,1,false,1.8765714285714288,false,false,9.0,false,1.42686e6,1.39894e6,false,0
12.358,use_adaptive_ngroute,0.014358451424806962,0,false,2.9815,false,false,9.0,false,1.42686e6,1.4063725e6,false,4
5.691,use_lmSR3_cuts,0.013880128393815805,1,false,1.8463333333333332,false,false,9.285714285714285,false,1.42686e6,1.407055e6,false,0
1.866,use_lmSR3_cuts,0.013718935284470768,1,false,1.815,false,false,9.285714285714285,false,1.42686e6,1.407285e6,false,0
8.509,use_adaptive_ngroute,0.011861710328974095,0,false,2.7489999999999997,false,false,9.285714285714285,false,1.42686e6,1.409935e6,false,6
21.034,use_lmSR3_cuts,0.011644450051161326,1,false,3.435166666666666,false,false,9.5,false,1.42686e6,1.410245e6,false,0
16.87,use_adaptive_ngroute,0.011059638335614963,0,false,5.556666666666666,false,false,9.5,false,1.42686e6,1.4110794444444445e6,false,1
6.054,use_lmSR3_cuts,0.010918146606301082,5,false,2.994,false,false,9.535714285714285,false,1.42686e6,1.4112813333333333e6,false,0
22.037,use_adaptive_ngroute,0.0077361910337815365,0,false,5.42225,false,false,9.535714285714285,false,1.42686e6,1.4158215384615385e6,false,8
26.203,use_adaptive_ngroute,0.007358815861401968,0,false,6.5040000000000004,false,false,10.464285714285714,false,1.42686e6,1.41636e6,false,1
4.163,use_lmSR3_cuts,0.007358815861402079,5,false,4.138,false,false,10.5,false,1.42686e6,1.4163599999999998e6,false,0
9.066,use_lmSR3_cuts,0.006876988632381398,5,false,4.439000000000001,false,false,10.5,false,1.42686e6,1.4170475000000002e6,false,0
25.761,use_lmSR3_cuts,0.0063233253437617876,3,false,6.38675,false,false,10.5,false,1.42686e6,1.4178375e6,false,0
15.332,use_lmSR3_cuts,0.005668791211871804,5,false,7.5505,false,false,10.5,false,1.42686e6,1.4187714285714286e6,false,0
49.589,use_lmSR3_cuts,0.005668791211871804,5,false,8.2085,false,false,10.5,false,1.42686e6,1.4187714285714286e6,false,0
36.99,use_lmSR3_cuts,0.0044625961902359235,4,false,9.144250000000001,false,false,10.5,false,1.42686e6,1.4204925e6,false,0
34.867,none,0.0032799293553676945,0,false,8.648249999999999,false,false,10.5,false,1.42686e6,1.42218e6,false,0
