CG_time_taken,method,CG_LP_IP_gap,implemented_SR3_cuts_count,errored,CG_sp_time_taken_mean,converged,CGIP_artificial,ngroute_neighborhood_size,time_limit_reached,CGIP_objective,CGLP_objective,CGLP_artificial,cycles_lookup_length
11.193,use_adaptive_ngroute,0.19801324629199912,0,false,0.41194444444444445,false,false,6.0,false,1.653336e6,1.3259535714285714e6,false,25
29.142,use_adaptive_ngroute,0.05546732365271656,0,false,2.588090909090909,false,false,8.642857142857142,false,1.504243e6,1.4208066666666667e6,false,1
8.633,use_adaptive_ngroute,0.05526627618736413,0,false,2.8463333333333334,false,false,9.0,false,1.504243e6,1.4211090909090908e6,false,2
10.111,use_adaptive_ngroute,0.055245728250023385,0,false,3.3573333333333335,false,false,9.071428571428571,false,1.504243e6,1.42114e6,false,2
7.217,use_adaptive_ngroute,0.05441534984102214,0,false,3.5975,false,false,9.142857142857142,false,1.504243e6,1.4223890909090913e6,false,2
9.59,use_lmSR3_cuts,0.05424744096089085,5,false,3.171666666666667,false,false,9.214285714285714,false,1.504243e6,1.4226416666666667e6,false,0
30.89,use_adaptive_ngroute,0.02539319779714022,0,false,5.047333333333334,false,false,9.214285714285714,false,1.47021e6,1.4328766666666665e6,false,5
74.591,use_adaptive_ngroute,0.020157664551322618,0,false,10.612714285714286,false,false,9.5,false,1.47021e6,1.440574e6,false,1
38.331,use_adaptive_ngroute,0.019542332954702535,0,false,9.56525,false,false,9.571428571428571,false,1.47021e6,1.4414786666666667e6,false,2
23.392,use_lmSR3_cuts,0.019420695002754673,5,false,7.7603333333333335,false,false,9.642857142857142,false,1.47021e6,1.4416575e6,false,0
45.527,use_adaptive_ngroute,0.01853082928718741,0,false,11.349,false,false,9.642857142857142,false,1.47021e6,1.4429657894736843e6,false,1
36.376,use_lmSR3_cuts,0.018509652990441494,5,false,7.249800000000001,false,false,9.678571428571429,false,1.47021e6,1.442996923076923e6,false,0
159.81,use_adaptive_ngroute,0.01603455742150206,0,false,19.881,false,false,9.678571428571429,false,1.47021e6,1.4466358333333335e6,false,5
57.563,use_lmSR3_cuts,0.015522158965952548,5,false,28.743,false,false,10.357142857142858,false,1.47021e6,1.447389166666667e6,false,0
133.097,use_adaptive_ngroute,0.014711784891482615,0,false,33.21525,false,false,10.357142857142858,false,1.47021e6,1.4485805867346933e6,false,3
47.991,use_lmSR3_cuts,0.014668737799361842,5,false,47.963,false,false,10.571428571428571,false,1.47021e6,1.4486438750000002e6,false,0
228.128,use_lmSR3_cuts,0.013484915688735999,5,false,45.57760000000001,false,false,10.571428571428571,false,1.47021e6,1.4503843421052634e6,false,0
560.892,none,0.013055957992395673,0,false,80.07657142857141,false,false,10.571428571428571,false,1.47021e6,1.451015e6,false,0
