CG_time_taken,method,CG_LP_IP_gap,implemented_SR3_cuts_count,errored,CG_sp_time_taken_mean,converged,CGIP_artificial,ngroute_neighborhood_size,time_limit_reached,CGIP_objective,CGLP_objective,CGLP_artificial,cycles_lookup_length
14.821,use_adaptive_ngroute,0.2952791662896924,0,false,0.5133125,false,false,6.0,false,1.847847e6,1.3022162784090908e6,false,26
33.286,use_adaptive_ngroute,0.06804589405740591,0,false,1.9295,false,false,8.321428571428571,false,1.57406e6,1.4669516799999997e6,false,8
15.312,use_lmSR3_cuts,0.04897327091610382,5,false,3.0122,false,false,8.821428571428571,false,1.55299e6,1.476935e6,false,0
26.934,use_adaptive_ngroute,0.030166688398018504,0,false,3.718857142857143,false,false,8.821428571428571,false,1.52691e6,1.4808481818181816e6,false,8
32.568,use_adaptive_ngroute,0.029172751941284547,0,false,8.110249999999999,false,false,9.892857142857142,false,1.52691e6,1.4823658333333333e6,false,1
31.82,use_lmSR3_cuts,0.0291532863393682,5,false,7.916249999999999,false,false,9.928571428571427,false,1.52691e6,1.4823955555555553e6,false,0
118.682,use_adaptive_ngroute,0.023687054246812167,0,false,16.874000000000002,false,false,9.928571428571427,false,1.52691e6,1.490742e6,false,9
41.79,use_adaptive_ngroute,0.022490356340583273,0,false,13.901333333333332,false,false,10.928571428571429,false,1.52691e6,1.49256925e6,false,6
92.663,use_adaptive_ngroute,0.022341198891879688,0,false,18.4874,false,false,11.5,false,1.52691e6,1.492797e6,false,1
60.888,use_lmSR3_cuts,0.021698818435364697,5,false,20.259,false,false,11.785714285714285,false,1.52691e6,1.4937778571428573e6,false,0
274.759,use_adaptive_ngroute,0.009963929636367386,0,false,45.696000000000005,false,false,11.785714285714285,false,1.514602e6,1.4995106122448987e6,false,1
174.824,use_adaptive_ngroute,0.009820031002528262,0,false,58.254,false,false,12.107142857142858,false,1.514602e6,1.4997285614035088e6,false,1
180.009,use_lmSR3_cuts,0.009820031002528373,5,false,59.965999999999994,false,false,12.178571428571429,false,1.514602e6,1.4997285614035085e6,false,0
105.366,use_adaptive_ngroute,0.00874743891055818,0,false,52.5585,false,false,12.178571428571429,false,1.514602e6,1.5013531115311908e6,false,3
173.746,use_lmSR3_cuts,0.00830426029658704,5,false,57.86433333333333,false,false,12.285714285714285,false,1.514602e6,1.5020243507462686e6,false,0
300.369,use_lmSR3_cuts,0.0074838858219749005,5,false,100.01933333333334,false,false,12.285714285714285,false,1.514602e6,1.5032668915662651e6,false,0
766.697,use_adaptive_ngroute,0.00559012690548677,0,false,153.24919999999997,false,false,12.285714285714285,false,1.514602e6,1.506135182608696e6,false,1
592.814,use_lmSR3_cuts,0.005562015631829453,5,false,197.56566666666666,false,false,12.500000000000002,false,1.514602e6,1.5061777599999998e6,false,0
488.399,none,0.004078222852240354,0,false,265.446,false,false,12.500000000000002,true,1.514602e6,1.508425115511551e6,false,0
