CG_time_taken,method,CG_LP_IP_gap,implemented_SR3_cuts_count,errored,CG_sp_time_taken_mean,converged,CGIP_artificial,ngroute_neighborhood_size,time_limit_reached,CGIP_objective,CGLP_objective,CGLP_artificial,cycles_lookup_length
10.519,use_adaptive_ngroute,0.13677259285780263,0,false,0.3413888888888889,false,false,6.0,false,1.831814e6,1.581272049586777e6,false,25
12.937,use_adaptive_ngroute,0.06238461540341733,0,false,1.2072,false,false,8.071428571428571,false,1.74094e6,1.6323321276595746e6,false,10
13.791,use_adaptive_ngroute,0.06105130944585502,0,false,2.2775000000000003,false,false,8.928571428571429,false,1.74094e6,1.6346533333333333e6,false,2
13.695,use_adaptive_ngroute,0.0604558456925568,0,false,2.721,false,false,9.214285714285714,false,1.74094e6,1.6356900000000002e6,false,1
2.572,use_lmSR3_cuts,0.06024714617773563,5,false,2.557,false,false,9.25,false,1.74094e6,1.636053333333333e6,false,0
12.931,use_adaptive_ngroute,0.05455053621969508,0,false,4.269,false,false,9.25,false,1.74094e6,1.645970789473684e6,false,1
15.081,use_lmSR3_cuts,0.05455053621969508,5,false,3.752,false,false,9.285714285714285,false,1.74094e6,1.645970789473684e6,false,0
29.195,use_adaptive_ngroute,0.051260961356805246,0,false,7.22875,false,false,9.285714285714285,false,1.74094e6,1.6516977419354834e6,false,1
11.794,use_lmSR3_cuts,0.05116919595161262,5,false,5.882499999999999,false,false,9.321428571428571,false,1.74094e6,1.6518574999999995e6,false,0
26.067,use_lmSR3_cuts,0.049352074166829296,5,false,6.45325,false,false,9.321428571428571,false,1.74094e6,1.6550210000000002e6,false,0
61.702,use_lmSR3_cuts,0.04706720749165727,5,false,8.763571428571428,false,false,9.321428571428571,false,1.74094e6,1.6589988157894742e6,false,0
63.504,use_lmSR3_cuts,0.04549745156830953,5,false,10.540999999999999,false,false,9.321428571428571,false,1.74094e6,1.6617316666666672e6,false,0
35.937,use_adaptive_ngroute,0.0444855740270409,0,false,11.915666666666667,false,false,9.321428571428571,false,1.74094e6,1.6634932847533633e6,false,2
38.824,use_lmSR3_cuts,0.044480142984784976,5,false,12.899333333333333,false,false,9.714285714285715,false,1.74094e6,1.6635027398720684e6,false,0
63.855,use_adaptive_ngroute,0.04081032851984212,0,false,15.897750000000002,false,false,9.714285714285715,false,1.74094e6,1.669891666666666e6,false,1
50.802,use_lmSR3_cuts,0.04039684586975134,5,false,16.893000000000004,false,false,9.75,false,1.74094e6,1.6706115151515151e6,false,0
117.492,use_adaptive_ngroute,0.039563238995279804,0,false,19.500000000000004,false,false,9.75,false,1.74094e6,1.6720627747035576e6,false,1
73.244,use_adaptive_ngroute,0.039052747888548955,0,false,24.385666666666665,false,false,9.821428571428571,false,1.74094e6,1.6729515090909095e6,false,1
25.717,use_adaptive_ngroute,0.03901042300437796,0,false,25.68,false,false,9.857142857142858,false,1.74094e6,1.6730251941747582e6,false,1
22.135,use_lmSR3_cuts,0.0390009611665727,5,false,22.096999999999998,false,false,9.892857142857142,false,1.74094e6,1.673041666666667e6,false,0
65.315,use_adaptive_ngroute,0.03761883349207573,0,false,21.68666666666667,false,false,9.892857142857142,false,1.74094e6,1.6754478680203056e6,false,3
97.728,use_adaptive_ngroute,0.03760998907506008,0,false,24.3975,false,false,10.0,false,1.74094e6,1.675463265619665e6,false,1
26.441,use_lmSR3_cuts,0.03760814556123937,5,false,26.397,false,false,10.035714285714285,false,1.74094e6,1.675466475066616e6,false,0
78.76,use_lmSR3_cuts,0.03538897865266799,5,false,26.169666666666668,false,false,10.035714285714285,false,1.74094e6,1.6793299115044242e6,false,0
112.486,use_lmSR3_cuts,0.03371482201196019,5,false,28.047749999999997,false,false,10.035714285714285,false,1.74094e6,1.682244517766498e6,false,0
127.373,use_lmSR3_cuts,0.033084013402632007,5,false,42.333666666666666,false,false,10.035714285714285,false,1.74094e6,1.6833427177068219e6,false,0
214.262,use_lmSR3_cuts,0.02017107370297133,5,false,42.7802,false,false,10.035714285714285,false,1.71986e6,1.6851685771812077e6,false,0
154.535,use_adaptive_ngroute,0.02004290848501078,0,false,51.436666666666675,false,false,10.035714285714285,false,1.71986e6,1.6853890034129694e6,false,2
47.894,use_lmSR3_cuts,0.020039282267161673,5,false,47.801,false,false,10.107142857142858,false,1.71986e6,1.6853952399999993e6,false,0
102.198,use_lmSR3_cuts,0.019617048056926545,5,false,33.878,false,false,10.107142857142858,false,1.71986e6,1.6861214237288143e6,false,0
94.137,none,0.019538412041290698,0,false,46.935,false,false,10.107142857142858,false,1.71986e6,1.6862566666666658e6,false,0
