CG_time_taken,method,CG_LP_IP_gap,implemented_SR3_cuts_count,errored,CG_sp_time_taken_mean,converged,CGIP_artificial,ngroute_neighborhood_size,time_limit_reached,CGIP_objective,CGLP_objective,CGLP_artificial,cycles_lookup_length
37.838,use_adaptive_ngroute,0.3479535843277247,0,false,1.2510000000000001,false,false,6.0,false,2.09585e6,1.3665914802867381e6,false,31
100.064,use_adaptive_ngroute,0.004848876160278182,0,false,4.3315,false,false,8.6875,false,1.56428e6,1.556695e6,false,2
43.174,use_lmSR3_cuts,0.0029118827831334793,2,false,4.674555555555555,false,false,8.75,false,1.56428e6,1.559725e6,false,0
48.53,none,0.0,0,false,4.332000000000001,true,false,8.75,false,1.56428e6,1.56428e6,false,0
