CG_time_taken,method,CG_LP_IP_gap,implemented_SR3_cuts_count,errored,CG_sp_time_taken_mean,converged,CGIP_artificial,ngroute_neighborhood_size,time_limit_reached,CGIP_objective,CGLP_objective,CGLP_artificial,cycles_lookup_length
24.836,use_adaptive_ngroute,0.34244555535533694,0,false,0.5886363636363635,false,false,6.0,false,2.00023e6,1.3152601268115945e6,false,21
17.918,use_adaptive_ngroute,0.20942443274783196,0,false,1.2697500000000002,false,false,7.656250000000001,false,1.82199e6,1.4404207777777778e6,false,13
37.722,use_lmSR3_cuts,0.1514525846380842,5,false,3.1871818181818177,false,false,9.4375,false,1.706066e6,1.4476778947368423e6,false,0
46.486,use_adaptive_ngroute,0.10611832419761746,0,false,5.6240000000000006,false,false,9.4375,false,1.6462e6,1.4715080147058822e6,false,6
19.804,use_lmSR3_cuts,0.10543560638931804,5,false,6.519666666666667,false,false,9.84375,false,1.6462e6,1.4726319047619046e6,false,0
46.042,use_adaptive_ngroute,0.05319710443231873,0,false,7.5360000000000005,false,false,9.84375,false,1.563534e6,1.480358518518519e6,false,11
25.285,use_lmSR3_cuts,0.052855834754371944,5,false,12.579,false,false,11.375000000000002,false,1.563534e6,1.4808921052631577e6,false,0
56.737,use_lmSR3_cuts,0.04869494412798214,5,false,14.008,false,false,11.375000000000002,false,1.563534e6,1.4873977992277995e6,false,0
101.82,use_adaptive_ngroute,0.0395053096585114,0,false,25.220999999999997,false,false,11.375000000000002,false,1.555336e6,1.4938919696969695e6,false,1
42.929,use_lmSR3_cuts,0.03950295440252627,5,false,21.368,false,false,11.406250000000002,false,1.555336e6,1.4938956329113925e6,false,0
222.716,use_lmSR3_cuts,0.013346981386459622,5,false,27.6085,false,false,11.406250000000002,false,1.51781e6,1.4975518181818177e6,false,0
221.438,use_adaptive_ngroute,0.010154563066800959,0,false,36.61566666666667,false,false,11.406250000000002,false,1.51781e6,1.5023973026315789e6,false,6
109.447,use_adaptive_ngroute,0.009873845378147617,0,false,54.547999999999995,false,false,12.1875,false,1.51781e6,1.5028233787465938e6,false,2
150.146,use_adaptive_ngroute,0.009779135441997044,0,false,49.93066666666667,false,false,12.4375,false,1.51781e6,1.5029671304347825e6,false,3
105.213,use_lmSR3_cuts,0.009767177894281942,5,false,52.507,false,false,12.53125,false,1.51781e6,1.5029852797202799e6,false,0
385.071,use_lmSR3_cuts,0.008687842908770671,5,false,63.967666666666666,false,false,12.53125,false,1.51781e6,1.5046235051546388e6,false,0
566.731,use_adaptive_ngroute,0.006289091531680002,0,false,80.71771428571427,false,false,12.53125,false,1.51781e6,1.5082643539823007e6,false,5
248.674,use_lmSR3_cuts,0.006207293757000687,5,false,82.73266666666667,false,false,13.125,false,1.51781e6,1.5083885074626869e6,false,0
321.078,use_lmSR3_cuts,0.005333311895718285,5,false,80.04024999999999,false,false,13.125,false,1.51781e6,1.5097150458715598e6,false,0
219.716,use_lmSR3_cuts,0.004546938788492216,5,false,72.98566666666666,false,false,13.125,false,1.51781e6,1.5109086108374386e6,false,0
507.23,none,0.0006503113988176601,0,false,94.32540000000002,false,false,13.125,true,1.51512e6,1.5141347001934233e6,false,0
