CG_time_taken,method,CG_LP_IP_gap,implemented_SR3_cuts_count,errored,CG_sp_time_taken_mean,converged,CGIP_artificial,ngroute_neighborhood_size,time_limit_reached,CGIP_objective,CGLP_objective,CGLP_artificial,cycles_lookup_length
20.821,use_adaptive_ngroute,0.35357587125455703,0,false,0.6203333333333335,false,false,6.0,false,2.233418e6,1.4437352847743898e6,false,31
65.011,use_adaptive_ngroute,0.12629122760671097,0,false,4.119266666666667,false,false,9.25,false,1.85804e6,1.6233858474576268e6,false,20
147.071,use_adaptive_ngroute,0.025551641575296324,0,false,20.900857142857145,false,false,11.71875,false,1.67165e6,1.6289365983606558e6,false,7
143.892,use_adaptive_ngroute,0.02543399583072692,0,false,17.953625,false,false,12.40625,false,1.67165e6,1.6291332608695654e6,false,1
89.973,use_lmSR3_cuts,0.02535592889187921,5,false,17.948800000000002,false,false,12.5,false,1.67165e6,1.62926376146789e6,false,0
160.942,use_adaptive_ngroute,0.015007493090204105,0,false,22.849857142857147,false,false,12.5,false,1.67154e6,1.6464543750000002e6,false,8
116.653,use_lmSR3_cuts,0.01455722807171167,5,false,29.113,false,false,12.812499999999998,false,1.67154e6,1.647207010989011e6,false,0
128.306,use_adaptive_ngroute,0.00926398648368676,0,false,31.930500000000002,false,false,12.812499999999998,false,1.67154e6,1.6560548760330582e6,false,6
125.787,use_lmSR3_cuts,0.009157124567763963,5,false,31.40825,false,false,13.0625,false,1.67154e6,1.6562334999999998e6,false,0
113.998,use_lmSR3_cuts,0.006986702896540575,5,false,37.900000000000006,false,false,13.0625,false,1.67154e6,1.6598614466403166e6,false,0
228.369,use_adaptive_ngroute,0.005009843525224489,0,false,45.5278,false,false,13.0625,false,1.67154e6,1.6631658461538462e6,false,1
136.84,use_lmSR3_cuts,0.004954729761481924,5,false,45.56766666666666,false,false,13.15625,false,1.67154e6,1.6632579710144924e6,false,0
54.312,use_adaptive_ngroute,0.0045395876965002024,0,false,54.013,false,false,13.15625,false,1.67154e6,1.663951897581792e6,false,1
111.382,use_lmSR3_cuts,0.0045336078527757895,5,false,55.645,false,false,13.21875,false,1.67154e6,1.663961893129771e6,false,0
267.892,use_lmSR3_cuts,0.003329909060193814,5,false,66.83699999999999,false,false,13.21875,false,1.67154e6,1.6659739238095237e6,false,0
420.539,use_adaptive_ngroute,0.0025518184827566515,0,false,83.9822,false,false,13.21875,false,1.67154e6,1.667274533333333e6,false,1
259.977,use_lmSR3_cuts,0.002540038661220656,5,false,86.56433333333334,false,false,13.25,false,1.67154e6,1.6672942237762231e6,false,0
239.53,use_lmSR3_cuts,0.0017569854317399658,5,false,79.72533333333334,false,false,13.25,false,1.67154e6,1.6686031285714293e6,false,0
335.39,use_adaptive_ngroute,0.000857358936129482,0,false,83.75000000000001,false,false,13.25,false,1.67154e6,1.670106890243902e6,false,10
342.89,none,0.0006704396345091901,0,false,113.38,false,false,13.78125,true,1.67154e6,1.6704193333333326e6,false,0
