CG_time_taken,method,CG_LP_IP_gap,implemented_SR3_cuts_count,errored,CG_sp_time_taken_mean,converged,CGIP_artificial,ngroute_neighborhood_size,time_limit_reached,CGIP_objective,CGLP_objective,CGLP_artificial,cycles_lookup_length
28.22,use_adaptive_ngroute,0.37356766753122395,0,false,0.8292105263157895,false,false,6.0,false,2.189174e6,1.3713693750000002e6,false,29
106.899,use_adaptive_ngroute,0.11301272752795832,0,false,5.182500000000001,false,false,8.8125,false,1.70968e6,1.5164644000000001e6,false,5
23.643,use_lmSR3_cuts,0.10974665824403773,5,false,4.688199999999999,false,false,9.3125,false,1.70968e6,1.5220483333333335e6,false,0
99.273,use_adaptive_ngroute,0.04699717118973934,0,false,14.001857142857144,false,false,9.3125,false,1.599516e6,1.524343272727273e6,false,4
90.057,use_lmSR3_cuts,0.04679044317155945,5,false,14.939333333333334,false,false,9.59375,false,1.599516e6,1.5246739375e6,false,0
150.112,use_lmSR3_cuts,0.039586975059955676,2,false,24.91866666666667,false,false,9.59375,false,1.599516e6,1.536196e6,false,0
212.872,use_lmSR3_cuts,0.03916809834975077,2,false,42.5084,false,false,9.59375,false,1.599516e6,1.536866e6,false,0
318.805,use_lmSR3_cuts,0.037314412609814496,2,false,45.24714285714285,false,false,9.59375,false,1.599516e6,1.539831e6,false,0
133.792,use_lmSR3_cuts,0.036680540307887366,5,false,44.486999999999995,false,false,9.59375,false,1.599516e6,1.5408448888888892e6,false,0
615.138,use_adaptive_ngroute,0.03107242024045631,0,false,61.33659999999999,false,false,9.59375,false,1.599516e6,1.5498151666666663e6,false,7
475.091,use_lmSR3_cuts,0.028644414935517948,5,false,94.8734,false,false,9.875,false,1.599516e6,1.5536988e6,false,0
509.842,use_adaptive_ngroute,0.02471197537255021,0,false,84.78433333333334,false,false,9.875,false,1.599516e6,1.5599888e6,false,6
777.859,none,0.02470622363264885,0,false,137.1612,false,false,11.09375,true,1.599516e6,1.559998e6,false,0
