CG_time_taken,method,CG_LP_IP_gap,implemented_SR3_cuts_count,errored,CG_sp_time_taken_mean,converged,CGIP_artificial,ngroute_neighborhood_size,time_limit_reached,CGIP_objective,CGLP_objective,CGLP_artificial,cycles_lookup_length
27.191,use_adaptive_ngroute,0.24292502565172236,0,false,0.8574761904761906,false,false,6.0,false,1.974144e6,1.4945750181598063e6,false,31
120.477,use_adaptive_ngroute,0.1402067133695033,0,false,7.818733333333335,false,false,10.5,false,1.838004e6,1.5803034999999995e6,false,6
46.08,use_adaptive_ngroute,0.11064183365978475,0,false,7.599499999999999,false,false,10.71875,false,1.777884e6,1.5811756542056073e6,false,7
38.781,use_lmSR3_cuts,0.11012926352650443,5,false,9.631749999999998,false,false,11.406250000000002,false,1.777884e6,1.5820869444444443e6,false,0
145.706,use_adaptive_ngroute,0.06741749514949114,0,false,16.07477777777778,false,false,11.406250000000002,false,1.71503e6,1.5994069732937682e6,false,6
71.19,use_adaptive_ngroute,0.06613706417982657,0,false,17.7085,false,false,11.90625,false,1.71503e6,1.601602950819672e6,false,1
60.246,use_lmSR3_cuts,0.049256817236537964,5,false,20.026333333333334,false,false,12.0,false,1.68458e6,1.6016029508196728e6,false,0
105.329,use_adaptive_ngroute,0.04425183515034292,0,false,26.129250000000003,false,false,12.0,false,1.68458e6,1.6100342435424353e6,false,3
53.243,use_lmSR3_cuts,0.04422694097325075,5,false,26.566499999999998,false,false,12.1875,false,1.68458e6,1.6100761797752813e6,false,0
198.213,use_adaptive_ngroute,0.04178548819983052,0,false,49.443,false,false,12.1875,false,1.68458e6,1.6141890022883294e6,false,1
147.95,use_adaptive_ngroute,0.041661139798751634,0,false,73.931,false,false,12.25,false,1.68458e6,1.614398477117819e6,false,2
109.151,use_lmSR3_cuts,0.04158939915825732,5,false,109.105,false,false,12.53125,false,1.68458e6,1.6145193299659828e6,false,0
352.012,use_adaptive_ngroute,0.038969541297637966,0,false,117.23666666666665,false,false,12.53125,false,1.68458e6,1.618932690120825e6,false,3
356.823,use_adaptive_ngroute,0.03883778628779366,0,false,118.83866666666667,false,false,12.874999999999998,false,1.68458e6,1.6191546419753085e6,false,4
115.662,use_adaptive_ngroute,0.03867489030711013,0,false,115.54100000000001,false,false,13.0,false,1.68458e6,1.6194290532864484e6,false,3
270.771,use_lmSR3_cuts,0.038671662680594965,5,false,135.28900000000002,false,false,13.21875,false,1.68458e6,1.6194344904815233e6,false,0
1331.652,none,0.036763629656424546,0,false,220.71799999999996,false,false,13.21875,true,1.68458e6,1.6226487247533803e6,false,0
