CG_time_taken,method,CG_LP_IP_gap,implemented_SR3_cuts_count,errored,CG_sp_time_taken_mean,converged,CGIP_artificial,ngroute_neighborhood_size,time_limit_reached,CGIP_objective,CGLP_objective,CGLP_artificial,cycles_lookup_length
48.068,use_adaptive_ngroute,0.2682687328674205,0,false,1.0622500000000001,false,false,6.0,false,1.83213e6,1.3406268064516129e6,false,30
96.18,use_adaptive_ngroute,0.060777374126630423,0,false,5.959733333333333,false,false,8.40625,false,1.49469e6,1.4038466666666667e6,false,1
30.118,use_adaptive_ngroute,0.060251809925655375,0,false,3.60825,false,false,8.4375,false,1.49469e6,1.4046322222222222e6,false,2
16.263,use_adaptive_ngroute,0.059550809866928955,0,false,3.029,false,false,8.65625,false,1.49469e6,1.40568e6,false,1
24.33,use_lmSR3_cuts,0.05947283267825576,5,false,4.685,false,false,8.96875,false,1.49469e6,1.405796551724138e6,false,0
169.197,use_lmSR3_cuts,0.01816021590440553,5,false,15.116909090909092,false,false,8.96875,false,1.44826e6,1.4219592857142857e6,false,0
90.421,use_adaptive_ngroute,0.014775290029733323,0,false,14.817,false,false,8.96875,false,1.44826e6,1.4268615384615385e6,false,9
69.056,use_lmSR3_cuts,0.013891546703334923,5,false,11.352166666666669,false,false,9.5,false,1.44826e6,1.4281414285714282e6,false,0
90.207,use_lmSR3_cuts,0.012218110007871541,5,false,17.8032,false,false,9.5,false,1.44826e6,1.430565e6,false,0
150.076,use_lmSR3_cuts,0.009488109869774775,5,false,21.216142857142856,false,false,9.5,false,1.44826e6,1.43451875e6,false,0
129.248,use_adaptive_ngroute,0.006846576229378787,0,false,21.242500000000003,false,false,9.5,false,1.44826e6,1.4383443775100398e6,false,2
78.867,use_lmSR3_cuts,0.0067866491964728715,5,false,26.169666666666668,false,false,9.5625,false,1.44826e6,1.4384311674347161e6,false,0
503.84,use_adaptive_ngroute,0.0009712804791034424,0,false,71.78885714285715,false,false,9.5625,false,1.44826e6,1.4468533333333337e6,false,3
182.742,use_lmSR3_cuts,0.0008617237236400177,5,false,45.563750000000006,false,false,9.65625,false,1.44826e6,1.4470120000000012e6,false,0
247.181,none,1.5543122344752192e-15,0,false,41.00633333333334,true,false,9.65625,false,1.44826e6,1.4482599999999977e6,false,0
