CG_time_taken,method,CG_LP_IP_gap,implemented_SR3_cuts_count,errored,CG_sp_time_taken_mean,converged,CGIP_artificial,ngroute_neighborhood_size,time_limit_reached,CGIP_objective,CGLP_objective,CGLP_artificial,cycles_lookup_length
14.433,use_adaptive_ngroute,0.23873829387252998,0,false,0.40690476190476194,false,false,6.0,false,1.92385e6,1.4645533333333333e6,false,19
11.894,use_adaptive_ngroute,0.1818336185906796,0,false,0.9223636363636364,false,false,6.8125,false,1.876668e6,1.5354266666666665e6,false,17
30.492,use_adaptive_ngroute,0.1024326931867473,0,false,2.703181818181818,false,false,8.71875,false,1.71367e6,1.5381341666666667e6,false,2
14.281,use_adaptive_ngroute,0.10239868178798017,0,false,2.82,false,false,8.84375,false,1.71367e6,1.538192450980392e6,false,9
14.226,use_lmSR3_cuts,0.1017252932789472,5,false,3.5195000000000003,false,false,9.1875,false,1.71367e6,1.5393464166666665e6,false,0
33.283,use_adaptive_ngroute,0.08761268550492873,0,false,3.5679999999999996,false,false,9.1875,false,1.71367e6,1.5635307692307688e6,false,3
16.677,use_lmSR3_cuts,0.08755193268361328,5,false,4.12025,false,false,9.4375,false,1.71367e6,1.5636348795180724e6,false,0
49.824,use_adaptive_ngroute,0.07783507697726821,0,false,4.8739,false,false,9.4375,false,1.71367e6,1.5802863636363647e6,false,10
33.685,use_lmSR3_cuts,0.07670000091385021,5,false,8.33275,false,false,10.25,false,1.71367e6,1.5822315094339624e6,false,0
33.226,use_adaptive_ngroute,0.07449925765003951,0,false,10.974666666666664,false,false,10.25,false,1.71367e6,1.5860028571428568e6,false,9
49.176,use_lmSR3_cuts,0.07433652218563436,5,false,16.31066666666667,false,false,11.21875,false,1.71367e6,1.586281732026144e6,false,0
79.042,use_lmSR3_cuts,0.07210247087819766,5,false,15.476199999999999,false,false,11.21875,false,1.71367e6,1.590110158730159e6,false,0
94.447,use_lmSR3_cuts,0.06898819492667752,5,false,23.47075,false,false,11.21875,false,1.71367e6,1.5954470000000005e6,false,0
113.218,use_lmSR3_cuts,0.0021510650433298473,5,false,22.484399999999997,false,false,11.21875,false,1.601119e6,1.5976748888888888e6,false,0
74.496,use_adaptive_ngroute,0.00019904639798518087,0,false,24.702999999999996,false,false,11.21875,false,1.601119e6,1.6008003030303044e6,false,1
58.963,use_adaptive_ngroute,0.0001927261276575276,0,false,29.389499999999998,false,false,11.25,false,1.601119e6,1.600810422535211e6,false,3
136.287,use_lmSR3_cuts,0.00018560882618534613,5,false,45.239666666666665,false,false,11.625,false,1.601119e6,1.600821818181827e6,false,0
122.952,none,1.1102230246251565e-15,0,false,40.83466666666667,true,false,11.625,false,1.601119e6,1.6011189999999981e6,false,0
