CG_time_taken,method,CG_LP_IP_gap,implemented_SR3_cuts_count,errored,CG_sp_time_taken_mean,converged,CGIP_artificial,ngroute_neighborhood_size,time_limit_reached,CGIP_objective,CGLP_objective,CGLP_artificial,cycles_lookup_length
39.783,use_adaptive_ngroute,0.3016786587057646,0,false,1.1146842105263157,false,false,6.0,false,2.09512e6,1.4630670085723784e6,false,32
174.408,use_adaptive_ngroute,0.03286310926972014,0,false,9.389111111111111,false,false,10.28125,false,1.619628e6,1.5664019880597016e6,false,7
41.773,use_lmSR3_cuts,0.03280479926783908,5,false,13.888,false,false,11.03125,false,1.619628e6,1.5664964285714284e6,false,0
140.908,use_adaptive_ngroute,0.02242347028321856,0,false,20.01342857142857,false,false,11.03125,false,1.619628e6,1.5833103196721312e6,false,5
68.248,use_adaptive_ngroute,0.02176261614750663,0,false,22.636999999999997,false,false,11.406250000000002,false,1.619628e6,1.584380657534246e6,false,1
49.083,use_lmSR3_cuts,0.021529682130403738,5,false,24.469499999999996,false,false,11.437499999999998,false,1.619628e6,1.5847579239904985e6,false,0
119.362,use_lmSR3_cuts,0.02027184331156251,5,false,29.6265,false,false,11.437499999999998,false,1.619628e6,1.5867951549609806e6,false,0
210.175,use_adaptive_ngroute,0.017593885756482908,0,false,41.8996,false,false,11.437499999999998,false,1.619628e6,1.591132449999999e6,false,2
116.396,use_adaptive_ngroute,0.01706989197519282,0,false,38.73433333333333,false,false,11.531249999999998,false,1.619628e6,1.5919811250000023e6,false,1
81.433,use_adaptive_ngroute,0.017049292251746007,0,false,40.6725,false,false,11.562499999999998,false,1.619628e6,1.592014488888889e6,false,5
142.154,use_lmSR3_cuts,0.01699577864982016,5,false,47.316,false,false,11.84375,false,1.619628e6,1.592101161016949e6,false,0
291.412,use_lmSR3_cuts,0.01466714173429673,5,false,48.461166666666664,false,false,11.84375,false,1.619628e6,1.5958726865671645e6,false,0
238.744,use_adaptive_ngroute,0.013208459410231521,0,false,59.469,false,false,11.84375,false,1.619628e6,1.5982352093023255e6,false,5
57.37,use_adaptive_ngroute,0.013182740952636163,0,false,57.241,false,false,12.15625,false,1.619628e6,1.5982768636363638e6,false,3
146.179,use_lmSR3_cuts,0.01317966431466544,5,false,73.0145,false,false,12.625000000000002,false,1.619628e6,1.598281846645367e6,false,0
532.272,use_adaptive_ngroute,0.011266784718465983,0,false,88.52983333333333,false,false,12.625000000000002,false,1.619628e6,1.6013800000000005e6,false,3
207.005,use_lmSR3_cuts,0.011247131818363232,5,false,103.41,false,false,13.1875,false,1.619628e6,1.601411830387288e6,false,0
487.989,use_lmSR3_cuts,0.007752603272679903,5,false,97.41919999999999,false,false,13.1875,false,1.619628e6,1.607071666666676e6,false,0
399.805,none,0.00770485568291035,0,false,108.52866666666667,false,false,13.1875,true,1.619628e6,1.6071489999999993e6,false,0
