CG_time_taken,method,CG_LP_IP_gap,implemented_SR3_cuts_count,errored,CG_sp_time_taken_mean,converged,CGIP_artificial,ngroute_neighborhood_size,time_limit_reached,CGIP_objective,CGLP_objective,CGLP_artificial,cycles_lookup_length
19.001,use_adaptive_ngroute,0.2727285799697372,0,false,0.5366315789473685,false,false,6.0,false,2.012758e6,1.4638213688372716e6,false,31
97.708,use_adaptive_ngroute,0.13683221626886988,0,false,5.978625000000001,false,false,10.25,false,1.89438e6,1.6351677861445784e6,false,23
107.81,use_adaptive_ngroute,0.13325282492767376,0,false,15.350999999999999,false,false,12.4375,false,1.89438e6,1.6419485135135134e6,false,10
67.291,use_adaptive_ngroute,0.13220736486470264,0,false,16.7935,false,false,13.15625,false,1.89438e6,1.6439290121476047e6,false,5
67.501,use_lmSR3_cuts,0.13196767719657354,5,false,22.476,false,false,13.625,false,1.89438e6,1.644383071672355e6,false,0
335.436,use_adaptive_ngroute,0.11772640989131233,0,false,37.15644444444444,false,false,13.625,false,1.880526e6,1.65913842531273e6,false,4
179.006,use_adaptive_ngroute,0.11654136292880957,0,false,44.710249999999995,false,false,14.093750000000002,false,1.880526e6,1.6613669369369375e6,false,2
108.991,use_lmSR3_cuts,0.11652689262927018,5,false,54.473499999999994,false,false,14.28125,false,1.880526e6,1.661394148711449e6,false,0
491.428,use_adaptive_ngroute,0.04106451405396028,0,false,61.258375,false,false,14.28125,false,1.74598e6,1.6742821797520665e6,false,8
77.829,use_lmSR3_cuts,0.041023471357407915,5,false,77.767,false,false,14.8125,false,1.74598e6,1.6743538394793929e6,false,0
676.906,use_adaptive_ngroute,0.03781232249139699,0,false,84.376875,false,false,14.8125,false,1.74598e6,1.6799604411764706e6,false,1
280.525,use_lmSR3_cuts,0.037800683911177524,5,false,93.43566666666665,false,false,14.875,false,1.74598e6,1.6799807619047624e6,false,0
829.948,use_lmSR3_cuts,0.02658853407849604,5,false,118.37257142857142,false,false,14.875,false,1.72713e6,1.681208145137007e6,false,0
182.541,none,0.0241759991616195,0,false,105.47500000000001,false,false,14.875,true,1.72713e6,1.6853749065679922e6,false,0
