CG_time_taken,method,CG_LP_IP_gap,implemented_SR3_cuts_count,errored,CG_sp_time_taken_mean,converged,CGIP_artificial,ngroute_neighborhood_size,time_limit_reached,CGIP_objective,CGLP_objective,CGLP_artificial,cycles_lookup_length
40.215,use_adaptive_ngroute,0.1292883961426623,0,false,1.2518888888888886,false,false,6.0,false,1.650502e6,1.4371112435897435e6,false,31
79.225,use_adaptive_ngroute,0.07759293042293924,0,false,4.783249999999999,false,false,9.1875,false,1.636638e6,1.5096464615384615e6,false,5
46.313,use_adaptive_ngroute,0.060935658508941226,0,false,5.706625000000001,false,false,9.53125,false,1.623098e6,1.5241934545454546e6,false,6
25.379,use_adaptive_ngroute,0.058898168810509244,0,false,8.401,false,false,10.375,false,1.623098e6,1.5275005e6,false,1
38.009,use_lmSR3_cuts,0.05822568939152162,5,false,7.571600000000001,false,false,10.40625,false,1.623098e6,1.528592e6,false,0
101.936,use_lmSR3_cuts,0.006725173844286836,1,false,11.170000000000002,false,false,10.40625,false,1.544198e6,1.533813e6,false,0
52.199,use_lmSR3_cuts,0.004756514384813393,1,false,10.3592,false,false,10.40625,false,1.544198e6,1.536853e6,false,0
89.491,use_adaptive_ngroute,0.004522304350435324,0,false,11.122499999999999,false,false,10.40625,false,1.544198e6,1.5372146666666665e6,false,3
69.828,use_lmSR3_cuts,0.003891987944551145,2,false,11.560000000000002,false,false,10.5,false,1.544198e6,1.538188e6,false,0
45.868,use_adaptive_ngroute,3.597696380608362e-5,0,false,15.201666666666666,false,false,10.5,false,1.544198e6,1.5441424444444445e6,false,5
72.113,none,0.0,0,false,17.967,true,false,10.875,false,1.544198e6,1.544198e6,false,0
