CG_time_taken,method,CG_LP_IP_gap,implemented_SR3_cuts_count,errored,CG_sp_time_taken_mean,converged,CGIP_artificial,ngroute_neighborhood_size,time_limit_reached,CGIP_objective,CGLP_objective,CGLP_artificial,cycles_lookup_length
36.696,use_adaptive_ngroute,0.44675374200626783,0,false,0.8874347826086955,false,false,6.0,false,2.27363e6,1.2578772895622894e6,false,32
457.614,use_adaptive_ngroute,0.07122842278153896,0,false,16.089750000000002,false,false,10.15625,false,1.538544e6,1.4289559375e6,false,7
51.955,use_adaptive_ngroute,0.06836578083224243,0,false,17.14533333333333,false,false,11.0,false,1.538544e6,1.4333602380952383e6,false,1
79.78,use_lmSR3_cuts,0.0683657808322452,5,false,26.525666666666666,false,false,11.25,false,1.538544e6,1.4333602380952341e6,false,0
489.392,use_adaptive_ngroute,0.0549896525546234,0,false,44.12118181818182,false,false,11.25,false,1.538544e6,1.4539399999999995e6,false,1
272.873,use_lmSR3_cuts,0.054847944100813395,5,false,45.35366666666666,false,false,11.281250000000002,false,1.538544e6,1.4541580246913582e6,false,0
521.791,use_adaptive_ngroute,0.04803669207468553,0,false,65.001875,false,false,11.281250000000002,false,1.537754e6,1.463885384615384e6,false,6
770.293,use_lmSR3_cuts,0.0208331941856299,5,false,128.21016666666665,false,false,11.59375,false,1.49721e6,1.466018333333333e6,false,0
692.328,use_lmSR3_cuts,0.019013456353017655,5,false,138.2238,false,false,11.59375,false,1.49721e6,1.4687428630136985e6,false,0
126.353,none,0.006095927363507836,0,false,117.39,false,false,11.59375,true,1.48767e6,1.4786012717391304e6,false,0
