CG_time_taken,method,CG_LP_IP_gap,implemented_SR3_cuts_count,errored,CG_sp_time_taken_mean,converged,CGIP_artificial,ngroute_neighborhood_size,time_limit_reached,CGIP_objective,CGLP_objective,CGLP_artificial,cycles_lookup_length
55.52,use_adaptive_ngroute,0.33688783348609297,0,false,1.2746521739130436,false,false,6.0,false,2.09645e6,1.3901815014880805e6,false,30
228.244,use_adaptive_ngroute,0.1055121190081526,0,false,13.215999999999998,false,false,9.125,false,1.6892e6,1.5109689285714286e6,false,15
212.256,use_adaptive_ngroute,0.03509015142671379,0,false,23.521111111111114,false,false,10.53125,false,1.58019e6,1.5247408936170212e6,false,3
187.114,use_adaptive_ngroute,0.03144341593641986,0,false,31.117500000000003,false,false,10.84375,false,1.58019e6,1.5305034285714286e6,false,6
266.464,use_adaptive_ngroute,0.03042376760600518,0,false,66.57475000000001,false,false,11.562499999999998,false,1.58019e6,1.5321146666666667e6,false,1
166.447,use_lmSR3_cuts,0.03033396050641457,5,false,41.57575,false,false,11.625,false,1.58019e6,1.5322565789473688e6,false,0
655.327,use_adaptive_ngroute,0.026629234459147333,0,false,109.14466666666665,false,false,11.625,false,1.58019e6,1.53811075e6,false,2
551.394,use_lmSR3_cuts,0.026597504800759064,5,false,137.782,false,false,11.90625,false,1.58019e6,1.5381608888888885e6,false,0
1243.383,none,0.021752948982609932,0,false,200.52900000000002,false,false,11.90625,true,1.58019e6,1.5458162075471696e6,false,0
