CG_time_taken,method,CG_LP_IP_gap,implemented_SR3_cuts_count,errored,CG_sp_time_taken_mean,converged,CGIP_artificial,ngroute_neighborhood_size,time_limit_reached,CGIP_objective,CGLP_objective,CGLP_artificial,cycles_lookup_length
18.496,use_adaptive_ngroute,0.369606443166668,0,false,0.5267999999999999,false,false,6.0,false,2.35553e6,1.4849109349276186e6,false,32
165.68,use_adaptive_ngroute,0.09494900595244771,0,false,14.783545454545456,false,false,11.84375,false,1.731022e6,1.566663181818182e6,false,13
198.877,use_lmSR3_cuts,0.06014694856800118,4,false,22.024,false,false,12.906249999999998,false,1.66725e6,1.56697e6,false,0
276.969,use_adaptive_ngroute,0.055392191680280645,0,false,30.626666666666672,false,false,12.906249999999998,false,1.66725e6,1.5748973684210521e6,false,4
158.744,use_adaptive_ngroute,0.053736992052781485,0,false,39.63099999999999,false,false,13.21875,false,1.66725e6,1.577657e6,false,2
133.177,use_lmSR3_cuts,0.053246696989387,5,false,44.318666666666665,false,false,13.28125,false,1.66725e6,1.5784744444444445e6,false,0
298.397,use_adaptive_ngroute,0.050694257010046484,0,false,49.39900000000001,false,false,13.28125,false,1.66725e6,1.58273e6,false,3
189.496,use_lmSR3_cuts,0.050694257010046484,1,false,47.22650000000001,false,false,13.46875,false,1.66725e6,1.58273e6,false,0
324.284,use_adaptive_ngroute,0.0496456240315889,0,false,53.84283333333334,false,false,13.46875,false,1.66725e6,1.5844783333333335e6,false,3
155.249,use_lmSR3_cuts,0.049167518641202945,5,false,51.673,false,false,13.75,false,1.66725e6,1.5852754545454544e6,false,0
535.755,use_adaptive_ngroute,0.04490478332583614,0,false,89.12066666666668,false,false,13.75,false,1.66725e6,1.5923824999999998e6,false,6
329.631,use_lmSR3_cuts,0.04453801169590643,2,false,82.27175,false,false,14.062500000000002,false,1.66725e6,1.592994e6,false,0
456.177,use_lmSR3_cuts,0.0437961026436956,5,false,91.13600000000001,false,false,14.062500000000002,false,1.66725e6,1.5942309478672985e6,false,0
282.345,none,0.02623495208139537,0,false,105.2815,false,false,14.062500000000002,true,1.63887e6,1.5958743240823636e6,false,0
