CG_time_taken,method,CG_LP_IP_gap,implemented_SR3_cuts_count,errored,CG_sp_time_taken_mean,converged,CGIP_artificial,ngroute_neighborhood_size,time_limit_reached,CGIP_objective,CGLP_objective,CGLP_artificial,cycles_lookup_length
28.601,use_adaptive_ngroute,0.2582227480811934,0,false,0.7562173913043478,false,false,6.0,false,1.938749e6,1.4381199053803345e6,false,32
147.67,use_adaptive_ngroute,0.059808139857895126,0,false,10.363642857142855,false,false,9.53125,false,1.61993e6,1.523045e6,false,3
123.644,use_adaptive_ngroute,0.05713730685893825,0,false,12.203499999999998,false,false,10.15625,false,1.61993e6,1.5273715625000002e6,false,9
198.221,use_lmSR3_cuts,0.0552760510227811,5,false,32.925333333333334,false,false,11.0625,false,1.61993e6,1.5303866666666663e6,false,0
396.638,use_adaptive_ngroute,0.04842168293821658,0,false,49.445375,false,false,11.0625,false,1.61993e6,1.5414902631578948e6,false,3
166.601,use_lmSR3_cuts,0.04827369083849298,1,false,55.41733333333334,false,false,11.15625,false,1.61993e6,1.54173e6,false,0
351.094,use_adaptive_ngroute,0.046890463348838174,0,false,58.43999999999999,false,false,11.15625,false,1.61993e6,1.5439707317073166e6,false,5
226.099,use_lmSR3_cuts,0.04665924199339022,5,false,56.42775,false,false,11.375000000000002,false,1.61993e6,1.5443452941176475e6,false,0
194.598,use_lmSR3_cuts,0.043058444912228766,5,false,64.76400000000001,false,false,11.375000000000002,false,1.61993e6,1.5501783333333333e6,false,0
314.507,use_lmSR3_cuts,0.040553153056471114,5,false,78.44750000000002,false,false,11.375000000000002,false,1.61993e6,1.5542367307692308e6,false,0
481.294,use_lmSR3_cuts,0.03875354162918021,5,false,120.1645,false,false,11.375000000000002,false,1.61993e6,1.557151975308642e6,false,0
762.319,use_adaptive_ngroute,0.0373109477542275,0,false,152.3178,false,false,11.375000000000002,false,1.61993e6,1.5594888764044943e6,false,4
144.773,none,0.037275616161740466,0,false,NaN,false,false,12.125,true,1.61993e6,1.5595461111111117e6,false,0
