CG_time_taken,method,CG_LP_IP_gap,implemented_SR3_cuts_count,errored,CG_sp_time_taken_mean,converged,CGIP_artificial,ngroute_neighborhood_size,time_limit_reached,CGIP_objective,CGLP_objective,CGLP_artificial,cycles_lookup_length
35.882,use_adaptive_ngroute,0.41053349659664296,0,false,0.9938095238095238,false,false,6.0,false,2.329944e6,1.3734239428056313e6,false,31
255.705,use_adaptive_ngroute,0.02488595841077168,0,false,13.281368421052633,false,false,10.65625,false,1.610962e6,1.5708716666666665e6,false,10
136.176,use_lmSR3_cuts,0.022489253833010037,3,false,19.37185714285714,false,false,11.406250000000002,false,1.610962e6,1.5747326666666665e6,false,0
164.218,use_adaptive_ngroute,0.022416419505860485,0,false,27.298333333333332,false,false,11.406250000000002,false,1.610962e6,1.57485e6,false,1
175.904,use_adaptive_ngroute,0.020599699641166147,0,false,29.263666666666666,false,false,11.437499999999998,false,1.610962e6,1.5777766666666677e6,false,3
89.945,use_adaptive_ngroute,0.019622348101852927,0,false,22.427999999999997,false,false,12.3125,false,1.610962e6,1.5793511428571427e6,false,3
169.638,use_lmSR3_cuts,0.019384380264711343,5,false,42.3565,false,false,12.656250000000002,false,1.610962e6,1.5797345e6,false,0
149.14,use_lmSR3_cuts,0.019086525111496444,3,false,49.64366666666667,false,false,12.656250000000002,false,1.610962e6,1.5802143333333335e6,false,0
313.549,use_adaptive_ngroute,0.018228721582369878,0,false,62.602199999999996,false,false,12.656250000000002,false,1.610962e6,1.5815962222222222e6,false,2
305.005,use_adaptive_ngroute,0.017899809581776727,0,false,152.44199999999998,false,false,12.874999999999998,false,1.610962e6,1.5821260869565217e6,false,1
611.416,use_lmSR3_cuts,0.017835098945019556,2,false,152.74925,false,false,13.0,false,1.610962e6,1.5822303333333335e6,false,0
504.021,use_lmSR3_cuts,0.017231393415859553,5,false,167.93566666666666,false,false,13.0,false,1.610962e6,1.5832028800000001e6,false,0
658.69,none,0.015656349301711336,0,false,170.08733333333333,false,false,13.0,true,1.610962e6,1.5857402162162166e6,false,0
