CG_time_taken,method,CG_LP_IP_gap,implemented_SR3_cuts_count,errored,CG_sp_time_taken_mean,converged,CGIP_artificial,ngroute_neighborhood_size,time_limit_reached,CGIP_objective,CGLP_objective,CGLP_artificial,cycles_lookup_length
26.886,use_adaptive_ngroute,0.18120588449800923,0,false,0.5824545454545456,false,false,6.0,false,1.755052e6,1.43702625e6,false,32
151.756,use_adaptive_ngroute,0.008019462882051132,0,false,8.281222222222222,false,false,9.8125,false,1.52789e6,1.515637142857143e6,false,10
58.828,use_lmSR3_cuts,0.004963708120348964,1,false,8.333428571428572,false,false,10.1875,false,1.52789e6,1.520306e6,false,0
73.65,use_lmSR3_cuts,0.0043314636524882655,5,false,10.464714285714287,false,false,10.1875,false,1.52789e6,1.5212719999999998e6,false,0
78.109,use_lmSR3_cuts,0.004314446720640741,5,false,19.427,false,false,10.1875,false,1.52789e6,1.5212980000000002e6,false,0
60.472,use_lmSR3_cuts,0.0017461990064729926,5,false,14.987250000000001,false,false,10.1875,false,1.52789e6,1.525222e6,false,0
197.716,none,0.0,0,false,19.6049,true,false,10.1875,false,1.52789e6,1.52789e6,false,0
