CG_time_taken,method,CG_LP_IP_gap,implemented_SR3_cuts_count,errored,CG_sp_time_taken_mean,converged,CGIP_artificial,ngroute_neighborhood_size,time_limit_reached,CGIP_objective,CGLP_objective,CGLP_artificial,cycles_lookup_length
35.529,use_adaptive_ngroute,0.3251896211374564,0,false,0.8560000000000002,false,false,6.0,false,1.93119e6,1.3031870555555555e6,false,32
197.491,use_adaptive_ngroute,0.12898665233365159,0,false,12.840466666666666,false,false,9.21875,false,1.700284e6,1.4809700588235296e6,false,15
83.175,use_lmSR3_cuts,0.12201094052522987,5,false,6.786333333333334,false,false,10.0625,false,1.700284e6,1.49283075e6,false,0
87.886,none,0.0,0,false,8.5923,true,false,10.0625,false,1.504618e6,1.504618e6,false,0
