CG_time_taken,method,CG_LP_IP_gap,implemented_SR3_cuts_count,errored,CG_sp_time_taken_mean,converged,CGIP_artificial,ngroute_neighborhood_size,time_limit_reached,CGIP_objective,CGLP_objective,CGLP_artificial,cycles_lookup_length
28.467,use_adaptive_ngroute,0.33754762751503864,0,false,0.7520476190476191,false,false,6.0,false,2.273219e6,1.5058993197278914e6,false,25
45.937,use_adaptive_ngroute,0.10767261548889973,0,false,2.606375,false,false,8.8125,false,1.7975599850931694e6,1.6040120000000002e6,false,12
37.318,use_adaptive_ngroute,0.10432614210374058,0,false,4.023333333333333,false,false,10.09375,false,1.79756e6,1.6100275e6,false,5
19.581,use_lmSR3_cuts,0.10411752597966129,5,false,3.8526000000000002,false,false,10.90625,false,1.79756e6,1.6104025e6,false,0
70.546,use_adaptive_ngroute,0.08942323836958788,0,false,8.657875,false,false,10.90625,false,1.79756e6,1.6368163636363635e6,false,2
68.566,use_lmSR3_cuts,0.019848208137480894,5,false,11.333333333333334,false,false,11.343750000000002,false,1.67005e6,1.6369025e6,false,0
75.119,use_adaptive_ngroute,0.017125834555851593,0,false,14.921800000000001,false,false,11.343750000000002,false,1.67005e6,1.641449e6,false,5
74.812,use_lmSR3_cuts,0.017044399868267557,5,false,14.9184,false,false,11.90625,false,1.67005e6,1.6415849999999998e6,false,0
68.15,use_lmSR3_cuts,0.016993503188527326,2,false,13.507,false,false,11.90625,false,1.67005e6,1.64167e6,false,0
80.786,use_adaptive_ngroute,0.0034610050208647714,0,false,20.11175,false,false,11.90625,false,1.65111e6,1.6453955e6,false,6
40.647,use_lmSR3_cuts,0.003422296658184054,5,false,20.243000000000002,false,false,12.5625,false,1.65111e6,1.6454594117647058e6,false,0
85.078,use_adaptive_ngroute,0.0019880565195534716,0,false,21.151249999999997,false,false,12.5625,false,1.65111e6,1.6478275e6,false,4
158.368,use_adaptive_ngroute,0.0015557715718517162,0,false,31.5892,false,false,12.750000000000002,false,1.65111e6,1.64854125e6,false,1
56.98,use_lmSR3_cuts,0.0015557715718517162,5,false,28.433500000000002,false,false,12.781249999999998,false,1.65111e6,1.64854125e6,false,0
45.272,use_lmSR3_cuts,0.0012574873872728265,5,false,22.472499999999997,false,false,12.781249999999998,false,1.65111e6,1.64903375e6,false,0
272.733,none,0.0,0,false,45.31049999999999,true,false,12.781249999999998,false,1.65111e6,1.65111e6,false,0
