CG_time_taken,method,CG_LP_IP_gap,implemented_SR3_cuts_count,errored,CG_sp_time_taken_mean,converged,CGIP_artificial,ngroute_neighborhood_size,time_limit_reached,CGIP_objective,CGLP_objective,CGLP_artificial,cycles_lookup_length
3.438,use_adaptive_ngroute,0.3887759307057972,0,false,0.17021428571428573,false,false,5.0,false,1.863761e6,1.1391755826118328e6,false,19
4.483,use_lmSR3_cuts,0.03381349831431446,2,false,0.533375,false,false,7.05,false,1.40299e6,1.35555e6,false,0
3.982,use_adaptive_ngroute,0.0030102366307750428,0,false,0.708,false,false,7.05,false,1.36894e6,1.3648191666666667e6,false,3
2.498,use_adaptive_ngroute,0.0015669057811152909,0,false,0.8190000000000001,false,false,7.4,false,1.36894e6,1.366795e6,false,4
1.689,use_lmSR3_cuts,0.0015574093824418656,5,false,0.837,false,false,7.8999999999999995,false,1.36894e6,1.366808e6,false,0
1.064,none,0.0,0,false,0.841,true,false,7.8999999999999995,false,1.36894e6,1.36894e6,false,0
