CG_time_taken,method,CG_LP_IP_gap,implemented_SR3_cuts_count,errored,CG_sp_time_taken_mean,converged,CGIP_artificial,ngroute_neighborhood_size,time_limit_reached,CGIP_objective,CGLP_objective,CGLP_artificial,cycles_lookup_length
22.99,use_adaptive_ngroute,0.21467126851891372,0,false,0.7916,false,false,6.0,false,1.81909e6,1.4285836421499292e6,false,31
240.751,use_adaptive_ngroute,0.07611173693026951,0,false,11.331333333333335,false,false,9.5,false,1.71331e6,1.582907e6,false,6
132.283,use_adaptive_ngroute,0.07470205495664972,0,false,14.595666666666668,false,false,10.1875,false,1.71331e6,1.5853222222222225e6,false,2
78.561,use_adaptive_ngroute,0.07440458819478057,0,false,15.653199999999998,false,false,10.3125,false,1.71331e6,1.5858318750000005e6,false,3
89.437,use_lmSR3_cuts,0.07437608238689197,5,false,17.8102,false,false,10.75,false,1.71331e6,1.585880714285714e6,false,0
136.091,use_lmSR3_cuts,0.028880700444369634,5,false,22.5345,false,false,10.75,false,1.64114e6,1.5937427272727273e6,false,0
394.815,use_adaptive_ngroute,0.012312620704454158,0,false,43.67,false,false,10.75,false,1.63105e6,1.6109675e6,false,1
235.296,use_lmSR3_cuts,0.012062781643726428,3,false,58.754000000000005,false,false,10.78125,false,1.63105e6,1.611375e6,false,0
255.696,use_adaptive_ngroute,0.010606752004624576,0,false,51.066399999999994,false,false,10.78125,false,1.63105e6,1.613749857142857e6,false,4
340.009,use_lmSR3_cuts,0.004165201132934726,5,false,67.8934,false,false,11.09375,false,1.62057e6,1.61382e6,false,0
373.749,use_adaptive_ngroute,0.002319399964210267,0,false,74.66319999999999,false,false,11.09375,false,1.62057e6,1.6168112499999998e6,false,1
363.057,use_adaptive_ngroute,0.00226360683792326,0,false,72.4966,false,false,11.15625,false,1.62057e6,1.6169016666666667e6,false,2
250.52,use_lmSR3_cuts,0.002193140642511082,5,false,83.43866666666666,false,false,11.281250000000002,false,1.62057e6,1.6170158620689658e6,false,0
383.014,none,0.0,0,false,76.4596,true,false,11.281250000000002,false,1.62057e6,1.62057e6,false,0
