CG_time_taken,method,CG_LP_IP_gap,implemented_SR3_cuts_count,errored,CG_sp_time_taken_mean,converged,CGIP_artificial,ngroute_neighborhood_size,time_limit_reached,CGIP_objective,CGLP_objective,CGLP_artificial,cycles_lookup_length
26.65,use_adaptive_ngroute,0.32852129816453224,0,false,0.8224999999999999,false,false,6.0,false,2.12302e6,1.4255627135707347e6,false,28
35.247,use_adaptive_ngroute,0.08030688904708316,0,false,2.2676,false,false,8.1875,false,1.702548e6,1.5658216666666667e6,false,6
29.066,use_lmSR3_cuts,0.07314311647405347,5,false,2.198692307692308,false,false,8.53125,false,1.702548e6,1.5780183333333333e6,false,0
18.044,use_lmSR3_cuts,0.01947013215695148,5,false,4.429,false,false,8.53125,false,1.612855e6,1.5814525e6,false,0
17.159,use_lmSR3_cuts,0.01236106524091718,5,false,3.3847999999999994,false,false,8.53125,false,1.60477e6,1.5849333333333333e6,false,0
59.034,use_adaptive_ngroute,0.00773612784533162,0,false,4.482615384615384,false,false,8.53125,false,1.60477e6,1.5923552941176472e6,false,12
45.487,use_adaptive_ngroute,0.005851534770757505,0,false,11.333,false,false,10.125,false,1.60477e6,1.5953796325459315e6,false,2
18.932,use_lmSR3_cuts,0.005503644343633818,5,false,9.4345,false,false,10.28125,false,1.60477e6,1.5959379166666667e6,false,0
65.42,use_lmSR3_cuts,0.0034674157430065744,5,false,10.834666666666667,false,false,10.28125,false,1.60477e6,1.5992055952380954e6,false,0
48.367,use_lmSR3_cuts,0.0022303573261687193,5,false,12.02725,false,false,10.28125,false,1.60477e6,1.6011907894736843e6,false,0
64.235,none,0.0018351539472941658,0,false,16.0165,false,false,10.28125,false,1.60477e6,1.6018250000000007e6,false,0
