CG_time_taken,method,CG_LP_IP_gap,implemented_SR3_cuts_count,errored,CG_sp_time_taken_mean,converged,CGIP_artificial,ngroute_neighborhood_size,time_limit_reached,CGIP_objective,CGLP_objective,CGLP_artificial,cycles_lookup_length
11.455,use_adaptive_ngroute,0.33784462416905225,0,false,0.3773684210526316,false,false,6.0,false,2.012596e6,1.332651260775862e6,false,27
10.319,use_adaptive_ngroute,0.17122132049443706,0,false,0.8296363636363637,false,false,7.5,false,1.775542e6,1.4715313541666663e6,false,7
11.381,use_adaptive_ngroute,0.16090420142987893,0,false,1.8356666666666666,false,false,8.25,false,1.760242e6,1.477011666666667e6,false,2
7.69,use_lmSR3_cuts,0.16085489145025367,5,false,1.5197999999999998,false,false,8.34375,false,1.760242e6,1.4770984641638226e6,false,0
7.508,use_lmSR3_cuts,0.150030696536802,5,false,2.359666666666667,false,false,8.34375,false,1.760242e6,1.4961516666666665e6,false,0
26.415,use_adaptive_ngroute,0.1257798367271209,0,false,3.192249999999999,false,false,8.34375,false,1.72472e6,1.507785e6,false,12
34.94,use_adaptive_ngroute,0.12505057967227018,0,false,8.6965,false,false,10.34375,false,1.72472e6,1.5090427642276422e6,false,2
13.765,use_lmSR3_cuts,0.12496893905760276,5,false,6.851000000000001,false,false,10.4375,false,1.72472e6,1.5091835714285714e6,false,0
34.913,use_adaptive_ngroute,0.1185640075324017,0,false,8.64175,false,false,10.4375,false,1.71897e6,1.5151620279720274e6,false,5
27.061,use_lmSR3_cuts,0.11845352080348714,5,false,8.985666666666665,false,false,10.59375,false,1.71897e6,1.5153519513444297e6,false,0
69.952,use_adaptive_ngroute,0.09308151436445777,0,false,9.858142857142857,false,false,10.59375,false,1.67714e6,1.5210292689987933e6,false,4
45.346,use_lmSR3_cuts,0.0930744679494322,5,false,15.062333333333333,false,false,11.25,false,1.67714e6,1.5210410868232893e6,false,0
61.051,use_adaptive_ngroute,0.09100987296382024,0,false,15.179250000000001,false,false,11.25,false,1.67714e6,1.5245037016574584e6,false,4
42.059,use_lmSR3_cuts,0.09096639760726288,5,false,20.998,false,false,11.65625,false,1.67714e6,1.524576615916955e6,false,0
132.943,use_lmSR3_cuts,0.08883001924138478,5,false,26.450799999999997,false,false,11.65625,false,1.67714e6,1.528159621529504e6,false,0
169.133,use_lmSR3_cuts,0.0867461518283752,5,false,28.083000000000002,false,false,11.65625,false,1.67714e6,1.5316545589225588e6,false,0
116.354,use_adaptive_ngroute,0.04098686036654842,0,false,29.006249999999998,false,false,11.65625,false,1.599182e6,1.5336365506653024e6,false,4
99.758,use_adaptive_ngroute,0.0407062289065544,0,false,33.181,false,false,11.8125,false,1.599182e6,1.5340853314447585e6,false,1
131.264,use_lmSR3_cuts,0.0406784878491353,5,false,32.762,false,false,11.875,false,1.599182e6,1.534129694444444e6,false,0
200.576,use_adaptive_ngroute,0.039627866685415625,0,false,39.997,false,false,11.875,false,1.599182e6,1.5358098288982837e6,false,5
122.233,use_lmSR3_cuts,0.039546886126280545,5,false,40.66166666666666,false,false,12.21875,false,1.599182e6,1.5359393315508023e6,false,0
131.32,use_adaptive_ngroute,0.037634334855460305,0,false,43.675333333333334,false,false,12.21875,false,1.599182e6,1.5389978491171752e6,false,1
84.654,use_lmSR3_cuts,0.03763349112100434,5,false,42.246,false,false,12.3125,false,1.599182e6,1.53899919840213e6,false,0
289.325,use_adaptive_ngroute,0.034951460926456734,0,false,48.12916666666666,false,false,12.3125,false,1.599182e6,1.543288252812707e6,false,1
163.473,use_lmSR3_cuts,0.03494261018159517,5,false,54.40266666666667,false,false,12.34375,false,1.599182e6,1.5433024067645762e6,false,0
182.859,use_lmSR3_cuts,0.03432158892053294,5,false,60.81066666666666,false,false,12.34375,false,1.599182e6,1.5442955327868843e6,false,0
177.751,none,0.03351525967650959,0,false,59.12133333333333,false,false,12.34375,false,1.599182e6,1.545585e6,false,0
