CG_time_taken,method,CG_LP_IP_gap,implemented_SR3_cuts_count,errored,CG_sp_time_taken_mean,converged,CGIP_artificial,ngroute_neighborhood_size,time_limit_reached,CGIP_objective,CGLP_objective,CGLP_artificial,cycles_lookup_length
14.434,use_adaptive_ngroute,0.32407626995363137,0,false,0.4186,false,false,6.0,false,2.1955e6,1.4839905493168023e6,false,30
24.576,use_adaptive_ngroute,0.05322228160106801,0,false,1.7679230769230772,false,false,7.5625,false,1.753895993525207e6,1.6605496470588236e6,false,14
15.602,use_lmSR3_cuts,0.0527672384029686,5,false,2.561166666666667,false,false,9.3125,false,1.753896e6,1.661347751633987e6,false,0
19.092,use_adaptive_ngroute,0.04765995149689517,0,false,3.1198333333333332,false,false,9.3125,false,1.753896e6,1.6703054017094015e6,false,2
12.423,use_lmSR3_cuts,0.04765009584376756,5,false,4.1243333333333325,false,false,9.65625,false,1.753896e6,1.6703226874999995e6,false,0
16.816,use_adaptive_ngroute,0.03822441075489724,0,false,5.478000000000001,false,false,9.65625,false,1.74185e6,1.6752688101265822e6,false,4
15.82,use_adaptive_ngroute,0.03814261901440019,0,false,5.243666666666666,false,false,9.78125,false,1.74185e6,1.675411279069767e6,false,4
13.445,use_lmSR3_cuts,0.0380394408244108,5,false,6.703500000000001,false,false,10.1875,false,1.74185e6,1.675591e6,false,0
22.153,use_adaptive_ngroute,0.035126659258013726,0,false,5.43475,false,false,10.1875,false,1.74185e6,1.6806646285714288e6,false,2
41.725,use_lmSR3_cuts,0.03485517017395412,5,false,5.939285714285714,false,false,10.25,false,1.74185e6,1.681137521832498e6,false,0
20.989,use_lmSR3_cuts,0.03413651964397313,5,false,6.964000000000001,false,false,10.25,false,1.74185e6,1.6823893032581455e6,false,0
37.948,use_lmSR3_cuts,0.013632459511334183,5,false,9.387750000000002,false,false,10.25,false,1.70815e6,1.6848637142857146e6,false,0
51.352,use_lmSR3_cuts,0.011517817926268492,5,false,8.493333333333334,false,false,10.25,false,1.70755e6,1.6878827500000002e6,false,0
47.181,use_adaptive_ngroute,0.010932147210872212,0,false,11.74075,false,false,10.25,false,1.70755e6,1.6888828120300751e6,false,7
58.677,use_adaptive_ngroute,0.010827336398986698,0,false,14.631249999999998,false,false,10.5,false,1.70755e6,1.6890617817319103e6,false,4
25.505,use_lmSR3_cuts,0.010827060721218418,5,false,12.711,false,false,10.625,false,1.70755e6,1.6890622524654835e6,false,0
29.366,use_lmSR3_cuts,3.8643801775761766e-5,5,false,14.517999999999999,false,false,10.625,false,1.69082e6,1.6907546602870815e6,false,0
47.822,none,8.659739592076221e-15,0,false,15.843333333333334,true,false,10.625,false,1.69082e6,1.6908199999999853e6,false,0
