CG_time_taken,method,CG_LP_IP_gap,implemented_SR3_cuts_count,errored,CG_sp_time_taken_mean,converged,CGIP_artificial,ngroute_neighborhood_size,time_limit_reached,CGIP_objective,CGLP_objective,CGLP_artificial,cycles_lookup_length
18.452,use_adaptive_ngroute,0.40525456984303787,0,false,0.5359545454545455,false,false,6.0,false,2.36461e6,1.406340991603454e6,false,30
28.603,use_adaptive_ngroute,0.15905355398938192,0,false,1.947142857142857,false,false,7.1875,false,1.864984e6,1.5683516666666665e6,false,9
15.602,use_adaptive_ngroute,0.15525510682957067,0,false,2.5759999999999996,false,false,8.15625,false,1.864984e6,1.57543570984456e6,false,5
6.769,use_lmSR3_cuts,0.15327482571484552,5,false,3.3665000000000003,false,false,8.46875,false,1.864984e6,1.5791289024390245e6,false,0
13.415,use_adaptive_ngroute,0.14951005572418075,0,false,4.391666666666666,false,false,8.46875,false,1.864984e6,1.5861501382352945e6,false,6
9.032,use_adaptive_ngroute,0.14849269808662546,0,false,4.459999999999999,false,false,8.78125,false,1.864984e6,1.5880474939516129e6,false,2
8.97,use_lmSR3_cuts,0.13920965283395603,5,false,4.441000000000001,false,false,8.9375,false,1.844887e6,1.5880609212121214e6,false,0
31.242,use_adaptive_ngroute,0.1051219807277396,0,false,5.134666666666666,false,false,8.9375,false,1.785364e6,1.597683e6,false,4
26.77,use_adaptive_ngroute,0.1049758789649694,0,false,6.64475,false,false,9.125,false,1.785364e6,1.5979438448275863e6,false,4
12.46,use_lmSR3_cuts,0.10485284793465088,5,false,6.2090000000000005,false,false,9.65625,false,1.785364e6,1.5981635e6,false,0
72.505,use_adaptive_ngroute,0.021745640945876832,0,false,7.940111111111112,false,false,9.65625,false,1.646827e6,1.6110156913580245e6,false,10
70.532,use_lmSR3_cuts,0.019744174975149797,5,false,23.472333333333335,false,false,10.625,false,1.646827e6,1.614311759558199e6,false,0
142.645,use_adaptive_ngroute,0.017287444172680022,0,false,28.422399999999993,false,false,10.625,false,1.646827e6,1.618357570175438e6,false,1
48.16,use_lmSR3_cuts,0.017284970336383765,5,false,24.044999999999998,false,false,10.65625,false,1.646827e6,1.618361644155844e6,false,0
121.057,use_lmSR3_cuts,0.014370119022823813,5,false,30.21325,false,false,10.65625,false,1.646827e6,1.6231619000000001e6,false,0
173.687,use_lmSR3_cuts,0.013459823041521934,5,false,43.316,false,false,10.65625,false,1.646827e6,1.6246609999999995e6,false,0
193.297,use_adaptive_ngroute,0.010925031204641722,0,false,32.102666666666664,false,false,10.65625,false,1.646827e6,1.6288353636363535e6,false,1
62.795,use_adaptive_ngroute,0.010484051797394311,0,false,31.314999999999998,false,false,10.6875,false,1.646827e6,1.6295615804306525e6,false,6
40.968,use_lmSR3_cuts,0.01048201491687073,5,false,40.893,false,false,11.03125,false,1.646827e6,1.6295649348204946e6,false,0
168.605,use_lmSR3_cuts,0.009364453615359758,5,false,56.00866666666667,false,false,11.03125,false,1.646827e6,1.631405364945978e6,false,0
338.413,use_adaptive_ngroute,0.008437221665933192,0,false,67.5872,false,false,11.03125,false,1.646827e6,1.6329323555555562e6,false,2
334.89,use_lmSR3_cuts,0.00843229143685642,5,false,111.57933333333334,false,false,11.25,false,1.646827e6,1.632940474789916e6,false,0
292.099,use_lmSR3_cuts,0.007923740722257211,5,false,97.24866666666667,false,false,11.25,false,1.646827e6,1.6337779698375873e6,false,0
552.59,use_adaptive_ngroute,0.0073603488697134845,0,false,110.41180000000001,false,false,11.25,false,1.646827e6,1.6347057787519363e6,false,3
567.47,use_adaptive_ngroute,0.007305531896605322,0,false,141.77800000000002,false,false,11.65625,false,1.646827e6,1.634796052823309e6,false,2
186.163,none,0.0073244303653431375,0,false,116.313,false,false,11.75,true,1.646917e6,1.6348542711160001e6,false,0
