CG_time_taken,method,CG_LP_IP_gap,implemented_SR3_cuts_count,errored,CG_sp_time_taken_mean,converged,CGIP_artificial,ngroute_neighborhood_size,time_limit_reached,CGIP_objective,CGLP_objective,CGLP_artificial,cycles_lookup_length
14.503,use_adaptive_ngroute,0.22368510158435395,0,false,0.5380625000000001,false,false,6.0,false,2.032802e6,1.5780944781291222e6,false,29
24.817,use_adaptive_ngroute,0.05933604011986737,0,false,1.9979166666666668,false,false,7.781249999999999,false,1.74916e6,1.6453717720639328e6,false,8
9.992,use_lmSR3_cuts,0.05746836586371207,5,false,3.314333333333334,false,false,8.25,false,1.74916e6,1.6486386331658293e6,false,0
45.584,use_adaptive_ngroute,0.0518525596494972,0,false,7.509666666666667,false,false,8.25,false,1.74916e6,1.6584615767634856e6,false,6
22.252,use_adaptive_ngroute,0.050996148171243316,0,false,7.383333333333334,false,false,8.75,false,1.74916e6,1.659959577464788e6,false,8
33.346,use_lmSR3_cuts,0.05076890029639691,5,false,8.311750000000002,false,false,9.5,false,1.74916e6,1.6603570703575544e6,false,0
40.503,use_adaptive_ngroute,0.04603918691678699,0,false,10.04375,false,false,9.5,false,1.74916e6,1.668630095812633e6,false,3
20.927,use_adaptive_ngroute,0.0457296450413035,0,false,10.4445,false,false,9.59375,false,1.74916e6,1.6691715340795536e6,false,5
22.134,use_adaptive_ngroute,0.045711126463891305,0,false,11.051499999999999,false,false,9.875,false,1.74916e6,1.6692039260344198e6,false,1
12.49,use_lmSR3_cuts,0.04566539192185448,5,false,12.443000000000001,false,false,9.90625,false,1.74916e6,1.669283923065969e6,false,0
59.675,use_adaptive_ngroute,0.04127570844394901,0,false,11.8404,false,false,9.90625,false,1.74916e6,1.676962181818182e6,false,2
27.287,use_adaptive_ngroute,0.04085376286292919,0,false,13.6225,false,false,10.15625,false,1.74916e6,1.6777002321506788e6,false,1
26.254,use_lmSR3_cuts,0.04084639010029445,5,false,13.0935,false,false,10.3125,false,1.74916e6,1.677713128292169e6,false,0
53.72,use_adaptive_ngroute,0.03749507858867085,0,false,13.371749999999999,false,false,10.3125,false,1.74916e6,1.6835751083358405e6,false,2
14.935,use_lmSR3_cuts,0.037472953353685945,5,false,14.905,false,false,10.4375,false,1.74916e6,1.6836138089118667e6,false,0
104.356,use_adaptive_ngroute,0.03511196054481802,0,false,20.805799999999998,false,false,10.4375,false,1.74916e6,1.6877435630934262e6,false,2
67.539,use_adaptive_ngroute,0.03501929417903471,0,false,33.72650000000001,false,false,10.6875,false,1.74916e6,1.6879056513937996e6,false,5
109.778,use_lmSR3_cuts,0.03501829359532438,5,false,36.573,false,false,11.125,false,1.74916e6,1.6879074015748024e6,false,0
159.167,use_adaptive_ngroute,0.033503321394607766,0,false,39.72625,false,false,11.125,false,1.74916e6,1.6905573303494079e6,false,5
48.393,use_lmSR3_cuts,0.03350130332931267,5,false,48.355000000000004,false,false,11.65625,false,1.74916e6,1.6905608602684995e6,false,0
218.901,use_adaptive_ngroute,0.032116183092649964,0,false,54.643499999999996,false,false,11.65625,false,1.74916e6,1.6929836571816604e6,false,1
146.655,use_lmSR3_cuts,0.03210445303670184,5,false,73.2815,false,false,11.6875,false,1.74916e6,1.6930041749263227e6,false,0
315.631,use_adaptive_ngroute,0.03125242910919479,0,false,78.83425,false,false,11.6875,false,1.74916e6,1.6944945010993609e6,false,5
208.792,use_adaptive_ngroute,0.031085417972749774,0,false,104.3545,false,false,12.5,false,1.74916e6,1.694786630298785e6,false,3
261.223,use_lmSR3_cuts,0.031082283825247914,5,false,130.5555,false,false,12.718750000000002,false,1.74916e6,1.6947921124242293e6,false,0
630.327,use_adaptive_ngroute,0.030443903580670284,0,false,157.5225,false,false,12.718750000000002,false,1.74916e6,1.6959087416128349e6,false,1
155.824,use_lmSR3_cuts,0.03043522604789517,5,false,155.731,false,false,12.843749999999998,false,1.74916e6,1.6959239200060638e6,false,0
658.501,use_adaptive_ngroute,0.029633897112505636,0,false,164.48550000000003,false,false,12.843749999999998,false,1.74916e6,1.6973255725266896e6,false,1
48.747,none,0.02949807919357017,0,false,NaN,false,false,12.9375,true,1.74916e6,1.6975631397977748e6,false,0
