CG_time_taken,method,CG_LP_IP_gap,implemented_SR3_cuts_count,errored,CG_sp_time_taken_mean,converged,CGIP_artificial,ngroute_neighborhood_size,time_limit_reached,CGIP_objective,CGLP_objective,CGLP_artificial,cycles_lookup_length
36.228,use_adaptive_ngroute,0.2188686846587059,0,false,0.761153846153846,false,false,6.0,false,1.816706e6,1.4190859473684211e6,false,18
24.178,use_adaptive_ngroute,0.11410575912831844,0,false,2.2621,false,false,7.5625,false,1.656956e6,1.467887777777778e6,false,3
10.998,use_adaptive_ngroute,0.11346789685423164,0,false,2.1594,false,false,8.125,false,1.656956e6,1.4689446874999998e6,false,2
4.308,use_lmSR3_cuts,0.11335530333937671,5,false,2.1125,false,false,8.3125,false,1.656956e6,1.4691312499999998e6,false,0
25.85,use_adaptive_ngroute,0.0775282551191826,0,false,4.144666666666667,false,false,8.3125,false,1.60403e6,1.4796723529411776e6,false,6
52.324,use_adaptive_ngroute,0.07719506493020711,0,false,4.696181818181818,false,false,8.8125,false,1.60403e6,1.4802067999999998e6,false,5
20.718,use_lmSR3_cuts,0.07663042461799341,5,false,4.059799999999999,false,false,8.96875,false,1.60403e6,1.4811125e6,false,0
46.347,use_adaptive_ngroute,0.0544859739306891,0,false,5.677875,false,false,8.96875,false,1.579226e6,1.4931803333333335e6,false,5
30.66,use_adaptive_ngroute,0.05398801230936734,0,false,6.083200000000001,false,false,9.1875,false,1.579226e6,1.493966727272727e6,false,1
9.198,use_adaptive_ngroute,0.05391489248530601,0,false,4.568499999999999,false,false,9.34375,false,1.579226e6,1.4940822000000002e6,false,1
40.784,use_lmSR3_cuts,0.05391489248530601,5,false,8.1242,false,false,9.375,false,1.579226e6,1.4940822000000002e6,false,0
44.228,use_lmSR3_cuts,0.045776601955641594,5,false,6.254428571428571,false,false,9.375,false,1.579226e6,1.5069344e6,false,0
73.472,use_adaptive_ngroute,0.039214588715426046,0,false,8.110555555555555,false,false,9.375,false,1.572116e6,1.5104661176470593e6,false,2
64.251,use_lmSR3_cuts,0.03894016824360369,5,false,10.671999999999999,false,false,9.4375,false,1.572116e6,1.5108975384615387e6,false,0
161.644,use_adaptive_ngroute,0.02753660171788197,0,false,26.853499999999997,false,false,9.4375,false,1.56189e6,1.5188808571428573e6,false,2
101.275,use_adaptive_ngroute,0.022727910058014555,0,false,20.1928,false,false,9.5,false,1.55478e6,1.5194431e6,false,6
158.911,use_lmSR3_cuts,0.022620134895826705,5,false,39.683,false,false,10.1875,false,1.55478e6,1.5196106666666665e6,false,0
338.294,use_adaptive_ngroute,0.018931110173406318,0,false,56.303000000000004,false,false,10.1875,false,1.55478e6,1.5253462885245914e6,false,6
214.035,use_lmSR3_cuts,0.018773667706636132,5,false,53.40474999999999,false,false,10.40625,false,1.55478e6,1.5255910769230763e6,false,0
789.717,use_adaptive_ngroute,0.014104279705167366,0,false,131.46016666666668,false,false,10.40625,false,1.55478e6,1.5328509479999999e6,false,6
357.541,use_adaptive_ngroute,0.013844190833407266,0,false,119.11566666666666,false,false,10.65625,false,1.55478e6,1.5332553289760351e6,false,1
149.882,use_lmSR3_cuts,0.01384390413078862,5,false,149.79299999999998,false,false,10.6875,false,1.55478e6,1.5332557747355325e6,false,0
732.506,use_lmSR3_cuts,0.012425230579245938,5,false,146.3742,false,false,10.6875,false,1.55478e6,1.5354615e6,false,0
8.519,none,0.01115751744847493,0,false,NaN,false,false,10.6875,true,1.55478e6,1.5374325150214601e6,false,0
