CG_time_taken,method,CG_LP_IP_gap,implemented_SR3_cuts_count,errored,CG_sp_time_taken_mean,converged,CGIP_artificial,ngroute_neighborhood_size,time_limit_reached,CGIP_objective,CGLP_objective,CGLP_artificial,cycles_lookup_length
9.963,use_adaptive_ngroute,0.2874643707568868,0,false,0.23439130434782612,false,false,6.0,false,2.125329e6,1.5143726363636365e6,false,14
5.933,use_adaptive_ngroute,0.09063629213419566,0,false,0.61125,false,false,6.5,false,1.76727e6,1.6070912e6,false,2
2.07,use_adaptive_ngroute,0.07038670067136144,0,false,0.48900000000000005,false,false,6.5625,false,1.73048e6,1.6086772222222225e6,false,5
1.383,use_adaptive_ngroute,0.070133055568397,0,false,0.6735,false,false,7.21875,false,1.73048e6,1.6091161500000004e6,false,3
3.213,use_lmSR3_cuts,0.06994432180666632,5,false,1.0476666666666667,false,false,7.875,false,1.73048e6,1.60944275e6,false,0
7.679,use_adaptive_ngroute,0.001395244204513979,0,false,1.4053999999999998,false,false,7.875,false,1.631399e6,1.6291228e6,false,4
4.447,use_lmSR3_cuts,0.0012179049324467783,5,false,1.4553333333333334,false,false,8.0,false,1.631399e6,1.6294121111111112e6,false,0
12.972,none,0.0,0,false,2.1025000000000005,true,false,8.0,false,1.631399e6,1.631399e6,false,0
