CG_time_taken,method,CG_LP_IP_gap,implemented_SR3_cuts_count,errored,CG_sp_time_taken_mean,converged,CGIP_artificial,ngroute_neighborhood_size,time_limit_reached,CGIP_objective,CGLP_objective,CGLP_artificial,cycles_lookup_length
18.687,use_adaptive_ngroute,0.14844165537117981,0,false,0.5872941176470589,false,false,6.0,false,1.894272e6,1.6130831285967245e6,false,29
30.505,use_adaptive_ngroute,0.02938374697930357,0,false,2.4175,false,false,7.84375,false,1.70716e6,1.656997242506812e6,false,6
13.939,use_adaptive_ngroute,0.02860873128330843,0,false,2.751,false,false,8.09375,false,1.70716e6,1.6583203183023871e6,false,1
2.717,use_lmSR3_cuts,0.028600388127938303,5,false,2.669,false,false,8.125,false,1.70716e6,1.6583345614035088e6,false,0
28.731,use_adaptive_ngroute,0.014481260176699706,0,false,4.687499999999999,false,false,8.125,false,1.70119e6,1.6765546250000002e6,false,2
12.327,use_lmSR3_cuts,0.013532644795701931,5,false,4.071,false,false,8.1875,false,1.70119e6,1.6781684e6,false,0
29.176,use_lmSR3_cuts,0.01060522324000801,4,false,7.202499999999999,false,false,8.1875,false,1.70086e6,1.682822e6,false,0
20.547,use_adaptive_ngroute,0.009534314308400793,0,false,6.811333333333333,false,false,8.1875,false,1.70086e6,1.6846434661654134e6,false,6
19.592,use_adaptive_ngroute,0.009264372141152055,0,false,6.496,false,false,8.625,false,1.70086e6,1.6851026e6,false,1
11.255,use_adaptive_ngroute,0.009217586727540139,0,false,5.604,false,false,8.65625,false,1.70086e6,1.6851821754385962e6,false,1
18.321,use_lmSR3_cuts,0.009215006465809084,5,false,6.090000000000001,false,false,8.6875,false,1.70086e6,1.685186564102564e6,false,0
26.852,use_adaptive_ngroute,0.007624359737977815,0,false,8.818333333333333,false,false,8.6875,false,1.70086e6,1.687892031496063e6,false,2
38.297,use_lmSR3_cuts,0.007512020879633652,5,false,12.712666666666665,false,false,8.90625,false,1.70086e6,1.6880831041666663e6,false,0
46.301,none,0.0,0,false,11.5055,true,false,8.90625,false,1.6897e6,1.6897e6,false,0
