CG_time_taken,method,CG_LP_IP_gap,implemented_SR3_cuts_count,errored,CG_sp_time_taken_mean,converged,CGIP_artificial,ngroute_neighborhood_size,time_limit_reached,CGIP_objective,CGLP_objective,CGLP_artificial,cycles_lookup_length
9.412,use_adaptive_ngroute,0.2946932057557048,0,false,0.2927,false,false,6.0,false,2.163186e6,1.52570978301414e6,false,21
11.72,use_adaptive_ngroute,0.05831465192923624,0,false,1.195,false,false,8.21875,false,1.78605e6,1.6818971159217877e6,false,17
9.201,use_adaptive_ngroute,0.0538332270456231,0,false,1.8006,false,false,9.78125,false,1.78605e6,1.6899011648351648e6,false,4
7.182,use_lmSR3_cuts,0.05337768001299248,5,false,2.371,false,false,10.0625,false,1.78605e6,1.6907147946127949e6,false,0
38.895,use_adaptive_ngroute,0.04151098556706645,0,false,3.8407,false,false,10.0625,false,1.78605e6,1.711909304227941e6,false,3
12.459,use_lmSR3_cuts,0.041478297766294636,5,false,4.139666666666667,false,false,10.28125,false,1.78605e6,1.7119676862745094e6,false,0
39.298,use_lmSR3_cuts,0.03409992254789451,5,false,6.448333333333333,false,false,10.28125,false,1.78605e6,1.725145833333333e6,false,0
36.497,use_adaptive_ngroute,0.031023453204832685,0,false,7.201399999999999,false,false,10.28125,false,1.78605e6,1.7306405614035085e6,false,9
24.978,use_adaptive_ngroute,0.03057004951300757,0,false,8.305333333333333,false,false,11.84375,false,1.78605e6,1.7314503630672928e6,false,4
20.61,use_adaptive_ngroute,0.030504946483782436,0,false,10.285499999999999,false,false,12.1875,false,1.78605e6,1.7315666403326404e6,false,2
10.351,use_lmSR3_cuts,0.03050281459085702,5,false,10.324,false,false,12.25,false,1.78605e6,1.7315704479999999e6,false,0
33.06,use_adaptive_ngroute,0.028540902928135714,0,false,10.896333333333335,false,false,12.25,false,1.78605e6,1.7350745203252032e6,false,4
28.058,use_lmSR3_cuts,0.028505238881199046,5,false,14.007,false,false,12.96875,false,1.78605e6,1.7351382180962344e6,false,0
84.543,use_adaptive_ngroute,0.02706217877412076,0,false,16.843800000000005,false,false,12.96875,false,1.78605e6,1.7377155956004816e6,false,3
30.943,use_lmSR3_cuts,0.026992549695668555,5,false,15.4475,false,false,13.0625,false,1.78605e6,1.7378399566160513e6,false,0
97.241,use_lmSR3_cuts,0.025753549137359832,5,false,19.389200000000002,false,false,13.0625,false,1.78605e6,1.7400528735632184e6,false,0
39.697,use_lmSR3_cuts,0.025102650113543068,5,false,19.755000000000003,false,false,13.0625,false,1.78605e6,1.7412154117647065e6,false,0
78.441,use_adaptive_ngroute,0.023782832100292972,0,false,19.557000000000002,false,false,13.0625,false,1.78605e6,1.7435726727272717e6,false,1
59.452,use_lmSR3_cuts,0.023633144558850683,5,false,19.794333333333338,false,false,13.09375,false,1.78605e6,1.7438400221606647e6,false,0
64.472,use_lmSR3_cuts,0.02332436573014307,5,false,21.424,false,false,13.09375,false,1.78605e6,1.7443915165876779e6,false,0
95.706,use_adaptive_ngroute,0.02308251655301974,0,false,23.804750000000002,false,false,13.09375,false,1.78605e6,1.744823471310479e6,false,1
25.711,use_lmSR3_cuts,0.02308239490669406,5,false,25.605,false,false,13.125,false,1.78605e6,1.744823688576899e6,false,0
51.485,use_lmSR3_cuts,0.022829436900938194,5,false,25.601000000000003,false,false,13.125,false,1.78605e6,1.7452754842230794e6,false,0
111.116,use_lmSR3_cuts,0.022400836848711192,5,false,27.68025,false,false,13.125,false,1.78605e6,1.7460409853463594e6,false,0
126.531,use_lmSR3_cuts,0.022024488738738524,5,false,31.5795,false,false,13.125,false,1.78605e6,1.746713161888176e6,false,0
58.676,use_lmSR3_cuts,0.021728654794159308,5,false,29.282,false,false,13.125,false,1.78605e6,1.7472415361048917e6,false,0
125.724,use_lmSR3_cuts,0.02135226420271663,5,false,31.324999999999996,false,false,13.125,false,1.78605e6,1.747913788520738e6,false,0
176.821,use_adaptive_ngroute,0.021013797964405168,0,false,35.2636,false,false,13.125,false,1.78605e6,1.748518306145674e6,false,1
109.271,use_lmSR3_cuts,0.020980458658546475,5,false,36.352999999999994,false,false,13.15625,false,1.78605e6,1.748577851812903e6,false,0
148.929,use_adaptive_ngroute,0.020531404606342285,0,false,37.09125,false,false,13.15625,false,1.78605e6,1.7493798848028423e6,false,1
77.741,use_lmSR3_cuts,0.020520989965286063,5,false,38.7955,false,false,13.1875,false,1.78605e6,1.7493984858725008e6,false,0
151.079,use_lmSR3_cuts,0.020125864670397564,5,false,50.168,false,false,13.1875,false,1.78605e6,1.7501041994054364e6,false,0
147.293,use_lmSR3_cuts,0.019933372525964832,5,false,48.94466666666667,false,false,13.1875,false,1.78605e6,1.7504480000000005e6,false,0
158.689,use_lmSR3_cuts,0.019798307426450612,5,false,52.757999999999996,false,false,13.1875,false,1.78605e6,1.7506892330209878e6,false,0
294.086,use_lmSR3_cuts,0.019506752161694063,5,false,58.528800000000004,false,false,13.1875,false,1.78605e6,1.7512099653016063e6,false,0
131.964,none,0.019417149575872705,0,false,65.82300000000001,false,false,13.1875,false,1.78605e6,1.7513700000000126e6,false,0
