CG_time_taken,method,CG_LP_IP_gap,implemented_SR3_cuts_count,errored,CG_sp_time_taken_mean,converged,CGIP_artificial,ngroute_neighborhood_size,time_limit_reached,CGIP_objective,CGLP_objective,CGLP_artificial,cycles_lookup_length
4.186,use_adaptive_ngroute,0.3510694375332405,0,false,0.19131250000000002,false,false,5.0,false,1.56433e6,1.0151415467836258e6,false,17
6.114,use_adaptive_ngroute,0.04865623334251412,0,false,0.40914285714285714,false,false,7.0,false,1.216295e6,1.1571146666666667e6,false,7
2.286,use_adaptive_ngroute,0.005344521488627629,0,false,0.35800000000000004,false,false,7.7,false,1.19412e6,1.187738e6,false,2
0.65,use_lmSR3_cuts,0.005005150236157219,2,false,0.317,false,false,7.799999999999999,false,1.19412e6,1.18814325e6,false,0
0.791,none,0.0,0,false,0.532,true,false,7.799999999999999,false,1.19412e6,1.19412e6,false,0
