CG_time_taken,method,CG_LP_IP_gap,implemented_SR3_cuts_count,errored,CG_sp_time_taken_mean,converged,CGIP_artificial,ngroute_neighborhood_size,time_limit_reached,CGIP_objective,CGLP_objective,CGLP_artificial,cycles_lookup_length
34.239,use_adaptive_ngroute,0.2760448065222094,0,false,1.2960555555555553,false,false,6.0,false,2.037608e6,1.4751368938718939e6,false,32
60.94,use_adaptive_ngroute,0.08451946036382918,0,false,3.961199999999999,false,false,9.5,false,1.729398e6,1.5832302142857146e6,false,14
32.373,use_adaptive_ngroute,0.07893865430467306,0,false,6.3878,false,false,10.4375,false,1.729398e6,1.592881649122807e6,false,9
27.91,use_lmSR3_cuts,0.06506576143949105,5,false,6.920000000000001,false,false,11.437499999999998,false,1.703927e6,1.5930596923076923e6,false,0
48.391,use_adaptive_ngroute,0.0353336955249004,0,false,9.596400000000001,false,false,11.437499999999998,false,1.66345e6,1.6046741641791044e6,false,5
45.717,use_lmSR3_cuts,0.03422765938260919,2,false,11.40325,false,false,11.65625,false,1.66345e6,1.6065139999999988e6,false,0
26.286,use_adaptive_ngroute,0.030109760822157883,0,false,8.677333333333333,false,false,11.65625,false,1.65666e6,1.606778363636364e6,false,5
23.472,use_lmSR3_cuts,0.029949416295437792,1,false,11.709,false,false,11.90625,false,1.65666e6,1.607044e6,false,0
25.262,use_adaptive_ngroute,0.029106110228670157,0,false,12.613,false,false,11.90625,false,1.65666e6,1.6084410714285714e6,false,1
10.78,use_lmSR3_cuts,0.0290635800877882,5,false,10.754000000000001,false,false,12.09375,false,1.65666e6,1.6085115294117648e6,false,0
73.59,use_adaptive_ngroute,0.025729150547157853,0,false,14.656599999999997,false,false,12.09375,false,1.65666e6,1.6140355454545454e6,false,3
28.141,use_lmSR3_cuts,0.025679953170543057,5,false,14.053,false,false,12.21875,false,1.65666e6,1.614117048780488e6,false,0
51.892,use_adaptive_ngroute,0.0007058193756418474,0,false,17.220666666666666,false,false,12.21875,false,1.617348e6,1.6162064444444445e6,false,4
57.089,use_lmSR3_cuts,0.0006964075346389542,5,false,19.008,false,false,12.687500000000002,false,1.617348e6,1.6162216666666667e6,false,0
80.526,none,0.0,0,false,20.0805,true,false,12.687500000000002,false,1.617348e6,1.617348e6,false,0
