CG_time_taken,method,CG_LP_IP_gap,implemented_SR3_cuts_count,errored,CG_sp_time_taken_mean,converged,CGIP_artificial,ngroute_neighborhood_size,time_limit_reached,CGIP_objective,CGLP_objective,CGLP_artificial,cycles_lookup_length
17.555,use_adaptive_ngroute,0.4239199515539458,0,false,0.5211578947368422,false,false,6.0,false,2.27027e6,1.3078572515856235e6,false,31
146.859,use_adaptive_ngroute,0.11870603006784408,0,false,5.9954166666666655,false,false,9.5625,false,1.666764e6,1.4689090625e6,false,5
40.311,use_adaptive_ngroute,0.11657086498875735,0,false,8.0026,false,false,10.125,false,1.666764e6,1.472467878787879e6,false,4
23.562,use_adaptive_ngroute,0.11553382523839895,0,false,11.726,false,false,10.625,false,1.666764e6,1.4741963793103453e6,false,4
71.886,use_lmSR3_cuts,0.11546574503578422,5,false,11.955666666666666,false,false,10.875,false,1.666764e6,1.4743098529411762e6,false,0
205.873,use_adaptive_ngroute,0.02108259664193257,0,false,22.723444444444446,false,false,10.875,false,1.53128e6,1.4989966414141415e6,false,1
91.468,use_lmSR3_cuts,0.021047658488693388,5,false,30.449666666666666,false,false,10.90625,false,1.53128e6,1.4990501415094335e6,false,0
248.174,use_adaptive_ngroute,0.010964999572054324,0,false,35.27242857142857,false,false,10.90625,false,1.53128e6,1.5144895154553046e6,false,12
189.651,use_lmSR3_cuts,0.010120786936869575,5,false,63.165,false,false,11.875,false,1.53128e6,1.5157822413793104e6,false,0
683.029,use_lmSR3_cuts,0.007477109998387688,5,false,97.45914285714285,false,false,11.875,false,1.52978e6,1.5183416666666665e6,false,0
619.226,use_lmSR3_cuts,0.0011162399784631072,1,false,88.35142857142857,false,false,11.875,false,1.52297e6,1.52127e6,false,0
472.682,none,-4.218847493575595e-15,0,false,94.45280000000001,true,false,11.875,false,1.52297e6,1.5229700000000065e6,false,0
