CG_time_taken,method,CG_LP_IP_gap,implemented_SR3_cuts_count,errored,CG_sp_time_taken_mean,converged,CGIP_artificial,ngroute_neighborhood_size,time_limit_reached,CGIP_objective,CGLP_objective,CGLP_artificial,cycles_lookup_length
31.244,use_adaptive_ngroute,0.3008148715928576,0,false,0.6754814814814813,false,false,6.0,false,2.25111e6,1.5739426344086025e6,false,20
26.14,use_adaptive_ngroute,0.18909805538376978,0,false,1.6762142857142857,false,false,7.000000000000001,false,2.079e6,1.6858651428571427e6,false,12
31.24,use_adaptive_ngroute,0.0847204637851604,0,false,3.0508,false,false,7.8125,false,1.85929e6,1.7017700888888892e6,false,7
26.139,use_adaptive_ngroute,0.08320900271967602,0,false,4.311999999999999,false,false,8.875,false,1.85929e6,1.7045803333333335e6,false,4
13.71,use_adaptive_ngroute,0.0819635796671897,0,false,6.814000000000001,false,false,9.34375,false,1.85929e6,1.7068959359605908e6,false,2
14.921,use_lmSR3_cuts,0.0819127100982745,5,false,3.7017499999999997,false,false,9.40625,false,1.85929e6,1.7069905172413792e6,false,0
74.074,use_adaptive_ngroute,0.06350191865898114,0,false,10.456142857142858,false,false,9.40625,false,1.84417e6,1.7270616666666667e6,false,12
182.343,use_adaptive_ngroute,0.06124719934661538,0,false,36.39479999999999,false,false,10.4375,false,1.84417e6,1.7312197523809522e6,false,5
75.826,use_adaptive_ngroute,0.06098201245908286,0,false,25.24833333333333,false,false,10.71875,false,1.84417e6,1.7317088020833333e6,false,1
54.714,use_lmSR3_cuts,0.06093689844211736,5,false,27.325999999999997,false,false,10.8125,false,1.84417e6,1.7317920000000005e6,false,0
255.187,use_adaptive_ngroute,0.056278746114099776,0,false,50.98,false,false,10.8125,false,1.84417e6,1.7403824247787606e6,false,4
240.541,use_lmSR3_cuts,0.056272341426705896,5,false,80.147,false,false,11.125,false,1.84417e6,1.7403942361111117e6,false,0
316.277,use_adaptive_ngroute,0.05439490622350596,0,false,78.99175000000001,false,false,11.125,false,1.84417e6,1.743856545789797e6,false,4
307.799,use_lmSR3_cuts,0.054102247085244026,5,false,76.9155,false,false,11.312500000000002,false,1.84417e6,1.7443962589928056e6,false,0
593.718,use_adaptive_ngroute,0.05313655457349553,0,false,98.89033333333332,false,false,11.312500000000002,false,1.84417e6,1.7461771601521967e6,false,2
207.848,use_lmSR3_cuts,0.053129089674851526,5,false,103.8885,false,false,11.437499999999998,false,1.84417e6,1.7461909266943291e6,false,0
648.398,use_adaptive_ngroute,0.051111516554352754,0,false,108.0055,false,false,11.437499999999998,false,1.84417e6,1.7499116745159593e6,false,2
241.207,use_lmSR3_cuts,0.05104642304096574,5,false,120.5575,false,false,11.562499999999998,false,1.84417e6,1.7500317180205423e6,false,0
209.873,none,0.049151091959303894,0,false,131.255,false,false,11.562499999999998,true,1.84417e6,1.7535270307414106e6,false,0
