CG_time_taken,method,CG_LP_IP_gap,implemented_SR3_cuts_count,errored,CG_sp_time_taken_mean,converged,CGIP_artificial,ngroute_neighborhood_size,time_limit_reached,CGIP_objective,CGLP_objective,CGLP_artificial,cycles_lookup_length
11.653,use_adaptive_ngroute,0.24693254088265726,0,false,0.3908823529411765,false,false,6.0,false,2.020442e6,1.521529123233962e6,false,31
50.678,use_adaptive_ngroute,0.0149316331299586,0,false,4.133166666666666,false,false,9.4375,false,1.63329e6,1.60890231292517e6,false,11
49.948,use_lmSR3_cuts,0.014356893502216472,5,false,9.960600000000001,false,false,11.25,false,1.63329e6,1.6098410294117648e6,false,0
48.064,use_lmSR3_cuts,0.012108004305996456,5,false,15.901333333333334,false,false,11.25,false,1.63329e6,1.613514117647059e6,false,0
79.209,use_adaptive_ngroute,0.00877928454044219,0,false,15.762799999999999,false,false,11.25,false,1.63329e6,1.6189508823529412e6,false,2
31.349,use_adaptive_ngroute,0.008468816865531914,0,false,15.656,false,false,11.78125,false,1.63329e6,1.6194579661016953e6,false,1
16.281,use_adaptive_ngroute,0.00846633529209817,0,false,16.259,false,false,11.8125,false,1.63329e6,1.619462019230769e6,false,4
33.054,use_lmSR3_cuts,0.008455135034194816,5,false,16.5125,false,false,11.9375,false,1.63329e6,1.6194803125e6,false,0
80.414,use_adaptive_ngroute,0.007718231980304413,0,false,19.99275,false,false,11.9375,false,1.63329e6,1.6206838888888885e6,false,1
69.241,use_lmSR3_cuts,0.007676077288155669,5,false,23.052,false,false,12.0625,false,1.63329e6,1.6207527397260282e6,false,0
108.266,use_lmSR3_cuts,0.004432280856430992,5,false,21.5752,false,false,12.0625,false,1.63329e6,1.6260507999999998e6,false,0
41.17,use_adaptive_ngroute,0.0030304815264979856,0,false,20.484,false,false,12.0625,false,1.63329e6,1.628340344827586e6,false,2
51.813,use_lmSR3_cuts,0.003023549604377229,5,false,25.869,false,false,12.15625,false,1.63329e6,1.6283516666666667e6,false,0
171.064,use_adaptive_ngroute,0.0007289618258904396,0,false,42.68974999999999,false,false,12.15625,false,1.63329e6,1.6320993939393915e6,false,4
73.706,use_lmSR3_cuts,0.000662375849879715,5,false,36.813500000000005,false,false,12.5625,false,1.63329e6,1.63220814814815e6,false,0
154.976,none,-4.440892098500626e-16,0,false,30.9102,true,false,12.5625,false,1.63329e6,1.6332900000000007e6,false,0
