CG_time_taken,method,CG_LP_IP_gap,implemented_SR3_cuts_count,errored,CG_sp_time_taken_mean,converged,CGIP_artificial,ngroute_neighborhood_size,time_limit_reached,CGIP_objective,CGLP_objective,CGLP_artificial,cycles_lookup_length
14.08,use_adaptive_ngroute,0.21557319221661408,0,false,0.38230434782608697,false,false,6.0,false,1.91586e6,1.5028519439598778e6,false,17
23.85,use_adaptive_ngroute,0.06847331984065796,0,false,1.3903750000000001,false,false,6.75,false,1.66016e6,1.5464833333333333e6,false,12
21.53,use_adaptive_ngroute,0.06259238567366998,0,false,2.1063000000000005,false,false,7.718750000000001,false,1.66016e6,1.556246625e6,false,10
30.975,use_lmSR3_cuts,0.05772034020817274,1,false,3.3933333333333335,false,false,8.78125,false,1.66016e6,1.564335e6,false,0
10.996,use_adaptive_ngroute,0.053132337737436086,0,false,3.620333333333334,false,false,8.78125,false,1.66016e6,1.5719518181818181e6,false,8
32.321,use_adaptive_ngroute,0.0511683211256746,0,false,5.358,false,false,9.71875,false,1.66016e6,1.5752124000000001e6,false,3
36.722,use_lmSR3_cuts,0.05111648182195605,5,false,9.14575,false,false,10.0625,false,1.66016e6,1.5752984615384615e6,false,0
35.857,use_adaptive_ngroute,0.04745069628153409,0,false,11.880333333333335,false,false,10.0625,false,1.66016e6,1.5813842520612483e6,false,8
102.409,use_adaptive_ngroute,0.0463060359070383,0,false,20.4482,false,false,10.375,false,1.66016e6,1.5832845714285714e6,false,1
19.056,use_adaptive_ngroute,0.04552347364109488,0,false,19.031,false,false,10.4375,false,1.66016e6,1.58458375e6,false,1
29.518,use_lmSR3_cuts,0.045503767007147755,5,false,29.494,false,false,10.46875,false,1.66016e6,1.5846164661654136e6,false,0
50.431,use_lmSR3_cuts,0.04303601259316381,5,false,25.099500000000003,false,false,10.46875,false,1.66016e6,1.5887133333333333e6,false,0
119.428,use_adaptive_ngroute,0.041472833017021316,0,false,29.785,false,false,10.46875,false,1.66016e6,1.591308461538462e6,false,1
89.666,use_adaptive_ngroute,0.04121315515051327,0,false,44.801,false,false,10.5,false,1.66016e6,1.591739568345324e6,false,1
90.361,use_lmSR3_cuts,0.04120658349836748,5,false,45.161,false,false,10.53125,false,1.66016e6,1.5917504783393503e6,false,0
225.525,use_lmSR3_cuts,0.03740148827972434,5,false,56.26775,false,false,10.53125,false,1.66016e6,1.598067545217533e6,false,0
232.601,use_lmSR3_cuts,0.03524521398205238,5,false,77.48833333333332,false,false,10.53125,false,1.66016e6,1.601647305555556e6,false,0
365.504,use_adaptive_ngroute,0.034113056499820105,0,false,73.03420000000001,false,false,10.53125,false,1.66016e6,1.6035268681212587e6,false,1
71.55,use_lmSR3_cuts,0.03411254850617507,5,false,71.512,false,false,10.59375,false,1.66016e6,1.6035277114719884e6,false,0
446.822,use_adaptive_ngroute,0.03112192361412114,0,false,89.2864,false,false,10.59375,false,1.66016e6,1.6084926272927807e6,false,2
94.692,use_lmSR3_cuts,0.031114387396786625,5,false,94.656,false,false,10.96875,false,1.66016e6,1.6085051386193507e6,false,0
201.519,use_lmSR3_cuts,0.031100245003071403,5,false,100.5975,false,false,10.96875,false,1.66016e6,1.608528617255701e6,false,0
394.259,use_lmSR3_cuts,0.029227495354449684,5,false,98.48124999999999,false,false,10.96875,false,1.66016e6,1.6116376813123568e6,false,0
471.918,use_lmSR3_cuts,0.02858303601018275,5,false,117.883,false,false,10.96875,false,1.66016e6,1.612707586937335e6,false,0
327.391,none,0.0284806886083262,0,false,107.85,false,false,10.96875,true,1.66016e6,1.6128775000000012e6,false,0
