CG_time_taken,method,CG_LP_IP_gap,implemented_SR3_cuts_count,errored,CG_sp_time_taken_mean,converged,CGIP_artificial,ngroute_neighborhood_size,time_limit_reached,CGIP_objective,CGLP_objective,CGLP_artificial,cycles_lookup_length
15.78,use_adaptive_ngroute,0.2842914872365614,0,false,0.46795238095238095,false,false,6.0,false,1.997374e6,1.4295375749723604e6,false,29
42.09,use_adaptive_ngroute,0.013382200319350779,0,false,2.7057333333333333,false,false,7.53125,false,1.624546e6,1.602806e6,false,6
22.117,use_adaptive_ngroute,0.002554012697154162,0,false,3.1272857142857142,false,false,8.25,false,1.624546e6,1.620396888888889e6,false,4
10.549,use_lmSR3_cuts,0.0014970336327809752,5,false,3.495,false,false,8.78125,false,1.624546e6,1.6221140000000002e6,false,0
29.57,use_lmSR3_cuts,0.0008320273274295964,5,false,7.2405,false,false,8.78125,false,1.624546e6,1.6231943333333335e6,false,0
32.681,none,0.0,0,false,6.416599999999999,true,false,8.78125,false,1.624546e6,1.624546e6,false,0
