CG_time_taken,method,CG_LP_IP_gap,implemented_SR3_cuts_count,errored,CG_sp_time_taken_mean,converged,CGIP_artificial,ngroute_neighborhood_size,time_limit_reached,CGIP_objective,CGLP_objective,CGLP_artificial,cycles_lookup_length
14.274,use_adaptive_ngroute,0.1852956043490417,0,false,0.43842857142857145,false,false,6.0,false,1.81652e6,1.4799268287878789e6,false,30
34.462,use_adaptive_ngroute,0.06897966530878408,0,false,2.396571428571429,false,false,8.5,false,1.677717e6,1.5619886428571427e6,false,9
35.456,use_adaptive_ngroute,0.0642071189598723,0,false,4.4075,false,false,9.40625,false,1.677717e6,1.569995625e6,false,2
11.695,use_lmSR3_cuts,0.06217632992589672,5,false,3.865666666666666,false,false,9.5625,false,1.677717e6,1.5734027142857143e6,false,0
61.209,use_adaptive_ngroute,0.05319160209841556,0,false,7.609625,false,false,9.5625,false,1.667099e6,1.5784233333333335e6,false,5
67.759,use_lmSR3_cuts,0.052794105209108766,1,false,8.44125,false,false,9.71875,false,1.667099e6,1.579086e6,false,0
34.356,use_lmSR3_cuts,0.05083561324192509,1,false,8.57425,false,false,9.71875,false,1.667099e6,1.582351e6,false,0
30.716,use_lmSR3_cuts,0.049393587303453446,5,false,7.6499999999999995,false,false,9.71875,false,1.667099e6,1.584755e6,false,0
68.703,none,0.04865577869100757,0,false,11.370500000000002,false,false,9.71875,false,1.667099e6,1.585985e6,false,0
