CG_time_taken,method,CG_LP_IP_gap,implemented_SR3_cuts_count,errored,CG_sp_time_taken_mean,converged,CGIP_artificial,ngroute_neighborhood_size,time_limit_reached,CGIP_objective,CGLP_objective,CGLP_artificial,cycles_lookup_length
12.476,use_adaptive_ngroute,0.3027002979940938,0,false,0.34490000000000004,false,false,6.0,false,2.021268e6,1.409429574074074e6,false,29
61.306,use_lmSR3_cuts,0.09609019940618069,5,false,5.00125,false,false,8.84375,false,1.707398e6,1.543333785714286e6,false,0
69.062,use_lmSR3_cuts,0.0853363654586381,5,false,8.562,false,false,8.84375,false,1.69539e6,1.5507115793650795e6,false,0
65.316,use_adaptive_ngroute,0.07457169201035252,0,false,10.812,false,false,8.84375,false,1.69539e6,1.5689618990825685e6,false,5
137.586,use_lmSR3_cuts,0.07281987445751237,5,false,27.477000000000004,false,false,9.03125,false,1.69539e6,1.571931913043478e6,false,0
127.018,use_lmSR3_cuts,0.06813327682154335,5,false,25.3544,false,false,9.03125,false,1.69539e6,1.5798775238095236e6,false,0
191.723,use_adaptive_ngroute,0.048917240208141144,0,false,31.873,false,false,9.03125,false,1.664512e6,1.5830886666666665e6,false,4
49.214,use_lmSR3_cuts,0.0489056852699169,5,false,24.568,false,false,9.28125,false,1.664512e6,1.5831079000000001e6,false,0
178.581,use_adaptive_ngroute,0.04537743702751229,0,false,29.670333333333332,false,false,9.28125,false,1.664512e6,1.5889807115384615e6,false,6
153.148,use_lmSR3_cuts,0.04524234644834613,5,false,30.601599999999998,false,false,9.46875,false,1.664512e6,1.5892055714285704e6,false,0
114.881,use_adaptive_ngroute,0.04494507708868356,0,false,38.233666666666664,false,false,9.46875,false,1.664512e6,1.5897003798449612e6,false,3
37.418,use_lmSR3_cuts,0.04494461454260823,5,false,37.377,false,false,9.78125,false,1.664512e6,1.5897011497584542e6,false,0
214.329,none,-6.661338147750939e-16,0,false,53.5085,true,false,9.78125,false,1.590816e6,1.590816000000001e6,false,0
