CG_time_taken,method,CG_LP_IP_gap,implemented_SR3_cuts_count,errored,CG_sp_time_taken_mean,converged,CGIP_artificial,ngroute_neighborhood_size,time_limit_reached,CGIP_objective,CGLP_objective,CGLP_artificial,cycles_lookup_length
16.371,use_adaptive_ngroute,0.2779520250305124,0,false,0.4291428571428571,false,false,6.0,false,2.10038e6,1.5165751256664123e6,false,25
15.681,use_adaptive_ngroute,0.12766433290240708,0,false,1.0692307692307694,false,false,7.687500000000001,false,1.853372e6,1.6167625e6,false,15
8.39,use_adaptive_ngroute,0.12425028542569971,0,false,1.163857142857143,false,false,9.125,false,1.853372e6,1.62309e6,false,4
4.465,use_lmSR3_cuts,0.12407324325607594,5,false,1.0799999999999998,false,false,9.71875,false,1.853372e6,1.623418125e6,false,0
14.966,use_adaptive_ngroute,0.012889561462957388,0,false,1.791875,false,false,9.71875,false,1.67005e6,1.648523787878788e6,false,13
16.393,use_adaptive_ngroute,0.011407005940103798,0,false,4.05875,false,false,11.562499999999998,false,1.67005e6,1.6509997297297297e6,false,3
13.096,use_lmSR3_cuts,0.011376491928282273,5,false,4.331333333333334,false,false,11.65625,false,1.67005e6,1.6510506896551722e6,false,0
31.858,use_adaptive_ngroute,0.006277774104180067,0,false,6.284399999999999,false,false,11.65625,false,1.67005e6,1.659565803357314e6,false,14
7.048,use_adaptive_ngroute,0.00406356913647099,0,false,7.0249999999999995,false,false,12.656250000000002,false,1.67005e6,1.6632636363636367e6,false,1
27.031,use_lmSR3_cuts,0.0040294135109117946,5,false,5.3814,false,false,12.687500000000002,false,1.67005e6,1.6633206779661018e6,false,0
33.208,use_adaptive_ngroute,0.0007860965317333379,0,false,8.20525,false,false,12.687500000000002,false,1.67005e6,1.6687371794871788e6,false,2
45.274,use_lmSR3_cuts,0.0005478877877909127,5,false,7.512833333333333,false,false,12.812499999999998,false,1.67005e6,1.6691349999999998e6,false,0
29.723,none,0.0,0,false,7.387500000000001,true,false,12.812499999999998,false,1.67005e6,1.67005e6,false,0
