CG_time_taken,method,CG_LP_IP_gap,implemented_SR3_cuts_count,errored,CG_sp_time_taken_mean,converged,CGIP_artificial,ngroute_neighborhood_size,time_limit_reached,CGIP_objective,CGLP_objective,CGLP_artificial,cycles_lookup_length
12.92,use_adaptive_ngroute,0.3719122965340532,0,false,0.4443157894736842,false,false,6.0,false,2.40321e6,1.509426649846398e6,false,32
143.533,use_adaptive_ngroute,0.10878043893763878,0,false,10.150928571428569,false,false,9.9375,false,1.86705e6,1.6639514814814816e6,false,10
78.037,use_lmSR3_cuts,0.09986163555698391,5,false,11.11157142857143,false,false,10.625,false,1.86705e6,1.6806033333333333e6,false,0
53.562,use_adaptive_ngroute,0.09112174733719836,0,false,13.363499999999998,false,false,10.625,false,1.85425e6,1.6852875e6,false,1
32.499,use_adaptive_ngroute,0.09080261061924799,0,false,16.218,false,false,10.65625,false,1.85425e6,1.6858792592592593e6,false,1
42.785,use_lmSR3_cuts,0.09068818736878581,5,false,14.247666666666666,false,false,10.6875,false,1.85425e6,1.6860914285714289e6,false,0
38.973,use_adaptive_ngroute,0.08918988530542582,0,false,19.3965,false,false,10.6875,false,1.85425e6,1.6888696551724141e6,false,1
54.01,use_lmSR3_cuts,0.08918988530542582,5,false,17.974,false,false,10.71875,false,1.85425e6,1.6888696551724141e6,false,0
79.898,use_adaptive_ngroute,0.08782623169661963,0,false,19.90075,false,false,10.71875,false,1.85425e6,1.6913982098765431e6,false,2
172.847,use_lmSR3_cuts,0.08760025766632196,5,false,24.659857142857142,false,false,11.03125,false,1.85425e6,1.6918172222222225e6,false,0
107.452,use_adaptive_ngroute,0.059775517915580556,0,false,21.392400000000002,false,false,11.03125,false,1.8029e6,1.6951307187499998e6,false,2
47.771,use_lmSR3_cuts,0.0597369596444266,5,false,23.845,false,false,11.281250000000002,false,1.8029e6,1.6952002354570632e6,false,0
80.427,use_lmSR3_cuts,0.05609820814213706,5,false,26.737,false,false,11.281250000000002,false,1.8029e6,1.701760540540541e6,false,0
146.86,use_lmSR3_cuts,0.055267971046646935,5,false,29.320800000000006,false,false,11.281250000000002,false,1.8029e6,1.7032573750000002e6,false,0
141.359,use_adaptive_ngroute,0.0074431247109090215,0,false,35.282,false,false,11.281250000000002,false,1.71987e6,1.7070687931034488e6,false,2
119.832,use_lmSR3_cuts,0.007419526295391443,5,false,39.91266666666667,false,false,11.499999999999998,false,1.71987e6,1.707109379310345e6,false,0
125.026,use_adaptive_ngroute,0.006746642841524486,0,false,41.596,false,false,11.499999999999998,false,1.71987e6,1.7082666513761473e6,false,7
229.115,use_lmSR3_cuts,0.006430620836695544,5,false,57.23525,false,false,11.875,false,1.71987e6,1.7088101681415925e6,false,0
253.541,use_adaptive_ngroute,0.004932711878005591,0,false,50.64039999999999,false,false,11.875,false,1.71987e6,1.7113863768223745e6,false,6
156.459,use_lmSR3_cuts,0.004819356501751471,5,false,52.10933333333333,false,false,12.1875,false,1.71987e6,1.7115813333333328e6,false,0
181.053,use_lmSR3_cuts,0.004412091699685816,5,false,60.24666666666667,false,false,12.1875,false,1.71987e6,1.7122817758484613e6,false,0
178.2,use_lmSR3_cuts,0.004176915194364694,5,false,59.333,false,false,12.1875,false,1.71987e6,1.712686248864668e6,false,0
308.218,use_lmSR3_cuts,0.0035077634915787748,5,false,61.582,false,false,12.1875,false,1.71987e6,1.7138371028037383e6,false,0
250.326,use_lmSR3_cuts,0.0028541566008889463,5,false,83.347,false,false,12.1875,false,1.71987e6,1.714961221686829e6,false,0
490.418,none,0.002113817561173126,0,false,86.0244,false,false,12.1875,true,1.71987e6,1.7162345085910652e6,false,0
