CG_time_taken,method,CG_LP_IP_gap,implemented_SR3_cuts_count,errored,CG_sp_time_taken_mean,converged,CGIP_artificial,ngroute_neighborhood_size,time_limit_reached,CGIP_objective,CGLP_objective,CGLP_artificial,cycles_lookup_length
137.607,use_adaptive_ngroute,0.3209198349390586,0,false,2.7066923076923075,false,false,5.999999999999999,false,2.276446e6,1.5458893254323197e6,false,34
356.196,use_adaptive_ngroute,0.12136865668284813,0,false,16.22909523809524,false,false,11.055555555555555,false,1.84769e6,1.6234383467336684e6,false,5
58.399,use_lmSR3_cuts,0.12129330819786488,5,false,19.29966666666667,false,false,11.5,false,1.84769e6,1.623577567375887e6,false,0
247.156,use_adaptive_ngroute,0.03772013610012093,0,false,27.222222222222225,false,false,11.5,false,1.71065e6,1.6461240491803281e6,false,1
157.602,use_lmSR3_cuts,0.03756583754713139,5,false,25.772166666666667,false,false,11.555555555555555,false,1.71065e6,1.6463879999999998e6,false,0
282.668,use_adaptive_ngroute,0.02580119165851491,0,false,39.975571428571435,false,false,11.555555555555555,false,1.71065e6,1.6665131914893615e6,false,10
638.629,use_adaptive_ngroute,0.025493845976118812,0,false,79.562625,false,false,12.027777777777779,false,1.71065e6,1.6670389523809524e6,false,5
737.015,use_lmSR3_cuts,0.025490257557600593,5,false,147.234,false,false,12.25,false,1.71065e6,1.6670450909090906e6,false,0
921.075,none,0.024617125486970037,0,false,122.38871428571429,false,false,12.25,true,1.71065e6,1.6685387142857148e6,false,0
