CG_time_taken,method,CG_LP_IP_gap,implemented_SR3_cuts_count,errored,CG_sp_time_taken_mean,converged,CGIP_artificial,ngroute_neighborhood_size,time_limit_reached,CGIP_objective,CGLP_objective,CGLP_artificial,cycles_lookup_length
54.691,use_adaptive_ngroute,0.349674395472223,0,false,0.8836333333333335,false,false,5.999999999999999,false,2.257154e6,1.4678850395622898e6,false,21
60.174,use_adaptive_ngroute,0.05061597566741782,0,false,3.701466666666666,false,false,7.694444444444444,false,1.740786e6,1.6526744181818184e6,false,24
101.446,use_adaptive_ngroute,0.00925018268665212,0,false,8.334833333333332,false,false,10.13888888888889,false,1.68321e6,1.6676400000000002e6,false,6
42.211,use_adaptive_ngroute,0.009040761402320574,0,false,10.517750000000001,false,false,10.416666666666666,false,1.68321e6,1.6679925e6,false,1
53.106,use_lmSR3_cuts,0.008481809558324116,5,false,13.122,false,false,10.555555555555555,false,1.68321e6,1.6689333333333333e6,false,0
108.459,use_lmSR3_cuts,0.007724658374310134,5,false,17.932499999999997,false,false,10.555555555555555,false,1.68321e6,1.6702077777777775e6,false,0
83.847,use_lmSR3_cuts,0.005926176769387115,1,false,16.6514,false,false,10.555555555555555,false,1.68321e6,1.673235e6,false,0
75.165,use_lmSR3_cuts,0.0057221153267449365,5,false,18.69325,false,false,10.555555555555555,false,1.68321e6,1.6735784782608696e6,false,0
197.282,use_adaptive_ngroute,0.004255615899439569,0,false,24.509625,false,false,10.555555555555555,false,1.68321e6,1.6760469047619044e6,false,4
109.746,use_adaptive_ngroute,0.0037686379542121173,0,false,27.330000000000002,false,false,10.694444444444445,false,1.68321e6,1.6768665909090906e6,false,1
89.295,use_lmSR3_cuts,0.0037404349427579975,5,false,29.69166666666667,false,false,10.833333333333334,false,1.68321e6,1.6769140625000002e6,false,0
101.502,use_lmSR3_cuts,0.002287296296957564,1,false,33.68066666666667,false,false,10.833333333333334,false,1.68321e6,1.6793599999999981e6,false,0
99.107,use_lmSR3_cuts,0.0020739593341934093,5,false,32.95133333333333,false,false,10.833333333333334,false,1.68321e6,1.6797190909090922e6,false,0
287.066,use_adaptive_ngroute,0.0013409893398127481,0,false,40.72928571428571,false,false,10.833333333333334,false,1.68321e6,1.6809528333333337e6,false,6
183.825,use_adaptive_ngroute,0.0012056616929448927,0,false,45.83775,false,false,11.277777777777779,false,1.68321e6,1.6811806181818182e6,false,2
152.011,use_lmSR3_cuts,0.0011904742615707065,5,false,50.550000000000004,false,false,11.333333333333332,false,1.68321e6,1.6812061818181816e6,false,0
359.774,use_lmSR3_cuts,0.00023467065903848283,1,false,51.16457142857143,false,false,11.333333333333332,false,1.68321e6,1.6828149999999998e6,false,0
469.911,none,0.0,0,false,52.07377777777778,true,false,11.333333333333332,false,1.68321e6,1.68321e6,false,0
