CG_time_taken,method,CG_LP_IP_gap,implemented_SR3_cuts_count,errored,CG_sp_time_taken_mean,converged,CGIP_artificial,ngroute_neighborhood_size,time_limit_reached,CGIP_objective,CGLP_objective,CGLP_artificial,cycles_lookup_length
91.925,use_adaptive_ngroute,0.5312354600510723,0,false,1.573611111111111,false,false,5.999999999999999,false,2.906616e6,1.3625185120481928e6,false,35
755.608,use_adaptive_ngroute,0.033729820100659835,0,false,27.71951851851852,false,false,8.36111111111111,false,1.6406e6,1.5852628571428575e6,false,4
183.153,use_adaptive_ngroute,0.03230654192128268,0,false,22.805000000000003,false,false,8.75,false,1.6406e6,1.5875978873239437e6,false,4
158.011,use_lmSR3_cuts,0.03219452232922926,5,false,31.530799999999996,false,false,9.333333333333334,false,1.6406e6,1.5877816666666665e6,false,0
417.825,use_adaptive_ngroute,0.025478423723506283,0,false,41.5892,false,false,9.333333333333334,false,1.6406e6,1.5988000980392157e6,false,5
262.719,use_lmSR3_cuts,0.025002031776992006,5,false,43.6035,false,false,9.694444444444445,false,1.6406e6,1.599581666666667e6,false,0
353.37,use_adaptive_ngroute,0.022887205900280372,0,false,58.70466666666667,false,false,9.694444444444445,false,1.6406e6,1.60305125e6,false,7
411.16,use_lmSR3_cuts,0.022237799179162465,5,false,136.954,false,false,10.444444444444445,false,1.6406e6,1.604116666666666e6,false,0
927.097,none,0.020538827258320014,0,false,142.0445,false,false,10.444444444444445,true,1.6406e6,1.6069040000000002e6,false,0
