CG_time_taken,method,CG_LP_IP_gap,implemented_SR3_cuts_count,errored,CG_sp_time_taken_mean,converged,CGIP_artificial,ngroute_neighborhood_size,time_limit_reached,CGIP_objective,CGLP_objective,CGLP_artificial,cycles_lookup_length
76.592,use_adaptive_ngroute,0.41871379401056286,0,false,1.4123529411764704,false,false,5.999999999999999,false,2.553736e6,1.4844515105386414e6,false,36
1739.966,use_adaptive_ngroute,0.0662671613634408,0,false,72.09549999999999,false,false,8.88888888888889,false,1.71584e6,1.6021361538461538e6,false,5
911.501,use_adaptive_ngroute,0.06547445228606774,0,false,113.81375,false,false,9.25,false,1.71584e6,1.6034963157894735e6,false,10
734.205,use_adaptive_ngroute,0.06256818817605381,0,false,122.29266666666666,false,false,9.527777777777777,false,1.71584e6,1.6084829999999998e6,false,10
130.644,none,0.062126357287910716,0,false,87.86200000000001,false,false,10.361111111111112,true,1.71584e6,1.6092411111111112e6,false,0
