CG_time_taken,method,CG_LP_IP_gap,implemented_SR3_cuts_count,errored,CG_sp_time_taken_mean,converged,CGIP_artificial,ngroute_neighborhood_size,time_limit_reached,CGIP_objective,CGLP_objective,CGLP_artificial,cycles_lookup_length
43.778,use_adaptive_ngroute,0.3072203765728839,0,false,1.0162727272727272,false,false,5.999999999999999,false,2.20682e6,1.5288399285714284e6,false,35
238.993,use_adaptive_ngroute,0.06617647478239175,0,false,12.890722222222223,false,false,11.305555555555555,false,1.792684e6,1.6740504924812028e6,false,10
87.947,use_adaptive_ngroute,0.06573625040683373,0,false,21.87925,false,false,12.444444444444445,false,1.792684e6,1.6748396756756757e6,false,2
111.478,use_lmSR3_cuts,0.06569360523103907,5,false,37.035333333333334,false,false,12.88888888888889,false,1.792684e6,1.674916125e6,false,0
756.811,use_adaptive_ngroute,0.05714944735937233,0,false,57.88938461538462,false,false,12.88888888888889,false,1.792684e6,1.690233100110011e6,false,4
187.125,use_adaptive_ngroute,0.05705917482804679,0,false,62.230333333333334,false,false,13.083333333333332,false,1.792684e6,1.6903949302325577e6,false,1
284.106,use_adaptive_ngroute,0.05704556833863583,0,false,70.95175,false,false,13.222222222222223,false,1.792684e6,1.690419322368421e6,false,4
248.625,use_lmSR3_cuts,0.05704002953075937,5,false,82.66266666666665,false,false,13.805555555555555,false,1.792684e6,1.6904292517006802e6,false,0
688.188,use_lmSR3_cuts,0.05100206207293734,5,false,114.46766666666667,false,false,13.805555555555555,false,1.792684e6,1.7012534193548383e6,false,0
899.204,none,0.04677626395259005,0,false,195.35525,false,false,13.805555555555555,true,1.792684e6,1.708828940032415e6,false,0
