CG_time_taken,method,CG_LP_IP_gap,implemented_SR3_cuts_count,errored,CG_sp_time_taken_mean,converged,CGIP_artificial,ngroute_neighborhood_size,time_limit_reached,CGIP_objective,CGLP_objective,CGLP_artificial,cycles_lookup_length
78.92,use_adaptive_ngroute,0.34596954440782046,0,false,1.3852592592592592,false,false,5.999999999999999,false,2.126112e6,1.390542e6,false,36
258.272,use_adaptive_ngroute,0.1644038425317893,0,false,13.11163157894737,false,false,10.083333333333334,false,1.862402e6,1.5562159548611105e6,false,10
89.545,use_adaptive_ngroute,0.14356046945279732,0,false,12.607714285714286,false,false,10.666666666666666,false,1.821738e6,1.5602084375e6,false,1
60.216,use_lmSR3_cuts,0.14356046945279743,5,false,14.86425,false,false,10.75,false,1.821738e6,1.5602084374999998e6,false,0
330.384,use_adaptive_ngroute,0.11395268216136722,0,false,36.38988888888888,false,false,10.75,false,1.780675e6,1.5777623076923075e6,false,4
192.737,use_adaptive_ngroute,0.11328090387630141,0,false,38.4526,false,false,11.305555555555555,false,1.780675e6,1.578958526490067e6,false,4
271.86,use_adaptive_ngroute,0.1132474342594807,0,false,54.1946,false,false,11.777777777777777,false,1.780675e6,1.5790181249999993e6,false,3
234.928,use_lmSR3_cuts,0.11293056961290215,5,false,58.56600000000001,false,false,11.888888888888888,false,1.780675e6,1.5795823579545454e6,false,0
558.019,use_adaptive_ngroute,0.10802994622252593,0,false,79.39742857142858,false,false,11.888888888888888,false,1.780675e6,1.5883087755102036e6,false,9
230.916,use_lmSR3_cuts,0.1078981919234141,5,false,76.842,false,false,12.472222222222223,false,1.780675e6,1.5885433870967745e6,false,0
1013.62,use_adaptive_ngroute,0.0285620489428402,0,false,168.48333333333335,false,false,12.472222222222223,false,1.646256e6,1.5992355555555557e6,false,5
196.511,none,0.028457124354724694,0,false,147.399,false,false,12.722222222222221,true,1.646256e6,1.5994082882882883e6,false,0
