CG_time_taken,method,CG_LP_IP_gap,implemented_SR3_cuts_count,errored,CG_sp_time_taken_mean,converged,CGIP_artificial,ngroute_neighborhood_size,time_limit_reached,CGIP_objective,CGLP_objective,CGLP_artificial,cycles_lookup_length
46.373,use_adaptive_ngroute,0.35530670289022903,0,false,1.2055652173913043,false,false,5.999999999999999,false,2.387864e6,1.5394399152097262e6,false,36
762.49,use_lmSR3_cuts,0.036157581043756326,1,false,39.7651052631579,false,false,11.0,false,1.71975e6,1.657568e6,false,0
405.465,use_lmSR3_cuts,0.03513940979793562,1,false,50.502250000000004,false,false,11.0,false,1.71975e6,1.6593190000000002e6,false,0
393.006,use_lmSR3_cuts,0.031703445268207564,1,false,65.3165,false,false,11.0,false,1.71975e6,1.665228e6,false,0
388.585,use_lmSR3_cuts,0.031703445268207564,1,false,55.37585714285715,false,false,11.0,false,1.71975e6,1.665228e6,false,0
339.78,use_adaptive_ngroute,0.03022775074139683,0,false,84.87875,false,false,11.0,false,1.71975e6,1.6677658256624828e6,false,20
1257.656,none,0.029114196478522536,0,false,270.31374999999997,false,false,12.86111111111111,true,1.71975e6,1.6696808606060608e6,false,0
