CG_time_taken,method,CG_LP_IP_gap,implemented_SR3_cuts_count,errored,CG_sp_time_taken_mean,converged,CGIP_artificial,ngroute_neighborhood_size,time_limit_reached,CGIP_objective,CGLP_objective,CGLP_artificial,cycles_lookup_length
92.243,use_adaptive_ngroute,0.33602741105281797,0,false,1.8377999999999999,false,false,5.999999999999999,false,2.304486e6,1.5301155356125357e6,false,36
380.041,use_adaptive_ngroute,0.1570889599968046,0,false,19.80178947368421,false,false,10.333333333333334,false,2.011937e6,1.695883909090909e6,false,10
134.394,use_lmSR3_cuts,0.15686108710163393,5,false,33.532,false,false,11.083333333333334,false,2.011937e6,1.696342375e6,false,0
585.148,use_adaptive_ngroute,0.07508100488000768,0,false,64.75966666666667,false,false,11.083333333333334,false,1.855576e6,1.7162574892887748e6,false,4
238.72,use_adaptive_ngroute,0.07503510140966119,0,false,79.51166666666667,false,false,11.722222222222221,false,1.855576e6,1.7163426666666665e6,false,1
160.712,use_lmSR3_cuts,0.0749719482845046,5,false,80.28949999999999,false,false,11.75,false,1.855576e6,1.716459852090032e6,false,0
1265.172,use_adaptive_ngroute,0.06684594259876864,0,false,114.84454545454544,false,false,11.75,false,1.845776e6,1.7223933634538152e6,false,3
669.408,none,0.057920726490266916,0,false,195.52366666666668,false,false,12.083333333333334,true,1.828326e6,1.7224280298189563e6,false,0
