CG_time_taken,method,CG_LP_IP_gap,implemented_SR3_cuts_count,errored,CG_sp_time_taken_mean,converged,CGIP_artificial,ngroute_neighborhood_size,time_limit_reached,CGIP_objective,CGLP_objective,CGLP_artificial,cycles_lookup_length
6.702,use_adaptive_ngroute,0.3173305052669796,0,false,0.30493750000000003,false,false,5.0,false,1.51183e6,1.0320802222222222e6,false,19
25.586,use_adaptive_ngroute,0.1001176670077587,0,false,1.7822142857142858,false,false,6.9,false,1.360336e6,1.2241423333333335e6,false,15
14.882,use_adaptive_ngroute,0.07571643589705135,0,false,2.9386,false,false,8.200000000000001,false,1.33322e6,1.2322733333333333e6,false,1
7.642,use_lmSR3_cuts,0.07158608481720952,1,false,1.9012499999999999,false,false,8.3,false,1.33322e6,1.23778e6,false,0
9.103,use_adaptive_ngroute,0.003462828350904168,0,false,2.9120000000000004,false,false,8.3,false,1.24638e6,1.242064e6,false,4
7.221,use_adaptive_ngroute,0.003359328615671009,0,false,3.6025,false,false,8.9,false,1.24638e6,1.242193e6,false,2
7.082,use_lmSR3_cuts,0.0030327829393924643,5,false,2.3476666666666666,false,false,9.0,false,1.24638e6,1.2426e6,false,0
17.572,none,0.0,0,false,3.4612,true,false,9.0,false,1.24638e6,1.24638e6,false,0
