CG_time_taken,method,CG_LP_IP_gap,implemented_SR3_cuts_count,errored,CG_sp_time_taken_mean,converged,CGIP_artificial,ngroute_neighborhood_size,time_limit_reached,CGIP_objective,CGLP_objective,CGLP_artificial,cycles_lookup_length
34.306,use_adaptive_ngroute,0.35964125863857066,0,false,0.8600869565217392,false,false,5.999999999999999,false,2.37644e6,1.521774127320955e6,false,36
265.18,use_adaptive_ngroute,0.14719141534070534,0,false,10.297519999999999,false,false,9.972222222222221,false,1.92166e6,1.63880814479638e6,false,14
102.25,use_adaptive_ngroute,0.10721994800938583,0,false,16.807833333333335,false,false,11.222222222222223,false,1.84435e6,1.6465988888888892e6,false,6
96.788,use_adaptive_ngroute,0.10665430564325573,0,false,19.2518,false,false,11.63888888888889,false,1.84435e6,1.6476421313868612e6,false,12
85.519,use_adaptive_ngroute,0.10467882073107915,0,false,28.394333333333336,false,false,12.333333333333332,false,1.841853e6,1.6490499999999998e6,false,2
143.242,use_lmSR3_cuts,0.10463209803495277,5,false,35.7395,false,false,12.88888888888889,false,1.841853e6,1.649136056338028e6,false,0
482.61,use_adaptive_ngroute,0.06688287426186312,0,false,60.04099999999999,false,false,12.88888888888889,false,1.78248e6,1.6632626142857142e6,false,12
511.411,use_lmSR3_cuts,0.06525304631749007,5,false,127.74075,false,false,13.916666666666668,false,1.78248e6,1.6661677500000002e6,false,0
1446.477,use_adaptive_ngroute,0.06020972256166435,0,false,206.34071428571428,false,false,13.916666666666668,false,1.77802e6,1.6709659090909096e6,false,2
367.309,none,0.059797677566431395,0,false,224.495,false,false,13.972222222222223,true,1.77802e6,1.6716985333333337e6,false,0
