CG_time_taken,method,CG_LP_IP_gap,implemented_SR3_cuts_count,errored,CG_sp_time_taken_mean,converged,CGIP_artificial,ngroute_neighborhood_size,time_limit_reached,CGIP_objective,CGLP_objective,CGLP_artificial,cycles_lookup_length
40.066,use_adaptive_ngroute,0.37241599432210104,0,false,1.0457142857142858,false,false,5.999999999999999,false,2.38696e6,1.4980179181929177e6,false,34
239.845,use_adaptive_ngroute,0.08304374071800302,0,false,18.198,false,false,10.0,false,1.802481e6,1.6527962351868732e6,false,20
418.853,use_adaptive_ngroute,0.0767531931897164,0,false,52.253750000000004,false,false,11.972222222222223,false,1.802481e6,1.6641348275862068e6,false,12
435.992,use_lmSR3_cuts,0.0756056050891335,5,false,54.42887499999999,false,false,13.25,false,1.802481e6,1.6662033333333335e6,false,0
232.198,use_adaptive_ngroute,0.07261807193266079,0,false,77.30433333333333,false,false,13.25,false,1.802481e6,1.6715883050847456e6,false,3
235.462,use_lmSR3_cuts,0.0713191264542431,5,false,78.43966666666668,false,false,13.555555555555557,false,1.802481e6,1.6739296296296294e6,false,0
866.305,use_adaptive_ngroute,0.03207922629112736,0,false,108.06049999999999,false,false,13.555555555555557,false,1.748632e6,1.6925372383720933e6,false,8
393.623,use_adaptive_ngroute,0.03199276334017154,0,false,131.15499999999997,false,false,13.833333333333332,false,1.748632e6,1.6926884302549493e6,false,4
245.621,use_lmSR3_cuts,0.031985592622255976,5,false,122.7385,false,false,14.13888888888889,false,1.748632e6,1.6927009692017592e6,false,0
463.248,none,0.02320855267873767,0,false,141.203,false,false,14.13888888888889,true,1.748632e6,1.7080487821122736e6,false,0
