CG_time_taken,method,CG_LP_IP_gap,implemented_SR3_cuts_count,errored,CG_sp_time_taken_mean,converged,CGIP_artificial,ngroute_neighborhood_size,time_limit_reached,CGIP_objective,CGLP_objective,CGLP_artificial,cycles_lookup_length
36.321,use_adaptive_ngroute,0.2552935040019043,0,false,0.7960434782608694,false,false,5.999999999999999,false,1.97577e6,1.4713687535981575e6,false,29
74.975,use_adaptive_ngroute,0.1288281699292132,0,false,4.731866666666667,false,false,8.055555555555555,false,1.88253e6,1.6400071052631582e6,false,8
49.195,use_adaptive_ngroute,0.1262440862891453,0,false,6.045999999999999,false,false,9.027777777777779,false,1.88253e6,1.6448717202380954e6,false,8
63.975,use_adaptive_ngroute,0.12490926808308167,0,false,9.063714285714285,false,false,9.555555555555555,false,1.88253e6,1.6473845555555562e6,false,1
50.333,use_lmSR3_cuts,0.12473584871036703,5,false,12.534250000000002,false,false,9.61111111111111,false,1.88253e6,1.6477110227272727e6,false,0
104.938,use_adaptive_ngroute,0.07774245936026569,0,false,14.781714285714287,false,false,9.61111111111111,false,1.799705e6,1.659791507177033e6,false,1
26.514,use_lmSR3_cuts,0.07774245936026569,5,false,13.1735,false,false,9.972222222222221,false,1.799705e6,1.659791507177033e6,false,0
170.431,use_adaptive_ngroute,0.07251240929355196,0,false,18.69777777777778,false,false,9.972222222222221,false,1.799705e6,1.669204054432348e6,false,1
66.873,use_adaptive_ngroute,0.07170639523565137,0,false,16.580499999999997,false,false,10.0,false,1.799705e6,1.670654641962422e6,false,4
68.06,use_lmSR3_cuts,0.07164264831978928,5,false,22.612333333333332,false,false,10.25,false,1.799705e6,1.6707693676056336e6,false,0
253.075,use_adaptive_ngroute,0.0058493210673928875,0,false,27.800444444444445,false,false,10.25,false,1.69212e6,1.6822222468354432e6,false,3
83.648,use_lmSR3_cuts,0.005849321067392554,5,false,27.769333333333336,false,false,10.333333333333334,false,1.69212e6,1.6822222468354437e6,false,0
259.89,use_adaptive_ngroute,0.002045510956669716,0,false,28.560444444444443,false,false,10.333333333333334,false,1.69212e6,1.68865875e6,false,5
230.955,use_lmSR3_cuts,0.0015483535446660923,5,false,38.36416666666666,false,false,10.583333333333332,false,1.69212e6,1.6894999999999995e6,false,0
271.616,none,0.0,0,false,45.0825,true,false,10.583333333333332,false,1.69212e6,1.69212e6,false,0
