CG_time_taken,method,CG_LP_IP_gap,implemented_SR3_cuts_count,errored,CG_sp_time_taken_mean,converged,CGIP_artificial,ngroute_neighborhood_size,time_limit_reached,CGIP_objective,CGLP_objective,CGLP_artificial,cycles_lookup_length
47.502,use_adaptive_ngroute,0.2401252750132502,0,false,1.1747619047619051,false,false,5.999999999999999,false,2.093687e6,1.5909398333333333e6,false,36
77.267,use_adaptive_ngroute,0.07589679258780446,0,false,6.863363636363637,false,false,9.86111111111111,false,1.805301e6,1.668284444444444e6,false,7
38.525,use_adaptive_ngroute,0.07403520387248819,0,false,9.584999999999999,false,false,10.13888888888889,false,1.805301e6,1.6716451724137932e6,false,1
16.688,use_lmSR3_cuts,0.07373451850965573,5,false,8.3165,false,false,10.166666666666668,false,1.805301e6,1.672188e6,false,0
53.698,use_adaptive_ngroute,0.0715179545032153,0,false,13.315249999999999,false,false,10.166666666666668,false,1.805301e6,1.676189565217391e6,false,3
65.225,use_lmSR3_cuts,0.07149674367717229,5,false,12.931,false,false,10.527777777777777,false,1.805301e6,1.6762278571428573e6,false,0
98.362,use_adaptive_ngroute,0.06457349522634637,0,false,16.250500000000002,false,false,10.527777777777777,false,1.805301e6,1.6887264044943817e6,false,1
99.512,use_lmSR3_cuts,0.06455016121313573,5,false,24.79875,false,false,10.555555555555555,false,1.805301e6,1.6887685294117648e6,false,0
229.905,use_adaptive_ngroute,0.04190941214462596,0,false,28.572625,false,false,10.555555555555555,false,1.774155e6,1.6998012068965512e6,false,4
119.29,use_lmSR3_cuts,0.04182647111280746,5,false,29.781750000000002,false,false,11.166666666666668,false,1.774155e6,1.699948357142857e6,false,0
325.321,use_adaptive_ngroute,0.019763042763054184,0,false,40.5285,false,false,11.166666666666668,false,1.738365e6,1.7040096181672034e6,false,5
170.931,use_adaptive_ngroute,0.019626379276395323,0,false,56.91799999999999,false,false,11.888888888888888,false,1.738365e6,1.704247189189189e6,false,3
194.651,use_adaptive_ngroute,0.01959246436251505,0,false,64.813,false,false,11.972222222222223,false,1.738365e6,1.7043061456884565e6,false,3
138.063,use_lmSR3_cuts,0.019591025272446272,5,false,68.95750000000001,false,false,12.333333333333332,false,1.738365e6,1.704308647352264e6,false,0
807.422,use_lmSR3_cuts,0.015934977417023544,5,false,115.18871428571428,false,false,12.333333333333332,false,1.738365e6,1.710664192982456e6,false,0
1010.997,none,0.012777690153940036,0,false,156.60833333333335,false,false,12.333333333333332,true,1.736105e6,1.713921588235294e6,false,0
