CG_time_taken,method,CG_LP_IP_gap,implemented_SR3_cuts_count,errored,CG_sp_time_taken_mean,converged,CGIP_artificial,ngroute_neighborhood_size,time_limit_reached,CGIP_objective,CGLP_objective,CGLP_artificial,cycles_lookup_length
49.401,use_adaptive_ngroute,0.40008190423164014,0,false,1.070346153846154,false,false,5.999999999999999,false,2.49052e6,1.4941080158730156e6,false,36
226.956,use_adaptive_ngroute,0.12860862270899942,0,false,10.006636363636362,false,false,9.75,false,1.89546e6,1.6516875e6,false,10
96.832,use_adaptive_ngroute,0.12718528991887457,0,false,11.990875,false,false,10.25,false,1.89546e6,1.65438537037037e6,false,8
90.513,use_lmSR3_cuts,0.12709478275620545,5,false,22.55375,false,false,10.472222222222221,false,1.89546e6,1.6545569230769228e6,false,0
305.959,use_adaptive_ngroute,0.0681089859709838,0,false,37.785875000000004,false,false,10.472222222222221,false,1.80012e6,1.6775156521739126e6,false,12
223.074,use_adaptive_ngroute,0.06683710797880937,0,false,44.4866,false,false,11.0,false,1.80012e6,1.6798051851851856e6,false,5
444.776,use_lmSR3_cuts,0.06671024799063485,5,false,88.88440000000001,false,false,11.666666666666666,false,1.80012e6,1.6800335483870984e6,false,0
636.725,use_adaptive_ngroute,0.0626637390840612,0,false,105.90916666666669,false,false,11.666666666666666,false,1.80012e6,1.6873177499999998e6,false,7
626.953,use_adaptive_ngroute,0.06194924042100891,0,false,104.37799999999999,false,false,12.083333333333334,false,1.80012e6,1.6886039333333333e6,false,4
327.275,use_lmSR3_cuts,0.06186324777930163,5,false,108.99366666666668,false,false,12.38888888888889,false,1.80012e6,1.6887587304075235e6,false,0
497.254,none,0.05988329630333755,0,false,210.90900000000002,false,false,12.38888888888889,true,1.80012e6,1.692322880658436e6,false,0
