CG_time_taken,method,CG_LP_IP_gap,implemented_SR3_cuts_count,errored,CG_sp_time_taken_mean,converged,CGIP_artificial,ngroute_neighborhood_size,time_limit_reached,CGIP_objective,CGLP_objective,CGLP_artificial,cycles_lookup_length
60.711,use_adaptive_ngroute,0.31377137210258566,0,false,1.1604583333333336,false,false,5.999999999999999,false,2.16217e6,1.4837429523809524e6,false,36
422.25,use_adaptive_ngroute,0.08621524351596033,0,false,18.735272727272726,false,false,11.222222222222223,false,1.736794e6,1.5870558823529412e6,false,19
785.744,use_adaptive_ngroute,0.08384593844003252,0,false,65.28683333333333,false,false,13.61111111111111,false,1.736794e6,1.5911708771929822e6,false,1
193.552,use_lmSR3_cuts,0.08381903668483448,5,false,64.40533333333335,false,false,13.722222222222221,false,1.736794e6,1.5912175999999996e6,false,0
1154.806,use_adaptive_ngroute,0.05394087545794635,0,false,164.65899999999996,false,false,13.722222222222221,false,1.701384e6,1.6096098575498573e6,false,1
501.669,use_lmSR3_cuts,0.05360733771251336,5,false,125.32475,false,false,13.75,false,1.701384e6,1.6101773333333333e6,false,0
427.661,none,0.045808598101907516,0,false,196.854,false,false,13.75,true,1.701384e6,1.6234459841269841e6,false,0
