CG_time_taken,method,CG_LP_IP_gap,implemented_SR3_cuts_count,errored,CG_sp_time_taken_mean,converged,CGIP_artificial,ngroute_neighborhood_size,time_limit_reached,CGIP_objective,CGLP_objective,CGLP_artificial,cycles_lookup_length
48.823,use_adaptive_ngroute,0.3845098551426245,0,false,1.1234583333333332,false,false,5.999999999999999,false,2.503566e6,1.5409202000000002e6,false,21
74.704,use_adaptive_ngroute,0.18042446208182816,0,false,4.4684,false,false,7.416666666666667,false,1.978346e6,1.6214039871382636e6,false,21
248.027,use_adaptive_ngroute,0.11902150191717975,0,false,16.2916,false,false,11.527777777777777,false,1.859713e6,1.638367165605096e6,false,14
88.066,use_lmSR3_cuts,0.11877279930107865,5,false,21.92175,false,false,13.194444444444445,false,1.859713e6,1.6388296810933931e6,false,0
250.112,use_adaptive_ngroute,0.11338162701141818,0,false,41.43833333333334,false,false,13.194444444444445,false,1.859713e6,1.6488557142857146e6,false,9
475.207,use_lmSR3_cuts,0.11321896750427896,5,false,94.93939999999999,false,false,13.63888888888889,false,1.859713e6,1.6491582142857148e6,false,0
847.211,use_lmSR3_cuts,0.11067153142140018,5,false,120.86514285714286,false,false,13.63888888888889,false,1.859713e6,1.6538957142857136e6,false,0
386.676,use_lmSR3_cuts,0.110182592690377,1,false,128.681,false,false,13.63888888888889,false,1.859713e6,1.654805000000001e6,false,0
588.236,use_lmSR3_cuts,0.10978468182993828,2,false,146.90824999999998,false,false,13.63888888888889,false,1.859713e6,1.655545e6,false,0
414.382,use_lmSR3_cuts,0.07991929788169283,5,false,137.97833333333335,false,false,13.63888888888889,false,1.79976e6,1.6559244444444445e6,false,0
85.588,none,0.0798245321598432,0,false,NaN,false,false,13.63888888888889,true,1.79976e6,1.6560950000000007e6,false,0
