CG_time_taken,method,CG_LP_IP_gap,implemented_SR3_cuts_count,errored,CG_sp_time_taken_mean,converged,CGIP_artificial,ngroute_neighborhood_size,time_limit_reached,CGIP_objective,CGLP_objective,CGLP_artificial,cycles_lookup_length
52.95,use_adaptive_ngroute,0.34435093225246416,0,false,1.305086956521739,false,false,5.999999999999999,false,2.310315e6,1.5147558759531484e6,false,34
536.059,use_adaptive_ngroute,0.07875765535246848,0,false,22.9924347826087,false,false,9.86111111111111,false,1.768044e6,1.6287970000000002e6,false,10
143.087,use_adaptive_ngroute,0.0714561194545762,0,false,35.667249999999996,false,false,10.583333333333332,false,1.756164e6,1.6306753354341737e6,false,1
158.43,use_lmSR3_cuts,0.07119725595301385,5,false,31.623800000000003,false,false,10.722222222222221,false,1.756164e6,1.6311299421965315e6,false,0
346.017,use_adaptive_ngroute,0.06748930191451774,0,false,57.49550000000001,false,false,10.722222222222221,false,1.756164e6,1.6376417175925928e6,false,4
247.333,use_lmSR3_cuts,0.06647832785198071,5,false,61.725750000000005,false,false,11.388888888888888,false,1.756164e6,1.6394171538461542e6,false,0
296.767,use_lmSR3_cuts,0.06548334492550045,5,false,74.0255,false,false,11.388888888888888,false,1.756164e6,1.6411645070422534e6,false,0
745.515,use_adaptive_ngroute,0.06411340885849015,0,false,148.8432,false,false,11.388888888888888,false,1.756164e6,1.6435703394454385e6,false,12
1005.413,none,0.06404771999144832,0,false,339.85699999999997,false,false,12.555555555555555,true,1.756164e6,1.6436856998689382e6,false,0
