CG_time_taken,method,CG_LP_IP_gap,implemented_SR3_cuts_count,errored,CG_sp_time_taken_mean,converged,CGIP_artificial,ngroute_neighborhood_size,time_limit_reached,CGIP_objective,CGLP_objective,CGLP_artificial,cycles_lookup_length
73.52,use_adaptive_ngroute,0.35529770200628796,0,false,1.6025769230769231,false,false,5.999999999999999,false,2.15971e6,1.3923699999999998e6,false,36
306.832,use_adaptive_ngroute,0.05215810263487475,0,false,17.67564705882353,false,false,9.722222222222221,false,1.6645e6,1.577682838164251e6,false,18
349.839,use_adaptive_ngroute,0.04584860318413919,0,false,29.007999999999996,false,false,11.916666666666666,false,1.6645e6,1.5881850000000002e6,false,2
150.472,use_lmSR3_cuts,0.045657855211775566,5,false,37.54024999999999,false,false,12.361111111111112,false,1.6645e6,1.5885024999999995e6,false,0
677.038,use_adaptive_ngroute,0.033870031040352466,0,false,74.90311111111112,false,false,12.361111111111112,false,1.6645e6,1.6081233333333333e6,false,1
618.663,use_lmSR3_cuts,0.03304442441841038,5,false,88.26485714285715,false,false,12.38888888888889,false,1.6645e6,1.609497555555556e6,false,0
388.253,use_adaptive_ngroute,0.03194357630436828,0,false,96.88875,false,false,12.38888888888889,false,1.6645e6,1.611329917241379e6,false,2
504.273,use_lmSR3_cuts,0.031926224091318844,5,false,100.7634,false,false,12.555555555555555,false,1.6645e6,1.6113587999999998e6,false,0
444.568,none,0.029564742736986616,0,false,130.09066666666666,false,false,12.555555555555555,true,1.6645e6,1.6152894857142859e6,false,0
