CG_time_taken,method,CG_LP_IP_gap,implemented_SR3_cuts_count,errored,CG_sp_time_taken_mean,converged,CGIP_artificial,ngroute_neighborhood_size,time_limit_reached,CGIP_objective,CGLP_objective,CGLP_artificial,cycles_lookup_length
4.166,use_adaptive_ngroute,0.34640701874570834,0,false,0.20921428571428566,false,false,5.0,false,1.635824e6,1.0691630849673203e6,false,20
5.536,use_adaptive_ngroute,0.05509508952069997,0,false,0.45681818181818173,false,false,7.05,false,1.31087e6,1.2386475e6,false,10
3.743,use_adaptive_ngroute,0.02034557703165729,0,false,0.6061666666666667,false,false,8.4,false,1.29291e6,1.266605e6,false,7
3.301,use_lmSR3_cuts,0.018338476769458212,2,false,0.8055,false,false,9.2,false,1.29291e6,1.2691999999999998e6,false,0
4.026,use_adaptive_ngroute,0.013895012027132392,0,false,0.9077500000000001,false,false,9.2,false,1.29291e6,1.2749450000000002e6,false,1
2.162,use_adaptive_ngroute,0.01278285675981583,0,false,0.7126666666666668,false,false,9.25,false,1.29291e6,1.2763829166666665e6,false,3
2.811,use_lmSR3_cuts,0.01273760078317232,5,false,0.927,false,false,9.4,false,1.29291e6,1.2764414285714286e6,false,0
6.719,use_lmSR3_cuts,0.011818301351215421,1,false,1.2624000000000002,false,false,9.4,false,1.29291e6,1.27763e6,false,0
5.866,use_lmSR3_cuts,0.010685198505696492,3,false,1.41675,false,false,9.4,false,1.29291e6,1.279095e6,false,0
10.57,use_adaptive_ngroute,0.006286593807766971,0,false,2.068,false,false,9.4,false,1.29291e6,1.284782e6,false,2
2.054,use_lmSR3_cuts,0.0061222007297140335,5,false,2.039,false,false,9.549999999999999,false,1.29291e6,1.2849945454545454e6,false,0
9.005,use_adaptive_ngroute,0.005149451839476682,0,false,2.1995,false,false,9.549999999999999,false,1.29291e6,1.2862522222222222e6,false,1
8.015,use_adaptive_ngroute,0.004665866498476667,0,false,2.6566666666666667,false,false,9.6,false,1.29291e6,1.2868774545454546e6,false,3
2.429,use_lmSR3_cuts,0.00458609784494346,5,false,2.411,false,false,10.05,false,1.29291e6,1.2869805882352942e6,false,0
10.427,use_lmSR3_cuts,0.0035578655900255773,3,false,2.51925,false,false,10.05,false,1.29291e6,1.28831e6,false,0
7.383,use_lmSR3_cuts,0.00035269276283733664,1,false,2.4406666666666665,false,false,10.05,false,1.29291e6,1.292454e6,false,0
5.619,use_lmSR3_cuts,2.9004339048732675e-5,5,false,2.785,false,false,10.05,false,1.29291e6,1.2928725000000005e6,false,0
5.821,none,0.0,0,false,2.8069999999999995,true,false,10.05,false,1.29291e6,1.29291e6,false,0
