CG_time_taken,method,CG_LP_IP_gap,implemented_SR3_cuts_count,errored,CG_sp_time_taken_mean,converged,CGIP_artificial,ngroute_neighborhood_size,time_limit_reached,CGIP_objective,CGLP_objective,CGLP_artificial,cycles_lookup_length
38.703,use_adaptive_ngroute,0.38691030595569553,0,false,0.8892307692307694,false,false,5.999999999999999,false,2.42662e6,1.4877357133617902e6,false,35
580.81,use_adaptive_ngroute,0.059478518013022286,0,false,28.756400000000006,false,false,10.916666666666666,false,1.75845e6,1.653860000000001e6,false,2
189.638,use_adaptive_ngroute,0.054447720613379214,0,false,23.625375000000002,false,false,11.222222222222223,false,1.7546e6,1.6590660294117648e6,false,12
321.117,use_adaptive_ngroute,0.05345118804596738,0,false,40.07025,false,false,12.083333333333334,false,1.7546e6,1.6608145454545456e6,false,8
454.511,use_lmSR3_cuts,0.0532178274250541,5,false,90.79580000000001,false,false,12.833333333333334,false,1.7546e6,1.661224e6,false,0
585.723,use_lmSR3_cuts,0.053071925225122385,3,false,97.49533333333332,false,false,12.833333333333334,false,1.7546e6,1.6614800000000002e6,false,0
1172.595,use_lmSR3_cuts,0.0520027356662488,5,false,130.18433333333334,false,false,12.833333333333334,false,1.7546e6,1.6633559999999998e6,false,0
223.411,none,0.04697692595789027,0,false,117.50500000000001,false,false,12.833333333333334,true,1.7546e6,1.6721742857142857e6,false,0
