CG_time_taken,method,CG_LP_IP_gap,implemented_SR3_cuts_count,errored,CG_sp_time_taken_mean,converged,CGIP_artificial,ngroute_neighborhood_size,time_limit_reached,CGIP_objective,CGLP_objective,CGLP_artificial,cycles_lookup_length
61.262,use_adaptive_ngroute,0.18872460036673255,0,false,1.45704,false,false,5.999999999999999,false,2.08704e6,1.6931642100506146e6,false,28
39.766,use_adaptive_ngroute,0.09257981544893068,0,false,2.829846153846154,false,false,8.0,false,1.90408e6,1.727800625e6,false,6
20.803,use_adaptive_ngroute,0.09150907274804365,0,false,4.0508,false,false,8.944444444444445,false,1.90408e6,1.729839404761905e6,false,5
13.498,use_lmSR3_cuts,0.09116010690918241,5,false,3.3405,false,false,9.222222222222223,false,1.90408e6,1.730503863636364e6,false,0
74.914,use_adaptive_ngroute,0.06011345065627138,0,false,8.209666666666665,false,false,9.222222222222223,false,1.84987e6,1.7386679310344832e6,false,1
36.751,use_lmSR3_cuts,0.0599842605762293,5,false,6.046166666666666,false,false,9.25,false,1.84987e6,1.7389069158878508e6,false,0
63.197,use_adaptive_ngroute,0.02531767508056071,0,false,12.4832,false,false,9.25,false,1.789921e6,1.7446043617021276e6,false,1
32.675,use_adaptive_ngroute,0.0239441135174423,0,false,10.815,false,false,9.444444444444445,false,1.789921e6,1.7470629283887462e6,false,4
46.023,use_lmSR3_cuts,0.023943763582568556,5,false,15.284,false,false,10.305555555555555,false,1.789921e6,1.7470635547445253e6,false,0
63.203,use_adaptive_ngroute,0.021576777437186778,0,false,10.4375,false,false,10.305555555555555,false,1.789921e6,1.7513002729528532e6,false,1
50.318,use_lmSR3_cuts,0.02157539381392226,5,false,12.509250000000002,false,false,10.333333333333334,false,1.789921e6,1.7513027495291904e6,false,0
28.947,use_lmSR3_cuts,0.020834696651737317,5,false,9.576333333333334,false,false,10.333333333333334,false,1.789921e6,1.7526285389344257e6,false,0
83.767,use_adaptive_ngroute,0.019181802128563463,0,false,16.666800000000002,false,false,10.333333333333334,false,1.789921e6,1.7555870895522395e6,false,1
31.207,use_lmSR3_cuts,0.019181802128563796,5,false,15.5535,false,false,10.38888888888889,false,1.789921e6,1.755587089552239e6,false,0
65.47,use_lmSR3_cuts,0.018717955483487203,5,false,16.26675,false,false,10.38888888888889,false,1.789921e6,1.756417338403041e6,false,0
172.664,use_adaptive_ngroute,0.016807445691736866,0,false,24.365857142857145,false,false,10.38888888888889,false,1.789921e6,1.7598370000000007e6,false,3
65.766,use_lmSR3_cuts,0.016764155738320907,5,false,21.831666666666663,false,false,10.527777777777777,false,1.789921e6,1.759914485596709e6,false,0
119.201,use_lmSR3_cuts,0.01576215338319098,5,false,23.718199999999996,false,false,10.527777777777777,false,1.789921e6,1.7617079906542054e6,false,0
198.972,use_lmSR3_cuts,0.01178724756317473,5,false,33.01083333333334,false,false,10.527777777777777,false,1.78335e6,1.7623292120582124e6,false,0
104.4,use_lmSR3_cuts,0.010772977137440631,5,false,25.897499999999997,false,false,10.527777777777777,false,1.78335e6,1.7641380112219453e6,false,0
74.057,use_adaptive_ngroute,0.010361146937039045,0,false,24.547,false,false,10.527777777777777,false,1.78335e6,1.7648724486098315e6,false,1
67.036,use_lmSR3_cuts,0.010356126739354377,5,false,33.3845,false,false,10.583333333333332,false,1.78335e6,1.7648814013793725e6,false,0
103.858,use_lmSR3_cuts,0.010131234472250283,5,false,20.6554,false,false,10.583333333333332,false,1.78335e6,1.7652824630039125e6,false,0
125.431,use_lmSR3_cuts,0.0097563132354328,5,false,31.136,false,false,10.583333333333332,false,1.78335e6,1.7659510787915909e6,false,0
83.861,use_adaptive_ngroute,0.00923986308676672,0,false,27.65,false,false,10.583333333333332,false,1.78335e6,1.7668720901642146e6,false,3
19.662,use_lmSR3_cuts,0.009226424425939461,5,false,19.427,false,false,10.694444444444445,false,1.78335e6,1.7668960560000008e6,false,0
167.435,use_adaptive_ngroute,0.009129991786255287,0,false,41.611749999999994,false,false,10.694444444444445,false,1.78335e6,1.7670680291479817e6,false,3
129.664,use_adaptive_ngroute,0.009106535993662401,0,false,42.986333333333334,false,false,10.777777777777779,false,1.78335e6,1.7671098590357022e6,false,3
61.215,use_lmSR3_cuts,0.009106158826823307,5,false,30.471,false,false,11.11111111111111,false,1.78335e6,1.7671105316561847e6,false,0
117.406,use_lmSR3_cuts,0.008209568752862495,5,false,38.94166666666667,false,false,11.11111111111111,false,1.78178e6,1.7671523545875247e6,false,0
193.46,use_lmSR3_cuts,0.008174321905464965,5,false,64.27666666666667,false,false,11.11111111111111,false,1.78178e6,1.7672151567152806e6,false,0
170.5,use_adaptive_ngroute,0.00804510253941737,0,false,56.629999999999995,false,false,11.11111111111111,false,1.78178e6,1.7674453971973169e6,false,2
150.099,use_lmSR3_cuts,0.008044667464420785,5,false,74.58250000000001,false,false,11.222222222222223,false,1.78178e6,1.7674461724052443e6,false,0
233.659,use_adaptive_ngroute,0.007979963484206043,0,false,58.16225,false,false,11.222222222222223,false,1.78178e6,1.7675614606631114e6,false,3
297.219,use_lmSR3_cuts,0.007976246992521863,5,false,74.1295,false,false,11.5,false,1.78178e6,1.7675680826336644e6,false,0
157.919,none,0.006733956023818322,0,false,62.794500000000006,false,false,11.5,true,1.77971e6,1.7677255111248503e6,false,0
