CG_time_taken,method,CG_LP_IP_gap,implemented_SR3_cuts_count,errored,CG_sp_time_taken_mean,converged,CGIP_artificial,ngroute_neighborhood_size,time_limit_reached,CGIP_objective,CGLP_objective,CGLP_artificial,cycles_lookup_length
17.117,use_adaptive_ngroute,0.3604727936619265,0,false,0.39872727272727276,false,false,5.999999999999999,false,2.567404e6,1.6419247076611952e6,false,32
35.631,use_adaptive_ngroute,0.1476468373121116,0,false,2.8692499999999996,false,false,9.13888888888889,false,2.12584e6,1.8119664473684207e6,false,14
33.748,use_adaptive_ngroute,0.14341215354691383,0,false,4.2017500000000005,false,false,10.166666666666668,false,2.12584e6,1.8209687075038287e6,false,6
18.355,use_adaptive_ngroute,0.14230567887381185,0,false,4.549,false,false,10.361111111111112,false,2.12584e6,1.8233208956228958e6,false,6
12.224,use_lmSR3_cuts,0.1420818347660443,5,false,6.0905,false,false,11.0,false,2.12584e6,1.8237967523809525e6,false,0
