CG_time_taken,method,CG_LP_IP_gap,implemented_SR3_cuts_count,errored,CG_sp_time_taken_mean,converged,CGIP_artificial,ngroute_neighborhood_size,time_limit_reached,CGIP_objective,CGLP_objective,CGLP_artificial,cycles_lookup_length
51.191,use_adaptive_ngroute,0.3713264811713807,0,false,1.1554074074074077,false,false,5.999999999999999,false,2.30431e6,1.4486586761719757e6,false,33
789.22,use_adaptive_ngroute,0.06480189651379564,0,false,46.282294117647055,false,false,8.805555555555555,false,1.72738e6,1.6154424999999998e6,false,8
650.565,use_adaptive_ngroute,0.06216889483237931,0,false,54.15949999999999,false,false,9.694444444444445,false,1.72738e6,1.6199906944444447e6,false,4
245.914,use_lmSR3_cuts,0.06050616706060219,5,false,49.1316,false,false,10.333333333333334,false,1.72738e6,1.622862857142857e6,false,0
504.603,use_lmSR3_cuts,0.053097024023779915,5,false,62.97775,false,false,10.333333333333334,false,1.72246e6,1.6310025e6,false,0
592.565,use_adaptive_ngroute,0.050321826534917125,0,false,98.65883333333332,false,false,10.333333333333334,false,1.72246e6,1.6357826666666667e6,false,1
422.951,use_lmSR3_cuts,0.036344435746953785,5,false,105.63475,false,false,10.361111111111112,false,1.69788e6,1.6361715094339622e6,false,0
304.603,none,0.032583771134198525,0,false,92.07966666666665,false,false,10.361111111111112,true,1.69788e6,1.642556666666667e6,false,0
