CG_time_taken,method,CG_LP_IP_gap,implemented_SR3_cuts_count,errored,CG_sp_time_taken_mean,converged,CGIP_artificial,ngroute_neighborhood_size,time_limit_reached,CGIP_objective,CGLP_objective,CGLP_artificial,cycles_lookup_length
40.052,use_adaptive_ngroute,0.18973869553838796,0,false,0.7821428571428571,false,false,5.999999999999999,false,1.908446e6,1.5463399454545456e6,false,33
379.643,use_adaptive_ngroute,0.07599452483593916,0,false,26.89071428571428,false,false,8.527777777777779,false,1.76422e6,1.6301489393939395e6,false,6
247.682,use_adaptive_ngroute,0.07378709382427673,0,false,41.19433333333333,false,false,8.86111111111111,false,1.76422e6,1.6340433333333344e6,false,9
316.989,use_adaptive_ngroute,0.07244480361211814,0,false,52.740833333333335,false,false,9.777777777777777,false,1.76422e6,1.6364114285714289e6,false,3
351.126,use_lmSR3_cuts,0.07241916163139162,5,false,58.46516666666666,false,false,9.86111111111111,false,1.76422e6,1.6364566666666663e6,false,0
446.254,use_adaptive_ngroute,0.06849496586550718,0,false,74.27499999999999,false,false,9.86111111111111,false,1.76422e6,1.643379811320755e6,false,5
622.98,use_adaptive_ngroute,0.06833147226536362,0,false,103.76333333333332,false,false,10.11111111111111,false,1.76422e6,1.6436682500000002e6,false,4
570.062,use_lmSR3_cuts,0.06825479281962266,5,false,113.95340000000002,false,false,10.333333333333334,false,1.76422e6,1.6438035294117653e6,false,0
537.702,use_adaptive_ngroute,0.016412205191587703,0,false,107.22800000000001,false,false,10.333333333333334,false,1.687034e6,1.6593460518268151e6,false,8
60.905,none,0.014766871495010991,0,false,NaN,false,false,11.61111111111111,true,1.687034e6,1.6621217857142857e6,false,0
