CG_time_taken,method,CG_LP_IP_gap,implemented_SR3_cuts_count,errored,CG_sp_time_taken_mean,converged,CGIP_artificial,ngroute_neighborhood_size,time_limit_reached,CGIP_objective,CGLP_objective,CGLP_artificial,cycles_lookup_length
29.018,use_adaptive_ngroute,0.23928696920054193,0,false,0.627,false,false,5.999999999999999,false,2.108364e6,1.6038599684684686e6,false,28
54.263,use_adaptive_ngroute,0.10869471721193691,0,false,3.376266666666667,false,false,8.583333333333334,false,1.89111e6,1.685556333333334e6,false,9
30.564,use_adaptive_ngroute,0.10764101881550969,0,false,4.9718333333333335,false,false,9.88888888888889,false,1.89111e6,1.6875489929078014e6,false,7
31.724,use_adaptive_ngroute,0.10748667113180499,0,false,6.297800000000001,false,false,10.694444444444445,false,1.89111e6,1.6878408813559322e6,false,2
23.033,use_lmSR3_cuts,0.1074566751046433,5,false,7.5986666666666665,false,false,11.055555555555555,false,1.89111e6,1.687897607142858e6,false,0
93.392,use_adaptive_ngroute,0.08445482548897953,0,false,13.139571428571431,false,false,11.055555555555555,false,1.864499e6,1.7070330623306232e6,false,6
57.001,use_lmSR3_cuts,0.08442953527511099,5,false,14.198999999999998,false,false,11.25,false,1.864499e6,1.7070802159090908e6,false,0
92.708,use_adaptive_ngroute,0.07858447050208461,0,false,15.224,false,false,11.25,false,1.864499e6,1.7179783333333337e6,false,3
26.341,use_adaptive_ngroute,0.07854098146223132,0,false,13.097000000000001,false,false,11.333333333333332,false,1.864499e6,1.7180594186046512e6,false,1
42.115,use_lmSR3_cuts,0.07851155419537048,5,false,13.933333333333332,false,false,11.36111111111111,false,1.864499e6,1.718114285714286e6,false,0
46.579,use_adaptive_ngroute,0.07683649634329959,0,false,23.065999999999995,false,false,11.36111111111111,false,1.864499e6,1.7212374294044143e6,false,6
81.119,use_adaptive_ngroute,0.07668591788158674,0,false,26.94266666666667,false,false,11.63888888888889,false,1.864499e6,1.7215181827956995e6,false,1
57.139,use_lmSR3_cuts,0.07668520469315421,5,false,28.461,false,false,11.722222222222221,false,1.864499e6,1.7215195125348186e6,false,0
195.718,use_lmSR3_cuts,0.07498822369178282,5,false,65.00733333333334,false,false,11.722222222222221,false,1.864499e6,1.7246835319148947e6,false,0
809.859,use_adaptive_ngroute,0.0703111137575867,0,false,89.64655555555555,false,false,11.722222222222221,false,1.864499e6,1.7334039987100933e6,false,6
404.691,use_lmSR3_cuts,0.07016376425660875,5,false,101.05574999999999,false,false,11.999999999999998,false,1.864499e6,1.7336787317073173e6,false,0
811.777,use_adaptive_ngroute,0.04863186650264273,0,false,115.79742857142857,false,false,11.999999999999998,false,1.826534e6,1.737706242349462e6,false,5
563.876,use_lmSR3_cuts,0.04856241854527177,5,false,187.82966666666667,false,false,12.305555555555557,false,1.826534e6,1.7378330914048306e6,false,0
28.658,none,0.048274918253997656,0,false,NaN,false,false,12.305555555555557,true,1.826534e6,1.7383582204618526e6,false,0
