CG_time_taken,method,CG_LP_IP_gap,implemented_SR3_cuts_count,errored,CG_sp_time_taken_mean,converged,CGIP_artificial,ngroute_neighborhood_size,time_limit_reached,CGIP_objective,CGLP_objective,CGLP_artificial,cycles_lookup_length
52.021,use_adaptive_ngroute,0.26969806885593306,0,false,0.9271600000000001,false,false,5.999999999999999,false,2.000432e6,1.4609193527223882e6,false,24
555.518,use_adaptive_ngroute,0.20684748040055234,0,false,36.79826666666667,false,false,9.916666666666666,false,1.9767e6,1.5678245854922282e6,false,13
297.45,use_adaptive_ngroute,0.18473332059425496,0,false,42.37714285714285,false,false,10.86111111111111,false,1.93269e6,1.5756577586206894e6,false,7
601.775,use_adaptive_ngroute,0.1834075821782074,0,false,100.2106666666667,false,false,11.444444444444445,false,1.93269e6,1.5782200000000002e6,false,2
341.814,use_adaptive_ngroute,0.18317687660569404,0,false,113.85300000000001,false,false,11.555555555555555,false,1.93269e6,1.5786658823529412e6,false,14
146.948,use_adaptive_ngroute,0.1829599592903831,0,false,73.3905,false,false,12.194444444444445,false,1.93269e6,1.5790851162790696e6,false,1
257.577,use_lmSR3_cuts,0.18295995929038322,5,false,85.81866666666667,false,false,12.361111111111112,false,1.93269e6,1.5790851162790693e6,false,0
660.857,use_adaptive_ngroute,0.17740535999947815,0,false,110.05283333333333,false,false,12.361111111111112,false,1.93269e6,1.5898204347826086e6,false,1
374.229,use_lmSR3_cuts,0.1772874205562579,5,false,93.50025,false,false,12.38888888888889,false,1.93269e6,1.5900483751651258e6,false,0
257.461,none,0.1388096809140449,0,false,65.11966666666666,false,false,12.38888888888889,true,1.86458e6,1.6057582451612903e6,false,0
