CG_time_taken,method,CG_LP_IP_gap,implemented_SR3_cuts_count,errored,CG_sp_time_taken_mean,converged,CGIP_artificial,ngroute_neighborhood_size,time_limit_reached,CGIP_objective,CGLP_objective,CGLP_artificial,cycles_lookup_length
31.891,use_adaptive_ngroute,0.3923887967832743,0,false,0.7194285714285714,false,false,5.999999999999999,false,2.32888e6,1.415053578947368e6,false,30
52.219,use_adaptive_ngroute,0.17335160250498438,0,false,3.332785714285714,false,false,8.638888888888888,false,1.89755e6,1.568606666666667e6,false,3
21.308,use_adaptive_ngroute,0.16909477456387645,0,false,2.869142857142857,false,false,8.722222222222221,false,1.89755e6,1.5766842105263162e6,false,2
16.056,use_lmSR3_cuts,0.168835039167046,5,false,3.1157999999999997,false,false,9.25,false,1.89755e6,1.5771770714285718e6,false,0
76.609,use_adaptive_ngroute,0.1012039319663558,0,false,8.250777777777778,false,false,9.25,false,1.787852e6,1.606914347826087e6,false,13
68.871,use_lmSR3_cuts,0.07486235884622416,5,false,9.738428571428571,false,false,10.361111111111112,false,1.740153e6,1.6098810416666665e6,false,0
80.765,use_lmSR3_cuts,0.061298308771750465,5,false,13.219333333333333,false,false,10.361111111111112,false,1.721116e6,1.6156145e6,false,0
220.199,use_adaptive_ngroute,0.056634007086311944,0,false,19.829181818181816,false,false,10.361111111111112,false,1.721116e6,1.623642304259635e6,false,4
81.282,use_adaptive_ngroute,0.05646241297468502,0,false,20.175749999999997,false,false,10.5,false,1.721116e6,1.623937637630662e6,false,5
100.804,use_adaptive_ngroute,0.0564085628162192,0,false,25.019,false,false,10.63888888888889,false,1.721116e6,1.62403032e6,false,3
78.559,use_lmSR3_cuts,0.05640545995891133,5,false,26.01666666666667,false,false,10.777777777777779,false,1.721116e6,1.6240356603773583e6,false,0
176.67,use_adaptive_ngroute,0.05470939125142826,0,false,29.30483333333333,false,false,10.777777777777779,false,1.721116e6,1.6269547913669068e6,false,3
168.88,use_adaptive_ngroute,0.054390771793537906,0,false,42.082249999999995,false,false,11.36111111111111,false,1.721116e6,1.6275031724137932e6,false,5
300.958,use_adaptive_ngroute,0.054324469870545844,0,false,60.065599999999996,false,false,12.083333333333334,false,1.721116e6,1.6276172857142857e6,false,2
170.296,use_lmSR3_cuts,0.0543244698705464,5,false,56.562666666666665,false,false,12.305555555555557,false,1.721116e6,1.6276172857142847e6,false,0
387.565,use_lmSR3_cuts,0.05086419226324568,5,false,64.38050000000001,false,false,12.305555555555557,false,1.721116e6,1.6335728248686516e6,false,0
486.777,use_adaptive_ngroute,0.04725443943857521,0,false,60.580124999999995,false,false,12.305555555555557,false,1.719442e6,1.6381907321428573e6,false,11
653.012,use_adaptive_ngroute,0.04661440552613361,0,false,108.65266666666665,false,false,12.805555555555554,false,1.719442e6,1.6392912333333339e6,false,4
327.935,none,0.046534832150287975,0,false,202.317,false,false,13.222222222222223,true,1.719442e6,1.6394280551378445e6,false,0
