CG_time_taken,method,CG_LP_IP_gap,implemented_SR3_cuts_count,errored,CG_sp_time_taken_mean,converged,CGIP_artificial,ngroute_neighborhood_size,time_limit_reached,CGIP_objective,CGLP_objective,CGLP_artificial,cycles_lookup_length
23.611,use_adaptive_ngroute,0.325275067320993,0,false,0.6714347826086956,false,false,5.999999999999999,false,2.32791e6,1.5706989180327873e6,false,32
214.923,use_adaptive_ngroute,0.015315701747685373,0,false,14.159666666666666,false,false,9.277777777777779,false,1.70187e6,1.6758046666666667e6,false,7
84.954,use_adaptive_ngroute,0.014783297196613088,0,false,12.079857142857142,false,false,9.472222222222223,false,1.70187e6,1.67671075e6,false,3
47.307,use_adaptive_ngroute,0.01473665583374073,0,false,15.745666666666667,false,false,9.833333333333334,false,1.70187e6,1.6767901275362317e6,false,9
133.177,use_lmSR3_cuts,0.01443235969844936,1,false,16.594,false,false,10.333333333333334,false,1.70187e6,1.677308e6,false,0
132.199,use_adaptive_ngroute,0.013469684031560014,0,false,21.9885,false,false,10.333333333333334,false,1.70187e6,1.678946348837209e6,false,15
102.476,use_lmSR3_cuts,0.013266931429892881,5,false,25.55,false,false,11.666666666666666,false,1.70187e6,1.679291407407408e6,false,0
178.47,use_adaptive_ngroute,0.010361275455615826,0,false,35.604600000000005,false,false,11.666666666666666,false,1.70187e6,1.684236456140351e6,false,6
109.418,use_lmSR3_cuts,0.009981788199071029,5,false,27.297,false,false,12.222222222222221,false,1.70187e6,1.684882294117647e6,false,0
197.051,use_adaptive_ngroute,0.00605802027355995,0,false,49.11849999999999,false,false,12.222222222222221,false,1.70187e6,1.6915600370370366e6,false,7
297.009,use_lmSR3_cuts,0.006004561133423625,5,false,49.45316666666667,false,false,12.555555555555555,false,1.70187e6,1.6916510175438602e6,false,0
248.813,use_adaptive_ngroute,0.003910404437471704,0,false,62.14375,false,false,12.555555555555555,false,1.70187e6,1.695215e6,false,1
177.993,use_adaptive_ngroute,0.0031596842792612767,0,false,59.291999999999994,false,false,12.666666666666666,false,1.70187e6,1.6964926281156535e6,false,5
212.591,use_lmSR3_cuts,0.002885510670581959,5,false,70.827,false,false,12.88888888888889,false,1.70187e6,1.6969592359550567e6,false,0
410.61,use_lmSR3_cuts,0.0008760519158810265,5,false,102.549,false,false,12.88888888888889,false,1.70187e6,1.7003790735259196e6,false,0
532.798,use_lmSR3_cuts,0.0004965126596035985,4,false,133.059,false,false,12.88888888888889,false,1.70187e6,1.7010250000000005e6,false,0
406.819,none,-2.220446049250313e-16,0,false,186.65200000000002,true,false,12.88888888888889,true,1.70187e6,1.7018700000000005e6,false,0
