CG_time_taken,method,CG_LP_IP_gap,implemented_SR3_cuts_count,errored,CG_sp_time_taken_mean,converged,CGIP_artificial,ngroute_neighborhood_size,time_limit_reached,CGIP_objective,CGLP_objective,CGLP_artificial,cycles_lookup_length
20.623,use_adaptive_ngroute,0.30891502468933496,0,false,0.5635238095238095,false,false,5.999999999999999,false,2.469377e6,1.706549343077724e6,false,31
43.508,use_adaptive_ngroute,0.07893522214598492,0,false,3.450083333333333,false,false,8.194444444444445,false,1.970638e6,1.8150852517006805e6,false,12
37.452,use_lmSR3_cuts,0.07627830005646241,5,false,6.184333333333333,false,false,9.416666666666668,false,1.970638e6,1.820321083333333e6,false,0
76.32,use_adaptive_ngroute,0.05643347718856362,0,false,15.1478,false,false,9.416666666666668,false,1.937207e6,1.8278836729559742e6,false,4
18.434,use_adaptive_ngroute,0.05585209813494263,0,false,9.190500000000002,false,false,10.027777777777779,false,1.937207e6,1.8290099245283022e6,false,3
25.197,use_lmSR3_cuts,0.05585209813494274,5,false,12.575999999999999,false,false,10.527777777777777,false,1.937207e6,1.829009924528302e6,false,0
51.862,use_adaptive_ngroute,0.053337994100367214,0,false,12.89525,false,false,10.527777777777777,false,1.937207e6,1.83388026446281e6,false,1
28.353,use_adaptive_ngroute,0.053337994100367436,0,false,14.153,false,false,10.833333333333334,false,1.937207e6,1.8338802644628095e6,false,1
14.671,use_adaptive_ngroute,0.0533203900941428,0,false,14.635,false,false,10.86111111111111,false,1.937207e6,1.8339143670668958e6,false,1
25.219,use_lmSR3_cuts,0.05331689058450462,5,false,12.5725,false,false,10.88888888888889,false,1.937207e6,1.8339211463414636e6,false,0
33.323,use_lmSR3_cuts,0.05270370012914172,5,false,16.468,false,false,10.88888888888889,false,1.937207e6,1.8351090231839258e6,false,0
155.668,use_lmSR3_cuts,0.05220042112545409,5,false,25.844833333333337,false,false,10.88888888888889,false,1.937207e6,1.8360839787928225e6,false,0
159.049,use_lmSR3_cuts,0.05119114245724521,5,false,31.7238,false,false,10.88888888888889,false,1.937207e6,1.8380391604938274e6,false,0
407.521,none,0.03143670809447863,0,false,25.3601875,false,false,10.88888888888889,false,1.89969e6,1.83997e6,false,0
