CG_time_taken,method,CG_LP_IP_gap,implemented_SR3_cuts_count,errored,CG_sp_time_taken_mean,converged,CGIP_artificial,ngroute_neighborhood_size,time_limit_reached,CGIP_objective,CGLP_objective,CGLP_artificial,cycles_lookup_length
18.652,use_adaptive_ngroute,0.28716004407550366,0,false,0.5307999999999999,false,false,5.999999999999999,false,2.265323e6,1.6148127474747477e6,false,34
57.686,use_adaptive_ngroute,0.04065513735136084,0,false,4.004071428571429,false,false,8.777777777777777,false,1.7997e6,1.7265329493087558e6,false,19
45.96,use_adaptive_ngroute,0.03917650734283551,0,false,7.623,false,false,10.972222222222223,false,1.7997e6,1.7291940397350988e6,false,7
40.276,use_lmSR3_cuts,0.038532334754205366,5,false,8.02,false,false,11.36111111111111,false,1.7997e6,1.7303533571428566e6,false,0
99.75,use_adaptive_ngroute,0.03425238685256238,0,false,14.175999999999998,false,false,11.36111111111111,false,1.7997e6,1.7380559793814435e6,false,3
50.435,use_lmSR3_cuts,0.03355048970746832,5,false,16.773,false,false,11.694444444444445,false,1.7997e6,1.7393191836734693e6,false,0
149.245,use_adaptive_ngroute,0.01905771793410349,0,false,24.780333333333328,false,false,11.694444444444445,false,1.78709e6,1.753032142857143e6,false,1
120.505,use_lmSR3_cuts,0.019028451592004947,5,false,30.089750000000002,false,false,11.722222222222221,false,1.78709e6,1.7530844444444438e6,false,0
93.454,use_adaptive_ngroute,0.01845139333672907,0,false,30.988999999999997,false,false,11.722222222222221,false,1.78709e6,1.754115699481865e6,false,4
98.871,use_lmSR3_cuts,0.018182658746368596,5,false,32.91833333333333,false,false,11.999999999999998,false,1.78709e6,1.7545959523809522e6,false,0
189.303,use_lmSR3_cuts,0.01646254315270912,5,false,37.79,false,false,11.999999999999998,false,1.78709e6,1.757669953757225e6,false,0
130.667,use_lmSR3_cuts,0.015577912145469441,5,false,43.416333333333334,false,false,11.999999999999998,false,1.78709e6,1.759250868983953e6,false,0
208.924,use_adaptive_ngroute,0.014409966358527648,0,false,52.14625,false,false,11.999999999999998,false,1.78709e6,1.761338093220339e6,false,2
174.836,use_lmSR3_cuts,0.014199289797956927,5,false,58.23533333333333,false,false,12.61111111111111,false,1.78709e6,1.7617145911949691e6,false,0
191.723,use_adaptive_ngroute,0.013098604798985836,0,false,63.863,false,false,12.61111111111111,false,1.78709e6,1.7636816143497804e6,false,2
131.909,use_lmSR3_cuts,0.013096607662133275,5,false,65.888,false,false,12.666666666666666,false,1.78709e6,1.7636851834130783e6,false,0
139.155,use_adaptive_ngroute,0.012566866656204212,0,false,69.4535,false,false,12.666666666666666,false,1.78709e6,1.764631878267364e6,false,2
168.853,use_lmSR3_cuts,0.012448902999626199,5,false,84.345,false,false,13.055555555555555,false,1.78709e6,1.764842689938398e6,false,0
395.732,use_adaptive_ngroute,0.011675497461757112,0,false,98.86625000000001,false,false,13.055555555555555,false,1.78709e6,1.7662248352410684e6,false,3
105.125,use_lmSR3_cuts,0.011608246400913291,5,false,105.03500000000001,false,false,13.38888888888889,false,1.78709e6,1.766345018939392e6,false,0
455.713,use_lmSR3_cuts,0.011181204182116322,1,false,113.857,false,false,13.38888888888889,false,1.78709e6,1.7671081818181816e6,false,0
229.746,use_adaptive_ngroute,0.01108457724036016,0,false,114.766,false,false,13.38888888888889,false,1.78709e6,1.7672808628595248e6,false,1
112.505,use_lmSR3_cuts,0.011055691391004485,5,false,112.355,false,false,13.416666666666666,false,1.78709e6,1.7673324844720499e6,false,0
107.491,none,0.010850208895745395,0,false,NaN,false,false,13.416666666666666,true,1.78709e6,1.7676997001845024e6,false,0
