CG_time_taken,method,CG_LP_IP_gap,implemented_SR3_cuts_count,errored,CG_sp_time_taken_mean,converged,CGIP_artificial,ngroute_neighborhood_size,time_limit_reached,CGIP_objective,CGLP_objective,CGLP_artificial,cycles_lookup_length
19.428,use_adaptive_ngroute,0.27772212648691974,0,false,0.5493684210526315,false,false,5.999999999999999,false,2.1013e6,1.5177224956130355e6,false,32
79.601,use_adaptive_ngroute,0.17883442929032345,0,false,7.825399999999999,false,false,9.194444444444445,false,2.02988e6,1.6668675686721583e6,false,19
117.729,use_adaptive_ngroute,0.14485956820640478,0,false,19.581666666666667,false,false,11.472222222222221,false,1.96496e6,1.6803167428571428e6,false,4
130.025,use_lmSR3_cuts,0.14128955975354884,4,false,18.542571428571424,false,false,11.833333333333332,false,1.96496e6,1.6873316666666667e6,false,0
79.116,use_adaptive_ngroute,0.13549530714404467,0,false,26.298666666666666,false,false,11.833333333333332,false,1.96496e6,1.698717141274238e6,false,3
99.043,use_adaptive_ngroute,0.13538222366135078,0,false,32.99433333333333,false,false,12.13888888888889,false,1.96496e6,1.6989393457943923e6,false,1
63.689,use_lmSR3_cuts,0.13515356696379377,5,false,31.7795,false,false,12.166666666666666,false,1.96496e6,1.6993886470588238e6,false,0
282.969,use_adaptive_ngroute,0.030656236565888895,0,false,40.26585714285714,false,false,12.166666666666666,false,1.770435e6,1.7161601258154705e6,false,11
256.266,use_adaptive_ngroute,0.02966559065992269,0,false,64.0125,false,false,13.722222222222221,false,1.770435e6,1.7179139999999998e6,false,3
261.492,use_adaptive_ngroute,0.029638599714598146,0,false,65.3295,false,false,13.805555555555555,false,1.770435e6,1.7179617857142854e6,false,2
266.751,use_adaptive_ngroute,0.029591806742619853,0,false,88.88466666666667,false,false,14.0,false,1.770435e6,1.71804462962963e6,false,4
185.498,use_lmSR3_cuts,0.029585794439585644,5,false,92.69600000000001,false,false,14.13888888888889,false,1.770435e6,1.7180552740213522e6,false,0
570.178,use_adaptive_ngroute,0.021717312693059876,0,false,113.9028,false,false,14.13888888888889,false,1.770435e6,1.7319859095022625e6,false,1
251.556,use_adaptive_ngroute,0.021648037515621277,0,false,125.741,false,false,14.166666666666666,false,1.770435e6,1.732108556701031e6,false,1
129.806,use_lmSR3_cuts,0.021648037515621388,5,false,129.767,false,false,14.194444444444445,false,1.770435e6,1.7321085567010308e6,false,0
649.854,use_adaptive_ngroute,0.014298153883800402,0,false,162.36325,false,false,14.194444444444445,false,1.762362e6,1.7371634769250378e6,false,7
110.841,none,0.014139194703033486,0,false,NaN,false,false,14.5,true,1.762362e6,1.7374436205447726e6,false,0
