CG_time_taken,method,CG_LP_IP_gap,implemented_SR3_cuts_count,errored,CG_sp_time_taken_mean,converged,CGIP_artificial,ngroute_neighborhood_size,time_limit_reached,CGIP_objective,CGLP_objective,CGLP_artificial,cycles_lookup_length
19.805,use_adaptive_ngroute,0.34916810550083777,0,false,0.4283214285714287,false,false,5.999999999999999,false,2.413926e6,1.5710600317607848e6,false,27
46.081,use_adaptive_ngroute,0.035562552490173704,0,false,3.4627692307692306,false,false,8.305555555555555,false,1.77773e6,1.7145093835616435e6,false,10
19.078,use_lmSR3_cuts,0.034490520682743164,5,false,3.7887999999999997,false,false,8.944444444444445,false,1.77773e6,1.716415166666667e6,false,0
52.344,use_lmSR3_cuts,0.023539602578742436,5,false,7.377571428571428,false,false,8.944444444444445,false,1.77773e6,1.7358829423076923e6,false,0
29.038,use_adaptive_ngroute,0.021696375765257847,0,false,7.1905,false,false,8.944444444444445,false,1.77773e6,1.7391597019108282e6,false,7
14.2,use_lmSR3_cuts,0.021508393255460057,5,false,7.068,false,false,9.527777777777777,false,1.77773e6,1.739493884057971e6,false,0
51.292,use_adaptive_ngroute,0.019135588964075523,0,false,12.715999999999998,false,false,9.527777777777777,false,1.77773e6,1.743712089430894e6,false,1
36.697,use_adaptive_ngroute,0.01873603047047412,0,false,12.199,false,false,9.555555555555555,false,1.77773e6,1.744422396551724e6,false,11
59.204,use_lmSR3_cuts,0.018410435228559896,5,false,19.696666666666665,false,false,10.444444444444445,false,1.77773e6,1.7450012169811323e6,false,0
56.532,use_adaptive_ngroute,0.016802718618517343,0,false,18.802333333333333,false,false,10.444444444444445,false,1.77773e6,1.7478593030303032e6,false,2
61.827,use_lmSR3_cuts,0.016764672417778015,5,false,20.579,false,false,10.61111111111111,false,1.77773e6,1.7479269389027434e6,false,0
145.04,use_adaptive_ngroute,0.007264260718588322,0,false,20.64014285714286,false,false,10.61111111111111,false,1.763207e6,1.75039860465116e6,false,1
75.498,use_lmSR3_cuts,0.006141100015115253,5,false,25.126333333333335,false,false,10.694444444444445,false,1.763207e6,1.7523789694656488e6,false,0
142.782,use_adaptive_ngroute,0.004998244067490276,0,false,28.445600000000002,false,false,10.694444444444445,false,1.763207e6,1.7543940610724927e6,false,1
52.8,use_lmSR3_cuts,0.00499543356554244,5,false,26.355999999999998,false,false,10.722222222222221,false,1.763207e6,1.7543990165692007e6,false,0
173.944,use_adaptive_ngroute,0.004351407637425142,0,false,34.7276,false,false,10.722222222222221,false,1.763207e6,1.7555345675938386e6,false,2
104.933,use_lmSR3_cuts,0.004350724199816747,5,false,34.932,false,false,10.833333333333334,false,1.763207e6,1.7555357726358138e6,false,0
150.026,use_lmSR3_cuts,0.00333079230590394,5,false,37.41475,false,false,10.833333333333334,false,1.763207e6,1.757334123690684e6,false,0
89.253,use_adaptive_ngroute,0.002531279988202906,0,false,44.5335,false,false,10.833333333333334,false,1.763207e6,1.7587438294058407e6,false,1
43.025,use_lmSR3_cuts,0.0025250597985931877,5,false,42.934,false,false,10.88888888888889,false,1.763207e6,1.7587547968877018e6,false,0
125.505,use_lmSR3_cuts,0.0003761092584236847,5,false,41.67066666666666,false,false,10.88888888888889,false,1.7604e6,1.759737897261471e6,false,0
215.215,none,-2.220446049250313e-16,0,false,42.9112,true,false,10.88888888888889,false,1.7604e6,1.7604000000000005e6,false,0
