CG_time_taken,method,CG_LP_IP_gap,implemented_SR3_cuts_count,errored,CG_sp_time_taken_mean,converged,CGIP_artificial,ngroute_neighborhood_size,time_limit_reached,CGIP_objective,CGLP_objective,CGLP_artificial,cycles_lookup_length
22.127,use_adaptive_ngroute,0.2498731754133886,0,false,0.5871363636363636,false,false,5.999999999999999,false,2.156057e6,1.6173161910377357e6,false,35
50.828,use_adaptive_ngroute,0.1444077074744754,0,false,3.4667857142857144,false,false,9.222222222222223,false,1.970824e6,1.6862218243243245e6,false,7
33.131,use_lmSR3_cuts,0.10726564048358322,5,false,4.676714285714286,false,false,9.75,false,1.892125e6,1.689165e6,false,0
73.266,use_adaptive_ngroute,0.058843277218394885,0,false,8.017777777777775,false,false,9.75,false,1.811817e6,1.7052037499999995e6,false,4
42.67,use_lmSR3_cuts,0.05882602933960768,5,false,8.4702,false,false,10.13888888888889,false,1.811817e6,1.705235e6,false,0
111.861,use_adaptive_ngroute,0.015498952590894843,0,false,12.30111111111111,false,false,10.13888888888889,false,1.740715e6,1.7137357407407404e6,false,1
50.085,use_lmSR3_cuts,0.015378099739985496,5,false,12.460999999999999,false,false,10.166666666666668,false,1.740715e6,1.7139461111111112e6,false,0
71.578,use_adaptive_ngroute,0.009530566462631729,0,false,11.847666666666667,false,false,10.166666666666668,false,1.740715e6,1.724125e6,false,1
88.547,use_lmSR3_cuts,0.009338116808322972,5,false,12.58957142857143,false,false,10.194444444444445,false,1.740715e6,1.72446e6,false,0
50.907,use_lmSR3_cuts,0.008236270727833284,5,false,12.66175,false,false,10.194444444444445,false,1.740715e6,1.7263779999999998e6,false,0
66.89,use_lmSR3_cuts,0.0006830384089970831,5,false,16.62275,false,false,10.194444444444445,false,1.731235e6,1.7300525e6,false,0
77.671,none,2.220446049250313e-16,0,false,15.417800000000002,true,false,10.194444444444445,false,1.731235e6,1.7312349999999995e6,false,0
