CG_time_taken,method,CG_LP_IP_gap,implemented_SR3_cuts_count,errored,CG_sp_time_taken_mean,converged,CGIP_artificial,ngroute_neighborhood_size,time_limit_reached,CGIP_objective,CGLP_objective,CGLP_artificial,cycles_lookup_length
60.045,use_adaptive_ngroute,0.43360124178169945,0,false,1.5791250000000003,false,false,5.999999999999999,false,2.393386e6,1.3556108583370654e6,false,32
744.298,use_adaptive_ngroute,0.07318816052521304,0,false,33.559681818181815,false,false,8.583333333333334,false,1.626904e6,1.5078338888888888e6,false,20
1196.241,use_lmSR3_cuts,0.06771081760202202,1,false,70.26852941176472,false,false,10.472222222222221,false,1.626904e6,1.516745e6,false,0
1595.256,none,0.06654295520817455,0,false,181.59574999999998,false,false,10.472222222222221,true,1.626904e6,1.518645e6,false,0
