CG_time_taken,method,CG_LP_IP_gap,implemented_SR3_cuts_count,errored,CG_sp_time_taken_mean,converged,CGIP_artificial,ngroute_neighborhood_size,time_limit_reached,CGIP_objective,CGLP_objective,CGLP_artificial,cycles_lookup_length
24.658,use_adaptive_ngroute,0.28456137349790545,0,false,0.6462916666666667,false,false,5.999999999999999,false,2.20016e6,1.5740794484848483e6,false,30
50.142,use_adaptive_ngroute,0.13965329795828818,0,false,4.014916666666667,false,false,7.722222222222221,false,2.00518e6,1.7251499999999998e6,false,6
31.98,use_adaptive_ngroute,0.06494394190405828,0,false,5.2620000000000005,false,false,8.527777777777779,false,1.85297e6,1.732630823970037e6,false,9
62.114,use_adaptive_ngroute,0.06350322882835546,0,false,8.831142857142858,false,false,9.555555555555555,false,1.85297e6,1.7353004220779222e6,false,3
30.311,use_adaptive_ngroute,0.06321433743305771,0,false,10.071333333333333,false,false,10.222222222222223,false,1.85297e6,1.735835729166667e6,false,2
40.103,use_lmSR3_cuts,0.06316963342286386,5,false,10.00125,false,false,10.5,false,1.85297e6,1.735918564356436e6,false,0
45.945,use_adaptive_ngroute,0.05885868205800582,0,false,15.224333333333334,false,false,10.5,false,1.85297e6,1.743906627906977e6,false,2
31.468,use_lmSR3_cuts,0.0587038304892199,5,false,15.7015,false,false,10.666666666666666,false,1.85297e6,1.74419356321839e6,false,0
142.629,use_adaptive_ngroute,0.052644932351947116,0,false,28.366799999999998,false,false,10.666666666666666,false,1.85297e6,1.7554205196998126e6,false,4
137.322,use_lmSR3_cuts,0.05219908479657842,5,false,34.29425,false,false,10.88888888888889,false,1.85297e6,1.756246661844484e6,false,0
120.278,use_adaptive_ngroute,0.04859783662624517,0,false,39.955999999999996,false,false,10.88888888888889,false,1.85297e6,1.7629196666666665e6,false,4
117.425,use_lmSR3_cuts,0.04793641550451355,5,false,39.11066666666667,false,false,11.305555555555555,false,1.85297e6,1.7641452601626015e6,false,0
178.248,use_lmSR3_cuts,0.04699636392333151,5,false,59.36466666666667,false,false,11.305555555555555,false,1.85297e6,1.7658871475409844e6,false,0
290.521,use_lmSR3_cuts,0.04553973415329471,5,false,72.54275,false,false,11.305555555555555,false,1.85297e6,1.7685862388059695e6,false,0
226.116,use_lmSR3_cuts,0.044095382090423296,5,false,75.21,false,false,11.305555555555555,false,1.85297e6,1.7712625798479083e6,false,0
376.66,use_lmSR3_cuts,6.918714661185987e-5,5,false,94.08375000000001,false,false,11.305555555555555,false,1.773957e6,1.7738342649769578e6,false,0
382.851,none,9.992007221626409e-16,0,false,95.62049999999999,true,false,11.305555555555555,false,1.773957e6,1.7739569999999981e6,false,0
