CG_time_taken,method,CG_LP_IP_gap,implemented_SR3_cuts_count,errored,CG_sp_time_taken_mean,converged,CGIP_artificial,ngroute_neighborhood_size,time_limit_reached,CGIP_objective,CGLP_objective,CGLP_artificial,cycles_lookup_length
21.792,use_adaptive_ngroute,0.2447856106914218,0,false,0.4637619047619047,false,false,5.999999999999999,false,2.12031e6,1.6012886217948715e6,false,28
39.889,use_adaptive_ngroute,0.07262043659993767,0,false,2.485066666666667,false,false,7.777777777777778,false,1.83812e6,1.7046349230769225e6,false,8
36.321,use_lmSR3_cuts,0.07181004870501573,5,false,5.1124285714285715,false,false,8.777777777777777,false,1.83812e6,1.7061245132743365e6,false,0
84.306,use_adaptive_ngroute,0.06448319867193497,0,false,11.955571428571426,false,false,8.777777777777777,false,1.83812e6,1.719592142857143e6,false,5
71.52,use_adaptive_ngroute,0.06310937735058231,0,false,14.262800000000002,false,false,9.222222222222223,false,1.83812e6,1.7221173913043477e6,false,3
55.37,use_adaptive_ngroute,0.06295343917141227,0,false,18.388333333333332,false,false,9.555555555555555,false,1.83812e6,1.7224040243902437e6,false,7
134.482,use_adaptive_ngroute,0.0629341202512782,0,false,33.586,false,false,10.166666666666668,false,1.83812e6,1.7224395348837206e6,false,8
59.835,use_lmSR3_cuts,0.06280895697778155,5,false,29.87,false,false,10.527777777777777,false,1.83812e6,1.7226696e6,false,0
103.678,use_lmSR3_cuts,0.06045156041075772,5,false,34.43066666666666,false,false,10.527777777777777,false,1.83812e6,1.727002777777778e6,false,0
89.37,use_adaptive_ngroute,0.05946309952560214,0,false,44.543000000000006,false,false,10.527777777777777,false,1.83812e6,1.7288196875000002e6,false,2
185.961,use_lmSR3_cuts,0.059292578830544285,5,false,61.95166666666666,false,false,10.63888888888889,false,1.83812e6,1.729133125e6,false,0
236.969,use_adaptive_ngroute,0.05808491221190748,0,false,59.1785,false,false,10.63888888888889,false,1.83812e6,1.7313529611650486e6,false,1
62.407,use_lmSR3_cuts,0.05804025703705773,5,false,62.316,false,false,10.694444444444445,false,1.83812e6,1.7314350427350434e6,false,0
120.602,use_adaptive_ngroute,0.0575158032532489,0,false,60.2345,false,false,10.694444444444445,false,1.83812e6,1.7323990517241382e6,false,2
133.711,use_lmSR3_cuts,0.05746403934454658,5,false,66.7985,false,false,10.88888888888889,false,1.83812e6,1.732494200000002e6,false,0
254.249,use_lmSR3_cuts,0.05691865976425936,5,false,84.62433333333333,false,false,10.88888888888889,false,1.83812e6,1.7334966731141196e6,false,0
383.736,use_lmSR3_cuts,0.056739731675154226,5,false,95.82825,false,false,10.88888888888889,false,1.83812e6,1.7338255644132656e6,false,0
190.884,use_lmSR3_cuts,0.056727231636886644,5,false,95.331,false,false,10.88888888888889,false,1.83812e6,1.733848540983606e6,false,0
450.354,use_adaptive_ngroute,0.05427552990442408,0,false,112.41475,false,false,10.88888888888889,false,1.83574e6,1.7361042387332525e6,false,7
575.183,use_lmSR3_cuts,0.05424311176963936,5,false,191.63533333333334,false,false,11.277777777777779,false,1.83574e6,1.7361637500000023e6,false,0
200.774,none,0.053824239377066485,0,false,197.28199999999998,false,false,11.277777777777779,true,1.83574e6,1.736932690805944e6,false,0
