CG_time_taken,method,CG_LP_IP_gap,implemented_SR3_cuts_count,errored,CG_sp_time_taken_mean,converged,CGIP_artificial,ngroute_neighborhood_size,time_limit_reached,CGIP_objective,CGLP_objective,CGLP_artificial,cycles_lookup_length
21.816,use_adaptive_ngroute,0.2130684043381994,0,false,0.5886666666666666,false,false,5.999999999999999,false,2.00688e6,1.5792772807017544e6,false,20
24.658,use_adaptive_ngroute,0.13094559067101308,0,false,2.0789999999999997,false,false,6.694444444444445,false,1.920321e6,1.6688634323770495e6,false,11
14.053,use_adaptive_ngroute,0.12680301887028256,0,false,2.2605,false,false,7.666666666666667,false,1.920321e6,1.6768185000000002e6,false,1
6.084,use_lmSR3_cuts,0.12680301887028267,5,false,2.9924999999999997,false,false,8.0,false,1.920321e6,1.6768185e6,false,0
43.11,use_adaptive_ngroute,0.12431498047554346,0,false,6.059714285714286,false,false,8.0,false,1.920321e6,1.681596332378224e6,false,5
13.373,use_lmSR3_cuts,0.1241705327859981,5,false,6.628500000000001,false,false,9.25,false,1.920321e6,1.6818737183098593e6,false,0
51.834,use_adaptive_ngroute,0.12006140044889846,0,false,8.529333333333334,false,false,9.25,false,1.920321e6,1.689764571428571e6,false,3
31.491,use_lmSR3_cuts,0.11973708123743243,5,false,10.418666666666665,false,false,9.666666666666666,false,1.920321e6,1.6903873684210526e6,false,0
33.343,use_adaptive_ngroute,0.11888126938840315,0,false,10.995666666666667,false,false,9.666666666666666,false,1.920321e6,1.6920308018867923e6,false,2
72.502,use_lmSR3_cuts,0.11882167309442582,5,false,18.077749999999998,false,false,9.722222222222221,false,1.920321e6,1.692145245901639e6,false,0
140.191,use_adaptive_ngroute,0.11700922987871487,0,false,27.948399999999996,false,false,9.722222222222221,false,1.920321e6,1.6956257186700765e6,false,7
72.343,use_adaptive_ngroute,0.05099505275137406,0,false,24.051666666666666,false,false,10.333333333333334,false,1.78739e6,1.6962419526627215e6,false,2
76.141,use_lmSR3_cuts,0.05099441350902956,5,false,38.04,false,false,10.666666666666666,false,1.78739e6,1.6962430952380956e6,false,0
120.54,use_adaptive_ngroute,0.050287055788139634,0,false,40.098,false,false,10.666666666666666,false,1.78739e6,1.6975074193548372e6,false,2
87.634,use_lmSR3_cuts,0.05028593321137498,5,false,43.762,false,false,11.0,false,1.78739e6,1.6975094258373205e6,false,0
223.217,use_lmSR3_cuts,0.04918225393028974,5,false,55.71525,false,false,11.0,false,1.78739e6,1.6994821311475395e6,false,0
155.142,use_adaptive_ngroute,0.049135220016323644,0,false,51.594,false,false,11.0,false,1.78739e6,1.6995661990950233e6,false,3
210.129,use_lmSR3_cuts,0.0491251010052165,5,false,69.97833333333334,false,false,11.305555555555555,false,1.78739e6,1.6995842857142861e6,false,0
187.184,use_adaptive_ngroute,0.03392779255020917,0,false,62.26733333333333,false,false,11.305555555555555,false,1.75939e6,1.6996977810650875e6,false,1
129.523,use_lmSR3_cuts,0.033910844967315,5,false,64.7015,false,false,11.333333333333332,false,1.75939e6,1.6997275984729556e6,false,0
516.611,use_adaptive_ngroute,0.032702603966752064,0,false,103.219,false,false,11.333333333333332,false,1.75939e6,1.7018533656069362e6,false,1
219.044,use_lmSR3_cuts,0.03265406608018451,5,false,109.37249999999999,false,false,11.36111111111111,false,1.75939e6,1.701938762679184e6,false,0
310.251,use_lmSR3_cuts,0.03222247513789589,5,false,103.31666666666666,false,false,11.36111111111111,false,1.75939e6,1.7026980994671374e6,false,0
401.243,use_lmSR3_cuts,0.03199126409275854,5,false,133.67133333333334,false,false,11.36111111111111,false,1.75939e6,1.7031048898678415e6,false,0
323.995,none,0.0313117356455731,0,false,154.94299999999998,false,false,11.36111111111111,true,1.75939e6,1.704300445422535e6,false,0
