CG_time_taken,method,CG_LP_IP_gap,implemented_SR3_cuts_count,errored,CG_sp_time_taken_mean,converged,CGIP_artificial,ngroute_neighborhood_size,time_limit_reached,CGIP_objective,CGLP_objective,CGLP_artificial,cycles_lookup_length
30.946,use_adaptive_ngroute,0.2958833068874346,0,false,0.8696499999999999,false,false,5.999999999999999,false,2.241743e6,1.5784486679682417e6,false,30
99.149,use_adaptive_ngroute,0.09316589395500274,0,false,7.453461538461539,false,false,7.666666666666667,false,1.85814e6,1.6850247258064512e6,false,5
36.543,use_adaptive_ngroute,0.0919587300939878,0,false,9.074,false,false,7.805555555555555,false,1.85814e6,1.6872678052631575e6,false,1
19.677,use_lmSR3_cuts,0.09193010214515618,5,false,9.818,false,false,8.11111111111111,false,1.85814e6,1.6873209999999995e6,false,0
78.757,use_adaptive_ngroute,0.08724176734929412,0,false,15.667200000000001,false,false,8.11111111111111,false,1.85814e6,1.6960325824175826e6,false,1
41.065,use_lmSR3_cuts,0.08713022133721082,5,false,13.641333333333332,false,false,8.277777777777779,false,1.85814e6,1.696239850524475e6,false,0
55.835,use_adaptive_ngroute,0.08556062616817195,0,false,18.542,false,false,8.277777777777779,false,1.85814e6,1.699156378091873e6,false,5
45.649,use_lmSR3_cuts,0.08520139906550395,5,false,22.783,false,false,9.25,false,1.85814e6,1.6998238723404245e6,false,0
94.189,use_adaptive_ngroute,0.08221685177941518,0,false,31.325,false,false,9.25,false,1.85814e6,1.7053695790345974e6,false,5
96.549,use_lmSR3_cuts,0.08199708792960536,5,false,32.129333333333335,false,false,9.916666666666666,false,1.85814e6,1.705777931034483e6,false,0
143.854,none,0.0,0,false,47.86166666666667,true,false,9.916666666666666,false,1.708233e6,1.708233e6,false,0
