CG_time_taken,method,CG_LP_IP_gap,implemented_SR3_cuts_count,errored,CG_sp_time_taken_mean,converged,CGIP_artificial,ngroute_neighborhood_size,time_limit_reached,CGIP_objective,CGLP_objective,CGLP_artificial,cycles_lookup_length
42.903,use_adaptive_ngroute,0.33988189582559714,0,false,0.9987272727272729,false,false,5.999999999999999,false,2.20822e6,1.457686e6,false,34
92.803,use_adaptive_ngroute,0.04557040317959393,0,false,7.5820833333333315,false,false,9.416666666666668,false,1.69085e6,1.6137972837837837e6,false,15
29.181,use_lmSR3_cuts,0.04453657430680835,5,false,14.557500000000001,false,false,11.25,false,1.69085e6,1.615545333333333e6,false,0
131.73,use_adaptive_ngroute,0.019714187224028734,0,false,18.73542857142857,false,false,11.25,false,1.65881e6,1.626107909090909e6,false,2
100.521,use_adaptive_ngroute,0.0185074842809001,0,false,25.095,false,false,11.36111111111111,false,1.65881e6,1.6281096e6,false,1
46.174,use_lmSR3_cuts,0.018155011294671675,5,false,23.066,false,false,11.416666666666666,false,1.65881e6,1.6286942857142857e6,false,0
111.796,use_adaptive_ngroute,0.014796416976293192,0,false,27.812250000000002,false,false,11.416666666666666,false,1.65881e6,1.634265555555555e6,false,2
58.957,use_adaptive_ngroute,0.014197439422938274,0,false,29.438499999999998,false,false,11.472222222222221,false,1.65881e6,1.6352591455108358e6,false,6
49.36,use_adaptive_ngroute,0.014068410642685492,0,false,49.326,false,false,11.75,false,1.65881e6,1.6354731797418068e6,false,5
112.005,use_lmSR3_cuts,0.014062508326150303,5,false,55.9565,false,false,12.555555555555555,false,1.65881e6,1.6354829705634986e6,false,0
199.906,use_adaptive_ngroute,0.012372947010837354,0,false,66.506,false,false,12.555555555555555,false,1.65881e6,1.6382856317689528e6,false,1
129.009,use_lmSR3_cuts,0.012370305343527344,5,false,64.461,false,false,12.583333333333334,false,1.65881e6,1.6382900137931034e6,false,0
441.789,none,0.0,0,false,73.50983333333333,true,false,12.583333333333334,false,1.646444e6,1.646444e6,false,0
