CG_time_taken,method,CG_LP_IP_gap,implemented_SR3_cuts_count,errored,CG_sp_time_taken_mean,converged,CGIP_artificial,ngroute_neighborhood_size,time_limit_reached,CGIP_objective,CGLP_objective,CGLP_artificial,cycles_lookup_length
5.591,use_adaptive_ngroute,0.2998902229550091,0,false,0.2709333333333333,false,false,5.0,false,1.54771e6,1.0835669030303028e6,false,18
5.593,use_adaptive_ngroute,0.009733933195404165,0,false,0.5896666666666667,false,false,6.35,false,1.28085e6,1.2683822916666665e6,false,11
6.407,use_lmSR3_cuts,0.007957606277081641,5,false,0.8924285714285713,false,false,7.799999999999999,false,1.28085e6,1.2706575e6,false,0
8.926,use_adaptive_ngroute,0.006136549947300618,0,false,1.1822857142857144,false,false,7.799999999999999,false,1.28085e6,1.27299e6,false,2
3.052,use_lmSR3_cuts,0.0006206815786391484,1,false,1.5134999999999998,false,false,8.05,false,1.28085e6,1.280055e6,false,0
4.396,use_lmSR3_cuts,0.0006206815786391484,1,false,1.4323333333333335,false,false,8.05,false,1.28085e6,1.280055e6,false,0
3.589,none,0.0,0,false,1.7875,true,false,8.05,false,1.28085e6,1.28085e6,false,0
