CG_time_taken,method,CG_LP_IP_gap,implemented_SR3_cuts_count,errored,CG_sp_time_taken_mean,converged,CGIP_artificial,ngroute_neighborhood_size,time_limit_reached,CGIP_objective,CGLP_objective,CGLP_artificial,cycles_lookup_length
18.908,use_adaptive_ngroute,0.3670675364608258,0,false,0.49491666666666667,false,false,5.999999999999999,false,2.575689e6,1.630237184080752e6,false,31
56.645,use_adaptive_ngroute,0.10409660348845362,0,false,3.908285714285714,false,false,8.027777777777777,false,1.98439e6,1.7778217410035476e6,false,15
88.898,use_adaptive_ngroute,0.10152622502050968,0,false,8.8576,false,false,10.166666666666668,false,1.98439e6,1.782922374331551e6,false,7
64.314,use_adaptive_ngroute,0.10014031100831322,0,false,9.158714285714288,false,false,10.694444444444445,false,1.98439e6,1.7856725682382134e6,false,1
53.463,use_lmSR3_cuts,0.09962982004779863,5,false,13.345249999999998,false,false,10.75,false,1.98439e6,1.7866855813953488e6,false,0
108.157,use_adaptive_ngroute,0.046937661324992,0,false,21.572400000000002,false,false,10.75,false,1.883644e6,1.7952301558711468e6,false,6
120.932,use_adaptive_ngroute,0.04564015475122707,0,false,40.281666666666666,false,false,11.472222222222221,false,1.883644e6,1.7976741963437796e6,false,3
127.311,use_adaptive_ngroute,0.045514462164010006,0,false,42.408,false,false,11.63888888888889,false,1.883644e6,1.7979109564315355e6,false,3
48.222,use_lmSR3_cuts,0.04550240102446368,5,false,48.171,false,false,11.972222222222223,false,1.883644e6,1.7979336753246752e6,false,0
320.435,use_adaptive_ngroute,0.04061885077299854,0,false,64.01299999999999,false,false,11.972222222222223,false,1.883644e6,1.8071325454545459e6,false,4
199.61,use_adaptive_ngroute,0.04045423787357927,0,false,66.50133333333333,false,false,12.61111111111111,false,1.883644e6,1.8074426175548597e6,false,1
228.102,use_adaptive_ngroute,0.04042141515193354,0,false,75.98433333333332,false,false,12.694444444444443,false,1.883644e6,1.8075044438775512e6,false,1
160.022,use_lmSR3_cuts,0.04022798913947623,5,false,79.97850000000001,false,false,12.722222222222221,false,1.883644e6,1.8078687896253604e6,false,0
435.28,use_lmSR3_cuts,0.03615349078869867,5,false,108.72299999999998,false,false,12.722222222222221,false,1.883644e6,1.8155436939968124e6,false,0
719.148,use_adaptive_ngroute,0.03315187641303563,0,false,119.79700000000001,false,false,12.722222222222221,false,1.883644e6,1.821197666905844e6,false,1
337.922,use_adaptive_ngroute,0.033075238688857755,0,false,168.9105,false,false,12.777777777777779,false,1.883644e6,1.8213420250951652e6,false,1
457.625,use_adaptive_ngroute,0.03306336368995233,0,false,228.7605,false,false,12.833333333333334,false,1.883644e6,1.8213643933656034e6,false,3
4.759,none,0.03304922443282454,0,false,NaN,false,false,13.0,true,1.883644e6,1.8213910266924566e6,false,0
