CG_time_taken,method,CG_LP_IP_gap,implemented_SR3_cuts_count,errored,CG_sp_time_taken_mean,converged,CGIP_artificial,ngroute_neighborhood_size,time_limit_reached,CGIP_objective,CGLP_objective,CGLP_artificial,cycles_lookup_length
73.349,use_adaptive_ngroute,0.36470537911668877,0,false,1.8467142857142858,false,false,7.000000000000001,false,2.557958e6,1.6250569578454331e6,false,33
312.838,use_adaptive_ngroute,0.03333517983542866,0,false,13.79440909090909,false,false,10.175,false,1.784584e6,1.7250945714285714e6,false,14
362.211,use_adaptive_ngroute,0.028906106116978858,0,false,36.0756,false,false,11.8,false,1.779246e6,1.7278149263157898e6,false,5
285.571,use_lmSR3_cuts,0.02832483936614527,5,false,47.44949999999999,false,false,11.95,false,1.779246e6,1.7288491428571434e6,false,0
594.489,use_adaptive_ngroute,0.01972492157064132,0,false,59.225399999999986,false,false,11.95,false,1.779246e6,1.7441505121951227e6,false,2
151.177,use_lmSR3_cuts,0.019713819951888367,5,false,75.505,false,false,12.149999999999999,false,1.779246e6,1.7441702647058824e6,false,0
419.813,use_adaptive_ngroute,0.016546635100019524,0,false,83.7776,false,false,12.149999999999999,false,1.779246e6,1.7498054656848307e6,false,9
573.251,use_lmSR3_cuts,0.016522118382437334,5,false,143.22299999999998,false,false,13.825,false,1.779246e6,1.749849086956522e6,false,0
554.647,use_adaptive_ngroute,0.007633356698468985,0,false,184.663,false,false,13.825,false,1.76776e6,1.7542660573627145e6,false,8
238.384,none,0.0069076702865810136,0,false,NaN,false,false,14.950000000000001,true,1.76776e6,1.7555488967741935e6,false,0
