CG_time_taken,method,CG_LP_IP_gap,implemented_SR3_cuts_count,errored,CG_sp_time_taken_mean,converged,CGIP_artificial,ngroute_neighborhood_size,time_limit_reached,CGIP_objective,CGLP_objective,CGLP_artificial,cycles_lookup_length
111.165,use_adaptive_ngroute,0.4070202156417131,0,false,2.3531538461538464,false,false,7.000000000000001,false,2.37659e6,1.409269825708061e6,false,40
1241.786,use_adaptive_ngroute,0.052581329979154656,0,false,42.20441379310344,false,false,11.375,false,1.69341e6,1.6043682499999998e6,false,8
1062.643,use_adaptive_ngroute,0.047359777510073364,0,false,81.25615384615385,false,false,11.9,false,1.69341e6,1.6132104791666667e6,false,10
889.186,use_adaptive_ngroute,0.04639670761873871,0,false,110.771375,false,false,12.85,false,1.69341e6,1.6148413513513517e6,false,5
286.6,none,0.04637261274815074,0,false,123.389,false,false,13.0,true,1.69341e6,1.614882153846154e6,false,0
