CG_time_taken,method,CG_LP_IP_gap,implemented_SR3_cuts_count,errored,CG_sp_time_taken_mean,converged,CGIP_artificial,ngroute_neighborhood_size,time_limit_reached,CGIP_objective,CGLP_objective,CGLP_artificial,cycles_lookup_length
89.111,use_adaptive_ngroute,0.3825473027923254,0,false,2.104173913043478,false,false,7.000000000000001,false,2.626043e6,1.6214573333333335e6,false,40
398.667,use_adaptive_ngroute,0.04024977794006657,0,false,20.444473684210525,false,false,11.475,false,1.82611e6,1.7526094780058651e6,false,21
326.313,use_adaptive_ngroute,0.03459891129803094,0,false,29.435181818181814,false,false,12.975,false,1.82611e6,1.7629285820895527e6,false,5
164.458,use_adaptive_ngroute,0.03394444147596176,0,false,54.623999999999995,false,false,14.05,false,1.82611e6,1.7641237159763314e6,false,2
153.031,use_lmSR3_cuts,0.03384821415313888,5,false,50.93066666666667,false,false,14.175,false,1.82611e6,1.7642994376528116e6,false,0
1004.932,use_adaptive_ngroute,0.028435704386883254,0,false,111.07222222222221,false,false,14.175,false,1.82611e6,1.7741832758620686e6,false,4
588.159,use_lmSR3_cuts,0.028292738210684454,5,false,117.52220000000001,false,false,14.325,false,1.82611e6,1.774444347826087e6,false,0
850.725,none,0.024631376134366056,0,false,192.86775000000003,false,false,14.325,true,1.82611e6,1.7811303977272727e6,false,0
