CG_time_taken,method,CG_LP_IP_gap,implemented_SR3_cuts_count,errored,CG_sp_time_taken_mean,converged,CGIP_artificial,ngroute_neighborhood_size,time_limit_reached,CGIP_objective,CGLP_objective,CGLP_artificial,cycles_lookup_length
103.617,use_adaptive_ngroute,0.37226965706495874,0,false,2.010392857142857,false,false,7.000000000000001,false,2.45624e6,1.5418563775307657e6,false,40
1038.334,use_adaptive_ngroute,0.08184572056288808,0,false,44.674826086956514,false,false,12.549999999999999,false,1.86057e6,1.7082903076923073e6,false,8
514.284,use_lmSR3_cuts,0.0814924612196416,5,false,51.31329999999999,false,false,13.5,false,1.86057e6,1.7089475714285714e6,false,0
870.764,use_lmSR3_cuts,0.07862413231609333,5,false,124.03928571428571,false,false,13.5,false,1.86057e6,1.7142842981366462e6,false,0
1003.965,none,0.04229288277581755,0,false,168.07940000000002,false,false,13.5,true,1.796302e6,1.7203312100840334e6,false,0
