CG_time_taken,method,CG_LP_IP_gap,implemented_SR3_cuts_count,errored,CG_sp_time_taken_mean,converged,CGIP_artificial,ngroute_neighborhood_size,time_limit_reached,CGIP_objective,CGLP_objective,CGLP_artificial,cycles_lookup_length
89.865,use_adaptive_ngroute,0.33636524133962964,0,false,1.5725000000000002,false,false,7.000000000000001,false,2.267343e6,1.50468762460528e6,false,31
356.877,use_adaptive_ngroute,0.14995725013218786,0,false,16.662619047619046,false,false,9.575,false,1.919824e6,1.6319324722222225e6,false,10
358.738,use_lmSR3_cuts,0.14857629310464582,5,false,39.68344444444445,false,false,11.075000000000001,false,1.919824e6,1.6345836666666665e6,false,0
242.491,use_lmSR3_cuts,0.14699385638127938,5,false,48.3286,false,false,11.075000000000001,false,1.919824e6,1.6376216666666667e6,false,0
415.972,use_adaptive_ngroute,0.13868507142916675,0,false,51.80625,false,false,11.075000000000001,false,1.919824e6,1.6535730714285714e6,false,7
248.784,use_adaptive_ngroute,0.13755156025285598,0,false,62.079,false,false,11.4,false,1.919824e6,1.655749213389121e6,false,5
189.923,use_lmSR3_cuts,0.13753805837650512,5,false,63.227333333333334,false,false,11.575,false,1.919824e6,1.6557751346153845e6,false,0
418.617,use_adaptive_ngroute,0.0424663926308273,0,false,69.07116666666667,false,false,11.575,false,1.742428e6,1.6684333684210528e6,false,5
296.536,use_adaptive_ngroute,0.042214835167255216,0,false,59.187000000000005,false,false,11.925,false,1.742428e6,1.6688716891891898e6,false,8
135.232,use_lmSR3_cuts,0.04221448273404216,5,false,67.5385,false,false,12.325,false,1.742428e6,1.6688723032786883e6,false,0
755.715,use_adaptive_ngroute,0.020073555713146396,0,false,75.23,false,false,12.325,false,1.710508e6,1.6761720223642173e6,false,8
34.153,none,0.019959929264796394,0,false,NaN,false,false,12.75,true,1.710508e6,1.6763663813131317e6,false,0
