CG_time_taken,method,CG_LP_IP_gap,implemented_SR3_cuts_count,errored,CG_sp_time_taken_mean,converged,CGIP_artificial,ngroute_neighborhood_size,time_limit_reached,CGIP_objective,CGLP_objective,CGLP_artificial,cycles_lookup_length
65.586,use_adaptive_ngroute,0.2524490736712207,0,false,1.1986,false,false,7.000000000000001,false,2.26035e6,1.6897267363272563e6,false,40
306.879,use_adaptive_ngroute,0.07291147480621185,0,false,16.454833333333333,false,false,12.125,false,1.887416e6,1.749801715867159e6,false,2
149.074,use_adaptive_ngroute,0.07268338596700907,0,false,20.85442857142857,false,false,12.4,false,1.887416e6,1.7502322143916916e6,false,9
136.641,use_adaptive_ngroute,0.07264301611785151,0,false,27.111,false,false,13.7,false,1.887416e6,1.7503084090909092e6,false,6
95.287,use_lmSR3_cuts,0.07264120562656329,5,false,23.75475,false,false,13.85,false,1.887416e6,1.7503118262411344e6,false,0
460.13,use_adaptive_ngroute,0.0638975675008242,0,false,56.955875000000006,false,false,13.85,false,1.887416e6,1.7668147087378644e6,false,1
361.774,use_lmSR3_cuts,0.06380601838704303,5,false,60.1585,false,false,14.000000000000002,false,1.887416e6,1.7669875000000007e6,false,0
622.654,use_adaptive_ngroute,0.05651889296982038,0,false,77.482375,false,false,14.000000000000002,false,1.887416e6,1.7807413371064735e6,false,4
251.626,use_adaptive_ngroute,0.05608551820048624,0,false,83.62333333333332,false,false,14.125,false,1.887416e6,1.781559295580111e6,false,1
234.134,use_adaptive_ngroute,0.056077313797406325,0,false,77.89733333333334,false,false,14.175,false,1.887416e6,1.7815747807017546e6,false,1
139.701,use_lmSR3_cuts,0.056050250557313164,5,false,69.753,false,false,14.200000000000001,false,1.887416e6,1.7816258602941183e6,false,0
687.415,none,0.052769235770431244,0,false,65.82379999999999,false,false,14.200000000000001,true,1.884862e6,1.7853992727272734e6,false,0
