CG_time_taken,method,CG_LP_IP_gap,implemented_SR3_cuts_count,errored,CG_sp_time_taken_mean,converged,CGIP_artificial,ngroute_neighborhood_size,time_limit_reached,CGIP_objective,CGLP_objective,CGLP_artificial,cycles_lookup_length
70.78,use_adaptive_ngroute,0.3094953460052805,0,false,1.6790800000000001,false,false,7.000000000000001,false,2.38473e6,1.6466671635208274e6,false,40
1684.14,use_adaptive_ngroute,0.10355895589669728,0,false,79.81157142857141,false,false,11.625,false,1.93936e6,1.7385219032921812e6,false,11
927.489,use_adaptive_ngroute,0.10189691203367979,0,false,154.44233333333332,false,false,12.475,false,1.93936e6,1.7417452046783627e6,false,9
570.221,use_adaptive_ngroute,0.1015928221452208,0,false,189.98266666666666,false,false,12.95,false,1.93936e6,1.7423349444444445e6,false,3
336.725,none,0.10159229297501715,0,false,192.189,false,false,13.075,true,1.93936e6,1.7423359706959708e6,false,0
