CG_time_taken,method,CG_LP_IP_gap,implemented_SR3_cuts_count,errored,CG_sp_time_taken_mean,converged,CGIP_artificial,ngroute_neighborhood_size,time_limit_reached,CGIP_objective,CGLP_objective,CGLP_artificial,cycles_lookup_length
2.902,use_adaptive_ngroute,0.1717422168291428,0,false,0.16692307692307687,false,false,5.0,false,1.451636e6,1.2023288153310104e6,false,16
2.064,use_adaptive_ngroute,0.009203642704902149,0,false,0.27985714285714286,false,false,6.25,false,1.300572e6,1.288602e6,false,3
1.766,use_adaptive_ngroute,0.008958558234376857,0,false,0.2813333333333333,false,false,6.4,false,1.300572e6,1.28892075e6,false,4
0.883,use_lmSR3_cuts,0.003782181993768896,5,false,0.2853333333333333,false,false,7.1,false,1.300572e6,1.295653e6,false,0
3.184,none,0.0,0,false,0.37842857142857145,true,false,7.1,false,1.300572e6,1.300572e6,false,0
