CG_time_taken,method,CG_LP_IP_gap,implemented_SR3_cuts_count,errored,CG_sp_time_taken_mean,converged,CGIP_artificial,ngroute_neighborhood_size,time_limit_reached,CGIP_objective,CGLP_objective,CGLP_artificial,cycles_lookup_length
67.242,use_adaptive_ngroute,0.3714481616210954,0,false,1.5158095238095237,false,false,7.000000000000001,false,2.539853e6,1.5964292723621759e6,false,38
430.505,use_adaptive_ngroute,0.14352699839750283,0,false,22.044473684210526,false,false,11.5,false,2.062566e6,1.7665320930232562e6,false,15
497.985,use_adaptive_ngroute,0.138667351704171,0,false,49.6019,false,false,12.45,false,2.062566e6,1.776555435064935e6,false,15
491.277,use_lmSR3_cuts,0.13783277722991627,5,false,70.03971428571428,false,false,13.85,false,2.062566e6,1.7782768000000005e6,false,0
1056.479,use_adaptive_ngroute,0.05605795018868709,0,false,105.45739999999999,false,false,13.85,false,1.887375e6,1.7815726262626266e6,false,5
628.231,use_lmSR3_cuts,0.05596534569951539,5,false,125.391,false,false,14.000000000000002,false,1.887375e6,1.7817474056603771e6,false,0
360.122,none,0.05525390347205694,0,false,159.111,false,false,14.000000000000002,true,1.887375e6,1.7830901639344266e6,false,0
