CG_time_taken,method,CG_LP_IP_gap,implemented_SR3_cuts_count,errored,CG_sp_time_taken_mean,converged,CGIP_artificial,ngroute_neighborhood_size,time_limit_reached,CGIP_objective,CGLP_objective,CGLP_artificial,cycles_lookup_length
89.415,use_adaptive_ngroute,0.19272440904772958,0,false,1.6333199999999997,false,false,7.000000000000001,false,2.05041e6,1.6552459444444447e6,false,40
687.139,use_adaptive_ngroute,0.13537439104266014,0,false,39.819647058823534,false,false,10.125,false,1.980168e6,1.7121039628378379e6,false,5
605.981,use_adaptive_ngroute,0.13349289830207633,0,false,100.83833333333334,false,false,10.975000000000001,false,1.980168e6,1.715829634554974e6,false,15
668.879,use_adaptive_ngroute,0.13200955436008222,0,false,167.0685,false,false,12.200000000000001,false,1.980168e6,1.7187669047619046e6,false,1
332.711,use_adaptive_ngroute,0.13198839830898335,0,false,110.80933333333333,false,false,12.325,false,1.980168e6,1.718808797297297e6,false,2
561.84,use_lmSR3_cuts,0.13198075811865617,5,false,187.03966666666665,false,false,12.375,false,1.980168e6,1.7188239261576969e6,false,0
593.776,none,0.10465610064360775,0,false,255.869,false,false,12.375,true,1.935972e6,1.7333607195247933e6,false,0
