CG_time_taken,method,CG_LP_IP_gap,implemented_SR3_cuts_count,errored,CG_sp_time_taken_mean,converged,CGIP_artificial,ngroute_neighborhood_size,time_limit_reached,CGIP_objective,CGLP_objective,CGLP_artificial,cycles_lookup_length
73.352,use_adaptive_ngroute,0.3350706289815867,0,false,1.5138846153846153,false,false,7.000000000000001,false,2.32788e6,1.547875784206344e6,false,33
489.422,use_adaptive_ngroute,0.02700241805096193,0,false,20.5694347826087,false,false,10.0,false,1.72609e6,1.6794813962264152e6,false,16
286.194,use_adaptive_ngroute,0.02586342645511608,0,false,57.0144,false,false,11.85,false,1.72609e6,1.6814473982300886e6,false,2
97.872,use_adaptive_ngroute,0.025853280004461632,0,false,48.85699999999999,false,false,11.9,false,1.72609e6,1.6814649119170988e6,false,1
94.541,use_adaptive_ngroute,0.025853280004461743,0,false,47.206500000000005,false,false,11.925,false,1.72609e6,1.6814649119170986e6,false,1
188.047,use_lmSR3_cuts,0.025853280004462076,5,false,62.57800000000001,false,false,11.95,false,1.72609e6,1.681464911917098e6,false,0
674.625,use_adaptive_ngroute,0.02207263059213349,0,false,74.77833333333334,false,false,11.95,false,1.72609e6,1.6879906530612244e6,false,12
669.853,use_adaptive_ngroute,0.021962886750933497,0,false,223.16566666666665,false,false,12.625,false,1.72609e6,1.6881800808080812e6,false,1
762.294,use_adaptive_ngroute,0.021951162090359966,0,false,254.05033333333333,false,false,12.7,false,1.72609e6,1.6882003186274506e6,false,2
239.001,none,0.021942587468331776,0,false,NaN,false,false,12.775,true,1.72609e6,1.6882151191967872e6,false,0
