CG_time_taken,method,CG_LP_IP_gap,implemented_SR3_cuts_count,errored,CG_sp_time_taken_mean,converged,CGIP_artificial,ngroute_neighborhood_size,time_limit_reached,CGIP_objective,CGLP_objective,CGLP_artificial,cycles_lookup_length
81.899,use_adaptive_ngroute,0.37838694969865694,0,false,1.5377391304347825,false,false,7.000000000000001,false,2.444227e6,1.519363401098901e6,false,40
321.63,use_adaptive_ngroute,0.09645109598904278,0,false,15.51055,false,false,10.924999999999999,false,1.84719e6,1.6690265e6,false,7
238.421,use_lmSR3_cuts,0.09415926495464944,5,false,33.928,false,false,11.55,false,1.84719e6,1.6732599473684211e6,false,0
534.437,use_lmSR3_cuts,0.0859965033117227,5,false,40.77592307692308,false,false,11.55,false,1.84719e6,1.688338119047619e6,false,0
607.61,use_adaptive_ngroute,0.0016944809272810835,0,false,54.91463636363637,false,false,11.55,false,1.718118e6,1.7152066818181816e6,false,1
416.08,use_lmSR3_cuts,0.0016667246543194958,5,false,69.122,false,false,11.575,false,1.718118e6,1.7152543703703699e6,false,0
576.56,none,0.0,0,false,95.72833333333332,true,false,11.575,false,1.718118e6,1.718118e6,false,0
