CG_time_taken,method,CG_LP_IP_gap,implemented_SR3_cuts_count,errored,CG_sp_time_taken_mean,converged,CGIP_artificial,ngroute_neighborhood_size,time_limit_reached,CGIP_objective,CGLP_objective,CGLP_artificial,cycles_lookup_length
101.428,use_adaptive_ngroute,0.38404142418107234,0,false,2.1103214285714285,false,false,7.000000000000001,false,2.649478e6,1.631968695543581e6,false,38
624.209,use_adaptive_ngroute,0.1611716898491531,0,false,29.30219047619048,false,false,10.325,false,2.07024e6,1.7365759208066894e6,false,20
538.046,use_adaptive_ngroute,0.11642417228814006,0,false,59.57855555555555,false,false,12.175,false,1.9743e6,1.7444437566515252e6,false,1
359.149,use_lmSR3_cuts,0.11641374400466953,5,false,71.7136,false,false,12.35,false,1.9743e6,1.7444643452115809e6,false,0
1400.908,use_adaptive_ngroute,0.07446185997121557,0,false,127.0390909090909,false,false,12.35,false,1.91412e6,1.771591064591897e6,false,3
504.814,use_lmSR3_cuts,0.0743798035469132,5,false,168.16066666666666,false,false,12.775,false,1.91412e6,1.7717481304347825e6,false,0
30.63,none,0.061988904343002305,0,false,NaN,false,false,12.775,true,1.91412e6,1.7954657984189724e6,false,0
