CG_time_taken,method,CG_LP_IP_gap,implemented_SR3_cuts_count,errored,CG_sp_time_taken_mean,converged,CGIP_artificial,ngroute_neighborhood_size,time_limit_reached,CGIP_objective,CGLP_objective,CGLP_artificial,cycles_lookup_length
62.406,use_adaptive_ngroute,0.2623442721171575,0,false,1.240791666666667,false,false,7.000000000000001,false,2.235522e6,1.649045608108108e6,false,40
115.004,use_adaptive_ngroute,0.12976063375942537,0,false,7.941571428571428,false,false,10.0,false,1.98167e6,1.7245272448979595e6,false,4
84.004,use_lmSR3_cuts,0.1297330114891162,5,false,11.798857142857143,false,false,10.625,false,1.98167e6,1.724581983122363e6,false,0
150.66,use_adaptive_ngroute,0.10739706439478969,0,false,21.247142857142855,false,false,10.625,false,1.947798e6,1.7386102127659575e6,false,10
326.067,use_adaptive_ngroute,0.10639090911891247,0,false,54.165166666666664,false,false,11.35,false,1.947798e6,1.7405700000000005e6,false,1
164.094,use_lmSR3_cuts,0.10619727062318651,5,false,54.63166666666667,false,false,11.425,false,1.947798e6,1.7409471686746986e6,false,0
185.428,use_adaptive_ngroute,0.1049444687634482,0,false,61.70066666666667,false,false,11.425,false,1.947798e6,1.7433873736314932e6,false,14
517.625,use_adaptive_ngroute,0.10405713200956324,0,false,103.36580000000001,false,false,12.175,false,1.947798e6,1.7451157263860367e6,false,9
627.613,use_adaptive_ngroute,0.1039244730802239,0,false,156.81325,false,false,12.7,false,1.947798e6,1.745374119183286e6,false,6
343.131,use_lmSR3_cuts,0.10389582873202818,5,false,171.5025,false,false,13.150000000000002,false,1.947798e6,1.7454299125874129e6,false,0
960.57,none,0.08302729258978214,0,false,176.77599999999998,false,false,13.150000000000002,true,1.915267e6,1.7562475664034458e6,false,0
