CG_time_taken,method,CG_LP_IP_gap,implemented_SR3_cuts_count,errored,CG_sp_time_taken_mean,converged,CGIP_artificial,ngroute_neighborhood_size,time_limit_reached,CGIP_objective,CGLP_objective,CGLP_artificial,cycles_lookup_length
72.162,use_adaptive_ngroute,0.31416211046878084,0,false,1.1514230769230769,false,false,7.000000000000001,false,2.162439e6,1.4830826e6,false,35
199.489,use_adaptive_ngroute,0.08055771421740188,0,false,13.523500000000002,false,false,10.475,false,1.757108e6,1.6155593958868894e6,false,17
604.572,use_adaptive_ngroute,0.05245671713203337,0,false,66.87066666666668,false,false,11.775,false,1.728016e6,1.6373699534883723e6,false,3
500.599,use_lmSR3_cuts,0.0522925810100523,5,false,100.0224,false,false,11.85,false,1.728016e6,1.6376535833333335e6,false,0
659.403,use_adaptive_ngroute,0.046985097360209616,0,false,109.68033333333335,false,false,11.85,false,1.728016e6,1.646825e6,false,2
532.627,use_adaptive_ngroute,0.04576729902963861,0,false,133.02375,false,false,11.9,false,1.728016e6,1.648929375e6,false,9
797.757,use_adaptive_ngroute,0.04550362959602228,0,false,199.28024999999997,false,false,12.775,false,1.728016e6,1.649385e6,false,2
208.903,none,0.045450389348246745,0,false,171.27200000000002,false,false,12.825,true,1.728016e6,1.649477e6,false,0
