CG_time_taken,method,CG_LP_IP_gap,implemented_SR3_cuts_count,errored,CG_sp_time_taken_mean,converged,CGIP_artificial,ngroute_neighborhood_size,time_limit_reached,CGIP_objective,CGLP_objective,CGLP_artificial,cycles_lookup_length
57.748,use_adaptive_ngroute,0.12775338433570926,0,false,0.9255000000000001,false,false,7.000000000000001,false,1.760833e6,1.535880625e6,false,38
146.956,use_lmSR3_cuts,0.026751681701713825,2,false,10.007142857142858,false,false,10.3,false,1.60403e6,1.5611195e6,false,0
220.523,use_lmSR3_cuts,0.0202839488662927,5,false,18.12966666666667,false,false,10.3,false,1.60403e6,1.5714939375000005e6,false,0
221.131,use_lmSR3_cuts,0.01889023272632062,2,false,18.115083333333335,false,false,10.3,false,1.60403e6,1.5737295e6,false,0
170.318,use_lmSR3_cuts,0.015718533942632007,1,false,23.81285714285714,false,false,10.3,false,1.60403e6,1.578817e6,false,0
204.118,use_adaptive_ngroute,0.011949901186386835,0,false,22.472,false,false,10.3,false,1.60403e6,1.584862e6,false,4
447.046,use_lmSR3_cuts,0.011949901186386835,1,false,74.17583333333334,false,false,10.5,false,1.60403e6,1.584862e6,false,0
542.117,use_adaptive_ngroute,0.011533200750609485,0,false,90.095,false,false,10.5,false,1.60403e6,1.5855304e6,false,4
670.787,use_lmSR3_cuts,0.011533200750609596,5,false,95.69628571428571,false,false,10.875,false,1.60403e6,1.5855303999999997e6,false,0
862.52,use_lmSR3_cuts,0.010737330349183005,4,false,215.21824999999998,false,false,10.875,false,1.60403e6,1.586807e6,false,0
33.92,none,0.0018411761152458128,0,false,NaN,false,false,10.875,true,1.60403e6,1.6010766982758623e6,false,0
