CG_time_taken,method,CG_LP_IP_gap,implemented_SR3_cuts_count,errored,CG_sp_time_taken_mean,converged,CGIP_artificial,ngroute_neighborhood_size,time_limit_reached,CGIP_objective,CGLP_objective,CGLP_artificial,cycles_lookup_length
74.03,use_adaptive_ngroute,0.30536243468817115,0,false,1.352103448275862,false,false,7.000000000000001,false,2.256634e6,1.5675427475598936e6,false,32
199.799,use_adaptive_ngroute,0.13609219282331975,0,false,13.823285714285715,false,false,9.450000000000001,false,1.920607e6,1.6592273818181823e6,false,23
212.424,use_adaptive_ngroute,0.1310103908213449,0,false,26.336125,false,false,11.1,false,1.920607e6,1.6689875263157892e6,false,5
139.073,use_adaptive_ngroute,0.13088997384680978,0,false,34.71175,false,false,12.149999999999999,false,1.920607e6,1.6692188000000003e6,false,4
61.202,use_lmSR3_cuts,0.13077241218865188,5,false,30.3045,false,false,12.25,false,1.920607e6,1.66944458974359e6,false,0
394.683,use_adaptive_ngroute,0.07785146385015596,0,false,56.03999999999999,false,false,12.25,false,1.816716e6,1.675282e6,false,2
257.539,use_adaptive_ngroute,0.07776441458607208,0,false,64.257,false,false,12.3,false,1.816716e6,1.6754401437908495e6,false,2
108.287,use_lmSR3_cuts,0.07775861147778029,5,false,54.086999999999996,false,false,12.475,false,1.816716e6,1.6754506863905329e6,false,0
439.703,use_lmSR3_cuts,0.07636448725992917,5,false,73.14099999999999,false,false,12.475,false,1.816716e6,1.6779834141630905e6,false,0
452.114,use_adaptive_ngroute,0.07515670378094041,0,false,90.3064,false,false,12.475,false,1.816716e6,1.6801776137339051e6,false,6
562.085,use_adaptive_ngroute,0.013239520023888063,0,false,93.53616666666666,false,false,12.725,false,1.70318e6,1.6806307142857143e6,false,6
127.77,use_lmSR3_cuts,0.013202949776301764,5,false,127.66,false,false,13.774999999999999,false,1.70318e6,1.6806929999999984e6,false,0
500.373,none,0.011598587647251413,0,false,155.71533333333335,false,false,13.774999999999999,true,1.70318e6,1.6834255174909544e6,false,0
