CG_time_taken,method,CG_LP_IP_gap,implemented_SR3_cuts_count,errored,CG_sp_time_taken_mean,converged,CGIP_artificial,ngroute_neighborhood_size,time_limit_reached,CGIP_objective,CGLP_objective,CGLP_artificial,cycles_lookup_length
2.86,use_adaptive_ngroute,0.16386560558117325,0,false,0.11760000000000001,false,false,5.0,false,1.36841e6,1.1441746666666667e6,false,16
2.364,use_adaptive_ngroute,0.06296593691204366,0,false,0.19436363636363635,false,false,5.8,false,1.27029e6,1.190305e6,false,7
1.1,use_adaptive_ngroute,0.05033946129286582,0,false,0.26599999999999996,false,false,6.45,false,1.27029e6,1.2063442857142854e6,false,3
1.276,use_lmSR3_cuts,0.050339461292865484,5,false,0.31275000000000003,false,false,7.550000000000001,false,1.27029e6,1.206344285714286e6,false,0
0.998,use_adaptive_ngroute,0.043764809610403965,0,false,0.5900000000000001,false,false,7.550000000000001,false,1.27029e6,1.214696e6,false,4
1.633,use_adaptive_ngroute,0.043357928392054546,0,false,0.5056666666666667,false,false,8.25,false,1.27029e6,1.215212857142857e6,false,4
1.675,use_adaptive_ngroute,0.04332475261554447,0,false,0.5503333333333332,false,false,8.7,false,1.27029e6,1.215255e6,false,2
0.552,use_adaptive_ngroute,0.04319171212872652,0,false,0.544,false,false,8.8,false,1.27029e6,1.215424e6,false,1
1.268,use_lmSR3_cuts,0.04240824475574023,5,false,0.628,false,false,8.85,false,1.27029e6,1.2164192307692308e6,false,0
3.067,use_adaptive_ngroute,0.040385603737279396,0,false,0.6925000000000001,false,false,8.85,false,1.27029e6,1.2189885714285714e6,false,2
2.874,use_lmSR3_cuts,0.03988131319095123,5,false,0.7125000000000001,false,false,8.95,false,1.27029e6,1.2196291666666665e6,false,0
2.536,use_lmSR3_cuts,0.038206498778494136,5,false,0.8103333333333335,false,false,8.95,false,1.27029e6,1.2217566666666667e6,false,0
4.728,use_adaptive_ngroute,0.037471758417369494,0,false,1.1105,false,false,8.95,false,1.27029e6,1.2226899999999998e6,false,2
4.082,use_lmSR3_cuts,0.03733046567427867,5,false,1.3499999999999999,false,false,9.350000000000001,false,1.27029e6,1.2228694827586205e6,false,0
5.343,use_adaptive_ngroute,0.03649560336616031,0,false,1.6756666666666666,false,false,9.350000000000001,false,1.27029e6,1.2239300000000002e6,false,2
5.383,use_adaptive_ngroute,0.03598841574575973,0,false,1.785666666666667,false,false,9.75,false,1.27029e6,1.2245742753623188e6,false,2
1.68,use_adaptive_ngroute,0.03595423697919986,0,false,1.67,false,false,9.85,false,1.27029e6,1.2246176923076923e6,false,1
5.739,use_lmSR3_cuts,0.035947575871529636,5,false,1.9009999999999998,false,false,9.950000000000001,false,1.27029e6,1.2246261538461547e6,false,0
14.525,use_lmSR3_cuts,0.033230414439139544,5,false,2.378,false,false,9.950000000000001,false,1.27029e6,1.2280777368421054e6,false,0
2.649,use_adaptive_ngroute,0.03290631643631159,0,false,2.4819999999999998,false,false,9.950000000000001,false,1.27029e6,1.2284894352941178e6,false,2
2.838,use_lmSR3_cuts,0.0328008422650764,5,false,2.8249999999999997,false,false,10.45,false,1.27029e6,1.2286234180790961e6,false,0
12.798,use_lmSR3_cuts,0.03248089019042888,5,false,3.18775,false,false,10.45,false,1.27029e6,1.22902985e6,false,0
6.822,use_lmSR3_cuts,0.03218178217448908,5,false,3.3564999999999996,false,false,10.45,false,1.27029e6,1.2294098039215682e6,false,0
15.561,use_adaptive_ngroute,0.03186766888061976,0,false,3.8765,false,false,10.45,false,1.27029e6,1.2298088188976375e6,false,5
18.455,none,0.031862802981996285,0,false,6.138000000000001,false,false,11.0,false,1.27029e6,1.229815e6,false,0
