CG_time_taken,method,CG_LP_IP_gap,implemented_SR3_cuts_count,errored,CG_sp_time_taken_mean,converged,CGIP_artificial,ngroute_neighborhood_size,time_limit_reached,CGIP_objective,CGLP_objective,CGLP_artificial,cycles_lookup_length
56.574,use_adaptive_ngroute,0.2659873876516924,0,false,0.8392000000000001,false,false,7.000000000000001,false,2.2378e6,1.6425734239130428e6,false,36
173.315,use_adaptive_ngroute,0.19091882298260243,0,false,8.295449999999999,false,false,10.95,false,2.107192e6,1.704889383561644e6,false,26
247.431,use_adaptive_ngroute,0.18991941250093336,0,false,24.536699999999996,false,false,13.049999999999999,false,2.107192e6,1.7069953333333333e6,false,7
190.593,use_adaptive_ngroute,0.18857967457766223,0,false,31.672000000000004,false,false,13.525,false,2.107192e6,1.7098184183673467e6,false,1
262.515,use_lmSR3_cuts,0.17624803954819024,5,false,65.512,false,false,13.55,false,2.075752e6,1.709904779411765e6,false,0
262.182,use_lmSR3_cuts,0.17473994966643436,5,false,65.38049999999998,false,false,13.55,false,2.075752e6,1.7130351999999995e6,false,0
581.164,use_adaptive_ngroute,0.15258656377562574,0,false,96.58800000000001,false,false,13.55,false,2.023296e6,1.7145682158590315e6,false,12
1054.972,use_lmSR3_cuts,0.15256341973519982,5,false,210.2068,false,false,14.15,false,2.023296e6,1.714615043103449e6,false,0
650.03,none,0.15053064841898045,0,false,320.7985,false,false,14.15,true,2.023296e6,1.7187279411764706e6,false,0
