CG_time_taken,method,CG_LP_IP_gap,implemented_SR3_cuts_count,errored,CG_sp_time_taken_mean,converged,CGIP_artificial,ngroute_neighborhood_size,time_limit_reached,CGIP_objective,CGLP_objective,CGLP_artificial,cycles_lookup_length
36.216,use_adaptive_ngroute,0.3279333065208768,0,false,1.092611111111111,false,false,7.000000000000001,false,2.577169e6,1.7320294483668983e6,false,32
105.204,use_adaptive_ngroute,0.17092523584266317,0,false,7.30957142857143,false,false,9.25,false,2.248444e6,1.864128179020979e6,false,13
50.861,use_adaptive_ngroute,0.16587991927744583,0,false,10.102400000000001,false,false,10.65,false,2.248444e6,1.8754722907801426e6,false,6
49.034,use_adaptive_ngroute,0.16426386274496652,0,false,9.758199999999999,false,false,11.125,false,2.248444e6,1.8791059033942565e6,false,8
66.96,use_lmSR3_cuts,0.1634301321269287,5,false,16.696499999999997,false,false,11.975,false,2.248444e6,1.8809805e6,false,0
199.519,use_adaptive_ngroute,0.017191682241259665,0,false,33.03366666666666,false,false,11.975,false,1.93016e6,1.8969773026052103e6,false,4
144.715,use_lmSR3_cuts,0.01604397250086187,5,false,36.141,false,false,12.4,false,1.93016e6,1.8991925660377364e6,false,0
307.584,use_adaptive_ngroute,0.012201476959509017,0,false,51.1725,false,false,12.4,false,1.93016e6,1.906609197231834e6,false,4
229.486,use_adaptive_ngroute,0.011919165487713879,0,false,57.3195,false,false,12.549999999999999,false,1.93016e6,1.9071541035422343e6,false,4
136.859,use_adaptive_ngroute,0.011812961503230746,0,false,68.40100000000001,false,false,12.85,false,1.93016e6,1.9073590942249242e6,false,1
120.868,use_lmSR3_cuts,0.011812692780274525,5,false,60.403999999999996,false,false,12.899999999999999,false,1.93016e6,1.9073596129032252e6,false,0
412.063,use_adaptive_ngroute,0.009250962355452641,0,false,82.3212,false,false,12.899999999999999,false,1.93016e6,1.9123041624999996e6,false,3
364.256,use_lmSR3_cuts,0.00909274755829459,5,false,91.0105,false,false,13.124999999999998,false,1.93016e6,1.9126095423728821e6,false,0
395.986,use_lmSR3_cuts,0.008299772500149571,5,false,131.89833333333334,false,false,13.124999999999998,false,1.93016e6,1.9141401111111112e6,false,0
395.694,use_adaptive_ngroute,0.0035658953426439544,0,false,131.77166666666668,false,false,13.124999999999998,false,1.92419e6,1.917328539840638e6,false,3
299.005,use_adaptive_ngroute,0.003559942945134398,0,false,149.452,false,false,13.425,false,1.92419e6,1.9173399933844018e6,false,1
216.924,none,0.003559942945134842,0,false,159.74200000000002,false,false,13.450000000000001,true,1.92419e6,1.917339993384401e6,false,0
