CG_time_taken,method,CG_LP_IP_gap,implemented_SR3_cuts_count,errored,CG_sp_time_taken_mean,converged,CGIP_artificial,ngroute_neighborhood_size,time_limit_reached,CGIP_objective,CGLP_objective,CGLP_artificial,cycles_lookup_length
66.642,use_adaptive_ngroute,0.3382672551886108,0,false,1.282125,false,false,7.000000000000001,false,2.15927e6,1.4288596638888884e6,false,34
145.744,use_adaptive_ngroute,0.1505350098967032,0,false,6.894299999999999,false,false,9.05,false,1.898743e6,1.612915703703704e6,false,11
61.742,use_adaptive_ngroute,0.1464839118231791,0,false,12.156400000000001,false,false,9.825000000000001,false,1.898743e6,1.6206076978131214e6,false,11
180.57,use_adaptive_ngroute,0.13506771543993146,0,false,22.361000000000004,false,false,10.825,false,1.87532e6,1.6220248118811878e6,false,1
134.626,use_lmSR3_cuts,0.1350338992742416,5,false,22.372833333333332,false,false,10.875,false,1.87532e6,1.6220882280130293e6,false,0
275.511,use_adaptive_ngroute,0.11511896053618798,0,false,24.749181818181814,false,false,10.875,false,1.84438e6,1.6320568915662656e6,false,10
264.958,use_lmSR3_cuts,0.09887829675452231,5,false,52.845,false,false,11.55,false,1.81577e6,1.636229755102041e6,false,0
559.482,use_adaptive_ngroute,0.009068075610659254,0,false,69.733375,false,false,11.55,false,1.66555e6,1.6504466666666665e6,false,2
871.917,use_lmSR3_cuts,0.008433650545865312,5,false,87.0383,false,false,11.7,false,1.66555e6,1.651503333333334e6,false,0
816.944,use_adaptive_ngroute,0.006142821572806656,0,false,116.58542857142857,false,false,11.7,false,1.66555e6,1.6553188235294118e6,false,3
159.226,none,0.005924969729718899,0,false,109.748,false,false,11.95,true,1.66555e6,1.6556816666666667e6,false,0
