CG_time_taken,method,CG_LP_IP_gap,implemented_SR3_cuts_count,errored,CG_sp_time_taken_mean,converged,CGIP_artificial,ngroute_neighborhood_size,time_limit_reached,CGIP_objective,CGLP_objective,CGLP_artificial,cycles_lookup_length
33.16,use_adaptive_ngroute,0.2922421050778329,0,false,0.8232083333333334,false,false,7.000000000000001,false,2.544734e6,1.801055578976866e6,false,35
543.535,use_adaptive_ngroute,0.11659366273031058,0,false,38.6965,false,false,9.25,false,2.16994e6,1.9169387474949898e6,false,14
273.204,use_adaptive_ngroute,0.11420492091346113,0,false,45.434000000000005,false,false,10.275,false,2.16994e6,1.9221221739130442e6,false,4
369.334,use_lmSR3_cuts,0.11407982175592557,5,false,73.797,false,false,10.5,false,2.16994e6,1.922393631578947e6,false,0
532.728,use_adaptive_ngroute,0.11145579912222081,0,false,133.08024999999998,false,false,10.5,false,2.16994e6,1.9280876032527282e6,false,6
484.607,use_adaptive_ngroute,0.11106544363062365,0,false,121.1045,false,false,10.65,false,2.16994e6,1.9289346512481645e6,false,3
284.495,use_adaptive_ngroute,0.11103392515717281,0,false,142.205,false,false,10.9,false,2.16994e6,1.9290030444444444e6,false,4
259.412,use_lmSR3_cuts,0.11103000464338297,5,false,129.64700000000002,false,false,11.075000000000001,false,2.16994e6,1.9290115517241375e6,false,0
791.519,none,0.03602811081243751,0,false,158.1588,false,false,11.075000000000001,true,2.01028e6,1.9378534093959732e6,false,0
