CG_time_taken,method,CG_LP_IP_gap,implemented_SR3_cuts_count,errored,CG_sp_time_taken_mean,converged,CGIP_artificial,ngroute_neighborhood_size,time_limit_reached,CGIP_objective,CGLP_objective,CGLP_artificial,cycles_lookup_length
53.483,use_adaptive_ngroute,0.26683048587901737,0,false,1.6308695652173912,false,false,7.000000000000001,false,2.31039e6,1.6939075137299772e6,false,32
89.866,use_adaptive_ngroute,0.03710441080546123,0,false,4.547789473684211,false,false,9.275,false,1.85568e6,1.7868260869565217e6,false,8
41.974,use_adaptive_ngroute,0.03135387027935854,0,false,5.1362499999999995,false,false,9.95,false,1.85568e6,1.79749725e6,false,6
44.622,use_adaptive_ngroute,0.0313538702793581,0,false,8.8124,false,false,11.25,false,1.85568e6,1.7974972500000007e6,false,6
79.235,use_adaptive_ngroute,0.031248250983987313,0,false,15.7654,false,false,12.149999999999999,false,1.85568e6,1.7976932456140344e6,false,3
67.549,use_lmSR3_cuts,0.031239723569019273,5,false,16.823750000000004,false,false,12.65,false,1.85568e6,1.7977090697674423e6,false,0
157.498,use_adaptive_ngroute,0.024075681455520526,0,false,26.115166666666667,false,false,12.65,false,1.85568e6,1.8110032394366197e6,false,2
50.495,use_lmSR3_cuts,0.024062274757755464,5,false,25.196499999999997,false,false,12.85,false,1.85568e6,1.8110281179775284e6,false,0
248.079,use_adaptive_ngroute,0.01966006381017127,0,false,35.32214285714286,false,false,12.85,false,1.85568e6,1.8191972127887413e6,false,2
300.272,use_adaptive_ngroute,0.018780909228264808,0,false,37.476125,false,false,12.899999999999999,false,1.85568e6,1.8208286423632936e6,false,3
177.966,use_lmSR3_cuts,0.018757349806480028,5,false,35.537000000000006,false,false,13.3,false,1.85568e6,1.8208723611111112e6,false,0
208.314,use_lmSR3_cuts,0.015654787645776325,5,false,51.95925,false,false,13.3,false,1.85568e6,1.8266297236614858e6,false,0
684.176,use_lmSR3_cuts,0.013238119872892251,5,false,85.366625,false,false,13.3,false,1.85568e6,1.8311142857142712e6,false,0
449.772,use_adaptive_ngroute,0.012156640298792265,0,false,89.72420000000001,false,false,13.3,false,1.85568e6,1.8331211657303371e6,false,6
257.236,use_lmSR3_cuts,0.012069301045103509,5,false,64.2205,false,false,13.525,false,1.85568e6,1.8332832394366222e6,false,0
464.03,use_adaptive_ngroute,0.009100624714943217,0,false,115.86699999999999,false,false,13.525,false,1.85568e6,1.8387921527289741e6,false,5
142.972,use_adaptive_ngroute,0.009082431161524074,0,false,142.817,false,false,13.85,false,1.85568e6,1.838825914142183e6,false,4
34.819,none,0.00906640775240275,0,false,NaN,false,false,14.05,true,1.85568e6,1.8388556484620213e6,false,0
