CG_time_taken,method,CG_LP_IP_gap,implemented_SR3_cuts_count,errored,CG_sp_time_taken_mean,converged,CGIP_artificial,ngroute_neighborhood_size,time_limit_reached,CGIP_objective,CGLP_objective,CGLP_artificial,cycles_lookup_length
33.586,use_adaptive_ngroute,0.43172538000095195,0,false,0.86,false,false,7.000000000000001,false,2.762646e6,1.56994160584189e6,false,39
285.915,use_adaptive_ngroute,0.07798313890467623,0,false,14.056049999999997,false,false,9.975,false,1.889441e6,1.7420964600448096e6,false,17
147.733,use_lmSR3_cuts,0.07392715623298085,5,false,24.558,false,false,12.0,false,1.889441e6,1.7497600000000005e6,false,0
379.914,use_lmSR3_cuts,0.05472960270061866,5,false,54.14742857142857,false,false,12.0,false,1.85758e6,1.7559153846153847e6,false,0
336.988,use_lmSR3_cuts,0.05199822460888104,5,false,42.04087500000001,false,false,12.0,false,1.85758e6,1.7609891379310347e6,false,0
380.111,use_adaptive_ngroute,0.04606593714510965,0,false,63.17166666666667,false,false,12.0,false,1.85758e6,1.7720088364779872e6,false,4
248.638,use_lmSR3_cuts,0.04581024844082149,5,false,82.82000000000001,false,false,12.75,false,1.85758e6,1.772483798701299e6,false,0
317.877,use_adaptive_ngroute,0.04412789375095072,0,false,79.36,false,false,12.75,false,1.85758e6,1.7756089071261089e6,false,7
356.8,use_adaptive_ngroute,0.04013541036449009,0,false,89.11175000000001,false,false,13.325000000000001,false,1.85033e6,1.776066246140273e6,false,1
197.644,use_lmSR3_cuts,0.04012854656814413,5,false,98.727,false,false,13.425,false,1.85033e6,1.7760789464285658e6,false,0
389.402,use_lmSR3_cuts,0.03745608494001518,5,false,129.7003333333333,false,false,13.425,false,1.85033e6,1.7810238823529417e6,false,0
464.928,none,0.03674004495758265,0,false,105.91425,false,false,13.425,true,1.85033e6,1.782348792613636e6,false,0
