CG_time_taken,method,CG_LP_IP_gap,implemented_SR3_cuts_count,errored,CG_sp_time_taken_mean,converged,CGIP_artificial,ngroute_neighborhood_size,time_limit_reached,CGIP_objective,CGLP_objective,CGLP_artificial,cycles_lookup_length
58.78,use_adaptive_ngroute,0.35370391234920384,0,false,1.0681379310344827,false,false,7.000000000000001,false,2.400606e6,1.551502265791027e6,false,26
71.724,use_adaptive_ngroute,0.06187148701522982,0,false,4.4459333333333335,false,false,8.9,false,1.761046e6,1.6520874652777775e6,false,9
30.522,use_adaptive_ngroute,0.05861669811826953,0,false,3.71125,false,false,9.65,false,1.761046e6,1.657819298245614e6,false,4
37.456,use_adaptive_ngroute,0.058140215646211635,0,false,4.609500000000001,false,false,9.75,false,1.761046e6,1.6586584057971016e6,false,1
22.362,use_lmSR3_cuts,0.05807866461182709,5,false,5.536499999999999,false,false,9.775,false,1.761046e6,1.6587668000000003e6,false,0
46.077,use_adaptive_ngroute,0.04872619847697168,0,false,6.382285714285715,false,false,9.775,false,1.761046e6,1.675236923076923e6,false,4
97.541,use_adaptive_ngroute,0.02696110567344323,0,false,13.87,false,false,9.9,false,1.723136e6,1.6766783482142857e6,false,4
74.231,use_lmSR3_cuts,0.02669172114590246,5,false,14.7904,false,false,10.025,false,1.723136e6,1.6771425343915343e6,false,0
209.767,use_adaptive_ngroute,0.021082742057610293,0,false,29.70442857142857,false,false,10.025,false,1.723136e6,1.6868075681818177e6,false,2
99.227,use_lmSR3_cuts,0.020926133381516054,5,false,24.718999999999998,false,false,10.075,false,1.723136e6,1.687077426229508e6,false,0
311.481,use_adaptive_ngroute,0.009204353892376727,0,false,38.75574999999999,false,false,10.075,false,1.710508e6,1.6947638790322584e6,false,4
200.296,use_lmSR3_cuts,0.008860346234600414,5,false,50.021,false,false,10.575000000000001,false,1.710508e6,1.695352306882946e6,false,0
348.661,use_adaptive_ngroute,0.005377154084847513,0,false,58.003333333333345,false,false,10.575000000000001,false,1.710508e6,1.7013103349206357e6,false,10
232.016,use_lmSR3_cuts,0.005182016455451355,5,false,77.23466666666667,false,false,11.65,false,1.710508e6,1.7016441193968188e6,false,0
529.149,use_adaptive_ngroute,0.0027552069374008337,0,false,88.04450000000001,false,false,11.65,false,1.710508e6,1.7057951964919204e6,false,10
224.392,use_lmSR3_cuts,0.0025960363224717398,5,false,112.0515,false,false,12.625,false,1.710508e6,1.7060674591021214e6,false,0
468.913,use_adaptive_ngroute,0.0013673311838340307,0,false,117.11625000000001,false,false,12.625,false,1.710508e6,1.7081691690714024e6,false,1
227.147,use_lmSR3_cuts,0.0013622703624920351,5,false,113.4915,false,false,12.75,false,1.710508e6,1.7081778256467944e6,false,0
228.124,none,0.0009411175291204055,0,false,122.404,false,false,12.75,true,1.710508e6,1.7088982109374993e6,false,0
