CG_time_taken,method,CG_LP_IP_gap,implemented_SR3_cuts_count,errored,CG_sp_time_taken_mean,converged,CGIP_artificial,ngroute_neighborhood_size,time_limit_reached,CGIP_objective,CGLP_objective,CGLP_artificial,cycles_lookup_length
25.182,use_adaptive_ngroute,0.1875037041347819,0,false,0.5924347826086956,false,false,7.000000000000001,false,2.148137e6,1.745353355511022e6,false,20
27.307,use_adaptive_ngroute,0.0805453928053056,0,false,1.9934166666666666,false,false,7.6,false,1.948943e6,1.7919646205098494e6,false,13
18.293,use_lmSR3_cuts,0.0802957829498292,5,false,3.5478,false,false,8.65,false,1.948943e6,1.792451095890411e6,false,0
66.727,use_adaptive_ngroute,0.030031496991266615,0,false,4.89823076923077,false,false,8.65,false,1.862382e6,1.806451880570411e6,false,6
15.164,use_lmSR3_cuts,0.029852457962596723,5,false,5.004333333333333,false,false,9.725,false,1.862382e6,1.8067853196347032e6,false,0
34.399,use_lmSR3_cuts,0.025419141281926905,5,false,6.690799999999999,false,false,9.725,false,1.862382e6,1.8150418488210824e6,false,0
65.369,use_lmSR3_cuts,0.017889288967380734,5,false,10.689666666666668,false,false,9.725,false,1.862382e6,1.8290653102343515e6,false,0
36.782,use_adaptive_ngroute,0.015311387901405404,0,false,12.094666666666667,false,false,9.725,false,1.862382e6,1.833866346777405e6,false,6
46.154,use_lmSR3_cuts,0.015298283253944778,5,false,15.267666666666667,false,false,10.125,false,1.862382e6,1.8338907526369519e6,false,0
121.474,use_lmSR3_cuts,0.011598431708982115,5,false,17.142142857142858,false,false,10.125,false,1.862382e6,1.8407812895569624e6,false,0
87.786,use_lmSR3_cuts,0.011179722126294145,5,false,17.462999999999997,false,false,10.125,false,1.862382e6,1.8415610867469881e6,false,0
62.933,use_adaptive_ngroute,0.010511669665212886,0,false,20.801333333333332,false,false,10.125,false,1.862382e6,1.8428052556255616e6,false,5
125.817,use_adaptive_ngroute,0.010270071221636479,0,false,31.37125,false,false,11.05,false,1.862382e6,1.843255204218106e6,false,7
113.653,use_lmSR3_cuts,0.010257017320202011,5,false,37.67733333333333,false,false,11.6,false,1.862382e6,1.8432795155691674e6,false,0
250.24,use_lmSR3_cuts,0.009579486422461314,5,false,62.33275,false,false,11.6,false,1.862382e6,1.8445413369175636e6,false,0
204.96,use_adaptive_ngroute,0.008638607844738577,0,false,68.18633333333334,false,false,11.6,false,1.862382e6,1.8462936122449e6,false,8
304.365,use_adaptive_ngroute,0.008322476941594492,0,false,75.97175,false,false,12.3,false,1.862382e6,1.8468823687485594e6,false,4
405.517,use_adaptive_ngroute,0.008277120942191352,0,false,134.92899999999997,false,false,12.5,false,1.862382e6,1.8469668389454398e6,false,2
304.555,use_lmSR3_cuts,0.008276172082618771,5,false,152.0965,false,false,12.625,false,1.862382e6,1.8469686060844283e6,false,0
522.441,use_lmSR3_cuts,0.00755071248798711,5,false,130.444,false,false,12.625,false,1.862382e6,1.8483196889751975e6,false,0
505.946,use_adaptive_ngroute,0.007292622546263505,0,false,126.302,false,false,12.625,false,1.862382e6,1.8488003510370448e6,false,1
200.462,none,0.007292008848934439,0,false,158.362,false,false,12.775,true,1.862382e6,1.8488014939759038e6,false,0
