CG_time_taken,method,CG_LP_IP_gap,implemented_SR3_cuts_count,errored,CG_sp_time_taken_mean,converged,CGIP_artificial,ngroute_neighborhood_size,time_limit_reached,CGIP_objective,CGLP_objective,CGLP_artificial,cycles_lookup_length
45.988,use_adaptive_ngroute,0.3936444973513885,0,false,0.9384642857142859,false,false,7.000000000000001,false,2.56049e6,1.5525672009767434e6,false,38
250.249,use_adaptive_ngroute,0.0077296540849960405,0,false,9.78924,false,false,9.7,false,1.73991e6,1.7264610975609745e6,false,18
367.191,use_adaptive_ngroute,0.0034948800219717358,0,false,40.74722222222223,false,false,11.525,false,1.73991e6,1.733829223300971e6,false,6
202.116,use_lmSR3_cuts,0.003383115097604694,5,false,67.332,false,false,11.925,false,1.73991e6,1.7340236842105265e6,false,0
1868.722,none,0.0,0,false,186.77940000000004,true,false,11.925,false,1.73991e6,1.73991e6,false,0
