CG_time_taken,method,CG_LP_IP_gap,implemented_SR3_cuts_count,errored,CG_sp_time_taken_mean,converged,CGIP_artificial,ngroute_neighborhood_size,time_limit_reached,CGIP_objective,CGLP_objective,CGLP_artificial,cycles_lookup_length
47.408,use_adaptive_ngroute,0.23032199386794117,0,false,1.215,false,false,7.000000000000001,false,2.21838e6,1.7074382952432367e6,false,36
170.077,use_adaptive_ngroute,0.19169559707144124,0,false,8.74715789473684,false,false,9.05,false,2.1997e6,1.7780271951219507e6,false,17
190.631,use_adaptive_ngroute,0.15730135583461946,0,false,21.10888888888889,false,false,11.225,false,2.11899e6,1.7856699999999998e6,false,5
81.237,use_lmSR3_cuts,0.1564394347701492,5,false,27.049666666666667,false,false,11.525,false,2.11899e6,1.7874964021164016e6,false,0
352.977,use_adaptive_ngroute,0.07399922198100573,0,false,31.881181818181823,false,false,11.525,false,1.95565e6,1.810933421532846e6,false,9
152.53,use_lmSR3_cuts,0.07372949705166598,5,false,38.07725,false,false,11.85,false,1.95565e6,1.8114609090909094e6,false,0
340.376,use_adaptive_ngroute,0.0715029926552333,0,false,42.3975,false,false,11.85,false,1.95565e6,1.815815172413793e6,false,2
175.185,use_lmSR3_cuts,0.07147034265321317,5,false,58.330999999999996,false,false,11.9,false,1.95565e6,1.8158790243902437e6,false,0
325.937,use_adaptive_ngroute,0.06954533734719903,0,false,81.357,false,false,11.9,false,1.95565e6,1.8196436610169502e6,false,3
214.211,use_lmSR3_cuts,0.06915268259075424,5,false,71.35033333333332,false,false,12.424999999999999,false,1.95565e6,1.8204115562913914e6,false,0
448.436,use_lmSR3_cuts,0.02447357947041795,5,false,89.586,false,false,12.424999999999999,false,1.86802e6,1.8223028640776698e6,false,0
547.162,use_adaptive_ngroute,0.02271768881153613,0,false,109.281,false,false,12.424999999999999,false,1.86802e6,1.8255829029462743e6,false,1
325.238,use_lmSR3_cuts,0.02271768881153613,5,false,108.31433333333334,false,false,12.45,false,1.86802e6,1.8255829029462743e6,false,0
146.973,none,0.02133334254986352,0,false,NaN,false,false,12.45,true,1.86802e6,1.8281688894500039e6,false,0
