CG_time_taken,method,CG_LP_IP_gap,implemented_SR3_cuts_count,errored,CG_sp_time_taken_mean,converged,CGIP_artificial,ngroute_neighborhood_size,time_limit_reached,CGIP_objective,CGLP_objective,CGLP_artificial,cycles_lookup_length
28.28,use_adaptive_ngroute,0.3121216124826779,0,false,0.7152499999999999,false,false,7.000000000000001,false,2.415953e6,1.661881853957637e6,false,29
86.445,use_adaptive_ngroute,0.13524169225059546,0,false,4.861411764705883,false,false,9.425,false,2.083122e6,1.801397055555555e6,false,5
30.573,use_lmSR3_cuts,0.13507874238762785,4,false,5.011000000000001,false,false,9.625,false,2.083122e6,1.8017365e6,false,0
60.563,use_lmSR3_cuts,0.08297427342973618,2,false,10.008166666666668,false,false,9.625,false,1.97228e6,1.8086315e6,false,0
111.054,use_adaptive_ngroute,0.0799058545186283,0,false,13.800875,false,false,9.625,false,1.97228e6,1.8146832812499998e6,false,8
127.319,use_adaptive_ngroute,0.07933190867529216,0,false,31.7755,false,false,9.95,false,1.97228e6,1.8158152631578948e6,false,2
70.793,use_lmSR3_cuts,0.07928852225174265,5,false,23.566999999999997,false,false,10.149999999999999,false,1.97228e6,1.815900833333333e6,false,0
167.538,use_adaptive_ngroute,0.07750391135422685,0,false,41.776500000000006,false,false,10.149999999999999,false,1.97228e6,1.8194205857142855e6,false,2
92.966,use_lmSR3_cuts,0.07750391135422674,5,false,30.936333333333334,false,false,10.25,false,1.97228e6,1.8194205857142857e6,false,0
508.163,use_adaptive_ngroute,0.01998355392061102,0,false,50.7269,false,false,10.25,false,1.859236e6,1.822081857142859e6,false,3
324.136,use_lmSR3_cuts,0.019488381249071485,5,false,80.96975,false,false,11.0,false,1.859236e6,1.8230025000000014e6,false,0
505.349,use_adaptive_ngroute,0.017846577841651334,0,false,84.12816666666666,false,false,11.0,false,1.859236e6,1.8260549999999995e6,false,2
189.846,use_adaptive_ngroute,0.017846577841651112,0,false,94.827,false,false,11.15,false,1.859236e6,1.826055e6,false,2
197.285,use_adaptive_ngroute,0.017837531477652657,0,false,65.66566666666665,false,false,11.2,false,1.859236e6,1.826071819325615e6,false,8
343.272,use_lmSR3_cuts,0.017812513670489083,5,false,114.33966666666666,false,false,11.95,false,1.859236e6,1.8261183333333347e6,false,0
656.061,none,0.0027549747875802444,0,false,174.80866666666668,false,false,11.95,true,1.836043e6,1.8309847478260868e6,false,0
