CG_time_taken,method,CG_LP_IP_gap,implemented_SR3_cuts_count,errored,CG_sp_time_taken_mean,converged,CGIP_artificial,ngroute_neighborhood_size,time_limit_reached,CGIP_objective,CGLP_objective,CGLP_artificial,cycles_lookup_length
36.525,use_adaptive_ngroute,0.151748030851799,0,false,0.8371578947368421,false,false,7.000000000000001,false,2.03982e6,1.7302813317078834e6,false,33
122.167,use_adaptive_ngroute,0.06801029470006936,0,false,9.21246153846154,false,false,10.0,false,1.913715e6,1.7835626788780568e6,false,24
201.953,use_adaptive_ngroute,0.05909950770999062,0,false,25.1535,false,false,12.475,false,1.913715e6,1.8006153856027753e6,false,14
175.276,use_adaptive_ngroute,0.058146320916116934,0,false,43.748999999999995,false,false,13.725,false,1.913715e6,1.8024395134680134e6,false,7
184.308,use_lmSR3_cuts,0.05810787893716152,5,false,61.411,false,false,14.925,false,1.913715e6,1.80251308045977e6,false,0
393.569,use_adaptive_ngroute,0.014019654968014605,0,false,78.5794,false,false,14.925,false,1.83384e6,1.808130195933456e6,false,4
370.646,use_adaptive_ngroute,0.013730331091706294,0,false,92.53625000000001,false,false,15.025,false,1.83384e6,1.8086607696307853e6,false,1
190.967,use_lmSR3_cuts,0.013717624140941687,5,false,95.447,false,false,15.05,false,1.83384e6,1.8086840721453754e6,false,0
529.842,use_lmSR3_cuts,0.006108975886523371,5,false,132.3725,false,false,15.05,false,1.82259e6,1.8114558416389814e6,false,0
563.053,use_lmSR3_cuts,0.005259666218822345,5,false,140.62124999999997,false,false,15.05,false,1.82259e6,1.8130037849462365e6,false,0
744.522,use_lmSR3_cuts,0.004797732293658874,5,false,148.7968,false,false,15.05,false,1.82259e6,1.8138457010989003e6,false,0
27.613,none,0.0043809173735676055,0,false,NaN,false,false,15.05,true,1.82259e6,1.8146053838041094e6,false,0
