CG_time_taken,method,CG_LP_IP_gap,implemented_SR3_cuts_count,errored,CG_sp_time_taken_mean,converged,CGIP_artificial,ngroute_neighborhood_size,time_limit_reached,CGIP_objective,CGLP_objective,CGLP_artificial,cycles_lookup_length
40.742,use_adaptive_ngroute,0.3032651023732663,0,false,0.737962962962963,false,false,7.000000000000001,false,2.33451e6,1.626534585858586e6,false,33
65.064,use_adaptive_ngroute,0.11295883262708273,0,false,4.105266666666667,false,false,8.75,false,1.93881e6,1.7198042857142857e6,false,9
26.511,use_lmSR3_cuts,0.11204359375080575,5,false,6.56475,false,false,9.275,false,1.93881e6,1.7215787600000002e6,false,0
87.342,use_adaptive_ngroute,0.0028461075346294384,0,false,9.595333333333334,false,false,9.275,false,1.74576e6,1.7407913793103453e6,false,2
36.74,use_adaptive_ngroute,0.0020654970150336682,0,false,12.153333333333332,false,false,9.325,false,1.74576e6,1.742154137931035e6,false,2
22.506,use_lmSR3_cuts,0.0020410575017622,5,false,11.189,false,false,9.375,false,1.74576e6,1.7421968034557237e6,false,0
196.892,none,0.0,0,false,16.315,true,false,9.375,false,1.74576e6,1.74576e6,false,0
