CG_time_taken,method,CG_LP_IP_gap,implemented_SR3_cuts_count,errored,CG_sp_time_taken_mean,converged,CGIP_artificial,ngroute_neighborhood_size,time_limit_reached,CGIP_objective,CGLP_objective,CGLP_artificial,cycles_lookup_length
31.819,use_adaptive_ngroute,0.29496955790374957,0,false,0.8943333333333333,false,false,7.000000000000001,false,2.405504e6,1.695953548584299e6,false,35
66.846,use_adaptive_ngroute,0.08205170052024369,0,false,4.960076923076922,false,false,9.0,false,1.989252e6,1.8260304906367043e6,false,25
112.582,use_lmSR3_cuts,0.0773717960318755,4,false,16.011285714285712,false,false,10.95,false,1.989252e6,1.8353399999999995e6,false,0
87.533,use_adaptive_ngroute,0.07608972811670733,0,false,21.84325,false,false,10.95,false,1.989252e6,1.8378903561643837e6,false,9
151.559,use_adaptive_ngroute,0.07007351817523444,0,false,30.2758,false,false,11.525,false,1.978092e6,1.8394801342857142e6,false,2
122.347,use_lmSR3_cuts,0.0700735181752341,5,false,30.547500000000003,false,false,11.85,false,1.978092e6,1.8394801342857147e6,false,0
157.96,use_lmSR3_cuts,0.06729018794683994,5,false,31.4884,false,false,11.85,false,1.978092e6,1.8449858175438596e6,false,0
164.755,use_adaptive_ngroute,0.06288353392289903,0,false,41.091499999999996,false,false,11.85,false,1.978092e6,1.853702584615385e6,false,1
183.391,use_lmSR3_cuts,0.06272494387390448,5,false,45.809250000000006,false,false,11.9,false,1.978092e6,1.8540162903225806e6,false,0
349.974,use_adaptive_ngroute,0.052250958061534014,0,false,58.187,false,false,11.9,false,1.96295e6,1.8603839818731118e6,false,3
192.471,use_adaptive_ngroute,0.05200908139065674,0,false,64.074,false,false,12.049999999999999,false,1.96295e6,1.8608587736842104e6,false,1
132.462,use_adaptive_ngroute,0.05200908139065674,0,false,66.1735,false,false,12.1,false,1.96295e6,1.8608587736842104e6,false,1
112.472,use_lmSR3_cuts,0.05200727354014556,5,false,56.19049999999999,false,false,12.149999999999999,false,1.96295e6,1.8608623224043713e6,false,0
542.237,none,0.0,0,false,67.72062499999998,true,false,12.149999999999999,false,1.86349e6,1.86349e6,false,0
