CG_time_taken,method,CG_LP_IP_gap,implemented_SR3_cuts_count,errored,CG_sp_time_taken_mean,converged,CGIP_artificial,ngroute_neighborhood_size,time_limit_reached,CGIP_objective,CGLP_objective,CGLP_artificial,cycles_lookup_length
46.707,use_adaptive_ngroute,0.27906311701900854,0,false,0.9330399999999999,false,false,7.000000000000001,false,2.41841e6,1.7435209671700594e6,false,30
137.123,use_adaptive_ngroute,0.19368605926778149,0,false,9.410285714285715,false,false,8.75,false,2.19596e6,1.7706331612903227e6,false,9
143.727,use_lmSR3_cuts,0.19343675869113475,5,false,20.451142857142855,false,false,9.95,false,2.19596e6,1.7711806153846157e6,false,0
792.907,use_adaptive_ngroute,0.17753159172637056,0,false,112.95728571428572,false,false,9.95,false,2.17462e6,1.78855625e6,false,6
554.653,use_adaptive_ngroute,0.17704164435790837,0,false,110.8082,false,false,10.375,false,2.17462e6,1.7896216993464052e6,false,2
699.747,use_lmSR3_cuts,0.17702388272474812,5,false,116.53116666666666,false,false,10.575000000000001,false,2.17462e6,1.7896603241491083e6,false,0
1108.887,none,0.0010551071522969524,0,false,196.518,false,false,10.575000000000001,true,1.80575e6,1.8038447402597398e6,false,0
