CG_time_taken,method,CG_LP_IP_gap,implemented_SR3_cuts_count,errored,CG_sp_time_taken_mean,converged,CGIP_artificial,ngroute_neighborhood_size,time_limit_reached,CGIP_objective,CGLP_objective,CGLP_artificial,cycles_lookup_length
28.332,use_adaptive_ngroute,0.3276991483976681,0,false,0.8651818181818182,false,false,7.000000000000001,false,2.62879e6,1.767337755683694e6,false,32
117.337,use_adaptive_ngroute,0.15519906280479812,0,false,8.189857142857141,false,false,9.674999999999999,false,2.19357e6,1.853129991803279e6,false,14
185.872,use_adaptive_ngroute,0.1237363733267689,0,false,20.558999999999997,false,false,10.8,false,2.136208e6,1.8718813694083698e6,false,6
124.726,use_adaptive_ngroute,0.08277493538137726,0,false,24.8774,false,false,11.299999999999999,false,2.048852e6,1.8792584080939945e6,false,3
76.96,use_adaptive_ngroute,0.07843828557241073,0,false,25.60033333333333,false,false,11.375,false,2.048852e6,1.888143561728395e6,false,3
25.329,use_lmSR3_cuts,0.07843018209369845,5,false,25.268,false,false,11.450000000000001,false,2.048852e6,1.8881601645569617e6,false,0
156.104,use_adaptive_ngroute,0.07110309744396115,0,false,31.142,false,false,11.450000000000001,false,2.048852e6,1.9031722765957452e6,false,6
102.453,use_adaptive_ngroute,0.07070196608683232,0,false,34.102666666666664,false,false,12.4,false,2.048852e6,1.9039941353790613e6,false,1
68.962,use_lmSR3_cuts,0.07069339693267629,5,false,34.42849999999999,false,false,12.524999999999999,false,2.048852e6,1.9040116923076923e6,false,0
137.021,use_lmSR3_cuts,0.0687898637871357,5,false,45.576,false,false,12.524999999999999,false,2.048852e6,1.9079117499999995e6,false,0
178.407,use_adaptive_ngroute,0.05549598464652927,0,false,44.5295,false,false,12.524999999999999,false,2.025204e6,1.9128133099099104e6,false,2
167.715,use_adaptive_ngroute,0.05547513880866972,0,false,41.8935,false,false,12.7,false,2.025204e6,1.9128555269841268e6,false,2
80.992,use_lmSR3_cuts,0.05547363198159194,5,false,40.4315,false,false,13.124999999999998,false,2.025204e6,1.912858578616352e6,false,0
393.832,use_adaptive_ngroute,0.05457457095669316,0,false,65.57533333333335,false,false,13.124999999999998,false,2.025204e6,1.9146793606002212e6,false,1
147.818,use_lmSR3_cuts,0.05452956829954714,5,false,73.863,false,false,13.225000000000001,false,2.025204e6,1.914770500161484e6,false,0
340.117,use_lmSR3_cuts,0.028996961980747193,5,false,67.90100000000001,false,false,13.225000000000001,false,1.976598e6,1.919282662942779e6,false,0
252.049,use_adaptive_ngroute,0.028183190061472296,0,false,83.93633333333334,false,false,13.225000000000001,false,1.976598e6,1.920891162890874e6,false,3
161.19,use_lmSR3_cuts,0.02812645872424202,5,false,80.544,false,false,13.3,false,1.976598e6,1.9210032979385806e6,false,0
269.982,use_lmSR3_cuts,0.027654185764414807,5,false,89.88133333333333,false,false,13.3,false,1.976598e6,1.9219367917264292e6,false,0
226.576,use_adaptive_ngroute,0.02739226479979895,0,false,113.15050000000001,false,false,13.3,false,1.976598e6,1.922454504181247e6,false,1
226.822,use_lmSR3_cuts,0.027390790323596148,5,false,113.325,false,false,13.325000000000001,false,1.976598e6,1.9224574186279606e6,false,0
66.033,none,0.02695260185299908,0,false,NaN,false,false,13.325000000000001,true,1.976598e6,1.9233235410825657e6,false,0
