CG_time_taken,method,CG_LP_IP_gap,implemented_SR3_cuts_count,errored,CG_sp_time_taken_mean,converged,CGIP_artificial,ngroute_neighborhood_size,time_limit_reached,CGIP_objective,CGLP_objective,CGLP_artificial,cycles_lookup_length
23.516,use_adaptive_ngroute,0.23284574182485318,0,false,0.5488181818181819,false,false,7.000000000000001,false,2.325926e6,1.7843440351002866e6,false,32
28.799,use_adaptive_ngroute,0.15720555648143641,0,false,2.5041818181818183,false,false,9.125,false,2.213325e6,1.8653780117007247e6,false,7
16.64,use_adaptive_ngroute,0.15693571115810978,0,false,3.2928,false,false,9.325,false,2.213325e6,1.8659752671009768e6,false,3
6.402,use_adaptive_ngroute,0.1567870657819319,0,false,3.1639999999999997,false,false,9.9,false,2.213325e6,1.8663042676282055e6,false,3
12.71,use_lmSR3_cuts,0.15678337883733484,5,false,4.205,false,false,10.524999999999999,false,2.213325e6,1.8663124280348558e6,false,0
57.174,use_adaptive_ngroute,0.13255715247094968,0,false,8.061857142857143,false,false,10.524999999999999,false,2.181715e6,1.892513072096842e6,false,12
51.896,use_adaptive_ngroute,0.13183836489942702,0,false,12.934249999999999,false,false,11.2,false,2.181715e6,1.8940812617234467e6,false,2
28.069,use_lmSR3_cuts,0.1318350792446762,5,false,13.9975,false,false,11.6,false,2.181715e6,1.8940884300857012e6,false,0
92.099,use_adaptive_ngroute,0.1297919779251021,0,false,18.3436,false,false,11.6,false,2.181715e6,1.8985458948811358e6,false,1
19.031,use_lmSR3_cuts,0.12973842261091262,5,false,18.995,false,false,11.65,false,2.181715e6,1.8986627373134329e6,false,0
171.084,use_lmSR3_cuts,0.09843223340044027,5,false,24.319999999999993,false,false,11.65,false,2.12026e6,1.9115580728103826e6,false,0
134.328,use_adaptive_ngroute,0.09607235017138216,0,false,26.741400000000002,false,false,11.65,false,2.12026e6,1.9165616388256252e6,false,1
92.574,use_lmSR3_cuts,0.09605211699073157,5,false,30.81833333333333,false,false,11.674999999999999,false,2.12026e6,1.9166045384292314e6,false,0
143.959,use_lmSR3_cuts,0.09197264929060422,5,false,28.6986,false,false,11.674999999999999,false,2.12026e6,1.9252540706151035e6,false,0
160.092,use_adaptive_ngroute,0.09062237717743926,0,false,39.89025,false,false,11.674999999999999,false,2.12026e6,1.9281169985657625e6,false,4
87.299,use_adaptive_ngroute,0.09054327370878423,0,false,43.564,false,false,11.825000000000001,false,2.12026e6,1.9282847184862131e6,false,4
45.617,use_lmSR3_cuts,0.09054326849371697,5,false,45.495,false,false,11.975,false,2.12026e6,1.9282847295435118e6,false,0
345.48,use_adaptive_ngroute,0.08816599023487526,0,false,49.26571428571428,false,false,11.975,false,2.12026e6,1.9333251775446034e6,false,2
199.235,use_lmSR3_cuts,0.08809628579393514,5,false,66.28233333333333,false,false,12.225,false,2.12026e6,1.933472969082551e6,false,0
196.104,use_adaptive_ngroute,0.08722885687694604,0,false,65.24366666666667,false,false,12.225,false,2.12026e6,1.9353121439180863e6,false,1
132.589,use_lmSR3_cuts,0.08722827191236693,5,false,66.18799999999999,false,false,12.4,false,2.12026e6,1.935313384195085e6,false,0
402.679,use_adaptive_ngroute,0.08619310919986722,0,false,80.4558,false,false,12.4,false,2.12026e6,1.9375081982878896e6,false,6
262.758,use_lmSR3_cuts,0.08613517364156753,5,false,87.47166666666666,false,false,12.575000000000001,false,2.12026e6,1.93763103673473e6,false,0
630.249,use_adaptive_ngroute,0.05336403924426414,0,false,104.92666666666665,false,false,12.575000000000001,false,2.049665e6,1.9402865965024054e6,false,2
78.015,none,0.05332586895770808,0,false,NaN,false,false,12.875,true,2.049665e6,1.9403648328027993e6,false,0
