CG_time_taken,method,CG_LP_IP_gap,implemented_SR3_cuts_count,errored,CG_sp_time_taken_mean,converged,CGIP_artificial,ngroute_neighborhood_size,time_limit_reached,CGIP_objective,CGLP_objective,CGLP_artificial,cycles_lookup_length
30.676,use_adaptive_ngroute,0.22732582217325337,0,false,0.6591818181818182,false,false,7.000000000000001,false,1.999665e6,1.5450895098039212e6,false,29
51.681,use_adaptive_ngroute,0.06191857309287374,0,false,3.653076923076923,false,false,8.9,false,1.737894e6,1.6302860833333333e6,false,7
48.804,use_adaptive_ngroute,0.04453664428938631,0,false,6.01625,false,false,9.425,false,1.717117e6,1.6406423709677418e6,false,4
48.293,use_adaptive_ngroute,0.04130989132753704,0,false,7.9786666666666655,false,false,9.674999999999999,false,1.717117e6,1.6461830833333335e6,false,5
45.901,use_lmSR3_cuts,0.04061459225126851,5,false,9.1036,false,false,9.825000000000001,false,1.717117e6,1.6473769931972786e6,false,0
63.201,use_lmSR3_cuts,0.03784225036999289,5,false,15.711,false,false,9.825000000000001,false,1.717117e6,1.6521374285714289e6,false,0
163.008,use_adaptive_ngroute,0.0027236021485991246,0,false,23.16671428571428,false,false,9.825000000000001,false,1.66434e6,1.6598070000000005e6,false,7
152.312,use_lmSR3_cuts,0.002669913866424234,5,false,37.99575,false,false,10.475,false,1.66434e6,1.6598963555555556e6,false,0
226.115,none,0.0,0,false,45.1354,true,false,10.475,false,1.66434e6,1.66434e6,false,0
