CG_time_taken,method,CG_LP_IP_gap,implemented_SR3_cuts_count,errored,CG_sp_time_taken_mean,converged,CGIP_artificial,ngroute_neighborhood_size,time_limit_reached,CGIP_objective,CGLP_objective,CGLP_artificial,cycles_lookup_length
36.461,use_adaptive_ngroute,0.05474346216841208,0,false,0.6318695652173915,false,false,7.000000000000001,false,1.714759e6,1.6208871555555558e6,false,31
55.124,use_adaptive_ngroute,0.04903027605795163,0,false,4.458083333333334,false,false,9.15,false,1.714759e6,1.630683892857143e6,false,3
20.4,use_lmSR3_cuts,0.04903027605795163,5,false,5.02125,false,false,9.5,false,1.714759e6,1.630683892857143e6,false,0
102.775,use_adaptive_ngroute,0.03907130681337745,0,false,11.272111111111112,false,false,9.5,false,1.714759e6,1.6477611249999998e6,false,5
57.398,use_adaptive_ngroute,0.03884879726087909,0,false,14.28775,false,false,10.175,false,1.714759e6,1.6481426752577322e6,false,2
19.738,use_lmSR3_cuts,0.03882242504032729,5,false,9.834999999999999,false,false,10.35,false,1.714759e6,1.6481878972602733e6,false,0
150.553,use_adaptive_ngroute,0.0285346664802113,0,false,18.606874999999995,false,false,10.35,false,1.714759e6,1.6658289238410594e6,false,7
84.478,use_adaptive_ngroute,0.028503882920414614,0,false,16.840999999999998,false,false,11.0,false,1.714759e6,1.6658817102272727e6,false,10
297.667,use_adaptive_ngroute,0.027496356630873353,0,false,59.45679999999999,false,false,11.575,false,1.714759e6,1.6676093750000002e6,false,2
188.457,use_lmSR3_cuts,0.027466469049003517,5,false,62.730666666666664,false,false,11.725,false,1.714759e6,1.6676606249999998e6,false,0
410.568,use_adaptive_ngroute,0.02534400488063704,0,false,82.03,false,false,11.725,false,1.714759e6,1.6713001395348837e6,false,4
304.775,use_lmSR3_cuts,0.025245369830033337,5,false,101.53033333333333,false,false,12.325,false,1.714759e6,1.6714692748756218e6,false,0
854.93,use_lmSR3_cuts,0.02482535446672074,3,false,106.77937499999999,false,false,12.325,false,1.714759e6,1.6721895000000005e6,false,0
515.57,use_lmSR3_cuts,0.024825354466723737,1,false,102.9768,false,false,12.325,false,1.714759e6,1.6721894999999953e6,false,0
314.664,use_lmSR3_cuts,0.022678648525342182,5,false,104.78500000000001,false,false,12.325,false,1.714759e6,1.6758705833333328e6,false,0
139.959,none,0.021554007129189867,0,false,117.294,false,false,12.325,true,1.714759e6,1.6777990722891574e6,false,0
