CG_time_taken,method,CG_LP_IP_gap,implemented_SR3_cuts_count,errored,CG_sp_time_taken_mean,converged,CGIP_artificial,ngroute_neighborhood_size,time_limit_reached,CGIP_objective,CGLP_objective,CGLP_artificial,cycles_lookup_length
33.352,use_adaptive_ngroute,0.2613789300399607,0,false,0.6583461538461539,false,false,7.000000000000001,false,2.185386e6,1.6141721455956905e6,false,26
34.642,use_adaptive_ngroute,0.10772553765039217,0,false,2.6196666666666664,false,false,8.875,false,1.904636e6,1.6994580628717076e6,false,16
63.006,use_adaptive_ngroute,0.10399167591874281,0,false,10.397666666666668,false,false,9.975,false,1.904636e6,1.7065697103448294e6,false,9
47.088,use_adaptive_ngroute,0.10391813565543362,0,false,11.7095,false,false,10.475,false,1.904636e6,1.7067097777777775e6,false,6
22.076,use_adaptive_ngroute,0.10377114927296704,0,false,10.997,false,false,11.25,false,1.904636e6,1.7069897333333332e6,false,2
23.524,use_lmSR3_cuts,0.10369475534692396,5,false,11.7385,false,false,11.9,false,1.904636e6,1.707135235955056e6,false,0
91.227,use_adaptive_ngroute,0.10072800835706208,0,false,22.759499999999996,false,false,11.9,false,1.904636e6,1.7127858090748386e6,false,10
86.886,use_lmSR3_cuts,0.10033872022724499,5,false,28.901666666666667,false,false,13.350000000000001,false,1.904636e6,1.713527261261261e6,false,0
334.312,use_adaptive_ngroute,0.09672771580968964,0,false,47.647285714285715,false,false,13.350000000000001,false,1.904636e6,1.720404910271096e6,false,9
239.93,use_adaptive_ngroute,0.09606672101435698,0,false,59.92125,false,false,13.6,false,1.904636e6,1.7216638647540992e6,false,1
174.413,use_lmSR3_cuts,0.09597052121260341,5,false,58.08866666666667,false,false,13.625,false,1.904636e6,1.7218470903597118e6,false,0
176.789,use_adaptive_ngroute,0.09508735840871907,0,false,58.870666666666665,false,false,13.625,false,1.904636e6,1.723529194029851e6,false,2
140.225,use_lmSR3_cuts,0.09508664347379048,5,false,70.05950000000001,false,false,13.799999999999999,false,1.904636e6,1.7235305557206536e6,false,0
875.726,use_adaptive_ngroute,0.04689562597467001,0,false,124.95557142857143,false,false,13.799999999999999,false,1.814633e6,1.7295346495507066e6,false,6
332.401,use_lmSR3_cuts,0.046882403841601694,5,false,110.73033333333333,false,false,14.575,false,1.814633e6,1.7295586428697028e6,false,0
377.47,use_adaptive_ngroute,0.04504001326729934,0,false,125.672,false,false,14.575,false,1.814633e6,1.7329019056047208e6,false,2
277.907,use_lmSR3_cuts,0.04503649209614513,5,false,138.9005,false,false,14.7,false,1.814633e6,1.7329082952380958e6,false,0
190.519,none,0.042817392525903775,0,false,105.84,false,false,14.7,true,1.814633e6,1.7369351465485417e6,false,0
