CG_time_taken,method,CG_LP_IP_gap,implemented_SR3_cuts_count,errored,CG_sp_time_taken_mean,converged,CGIP_artificial,ngroute_neighborhood_size,time_limit_reached,CGIP_objective,CGLP_objective,CGLP_artificial,cycles_lookup_length
3.91,use_adaptive_ngroute,0.21672837287729496,0,false,0.19530769230769232,false,false,5.0,false,1.47473e6,1.1551141666666667e6,false,15
1.669,use_adaptive_ngroute,0.020208977681183682,0,false,0.18,false,false,6.35,false,1.31593e6,1.2893364e6,false,5
0.72,use_adaptive_ngroute,0.017813838658502057,0,false,0.2323333333333333,false,false,7.550000000000001,false,1.31593e6,1.2924882352941174e6,false,7
1.443,use_lmSR3_cuts,0.01725717231861179,5,false,0.33625,false,false,8.200000000000001,false,1.31593e6,1.2932207692307692e6,false,0
2.343,use_lmSR3_cuts,0.009815640450417273,5,false,0.43950000000000006,false,false,8.200000000000001,false,1.3118e6,1.2989238428571427e6,false,0
2.76,use_adaptive_ngroute,0.004688595822533892,0,false,0.5054000000000001,false,false,8.200000000000001,false,1.3118e6,1.3056495e6,false,4
1.305,use_lmSR3_cuts,0.0035009762503136477,5,false,0.6389999999999999,false,false,8.4,false,1.3118e6,1.3072074193548386e6,false,0
2.754,use_adaptive_ngroute,0.00028821232129672136,0,false,0.8346666666666667,false,false,8.4,false,1.3118e6,1.311421923076923e6,false,7
1.656,none,0.0,0,false,0.8190000000000001,true,false,8.75,false,1.3118e6,1.3118e6,false,0
