CG_time_taken,method,CG_LP_IP_gap,implemented_SR3_cuts_count,errored,CG_sp_time_taken_mean,converged,CGIP_artificial,ngroute_neighborhood_size,time_limit_reached,CGIP_objective,CGLP_objective,CGLP_artificial,cycles_lookup_length
25.19,use_adaptive_ngroute,0.24847492725649434,0,false,0.5696923076923077,false,false,7.000000000000001,false,2.282678e6,1.71548975e6,false,27
76.113,use_adaptive_ngroute,0.16938898606947794,0,false,5.138285714285716,false,false,9.625,false,2.164661e6,1.7979912680258579e6,false,17
169.129,use_adaptive_ngroute,0.16428810280099626,0,false,13.994333333333332,false,false,10.75,false,2.164661e6,1.8090329511026926e6,false,11
148.348,use_adaptive_ngroute,0.1618621345328436,0,false,21.089714285714283,false,false,11.425,false,2.164661e6,1.8142843500000003e6,false,8
312.138,use_adaptive_ngroute,0.16139997119564065,0,false,44.538000000000004,false,false,12.075,false,2.164661e6,1.8152847769516732e6,false,2
106.495,use_adaptive_ngroute,0.16106245922316498,0,false,53.193999999999996,false,false,12.25,false,2.164661e6,1.8160153759555244e6,false,3
140.395,use_adaptive_ngroute,0.16105132899063535,0,false,70.15700000000001,false,false,12.424999999999999,false,2.164661e6,1.8160394691358022e6,false,1
151.237,use_lmSR3_cuts,0.16105057131638756,5,false,75.53049999999999,false,false,12.475,false,2.164661e6,1.8160411092436973e6,false,0
465.997,use_adaptive_ngroute,0.1515756247511575,0,false,66.44342857142858,false,false,12.475,false,2.15827e6,1.8311288763683194e6,false,3
690.863,use_lmSR3_cuts,0.1292342000696347,5,false,76.69266666666667,false,false,12.575000000000001,false,2.103029e6,1.8312457294617563e6,false,0
379.44,use_adaptive_ngroute,0.0906191515674557,0,false,75.5506,false,false,12.575000000000001,false,2.01976e6,1.8367310624301156e6,false,1
486.297,use_lmSR3_cuts,0.0906100741093866,5,false,121.50775,false,false,12.65,false,2.01976e6,1.8367493967168254e6,false,0
382.267,none,0.08932062604627822,0,false,126.29466666666667,false,false,12.65,true,2.01976e6,1.8393537723367692e6,false,0
