CG_time_taken,method,CG_LP_IP_gap,implemented_SR3_cuts_count,errored,CG_sp_time_taken_mean,converged,CGIP_artificial,ngroute_neighborhood_size,time_limit_reached,CGIP_objective,CGLP_objective,CGLP_artificial,cycles_lookup_length
305.646,use_adaptive_ngroute,0.24546760963768455,0,false,3.414901960784313,false,false,8.0,false,2.415021e6,1.8222115679051895e6,false,42
1169.377,use_adaptive_ngroute,0.0915329337673848,0,false,42.29496296296296,false,false,11.100000000000001,false,2.08852e6,1.8973516371681415e6,false,11
716.585,use_adaptive_ngroute,0.09019998548455854,0,false,71.23320000000001,false,false,12.18,false,2.08852e6,1.90013552631579e6,false,16
1184.406,use_adaptive_ngroute,0.08903561543648209,0,false,147.90150000000003,false,false,12.9,false,2.08852e6,1.9025673364485984e6,false,1
202.753,none,0.0890322725270436,0,false,190.12599999999998,false,false,12.92,true,2.08852e6,1.9025743181818188e6,false,0
