CG_time_taken,method,CG_LP_IP_gap,implemented_SR3_cuts_count,errored,CG_sp_time_taken_mean,converged,CGIP_artificial,ngroute_neighborhood_size,time_limit_reached,CGIP_objective,CGLP_objective,CGLP_artificial,cycles_lookup_length
235.621,use_adaptive_ngroute,0.24994967666683454,0,false,2.6288536585365856,false,false,8.0,false,2.344456e6,1.7584599808403798e6,false,39
765.275,use_adaptive_ngroute,0.11914713005398436,0,false,30.586708333333334,false,false,10.28,false,2.11944e6,1.8669148066783834e6,false,25
776.625,use_lmSR3_cuts,0.11845739126058441,5,false,77.1963,false,false,13.219999999999999,false,2.11944e6,1.868376666666667e6,false,0
1334.049,use_lmSR3_cuts,0.10270050935893338,5,false,110.77650000000001,false,false,13.219999999999999,false,2.09479e6,1.879654e6,false,0
427.085,none,0.10025552834184959,0,false,140.286,false,false,13.219999999999999,true,2.09479e6,1.884775721784777e6,false,0
