CG_time_taken,method,CG_LP_IP_gap,implemented_SR3_cuts_count,errored,CG_sp_time_taken_mean,converged,CGIP_artificial,ngroute_neighborhood_size,time_limit_reached,CGIP_objective,CGLP_objective,CGLP_artificial,cycles_lookup_length
392.349,use_adaptive_ngroute,0.4252569443018639,0,false,6.604583333333334,false,false,8.0,false,2.953791e6,1.6976708652336532e6,false,47
2202.161,use_adaptive_ngroute,0.08342993500592111,0,false,72.50633333333333,false,false,11.0,false,1.99161e6,1.8254501071428575e6,false,1
938.956,use_lmSR3_cuts,0.08341520327543683,5,false,93.7001,false,false,11.02,false,1.99161e6,1.8254794470046072e6,false,0
9.729,none,0.06541890701868092,0,false,NaN,false,false,11.02,true,1.99161e6,1.861321050592525e6,false,0
