CG_time_taken,method,CG_LP_IP_gap,implemented_SR3_cuts_count,errored,CG_sp_time_taken_mean,converged,CGIP_artificial,ngroute_neighborhood_size,time_limit_reached,CGIP_objective,CGLP_objective,CGLP_artificial,cycles_lookup_length
1.985,use_adaptive_ngroute,0.1797955751756245,0,false,0.10907692307692307,false,false,5.0,false,1.38007e6,1.131939520567376e6,false,15
0.651,use_lmSR3_cuts,0.1208793756838421,2,false,0.1166,false,false,6.6,false,1.38007e6,1.213248e6,false,0
2.282,use_adaptive_ngroute,0.03659066666978328,0,false,0.22849999999999998,false,false,6.6,false,1.283454e6,1.2364915625e6,false,10
1.389,use_adaptive_ngroute,0.03361398226971901,0,false,0.22499999999999998,false,false,7.75,false,1.283454e6,1.240312e6,false,1
1.236,use_adaptive_ngroute,0.03285717031281743,0,false,0.303,false,false,8.0,false,1.283454e6,1.2412833333333333e6,false,2
0.678,use_lmSR3_cuts,0.03237864387816003,5,false,0.3345,false,false,8.3,false,1.283454e6,1.2418975e6,false,0
2.676,use_adaptive_ngroute,0.019626634342127858,0,false,0.487,false,false,8.3,false,1.283454e6,1.2582641176470586e6,false,4
2.411,use_lmSR3_cuts,0.019099563961549215,5,false,0.597,false,false,8.9,false,1.283454e6,1.2589405882352937e6,false,0
4.232,none,0.0,0,false,0.7824,true,false,8.9,false,1.26064e6,1.26064e6,false,0
