CG_time_taken,method,CG_LP_IP_gap,implemented_SR3_cuts_count,errored,CG_sp_time_taken_mean,converged,CGIP_artificial,ngroute_neighborhood_size,time_limit_reached,CGIP_objective,CGLP_objective,CGLP_artificial,cycles_lookup_length
243.024,use_adaptive_ngroute,0.39063205442240767,0,false,2.4501458333333344,false,false,8.0,false,2.88072e6,1.7554184281842818e6,false,43
1720.151,use_adaptive_ngroute,0.005502773675991279,0,false,45.21478378378379,false,false,11.459999999999999,false,1.90789e6,1.897391313131313e6,false,12
295.043,use_adaptive_ngroute,0.004792023157113023,0,false,58.575199999999995,false,false,12.04,false,1.90789e6,1.8987473469387756e6,false,2
848.316,use_adaptive_ngroute,0.003573284428514345,0,false,105.56125,false,false,12.08,false,1.90789e6,1.9010725663716819e6,false,3
470.655,none,0.003501638323352374,0,false,101.17750000000001,false,false,12.14,true,1.90789e6,1.9012092592592593e6,false,0
