CG_time_taken,method,CG_LP_IP_gap,implemented_SR3_cuts_count,errored,CG_sp_time_taken_mean,converged,CGIP_artificial,ngroute_neighborhood_size,time_limit_reached,CGIP_objective,CGLP_objective,CGLP_artificial,cycles_lookup_length
162.029,use_adaptive_ngroute,0.40423687925876983,0,false,2.124117647058824,false,false,8.0,false,3.038908e6,1.8104693137254904e6,false,50
1866.446,use_adaptive_ngroute,0.10723781938746524,0,false,68.062,false,false,11.48,false,2.14747e6,1.91718e6,false,8
1170.148,use_adaptive_ngroute,0.10062620716274517,0,false,89.3277692307692,false,false,11.66,false,2.14173e6,1.9262158333333337e6,false,1
356.609,none,0.10059437931018378,0,false,66.41019999999999,false,false,11.7,true,2.14173e6,1.926284e6,false,0
