CG_time_taken,method,CG_LP_IP_gap,implemented_SR3_cuts_count,errored,CG_sp_time_taken_mean,converged,CGIP_artificial,ngroute_neighborhood_size,time_limit_reached,CGIP_objective,CGLP_objective,CGLP_artificial,cycles_lookup_length
197.24,use_adaptive_ngroute,0.3982874404703395,0,false,2.468594594594594,false,false,8.0,false,2.807844e6,1.6895150000000002e6,false,27
663.773,use_adaptive_ngroute,0.20008968656823023,0,false,27.914227272727274,false,false,9.98,false,2.302252e6,1.8415951189189188e6,false,28
1477.797,use_adaptive_ngroute,0.18160048534861883,0,false,146.9376,false,false,11.78,false,2.266109e6,1.8545825057471266e6,false,16
906.145,use_adaptive_ngroute,0.1797379096518742,0,false,180.9744,false,false,13.440000000000001,false,2.261592e6,1.8550981814345985e6,false,3
271.362,none,0.17973790965187353,0,false,226.737,false,false,13.68,true,2.261592e6,1.8550981814346001e6,false,0
