CG_time_taken,method,CG_LP_IP_gap,implemented_SR3_cuts_count,errored,CG_sp_time_taken_mean,converged,CGIP_artificial,ngroute_neighborhood_size,time_limit_reached,CGIP_objective,CGLP_objective,CGLP_artificial,cycles_lookup_length
84.827,use_adaptive_ngroute,0.16401564500039223,0,false,1.0992432432432433,false,false,8.0,false,2.202112e6,1.8409311799568962e6,false,26
131.842,use_adaptive_ngroute,0.0571687084240774,0,false,6.209263157894737,false,false,9.379999999999999,false,2.035032e6,1.918691848958333e6,false,11
234.891,use_adaptive_ngroute,0.05645984410028171,0,false,25.84622222222222,false,false,10.56,false,2.035032e6,1.9201344105409156e6,false,2
200.951,use_lmSR3_cuts,0.0553044726494224,5,false,33.252833333333335,false,false,10.700000000000001,false,2.035032e6,1.9224856284153007e6,false,0
809.693,use_adaptive_ngroute,0.04633680049987987,0,false,61.905461538461545,false,false,10.700000000000001,false,2.035032e6,1.9407351282051285e6,false,3
496.457,use_adaptive_ngroute,0.04617562315889845,0,false,98.82060000000001,false,false,11.14,false,2.035032e6,1.9410631292517006e6,false,2
505.246,use_lmSR3_cuts,0.04617410771167485,5,false,100.9048,false,false,11.18,false,2.035032e6,1.941066213235295e6,false,0
1103.97,none,0.043513692237416746,0,false,166.62133333333335,false,false,11.18,true,2.035032e6,1.9464802438587053e6,false,0
