CG_time_taken,method,CG_LP_IP_gap,implemented_SR3_cuts_count,errored,CG_sp_time_taken_mean,converged,CGIP_artificial,ngroute_neighborhood_size,time_limit_reached,CGIP_objective,CGLP_objective,CGLP_artificial,cycles_lookup_length
55.763,use_adaptive_ngroute,0.3204132973679519,0,false,1.0985,false,false,8.0,false,2.6567e6,1.805457992882562e6,false,33
368.305,use_adaptive_ngroute,0.16318328383601943,0,false,23.932133333333336,false,false,11.02,false,2.22571e6,1.8625113333333333e6,false,10
116.459,use_adaptive_ngroute,0.12068992750921426,0,false,23.1162,false,false,11.48,false,2.118286e6,1.8626302162162166e6,false,12
273.402,use_lmSR3_cuts,0.12057677539203648,5,false,54.3674,false,false,12.299999999999999,false,2.118286e6,1.8628699047619046e6,false,0
1043.025,use_adaptive_ngroute,0.10494857374063071,0,false,86.61491666666666,false,false,12.299999999999999,false,2.094196e6,1.8744131166666662e6,false,4
510.801,use_lmSR3_cuts,0.10461164102682763,5,false,101.98100000000001,false,false,12.66,false,2.093506e6,1.8745009018404903e6,false,0
529.467,use_lmSR3_cuts,0.10172191375692718,5,false,75.32457142857143,false,false,12.66,false,2.093506e6,1.8805505632183903e6,false,0
576.756,none,0.09791807244002781,0,false,166.8563333333333,false,false,12.66,true,2.090596e6,1.8858888694291676e6,false,0
