CG_time_taken,method,CG_LP_IP_gap,implemented_SR3_cuts_count,errored,CG_sp_time_taken_mean,converged,CGIP_artificial,ngroute_neighborhood_size,time_limit_reached,CGIP_objective,CGLP_objective,CGLP_artificial,cycles_lookup_length
112.548,use_adaptive_ngroute,0.3385325499599826,0,false,1.654,false,false,8.0,false,2.854682e6,1.888279223215137e6,false,38
308.268,use_adaptive_ngroute,0.1933800174569661,0,false,14.235047619047617,false,false,9.58,false,2.472682e6,1.9945147116744742e6,false,17
968.649,use_adaptive_ngroute,0.18429965602033493,0,false,60.40643750000002,false,false,10.36,false,2.460112e6,2.0067142046285018e6,false,3
280.484,use_lmSR3_cuts,0.13956760441521943,5,false,69.97224999999999,false,false,10.72,false,2.33223e6,2.0067262459546928e6,false,0
794.417,use_lmSR3_cuts,0.13662361305625415,5,false,87.93355555555556,false,false,10.72,false,2.33223e6,2.0135923109218124e6,false,0
928.271,use_adaptive_ngroute,0.13318446745139967,0,false,132.32614285714288,false,false,10.72,false,2.33223e6,2.021613189475822e6,false,9
114.851,none,0.13275056997499346,0,false,NaN,false,false,11.959999999999999,true,2.33223e6,2.022625138187221e6,false,0
