CG_time_taken,method,CG_LP_IP_gap,implemented_SR3_cuts_count,errored,CG_sp_time_taken_mean,converged,CGIP_artificial,ngroute_neighborhood_size,time_limit_reached,CGIP_objective,CGLP_objective,CGLP_artificial,cycles_lookup_length
198.559,use_adaptive_ngroute,0.3136578459424403,0,false,4.160892857142857,false,false,8.0,false,2.707976e6,1.8585980809761742e6,false,45
983.843,use_adaptive_ngroute,0.15996498276533266,0,false,60.994375000000005,false,false,13.32,false,2.27649e6,1.9123313163845479e6,false,23
1300.787,use_adaptive_ngroute,0.15682110562444385,0,false,185.58157142857144,false,false,15.18,false,2.27649e6,1.9194883212570099e6,false,6
1020.647,use_adaptive_ngroute,0.15641880756739646,0,false,204.043,false,false,15.459999999999999,false,2.27649e6,1.9204041487608976e6,false,4
57.738,none,0.15622712675514305,0,false,NaN,false,false,15.66,true,2.27649e6,1.9208405082131843e6,false,0
