CG_time_taken,method,CG_LP_IP_gap,implemented_SR3_cuts_count,errored,CG_sp_time_taken_mean,converged,CGIP_artificial,ngroute_neighborhood_size,time_limit_reached,CGIP_objective,CGLP_objective,CGLP_artificial,cycles_lookup_length
258.17,use_adaptive_ngroute,0.3175600520778925,0,false,4.5767058823529405,false,false,8.0,false,2.58459e6,1.7638274649999999e6,false,38
1602.293,use_adaptive_ngroute,0.10034022101814066,0,false,66.17599999999999,false,false,10.72,false,2.12734e6,1.9138822342192687e6,false,5
539.859,use_adaptive_ngroute,0.09915640777842949,0,false,48.90627272727272,false,false,10.82,false,2.12734e6,1.9164006074766358e6,false,2
286.132,use_lmSR3_cuts,0.09914206891652899,5,false,71.44399999999999,false,false,10.86,false,2.12734e6,1.9164311111111112e6,false,0
881.669,none,0.05926662675555028,0,false,142.83216666666667,false,false,10.86,true,2.05045e6,1.928926745169082e6,false,0
