CG_time_taken,method,CG_LP_IP_gap,implemented_SR3_cuts_count,errored,CG_sp_time_taken_mean,converged,CGIP_artificial,ngroute_neighborhood_size,time_limit_reached,CGIP_objective,CGLP_objective,CGLP_artificial,cycles_lookup_length
69.143,use_adaptive_ngroute,0.3652622243600897,0,false,1.33304,false,false,8.0,false,2.93268e6,1.861482779863652e6,false,45
986.167,use_adaptive_ngroute,0.1485318700417465,0,false,61.151125,false,false,11.22,false,2.277109e6,1.9388857419411086e6,false,20
525.387,use_adaptive_ngroute,0.147171130012562,0,false,87.36300000000001,false,false,12.42,false,2.277109e6,1.941984295308225e6,false,2
178.548,use_adaptive_ngroute,0.14703692439822913,0,false,89.16850000000001,false,false,12.46,false,2.277109e6,1.9422898961204728e6,false,4
347.745,use_lmSR3_cuts,0.14699246777237918,5,false,115.85633333333334,false,false,12.72,false,2.277109e6,1.9423911287033055e6,false,0
1430.361,none,0.14210837013025457,0,false,235.80983333333336,false,false,12.72,true,2.277109e6,1.953512751401066e6,false,0
