CG_time_taken,method,CG_LP_IP_gap,implemented_SR3_cuts_count,errored,CG_sp_time_taken_mean,converged,CGIP_artificial,ngroute_neighborhood_size,time_limit_reached,CGIP_objective,CGLP_objective,CGLP_artificial,cycles_lookup_length
63.34,use_adaptive_ngroute,0.2436148838692982,0,false,1.3607499999999997,false,false,8.0,false,2.54406e6,1.9242891185434733e6,false,44
402.25,use_adaptive_ngroute,0.1872906539385416,0,false,21.968444444444444,false,false,10.88,false,2.43569e6,1.9795080271084337e6,false,15
512.774,use_adaptive_ngroute,0.18531246985864913,0,false,63.97924999999999,false,false,12.16,false,2.43569e6,1.9843262702899869e6,false,5
321.325,use_lmSR3_cuts,0.18402828586702258,5,false,80.2165,false,false,12.48,false,2.43569e6,1.9874541443965517e6,false,0
1642.141,use_adaptive_ngroute,0.03838485014252557,0,false,149.1451818181818,false,false,12.48,false,2.077063e6,1.9973352480084153e6,false,11
614.753,none,0.03806930316293533,0,false,223.85750000000002,false,false,13.94,true,2.077063e6,1.997990658964484e6,false,0
