CG_time_taken,method,CG_LP_IP_gap,implemented_SR3_cuts_count,errored,CG_sp_time_taken_mean,converged,CGIP_artificial,ngroute_neighborhood_size,time_limit_reached,CGIP_objective,CGLP_objective,CGLP_artificial,cycles_lookup_length
66.363,use_adaptive_ngroute,0.2545304054589679,0,false,1.3830000000000002,false,false,8.0,false,2.50195e6,1.8651276520619353e6,false,38
532.797,use_adaptive_ngroute,0.005007792313936332,0,false,20.82868,false,false,10.260000000000002,false,1.95764e6,1.9478365454545456e6,false,12
169.974,use_adaptive_ngroute,0.004777973800892288,0,false,28.13416666666667,false,false,11.059999999999999,false,1.95764e6,1.9482864473684211e6,false,2
211.837,use_adaptive_ngroute,0.004723435214996519,0,false,42.23120000000001,false,false,11.459999999999999,false,1.95764e6,1.9483932142857143e6,false,8
349.468,use_lmSR3_cuts,0.004713946653274181,5,false,49.75128571428571,false,false,11.74,false,1.95764e6,1.9484117894736843e6,false,0
404.173,use_lmSR3_cuts,0.003277049416064992,5,false,67.12750000000003,false,false,11.74,false,1.95764e6,1.9512247169811346e6,false,0
1047.298,use_adaptive_ngroute,0.0015685035131133285,0,false,116.20866666666666,false,false,11.74,false,1.95764e6,1.9545694347825889e6,false,4
515.579,use_lmSR3_cuts,0.0014154391787981613,5,false,128.756,false,false,11.82,false,1.95764e6,1.9548690796460176e6,false,0
187.471,none,4.440892098500626e-16,0,false,121.572,true,false,11.82,true,1.95764e6,1.957639999999999e6,false,0
