CG_time_taken,method,CG_LP_IP_gap,implemented_SR3_cuts_count,errored,CG_sp_time_taken_mean,converged,CGIP_artificial,ngroute_neighborhood_size,time_limit_reached,CGIP_objective,CGLP_objective,CGLP_artificial,cycles_lookup_length
118.266,use_adaptive_ngroute,0.3535797052088083,0,false,2.619461538461538,false,false,8.0,false,2.75588e6,1.7814567620091494e6,false,36
370.46,use_adaptive_ngroute,0.22670799718886292,0,false,20.061666666666664,false,false,9.64,false,2.43715e6,1.8846286046511626e6,false,14
422.207,use_adaptive_ngroute,0.21742675294957525,0,false,60.09628571428572,false,false,11.92,false,2.41049e6,1.8863849862825784e6,false,6
281.738,use_adaptive_ngroute,0.21727581244491345,0,false,70.32775,false,false,12.18,false,2.41049e6,1.8867488268596607e6,false,2
361.162,use_adaptive_ngroute,0.21727577425025002,0,false,90.202,false,false,12.34,false,2.41049e6,1.886748918927515e6,false,2
97.104,use_adaptive_ngroute,0.21727572851142296,0,false,97.015,false,false,12.52,false,2.41049e6,1.8867490291805e6,false,1
88.478,use_lmSR3_cuts,0.21727561981881172,5,false,88.387,false,false,12.559999999999999,false,2.41049e6,1.8867492911829525e6,false,0
1707.258,none,0.14015235895590905,0,false,198.47349999999997,false,false,12.559999999999999,true,2.21723e6,1.9064799851521899e6,false,0
