CG_time_taken,method,CG_LP_IP_gap,implemented_SR3_cuts_count,errored,CG_sp_time_taken_mean,converged,CGIP_artificial,ngroute_neighborhood_size,time_limit_reached,CGIP_objective,CGLP_objective,CGLP_artificial,cycles_lookup_length
142.139,use_adaptive_ngroute,0.30490763932726284,0,false,2.4965806451612904,false,false,8.0,false,2.64781e6,1.8404725035128803e6,false,38
789.543,use_adaptive_ngroute,0.10729967620437675,0,false,32.14175,false,false,10.68,false,2.18123e6,1.9471847272727273e6,false,15
679.661,use_adaptive_ngroute,0.1057312112603156,0,false,84.54974999999999,false,false,12.48,false,2.18123e6,1.9506059100626619e6,false,2
601.632,use_adaptive_ngroute,0.10497492271294484,0,false,100.06916666666669,false,false,12.7,false,2.18123e6,1.9522555493308434e6,false,8
858.657,use_adaptive_ngroute,0.1043409364239507,0,false,286.0613333333333,false,false,13.96,false,2.18123e6,1.953638419243986e6,false,1
450.985,none,0.10433997139524565,0,false,229.10500000000002,false,false,14.16,true,2.18123e6,1.9536405241935484e6,false,0
