CG_time_taken,method,CG_LP_IP_gap,implemented_SR3_cuts_count,errored,CG_sp_time_taken_mean,converged,CGIP_artificial,ngroute_neighborhood_size,time_limit_reached,CGIP_objective,CGLP_objective,CGLP_artificial,cycles_lookup_length
202.982,use_adaptive_ngroute,0.24998953731832663,0,false,3.935777777777778,false,false,8.0,false,2.289555e6,1.7171902048851387e6,false,41
1124.752,use_adaptive_ngroute,0.16386399774809035,0,false,65.69511764705881,false,false,11.78,false,2.116058e6,1.7693122766531715e6,false,19
1419.398,use_adaptive_ngroute,0.16096486561466072,0,false,141.8274,false,false,13.260000000000002,false,2.11469e6,1.774299208333333e6,false,3
222.04,use_adaptive_ngroute,0.16084133161624414,0,false,73.87333333333333,false,false,13.36,false,2.11469e6,1.7745604444444447e6,false,5
357.907,use_lmSR3_cuts,0.16081488252728482,5,false,119.22966666666666,false,false,13.700000000000001,false,2.11469e6,1.774616376068376e6,false,0
197.189,none,0.15533130108413562,0,false,NaN,false,false,13.700000000000001,true,2.11469e6,1.7862124509103892e6,false,0
