CG_time_taken,method,CG_LP_IP_gap,implemented_SR3_cuts_count,errored,CG_sp_time_taken_mean,converged,CGIP_artificial,ngroute_neighborhood_size,time_limit_reached,CGIP_objective,CGLP_objective,CGLP_artificial,cycles_lookup_length
107.41,use_adaptive_ngroute,0.3310714497885656,0,false,1.7384814814814813,false,false,8.0,false,2.73182e6,1.8273923920386008e6,false,41
527.6,use_adaptive_ngroute,0.19534211281820568,0,false,30.238647058823528,false,false,10.68,false,2.44559e6,1.9678632823129243e6,false,30
1026.305,use_adaptive_ngroute,0.19357176933211495,0,false,128.138375,false,false,13.34,false,2.44559e6,1.972192816639073e6,false,4
490.144,use_adaptive_ngroute,0.1934843430777271,0,false,122.4615,false,false,13.66,false,2.44559e6,1.9724066254125414e6,false,2
1039.559,use_lmSR3_cuts,0.19342935268679273,5,false,207.76040000000003,false,false,13.76,false,2.44559e6,1.9725411093627065e6,false,0
280.562,none,0.17712028876209795,0,false,NaN,false,false,13.76,true,2.44559e6,2.0124263930063008e6,false,0
