CG_time_taken,method,CG_LP_IP_gap,implemented_SR3_cuts_count,errored,CG_sp_time_taken_mean,converged,CGIP_artificial,ngroute_neighborhood_size,time_limit_reached,CGIP_objective,CGLP_objective,CGLP_artificial,cycles_lookup_length
90.091,use_adaptive_ngroute,0.32191941711765093,0,false,1.5394074074074078,false,false,8.0,false,2.61997e6,1.7765507847342682e6,false,47
1595.409,use_adaptive_ngroute,0.12669005963493984,0,false,113.31492857142858,false,false,11.02,false,2.205639e6,1.926206463556851e6,false,3
664.83,use_adaptive_ngroute,0.12533787596182677,0,false,110.64433333333334,false,false,11.12,false,2.205639e6,1.9291888926014323e6,false,8
1163.671,use_lmSR3_cuts,0.1251901197459402,5,false,232.60519999999997,false,false,12.24,true,2.205639e6,1.9295147894736843e6,false,0
