CG_time_taken,method,CG_LP_IP_gap,implemented_SR3_cuts_count,errored,CG_sp_time_taken_mean,converged,CGIP_artificial,ngroute_neighborhood_size,time_limit_reached,CGIP_objective,CGLP_objective,CGLP_artificial,cycles_lookup_length
65.556,use_adaptive_ngroute,0.32787901835493727,0,false,1.391304347826087,false,false,8.0,false,2.72024e6,1.8283303791101654e6,false,44
705.335,use_adaptive_ngroute,0.0974164823530218,0,false,38.63261111111111,false,false,11.620000000000001,false,2.17027e6,1.9588499308437074e6,false,10
1001.33,use_adaptive_ngroute,0.0951843375574486,0,false,99.9507,false,false,13.3,false,2.17027e6,1.963694287729196e6,false,7
1197.055,use_lmSR3_cuts,0.09258520798281278,5,false,170.87685714285712,false,false,13.520000000000001,false,2.17027e6,1.969335100671141e6,false,0
600.924,none,0.08908920448343238,0,false,180.943,false,false,13.520000000000001,true,2.17027e6,1.9769223721857413e6,false,0
