CG_time_taken,method,CG_LP_IP_gap,implemented_SR3_cuts_count,errored,CG_sp_time_taken_mean,converged,CGIP_artificial,ngroute_neighborhood_size,time_limit_reached,CGIP_objective,CGLP_objective,CGLP_artificial,cycles_lookup_length
117.03,use_adaptive_ngroute,0.27020055137052823,0,false,2.321416666666667,false,false,8.0,false,2.570767e6,1.8761443391548411e6,false,48
1914.693,use_adaptive_ngroute,0.06174877291735381,0,false,105.82916666666668,false,false,12.36,false,2.071867e6,1.943931755102041e6,false,13
1451.095,use_lmSR3_cuts,0.061739966899422516,5,false,181.22325,false,false,13.799999999999999,false,2.071867e6,1.9439499999999942e6,false,0
80.712,none,0.05608915488330424,0,false,NaN,false,false,13.799999999999999,true,2.071867e6,1.9556577309393932e6,false,0
