CG_time_taken,method,CG_LP_IP_gap,implemented_SR3_cuts_count,errored,CG_sp_time_taken_mean,converged,CGIP_artificial,ngroute_neighborhood_size,time_limit_reached,CGIP_objective,CGLP_objective,CGLP_artificial,cycles_lookup_length
97.904,use_adaptive_ngroute,0.3471375012958,0,false,1.7198928571428567,false,false,8.0,false,2.7737e6,1.8108447126558395e6,false,43
751.532,use_adaptive_ngroute,0.12067461739947072,0,false,41.34505555555556,false,false,10.92,false,2.17397e6,1.9116270020120726e6,false,23
524.288,use_adaptive_ngroute,0.11804912150367841,0,false,87.23383333333332,false,false,12.860000000000001,false,2.17136e6,1.9150328595317728e6,false,7
662.903,use_adaptive_ngroute,0.1178340791879594,0,false,132.4788,false,false,13.6,false,2.17136e6,1.9154997938144326e6,false,2
287.887,use_lmSR3_cuts,0.11783216268887675,5,false,143.86849999999998,false,false,13.719999999999999,false,2.17136e6,1.9155039552238805e6,false,0
1217.156,none,0.11160023032871502,0,false,159.26557142857143,false,false,13.719999999999999,true,2.17136e6,1.9290357238734413e6,false,0
