CG_time_taken,method,CG_LP_IP_gap,implemented_SR3_cuts_count,errored,CG_sp_time_taken_mean,converged,CGIP_artificial,ngroute_neighborhood_size,time_limit_reached,CGIP_objective,CGLP_objective,CGLP_artificial,cycles_lookup_length
106.723,use_adaptive_ngroute,0.2904287668980259,0,false,1.350176470588235,false,false,8.0,false,2.47409e6,1.7555430921052631e6,false,23
191.784,use_adaptive_ngroute,0.19986581911921997,0,false,11.238875,false,false,8.94,false,2.2441e6,1.7955811153145584e6,false,28
924.925,use_adaptive_ngroute,0.195728718180589,0,false,83.87272727272729,false,false,11.94,false,2.2441e6,1.8048651835309402e6,false,8
1138.4,use_adaptive_ngroute,0.19497021744780518,0,false,189.60150000000002,false,false,13.2,false,2.2441e6,1.8065673350253804e6,false,4
537.349,use_adaptive_ngroute,0.19496528211549158,0,false,179.04433333333333,false,false,13.28,false,2.2441e6,1.8065784104046253e6,false,1
643.369,none,0.19496528211549258,0,false,173.023,false,false,13.34,true,2.2441e6,1.806578410404623e6,false,0
