CG_time_taken,method,CG_LP_IP_gap,implemented_SR3_cuts_count,errored,CG_sp_time_taken_mean,converged,CGIP_artificial,ngroute_neighborhood_size,time_limit_reached,CGIP_objective,CGLP_objective,CGLP_artificial,cycles_lookup_length
114.983,use_adaptive_ngroute,0.2544431426120398,0,false,1.6276896551724136,false,false,8.0,false,2.69696e6,2.010737022101033e6,false,38
649.976,use_adaptive_ngroute,0.0621501686070528,0,false,39.399187500000004,false,false,9.583333333333334,false,2.211418e6,2.0739779984393285e6,false,23
816.895,use_adaptive_ngroute,0.06031893767296315,0,false,135.70066666666668,false,false,11.966666666666667,false,2.211418e6,2.0780276154891313e6,false,5
400.506,use_lmSR3_cuts,0.05993094935705956,5,false,99.87675,false,false,12.1,false,2.211418e6,2.0788856198347101e6,false,0
1129.406,use_adaptive_ngroute,0.05651048180965612,0,false,160.98814285714286,false,false,12.1,false,2.211418e6,2.0864497033374538e6,false,11
449.063,none,0.03262972638545225,0,false,389.149,false,false,12.533333333333333,true,2.157908e6,2.0874960523950215e6,false,0
