CG_time_taken,method,CG_LP_IP_gap,implemented_SR3_cuts_count,errored,CG_sp_time_taken_mean,converged,CGIP_artificial,ngroute_neighborhood_size,time_limit_reached,CGIP_objective,CGLP_objective,CGLP_artificial,cycles_lookup_length
188.779,use_adaptive_ngroute,0.2999062727136479,0,false,2.77371875,false,false,8.0,false,2.862216e6,2.0038194677386335e6,false,44
1027.513,use_adaptive_ngroute,0.14646112980946802,0,false,41.87191666666667,false,false,10.5,false,2.41672e6,2.0627644583668625e6,false,18
909.582,use_adaptive_ngroute,0.14440863949818994,0,false,90.60990000000001,false,false,11.483333333333333,false,2.41672e6,2.0677247527519343e6,false,8
1113.633,use_adaptive_ngroute,0.14309213154874556,0,false,123.35499999999999,false,false,11.716666666666667,false,2.41672e6,2.0709063838435155e6,false,7
308.533,none,0.14301707969566158,0,false,137.987,false,false,12.016666666666667,true,2.41672e6,2.071087763157901e6,false,0
