CG_time_taken,method,CG_LP_IP_gap,implemented_SR3_cuts_count,errored,CG_sp_time_taken_mean,converged,CGIP_artificial,ngroute_neighborhood_size,time_limit_reached,CGIP_objective,CGLP_objective,CGLP_artificial,cycles_lookup_length
222.732,use_adaptive_ngroute,0.22285379284792106,0,false,2.8637741935483874,false,false,8.0,false,2.64044e6,2.0520079312126352e6,false,46
1583.949,use_adaptive_ngroute,0.08037298569617923,0,false,73.5182380952381,false,false,10.95,false,2.26443e6,2.082431000000001e6,false,2
346.919,use_adaptive_ngroute,0.08022005318577363,0,false,86.38175,false,false,11.083333333333334,false,2.26443e6,2.0827773049645387e6,false,11
391.849,use_lmSR3_cuts,0.08021111881052456,5,false,130.337,false,false,11.766666666666667,false,2.26443e6,2.0827975362318838e6,false,0
984.366,none,0.0705902071820701,0,false,338.41400000000004,false,false,11.766666666666667,true,2.26443e6,2.104583417150705e6,false,0
