CG_time_taken,method,CG_LP_IP_gap,implemented_SR3_cuts_count,errored,CG_sp_time_taken_mean,converged,CGIP_artificial,ngroute_neighborhood_size,time_limit_reached,CGIP_objective,CGLP_objective,CGLP_artificial,cycles_lookup_length
231.198,use_adaptive_ngroute,0.31172401921342185,0,false,2.9802,false,false,8.0,false,2.8536e6,1.9640643387725793e6,false,47
2059.439,use_adaptive_ngroute,0.2528399076329947,0,false,84.50041666666667,false,false,11.616666666666667,false,2.774538e6,2.0730240683557661e6,false,13
1125.778,use_adaptive_ngroute,0.2519244654794006,0,false,112.10040000000001,false,false,12.733333333333334,false,2.774538e6,2.0755639973977148e6,false,8
43.467,none,0.2518158514064134,0,false,NaN,false,false,13.3,true,2.774538e6,2.0758653512705527e6,false,0
