CG_time_taken,method,CG_LP_IP_gap,implemented_SR3_cuts_count,errored,CG_sp_time_taken_mean,converged,CGIP_artificial,ngroute_neighborhood_size,time_limit_reached,CGIP_objective,CGLP_objective,CGLP_artificial,cycles_lookup_length
155.486,use_adaptive_ngroute,0.3333015860442614,0,false,2.33884375,false,false,8.0,false,3.08787e6,2.0586780315015067e6,false,48
1643.775,use_adaptive_ngroute,0.11004528442442185,0,false,74.15100000000001,false,false,10.583333333333332,false,2.39541e6,2.1318064252368957e6,false,18
1155.274,use_adaptive_ngroute,0.10886672984526324,0,false,144.24375,false,false,12.433333333333334,false,2.39541e6,2.134629546661358e6,false,16
590.908,none,0.10833275242996643,0,false,296.557,false,false,13.65,true,2.39541e6,2.135908641501734e6,false,0
