CG_time_taken,method,CG_LP_IP_gap,implemented_SR3_cuts_count,errored,CG_sp_time_taken_mean,converged,CGIP_artificial,ngroute_neighborhood_size,time_limit_reached,CGIP_objective,CGLP_objective,CGLP_artificial,cycles_lookup_length
5.491,use_adaptive_ngroute,0.2520384669439162,0,false,0.22236842105263155,false,false,5.0,false,1.60583e6,1.201099068627451e6,false,15
6.943,use_adaptive_ngroute,0.029040002950310728,0,false,0.7507777777777778,false,false,6.25,false,1.36078e6,1.3212629447852762e6,false,6
4.363,use_lmSR3_cuts,0.022528990725907194,5,false,0.8670000000000001,false,false,6.6499999999999995,false,1.36078e6,1.330123e6,false,0
13.064,use_lmSR3_cuts,0.01640035327332312,5,false,2.4904000000000006,false,false,6.6499999999999995,false,1.36078e6,1.3384627272727273e6,false,0
11.185,use_adaptive_ngroute,0.011096032613103768,0,false,2.1729999999999996,false,false,6.6499999999999995,false,1.36078e6,1.3456807407407407e6,false,2
3.997,use_lmSR3_cuts,0.010801709313775887,5,false,1.9925000000000002,false,false,6.75,false,1.36078e6,1.34608125e6,false,0
13.876,none,0.005769938876205916,0,false,3.418,false,false,6.75,false,1.3579e6,1.350065e6,false,0
