CG_time_taken,method,CG_LP_IP_gap,implemented_SR3_cuts_count,errored,CG_sp_time_taken_mean,converged,CGIP_artificial,ngroute_neighborhood_size,time_limit_reached,CGIP_objective,CGLP_objective,CGLP_artificial,cycles_lookup_length
2.296,use_adaptive_ngroute,0.27379971830266436,0,false,0.11991666666666667,false,false,5.0,false,1.605269e6,1.1657468000000003e6,false,13
0.782,use_adaptive_ngroute,0.06412364086835176,0,false,0.11599999999999999,false,false,5.6499999999999995,false,1.34001e6,1.25408368e6,false,10
1.178,use_lmSR3_cuts,0.04940585020509791,4,false,0.18916666666666668,false,false,7.45,false,1.34001e6,1.2738056666666667e6,false,0
2.012,use_adaptive_ngroute,0.04442255406054174,0,false,0.2605,false,false,7.45,false,1.34001e6,1.2804833333333335e6,false,3
1.621,use_lmSR3_cuts,0.03102305386835491,2,false,0.40075,false,false,8.0,false,1.321716e6,1.2807123333333335e6,false,0
0.543,use_lmSR3_cuts,0.02966787116142955,2,false,0.47100000000000003,false,false,8.0,false,1.321716e6,1.2825035e6,false,0
1.899,use_lmSR3_cuts,0.004904496131211911,5,false,0.4685,false,false,8.0,false,1.29541e6,1.2890566666666667e6,false,0
0.632,use_adaptive_ngroute,0.0037258474151040666,0,false,0.41700000000000004,false,false,8.0,false,1.29541e6,1.2905835e6,false,2
1.485,use_adaptive_ngroute,0.0009437938567711246,0,false,0.48966666666666664,false,false,8.200000000000001,false,1.29541e6,1.2941874000000001e6,false,1
1.051,none,0.0,0,false,0.5195000000000001,true,false,8.4,false,1.29541e6,1.29541e6,false,0
