CG_time_taken,method,CG_LP_IP_gap,implemented_SR3_cuts_count,errored,CG_sp_time_taken_mean,converged,CGIP_artificial,ngroute_neighborhood_size,time_limit_reached,CGIP_objective,CGLP_objective,CGLP_artificial,cycles_lookup_length
2.087,use_adaptive_ngroute,0.31452291570586954,0,false,0.1433,false,false,5.0,false,1.73295e6,1.1878975132275133e6,false,17
2.847,use_adaptive_ngroute,0.07044734300831035,0,false,0.27049999999999996,false,false,6.4,false,1.47046e6,1.36687e6,false,1
0.928,use_lmSR3_cuts,0.067398977190811,5,false,0.301,false,false,6.45,false,1.47046e6,1.3713525e6,false,0
2.109,use_lmSR3_cuts,0.045739747438581,5,false,0.372,false,false,6.45,false,1.45232e6,1.38589125e6,false,0
1.971,use_adaptive_ngroute,0.04384440833363934,0,false,0.3342,false,false,6.45,false,1.45232e6,1.388643888888889e6,false,4
0.397,use_lmSR3_cuts,0.043395591683847545,5,false,0.39,false,false,6.6499999999999995,false,1.45232e6,1.3892957142857146e6,false,0
2.113,use_adaptive_ngroute,0.014312426731386552,0,false,0.6453333333333333,false,false,6.6499999999999995,false,1.423984e6,1.4036033333333333e6,false,3
1.067,use_adaptive_ngroute,0.014205918044022936,0,false,0.5275,false,false,7.1,false,1.423984e6,1.403755e6,false,1
0.542,use_lmSR3_cuts,0.01385328567094668,5,false,0.533,false,false,7.15,false,1.423984e6,1.4042571428571427e6,false,0
1.432,use_lmSR3_cuts,0.005611596168517474,5,false,0.674,false,false,7.15,false,1.41564e6,1.407696e6,false,0
0.793,use_adaptive_ngroute,0.004140647810648823,0,false,0.643,false,false,7.15,false,1.41564e6,1.409778333333333e6,false,3
1.394,use_lmSR3_cuts,0.003990118553143018,5,false,0.6910000000000001,false,false,7.7,false,1.41564e6,1.4099914285714286e6,false,0
2.518,none,0.0,0,false,0.8303333333333334,true,false,7.7,false,1.41189e6,1.41189e6,false,0
