CG_time_taken,method,CG_LP_IP_gap,implemented_SR3_cuts_count,errored,CG_sp_time_taken_mean,converged,CGIP_artificial,ngroute_neighborhood_size,time_limit_reached,CGIP_objective,CGLP_objective,CGLP_artificial,cycles_lookup_length
3.742,use_adaptive_ngroute,0.22671909177926608,0,false,0.13573684210526318,false,false,5.0,false,1.39624e6,1.0796857352941176e6,false,20
2.149,use_adaptive_ngroute,0.06867342118750697,0,false,0.22466666666666668,false,false,6.75,false,1.34742e6,1.2548880588235294e6,false,11
1.652,use_adaptive_ngroute,0.051821258404951664,0,false,0.3208,false,false,8.25,false,1.34742e6,1.277595e6,false,7
1.456,use_adaptive_ngroute,0.04979367977319615,0,false,0.35900000000000004,false,false,9.1,false,1.34742e6,1.280327e6,false,3
1.464,use_adaptive_ngroute,0.04916601559073841,0,false,0.36075,false,false,9.350000000000001,false,1.34742e6,1.2811727272727273e6,false,1
0.553,use_lmSR3_cuts,0.04867821466209499,5,false,0.546,false,false,9.45,false,1.34742e6,1.28183e6,false,0
2.96,use_lmSR3_cuts,0.030773943589473163,5,false,0.59225,false,false,9.45,false,1.32753e6,1.2866766666666667e6,false,0
4.202,use_adaptive_ngroute,0.004809456814289015,0,false,0.6596666666666666,false,false,9.45,false,1.30784e6,1.3015500000000002e6,false,1
1.317,use_lmSR3_cuts,0.004809456814289015,2,false,0.6515,false,false,9.549999999999999,false,1.30784e6,1.3015500000000002e6,false,0
1.446,use_lmSR3_cuts,0.002683814533887885,5,false,0.7145,false,false,9.549999999999999,false,1.30784e6,1.30433e6,false,0
2.481,use_adaptive_ngroute,0.002037711034988954,0,false,0.7686666666666666,false,false,9.549999999999999,false,1.30784e6,1.305175e6,false,2
0.914,use_lmSR3_cuts,0.0001192806459505702,5,false,0.905,false,false,9.700000000000001,false,1.30784e6,1.307684e6,false,0
2.103,none,0.0,0,false,0.933,true,false,9.700000000000001,false,1.30784e6,1.30784e6,false,0
