CG_time_taken,method,CG_LP_IP_gap,implemented_SR3_cuts_count,errored,CG_sp_time_taken_mean,converged,CGIP_artificial,ngroute_neighborhood_size,time_limit_reached,CGIP_objective,CGLP_objective,CGLP_artificial,cycles_lookup_length
11.8,use_adaptive_ngroute,0.18315429634753388,0,false,0.6077333333333333,false,false,5.0,false,1.147882e6,937642.4800000001,false,20
11.832,use_adaptive_ngroute,0.04155799942854721,0,false,0.8803846153846152,false,false,8.9,false,1.09662e6,1.0510466666666665e6,false,7
6.725,use_lmSR3_cuts,0.039950028268680104,4,false,1.111,false,false,9.549999999999999,false,1.09662e6,1.05281e6,false,0
10.516,use_adaptive_ngroute,0.03497109299483869,0,false,1.4162857142857146,false,false,9.549999999999999,false,1.09662e6,1.05827e6,false,3
1.211,use_lmSR3_cuts,0.034937656921571025,5,false,1.201,false,false,9.700000000000001,false,1.09662e6,1.0583066666666667e6,false,0
13.347,use_adaptive_ngroute,0.02089203823415653,0,false,1.8554285714285716,false,false,9.700000000000001,false,1.08594e6,1.0632525e6,false,1
6.433,use_lmSR3_cuts,0.016087444978543974,1,false,2.1176666666666666,false,false,9.75,false,1.08594e6,1.06847e6,false,0
6.746,use_lmSR3_cuts,0.01489953404423816,1,false,2.2390000000000003,false,false,9.75,false,1.08594e6,1.06976e6,false,0
14.502,use_lmSR3_cuts,0.014164686815109517,3,false,2.4066666666666667,false,false,9.75,false,1.08594e6,1.070558e6,false,0
14.786,use_lmSR3_cuts,0.012302705490174426,1,false,2.0995714285714286,false,false,9.75,false,1.08594e6,1.07258e6,false,0
11.294,none,0.010589819751674279,0,false,2.7785,false,false,9.75,false,1.08406e6,1.07258e6,false,0
