CG_time_taken,method,CG_LP_IP_gap,implemented_SR3_cuts_count,errored,CG_sp_time_taken_mean,converged,CGIP_artificial,ngroute_neighborhood_size,time_limit_reached,CGIP_objective,CGLP_objective,CGLP_artificial,cycles_lookup_length
3.745,use_adaptive_ngroute,0.30745036016413363,0,false,0.2627,false,false,5.0,false,1.63444e6,1.1319308333333335e6,false,20
4.836,use_adaptive_ngroute,0.06797466561276999,0,false,0.4923333333333333,false,false,7.7,false,1.37559e6,1.2820847297297297e6,false,8
3.177,use_adaptive_ngroute,0.021353134869811496,0,false,0.6115999999999999,false,false,9.2,false,1.31593e6,1.287830769230769e6,false,3
2.758,use_lmSR3_cuts,0.020843148951691925,5,false,0.903,false,false,9.350000000000001,false,1.31593e6,1.288501875e6,false,0
6.684,use_adaptive_ngroute,0.015026743715199742,0,false,1.1958,false,false,9.350000000000001,false,1.31593e6,1.2961558571428573e6,false,4
2.144,use_lmSR3_cuts,0.01334368849406875,5,false,1.061,false,false,9.85,false,1.31593e6,1.2983706400000001e6,false,0
6.647,use_adaptive_ngroute,0.010013229941880919,0,false,1.6227500000000001,false,false,9.85,false,1.31593e6,1.3027532903225806e6,false,2
3.929,use_lmSR3_cuts,0.009186537277818818,5,false,1.943,false,false,10.25,false,1.31593e6,1.30384116e6,false,0
10.839,use_lmSR3_cuts,0.005475055264097972,5,false,2.0938000000000003,false,false,10.25,false,1.31593e6,1.3087252105263155e6,false,0
6.734,use_lmSR3_cuts,0.0036039151018669724,5,false,2.182666666666667,false,false,10.25,false,1.31593e6,1.3111875000000002e6,false,0
12.982,none,0.0,0,false,2.5392,true,false,10.25,false,1.3118e6,1.3118e6,false,0
