CG_time_taken,method,CG_LP_IP_gap,implemented_SR3_cuts_count,errored,CG_sp_time_taken_mean,converged,CGIP_artificial,ngroute_neighborhood_size,time_limit_reached,CGIP_objective,CGLP_objective,CGLP_artificial,cycles_lookup_length
2.988,use_adaptive_ngroute,0.26029547086778515,0,false,0.15661538461538463,false,false,5.0,false,1.51772e6,1.1226643579545452e6,false,18
2.014,use_adaptive_ngroute,0.04145108141896037,0,false,0.233375,false,false,6.6,false,1.38383e6,1.32646875e6,false,4
1.692,use_adaptive_ngroute,0.032939077295139785,0,false,0.27416666666666667,false,false,6.949999999999999,false,1.38383e6,1.3382479166666667e6,false,8
1.754,use_adaptive_ngroute,0.02388931443891229,0,false,0.3458,false,false,7.799999999999999,false,1.38383e6,1.35077125e6,false,1
0.426,use_lmSR3_cuts,0.023816922185941447,5,false,0.42,false,false,8.0,false,1.38383e6,1.3508714285714286e6,false,0
1.752,use_adaptive_ngroute,0.019792893635778963,0,false,0.6315000000000001,false,false,8.0,false,1.38383e6,1.35644e6,false,1
4.42,use_lmSR3_cuts,0.011590885935930828,5,false,0.54675,false,false,8.05,false,1.37414e6,1.3582125e6,false,0
2.216,use_lmSR3_cuts,0.010600569568360418,5,false,0.637,false,false,8.05,false,1.37414e6,1.3595733333333333e6,false,0
2.743,use_lmSR3_cuts,0.008895260550841444,5,false,0.64525,false,false,8.05,false,1.37414e6,1.3619166666666667e6,false,0
1.431,use_lmSR3_cuts,0.006741186002396593,5,false,0.7095,false,false,8.05,false,1.37414e6,1.3648766666666667e6,false,0
2.333,use_lmSR3_cuts,0.006544699472641136,5,false,0.7473333333333333,false,false,8.05,false,1.37414e6,1.3651466666666649e6,false,0
4.602,use_lmSR3_cuts,0.006097753261434025,5,false,0.9099999999999999,false,false,8.05,false,1.37414e6,1.365760833333333e6,false,0
2.816,use_lmSR3_cuts,0.002730435035731449,5,false,0.924,false,false,8.05,false,1.37414e6,1.370388e6,false,0
4.004,none,0.0,0,false,0.9570000000000001,true,false,8.05,false,1.37414e6,1.37414e6,false,0
