CG_time_taken,method,CG_LP_IP_gap,implemented_SR3_cuts_count,errored,CG_sp_time_taken_mean,converged,CGIP_artificial,ngroute_neighborhood_size,time_limit_reached,CGIP_objective,CGLP_objective,CGLP_artificial,cycles_lookup_length
14.599,use_adaptive_ngroute,0.16095525224462803,0,false,0.4583333333333333,false,false,5.0,false,1.306198e6,1.0959585714285714e6,false,11
4.089,use_adaptive_ngroute,0.03627312088121992,0,false,0.31577777777777777,false,false,5.666666666666667,false,1.25644e6,1.210865e6,false,9
6.511,use_adaptive_ngroute,0.019504603272298304,0,false,0.46433333333333326,false,false,6.458333333333334,false,1.247808e6,1.22347e6,false,11
5.749,use_lmSR3_cuts,0.018366607683233283,3,false,0.7311428571428571,false,false,7.333333333333334,false,1.247808e6,1.22489e6,false,0
8.874,use_lmSR3_cuts,0.011819660289617118,3,false,1.3015,false,false,7.333333333333334,false,1.247808e6,1.2330593333333335e6,false,0
13.118,use_lmSR3_cuts,0.011683688516181956,1,false,1.4128888888888889,false,false,7.333333333333334,false,1.247808e6,1.233229e6,false,0
5.763,use_adaptive_ngroute,0.011493755449556331,0,false,1.3659999999999999,false,false,7.333333333333334,false,1.247808e6,1.233466e6,false,5
10.163,use_lmSR3_cuts,0.00038413537124981634,3,false,1.9859999999999998,false,false,8.375,false,1.23394e6,1.233466e6,false,0
6.151,none,0.0,0,false,1.9473333333333334,true,false,8.375,false,1.23394e6,1.23394e6,false,0
