CG_time_taken,method,CG_LP_IP_gap,implemented_SR3_cuts_count,errored,CG_sp_time_taken_mean,converged,CGIP_artificial,ngroute_neighborhood_size,time_limit_reached,CGIP_objective,CGLP_objective,CGLP_artificial,cycles_lookup_length
23.279,use_adaptive_ngroute,0.34031874831693376,0,false,0.5084000000000001,false,false,5.0,false,1.569556e6,1.0354066666666667e6,false,11
12.472,use_adaptive_ngroute,0.17935946105953582,0,false,0.8523333333333333,false,false,6.625,false,1.425612e6,1.169914999999993e6,false,14
19.009,use_adaptive_ngroute,0.12336466497731158,0,false,3.041333333333333,false,false,7.833333333333334,false,1.35752e6,1.19005e6,false,5
33.327,use_adaptive_ngroute,0.12217438171567752,0,false,5.484999999999999,false,false,8.166666666666666,false,1.35752e6,1.1916658333333335e6,false,6
58.697,use_lmSR3_cuts,0.12149360598738879,2,false,6.490333333333333,false,false,8.541666666666666,false,1.35752e6,1.19259e6,false,0
69.222,use_adaptive_ngroute,0.025131211205355664,0,false,7.582,false,false,8.541666666666666,false,1.23084e6,1.1999075e6,false,7
24.424,use_lmSR3_cuts,0.024565879128616852,5,false,8.088,false,false,9.375,false,1.23084e6,1.2006033333333333e6,false,0
83.153,use_lmSR3_cuts,0.020940052834789724,5,false,11.692142857142859,false,false,9.375,false,1.23025e6,1.2044885e6,false,0
59.884,use_lmSR3_cuts,0.017256655151391964,2,false,9.890999999999998,false,false,9.375,false,1.23025e6,1.20902e6,false,0
8.551,use_lmSR3_cuts,0.01713879292826659,2,false,8.45,false,false,9.375,false,1.23025e6,1.209165e6,false,0
107.223,use_adaptive_ngroute,0.008911555374223612,0,false,14.956714285714286,false,false,9.375,false,1.2255e6,1.214578888888889e6,false,4
104.185,use_adaptive_ngroute,0.00866069703021266,0,false,25.988500000000002,false,false,9.791666666666666,false,1.2255e6,1.2148863157894744e6,false,2
61.839,use_lmSR3_cuts,0.008637290901672645,5,false,30.796,false,false,9.875,false,1.2255e6,1.2149150000000002e6,false,0
157.854,use_adaptive_ngroute,0.005758302733578136,0,false,31.394199999999998,false,false,9.875,false,1.2255e6,1.2184432e6,false,2
297.249,use_adaptive_ngroute,0.0045060148609721296,0,false,49.441833333333335,false,false,10.041666666666666,false,1.2255e6,1.2199778787878787e6,false,5
136.902,use_lmSR3_cuts,0.004485026519787549,5,false,68.37650000000001,false,false,10.75,false,1.2255e6,1.2200036000000003e6,false,0
459.48,use_adaptive_ngroute,0.00043851618252988,0,false,65.44842857142858,false,false,10.75,false,1.22491e6,1.2243728571428573e6,false,1
285.362,use_lmSR3_cuts,0.0001810248348323995,5,false,71.24374999999999,false,false,10.791666666666668,false,1.22491e6,1.2246882608695654e6,false,0
427.799,none,0.0,0,false,106.73925000000001,true,false,10.791666666666668,false,1.22491e6,1.22491e6,false,0
