CG_time_taken,method,CG_LP_IP_gap,implemented_SR3_cuts_count,errored,CG_sp_time_taken_mean,converged,CGIP_artificial,ngroute_neighborhood_size,time_limit_reached,CGIP_objective,CGLP_objective,CGLP_artificial,cycles_lookup_length
9.858,use_adaptive_ngroute,0.2979801406378153,0,false,0.38512500000000005,false,false,5.0,false,1.768704e6,1.2416653333333335e6,false,24
7.697,use_adaptive_ngroute,0.0847020076930658,0,false,0.882875,false,false,8.958333333333332,false,1.535062e6,1.405039166666667e6,false,8
6.453,use_lmSR3_cuts,0.08360976082182148,5,false,1.2662,false,false,9.958333333333332,false,1.535062e6,1.406715833333333e6,false,0
7.118,use_adaptive_ngroute,0.07147378835065754,0,false,1.61025,false,false,9.958333333333332,false,1.522818e6,1.4139764285714284e6,false,9
8.194,use_adaptive_ngroute,0.07037785649149586,0,false,2.0250000000000004,false,false,10.791666666666668,false,1.522818e6,1.4156453333333333e6,false,2
2.244,use_lmSR3_cuts,0.07037785649149575,5,false,2.227,false,false,10.875,false,1.522818e6,1.4156453333333335e6,false,0
29.387,use_adaptive_ngroute,0.007726861202033586,0,false,3.217,false,false,10.875,false,1.4359e6,1.424805e6,false,2
19.812,use_lmSR3_cuts,0.007354272581656107,1,false,3.2643333333333326,false,false,11.0,false,1.4359e6,1.42534e6,false,0
2.542,use_lmSR3_cuts,0.007124451563479406,1,false,2.52,false,false,11.0,false,1.4359e6,1.42567e6,false,0
15.718,use_lmSR3_cuts,0.005725265750337161,5,false,3.88875,false,false,11.0,false,1.4359e6,1.4276790909090908e6,false,0
44.961,use_lmSR3_cuts,0.004899366251131743,1,false,5.528375,false,false,11.0,false,1.4359e6,1.428865e6,false,0
28.952,use_lmSR3_cuts,0.004899366251131743,1,false,5.7418000000000005,false,false,11.0,false,1.4359e6,1.428865e6,false,0
5.595,use_lmSR3_cuts,0.004471063444529522,1,false,5.564,false,false,11.0,false,1.4359e6,1.42948e6,false,0
16.41,use_adaptive_ngroute,0.004009099983749875,0,false,5.340999999999999,false,false,11.0,false,1.4359e6,1.4301433333333335e6,false,1
33.876,use_lmSR3_cuts,0.0038059753464726453,3,false,8.344499999999998,false,false,11.125,false,1.4359e6,1.430435e6,false,0
19.063,use_lmSR3_cuts,0.0037235647793486537,1,false,4.6965,false,false,11.125,false,1.4359e6,1.4305533333333333e6,false,0
34.535,none,0.002712584441813548,0,false,6.8386,false,false,11.125,false,1.4359e6,1.432005e6,false,0
