CG_time_taken,method,CG_LP_IP_gap,implemented_SR3_cuts_count,errored,CG_sp_time_taken_mean,converged,CGIP_artificial,ngroute_neighborhood_size,time_limit_reached,CGIP_objective,CGLP_objective,CGLP_artificial,cycles_lookup_length
6.402,use_adaptive_ngroute,0.25305456138227556,0,false,0.26942857142857146,false,false,5.0,false,1.57198e6,1.1741832905982905e6,false,24
13.11,use_adaptive_ngroute,0.022621345117280423,0,false,0.947923076923077,false,false,8.75,false,1.394892e6,1.3633376666666665e6,false,4
2.645,use_adaptive_ngroute,0.019920700968314886,0,false,0.8579999999999999,false,false,9.166666666666668,false,1.394892e6,1.3671047735849053e6,false,4
3.67,use_adaptive_ngroute,0.019422240984555583,0,false,1.209,false,false,9.916666666666666,false,1.394892e6,1.3678000714285714e6,false,3
4.476,use_lmSR3_cuts,0.01934249555355716,5,false,2.224,false,false,10.625,false,1.394892e6,1.3679113076923075e6,false,0
9.438,use_adaptive_ngroute,0.016593797624156914,0,false,2.9833333333333334,false,false,10.625,false,1.394892e6,1.3717454444444445e6,false,3
16.377,use_lmSR3_cuts,0.01605116887818092,5,false,4.07275,false,false,10.833333333333334,false,1.394892e6,1.3725023529411764e6,false,0
20.678,use_lmSR3_cuts,0.012160798111968574,1,false,5.08725,false,false,10.833333333333334,false,1.394892e6,1.377929e6,false,0
17.458,use_adaptive_ngroute,0.011601799381498301,0,false,5.782000000000001,false,false,10.833333333333334,false,1.394892e6,1.378708742857143e6,false,6
6.216,use_adaptive_ngroute,0.011593170358877192,0,false,6.197,false,false,11.375,false,1.394892e6,1.378720779411765e6,false,1
13.914,use_lmSR3_cuts,0.0114898740069721,5,false,6.938,false,false,11.416666666666666,false,1.394892e6,1.3788648666666667e6,false,0
72.624,use_adaptive_ngroute,0.007324521659502481,0,false,12.029499999999999,false,false,11.416666666666666,false,1.394892e6,1.3846750833333333e6,false,1
52.201,use_lmSR3_cuts,0.007160402450683279,5,false,13.02075,false,false,11.458333333333334,false,1.394892e6,1.3849040119047614e6,false,0
98.485,none,0.0,0,false,10.868555555555556,true,false,11.458333333333334,false,1.394892e6,1.394892e6,false,0
