CG_time_taken,method,CG_LP_IP_gap,implemented_SR3_cuts_count,errored,CG_sp_time_taken_mean,converged,CGIP_artificial,ngroute_neighborhood_size,time_limit_reached,CGIP_objective,CGLP_objective,CGLP_artificial,cycles_lookup_length
8.888,use_adaptive_ngroute,0.22938182084283698,0,false,0.2754444444444445,false,false,5.0,false,1.62433e6,1.2517382269503546e6,false,24
22.82,use_adaptive_ngroute,0.07471133384771889,0,false,2.2173,false,false,8.375,false,1.424353e6,1.3179376875e6,false,11
33.046,use_adaptive_ngroute,0.06975012195329766,0,false,4.677285714285714,false,false,9.291666666666666,false,1.424353e6,1.3250042045454546e6,false,12
20.411,use_lmSR3_cuts,0.06837164741543078,5,false,5.0527500000000005,false,false,11.0,false,1.424353e6,1.326967638888889e6,false,0
62.601,use_lmSR3_cuts,0.05629600313432204,5,false,10.308666666666667,false,false,11.0,false,1.424353e6,1.344167619047619e6,false,0
57.83,use_adaptive_ngroute,0.05329707039284737,0,false,11.4698,false,false,11.0,false,1.424353e6,1.3484391578947366e6,false,3
89.213,use_lmSR3_cuts,0.052956114109353525,5,false,17.794400000000003,false,false,11.125,false,1.424353e6,1.3489248e6,false,0
132.608,none,0.0,0,false,16.492250000000002,true,false,11.125,false,1.3506e6,1.3506e6,false,0
