CG_time_taken,method,CG_LP_IP_gap,implemented_SR3_cuts_count,errored,CG_sp_time_taken_mean,converged,CGIP_artificial,ngroute_neighborhood_size,time_limit_reached,CGIP_objective,CGLP_objective,CGLP_artificial,cycles_lookup_length
9.222,use_adaptive_ngroute,0.3381611969733025,0,false,0.2969473684210526,false,false,5.0,false,1.92837e6,1.2762700925925926e6,false,24
19.449,use_adaptive_ngroute,0.09269174569650618,0,false,1.4235384615384616,false,false,8.5,false,1.607316e6,1.4583310740740744e6,false,12
16.722,use_adaptive_ngroute,0.0812754194319042,0,false,2.7354999999999996,false,false,10.5,false,1.59543e6,1.465760757575757e6,false,8
9.526,use_adaptive_ngroute,0.08074434209044423,0,false,3.1633333333333336,false,false,11.041666666666666,false,1.59543e6,1.4666080542986426e6,false,1
3.122,use_adaptive_ngroute,0.08065198922836003,0,false,3.1079999999999997,false,false,11.166666666666666,false,1.59543e6,1.4667553968253976e6,false,3
3.865,use_lmSR3_cuts,0.08063516754926814,5,false,3.8499999999999996,false,false,11.458333333333334,false,1.59543e6,1.4667822346368711e6,false,0
52.936,use_lmSR3_cuts,0.06542252258934822,5,false,8.707666666666666,false,false,11.458333333333334,false,1.59543e6,1.4910529447852762e6,false,0
79.642,use_adaptive_ngroute,0.02478133491361678,0,false,13.194499999999998,false,false,11.458333333333334,false,1.53758e6,1.4994767150635212e6,false,6
57.643,use_adaptive_ngroute,0.022998134784022684,0,false,14.3865,false,false,11.833333333333334,false,1.53758e6,1.5022185279187823e6,false,2
29.056,use_lmSR3_cuts,0.022933539652397972,5,false,14.5125,false,false,11.916666666666668,false,1.53758e6,1.502317848101266e6,false,0
90.894,use_lmSR3_cuts,0.0016477574881513801,5,false,22.674750000000003,false,false,11.916666666666668,false,1.50965e6,1.5071624629080123e6,false,0
108.657,use_adaptive_ngroute,0.0007936866004556453,0,false,27.051999999999996,false,false,11.916666666666668,false,1.50965e6,1.508451811023622e6,false,1
66.224,use_lmSR3_cuts,0.0007866923866990394,5,false,33.06249999999999,false,false,12.083333333333334,false,1.50965e6,1.5084623698384198e6,false,0
111.994,none,0.0,0,false,37.233333333333334,true,false,12.083333333333334,false,1.50965e6,1.50965e6,false,0
