CG_time_taken,method,CG_LP_IP_gap,implemented_SR3_cuts_count,errored,CG_sp_time_taken_mean,converged,CGIP_artificial,ngroute_neighborhood_size,time_limit_reached,CGIP_objective,CGLP_objective,CGLP_artificial,cycles_lookup_length
13.454,use_adaptive_ngroute,0.0550452914511097,0,false,0.328,false,false,5.0,false,1.259914e6,1.1905616666666665e6,false,15
7.026,use_adaptive_ngroute,0.039021711005671866,0,false,0.5349166666666667,false,false,6.541666666666667,false,1.259914e6,1.21075e6,false,6
4.612,use_adaptive_ngroute,0.03464442811176005,0,false,0.6278571428571429,false,false,7.541666666666667,false,1.259914e6,1.216265e6,false,5
19.997,use_lmSR3_cuts,0.03464442811176005,5,false,2.191111111111111,false,false,8.041666666666666,false,1.259914e6,1.216265e6,false,0
22.172,use_adaptive_ngroute,0.02408459171476318,0,false,2.6558749999999995,false,false,8.041666666666666,false,1.259914e6,1.2295694857142859e6,false,9
13.62,use_adaptive_ngroute,0.02219909245267626,0,false,4.512666666666668,false,false,8.791666666666666,false,1.259914e6,1.2319450526315789e6,false,10
31.812,use_adaptive_ngroute,0.02010855711705617,0,false,4.493142857142858,false,false,9.5,false,1.259914e6,1.2345789473684214e6,false,4
22.697,use_adaptive_ngroute,0.01992887345220906,0,false,5.649249999999999,false,false,9.791666666666666,false,1.259914e6,1.2348053333333335e6,false,1
17.69,use_lmSR3_cuts,0.019928873452209395,5,false,5.877666666666666,false,false,9.875,false,1.259914e6,1.234805333333333e6,false,0
44.835,use_adaptive_ngroute,0.006602160025330317,0,false,7.4079999999999995,false,false,9.875,false,1.259914e6,1.251595846153846e6,false,1
25.128,use_adaptive_ngroute,0.006535366699631506,0,false,6.2085,false,false,9.916666666666666,false,1.259914e6,1.2516800000000005e6,false,4
48.079,use_lmSR3_cuts,0.006535366699632061,5,false,7.993833333333334,false,false,10.708333333333334,false,1.259914e6,1.2516799999999998e6,false,0
54.478,use_lmSR3_cuts,0.005795820424344678,5,false,10.793399999999998,false,false,10.708333333333334,false,1.259914e6,1.2526117647058822e6,false,0
77.29,use_lmSR3_cuts,0.0009811414478714253,5,false,10.955142857142857,false,false,10.708333333333334,false,1.259914e6,1.2586778461538465e6,false,0
86.84,none,0.0,0,false,10.791125000000001,true,false,10.708333333333334,false,1.259914e6,1.259914e6,false,0
