CG_time_taken,method,CG_LP_IP_gap,implemented_SR3_cuts_count,errored,CG_sp_time_taken_mean,converged,CGIP_artificial,ngroute_neighborhood_size,time_limit_reached,CGIP_objective,CGLP_objective,CGLP_artificial,cycles_lookup_length
25.578,use_adaptive_ngroute,0.3420376997331577,0,false,0.7808823529411764,false,false,5.0,false,1.507805e6,992078.8461538462,false,23
52.124,use_adaptive_ngroute,0.15654827282149653,0,false,3.8259230769230763,false,false,8.625,false,1.29286e6,1.090465e6,false,7
34.829,use_adaptive_ngroute,0.15123438388630595,0,false,3.094727272727273,false,false,9.291666666666666,false,1.28997e6,1.0948821818181819e6,false,7
38.719,use_lmSR3_cuts,0.15032261732184993,5,false,4.2541111111111105,false,false,9.833333333333334,false,1.28997e6,1.0960583333333333e6,false,0
73.073,use_adaptive_ngroute,0.0037672307155074414,0,false,10.233428571428572,false,false,9.833333333333334,false,1.12638e6,1.1221366666666667e6,false,9
93.907,none,0.0,0,false,15.566500000000001,true,false,10.666666666666668,false,1.12638e6,1.12638e6,false,0
