CG_time_taken,method,CG_LP_IP_gap,implemented_SR3_cuts_count,errored,CG_sp_time_taken_mean,converged,CGIP_artificial,ngroute_neighborhood_size,time_limit_reached,CGIP_objective,CGLP_objective,CGLP_artificial,cycles_lookup_length
8.575,use_adaptive_ngroute,0.3558243003932786,0,false,0.32512500000000005,false,false,5.0,false,1.78434e6,1.1494284678362573e6,false,23
9.038,use_lmSR3_cuts,0.10228209702812219,3,false,0.634846153846154,false,false,7.833333333333334,false,1.525702e6,1.36965e6,false,0
6.322,use_adaptive_ngroute,0.006893715746906004,0,false,0.9481666666666667,false,false,7.833333333333334,false,1.39221e6,1.3826125e6,false,5
9.487,use_lmSR3_cuts,0.00502438568894048,5,false,1.5491666666666668,false,false,8.208333333333334,false,1.39221e6,1.3852150000000002e6,false,0
9.917,use_adaptive_ngroute,0.0017454263365440648,0,false,1.8845999999999998,false,false,8.208333333333334,false,1.39221e6,1.38978e6,false,8
10.155,none,0.0,0,false,1.9934,true,false,8.875,false,1.39221e6,1.39221e6,false,0
