CG_time_taken,method,CG_LP_IP_gap,implemented_SR3_cuts_count,errored,CG_sp_time_taken_mean,converged,CGIP_artificial,ngroute_neighborhood_size,time_limit_reached,CGIP_objective,CGLP_objective,CGLP_artificial,cycles_lookup_length
7.79,use_adaptive_ngroute,0.3371115405436359,0,false,0.3458,false,false,5.0,false,1.784832e6,1.1831445348684213e6,false,21
15.732,use_adaptive_ngroute,0.09248776352595267,0,false,1.374181818181818,false,false,8.208333333333334,false,1.44309e6,1.309621833333333e6,false,10
19.544,use_adaptive_ngroute,0.08697556730943434,0,false,2.778571428571429,false,false,9.458333333333332,false,1.44309e6,1.3175764285714284e6,false,1
5.466,use_lmSR3_cuts,0.03203453579674975,5,false,2.722,false,false,9.5,false,1.362065e6,1.3184318800000001e6,false,0
38.857,none,0.0,0,false,5.422285714285714,true,false,9.5,false,1.332557e6,1.332557e6,false,0
