CG_time_taken,method,CG_LP_IP_gap,implemented_SR3_cuts_count,errored,CG_sp_time_taken_mean,converged,CGIP_artificial,ngroute_neighborhood_size,time_limit_reached,CGIP_objective,CGLP_objective,CGLP_artificial,cycles_lookup_length
7.333,use_adaptive_ngroute,0.1688022424063863,0,false,0.2765,false,false,5.0,false,1.46917e6,1.2211708095238095e6,false,21
8.074,use_adaptive_ngroute,0.14981213882668432,0,false,0.91375,false,false,8.333333333333332,false,1.46917e6,1.2490705000000002e6,false,3
7.491,use_adaptive_ngroute,0.14979954668282092,0,false,1.0198571428571426,false,false,8.458333333333334,false,1.46917e6,1.249089e6,false,1
4.125,use_lmSR3_cuts,0.14557947684747186,5,false,1.3593333333333335,false,false,8.5,false,1.46917e6,1.2552889999999998e6,false,0
9.889,use_adaptive_ngroute,0.021510540587405313,0,false,1.8282000000000003,false,false,8.5,false,1.289887e6,1.2621408333333335e6,false,6
21.108,use_lmSR3_cuts,0.02051187429596546,5,false,2.284111111111111,false,false,8.75,false,1.289887e6,1.263429e6,false,0
17.154,use_lmSR3_cuts,0.0180197955324769,2,false,3.3568000000000002,false,false,8.75,false,1.289887e6,1.2666435e6,false,0
17.444,none,0.0,0,false,4.30675,true,false,8.75,false,1.267557e6,1.267557e6,false,0
