CG_time_taken,method,CG_LP_IP_gap,implemented_SR3_cuts_count,errored,CG_sp_time_taken_mean,converged,CGIP_artificial,ngroute_neighborhood_size,time_limit_reached,CGIP_objective,CGLP_objective,CGLP_artificial,cycles_lookup_length
8.314,use_adaptive_ngroute,0.251608854481674,0,false,0.3333333333333334,false,false,5.0,false,1.47625e6,1.1048124285714286e6,false,21
9.49,use_adaptive_ngroute,0.12309889983888611,0,false,0.5895333333333332,false,false,7.041666666666667,false,1.360528e6,1.1930485e6,false,5
13.314,use_adaptive_ngroute,0.06683148337980038,0,false,1.4466666666666665,false,false,7.458333333333333,false,1.285738e6,1.1998102222222222e6,false,10
20.47,use_lmSR3_cuts,0.06671654722812892,1,false,2.5232500000000004,false,false,8.583333333333332,false,1.285738e6,1.199958e6,false,0
24.229,use_lmSR3_cuts,0.05961167827348968,1,false,3.9624999999999995,false,false,8.583333333333332,false,1.285738e6,1.209093e6,false,0
22.143,use_lmSR3_cuts,0.0513342877354831,5,false,3.659333333333333,false,false,8.583333333333332,false,1.285738e6,1.2197355555555555e6,false,0
38.97,use_adaptive_ngroute,0.041782073797305364,0,false,6.405166666666666,false,false,8.583333333333332,false,1.285738e6,1.2320172000000002e6,false,2
31.226,use_lmSR3_cuts,0.04007737190625149,5,false,5.187499999999999,false,false,8.791666666666666,false,1.285738e6,1.234209e6,false,0
100.804,use_adaptive_ngroute,0.035302336522336164,0,false,12.5125,false,false,8.791666666666666,false,1.285738e6,1.2403484444444445e6,false,4
53.725,use_lmSR3_cuts,0.0345482516655804,1,false,8.926666666666666,false,false,9.166666666666668,false,1.285738e6,1.241318e6,false,0
69.854,use_adaptive_ngroute,0.033931596372778094,0,false,13.935,false,false,9.166666666666668,false,1.285738e6,1.242110857142857e6,false,3
52.77,use_lmSR3_cuts,0.031546603325612654,4,false,17.55633333333333,false,false,9.666666666666668,false,1.285738e6,1.2451773333333335e6,false,0
29.171,use_adaptive_ngroute,0.029833671956717378,0,false,14.512,false,false,9.666666666666668,false,1.285738e6,1.247379714285714e6,false,12
96.005,use_adaptive_ngroute,0.02590932211694774,0,false,15.952833333333333,false,false,10.75,false,1.285738e6,1.2524254e6,false,5
47.626,use_lmSR3_cuts,0.024290329756140094,5,false,23.787999999999997,false,false,11.125,false,1.285738e6,1.254507e6,false,0
127.063,use_adaptive_ngroute,0.022036112074673597,0,false,31.717999999999996,false,false,11.125,false,1.285738e6,1.2574053333333333e6,false,2
86.358,use_lmSR3_cuts,0.02105214161947344,5,false,43.1525,false,false,11.291666666666668,false,1.285738e6,1.2586704615384615e6,false,0
149.495,none,0.0,0,false,29.769800000000004,true,false,11.291666666666668,false,1.26143e6,1.26143e6,false,0
