CG_time_taken,method,CG_LP_IP_gap,implemented_SR3_cuts_count,errored,CG_sp_time_taken_mean,converged,CGIP_artificial,ngroute_neighborhood_size,time_limit_reached,CGIP_objective,CGLP_objective,CGLP_artificial,cycles_lookup_length
8.177,use_adaptive_ngroute,0.34553108675720934,0,false,0.31052941176470583,false,false,5.0,false,1.64399e6,1.0759403486820154e6,false,15
4.67,use_adaptive_ngroute,0.036751130904986606,0,false,0.3792,false,false,6.5,false,1.30616e6,1.2581571428571427e6,false,7
3.417,use_adaptive_ngroute,0.030292039260120585,0,false,0.46499999999999997,false,false,7.6499999999999995,false,1.30616e6,1.266593750000001e6,false,1
1.41,use_lmSR3_cuts,0.030181601028970273,5,false,0.458,false,false,7.7,false,1.30616e6,1.2667380000000002e6,false,0
2.016,use_adaptive_ngroute,0.027169062639449182,0,false,0.756,false,false,7.7,false,1.30616e6,1.270672857142857e6,false,4
1.396,use_lmSR3_cuts,0.0267473844217887,5,false,0.6865,false,false,8.3,false,1.30616e6,1.2712236363636365e6,false,0
3.127,use_adaptive_ngroute,0.0010074737918172039,0,false,0.7335,false,false,8.3,false,1.27284e6,1.2715576470588234e6,false,3
2.031,use_lmSR3_cuts,0.0009654700424946983,5,false,0.9895,false,false,8.45,false,1.27284e6,1.271611111111111e6,false,0
3.104,none,0.0,0,false,0.992,true,false,8.45,false,1.27284e6,1.27284e6,false,0
