CG_time_taken,method,CG_LP_IP_gap,implemented_SR3_cuts_count,errored,CG_sp_time_taken_mean,converged,CGIP_artificial,ngroute_neighborhood_size,time_limit_reached,CGIP_objective,CGLP_objective,CGLP_artificial,cycles_lookup_length
9.31,use_adaptive_ngroute,0.3528978559062458,0,false,0.34095,false,false,5.0,false,1.87725e6,1.2147725e6,false,22
17.877,use_lmSR3_cuts,0.026634573902346248,1,false,1.0005294117647057,false,false,6.416666666666666,false,1.404678e6,1.367265e6,false,0
8.091,use_adaptive_ngroute,0.017768485019342473,0,false,1.2756666666666667,false,false,6.416666666666666,false,1.404678e6,1.379719e6,false,11
13.468,use_lmSR3_cuts,0.011801993054636029,3,false,1.323,false,false,7.125,false,1.404678e6,1.3881e6,false,0
10.329,use_lmSR3_cuts,0.009954594576123466,1,false,2.0075999999999996,false,false,7.125,false,1.404678e6,1.390695e6,false,0
8.508,use_adaptive_ngroute,0.008991147200046345,0,false,2.0965,false,false,7.125,false,1.404678e6,1.3920483333333333e6,false,1
12.605,use_lmSR3_cuts,0.0083622960801929,5,false,2.0818333333333334,false,false,7.166666666666666,false,1.404678e6,1.3929316666666667e6,false,0
8.979,none,0.0,0,false,1.718,true,false,7.166666666666666,false,1.39782e6,1.39782e6,false,0
