CG_time_taken,method,CG_LP_IP_gap,implemented_SR3_cuts_count,errored,CG_sp_time_taken_mean,converged,CGIP_artificial,ngroute_neighborhood_size,time_limit_reached,CGIP_objective,CGLP_objective,CGLP_artificial,cycles_lookup_length
7.777,use_adaptive_ngroute,0.18624617631500262,0,false,0.24170000000000003,false,false,5.0,false,1.4493e6,1.1793734166666667e6,false,12
4.405,use_adaptive_ngroute,0.07750514947323606,0,false,0.3372727272727272,false,false,5.666666666666667,false,1.359686e6,1.2543033333333335e6,false,5
4.196,use_lmSR3_cuts,0.03404711657567561,5,false,0.5,false,false,6.291666666666667,false,1.30782e6,1.2632925e6,false,0
6.749,use_lmSR3_cuts,0.027628993286537895,5,false,1.0093333333333332,false,false,6.291666666666667,false,1.30782e6,1.27168625e6,false,0
9.398,use_adaptive_ngroute,0.018705746968237236,0,false,1.4800000000000002,false,false,6.291666666666667,false,1.30782e6,1.28335625e6,false,1
6.164,use_adaptive_ngroute,0.010330766167129912,0,false,2.0276666666666667,false,false,6.333333333333333,false,1.30782e6,1.2943092173913042e6,false,9
18.862,use_adaptive_ngroute,0.008655013686898472,0,false,3.1245,false,false,6.916666666666666,false,1.30782e6,1.2965008000000005e6,false,5
9.97,use_lmSR3_cuts,0.008032450948907366,5,false,3.3093333333333335,false,false,7.791666666666666,false,1.30782e6,1.297315e6,false,0
11.271,use_lmSR3_cuts,0.007494915202397867,5,false,3.7196666666666665,false,false,7.791666666666666,false,1.30782e6,1.298018e6,false,0
41.317,use_lmSR3_cuts,0.004520499762964314,5,false,10.277999999999999,false,false,7.791666666666666,false,1.30782e6,1.301908e6,false,0
44.07,none,0.0,0,false,8.7606,true,false,7.791666666666666,false,1.30782e6,1.30782e6,false,0
