CG_time_taken,method,CG_LP_IP_gap,implemented_SR3_cuts_count,errored,CG_sp_time_taken_mean,converged,CGIP_artificial,ngroute_neighborhood_size,time_limit_reached,CGIP_objective,CGLP_objective,CGLP_artificial,cycles_lookup_length
9.817,use_adaptive_ngroute,0.3312332106326056,0,false,0.29994736842105263,false,false,5.0,false,1.62636e6,1.0876555555555555e6,false,15
7.884,use_adaptive_ngroute,0.1646248514089924,0,false,0.926125,false,false,6.541666666666667,false,1.4301e6,1.19467e6,false,2
7.213,use_adaptive_ngroute,0.014037807697538596,0,false,0.7575555555555558,false,false,6.625,false,1.2255e6,1.2082966666666665e6,false,4
7.149,use_lmSR3_cuts,0.009756561947504516,4,false,0.7723333333333333,false,false,6.791666666666667,false,1.2255e6,1.2135433333333333e6,false,0
5.864,none,0.0,0,false,1.3395,true,false,6.791666666666667,false,1.22491e6,1.22491e6,false,0
