CG_time_taken,method,CG_LP_IP_gap,implemented_SR3_cuts_count,errored,CG_sp_time_taken_mean,converged,CGIP_artificial,ngroute_neighborhood_size,time_limit_reached,CGIP_objective,CGLP_objective,CGLP_artificial,cycles_lookup_length
5.884,use_adaptive_ngroute,0.3149439907258633,0,false,0.23246666666666668,false,false,5.0,false,1.846973e6,1.26527995261708e6,false,17
4.735,use_lmSR3_cuts,0.028701445482124832,2,false,0.33807692307692305,false,false,6.458333333333334,false,1.412124e6,1.371594e6,false,0
3.686,use_adaptive_ngroute,0.023389447385640416,0,false,0.4631428571428572,false,false,6.458333333333334,false,1.412124e6,1.3790952e6,false,9
5.506,use_lmSR3_cuts,0.021794347683752546,5,false,1.0719999999999998,false,false,8.333333333333332,false,1.412124e6,1.3813476785714286e6,false,0
8.06,use_lmSR3_cuts,0.015014771188649134,5,false,1.0945714285714285,false,false,8.333333333333332,false,1.412124e6,1.39092128125e6,false,0
6.848,use_adaptive_ngroute,0.006380105429834804,0,false,1.6597499999999998,false,false,8.333333333333332,false,1.412124e6,1.4031145e6,false,5
14.58,use_adaptive_ngroute,0.005534836175859259,0,false,3.6264999999999996,false,false,8.666666666666668,false,1.412124e6,1.404308125000001e6,false,4
8.618,use_adaptive_ngroute,0.005318229843838229,0,false,4.297,false,false,9.125,false,1.412124e6,1.4046139999999998e6,false,1
11.916,use_lmSR3_cuts,0.005136234494987679,5,false,3.9579999999999997,false,false,9.166666666666668,false,1.412124e6,1.404871e6,false,0
31.018,none,0.0038275675507259965,0,false,5.119666666666667,false,false,9.166666666666668,false,1.412124e6,1.4067189999999986e6,false,0
