CG_time_taken,method,CG_LP_IP_gap,implemented_SR3_cuts_count,errored,CG_sp_time_taken_mean,converged,CGIP_artificial,ngroute_neighborhood_size,time_limit_reached,CGIP_objective,CGLP_objective,CGLP_artificial,cycles_lookup_length
11.802,use_adaptive_ngroute,0.4065867502759374,0,false,0.36787500000000006,false,false,5.0,false,1.944282e6,1.1537627e6,false,18
10.539,use_adaptive_ngroute,0.1010904723075472,0,false,0.6505333333333333,false,false,6.375,false,1.547678e6,1.3912225e6,false,2
3.546,use_adaptive_ngroute,0.06688941385296077,0,false,0.36933333333333335,false,false,6.458333333333334,false,1.53238e6,1.42988e6,false,8
2.254,use_lmSR3_cuts,0.062481238335138856,1,false,0.3665,false,false,6.791666666666667,false,1.53238e6,1.436635e6,false,0
2.989,use_lmSR3_cuts,0.060977042248006375,1,false,0.5304,false,false,6.791666666666667,false,1.53238e6,1.43894e6,false,0
6.558,use_lmSR3_cuts,0.06073558777848831,1,false,0.7085555555555555,false,false,6.791666666666667,false,1.53238e6,1.43931e6,false,0
2.053,use_lmSR3_cuts,0.05459155039872621,1,false,0.48825,false,false,6.791666666666667,false,1.53238e6,1.448725e6,false,0
2.423,use_adaptive_ngroute,0.053644657330427226,0,false,0.5812499999999999,false,false,6.791666666666667,false,1.53238e6,1.450176e6,false,3
5.291,use_lmSR3_cuts,0.05284589984207577,1,false,0.7427142857142857,false,false,6.916666666666666,false,1.53238e6,1.4514e6,false,0
2.382,use_lmSR3_cuts,0.0009979353062629093,1,false,0.5665,false,false,6.916666666666666,false,1.453e6,1.45155e6,false,0
2.8,none,0.0,0,false,0.896,true,false,6.916666666666666,false,1.453e6,1.453e6,false,0
