CG_time_taken,method,CG_LP_IP_gap,implemented_SR3_cuts_count,errored,CG_sp_time_taken_mean,converged,CGIP_artificial,ngroute_neighborhood_size,time_limit_reached,CGIP_objective,CGLP_objective,CGLP_artificial,cycles_lookup_length
3.757,use_adaptive_ngroute,0.166326629503189,0,false,0.13281250000000003,false,false,5.0,false,1.691056e6,1.4097883552188552e6,false,21
2.625,use_adaptive_ngroute,0.09162005425756237,0,false,0.30125,false,false,7.083333333333333,false,1.577906e6,1.4333381666666667e6,false,7
2.075,use_lmSR3_cuts,0.08871388198452046,5,false,0.40459999999999996,false,false,7.541666666666667,false,1.577906e6,1.4379238333333333e6,false,0
5.398,use_adaptive_ngroute,0.05655654895428874,0,false,0.6714285714285715,false,false,7.541666666666667,false,1.542436e6,1.4552011428571427e6,false,1
1.296,use_lmSR3_cuts,0.05655654895428852,5,false,0.6365000000000001,false,false,7.583333333333334,false,1.542436e6,1.455201142857143e6,false,0
1.951,use_lmSR3_cuts,0.05392887181920858,5,false,0.5933333333333334,false,false,7.583333333333334,false,1.542436e6,1.4592541666666672e6,false,0
3.008,use_adaptive_ngroute,0.052056996443193615,0,false,0.70075,false,false,7.583333333333334,false,1.542436e6,1.4621414146341463e6,false,2
3.062,use_lmSR3_cuts,0.05200872650500321,5,false,1.0096666666666667,false,false,7.916666666666667,false,1.542436e6,1.462215867924529e6,false,0
2.154,use_lmSR3_cuts,0.04915212041212713,4,false,1.029,false,false,7.916666666666667,false,1.542436e6,1.4666220000000002e6,false,0
6.947,use_lmSR3_cuts,0.04688051886755795,5,false,1.326,false,false,7.916666666666667,false,1.542436e6,1.4701257999999993e6,false,0
4.029,use_adaptive_ngroute,0.045219740433674716,0,false,1.2773333333333334,false,false,7.916666666666667,false,1.542436e6,1.4726874444444445e6,false,7
6.343,use_lmSR3_cuts,0.04495399917187293,5,false,1.5619999999999998,false,false,8.208333333333334,false,1.542436e6,1.473097333333333e6,false,0
3.005,use_adaptive_ngroute,0.04459906278121095,0,false,1.445,false,false,8.208333333333334,false,1.542436e6,1.4736448e6,false,2
1.414,use_adaptive_ngroute,0.04453045377571585,0,false,1.3960000000000001,false,false,8.333333333333332,false,1.542436e6,1.473750625e6,false,2
3.473,use_lmSR3_cuts,0.04453045377571585,5,false,1.7225,false,false,8.416666666666666,false,1.542436e6,1.473750625e6,false,0
3.661,use_lmSR3_cuts,0.044527617353327886,5,false,1.8139999999999998,false,false,8.416666666666666,false,1.542436e6,1.4737550000000023e6,false,0
8.754,use_lmSR3_cuts,0.043955856345479494,5,false,2.1645,false,false,8.416666666666666,false,1.542436e6,1.474636904761904e6,false,0
11.027,use_lmSR3_cuts,0.043715265981871365,5,false,2.69225,false,false,8.416666666666666,false,1.542436e6,1.4750079999999863e6,false,0
12.803,use_adaptive_ngroute,0.04304659343052841,0,false,4.219333333333333,false,false,8.416666666666666,false,1.542436e6,1.4760393846153894e6,false,2
16.468,use_adaptive_ngroute,0.04289145807816819,0,false,5.470666666666667,false,false,8.75,false,1.542436e6,1.4762786709677426e6,false,2
17.945,use_lmSR3_cuts,0.042844833136336025,5,false,8.9545,false,false,9.041666666666668,false,1.542436e6,1.4763505869565224e6,false,0
19.139,use_lmSR3_cuts,0.03969074992011612,5,false,9.4855,false,false,9.041666666666668,false,1.537666e6,1.4766348833333347e6,false,0
45.351,use_lmSR3_cuts,0.0394476063310184,5,false,11.274250000000002,false,false,9.041666666666668,false,1.537666e6,1.4770087569634083e6,false,0
23.339,use_lmSR3_cuts,0.039053911499767,5,false,11.609000000000002,false,false,9.041666666666668,false,1.537666e6,1.4776141281197993e6,false,0
38.897,use_adaptive_ngroute,0.03877744705596653,0,false,12.922333333333334,false,false,9.041666666666668,false,1.537666e6,1.4780392380952402e6,false,5
26.904,use_adaptive_ngroute,0.03875618573494177,0,false,13.388,false,false,9.25,false,1.537666e6,1.478071930905695e6,false,3
51.382,use_adaptive_ngroute,0.03874850595812196,0,false,17.069333333333333,false,false,10.041666666666666,false,1.537666e6,1.4780837398373985e6,false,5
44.946,use_lmSR3_cuts,0.03873708956165578,5,false,22.426,false,false,10.625,false,1.537666e6,1.478101294442087e6,false,0
60.136,use_adaptive_ngroute,0.038553279657478345,0,false,19.976,false,false,10.625,false,1.537666e6,1.4783839326822038e6,false,2
46.393,use_adaptive_ngroute,0.0384986038194417,0,false,23.1235,false,false,10.75,false,1.537666e6,1.4784680058593743e6,false,3
24.602,use_adaptive_ngroute,0.03846751472220378,0,false,24.491999999999997,false,false,11.0,false,1.537666e6,1.4785158105071678e6,false,1
51.923,use_lmSR3_cuts,0.03846373550614035,5,false,25.8985,false,false,11.083333333333332,false,1.537666e6,1.4785216216792152e6,false,0
102.192,use_adaptive_ngroute,0.03828504615570072,0,false,25.482,false,false,11.083333333333332,false,1.537666e6,1.4787963862179483e6,false,1
25.565,use_lmSR3_cuts,0.03828471213500195,5,false,25.448,false,false,11.125,false,1.537666e6,1.47879689983022e6,false,0
26.386,use_lmSR3_cuts,0.03821793332665513,5,false,26.197,false,false,11.125,false,1.537666e6,1.4788995833333356e6,false,0
58.492,use_adaptive_ngroute,0.03820426667031729,0,false,29.1695,false,false,11.125,false,1.537666e6,1.4789205980861199e6,false,1
29.851,use_adaptive_ngroute,0.03820101165614942,0,false,29.761,false,false,11.208333333333332,false,1.537666e6,1.4789256032107354e6,false,1
66.771,use_lmSR3_cuts,0.03819820415882069,5,false,33.332,false,false,11.25,false,1.537666e6,1.4789299202039228e6,false,0
71.502,use_lmSR3_cuts,0.03817515513462588,5,false,35.6725,false,false,11.25,false,1.537666e6,1.4789653619047604e6,false,0
74.367,none,0.03816701741470585,0,false,37.11800000000001,false,false,11.25,false,1.537666e6,1.4789778749999988e6,false,0
