CG_time_taken,method,CG_LP_IP_gap,implemented_SR3_cuts_count,errored,CG_sp_time_taken_mean,converged,CGIP_artificial,ngroute_neighborhood_size,time_limit_reached,CGIP_objective,CGLP_objective,CGLP_artificial,cycles_lookup_length
5.194,use_adaptive_ngroute,0.23250429460245225,0,false,0.20033333333333336,false,false,5.0,false,1.652545e6,1.2683211904761905e6,false,18
8.606,use_adaptive_ngroute,0.12732344699758524,0,false,0.6739999999999999,false,false,6.125,false,1.502168e6,1.3109067922705314e6,false,17
12.278,use_adaptive_ngroute,0.11377644400182474,0,false,1.5165,false,false,8.708333333333334,false,1.502168e6,1.331256666666667e6,false,6
3.388,use_lmSR3_cuts,0.11372136021756174,5,false,1.685,false,false,9.125,false,1.502168e6,1.3313394117647058e6,false,0
18.748,use_adaptive_ngroute,0.06003568892294364,0,false,3.019833333333334,false,false,9.125,false,1.434213e6,1.3481090344827583e6,false,4
16.758,none,0.0,0,false,3.3318000000000003,true,false,9.75,false,1.35526e6,1.35526e6,false,0
