CG_time_taken,method,CG_LP_IP_gap,implemented_SR3_cuts_count,errored,CG_sp_time_taken_mean,converged,CGIP_artificial,ngroute_neighborhood_size,time_limit_reached,CGIP_objective,CGLP_objective,CGLP_artificial,cycles_lookup_length
8.909,use_adaptive_ngroute,0.31800450238348543,0,false,0.3265882352941176,false,false,5.0,false,1.815554e6,1.2381996536796535e6,false,21
6.235,use_adaptive_ngroute,0.08633978269353215,0,false,0.5908,false,false,6.458333333333334,false,1.557984e6,1.423468e6,false,9
1.997,use_adaptive_ngroute,0.07432988899615012,0,false,0.4855,false,false,7.375,false,1.557984e6,1.442179222222222e6,false,8
1.198,use_adaptive_ngroute,0.0706192734413238,0,false,0.5900000000000001,false,false,7.833333333333334,false,1.557984e6,1.4479603018867925e6,false,3
1.754,use_lmSR3_cuts,0.04516383846947647,5,false,0.87,false,false,8.208333333333334,false,1.5165e6,1.448009038961039e6,false,0
9.078,use_adaptive_ngroute,0.020793468504353374,0,false,1.6972,false,false,8.208333333333334,false,1.49156e6,1.4605452941176468e6,false,8
3.041,use_lmSR3_cuts,0.019894199936403845,5,false,1.514,false,false,8.625,false,1.49156e6,1.4618866071428575e6,false,0
7.966,use_lmSR3_cuts,0.015163855292445572,5,false,2.5773333333333337,false,false,8.625,false,1.49156e6,1.4689422e6,false,0
14.636,use_adaptive_ngroute,0.0015883439346507933,0,false,3.62775,false,false,8.625,false,1.47713e6,1.4747838095238092e6,false,3
8.333,use_lmSR3_cuts,0.0015745623833607336,5,false,4.155,false,false,8.833333333333332,false,1.47713e6,1.4748041666666663e6,false,0
22.356,none,0.0,0,false,4.418399999999999,true,false,8.833333333333332,false,1.47713e6,1.47713e6,false,0
