CG_time_taken,method,CG_LP_IP_gap,implemented_SR3_cuts_count,errored,CG_sp_time_taken_mean,converged,CGIP_artificial,ngroute_neighborhood_size,time_limit_reached,CGIP_objective,CGLP_objective,CGLP_artificial,cycles_lookup_length
6.175,use_adaptive_ngroute,0.13552093564318501,0,false,0.22406666666666666,false,false,5.0,false,1.43559e6,1.2410375e6,false,18
4.412,use_adaptive_ngroute,0.09298924325344404,0,false,0.30238461538461536,false,false,6.333333333333333,false,1.37774e6,1.249625e6,false,3
0.603,use_adaptive_ngroute,0.09298924325344404,0,false,0.28700000000000003,false,false,7.208333333333333,false,1.37774e6,1.249625e6,false,1
1.271,use_lmSR3_cuts,0.08903167506205811,5,false,0.30275,false,false,7.333333333333334,false,1.37774e6,1.2550775e6,false,0
2.359,use_adaptive_ngroute,0.048206502067919765,0,false,0.45625,false,false,7.333333333333334,false,1.332464e6,1.2682305714285714e6,false,6
2.974,use_lmSR3_cuts,0.04510809229435764,5,false,0.48433333333333334,false,false,7.75,false,1.332464e6,1.272359090909091e6,false,0
4.761,use_adaptive_ngroute,0.03751227800525947,0,false,0.8879999999999999,false,false,7.75,false,1.332464e6,1.28248024e6,false,3
3.833,use_adaptive_ngroute,0.03747793561402035,0,false,0.9425,false,false,8.041666666666666,false,1.332464e6,1.282526e6,false,5
3.337,use_lmSR3_cuts,0.037178940669316485,5,false,1.0916666666666668,false,false,8.25,false,1.332464e6,1.2829244e6,false,0
4.523,use_lmSR3_cuts,0.03519361290227896,5,false,1.1142499999999997,false,false,8.25,false,1.332464e6,1.2855697777777778e6,false,0
3.94,use_adaptive_ngroute,0.03356135700476692,0,false,1.217,false,false,8.25,false,1.332464e6,1.2877447000000002e6,false,1
1.309,use_lmSR3_cuts,0.033561357004767145,5,false,1.295,false,false,8.291666666666666,false,1.332464e6,1.2877447e6,false,0
3.818,use_adaptive_ngroute,0.03226095166625953,0,false,1.8455,false,false,8.291666666666666,false,1.332464e6,1.2894774432989692e6,false,5
5.44,use_adaptive_ngroute,0.032086669079668284,0,false,1.79,false,false,8.833333333333332,false,1.332464e6,1.2897096685714289e6,false,4
6.122,use_lmSR3_cuts,0.032064876887966,5,false,1.5195,false,false,9.0,false,1.332464e6,1.2897387058823532e6,false,0
5.598,use_lmSR3_cuts,0.031104780316766667,2,false,1.805,false,false,9.0,false,1.332464e6,1.2910179999999998e6,false,0
5.381,use_lmSR3_cuts,0.031104780316766556,4,false,2.668,false,false,9.0,false,1.332464e6,1.291018e6,false,0
21.366,use_lmSR3_cuts,0.029015741604761836,5,false,4.235199999999999,false,false,9.0,false,1.33116e6,1.2925354054054052e6,false,0
18.962,use_lmSR3_cuts,0.02481402254827414,5,false,3.742,false,false,9.0,false,1.326714e6,1.293792888888889e6,false,0
13.143,use_lmSR3_cuts,0.024707158689309505,2,false,3.198,false,false,9.0,false,1.326714e6,1.2939346666666714e6,false,0
11.762,use_lmSR3_cuts,0.024707158689313058,3,false,3.876666666666667,false,false,9.0,false,1.326714e6,1.2939346666666667e6,false,0
15.071,none,0.02470715868931317,0,false,3.743,false,false,9.0,false,1.326714e6,1.2939346666666665e6,false,0
