CG_time_taken,method,CG_LP_IP_gap,implemented_SR3_cuts_count,errored,CG_sp_time_taken_mean,converged,CGIP_artificial,ngroute_neighborhood_size,time_limit_reached,CGIP_objective,CGLP_objective,CGLP_artificial,cycles_lookup_length
8.819,use_adaptive_ngroute,0.22190499597618374,0,false,0.3211333333333334,false,false,5.0,false,1.334554e6,1.0384098e6,false,10
6.458,use_adaptive_ngroute,0.10861223449988855,0,false,0.5412,false,false,5.916666666666667,false,1.25612e6,1.11969e6,false,9
9.134,use_lmSR3_cuts,0.1083813648377544,2,false,0.6599230769230768,false,false,6.291666666666667,false,1.25612e6,1.11998e6,false,0
11.648,use_lmSR3_cuts,0.09913463681813839,2,false,0.8346923076923078,false,false,6.291666666666667,false,1.25612e6,1.131595e6,false,0
9.154,use_adaptive_ngroute,0.0011100361120068847,0,false,1.282285714285714,false,false,6.291666666666667,false,1.14165e6,1.1403827272727273e6,false,4
10.526,none,0.0,0,false,1.148888888888889,true,false,6.5,false,1.14165e6,1.14165e6,false,0
