CG_time_taken,method,CG_LP_IP_gap,implemented_SR3_cuts_count,errored,CG_sp_time_taken_mean,converged,CGIP_artificial,ngroute_neighborhood_size,time_limit_reached,CGIP_objective,CGLP_objective,CGLP_artificial,cycles_lookup_length
4.456,use_adaptive_ngroute,0.31826691263370754,0,false,0.20214285714285712,false,false,5.0,false,1.750443e6,1.193334910648715e6,false,14
3.046,use_adaptive_ngroute,0.013278777117270102,0,false,0.33737500000000004,false,false,5.583333333333333,false,1.42483e6,1.40591e6,false,1
1.359,use_adaptive_ngroute,0.009983455761548465,0,false,0.306,false,false,5.625,false,1.42483e6,1.410605272727273e6,false,8
1.559,use_lmSR3_cuts,0.007755311159927669,5,false,0.2988,false,false,6.958333333333333,false,1.42483e6,1.4137800000000002e6,false,0
3.878,none,0.00239677715938047,0,false,0.6366,false,false,6.958333333333333,false,1.42483e6,1.421415e6,false,0
