CG_time_taken,method,CG_LP_IP_gap,implemented_SR3_cuts_count,errored,CG_sp_time_taken_mean,converged,CGIP_artificial,ngroute_neighborhood_size,time_limit_reached,CGIP_objective,CGLP_objective,CGLP_artificial,cycles_lookup_length
12.95,use_adaptive_ngroute,0.32625127254759334,0,false,0.5469999999999999,false,false,5.0,false,1.811982e6,1.2208205666666667e6,false,24
9.86,use_adaptive_ngroute,0.1280443964220629,0,false,0.8398181818181818,false,false,7.625,false,1.64738e6,1.436442222222222e6,false,14
9.564,use_adaptive_ngroute,0.12207041170750488,0,false,1.3504285714285715,false,false,8.791666666666666,false,1.64738e6,1.4462836451612907e6,false,4
5.182,use_lmSR3_cuts,0.12126346076800743,5,false,1.282,false,false,9.041666666666668,false,1.64738e6,1.447613e6,false,0
16.194,use_adaptive_ngroute,0.06015032429747724,0,false,2.5926666666666667,false,false,9.041666666666668,false,1.552998e6,1.4595846666666665e6,false,6
7.374,use_lmSR3_cuts,0.05997291572933017,5,false,3.6584999999999996,false,false,9.5,false,1.552998e6,1.4598601818181816e6,false,0
10.901,use_adaptive_ngroute,0.020111092298903843,0,false,2.1066,false,false,9.5,false,1.506958e6,1.4766514285714284e6,false,5
6.399,use_lmSR3_cuts,0.01818536636942303,5,false,2.111333333333333,false,false,10.166666666666668,false,1.506958e6,1.479553416666667e6,false,0
12.97,use_adaptive_ngroute,0.002616581785775729,0,false,2.5212,false,false,10.166666666666668,false,1.487182e6,1.4832906666666665e6,false,7
11.058,use_lmSR3_cuts,0.002210188383770184,5,false,3.672,false,false,10.666666666666668,false,1.487182e6,1.4838950476190478e6,false,0
6.141,none,0.0,0,false,3.018,true,false,10.666666666666668,false,1.487182e6,1.487182e6,false,0
