CG_time_taken,method,CG_LP_IP_gap,implemented_SR3_cuts_count,errored,CG_sp_time_taken_mean,converged,CGIP_artificial,ngroute_neighborhood_size,time_limit_reached,CGIP_objective,CGLP_objective,CGLP_artificial,cycles_lookup_length
4.961,use_adaptive_ngroute,0.1244506206463113,0,false,0.18624999999999997,false,false,5.0,false,1.452169e6,1.2714456666666667e6,false,13
3.398,use_adaptive_ngroute,0.10226289088942131,0,false,0.2766,false,false,6.208333333333334,false,1.452169e6,1.303666e6,false,3
1.483,use_lmSR3_cuts,0.10113595593901259,5,false,0.2784,false,false,6.375,false,1.452169e6,1.3053025e6,false,0
4.329,use_adaptive_ngroute,0.018041979856799117,0,false,0.6131666666666667,false,false,6.375,false,1.34636e6,1.322069e6,false,2
3.336,use_adaptive_ngroute,0.0011177994456319507,0,false,0.65,false,false,6.5,false,1.32403e6,1.32255e6,false,7
2.448,none,0.0,0,false,0.8069999999999999,true,false,6.791666666666667,false,1.32403e6,1.32403e6,false,0
