CG_time_taken,method,CG_LP_IP_gap,implemented_SR3_cuts_count,errored,CG_sp_time_taken_mean,converged,CGIP_artificial,ngroute_neighborhood_size,time_limit_reached,CGIP_objective,CGLP_objective,CGLP_artificial,cycles_lookup_length
4.308,use_adaptive_ngroute,0.2162190708571361,0,false,0.16650000000000006,false,false,5.0,false,1.452446e6,1.138399475409836e6,false,15
3.718,use_adaptive_ngroute,0.08442650421891029,0,false,0.26508333333333334,false,false,6.291666666666667,false,1.35264e6,1.2384413333333333e6,false,2
1.772,use_lmSR3_cuts,0.08068074284362436,1,false,0.278,false,false,6.5,false,1.35264e6,1.243508e6,false,0
2.156,use_adaptive_ngroute,0.07020020108824232,0,false,0.44949999999999996,false,false,6.5,false,1.35264e6,1.2576844e6,false,4
1.299,use_lmSR3_cuts,0.07020020108824232,5,false,0.4196666666666667,false,false,6.708333333333334,false,1.35264e6,1.2576844e6,false,0
3.794,use_adaptive_ngroute,0.06355216465578417,0,false,0.5750000000000001,false,false,6.708333333333334,false,1.35264e6,1.2666768e6,false,3
3.352,use_adaptive_ngroute,0.062340917155945696,0,false,0.83025,false,false,7.041666666666667,false,1.35264e6,1.2683151818181816e6,false,8
4.239,use_lmSR3_cuts,0.06162822332623619,5,false,1.0439999999999998,false,false,7.75,false,1.35264e6,1.2692792e6,false,0
5.985,use_adaptive_ngroute,0.04457562930180625,0,false,1.40725,false,false,7.75,false,1.335278e6,1.2757571428571427e6,false,2
11.952,use_adaptive_ngroute,0.044241204971779635,0,false,1.9781666666666666,false,false,7.916666666666667,false,1.335278e6,1.276203692307692e6,false,1
6.247,use_lmSR3_cuts,0.043741303309123625,5,false,2.072333333333334,false,false,8.375,false,1.335278e6,1.2768712e6,false,0
14.004,use_lmSR3_cuts,0.03492899547059569,1,false,2.2976666666666667,false,false,8.375,false,1.327474e6,1.2811066666666665e6,false,0
4.458,use_adaptive_ngroute,0.034215359396869593,0,false,2.1729999999999996,false,false,8.375,false,1.327474e6,1.282054e6,false,3
13.797,none,0.005328046589430646,0,false,2.748,false,false,8.5,false,1.29128e6,1.2844e6,false,0
