CG_time_taken,method,CG_LP_IP_gap,implemented_SR3_cuts_count,errored,CG_sp_time_taken_mean,converged,CGIP_artificial,ngroute_neighborhood_size,time_limit_reached,CGIP_objective,CGLP_objective,CGLP_artificial,cycles_lookup_length
11.008,use_adaptive_ngroute,0.2269158866509975,0,false,0.44429411764705873,false,false,5.0,false,1.62989e6,1.2600420655064057e6,false,24
10.962,use_adaptive_ngroute,0.06442186878843015,0,false,0.6403124999999998,false,false,7.625,false,1.56645e6,1.4655363636363635e6,false,9
5.855,use_adaptive_ngroute,0.04050617917511912,0,false,0.9643333333333332,false,false,9.041666666666668,false,1.53608e6,1.473859268292683e6,false,2
2.927,use_lmSR3_cuts,0.03772371699273713,5,false,0.9616666666666667,false,false,9.125,false,1.534105e6,1.476232857142857e6,false,0
11.558,use_lmSR3_cuts,0.03565659289736245,5,false,1.36275,false,false,9.125,false,1.534105e6,1.4794040425531918e6,false,0
11.166,use_lmSR3_cuts,0.03248213127523869,1,false,2.1772,false,false,9.125,false,1.534105e6,1.484274e6,false,0
13.149,use_lmSR3_cuts,0.011258719409516615,5,false,2.5938000000000003,false,false,9.125,false,1.50427e6,1.4873338461538465e6,false,0
9.296,none,0.011141616863993842,0,false,2.3140000000000005,false,false,9.125,false,1.50427e6,1.48751e6,false,0
