CG_time_taken,method,CG_LP_IP_gap,implemented_SR3_cuts_count,errored,CG_sp_time_taken_mean,converged,CGIP_artificial,ngroute_neighborhood_size,time_limit_reached,CGIP_objective,CGLP_objective,CGLP_artificial,cycles_lookup_length
4.695,use_adaptive_ngroute,0.22763495659432764,0,false,0.17864705882352944,false,false,5.0,false,1.395711e6,1.0779983870967743e6,false,19
4.574,use_adaptive_ngroute,0.0771314188191069,0,false,0.38209090909090915,false,false,7.95,false,1.272664e6,1.17450162e6,false,18
9.509,use_adaptive_ngroute,0.01814657774474404,0,false,1.3297142857142856,false,false,10.149999999999999,false,1.225109e6,1.2028774642857143e6,false,11
6.541,use_lmSR3_cuts,0.01379485417215931,5,false,1.6175,false,false,10.75,false,1.225109e6,1.2082088e6,false,0
6.792,use_lmSR3_cuts,0.009323252053490716,2,false,2.101,false,false,10.75,false,1.225109e6,1.213687e6,false,0
5.255,use_lmSR3_cuts,0.008633245422788094,5,false,2.5829999999999997,false,false,10.75,false,1.225109e6,1.2145323333333335e6,false,0
5.005,use_lmSR3_cuts,0.006176593266395303,2,false,2.3745,false,false,10.75,false,1.225109e6,1.2175419999999998e6,false,0
8.263,use_adaptive_ngroute,0.006150706356973679,0,false,2.696333333333334,false,false,10.75,false,1.225109e6,1.2175737142857143e6,false,2
7.72,use_lmSR3_cuts,0.006150706356973457,5,false,2.5633333333333335,false,false,11.05,false,1.225109e6,1.2175737142857146e6,false,0
10.255,use_adaptive_ngroute,0.0034512380997470116,0,false,3.3386666666666667,false,false,11.05,false,1.225109e6,1.220880857142857e6,false,7
10.12,use_lmSR3_cuts,0.0022485074117216675,5,false,5.0465,false,false,11.549999999999999,false,1.225109e6,1.222354333333333e6,false,0
18.734,use_lmSR3_cuts,0.00011853820535356885,5,false,6.228,false,false,11.549999999999999,false,1.225109e6,1.2249637777777775e6,false,0
22.254,none,0.0,0,false,7.349000000000001,true,false,11.549999999999999,false,1.225109e6,1.225109e6,false,0
