CG_time_taken,method,CG_LP_IP_gap,implemented_SR3_cuts_count,errored,CG_sp_time_taken_mean,converged,CGIP_artificial,ngroute_neighborhood_size,time_limit_reached,CGIP_objective,CGLP_objective,CGLP_artificial,cycles_lookup_length
22.747,use_adaptive_ngroute,0.3266817371638471,0,false,0.6590476190476191,false,false,6.0,false,1.919728e6,1.2925879220779222e6,false,27
73.321,use_adaptive_ngroute,0.05411176241461546,0,false,4.19529411764706,false,false,9.785714285714285,false,1.5037e6,1.4223321428571427e6,false,14
74.26,use_adaptive_ngroute,0.051594668634572294,0,false,12.339333333333332,false,false,10.785714285714286,false,1.5037e6,1.4261170967741937e6,false,7
78.99,use_adaptive_ngroute,0.04892196845378971,0,false,19.725,false,false,11.392857142857144,false,1.5037e6,1.4301360360360364e6,false,6
83.957,use_lmSR3_cuts,0.04866856199153202,5,false,20.956999999999997,false,false,11.714285714285714,false,1.5037e6,1.4305170833333333e6,false,0
282.154,use_adaptive_ngroute,0.03529127554660272,0,false,35.126375,false,false,11.714285714285714,false,1.5037e6,1.4506325089605735e6,false,1
104.091,use_adaptive_ngroute,0.03522311631309438,0,false,34.675000000000004,false,false,11.75,false,1.5037e6,1.450735e6,false,5
38.41,use_lmSR3_cuts,0.035222897873809056,5,false,38.385,false,false,12.25,false,1.5037e6,1.4507353284671532e6,false,0
371.184,use_lmSR3_cuts,0.012276082430191737,5,false,52.928142857142866,false,false,12.25,false,1.47233e6,1.4542555555555557e6,false,0
339.912,use_lmSR3_cuts,0.006364227789881549,5,false,67.881,false,false,12.25,false,1.4688e6,1.459452222222222e6,false,0
274.719,use_lmSR3_cuts,0.005710712647632232,5,false,91.48166666666665,false,false,12.25,false,1.4688e6,1.4604121052631577e6,false,0
474.988,none,0.0048508986928104125,0,false,118.6145,false,false,12.25,false,1.4688e6,1.461675e6,false,0
