CG_time_taken,method,CG_LP_IP_gap,implemented_SR3_cuts_count,errored,CG_sp_time_taken_mean,converged,CGIP_artificial,ngroute_neighborhood_size,time_limit_reached,CGIP_objective,CGLP_objective,CGLP_artificial,cycles_lookup_length
95.394,use_adaptive_ngroute,0.35260848057463756,0,false,4.724266666666669,false,false,6.0,false,1.99745e6,1.2931321904761903e6,false,28
19.624,use_adaptive_ngroute,0.019005508269746785,0,false,1.6198181818181816,false,false,8.678571428571429,false,1.45593e6,1.4282593103448276e6,false,5
10.304,use_lmSR3_cuts,0.017718342685889232,5,false,1.689,false,false,8.964285714285714,false,1.45593e6,1.4301333333333333e6,false,0
14.527,use_adaptive_ngroute,0.015459191032535902,0,false,1.9617142857142857,false,false,8.964285714285714,false,1.45593e6,1.4334225e6,false,4
14.905,use_lmSR3_cuts,0.015275459671824865,5,false,2.9224,false,false,9.25,false,1.45593e6,1.43369e6,false,0
31.634,use_adaptive_ngroute,0.004662359754141199,0,false,5.158833333333333,false,false,9.25,false,1.44419e6,1.4374566666666667e6,false,6
65.591,use_adaptive_ngroute,0.004008244529228877,0,false,9.305428571428571,false,false,10.0,false,1.44419e6,1.438401333333333e6,false,4
50.876,use_lmSR3_cuts,0.0038538656864501863,5,false,10.1244,false,false,10.25,false,1.44419e6,1.4386242857142854e6,false,0
42.428,use_adaptive_ngroute,0.0017310741661415996,0,false,10.4955,false,false,10.25,false,1.44419e6,1.44169e6,false,3
101.913,use_lmSR3_cuts,0.001360624294587276,2,false,14.525714285714285,false,false,10.357142857142858,false,1.44419e6,1.442225e6,false,0
78.64,use_lmSR3_cuts,0.001360624294587276,2,false,15.6466,false,false,10.357142857142858,false,1.44419e6,1.442225e6,false,0
39.583,use_lmSR3_cuts,0.001159819691314845,1,false,13.160333333333334,false,false,10.357142857142858,false,1.44419e6,1.442515e6,false,0
44.68,none,0.0,0,false,11.06725,true,false,10.357142857142858,false,1.44254e6,1.44254e6,false,0
