CG_time_taken,method,CG_LP_IP_gap,implemented_SR3_cuts_count,errored,CG_sp_time_taken_mean,converged,CGIP_artificial,ngroute_neighborhood_size,time_limit_reached,CGIP_objective,CGLP_objective,CGLP_artificial,cycles_lookup_length
42.743,use_adaptive_ngroute,0.3675852017703106,0,false,1.0468518518518521,false,false,6.0,false,1.836664e6,1.1615334929757342e6,false,26
49.333,use_adaptive_ngroute,0.005998067379225369,0,false,2.576888888888889,false,false,8.321428571428571,false,1.401896e6,1.3934873333333335e6,false,4
23.45,use_adaptive_ngroute,0.005582915328003479,0,false,2.0384545454545453,false,false,8.5,false,1.401896e6,1.3940693333333333e6,false,5
17.399,use_adaptive_ngroute,0.004591995411927896,0,false,2.8415,false,false,8.857142857142858,false,1.401896e6,1.3954585e6,false,8
11.623,use_lmSR3_cuts,0.0028604118993135197,1,false,2.2612,false,false,9.642857142857142,false,1.401896e6,1.397886e6,false,0
33.225,use_adaptive_ngroute,0.001955922550603062,0,false,4.617285714285714,false,false,9.642857142857142,false,1.401896e6,1.3991539999999998e6,false,7
12.243,none,0.0,0,false,4.05,true,false,9.892857142857142,false,1.401896e6,1.401896e6,false,0
