CG_time_taken,method,CG_LP_IP_gap,implemented_SR3_cuts_count,errored,CG_sp_time_taken_mean,converged,CGIP_artificial,ngroute_neighborhood_size,time_limit_reached,CGIP_objective,CGLP_objective,CGLP_artificial,cycles_lookup_length
32.319,use_adaptive_ngroute,0.45949152935887505,0,false,0.9182727272727271,false,false,6.0,false,2.12488e6,1.1485156390959136e6,false,28
79.147,use_adaptive_ngroute,0.0355305416331374,0,false,5.141866666666666,false,false,9.071428571428571,false,1.4441e6,1.3927903448275863e6,false,15
52.451,use_adaptive_ngroute,0.023085889712162078,0,false,10.436800000000002,false,false,11.642857142857142,false,1.4441e6,1.4107616666666667e6,false,1
45.897,use_lmSR3_cuts,0.023073194377120854,4,false,7.614166666666666,false,false,11.678571428571429,false,1.4441e6,1.4107799999999998e6,false,0
76.028,use_adaptive_ngroute,0.021978840686667334,0,false,12.5425,false,false,11.678571428571429,false,1.4441e6,1.4123603561643837e6,false,2
30.666,use_lmSR3_cuts,0.021971239295524247,5,false,15.3145,false,false,11.75,false,1.4441e6,1.4123713333333335e6,false,0
69.553,none,0.0,0,false,17.291,true,false,11.75,false,1.41443e6,1.41443e6,false,0
