CG_time_taken,method,CG_LP_IP_gap,implemented_SR3_cuts_count,errored,CG_sp_time_taken_mean,converged,CGIP_artificial,ngroute_neighborhood_size,time_limit_reached,CGIP_objective,CGLP_objective,CGLP_artificial,cycles_lookup_length
12.313,use_adaptive_ngroute,0.32010161052167496,0,false,0.3611578947368421,false,false,6.0,false,1.96327e6,1.3348241111111112e6,false,28
159.48,use_adaptive_ngroute,0.05713747068194985,0,false,8.706111111111111,false,false,11.071428571428571,false,1.582956e6,1.4925098979591834e6,false,11
98.523,use_adaptive_ngroute,0.05573646195087245,0,false,16.365666666666666,false,false,12.642857142857144,false,1.582956e6,1.4947276331360948e6,false,6
59.063,use_lmSR3_cuts,0.054998346299044876,5,false,19.64933333333333,false,false,13.25,false,1.582956e6,1.4958960377358492e6,false,0
233.309,use_lmSR3_cuts,0.04655751644391881,5,false,33.15314285714285,false,false,13.25,false,1.582956e6,1.5092575e6,false,0
147.303,use_lmSR3_cuts,0.046093984924407194,5,false,36.75475,false,false,13.25,false,1.582956e6,1.50999125e6,false,0
150.45,use_adaptive_ngroute,0.04429598143939273,0,false,49.96433333333333,false,false,13.25,false,1.582956e6,1.5128374104046247e6,false,1
77.076,use_lmSR3_cuts,0.044171641350664315,5,false,38.483,false,false,13.357142857142858,false,1.582956e6,1.5130342352941178e6,false,0
214.926,use_lmSR3_cuts,0.04263542385258967,5,false,53.52225,false,false,13.357142857142858,false,1.582956e6,1.515466e6,false,0
337.892,use_lmSR3_cuts,0.0420330747895129,5,false,67.40799999999999,false,false,13.357142857142858,false,1.582956e6,1.5164194920634918e6,false,0
120.305,use_lmSR3_cuts,0.0413352866842116,5,false,59.932,false,false,13.357142857142858,false,1.582956e6,1.517524059931507e6,false,0
464.251,use_lmSR3_cuts,0.04088300622379892,5,false,92.7674,false,false,13.357142857142858,false,1.582956e6,1.5182400000000002e6,false,0
75.083,use_adaptive_ngroute,0.040865213023193014,0,false,74.842,false,false,13.357142857142858,false,1.582956e6,1.5182681658536585e6,false,1
94.677,use_lmSR3_cuts,0.04086295338261281,5,false,94.55,false,false,13.392857142857142,false,1.582956e6,1.5182717427652727e6,false,0
161.61,use_adaptive_ngroute,0.04074227092996985,0,false,80.66750000000002,false,false,13.392857142857142,false,1.582956e6,1.5184627777777787e6,false,1
166.993,use_lmSR3_cuts,0.040742270929970514,5,false,83.4345,false,false,13.571428571428571,false,1.582956e6,1.5184627777777775e6,false,0
437.702,use_lmSR3_cuts,0.039745268046814775,5,false,109.244,false,false,13.571428571428571,false,1.582956e6,1.5200409894736863e6,false,0
356.861,use_adaptive_ngroute,0.03925638022248579,0,false,118.78699999999999,false,false,13.571428571428571,false,1.582956e6,1.5208148773885348e6,false,1
107.358,none,0.03923843885883316,0,false,98.239,false,false,13.678571428571427,true,1.582956e6,1.5208432777777768e6,false,0
