CG_time_taken,method,CG_LP_IP_gap,implemented_SR3_cuts_count,errored,CG_sp_time_taken_mean,converged,CGIP_artificial,ngroute_neighborhood_size,time_limit_reached,CGIP_objective,CGLP_objective,CGLP_artificial,cycles_lookup_length
17.913,use_adaptive_ngroute,0.2611814249639086,0,false,0.4972380952380952,false,false,6.0,false,1.87517e6,1.3854104273504275e6,false,25
38.698,use_adaptive_ngroute,0.03644449974499098,0,false,2.912,false,false,8.464285714285715,false,1.470328e6,1.416742631578947e6,false,17
30.018,use_adaptive_ngroute,0.03459636217225015,0,false,4.966500000000001,false,false,9.964285714285714,false,1.470328e6,1.4194599999999998e6,false,4
49.469,use_lmSR3_cuts,0.034408648954519006,5,false,8.209833333333334,false,false,10.107142857142858,false,1.470328e6,1.419736e6,false,0
63.293,use_adaptive_ngroute,0.0197000113804483,0,false,7.80575,false,false,10.107142857142858,false,1.4645e6,1.4356493333333335e6,false,4
42.405,use_adaptive_ngroute,0.018187918672961212,0,false,8.448800000000002,false,false,10.357142857142858,false,1.4645e6,1.4378637931034483e6,false,1
73.867,use_lmSR3_cuts,0.01818791867296099,5,false,10.502714285714287,false,false,10.5,false,1.4645e6,1.4378637931034486e6,false,0
80.335,use_adaptive_ngroute,0.003073675031266876,0,false,13.27966666666667,false,false,10.5,false,1.45255e6,1.4480853333333333e6,false,1
48.593,use_lmSR3_cuts,0.002562734501394104,5,false,9.6686,false,false,10.678571428571429,false,1.45255e6,1.4488275e6,false,0
63.189,none,0.0,0,false,15.665,true,false,10.678571428571429,false,1.45255e6,1.45255e6,false,0
