CG_time_taken,method,CG_LP_IP_gap,implemented_SR3_cuts_count,errored,CG_sp_time_taken_mean,converged,CGIP_artificial,ngroute_neighborhood_size,time_limit_reached,CGIP_objective,CGLP_objective,CGLP_artificial,cycles_lookup_length
25.242,use_adaptive_ngroute,0.28374603330188564,0,false,0.629227272727273,false,false,6.0,false,1.63234e6,1.16917e6,false,7
18.916,use_adaptive_ngroute,0.15698245483784756,0,false,1.0157142857142858,false,false,6.75,false,1.464666e6,1.2347391358024692e6,false,16
32.466,use_lmSR3_cuts,0.15531254224512636,1,false,2.382230769230769,false,false,8.071428571428571,false,1.464666e6,1.2371849999999998e6,false,0
43.272,use_lmSR3_cuts,0.15446934659505984,1,false,4.2193000000000005,false,false,8.071428571428571,false,1.464666e6,1.23842e6,false,0
23.274,use_lmSR3_cuts,0.15406993812923897,1,false,4.5562,false,false,8.071428571428571,false,1.464666e6,1.239005e6,false,0
50.977,use_adaptive_ngroute,0.15232978030486133,0,false,6.26175,false,false,8.071428571428571,false,1.464666e6,1.24155375e6,false,11
87.527,use_adaptive_ngroute,0.148688734041299,0,false,12.406714285714287,false,false,8.785714285714286,false,1.464666e6,1.2468866666666667e6,false,6
129.412,use_adaptive_ngroute,0.14777685966321596,0,false,21.508333333333333,false,false,9.142857142857142,false,1.464666e6,1.2482222580645161e6,false,5
111.647,use_lmSR3_cuts,0.14737256701206536,5,false,27.837500000000002,false,false,9.535714285714285,false,1.464666e6,1.2488144117647063e6,false,0
90.014,use_adaptive_ngroute,0.1269371620933002,0,false,14.779666666666666,false,false,9.535714285714285,false,1.464666e6,1.2787454545454544e6,false,7
108.791,use_adaptive_ngroute,0.11419111918982094,0,false,11.965555555555557,false,false,10.357142857142858,false,1.447976e6,1.2826299999999998e6,false,4
135.583,use_adaptive_ngroute,0.11244013394187158,0,false,33.823249999999994,false,false,10.642857142857142,false,1.447976e6,1.2851653846153845e6,false,3
139.978,use_adaptive_ngroute,0.11244013394187158,0,false,23.26433333333333,false,false,10.75,false,1.447976e6,1.2851653846153845e6,false,3
96.008,use_lmSR3_cuts,0.11203581182745193,5,false,15.945833333333331,false,false,10.857142857142858,false,1.447976e6,1.2857508333333335e6,false,0
278.754,use_adaptive_ngroute,0.10915650535644217,0,false,39.666999999999994,false,false,10.857142857142858,false,1.447976e6,1.2899200000000002e6,false,1
203.781,use_lmSR3_cuts,0.10883388753878331,5,false,33.87449999999999,false,false,10.892857142857142,false,1.447976e6,1.2903871428571427e6,false,0
503.391,use_lmSR3_cuts,0.05661910527929381,3,false,71.65771428571428,false,false,10.892857142857142,false,1.374224e6,1.2964166666666677e6,false,0
594.948,use_lmSR3_cuts,0.05360164475854501,4,false,74.22625,false,false,10.892857142857142,false,1.374224e6,1.3005633333333333e6,false,0
690.53,use_lmSR3_cuts,0.053298443339659496,2,false,137.8848,false,false,10.892857142857142,false,1.374224e6,1.3009799999999998e6,false,0
130.777,none,0.05269931733594124,0,false,77.366,false,false,10.892857142857142,true,1.374224e6,1.3018033333333335e6,false,0
