CG_time_taken,method,CG_LP_IP_gap,implemented_SR3_cuts_count,errored,CG_sp_time_taken_mean,converged,CGIP_artificial,ngroute_neighborhood_size,time_limit_reached,CGIP_objective,CGLP_objective,CGLP_artificial,cycles_lookup_length
19.404,use_adaptive_ngroute,0.3666472700536606,0,false,0.5635,false,false,6.0,false,1.969416e6,1.247335e6,false,28
36.764,use_adaptive_ngroute,0.1058230926908571,0,false,1.750842105263158,false,false,8.357142857142856,false,1.584536e6,1.4168555e6,false,1
13.398,use_adaptive_ngroute,0.10020764753845923,0,false,1.621125,false,false,8.392857142857144,false,1.584536e6,1.425753375e6,false,8
14.378,use_adaptive_ngroute,0.07555394267709437,0,false,2.3208333333333333,false,false,9.25,false,1.548646e6,1.4316396888888886e6,false,11
21.0,use_lmSR3_cuts,0.06479492677751963,5,false,6.958666666666667,false,false,10.214285714285715,false,1.53103e6,1.431827023255814e6,false,0
87.267,use_lmSR3_cuts,0.03474045862915931,5,false,12.313857142857142,false,false,10.214285714285715,false,1.493811e6,1.4419153207547169e6,false,0
147.369,use_adaptive_ngroute,0.02993905233947647,0,false,16.274333333333338,false,false,10.214285714285715,false,1.493811e6,1.4490877142857143e6,false,5
45.848,use_lmSR3_cuts,0.028681304579938005,5,false,15.228666666666667,false,false,10.678571428571429,false,1.493811e6,1.4509665517241382e6,false,0
121.867,none,0.0,0,false,17.249142857142857,true,false,10.678571428571429,false,1.455095e6,1.455095e6,false,0
