CG_time_taken,method,CG_LP_IP_gap,implemented_SR3_cuts_count,errored,CG_sp_time_taken_mean,converged,CGIP_artificial,ngroute_neighborhood_size,time_limit_reached,CGIP_objective,CGLP_objective,CGLP_artificial,cycles_lookup_length
14.851,use_adaptive_ngroute,0.3307353479217767,0,false,0.5604999999999999,false,false,6.0,false,1.906499e6,1.2759523899224806e6,false,28
83.985,use_adaptive_ngroute,0.046552360172226415,0,false,4.795058823529412,false,false,10.178571428571429,false,1.461101e6,1.3930832999999998e6,false,12
46.01,use_adaptive_ngroute,0.02258480549473607,0,false,5.679374999999999,false,false,11.392857142857144,false,1.433663e6,1.4012840000000002e6,false,4
42.452,use_adaptive_ngroute,0.018329124681872866,0,false,7.023000000000001,false,false,11.535714285714286,false,1.433663e6,1.4073852121212122e6,false,2
29.096,use_adaptive_ngroute,0.018183267460887054,0,false,7.1884999999999994,false,false,11.642857142857142,false,1.433663e6,1.4075943222222223e6,false,1
16.841,use_lmSR3_cuts,0.018183267460887054,5,false,8.3605,false,false,11.75,false,1.433663e6,1.4075943222222223e6,false,0
46.434,use_adaptive_ngroute,0.01613948559273226,0,false,11.400500000000001,false,false,11.75,false,1.433663e6,1.4105244166666667e6,false,1
26.446,use_lmSR3_cuts,0.01613948559273226,5,false,13.198500000000001,false,false,11.785714285714285,false,1.433663e6,1.4105244166666667e6,false,0
62.579,use_lmSR3_cuts,0.01088627522646557,5,false,12.439599999999999,false,false,11.785714285714285,false,1.433663e6,1.4180557499999998e6,false,0
60.097,use_lmSR3_cuts,0.010104420169407491,4,false,14.884500000000001,false,false,11.785714285714285,false,1.433663e6,1.4191766666666667e6,false,0
125.846,none,0.006340169667953366,0,false,15.6265,false,false,11.785714285714285,false,1.433663e6,1.424573333333333e6,false,0
