CG_time_taken,method,CG_LP_IP_gap,implemented_SR3_cuts_count,errored,CG_sp_time_taken_mean,converged,CGIP_artificial,ngroute_neighborhood_size,time_limit_reached,CGIP_objective,CGLP_objective,CGLP_artificial,cycles_lookup_length
8.152,use_adaptive_ngroute,0.41079013418471333,0,false,0.4634615384615385,false,false,5.0,false,1.87923e6,1.1072608561360613e6,false,20
25.288,use_adaptive_ngroute,0.11818990761863157,0,false,1.8966153846153848,false,false,8.25,false,1.40475e6,1.2387227272727273e6,false,4
3.836,use_lmSR3_cuts,0.08187095922944987,5,false,1.9095,false,false,8.55,false,1.35044e6,1.2398781818181816e6,false,0
40.169,use_adaptive_ngroute,0.07275119617022996,0,false,3.9398999999999997,false,false,8.55,false,1.35044e6,1.2521938746438746e6,false,9
52.255,use_adaptive_ngroute,0.07105308405354438,0,false,10.425400000000002,false,false,10.6,false,1.35044e6,1.2544870731707315e6,false,4
44.741,use_lmSR3_cuts,0.07097909844097483,5,false,11.1715,false,false,11.05,false,1.35044e6,1.25458698630137e6,false,0
106.366,use_adaptive_ngroute,0.06297587092735346,0,false,15.150999999999998,false,false,11.05,false,1.35044e6,1.2653948648648649e6,false,3
85.402,use_adaptive_ngroute,0.061223008797132605,0,false,28.450666666666667,false,false,11.700000000000001,false,1.35044e6,1.2677620000000002e6,false,2
83.316,use_adaptive_ngroute,0.06080845843071492,0,false,27.740666666666666,false,false,11.799999999999999,false,1.35044e6,1.2683218253968253e6,false,1
73.897,use_adaptive_ngroute,0.060129841473346546,0,false,24.616999999999997,false,false,11.85,false,1.35044e6,1.2692382568807339e6,false,2
49.12,use_lmSR3_cuts,0.05988788839193149,5,false,24.5325,false,false,12.1,false,1.35044e6,1.269565e6,false,0
251.739,use_adaptive_ngroute,0.053690084783654335,0,false,35.89028571428571,false,false,12.1,false,1.35044e6,1.277934761904762e6,false,1
71.054,use_lmSR3_cuts,0.053631127956781266,5,false,35.498,false,false,12.149999999999999,false,1.35044e6,1.2780143795620443e6,false,0
248.627,use_lmSR3_cuts,0.027890535658838367,5,false,41.361,false,false,12.149999999999999,false,1.32043e6,1.2836025e6,false,0
329.528,use_adaptive_ngroute,0.023050785844416,0,false,54.82516666666667,false,false,12.149999999999999,false,1.32043e6,1.2899930508474577e6,false,1
115.249,use_lmSR3_cuts,0.023040979074998247,5,false,57.582499999999996,false,false,12.25,false,1.32043e6,1.290006e6,false,0
197.289,use_lmSR3_cuts,0.02236514498429154,5,false,65.67366666666666,false,false,12.25,false,1.32043e6,1.290898391608392e6,false,0
663.879,use_lmSR3_cuts,0.013907459988125148,5,false,94.73928571428573,false,false,12.25,false,1.32043e6,1.3020661726078799e6,false,0
497.389,use_lmSR3_cuts,0.011992305536832726,1,false,99.3808,false,false,12.25,false,1.32043e6,1.304595e6,false,0
294.077,use_adaptive_ngroute,0.00991552553347863,0,false,97.93533333333335,false,false,12.25,false,1.32043e6,1.3073372426198288e6,false,1
105.344,use_adaptive_ngroute,0.009846853275864653,0,false,105.267,false,false,12.35,false,1.32043e6,1.30742791952895e6,false,2
122.768,use_lmSR3_cuts,0.009806254191605746,5,false,122.64699999999999,false,false,12.55,false,1.32043e6,1.307481527777778e6,false,0
61.864,none,0.005531086497448268,0,false,NaN,false,false,12.55,true,1.32043e6,1.3131265874561744e6,false,0
