CG_time_taken,method,CG_LP_IP_gap,implemented_SR3_cuts_count,errored,CG_sp_time_taken_mean,converged,CGIP_artificial,ngroute_neighborhood_size,time_limit_reached,CGIP_objective,CGLP_objective,CGLP_artificial,cycles_lookup_length
19.428,use_adaptive_ngroute,0.2554238908006712,0,false,0.5668947368421052,false,false,6.0,false,1.92359e6,1.4322591578947369e6,false,26
44.12,use_adaptive_ngroute,0.06426772572086004,0,false,2.6375625,false,false,8.75,false,1.70267e6,1.5932432714468632e6,false,13
55.48,use_adaptive_ngroute,0.035428031217689226,0,false,6.097777777777777,false,false,10.821428571428571,false,1.66177e6,1.6028967605633806e6,false,6
34.994,use_adaptive_ngroute,0.03451635906292683,0,false,6.974799999999999,false,false,11.071428571428571,false,1.66177e6,1.60441175e6,false,7
14.374,use_lmSR3_cuts,0.03402102042467414,5,false,7.162999999999999,false,false,11.464285714285715,false,1.66177e6,1.6052348888888892e6,false,0
56.498,use_adaptive_ngroute,0.030767962230480284,0,false,11.143200000000002,false,false,11.464285714285715,false,1.66177e6,1.6106407234042548e6,false,3
45.329,use_adaptive_ngroute,0.03076796223047984,0,false,11.28375,false,false,11.785714285714285,false,1.66177e6,1.6106407234042555e6,false,1
43.476,use_adaptive_ngroute,0.03076796223047984,0,false,14.453333333333333,false,false,11.821428571428571,false,1.66177e6,1.6106407234042555e6,false,1
27.226,use_lmSR3_cuts,0.030720757585787184,5,false,13.562999999999999,false,false,11.857142857142856,false,1.66177e6,1.6107191666666665e6,false,0
35.482,use_adaptive_ngroute,0.029903399043532564,0,false,17.627,false,false,11.857142857142856,false,1.66177e6,1.6120774285714289e6,false,3
91.831,use_lmSR3_cuts,0.02981902648162138,5,false,18.296999999999997,false,false,12.321428571428571,false,1.66177e6,1.612217636363636e6,false,0
103.177,use_lmSR3_cuts,0.02913760628727191,5,false,25.684,false,false,12.321428571428571,false,1.66177e6,1.6133500000000002e6,false,0
64.993,use_adaptive_ngroute,0.028933656088209747,0,false,21.554999999999996,false,false,12.321428571428571,false,1.66177e6,1.6136889183222956e6,false,1
51.919,use_lmSR3_cuts,0.02892726899427145,5,false,25.929499999999997,false,false,12.392857142857142,false,1.66177e6,1.6136995322033896e6,false,0
83.604,use_lmSR3_cuts,0.028305160561730602,5,false,27.73533333333333,false,false,12.392857142857142,false,1.66177e6,1.614733333333333e6,false,0
179.017,use_lmSR3_cuts,0.028135245968038847,5,false,35.71319999999999,false,false,12.392857142857142,false,1.66177e6,1.615015692307692e6,false,0
107.381,use_lmSR3_cuts,0.028051307341521947,5,false,35.684,false,false,12.392857142857142,false,1.66177e6,1.6151551789990792e6,false,0
76.361,use_lmSR3_cuts,0.02780804383749269,5,false,37.971,false,false,12.392857142857142,false,1.66177e6,1.6155594269921698e6,false,0
185.066,none,0.027579027181860893,0,false,46.12499999999999,false,false,12.392857142857142,false,1.66177e6,1.615939999999999e6,false,0
