CG_time_taken,method,CG_LP_IP_gap,implemented_SR3_cuts_count,errored,CG_sp_time_taken_mean,converged,CGIP_artificial,ngroute_neighborhood_size,time_limit_reached,CGIP_objective,CGLP_objective,CGLP_artificial,cycles_lookup_length
194.802,use_adaptive_ngroute,0.39906307335819524,0,false,5.699260869565218,false,false,6.0,false,1.806674e6,1.085697121003656e6,false,28
117.669,use_adaptive_ngroute,0.0837619539555664,0,false,5.324761904761905,false,false,9.321428571428571,false,1.370676e6,1.2558655e6,false,4
41.468,use_adaptive_ngroute,0.07117836059596516,0,false,5.687428571428572,false,false,9.464285714285714,false,1.370676e6,1.2731135294117648e6,false,6
24.742,use_lmSR3_cuts,0.070635053599299,5,false,4.758,false,false,10.535714285714285,false,1.370676e6,1.2738582272727273e6,false,0
81.248,use_adaptive_ngroute,0.06236266958256609,0,false,9.88675,false,false,10.535714285714285,false,1.370676e6,1.2851969855072466e6,false,9
109.756,use_adaptive_ngroute,0.05860474773916047,0,false,21.7756,false,false,11.214285714285714,false,1.370676e6,1.2903478787878784e6,false,5
111.644,use_lmSR3_cuts,0.05859876197341074,5,false,22.1908,false,false,11.821428571428571,false,1.370676e6,1.2903560833333333e6,false,0
204.438,use_adaptive_ngroute,0.030838751467341274,0,false,25.257624999999997,false,false,11.821428571428571,false,1.357661e6,1.315792429844098e6,false,9
182.73,use_adaptive_ngroute,0.02958119335985887,0,false,30.294,false,false,12.357142857142856,false,1.357661e6,1.3174997674418606e6,false,3
163.839,use_lmSR3_cuts,0.02914246143428545,5,false,40.75925,false,false,12.535714285714286,false,1.357661e6,1.3180954166666665e6,false,0
887.415,use_lmSR3_cuts,0.02170350330457982,5,false,98.23422222222221,false,false,12.535714285714286,false,1.357661e6,1.328195000000001e6,false,0
1029.594,none,0.0,0,false,128.44975,true,false,12.535714285714286,false,1.3312e6,1.3312e6,false,0
