CG_time_taken,method,CG_LP_IP_gap,implemented_SR3_cuts_count,errored,CG_sp_time_taken_mean,converged,CGIP_artificial,ngroute_neighborhood_size,time_limit_reached,CGIP_objective,CGLP_objective,CGLP_artificial,cycles_lookup_length
37.488,use_adaptive_ngroute,0.3880619631946606,0,false,0.9886000000000001,false,false,6.0,false,1.88587e6,1.1540355854700855e6,false,24
87.645,use_adaptive_ngroute,0.015647079347541615,0,false,4.454,false,false,7.857142857142858,false,1.37572e6,1.354194e6,false,5
53.082,use_lmSR3_cuts,0.015190227662605804,5,false,6.59525,false,false,8.214285714285714,false,1.37572e6,1.3548225e6,false,0
101.307,use_adaptive_ngroute,0.009763978135085671,0,false,14.306571428571429,false,false,8.214285714285714,false,1.37572e6,1.3622875e6,false,2
84.227,use_lmSR3_cuts,0.009536824353792883,5,false,16.8052,false,false,8.285714285714285,false,1.37572e6,1.3626e6,false,0
122.846,use_lmSR3_cuts,0.007323437908876795,1,false,20.36283333333333,false,false,8.285714285714285,false,1.37572e6,1.365645e6,false,0
196.021,use_lmSR3_cuts,0.005333934230802639,5,false,32.620333333333335,false,false,8.285714285714285,false,1.37572e6,1.3683820000000002e6,false,0
221.816,use_adaptive_ngroute,0.003909468011901618,0,false,27.609624999999998,false,false,8.285714285714285,false,1.37572e6,1.3703416666666667e6,false,12
278.009,use_lmSR3_cuts,0.0011975547349751814,4,false,46.254333333333335,false,false,10.214285714285715,false,1.37572e6,1.3740725e6,false,0
448.231,none,0.0,0,false,49.731333333333325,true,false,10.214285714285715,false,1.37572e6,1.37572e6,false,0
