CG_time_taken,method,CG_LP_IP_gap,implemented_SR3_cuts_count,errored,CG_sp_time_taken_mean,converged,CGIP_artificial,ngroute_neighborhood_size,time_limit_reached,CGIP_objective,CGLP_objective,CGLP_artificial,cycles_lookup_length
11.883,use_adaptive_ngroute,0.396675012944652,0,false,0.37321052631578944,false,false,6.0,false,2.1041e6,1.2694561052631577e6,false,28
23.545,use_adaptive_ngroute,0.06743818593168183,0,false,1.7004615384615385,false,false,9.142857142857142,false,1.511526e6,1.4095914285714286e6,false,2
9.794,use_lmSR3_cuts,0.06521951987593999,1,false,1.0332222222222223,false,false,9.25,false,1.511526e6,1.412945e6,false,0
17.137,use_lmSR3_cuts,0.06453478140634039,1,false,1.6362,false,false,9.25,false,1.511526e6,1.41398e6,false,0
15.032,use_lmSR3_cuts,0.06395920414203926,1,false,1.8116249999999998,false,false,9.25,false,1.511526e6,1.41485e6,false,0
16.789,use_lmSR3_cuts,0.06078691335775899,1,false,2.3040000000000003,false,false,9.25,false,1.511526e6,1.419645e6,false,0
10.824,use_adaptive_ngroute,0.06062526656284217,0,false,2.0982000000000003,false,false,9.25,false,1.511526e6,1.4198893333333335e6,false,6
15.482,use_lmSR3_cuts,0.06055535928591371,1,false,1.883875,false,false,9.928571428571427,false,1.511526e6,1.419995e6,false,0
7.161,use_adaptive_ngroute,0.05904364198829526,0,false,1.7597500000000001,false,false,9.928571428571427,false,1.511526e6,1.42228e6,false,3
15.958,use_lmSR3_cuts,0.0576477017265995,1,false,2.584166666666667,false,false,10.142857142857144,false,1.511526e6,1.42439e6,false,0
11.379,use_adaptive_ngroute,0.057320879693766424,0,false,2.79525,false,false,10.142857142857144,false,1.511526e6,1.424884e6,false,1
22.636,use_lmSR3_cuts,0.05728361051458364,3,false,3.1830000000000007,false,false,10.214285714285715,false,1.511526e6,1.4249403333333335e6,false,0
19.372,use_lmSR3_cuts,0.05291916682996067,1,false,3.8324,false,false,10.214285714285715,false,1.510568e6,1.43063e6,false,0
26.316,use_adaptive_ngroute,0.039889400113694906,0,false,5.217999999999999,false,false,10.214285714285715,false,1.490538e6,1.4310813333333335e6,false,5
23.098,use_lmSR3_cuts,0.03816943949097573,1,false,5.666,false,false,10.5,false,1.490538e6,1.433645e6,false,0
20.329,use_lmSR3_cuts,0.0378759692329691,5,false,5.058,false,false,10.5,false,1.490538e6,1.4340824285714286e6,false,0
77.706,use_lmSR3_cuts,0.0009504255069097134,5,false,6.335499999999999,false,false,10.5,false,1.44651e6,1.4451352e6,false,0
11.919,none,0.0,0,false,5.8115000000000006,true,false,10.5,false,1.44651e6,1.44651e6,false,0
