CG_time_taken,method,CG_LP_IP_gap,implemented_SR3_cuts_count,errored,CG_sp_time_taken_mean,converged,CGIP_artificial,ngroute_neighborhood_size,time_limit_reached,CGIP_objective,CGLP_objective,CGLP_artificial,cycles_lookup_length
25.853,use_adaptive_ngroute,0.3545520353557563,0,false,0.6948500000000001,false,false,6.0,false,1.93156e6,1.2467214705882354e6,false,24
223.957,use_adaptive_ngroute,0.12069066034435849,0,false,11.429263157894738,false,false,8.892857142857142,false,1.54374e6,1.357425e6,false,5
23.438,use_adaptive_ngroute,0.08308643378963998,0,false,2.4125555555555556,false,false,9.321428571428571,false,1.485493e6,1.3620686842105263e6,false,3
10.645,use_adaptive_ngroute,0.08133622231063309,0,false,2.0898000000000003,false,false,9.464285714285714,false,1.485493e6,1.3646686111111108e6,false,1
5.103,use_adaptive_ngroute,0.08111125793413565,0,false,2.5115000000000003,false,false,9.535714285714285,false,1.485493e6,1.365002794117647e6,false,2
11.594,use_lmSR3_cuts,0.0808581730105763,5,false,3.813666666666667,false,false,9.607142857142858,false,1.485493e6,1.36537875e6,false,0
52.446,use_lmSR3_cuts,0.009101056752272463,5,false,5.578555555555555,false,false,9.607142857142858,false,1.401963e6,1.389203655172414e6,false,0
67.857,use_lmSR3_cuts,0.002455842272584885,5,false,6.6114999999999995,false,false,9.607142857142858,false,1.401963e6,1.39852e6,false,0
39.352,use_lmSR3_cuts,0.0024558422725862172,3,false,7.689399999999999,false,false,9.607142857142858,false,1.401963e6,1.3985199999999981e6,false,0
83.675,none,0.0,0,false,11.712428571428571,true,false,9.607142857142858,false,1.401963e6,1.401963e6,false,0
