CG_time_taken,method,CG_LP_IP_gap,implemented_SR3_cuts_count,errored,CG_sp_time_taken_mean,converged,CGIP_artificial,ngroute_neighborhood_size,time_limit_reached,CGIP_objective,CGLP_objective,CGLP_artificial,cycles_lookup_length
14.752,use_adaptive_ngroute,0.3396344972294323,0,false,0.5372857142857143,false,false,6.0,false,1.97953e6,1.307213323699422e6,false,28
35.489,use_adaptive_ngroute,0.04054182021882358,0,false,2.8355833333333336,false,false,8.857142857142858,false,1.524598e6,1.462788021978022e6,false,3
26.671,use_adaptive_ngroute,0.03819509580011682,0,false,2.9344444444444444,false,false,9.071428571428571,false,1.524598e6,1.4663658333333335e6,false,3
7.779,use_adaptive_ngroute,0.03729157893862345,0,false,3.861,false,false,9.178571428571429,false,1.524598e6,1.4677433333333326e6,false,2
7.685,use_lmSR3_cuts,0.03628077384208506,5,false,3.8235,false,false,9.535714285714285,false,1.524598e6,1.4692844047619049e6,false,0
25.362,use_lmSR3_cuts,0.01685122297830488,5,false,6.1530000000000005,false,false,9.535714285714285,false,1.504664e6,1.4793085714285718e6,false,0
20.772,use_lmSR3_cuts,0.0011999218028492242,2,false,6.740333333333333,false,false,9.535714285714285,false,1.48343e6,1.4816499999999993e6,false,0
49.339,none,3.3306690738754696e-16,0,false,6.962714285714286,true,false,9.535714285714285,false,1.48343e6,1.4834299999999995e6,false,0
