CG_time_taken,method,CG_LP_IP_gap,implemented_SR3_cuts_count,errored,CG_sp_time_taken_mean,converged,CGIP_artificial,ngroute_neighborhood_size,time_limit_reached,CGIP_objective,CGLP_objective,CGLP_artificial,cycles_lookup_length
18.076,use_adaptive_ngroute,0.32838758399746704,0,false,0.5548888888888889,false,false,6.0,false,2.05746e6,1.3818156814285715e6,false,24
24.32,use_adaptive_ngroute,0.014519442521512715,0,false,1.4929285714285714,false,false,8.214285714285714,false,1.48789e6,1.4662866666666665e6,false,8
9.335,use_lmSR3_cuts,0.012452655019072556,4,false,1.7792000000000001,false,false,8.785714285714286,false,1.48643e6,1.46792e6,false,0
17.069,use_adaptive_ngroute,0.006376015015843284,0,false,2.6503333333333337,false,false,8.785714285714286,false,1.48643e6,1.4769525e6,false,1
5.924,use_lmSR3_cuts,0.006376015015843284,5,false,2.9034999999999997,false,false,8.928571428571429,false,1.48643e6,1.4769525e6,false,0
16.825,use_adaptive_ngroute,0.003844627214715124,0,false,3.205,false,false,8.928571428571429,false,1.48643e6,1.480715230769231e6,false,1
12.934,use_lmSR3_cuts,0.0037309526852927766,5,false,3.1730000000000005,false,false,9.178571428571429,false,1.48643e6,1.4808842000000002e6,false,0
7.582,use_adaptive_ngroute,0.002338152486158096,0,false,3.583,false,false,9.178571428571429,false,1.48643e6,1.4829545e6,false,2
10.493,use_adaptive_ngroute,0.002190333737732697,0,false,5.1525,false,false,9.785714285714285,false,1.48643e6,1.483174222222222e6,false,2
8.808,use_lmSR3_cuts,0.0021480998096109483,5,false,4.3675,false,false,10.392857142857142,false,1.48643e6,1.483237e6,false,0
32.818,none,0.0,0,false,6.4838000000000005,true,false,10.392857142857142,false,1.48643e6,1.48643e6,false,0
