CG_time_taken,method,CG_LP_IP_gap,implemented_SR3_cuts_count,errored,CG_sp_time_taken_mean,converged,CGIP_artificial,ngroute_neighborhood_size,time_limit_reached,CGIP_objective,CGLP_objective,CGLP_artificial,cycles_lookup_length
99.062,use_adaptive_ngroute,0.49961464183571336,0,false,3.9550526315789467,false,false,6.0,false,2.247489e6,1.1246105882352944e6,false,28
147.167,use_adaptive_ngroute,0.07173360203445134,0,false,8.933125,false,false,9.285714285714285,false,1.45887e6,1.35422e6,false,8
44.599,use_adaptive_ngroute,0.07119551433643845,0,false,3.369923076923077,false,false,9.678571428571429,false,1.45887e6,1.355005e6,false,5
35.733,use_lmSR3_cuts,0.06332390916586095,1,false,3.4972,false,false,10.142857142857144,false,1.446989e6,1.35536e6,false,0
14.958,use_lmSR3_cuts,0.06097765774307895,5,false,3.68025,false,false,10.142857142857144,false,1.446989e6,1.358755e6,false,0
34.825,use_adaptive_ngroute,0.05745194561488254,0,false,5.705333333333333,false,false,10.142857142857144,false,1.446989e6,1.3638566666666667e6,false,1
88.367,use_lmSR3_cuts,0.02833605247346771,3,false,14.56166666666667,false,false,10.178571428571429,false,1.40363e6,1.3638566666666665e6,false,0
26.222,use_adaptive_ngroute,0.023967854776543507,0,false,6.41075,false,false,10.178571428571429,false,1.40363e6,1.3699880000000002e6,false,6
38.128,use_lmSR3_cuts,0.02395218113035491,1,false,12.643666666666666,false,false,10.678571428571429,false,1.40363e6,1.37001e6,false,0
45.269,use_lmSR3_cuts,0.01737874891056279,2,false,9.0066,false,false,10.678571428571429,false,1.40363e6,1.3792366666666667e6,false,0
28.536,use_lmSR3_cuts,0.01600314897800703,5,false,9.463666666666667,false,false,10.678571428571429,false,1.40363e6,1.3811675e6,false,0
73.963,use_lmSR3_cuts,0.014804471263794583,5,false,14.653599999999999,false,false,10.678571428571429,false,1.40363e6,1.38285e6,false,0
68.95,use_lmSR3_cuts,0.014052848685194852,1,false,17.14775,false,false,10.678571428571429,false,1.40363e6,1.383905e6,false,0
107.725,use_lmSR3_cuts,0.0024705134204434653,5,false,17.88283333333333,false,false,10.678571428571429,false,1.38905e6,1.385618333333333e6,false,0
64.888,use_adaptive_ngroute,0.0015097677240869523,0,false,21.554666666666673,false,false,10.678571428571429,false,1.38905e6,1.386952857142857e6,false,2
29.031,use_lmSR3_cuts,0.0007343148194809412,5,false,14.435500000000001,false,false,10.75,false,1.38905e6,1.38803e6,false,0
205.029,none,1.4398329793774423e-5,0,false,22.66611111111111,false,false,10.75,false,1.38905e6,1.38903e6,false,0
