CG_time_taken,method,CG_LP_IP_gap,implemented_SR3_cuts_count,errored,CG_sp_time_taken_mean,converged,CGIP_artificial,ngroute_neighborhood_size,time_limit_reached,CGIP_objective,CGLP_objective,CGLP_artificial,cycles_lookup_length
22.241,use_adaptive_ngroute,0.3522424898452785,0,false,0.57936,false,false,6.0,false,1.949023e6,1.2624942857142857e6,false,28
55.091,use_adaptive_ngroute,0.020796527655581043,0,false,3.5357999999999996,false,false,9.571428571428571,false,1.42075e6,1.3912033333333333e6,false,8
55.34,use_adaptive_ngroute,0.006712758827472243,0,false,7.8180000000000005,false,false,10.321428571428571,false,1.41745e6,1.4079349999999995e6,false,4
50.31,use_adaptive_ngroute,0.0044203690951448715,0,false,16.689,false,false,11.035714285714285,false,1.41745e6,1.411184347826087e6,false,8
92.615,use_lmSR3_cuts,0.0030914670711487124,5,false,18.4554,false,false,11.571428571428571,false,1.41745e6,1.4130680000000002e6,false,0
156.819,use_lmSR3_cuts,0.0012078027443648276,4,false,31.1538,false,false,11.571428571428571,false,1.41745e6,1.415738e6,false,0
265.961,none,0.0,0,false,44.224000000000004,true,false,11.571428571428571,false,1.41745e6,1.41745e6,false,0
