CG_time_taken,method,CG_LP_IP_gap,implemented_SR3_cuts_count,errored,CG_sp_time_taken_mean,converged,CGIP_artificial,ngroute_neighborhood_size,time_limit_reached,CGIP_objective,CGLP_objective,CGLP_artificial,cycles_lookup_length
29.978,use_adaptive_ngroute,0.32217966535607045,0,false,0.9814736842105265,false,false,6.0,false,1.859658e6,1.2605140078832607e6,false,28
96.802,use_adaptive_ngroute,0.12461244366135482,0,false,5.919124999999999,false,false,8.714285714285715,false,1.643632e6,1.438815e6,false,5
63.509,use_adaptive_ngroute,0.12307903251070551,0,false,12.532399999999999,false,false,8.964285714285714,false,1.643632e6,1.441335363636364e6,false,5
115.552,use_adaptive_ngroute,0.12183098033643813,0,false,19.174999999999997,false,false,9.964285714285714,false,1.643632e6,1.4433867021276595e6,false,2
92.293,use_adaptive_ngroute,0.12065263907099533,0,false,23.0155,false,false,10.071428571428573,false,1.643632e6,1.4453234615384617e6,false,4
110.434,use_lmSR3_cuts,0.12004716336947718,5,false,27.559,false,false,10.428571428571429,false,1.643632e6,1.4463186407766994e6,false,0
316.423,use_adaptive_ngroute,0.11812755501730132,0,false,63.0592,false,false,10.428571428571429,false,1.643632e6,1.449473770491803e6,false,2
177.399,use_lmSR3_cuts,0.11726522830720087,5,false,59.085,false,false,10.714285714285715,false,1.643632e6,1.4508911182669788e6,false,0
906.532,use_adaptive_ngroute,0.055983373685804416,0,false,100.50644444444444,false,false,10.714285714285715,false,1.541879e6,1.4555594117647056e6,false,2
559.165,use_lmSR3_cuts,0.0558213904556214,5,false,139.7015,false,false,10.964285714285714,false,1.541879e6,1.455809170305677e6,false,0
789.834,use_adaptive_ngroute,0.04354435199821893,0,false,131.48933333333332,false,false,10.964285714285714,false,1.531169e6,1.464495238095239e6,false,6
287.68,none,0.03960762290810926,0,false,136.82899999999998,false,false,11.5,true,1.531169e6,1.4705230356394132e6,false,0
