CG_time_taken,method,CG_LP_IP_gap,implemented_SR3_cuts_count,CG_sp_time_taken_mean,converged,time_limit_reached,ngroute_neighborhood_size,CGIP_objective,CGLP_objective,cycles_lookup_length
3.531,use_adaptive_ngroute,0.07801089438360553,0,0.1475,false,false,7.75,1.58981e6,1.4657875e6,5
0.985,use_adaptive_ngroute,0.042574998994900914,0,0.18339999999999998,false,false,8.6,1.54979e6,1.4838076923076925e6,6
0.666,use_adaptive_ngroute,0.04010632363761868,0,0.19266666666666665,false,false,9.5,1.54979e6,1.487633620689655e6,4
0.197,none,0.039279515289168176,0,0.185,false,false,9.700000000000001,1.54979e6,1.488915e6,0
