CG_time_taken,method,CG_LP_IP_gap,implemented_SR3_cuts_count,CG_sp_time_taken_mean,converged,time_limit_reached,ngroute_neighborhood_size,CGIP_objective,CGLP_objective,cycles_lookup_length
2.459,use_adaptive_ngroute,0.11226823931582475,0,0.16033333333333333,false,false,7.75,1.64987e6,1.4646420000000002e6,6
0.519,use_adaptive_ngroute,0.10686841993611607,0,0.12175,false,false,8.35,1.64987e6,1.4735510000000002e6,2
0.48,use_adaptive_ngroute,0.05497468978183939,0,0.14566666666666667,false,false,8.7,1.56261e6,1.476706e6,1
0.234,use_adaptive_ngroute,0.055244750769545825,0,0.10800000000000001,false,false,8.8,1.56261e6,1.476284e6,1
0.092,none,0.05463743352467998,0,0.083,false,false,8.85,1.56261e6,1.4772329999999998e6,0
