CG_time_taken,method,CG_LP_IP_gap,implemented_SR3_cuts_count,CG_sp_time_taken_mean,converged,time_limit_reached,ngroute_neighborhood_size,CGIP_objective,CGLP_objective,cycles_lookup_length
5.542,use_adaptive_ngroute,0.3332915168911036,0,0.09541176470588236,false,false,1.0,2.59006e6,1.7268149737610284e6,27
4.36,use_adaptive_ngroute,0.10806972350980582,0,0.29790909090909085,false,false,4.75,2.082497e6,1.857442125e6,11
2.416,use_adaptive_ngroute,0.044741324297613794,0,0.356,false,false,5.678571428571429,1.9675e6,1.879471444444445e6,9
0.996,use_adaptive_ngroute,0.04260958162737061,0,0.31133333333333335,false,false,6.250000000000001,1.9675e6,1.8836656481481483e6,2
0.35,none,0.04260958162737072,0,0.334,false,false,6.464285714285714,1.9675e6,1.883665648148148e6,0
