CG_time_taken,method,CG_LP_IP_gap,implemented_SR3_cuts_count,CG_sp_time_taken_mean,converged,time_limit_reached,ngroute_neighborhood_size,CGIP_objective,CGLP_objective,cycles_lookup_length
24.29,use_adaptive_ngroute,0.9999775558638468,0,0.2571818181818181,false,false,1.0,6.0e10,1.346648169189634e6,28
13.918,use_adaptive_ngroute,0.07213695614004234,0,0.7301333333333332,false,false,5.107142857142858,1.687588e6,1.5658505384615383e6,6
5.445,use_adaptive_ngroute,0.07146860798808186,0,0.8541666666666667,false,false,6.071428571428571,1.687588e6,1.5669784347826089e6,1
4.196,none,0.0712959034498416,0,1.02325,false,false,6.178571428571428,1.687588e6,1.5672698888888888e6,0
