CG_time_taken,method,CG_LP_IP_gap,implemented_SR3_cuts_count,CG_sp_time_taken_mean,converged,time_limit_reached,ngroute_neighborhood_size,CGIP_objective,CGLP_objective,cycles_lookup_length
24.93,use_adaptive_ngroute,0.03132889001656436,0,0.7128333333333332,false,false,8.357142857142856,1.61591e6,1.5652853333333335e6,1
4.437,use_adaptive_ngroute,0.03032843848173916,0,0.7318,false,false,8.392857142857144,1.61591e6,1.5669019729729728e6,4
3.968,use_adaptive_ngroute,0.030281120370188708,0,0.9450000000000001,false,false,9.178571428571429,1.61591e6,1.5669784347826084e6,1
6.062,none,0.030100755061303497,0,1.1707999999999998,false,false,9.25,1.61591e6,1.567269888888889e6,0
