CG_time_taken,method,CG_LP_IP_gap,implemented_SR3_cuts_count,CG_sp_time_taken_mean,converged,time_limit_reached,ngroute_neighborhood_size,CGIP_objective,CGLP_objective,cycles_lookup_length
22.921,use_adaptive_ngroute,0.027212044295642945,0,0.57024,false,false,8.357142857142856,1.675174e6,1.6295890909090906e6,5
4.055,use_adaptive_ngroute,0.022481367626076665,0,0.5345,false,false,8.678571428571429,1.675174e6,1.6375137974683547e6,3
2.753,use_adaptive_ngroute,0.019995569907083732,0,0.62275,false,false,8.964285714285714,1.675174e6,1.6416779411764708e6,4
1.925,use_adaptive_ngroute,0.01948125837222725,0,0.5406666666666666,false,false,9.535714285714285,1.675174e6,1.6425395024875626e6,4
3.344,use_adaptive_ngroute,0.0025024693511498386,0,0.753,false,false,9.678571428571429,1.64759e6,1.643466956521739e6,2
2.882,none,0.0020334368806987912,0,0.9176666666666666,false,false,10.142857142857144,1.64759e6,1.6442397297297295e6,0
