CG_time_taken,method,CG_LP_IP_gap,implemented_SR3_cuts_count,CG_sp_time_taken_mean,converged,time_limit_reached,ngroute_neighborhood_size,CGIP_objective,CGLP_objective,cycles_lookup_length
8.313,use_adaptive_ngroute,0.9999729156579161,0,0.11584999999999998,false,false,1.0,6.0e10,1.6250605250305252e6,16
5.598,use_adaptive_ngroute,0.18974440364402545,0,0.1767058823529412,false,false,3.357142857142857,2.18952e6,1.7740708333333335e6,19
1.314,use_adaptive_ngroute,0.1402994776032186,0,0.2064,false,false,4.857142857142858,2.08207e6,1.7899566666666667e6,1
1.317,use_adaptive_ngroute,0.13979968361905548,0,0.19566666666666666,false,false,4.892857142857142,2.08207e6,1.7909972727272732e6,7
1.658,use_adaptive_ngroute,0.05758300398423544,0,0.21683333333333338,false,false,5.357142857142858,1.90514e6,1.7954363157894737e6,5
1.927,none,0.05585853708038957,0,0.3392,false,false,5.678571428571429,1.90514e6,1.7987216666666665e6,0
