CG_time_taken,method,CG_LP_IP_gap,implemented_SR3_cuts_count,CG_sp_time_taken_mean,converged,time_limit_reached,ngroute_neighborhood_size,CGIP_objective,CGLP_objective,cycles_lookup_length
20.083,use_adaptive_ngroute,0.03247290031340755,0,0.6294166666666666,false,false,8.0625,1.85488e6,1.7946466666666665e6,7
5.138,use_adaptive_ngroute,0.029717986000356023,0,0.6764285714285714,false,false,8.78125,1.85488e6,1.7997567021276597e6,1
1.461,use_adaptive_ngroute,0.02962580204234644,0,0.6985,false,false,9.03125,1.85488e6,1.7999276923076925e6,1
0.776,none,0.029545592928795883,0,0.727,false,false,9.09375,1.85488e6,1.8000764705882352e6,0
