CG_time_taken,method,CG_LP_IP_gap,implemented_SR3_cuts_count,CG_sp_time_taken_mean,converged,time_limit_reached,ngroute_neighborhood_size,CGIP_objective,CGLP_objective,cycles_lookup_length
21.311,use_adaptive_ngroute,0.11127242784085989,0,0.7335652173913043,false,false,8.0625,2.19203e6,1.9481175e6,13
4.618,use_adaptive_ngroute,0.10849752664577272,0,0.8081999999999998,false,false,9.6875,2.19203e6,1.9542001666666667e6,4
5.685,use_adaptive_ngroute,0.07186890479899533,0,0.8956666666666667,false,false,10.21875,2.114938e6,1.9629397222222225e6,8
4.076,use_adaptive_ngroute,0.06104002593474178,0,0.9905,false,false,11.15625,2.114938e6,1.9858421296296292e6,4
4.21,none,0.06092317634878208,0,1.02,false,false,11.499999999999998,2.114938e6,1.9860892592592596e6,0
