CG_time_taken,method,CG_LP_IP_gap,implemented_SR3_cuts_count,CG_sp_time_taken_mean,converged,time_limit_reached,ngroute_neighborhood_size,CGIP_objective,CGLP_objective,cycles_lookup_length
149.394,use_adaptive_ngroute,0.07314953359354426,0,4.631034482758621,false,false,7.833333333333333,1.99944e6,1.8531818965517238e6,20
124.727,use_adaptive_ngroute,0.06677534916284678,0,11.141545454545453,false,false,10.13888888888889,1.99944e6,1.8659266958698377e6,15
229.251,use_adaptive_ngroute,0.05403613168181598,0,22.724700000000002,false,false,10.694444444444445,1.99944e6,1.8913979968701098e6,14
69.602,use_adaptive_ngroute,0.04984985081537141,0,13.816000000000003,false,false,12.083333333333334,1.99944e6,1.8997682142857139e6,1
85.575,none,0.04959492106065555,0,17.0444,false,false,12.11111111111111,1.99944e6,1.9002779310344828e6,0
