CG_time_taken,method,CG_LP_IP_gap,implemented_SR3_cuts_count,CG_sp_time_taken_mean,converged,time_limit_reached,ngroute_neighborhood_size,CGIP_objective,CGLP_objective,cycles_lookup_length
4.855,use_adaptive_ngroute,0.42920686867557023,0,0.08399999999999999,false,false,1.0,2.67548e6,1.5271456069958853e6,26
3.473,use_adaptive_ngroute,0.02400049473209398,0,0.16799999999999998,false,false,4.035714285714286,1.669958e6,1.6298781818181819e6,6
1.211,use_adaptive_ngroute,0.022335691476472186,0,0.16366666666666665,false,false,4.321428571428571,1.669958e6,1.6326583333333335e6,4
0.792,none,0.02107817482036478,0,0.23333333333333336,false,false,5.178571428571429,1.669958e6,1.6347583333333333e6,0
