CG_time_taken,method,CG_LP_IP_gap,implemented_SR3_cuts_count,CG_sp_time_taken_mean,converged,time_limit_reached,ngroute_neighborhood_size,CGIP_objective,CGLP_objective,cycles_lookup_length
63.937,use_adaptive_ngroute,0.19688952363475332,0,1.8005666666666666,false,false,7.833333333333333,2.50669e6,2.0131490000000002e6,7
10.776,use_adaptive_ngroute,0.19587065014022487,0,2.5745,false,false,8.527777777777779,2.50669e6,2.0157029999999998e6,3
12.92,use_adaptive_ngroute,0.1948403215851524,0,3.1704999999999997,false,false,8.666666666666666,2.50669e6,2.0182857142857143e6,2
5.396,use_adaptive_ngroute,0.19453427476557572,0,2.641,false,false,8.722222222222221,2.50669e6,2.0190528787878791e6,4
8.153,none,0.19452476601186675,0,2.645666666666667,false,false,9.194444444444445,2.50669e6,2.0190767142857139e6,0
