CG_time_taken,method,CG_LP_IP_gap,implemented_SR3_cuts_count,CG_sp_time_taken_mean,converged,time_limit_reached,ngroute_neighborhood_size,CGIP_objective,CGLP_objective,cycles_lookup_length
61.574,use_adaptive_ngroute,0.06125563536745815,0,1.6479285714285712,false,false,7.833333333333333,1.85436e6,1.7407700000000002e6,6
8.503,use_adaptive_ngroute,0.059898957467390934,0,1.5455999999999999,false,false,8.333333333333334,1.85436e6,1.743285769230769e6,4
16.557,use_adaptive_ngroute,0.05933673432702746,0,2.261428571428571,false,false,9.055555555555555,1.85436e6,1.7443283333333333e6,4
7.922,use_adaptive_ngroute,0.058827547499078814,0,2.545666666666667,false,false,9.5,1.85436e6,1.7452725490196082e6,1
7.078,none,0.05874913221614286,0,2.304666666666667,false,false,9.527777777777777,1.85436e6,1.7454179591836734e6,0
