CG_time_taken,method,CG_LP_IP_gap,implemented_SR3_cuts_count,CG_sp_time_taken_mean,converged,time_limit_reached,ngroute_neighborhood_size,CGIP_objective,CGLP_objective,cycles_lookup_length
45.614,use_adaptive_ngroute,0.10908310044644398,0,1.3843333333333334,false,false,7.833333333333333,2.35833e6,2.1010760517241377e6,10
13.653,use_adaptive_ngroute,0.10703565878505905,0,2.206,false,false,8.88888888888889,2.35833e6,2.1059045948174316e6,3
7.087,use_adaptive_ngroute,0.10697239397469938,0,2.323666666666666,false,false,9.222222222222223,2.35833e6,2.106053794117647e6,1
7.208,none,0.10697076774228187,0,2.3636666666666666,false,false,9.5,2.35833e6,2.1060576293103443e6,0
