CG_time_taken,method,CG_LP_IP_gap,implemented_SR3_cuts_count,CG_sp_time_taken_mean,converged,time_limit_reached,ngroute_neighborhood_size,CGIP_objective,CGLP_objective,cycles_lookup_length
13.082,use_adaptive_ngroute,0.999973013195928,0,0.22655,false,false,1.0,6.0e10,1.6192082443178652e6,28
6.602,use_adaptive_ngroute,0.1570436285599589,0,0.45283333333333337,false,false,6.464285714285714,2.10067e6,1.7707731607929512e6,8
3.451,use_adaptive_ngroute,0.1532365207921058,0,0.5456666666666666,false,false,7.0,2.10067e6,1.778770637867647e6,2
1.055,none,0.1530470250527911,0,0.5135000000000001,false,false,7.285714285714286,2.10067e6,1.7791687058823532e6,0
