CG_time_taken,method,CG_LP_IP_gap,implemented_SR3_cuts_count,CG_sp_time_taken_mean,converged,time_limit_reached,ngroute_neighborhood_size,CGIP_objective,CGLP_objective,cycles_lookup_length
4.651,use_adaptive_ngroute,0.38813817775149373,0,0.10333333333333335,false,false,6.0,1.914148e6,1.1711940833333337e6,15
1.556,use_adaptive_ngroute,0.12990651727109992,0,0.1282222222222222,false,false,6.8500000000000005,1.5083e6,1.312362e6,9
1.457,use_adaptive_ngroute,0.06850079005701382,0,0.18885714285714286,false,false,7.45,1.424178e6,1.326620681818182e6,5
0.696,use_adaptive_ngroute,0.028736990621264558,0,0.223,false,false,8.3,1.368628e6,1.32929775e6,2
0.54,use_adaptive_ngroute,0.028095133019553686,0,0.17266666666666666,false,false,8.4,1.368628e6,1.3301762142857143e6,3
0.535,none,0.026503184210757036,0,0.2605,false,false,8.85,1.368628e6,1.332355e6,0
