CG_time_taken,method,CG_LP_IP_gap,implemented_SR3_cuts_count,CG_sp_time_taken_mean,converged,time_limit_reached,ngroute_neighborhood_size,CGIP_objective,CGLP_objective,cycles_lookup_length
14.247,use_adaptive_ngroute,0.23540870911465284,0,0.15857142857142859,false,false,1.0,2.22969e6,1.7048015553741497e6,16
3.797,use_adaptive_ngroute,0.12068211093753412,0,0.15862500000000002,false,false,1.9285714285714284,2.01548e6,1.7722476190476187e6,6
4.68,use_adaptive_ngroute,0.1158471397485159,0,0.386,false,false,2.357142857142857,2.01548e6,1.781992406779661e6,12
2.278,use_adaptive_ngroute,0.11440477371808844,0,0.5445,false,false,3.3214285714285716,2.01548e6,1.784899466666667e6,6
3.843,use_adaptive_ngroute,0.11409040324187081,0,0.6048333333333332,false,false,3.9642857142857144,2.01548e6,1.7855330740740742e6,5
4.02,none,0.06984849273702287,0,0.7768,false,false,4.321428571428571,1.9207e6,1.7865420000000002e6,0
