CG_time_taken,method,CG_LP_IP_gap,implemented_SR3_cuts_count,CG_sp_time_taken_mean,converged,time_limit_reached,ngroute_neighborhood_size,CGIP_objective,CGLP_objective,cycles_lookup_length
2.15,use_adaptive_ngroute,0.4038127901615237,0,0.07736363636363637,false,false,6.0,1.983174e6,1.1823429736842103e6,20
0.772,use_adaptive_ngroute,0.028989817884990332,0,0.07024999999999999,false,false,8.05,1.499492e6,1.456022e6,4
0.573,use_adaptive_ngroute,0.01578436686540996,0,0.0705,false,false,8.35,1.49439e6,1.470802e6,6
0.547,none,0.0036687210166020945,0,0.09540000000000001,false,false,8.8,1.49439e6,1.4889075e6,0
