CG_time_taken,method,CG_LP_IP_gap,implemented_SR3_cuts_count,CG_sp_time_taken_mean,converged,time_limit_reached,ngroute_neighborhood_size,CGIP_objective,CGLP_objective,cycles_lookup_length
3.208,use_adaptive_ngroute,0.3647110457671012,0,0.07612500000000001,false,false,6.0,1.98607e6,1.2617283333333333e6,20
1.733,use_adaptive_ngroute,0.12656244833856523,0,0.12281818181818181,false,false,8.25,1.618654e6,1.413793186746988e6,7
0.715,use_adaptive_ngroute,0.112406450479822,0,0.11080000000000001,false,false,8.9,1.617058e6,1.43529025e6,5
0.217,use_adaptive_ngroute,0.11190244876807143,0,0.0925,false,false,9.350000000000001,1.617058e6,1.43610525e6,3
0.243,use_adaptive_ngroute,0.11146441783252603,0,0.10800000000000001,false,false,9.6,1.617058e6,1.4368135714285711e6,2
0.21,none,0.11029430342899615,0,0.199,false,false,10.0,1.617058e6,1.4387057142857143e6,0
