CG_time_taken,method,CG_LP_IP_gap,implemented_SR3_cuts_count,CG_sp_time_taken_mean,converged,time_limit_reached,ngroute_neighborhood_size,CGIP_objective,CGLP_objective,cycles_lookup_length
2.359,use_adaptive_ngroute,0.15400895276383975,0,0.06975,false,false,6.0,1.63439e6,1.382679307692308e6,13
0.761,use_adaptive_ngroute,0.10632315420432092,0,0.049249999999999995,false,false,7.4,1.63439e6,1.4606165e6,10
0.644,use_adaptive_ngroute,0.07133899434109336,0,0.065125,false,false,8.75,1.58629e6,1.473125666666667e6,1
0.133,none,0.0706508057585098,0,0.0555,false,false,9.0,1.58629e6,1.4742173333333335e6,0
