CG_time_taken,method,CG_LP_IP_gap,implemented_SR3_cuts_count,CG_sp_time_taken_mean,converged,time_limit_reached,ngroute_neighborhood_size,CGIP_objective,CGLP_objective,cycles_lookup_length
5.032,use_adaptive_ngroute,0.36773913100866484,0,0.087,false,false,6.0,1.79073e6,1.1322085059288535e6,10
1.374,use_adaptive_ngroute,0.0823614097839177,0,0.10685714285714287,false,false,7.3,1.38111e6,1.2673598333333335e6,4
0.504,use_adaptive_ngroute,0.07412636695604735,0,0.0466,false,false,7.5,1.38111e6,1.2787333333333335e6,3
0.41,use_adaptive_ngroute,0.07349824899295987,0,0.05820000000000001,false,false,7.95,1.38111e6,1.2796008333333333e6,5
0.203,none,0.07031542261900459,0,0.056,false,false,8.25,1.38111e6,1.2839966666666665e6,0
