CG_time_taken,method,CG_LP_IP_gap,implemented_SR3_cuts_count,CG_sp_time_taken_mean,converged,time_limit_reached,ngroute_neighborhood_size,CGIP_objective,CGLP_objective,cycles_lookup_length
2.128,use_adaptive_ngroute,0.41106369980932633,0,0.05407692307692308,false,false,6.0,2.16076e6,1.27255e6,9
2.133,use_adaptive_ngroute,0.17706612085568896,0,0.08063636363636364,false,false,6.550000000000001,1.723054e6,1.4179595121951217e6,13
0.422,use_adaptive_ngroute,0.051427025518370084,0,0.08,false,false,8.45,1.500734e6,1.4235557142857143e6,5
0.638,use_adaptive_ngroute,0.0471812459769686,0,0.0982,false,false,9.1,1.500734e6,1.4299275e6,7
0.445,use_adaptive_ngroute,0.024544720223234062,0,0.127,false,false,9.75,1.470744e6,1.4346449999999998e6,4
0.384,none,0.0,0,0.11000000000000001,true,false,9.950000000000001,1.43959e6,1.43959e6,0
