CG_time_taken,method,CG_LP_IP_gap,implemented_SR3_cuts_count,CG_sp_time_taken_mean,converged,time_limit_reached,ngroute_neighborhood_size,CGIP_objective,CGLP_objective,cycles_lookup_length
2.485,use_adaptive_ngroute,0.35840880015544685,0,0.07342857142857144,false,false,6.0,2.007974e6,1.2882984479166667e6,19
1.694,use_adaptive_ngroute,0.14410895139900337,0,0.1272,false,false,8.149999999999999,1.70959e6,1.4632227777777778e6,9
0.464,use_adaptive_ngroute,0.13714750320252234,0,0.0858,false,false,9.2,1.70959e6,1.4751239999999998e6,6
0.36,none,0.13591387408676936,0,0.11399999999999998,false,false,9.799999999999999,1.70959e6,1.477233e6,0
