CG_time_taken,method,CG_LP_IP_gap,implemented_SR3_cuts_count,CG_sp_time_taken_mean,converged,time_limit_reached,ngroute_neighborhood_size,CGIP_objective,CGLP_objective,cycles_lookup_length
2.79,use_adaptive_ngroute,0.2450798443950477,0,0.06326666666666668,false,false,6.0,1.676994e6,1.2659965714285714e6,19
1.608,use_adaptive_ngroute,0.06550835445212833,0,0.10074999999999998,false,false,8.7,1.489984e6,1.3923776e6,10
1.351,use_adaptive_ngroute,0.058529040132869414,0,0.11236363636363636,false,false,9.75,1.489984e6,1.4027766666666667e6,6
0.327,none,0.057065638885309466,0,0.098,false,false,10.25,1.489984e6,1.404957111111111e6,0
