CG_time_taken,method,CG_LP_IP_gap,implemented_SR3_cuts_count,CG_sp_time_taken_mean,converged,time_limit_reached,ngroute_neighborhood_size,CGIP_objective,CGLP_objective,cycles_lookup_length
4.016,use_adaptive_ngroute,0.3013389088301257,0,0.094,false,false,6.0,1.80577e6,1.2616212386018238e6,19
2.938,use_adaptive_ngroute,0.07719162350800735,0,0.18361538461538462,false,false,7.45,1.57644e6,1.4547520370370368e6,7
0.945,use_adaptive_ngroute,0.052263428991905614,0,0.13583333333333336,false,false,7.799999999999999,1.57644e6,1.4940498400000003e6,4
0.411,none,0.05186985632948715,0,0.1975,false,false,8.0,1.57644e6,1.4946702836879434e6,0
