CG_time_taken,method,CG_LP_IP_gap,implemented_SR3_cuts_count,CG_sp_time_taken_mean,converged,time_limit_reached,ngroute_neighborhood_size,CGIP_objective,CGLP_objective,cycles_lookup_length
4.997,use_adaptive_ngroute,0.34901189643733355,0,0.1552,false,false,8.0,2.06748e6,1.3459048843537415e6,23
3.267,use_adaptive_ngroute,0.006176017712525739,0,0.2026153846153846,false,false,10.75,1.547424e6,1.5378670819672125e6,1
0.795,use_adaptive_ngroute,0.004668532994189123,0,0.1482,false,false,10.791666666666668,1.547424e6,1.5401997999999998e6,2
0.979,none,0.004284632303197422,0,0.18600000000000003,false,false,10.875,1.547424e6,1.540793857142857e6,0
