CG_time_taken,method,CG_LP_IP_gap,implemented_SR3_cuts_count,CG_sp_time_taken_mean,converged,time_limit_reached,ngroute_neighborhood_size,CGIP_objective,CGLP_objective,cycles_lookup_length
3.684,use_adaptive_ngroute,0.12720900295365978,0,0.07923529411764706,false,false,8.0,1.697426e6,1.481498130952381e6,18
1.091,use_adaptive_ngroute,0.04528819036921794,0,0.11185714285714286,false,false,9.5,1.612044e6,1.5390374444444445e6,8
1.341,use_adaptive_ngroute,0.03437474411368413,0,0.11911111111111113,false,false,9.875,1.612044e6,1.5566304000000001e6,8
0.497,none,0.03412344824334823,0,0.15633333333333335,false,false,10.708333333333334,1.612044e6,1.5570355e6,0
