CG_time_taken,method,CG_LP_IP_gap,implemented_SR3_cuts_count,CG_sp_time_taken_mean,converged,time_limit_reached,ngroute_neighborhood_size,CGIP_objective,CGLP_objective,cycles_lookup_length
8.444,use_adaptive_ngroute,0.3661267505976704,0,0.19904761904761906,false,false,8.0,2.33967e6,1.4830542254291484e6,21
4.236,use_adaptive_ngroute,0.15690653728411819,0,0.30158333333333337,false,false,9.416666666666666,1.889088e6,1.5926777432950197e6,12
4.658,use_adaptive_ngroute,0.11548036851247123,0,0.5612499999999999,false,false,10.875,1.809491e6,1.6005303125e6,6
1.088,use_adaptive_ngroute,0.11511405021513677,0,0.531,false,false,11.125,1.809491e6,1.601193162162162e6,9
2.067,none,0.11470314718337937,0,0.6736666666666667,false,false,11.583333333333332,1.809491e6,1.6019366874999998e6,0
