CG_time_taken,method,CG_LP_IP_gap,implemented_SR3_cuts_count,CG_sp_time_taken_mean,converged,time_limit_reached,ngroute_neighborhood_size,CGIP_objective,CGLP_objective,cycles_lookup_length
4.954,use_adaptive_ngroute,0.2907188281260994,0,0.09961111111111112,false,false,8.0,1.98231e6,1.406015159817352e6,15
3.184,use_adaptive_ngroute,0.18743173724980422,0,0.16845454545454544,false,false,9.083333333333334,1.80286e6,1.464946818181818e6,6
1.355,use_adaptive_ngroute,0.18353338584249468,0,0.14742857142857144,false,false,9.333333333333334,1.80286e6,1.471975e6,1
0.384,use_adaptive_ngroute,0.18281708897045612,0,0.1755,false,false,9.375,1.80286e6,1.4732663829787234e6,6
1.237,none,0.1822464126121056,0,0.18416666666666665,false,false,9.75,1.80286e6,1.4742952325581394e6,0
