CG_time_taken,method,CG_LP_IP_gap,implemented_SR3_cuts_count,CG_sp_time_taken_mean,converged,time_limit_reached,ngroute_neighborhood_size,CGIP_objective,CGLP_objective,cycles_lookup_length
5.095,use_adaptive_ngroute,0.9999731268195166,0,0.09989473684210527,false,false,9.0,6.0e10,1.6123908290079148e6,21
3.725,use_adaptive_ngroute,0.14059005814324965,0,0.2346666666666667,false,false,10.678571428571429,2.003328e6,1.72168e6,6
1.612,use_adaptive_ngroute,0.1402319041115584,0,0.24216666666666667,false,false,11.214285714285714,2.003328e6,1.7223975e6,5
1.348,none,0.13694462414542197,0,0.20033333333333336,false,false,11.75,2.003328e6,1.728983e6,0
