CG_time_taken,method,CG_LP_IP_gap,implemented_SR3_cuts_count,CG_sp_time_taken_mean,converged,time_limit_reached,ngroute_neighborhood_size,CGIP_objective,CGLP_objective,cycles_lookup_length
6.459,use_adaptive_ngroute,0.23390804674829346,0,0.10421052631578949,false,false,9.0,2.12897e6,1.6309867857142857e6,17
4.576,use_adaptive_ngroute,0.008218869416017016,0,0.1802,false,false,10.678571428571429,1.80479e6,1.7899566666666667e6,12
1.035,use_adaptive_ngroute,0.006757992207823027,0,0.17160000000000003,false,false,11.428571428571429,1.80479e6,1.792593243243243e6,7
2.465,use_adaptive_ngroute,0.005672866833999146,0,0.31142857142857144,false,false,11.892857142857144,1.80479e6,1.7945516666666667e6,6
3.539,use_adaptive_ngroute,0.003719395205385223,0,0.48385714285714293,false,false,12.214285714285714,1.80479e6,1.7980772727272727e6,1
2.282,none,0.0033623487127770746,0,0.55025,false,false,12.25,1.80479e6,1.798721666666667e6,0
