CG_time_taken,method,CG_LP_IP_gap,implemented_SR3_cuts_count,CG_sp_time_taken_mean,converged,time_limit_reached,ngroute_neighborhood_size,CGIP_objective,CGLP_objective,cycles_lookup_length
8.535,use_adaptive_ngroute,0.43940190561883263,0,0.14829411764705883,false,false,9.0,2.82293e6,1.5825291785714286e6,28
6.833,use_adaptive_ngroute,0.03717420837200469,0,0.4293076923076923,false,false,11.214285714285714,1.812278e6,1.744908e6,7
6.206,use_adaptive_ngroute,0.02856890609498086,0,0.5702,false,false,11.892857142857144,1.812278e6,1.7605032000000002e6,3
2.118,none,0.02666174836310986,0,0.51425,false,false,12.071428571428571,1.812278e6,1.7639595e6,0
