CG_time_taken,method,CG_LP_IP_gap,implemented_SR3_cuts_count,CG_sp_time_taken_mean,converged,time_limit_reached,ngroute_neighborhood_size,CGIP_objective,CGLP_objective,cycles_lookup_length
14.389,use_adaptive_ngroute,0.9999737348463227,0,0.20375000000000001,false,false,9.0,6.0e10,1.575909220641992e6,25
10.002,use_adaptive_ngroute,0.10611575089519065,0,0.5350000000000001,false,false,10.785714285714286,2.01423e6,1.8004884710743802e6,14
9.442,use_adaptive_ngroute,0.09779330321175117,0,0.8962,false,false,12.214285714285714,2.01423e6,1.8172517948717945e6,7
9.331,none,0.09690641991322657,0,1.5233333333333334,false,false,13.035714285714285,2.01423e6,1.8190381818181816e6,0
