CG_time_taken,method,CG_LP_IP_gap,implemented_SR3_cuts_count,CG_sp_time_taken_mean,converged,time_limit_reached,ngroute_neighborhood_size,CGIP_objective,CGLP_objective,cycles_lookup_length
22.929,use_adaptive_ngroute,0.3291044095378832,0,0.27788,false,false,9.0,2.19252e6,1.4709520000000002e6,28
14.705,use_adaptive_ngroute,0.0714201001743221,0,0.6059473684210526,false,false,12.285714285714285,1.67871e6,1.5588163636363638e6,1
4.432,use_adaptive_ngroute,0.0691288747510489,0,0.7777999999999999,false,false,12.321428571428571,1.67871e6,1.5626626666666667e6,3
2.329,none,0.06911313394863272,0,0.7013333333333334,false,false,12.428571428571427,1.67871e6,1.5626890909090908e6,0
