CG_time_taken,method,CG_LP_IP_gap,implemented_SR3_cuts_count,CG_sp_time_taken_mean,converged,time_limit_reached,ngroute_neighborhood_size,CGIP_objective,CGLP_objective,cycles_lookup_length
77.702,use_adaptive_ngroute,0.9999756553368055,0,1.0142105263157895,false,false,9.0,6.0e10,1.4606797916666667e6,26
10.581,use_adaptive_ngroute,0.09650519293457649,0,0.5399999999999999,false,false,12.071428571428571,1.80277e6,1.6287933333333335e6,1
1.716,use_adaptive_ngroute,0.09574987380531075,0,0.38475,false,false,12.107142857142858,1.80277e6,1.630155e6,1
0.983,none,0.09564170692878171,0,0.47650000000000003,false,false,12.142857142857142,1.80277e6,1.6303500000000002e6,0
