CG_time_taken,method,CG_LP_IP_gap,implemented_SR3_cuts_count,CG_sp_time_taken_mean,converged,time_limit_reached,ngroute_neighborhood_size,CGIP_objective,CGLP_objective,cycles_lookup_length
4.323,use_adaptive_ngroute,0.23836786348767913,0,0.07468421052631578,false,false,9.0,1.921702e6,1.46363e6,24
3.546,use_adaptive_ngroute,0.09776151682159528,0,0.18891666666666665,false,false,10.321428571428571,1.789426e6,1.614489e6,5
0.879,use_adaptive_ngroute,0.09376796432673573,0,0.153,false,false,10.75,1.789426e6,1.6216351666666665e6,5
1.463,use_adaptive_ngroute,0.09235196090813469,0,0.22466666666666668,false,false,11.357142857142858,1.789426e6,1.6241690000000002e6,2
0.602,none,0.0921270735113725,0,0.28300000000000003,false,false,11.642857142857142,1.789426e6,1.6245714193548388e6,0
