CG_time_taken,method,CG_LP_IP_gap,implemented_SR3_cuts_count,CG_sp_time_taken_mean,converged,time_limit_reached,ngroute_neighborhood_size,CGIP_objective,CGLP_objective,cycles_lookup_length
8.694,use_adaptive_ngroute,0.9999751822072409,0,0.15,false,false,1.0,6.0e10,1.4890675655444376e6,24
8.398,use_adaptive_ngroute,0.12562094406532287,0,0.4205384615384616,false,false,3.642857142857143,2.043872e6,1.7871188698113204e6,17
5.931,use_adaptive_ngroute,0.10423183876427211,0,0.6908749999999999,false,false,6.2857142857142865,2.00303e6,1.7942505e6,9
2.505,use_adaptive_ngroute,0.05340067855250008,0,0.8099999999999999,false,false,6.964285714285714,1.897882e6,1.796533813387424e6,2
2.933,use_adaptive_ngroute,0.053216503485357225,0,0.7124999999999999,false,false,7.071428571428571,1.897882e6,1.7968833559322034e6,3
1.0,none,0.053141887245887864,0,0.983,false,false,7.392857142857142,1.897882e6,1.7970249687499998e6,0
