CG_time_taken,method,CG_LP_IP_gap,implemented_SR3_cuts_count,CG_sp_time_taken_mean,converged,time_limit_reached,ngroute_neighborhood_size,CGIP_objective,CGLP_objective,cycles_lookup_length
2.596,use_adaptive_ngroute,0.22617463979209818,0,0.07013333333333333,false,false,1.0,1.78161e6,1.378655e6,18
1.053,use_adaptive_ngroute,0.16612463855298143,0,0.07455555555555556,false,false,4.25,1.755444e6,1.4638215e6,5
0.42,use_adaptive_ngroute,0.03239282217909223,0,0.075,false,false,5.3,1.517898e6,1.4687290000000002e6,4
0.291,none,0.028777076369207122,0,0.08433333333333333,false,false,5.949999999999999,1.517898e6,1.4742173333333333e6,0
