CG_time_taken,method,CG_LP_IP_gap,implemented_SR3_cuts_count,CG_sp_time_taken_mean,converged,time_limit_reached,ngroute_neighborhood_size,CGIP_objective,CGLP_objective,cycles_lookup_length
7.789,use_adaptive_ngroute,0.9999762157223363,0,0.11654545454545455,false,false,1.0,6.0e10,1.4270566598226335e6,23
7.642,use_adaptive_ngroute,0.18084269862913172,0,0.3045555555555556,false,false,3.607142857142857,2.04813e6,1.6777406436567164e6,18
2.396,use_adaptive_ngroute,0.135161323867235,0,0.3511666666666667,false,false,5.821428571428571,1.95494e6,1.6907077215189876e6,3
1.32,use_adaptive_ngroute,0.09027638325524678,0,0.4183333333333334,false,false,6.607142857142858,1.86551e6,1.6970985042735045e6,8
2.009,use_adaptive_ngroute,0.08966686419165915,0,0.4815,false,false,7.0,1.86551e6,1.698235568181818e6,2
0.977,none,0.08966686419165903,0,0.47650000000000003,false,false,7.214285714285714,1.86551e6,1.6982355681818181e6,0
