CG_time_taken,method,CG_LP_IP_gap,implemented_SR3_cuts_count,CG_sp_time_taken_mean,converged,time_limit_reached,ngroute_neighborhood_size,CGIP_objective,CGLP_objective,cycles_lookup_length
17.239,use_adaptive_ngroute,0.29389870234873117,0,0.2389545454545455,false,false,10.0,2.67766e6,1.8906992006688965e6,32
7.395,use_adaptive_ngroute,0.006807852465370412,0,0.37757142857142856,false,false,12.21875,1.95419e6,1.9408861627906978e6,11
4.039,use_adaptive_ngroute,0.0017239104103735636,0,0.6118333333333333,false,false,13.0625,1.95419e6,1.950821151515152e6,7
2.874,none,0.0013385158483635307,0,0.66725,false,false,13.34375,1.95419e6,1.9515742857142864e6,0
