CG_time_taken,method,CG_LP_IP_gap,implemented_SR3_cuts_count,CG_sp_time_taken_mean,converged,time_limit_reached,ngroute_neighborhood_size,CGIP_objective,CGLP_objective,cycles_lookup_length
13.387,use_adaptive_ngroute,0.23920752210078333,0,0.17586956521739128,false,false,10.0,2.41104e6,1.8343010959141273e6,28
12.212,use_adaptive_ngroute,0.04495667665398018,0,0.5412777777777779,false,false,12.40625,1.97584e6,1.8870127999999998e6,5
3.786,use_adaptive_ngroute,0.04244622259112274,0,0.49385714285714283,false,false,12.687500000000002,1.97584e6,1.891973055555556e6,4
3.288,none,0.042270556898765244,0,0.7895000000000001,false,false,12.874999999999998,1.97584e6,1.8923201428571437e6,0
