CG_time_taken,method,CG_LP_IP_gap,implemented_SR3_cuts_count,CG_sp_time_taken_mean,converged,time_limit_reached,ngroute_neighborhood_size,CGIP_objective,CGLP_objective,cycles_lookup_length
29.483,use_adaptive_ngroute,0.9999741320544868,0,0.3598148148148148,false,false,10.0,6.0e10,1.552076730788177e6,27
29.748,use_adaptive_ngroute,0.15548948555032338,0,1.6285624999999997,false,false,12.59375,2.08087e6,1.7573165942028987e6,10
10.032,use_adaptive_ngroute,0.13257804430754594,0,1.9642,false,false,13.3125,2.036056e6,1.7661196774193551e6,5
5.8,none,0.06492291428281138,0,1.39175,false,false,13.5625,1.889696e6,1.7670114285714284e6,0
