CG_time_taken,method,CG_LP_IP_gap,implemented_SR3_cuts_count,CG_sp_time_taken_mean,converged,time_limit_reached,ngroute_neighborhood_size,CGIP_objective,CGLP_objective,cycles_lookup_length
12.848,use_adaptive_ngroute,0.40407856249242524,0,0.16843478260869568,false,false,10.0,2.62396e6,1.563674015162376e6,28
4.527,use_adaptive_ngroute,0.11171828950398355,0,0.2503571428571429,false,false,11.625,2.01915e6,1.7935740157480317e6,8
3.395,use_adaptive_ngroute,0.10875542122770965,0,0.40012499999999995,false,false,12.3125,2.01915e6,1.79955649122807e6,7
2.277,use_adaptive_ngroute,0.10857158095847641,0,0.51975,false,false,12.9375,2.01915e6,1.7999276923076923e6,1
1.0,use_adaptive_ngroute,0.10856754905116828,0,0.48700000000000004,false,false,13.0,2.01915e6,1.7999358333333335e6,2
1.546,none,0.10849789733886284,0,0.4996666666666667,false,false,13.0625,2.01915e6,1.8000764705882352e6,0
