CG_time_taken,method,CG_LP_IP_gap,implemented_SR3_cuts_count,CG_sp_time_taken_mean,converged,time_limit_reached,ngroute_neighborhood_size,CGIP_objective,CGLP_objective,cycles_lookup_length
19.766,use_adaptive_ngroute,0.3948633976432181,0,0.20863333333333337,false,false,10.0,2.97774e6,1.8019394663018838e6,29
9.655,use_adaptive_ngroute,0.12665361897750693,0,0.46613333333333334,false,false,11.96875,2.23818e6,1.9547064030769235e6,12
4.202,use_adaptive_ngroute,0.12490469452375985,0,0.6346666666666667,false,false,12.874999999999998,2.23818e6,1.9586208108108111e6,3
1.996,none,0.12490469452375996,0,0.6403333333333333,false,false,13.09375,2.23818e6,1.958620810810811e6,0
