CG_time_taken,method,CG_LP_IP_gap,implemented_SR3_cuts_count,CG_sp_time_taken_mean,converged,time_limit_reached,ngroute_neighborhood_size,CGIP_objective,CGLP_objective,cycles_lookup_length
25.325,use_adaptive_ngroute,0.9999754059166667,0,0.26071999999999995,false,false,10.0,6.0e10,1.475645e6,21
16.834,use_adaptive_ngroute,0.19533722748719584,0,0.5117222222222222,false,false,11.25,2.06263e6,1.6597215744680853e6,12
13.377,use_adaptive_ngroute,0.10595410826765983,0,1.3765555555555558,false,false,13.71875,1.859478e6,1.6624586666666684e6,4
7.844,use_adaptive_ngroute,0.10595410826766083,0,2.529333333333333,false,false,14.6875,1.859478e6,1.6624586666666665e6,1
12.682,none,0.1059541082676605,0,6.2835,false,false,15.0625,1.859478e6,1.6624586666666672e6,0
