CG_time_taken,method,CG_LP_IP_gap,implemented_SR3_cuts_count,CG_sp_time_taken_mean,converged,time_limit_reached,ngroute_neighborhood_size,CGIP_objective,CGLP_objective,cycles_lookup_length
43.767,use_adaptive_ngroute,0.2471628847739309,0,0.4042307692307693,false,false,10.0,1.99327e6,1.5006076366666667e6,32
54.018,use_adaptive_ngroute,0.038353271273786294,0,2.1639545454545455,false,false,13.84375,1.754444e6,1.6871553333333333e6,9
20.459,use_adaptive_ngroute,0.026043641809662343,0,2.456375,false,false,14.46875,1.754444e6,1.7087518888888888e6,1
5.392,use_adaptive_ngroute,0.02510819252052554,0,2.57,false,false,14.625,1.75351e6,1.7094825333333332e6,1
9.106,none,0.024908796962323287,0,2.976,false,false,14.65625,1.75351e6,1.7098321754385964e6,0
