CG_time_taken,method,CG_LP_IP_gap,implemented_SR3_cuts_count,CG_sp_time_taken_mean,converged,time_limit_reached,ngroute_neighborhood_size,CGIP_objective,CGLP_objective,cycles_lookup_length
25.384,use_adaptive_ngroute,0.9999700886000783,0,0.23576190476190478,false,false,11.999999999999998,6.0e10,1.7946839953051643e6,35
40.464,use_adaptive_ngroute,0.045960051756936404,0,1.77065,false,false,15.25,1.978994e6,1.8880393333333335e6,6
7.393,use_adaptive_ngroute,0.045545796067525623,0,2.377,false,false,15.75,1.978994e6,1.8888591428571432e6,2
3.208,use_adaptive_ngroute,0.04554579606752607,0,1.5525000000000002,false,false,15.944444444444445,1.978994e6,1.8888591428571423e6,1
2.789,use_adaptive_ngroute,0.045127852838361515,0,1.3464999999999998,false,false,15.972222222222223,1.978994e6,1.8896862499999995e6,1
9.958,use_adaptive_ngroute,0.045073937203473746,0,2.4527500000000004,false,false,16.0,1.978994e6,1.8897929487179487e6,1
1.828,use_adaptive_ngroute,0.04506852134636752,0,1.761,false,false,16.02777777777778,1.978994e6,1.8898036666666667e6,2
5.62,none,0.045057575784033466,0,1.8320000000000003,false,false,16.083333333333336,1.978994e6,1.8898253278688525e6,0
