CG_time_taken,method,CG_LP_IP_gap,implemented_SR3_cuts_count,CG_sp_time_taken_mean,converged,time_limit_reached,ngroute_neighborhood_size,CGIP_objective,CGLP_objective,cycles_lookup_length
29.364,use_adaptive_ngroute,0.3227787078663945,0,0.26445454545454544,false,false,11.999999999999998,2.68852e6,1.820722988327041e6,35
22.941,use_adaptive_ngroute,0.07857536147951028,0,1.1841874999999997,false,false,14.61111111111111,2.07603e6,1.9129051923076923e6,11
17.493,use_adaptive_ngroute,0.07472699135214667,0,2.860333333333333,false,false,15.111111111111112,2.07603e6,1.920894524143203e6,15
17.017,use_adaptive_ngroute,0.0705531444364702,0,3.3384,false,false,16.47222222222222,2.07603e6,1.9295595555555548e6,3
18.233,none,0.0703346066637871,0,4.4855,false,false,16.555555555555557,2.07603e6,1.930013246527778e6,0
