CG_time_taken,method,CG_LP_IP_gap,implemented_SR3_cuts_count,CG_sp_time_taken_mean,converged,time_limit_reached,ngroute_neighborhood_size,CGIP_objective,CGLP_objective,cycles_lookup_length
19.838,use_adaptive_ngroute,0.3572589035144247,0,0.21551999999999996,false,false,11.999999999999998,2.7584e6,1.772937040545811e6,33
16.11,use_adaptive_ngroute,0.048452013346935274,0,0.7051764705882352,false,false,14.416666666666668,1.974814e6,1.8791302857142854e6,16
6.919,use_adaptive_ngroute,0.046655988867812304,0,1.271,false,false,15.583333333333334,1.974814e6,1.8826771e6,6
9.577,use_adaptive_ngroute,0.04645166582776905,0,1.8468,false,false,15.944444444444445,1.974814e6,1.8830806e6,4
3.7,use_adaptive_ngroute,0.04622851636228775,0,1.7755,false,false,16.194444444444446,1.974814e6,1.883521278688525e6,2
5.359,none,0.04620169291892806,0,1.7043333333333335,false,false,16.25,1.974814e6,1.88357425e6,0
