CG_time_taken,method,CG_LP_IP_gap,implemented_SR3_cuts_count,CG_sp_time_taken_mean,converged,time_limit_reached,ngroute_neighborhood_size,CGIP_objective,CGLP_objective,cycles_lookup_length
19.138,use_adaptive_ngroute,0.9999751469511412,0,0.29263157894736846,false,false,1.0,6.0e10,1.491182931524548e6,27
11.808,use_adaptive_ngroute,0.03135602598423903,0,0.512357142857143,false,false,6.142857142857142,1.698876e6,1.645606e6,2
3.962,use_adaptive_ngroute,0.0308001962978548,0,0.3293,false,false,6.2857142857142865,1.698876e6,1.6465502857142857e6,5
2.562,use_adaptive_ngroute,0.029131510204047695,0,0.27116666666666667,false,false,6.535714285714286,1.698876e6,1.6493851764705882e6,8
1.35,none,0.028630694647519883,0,0.21359999999999998,false,false,7.535714285714286,1.698876e6,1.650236e6,0
