CG_time_taken,method,CG_LP_IP_gap,implemented_SR3_cuts_count,CG_sp_time_taken_mean,converged,time_limit_reached,ngroute_neighborhood_size,CGIP_objective,CGLP_objective,cycles_lookup_length
49.506,use_adaptive_ngroute,0.3805649641396023,0,0.3876923076923076,false,false,11.999999999999998,2.98972e6,1.8519373154125481e6,27
31.842,use_adaptive_ngroute,0.20212969266846825,0,1.4378125,false,false,13.833333333333332,2.42355e6,1.9336785833333337e6,12
16.216,use_adaptive_ngroute,0.19768956356011214,0,2.1014285714285714,false,false,14.166666666666666,2.42355e6,1.9444394582338901e6,13
12.595,use_adaptive_ngroute,0.19702106924599605,0,2.4494,false,false,14.777777777777779,2.42355e6,1.9460595876288663e6,2
7.278,none,0.1968264305057349,0,2.295,false,false,14.833333333333334,2.42355e6,1.9465313043478262e6,0
