CG_time_taken,method,CG_LP_IP_gap,implemented_SR3_cuts_count,CG_sp_time_taken_mean,converged,time_limit_reached,ngroute_neighborhood_size,CGIP_objective,CGLP_objective,cycles_lookup_length
25.231,use_adaptive_ngroute,0.9999698504568598,0,0.19920833333333332,false,false,11.999999999999998,6.0e10,1.808972588413901e6,36
22.049,use_adaptive_ngroute,0.14024279023801345,0,0.9270000000000002,false,false,14.527777777777777,2.35051e6,2.020867919117647e6,18
15.305,use_adaptive_ngroute,0.13608275773465495,0,1.5479999999999998,false,false,15.944444444444445,2.35051e6,2.0306461171171162e6,6
12.58,use_adaptive_ngroute,0.13548974477879272,0,2.4212,false,false,16.47222222222222,2.35051e6,2.03204e6,2
11.282,none,0.13482435726714626,0,1.7883333333333336,false,false,16.52777777777778,2.35051e6,2.033604e6,0
