CG_time_taken,method,CG_LP_IP_gap,implemented_SR3_cuts_count,CG_sp_time_taken_mean,converged,time_limit_reached,ngroute_neighborhood_size,CGIP_objective,CGLP_objective,cycles_lookup_length
18.444,use_adaptive_ngroute,0.13032304663308547,0,0.16555555555555554,false,false,11.999999999999998,2.185609e6,1.9007737763713086e6,36
19.654,use_adaptive_ngroute,0.0167825492514988,0,0.7727619047619046,false,false,15.694444444444445,2.019959e6,1.9860589385964917e6,3
6.547,use_adaptive_ngroute,0.014245407401283439,0,0.7697142857142858,false,false,16.083333333333336,2.019959e6,1.991183861111111e6,2
3.435,none,0.01281271880600865,0,0.80975,false,false,16.25,2.019959e6,1.9940778333333335e6,0
