CG_time_taken,method,CG_LP_IP_gap,implemented_SR3_cuts_count,CG_sp_time_taken_mean,converged,time_limit_reached,ngroute_neighborhood_size,CGIP_objective,CGLP_objective,cycles_lookup_length
7.088,use_adaptive_ngroute,0.12316348042987524,0,0.31036842105263157,false,false,9.299999999999999,1.51313e6,1.326767642857143e6,3
0.882,use_adaptive_ngroute,0.12149137879759175,0,0.281,false,false,9.799999999999999,1.51313e6,1.32929775e6,2
0.607,use_adaptive_ngroute,0.12091081778451684,0,0.2955,false,false,9.899999999999999,1.51313e6,1.330176214285714e6,3
1.134,none,0.1194708980722079,0,0.3676666666666667,false,false,10.35,1.51313e6,1.332355e6,0
