CG_time_taken,method,CG_LP_IP_gap,implemented_SR3_cuts_count,CG_sp_time_taken_mean,converged,time_limit_reached,ngroute_neighborhood_size,CGIP_objective,CGLP_objective,cycles_lookup_length
42.989,use_adaptive_ngroute,0.9999722425393818,0,0.3405,false,false,1.0,6.0e10,1.6654476370967738e6,19
13.074,use_adaptive_ngroute,0.12609377989658943,0,0.4209411764705883,false,false,2.46875,2.09858e6,1.8339621153846153e6,22
13.112,use_adaptive_ngroute,0.11254191381989442,0,0.7504285714285714,false,false,4.4375,2.07867e6,1.8447325e6,5
8.503,use_adaptive_ngroute,0.11116747728114607,0,0.7553,false,false,4.65625,2.07867e6,1.8475895e6,11
4.384,use_adaptive_ngroute,0.11023486005557603,0,0.6896666666666667,false,false,5.8125,2.07867e6,1.8495281034482757e6,8
4.77,none,0.11007038154204374,0,0.8596,false,false,6.375000000000001,2.07867e6,1.84987e6,0
