CG_time_taken,method,CG_LP_IP_gap,implemented_SR3_cuts_count,CG_sp_time_taken_mean,converged,time_limit_reached,ngroute_neighborhood_size,CGIP_objective,CGLP_objective,cycles_lookup_length
4.815,use_adaptive_ngroute,0.0987130402693851,0,0.20156250000000003,false,false,9.299999999999999,1.57947e6,1.4235557142857143e6,8
1.334,use_adaptive_ngroute,0.035494314272995875,0,0.21780000000000002,false,false,10.6,1.48266e6,1.430034e6,6
1.053,use_adaptive_ngroute,0.030367717480744072,0,0.24475000000000002,false,false,11.350000000000001,1.48266e6,1.437635e6,1
0.544,none,0.0,0,0.2585,true,false,11.4,1.43959e6,1.43959e6,0
