CG_time_taken,method,CG_LP_IP_gap,implemented_SR3_cuts_count,CG_sp_time_taken_mean,converged,time_limit_reached,ngroute_neighborhood_size,CGIP_objective,CGLP_objective,cycles_lookup_length
11.218,use_adaptive_ngroute,0.9999720217920811,0,0.15495652173913044,false,false,1.0,6.0e10,1.678692475134178e6,29
16.027,use_adaptive_ngroute,0.19520219659064297,0,0.8490666666666666,false,false,4.96875,2.23198e6,1.7962926012536166e6,19
21.723,use_adaptive_ngroute,0.06582368817832795,0,2.0392,false,false,7.28125,1.94519e6,1.8171504199923982e6,12
32.053,use_adaptive_ngroute,0.06168651478839848,0,4.487571428571428,false,false,8.6875,1.94519e6,1.8251980082987552e6,9
22.89,use_adaptive_ngroute,0.0613237438673514,0,4.524,false,false,9.25,1.94519e6,1.8259036666666667e6,4
20.573,use_adaptive_ngroute,0.06116736301191272,0,6.820333333333334,false,false,9.5,1.94519e6,1.8262078571428575e6,5
15.092,none,0.06114393912541616,0,3.73375,false,false,9.65625,1.94519e6,1.8262534210526317e6,0
