CG_time_taken,method,CG_LP_IP_gap,implemented_SR3_cuts_count,CG_sp_time_taken_mean,converged,time_limit_reached,ngroute_neighborhood_size,CGIP_objective,CGLP_objective,cycles_lookup_length
25.871,use_adaptive_ngroute,0.008218869416017127,0,1.0332272727272727,false,false,12.535714285714286,1.80479e6,1.7899566666666665e6,1
8.491,use_adaptive_ngroute,0.005497155968956058,0,1.3641666666666667,false,false,12.642857142857144,1.80479e6,1.7948687878787878e6,5
7.372,use_adaptive_ngroute,0.004147850996514824,0,1.4288,false,false,13.0,1.80479e6,1.797304e6,1
5.744,use_adaptive_ngroute,0.0038695637719622367,0,1.4037499999999998,false,false,13.25,1.80479e6,1.7978062500000002e6,4
4.381,none,0.0033623487127770746,0,1.4146666666666667,false,false,13.678571428571427,1.80479e6,1.798721666666667e6,0
