CG_time_taken,method,CG_LP_IP_gap,implemented_SR3_cuts_count,CG_sp_time_taken_mean,converged,time_limit_reached,ngroute_neighborhood_size,CGIP_objective,CGLP_objective,cycles_lookup_length
33.764,use_adaptive_ngroute,0.02773976347365692,0,1.4154285714285713,false,false,12.535714285714286,1.73765e6,1.689448e6,4
9.157,use_adaptive_ngroute,0.026255287313325493,0,1.4616666666666667,false,false,13.428571428571429,1.73765e6,1.6920275e6,3
3.362,use_adaptive_ngroute,0.025276666762581668,0,1.0739999999999998,false,false,13.535714285714285,1.73765e6,1.693728e6,3
9.911,none,0.024800161137167986,0,1.5716666666666665,false,false,14.071428571428571,1.73765e6,1.694556e6,0
