CG_time_taken,method,CG_LP_IP_gap,implemented_SR3_cuts_count,CG_sp_time_taken_mean,converged,time_limit_reached,ngroute_neighborhood_size,CGIP_objective,CGLP_objective,cycles_lookup_length
52.933,use_adaptive_ngroute,0.9999713433008075,0,0.7361724137931033,false,false,1.0,6.0e10,1.7194019515503878e6,32
39.325,use_adaptive_ngroute,0.16553025132986532,0,2.1324375,false,false,6.0625,2.21263e6,1.8463728e6,19
12.778,use_adaptive_ngroute,0.10772577077821843,0,1.2342222222222223,false,false,7.28125,2.09275e6,1.8673068932038834e6,11
26.384,use_adaptive_ngroute,0.10286425357384621,0,2.4235,false,false,7.90625,2.09275e6,1.8774808333333333e6,9
14.091,none,0.04660668419379421,0,1.919142857142857,false,false,8.78125,1.98169e6,1.88933e6,0
