CG_time_taken,method,CG_LP_IP_gap,implemented_SR3_cuts_count,CG_sp_time_taken_mean,converged,time_limit_reached,ngroute_neighborhood_size,CGIP_objective,CGLP_objective,cycles_lookup_length
22.358,use_adaptive_ngroute,0.99997375849853,0,0.23951724137931032,false,false,1.0,6.0e10,1.5744900881975766e6,26
11.4,use_adaptive_ngroute,0.0746136164932173,0,0.47911764705882354,false,false,4.125,1.89104e6,1.7499426666666663e6,21
12.268,use_adaptive_ngroute,0.06875370166680772,0,1.0021818181818183,false,false,6.25,1.89104e6,1.761024e6,6
4.621,use_adaptive_ngroute,0.0672797331979581,0,0.8385999999999999,false,false,6.437499999999999,1.89104e6,1.7638113333333333e6,3
2.444,use_adaptive_ngroute,0.06685041035620609,0,0.7886666666666667,false,false,6.5625,1.89104e6,1.7646232e6,4
2.465,use_adaptive_ngroute,0.0666047833593203,0,0.7829999999999999,false,false,6.9375,1.89104e6,1.765087690476191e6,7
2.227,none,0.06638741811801685,0,0.7256666666666666,false,false,7.28125,1.89104e6,1.7654987368421054e6,0
