CG_time_taken,method,CG_LP_IP_gap,implemented_SR3_cuts_count,CG_sp_time_taken_mean,converged,time_limit_reached,ngroute_neighborhood_size,CGIP_objective,CGLP_objective,cycles_lookup_length
256.675,use_adaptive_ngroute,0.1058933705996361,0,8.421620689655173,false,false,15.666666666666666,2.110988e6,1.8874483653846155e6,8
75.211,use_adaptive_ngroute,0.1052250686137759,0,10.665285714285716,false,false,16.944444444444446,2.110988e6,1.8888591428571425e6,2
45.217,use_adaptive_ngroute,0.10522506861377601,0,11.11625,false,false,17.166666666666668,2.110988e6,1.8888591428571423e6,1
88.193,use_adaptive_ngroute,0.1047776365063815,0,14.641833333333336,false,false,17.194444444444443,2.110988e6,1.8898036666666667e6,2
41.711,none,0.10476737533853708,0,13.829333333333334,false,false,17.25,2.110988e6,1.8898253278688523e6,0
