CG_time_taken,method,CG_LP_IP_gap,implemented_SR3_cuts_count,CG_sp_time_taken_mean,converged,time_limit_reached,ngroute_neighborhood_size,CGIP_objective,CGLP_objective,cycles_lookup_length
44.011,use_adaptive_ngroute,0.9999748840452395,0,0.4875217391304348,false,false,1.0,6.0e10,1.5069572856323281e6,30
26.699,use_adaptive_ngroute,0.19925428810768586,0,1.3947333333333334,false,false,6.46875,2.167186e6,1.7353648963730568e6,14
13.427,use_adaptive_ngroute,0.12054705115316144,0,2.1013333333333337,false,false,8.03125,2.00792e6,1.765871165048544e6,6
18.373,none,0.11628926482372459,0,2.9608333333333334,false,false,8.65625,1.999536e6,1.767011428571429e6,0
