CG_time_taken,method,CG_LP_IP_gap,implemented_SR3_cuts_count,CG_sp_time_taken_mean,converged,time_limit_reached,ngroute_neighborhood_size,CGIP_objective,CGLP_objective,cycles_lookup_length
251.825,use_adaptive_ngroute,0.18133531235650036,0,8.864481481481484,false,false,15.666666666666666,2.46081e6,2.0145782500000002e6,4
63.412,use_adaptive_ngroute,0.13601892343603672,0,10.473166666666668,false,false,15.916666666666668,2.33603e6,2.0182857142857153e6,2
33.459,use_adaptive_ngroute,0.13569051819202727,0,11.075333333333333,false,false,15.972222222222223,2.33603e6,2.0190528787878787e6,4
33.499,none,0.1356803147709087,0,11.095,false,false,16.25,2.33603e6,2.019076714285714e6,0
