CG_time_taken,method,CG_LP_IP_gap,implemented_SR3_cuts_count,CG_sp_time_taken_mean,converged,time_limit_reached,ngroute_neighborhood_size,CGIP_objective,CGLP_objective,cycles_lookup_length
18.159,use_adaptive_ngroute,0.31955980355592883,0,0.17781818181818182,false,false,1.0,2.25783e6,1.5363182887373173e6,29
4.852,use_adaptive_ngroute,0.09891125329477768,0,0.19513333333333335,false,false,4.15625,1.98402e6,1.7877780952380951e6,12
3.644,use_adaptive_ngroute,0.09502761632036161,0,0.40249999999999997,false,false,5.5625,1.98402e6,1.795483308668076e6,11
1.999,use_adaptive_ngroute,0.09288631055752483,0,0.3686,false,false,6.5625,1.98402e6,1.7997317021276597e6,5
1.565,use_adaptive_ngroute,0.09278752618033448,0,0.3495,false,false,7.25,1.98402e6,1.7999276923076927e6,1
0.744,use_adaptive_ngroute,0.09273907343201615,0,0.3545,false,false,7.3125,1.98402e6,1.8000238235294113e6,8
2.577,none,0.09271253788357225,0,0.57975,false,false,7.59375,1.98402e6,1.800076470588235e6,0
