CG_time_taken,method,CG_LP_IP_gap,implemented_SR3_cuts_count,CG_sp_time_taken_mean,converged,time_limit_reached,ngroute_neighborhood_size,CGIP_objective,CGLP_objective,cycles_lookup_length
164.166,use_adaptive_ngroute,0.10542698887726254,0,6.391416666666667,false,false,15.666666666666666,2.195846e6,1.9643445681818186e6,6
59.401,use_adaptive_ngroute,0.10539413315609825,0,9.732333333333331,false,false,16.666666666666668,2.195846e6,1.9644167142857143e6,2
60.98,use_adaptive_ngroute,0.10526893217300448,0,10.047333333333333,false,false,16.833333333333336,2.195846e6,1.9646916363636367e6,1
16.636,none,0.10519046938108201,0,8.232999999999999,false,false,16.916666666666668,2.195846e6,1.9648639285714286e6,0
