CG_time_taken,method,CG_LP_IP_gap,implemented_SR3_cuts_count,CG_sp_time_taken_mean,converged,time_limit_reached,ngroute_neighborhood_size,CGIP_objective,CGLP_objective,cycles_lookup_length
44.029,use_adaptive_ngroute,0.38917022984890115,0,0.5612380952380953,false,false,1.0,2.3516099882732974e6,1.4364333886220066e6,31
40.861,use_adaptive_ngroute,0.16380219859904765,0,1.9817777777777779,false,false,7.25,1.99398e6,1.6673616920374709e6,19
58.219,use_adaptive_ngroute,0.026714044565324446,0,5.175727272727273,false,false,9.21875,1.728224e6,1.6820561470451367e6,5
19.988,none,0.02560006224616085,0,6.590333333333334,false,false,9.6875,1.728224e6,1.683981358024691e6,0
