CG_time_taken,method,CG_LP_IP_gap,implemented_SR3_cuts_count,CG_sp_time_taken_mean,converged,time_limit_reached,ngroute_neighborhood_size,CGIP_objective,CGLP_objective,cycles_lookup_length
13.084,use_adaptive_ngroute,0.9999740517721203,0,0.20805263157894735,false,false,1.0,6.0e10,1.556893672785548e6,32
12.617,use_adaptive_ngroute,0.11968558620326408,0,0.706076923076923,false,false,6.312500000000001,2.046056e6,1.8011725882352942e6,22
18.393,use_adaptive_ngroute,0.05246004427749262,0,1.5709090909090908,false,false,8.5,1.90894e6,1.8087969230769232e6,11
18.393,use_adaptive_ngroute,0.05161765168103749,0,3.0311666666666666,false,false,10.03125,1.90894e6,1.8104050000000002e6,2
8.388,none,0.047365658049642434,0,2.0615,false,false,10.09375,1.900424e6,1.8104091666666663e6,0
