CG_time_taken,method,CG_LP_IP_gap,implemented_SR3_cuts_count,CG_sp_time_taken_mean,converged,time_limit_reached,ngroute_neighborhood_size,CGIP_objective,CGLP_objective,cycles_lookup_length
30.784,use_adaptive_ngroute,0.9999756423620978,0,0.38385714285714284,false,false,1.0,6.0e10,1.4614582741312745e6,28
18.682,use_adaptive_ngroute,0.20518823238564088,0,0.7484666666666667,false,false,4.84375,2.08179e6,1.6546311897018966e6,21
18.519,use_adaptive_ngroute,0.18013326602310198,0,2.157625,false,false,8.03125,2.02597e6,1.6610254070351762e6,13
24.326,use_adaptive_ngroute,0.15739038115454007,0,2.9821249999999995,false,false,9.5,1.972988e6,1.6624586666666663e6,1
16.221,none,0.15739038115453974,0,4.0142500000000005,false,false,9.71875,1.972988e6,1.662458666666667e6,0
