CG_time_taken,method,CG_LP_IP_gap,implemented_SR3_cuts_count,CG_sp_time_taken_mean,converged,time_limit_reached,ngroute_neighborhood_size,CGIP_objective,CGLP_objective,cycles_lookup_length
56.543,use_adaptive_ngroute,0.9999753701362574,0,0.6293636363636365,false,false,1.0,6.0e10,1.477791824558561e6,32
41.764,use_adaptive_ngroute,0.07976185936719771,0,1.88685,false,false,6.53125,1.83575e6,1.6893271666666667e6,10
18.406,use_adaptive_ngroute,0.07028937180210504,0,1.9043333333333334,false,false,7.46875,1.83575e6,1.7067162857142857e6,7
12.686,use_adaptive_ngroute,0.06636675098304345,0,2.4772,false,false,7.875,1.830144e6,1.708683288888889e6,7
11.626,none,0.06573899352258805,0,2.2574,false,false,8.09375,1.830144e6,1.7098321754385966e6,0
