CG_time_taken,method,CG_LP_IP_gap,implemented_SR3_cuts_count,CG_sp_time_taken_mean,converged,time_limit_reached,ngroute_neighborhood_size,CGIP_objective,CGLP_objective,cycles_lookup_length
18.904,use_adaptive_ngroute,0.9999735471365093,0,0.2875,false,false,1.0,6.0e10,1.5871718094405592e6,30
75.971,use_adaptive_ngroute,0.082012563083252,0,3.5832000000000006,false,false,5.96875,1.826975e6,1.6771400975609757e6,11
20.432,use_adaptive_ngroute,0.07041932583975519,0,2.4042499999999998,false,false,7.25,1.826975e6,1.6983206521739133e6,4
8.969,none,0.07001941646944032,0,1.76,false,false,7.375,1.826975e6,1.6990512765957443e6,0
