CG_time_taken,method,CG_LP_IP_gap,implemented_SR3_cuts_count,CG_sp_time_taken_mean,converged,time_limit_reached,ngroute_neighborhood_size,CGIP_objective,CGLP_objective,cycles_lookup_length
16.228,use_adaptive_ngroute,0.3877220881777752,0,0.2341666666666667,false,false,1.0,2.55515e6,1.5644619063925578e6,31
14.641,use_adaptive_ngroute,0.08338394611577526,0,0.5379999999999999,false,false,6.125,1.90334e6,1.7446320000000002e6,8
3.317,use_adaptive_ngroute,0.08087640475441582,0,0.4775,false,false,6.375000000000001,1.901222e6,1.747458e6,9
4.159,none,0.0806217147591275,0,0.6985999999999999,false,false,6.9375,1.901222e6,1.747942222222222e6,0
