CG_time_taken,method,CG_LP_IP_gap,implemented_SR3_cuts_count,CG_sp_time_taken_mean,converged,time_limit_reached,ngroute_neighborhood_size,CGIP_objective,CGLP_objective,cycles_lookup_length
22.72,use_adaptive_ngroute,0.99997261801539,0,0.3365,false,false,1.0,6.0e10,1.6429190766050795e6,32
39.026,use_adaptive_ngroute,0.1505198639179608,0,1.71385,false,false,6.312500000000001,2.14468e6,1.8218630582524277e6,15
15.189,use_adaptive_ngroute,0.14870594525368175,0,2.041714285714286,false,false,7.781249999999999,2.14468e6,1.8257533333333337e6,11
7.791,none,0.14843035140935068,0,1.9067500000000002,false,false,8.59375,2.14468e6,1.8263443939393938e6,0
