CG_time_taken,method,CG_LP_IP_gap,implemented_SR3_cuts_count,CG_sp_time_taken_mean,converged,time_limit_reached,ngroute_neighborhood_size,CGIP_objective,CGLP_objective,cycles_lookup_length
22.779,use_adaptive_ngroute,0.9999754429146847,0,0.323423076923077,false,false,1.0,6.0e10,1.4734251189179376e6,27
20.685,use_adaptive_ngroute,0.08083244957977753,0,0.8748499999999999,false,false,3.8749999999999996,1.80103e6,1.6554483333333333e6,11
7.522,use_adaptive_ngroute,0.07653259523716971,0,0.7605555555555557,false,false,5.5,1.80103e6,1.6631925000000002e6,10
4.429,use_adaptive_ngroute,0.0755788861206318,0,0.5940000000000001,false,false,6.09375,1.80103e6,1.6649101587301586e6,3
3.67,use_adaptive_ngroute,0.07364466444201379,0,0.5934999999999999,false,false,6.25,1.80103e6,1.66839375e6,7
1.807,use_adaptive_ngroute,0.07345198623522597,0,0.5773333333333334,false,false,6.84375,1.80103e6,1.6687407692307709e6,1
1.813,use_adaptive_ngroute,0.07287811233942065,0,0.5843333333333334,false,false,6.875,1.80103e6,1.6697743333333333e6,1
1.379,none,0.07287607646735483,0,0.671,false,false,6.90625,1.80103e6,1.669778e6,0
