CG_time_taken,method,CG_LP_IP_gap,implemented_SR3_cuts_count,CG_sp_time_taken_mean,converged,time_limit_reached,ngroute_neighborhood_size,CGIP_objective,CGLP_objective,cycles_lookup_length
25.691,use_adaptive_ngroute,0.9999695864530962,0,0.34088,false,false,1.0,6.0e10,1.8248128142276732e6,36
44.052,use_adaptive_ngroute,0.250382101586914,0,1.90345,false,false,5.777777777777778,2.633356e6,1.9740107904934904e6,21
44.626,use_adaptive_ngroute,0.08012717201869057,0,3.9683636363636365,false,false,7.972222222222222,2.18074e6,2.0060034708919607e6,18
50.551,use_adaptive_ngroute,0.07701139914611754,0,5.535111111111112,false,false,9.13888888888889,2.18074e6,2.0127981614260955e6,4
23.464,use_adaptive_ngroute,0.07608311658319611,0,5.832750000000001,false,false,9.527777777777777,2.18074e6,2.014822504342361e6,6
6.206,none,0.07597123297199015,0,6.133,false,false,9.916666666666666,2.18074e6,2.0150664934086623e6,0
