CG_time_taken,method,CG_LP_IP_gap,implemented_SR3_cuts_count,CG_sp_time_taken_mean,converged,time_limit_reached,ngroute_neighborhood_size,CGIP_objective,CGLP_objective,cycles_lookup_length
28.798,use_adaptive_ngroute,0.99997167694589,0,0.341125,false,false,1.0,6.0e10,1.6993832466036624e6,36
30.107,use_adaptive_ngroute,0.19425124586687337,0,1.3124,false,false,6.916666666666666,2.26166e6,1.8223297272727273e6,9
18.925,use_adaptive_ngroute,0.19156999900399174,0,1.4048461538461539,false,false,7.527777777777779,2.26166e6,1.828393796052632e6,3
5.746,use_adaptive_ngroute,0.1907752651716701,0,1.8576666666666668,false,false,7.694444444444444,2.26166e6,1.8301912137718406e6,9
7.383,none,0.1906448725520814,0,2.440333333333333,false,false,8.88888888888889,2.26166e6,1.8304861175438596e6,0
