CG_time_taken,method,CG_LP_IP_gap,implemented_SR3_cuts_count,CG_sp_time_taken_mean,converged,time_limit_reached,ngroute_neighborhood_size,CGIP_objective,CGLP_objective,cycles_lookup_length
35.114,use_adaptive_ngroute,0.9999714183311537,0,0.31154545454545457,false,false,1.0,6.0e10,1.7149001307816387e6,35
26.992,use_adaptive_ngroute,0.11456297435670759,0,1.0765294117647055,false,false,6.861111111111111,2.155026e6,1.908139811623962e6,22
25.921,use_adaptive_ngroute,0.10037041437277283,0,2.4210999999999996,false,false,10.305555555555555,2.141724e6,1.9267582746478876e6,10
17.507,use_adaptive_ngroute,0.09906245830202398,0,3.4239999999999995,false,false,11.0,2.141724e6,1.929559555555556e6,3
14.662,use_adaptive_ngroute,0.09906245830202443,0,3.5997500000000002,false,false,11.083333333333334,2.141724e6,1.929559555555555e6,4
8.73,use_adaptive_ngroute,0.0988524750304165,0,4.322500000000001,false,false,11.333333333333332,2.141724e6,1.9300092817679562e6,1
10.536,none,0.09885062383025278,0,3.4729999999999994,false,false,11.388888888888888,2.141724e6,1.9300132465277757e6,0
