CG_time_taken,method,CG_LP_IP_gap,implemented_SR3_cuts_count,CG_sp_time_taken_mean,converged,time_limit_reached,ngroute_neighborhood_size,CGIP_objective,CGLP_objective,cycles_lookup_length
29.424,use_adaptive_ngroute,0.29357562350177135,0,0.28275,false,false,1.0,2.44174e6,1.7249046570707848e6,32
12.623,use_adaptive_ngroute,0.11145540719558722,0,0.44304999999999994,false,false,4.75,2.09422e6,1.8608078571428573e6,13
6.054,use_adaptive_ngroute,0.10943000257852564,0,0.5056,false,false,5.694444444444444,2.09422e6,1.8650495e6,12
7.001,use_adaptive_ngroute,0.10687811486581433,0,0.5408333333333333,false,false,6.527777777777778,2.09422e6,1.8703937142857143e6,3
4.431,none,0.10684327975730024,0,0.5792857142857142,false,false,6.694444444444445,2.09422e6,1.8704666666666667e6,0
