CG_time_taken,method,CG_LP_IP_gap,implemented_SR3_cuts_count,CG_sp_time_taken_mean,converged,time_limit_reached,ngroute_neighborhood_size,CGIP_objective,CGLP_objective,cycles_lookup_length
26.45,use_adaptive_ngroute,0.9999695608638637,0,0.2677407407407407,false,false,1.0,6.0e10,1.8263481681818864e6,34
43.678,use_adaptive_ngroute,0.2290744709310062,0,1.5401739130434782,false,false,5.833333333333333,2.4626e6,1.8984812078853042e6,21
28.957,use_adaptive_ngroute,0.20875331674786934,0,2.2750833333333333,false,false,7.527777777777779,2.41577e6,1.9114699999999998e6,5
7.59,use_adaptive_ngroute,0.20634138735613639,0,2.451,false,false,7.888888888888888,2.41577e6,1.9172966666666665e6,5
10.068,none,0.20629753966950803,0,2.47925,false,false,8.083333333333334,2.41577e6,1.9174025925925926e6,0
