CG_time_taken,method,CG_LP_IP_gap,implemented_SR3_cuts_count,CG_sp_time_taken_mean,converged,time_limit_reached,ngroute_neighborhood_size,CGIP_objective,CGLP_objective,cycles_lookup_length
38.324,use_adaptive_ngroute,0.9999741706813428,0,0.4340434782608696,false,false,1.0,6.0e10,1.5497591194359274e6,29
20.367,use_adaptive_ngroute,0.15573756628527768,0,0.8208749999999999,false,false,4.027777777777778,2.03083e6,1.7145534782608696e6,20
17.992,use_adaptive_ngroute,0.14209789429280983,0,1.4987272727272727,false,false,6.638888888888889,2.03083e6,1.742253333333333e6,5
11.52,use_adaptive_ngroute,0.14071155635873023,0,2.2354000000000003,false,false,6.805555555555555,2.03083e6,1.74506875e6,7
19.355,use_adaptive_ngroute,0.14069023266619063,0,2.34825,false,false,7.0,2.03083e6,1.7451120547945201e6,2
5.458,none,0.14053960243660313,0,2.652,false,false,7.055555555555555,2.03083e6,1.7454179591836734e6,0
