CG_time_taken,method,CG_LP_IP_gap,implemented_SR3_cuts_count,CG_sp_time_taken_mean,converged,time_limit_reached,ngroute_neighborhood_size,CGIP_objective,CGLP_objective,cycles_lookup_length
23.546,use_adaptive_ngroute,0.9999703481478536,0,0.253,false,false,1.0,6.0e10,1.7791111287878787e6,36
23.247,use_adaptive_ngroute,0.16071336766155775,0,1.0106315789473683,false,false,6.833333333333333,2.39897e6,2.013423452380953e6,25
18.693,use_adaptive_ngroute,0.1556463815720911,0,1.7892,false,false,9.38888888888889,2.39897e6,2.0255790000000007e6,2
10.363,use_adaptive_ngroute,0.15448282665755164,0,1.6338333333333335,false,false,9.61111111111111,2.39897e6,2.0283703333333333e6,4
11.677,use_adaptive_ngroute,0.1536882329989372,0,2.2374,false,false,9.722222222222221,2.39897e6,2.0302765396825396e6,1
7.985,use_adaptive_ngroute,0.15321274785190542,0,2.611333333333333,false,false,9.944444444444445,2.39897e6,2.0314172142857146e6,1
5.866,use_adaptive_ngroute,0.1529531423902758,0,2.8794999999999997,false,false,10.0,2.39897e6,2.03204e6,2
10.133,use_adaptive_ngroute,0.152839826214891,0,2.49375,false,false,10.11111111111111,2.39897e6,2.032311842105263e6,8
14.662,use_adaptive_ngroute,0.08502149865035635,0,2.3866666666666667,false,false,10.61111111111111,2.222562e6,2.0335964479166667e6,3
5.392,none,0.08501810073239802,0,2.642,false,false,10.777777777777779,2.222562e6,2.033604e6,0
