CG_time_taken,method,CG_LP_IP_gap,implemented_SR3_cuts_count,CG_sp_time_taken_mean,converged,time_limit_reached,ngroute_neighborhood_size,CGIP_objective,CGLP_objective,cycles_lookup_length
48.822,use_adaptive_ngroute,0.9999736623981554,0,0.447875,false,false,1.0,6.0e10,1.580256110674362e6,32
45.026,use_adaptive_ngroute,0.14700241941248415,0,1.6744761904761902,false,false,5.75,1.962578e6,1.6740742857142857e6,15
31.991,use_adaptive_ngroute,0.1444277416405022,0,2.312153846153846,false,false,7.333333333333334,1.962578e6,1.6791272916666665e6,10
15.467,none,0.1441898779834182,0,2.4324999999999997,false,false,8.083333333333334,1.962578e6,1.679594117647059e6,0
