CG_time_taken,method,CG_LP_IP_gap,implemented_SR3_cuts_count,CG_sp_time_taken_mean,converged,time_limit_reached,ngroute_neighborhood_size,CGIP_objective,CGLP_objective,cycles_lookup_length
21.294,use_adaptive_ngroute,0.999971188535438,0,0.2571739130434783,false,false,1.0,6.0e10,1.7286878737191558e6,31
25.21,use_adaptive_ngroute,0.14110505458203015,0,1.1253125,false,false,4.583333333333333,2.13257e6,1.83165359375e6,7
5.118,use_adaptive_ngroute,0.1388832539469116,0,0.9118,false,false,5.027777777777778,2.13257e6,1.8363917391304348e6,13
9.152,use_adaptive_ngroute,0.13763127744145942,0,1.4546666666666668,false,false,6.194444444444445,2.13257e6,1.839061666666667e6,5
8.608,none,0.13736712042277632,0,1.6645999999999996,false,false,6.333333333333333,2.13257e6,1.839625e6,0
