CG_time_taken,method,CG_LP_IP_gap,implemented_SR3_cuts_count,CG_sp_time_taken_mean,converged,time_limit_reached,ngroute_neighborhood_size,CGIP_objective,CGLP_objective,cycles_lookup_length
44.965,use_adaptive_ngroute,0.9999713435528377,0,0.4032173913043479,false,false,1.0,6.0e10,1.7193868297371026e6,36
36.105,use_adaptive_ngroute,0.11206419466508077,0,1.6834705882352943,false,false,7.527777777777779,2.081606e6,1.8483324999999998e6,18
23.488,use_adaptive_ngroute,0.09641573074199661,0,2.419666666666667,false,false,8.944444444444445,2.053406e6,1.8554253599999996e6,12
29.026,none,0.09389994568263971,0,4.071571428571428,false,false,9.416666666666668,2.053406e6,1.8605912881355935e6,0
