CG_time_taken,method,CG_LP_IP_gap,implemented_SR3_cuts_count,CG_sp_time_taken_mean,converged,time_limit_reached,ngroute_neighborhood_size,CGIP_objective,CGLP_objective,cycles_lookup_length
16.94,use_adaptive_ngroute,0.9999712221833797,0,0.18463157894736842,false,false,1.0,6.0e10,1.7266689972125434e6,36
16.826,use_adaptive_ngroute,0.2332272566325434,0,0.8994615384615384,false,false,6.555555555555556,2.48624e6,1.9063810654699053e6,24
18.349,use_adaptive_ngroute,0.19374392486667347,0,1.6209000000000002,false,false,9.777777777777777,2.39612e6,1.9318863067484663e6,3
10.741,use_adaptive_ngroute,0.1691804301139347,0,1.7251666666666665,false,false,9.944444444444445,2.328526e6,1.9345849697885201e6,3
5.362,none,0.16910188390996406,0,1.7456666666666665,false,false,10.027777777777779,2.328526e6,1.9347678666666672e6,0
