CG_time_taken,method,CG_LP_IP_gap,implemented_SR3_cuts_count,CG_sp_time_taken_mean,converged,time_limit_reached,ngroute_neighborhood_size,CGIP_objective,CGLP_objective,cycles_lookup_length
28.617,use_adaptive_ngroute,0.9999721268268217,0,0.3634545454545455,false,false,1.0,6.0e10,1.6723903906999636e6,35
22.461,use_adaptive_ngroute,0.1974515577678927,0,1.0891176470588235,false,false,5.722222222222222,2.28278e6,1.83204153295861e6,28
29.876,use_adaptive_ngroute,0.1796219557135209,0,2.522181818181818,false,false,7.777777777777778,2.25064e6,1.8463756415929212e6,16
32.353,use_adaptive_ngroute,0.12241974862192428,0,3.514666666666667,false,false,8.972222222222221,2.10894e6,1.850764095341279e6,9
10.721,use_adaptive_ngroute,0.1223745304127547,0,3.536,false,false,9.555555555555555,2.10894e6,1.850859457831325e6,1
9.901,use_adaptive_ngroute,0.12224366913758666,0,3.264333333333333,false,false,9.583333333333332,2.10894e6,1.851135436408978e6,7
11.021,none,0.12215514077945311,0,3.651333333333333,false,false,10.0,2.10894e6,1.8513221374045801e6,0
