CG_time_taken,method,CG_LP_IP_gap,implemented_SR3_cuts_count,CG_sp_time_taken_mean,converged,time_limit_reached,ngroute_neighborhood_size,CGIP_objective,CGLP_objective,cycles_lookup_length
27.341,use_adaptive_ngroute,0.9999710740211919,0,0.30413636363636365,false,false,1.0,6.0e10,1.7355587284886132e6,36
26.529,use_adaptive_ngroute,0.11621855491261956,0,1.1181666666666668,false,false,7.527777777777779,2.07851e6,1.8369485714285711e6,16
16.666,use_adaptive_ngroute,0.10944289418862563,0,1.699222222222222,false,false,8.972222222222221,2.07851e6,1.8510318499999999e6,14
18.532,use_adaptive_ngroute,0.10902415983161606,0,1.977,false,false,9.555555555555555,2.07851e6,1.8519021935483876e6,3
3.576,none,0.1089765973550384,0,1.722,false,false,9.63888888888889,2.07851e6,1.852001052631579e6,0
