CG_time_taken,method,CG_LP_IP_gap,implemented_SR3_cuts_count,CG_sp_time_taken_mean,converged,time_limit_reached,ngroute_neighborhood_size,CGIP_objective,CGLP_objective,cycles_lookup_length
22.467,use_adaptive_ngroute,0.9999706222461134,0,0.20904545454545456,false,false,1.0,6.0e10,1.7626652331932774e6,28
14.481,use_adaptive_ngroute,0.0754535024472398,0,0.3816818181818182,false,false,3.8333333333333335,2.09011e6,1.9324038799999997e6,16
4.992,use_adaptive_ngroute,0.07209046413825104,0,0.52875,false,false,5.861111111111111,2.09011e6,1.939433e6,8
5.18,none,0.07111108984694581,0,0.5565,false,false,6.583333333333334,2.09011e6,1.94148e6,0
