CG_time_taken,method,CG_LP_IP_gap,implemented_SR3_cuts_count,CG_sp_time_taken_mean,converged,time_limit_reached,ngroute_neighborhood_size,CGIP_objective,CGLP_objective,cycles_lookup_length
4.932,use_adaptive_ngroute,0.4414243117604518,0,0.11914999999999999,false,false,3.0,2.41101e6,1.346731570102433e6,19
2.69,use_adaptive_ngroute,0.13105095898416175,0,0.27925,false,false,5.550000000000001,1.62666e6,1.4134846470588234e6,14
1.833,use_adaptive_ngroute,0.09584230587019249,0,0.2115,false,false,6.8,1.59216e6,1.4395637142857143e6,4
0.576,use_adaptive_ngroute,0.08550263506713107,0,0.18133333333333332,false,false,7.05,1.59126e6,1.455203076923077e6,3
0.679,use_adaptive_ngroute,0.08528077679881907,0,0.21833333333333335,false,false,7.2,1.59126e6,1.4555561111111112e6,1
0.524,none,0.08507316806289655,0,0.255,false,false,7.35,1.59126e6,1.4558864705882352e6,0
