CG_time_taken,method,CG_LP_IP_gap,implemented_SR3_cuts_count,CG_sp_time_taken_mean,converged,time_limit_reached,ngroute_neighborhood_size,CGIP_objective,CGLP_objective,cycles_lookup_length
2.191,use_adaptive_ngroute,0.36250272323518173,0,0.06385714285714286,false,false,3.0,1.854412e6,1.1821826e6,14
1.188,use_adaptive_ngroute,0.14327141145762423,0,0.09422222222222221,false,false,4.6,1.484182e6,1.2715411500000004e6,5
1.126,use_adaptive_ngroute,0.1295883094954906,0,0.10329999999999999,false,false,5.0,1.484182e6,1.2918493636363638e6,4
0.354,none,0.12947532537682094,0,0.11033333333333334,false,false,5.5,1.484182e6,1.292017052631579e6,0
