CG_time_taken,method,CG_LP_IP_gap,implemented_SR3_cuts_count,CG_sp_time_taken_mean,converged,time_limit_reached,ngroute_neighborhood_size,CGIP_objective,CGLP_objective,cycles_lookup_length
3.633,use_adaptive_ngroute,0.458698620503704,0,0.08205263157894738,false,false,3.0,2.204186e6,1.1931289224664227e6,14
1.939,use_adaptive_ngroute,0.01953027918150929,0,0.13036363636363635,false,false,4.6,1.44852e6,1.4202300000000002e6,3
0.836,use_adaptive_ngroute,0.018937432689917988,0,0.12933333333333333,false,false,4.8,1.44852e6,1.42108875e6,5
0.56,use_adaptive_ngroute,0.016705844586198282,0,0.17733333333333334,false,false,5.8,1.44852e6,1.42432125e6,1
0.636,use_adaptive_ngroute,0.015491098960778271,0,0.152,false,false,5.949999999999999,1.44852e6,1.4260808333333335e6,3
0.884,none,0.015491098960778382,0,0.21375,false,false,6.1,1.44852e6,1.4260808333333333e6,0
