CG_time_taken,method,CG_LP_IP_gap,implemented_SR3_cuts_count,CG_sp_time_taken_mean,converged,time_limit_reached,ngroute_neighborhood_size,CGIP_objective,CGLP_objective,cycles_lookup_length
6.134,use_adaptive_ngroute,0.4034454185143561,0,0.16559999999999997,false,false,3.0,1.99223e6,1.1884739338731442e6,19
2.265,use_adaptive_ngroute,0.09278752239075805,0,0.1855,false,false,6.6499999999999995,1.513926e6,1.3734525573770492e6,13
1.052,use_adaptive_ngroute,0.07112551685536117,0,0.1625,false,false,8.4,1.513926e6,1.4062472307692305e6,1
0.524,none,0.07089299609095823,0,0.16666666666666666,false,false,8.5,1.513926e6,1.40659925e6,0
