CG_time_taken,method,CG_LP_IP_gap,implemented_SR3_cuts_count,CG_sp_time_taken_mean,converged,time_limit_reached,ngroute_neighborhood_size,CGIP_objective,CGLP_objective,cycles_lookup_length
4.284,use_adaptive_ngroute,0.38405508884566875,0,0.10436842105263157,false,false,1.0,1.868238e6,1.1507316889251454e6,17
4.549,use_adaptive_ngroute,0.16763230118497952,0,0.29815384615384616,false,false,2.85,1.54855e6,1.288963e6,2
1.151,use_adaptive_ngroute,0.15761260534047994,0,0.21959999999999996,false,false,2.9499999999999997,1.54855e6,1.3044789999999998e6,10
1.242,use_adaptive_ngroute,0.11556598099362447,0,0.1855,false,false,3.7,1.49634e6,1.323414e6,5
1.209,use_adaptive_ngroute,0.11352576043120943,0,0.38266666666666665,false,false,4.8500000000000005,1.49634e6,1.326466863636364e6,4
1.941,use_adaptive_ngroute,0.11062831642541149,0,0.47725000000000006,false,false,5.3,1.49634e6,1.3308024249999998e6,7
0.759,none,0.10959073472606495,0,0.371,false,false,6.05,1.49634e6,1.332355e6,0
