CG_time_taken,method,CG_LP_IP_gap,implemented_SR3_cuts_count,CG_sp_time_taken_mean,converged,time_limit_reached,ngroute_neighborhood_size,CGIP_objective,CGLP_objective,cycles_lookup_length
12.395,use_adaptive_ngroute,0.5262434139716763,0,0.3499333333333334,false,false,1.0,2.26028e6,1.0708225362680997e6,20
1.97,use_adaptive_ngroute,0.041383032680193055,0,0.1450909090909091,false,false,4.0,1.495374e6,1.433490888888889e6,5
0.479,use_adaptive_ngroute,0.03280192303540319,0,0.08839999999999999,false,false,5.15,1.495374e6,1.446322857142857e6,2
0.163,none,0.03273234047742646,0,0.07500000000000001,false,false,5.25,1.495374e6,1.446426909090909e6,0
