CG_time_taken,method,CG_LP_IP_gap,implemented_SR3_cuts_count,CG_sp_time_taken_mean,converged,time_limit_reached,ngroute_neighborhood_size,CGIP_objective,CGLP_objective,cycles_lookup_length
2.398,use_adaptive_ngroute,0.3655897970235912,0,0.06500000000000002,false,false,3.0,2.47806e6,1.5721065475877195e6,21
3.162,use_adaptive_ngroute,0.12029666925820337,0,0.1425,false,false,5.958333333333334,1.89077e6,1.6633166666666667e6,12
1.648,use_adaptive_ngroute,0.04330281027830285,0,0.19885714285714287,false,false,6.916666666666666,1.76151e6,1.6852316666666667e6,7
0.784,use_adaptive_ngroute,0.03766616898759212,0,0.18374999999999997,false,false,7.916666666666667,1.76151e6,1.6951606666666665e6,3
0.888,none,0.03753627644225077,0,0.21025,false,false,8.333333333333332,1.76151e6,1.6953894736842108e6,0
