CG_time_taken,method,CG_LP_IP_gap,implemented_SR3_cuts_count,CG_sp_time_taken_mean,converged,time_limit_reached,ngroute_neighborhood_size,CGIP_objective,CGLP_objective,cycles_lookup_length
5.405,use_adaptive_ngroute,0.39134148950536396,0,0.09389473684210525,false,false,3.0,2.47876e6,1.508718369473684e6,21
1.928,use_adaptive_ngroute,0.12697325217324995,0,0.1527777777777778,false,false,5.25,1.92377e6,1.679502666666667e6,7
1.381,use_adaptive_ngroute,0.0931859751185572,0,0.16914285714285718,false,false,6.0,1.86634e6,1.692423287197232e6,9
0.856,use_adaptive_ngroute,0.08908455238170077,0,0.201,false,false,6.791666666666667,1.86634e6,1.7000779365079366e6,8
0.305,none,0.08787750480918888,0,0.292,false,false,8.083333333333334,1.86634e6,1.7023306976744183e6,0
