CG_time_taken,method,CG_LP_IP_gap,implemented_SR3_cuts_count,CG_sp_time_taken_mean,converged,time_limit_reached,ngroute_neighborhood_size,CGIP_objective,CGLP_objective,cycles_lookup_length
6.424,use_adaptive_ngroute,0.4048197753572992,0,0.11722222222222221,false,false,3.0,2.3637e6,1.406827496987952e6,23
2.421,use_adaptive_ngroute,0.03343804637932424,0,0.1819,false,false,6.875,1.648678e6,1.5935494285714284e6,2
0.659,use_adaptive_ngroute,0.032439187150885784,0,0.21033333333333334,false,false,7.041666666666667,1.648678e6,1.5951962258064519e6,5
0.537,none,0.031776368702681745,0,0.1225,false,false,7.250000000000001,1.648678e6,1.596289e6,0
