CG_time_taken,method,CG_LP_IP_gap,implemented_SR3_cuts_count,CG_sp_time_taken_mean,converged,time_limit_reached,ngroute_neighborhood_size,CGIP_objective,CGLP_objective,cycles_lookup_length
10.516,use_adaptive_ngroute,0.16928932862008128,0,0.15242105263157896,false,false,3.0,1.54741e6,1.28545e6,10
5.63,use_adaptive_ngroute,0.05298656920631195,0,0.18869230769230766,false,false,5.041666666666666,1.44469e6,1.3681408333333333e6,24
3.622,use_adaptive_ngroute,0.03190303802199779,0,0.19366666666666665,false,false,7.125,1.44469e6,1.3986e6,5
3.357,none,0.03190303802199779,0,0.3122222222222223,false,false,7.583333333333334,1.44469e6,1.3986e6,0
