CG_time_taken,method,CG_LP_IP_gap,implemented_SR3_cuts_count,CG_sp_time_taken_mean,converged,time_limit_reached,ngroute_neighborhood_size,CGIP_objective,CGLP_objective,cycles_lookup_length
7.03,use_adaptive_ngroute,0.3678772608736287,0,0.14075000000000004,false,false,3.0,2.17961e6,1.37778104342723e6,23
2.634,use_adaptive_ngroute,0.04115672685458538,0,0.1602307692307692,false,false,5.291666666666666,1.60885e6,1.5426350000000002e6,9
1.042,use_adaptive_ngroute,0.03617468441783955,0,0.144,false,false,6.458333333333334,1.60885e6,1.5506503589743588e6,2
0.367,use_adaptive_ngroute,0.03615531892251289,0,0.16949999999999998,false,false,6.583333333333333,1.60885e6,1.5506815151515151e6,2
0.318,none,0.03615531892251278,0,0.1495,false,false,6.875,1.60885e6,1.5506815151515154e6,0
