CG_time_taken,method,CG_LP_IP_gap,implemented_SR3_cuts_count,CG_sp_time_taken_mean,converged,time_limit_reached,ngroute_neighborhood_size,CGIP_objective,CGLP_objective,cycles_lookup_length
69.057,use_adaptive_ngroute,0.9999395991205678,0,1.4463333333333332,false,false,3.0,2.000171331e10,1.2081210740740742e6,24
6.049,use_adaptive_ngroute,0.04105716395439163,0,0.2509375,false,false,6.416666666666666,1.4897e6,1.4285371428571427e6,15
5.117,use_adaptive_ngroute,0.03936410974405202,0,0.45519999999999994,false,false,8.791666666666666,1.4897e6,1.4310592857142857e6,5
2.297,none,0.031677518963549756,0,0.33816666666666667,false,false,9.041666666666668,1.4897e6,1.44251e6,0
