CG_time_taken,method,CG_LP_IP_gap,implemented_SR3_cuts_count,CG_sp_time_taken_mean,converged,time_limit_reached,ngroute_neighborhood_size,CGIP_objective,CGLP_objective,cycles_lookup_length
7.302,use_adaptive_ngroute,0.32659531524084007,0,0.18547058823529414,false,false,3.0,2.202e6,1.4828371158396702e6,21
5.148,use_adaptive_ngroute,0.1185699353353118,0,0.33584615384615385,false,false,5.208333333333333,1.79909e6,1.585772015037594e6,14
5.786,use_adaptive_ngroute,0.11036673401553032,0,0.5557000000000001,false,false,7.375,1.79909e6,1.6005303124999995e6,6
4.42,use_adaptive_ngroute,0.10987396961797358,0,0.7216666666666666,false,false,7.625,1.79909e6,1.6014168399999999e6,8
1.219,none,0.10958501937090415,0,0.595,false,false,8.25,1.79909e6,1.6019366875e6,0
