CG_time_taken,method,CG_LP_IP_gap,implemented_SR3_cuts_count,CG_sp_time_taken_mean,converged,time_limit_reached,ngroute_neighborhood_size,CGIP_objective,CGLP_objective,cycles_lookup_length
8.433,use_adaptive_ngroute,0.35916484797463344,0,0.12371428571428571,false,false,3.0,2.35731e6,1.510647112220917e6,22
4.061,use_adaptive_ngroute,0.047915639104501806,0,0.2825,false,false,5.708333333333333,1.752748e6,1.6687639593908626e6,22
3.548,use_adaptive_ngroute,0.029153126525048645,0,0.4710000000000001,false,false,8.833333333333332,1.752748e6,1.701649915789474e6,6
2.838,use_adaptive_ngroute,0.02570774971447809,0,0.692,false,false,9.416666666666666,1.752748e6,1.7076887931034479e6,4
1.363,none,0.025546802588197193,0,0.443,false,false,9.75,1.752748e6,1.7079708928571425e6,0
