CG_time_taken,method,CG_LP_IP_gap,implemented_SR3_cuts_count,CG_sp_time_taken_mean,converged,time_limit_reached,ngroute_neighborhood_size,CGIP_objective,CGLP_objective,cycles_lookup_length
6.658,use_adaptive_ngroute,0.43449203256732294,0,0.17906666666666668,false,false,3.0,2.46501e6,1.3939827948012233e6,24
6.291,use_adaptive_ngroute,0.030827927792024923,0,0.3115625,false,false,7.083333333333333,1.59096e6,1.541914e6,5
2.742,use_adaptive_ngroute,0.02776939709357873,0,0.24177777777777779,false,false,7.916666666666667,1.59096e6,1.54678e6,1
1.642,use_adaptive_ngroute,0.02750331037025866,0,0.18187500000000004,false,false,7.958333333333333,1.59096e6,1.5472033333333333e6,1
2.021,none,0.02750331037025866,0,0.35000000000000003,false,false,8.0,1.59096e6,1.5472033333333333e6,0
