CG_time_taken,method,CG_LP_IP_gap,implemented_SR3_cuts_count,CG_sp_time_taken_mean,converged,time_limit_reached,ngroute_neighborhood_size,CGIP_objective,CGLP_objective,cycles_lookup_length
10.549,use_adaptive_ngroute,0.4456098173218628,0,0.16070833333333331,false,false,3.0,2.26537e6,1.2558988881335717e6,23
6.625,use_adaptive_ngroute,0.015012499229800969,0,0.41723076923076924,false,false,6.791666666666667,1.51476e6,1.4920196666666667e6,6
1.812,use_adaptive_ngroute,0.013630899724488721,0,0.2706666666666667,false,false,7.041666666666667,1.51476e6,1.4941124583333335e6,9
1.105,none,0.0069980282905103275,0,0.23925,false,false,7.875,1.51476e6,1.5041596666666665e6,0
