CG_time_taken,method,CG_LP_IP_gap,implemented_SR3_cuts_count,CG_sp_time_taken_mean,converged,time_limit_reached,ngroute_neighborhood_size,CGIP_objective,CGLP_objective,cycles_lookup_length
4.556,use_adaptive_ngroute,0.24575346375873275,0,0.09566666666666666,false,false,3.0,2.07225e6,1.562987384725966e6,24
2.505,use_adaptive_ngroute,0.15084227028538333,0,0.13308333333333336,false,false,6.125,2.00292e6,1.700795e6,1
0.871,use_adaptive_ngroute,0.10851455165478296,0,0.11083333333333333,false,false,6.166666666666667,1.92368e6,1.714932727272727e6,6
0.577,use_adaptive_ngroute,0.1076603458236578,0,0.126,false,false,6.958333333333333,1.92368e6,1.716575945945946e6,5
0.369,none,0.10758026282957667,0,0.173,false,false,7.541666666666667,1.92368e6,1.71673e6,0
