CG_time_taken,method,CG_LP_IP_gap,implemented_SR3_cuts_count,CG_sp_time_taken_mean,converged,time_limit_reached,ngroute_neighborhood_size,CGIP_objective,CGLP_objective,cycles_lookup_length
6.557,use_adaptive_ngroute,0.3508308594633366,0,0.09352631578947368,false,false,3.0,2.09541e6,1.36027550877193e6,23
3.863,use_adaptive_ngroute,0.07338744617628379,0,0.22625,false,false,5.083333333333334,1.673622e6,1.5507991555555556e6,15
1.427,use_adaptive_ngroute,0.05730395629557916,0,0.167,false,false,6.416666666666666,1.673622e6,1.5777168380566803e6,11
0.918,none,0.05444724345020069,0,0.21775,false,false,7.583333333333334,1.673622e6,1.5824978955223882e6,0
