CG_time_taken,method,CG_LP_IP_gap,implemented_SR3_cuts_count,CG_sp_time_taken_mean,converged,time_limit_reached,ngroute_neighborhood_size,CGIP_objective,CGLP_objective,cycles_lookup_length
1.794,use_adaptive_ngroute,0.40424213687896693,0,0.055153846153846164,false,false,1.0,1.944858e6,1.158664446153846e6,19
1.959,use_adaptive_ngroute,0.1140773156277437,0,0.14481818181818182,false,false,5.75,1.45792e6,1.2916044e6,4
0.951,use_adaptive_ngroute,0.02387758547821972,0,0.12466666666666666,false,false,6.15,1.36221e6,1.3296837142857143e6,2
0.655,use_adaptive_ngroute,0.0211148834654018,0,0.12,false,false,6.25,1.36221e6,1.333447094594595e6,5
0.137,none,0.02103936342414181,0,0.125,false,false,6.5,1.36221e6,1.3335499687499998e6,0
