CG_time_taken,method,CG_LP_IP_gap,implemented_SR3_cuts_count,CG_sp_time_taken_mean,converged,time_limit_reached,ngroute_neighborhood_size,CGIP_objective,CGLP_objective,cycles_lookup_length
2.213,use_adaptive_ngroute,0.17163450888186527,0,0.04733333333333333,false,false,1.0,1.78407e6,1.4778620217391306e6,19
1.388,use_adaptive_ngroute,0.03542387615225062,0,0.08929999999999998,false,false,4.7,1.58435e6,1.5282261818181816e6,2
0.381,use_adaptive_ngroute,0.03154416637737878,0,0.07800000000000001,false,false,4.8,1.58435e6,1.534373e6,4
0.489,use_adaptive_ngroute,0.029150440243633002,0,0.08619999999999998,false,false,5.1000000000000005,1.58435e6,1.5381655e6,6
0.499,use_adaptive_ngroute,0.02642131135870396,0,0.08839999999999999,false,false,5.5,1.58435e6,1.5424893953488374e6,13
0.546,use_adaptive_ngroute,0.008504523517371965,0,0.12025,false,false,6.6499999999999995,1.565559e6,1.5522446666666667e6,5
0.811,use_adaptive_ngroute,0.005892144594997983,0,0.1446,false,false,6.9,1.565559e6,1.5563344999999995e6,2
0.307,use_adaptive_ngroute,0.005761407605469726,0,0.14500000000000002,false,false,7.15,1.565559e6,1.5565391764705884e6,4
0.318,use_adaptive_ngroute,0.005712478560196077,0,0.149,false,false,7.35,1.565559e6,1.556615777777778e6,6
0.273,none,0.005623231063153766,0,0.128,false,false,7.6499999999999995,1.565559e6,1.5567555e6,0
