CG_time_taken,method,CG_LP_IP_gap,implemented_SR3_cuts_count,CG_sp_time_taken_mean,converged,time_limit_reached,ngroute_neighborhood_size,CGIP_objective,CGLP_objective,cycles_lookup_length
7.703,use_adaptive_ngroute,0.4208843970902969,0,0.09145833333333334,false,false,4.0,2.79444e6,1.6183038053949906e6,23
3.024,use_adaptive_ngroute,0.11804394353952274,0,0.1962727272727273,false,false,5.464285714285714,1.969402e6,1.7369260215053768e6,8
1.7,use_adaptive_ngroute,0.0933591351673011,0,0.22142857142857145,false,false,6.357142857142858,1.91964e6,1.740424069767442e6,3
0.803,none,0.09257870109904887,0,0.25866666666666666,false,false,6.928571428571429,1.91964e6,1.7419222222222218e6,0
