CG_time_taken,method,CG_LP_IP_gap,implemented_SR3_cuts_count,CG_sp_time_taken_mean,converged,time_limit_reached,ngroute_neighborhood_size,CGIP_objective,CGLP_objective,cycles_lookup_length
23.203,use_adaptive_ngroute,0.3667706592850375,0,0.3130454545454545,false,false,4.0,2.40133e6,1.520592612739061e6,23
10.623,use_adaptive_ngroute,0.1460165198297908,0,0.5300588235294119,false,false,6.357142857142858,1.916132e6,1.6363450738255032e6,12
5.189,use_adaptive_ngroute,0.13923817736603084,0,0.6183750000000001,false,false,7.357142857142857,1.916132e6,1.6493332727272727e6,3
3.063,use_adaptive_ngroute,0.13918721731127137,0,0.74825,false,false,7.928571428571429,1.916132e6,1.649430918918919e6,1
1.946,none,0.13869119767078086,0,0.9565,false,false,7.964285714285714,1.916132e6,1.6503813580246912e6,0
