CG_time_taken,method,CG_LP_IP_gap,implemented_SR3_cuts_count,CG_sp_time_taken_mean,converged,time_limit_reached,ngroute_neighborhood_size,CGIP_objective,CGLP_objective,cycles_lookup_length
4.716,use_adaptive_ngroute,0.23836786348767913,0,0.07978947368421052,false,false,4.0,1.921702e6,1.46363e6,24
3.292,use_adaptive_ngroute,0.13867184374029695,0,0.19016666666666668,false,false,5.714285714285714,1.874418e6,1.614489e6,5
1.193,use_adaptive_ngroute,0.13485937146001226,0,0.18233333333333335,false,false,6.250000000000001,1.874418e6,1.6216351666666667e6,5
1.176,use_adaptive_ngroute,0.133507574084329,0,0.2202,false,false,7.071428571428571,1.874418e6,1.6241690000000002e6,2
1.265,none,0.13329288378854742,0,0.3,false,false,7.357142857142857,1.874418e6,1.6245714193548386e6,0
