CG_time_taken,method,CG_LP_IP_gap,implemented_SR3_cuts_count,CG_sp_time_taken_mean,converged,time_limit_reached,ngroute_neighborhood_size,CGIP_objective,CGLP_objective,cycles_lookup_length
13.765,use_adaptive_ngroute,0.22307838119553147,0,0.16999999999999998,false,false,4.0,2.37831e6,1.8477604552188555e6,22
5.489,use_adaptive_ngroute,0.07801929760130322,0,0.22975,false,false,6.21875,2.047612e6,1.8878587500000002e6,17
3.217,use_adaptive_ngroute,0.0769621718698007,0,0.44233333333333336,false,false,7.59375,2.047612e6,1.8900233333333337e6,6
4.415,use_adaptive_ngroute,0.07603588961189911,0,0.4563333333333333,false,false,8.28125,2.047612e6,1.89192e6,2
1.779,use_adaptive_ngroute,0.07537672865642864,0,0.5636666666666666,false,false,8.5625,2.047612e6,1.8932697058823528e6,5
2.514,use_adaptive_ngroute,0.07502195052277782,0,0.5625,false,false,8.75,2.047612e6,1.8939961538461538e6,1
1.337,none,0.0749978733542026,0,0.634,false,false,8.78125,2.047612e6,1.8940454545454546e6,0
