CG_time_taken,method,CG_LP_IP_gap,implemented_SR3_cuts_count,CG_sp_time_taken_mean,converged,time_limit_reached,ngroute_neighborhood_size,CGIP_objective,CGLP_objective,cycles_lookup_length
31.066,use_adaptive_ngroute,0.9999743112085625,0,0.2946428571428571,false,false,4.0,6.0e10,1.5413274862529456e6,24
10.24,use_adaptive_ngroute,0.1349431944324352,0,0.39799999999999996,false,false,5.749999999999999,2.01368e6,1.741947588235294e6,18
10.848,use_adaptive_ngroute,0.13372342004220528,0,0.7734615384615385,false,false,7.59375,2.01368e6,1.744403823529412e6,4
1.821,none,0.13371948373127807,0,0.582,false,false,7.718750000000001,2.01368e6,1.74441175e6,0
