CG_time_taken,method,CG_LP_IP_gap,implemented_SR3_cuts_count,CG_sp_time_taken_mean,converged,time_limit_reached,ngroute_neighborhood_size,CGIP_objective,CGLP_objective,cycles_lookup_length
24.59,use_adaptive_ngroute,0.28655890427632746,0,0.23323076923076927,false,false,4.0,2.61183e6,1.8633868570439597e6,31
21.383,use_adaptive_ngroute,0.0880480236996809,0,0.9987777777777778,false,false,6.28125,2.12136e6,1.934578444444445e6,10
7.134,use_adaptive_ngroute,0.06686037411780965,0,0.9532857142857142,false,false,7.375,2.082496e6,1.9432595383411578e6,13
7.064,use_adaptive_ngroute,0.06041222754916342,0,1.3414,false,false,8.96875,2.082496e6,1.9566877777777773e6,2
2.58,none,0.0604122275491632,0,1.2554999999999998,false,false,9.03125,2.082496e6,1.9566877777777778e6,0
