CG_time_taken,method,CG_LP_IP_gap,implemented_SR3_cuts_count,CG_sp_time_taken_mean,converged,time_limit_reached,ngroute_neighborhood_size,CGIP_objective,CGLP_objective,cycles_lookup_length
23.35,use_adaptive_ngroute,0.9999731437579125,0,0.24604347826086953,false,false,4.0,6.0e10,1.6113745252525252e6,32
14.158,use_adaptive_ngroute,0.1356819175672883,0,0.8606923076923076,false,false,8.1875,2.08097e6,1.79862e6,12
13.952,use_adaptive_ngroute,0.056023592087189544,0,1.4643333333333333,false,false,9.09375,1.91598e6,1.8086399180327866e6,14
9.817,none,0.05510017501922426,0,1.8987999999999998,false,false,10.09375,1.91598e6,1.8104091666666667e6,0
