CG_time_taken,method,CG_LP_IP_gap,implemented_SR3_cuts_count,CG_sp_time_taken_mean,converged,time_limit_reached,ngroute_neighborhood_size,CGIP_objective,CGLP_objective,cycles_lookup_length
14.704,use_adaptive_ngroute,0.3778437713345597,0,0.18465217391304348,false,false,4.0,2.67378e6,1.663508881081081e6,27
11.884,use_adaptive_ngroute,0.0742938333436386,0,0.46405263157894727,false,false,6.59375,1.94076e6,1.7965735e6,10
4.612,use_adaptive_ngroute,0.07022864769600212,0,0.46344444444444455,false,false,7.1875,1.94054e6,1.8042585e6,4
4.117,use_adaptive_ngroute,0.07002251950488003,0,0.5527142857142857,false,false,7.40625,1.94054e6,1.8046585e6,1
1.887,use_adaptive_ngroute,0.06957547899038408,0,0.42775,false,false,7.5625,1.94054e6,1.805526e6,1
2.994,none,0.06878291609551979,0,0.5538000000000001,false,false,7.59375,1.94054e6,1.807064e6,0
