CG_time_taken,method,CG_LP_IP_gap,implemented_SR3_cuts_count,CG_sp_time_taken_mean,converged,time_limit_reached,ngroute_neighborhood_size,CGIP_objective,CGLP_objective,cycles_lookup_length
28.951,use_adaptive_ngroute,0.9999754059166667,0,0.27232000000000006,false,false,4.0,6.0e10,1.475645e6,21
21.976,use_adaptive_ngroute,0.15979825661005875,0,0.9151176470588235,false,false,5.9375,1.974582e6,1.659047238866397e6,23
29.593,use_adaptive_ngroute,0.10595410826766061,0,3.582,false,false,10.15625,1.859478e6,1.662458666666667e6,4
19.779,none,0.10595410826766061,0,6.545666666666666,false,false,11.25,1.859478e6,1.662458666666667e6,0
