CG_time_taken,method,CG_LP_IP_gap,implemented_SR3_cuts_count,CG_sp_time_taken_mean,converged,time_limit_reached,ngroute_neighborhood_size,CGIP_objective,CGLP_objective,cycles_lookup_length
11.707,use_adaptive_ngroute,0.35170750405113405,0,0.15409090909090906,false,false,4.0,2.70547e6,1.7539358990147784e6,32
19.817,use_adaptive_ngroute,0.14330579142242006,0,1.0181764705882352,false,false,7.5,2.204398e6,1.888495e6,9
6.67,use_adaptive_ngroute,0.14266372517429848,0,1.0729999999999997,false,false,8.09375,2.204398e6,1.8899103695532267e6,13
8.045,use_adaptive_ngroute,0.14017602425165754,0,1.5586,false,false,9.53125,2.204398e6,1.8953942524916946e6,4
4.559,use_adaptive_ngroute,0.1400349083126875,0,2.2455,false,false,9.96875,2.204398e6,1.8957053281853283e6,1
5.445,none,0.1400349083126875,0,2.6954999999999996,false,false,10.0,2.204398e6,1.8957053281853283e6,0
