CG_time_taken,method,CG_LP_IP_gap,implemented_SR3_cuts_count,CG_sp_time_taken_mean,converged,time_limit_reached,ngroute_neighborhood_size,CGIP_objective,CGLP_objective,cycles_lookup_length
19.113,use_adaptive_ngroute,0.29685252645122473,0,0.19825000000000004,false,false,4.0,2.281962e6,1.6045558150343103e6,26
12.925,use_adaptive_ngroute,0.07146117425758225,0,0.5208750000000001,false,false,6.65625,1.87419e6,1.7402581818181819e6,13
6.161,use_adaptive_ngroute,0.06893111157353315,0,0.66775,false,false,7.9375,1.87419e6,1.745e6,4
5.565,none,0.06736124820737388,0,0.8131666666666667,false,false,8.46875,1.87419e6,1.747942222222222e6,0
