CG_time_taken,method,CG_LP_IP_gap,implemented_SR3_cuts_count,CG_sp_time_taken_mean,converged,time_limit_reached,ngroute_neighborhood_size,CGIP_objective,CGLP_objective,cycles_lookup_length
1.844,use_adaptive_ngroute,0.28405861890631845,0,0.05057142857142857,false,false,1.0,1.86478e6,1.3350731686358755e6,20
0.979,use_adaptive_ngroute,0.012419489627724656,0,0.09642857142857145,false,false,4.7,1.485168e6,1.4667229714285715e6,15
0.578,use_adaptive_ngroute,0.007789915574085704,0,0.09200000000000001,false,false,6.7,1.485168e6,1.4735986666666663e6,2
0.465,none,0.006635388499258488,0,0.09075000000000001,false,false,6.8,1.485168e6,1.4753133333333333e6,0
