CG_time_taken,method,CG_LP_IP_gap,implemented_SR3_cuts_count,CG_sp_time_taken_mean,converged,time_limit_reached,ngroute_neighborhood_size,CGIP_objective,CGLP_objective,cycles_lookup_length
22.146,use_adaptive_ngroute,0.9999751824969569,0,0.2656521739130435,false,false,4.0,6.0e10,1.4890501825842694e6,27
18.89,use_adaptive_ngroute,0.16476585738213712,0,0.615576923076923,false,false,5.749999999999999,1.99046e6,1.6625001515151514e6,11
3.816,use_adaptive_ngroute,0.1636098028174101,0,0.5941666666666667,false,false,7.15625,1.99046e6,1.6648012318840579e6,4
3.444,use_adaptive_ngroute,0.16180493453774503,0,0.6464,false,false,7.28125,1.99046e6,1.66839375e6,6
3.955,use_adaptive_ngroute,0.16163059331472662,0,0.6393333333333333,false,false,7.84375,1.99046e6,1.6687407692307692e6,1
2.526,use_adaptive_ngroute,0.16111133439841352,0,0.825,false,false,7.875,1.99046e6,1.6697743333333337e6,1
0.683,none,0.16110949227816684,0,0.66,false,false,7.90625,1.99046e6,1.669778e6,0
