CG_time_taken,method,CG_LP_IP_gap,implemented_SR3_cuts_count,CG_sp_time_taken_mean,converged,time_limit_reached,ngroute_neighborhood_size,CGIP_objective,CGLP_objective,cycles_lookup_length
56.162,use_adaptive_ngroute,0.3808176918038846,0,0.3971111111111111,false,false,4.0,2.98972e6,1.85118173046009e6,28
29.933,use_adaptive_ngroute,0.1915816097585995,0,1.2414444444444446,false,false,6.666666666666667,2.391928e6,1.9336785833333326e6,12
11.016,use_adaptive_ngroute,0.18894679661483693,0,1.673166666666667,false,false,7.083333333333333,2.391928e6,1.9399808666666662e6,9
14.88,use_adaptive_ngroute,0.1876107955876989,0,2.0295714285714284,false,false,7.666666666666667,2.391928e6,1.9431764849315067e6,11
7.36,use_adaptive_ngroute,0.18653376411553058,0,2.4003333333333337,false,false,8.583333333333334,2.391928e6,1.9457526666666672e6,4
8.674,use_adaptive_ngroute,0.18645904754100717,0,2.8510000000000004,false,false,8.694444444444445,2.391928e6,1.9459313833333338e6,8
9.834,use_adaptive_ngroute,0.1862305779095197,0,3.2086666666666663,false,false,9.0,2.391928e6,1.9464778662420383e6,6
5.46,none,0.18620823689181865,0,2.6675,false,false,9.305555555555555,2.391928e6,1.946531304347826e6,0
