CG_time_taken,method,CG_LP_IP_gap,implemented_SR3_cuts_count,CG_sp_time_taken_mean,converged,time_limit_reached,ngroute_neighborhood_size,CGIP_objective,CGLP_objective,cycles_lookup_length
21.567,use_adaptive_ngroute,0.9999698504568598,0,0.19023999999999996,false,false,4.0,6.0e10,1.8089725884139012e6,36
26.424,use_adaptive_ngroute,0.1233797404026642,0,1.0976315789473683,false,false,7.972222222222222,2.309428e6,2.024491372881356e6,11
9.643,use_adaptive_ngroute,0.12087668550541031,0,1.288142857142857,false,false,8.972222222222221,2.309428e6,2.0302719979466114e6,13
14.131,use_adaptive_ngroute,0.11976369028101752,0,1.8995714285714287,false,false,10.333333333333334,2.309428e6,2.0328423802816903e6,7
14.913,none,0.11943390311367152,0,2.0424285714285717,false,false,10.63888888888889,2.309428e6,2.0336039999999998e6,0
