CG_time_taken,method,CG_LP_IP_gap,implemented_SR3_cuts_count,CG_sp_time_taken_mean,converged,time_limit_reached,ngroute_neighborhood_size,CGIP_objective,CGLP_objective,cycles_lookup_length
31.726,use_adaptive_ngroute,0.9999720796963467,0,0.3157857142857143,false,false,4.0,6.0e10,1.6752182191937175e6,32
41.83,use_adaptive_ngroute,0.22908124261520102,0,1.5506249999999997,false,false,7.361111111111112,2.32162e6,1.789780405519697e6,18
32.219,use_adaptive_ngroute,0.21949864392773,0,3.1035000000000004,false,false,9.833333333333334,2.32162e6,1.8120275582845034e6,11
27.263,use_adaptive_ngroute,0.17144580908626372,0,3.3255000000000003,false,false,10.5,2.18923e6,1.8138956913740789e6,5
19.723,use_adaptive_ngroute,0.16938110365214598,0,3.9072000000000005,false,false,11.0,2.18923e6,1.8184158064516124e6,2
7.937,none,0.16936485236900212,0,3.9195,false,false,11.083333333333334,2.18923e6,1.8184513842482094e6,0
