CG_time_taken,method,CG_LP_IP_gap,implemented_SR3_cuts_count,CG_sp_time_taken_mean,converged,time_limit_reached,ngroute_neighborhood_size,CGIP_objective,CGLP_objective,cycles_lookup_length
20.037,use_adaptive_ngroute,0.9999688532979384,0,0.20643999999999996,false,false,4.0,6.0e10,1.8688021236979165e6,35
25.692,use_adaptive_ngroute,0.17676929643030403,0,1.18,false,false,8.638888888888888,2.39946e6,1.9753091439873427e6,20
13.108,use_adaptive_ngroute,0.17528295647147396,0,1.5726250000000002,false,false,10.083333333333334,2.39946e6,1.978875557264957e6,5
3.597,none,0.17525570163008897,0,1.7479999999999998,false,false,10.583333333333332,2.39946e6,1.9789409541666668e6,0
