CG_time_taken,method,CG_LP_IP_gap,implemented_SR3_cuts_count,CG_sp_time_taken_mean,converged,time_limit_reached,ngroute_neighborhood_size,CGIP_objective,CGLP_objective,cycles_lookup_length
43.03,use_adaptive_ngroute,0.9999689859905173,0,0.3435625000000001,false,false,4.0,6.0e10,1.860840568960357e6,25
22.166,use_adaptive_ngroute,0.1359459786964513,0,0.9014736842105264,false,false,4.75,2.209554e6,1.9091740189873413e6,19
16.762,use_adaptive_ngroute,0.12934580015717279,0,1.7587777777777778,false,false,7.25,2.209554e6,1.9237574698795183e6,6
2.613,use_adaptive_ngroute,0.07567889459324761,0,1.24,false,false,7.555555555555556,2.08667e6,1.928753121019108e6,6
5.276,use_adaptive_ngroute,0.07541681243320686,0,1.2582499999999999,false,false,7.833333333333333,2.08667e6,1.9293000000000002e6,3
3.052,use_adaptive_ngroute,0.07537185586421935,0,1.48,false,false,8.083333333333334,2.08667e6,1.9293938095238095e6,3
1.734,use_adaptive_ngroute,0.07537176458184558,0,1.66,false,false,8.166666666666666,2.08667e6,1.9293940000000002e6,3
3.52,none,0.07537176458184536,0,1.7135,false,false,8.25,2.08667e6,1.9293940000000007e6,0
