CG_time_taken,method,CG_LP_IP_gap,implemented_SR3_cuts_count,CG_sp_time_taken_mean,converged,time_limit_reached,ngroute_neighborhood_size,CGIP_objective,CGLP_objective,cycles_lookup_length
16.791,use_adaptive_ngroute,0.9999659220279158,0,0.21180769230769234,false,false,4.0,6.0e10,2.0446783250502783e6,29
12.103,use_adaptive_ngroute,0.14709278458705977,0,0.7142142857142856,false,false,6.944444444444444,2.465654e6,2.1029740873117778e6,9
6.088,use_adaptive_ngroute,0.03411277688304615,0,0.8895,false,false,7.666666666666667,2.18028e6,2.105904594817432e6,3
4.025,use_adaptive_ngroute,0.0340443456264119,0,0.9824999999999999,false,false,8.194444444444445,2.18028e6,2.1060537941176468e6,1
2.104,none,0.03404258658963766,0,1.033,false,false,8.36111111111111,2.18028e6,2.106057629310345e6,0
