CG_time_taken,method,CG_LP_IP_gap,implemented_SR3_cuts_count,CG_sp_time_taken_mean,converged,time_limit_reached,ngroute_neighborhood_size,CGIP_objective,CGLP_objective,cycles_lookup_length
17.517,use_adaptive_ngroute,0.2313359990914694,0,0.22759090909090912,false,false,4.0,2.43057e6,1.8682916606882473e6,25
16.528,use_adaptive_ngroute,0.1332563019559676,0,0.9387333333333332,false,false,6.166666666666666,2.23082e6,1.9335491764705884e6,16
8.841,use_adaptive_ngroute,0.12943567070710726,0,1.2068571428571429,false,false,7.555555555555556,2.23082e6,1.942072317073171e6,4
5.923,none,0.12932138394389947,0,1.4349999999999998,false,false,7.861111111111111,2.23082e6,1.9423272702702703e6,0
