CG_time_taken,method,CG_LP_IP_gap,implemented_SR3_cuts_count,CG_sp_time_taken_mean,converged,time_limit_reached,ngroute_neighborhood_size,CGIP_objective,CGLP_objective,cycles_lookup_length
17.596,use_adaptive_ngroute,0.13032304663308547,0,0.16151851851851853,false,false,4.0,2.185609e6,1.9007737763713086e6,36
21.949,use_adaptive_ngroute,0.06201821166351151,0,0.8244545454545457,false,false,8.86111111111111,2.116859e6,1.9855751904761908e6,3
9.482,use_adaptive_ngroute,0.052120610536953826,0,0.9559999999999998,false,false,9.333333333333334,2.095729e6,1.9864983250000002e6,3
8.55,use_adaptive_ngroute,0.049884855765649605,0,0.8934444444444445,false,false,9.5,2.095729e6,1.991183861111111e6,2
3.186,none,0.04850396528686052,0,1.0126666666666668,false,false,9.777777777777777,2.095729e6,1.994077833333333e6,0
