CG_time_taken,method,CG_LP_IP_gap,implemented_SR3_cuts_count,CG_sp_time_taken_mean,converged,time_limit_reached,ngroute_neighborhood_size,CGIP_objective,CGLP_objective,cycles_lookup_length
32.561,use_adaptive_ngroute,0.26793269303746503,0,0.28613793103448276,false,false,4.0,2.62082e6,1.9186166394335509e6,22
20.065,use_adaptive_ngroute,0.1786977603719021,0,0.6432941176470588,false,false,6.194444444444445,2.38357e6,1.9576313793103453e6,14
8.242,use_adaptive_ngroute,0.15540363283940095,0,0.8855714285714286,false,false,7.194444444444445,2.34168e6,1.9777744210526317e6,3
5.529,use_adaptive_ngroute,0.15136962298435308,0,1.28475,false,false,7.277777777777778,2.34168e6,1.98722078125e6,3
1.935,none,0.15098027911584844,0,0.888,false,false,7.416666666666667,2.34168e6,1.9881325e6,0
