CG_time_taken,method,CG_LP_IP_gap,implemented_SR3_cuts_count,CG_sp_time_taken_mean,converged,time_limit_reached,ngroute_neighborhood_size,CGIP_objective,CGLP_objective,cycles_lookup_length
33.599,use_adaptive_ngroute,0.13181387010394863,0,0.28864,false,false,4.0,2.11793e6,1.838757450090744e6,31
14.79,use_adaptive_ngroute,0.08908545872358753,0,0.7137500000000001,false,false,6.638888888888889,2.09605e6,1.9093224242424243e6,9
5.7,use_adaptive_ngroute,0.0883696204084552,0,1.0488,false,false,7.25,2.09605e6,1.9108228571428575e6,4
2.436,none,0.08836962040845553,0,1.175,false,false,7.5,2.09605e6,1.9108228571428568e6,0
