CG_time_taken,method,CG_LP_IP_gap,implemented_SR3_cuts_count,CG_sp_time_taken_mean,converged,time_limit_reached,ngroute_neighborhood_size,CGIP_objective,CGLP_objective,cycles_lookup_length
6.338,use_adaptive_ngroute,0.36424963773205343,0,0.1374,false,false,1.0,2.115844e6,1.345148589502461e6,22
3.246,use_adaptive_ngroute,0.15174945662105788,0,0.15213333333333337,false,false,4.0,1.71458e6,1.4543934166666665e6,11
1.044,use_adaptive_ngroute,0.1460427626590769,0,0.15566666666666668,false,false,5.791666666666666,1.71458e6,1.464178e6,3
0.402,none,0.1460427626590769,0,0.1895,false,false,6.166666666666667,1.71458e6,1.464178e6,0
