CG_time_taken,method,CG_LP_IP_gap,implemented_SR3_cuts_count,CG_sp_time_taken_mean,converged,time_limit_reached,ngroute_neighborhood_size,CGIP_objective,CGLP_objective,cycles_lookup_length
3.007,use_adaptive_ngroute,0.06436247035285081,0,0.09870588235294118,false,false,4.6499999999999995,1.50942e6,1.41227e6,8
1.449,use_adaptive_ngroute,0.04537785243322645,0,0.14525000000000002,false,false,5.4,1.49042e6,1.4227879411764706e6,9
1.306,use_adaptive_ngroute,0.03653963961323947,0,0.1876,false,false,7.1,1.48266e6,1.4284841379310344e6,8
1.783,use_adaptive_ngroute,0.031231512474683365,0,0.23528571428571426,false,false,7.799999999999999,1.48266e6,1.436354285714286e6,3
0.915,none,0.0,0,0.169,true,false,8.1,1.43959e6,1.43959e6,0
