CG_time_taken,method,CG_LP_IP_gap,implemented_SR3_cuts_count,CG_sp_time_taken_mean,converged,time_limit_reached,ngroute_neighborhood_size,CGIP_objective,CGLP_objective,cycles_lookup_length
2.782,use_adaptive_ngroute,0.09249788433809736,0,0.10550000000000001,false,false,4.6499999999999995,1.689288e6,1.533032433962264e6,9
0.68,use_adaptive_ngroute,0.007734298100550707,0,0.1012,false,false,6.15,1.565559e6,1.5534505e6,4
0.625,use_adaptive_ngroute,0.005734834792059718,0,0.13749999999999998,false,false,6.35,1.565559e6,1.5565807777777778e6,2
0.373,none,0.005623231063153655,0,0.10933333333333334,false,false,6.5,1.565559e6,1.5567555000000002e6,0
