CG_time_taken,method,CG_LP_IP_gap,implemented_SR3_cuts_count,CG_sp_time_taken_mean,converged,time_limit_reached,ngroute_neighborhood_size,CGIP_objective,CGLP_objective,cycles_lookup_length
6.643,use_adaptive_ngroute,0.3598203424082338,0,0.12211764705882353,false,false,1.0,2.20917e6,1.414265694162002e6,24
2.7,use_adaptive_ngroute,0.14432833855312743,0,0.1833636363636364,false,false,5.874999999999999,1.84935e6,1.5824363870967738e6,10
1.314,use_adaptive_ngroute,0.13639291218149996,0,0.232,false,false,7.166666666666666,1.84935e6,1.597111767857143e6,19
2.23,none,0.10099101368942642,0,0.28485714285714286,false,false,9.875,1.78605e6,1.605675e6,0
