CG_time_taken,method,CG_LP_IP_gap,implemented_SR3_cuts_count,CG_sp_time_taken_mean,converged,time_limit_reached,ngroute_neighborhood_size,CGIP_objective,CGLP_objective,cycles_lookup_length
2.375,use_adaptive_ngroute,0.07268967317437591,0,0.10984615384615384,false,false,4.6499999999999995,1.48132e6,1.3736433333333335e6,2
0.372,use_adaptive_ngroute,0.06857650608916377,0,0.10033333333333333,false,false,4.8999999999999995,1.48132e6,1.37973625e6,3
0.428,use_adaptive_ngroute,0.06833769880917018,0,0.12566666666666665,false,false,5.15,1.48132e6,1.38009e6,4
0.499,use_adaptive_ngroute,0.06675615121762102,0,0.11375,false,false,6.3,1.47884e6,1.3801183333333333e6,2
0.461,use_adaptive_ngroute,0.06574054231001558,0,0.10225000000000001,false,false,6.4,1.47884e6,1.3816202564102565e6,4
0.093,none,0.06563577859323177,0,0.081,false,false,7.2,1.47884e6,1.3817751851851852e6,0
