CG_time_taken,method,CG_LP_IP_gap,implemented_SR3_cuts_count,CG_sp_time_taken_mean,converged,time_limit_reached,ngroute_neighborhood_size,CGIP_objective,CGLP_objective,cycles_lookup_length
3.945,use_adaptive_ngroute,0.16210027437631813,0,0.1934117647058823,false,false,4.6499999999999995,1.66644e6,1.3963096187683283e6,11
2.266,use_adaptive_ngroute,0.036128244836627466,0,0.3018571428571428,false,false,6.05,1.48225e6,1.428698909090909e6,7
1.782,use_adaptive_ngroute,0.036110867487490816,0,0.2858333333333334,false,false,7.2,1.48225e6,1.4287246666666667e6,2
0.894,use_adaptive_ngroute,0.035702274899441555,0,0.28400000000000003,false,false,7.3,1.48225e6,1.4293303030303027e6,3
1.044,none,0.03565075617023661,0,0.3413333333333333,false,false,7.6,1.48225e6,1.4294066666666667e6,0
