CG_time_taken,method,CG_LP_IP_gap,implemented_SR3_cuts_count,CG_sp_time_taken_mean,converged,time_limit_reached,ngroute_neighborhood_size,CGIP_objective,CGLP_objective,cycles_lookup_length
4.57,use_adaptive_ngroute,0.11475096366892279,0,0.14600000000000002,false,false,4.375,1.64735e6,1.458315e6,1
0.624,use_adaptive_ngroute,0.11373544967569471,0,0.1305,false,false,4.708333333333333,1.64735e6,1.4599879069767443e6,11
1.259,use_adaptive_ngroute,0.11119191428658148,0,0.18616666666666667,false,false,6.916666666666666,1.64735e6,1.464178e6,3
0.467,none,0.1111919142865816,0,0.20450000000000002,false,false,7.333333333333334,1.64735e6,1.4641779999999998e6,0
