CG_time_taken,method,CG_LP_IP_gap,implemented_SR3_cuts_count,CG_sp_time_taken_mean,converged,time_limit_reached,ngroute_neighborhood_size,CGIP_objective,CGLP_objective,cycles_lookup_length
4.062,use_adaptive_ngroute,0.027214323487585568,0,0.11454166666666667,false,false,4.375,1.546822e6,1.504726285714286e6,6
0.668,use_adaptive_ngroute,0.02426685164808884,0,0.10379999999999999,false,false,5.041666666666666,1.546822e6,1.5092855e6,2
0.704,use_adaptive_ngroute,0.02093878379579006,0,0.15325,false,false,5.625,1.546822e6,1.5144334285714284e6,3
0.812,use_adaptive_ngroute,0.009154587666563074,0,0.1448,false,false,5.75,1.529652e6,1.5156486666666665e6,1
0.457,none,0.0,0,0.14133333333333334,true,false,5.791666666666666,1.516428e6,1.516428e6,0
