CG_time_taken,method,CG_LP_IP_gap,implemented_SR3_cuts_count,CG_sp_time_taken_mean,converged,time_limit_reached,ngroute_neighborhood_size,CGIP_objective,CGLP_objective,cycles_lookup_length
4.129,use_adaptive_ngroute,0.07216979738473261,0,0.13057894736842104,false,false,4.375,1.69237e6,1.570232e6,1
0.884,use_adaptive_ngroute,0.07071030566601866,0,0.11499999999999999,false,false,4.458333333333333,1.69237e6,1.572702e6,5
0.931,use_adaptive_ngroute,0.048618552216624034,0,0.1342,false,false,4.958333333333333,1.65522e6,1.5747455999999996e6,2
0.438,use_adaptive_ngroute,0.04774841108734795,0,0.12533333333333332,false,false,5.041666666666666,1.65522e6,1.576185875e6,4
0.665,none,0.04740840089736309,0,0.15375,false,false,5.333333333333334,1.65522e6,1.5767486666666667e6,0
