CG_time_taken,method,CG_LP_IP_gap,implemented_SR3_cuts_count,CG_sp_time_taken_mean,converged,time_limit_reached,ngroute_neighborhood_size,CGIP_objective,CGLP_objective,cycles_lookup_length
3.734,use_adaptive_ngroute,0.18044828678068814,0,0.1361764705882353,false,false,4.375,2.02898e6,1.6628540350877193e6,14
1.249,use_adaptive_ngroute,0.09256366192782373,0,0.17300000000000001,false,false,6.541666666666667,1.85629e6,1.684465e6,4
0.818,use_adaptive_ngroute,0.08803427420130638,0,0.182,false,false,6.958333333333333,1.85629e6,1.692872857142857e6,7
1.016,use_adaptive_ngroute,0.06205892545953395,0,0.18480000000000002,false,false,8.125,1.80503e6,1.6930117777777775e6,5
0.721,none,0.0607416643024159,0,0.22466666666666668,false,false,9.041666666666668,1.80503e6,1.6953894736842103e6,0
