CG_time_taken,method,CG_LP_IP_gap,implemented_SR3_cuts_count,CG_sp_time_taken_mean,converged,time_limit_reached,ngroute_neighborhood_size,CGIP_objective,CGLP_objective,cycles_lookup_length
4.062,use_adaptive_ngroute,0.06318951485127078,0,0.14647058823529413,false,false,4.375,1.69357e6,1.5865541333333333e6,8
0.846,use_adaptive_ngroute,0.05905901228090449,0,0.1468,false,false,6.0,1.69357e6,1.5935494285714286e6,2
0.633,use_adaptive_ngroute,0.058216639523889224,0,0.2016666666666667,false,false,6.166666666666667,1.69357e6,1.5949760458015269e6,4
0.77,none,0.057441381224277666,0,0.1735,false,false,6.708333333333334,1.69357e6,1.596289e6,0
