CG_time_taken,method,CG_LP_IP_gap,implemented_SR3_cuts_count,CG_sp_time_taken_mean,converged,time_limit_reached,ngroute_neighborhood_size,CGIP_objective,CGLP_objective,cycles_lookup_length
6.247,use_adaptive_ngroute,0.1397029246442174,0,0.24605263157894736,false,false,4.375,1.95323e6,1.6803580564971752e6,22
4.16,use_adaptive_ngroute,0.12567428063836716,0,0.42722222222222217,false,false,6.916666666666666,1.94166e6,1.697643276255708e6,15
3.304,use_adaptive_ngroute,0.11659173452997329,0,0.8022499999999999,false,false,9.0,1.93129e6,1.706117549019608e6,4
2.546,use_adaptive_ngroute,0.1158374713274547,0,0.8363333333333335,false,false,9.291666666666666,1.93129e6,1.70757425e6,3
1.465,none,0.11563209416651932,0,0.4789999999999999,false,false,9.416666666666666,1.93129e6,1.707970892857143e6,0
