CG_time_taken,method,CG_LP_IP_gap,implemented_SR3_cuts_count,CG_sp_time_taken_mean,converged,time_limit_reached,ngroute_neighborhood_size,CGIP_objective,CGLP_objective,cycles_lookup_length
15.786,use_adaptive_ngroute,0.16984992272475496,0,0.6051,false,false,5.571428571428571,1.893154e6,1.5716019393939392e6,12
12.647,use_adaptive_ngroute,0.0936517928298457,0,1.535125,false,false,7.678571428571428,1.748044e6,1.5843365454545452e6,9
13.716,use_adaptive_ngroute,0.09252668155167487,0,2.7154000000000003,false,false,8.714285714285715,1.748044e6,1.586303289473684e6,1
3.911,none,0.09252649935897184,0,1.9144999999999999,false,false,8.75,1.748044e6,1.5863036079545454e6,0
