CG_time_taken,method,CG_LP_IP_gap,implemented_SR3_cuts_count,CG_sp_time_taken_mean,converged,time_limit_reached,ngroute_neighborhood_size,CGIP_objective,CGLP_objective,cycles_lookup_length
19.683,use_adaptive_ngroute,0.15351270095497593,0,0.5211666666666668,false,false,5.375,2.131572e6,1.804348625e6,13
6.809,use_adaptive_ngroute,0.13430769147084387,0,0.7445000000000002,false,false,7.21875,2.10321e6,1.8207327202216065e6,11
5.827,use_adaptive_ngroute,0.12697294079824795,0,0.9278333333333335,false,false,8.625,2.09442e6,1.8284853333333335e6,11
5.881,use_adaptive_ngroute,0.12444839541893848,0,1.1178000000000001,false,false,9.21875,2.09442e6,1.8337727916666667e6,5
3.94,use_adaptive_ngroute,0.12268493409202441,0,1.2650000000000001,false,false,9.5,2.09442e6,1.8374662203389823e6,4
4.953,none,0.12248242472856452,0,1.6196666666666666,false,false,10.0,2.09442e6,1.8378903599999999e6,0
