CG_time_taken,method,CG_LP_IP_gap,implemented_SR3_cuts_count,CG_sp_time_taken_mean,converged,time_limit_reached,ngroute_neighborhood_size,CGIP_objective,CGLP_objective,cycles_lookup_length
21.142,use_adaptive_ngroute,0.030771825495977234,0,0.6174782608695653,false,false,5.375,2.0011e6,1.9395225e6,9
5.642,use_adaptive_ngroute,0.0027920729670241062,0,0.6998571428571428,false,false,6.125,1.95419e6,1.9487337589285711e6,15
6.53,use_adaptive_ngroute,0.0015345943275159035,0,0.68275,false,false,7.59375,1.95419e6,1.9511911111111117e6,5
3.296,use_adaptive_ngroute,0.0014985843334162086,0,1.0199999999999998,false,false,7.749999999999999,1.95419e6,1.9512614814814813e6,7
4.623,none,0.0013385158483639747,0,0.8916000000000002,false,false,8.34375,1.95419e6,1.9515742857142857e6,0
