CG_time_taken,method,CG_LP_IP_gap,implemented_SR3_cuts_count,CG_sp_time_taken_mean,converged,time_limit_reached,ngroute_neighborhood_size,CGIP_objective,CGLP_objective,cycles_lookup_length
13.699,use_adaptive_ngroute,0.11780901242206143,0,0.4102272727272727,false,false,5.375,2.02981e6,1.7906800884955756e6,10
4.417,use_adaptive_ngroute,0.11372274033311258,0,0.4168,false,false,6.343750000000001,2.02981e6,1.7989744444444447e6,6
0.881,use_adaptive_ngroute,0.11334660543141073,0,0.41700000000000004,false,false,6.71875,2.02981e6,1.7997379268292682e6,2
0.994,use_adaptive_ngroute,0.11325311614993905,0,0.47450000000000003,false,false,7.031250000000001,2.02981e6,1.7999276923076923e6,1
0.556,none,0.1131798194962903,0,0.529,false,false,7.093749999999999,2.02981e6,1.800076470588235e6,0
