CG_time_taken,method,CG_LP_IP_gap,implemented_SR3_cuts_count,CG_sp_time_taken_mean,converged,time_limit_reached,ngroute_neighborhood_size,CGIP_objective,CGLP_objective,cycles_lookup_length
20.61,use_adaptive_ngroute,0.15511293493175704,0,0.6889500000000001,false,false,5.375,2.14596e6,1.8130938461538467e6,15
19.89,use_adaptive_ngroute,0.13992121482201025,0,2.045888888888889,false,false,8.4375,2.114798e6,1.8188928947368423e6,7
15.869,use_adaptive_ngroute,0.09902839732586832,0,2.5653333333333337,false,false,9.0625,2.023108e6,1.8227628571428573e6,2
10.401,none,0.09859695365461763,0,3.4370000000000003,false,false,9.375,2.023108e6,1.8236357142857139e6,0
