CG_time_taken,method,CG_LP_IP_gap,implemented_SR3_cuts_count,CG_sp_time_taken_mean,converged,time_limit_reached,ngroute_neighborhood_size,CGIP_objective,CGLP_objective,cycles_lookup_length
22.442,use_adaptive_ngroute,0.10282547271840348,0,0.6557894736842105,false,false,5.375,2.00898e6,1.8024056818181819e6,19
7.878,use_adaptive_ngroute,0.05824199854376977,0,0.8365,false,false,7.749999999999999,1.92066e6,1.8087969230769232e6,5
10.068,use_adaptive_ngroute,0.057611272513962364,0,1.3430000000000002,false,false,8.46875,1.92066e6,1.810008333333333e6,2
2.301,none,0.05740257689197115,0,1.054,false,false,8.6875,1.92066e6,1.8104091666666667e6,0
