CG_time_taken,method,CG_LP_IP_gap,implemented_SR3_cuts_count,CG_sp_time_taken_mean,converged,time_limit_reached,ngroute_neighborhood_size,CGIP_objective,CGLP_objective,cycles_lookup_length
13.861,use_adaptive_ngroute,0.06663537637883732,0,0.42200000000000004,false,false,5.375,1.814672e6,1.6937506482758624e6,16
6.634,use_adaptive_ngroute,0.06295290553885224,0,0.5878,false,false,7.5,1.814672e6,1.700433125e6,5
9.573,use_adaptive_ngroute,0.06045383132599169,0,1.0535,false,false,8.5,1.814672e6,1.704968125e6,4
4.447,use_adaptive_ngroute,0.05824281192413816,0,1.4083333333333332,false,false,8.625,1.814672e6,1.7089804000000004e6,2
11.629,none,0.05768803240632858,0,1.403375,false,false,8.78125,1.814672e6,1.709987142857143e6,0
