CG_time_taken,method,CG_LP_IP_gap,implemented_SR3_cuts_count,CG_sp_time_taken_mean,converged,time_limit_reached,ngroute_neighborhood_size,CGIP_objective,CGLP_objective,cycles_lookup_length
23.909,use_adaptive_ngroute,0.14071222366508207,0,0.6607599999999999,false,false,5.375,1.93289e6,1.6609087499999995e6,12
6.82,use_adaptive_ngroute,0.13861357723269163,0,0.6378999999999999,false,false,6.71875,1.93289e6,1.6649652027027027e6,2
3.255,use_adaptive_ngroute,0.1368397839504576,0,0.586,false,false,6.78125,1.93289e6,1.66839375e6,3
3.133,use_adaptive_ngroute,0.13676499858409297,0,0.728,false,false,7.15625,1.93289e6,1.6685383018867925e6,4
2.007,use_adaptive_ngroute,0.1361255253359822,0,0.6330000000000001,false,false,7.34375,1.93289e6,1.6697743333333333e6,1
0.762,none,0.1361236283492594,0,0.6930000000000001,false,false,7.375,1.93289e6,1.669778e6,0
