CG_time_taken,method,CG_LP_IP_gap,implemented_SR3_cuts_count,CG_sp_time_taken_mean,converged,time_limit_reached,ngroute_neighborhood_size,CGIP_objective,CGLP_objective,cycles_lookup_length
46.036,use_adaptive_ngroute,0.13846526957232164,0,1.4661199999999999,false,false,5.222222222222222,2.31455e6,1.994065210311383e6,23
34.485,use_adaptive_ngroute,0.1298224348541548,0,3.2674000000000003,false,false,8.0,2.31455e6,2.014069483408316e6,10
15.199,use_adaptive_ngroute,0.12951610247547873,0,3.7337499999999997,false,false,8.555555555555555,2.31455e6,2.0147785050153807e6,3
7.572,none,0.12939167725533574,0,3.725,false,false,8.638888888888888,2.31455e6,2.0150664934086627e6,0
