CG_time_taken,method,CG_LP_IP_gap,implemented_SR3_cuts_count,CG_sp_time_taken_mean,converged,time_limit_reached,ngroute_neighborhood_size,CGIP_objective,CGLP_objective,cycles_lookup_length
38.692,use_adaptive_ngroute,0.1641121784069206,0,0.8892962962962965,false,false,5.222222222222222,1.98789e6,1.6616530416666665e6,12
9.886,use_adaptive_ngroute,0.1498795586061482,0,1.1182857142857143,false,false,6.722222222222223,1.98789e6,1.689945924242424e6,7
12.489,use_adaptive_ngroute,0.14984380423464072,0,1.9395,false,false,7.722222222222221,1.98789e6,1.690017e6,1
9.197,none,0.14977725632908956,0,2.234,false,false,7.805555555555555,1.98789e6,1.690149289915966e6,0
