CG_time_taken,method,CG_LP_IP_gap,implemented_SR3_cuts_count,CG_sp_time_taken_mean,converged,time_limit_reached,ngroute_neighborhood_size,CGIP_objective,CGLP_objective,cycles_lookup_length
52.185,use_adaptive_ngroute,0.19853410652936943,0,1.3325555555555557,false,false,5.222222222222222,2.484822e6,1.9915000843454793e6,16
11.952,use_adaptive_ngroute,0.19664849051380573,0,1.8056666666666665,false,false,7.749999999999999,2.484822e6,1.9961855045045041e6,8
11.508,use_adaptive_ngroute,0.19638887751681655,0,2.72675,false,false,8.11111111111111,2.484822e6,1.996830596590909e6,3
5.1,use_adaptive_ngroute,0.19625776843961218,0,2.4765,false,false,8.666666666666666,2.484822e6,1.997156379310346e6,2
6.114,use_adaptive_ngroute,0.19625776843961273,0,2.9425,false,false,8.86111111111111,2.484822e6,1.9971563793103446e6,3
11.965,use_adaptive_ngroute,0.19620873989294219,0,3.9226666666666676,false,false,9.0,2.484822e6,1.9972782065217397e6,1
9.48,none,0.1962067953110772,0,4.666,false,false,9.055555555555555,2.484822e6,1.9972830384615385e6,0
