CG_time_taken,method,CG_LP_IP_gap,implemented_SR3_cuts_count,CG_sp_time_taken_mean,converged,time_limit_reached,ngroute_neighborhood_size,CGIP_objective,CGLP_objective,cycles_lookup_length
26.487,use_adaptive_ngroute,0.17912228066859637,0,0.6668260869565217,false,false,5.222222222222222,2.460882e6,2.0200832037037031e6,19
19.977,use_adaptive_ngroute,0.14400699361125002,0,1.975888888888889,false,false,9.055555555555555,2.37168e6,2.0301414933920705e6,9
13.145,use_adaptive_ngroute,0.14346909604764768,0,1.7137142857142857,false,false,9.833333333333334,2.37168e6,2.031417214285715e6,1
6.438,use_adaptive_ngroute,0.14334034463815892,0,1.51825,false,false,9.88888888888889,2.37168e6,2.0317225714285711e6,4
8.138,use_adaptive_ngroute,0.1432065034068677,0,1.5506,false,false,10.0,2.37168e6,2.03204e6,2
7.119,use_adaptive_ngroute,0.13231070980458748,0,1.658,false,false,10.083333333333334,2.343692e6,2.0335964479166667e6,3
11.39,none,0.1323074875026241,0,2.2048,false,false,10.25,2.343692e6,2.033604e6,0
