CG_time_taken,method,CG_LP_IP_gap,implemented_SR3_cuts_count,CG_sp_time_taken_mean,converged,time_limit_reached,ngroute_neighborhood_size,CGIP_objective,CGLP_objective,cycles_lookup_length
41.19,use_adaptive_ngroute,0.22136288903275536,0,1.0921111111111115,false,false,5.222222222222222,2.2901e6,1.783156847826087e6,25
23.01,use_adaptive_ngroute,0.2087639072008195,0,2.423111111111111,false,false,8.416666666666668,2.2901e6,1.8120097761194033e6,13
20.032,use_adaptive_ngroute,0.16788815528062417,0,3.2578333333333336,false,false,9.527777777777777,2.179494e6,1.8135827728948114e6,6
14.034,use_adaptive_ngroute,0.15943170278371666,0,3.46475,false,false,10.166666666666668,2.16318e6,1.81830052917232e6,6
15.818,use_adaptive_ngroute,0.11650528846390229,0,3.8902499999999995,false,false,10.63888888888889,2.05813e6,1.818346970653789e6,1
3.183,none,0.11645455619994294,0,3.113,false,false,10.694444444444445,2.05813e6,1.8184513842482115e6,0
