CG_time_taken,method,CG_LP_IP_gap,implemented_SR3_cuts_count,CG_sp_time_taken_mean,converged,time_limit_reached,ngroute_neighborhood_size,CGIP_objective,CGLP_objective,cycles_lookup_length
27.77,use_adaptive_ngroute,0.08277033953487611,0,0.7101304347826086,false,false,5.222222222222222,2.03229e6,1.8640766666666665e6,16
8.317,use_adaptive_ngroute,0.0804730699775208,0,0.7434444444444444,false,false,7.055555555555555,2.03229e6,1.8687453846153843e6,16
7.018,use_adaptive_ngroute,0.07795631537952175,0,0.8264285714285716,false,false,8.11111111111111,2.03229e6,1.8738601598173517e6,10
3.309,none,0.07789585304763802,0,1.0290000000000001,false,false,9.5,2.03229e6,1.8739830368098158e6,0
