CG_time_taken,method,CG_LP_IP_gap,implemented_SR3_cuts_count,CG_sp_time_taken_mean,converged,time_limit_reached,ngroute_neighborhood_size,CGIP_objective,CGLP_objective,cycles_lookup_length
36.644,use_adaptive_ngroute,0.1919066415351629,0,0.9095185185185185,false,false,5.222222222222222,2.36622e6,1.9121266666666667e6,6
23.53,use_adaptive_ngroute,0.1896167727430247,0,1.4580000000000002,false,false,5.638888888888889,2.36622e6,1.917545e6,14
17.397,use_adaptive_ngroute,0.12699859338128916,0,2.417857142857143,false,false,8.194444444444445,2.209554e6,1.928943749999999e6,2
4.037,use_adaptive_ngroute,0.12683736174811755,0,1.9565000000000001,false,false,8.25,2.209554e6,1.9292999999999998e6,1
3.727,use_adaptive_ngroute,0.12679490543168004,0,1.7874999999999999,false,false,8.333333333333334,2.209554e6,1.9293938095238097e6,3
4.317,none,0.12679481922596159,0,2.09,false,false,8.583333333333334,2.209554e6,1.9293939999999998e6,0
