CG_time_taken,method,CG_LP_IP_gap,implemented_SR3_cuts_count,CG_sp_time_taken_mean,converged,time_limit_reached,ngroute_neighborhood_size,CGIP_objective,CGLP_objective,cycles_lookup_length
40.033,use_adaptive_ngroute,0.16728559588240244,0,1.0972592592592594,false,false,5.222222222222222,2.35408e6,1.960276324445154e6,21
22.516,use_adaptive_ngroute,0.15852026656220408,0,1.8971818181818183,false,false,7.611111111111112,2.348032e6,1.9758213414634147e6,7
8.15,use_adaptive_ngroute,0.1534860223818343,0,1.974,false,false,7.972222222222222,2.348032e6,1.9876419078947369e6,3
6.025,none,0.1532770848097471,0,1.9456666666666669,false,false,8.194444444444445,2.348032e6,1.9881325e6,0
