CG_time_taken,method,CG_LP_IP_gap,implemented_SR3_cuts_count,CG_sp_time_taken_mean,converged,time_limit_reached,ngroute_neighborhood_size,CGIP_objective,CGLP_objective,cycles_lookup_length
2.244,use_adaptive_ngroute,0.4038127901615237,0,0.08118181818181819,false,false,5.0,1.983174e6,1.1823429736842103e6,20
1.129,use_adaptive_ngroute,0.03081766867245328,0,0.08410000000000002,false,false,7.1,1.50232e6,1.456022e6,4
0.587,use_adaptive_ngroute,0.01578436686540996,0,0.08016666666666666,false,false,7.45,1.49439e6,1.470802e6,6
0.648,none,0.0036687210166022055,0,0.10660000000000001,false,false,7.95,1.49439e6,1.4889074999999998e6,0
