CG_time_taken,method,CG_LP_IP_gap,implemented_SR3_cuts_count,CG_sp_time_taken_mean,converged,time_limit_reached,ngroute_neighborhood_size,CGIP_objective,CGLP_objective,cycles_lookup_length
3.889,use_adaptive_ngroute,0.458698620503704,0,0.0856842105263158,false,false,5.0,2.204186e6,1.1931289224664227e6,14
1.628,use_adaptive_ngroute,0.019530279181509513,0,0.13788888888888887,false,false,6.3,1.44852e6,1.4202299999999998e6,3
0.926,use_adaptive_ngroute,0.018830796754125356,0,0.12257142857142855,false,false,6.45,1.44852e6,1.4212432142857143e6,4
0.36,use_adaptive_ngroute,0.01670584458619817,0,0.11433333333333334,false,false,7.25,1.44852e6,1.4243212500000002e6,1
0.323,use_adaptive_ngroute,0.015491098960778271,0,0.1535,false,false,7.4,1.44852e6,1.4260808333333335e6,3
0.454,none,0.015491098960778382,0,0.22000000000000003,false,false,7.550000000000001,1.44852e6,1.4260808333333333e6,0
