CG_time_taken,method,CG_LP_IP_gap,implemented_SR3_cuts_count,CG_sp_time_taken_mean,converged,time_limit_reached,ngroute_neighborhood_size,CGIP_objective,CGLP_objective,cycles_lookup_length
4.655,use_adaptive_ngroute,0.21828857863424345,0,0.08837500000000001,false,false,5.0,1.59436e6,1.2463294217687077e6,20
1.745,use_adaptive_ngroute,0.0695207054177599,0,0.08393333333333332,false,false,8.65,1.47884e6,1.37603e6,2
0.216,use_adaptive_ngroute,0.06691984934137585,0,0.06166666666666666,false,false,8.75,1.47884e6,1.3798762499999998e6,4
0.318,none,0.06563577859323177,0,0.09466666666666668,false,false,8.95,1.47884e6,1.3817751851851852e6,0
