CG_time_taken,method,CG_LP_IP_gap,implemented_SR3_cuts_count,CG_sp_time_taken_mean,converged,time_limit_reached,ngroute_neighborhood_size,CGIP_objective,CGLP_objective,cycles_lookup_length
3.058,use_adaptive_ngroute,0.2951752465887292,0,0.08064285714285717,false,false,5.0,1.744733e6,1.2297310064935067e6,19
0.705,use_adaptive_ngroute,0.059631872431520905,0,0.06642857142857142,false,false,6.5,1.401851e6,1.318256e6,4
0.355,use_adaptive_ngroute,0.054142701328457665,0,0.0628,false,false,7.0,1.401851e6,1.3259510000000002e6,2
0.109,use_adaptive_ngroute,0.054010336650931134,0,0.0425,false,false,7.2,1.401851e6,1.3261365555555555e6,4
0.228,use_adaptive_ngroute,0.05072436371625799,0,0.06333333333333332,false,false,7.4,1.401851e6,1.330743e6,2
0.211,use_adaptive_ngroute,0.05072436371625799,0,0.099,false,false,7.799999999999999,1.401851e6,1.330743e6,2
0.285,none,0.015743536387239243,0,0.06475,false,false,7.95,1.352301e6,1.331011e6,0
