CG_time_taken,method,CG_LP_IP_gap,implemented_SR3_cuts_count,CG_sp_time_taken_mean,converged,time_limit_reached,ngroute_neighborhood_size,CGIP_objective,CGLP_objective,cycles_lookup_length
7.905,use_adaptive_ngroute,0.2713422940312482,0,0.13573333333333337,false,false,5.0,1.97508e6,1.4391572619047624e6,24
3.295,use_adaptive_ngroute,0.1082735509019973,0,0.18923076923076926,false,false,8.708333333333334,1.777278e6,1.5848458e6,11
1.404,use_adaptive_ngroute,0.052998607391472885,0,0.24680000000000002,false,false,10.125000000000002,1.69527e6,1.6054230508474577e6,8
1.043,none,0.05284998849740752,0,0.23575,false,false,10.75,1.69527e6,1.605675e6,0
