CG_time_taken,method,CG_LP_IP_gap,implemented_SR3_cuts_count,CG_sp_time_taken_mean,converged,time_limit_reached,ngroute_neighborhood_size,CGIP_objective,CGLP_objective,cycles_lookup_length
6.625,use_adaptive_ngroute,0.4048197753572992,0,0.11750000000000001,false,false,5.0,2.3637e6,1.406827496987952e6,23
2.399,use_adaptive_ngroute,0.04295356695058883,0,0.1859,false,false,8.458333333333334,1.666792e6,1.5951973382352942e6,4
0.922,use_adaptive_ngroute,0.04247296603295436,0,0.1716,false,false,8.625,1.666792e6,1.5959984e6,1
0.269,none,0.042298619143840366,0,0.1235,false,false,8.708333333333334,1.666792e6,1.596289e6,0
