CG_time_taken,method,CG_LP_IP_gap,implemented_SR3_cuts_count,CG_sp_time_taken_mean,converged,time_limit_reached,ngroute_neighborhood_size,CGIP_objective,CGLP_objective,cycles_lookup_length
5.022,use_adaptive_ngroute,0.34901189643733355,0,0.14753333333333335,false,false,5.0,2.06748e6,1.3459048843537415e6,23
3.192,use_adaptive_ngroute,0.006176017712525517,0,0.17742857142857144,false,false,8.458333333333334,1.547424e6,1.537867081967213e6,1
0.715,use_adaptive_ngroute,0.004668532994189012,0,0.13019999999999998,false,false,8.5,1.547424e6,1.5401998e6,2
0.415,none,0.004284632303197089,0,0.189,false,false,8.583333333333332,1.547424e6,1.5407938571428575e6,0
