CG_time_taken,method,CG_LP_IP_gap,implemented_SR3_cuts_count,CG_sp_time_taken_mean,converged,time_limit_reached,ngroute_neighborhood_size,CGIP_objective,CGLP_objective,cycles_lookup_length
3.608,use_adaptive_ngroute,0.12720900295365978,0,0.0725294117647059,false,false,5.0,1.697426e6,1.481498130952381e6,18
1.116,use_adaptive_ngroute,0.046918487750127746,0,0.10499999999999997,false,false,6.75,1.612044e6,1.536409333333333e6,4
0.599,use_adaptive_ngroute,0.024403570707794753,0,0.1022,false,false,6.916666666666666,1.5902e6,1.5513934418604649e6,12
0.865,use_adaptive_ngroute,0.021110300591120623,0,0.1285,false,false,8.0,1.5902e6,1.5566304e6,3
0.15,use_adaptive_ngroute,0.02085555276065909,0,0.14,false,false,8.416666666666666,1.5902e6,1.5570355e6,7
1.317,none,0.02085555276065909,0,0.16514285714285717,false,false,9.166666666666668,1.5902e6,1.5570355e6,0
