CG_time_taken,method,CG_LP_IP_gap,implemented_SR3_cuts_count,CG_sp_time_taken_mean,converged,time_limit_reached,ngroute_neighborhood_size,CGIP_objective,CGLP_objective,cycles_lookup_length
3.806,use_adaptive_ngroute,0.35278236530535956,0,0.08928571428571429,false,false,5.0,2.06003e6,1.3332877440000002e6,23
4.016,use_adaptive_ngroute,0.10246462983414417,0,0.22885714285714284,false,false,8.833333333333332,1.667768e6,1.496880769230769e6,7
1.543,use_adaptive_ngroute,0.10160465964090915,0,0.3665,false,false,9.875,1.667768e6,1.4983150000000002e6,2
1.583,use_adaptive_ngroute,0.10094338232724398,0,0.3725,false,false,9.958333333333332,1.667768e6,1.499417857142857e6,3
1.633,use_adaptive_ngroute,0.1006088890746707,0,0.37625,false,false,10.333333333333334,1.667768e6,1.4999757142857146e6,4
1.119,none,0.10028082014833162,0,0.36166666666666664,false,false,10.666666666666668,1.667768e6,1.5005228571428573e6,0
