CG_time_taken,method,CG_LP_IP_gap,implemented_SR3_cuts_count,CG_sp_time_taken_mean,converged,time_limit_reached,ngroute_neighborhood_size,CGIP_objective,CGLP_objective,cycles_lookup_length
8.516,use_adaptive_ngroute,0.3661267505976704,0,0.19214285714285714,false,false,5.0,2.33967e6,1.4830542254291484e6,21
4.131,use_adaptive_ngroute,0.14443921050354602,0,0.2794166666666667,false,false,6.625,1.86156e6,1.5926777432950188e6,17
5.374,use_adaptive_ngroute,0.10569410763875309,0,0.6397499999999999,false,false,8.833333333333332,1.78969e6,1.6005303125e6,6
3.012,use_adaptive_ngroute,0.10519875509166399,0,0.5842,false,false,9.083333333333334,1.78969e6,1.6014168399999999e6,8
1.718,none,0.10490828718940148,0,0.5346666666666666,false,false,9.583333333333334,1.78969e6,1.6019366875e6,0
