CG_time_taken,method,CG_LP_IP_gap,implemented_SR3_cuts_count,CG_sp_time_taken_mean,converged,time_limit_reached,ngroute_neighborhood_size,CGIP_objective,CGLP_objective,cycles_lookup_length
5.374,use_adaptive_ngroute,0.28914017222457,0,0.08347058823529413,false,false,5.0,2.20179e6,1.565164060197664e6,24
2.209,use_adaptive_ngroute,0.07886384930757528,0,0.18855555555555556,false,false,8.75,1.84641e6,1.700795e6,1
0.903,use_adaptive_ngroute,0.07120697609267301,0,0.1632,false,false,8.791666666666666,1.84641e6,1.7149327272727275e6,6
1.398,use_adaptive_ngroute,0.07031702279236685,0,0.266,false,false,9.5,1.84641e6,1.716575945945946e6,5
0.915,none,0.0702335884229397,0,0.292,false,false,10.041666666666666,1.84641e6,1.71673e6,0
