CG_time_taken,method,CG_LP_IP_gap,implemented_SR3_cuts_count,CG_sp_time_taken_mean,converged,time_limit_reached,ngroute_neighborhood_size,CGIP_objective,CGLP_objective,cycles_lookup_length
6.261,use_adaptive_ngroute,0.3508308594633366,0,0.08931578947368421,false,false,5.0,2.09541e6,1.36027550877193e6,23
3.708,use_adaptive_ngroute,0.07518013913422883,0,0.17168750000000002,false,false,6.833333333333333,1.68213e6,1.5556672325581396e6,6
1.048,use_adaptive_ngroute,0.06140770167958309,0,0.18439999999999998,false,false,7.250000000000001,1.68213e6,1.5788342627737229e6,11
0.635,none,0.05922972925850667,0,0.19633333333333333,false,false,8.166666666666666,1.68213e6,1.5824978955223882e6,0
