CG_time_taken,method,CG_LP_IP_gap,implemented_SR3_cuts_count,CG_sp_time_taken_mean,converged,time_limit_reached,ngroute_neighborhood_size,CGIP_objective,CGLP_objective,cycles_lookup_length
10.11,use_adaptive_ngroute,0.39148096035835867,0,0.19880000000000003,false,false,1.0,2.01359e6,1.2253078530320125e6,24
9.031,use_adaptive_ngroute,0.07551852688199667,0,0.4986250000000001,false,false,6.875,1.479094e6,1.367395e6,3
1.068,use_adaptive_ngroute,0.0694731594701441,0,0.24225,false,false,7.0,1.479094e6,1.3763366666666667e6,11
4.988,none,0.0,0,0.43063636363636365,true,false,7.583333333333334,1.38411e6,1.38411e6,0
