CG_time_taken,method,CG_LP_IP_gap,implemented_SR3_cuts_count,CG_sp_time_taken_mean,converged,time_limit_reached,ngroute_neighborhood_size,CGIP_objective,CGLP_objective,cycles_lookup_length
14.322,use_adaptive_ngroute,0.9999737348463227,0,0.1961,false,false,6.0,6.0e10,1.575909220641992e6,25
10.364,use_adaptive_ngroute,0.11125839650883962,0,0.5105,false,false,8.142857142857142,2.01423e6,1.79013e6,10
6.778,use_adaptive_ngroute,0.10323194411158543,0,0.7128888888888888,false,false,9.25,2.01423e6,1.8062971212121213e6,13
4.186,use_adaptive_ngroute,0.09745044443566642,0,1.0182499999999999,false,false,10.928571428571429,2.01423e6,1.8179423913043477e6,6
5.734,none,0.09690641991322657,0,1.4145,false,false,11.785714285714285,2.01423e6,1.8190381818181816e6,0
