CG_time_taken,method,CG_LP_IP_gap,implemented_SR3_cuts_count,CG_sp_time_taken_mean,converged,time_limit_reached,ngroute_neighborhood_size,CGIP_objective,CGLP_objective,cycles_lookup_length
10.854,use_adaptive_ngroute,0.999975412214425,0,0.15681818181818183,false,false,6.0,6.0e10,1.4752671345029238e6,28
10.168,use_adaptive_ngroute,0.13660342576234674,0,0.5118125,false,false,9.142857142857142,1.95285e6,1.6860840000000012e6,11
7.426,use_adaptive_ngroute,0.044160769308908665,0,0.7736666666666667,false,false,10.928571428571429,1.77198e6,1.693728e6,3
4.413,none,0.04369349541191214,0,1.07975,false,false,11.75,1.77198e6,1.694556e6,0
