CG_time_taken,method,CG_LP_IP_gap,implemented_SR3_cuts_count,CG_sp_time_taken_mean,converged,time_limit_reached,ngroute_neighborhood_size,CGIP_objective,CGLP_objective,cycles_lookup_length
3.11,use_adaptive_ngroute,0.3965055952764487,0,0.07931250000000001,false,false,1.0,2.18214e6,1.3169092803234502e6,24
3.319,use_adaptive_ngroute,0.11830894491609933,0,0.18184615384615382,false,false,6.458333333333334,1.664588e6,1.46765235e6,8
2.011,use_adaptive_ngroute,0.10025700720605402,0,0.2557142857142857,false,false,7.208333333333333,1.664588e6,1.497701388888889e6,10
1.792,use_adaptive_ngroute,0.09889070791948873,0,0.3352,false,false,8.625,1.664588e6,1.499975714285714e6,4
0.699,none,0.09856201225597139,0,0.3375,false,false,9.083333333333334,1.664588e6,1.500522857142857e6,0
