CG_time_taken,method,CG_LP_IP_gap,implemented_SR3_cuts_count,CG_sp_time_taken_mean,converged,time_limit_reached,ngroute_neighborhood_size,CGIP_objective,CGLP_objective,cycles_lookup_length
21.193,use_adaptive_ngroute,0.3678867741370814,0,0.3070434782608696,false,false,6.0,2.40557e6,1.5205926127390612e6,23
7.777,use_adaptive_ngroute,0.07523673327033009,0,0.4777857142857143,false,false,8.0,1.771946e6,1.6386305714285716e6,9
6.966,use_adaptive_ngroute,0.06915719978453738,0,0.6720999999999999,false,false,8.785714285714286,1.771946e6,1.6494031764705882e6,2
3.432,none,0.06860516176864784,0,0.823,false,false,9.25,1.771946e6,1.6503813580246915e6,0
