CG_time_taken,method,CG_LP_IP_gap,implemented_SR3_cuts_count,CG_sp_time_taken_mean,converged,time_limit_reached,ngroute_neighborhood_size,CGIP_objective,CGLP_objective,cycles_lookup_length
7.976,use_adaptive_ngroute,0.3898507284562208,0,0.20904999999999999,false,false,1.0,2.35961e6,1.4397143226274168e6,22
4.395,use_adaptive_ngroute,0.14722996841737213,0,0.32590909090909087,false,false,4.0,1.8522e6,1.5795006524973433e6,18
6.104,use_adaptive_ngroute,0.020896737301873802,0,0.5171818181818182,false,false,6.125,1.63469e6,1.6005303125e6,6
1.873,use_adaptive_ngroute,0.020374913082399138,0,0.6013333333333333,false,false,6.375,1.63469e6,1.601383333333333e6,11
1.649,none,0.020036405985232708,0,0.5206666666666667,false,false,7.250000000000001,1.63469e6,1.6019366875e6,0
