CG_time_taken,method,CG_LP_IP_gap,implemented_SR3_cuts_count,CG_sp_time_taken_mean,converged,time_limit_reached,ngroute_neighborhood_size,CGIP_objective,CGLP_objective,cycles_lookup_length
7.205,use_adaptive_ngroute,0.22117144071452932,0,0.13605,false,false,6.0,2.09517e6,1.6317782325581396e6,28
6.67,use_adaptive_ngroute,0.07293951352922656,0,0.361,false,false,10.035714285714285,1.834868e6,1.7010336206896552e6,4
3.015,use_adaptive_ngroute,0.025525626058691575,0,0.5721999999999999,false,false,10.714285714285715,1.74744e6,1.7028355e6,2
2.237,none,0.025218189309660355,0,0.5435,false,false,10.821428571428571,1.74744e6,1.703372727272727e6,0
