CG_time_taken,method,CG_LP_IP_gap,implemented_SR3_cuts_count,CG_sp_time_taken_mean,converged,time_limit_reached,ngroute_neighborhood_size,CGIP_objective,CGLP_objective,cycles_lookup_length
20.925,use_adaptive_ngroute,0.33756765267759636,0,0.23153571428571432,false,false,6.0,2.25752e6,1.4954542727272727e6,15
6.382,use_adaptive_ngroute,0.03434119298373095,0,0.22183333333333333,false,false,7.392857142857142,1.698876e6,1.6405345714285711e6,16
5.206,use_adaptive_ngroute,0.030856725270119734,0,0.407,false,false,9.214285714285714,1.698876e6,1.64645425e6,8
4.3,none,0.028630694647519883,0,0.4727142857142858,false,false,9.964285714285714,1.698876e6,1.650236e6,0
