CG_time_taken,method,CG_LP_IP_gap,implemented_SR3_cuts_count,CG_sp_time_taken_mean,converged,time_limit_reached,ngroute_neighborhood_size,CGIP_objective,CGLP_objective,cycles_lookup_length
34.655,use_adaptive_ngroute,0.2746319698629405,0,0.24844000000000005,false,false,6.0,2.1388e6,1.551417142857143e6,27
28.113,use_adaptive_ngroute,0.13732301233272115,0,1.0695652173913044,false,false,8.6875,1.9055e6,1.6438309999999998e6,14
9.845,use_adaptive_ngroute,0.1275153503017582,0,1.026888888888889,false,false,9.84375,1.9055e6,1.6625194999999998e6,6
6.952,none,0.08713211720928249,0,1.323,false,false,10.125,1.82473e6,1.665737411764706e6,0
