CG_time_taken,method,CG_LP_IP_gap,implemented_SR3_cuts_count,CG_sp_time_taken_mean,converged,time_limit_reached,ngroute_neighborhood_size,CGIP_objective,CGLP_objective,cycles_lookup_length
46.711,use_adaptive_ngroute,0.44416994824112876,0,0.31425,false,false,6.0,3.02756e6,1.6828088315030884e6,18
15.161,use_adaptive_ngroute,0.18222446176754992,0,0.6107647058823529,false,false,7.3125,2.24748e6,1.837934166666667e6,17
5.3,use_adaptive_ngroute,0.17824574634701973,0,0.5630000000000001,false,false,8.28125,2.24748e6,1.84687625e6,4
4.562,use_adaptive_ngroute,0.1486743506158461,0,0.5701428571428572,false,false,8.40625,2.170672e6,1.84794875e6,2
2.294,none,0.1240191876956297,0,0.52225,false,false,8.625,2.11177e6,1.84987e6,0
