CG_time_taken,method,CG_LP_IP_gap,implemented_SR3_cuts_count,CG_sp_time_taken_mean,converged,time_limit_reached,ngroute_neighborhood_size,CGIP_objective,CGLP_objective,cycles_lookup_length
6.601,use_adaptive_ngroute,0.4843814798477529,0,0.12265000000000001,false,false,1.0,2.56268e6,1.3213652692237606e6,14
4.101,use_adaptive_ngroute,0.1857292218473806,0,0.1553571428571429,false,false,1.9583333333333335,1.79335e6,1.4602725e6,15
2.748,use_adaptive_ngroute,0.0962732794746679,0,0.23409999999999997,false,false,4.083333333333333,1.66286e6,1.5027710144927537e6,3
0.689,use_adaptive_ngroute,0.08539640525747927,0,0.213,false,false,4.291666666666666,1.64548e6,1.504961923076923e6,2
0.716,use_adaptive_ngroute,0.08513446460821716,0,0.22499999999999998,false,false,4.416666666666666,1.64548e6,1.5053929411764708e6,3
1.079,use_adaptive_ngroute,0.08449540559593549,0,0.25749999999999995,false,false,4.708333333333333,1.64548e6,1.5064445e6,1
0.577,none,0.08449540559593582,0,0.278,false,false,4.833333333333334,1.64548e6,1.5064444999999995e6,0
