CG_time_taken,method,CG_LP_IP_gap,implemented_SR3_cuts_count,CG_sp_time_taken_mean,converged,time_limit_reached,ngroute_neighborhood_size,CGIP_objective,CGLP_objective,cycles_lookup_length
44.973,use_adaptive_ngroute,0.310737390534072,0,0.7093750000000002,false,false,6.0,2.54379e6,1.753339333333333e6,32
41.781,use_adaptive_ngroute,0.12417974576040725,0,1.6272727272727272,false,false,8.8125,2.12468e6,1.860837777777778e6,14
9.975,use_adaptive_ngroute,0.11819897584577443,0,1.4805,false,false,9.8125,2.12468e6,1.873545e6,10
10.179,use_adaptive_ngroute,0.11261285420381772,0,1.6131666666666666,false,false,10.25,2.12468e6,1.8854137209302327e6,12
3.254,none,0.11076962177833827,0,1.039,false,false,10.71875,2.12468e6,1.8893300000000002e6,0
