CG_time_taken,method,CG_LP_IP_gap,implemented_SR3_cuts_count,CG_sp_time_taken_mean,converged,time_limit_reached,ngroute_neighborhood_size,CGIP_objective,CGLP_objective,cycles_lookup_length
13.603,use_adaptive_ngroute,0.40407856249242524,0,0.17491304347826087,false,false,6.0,2.62396e6,1.563674015162376e6,28
4.567,use_adaptive_ngroute,0.1123489318744979,0,0.2733846153846154,false,false,7.718750000000001,2.01915e6,1.7923006542056075e6,13
3.379,use_adaptive_ngroute,0.10866864664454856,0,0.39875,false,false,9.25,2.01915e6,1.7997317021276597e6,6
2.084,use_adaptive_ngroute,0.10857158095847641,0,0.5039999999999999,false,false,9.9375,2.01915e6,1.7999276923076923e6,1
3.192,none,0.10849789733886273,0,0.6247999999999999,false,false,10.0,2.01915e6,1.8000764705882354e6,0
