CG_time_taken,method,CG_LP_IP_gap,implemented_SR3_cuts_count,CG_sp_time_taken_mean,converged,time_limit_reached,ngroute_neighborhood_size,CGIP_objective,CGLP_objective,cycles_lookup_length
11.089,use_adaptive_ngroute,0.35170750405113405,0,0.1518181818181818,false,false,6.0,2.70547e6,1.7539358990147784e6,32
17.335,use_adaptive_ngroute,0.12794022406688432,0,0.8824705882352941,false,false,8.96875,2.16686e6,1.889631446078431e6,13
11.205,use_adaptive_ngroute,0.12587524020403085,0,1.33375,false,false,9.90625,2.16686e6,1.8941059770114936e6,9
9.698,use_adaptive_ngroute,0.12515713000535555,0,1.8980000000000001,false,false,10.46875,2.16686e6,1.8956620212765953e6,1
7.075,none,0.1251371439846929,0,1.7499999999999998,false,false,10.6875,2.16686e6,1.8957053281853283e6,0
