CG_time_taken,method,CG_LP_IP_gap,implemented_SR3_cuts_count,CG_sp_time_taken_mean,converged,time_limit_reached,ngroute_neighborhood_size,CGIP_objective,CGLP_objective,cycles_lookup_length
22.526,use_adaptive_ngroute,0.9999685941785894,0,0.30936,false,false,5.999999999999999,6.0e10,1.884349284633125e6,36
49.786,use_adaptive_ngroute,0.2081241810053529,0,2.3911052631578946,false,false,9.777777777777777,2.52046e6,1.9958913267432482e6,26
68.877,use_adaptive_ngroute,0.13022937486755615,0,6.171636363636363,false,false,11.25,2.314298e6,2.0129084182027646e6,4
28.839,use_adaptive_ngroute,0.1294023050003238,0,5.7303999999999995,false,false,11.36111111111111,2.314298e6,2.0148225043423607e6,6
7.811,none,0.12929687818566882,0,7.736,false,false,11.75,2.314298e6,2.015066493408663e6,0
