CG_time_taken,method,CG_LP_IP_gap,implemented_SR3_cuts_count,CG_sp_time_taken_mean,converged,time_limit_reached,ngroute_neighborhood_size,CGIP_objective,CGLP_objective,cycles_lookup_length
30.592,use_adaptive_ngroute,0.9999703110922338,0,0.30021428571428577,false,false,5.999999999999999,6.0e10,1.7813344659747097e6,27
16.311,use_adaptive_ngroute,0.13761390733608947,0,0.9980714285714286,false,false,8.38888888888889,2.11995e6,1.828215397142857e6,6
6.449,use_adaptive_ngroute,0.1366818963787637,0,1.2166,false,false,8.61111111111111,2.11995e6,1.8301912137718399e6,9
7.315,use_adaptive_ngroute,0.13655098197471083,0,1.7982500000000001,false,false,9.694444444444445,2.11995e6,1.8304687457627119e6,1
3.099,none,0.13654278754505556,0,1.532,false,false,9.722222222222221,2.11995e6,1.8304861175438594e6,0
