CG_time_taken,method,CG_LP_IP_gap,implemented_SR3_cuts_count,CG_sp_time_taken_mean,converged,time_limit_reached,ngroute_neighborhood_size,CGIP_objective,CGLP_objective,cycles_lookup_length
27.463,use_adaptive_ngroute,0.3192116376502916,0,0.25357692307692314,false,false,5.999999999999999,2.58552e6,1.760191926622418e6,28
7.942,use_adaptive_ngroute,0.0896090640490318,0,0.3970714285714286,false,false,7.805555555555555,2.04765e6,1.864162e6,12
5.392,use_adaptive_ngroute,0.08656571470431262,0,0.5543333333333333,false,false,9.305555555555555,2.04765e6,1.8703937142857143e6,3
3.556,none,0.08653008733588918,0,0.5783999999999999,false,false,9.444444444444445,2.04765e6,1.8704666666666665e6,0
