CG_time_taken,method,CG_LP_IP_gap,implemented_SR3_cuts_count,CG_sp_time_taken_mean,converged,time_limit_reached,ngroute_neighborhood_size,CGIP_objective,CGLP_objective,cycles_lookup_length
26.583,use_adaptive_ngroute,0.9999701246817153,0,0.25896,false,false,5.999999999999999,6.0e10,1.7925190970817495e6,32
20.124,use_adaptive_ngroute,0.12809306939957776,0,0.7902857142857143,false,false,8.75,2.16454e6,1.887277427561838e6,18
9.62,use_adaptive_ngroute,0.1240340398537334,0,1.2822857142857143,false,false,9.88888888888889,2.16454e6,1.896063359375e6,6
3.593,none,0.12397647431458636,0,1.1436666666666668,false,false,10.166666666666668,2.16454e6,1.8961879622871052e6,0
