CG_time_taken,method,CG_LP_IP_gap,implemented_SR3_cuts_count,CG_sp_time_taken_mean,converged,time_limit_reached,ngroute_neighborhood_size,CGIP_objective,CGLP_objective,cycles_lookup_length
45.643,use_adaptive_ngroute,0.9999683789166287,0,0.29028125,false,false,5.999999999999999,6.0e10,1.8972650022754737e6,31
30.96,use_adaptive_ngroute,0.1842137815999123,0,0.99428,false,false,7.277777777777778,2.46401e6,2.0101054000000001e6,12
10.785,use_adaptive_ngroute,0.1820525426902837,0,1.453142857142857,false,false,8.027777777777777,2.46401e6,2.015430714285714e6,3
8.052,use_adaptive_ngroute,0.18194203757289928,0,1.948,false,false,8.305555555555555,2.46401e6,2.0157030000000005e6,3
15.129,use_adaptive_ngroute,0.1809497887756527,0,2.128285714285714,false,false,8.444444444444445,2.46401e6,2.0181479109589038e6,8
6.062,use_adaptive_ngroute,0.1805882751244815,0,1.9810000000000003,false,false,9.166666666666666,2.46401e6,2.0190386842105263e6,1
4.298,none,0.180572840903359,0,2.0874999999999995,false,false,9.25,2.46401e6,2.0190767142857143e6,0
