CG_time_taken,method,CG_LP_IP_gap,implemented_SR3_cuts_count,CG_sp_time_taken_mean,converged,time_limit_reached,ngroute_neighborhood_size,CGIP_objective,CGLP_objective,cycles_lookup_length
41.405,use_adaptive_ngroute,0.287162015414653,0,0.28763333333333335,false,false,5.999999999999999,2.460034e6,1.7536056785714293e6,34
18.513,use_adaptive_ngroute,0.13773389576755557,0,1.029785714285714,false,false,8.5,2.17249e6,1.8732644887839432e6,19
19.546,use_adaptive_ngroute,0.07414501224231895,0,1.8055999999999999,false,false,10.694444444444445,2.02576e6,1.87556e6,3
9.279,none,0.07414501224231895,0,1.2670000000000001,false,false,10.777777777777779,2.02576e6,1.87556e6,0
