CG_time_taken,method,CG_LP_IP_gap,implemented_SR3_cuts_count,CG_sp_time_taken_mean,converged,time_limit_reached,ngroute_neighborhood_size,CGIP_objective,CGLP_objective,cycles_lookup_length
31.923,use_adaptive_ngroute,0.9999703338202255,0,0.29657142857142854,false,false,5.999999999999999,6.0e10,1.7799707864721485e6,34
38.032,use_adaptive_ngroute,0.13110774889953236,0,1.402,false,false,9.833333333333334,2.11501e6,1.8377158e6,21
14.953,use_adaptive_ngroute,0.12256732172004414,0,1.9920000000000002,false,false,10.916666666666666,2.11501e6,1.8557788888888895e6,13
27.179,use_adaptive_ngroute,0.08862214980200467,0,3.2729999999999997,false,false,11.63888888888889,2.039946e6,1.8591615999999999e6,1
18.105,use_adaptive_ngroute,0.08795924222887541,0,2.2110000000000003,false,false,11.666666666666666,2.039946e6,1.8605138956521745e6,6
7.521,none,0.0768980891236628,0,2.4393333333333334,false,false,11.86111111111111,2.015586e6,1.860591288135593e6,0
