CG_time_taken,method,CG_LP_IP_gap,implemented_SR3_cuts_count,errored,CG_sp_time_taken_mean,converged,CGIP_artificial,ngroute_neighborhood_size,time_limit_reached,CGIP_objective,CGLP_objective,CGLP_artificial,cycles_lookup_length
1.717,use_adaptive_ngroute,0.17451726737310536,0,false,0.0771818181818182,false,false,5.0,false,1.56363e6,1.2907495652173914e6,false,10
0.564,use_adaptive_ngroute,0.09214456105344615,0,false,0.05437500000000001,false,false,6.1,false,1.56363e6,1.41955e6,false,2
0.255,use_SR3_cuts,0.0643614797784513,4,false,0.05475000000000001,false,false,6.2,false,1.53104e6,1.4325e6,false,0
0.469,none,0.053568162817431264,0,false,0.10300000000000001,false,false,6.2,false,1.53104e6,1.449025e6,false,0
