CG_time_taken,method,CG_LP_IP_gap,implemented_SR3_cuts_count,errored,CG_sp_time_taken_mean,converged,CGIP_artificial,ngroute_neighborhood_size,time_limit_reached,CGIP_objective,CGLP_objective,CGLP_artificial,cycles_lookup_length
3.154,use_adaptive_ngroute,0.4038127901615237,0,false,0.15981818181818178,false,false,5.0,false,1.983174e6,1.1823429736842103e6,false,20
2.303,use_adaptive_ngroute,0.025674690007293943,0,false,0.166,false,false,7.1,false,1.49439e6,1.456022e6,false,4
1.34,use_adaptive_ngroute,0.01578436686540996,0,false,0.13122222222222224,false,false,7.45,false,1.49439e6,1.470802e6,false,6
0.433,use_SR3_cuts,0.0036687210166020945,2,false,0.2005,false,false,7.95,false,1.49439e6,1.4889075e6,false,0
0.752,use_SR3_cuts,0.0007528155300825512,2,false,0.24066666666666667,false,false,7.95,false,1.49439e6,1.493265e6,false,0
0.613,use_SR3_cuts,0.00038142653524175785,10,false,0.2955,false,false,7.95,false,1.49439e6,1.49382e6,false,0
1.355,use_SR3_cuts,5.3533548805884124e-5,1,false,0.4286666666666667,false,false,7.95,false,1.49439e6,1.49431e6,false,0
2.598,none,0.0,0,false,0.49679999999999996,true,false,7.95,false,1.49439e6,1.49439e6,false,0
