CG_time_taken,method,CG_LP_IP_gap,implemented_SR3_cuts_count,errored,CG_sp_time_taken_mean,converged,CGIP_artificial,ngroute_neighborhood_size,time_limit_reached,CGIP_objective,CGLP_objective,CGLP_artificial,cycles_lookup_length
10.8,use_adaptive_ngroute,0.41602169409129297,0,false,0.3482222222222222,false,false,5.0,false,2.34149e6,1.3673793635021783e6,false,20
16.789,use_adaptive_ngroute,0.1657953412995321,0,false,1.1130714285714285,false,false,6.375,false,1.75975e6,1.4679916481481483e6,false,7
4.677,use_SR3_cuts,0.16458119051001563,7,false,1.1367500000000001,false,false,6.875,false,1.75975e6,1.47012825e6,false,0
124.92,use_adaptive_ngroute,0.03214779687808722,0,false,17.221714285714285,false,false,6.875,false,1.55204e6,1.5021453333333335e6,false,2
89.194,use_SR3_cuts,0.02963492450922267,2,false,22.03875,false,false,7.208333333333333,false,1.55204e6,1.506045411764706e6,false,0
76.14,use_adaptive_ngroute,0.029566534654032472,0,false,25.317666666666664,false,false,7.208333333333333,false,1.55204e6,1.5061515555555555e6,false,1
61.254,use_SR3_cuts,0.029520115460941687,1,false,20.293333333333333,false,false,7.791666666666666,false,1.55204e6,1.5062236e6,false,0
36.317,use_adaptive_ngroute,0.028260611839900696,0,false,18.0885,false,false,7.791666666666666,false,1.55204e6,1.5081784000000006e6,false,1
25.283,use_SR3_cuts,0.02825116581656384,1,false,12.553999999999998,false,false,7.875,false,1.55204e6,1.5081930606060603e6,false,0
109.098,use_adaptive_ngroute,0.027970149414753842,0,false,36.28133333333333,false,false,7.875,false,1.55204e6,1.5086292093023255e6,false,4
58.068,use_SR3_cuts,0.027896635317099183,10,false,28.9815,false,false,8.208333333333334,false,1.55204e6,1.5087433061224495e6,false,0
168.853,use_SR3_cuts,0.02029981034448758,10,false,56.182333333333325,false,false,8.208333333333334,false,1.55204e6,1.5205338823529414e6,false,0
202.516,use_SR3_cuts,0.018048822329640002,1,false,101.16499999999999,false,false,8.208333333333334,false,1.55204e6,1.5240275057915056e6,false,0
259.819,use_SR3_cuts,0.018007356724720314,10,false,129.83550000000002,false,false,8.208333333333334,false,1.55204e6,1.524091862068965e6,false,0
993.45,use_adaptive_ngroute,0.014424008824170165,0,false,248.23425,false,false,8.208333333333334,false,1.55204e6,1.529653361344535e6,false,4
230.303,use_SR3_cuts,0.01440430097294576,10,false,230.224,false,false,8.625,false,1.55204e6,1.5296839487179492e6,false,0
1122.564,none,0.0012896638407452476,0,false,328.311,false,false,8.625,true,1.536272e6,1.5342907255520506e6,false,0
