CG_time_taken,method,CG_LP_IP_gap,implemented_SR3_cuts_count,errored,CG_sp_time_taken_mean,converged,CGIP_artificial,ngroute_neighborhood_size,time_limit_reached,CGIP_objective,CGLP_objective,CGLP_artificial,cycles_lookup_length
10.76,use_adaptive_ngroute,0.3254990984606553,0,false,0.2726363636363637,false,false,6.0,false,2.22952e6,1.5038132499999998e6,false,27
20.558,use_adaptive_ngroute,0.08460734111423773,0,false,1.1210000000000002,false,false,8.607142857142858,false,1.73416e6,1.5874373333333335e6,false,22
13.43,use_adaptive_ngroute,0.07740635235503068,0,false,1.617375,false,false,11.035714285714285,false,1.73416e6,1.599925e6,false,2
4.936,use_SR3_cuts,0.07732057595608244,3,false,1.627333333333333,false,false,11.214285714285714,false,1.73416e6,1.60007375e6,false,0
34.37,use_adaptive_ngroute,0.017121377763550272,0,false,4.782,false,false,11.214285714285714,false,1.65563e6,1.6272833333333333e6,false,3
19.526,use_adaptive_ngroute,0.013641548620680566,0,false,4.834250000000001,false,false,11.357142857142858,false,1.65563e6,1.6330446428571427e6,false,5
7.442,use_SR3_cuts,0.012934653273980246,1,false,3.689,false,false,11.928571428571429,false,1.65563e6,1.634215e6,false,0
20.38,use_SR3_cuts,0.011038094260190978,1,false,5.031249999999999,false,false,11.928571428571429,false,1.65563e6,1.637355e6,false,0
56.265,use_SR3_cuts,0.008604982192075838,10,false,9.293833333333334,false,false,11.928571428571429,false,1.65563e6,1.6413833333333335e6,false,0
81.958,use_SR3_cuts,0.0025531066723848417,1,false,16.3068,false,false,11.928571428571429,false,1.65563e6,1.6514029999999995e6,false,0
59.599,use_SR3_cuts,0.002387812091671049,1,false,29.733,false,false,11.928571428571429,false,1.65563e6,1.6516766666666667e6,false,0
274.012,use_SR3_cuts,0.00238781209167116,1,false,54.5148,false,false,11.928571428571429,false,1.65563e6,1.6516766666666665e6,false,0
62.853,use_SR3_cuts,0.0016026124999750646,10,false,31.380000000000003,false,false,11.928571428571429,false,1.65563e6,1.6529766666666663e6,false,0
194.979,none,0.0,0,false,38.837999999999994,true,false,11.928571428571429,false,1.65563e6,1.65563e6,false,0
