CG_time_taken,method,CG_LP_IP_gap,implemented_SR3_cuts_count,errored,CG_sp_time_taken_mean,converged,CGIP_artificial,ngroute_neighborhood_size,time_limit_reached,CGIP_objective,CGLP_objective,CGLP_artificial,cycles_lookup_length
12.769,use_adaptive_ngroute,0.9999760583508361,0,false,0.30979999999999996,false,true,6.0,false,6.0e10,1.436498949829932e6,false,26
12.796,use_adaptive_ngroute,0.04286985422034717,0,false,0.8668461538461539,false,false,8.571428571428571,false,1.72574e6,1.651757777777778e6,false,3
5.022,use_SR3_cuts,0.04104905721603491,2,false,0.7766666666666666,false,false,9.285714285714285,false,1.72574e6,1.6549e6,false,0
8.283,none,0.0,0,false,1.5959999999999999,true,false,9.285714285714285,false,1.65833e6,1.65833e6,false,0
