CG_time_taken,method,CG_LP_IP_gap,implemented_SR3_cuts_count,errored,CG_sp_time_taken_mean,converged,CGIP_artificial,ngroute_neighborhood_size,time_limit_reached,CGIP_objective,CGLP_objective,CGLP_artificial,cycles_lookup_length
33.747,use_adaptive_ngroute,0.33331124190234596,0,false,0.6306666666666666,false,false,6.0,false,2.14165e6,1.4278139787798407e6,false,20
19.866,use_adaptive_ngroute,0.11266396264078049,0,false,0.9006842105263159,false,false,8.0,false,1.68234e6,1.4928009090909094e6,false,17
8.809,use_adaptive_ngroute,0.10651627549073972,0,false,1.649,false,false,9.428571428571429,false,1.68234e6,1.503143409090909e6,false,3
16.093,use_SR3_cuts,0.10532353745378464,2,false,2.603,false,false,9.535714285714285,false,1.68234e6,1.50515e6,false,0
21.756,use_SR3_cuts,0.10125678122931925,1,false,4.260400000000001,false,false,9.535714285714285,false,1.68234e6,1.511991666666667e6,false,0
42.175,use_SR3_cuts,0.09831068630597839,3,false,6.869166666666667,false,false,9.535714285714285,false,1.68234e6,1.5169480000000002e6,false,0
50.893,use_adaptive_ngroute,0.09497682102591976,0,false,10.062,false,false,9.535714285714285,false,1.68234e6,1.5225566949152541e6,false,5
51.263,use_SR3_cuts,0.09485087947229953,5,false,12.665750000000001,false,false,9.75,false,1.68234e6,1.5227685714285716e6,false,0
55.009,use_SR3_cuts,0.09448423944304674,1,false,13.689749999999998,false,false,9.75,false,1.68234e6,1.5233853846153847e6,false,0
552.179,use_SR3_cuts,0.04138062188022584,1,false,110.0844,false,false,9.75,false,1.59066e6,1.5248375e6,false,0
858.305,use_SR3_cuts,0.02246420927162507,10,false,142.95349999999996,false,false,9.75,false,1.56046e6,1.5254055e6,false,0
1141.03,use_adaptive_ngroute,0.004243503955123407,0,false,227.97980000000004,false,false,9.75,false,1.56046e6,1.5538381818181882e6,false,3
423.057,use_SR3_cuts,0.003047819232790294,1,false,140.9236666666667,false,false,9.857142857142858,false,1.56046e6,1.555704e6,false,0
317.685,none,0.0024057008830740134,0,false,190.232,false,false,9.857142857142858,true,1.56046e6,1.5567059999999984e6,false,0
