CG_time_taken,method,CG_LP_IP_gap,implemented_SR3_cuts_count,errored,CG_sp_time_taken_mean,converged,CGIP_artificial,ngroute_neighborhood_size,time_limit_reached,CGIP_objective,CGLP_objective,CGLP_artificial,cycles_lookup_length
21.388,use_adaptive_ngroute,0.39371920628543344,0,false,0.5828999999999999,false,false,6.0,false,2.2699e6,1.3761967736526947e6,false,28
64.949,use_adaptive_ngroute,0.03990807006034447,0,false,4.159600000000001,false,false,10.357142857142858,false,1.573082e6,1.5103033333333333e6,false,7
30.224,use_SR3_cuts,0.003594236046972732,1,false,4.197428571428571,false,false,11.5,false,1.517986e6,1.51253e6,false,0
56.605,none,0.0,0,false,7.993,true,false,11.5,false,1.517986e6,1.517986e6,false,0
