CG_time_taken,method,CG_LP_IP_gap,implemented_SR3_cuts_count,errored,CG_sp_time_taken_mean,converged,CGIP_artificial,ngroute_neighborhood_size,time_limit_reached,CGIP_objective,CGLP_objective,CGLP_artificial,cycles_lookup_length
37.944,use_adaptive_ngroute,0.3157239728081582,0,false,1.0632272727272727,false,false,6.0,false,2.093734e6,1.4326919835164836e6,false,25
67.341,use_adaptive_ngroute,0.110083914095086,0,false,3.2703499999999996,false,false,7.678571428571428,false,1.81199e6,1.6125190484988452e6,false,8
20.093,use_SR3_cuts,0.10821386676772182,4,false,3.9684000000000004,false,false,7.964285714285714,false,1.81199e6,1.6159075555555557e6,false,0
54.059,use_SR3_cuts,0.07148151498200783,10,false,7.648714285714286,false,false,7.964285714285714,false,1.746794e6,1.6219305185185187e6,false,0
64.53,use_SR3_cuts,0.06688252879274836,1,false,12.842,false,false,7.964285714285714,false,1.746794e6,1.629964e6,false,0
122.735,use_adaptive_ngroute,0.008033676249701416,0,false,40.84133333333333,false,false,7.964285714285714,false,1.64666e6,1.6334312666666666e6,false,1
36.852,use_SR3_cuts,0.007941044295725952,4,false,36.822,false,false,8.0,false,1.64666e6,1.6335837999999998e6,false,0
538.831,use_SR3_cuts,0.0069371738347123735,10,false,88.16633333333334,false,false,8.0,false,1.64666e6,1.6352368333333326e6,false,0
1468.55,use_SR3_cuts,0.0034405958275678383,3,false,293.4838,false,false,8.0,false,1.64666e6,1.6409945084745772e6,false,0
1181.482,none,0.0017022532022785697,0,false,425.98799999999994,false,false,8.0,true,1.64666e6,1.643856967741936e6,false,0
