CG_time_taken,method,CG_LP_IP_gap,implemented_SR3_cuts_count,errored,CG_sp_time_taken_mean,converged,CGIP_artificial,ngroute_neighborhood_size,time_limit_reached,CGIP_objective,CGLP_objective,CGLP_artificial,cycles_lookup_length
20.341,use_adaptive_ngroute,0.4537791521822384,0,false,0.53968,false,false,6.0,false,2.76279e6,1.5090934961424335e6,false,20
33.17,use_adaptive_ngroute,0.14305225777983244,0,false,1.5412,false,false,7.25,false,1.90364e6,1.6313199999999998e6,false,8
10.698,use_adaptive_ngroute,0.11906525288101322,0,false,1.4444285714285716,false,false,7.928571428571429,false,1.871648e6,1.6487997575757573e6,false,10
12.132,use_SR3_cuts,0.08242618226003329,2,false,1.9721666666666664,false,false,8.785714285714286,false,1.79959e6,1.6512566666666667e6,false,0
30.784,use_adaptive_ngroute,0.06779877638795517,0,false,6.051199999999999,false,false,8.785714285714286,false,1.79959e6,1.6775799999999998e6,false,3
20.3,use_adaptive_ngroute,0.06736740241038452,0,false,6.718,false,false,8.964285714285714,false,1.79959e6,1.6783562962962962e6,false,3
10.469,use_adaptive_ngroute,0.06730442510259005,0,false,5.2015,false,false,9.071428571428571,false,1.79959e6,1.67846962962963e6,false,4
24.133,use_SR3_cuts,0.06682373948140052,2,false,6.002249999999999,false,false,9.357142857142858,false,1.79959e6,1.6793346666666665e6,false,0
37.955,use_adaptive_ngroute,0.06560631481899004,0,false,9.45325,false,false,9.357142857142858,false,1.79959e6,1.6815255319148938e6,false,4
26.814,use_SR3_cuts,0.06552178715217138,1,false,8.902999999999999,false,false,9.678571428571429,false,1.79959e6,1.6816776470588238e6,false,0
21.119,use_SR3_cuts,0.06552178715217116,10,false,10.531500000000001,false,false,9.678571428571429,false,1.79959e6,1.6816776470588243e6,false,0
84.274,use_SR3_cuts,0.05957168876500474,2,false,20.98775,false,false,9.678571428571429,false,1.79959e6,1.6923853846153852e6,false,0
80.584,use_SR3_cuts,0.05822604037586343,10,false,40.245999999999995,false,false,9.678571428571429,false,1.79959e6,1.694807e6,false,0
165.483,use_SR3_cuts,0.057259338701222795,10,false,55.09366666666666,false,false,9.678571428571429,false,1.79959e6,1.6965466666666665e6,false,0
392.427,use_SR3_cuts,0.05692169565607463,10,false,130.76299999999998,false,false,9.678571428571429,false,1.79959e6,1.6971542857142847e6,false,0
378.113,use_adaptive_ngroute,0.05590938733765838,0,false,125.96266666666668,false,false,9.678571428571429,false,1.79959e6,1.6989760256410234e6,false,3
420.386,use_SR3_cuts,0.05572062842885572,10,false,140.08333333333334,false,false,9.785714285714285,false,1.79959e6,1.6993157142857155e6,false,0
833.267,use_SR3_cuts,0.054943070366028635,10,false,208.18325,false,false,9.785714285714285,false,1.79959e6,1.7007149999999986e6,false,0
566.942,use_adaptive_ngroute,0.05397162580417458,0,false,283.3765,false,false,9.785714285714285,false,1.79959e6,1.7024632019190656e6,false,5
417.065,none,0.0538854529210665,0,false,407.48900000000003,false,false,10.035714285714285,true,1.79959e6,1.702618277777778e6,false,0
