CG_time_taken,method,CG_LP_IP_gap,implemented_SR3_cuts_count,errored,CG_sp_time_taken_mean,converged,CGIP_artificial,ngroute_neighborhood_size,time_limit_reached,CGIP_objective,CGLP_objective,CGLP_artificial,cycles_lookup_length
7.335,use_adaptive_ngroute,0.9999731268195166,0,false,0.21710526315789472,false,true,6.0,false,6.0e10,1.6123908290079148e6,false,21
9.809,use_adaptive_ngroute,0.14480867997839408,0,false,0.6156428571428572,false,false,7.857142857142858,false,2.010558e6,1.71941175e6,false,11
5.529,use_SR3_cuts,0.14004818562806942,3,false,0.774,false,false,9.285714285714285,false,2.010558e6,1.728983e6,false,0
10.215,use_SR3_cuts,0.12782819495881248,10,false,1.9747999999999999,false,false,9.285714285714285,false,2.010558e6,1.753552e6,false,0
12.204,use_SR3_cuts,0.07442126345920397,1,false,2.3446,false,false,9.285714285714285,false,1.896286e6,1.755162e6,false,0
17.784,use_SR3_cuts,0.061824894447253476,1,false,3.507399999999999,false,false,9.285714285714285,false,1.874892e6,1.758977e6,false,0
40.253,use_SR3_cuts,0.03836310249090502,10,false,9.9545,false,false,9.285714285714285,false,1.838368e6,1.7678425e6,false,0
58.91,use_SR3_cuts,0.03089152987867505,10,false,19.554,false,false,9.285714285714285,false,1.838368e6,1.781578e6,false,0
50.554,use_adaptive_ngroute,0.030290453271597073,0,false,16.77866666666667,false,false,9.285714285714285,false,1.838368e6,1.7826830000000007e6,false,4
59.009,use_SR3_cuts,0.029781849988685605,10,false,29.4515,false,false,9.714285714285715,false,1.838368e6,1.783618e6,false,0
97.404,none,0.012003624906385402,0,false,32.214999999999996,false,false,9.714285714285715,false,1.805288e6,1.7836180000000014e6,false,0
