CG_time_taken,method,CG_LP_IP_gap,implemented_SR3_cuts_count,errored,CG_sp_time_taken_mean,converged,CGIP_artificial,ngroute_neighborhood_size,time_limit_reached,CGIP_objective,CGLP_objective,CGLP_artificial,cycles_lookup_length
13.375,use_adaptive_ngroute,0.3545614199618057,0,false,0.3862105263157895,false,false,6.0,false,2.46503e6,1.5910254629515503e6,false,27
26.438,use_adaptive_ngroute,0.06986011699167116,0,false,1.6728666666666665,false,false,10.321428571428571,false,1.86324e6,1.7330738356164386e6,false,8
12.295,use_SR3_cuts,0.06619383439599835,4,false,2.0010000000000003,false,false,10.964285714285714,false,1.86324e6,1.739905e6,false,0
47.514,use_adaptive_ngroute,0.013766504156508486,0,false,9.326999999999998,false,false,10.964285714285714,false,1.78457e6,1.7600027096774196e6,false,13
21.275,use_SR3_cuts,0.013095591655132632,1,false,7.056666666666667,false,false,12.142857142857142,false,1.78457e6,1.7612e6,false,0
23.951,use_SR3_cuts,0.012724633945432218,3,false,7.93,false,false,12.142857142857142,false,1.78457e6,1.761862e6,false,0
90.005,use_SR3_cuts,0.009236318632979912,1,false,22.42775,false,false,12.142857142857142,false,1.78457e6,1.768087142857143e6,false,0
59.456,use_SR3_cuts,0.008202182274190783,10,false,29.682000000000002,false,false,12.142857142857142,false,1.78457e6,1.7699326315789474e6,false,0
434.871,use_SR3_cuts,0.0062533271320261985,1,false,144.83966666666666,false,false,12.142857142857142,false,1.78457e6,1.7734105e6,false,0
777.562,use_adaptive_ngroute,0.006238664402815841,0,false,194.22175,false,false,12.142857142857142,false,1.78457e6,1.773436666666667e6,false,1
410.604,use_adaptive_ngroute,0.006029774990925385,0,false,205.243,false,false,12.178571428571429,false,1.78457e6,1.7738094444444443e6,false,5
468.276,use_SR3_cuts,0.006027862654388705,1,false,234.105,false,false,12.500000000000002,false,1.78457e6,1.7738128571428575e6,false,0
1050.947,use_SR3_cuts,0.0058821692940835835,10,false,350.2563333333334,false,false,12.500000000000002,false,1.78457e6,1.7740728571428573e6,false,0
156.248,none,0.004875123979445561,0,false,NaN,false,false,12.500000000000002,true,1.78457e6,1.775870000000001e6,false,0
