CG_time_taken,method,CG_LP_IP_gap,implemented_SR3_cuts_count,errored,CG_sp_time_taken_mean,converged,CGIP_artificial,ngroute_neighborhood_size,time_limit_reached,CGIP_objective,CGLP_objective,CGLP_artificial,cycles_lookup_length
9.145,use_adaptive_ngroute,0.19520046431605176,0,false,0.263235294117647,false,false,6.0,false,2.20498e6,1.7745668801923923e6,false,24
7.183,use_adaptive_ngroute,0.018596066099282105,0,false,0.5708181818181819,false,false,8.428571428571429,false,1.899476e6,1.86415321875e6,false,13
5.674,use_adaptive_ngroute,0.008548229222164472,0,false,0.9228333333333332,false,false,9.714285714285715,false,1.899476e6,1.88323884375e6,false,6
2.807,use_SR3_cuts,0.008323533359648527,7,false,0.9153333333333332,false,false,10.107142857142858,false,1.899476e6,1.8836656481481483e6,false,0
21.306,none,0.00023664421135094482,0,false,3.4365,false,false,10.107142857142858,false,1.899476e6,1.8990265e6,false,0
