CG_time_taken,method,CG_LP_IP_gap,implemented_SR3_cuts_count,errored,CG_sp_time_taken_mean,converged,CGIP_artificial,ngroute_neighborhood_size,time_limit_reached,CGIP_objective,CGLP_objective,CGLP_artificial,cycles_lookup_length
3.193,use_adaptive_ngroute,0.2507334707259098,0,false,0.10758823529411767,false,false,5.0,false,1.63586e6,1.2256951445783132e6,false,13
2.148,use_adaptive_ngroute,0.11316322687399105,0,false,0.12492857142857144,false,false,6.0,false,1.48502e6,1.3169703448275859e6,false,7
0.94,use_SR3_cuts,0.10286505681180491,3,false,0.107125,false,false,6.6499999999999995,false,1.48502e6,1.3322633333333335e6,false,0
1.432,use_SR3_cuts,0.0934061494121291,2,false,0.19528571428571426,false,false,6.6499999999999995,false,1.48502e6,1.34631e6,false,0
1.227,use_adaptive_ngroute,0.08540850179346637,0,false,0.39966666666666667,false,false,6.6499999999999995,false,1.48502e6,1.3581866666666665e6,false,1
0.656,use_SR3_cuts,0.08477158556787112,10,false,0.3205,false,false,6.7,false,1.48502e6,1.3591325e6,false,0
1.716,use_SR3_cuts,0.0801066652300979,2,false,0.56,false,false,6.7,false,1.48502e6,1.36606e6,false,0
3.748,use_SR3_cuts,0.006415549393514852,2,false,0.7387999999999999,false,false,6.7,false,1.37761e6,1.368771875e6,false,0
1.605,use_SR3_cuts,0.006184624095353586,10,false,0.791,false,false,6.7,false,1.37761e6,1.36909e6,false,0
3.075,none,0.003571402646612598,0,false,1.01,false,false,6.7,false,1.37761e6,1.37269e6,false,0
