CG_time_taken,method,CG_LP_IP_gap,implemented_SR3_cuts_count,errored,CG_sp_time_taken_mean,converged,CGIP_artificial,ngroute_neighborhood_size,time_limit_reached,CGIP_objective,CGLP_objective,CGLP_artificial,cycles_lookup_length
29.618,use_adaptive_ngroute,0.339615519564454,0,false,0.686,false,false,6.0,false,2.0831e6,1.3756469111952859e6,false,26
55.575,use_adaptive_ngroute,0.03204162853711601,0,false,2.689315789473684,false,false,8.607142857142858,false,1.61877e6,1.5669019729729728e6,false,4
12.712,use_adaptive_ngroute,0.03199439402595283,0,false,2.4924,false,false,9.428571428571429,false,1.61877e6,1.5669784347826084e6,false,1
7.061,use_SR3_cuts,0.03181434738172251,8,false,3.4885,false,false,9.5,false,1.61877e6,1.567269888888889e6,false,0
219.545,use_adaptive_ngroute,0.021616500711739706,0,false,35.77433333333333,false,false,9.5,false,1.61877e6,1.583777857142857e6,false,7
143.977,use_SR3_cuts,0.020128554396239173,10,false,20.258285714285712,false,false,10.428571428571429,false,1.61877e6,1.5861865e6,false,0
165.001,use_adaptive_ngroute,0.013952671884620127,0,false,40.97,false,false,10.428571428571429,false,1.61877e6,1.5961838333333335e6,false,4
260.59,use_SR3_cuts,0.013478902732051323,3,false,52.046800000000005,false,false,11.214285714285714,false,1.61893e6,1.5971086e6,false,0
637.32,use_SR3_cuts,0.011647732537667488,10,false,126.2666,false,false,11.214285714285714,false,1.61877e6,1.599915e6,false,0
260.434,use_SR3_cuts,0.007660137017612145,10,false,86.56866666666666,false,false,11.214285714285714,false,1.61877e6,1.60637e6,false,0
212.678,use_adaptive_ngroute,0.00686817769046888,0,false,106.0245,false,false,11.214285714285714,false,1.61877e6,1.6076519999999998e6,false,5
500.018,use_SR3_cuts,0.006867313596017222,1,false,166.43733333333333,false,false,11.642857142857142,false,1.61893e6,1.6078122999999998e6,false,0
323.905,use_SR3_cuts,0.006546686031597138,10,false,107.77900000000001,false,false,11.642857142857142,false,1.61877e6,1.6081724210526315e6,false,0
375.502,use_SR3_cuts,0.0036335325225157478,10,false,124.99766666666667,false,false,11.642857142857142,false,1.61591e6,1.6100385384615415e6,false,0
383.364,none,0.0035761583256495033,0,false,199.936,false,false,11.642857142857142,true,1.61591e6,1.6101312499999998e6,false,0
