CG_time_taken,method,CG_LP_IP_gap,implemented_SR3_cuts_count,errored,CG_sp_time_taken_mean,converged,CGIP_artificial,ngroute_neighborhood_size,time_limit_reached,CGIP_objective,CGLP_objective,CGLP_artificial,cycles_lookup_length
12.211,use_adaptive_ngroute,0.20512972232980053,0,false,0.17648275862068968,false,false,6.0,false,1.89191e6,1.503823027027027e6,false,21
6.559,use_SR3_cuts,0.09668163571192046,1,false,0.34886666666666666,false,false,7.642857142857142,false,1.72133e6,1.554909e6,false,0
5.765,use_adaptive_ngroute,0.09223888807921254,0,false,0.5408000000000001,false,false,7.642857142857142,false,1.72133e6,1.562556434782609e6,false,15
8.392,use_SR3_cuts,0.07756305619120285,7,false,1.023375,false,false,8.892857142857142,false,1.7043e6,1.572109283333333e6,false,0
6.24,use_SR3_cuts,0.07378044876407486,1,false,1.49425,false,false,8.892857142857142,false,1.702409e6,1.5768045e6,false,0
30.997,use_SR3_cuts,0.07231135408706157,10,false,3.8141249999999998,false,false,8.892857142857142,false,1.702409e6,1.5793054999999995e6,false,0
16.742,none,0.07016469015377624,0,false,4.11925,false,false,8.892857142857142,false,1.702409e6,1.58296e6,false,0
