CG_time_taken,method,CG_LP_IP_gap,implemented_SR3_cuts_count,errored,CG_sp_time_taken_mean,converged,CGIP_artificial,ngroute_neighborhood_size,time_limit_reached,CGIP_objective,CGLP_objective,CGLP_artificial,cycles_lookup_length
17.48,use_adaptive_ngroute,0.3304348304867998,0,false,0.4617894736842106,false,false,6.0,false,2.1936e6,1.468758155844156e6,false,21
39.126,use_adaptive_ngroute,0.14646422245933644,0,false,3.3280909090909088,false,false,8.392857142857144,false,1.84627e6,1.575857500000001e6,false,6
40.156,use_adaptive_ngroute,0.12026438827703989,0,false,4.918374999999999,false,false,8.678571428571429,false,1.80229e6,1.5855386956521738e6,false,10
16.645,use_SR3_cuts,0.11983997694347459,14,false,4.122999999999999,false,false,9.464285714285714,false,1.80229e6,1.5863036079545452e6,false,0
1026.506,use_adaptive_ngroute,0.10940289171271989,0,false,120.73112499999999,false,false,9.464285714285714,false,1.80229e6,1.605114262295082e6,false,1
111.764,use_adaptive_ngroute,0.10901042475822431,0,false,55.3365,false,false,9.5,false,1.80229e6,1.6058216015625e6,false,2
68.233,use_SR3_cuts,0.10900410710547237,5,false,33.979,false,false,9.678571428571429,false,1.80229e6,1.6058329878048783e6,false,0
2256.49,none,0.107845771123798,0,false,642.4033333333333,false,false,9.678571428571429,true,1.80229e6,1.6079206451612902e6,false,0
