CG_time_taken,method,CG_LP_IP_gap,implemented_SR3_cuts_count,errored,CG_sp_time_taken_mean,converged,CGIP_artificial,ngroute_neighborhood_size,time_limit_reached,CGIP_objective,CGLP_objective,CGLP_artificial,cycles_lookup_length
8.818,use_adaptive_ngroute,0.36491409472213765,0,false,0.19364000000000006,false,false,6.0,false,2.52244e6,1.601966090909091e6,false,28
22.41,use_adaptive_ngroute,0.025972975611664895,0,false,1.239470588235294,false,false,9.357142857142858,false,1.758336e6,1.7126667819548876e6,false,10
9.652,use_SR3_cuts,0.022165536927220453,7,false,1.5705,false,false,9.928571428571427,false,1.758336e6,1.719361538461539e6,false,0
28.907,none,0.0,0,false,4.705666666666667,true,false,9.928571428571427,false,1.72748e6,1.72748e6,false,0
