CG_time_taken,method,CG_LP_IP_gap,implemented_SR3_cuts_count,errored,CG_sp_time_taken_mean,converged,CGIP_artificial,ngroute_neighborhood_size,time_limit_reached,CGIP_objective,CGLP_objective,CGLP_artificial,cycles_lookup_length
25.718,use_adaptive_ngroute,0.9998652262141327,0,false,0.51115,false,true,6.0,false,1.000175566e10,1.3479744756182793e6,false,27
36.614,use_adaptive_ngroute,0.010928261568318165,0,false,1.9357058823529412,false,false,8.357142857142856,false,1.58189e6,1.5646026923076932e6,false,6
11.612,use_SR3_cuts,0.010191569057564243,7,false,1.8115,false,false,8.964285714285714,false,1.58189e6,1.5657680588235296e6,false,0
21.459,none,0.01004115330395916,0,false,2.8295714285714286,false,false,8.964285714285714,false,1.58189e6,1.566006e6,false,0
