CG_time_taken,method,CG_LP_IP_gap,implemented_SR3_cuts_count,errored,CG_sp_time_taken_mean,converged,CGIP_artificial,ngroute_neighborhood_size,time_limit_reached,CGIP_objective,CGLP_objective,CGLP_artificial,cycles_lookup_length
18.236,use_adaptive_ngroute,0.37630705486226745,0,false,0.38687499999999997,false,false,6.0,false,2.49753e6,1.5576918412698412e6,false,28
22.263,use_adaptive_ngroute,0.04128485324968534,0,false,1.350933333333333,false,false,8.285714285714285,false,1.78799e6,1.7141730952380951e6,false,5
20.375,use_adaptive_ngroute,0.0393336918347148,0,false,1.3812142857142855,false,false,8.857142857142858,false,1.78799e6,1.7176617523364483e6,false,9
5.297,use_SR3_cuts,0.039133278549816186,5,false,1.7253333333333334,false,false,10.035714285714285,false,1.78799e6,1.718020089285714e6,false,0
33.973,use_SR3_cuts,0.03267635725032014,1,false,4.790142857142857,false,false,10.035714285714285,false,1.78799e6,1.729565e6,false,0
30.406,use_adaptive_ngroute,0.029102742657417857,0,false,7.417999999999999,false,false,10.035714285714285,false,1.78799e6,1.7359545871559635e6,false,4
27.772,use_SR3_cuts,0.02868281328941058,2,false,9.219,false,false,10.357142857142858,false,1.78799e6,1.7367054166666667e6,false,0
68.069,use_SR3_cuts,0.02744422507955857,1,false,16.970499999999998,false,false,10.357142857142858,false,1.78799e6,1.73892e6,false,0
97.105,use_SR3_cuts,0.0271221329896153,1,false,24.141999999999996,false,false,10.357142857142858,false,1.78799e6,1.7394958974358977e6,false,0
20.262,use_SR3_cuts,0.02705738473555952,2,false,20.225,false,false,10.357142857142858,false,1.78799e6,1.739611666666667e6,false,0
29.442,use_SR3_cuts,0.026981250388622424,1,false,29.399,false,false,10.357142857142858,false,1.78799e6,1.739747794117647e6,false,0
26.979,use_SR3_cuts,0.026975714457187272,1,false,26.917,false,false,10.357142857142858,false,1.78799e6,1.7397576923076937e6,false,0
51.65,use_SR3_cuts,0.02696679715007566,10,false,25.797,false,false,10.357142857142858,false,1.78799e6,1.7397736363636362e6,false,0
438.568,use_SR3_cuts,0.023566873043660008,3,false,109.53174999999999,false,false,10.357142857142858,false,1.78799e6,1.7458526666666663e6,false,0
1063.495,use_SR3_cuts,0.023206118430364686,10,false,212.5798,false,false,10.357142857142858,false,1.78799e6,1.7464976923076923e6,false,0
1633.216,none,0.021315652723475464,0,false,677.3055,false,false,10.357142857142858,true,1.78799e6,1.749877826086953e6,false,0
