CG_time_taken,method,CG_LP_IP_gap,implemented_SR3_cuts_count,errored,CG_sp_time_taken_mean,converged,CGIP_artificial,ngroute_neighborhood_size,time_limit_reached,CGIP_objective,CGLP_objective,CGLP_artificial,cycles_lookup_length
9.315,use_adaptive_ngroute,0.23390804674829346,0,false,0.25178947368421056,false,false,6.0,false,2.12897e6,1.6309867857142857e6,false,17
9.483,use_adaptive_ngroute,0.10275162828623075,0,false,0.471625,false,false,7.821428571428572,false,1.99494e6,1.7899566666666667e6,false,12
3.145,use_adaptive_ngroute,0.1014299962689389,0,false,0.4996666666666667,false,false,8.678571428571429,false,1.99494e6,1.792593243243243e6,false,7
6.423,use_adaptive_ngroute,0.07972179917714417,0,false,0.8738571428571429,false,false,9.214285714285714,false,1.9500099698787709e6,1.7945516666666665e6,false,6
7.902,use_adaptive_ngroute,0.07791381955617016,0,false,1.935,false,false,9.535714285714285,false,1.95001e6,1.7980772727272727e6,false,1
12.764,use_SR3_cuts,0.0775833628203616,5,false,2.067333333333333,false,false,9.571428571428571,false,1.95001e6,1.7987216666666667e6,false,0
23.324,none,0.0,0,false,4.585999999999999,true,false,9.571428571428571,false,1.80479e6,1.80479e6,false,0
