CG_time_taken,method,CG_LP_IP_gap,implemented_SR3_cuts_count,errored,CG_sp_time_taken_mean,converged,CGIP_artificial,ngroute_neighborhood_size,time_limit_reached,CGIP_objective,CGLP_objective,CGLP_artificial,cycles_lookup_length
11.95,use_adaptive_ngroute,0.43940190561883263,0,false,0.34788235294117653,false,false,6.0,false,2.82293e6,1.5825291785714286e6,false,28
24.734,use_adaptive_ngroute,0.03717420837200469,0,false,1.4370625,false,false,8.464285714285715,false,1.812278e6,1.744908e6,false,9
19.25,use_adaptive_ngroute,0.028568906094981084,0,false,1.5356666666666667,false,false,9.535714285714285,false,1.812278e6,1.7605032e6,false,3
7.031,use_SR3_cuts,0.02666174836310986,2,false,1.708,false,false,9.892857142857142,false,1.812278e6,1.7639595e6,false,0
13.569,use_adaptive_ngroute,0.005642931042000643,0,false,3.2847500000000003,false,false,9.892857142857142,false,1.78076e6,1.770711294117647e6,false,2
6.314,use_SR3_cuts,0.005604629484040502,2,false,3.122,false,false,10.071428571428573,false,1.78076e6,1.7707795e6,false,0
9.536,use_SR3_cuts,0.00501729598598355,1,false,4.727499999999999,false,false,10.071428571428573,false,1.78076e6,1.7718254e6,false,0
14.755,use_SR3_cuts,0.004832768031626911,10,false,4.8726666666666665,false,false,10.071428571428573,false,1.78076e6,1.772154e6,false,0
51.556,use_adaptive_ngroute,0.0016533203051880552,0,false,12.7135,false,false,10.071428571428573,false,1.78076e6,1.7778158333333333e6,false,2
18.689,use_SR3_cuts,0.0016362551819321114,10,false,9.3185,false,false,10.357142857142858,false,1.78076e6,1.7778462222222225e6,false,0
67.198,use_SR3_cuts,0.0005095202797307241,1,false,22.146,false,false,10.357142857142858,false,1.78076e6,1.7798526666666667e6,false,0
58.039,use_SR3_cuts,0.0001352231631438494,10,false,19.243333333333336,false,false,10.357142857142858,false,1.78076e6,1.7805192e6,false,0
45.116,none,0.0,0,false,22.485,true,false,10.357142857142858,false,1.78076e6,1.78076e6,false,0
