CG_time_taken,method,CG_LP_IP_gap,implemented_SR3_cuts_count,errored,CG_sp_time_taken_mean,converged,CGIP_artificial,ngroute_neighborhood_size,time_limit_reached,CGIP_objective,CGLP_objective,CGLP_artificial,cycles_lookup_length
14.442,use_adaptive_ngroute,0.10366048332006528,0,false,0.30477777777777776,false,false,6.0,false,1.681991e6,1.507635e6,false,10
5.295,use_adaptive_ngroute,0.04724318071639677,0,false,0.23692307692307696,false,false,7.107142857142857,false,1.602771e6,1.527051e6,false,8
2.196,use_SR3_cuts,0.02061801480132952,1,false,0.2557142857142857,false,false,7.892857142857143,false,1.559995e6,1.527831e6,false,0
7.337,use_adaptive_ngroute,0.014329533107477865,0,false,0.9092857142857143,false,false,7.892857142857143,false,1.559995e6,1.537641e6,false,5
2.834,use_SR3_cuts,0.012662861098913791,1,false,0.62125,false,false,8.25,false,1.559995e6,1.540241e6,false,0
4.204,use_SR3_cuts,0.012275039343074834,1,false,0.9587499999999999,false,false,8.25,false,1.559995e6,1.540846e6,false,0
7.199,use_SR3_cuts,0.012275039343074834,1,false,1.3541999999999998,false,false,8.25,false,1.559995e6,1.540846e6,false,0
7.86,use_SR3_cuts,0.007671392109162678,10,false,1.91425,false,false,8.25,false,1.559995e6,1.5480276666666667e6,false,0
23.239,use_adaptive_ngroute,0.0058102750329327435,0,false,3.761166666666666,false,false,8.25,false,1.559995e6,1.550931e6,false,7
19.632,use_adaptive_ngroute,0.005731062324833447,0,false,3.8135999999999997,false,false,8.5,false,1.559995e6,1.5510545714285714e6,false,10
85.637,use_adaptive_ngroute,0.0037569208733220227,0,false,12.064285714285711,false,false,8.928571428571429,false,1.559995e6,1.554134222222222e6,false,3
24.242,use_SR3_cuts,0.003424369949903805,2,false,12.038,false,false,9.035714285714286,false,1.559995e6,1.5546529999999998e6,false,0
50.208,use_SR3_cuts,0.003383985205080764,10,false,12.42475,false,false,9.035714285714286,false,1.559995e6,1.554716e6,false,0
123.366,none,0.0,0,false,24.3092,true,false,9.035714285714286,false,1.559995e6,1.559995e6,false,0
