CG_time_taken,method,CG_LP_IP_gap,implemented_SR3_cuts_count,errored,CG_sp_time_taken_mean,converged,CGIP_artificial,ngroute_neighborhood_size,time_limit_reached,CGIP_objective,CGLP_objective,CGLP_artificial,cycles_lookup_length
19.591,use_adaptive_ngroute,0.9999737348463227,0,false,0.4699499999999999,false,true,6.0,false,6.0e10,1.575909220641992e6,false,25
24.014,use_adaptive_ngroute,0.11125839650883962,0,false,1.3358124999999998,false,false,8.142857142857142,false,2.01423e6,1.79013e6,false,10
18.42,use_adaptive_ngroute,0.10323194411158543,0,false,1.9836666666666671,false,false,9.25,false,2.01423e6,1.8062971212121213e6,false,13
11.863,use_adaptive_ngroute,0.09745044443566642,0,false,2.9185000000000003,false,false,10.928571428571429,false,2.01423e6,1.8179423913043477e6,false,6
16.574,use_SR3_cuts,0.09690641991322657,6,false,4.09125,false,false,11.785714285714285,false,2.01423e6,1.8190381818181816e6,false,0
64.722,use_SR3_cuts,0.005373419283187575,4,false,15.890999999999998,false,false,11.785714285714285,false,1.85323e6,1.8432718181818184e6,false,0
79.813,use_SR3_cuts,0.003476988035260309,3,false,19.57525,false,false,11.785714285714285,false,1.85323e6,1.8467863414634145e6,false,0
91.497,use_SR3_cuts,0.00038408699402048274,2,false,22.829749999999997,false,false,11.785714285714285,false,1.84982e6,1.849109508196721e6,false,0
26.379,none,0.0,0,false,26.33,true,false,11.785714285714285,false,1.84982e6,1.84982e6,false,0
