CG_time_taken,method,CG_LP_IP_gap,implemented_SR3_cuts_count,errored,CG_sp_time_taken_mean,converged,CGIP_artificial,ngroute_neighborhood_size,time_limit_reached,CGIP_objective,CGLP_objective,CGLP_artificial,cycles_lookup_length
9.128,use_adaptive_ngroute,0.2907712206344276,0,false,0.41706666666666664,false,false,5.0,false,1.77662e6,1.2600300339964633e6,false,17
2.97,use_adaptive_ngroute,0.040577104262443875,0,false,0.28922222222222227,false,false,7.0,false,1.46825e6,1.4086726666666667e6,false,4
1.575,use_SR3_cuts,0.0012357233324740147,10,false,0.29800000000000004,false,false,7.6499999999999995,false,1.427504e6,1.42574e6,false,0
1.992,none,0.0,0,false,0.3754,true,false,7.6499999999999995,false,1.427504e6,1.427504e6,false,0
