CG_time_taken,method,CG_LP_IP_gap,implemented_SR3_cuts_count,errored,CG_sp_time_taken_mean,converged,CGIP_artificial,ngroute_neighborhood_size,time_limit_reached,CGIP_objective,CGLP_objective,CGLP_artificial,cycles_lookup_length
10.017,use_adaptive_ngroute,0.420884397090297,0,false,0.20270833333333332,false,false,6.0,false,2.79444e6,1.6183038053949904e6,false,23
10.423,use_adaptive_ngroute,0.054134508824826955,0,false,0.5762500000000002,false,false,7.357142857142857,false,1.83827e6,1.7387561564625853e6,false,14
7.109,use_SR3_cuts,0.05241220156874549,6,false,1.74575,false,false,10.035714285714285,false,1.83827e6,1.7419222222222222e6,false,0
52.317,use_adaptive_ngroute,0.03284810176512387,0,false,8.523,false,false,10.035714285714285,false,1.83097e6,1.7708261111111112e6,false,1
10.758,use_SR3_cuts,0.03267515154383849,1,false,3.5690000000000004,false,false,10.25,false,1.83097e6,1.771142777777778e6,false,0
20.818,use_SR3_cuts,0.032589890118959186,10,false,5.17725,false,false,10.25,false,1.83097e6,1.7712988888888892e6,false,0
26.738,use_SR3_cuts,0.02880713501586596,10,false,13.247,false,false,10.25,false,1.83097e6,1.778225e6,false,0
25.323,use_adaptive_ngroute,0.027608316903062424,0,false,12.6375,false,false,10.25,false,1.83097e6,1.7804199999999998e6,false,2
26.236,use_SR3_cuts,0.027584650030676117,1,false,13.074,false,false,10.392857142857142,false,1.83097e6,1.780463333333333e6,false,0
40.866,use_SR3_cuts,0.02720415954384836,5,false,13.572333333333331,false,false,10.392857142857142,false,1.83097e6,1.78116e6,false,0
168.955,use_adaptive_ngroute,0.02574075460030778,0,false,41.59275,false,false,10.392857142857142,false,1.83097e6,1.7838394505494745e6,false,5
67.811,use_SR3_cuts,0.02567146508814011,5,false,33.8555,false,false,10.928571428571429,false,1.83097e6,1.783966317567568e6,false,0
165.789,use_adaptive_ngroute,0.023279171241246677,0,false,55.17433333333333,false,false,10.928571428571429,false,1.83097e6,1.7883465358324146e6,false,4
143.772,use_SR3_cuts,0.023270203478161333,2,false,71.78949999999999,false,false,11.071428571428571,false,1.83097e6,1.788362955537591e6,false,0
154.533,use_SR3_cuts,0.022722067389861156,2,false,77.1865,false,false,11.071428571428571,false,1.83097e6,1.789366576271186e6,false,0
519.147,use_adaptive_ngroute,0.02238728560854797,0,false,172.84566666666666,false,false,11.071428571428571,false,1.83097e6,1.7899795516693168e6,false,2
182.024,use_SR3_cuts,0.02238326987117567,1,false,181.96,false,false,11.214285714285714,false,1.83097e6,1.7899869043639735e6,false,0
324.187,use_SR3_cuts,0.022356681216759267,10,false,161.98549999999997,false,false,11.214285714285714,false,1.83097e6,1.7900355873925502e6,false,0
644.43,none,-1.3322676295501878e-15,0,false,160.7275,true,false,11.214285714285714,false,1.7906e6,1.7906000000000026e6,false,0
