CG_time_taken,method,CG_LP_IP_gap,implemented_SR3_cuts_count,errored,CG_sp_time_taken_mean,converged,CGIP_artificial,ngroute_neighborhood_size,time_limit_reached,CGIP_objective,CGLP_objective,CGLP_artificial,cycles_lookup_length
8.239,use_adaptive_ngroute,0.21379236990813766,0,false,0.17035999999999998,false,false,6.0,false,1.98164e6,1.557980488095238e6,false,25
5.263,use_adaptive_ngroute,0.0047739801319525155,0,false,0.3751666666666666,false,false,7.7857142857142865,false,1.64049e6,1.6326583333333333e6,false,4
2.757,use_SR3_cuts,0.003493874797570573,3,false,0.422,false,false,8.535714285714286,false,1.64049e6,1.6347583333333335e6,false,0
4.268,none,0.0,0,false,0.8128000000000001,true,false,8.535714285714286,false,1.64049e6,1.64049e6,false,0
