CG_time_taken,method,CG_LP_IP_gap,implemented_SR3_cuts_count,errored,CG_sp_time_taken_mean,converged,CGIP_artificial,ngroute_neighborhood_size,time_limit_reached,CGIP_objective,CGLP_objective,CGLP_artificial,cycles_lookup_length
20.194,use_adaptive_ngroute,0.3736987942784392,0,false,0.4637272727272728,false,false,6.0,false,2.31452e6,1.449586666666667e6,false,18
11.634,use_adaptive_ngroute,0.036626545395130994,0,false,0.9230909090909091,false,false,7.428571428571428,false,1.65249e6,1.591965e6,false,5
7.561,use_SR3_cuts,0.03556047742094259,10,false,1.1684999999999999,false,false,8.0,false,1.65249e6,1.5937266666666665e6,false,0
28.808,use_adaptive_ngroute,0.024859454520148816,0,false,4.703333333333333,false,false,8.0,false,1.65249e6,1.6114099999999993e6,false,7
57.761,use_adaptive_ngroute,0.02174975340244112,0,false,7.129499999999999,false,false,8.25,false,1.65249e6,1.61654875e6,false,7
52.914,use_SR3_cuts,0.021006062180290108,1,false,8.64333333333333,false,false,8.964285714285714,false,1.65249e6,1.6177776923076925e6,false,0
21.82,use_adaptive_ngroute,0.020572590454405293,0,false,7.205666666666666,false,false,8.964285714285714,false,1.65249e6,1.6184939999999998e6,false,2
39.169,use_SR3_cuts,0.02032084914280874,10,false,9.731,false,false,9.071428571428571,false,1.65249e6,1.61891e6,false,0
66.143,use_adaptive_ngroute,0.019157755871442528,0,false,13.116999999999999,false,false,9.071428571428571,false,1.65249e6,1.620832e6,false,1
96.242,use_SR3_cuts,0.018924168981355405,1,false,23.985999999999997,false,false,9.214285714285714,false,1.65249e6,1.621218e6,false,0
42.432,use_SR3_cuts,0.018916907212751632,10,false,14.081,false,false,9.214285714285714,false,1.65249e6,1.62123e6,false,0
82.457,none,0.01717408274785326,0,false,20.543000000000003,false,false,9.214285714285714,false,1.65249e6,1.62411e6,false,0
