CG_time_taken,method,CG_LP_IP_gap,implemented_SR3_cuts_count,errored,CG_sp_time_taken_mean,converged,CGIP_artificial,ngroute_neighborhood_size,time_limit_reached,CGIP_objective,CGLP_objective,CGLP_artificial,cycles_lookup_length
15.534,use_adaptive_ngroute,0.3743630430361916,0,false,0.3393333333333333,false,false,6.0,false,2.32582e6,1.4551189472455648e6,false,25
10.432,use_adaptive_ngroute,0.11235660111034551,0,false,0.6162,false,false,7.571428571428571,false,1.87269e6,1.662280916666667e6,false,12
4.895,use_adaptive_ngroute,0.09219628404758373,0,false,0.6668571428571427,false,false,8.714285714285715,false,1.8439e6,1.6738992718446604e6,false,2
3.254,use_SR3_cuts,0.09202898033630103,9,false,0.7919999999999999,false,false,8.785714285714286,false,1.8439e6,1.6742077631578946e6,false,0
151.316,none,0.038650126536514784,0,false,17.687875,false,false,8.785714285714286,false,1.77024e6,1.70182e6,false,0
