CG_time_taken,method,CG_LP_IP_gap,implemented_SR3_cuts_count,errored,CG_sp_time_taken_mean,converged,CGIP_artificial,ngroute_neighborhood_size,time_limit_reached,CGIP_objective,CGLP_objective,CGLP_artificial,cycles_lookup_length
15.298,use_adaptive_ngroute,0.3111966633187707,0,false,0.4691176470588235,false,false,6.0,false,2.404909e6,1.6565093436147184e6,false,28
14.627,use_adaptive_ngroute,0.1352398288063692,0,false,1.3785,false,false,11.428571428571429,false,2.05604e6,1.7779815023809527e6,false,3
5.029,use_SR3_cuts,0.13466240643063698,10,false,1.629,false,false,11.642857142857142,false,2.05604e6,1.7791687058823532e6,false,0
139.97,use_adaptive_ngroute,0.029378348572551838,0,false,15.683875000000002,false,false,11.642857142857142,false,1.885736e6,1.8303361904761903e6,false,3
34.927,use_SR3_cuts,0.029079158156080975,2,false,11.319999999999999,false,false,11.75,false,1.885736e6,1.8309003846153845e6,false,0
74.075,use_adaptive_ngroute,0.028314817574323303,0,false,24.446999999999996,false,false,11.75,false,1.885736e6,1.8323417291666658e6,false,7
52.549,use_SR3_cuts,0.028081578151524345,5,false,26.159,false,false,12.25,false,1.885736e6,1.832781557142857e6,false,0
318.54,use_adaptive_ngroute,0.027218788844249664,0,false,102.566,false,false,12.25,false,1.885736e6,1.83440855e6,false,2
185.698,use_SR3_cuts,0.027158007978494103,10,false,61.73666666666667,false,false,12.321428571428571,false,1.885736e6,1.8345231666666665e6,false,0
454.118,use_SR3_cuts,0.024510323820513547,1,false,90.5654,false,false,12.321428571428571,false,1.885736e6,1.839516e6,false,0
460.2,use_adaptive_ngroute,0.02373794465125101,0,false,152.99766666666667,false,false,12.321428571428571,false,1.885736e6,1.8409725032051285e6,false,3
465.068,use_SR3_cuts,0.02365555287674137,2,false,154.89833333333334,false,false,12.428571428571427,false,1.885736e6,1.8411278723404252e6,false,0
911.595,use_adaptive_ngroute,0.018758368067602893,0,false,151.7603333333333,false,false,12.428571428571427,false,1.885736e6,1.8503626700336707e6,false,1
262.552,use_SR3_cuts,0.01872818918488417,2,false,131.15949999999998,false,false,12.535714285714286,false,1.885736e6,1.8504195794392533e6,false,0
184.19,none,0.01845988195800663,0,false,175.13899999999998,false,false,12.535714285714286,true,1.885736e6,1.8509255360360364e6,false,0
