CG_time_taken,method,CG_LP_IP_gap,implemented_SR3_cuts_count,errored,CG_sp_time_taken_mean,converged,CGIP_artificial,ngroute_neighborhood_size,time_limit_reached,CGIP_objective,CGLP_objective,CGLP_artificial,cycles_lookup_length
15.639,use_adaptive_ngroute,0.999975412214425,0,false,0.3671363636363636,false,true,6.0,false,6.0e10,1.4752671345029238e6,false,28
23.984,use_adaptive_ngroute,0.13660342576234674,0,false,1.357625,false,false,9.142857142857142,false,1.95285e6,1.6860840000000012e6,false,11
21.009,use_adaptive_ngroute,0.044160769308908665,0,false,2.2631111111111113,false,false,10.928571428571429,false,1.77198e6,1.693728e6,false,3
13.518,use_SR3_cuts,0.04369349541191214,3,false,3.3405,false,false,11.75,false,1.77198e6,1.694556e6,false,0
65.94,use_SR3_cuts,0.03744398920981051,1,false,9.33457142857143,false,false,11.75,false,1.77198e6,1.70563e6,false,0
28.009,use_SR3_cuts,0.035686068691520245,1,false,13.8875,false,false,11.75,false,1.77198e6,1.708745e6,false,0
62.525,use_SR3_cuts,0.035686068691520245,1,false,15.561,false,false,11.75,false,1.77198e6,1.708745e6,false,0
31.3,use_adaptive_ngroute,0.03425761550571094,0,false,15.599,false,false,11.75,false,1.77198e6,1.7112761904761903e6,false,9
125.747,use_SR3_cuts,0.03367066784049477,3,false,31.32725,false,false,12.535714285714286,false,1.77198e6,1.71231625e6,false,0
133.433,use_SR3_cuts,0.013779146164839662,2,false,33.20675,false,false,12.535714285714286,false,1.73765e6,1.7137066666666663e6,false,0
470.126,use_SR3_cuts,0.012725582652232559,10,false,117.38624999999998,false,false,12.535714285714286,false,1.73765e6,1.7155373913043481e6,false,0
792.501,use_SR3_cuts,0.00554307431123835,2,false,158.28539999999998,false,false,12.535714285714286,false,1.73765e6,1.7280180769230768e6,false,0
700.149,use_adaptive_ngroute,0.005195189700830771,0,false,174.77599999999998,false,false,12.535714285714286,false,1.73765e6,1.7286225786163514e6,false,6
426.93,use_SR3_cuts,0.005134571353314854,1,false,213.3615,false,false,12.892857142857142,false,1.73765e6,1.7287279120879124e6,false,0
677.792,none,0.00512770922477257,0,false,NaN,false,false,12.892857142857142,true,1.73765e6,1.7287398360655739e6,false,0
