CG_time_taken,method,CG_LP_IP_gap,implemented_SR3_cuts_count,errored,CG_sp_time_taken_mean,converged,CGIP_artificial,ngroute_neighborhood_size,time_limit_reached,CGIP_objective,CGLP_objective,CGLP_artificial,cycles_lookup_length
21.836,use_adaptive_ngroute,0.1404993401728164,0,false,0.5079166666666667,false,false,6.0,false,2.022294e6,1.7381630273645543e6,false,17
6.951,use_adaptive_ngroute,0.11395941845680901,0,false,0.5201818181818182,false,false,6.714285714285714,false,2.00822e6,1.779364416666667e6,false,4
6.154,use_adaptive_ngroute,0.09392880069057807,0,false,0.7917142857142858,false,false,6.964285714285714,false,1.97086e6,1.7857394838709673e6,false,4
9.942,use_SR3_cuts,0.09352160985559599,2,false,1.9308,false,false,7.607142857142857,false,1.97086e6,1.786542e6,false,0
50.081,use_adaptive_ngroute,0.06259085378272389,0,false,4.8747,false,false,7.607142857142857,false,1.91489e6,1.7950354e6,false,7
31.094,use_adaptive_ngroute,0.062224531609300304,0,false,6.1259999999999994,false,false,7.892857142857143,false,1.91489e6,1.795736866666667e6,false,3
24.325,use_SR3_cuts,0.06204046533569385,6,false,6.022,false,false,8.0,false,1.91489e6,1.7960893333333333e6,false,0
79.519,use_SR3_cuts,0.05894698912209073,1,false,19.53925,false,false,8.0,false,1.91489e6,1.8020129999999998e6,false,0
61.337,use_adaptive_ngroute,0.05872173684476223,0,false,29.2955,false,false,8.0,false,1.91489e6,1.8024443333333333e6,false,1
100.476,use_SR3_cuts,0.05851550219594859,1,false,33.305,false,false,8.035714285714285,false,1.91489e6,1.80283925e6,false,0
63.879,use_SR3_cuts,0.05851550219594848,1,false,21.228333333333335,false,false,8.035714285714285,false,1.91489e6,1.8028392500000002e6,false,0
52.054,use_SR3_cuts,0.05851550219594859,10,false,17.272333333333332,false,false,8.035714285714285,false,1.91489e6,1.80283925e6,false,0
186.697,use_SR3_cuts,0.05679595172568663,1,false,37.2322,false,false,8.035714285714285,false,1.91489e6,1.806132e6,false,0
133.078,use_adaptive_ngroute,0.056280931839541526,0,false,44.27533333333333,false,false,8.035714285714285,false,1.91489e6,1.8071182064297802e6,false,6
149.148,use_SR3_cuts,0.0561640616432274,10,false,49.651333333333326,false,false,8.607142857142858,false,1.91489e6,1.8073420000000002e6,false,0
278.119,use_SR3_cuts,0.053652053457461824,3,false,92.60233333333333,false,false,8.607142857142858,false,1.91489e6,1.812152219354841e6,false,0
570.658,use_adaptive_ngroute,0.05334990284274599,0,false,189.99,false,false,8.607142857142858,false,1.91489e6,1.8127308045454542e6,false,1
352.592,use_adaptive_ngroute,0.05333592888367911,0,false,168.619,false,false,8.678571428571429,false,1.91489e6,1.8127575631399318e6,false,1
569.529,use_SR3_cuts,0.05333592888367933,4,false,284.61150000000004,false,false,8.714285714285715,false,1.91489e6,1.8127575631399313e6,false,0
643.692,use_SR3_cuts,0.05295403929486464,1,false,321.6975,false,false,8.714285714285715,false,1.91489e6,1.8134888396946567e6,false,0
185.277,none,0.05160705003782051,0,false,NaN,false,false,8.714285714285715,true,1.91489e6,1.8160681759530779e6,false,0
