CG_time_taken,method,CG_LP_IP_gap,implemented_SR3_cuts_count,errored,CG_sp_time_taken_mean,converged,CGIP_artificial,ngroute_neighborhood_size,time_limit_reached,CGIP_objective,CGLP_objective,CGLP_artificial,cycles_lookup_length
8.902,use_adaptive_ngroute,0.2657077466177422,0,false,0.2244761904761905,false,false,6.0,false,2.37166e6,1.7414915656565656e6,false,26
11.109,use_adaptive_ngroute,0.031115371844171458,0,false,0.6499999999999999,false,false,9.392857142857142,false,1.86718e6,1.809082e6,false,3
8.979,use_adaptive_ngroute,0.024376714770784846,0,false,1.0281250000000002,false,false,9.607142857142858,false,1.86718e6,1.821664285714286e6,false,2
7.667,use_SR3_cuts,0.024376714770784846,4,false,1.2191666666666667,false,false,10.035714285714285,false,1.86718e6,1.821664285714286e6,false,0
25.756,use_adaptive_ngroute,0.011977166486875301,0,false,5.0840000000000005,false,false,10.035714285714285,false,1.854e6,1.8317943333333333e6,false,8
15.091,use_SR3_cuts,0.011834843581445598,6,false,4.935333333333333,false,false,10.321428571428571,false,1.854e6,1.8320582e6,false,0
31.797,use_SR3_cuts,0.010062837108953615,4,false,7.88275,false,false,10.321428571428571,false,1.854e6,1.8353435e6,false,0
22.728,use_SR3_cuts,0.008563106796117714,10,false,11.325500000000002,false,false,10.321428571428571,false,1.854e6,1.8381239999999977e6,false,0
156.833,use_adaptive_ngroute,0.0045683898984866245,0,false,51.720666666666666,false,false,10.321428571428571,false,1.854e6,1.8455302051282057e6,false,7
197.985,use_SR3_cuts,0.003813436413759752,4,false,39.5126,false,false,11.107142857142856,false,1.854e6,1.8469298888888895e6,false,0
293.961,use_SR3_cuts,0.0012591585760518553,1,false,73.07499999999999,false,false,11.107142857142856,false,1.854e6,1.8516655199999998e6,false,0
277.427,use_adaptive_ngroute,0.0011113679560282863,0,false,138.649,false,false,11.107142857142856,false,1.854e6,1.8519395238095236e6,false,3
526.695,use_SR3_cuts,0.0010896709816612393,10,false,175.43633333333335,false,false,11.321428571428573,false,1.854e6,1.85197975e6,false,0
213.74,use_SR3_cuts,0.00040417116145408105,10,false,106.6175,false,false,11.321428571428573,false,1.854e6,1.8532506666666642e6,false,0
207.494,none,2.220446049250313e-16,0,false,103.6055,true,false,11.321428571428573,false,1.854e6,1.8539999999999995e6,false,0
