CG_time_taken,method,CG_LP_IP_gap,implemented_SR3_cuts_count,errored,CG_sp_time_taken_mean,converged,CGIP_artificial,ngroute_neighborhood_size,time_limit_reached,CGIP_objective,CGLP_objective,CGLP_artificial,cycles_lookup_length
36.705,use_adaptive_ngroute,0.3291044095378832,0,false,0.8341599999999999,false,false,6.0,false,2.19252e6,1.4709520000000002e6,false,28
51.828,use_adaptive_ngroute,0.10439967986262899,0,false,2.4219,false,false,9.821428571428571,false,1.740364e6,1.5586705555555555e6,false,7
22.762,use_SR3_cuts,0.08506057430218872,3,false,2.747125,false,false,10.25,false,1.70797e6,1.5626890909090908e6,false,0
39.247,use_SR3_cuts,0.047380835788408904,5,false,6.280333333333333,false,false,10.25,false,1.66551e6,1.586596744186047e6,false,0
142.668,use_SR3_cuts,0.045550755081169014,3,false,35.304,false,false,10.25,false,1.66551e6,1.5896447619047621e6,false,0
323.13,use_SR3_cuts,0.018517275537981104,1,false,53.684666666666665,false,false,10.25,false,1.62315e6,1.593093684210526e6,false,0
337.58,use_SR3_cuts,0.016796316530493516,1,false,112.41633333333333,false,false,10.25,false,1.62315e6,1.5958870588235294e6,false,0
383.743,use_SR3_cuts,0.016426136421977988,1,false,95.81275000000001,false,false,10.25,false,1.62315e6,1.5964879166666665e6,false,0
78.617,use_SR3_cuts,0.016402327264885885,10,false,78.52199999999999,false,false,10.25,false,1.62315e6,1.5965265625000005e6,false,0
844.465,use_SR3_cuts,0.011495240735606704,1,false,210.71225,false,false,10.25,false,1.62315e6,1.6044915e6,false,0
992.53,use_SR3_cuts,0.010058924225821886,10,false,247.87250000000003,false,false,10.25,false,1.62315e6,1.6068228571428573e6,false,0
336.206,none,0.006298752083569781,0,false,NaN,false,false,10.25,true,1.62315e6,1.6129261805555536e6,false,0
