CG_time_taken,method,CG_LP_IP_gap,implemented_SR3_cuts_count,errored,CG_sp_time_taken_mean,converged,CGIP_artificial,ngroute_neighborhood_size,time_limit_reached,CGIP_objective,CGLP_objective,CGLP_artificial,cycles_lookup_length
13.406,use_adaptive_ngroute,0.20541879014229036,0,false,0.35789999999999994,false,false,6.0,false,1.95154e6,1.5506570142857146e6,false,28
8.772,use_SR3_cuts,0.04270053651071537,4,false,0.6329166666666666,false,false,9.571428571428571,false,1.67937e6,1.60766e6,false,0
18.414,use_SR3_cuts,0.02324026271756674,1,false,2.413714285714286,false,false,9.571428571428571,false,1.67937e6,1.640341e6,false,0
13.315,use_SR3_cuts,0.020699984716490816,3,false,2.1243333333333334,false,false,9.571428571428571,false,1.67937e6,1.644607066666667e6,false,0
26.645,use_SR3_cuts,0.01987394932963793,1,false,6.26025,false,false,9.571428571428571,false,1.67937e6,1.645994285714286e6,false,0
30.462,use_adaptive_ngroute,0.005884169202946432,0,false,7.5344999999999995,false,false,9.571428571428571,false,1.66254e6,1.6527573333333335e6,false,3
13.929,use_adaptive_ngroute,0.005387856121229939,0,false,6.808,false,false,9.678571428571429,false,1.66254e6,1.6535824736842103e6,false,1
29.164,use_SR3_cuts,0.004878479114287182,1,false,9.399000000000001,false,false,9.714285714285715,false,1.66254e6,1.654429333333333e6,false,0
28.752,use_SR3_cuts,0.0013135022315252654,10,false,7.0915,false,false,9.714285714285715,false,1.66254e6,1.66035625e6,false,0
52.61,none,0.0,0,false,17.445999999999998,true,false,9.714285714285715,false,1.66254e6,1.66254e6,false,0
