CG_time_taken,method,CG_LP_IP_gap,implemented_SR3_cuts_count,errored,CG_sp_time_taken_mean,converged,CGIP_artificial,ngroute_neighborhood_size,time_limit_reached,CGIP_objective,CGLP_objective,CGLP_artificial,cycles_lookup_length
4.548,use_adaptive_ngroute,0.3647110457671012,0,false,0.15481250000000002,false,false,5.0,false,1.98607e6,1.2617283333333333e6,false,20
2.884,use_adaptive_ngroute,0.12656244833856523,0,false,0.25329999999999997,false,false,7.4,false,1.618654e6,1.413793186746988e6,false,7
1.418,use_adaptive_ngroute,0.11289719730096726,0,false,0.2594,false,false,8.05,false,1.618654e6,1.4359125000000002e6,false,9
0.801,use_adaptive_ngroute,0.11234051784472043,0,false,0.25366666666666665,false,false,9.1,false,1.618654e6,1.4368135714285718e6,false,2
0.576,use_SR3_cuts,0.10393395888980039,5,false,0.27849999999999997,false,false,9.6,false,1.60558e6,1.4387057142857143e6,false,0
9.165,none,0.0,0,false,1.7384000000000002,true,false,9.6,false,1.472826e6,1.472826e6,false,0
