CG_time_taken,method,CG_LP_IP_gap,implemented_SR3_cuts_count,errored,CG_sp_time_taken_mean,converged,CGIP_artificial,ngroute_neighborhood_size,time_limit_reached,CGIP_objective,CGLP_objective,CGLP_artificial,cycles_lookup_length
10.601,use_adaptive_ngroute,0.999974570501868,0,false,0.2728095238095238,false,true,6.0,false,6.0e10,1.5257698879202318e6,false,27
37.463,use_adaptive_ngroute,0.10322622634070588,0,false,1.9631111111111115,false,false,9.5,false,1.89868e6,1.7026864285714286e6,false,8
15.741,use_adaptive_ngroute,0.05865948695812295,0,false,2.1905714285714284,false,false,9.821428571428571,false,1.82242e6,1.7155177777777775e6,false,9
12.216,use_SR3_cuts,0.020932922127987696,4,false,2.3486000000000002,false,false,10.25,false,1.76392e6,1.726996e6,false,0
43.705,use_adaptive_ngroute,0.013335017893047918,0,false,7.227666666666666,false,false,10.25,false,1.76392e6,1.740398095238095e6,false,4
20.258,use_adaptive_ngroute,0.011963709035004877,0,false,6.705333333333333,false,false,10.678571428571429,false,1.76392e6,1.7428169743589743e6,false,4
6.874,use_SR3_cuts,0.011951600223743752,7,false,6.853000000000001,false,false,10.857142857142858,false,1.76392e6,1.742838333333334e6,false,0
115.883,use_SR3_cuts,0.0013568264622734194,1,false,28.547,false,false,10.857142857142858,false,1.76392e6,1.7615266666666667e6,false,0
85.883,use_adaptive_ngroute,0.00017333552542064812,0,false,28.54566666666667,false,false,10.857142857142858,false,1.76392e6,1.76361425e6,false,2
132.092,use_SR3_cuts,5.130618168625034e-5,6,false,43.247,false,false,10.928571428571429,false,1.76392e6,1.7638295e6,false,0
294.292,none,0.0,0,false,48.874333333333325,true,false,10.928571428571429,false,1.76392e6,1.76392e6,false,0
