CG_time_taken,method,CG_LP_IP_gap,implemented_SR3_cuts_count,errored,CG_sp_time_taken_mean,converged,CGIP_artificial,ngroute_neighborhood_size,time_limit_reached,CGIP_objective,CGLP_objective,CGLP_artificial,cycles_lookup_length
36.434,use_adaptive_ngroute,0.3678867741370814,0,false,0.9690434782608695,false,false,6.0,false,2.40557e6,1.5205926127390612e6,false,23
20.868,use_adaptive_ngroute,0.07523673327033009,0,false,1.3857857142857142,false,false,8.0,false,1.771946e6,1.6386305714285716e6,false,9
21.856,use_adaptive_ngroute,0.06915719978453738,0,false,2.1404,false,false,8.785714285714286,false,1.771946e6,1.6494031764705882e6,false,2
10.967,use_SR3_cuts,0.06860516176864784,6,false,2.6799999999999997,false,false,9.25,false,1.771946e6,1.6503813580246915e6,false,0
183.364,use_adaptive_ngroute,0.012635266016899238,0,false,22.632875,false,false,9.25,false,1.70074e6,1.6792506976744188e6,false,7
167.726,use_SR3_cuts,0.01058950809647563,2,false,41.804,false,false,9.75,false,1.70074e6,1.68273e6,false,0
143.023,use_adaptive_ngroute,0.01018843268224423,0,false,47.300666666666665,false,false,9.75,false,1.70074e6,1.683412125e6,false,1
141.089,use_adaptive_ngroute,0.010188432682244009,0,false,46.958999999999996,false,false,9.785714285714285,false,1.70074e6,1.6834121250000002e6,false,1
77.568,use_adaptive_ngroute,0.010076344049831487,0,false,38.74,false,false,9.821428571428571,false,1.70074e6,1.6836027586206896e6,false,1
153.276,use_SR3_cuts,0.010062497682004734,10,false,51.053999999999995,false,false,10.107142857142858,false,1.70074e6,1.6836263076923073e6,false,0
299.54,use_adaptive_ngroute,0.004927597605015821,0,false,99.67366666666666,false,false,10.107142857142858,false,1.70022e6,1.691842e6,false,1
351.369,use_adaptive_ngroute,0.004882795218828284,0,false,117.05100000000002,false,false,10.142857142857144,false,1.70022e6,1.6919181739130437e6,false,1
477.2,use_adaptive_ngroute,0.004865158626530697,0,false,95.3712,false,false,10.178571428571429,false,1.70022e6,1.69194816e6,false,1
225.845,use_SR3_cuts,0.004776440695910211,1,false,112.87,false,false,10.214285714285715,false,1.70022e6,1.6920989999999995e6,false,0
241.788,use_adaptive_ngroute,0.0044069983100228916,0,false,120.808,false,false,10.214285714285715,false,1.70022e6,1.6927271333333328e6,false,2
200.134,use_SR3_cuts,0.004329880838950251,10,false,100.0085,false,false,10.857142857142858,false,1.70022e6,1.69285825e6,false,0
370.797,use_adaptive_ngroute,0.0031150418241479017,0,false,185.272,false,false,10.857142857142858,false,1.70022e6,1.6949237435897472e6,false,4
130.232,use_adaptive_ngroute,0.003083316030780603,0,false,130.149,false,false,11.964285714285715,false,1.70022e6,1.6949776844181463e6,false,1
334.491,none,0.0030804893574858383,0,false,199.09799999999998,false,false,12.0,true,1.70022e6,1.6949824903846155e6,false,0
