CG_time_taken,method,CG_LP_IP_gap,implemented_SR3_cuts_count,errored,CG_sp_time_taken_mean,converged,CGIP_artificial,ngroute_neighborhood_size,time_limit_reached,CGIP_objective,CGLP_objective,CGLP_artificial,cycles_lookup_length
14.25,use_adaptive_ngroute,0.45854449341236925,0,false,0.33475,false,false,6.0,false,2.83414e6,1.5345607094402679e6,false,28
18.224,use_adaptive_ngroute,0.013709665878455013,0,false,1.1879285714285714,false,false,9.285714285714285,false,1.69703e6,1.6737642857142854e6,false,7
8.088,use_adaptive_ngroute,0.010546366298769039,0,false,1.119,false,false,10.071428571428573,false,1.69703e6,1.6791325e6,false,4
3.553,use_SR3_cuts,0.008747635575092949,2,false,1.162,false,false,10.5,false,1.69703e6,1.682185e6,false,0
13.736,none,0.0,0,false,2.6824,true,false,10.5,false,1.69703e6,1.69703e6,false,0
