CG_time_taken,method,CG_LP_IP_gap,implemented_SR3_cuts_count,errored,CG_sp_time_taken_mean,converged,CGIP_artificial,ngroute_neighborhood_size,time_limit_reached,CGIP_objective,CGLP_objective,CGLP_artificial,cycles_lookup_length
12.668,use_adaptive_ngroute,0.34399473723967644,0,false,0.3553684210526316,false,false,6.0,false,2.46944e6,1.6199656360708533e6,false,28
14.392,use_SR3_cuts,0.08192488008748489,4,false,0.6926111111111112,false,false,8.035714285714285,false,1.84718e6,1.6958499999999998e6,false,0
29.332,use_adaptive_ngroute,0.04152697701398633,0,false,3.108,false,false,8.035714285714285,false,1.79863e6,1.7239383333333337e6,false,2
7.671,use_SR3_cuts,0.04004529373282251,2,false,2.5033333333333334,false,false,8.107142857142858,false,1.79863e6,1.7266033333333335e6,false,0
33.374,use_adaptive_ngroute,0.03703930213551421,0,false,4.692857142857143,false,false,8.107142857142858,false,1.79863e6,1.73201e6,false,7
15.387,use_SR3_cuts,0.036720541004356955,10,false,3.7845,false,false,8.607142857142858,false,1.79863e6,1.7325833333333335e6,false,0
20.981,use_adaptive_ngroute,0.03495484526185655,0,false,6.930666666666667,false,false,8.607142857142858,false,1.79863e6,1.735759166666667e6,false,3
18.802,use_SR3_cuts,0.034951204925018464,10,false,9.358,false,false,8.714285714285715,false,1.79863e6,1.735765714285714e6,false,0
97.387,use_SR3_cuts,0.03189957151598122,4,false,32.38366666666666,false,false,8.714285714285715,false,1.79863e6,1.7412544736842108e6,false,0
63.465,use_adaptive_ngroute,0.03168721272778263,0,false,31.661,false,false,8.714285714285715,false,1.79863e6,1.7416364285714284e6,false,1
76.752,use_adaptive_ngroute,0.03168721272778263,0,false,38.3,false,false,8.892857142857142,false,1.79863e6,1.7416364285714284e6,false,1
72.068,use_SR3_cuts,0.03165513882952076,1,false,35.979499999999994,false,false,8.928571428571429,false,1.79863e6,1.741694117647059e6,false,0
86.867,use_SR3_cuts,0.03165513882952109,10,false,43.370000000000005,false,false,8.928571428571429,false,1.79863e6,1.7416941176470586e6,false,0
216.77,use_adaptive_ngroute,0.031050892305416022,0,false,72.09366666666666,false,false,8.928571428571429,false,1.79863e6,1.7427809335727096e6,false,4
171.654,use_SR3_cuts,0.031037559000884785,10,false,85.732,false,false,9.071428571428571,false,1.79863e6,1.7428049152542385e6,false,0
325.265,use_SR3_cuts,0.028232857031484704,10,false,108.16833333333332,false,false,9.071428571428571,false,1.79578e6,1.7450800000000005e6,false,0
223.546,use_SR3_cuts,0.020067711088079143,10,false,111.5745,false,false,9.071428571428571,false,1.78138e6,1.7456317808219176e6,false,0
339.792,use_SR3_cuts,0.01875980045433201,1,false,84.84200000000001,false,false,9.071428571428571,false,1.78138e6,1.747961666666662e6,false,0
174.949,use_SR3_cuts,0.01872270088243888,10,false,87.4105,false,false,9.071428571428571,false,1.78138e6,1.748027755102041e6,false,0
496.877,use_adaptive_ngroute,0.017696632044224336,0,false,124.09675,false,false,9.071428571428571,false,1.78138e6,1.7498555736090597e6,false,1
268.359,use_SR3_cuts,0.017681956943243815,10,false,134.04149999999998,false,false,9.107142857142858,false,1.78138e6,1.7498817155404442e6,false,0
549.661,use_adaptive_ngroute,0.01706138025198012,0,false,183.08700000000005,false,false,9.107142857142858,false,1.78138e6,1.7509871984467276e6,false,4
264.115,none,0.017024075134608685,0,false,182.369,false,false,9.714285714285715,true,1.78138e6,1.7510536530367108e6,false,0
