CG_time_taken,method,CG_LP_IP_gap,implemented_SR3_cuts_count,errored,CG_sp_time_taken_mean,converged,CGIP_artificial,ngroute_neighborhood_size,time_limit_reached,CGIP_objective,CGLP_objective,CGLP_artificial,cycles_lookup_length
11.437,use_adaptive_ngroute,0.40394932168013353,0,false,0.35976470588235304,false,false,6.0,false,2.4822e6,1.4795169937255725e6,false,28
27.485,use_adaptive_ngroute,0.16399429269354715,0,false,1.9632307692307691,false,false,9.75,false,1.965884e6,1.6434902439024388e6,false,11
16.335,use_adaptive_ngroute,0.16181558355766001,0,false,2.650833333333333,false,false,10.75,false,1.965884e6,1.647773333333333e6,false,3
10.786,use_SR3_cuts,0.16128591115084256,11,false,3.4973333333333336,false,false,10.928571428571429,false,1.965884e6,1.648814607843137e6,false,0
276.969,use_adaptive_ngroute,0.003944273492931583,0,false,45.18783333333334,false,false,10.928571428571429,false,1.70468e6,1.6979562758620693e6,false,2
105.112,use_adaptive_ngroute,0.002310509447686848,0,false,52.425,false,false,11.0,false,1.70468e6,1.700741320754717e6,false,4
74.512,use_SR3_cuts,0.002276138017998419,1,false,37.198,false,false,11.607142857142858,false,1.70468e6,1.7007999130434785e6,false,0
99.051,use_SR3_cuts,0.001669961517705043,10,false,49.445,false,false,11.607142857142858,false,1.70468e6,1.7018332499999986e6,false,0
212.47,use_SR3_cuts,0.0005534039370306276,2,false,70.69866666666665,false,false,11.607142857142858,false,1.70468e6,1.7037366233766226e6,false,0
311.359,none,0.0,0,false,103.57566666666668,true,false,11.607142857142858,false,1.70468e6,1.70468e6,false,0
