CG_time_taken,method,CG_LP_IP_gap,implemented_SR3_cuts_count,errored,CG_sp_time_taken_mean,converged,CGIP_artificial,ngroute_neighborhood_size,time_limit_reached,CGIP_objective,CGLP_objective,CGLP_artificial,cycles_lookup_length
129.493,use_adaptive_ngroute,0.9999756553368055,0,false,4.0313684210526315,false,true,6.0,false,6.0e10,1.4606797916666667e6,false,26
14.851,use_adaptive_ngroute,0.09650519293457682,0,false,1.3468,false,false,9.535714285714285,false,1.80277e6,1.628793333333333e6,false,1
10.116,use_adaptive_ngroute,0.09574987380531075,0,false,1.0826666666666667,false,false,9.571428571428571,false,1.80277e6,1.630155e6,false,1
3.561,use_SR3_cuts,0.09564170692878193,6,false,1.1546666666666665,false,false,9.607142857142858,false,1.80277e6,1.6303499999999998e6,false,0
39.575,use_SR3_cuts,0.024762012692656654,1,false,3.5178181818181824,false,false,9.607142857142858,false,1.67656e6,1.6350449999999995e6,false,0
5.947,use_adaptive_ngroute,0.0028980505991650363,0,false,2.9389999999999996,false,false,9.607142857142858,false,1.6421e6,1.637341111111111e6,false,5
13.365,use_SR3_cuts,0.0025622678277814614,1,false,3.324,false,false,9.928571428571427,false,1.6421e6,1.6378925e6,false,0
38.549,use_SR3_cuts,0.0024957879138503003,10,false,7.6328000000000005,false,false,9.928571428571427,false,1.6421e6,1.6380016666666665e6,false,0
68.873,none,0.0,0,false,13.5784,true,false,9.928571428571427,false,1.6421e6,1.6421e6,false,0
