CG_time_taken,method,CG_LP_IP_gap,implemented_SR3_cuts_count,errored,CG_sp_time_taken_mean,converged,CGIP_artificial,ngroute_neighborhood_size,time_limit_reached,CGIP_objective,CGLP_objective,CGLP_artificial,cycles_lookup_length
6.357,use_adaptive_ngroute,0.23836786348767913,0,false,0.17257894736842108,false,false,6.0,false,1.921702e6,1.46363e6,false,24
7.804,use_adaptive_ngroute,0.09431374374934787,0,false,0.4476,false,false,7.535714285714286,false,1.782614e6,1.614489e6,false,5
3.833,use_adaptive_ngroute,0.09030493047475974,0,false,0.5197142857142858,false,false,7.964285714285714,false,1.782614e6,1.6216351666666667e6,false,5
2.087,use_adaptive_ngroute,0.08888351600514732,0,false,0.681,false,false,8.714285714285715,false,1.782614e6,1.6241690000000002e6,false,2
1.656,use_SR3_cuts,0.08865776923392354,6,false,0.8094999999999999,false,false,9.0,false,1.782614e6,1.6245714193548386e6,false,0
44.738,use_SR3_cuts,0.05873678741886701,4,false,7.0425,false,false,9.0,false,1.755464e6,1.652353684210526e6,false,0
34.465,use_SR3_cuts,0.05278733242770928,2,false,6.6812000000000005,false,false,9.0,false,1.750332e6,1.6579366428571427e6,false,0
18.858,use_SR3_cuts,0.05257345463603458,1,false,9.272499999999999,false,false,9.0,false,1.750332e6,1.6583110000000002e6,false,0
51.701,use_SR3_cuts,0.03425886936692435,10,false,12.4685,false,false,9.0,false,1.718016e6,1.659158714285714e6,false,0
72.008,use_SR3_cuts,0.029678613780857344,10,false,23.750333333333334,false,false,9.0,false,1.718016e6,1.6670276666666665e6,false,0
79.562,use_SR3_cuts,0.027937341677841787,1,false,26.312,false,false,9.0,false,1.718016e6,1.670019200000001e6,false,0
77.381,use_adaptive_ngroute,0.027489524325123305,0,false,38.5565,false,false,9.0,false,1.718016e6,1.670788557377049e6,false,1
107.862,use_SR3_cuts,0.02743532325911069,1,false,35.87266666666667,false,false,9.035714285714286,false,1.718016e6,1.6708816756756757e6,false,0
38.815,use_SR3_cuts,0.02743532325911202,10,false,38.695,false,false,9.035714285714286,false,1.718016e6,1.6708816756756734e6,false,0
84.412,none,0.027081819959767106,0,false,41.823499999999996,false,false,9.035714285714286,false,1.718016e6,1.6714890000000007e6,false,0
