CG_time_taken,method,CG_LP_IP_gap,implemented_SR3_cuts_count,errored,CG_sp_time_taken_mean,converged,CGIP_artificial,ngroute_neighborhood_size,time_limit_reached,CGIP_objective,CGLP_objective,CGLP_artificial,cycles_lookup_length
42.783,use_adaptive_ngroute,0.33186512584649186,0,false,0.7729615384615385,false,false,6.0,false,2.13168e6,1.4242497485355502e6,false,28
72.57,use_adaptive_ngroute,0.048555599448497966,0,false,4.261999999999999,false,false,10.071428571428573,false,1.72136e6,1.6377783333333335e6,false,10
21.025,use_adaptive_ngroute,0.04671749026793859,0,false,2.5418749999999997,false,false,11.392857142857144,false,1.72136e6,1.6409423809523813e6,false,8
6.993,use_SR3_cuts,0.0465874366779756,4,false,2.2763333333333335,false,false,11.785714285714285,false,1.72136e6,1.64116625e6,false,0
42.761,use_adaptive_ngroute,0.027309371229294777,0,false,10.425249999999998,false,false,11.785714285714285,false,1.72136e6,1.6743507407407411e6,false,13
29.773,use_SR3_cuts,0.022479699772504746,4,false,9.842,false,false,12.428571428571427,false,1.7206e6,1.6819214285714284e6,false,0
54.132,use_adaptive_ngroute,0.021498314541439023,0,false,13.389500000000002,false,false,12.428571428571427,false,1.7206e6,1.68361e6,false,3
54.736,use_SR3_cuts,0.019022434034639102,1,false,18.207,false,false,12.535714285714286,false,1.7206e6,1.68787e6,false,0
62.989,use_adaptive_ngroute,0.01861744845878288,0,false,31.450000000000003,false,false,12.535714285714286,false,1.7206e6,1.6885668181818181e6,false,1
142.575,use_SR3_cuts,0.017398288884880153,4,false,34.94475,false,false,12.607142857142858,false,1.71847e6,1.6885715625e6,false,0
91.881,use_SR3_cuts,0.01639830779705198,10,false,45.808,false,false,12.607142857142858,false,1.71847e6,1.69029e6,false,0
376.204,use_SR3_cuts,0.016002606970153654,10,false,93.79125000000002,false,false,12.607142857142858,false,1.71847e6,1.69097e6,false,0
563.765,use_SR3_cuts,0.014802075728364783,1,false,139.1,false,false,12.607142857142858,false,1.71847e6,1.693033076923077e6,false,0
50.156,use_SR3_cuts,0.014802075728364783,10,false,50.05,false,false,12.607142857142858,false,1.71847e6,1.693033076923077e6,false,0
191.788,use_adaptive_ngroute,0.013162289711196706,0,false,63.716,false,false,12.607142857142858,false,1.71847e6,1.6958509999999998e6,false,2
654.297,use_SR3_cuts,0.013104680326105012,2,false,217.73366666666666,false,false,12.857142857142858,false,1.71847e6,1.6959499999999984e6,false,0
493.094,use_SR3_cuts,0.01276198076257462,10,false,246.24550000000002,false,false,12.857142857142858,false,1.71847e6,1.6965389189189384e6,false,0
633.472,none,0.01245221039645883,0,false,269.057,false,false,12.857142857142858,true,1.71847e6,1.6970712499999974e6,false,0
