CG_time_taken,method,CG_LP_IP_gap,implemented_SR3_cuts_count,errored,CG_sp_time_taken_mean,converged,CGIP_artificial,ngroute_neighborhood_size,time_limit_reached,CGIP_objective,CGLP_objective,CGLP_artificial,cycles_lookup_length
13.704,use_adaptive_ngroute,0.9999740120880762,0,false,0.31977272727272726,false,true,6.0,false,6.0e10,1.559274715427983e6,false,27
31.632,use_adaptive_ngroute,0.05926923361299985,0,false,1.7618823529411762,false,false,9.321428571428571,false,1.897882e6,1.7853959883720926e6,false,8
6.421,use_adaptive_ngroute,0.05483415552534732,0,false,2.087,false,false,10.0,false,1.897882e6,1.7938132432432428e6,false,3
12.648,use_SR3_cuts,0.05314188724588764,9,false,3.12025,false,false,10.214285714285715,false,1.897882e6,1.7970249687500002e6,false,0
87.159,use_adaptive_ngroute,0.03914067232697627,0,false,21.364749999999997,false,false,10.214285714285715,false,1.891009e6,1.816993636363637e6,false,4
34.732,use_adaptive_ngroute,0.0326996363620885,0,false,8.603499999999999,false,false,10.464285714285714,false,1.879342e6,1.8178882e6,false,3
23.2,use_SR3_cuts,0.032379375756024786,6,false,11.561,false,false,10.857142857142858,false,1.879342e6,1.818490079207921e6,false,0
57.25,use_SR3_cuts,0.028426745763023287,3,false,28.5315,false,false,10.857142857142858,false,1.879342e6,1.8259184227642282e6,false,0
324.34,use_adaptive_ngroute,0.028000012770427185,0,false,79.98474999999999,false,false,10.857142857142858,false,1.879342e6,1.8267204e6,false,1
379.448,use_adaptive_ngroute,0.027638846172992726,0,false,126.42266666666667,false,false,11.0,false,1.879342e6,1.8273991555555556e6,false,2
271.091,use_SR3_cuts,0.027419019149103385,10,false,135.48,false,false,11.107142857142856,false,1.879342e6,1.8278122857142857e6,false,0
646.109,use_adaptive_ngroute,0.02583214442196491,0,false,210.442,false,false,11.107142857142856,false,1.879342e6,1.8307945660377357e6,false,1
631.029,use_SR3_cuts,0.025832136649337145,1,false,157.5885,false,false,11.142857142857142,false,1.879342e6,1.8307945806451614e6,false,0
598.926,use_SR3_cuts,0.02573507110467388,10,false,199.48233333333332,false,false,11.142857142857142,false,1.879342e6,1.830977e6,false,0
469.161,none,0.017039304903950114,0,false,199.4065,false,false,11.142857142857142,true,1.866332e6,1.834531000000001e6,false,0
