CG_time_taken,method,CG_LP_IP_gap,implemented_SR3_cuts_count,errored,CG_sp_time_taken_mean,converged,CGIP_artificial,ngroute_neighborhood_size,time_limit_reached,CGIP_objective,CGLP_objective,CGLP_artificial,cycles_lookup_length
3.611,use_adaptive_ngroute,0.15400895276383975,0,false,0.14806250000000004,false,false,5.0,false,1.63439e6,1.382679307692308e6,false,13
1.338,use_adaptive_ngroute,0.10632315420432092,0,false,0.122625,false,false,6.45,false,1.63439e6,1.4606165e6,false,10
1.409,use_adaptive_ngroute,0.07133899434109336,0,false,0.161125,false,false,8.0,false,1.58629e6,1.473125666666667e6,false,1
0.306,use_SR3_cuts,0.0706508057585098,3,false,0.14250000000000002,false,false,8.25,false,1.58629e6,1.4742173333333335e6,false,0
1.917,use_SR3_cuts,0.03293621249202994,2,false,0.3450000000000001,false,false,8.25,false,1.533874e6,1.483354e6,false,0
0.95,none,0.03293621249202994,0,false,0.17200000000000001,false,false,8.25,false,1.533874e6,1.483354e6,false,0
