CG_time_taken,method,CG_LP_IP_gap,implemented_SR3_cuts_count,errored,CG_sp_time_taken_mean,converged,CGIP_artificial,ngroute_neighborhood_size,time_limit_reached,CGIP_objective,CGLP_objective,CGLP_artificial,cycles_lookup_length
14.208,use_adaptive_ngroute,0.9999745915041699,0,false,0.4130526315789474,false,true,6.0,false,6.0e10,1.5245097498069499e6,false,28
12.272,use_adaptive_ngroute,0.033129371561016696,0,false,0.8453846153846152,false,false,9.464285714285714,false,1.748126e6,1.690211684210526e6,false,9
3.734,use_SR3_cuts,0.033043098724005016,3,false,0.88225,false,false,10.0,false,1.748126e6,1.6903625e6,false,0
6.268,use_adaptive_ngroute,0.027516568354585935,0,false,2.0493333333333332,false,false,10.0,false,1.748126e6,1.7000235714285711e6,false,4
5.667,use_SR3_cuts,0.027126103126345003,2,false,1.8656666666666666,false,false,10.392857142857142,false,1.748126e6,1.700706153846155e6,false,0
5.307,use_adaptive_ngroute,0.025815835548085975,0,false,2.6225,false,false,10.392857142857142,false,1.748126e6,1.7029966666666667e6,false,1
1.758,use_adaptive_ngroute,0.02581065993771936,0,false,1.734,false,false,10.464285714285714,false,1.748126e6,1.7030057142857143e6,false,5
4.685,use_SR3_cuts,0.0186656218128598,1,false,2.303,false,false,11.142857142857142,false,1.73549e6,1.703096e6,false,0
10.018,use_SR3_cuts,0.0021707836701789773,2,false,3.2969999999999997,false,false,11.142857142857142,false,1.71189e6,1.7081738571428573e6,false,0
16.624,use_SR3_cuts,0.0013823318087026193,2,false,4.11975,false,false,11.142857142857142,false,1.71189e6,1.7095236e6,false,0
12.309,use_SR3_cuts,0.0007576810815338453,10,false,6.111000000000001,false,false,11.142857142857142,false,1.71189e6,1.710592933333333e6,false,0
9.475,none,0.0,0,false,4.709,true,false,11.142857142857142,false,1.71189e6,1.71189e6,false,0
