CG_time_taken,method,CG_LP_IP_gap,implemented_SR3_cuts_count,errored,CG_sp_time_taken_mean,converged,CGIP_artificial,ngroute_neighborhood_size,time_limit_reached,CGIP_objective,CGLP_objective,CGLP_artificial,cycles_lookup_length
14.407,use_adaptive_ngroute,0.36268052698169084,0,false,0.3299090909090909,false,false,6.0,false,2.27861e6,1.4522025244142495e6,false,25
8.526,use_adaptive_ngroute,0.15058012487918715,0,false,0.6273333333333333,false,false,7.678571428571428,false,1.98999e6,1.6903370572916663e6,false,11
3.665,use_adaptive_ngroute,0.1470998789620016,0,false,0.7046,false,false,8.928571428571429,false,1.98999e6,1.6972627118644065e6,false,1
1.879,use_adaptive_ngroute,0.14681724679077612,0,false,0.9179999999999999,false,false,8.964285714285714,false,1.98999e6,1.6978251470588234e6,false,3
4.68,use_SR3_cuts,0.14661100398403104,8,false,1.13675,false,false,9.285714285714285,false,1.98999e6,1.6982355681818181e6,false,0
81.087,use_SR3_cuts,0.04155352015491798,3,false,12.853166666666665,false,false,9.285714285714285,false,1.79708e6,1.722405e6,false,0
141.266,use_SR3_cuts,0.03630148166284586,1,false,28.135799999999996,false,false,9.285714285714285,false,1.79708e6,1.731843333333333e6,false,0
35.86,use_SR3_cuts,0.03622654528457292,1,false,17.8945,false,false,9.285714285714285,false,1.79708e6,1.7319779999999998e6,false,0
16.847,use_SR3_cuts,0.03621708549424618,10,false,16.809,false,false,9.285714285714285,false,1.79708e6,1.731995e6,false,0
92.614,use_SR3_cuts,0.0162633104708092,10,false,23.096750000000004,false,false,9.285714285714285,false,1.76271e6,1.7340425e6,false,0
104.276,none,0.01599809384413775,0,false,34.67266666666667,false,false,9.285714285714285,false,1.76271e6,1.73451e6,false,0
