CG_time_taken,method,CG_LP_IP_gap,implemented_SR3_cuts_count,errored,CG_sp_time_taken_mean,converged,CGIP_artificial,ngroute_neighborhood_size,time_limit_reached,CGIP_objective,CGLP_objective,CGLP_artificial,cycles_lookup_length
14.836,use_adaptive_ngroute,0.22008032896186425,0,false,0.34752380952380957,false,false,6.0,false,1.99628e6,1.5569380409000097e6,false,22
5.284,use_adaptive_ngroute,0.07511822883786867,0,false,0.265,false,false,7.142857142857142,false,1.80582e6,1.67017e6,false,12
2.608,use_adaptive_ngroute,0.06975968179078107,0,false,0.3998333333333333,false,false,7.749999999999999,false,1.80582e6,1.6798465714285718e6,false,13
7.535,use_adaptive_ngroute,0.06771331337317976,0,false,1.044857142857143,false,false,9.214285714285714,false,1.80582e6,1.6835419444444445e6,false,1
2.535,use_SR3_cuts,0.06766896089475305,9,false,1.188,false,false,9.25,false,1.80582e6,1.683622037037037e6,false,0
14.114,use_adaptive_ngroute,0.03048575066664394,0,false,3.386,false,false,9.25,false,1.75131e6,1.6979199999999998e6,false,1
4.56,use_adaptive_ngroute,0.030470523969675867,0,false,2.1700000000000004,false,false,9.285714285714285,false,1.75131e6,1.697946666666667e6,false,2
14.12,use_SR3_cuts,0.030470523969675978,2,false,3.3765,false,false,9.392857142857142,false,1.75131e6,1.6979466666666667e6,false,0
11.892,use_SR3_cuts,0.028357343931114443,1,false,3.9076666666666666,false,false,9.392857142857142,false,1.75131e6,1.7016475e6,false,0
13.392,use_SR3_cuts,0.02806452741090959,1,false,4.375666666666666,false,false,9.392857142857142,false,1.75131e6,1.7021603125e6,false,0
13.085,use_SR3_cuts,0.027983338186842954,1,false,6.468,false,false,9.392857142857142,false,1.75131e6,1.7023025e6,false,0
16.81,use_SR3_cuts,0.027926238073213816,10,false,8.321499999999999,false,false,9.392857142857142,false,1.75131e6,1.7024025e6,false,0
110.7,use_adaptive_ngroute,0.011925067509047205,0,false,36.467666666666666,false,false,9.392857142857142,false,1.72918e6,1.7085594117647058e6,false,3
54.888,use_adaptive_ngroute,0.010204045604822909,0,false,18.235999999999997,false,false,9.5,false,1.72918e6,1.7115353684210523e6,false,1
40.55,use_adaptive_ngroute,0.010171719435194682,0,false,20.2335,false,false,9.535714285714285,false,1.72918e6,1.7115912661870501e6,false,1
38.769,use_SR3_cuts,0.01017171943519446,7,false,19.355,false,false,9.642857142857142,false,1.72918e6,1.7115912661870504e6,false,0
148.723,use_SR3_cuts,0.006223397810210973,10,false,74.257,false,false,9.642857142857142,false,1.72396e6,1.7132311111111087e6,false,0
121.953,use_adaptive_ngroute,0.0024699231887557183,0,false,30.35375,false,false,9.642857142857142,false,1.72396e6,1.7197019512195126e6,false,3
92.088,use_SR3_cuts,0.001897624406266618,10,false,45.9035,false,false,9.75,false,1.72396e6,1.7206885714285725e6,false,0
168.922,use_SR3_cuts,0.0010131712259374703,1,false,55.95100000000001,false,false,9.75,false,1.72396e6,1.7222133333333328e6,false,0
352.229,none,-4.440892098500626e-16,0,false,117.25399999999999,true,false,9.75,false,1.72396e6,1.7239600000000007e6,false,0
