CG_time_taken,method,CG_LP_IP_gap,implemented_SR3_cuts_count,errored,CG_sp_time_taken_mean,converged,CGIP_artificial,ngroute_neighborhood_size,time_limit_reached,CGIP_objective,CGLP_objective,CGLP_artificial,cycles_lookup_length
10.872,use_adaptive_ngroute,0.3753405922258747,0,false,0.25690476190476197,false,false,6.0,false,2.51278e6,1.5696316666666667e6,false,28
17.883,use_adaptive_ngroute,0.13798270342912777,0,false,0.9484117647058825,false,false,8.535714285714286,false,1.95453e6,1.684838666666667e6,false,11
8.157,use_SR3_cuts,0.13358352135807583,3,false,1.0561428571428573,false,false,9.642857142857142,false,1.95453e6,1.693437e6,false,0
14.11,use_adaptive_ngroute,0.016503290216166144,0,false,3.3404999999999996,false,false,9.642857142857142,false,1.75353e6,1.724590985507246e6,false,13
34.292,use_SR3_cuts,0.015314885465952166,4,false,4.833,false,false,10.785714285714286,false,1.75353e6,1.726674888888889e6,false,0
50.468,use_SR3_cuts,0.009951925544472884,1,false,9.902399999999998,false,false,10.785714285714286,false,1.75353e6,1.7360790000000005e6,false,0
61.002,use_SR3_cuts,0.007558467776427769,10,false,12.1258,false,false,10.785714285714286,false,1.75353e6,1.7402760000000007e6,false,0
59.676,use_adaptive_ngroute,0.006182304917997983,0,false,14.76225,false,false,10.785714285714286,false,1.75353e6,1.742689142857143e6,false,2
47.427,use_adaptive_ngroute,0.004981775223516283,0,false,15.739333333333333,false,false,11.142857142857142,false,1.75353e6,1.7447943076923075e6,false,1
20.641,use_SR3_cuts,0.00481980158119133,1,false,20.595000000000002,false,false,11.214285714285714,false,1.75353e6,1.7450783333333335e6,false,0
128.133,use_SR3_cuts,0.0037330413508750437,10,false,42.47433333333334,false,false,11.214285714285714,false,1.75353e6,1.746984e6,false,0
105.36,use_SR3_cuts,0.0025225695938213555,4,false,35.06166666666667,false,false,11.214285714285714,false,1.75353e6,1.7491065985401464e6,false,0
202.668,none,0.0,0,false,67.42133333333332,true,false,11.214285714285714,false,1.75353e6,1.75353e6,false,0
