CG_time_taken,method,CG_LP_IP_gap,implemented_SR3_cuts_count,errored,CG_sp_time_taken_mean,converged,CGIP_artificial,ngroute_neighborhood_size,time_limit_reached,CGIP_objective,CGLP_objective,CGLP_artificial,cycles_lookup_length
16.357,use_adaptive_ngroute,0.35493337550190895,0,false,0.26808695652173914,false,false,6.0,false,2.270382e6,1.4645476530612248e6,false,25
15.185,use_adaptive_ngroute,0.05012094851955795,0,false,0.8689333333333333,false,false,8.5,false,1.712314e6,1.6264911981566816e6,false,12
17.248,use_adaptive_ngroute,0.0411650785887947,0,false,1.8583333333333332,false,false,9.285714285714285,false,1.709404e6,1.63903625e6,false,2
7.667,use_adaptive_ngroute,0.03920053747127994,0,false,1.8659999999999997,false,false,9.428571428571429,false,1.709404e6,1.6423944444444443e6,false,7
16.483,use_SR3_cuts,0.03812104702590513,7,false,4.07975,false,false,10.357142857142858,false,1.709404e6,1.6442397297297297e6,false,0
88.968,none,0.0,0,false,21.8025,true,false,10.357142857142858,false,1.64759e6,1.64759e6,false,0
