CG_time_taken,method,CG_LP_IP_gap,implemented_SR3_cuts_count,errored,CG_sp_time_taken_mean,converged,CGIP_artificial,ngroute_neighborhood_size,time_limit_reached,CGIP_objective,CGLP_objective,CGLP_artificial,cycles_lookup_length
22.721,use_adaptive_ngroute,0.39178910083439444,0,false,0.49308333333333315,false,false,6.0,false,2.326558e6,1.415037933140933e6,false,25
17.198,use_adaptive_ngroute,0.05205878258331076,0,false,0.9160625,false,false,8.25,false,1.630551e6,1.5456665e6,false,6
5.522,use_SR3_cuts,0.046486433113714365,1,false,1.0556,false,false,8.928571428571429,false,1.630551e6,1.5547525e6,false,0
6.964,use_adaptive_ngroute,0.018107098146039502,0,false,1.3096,false,false,8.928571428571429,false,1.58957e6,1.5607875e6,false,1
3.789,use_SR3_cuts,0.018107098146039502,1,false,1.7994999999999999,false,false,8.964285714285714,false,1.58957e6,1.5607875e6,false,0
3.36,use_SR3_cuts,0.018107098146039502,1,false,1.6304999999999998,false,false,8.964285714285714,false,1.58957e6,1.5607875e6,false,0
10.241,use_adaptive_ngroute,0.01391686484131971,0,false,2.47025,false,false,8.964285714285714,false,1.588666e6,1.56655675e6,false,5
6.882,use_SR3_cuts,0.012736157253947611,1,false,2.2370000000000005,false,false,10.035714285714285,false,1.588666e6,1.5684325e6,false,0
15.416,use_SR3_cuts,0.012736157253947611,1,false,3.7995,false,false,10.035714285714285,false,1.588666e6,1.5684325e6,false,0
19.806,use_adaptive_ngroute,0.009964649586508445,0,false,3.254166666666667,false,false,10.035714285714285,false,1.588666e6,1.5728355e6,false,1
37.047,use_SR3_cuts,0.009086239650121564,10,false,4.530874999999999,false,false,10.107142857142858,false,1.588666e6,1.574231e6,false,0
33.17,use_SR3_cuts,0.00574821894595845,10,false,8.178249999999998,false,false,10.107142857142858,false,1.588666e6,1.579534e6,false,0
45.066,none,0.0,0,false,11.16275,true,false,10.107142857142858,false,1.588666e6,1.588666e6,false,0
