CG_time_taken,method,CG_LP_IP_gap,implemented_SR3_cuts_count,errored,CG_sp_time_taken_mean,converged,CGIP_artificial,ngroute_neighborhood_size,time_limit_reached,CGIP_objective,CGLP_objective,CGLP_artificial,cycles_lookup_length
10.224,use_adaptive_ngroute,0.22117144071452932,0,false,0.2844,false,false,6.0,false,2.09517e6,1.6317782325581396e6,false,28
15.804,use_adaptive_ngroute,0.07293951352922656,0,false,0.9606666666666667,false,false,10.035714285714285,false,1.834868e6,1.7010336206896552e6,false,4
9.213,use_adaptive_ngroute,0.025525626058691575,0,false,1.79,false,false,10.714285714285715,false,1.74744e6,1.7028355e6,false,2
6.724,use_SR3_cuts,0.025218189309660355,4,false,1.6515,false,false,10.821428571428571,false,1.74744e6,1.703372727272727e6,false,0
22.123,use_adaptive_ngroute,0.019664003723542378,0,false,5.45075,false,false,10.821428571428571,false,1.74744e6,1.713078333333333e6,false,3
17.494,use_SR3_cuts,0.019623327974233384,6,false,5.791333333333334,false,false,10.928571428571429,false,1.74744e6,1.7131494117647056e6,false,0
75.514,use_SR3_cuts,0.014882914434830363,10,false,14.379999999999999,false,false,10.928571428571429,false,1.74744e6,1.721433e6,false,0
202.187,use_SR3_cuts,0.009452022447273278,10,false,66.77633333333334,false,false,10.928571428571429,false,1.74744e6,1.7309231578947369e6,false,0
376.935,use_SR3_cuts,0.0078220644115361,4,false,94.1105,false,false,10.928571428571429,false,1.74744e6,1.7337714117647053e6,false,0
555.694,use_SR3_cuts,0.007505425078973005,10,false,185.1136666666667,false,false,10.928571428571429,false,1.74744e6,1.7343247199999995e6,false,0
282.709,use_SR3_cuts,0.00697172244349864,10,false,141.238,false,false,10.928571428571429,false,1.74744e6,1.7352573333333328e6,false,0
387.113,use_SR3_cuts,0.006892368264432958,1,false,128.87233333333333,false,false,10.928571428571429,false,1.74744e6,1.7353959999999993e6,false,0
662.766,none,0.006676624090097616,0,false,165.58525,false,false,10.928571428571429,false,1.74744e6,1.7357729999999998e6,false,0
