CG_time_taken,method,CG_LP_IP_gap,implemented_SR3_cuts_count,errored,CG_sp_time_taken_mean,converged,CGIP_artificial,ngroute_neighborhood_size,time_limit_reached,CGIP_objective,CGLP_objective,CGLP_artificial,cycles_lookup_length
33.614,use_adaptive_ngroute,0.33756765267759636,0,false,0.6632857142857143,false,false,6.0,false,2.25752e6,1.4954542727272727e6,false,15
12.03,use_adaptive_ngroute,0.03434119298373095,0,false,0.6664166666666668,false,false,7.392857142857142,false,1.698876e6,1.6405345714285711e6,false,16
15.42,use_adaptive_ngroute,0.030856725270119734,0,false,1.4073,false,false,9.214285714285714,false,1.698876e6,1.64645425e6,false,8
12.395,use_SR3_cuts,0.028630694647519883,1,false,1.608285714285714,false,false,9.964285714285714,false,1.698876e6,1.650236e6,false,0
19.778,use_SR3_cuts,0.024763431821981152,1,false,2.7110000000000003,false,false,9.964285714285714,false,1.698876e6,1.656806e6,false,0
18.721,use_adaptive_ngroute,0.024763431821981263,0,false,3.6666000000000003,false,false,9.964285714285714,false,1.698876e6,1.6568059999999998e6,false,1
23.168,use_SR3_cuts,0.024763431821981152,1,false,4.4784,false,false,10.0,false,1.698876e6,1.656806e6,false,0
45.517,use_SR3_cuts,0.018341538758567477,1,false,8.994399999999999,false,false,10.0,false,1.698876e6,1.667716e6,false,0
31.784,none,0.017961875969758845,0,false,10.521666666666667,false,false,10.0,false,1.698876e6,1.668361e6,false,0
