CG_time_taken,method,CG_LP_IP_gap,implemented_SR3_cuts_count,errored,CG_sp_time_taken_mean,converged,CGIP_artificial,ngroute_neighborhood_size,time_limit_reached,CGIP_objective,CGLP_objective,CGLP_artificial,cycles_lookup_length
9.541,use_adaptive_ngroute,0.2422294390918016,0,false,0.2331739130434783,false,false,6.0,false,2.09202e6,1.5852711688311691e6,false,15
3.954,use_adaptive_ngroute,0.1758782693009331,0,false,0.2644166666666667,false,false,6.964285714285714,false,2.00081e6,1.648911e6,false,4
1.601,use_adaptive_ngroute,0.09230474068369143,0,false,0.18257142857142858,false,false,7.107142857142857,false,1.822986e6,1.65471575e6,false,8
2.465,use_SR3_cuts,0.08934407614759521,2,false,0.24037499999999998,false,false,7.392857142857142,false,1.822986e6,1.660113e6,false,0
19.829,use_adaptive_ngroute,0.05183850154717207,0,false,1.5376666666666665,false,false,7.392857142857142,false,1.782176e6,1.689790666666667e6,false,1
8.166,use_adaptive_ngroute,0.05047447614601486,0,false,1.5972,false,false,7.428571428571428,false,1.782176e6,1.6922215999999999e6,false,5
9.443,use_SR3_cuts,0.050474476146014746,2,false,1.522,false,false,8.035714285714285,false,1.782176e6,1.6922216e6,false,0
6.876,use_SR3_cuts,0.05047447614601486,2,false,1.3324,false,false,8.035714285714285,false,1.782176e6,1.6922215999999999e6,false,0
22.829,use_SR3_cuts,0.04684898845969376,1,false,4.4962,false,false,8.035714285714285,false,1.782176e6,1.6986828571428568e6,false,0
18.591,use_SR3_cuts,0.04611633675429816,1,false,4.616499999999999,false,false,8.035714285714285,false,1.782176e6,1.6999885714285718e6,false,0
14.204,use_SR3_cuts,0.04611633675429849,10,false,7.062,false,false,8.035714285714285,false,1.782176e6,1.6999885714285714e6,false,0
38.639,use_SR3_cuts,0.041514698884958734,10,false,12.832666666666666,false,false,8.035714285714285,false,1.782176e6,1.7081894999999998e6,false,0
56.139,use_SR3_cuts,0.03961252985114827,1,false,9.261166666666668,false,false,8.035714285714285,false,1.782176e6,1.7115795e6,false,0
43.12,use_adaptive_ngroute,0.03867920051506868,0,false,8.5594,false,false,8.035714285714285,false,1.782176e6,1.713242857142857e6,false,3
49.122,none,0.03814718636094305,0,false,16.21,false,false,8.357142857142856,false,1.782176e6,1.714191e6,false,0
