CG_time_taken,method,CG_LP_IP_gap,implemented_SR3_cuts_count,errored,CG_sp_time_taken_mean,converged,CGIP_artificial,ngroute_neighborhood_size,time_limit_reached,CGIP_objective,CGLP_objective,CGLP_artificial,cycles_lookup_length
15.697,use_adaptive_ngroute,0.9999741934830775,0,false,0.4896842105263158,false,true,6.0,false,6.0e10,1.5483910153481348e6,false,28
123.711,use_adaptive_ngroute,0.09295901230830583,0,false,4.301392857142857,false,false,9.0,false,1.81121e6,1.6428417073170734e6,false,9
21.296,use_adaptive_ngroute,0.03693844850492867,0,false,2.9602857142857144,false,false,9.357142857142858,false,1.74489e6,1.680436470588235e6,false,7
13.878,use_SR3_cuts,0.03560478229081998,8,false,4.567666666666667,false,false,10.035714285714285,false,1.74489e6,1.6827635714285711e6,false,0
101.681,use_SR3_cuts,0.027869348422204787,7,false,25.22375,false,false,10.035714285714285,false,1.74489e6,1.696261052631579e6,false,0
369.726,use_SR3_cuts,0.02343414198029714,10,false,90.86449999999999,false,false,10.035714285714285,false,1.74489e6,1.7039999999999993e6,false,0
573.649,use_adaptive_ngroute,0.021069277392025465,0,false,143.181,false,false,10.035714285714285,false,1.74489e6,1.7081264285714286e6,false,3
673.55,use_SR3_cuts,0.020921089581578234,1,false,167.93474999999998,false,false,10.142857142857144,false,1.74489e6,1.708385e6,false,0
197.247,none,0.02033079449134334,0,false,98.41799999999999,false,false,10.142857142857144,false,1.74489e6,1.709415e6,false,0
