CG_time_taken,method,CG_LP_IP_gap,implemented_SR3_cuts_count,errored,CG_sp_time_taken_mean,converged,CGIP_artificial,ngroute_neighborhood_size,time_limit_reached,CGIP_objective,CGLP_objective,CGLP_artificial,cycles_lookup_length
2.031,use_adaptive_ngroute,0.258557474012874,0,false,0.10453846153846155,false,false,5.0,false,1.81917e6,1.34881e6,false,20
1.764,use_adaptive_ngroute,0.04771709569287208,0,false,0.175625,false,false,6.45,false,1.5811e6,1.5056545e6,false,10
0.916,use_adaptive_ngroute,0.0051405878271755245,0,false,0.13299999999999998,false,false,7.3,false,1.52301e6,1.5151808333333335e6,false,3
0.892,use_SR3_cuts,0.004891629076631099,1,false,0.17079999999999998,false,false,7.5,false,1.52301e6,1.51556e6,false,0
0.615,none,0.004891629076631099,0,false,0.19133333333333336,false,false,7.5,false,1.52301e6,1.51556e6,false,0
