CG_time_taken,method,CG_LP_IP_gap,implemented_SR3_cuts_count,errored,CG_sp_time_taken_mean,converged,CGIP_artificial,ngroute_neighborhood_size,time_limit_reached,CGIP_objective,CGLP_objective,CGLP_artificial,cycles_lookup_length
31.465,use_adaptive_ngroute,0.4327805458539926,0,false,0.66884,false,false,6.0,false,2.6305e6,1.4920707741310725e6,false,22
20.146,use_adaptive_ngroute,0.10064341628790563,0,false,1.1994,false,false,7.964285714285714,false,1.83273e6,1.6482777916666667e6,false,12
28.329,use_SR3_cuts,0.09931994081787032,11,false,4.639333333333334,false,false,9.857142857142858,false,1.83273e6,1.6507033648648646e6,false,0
541.84,use_adaptive_ngroute,0.015964502250226498,0,false,76.59457142857143,false,false,9.857142857142858,false,1.71697e6,1.6895594285714286e6,false,4
57.437,use_SR3_cuts,0.01592238070554519,3,false,19.038999999999998,false,false,10.107142857142858,false,1.71697e6,1.68963175e6,false,0
162.877,use_SR3_cuts,0.014405901093205054,1,false,81.16699999999999,false,false,10.107142857142858,false,1.71697e6,1.6922354999999998e6,false,0
87.55,use_SR3_cuts,0.014405901093204942,10,false,43.711,false,false,10.107142857142858,false,1.71697e6,1.6922355e6,false,0
132.604,use_SR3_cuts,0.012967161495382684,3,false,44.08733333333333,false,false,10.107142857142858,false,1.71697e6,1.6947057727272727e6,false,0
535.411,use_SR3_cuts,0.012049230136034206,10,false,178.269,false,false,10.107142857142858,false,1.71697e6,1.6962818333333333e6,false,0
776.371,use_adaptive_ngroute,0.010301375810763513,0,false,193.76899999999998,false,false,10.107142857142858,false,1.71697e6,1.6992828467741935e6,false,3
466.83,use_SR3_cuts,0.01027528939723088,3,false,230.926,false,false,10.214285714285715,false,1.71697e6,1.6993276363636365e6,false,0
255.684,use_SR3_cuts,0.010096241893827518,10,false,255.54399999999998,false,false,10.214285714285715,false,1.71697e6,1.699635055555555e6,false,0
492.644,none,0.008842362667123571,0,false,457.82099999999997,false,false,10.214285714285715,true,1.71697e6,1.7017879285714289e6,false,0
