CG_time_taken,method,CG_LP_IP_gap,implemented_SR3_cuts_count,errored,CG_sp_time_taken_mean,converged,CGIP_artificial,ngroute_neighborhood_size,time_limit_reached,CGIP_objective,CGLP_objective,CGLP_artificial,cycles_lookup_length
57.349,use_adaptive_ngroute,0.38855628233541295,0,false,0.8185588235294118,false,false,6.0,false,2.41028e6,1.473750563812601e6,false,31
65.827,use_adaptive_ngroute,0.07970835888823302,0,false,3.2199999999999998,false,false,9.8125,false,1.74461e6,1.6055499999999998e6,false,2
12.95,use_SR3_cuts,0.0780890858128751,2,false,2.0281666666666665,false,false,10.0,false,1.74461e6,1.608375e6,false,0
60.294,use_adaptive_ngroute,0.07468446424008479,0,false,8.512857142857143,false,false,10.0,false,1.74461e6,1.6143147368421056e6,false,8
33.384,use_SR3_cuts,0.07394489312797703,1,false,6.5946,false,false,10.5625,false,1.74461e6,1.615605e6,false,0
13.276,use_SR3_cuts,0.07394489312797703,2,false,6.574000000000001,false,false,10.5625,false,1.74461e6,1.615605e6,false,0
118.174,use_SR3_cuts,0.06413937741212361,1,false,23.451,false,false,10.5625,false,1.73084e6,1.619825e6,false,0
101.837,use_SR3_cuts,0.06304963112096551,1,false,33.866,false,false,10.5625,false,1.73084e6,1.621711176470588e6,false,0
255.069,use_adaptive_ngroute,0.06193172242323053,0,false,63.685500000000005,false,false,10.5625,false,1.73084e6,1.6236460975609757e6,false,4
129.125,use_SR3_cuts,0.061851301034383854,2,false,42.958999999999996,false,false,10.875,false,1.73084e6,1.623785294117647e6,false,0
533.734,use_SR3_cuts,0.061568593639726776,3,false,76.11257142857141,false,false,10.875,false,1.73084e6,1.6242746153846153e6,false,0
476.021,use_SR3_cuts,0.06095845562462987,1,false,118.836,false,false,10.875,false,1.73084e6,1.6253306666666656e6,false,0
1199.457,use_SR3_cuts,0.0430687475724727,10,false,298.22499999999997,false,false,10.875,false,1.69926e6,1.626075e6,false,0
527.357,none,0.041351408773110054,0,false,223.90050000000002,false,false,10.875,true,1.69926e6,1.628993205128205e6,false,0
