CG_time_taken,method,CG_LP_IP_gap,implemented_SR3_cuts_count,errored,CG_sp_time_taken_mean,converged,CGIP_artificial,ngroute_neighborhood_size,time_limit_reached,CGIP_objective,CGLP_objective,CGLP_artificial,cycles_lookup_length
45.709,use_adaptive_ngroute,0.2746319698629405,0,false,0.7386800000000001,false,false,6.0,false,2.1388e6,1.551417142857143e6,false,27
83.016,use_adaptive_ngroute,0.13732301233272115,0,false,3.420869565217391,false,false,8.6875,false,1.9055e6,1.6438309999999998e6,false,14
30.568,use_adaptive_ngroute,0.1275153503017582,0,false,3.3122222222222226,false,false,9.84375,false,1.9055e6,1.6625194999999998e6,false,6
22.29,use_SR3_cuts,0.08713211720928249,12,false,4.385199999999999,false,false,10.125,false,1.82473e6,1.665737411764706e6,false,0
211.72,use_adaptive_ngroute,0.07160716927983868,0,false,33.88266666666667,false,false,10.125,false,1.82473e6,1.69406625e6,false,8
35.663,use_SR3_cuts,0.07134041748642261,3,false,6.845000000000001,false,false,10.5,false,1.82473e6,1.694553e6,false,0
84.56,use_SR3_cuts,0.06886854493541505,4,false,21.0215,false,false,10.5,false,1.82473e6,1.6990635e6,false,0
598.706,use_adaptive_ngroute,0.054789128495616346,0,false,118.8044,false,false,10.5,false,1.821984e6,1.722159084507043e6,false,2
280.865,use_SR3_cuts,0.05475070726271969,4,false,93.236,false,false,10.5625,false,1.821984e6,1.722229087378641e6,false,0
1127.493,use_SR3_cuts,0.04381513174381768,1,false,281.64050000000003,false,false,10.5625,false,1.803652e6,1.7246247499999998e6,false,0
855.748,use_SR3_cuts,0.04344075242896106,10,false,427.56399999999996,false,false,10.5625,false,1.803652e6,1.7252999999999995e6,false,0
207.284,none,0.03677786887059431,0,false,NaN,false,false,10.5625,true,1.803652e6,1.7373175232558148e6,false,0
