CG_time_taken,method,CG_LP_IP_gap,implemented_SR3_cuts_count,errored,CG_sp_time_taken_mean,converged,CGIP_artificial,ngroute_neighborhood_size,time_limit_reached,CGIP_objective,CGLP_objective,CGLP_artificial,cycles_lookup_length
64.06,use_adaptive_ngroute,0.44416994824112876,0,false,0.90346875,false,false,6.0,false,3.02756e6,1.6828088315030884e6,false,18
33.157,use_adaptive_ngroute,0.18222446176754992,0,false,1.6606470588235294,false,false,7.3125,false,2.24748e6,1.837934166666667e6,false,17
12.941,use_adaptive_ngroute,0.17824574634701973,0,false,1.507375,false,false,8.28125,false,2.24748e6,1.84687625e6,false,4
13.154,use_adaptive_ngroute,0.12643883956850166,0,false,1.5585,false,false,8.40625,false,2.11542e6,1.8479487500000002e6,false,2
8.514,use_SR3_cuts,0.12553062748768562,3,false,1.6152000000000002,false,false,8.625,false,2.11542e6,1.84987e6,false,0
18.037,use_adaptive_ngroute,0.11351322581243806,0,false,4.41775,false,false,8.625,false,2.11542e6,1.8752918518518524e6,false,4
14.19,use_adaptive_ngroute,0.11138811112411451,0,false,4.6706666666666665,false,false,8.78125,false,2.11177e6,1.8765439285714286e6,false,2
30.915,use_adaptive_ngroute,0.11088144594871174,0,false,6.103000000000001,false,false,8.84375,false,2.11177e6,1.877613888888889e6,false,3
26.246,use_SR3_cuts,0.11045158011210177,6,false,8.629333333333333,false,false,8.9375,false,2.11177e6,1.8785216666666667e6,false,0
387.966,use_SR3_cuts,0.10460867208814772,9,false,74.2336,false,false,8.9375,false,2.11126e6,1.8904038949671772e6,false,0
2971.771,none,0.012983609285298292,0,false,1359.999,false,false,8.9375,true,1.92304e6,1.898072e6,false,0
