CG_time_taken,method,CG_LP_IP_gap,implemented_SR3_cuts_count,errored,CG_sp_time_taken_mean,converged,CGIP_artificial,ngroute_neighborhood_size,time_limit_reached,CGIP_objective,CGLP_objective,CGLP_artificial,cycles_lookup_length
25.137,use_adaptive_ngroute,0.33674385011266816,0,false,0.4216538461538461,false,false,6.0,false,2.45411e6,1.6277035499999998e6,false,31
35.539,use_adaptive_ngroute,0.07140839741437655,0,false,2.4693846153846155,false,false,9.5625,false,1.87653e6,1.74253e6,false,2
30.462,use_adaptive_ngroute,0.06706527473581558,0,false,2.5879090909090916,false,false,9.625,false,1.87653e6,1.75068e6,false,2
20.054,use_adaptive_ngroute,0.06660964652843282,0,false,2.7495714285714286,false,false,9.71875,false,1.87653e6,1.751535e6,false,2
9.074,use_SR3_cuts,0.06469654095591326,3,false,1.7085999999999997,false,false,9.875,false,1.87653e6,1.755125e6,false,0
24.901,use_adaptive_ngroute,0.010744711677774577,0,false,3.966333333333333,false,false,9.875,false,1.79452e6,1.7752384e6,false,1
26.665,use_SR3_cuts,0.010286873370037641,10,false,6.5175,false,false,10.0625,false,1.79452e6,1.77606e6,false,0
53.47,use_adaptive_ngroute,0.007696765708936182,0,false,8.746166666666667,false,false,10.0625,false,1.79452e6,1.7807079999999998e6,false,4
41.154,use_adaptive_ngroute,0.004420123487060779,0,false,10.103749999999998,false,false,10.28125,false,1.79452e6,1.7865879999999998e6,false,4
81.95,use_adaptive_ngroute,0.0018862075704380032,0,false,13.3405,false,false,10.4375,false,1.79452e6,1.7911351627906975e6,false,5
49.407,use_adaptive_ngroute,0.0013885715148553857,0,false,24.5575,false,false,10.59375,false,1.79452e6,1.7920281806451618e6,false,4
201.241,use_adaptive_ngroute,0.0008743166548182968,0,false,49.809749999999994,false,false,10.84375,false,1.79452e6,1.7929510212765955e6,false,1
53.477,use_adaptive_ngroute,0.0006709055838733935,0,false,26.6385,false,false,10.875,false,1.79452e6,1.7933160465116275e6,false,1
198.284,use_SR3_cuts,0.000579849611114791,8,false,49.46275,false,false,10.90625,false,1.79452e6,1.7934794482758623e6,false,0
2738.406,none,0.0,0,false,534.1168000000001,true,false,10.90625,true,1.79452e6,1.79452e6,false,0
