CG_time_taken,method,CG_LP_IP_gap,implemented_SR3_cuts_count,errored,CG_sp_time_taken_mean,converged,CGIP_artificial,ngroute_neighborhood_size,time_limit_reached,CGIP_objective,CGLP_objective,CGLP_artificial,cycles_lookup_length
133.622,use_adaptive_ngroute,0.25374872827578554,0,false,3.352076923076923,false,false,6.0,false,2.31928e6,1.7307656494845361e6,false,28
855.59,use_adaptive_ngroute,0.1474054679338661,0,false,55.681266666666666,false,false,9.125,false,2.11948e6,1.8070570588235294e6,false,15
15.179,use_adaptive_ngroute,0.07933580271970775,0,false,1.7735714285714284,false,false,10.0625,false,1.9708e6,1.814445e6,false,2
4.608,use_SR3_cuts,0.07933580271970764,3,false,1.097,false,false,10.375,false,1.9708e6,1.8144450000000002e6,false,0
19.539,use_adaptive_ngroute,0.060815637801334255,0,false,3.4366000000000003,false,false,10.375,false,1.94488e6,1.826600882352941e6,false,6
15.15,use_adaptive_ngroute,0.05959606119657779,0,false,3.59275,false,false,10.71875,false,1.94488e6,1.8289728124999998e6,false,9
14.617,use_adaptive_ngroute,0.05861605857430807,0,false,3.5405,false,false,11.0625,false,1.94488e6,1.8308787999999998e6,false,1
11.517,use_SR3_cuts,0.05860731435789723,8,false,5.676,false,false,11.09375,false,1.94488e6,1.8308958064516129e6,false,0
164.834,use_adaptive_ngroute,0.05474034104696046,0,false,32.082,false,false,11.09375,false,1.94488e6,1.8384166055045875e6,false,2
73.676,use_adaptive_ngroute,0.05417451515491023,0,false,24.433333333333334,false,false,11.15625,false,1.94488e6,1.8395170689655181e6,false,2
56.478,use_SR3_cuts,0.054159956081925476,7,false,28.208,false,false,11.281250000000002,false,1.94488e6,1.8395453846153847e6,false,0
270.62,use_SR3_cuts,0.05309993418617087,2,false,89.95633333333332,false,false,11.281250000000002,false,1.94488e6,1.841607e6,false,0
451.796,use_SR3_cuts,0.05243359941154624,1,false,112.81524999999998,false,false,11.281250000000002,false,1.94488e6,1.842902941176472e6,false,0
322.086,use_SR3_cuts,0.05242739911974026,10,false,107.29400000000001,false,false,11.281250000000002,false,1.94488e6,1.8429149999999995e6,false,0
1169.71,none,0.017716849064396745,0,false,543.784,false,false,11.281250000000002,true,1.8845e6,1.8511125979381443e6,false,0
