CG_time_taken,method,CG_LP_IP_gap,implemented_SR3_cuts_count,errored,CG_sp_time_taken_mean,converged,CGIP_artificial,ngroute_neighborhood_size,time_limit_reached,CGIP_objective,CGLP_objective,CGLP_artificial,cycles_lookup_length
37.723,use_adaptive_ngroute,0.397759388192649,0,false,0.7267826086956523,false,false,6.0,false,2.78099e6,1.674825119030125e6,false,30
35.119,use_adaptive_ngroute,0.10714078258966764,0,false,1.4268181818181818,false,false,8.46875,false,2.01076e6,1.7953255999999999e6,false,4
12.273,use_adaptive_ngroute,0.10590815164415446,0,false,1.2586666666666666,false,false,8.96875,false,2.01076e6,1.797804125e6,false,10
17.837,use_SR3_cuts,0.10554056675088042,7,false,2.119125,false,false,9.75,false,2.01076e6,1.7985432499999998e6,false,0
142.265,use_SR3_cuts,0.05916321779617251,3,false,19.14285714285714,false,false,9.75,false,1.933e6,1.8186374999999986e6,false,0
70.276,use_SR3_cuts,0.015095880336148948,4,false,13.677200000000001,false,false,9.75,false,1.84918e6,1.821265e6,false,0
146.075,use_adaptive_ngroute,0.005045843332717959,0,false,28.143599999999996,false,false,9.75,false,1.84178e6,1.8324866666666667e6,false,2
185.769,use_adaptive_ngroute,0.005045843332717848,0,false,46.01350000000001,false,false,9.8125,false,1.84178e6,1.832486666666667e6,false,2
102.475,use_SR3_cuts,0.0047635077660380665,10,false,33.96733333333333,false,false,9.875,false,1.84178e6,1.8330066666666665e6,false,0
127.17,use_adaptive_ngroute,0.003363702505185251,0,false,42.309666666666665,false,false,9.875,false,1.84178e6,1.8355847999999998e6,false,1
134.577,use_SR3_cuts,0.0032932814994189874,2,false,44.70066666666666,false,false,9.96875,false,1.84178e6,1.8357145e6,false,0
159.453,use_SR3_cuts,0.0027043886288746766,1,false,52.92933333333334,false,false,9.96875,false,1.84178e6,1.8367991111111112e6,false,0
170.953,use_SR3_cuts,0.0027043886288787844,10,false,85.2155,false,false,9.96875,false,1.84178e6,1.8367991111111036e6,false,0
150.818,use_adaptive_ngroute,0.001550436262745647,0,false,49.79600000000001,false,false,9.96875,false,1.84178e6,1.8389244375000002e6,false,1
128.697,use_adaptive_ngroute,0.0015056087046225741,0,false,42.794333333333334,false,false,10.15625,false,1.84178e6,1.8390070000000002e6,false,1
106.769,use_adaptive_ngroute,0.001497493758241597,0,false,53.23,false,false,10.1875,false,1.84178e6,1.8390219459459458e6,false,1
138.028,use_SR3_cuts,0.0014857749504477713,3,false,45.794000000000004,false,false,10.3125,false,1.84178e6,1.8390435294117643e6,false,0
280.16,use_SR3_cuts,0.0014599463562420256,10,false,69.85925,false,false,10.3125,false,1.84178e6,1.8390911000000006e6,false,0
576.044,use_SR3_cuts,0.0007923494300799971,10,false,108.72439999999999,false,false,10.3125,false,1.84178e6,1.8403206666666672e6,false,0
201.075,use_SR3_cuts,0.0007923494300798861,10,false,100.28099999999999,false,false,10.3125,false,1.84178e6,1.8403206666666674e6,false,0
170.273,none,0.0007923494300801082,0,false,84.871,false,false,10.3125,false,1.84178e6,1.840320666666667e6,false,0
