CG_time_taken,method,CG_LP_IP_gap,implemented_SR3_cuts_count,errored,CG_sp_time_taken_mean,converged,CGIP_artificial,ngroute_neighborhood_size,time_limit_reached,CGIP_objective,CGLP_objective,CGLP_artificial,cycles_lookup_length
23.331,use_adaptive_ngroute,0.31336645428054033,0,false,0.4098076923076923,false,false,6.0,false,2.43782e6,1.6738889904258132e6,false,25
15.734,use_adaptive_ngroute,0.10698264782484967,0,false,0.9862857142857144,false,false,7.8125,false,2.02055e6,1.8043862109375e6,false,16
16.466,use_adaptive_ngroute,0.09516574582528148,0,false,2.277428571428571,false,false,8.9375,false,2.02055e6,1.8282628522727275e6,false,9
15.045,use_adaptive_ngroute,0.09247172341230891,0,false,2.4543333333333335,false,false,10.125,false,2.02055e6,1.8337062592592593e6,false,7
15.466,use_adaptive_ngroute,0.09162387468758515,0,false,3.0562,false,false,10.59375,false,2.02055e6,1.83541938e6,false,2
5.484,use_adaptive_ngroute,0.09061086321101541,0,false,2.7015000000000002,false,false,10.65625,false,2.02055e6,1.8374662203389828e6,false,5
9.707,use_SR3_cuts,0.090400950236322,10,false,3.2,false,false,11.125,false,2.02055e6,1.8378903599999996e6,false,0
104.497,use_adaptive_ngroute,0.057283910621821255,0,false,20.3982,false,false,11.125,false,1.96798e6,1.8552464095744682e6,false,1
50.686,use_SR3_cuts,0.05706166281167713,4,false,12.561,false,false,11.15625,false,1.96798e6,1.8556837888198756e6,false,0
273.016,use_SR3_cuts,0.054465534880096866,2,false,67.75775,false,false,11.15625,false,1.96798e6,1.860792916666667e6,false,0
179.108,use_SR3_cuts,0.05433714827012048,2,false,89.0575,false,false,11.15625,false,1.96798e6,1.8610455789473683e6,false,0
633.397,use_SR3_cuts,0.04834557347999846,10,false,209.20733333333337,false,false,11.15625,false,1.95616e6,1.8615883229813662e6,false,0
1226.958,use_adaptive_ngroute,0.04643543224231916,0,false,408.65866666666665,false,false,11.15625,false,1.95616e6,1.8653248648648649e6,false,2
827.941,use_adaptive_ngroute,0.04639033406666704,0,false,275.85333333333335,false,false,11.21875,false,1.95616e6,1.8654130841121485e6,false,1
177.997,none,0.04639007611357249,0,false,NaN,false,false,11.59375,true,1.95616e6,1.865413588709674e6,false,0
