CG_time_taken,method,CG_LP_IP_gap,implemented_SR3_cuts_count,errored,CG_sp_time_taken_mean,converged,CGIP_artificial,ngroute_neighborhood_size,time_limit_reached,CGIP_objective,CGLP_objective,CGLP_artificial,cycles_lookup_length
19.343,use_adaptive_ngroute,0.35188774628799113,0,false,0.37623076923076926,false,false,6.0,false,2.65734e6,1.7222546162790696e6,false,25
45.737,use_adaptive_ngroute,0.11085953618135447,0,false,3.3436153846153855,false,false,8.1875,false,2.0349e6,1.8093119298245618e6,false,11
76.111,use_adaptive_ngroute,0.08804842161583748,0,false,8.356777777777777,false,false,9.03125,false,1.99983e6,1.8237481249999998e6,false,12
74.219,use_adaptive_ngroute,0.06132374386735129,0,false,10.525285714285715,false,false,10.125,false,1.94519e6,1.825903666666667e6,false,5
48.728,use_SR3_cuts,0.06114393912541638,8,false,12.13675,false,false,10.53125,false,1.94519e6,1.8262534210526312e6,false,0
650.05,use_adaptive_ngroute,0.04766247586537642,0,false,92.04128571428569,false,false,10.53125,false,1.94519e6,1.8524774285714284e6,false,7
144.129,use_SR3_cuts,0.046721712889564726,3,false,47.97066666666666,false,false,10.78125,false,1.94519e6,1.8543073913043477e6,false,0
487.572,use_adaptive_ngroute,0.04542697383705219,0,false,162.21866666666668,false,false,10.78125,false,1.94519e6,1.8568259047619044e6,false,1
423.976,use_adaptive_ngroute,0.045172906355824605,0,false,211.4965,false,false,10.8125,false,1.94519e6,1.8573201142857135e6,false,1
344.809,use_adaptive_ngroute,0.04511954885543068,0,false,172.31050000000002,false,false,10.96875,false,1.94519e6,1.8574239047619049e6,false,1
504.922,use_adaptive_ngroute,0.04511954885543079,0,false,168.21866666666665,false,false,11.21875,false,1.94519e6,1.8574239047619046e6,false,1
768.695,none,0.0451195488554309,0,false,237.31833333333333,false,false,11.25,true,1.94519e6,1.8574239047619044e6,false,0
