CG_time_taken,method,CG_LP_IP_gap,implemented_SR3_cuts_count,errored,CG_sp_time_taken_mean,converged,CGIP_artificial,ngroute_neighborhood_size,time_limit_reached,CGIP_objective,CGLP_objective,CGLP_artificial,cycles_lookup_length
22.199,use_adaptive_ngroute,0.9999732761327174,0,false,0.43921739130434795,false,true,6.0,false,6.0e10,1.6034320369565217e6,false,32
28.164,use_adaptive_ngroute,0.024688043409851756,0,false,1.5520000000000003,false,false,9.125,false,1.78383e6,1.7397907275242042e6,false,8
17.509,use_adaptive_ngroute,0.022222065497706778,0,false,2.09825,false,false,10.375,false,1.78383e6,1.7441896129032257e6,false,9
11.49,use_adaptive_ngroute,0.021785281162015613,0,false,2.7635,false,false,10.75,false,1.78383e6,1.7449687619047617e6,false,3
10.266,use_adaptive_ngroute,0.02169354212053609,0,false,3.3646666666666665,false,false,10.875,false,1.78383e6,1.745132408759124e6,false,1
5.132,use_SR3_cuts,0.021604191614786994,5,false,2.472,false,false,10.90625,false,1.78383e6,1.7452917948717945e6,false,0
36.573,use_SR3_cuts,0.01310943307377943,10,false,6.9784,false,false,10.90625,false,1.78383e6,1.760445e6,false,0
81.089,use_adaptive_ngroute,0.007666598886053699,0,false,13.271833333333333,false,false,10.90625,false,1.78383e6,1.7701540909090908e6,false,3
69.861,use_SR3_cuts,0.007561679083769146,2,false,17.3015,false,false,11.03125,false,1.78383e6,1.77034125e6,false,0
28.392,use_adaptive_ngroute,0.007079470257015386,0,false,14.059,false,false,11.03125,false,1.78383e6,1.7712014285714282e6,false,1
46.203,use_SR3_cuts,0.0070794702570151635,10,false,22.994,false,false,11.0625,false,1.78383e6,1.7712014285714286e6,false,0
163.823,use_SR3_cuts,0.005162347308880322,2,false,32.6888,false,false,11.0625,false,1.78383e6,1.77462125e6,false,0
71.365,use_SR3_cuts,0.004974849461152453,1,false,35.528000000000006,false,false,11.0625,false,1.78383e6,1.7749557142857125e6,false,0
144.558,use_SR3_cuts,0.004974849461150788,10,false,48.00299999999999,false,false,11.0625,false,1.78383e6,1.7749557142857155e6,false,0
179.041,use_adaptive_ngroute,0.0016311641951123335,0,false,59.54133333333334,false,false,11.0625,false,1.78383e6,1.7809202803738327e6,false,1
130.077,use_adaptive_ngroute,0.0014063902176487675,0,false,43.23833333333333,false,false,11.15625,false,1.78383e6,1.7813212389380515e6,false,1
134.533,use_SR3_cuts,0.0013852839738722755,2,false,67.09349999999999,false,false,11.1875,false,1.78383e6,1.7813588888888874e6,false,0
135.622,use_SR3_cuts,0.0010358330109929703,2,false,67.609,false,false,11.1875,false,1.78383e6,1.7819822500000005e6,false,0
109.913,use_SR3_cuts,0.0009931813382811905,10,false,54.8385,false,false,11.1875,false,1.78383e6,1.782058333333334e6,false,0
253.427,use_SR3_cuts,0.0008078746915964885,10,false,83.952,false,false,11.1875,false,1.78383e6,1.7823888888888895e6,false,0
244.251,use_adaptive_ngroute,0.000412976572879975,0,false,81.24933333333333,false,false,11.1875,false,1.78383e6,1.7830933199999996e6,false,4
184.303,use_SR3_cuts,0.0003666958605489379,3,false,92.035,false,false,11.437499999999998,false,1.78383e6,1.783175876923077e6,false,0
400.069,use_SR3_cuts,0.00022410724719812425,2,false,133.02366666666666,false,false,11.437499999999998,false,1.78383e6,1.7834302307692305e6,false,0
126.713,none,-2.4424906541753444e-15,0,false,126.519,true,false,11.437499999999998,false,1.78383e6,1.7838300000000042e6,false,0
