CG_time_taken,method,CG_LP_IP_gap,implemented_SR3_cuts_count,errored,CG_sp_time_taken_mean,converged,CGIP_artificial,ngroute_neighborhood_size,time_limit_reached,CGIP_objective,CGLP_objective,CGLP_artificial,cycles_lookup_length
27.657,use_adaptive_ngroute,0.3699448327069981,0,false,0.43763999999999986,false,false,6.0,false,2.58091e6,1.6261156818181816e6,false,27
12.167,use_adaptive_ngroute,0.05260148718919189,0,false,0.6549166666666666,false,false,8.65625,false,1.828326e6,1.7321533333333335e6,false,11
21.312,use_SR3_cuts,0.011134701714840656,2,false,2.0053999999999994,false,false,10.0,false,1.75682e6,1.7372583333333337e6,false,0
16.546,use_SR3_cuts,0.006284081465374958,1,false,4.03875,false,false,10.0,false,1.75682e6,1.74578e6,false,0
21.61,use_adaptive_ngroute,0.0037734575621211075,0,false,5.3215,false,false,10.0,false,1.75682e6,1.7501907142857143e6,false,2
20.659,use_SR3_cuts,0.003402079954271442,3,false,4.9910000000000005,false,false,10.375,false,1.75682e6,1.7508431578947369e6,false,0
46.356,none,0.0,0,false,11.399,true,false,10.375,false,1.75682e6,1.75682e6,false,0
