CG_time_taken,method,CG_LP_IP_gap,implemented_SR3_cuts_count,errored,CG_sp_time_taken_mean,converged,CGIP_artificial,ngroute_neighborhood_size,time_limit_reached,CGIP_objective,CGLP_objective,CGLP_artificial,cycles_lookup_length
46.397,use_adaptive_ngroute,0.3345188784083507,0,false,1.00596,false,false,6.0,false,2.34829e6,1.5627426630224541e6,false,23
26.581,use_adaptive_ngroute,0.07187463249836978,0,false,1.443266666666667,false,false,7.5625,false,1.87074e6,1.7362812499999998e6,false,11
18.133,use_adaptive_ngroute,0.03133010411941062,0,false,2.444857142857143,false,false,8.0,false,1.803122e6,1.74663e6,false,6
15.165,use_adaptive_ngroute,0.02876981050692584,0,false,3.7167499999999998,false,false,8.375,false,1.803122e6,1.7512465217391308e6,false,1
14.881,use_SR3_cuts,0.02876981050692584,3,false,3.64175,false,false,8.625,false,1.803122e6,1.7512465217391308e6,false,0
33.256,use_SR3_cuts,0.026237085824845297,10,false,8.17925,false,false,8.625,false,1.803122e6,1.7558133333333333e6,false,0
51.176,use_SR3_cuts,0.0034923608133420325,10,false,12.45525,false,false,8.625,false,1.77244e6,1.76625e6,false,0
83.881,use_adaptive_ngroute,0.0010335379803948497,0,false,27.799333333333337,false,false,8.625,false,1.77244e6,1.770608115942029e6,false,5
42.981,use_SR3_cuts,0.000605568218576269,2,false,21.422,false,false,9.3125,false,1.77244e6,1.7713666666666667e6,false,0
97.426,use_SR3_cuts,0.00060556821857638,10,false,32.256,false,false,9.3125,false,1.77244e6,1.7713666666666665e6,false,0
80.597,use_SR3_cuts,0.00016643722777598402,3,false,40.1625,false,false,9.3125,false,1.77244e6,1.7721450000000007e6,false,0
295.451,none,-4.440892098500626e-16,0,false,73.72175,true,false,9.3125,false,1.77244e6,1.7724400000000007e6,false,0
