CG_time_taken,method,CG_LP_IP_gap,implemented_SR3_cuts_count,errored,CG_sp_time_taken_mean,converged,CGIP_artificial,ngroute_neighborhood_size,time_limit_reached,CGIP_objective,CGLP_objective,CGLP_artificial,cycles_lookup_length
20.659,use_adaptive_ngroute,0.35834378673622014,0,false,0.3936400000000001,false,false,6.0,false,2.57814e6,1.6542795496638813e6,false,28
41.514,use_adaptive_ngroute,0.05480602724147743,0,false,2.3264375000000004,false,false,9.34375,false,1.80558e6,1.7066233333333333e6,false,1
14.816,use_adaptive_ngroute,0.054358156381882794,0,false,1.9834285714285715,false,false,9.375,false,1.80558e6,1.707432e6,false,1
4.398,use_SR3_cuts,0.054358156381882794,6,false,2.1145,false,false,9.75,false,1.80558e6,1.707432e6,false,0
30.622,use_SR3_cuts,0.04118159631069618,3,false,7.541499999999999,false,false,9.75,false,1.80558e6,1.7312233333333333e6,false,0
325.525,use_SR3_cuts,0.029901976161395782,3,false,52.69166666666667,false,false,9.75,false,1.79678e6,1.7430527272727273e6,false,0
110.424,use_adaptive_ngroute,0.02873070638625186,0,false,36.53966666666667,false,false,9.75,false,1.79678e6,1.7451572413793104e6,false,3
238.074,use_adaptive_ngroute,0.02869633455403542,0,false,59.4175,false,false,9.875,false,1.79678e6,1.7452190000000002e6,false,2
133.723,use_adaptive_ngroute,0.028653568280947894,0,false,66.69200000000001,false,false,9.96875,false,1.79678e6,1.7452958415841584e6,false,6
327.977,use_SR3_cuts,0.028653065936816824,2,false,109.25999999999999,false,false,10.21875,false,1.79678e6,1.7452967441860463e6,false,0
338.705,use_SR3_cuts,0.028637687975155424,10,false,112.37500000000001,false,false,10.21875,false,1.79678e6,1.7453243750000002e6,false,0
1795.344,use_SR3_cuts,0.013469009455271741,4,false,358.6376,false,false,10.21875,false,1.78325e6,1.7592313888888867e6,false,0
205.576,none,0.011549033963165756,0,false,NaN,false,false,10.21875,true,1.78325e6,1.7626551851851847e6,false,0
