CG_time_taken,method,CG_LP_IP_gap,implemented_SR3_cuts_count,errored,CG_sp_time_taken_mean,converged,CGIP_artificial,ngroute_neighborhood_size,time_limit_reached,CGIP_objective,CGLP_objective,CGLP_artificial,cycles_lookup_length
88.425,use_adaptive_ngroute,0.310737390534072,0,false,2.578416666666667,false,false,6.0,false,2.54379e6,1.753339333333333e6,false,32
117.37,use_adaptive_ngroute,0.12417974576040725,0,false,5.05659090909091,false,false,8.8125,false,2.12468e6,1.860837777777778e6,false,14
28.248,use_adaptive_ngroute,0.11819897584577443,0,false,4.529,false,false,9.8125,false,2.12468e6,1.873545e6,false,10
30.53,use_adaptive_ngroute,0.11261285420381772,0,false,4.976333333333333,false,false,10.25,false,2.12468e6,1.8854137209302327e6,false,12
26.645,use_SR3_cuts,0.1107696217783386,3,false,8.775,false,false,10.71875,false,2.12468e6,1.8893299999999995e6,false,0
57.77,use_SR3_cuts,0.10889021210744954,5,false,11.4784,false,false,10.71875,false,2.12325e6,1.8920488571428577e6,false,0
238.48,use_SR3_cuts,0.04479126845518022,3,false,47.2312,false,false,10.71875,false,1.99519e6,1.905822909090909e6,false,0
203.817,use_SR3_cuts,0.04382428629743429,1,false,66.91100000000002,false,false,10.71875,false,1.99519e6,1.907752222222222e6,false,0
467.248,use_SR3_cuts,0.04382428629743429,1,false,93.29740000000001,false,false,10.71875,false,1.99519e6,1.907752222222222e6,false,0
433.318,use_adaptive_ngroute,0.04255735042777897,0,false,108.09774999999999,false,false,10.71875,false,1.99519e6,1.9102799999999998e6,false,3
556.05,use_SR3_cuts,0.04249720577990068,1,false,276.9805,false,false,11.343750000000002,false,1.99519e6,1.9104e6,false,0
203.314,use_SR3_cuts,0.04192947675523295,10,false,101.5435,false,false,11.343750000000002,false,1.99519e6,1.9115327272727268e6,false,0
573.384,use_adaptive_ngroute,0.041556481800268275,0,false,190.957,false,false,11.343750000000002,false,1.99519e6,1.9122769230769228e6,false,1
551.09,none,0.04155159826048305,0,false,181.12499999999997,false,false,11.375000000000002,true,1.99519e6,1.9122866666666667e6,false,0
