CG_time_taken,method,CG_LP_IP_gap,implemented_SR3_cuts_count,errored,CG_sp_time_taken_mean,converged,CGIP_artificial,ngroute_neighborhood_size,time_limit_reached,CGIP_objective,CGLP_objective,CGLP_artificial,cycles_lookup_length
17.908,use_adaptive_ngroute,0.22307838119553147,0,false,0.35949999999999993,false,false,6.0,false,2.37831e6,1.8477604552188555e6,false,22
10.459,use_adaptive_ngroute,0.07787116457340681,0,false,0.5869285714285714,false,false,8.125,false,2.047612e6,1.8881620689655172e6,false,18
12.725,use_adaptive_ngroute,0.07696217186980092,0,false,1.3304444444444445,false,false,9.75,false,2.047612e6,1.8900233333333333e6,false,4
10.327,use_adaptive_ngroute,0.076035889611899,0,false,1.4188571428571428,false,false,10.0,false,2.047612e6,1.8919200000000002e6,false,2
4.901,use_adaptive_ngroute,0.07517221937629703,0,false,1.591,false,false,10.28125,false,2.047612e6,1.8936884615384617e6,false,7
11.101,use_SR3_cuts,0.07499787335420272,5,false,2.7282499999999996,false,false,10.71875,false,2.047612e6,1.8940454545454544e6,false,0
132.315,use_adaptive_ngroute,0.06693855115992597,0,false,16.1395,false,false,10.71875,false,2.03763e6,1.901234e6,false,2
53.442,use_adaptive_ngroute,0.06601051221271792,0,false,7.515285714285713,false,false,10.78125,false,2.03763e6,1.9031249999999995e6,false,3
105.742,use_adaptive_ngroute,0.036019820394551316,0,false,17.456500000000002,false,false,11.1875,false,1.97507e6,1.9039283333333335e6,false,2
20.21,use_SR3_cuts,0.035860754302379116,2,false,10.019,false,false,11.312500000000002,false,1.97507e6,1.9042425e6,false,0
567.192,use_SR3_cuts,0.02372050037477158,2,false,80.66557142857143,false,false,11.312500000000002,false,1.9631e6,1.916534285714286e6,false,0
569.381,use_SR3_cuts,0.02372050037477147,10,false,113.7242,false,false,11.312500000000002,false,1.9631e6,1.9165342857142861e6,false,0
666.819,use_adaptive_ngroute,0.020690935255463283,0,false,222.0716666666667,false,false,11.312500000000002,false,1.9631e6,1.922481625e6,false,6
337.279,use_SR3_cuts,0.020038272799823176,2,false,168.51850000000002,false,false,11.499999999999998,false,1.9631e6,1.9237628666666672e6,false,0
554.258,use_SR3_cuts,0.01975172705650019,2,false,184.63100000000003,false,false,11.499999999999998,false,1.9631e6,1.9243253846153845e6,false,0
507.813,none,0.019519418994738746,0,false,275.10200000000003,false,false,11.499999999999998,true,1.9631e6,1.9247814285714284e6,false,0
