CG_time_taken,method,CG_LP_IP_gap,implemented_SR3_cuts_count,errored,CG_sp_time_taken_mean,converged,CGIP_artificial,ngroute_neighborhood_size,time_limit_reached,CGIP_objective,CGLP_objective,CGLP_artificial,cycles_lookup_length
40.596,use_adaptive_ngroute,0.9999743112085625,0,false,0.770962962962963,false,true,6.0,false,6.0e10,1.5413274862529458e6,false,24
18.972,use_adaptive_ngroute,0.13781286185089514,0,false,1.1053571428571427,false,false,7.5625,false,2.02086e6,1.7423595e6,false,6
6.439,use_adaptive_ngroute,0.13679732885999007,0,false,1.1962,false,false,7.90625,false,2.02086e6,1.7444117500000005e6,false,1
7.026,use_SR3_cuts,0.13679732885999019,7,false,1.3590000000000002,false,false,7.9375,false,2.02086e6,1.7444117500000002e6,false,0
81.74,use_SR3_cuts,0.06743225628626648,5,false,9.468499999999999,false,false,7.9375,false,1.89539e6,1.7675795757575734e6,false,0
208.718,use_SR3_cuts,0.049450166248003025,4,false,40.9748,false,false,7.9375,false,1.86399e6,1.7718153846153847e6,false,0
112.955,use_SR3_cuts,0.0455978841088206,1,false,21.679199999999998,false,false,7.9375,false,1.86399e6,1.7789959999999995e6,false,0
124.116,use_adaptive_ngroute,0.04316460925219523,0,false,41.15533333333333,false,false,7.9375,false,1.86399e6,1.7835316000000006e6,false,5
771.422,use_SR3_cuts,0.041997066870560595,5,false,192.12975,false,false,8.21875,false,1.86399e6,1.7857078873239437e6,false,0
912.459,use_SR3_cuts,0.040690327542724725,10,false,182.019,false,false,8.21875,false,1.86399e6,1.7881436363636365e6,false,0
1303.23,none,0.024053246400434936,0,false,568.567,false,false,8.21875,true,1.8405e6,1.7962299999999995e6,false,0
