CG_time_taken,method,CG_LP_IP_gap,implemented_SR3_cuts_count,errored,CG_sp_time_taken_mean,converged,CGIP_artificial,ngroute_neighborhood_size,time_limit_reached,CGIP_objective,CGLP_objective,CGLP_artificial,cycles_lookup_length
37.258,use_adaptive_ngroute,0.999973522772285,0,false,0.5974375000000001,false,true,6.0,false,6.0e10,1.5886336629001903e6,false,27
78.252,use_adaptive_ngroute,0.008400564221814344,0,false,3.1610869565217388,false,false,8.09375,false,1.73863e6,1.724024527027027e6,false,9
35.018,use_SR3_cuts,0.006486069491496216,4,false,3.771666666666666,false,false,8.78125,false,1.73863e6,1.727353125e6,false,0
124.408,use_SR3_cuts,0.002769421901152147,4,false,11.977000000000002,false,false,8.78125,false,1.73863e6,1.7338149999999998e6,false,0
170.138,none,0.0,0,false,24.02728571428571,true,false,8.78125,false,1.73863e6,1.73863e6,false,0
