CG_time_taken,method,CG_LP_IP_gap,implemented_SR3_cuts_count,errored,CG_sp_time_taken_mean,converged,CGIP_artificial,ngroute_neighborhood_size,time_limit_reached,CGIP_objective,CGLP_objective,CGLP_artificial,cycles_lookup_length
25.666,use_adaptive_ngroute,0.29389870234873117,0,false,0.606909090909091,false,false,6.0,false,2.67766e6,1.8906992006688965e6,false,32
18.566,use_adaptive_ngroute,0.006807852465370412,0,false,0.9801250000000001,false,false,8.71875,false,1.95419e6,1.9408861627906978e6,false,15
13.646,use_adaptive_ngroute,0.001806776369608576,0,false,2.21,false,false,10.1875,false,1.95419e6,1.9506592156862747e6,false,10
8.338,use_SR3_cuts,0.0013385158483638637,3,false,1.99725,false,false,10.78125,false,1.95419e6,1.951574285714286e6,false,0
32.707,none,0.0,0,false,3.9306250000000005,true,false,10.78125,false,1.95419e6,1.95419e6,false,0
