CG_time_taken,method,CG_LP_IP_gap,implemented_SR3_cuts_count,errored,CG_sp_time_taken_mean,converged,CGIP_artificial,ngroute_neighborhood_size,time_limit_reached,CGIP_objective,CGLP_objective,CGLP_artificial,cycles_lookup_length
33.402,use_adaptive_ngroute,0.4163354800927971,0,false,0.5908620689655174,false,false,6.0,false,2.78731e6,1.6268539529825458e6,false,28
22.291,use_adaptive_ngroute,0.12100865502680358,0,false,1.2293124999999998,false,false,8.6875,false,2.00346e6,1.761024e6,false,8
11.491,use_adaptive_ngroute,0.11921216295808257,0,false,1.5765714285714285,false,false,9.5625,false,2.00346e6,1.7646232e6,false,4
2.996,use_adaptive_ngroute,0.11883323992350392,0,false,1.443,false,false,9.78125,false,2.00346e6,1.7653823571428568e6,false,2
1.255,use_SR3_cuts,0.11877515056846388,6,false,1.202,false,false,9.90625,false,2.00346e6,1.7654987368421054e6,false,0
33.832,use_adaptive_ngroute,0.11372216066205454,0,false,6.6686000000000005,false,false,9.90625,false,2.00346e6,1.7756222000000002e6,false,2
20.954,use_SR3_cuts,0.11306270152635944,3,false,4.130000000000001,false,false,10.03125,false,2.00346e6,1.7769434e6,false,0
91.544,use_SR3_cuts,0.0844062311761058,1,false,22.662499999999998,false,false,10.03125,false,1.94946e6,1.7849134285714289e6,false,0
34.068,use_SR3_cuts,0.04600066061494912,10,false,16.866500000000002,false,false,10.03125,false,1.870984e6,1.7849175e6,false,0
329.628,use_adaptive_ngroute,0.03950844746770832,0,false,54.787166666666664,false,false,10.03125,false,1.870984e6,1.7970643269230772e6,false,8
216.593,use_adaptive_ngroute,0.03922432843310808,0,false,72.078,false,false,10.5625,false,1.870984e6,1.7975959090909096e6,false,1
83.656,use_adaptive_ngroute,0.03867145706182118,0,false,41.765499999999996,false,false,10.59375,false,1.870984e6,1.7986303225806456e6,false,1
63.484,use_SR3_cuts,0.0386555951306905,3,false,31.7045,false,false,10.625,false,1.870984e6,1.7986600000000002e6,false,0
221.421,use_SR3_cuts,0.03862061110867088,10,false,73.69166666666665,false,false,10.625,false,1.870984e6,1.7987254545454546e6,false,0
683.682,none,1.1102230246251565e-16,0,false,170.80374999999998,true,false,10.625,false,1.79932e6,1.7993199999999998e6,false,0
