CG_time_taken,method,CG_LP_IP_gap,implemented_SR3_cuts_count,errored,CG_sp_time_taken_mean,converged,CGIP_artificial,ngroute_neighborhood_size,time_limit_reached,CGIP_objective,CGLP_objective,CGLP_artificial,cycles_lookup_length
34.532,use_adaptive_ngroute,0.9999689435523826,0,false,0.6874166666666667,false,true,6.0,false,6.0e10,1.8633868570439601e6,false,31
32.759,use_adaptive_ngroute,0.1479852772575312,0,false,1.9844,false,false,7.9375,false,2.28524e6,1.9470581249999995e6,false,16
39.545,use_SR3_cuts,0.039538935667910446,7,false,3.512545454545455,false,false,9.875,false,2.037238e6,1.9566877777777775e6,false,0
67.107,use_adaptive_ngroute,0.025434065010920826,0,false,10.943333333333332,false,false,9.875,false,2.02366e6,1.9721900999999999e6,false,3
80.824,use_SR3_cuts,0.02529465314221646,2,false,11.45842857142857,false,false,10.03125,false,2.02366e6,1.9724722222222222e6,false,0
94.063,use_SR3_cuts,0.020789072288500354,2,false,18.539,false,false,10.03125,false,2.01927e6,1.97729125e6,false,0
117.72,use_SR3_cuts,0.020321700416487176,2,false,29.031499999999998,false,false,10.03125,false,2.01927e6,1.978235e6,false,0
88.065,none,-4.440892098500626e-16,0,false,29.291666666666664,true,false,10.03125,false,1.97903e6,1.979030000000001e6,false,0
