CG_time_taken,method,CG_LP_IP_gap,implemented_SR3_cuts_count,errored,CG_sp_time_taken_mean,converged,CGIP_artificial,ngroute_neighborhood_size,time_limit_reached,CGIP_objective,CGLP_objective,CGLP_artificial,cycles_lookup_length
3.495,use_adaptive_ngroute,0.334462681577247,0,false,0.13807142857142857,false,false,5.0,false,1.93645e6,1.28877974025974e6,false,20
4.056,use_adaptive_ngroute,0.04251312938180818,0,false,0.328,false,false,7.4,false,1.52446e6,1.4596504347826086e6,false,3
1.777,use_adaptive_ngroute,0.026729520686920694,0,false,0.33799999999999997,false,false,8.0,false,1.52446e6,1.483711914893617e6,false,7
1.109,use_adaptive_ngroute,0.025215720414347942,0,false,0.35033333333333333,false,false,8.55,false,1.52446e6,1.4860196428571432e6,false,8
0.759,use_SR3_cuts,0.023316453039108898,2,false,0.3725,false,false,9.0,false,1.52446e6,1.488915e6,false,0
1.874,use_adaptive_ngroute,0.016288927345957438,0,false,0.6126666666666667,false,false,9.0,false,1.52446e6,1.4996281818181816e6,false,2
3.046,use_SR3_cuts,0.013359407497042008,4,false,0.7494999999999999,false,false,9.2,false,1.52446e6,1.5040941176470593e6,false,0
8.463,use_SR3_cuts,0.008570247825459454,10,false,2.7906666666666666,false,false,9.2,false,1.52446e6,1.511395e6,false,0
10.322,use_SR3_cuts,0.0013368668249741367,10,false,2.5389999999999997,false,false,9.2,false,1.52446e6,1.522422e6,false,0
6.992,none,0.0012004250685491158,0,false,3.482,false,false,9.2,false,1.52446e6,1.5226299999999995e6,false,0
