CG_time_taken,method,CG_LP_IP_gap,implemented_SR3_cuts_count,errored,CG_sp_time_taken_mean,converged,CGIP_artificial,ngroute_neighborhood_size,time_limit_reached,CGIP_objective,CGLP_objective,CGLP_artificial,cycles_lookup_length
20.777,use_adaptive_ngroute,0.23920752210078333,0,false,0.4739130434782609,false,false,6.0,false,2.41104e6,1.8343010959141273e6,false,28
28.188,use_adaptive_ngroute,0.04567940723945263,0,false,1.6016249999999999,false,false,8.90625,false,1.97584e6,1.8855847999999998e6,false,7
10.646,use_adaptive_ngroute,0.04276270683186234,0,false,1.6846666666666668,false,false,9.34375,false,1.97584e6,1.8913477333333332e6,false,4
6.548,use_adaptive_ngroute,0.04245029961940239,0,false,2.043333333333333,false,false,9.59375,false,1.97584e6,1.891965e6,false,3
3.721,use_adaptive_ngroute,0.04240315872887335,0,false,1.834,false,false,9.75,false,1.97584e6,1.892058142857143e6,false,3
8.206,use_SR3_cuts,0.042270556898765466,4,false,4.071,false,false,9.9375,false,1.97584e6,1.8923201428571432e6,false,0
55.832,use_adaptive_ngroute,0.0317860576147041,0,false,10.873000000000001,false,false,9.9375,false,1.96788e6,1.9053288529411762e6,false,3
34.433,use_adaptive_ngroute,0.03166826541956114,0,false,11.401666666666669,false,false,10.09375,false,1.96788e6,1.905560653846154e6,false,2
23.983,use_SR3_cuts,0.030018115322320127,5,false,11.940999999999999,false,false,10.21875,false,1.96788e6,1.9088079512195126e6,false,0
70.071,use_SR3_cuts,0.02823023471233721,10,false,23.287000000000003,false,false,10.21875,false,1.96788e6,1.912326285714286e6,false,0
349.436,use_SR3_cuts,0.02605561992262384,1,false,58.104833333333325,false,false,10.21875,false,1.96788e6,1.916605666666667e6,false,0
189.931,use_SR3_cuts,0.025850153464642145,10,false,47.432249999999996,false,false,10.21875,false,1.96788e6,1.91701e6,false,0
777.224,use_adaptive_ngroute,0.023919136972973654,0,false,194.02125,false,false,10.21875,false,1.96788e6,1.9208100087336246e6,false,2
197.415,use_adaptive_ngroute,0.02389053552475684,0,false,197.369,false,false,10.8125,false,1.96788e6,1.9208662929515415e6,false,1
350.43,use_SR3_cuts,0.023887541850507454,7,false,175.1165,false,false,10.84375,false,1.96788e6,1.9208721841432233e6,false,0
614.157,use_SR3_cuts,0.023061896110355473,3,false,306.86150000000004,false,false,10.84375,false,1.96788e6,1.9224969558823537e6,false,0
493.202,use_SR3_cuts,0.023053017170035273,1,false,246.5195,false,false,10.84375,false,1.96788e6,1.922514428571431e6,false,0
352.199,none,0.02288023743512868,0,false,319.682,false,false,10.84375,true,1.96788e6,1.922854438356159e6,false,0
