CG_time_taken,method,CG_LP_IP_gap,implemented_SR3_cuts_count,errored,CG_sp_time_taken_mean,converged,CGIP_artificial,ngroute_neighborhood_size,time_limit_reached,CGIP_objective,CGLP_objective,CGLP_artificial,cycles_lookup_length
47.895,use_adaptive_ngroute,0.9999741320544868,0,false,0.9879629629629629,false,true,6.0,false,6.0e10,1.552076730788177e6,false,27
63.721,use_adaptive_ngroute,0.07004040601830064,0,false,4.266928571428571,false,false,8.84375,false,1.88957e6,1.7572237499999998e6,false,14
36.904,use_adaptive_ngroute,0.06533249500184968,0,false,7.2304,false,false,9.96875,false,1.88957e6,1.766119677419355e6,false,5
28.419,use_SR3_cuts,0.06486056162437548,7,false,5.5939999999999985,false,false,10.46875,false,1.88957e6,1.7670114285714289e6,false,0
245.5,use_adaptive_ngroute,0.04921966373301867,0,false,34.585857142857144,false,false,10.46875,false,1.88957e6,1.796566e6,false,1
103.137,use_SR3_cuts,0.04780884428453913,7,false,25.633,false,false,10.5,false,1.88957e6,1.7992318421052634e6,false,0
357.661,use_SR3_cuts,0.04225828549580213,1,false,118.94333333333333,false,false,10.5,false,1.88311e6,1.803533e6,false,0
857.198,use_SR3_cuts,0.040992126284088104,4,false,171.1078,false,false,10.5,false,1.88311e6,1.8059173170731708e6,false,0
1834.175,use_SR3_cuts,0.03019178102784581,4,false,611.1456666666667,false,false,10.5,false,1.862593e6,1.8063580000000016e6,false,0
14.681,none,0.02998960845585108,0,false,NaN,false,false,10.5,true,1.862593e6,1.806734565217391e6,false,0
