CG_time_taken,method,CG_LP_IP_gap,implemented_SR3_cuts_count,errored,CG_sp_time_taken_mean,converged,CGIP_artificial,ngroute_neighborhood_size,time_limit_reached,CGIP_objective,CGLP_objective,CGLP_artificial,cycles_lookup_length
15.579,use_adaptive_ngroute,0.2444930677937125,0,false,0.37677272727272726,false,false,6.0,false,2.334444e6,1.7636886248473746e6,false,23
9.48,use_adaptive_ngroute,0.09024607271809693,0,false,0.5837857142857141,false,false,6.875,false,2.052854e6,1.8675919886363638e6,false,17
5.571,use_adaptive_ngroute,0.08763318308792667,0,false,0.9035000000000001,false,false,8.84375,false,2.052854e6,1.8729558695652173e6,false,4
3.668,use_adaptive_ngroute,0.08710240933440228,0,false,1.1866666666666665,false,false,8.96875,false,2.052854e6,1.874045470588235e6,false,3
4.744,use_SR3_cuts,0.08704695494914527,12,false,1.5010000000000001,false,false,9.0625,false,2.052854e6,1.8741593103448274e6,false,0
64.739,use_adaptive_ngroute,0.029818592369283192,0,false,7.882499999999999,false,false,9.0625,false,1.96041e6,1.9019533333333335e6,false,2
11.904,use_SR3_cuts,0.029392539607239865,4,false,5.9055,false,false,9.125,false,1.96041e6,1.902788571428571e6,false,0
51.605,use_adaptive_ngroute,0.027512212951018022,0,false,16.622666666666664,false,false,9.125,false,1.96041e6,1.9064747826086949e6,false,1
21.588,use_adaptive_ngroute,0.027125065675037807,0,false,5.3077499999999995,false,false,9.15625,false,1.96041e6,1.907233749999999e6,false,3
147.981,use_SR3_cuts,0.027125065675037363,1,false,29.373,false,false,9.25,false,1.96041e6,1.90723375e6,false,0
60.143,use_SR3_cuts,0.025665804602098552,10,false,29.929999999999996,false,false,9.25,false,1.96041e6,1.9100945e6,false,0
95.602,use_SR3_cuts,0.025665804602098552,10,false,31.787000000000003,false,false,9.25,false,1.96041e6,1.9100945e6,false,0
33.578,use_SR3_cuts,0.025665804602098552,10,false,11.098333333333333,false,false,9.25,false,1.96041e6,1.9100945e6,false,0
109.995,use_SR3_cuts,0.016682368082368337,10,false,36.55233333333333,false,false,9.25,false,1.9425e6,1.9100944999999995e6,false,0
53.584,use_SR3_cuts,0.016649249249250153,2,false,17.776999999999997,false,false,9.25,false,1.9425e6,1.9101588333333316e6,false,0
86.906,use_SR3_cuts,0.016441698841698882,10,false,43.1705,false,false,9.25,false,1.9425e6,1.910562e6,false,0
76.843,use_adaptive_ngroute,0.016294237094238828,0,false,25.498666666666665,false,false,9.25,false,1.9425e6,1.910848444444441e6,false,2
37.503,use_SR3_cuts,0.016289661089653795,10,false,18.658,false,false,9.40625,false,1.9425e6,1.9108573333333475e6,false,0
430.107,use_SR3_cuts,0.016193686123097906,10,false,107.35725,false,false,9.40625,false,1.9425e6,1.9110437647058824e6,false,0
49.718,none,0.0161888409417853,0,false,49.562,false,false,9.40625,false,1.9425e6,1.9110531764705821e6,false,0
