CG_time_taken,method,CG_LP_IP_gap,implemented_SR3_cuts_count,errored,CG_sp_time_taken_mean,converged,CGIP_artificial,ngroute_neighborhood_size,time_limit_reached,CGIP_objective,CGLP_objective,CGLP_artificial,cycles_lookup_length
18.791,use_adaptive_ngroute,0.40407856249242524,0,false,0.4000434782608695,false,false,6.0,false,2.62396e6,1.563674015162376e6,false,28
10.293,use_adaptive_ngroute,0.1123489318744979,0,false,0.7123846153846154,false,false,7.718750000000001,false,2.01915e6,1.7923006542056075e6,false,13
10.27,use_adaptive_ngroute,0.10866864664454856,0,false,1.256,false,false,9.25,false,2.01915e6,1.7997317021276597e6,false,6
6.529,use_adaptive_ngroute,0.10857158095847641,0,false,1.6155,false,false,9.9375,false,2.01915e6,1.7999276923076923e6,false,1
10.515,use_SR3_cuts,0.10849789733886273,11,false,2.0758,false,false,10.0,false,2.01915e6,1.8000764705882354e6,false,0
365.412,use_adaptive_ngroute,0.03541027944647401,0,false,37.887444444444434,false,false,10.0,false,1.888685e6,1.8218061363636362e6,false,1
54.104,use_SR3_cuts,0.03535841555945507,4,false,13.351999999999999,false,false,10.0625,false,1.888685e6,1.8219040909090906e6,false,0
70.13,use_SR3_cuts,0.03296711398189023,4,false,23.179666666666662,false,false,10.0625,false,1.888685e6,1.8264205063291136e6,false,0
251.085,use_SR3_cuts,0.03222601678975012,10,false,62.298750000000005,false,false,10.0625,false,1.888685e6,1.8278202054794508e6,false,0
367.913,use_SR3_cuts,0.028668233801768528,1,false,91.27175,false,false,10.0625,false,1.888685e6,1.8345397368421068e6,false,0
216.825,use_adaptive_ngroute,0.028385034884266025,0,false,107.797,false,false,10.0625,false,1.888685e6,1.83507461038961e6,false,4
485.373,use_adaptive_ngroute,0.02831900598468351,0,false,161.42033333333333,false,false,10.3125,false,1.888685e6,1.8351993181818181e6,false,1
253.464,use_SR3_cuts,0.028319005984683066,1,false,126.611,false,false,10.71875,false,1.888685e6,1.8351993181818188e6,false,0
339.668,use_SR3_cuts,0.02831401213013307,10,false,169.6875,false,false,10.71875,false,1.888685e6,1.8352087499999995e6,false,0
1078.604,use_adaptive_ngroute,0.019331466666666963,0,false,357.54566666666676,false,false,10.71875,false,1.875e6,1.8387534999999995e6,false,4
37.977,none,0.01922222660098538,0,false,NaN,false,false,10.90625,true,1.875e6,1.8389583251231525e6,false,0
