CG_time_taken,method,CG_LP_IP_gap,implemented_SR3_cuts_count,errored,CG_sp_time_taken_mean,converged,CGIP_artificial,ngroute_neighborhood_size,time_limit_reached,CGIP_objective,CGLP_objective,CGLP_artificial,cycles_lookup_length
25.481,use_adaptive_ngroute,0.9999731796436284,0,false,0.5550434782608696,false,true,6.0,false,6.0e10,1.6092213822970104e6,false,32
27.401,use_adaptive_ngroute,0.15001501289967256,0,false,1.966461538461538,false,false,9.75,false,2.11097e6,1.794292808219178e6,false,9
27.975,use_adaptive_ngroute,0.09249201839642318,0,false,3.425625,false,false,10.125,false,1.988162e6,1.8042728837209304e6,false,7
11.586,use_SR3_cuts,0.09209523670606323,8,false,2.85375,false,false,10.5625,false,1.988162e6,1.80506175e6,false,0
169.993,use_adaptive_ngroute,0.03124526364344904,0,false,33.621,false,false,10.5625,false,1.894005e6,1.8348263144329893e6,false,2
94.768,use_SR3_cuts,0.030915359861165337,6,false,31.512,false,false,11.15625,false,1.894005e6,1.8354511538461535e6,false,0
652.779,use_adaptive_ngroute,0.02836883444643179,0,false,130.1832,false,false,11.15625,false,1.894005e6,1.840274285714286e6,false,1
331.502,use_SR3_cuts,0.02809384682914562,5,false,82.75475,false,false,11.281250000000002,false,1.894005e6,1.840795113636364e6,false,0
1382.09,use_SR3_cuts,0.026878558926718643,10,false,342.9475,false,false,11.281250000000002,false,1.894005e6,1.8430968750000002e6,false,0
864.159,none,0.024330563700902696,0,false,830.4459999999999,false,false,11.281250000000002,true,1.894005e6,1.8479227906976717e6,false,0
