CG_time_taken,method,CG_LP_IP_gap,implemented_SR3_cuts_count,errored,CG_sp_time_taken_mean,converged,CGIP_artificial,ngroute_neighborhood_size,time_limit_reached,CGIP_objective,CGLP_objective,CGLP_artificial,cycles_lookup_length
19.389,use_adaptive_ngroute,0.18403196195204152,0,false,0.41677272727272724,false,false,6.0,false,2.11183e6,1.7231857817908202e6,false,31
29.675,use_SR3_cuts,0.05092687977769694,1,false,2.486181818181818,false,false,10.09375,false,1.89291e6,1.7965099999999998e6,false,0
12.201,use_SR3_cuts,0.048181408779040535,1,false,3.0032499999999995,false,false,10.09375,false,1.88745e6,1.79651e6,false,0
1.608,none,0.048181408779040535,0,false,1.5759999999999998,false,false,10.09375,false,1.88745e6,1.79651e6,false,0
