CG_time_taken,method,CG_LP_IP_gap,implemented_SR3_cuts_count,errored,CG_sp_time_taken_mean,converged,CGIP_artificial,ngroute_neighborhood_size,time_limit_reached,CGIP_objective,CGLP_objective,CGLP_artificial,cycles_lookup_length
35.04,use_adaptive_ngroute,0.999972493633192,0,false,0.7640833333333332,false,true,6.0,false,6.0e10,1.6503820084824052e6,false,27
29.261,use_adaptive_ngroute,0.20308569201563031,0,false,1.898923076923077,false,false,9.09375,false,2.269578e6,1.8086591812865497e6,false,19
45.079,use_adaptive_ngroute,0.04349494362028994,0,false,4.395899999999999,false,false,11.406250000000002,false,1.905118e6,1.8222550000000005e6,false,3
29.379,use_SR3_cuts,0.0427702041103416,6,false,7.2775,false,false,11.71875,false,1.905118e6,1.8236357142857143e6,false,0
420.324,use_SR3_cuts,0.006726490735784574,3,false,69.31583333333333,false,false,11.71875,false,1.84959e6,1.8371487500000002e6,false,0
220.788,use_adaptive_ngroute,0.0051197898967457744,0,false,44.069199999999995,false,false,11.71875,false,1.84959e6,1.840120487804878e6,false,5
150.505,use_SR3_cuts,0.005119377808054604,2,false,49.89366666666667,false,false,11.9375,false,1.84959e6,1.8401212500000002e6,false,0
132.71,use_SR3_cuts,0.004543091789454112,1,false,33.0955,false,false,11.9375,false,1.84959e6,1.8411871428571437e6,false,0
181.091,use_SR3_cuts,0.004195524413518559,10,false,60.209,false,false,11.9375,false,1.84959e6,1.8418300000000002e6,false,0
258.895,use_SR3_cuts,0.0017235050891157844,1,false,86.18933333333334,false,false,11.9375,false,1.84959e6,1.8464022222222222e6,false,0
344.443,use_adaptive_ngroute,0.0014414605999771846,0,false,114.603,false,false,11.9375,false,1.84959e6,1.8469238888888883e6,false,2
185.791,use_SR3_cuts,0.0014157577779773112,10,false,92.801,false,false,12.09375,false,1.84959e6,1.846971428571431e6,false,0
405.825,use_SR3_cuts,0.0007407046967168318,10,false,202.619,false,false,12.09375,false,1.84959e6,1.8482199999999995e6,false,0
1147.12,none,0.0,0,false,366.33866666666665,true,false,12.09375,true,1.84959e6,1.84959e6,false,0
