CG_time_taken,method,CG_LP_IP_gap,implemented_SR3_cuts_count,errored,CG_sp_time_taken_mean,converged,CGIP_artificial,ngroute_neighborhood_size,time_limit_reached,CGIP_objective,CGLP_objective,CGLP_artificial,cycles_lookup_length
52.662,use_adaptive_ngroute,0.29952361389738424,0,false,1.1022083333333332,false,false,6.0,false,2.111224e6,1.4788625577731088e6,false,32
149.361,use_adaptive_ngroute,0.10505502740362704,0,false,10.389428571428574,false,false,11.84375,false,1.87772e6,1.6804560739436615e6,false,10
131.868,use_SR3_cuts,0.10317759941594518,10,false,16.245874999999998,false,false,12.843749999999998,false,1.87772e6,1.6839813580246915e6,false,0
1091.498,use_SR3_cuts,0.015108544713942074,6,false,117.94044444444444,false,false,12.843749999999998,false,1.72832e6,1.7022075999999996e6,false,0
1339.307,use_adaptive_ngroute,0.013215422162199508,0,false,442.80699999999996,false,false,12.843749999999998,false,1.72832e6,1.7054795215686273e6,false,6
825.382,none,0.011769690044479031,0,false,747.468,false,false,13.375,true,1.72832e6,1.707978209302326e6,false,0
