CG_time_taken,method,CG_LP_IP_gap,implemented_SR3_cuts_count,errored,CG_sp_time_taken_mean,converged,CGIP_artificial,ngroute_neighborhood_size,time_limit_reached,CGIP_objective,CGLP_objective,CGLP_artificial,cycles_lookup_length
31.276,use_adaptive_ngroute,0.9999731437579125,0,false,0.6690952380952381,false,true,6.0,false,6.0e10,1.6113745252525252e6,false,32
37.57,use_adaptive_ngroute,0.05413549492469871,0,false,2.895333333333333,false,false,9.90625,false,1.901562e6,1.79862e6,false,12
45.488,use_adaptive_ngroute,0.04886618578159074,0,false,4.038454545454544,false,false,10.65625,false,1.901562e6,1.8086399180327868e6,false,16
32.627,use_adaptive_ngroute,0.04844061531169286,0,false,6.4566,false,false,11.65625,false,1.901562e6,1.8094491666666667e6,false,4
30.904,use_SR3_cuts,0.04793576719209425,6,false,7.65525,false,false,12.03125,false,1.901562e6,1.810409166666667e6,false,0
150.215,use_adaptive_ngroute,0.020865639554743187,0,false,29.674400000000002,false,false,12.03125,false,1.863744e6,1.8248557894736847e6,false,1
120.963,use_adaptive_ngroute,0.019934545135431136,0,false,24.1158,false,false,12.09375,false,1.863744e6,1.826591111111111e6,false,3
68.927,use_adaptive_ngroute,0.019934545135431136,0,false,22.949,false,false,12.28125,false,1.863744e6,1.826591111111111e6,false,1
58.926,use_SR3_cuts,0.018926419079015155,2,false,29.409,false,false,12.3125,false,1.863744e6,1.82847e6,false,0
61.058,use_adaptive_ngroute,0.018506475853622195,0,false,30.448500000000003,false,false,12.3125,false,1.863744e6,1.8292526666666667e6,false,1
53.373,use_adaptive_ngroute,0.018506475853622306,0,false,26.651999999999997,false,false,12.375,false,1.863744e6,1.8292526666666665e6,false,2
25.235,use_SR3_cuts,0.01848707573067343,4,false,25.198999999999998,false,false,12.46875,false,1.863744e6,1.8292888235294118e6,false,0
724.414,use_SR3_cuts,0.014709697850730064,6,false,143.3112,false,false,12.46875,false,1.863744e6,1.836328888888889e6,false,0
850.836,use_SR3_cuts,0.012869412495804311,3,false,283.254,false,false,12.46875,false,1.863744e6,1.8397587096774196e6,false,0
810.382,use_SR3_cuts,0.01231606915971295,10,false,394.44949999999994,false,false,12.46875,false,1.863744e6,1.84079e6,false,0
484.594,none,0.010424305745926232,0,false,NaN,false,false,12.46875,true,1.863744e6,1.8443157627118644e6,false,0
