CG_time_taken,method,CG_LP_IP_gap,implemented_SR3_cuts_count,errored,CG_sp_time_taken_mean,converged,CGIP_artificial,ngroute_neighborhood_size,time_limit_reached,CGIP_objective,CGLP_objective,CGLP_artificial,cycles_lookup_length
32.304,use_adaptive_ngroute,0.3591107376130588,0,false,0.4875185185185185,false,false,6.0,false,2.52226e6,1.6164893509480865e6,false,32
32.234,use_adaptive_ngroute,0.03353202030326785,0,false,1.684,false,false,9.125,false,1.831692e6,1.7702716666666667e6,false,7
16.153,use_SR3_cuts,0.03072565757587553,6,false,1.927875,false,false,9.5625,false,1.831692e6,1.7754120588235294e6,false,0
53.458,none,0.0009344962620149166,0,false,8.641833333333333,false,false,9.5625,false,1.79776e6,1.79608e6,false,0
