CG_time_taken,method,CG_LP_IP_gap,implemented_SR3_cuts_count,errored,CG_sp_time_taken_mean,converged,CGIP_artificial,ngroute_neighborhood_size,time_limit_reached,CGIP_objective,CGLP_objective,CGLP_artificial,cycles_lookup_length
8.245,use_adaptive_ngroute,0.23017201965181844,0,false,0.31581249999999994,false,false,5.0,false,1.698367e6,1.3074504375e6,false,18
2.665,use_adaptive_ngroute,0.05376622768588668,0,false,0.21645454545454546,false,false,6.8,false,1.49513e6,1.4147425000000002e6,false,7
1.747,use_SR3_cuts,0.04971139633342925,10,false,0.2778333333333333,false,false,7.550000000000001,false,1.49513e6,1.420805e6,false,0
2.84,use_adaptive_ngroute,0.03094035425137054,0,false,0.6902499999999999,false,false,7.550000000000001,false,1.49513e6,1.4488701481481483e6,false,10
3.739,use_SR3_cuts,0.018129363109115948,1,false,0.729,false,false,8.55,false,1.483174e6,1.456285e6,false,0
2.664,use_SR3_cuts,0.013681694348291917,1,false,1.305,false,false,8.55,false,1.483174e6,1.4628816666666665e6,false,0
5.628,use_SR3_cuts,0.011480334292087835,10,false,1.3844999999999998,false,false,8.55,false,1.483174e6,1.466146666666667e6,false,0
4.394,none,0.011292673684948684,0,false,1.4469999999999998,false,false,8.55,false,1.483174e6,1.466425e6,false,0
