CG_time_taken,method,CG_LP_IP_gap,implemented_SR3_cuts_count,errored,CG_sp_time_taken_mean,converged,CGIP_artificial,ngroute_neighborhood_size,time_limit_reached,CGIP_objective,CGLP_objective,CGLP_artificial,cycles_lookup_length
21.611,use_adaptive_ngroute,0.19966902528148445,0,false,0.3895,false,false,6.0,false,2.18032e6,1.7449776307982737e6,false,26
18.429,use_adaptive_ngroute,0.04421052746065468,0,false,1.2783846153846155,false,false,8.8125,false,1.88813e6,1.804654776785714e6,false,4
10.886,use_adaptive_ngroute,0.04134317335273696,0,false,1.778666666666667,false,false,9.0625,false,1.88813e6,1.8100687140974968e6,false,6
5.111,use_SR3_cuts,0.04103909713522558,14,false,1.6846666666666665,false,false,9.4375,false,1.88813e6,1.8106428495260666e6,false,0
190.231,use_SR3_cuts,0.028247525329294088,2,false,36.867399999999996,false,false,9.4375,false,1.88813e6,1.834795e6,false,0
201.884,use_adaptive_ngroute,0.023788599317006498,0,false,40.13399999999999,false,false,9.4375,false,1.88813e6,1.8432140319715806e6,false,3
203.224,use_SR3_cuts,0.023764124343960025,4,false,66.54066666666667,false,false,9.84375,false,1.88813e6,1.8432602439024388e6,false,0
246.924,use_adaptive_ngroute,0.02302153960504194,0,false,61.4585,false,false,9.84375,false,1.88813e6,1.844662340425532e6,false,2
316.64,use_SR3_cuts,0.022908153267291675,10,false,105.39466666666667,false,false,9.96875,false,1.88813e6,1.8448764285714286e6,false,0
319.635,use_SR3_cuts,0.0021754838276031307,1,false,79.75850000000001,false,false,9.96875,false,1.85144e6,1.8474122222222225e6,false,0
335.389,none,0.0017607916000621504,0,false,167.6055,false,false,9.96875,false,1.85144e6,1.848179999999981e6,false,0
