CG_time_taken,method,CG_LP_IP_gap,implemented_SR3_cuts_count,errored,CG_sp_time_taken_mean,converged,CGIP_artificial,ngroute_neighborhood_size,time_limit_reached,CGIP_objective,CGLP_objective,CGLP_artificial,cycles_lookup_length
54.274,use_adaptive_ngroute,0.9998481754825983,0,false,1.6890476190476191,false,true,6.0,false,1.000187824e10,1.5185303368983953e6,false,29
118.601,use_adaptive_ngroute,0.010079667704427586,0,false,6.716117647058822,false,false,7.96875,false,1.79645e6,1.778342380952381e6,false,23
89.437,use_adaptive_ngroute,0.008165440482927555,0,false,9.831777777777779,false,false,10.6875,false,1.79645e6,1.7817811944444447e6,false,3
59.679,use_adaptive_ngroute,0.008103511164562649,0,false,9.852500000000001,false,false,10.84375,false,1.79645e6,1.7818924473684214e6,false,2
20.737,use_SR3_cuts,0.008034526427119992,8,false,6.854000000000001,false,false,11.03125,false,1.79645e6,1.7820163750000002e6,false,0
196.701,none,-2.220446049250313e-16,0,false,27.85571428571429,true,false,11.03125,false,1.78594e6,1.7859400000000002e6,false,0
