CG_time_taken,method,CG_LP_IP_gap,implemented_SR3_cuts_count,errored,CG_sp_time_taken_mean,converged,CGIP_artificial,ngroute_neighborhood_size,time_limit_reached,CGIP_objective,CGLP_objective,CGLP_artificial,cycles_lookup_length
28.677,use_adaptive_ngroute,0.9999699676755617,0,false,0.52988,false,true,6.0,false,6.0e10,1.8019394663018843e6,false,29
17.945,use_adaptive_ngroute,0.126555220053143,0,false,1.1616666666666664,false,false,8.4375,false,2.2273e6,1.9454235583756345e6,false,16
17.627,use_SR3_cuts,0.12062999559520005,7,false,2.1105,false,false,10.0,false,2.2273e6,1.958620810810811e6,false,0
57.646,use_adaptive_ngroute,0.06958209417921579,0,false,8.129000000000001,false,false,10.0,false,2.12448e6,1.9766542325581396e6,false,3
6.917,use_adaptive_ngroute,0.06954306711660396,0,false,6.881,false,false,10.09375,false,2.12448e6,1.9767371447721173e6,false,2
16.917,use_SR3_cuts,0.06954256523517577,8,false,8.419999999999998,false,false,10.15625,false,2.12448e6,1.976738211009174e6,false,0
237.859,use_SR3_cuts,0.0657597082094663,4,false,39.14716666666667,false,false,10.15625,false,2.12448e6,1.984774815103153e6,false,0
183.522,use_adaptive_ngroute,0.06554440511455972,0,false,91.66250000000001,false,false,10.15625,false,2.12448e6,1.9852322222222202e6,false,3
202.428,use_SR3_cuts,0.06553006715675014,10,false,67.262,false,false,10.3125,false,2.12448e6,1.9852626829268276e6,false,0
451.129,use_SR3_cuts,0.06373223642266335,10,false,112.62950000000001,false,false,10.3125,false,2.12448e6,1.9890821383647802e6,false,0
861.529,use_SR3_cuts,0.06236554734555777,10,false,215.28574999999998,false,false,10.3125,false,2.12448e6,1.9919856419753095e6,false,0
1340.496,use_SR3_cuts,0.060726638453651116,1,false,334.844,false,false,10.3125,false,2.12448e6,1.9954674711379872e6,false,0
137.482,none,0.060210027911744235,0,false,NaN,false,false,10.3125,true,2.12448e6,1.9965649999020577e6,false,0
