CG_time_taken,method,CG_LP_IP_gap,implemented_SR3_cuts_count,errored,CG_sp_time_taken_mean,converged,CGIP_artificial,ngroute_neighborhood_size,time_limit_reached,CGIP_objective,CGLP_objective,CGLP_artificial,cycles_lookup_length
20.435,use_adaptive_ngroute,0.9999712443892151,0,false,0.50895,false,true,6.0,false,6.0e10,1.7253366470926888e6,false,31
53.3,use_adaptive_ngroute,0.004706958199592104,0,false,3.004705882352942,false,false,8.53125,false,1.82255e6,1.8139713333333335e6,false,5
26.877,use_adaptive_ngroute,0.002541737919094067,0,false,4.4245,false,false,8.90625,false,1.82255e6,1.817917555555555e6,false,2
7.416,use_SR3_cuts,0.00250078187155367,8,false,2.4219999999999997,false,false,9.0,false,1.82255e6,1.8179922e6,false,0
56.98,none,0.0,0,false,9.418666666666667,true,false,9.0,false,1.82255e6,1.82255e6,false,0
