CG_time_taken,method,CG_LP_IP_gap,implemented_SR3_cuts_count,errored,CG_sp_time_taken_mean,converged,CGIP_artificial,ngroute_neighborhood_size,time_limit_reached,CGIP_objective,CGLP_objective,CGLP_artificial,cycles_lookup_length
21.716,use_adaptive_ngroute,0.40199625379485693,0,false,0.5089545454545454,false,false,6.0,false,2.78177e6,1.663508881081081e6,false,27
25.141,use_adaptive_ngroute,0.07312629474270049,0,false,1.1958888888888888,false,false,8.59375,false,1.94054e6,1.7986355e6,false,14
13.057,use_adaptive_ngroute,0.07022864769600212,0,false,1.55525,false,false,9.5,false,1.94054e6,1.8042585e6,false,4
5.081,use_SR3_cuts,0.06878291609551979,2,false,1.1885,false,false,9.71875,false,1.94054e6,1.807064e6,false,0
22.254,use_adaptive_ngroute,0.045598302944444,0,false,4.358599999999999,false,false,9.71875,false,1.90888e6,1.8218383114754097e6,false,4
23.765,use_adaptive_ngroute,0.044197006140292316,0,false,5.81425,false,false,10.3125,false,1.90888e6,1.8245132189189189e6,false,3
21.593,use_adaptive_ngroute,0.04356865456882242,0,false,5.3315,false,false,10.4375,false,1.90888e6,1.8257126666666663e6,false,1
10.966,use_SR3_cuts,0.043461386482425035,2,false,5.4235,false,false,10.46875,false,1.90888e6,1.8259174285714284e6,false,0
24.133,use_SR3_cuts,0.04063010770713715,1,false,7.956,false,false,10.46875,false,1.90888e6,1.831322e6,false,0
33.729,use_SR3_cuts,0.040493494731058344,2,false,8.33325,false,false,10.46875,false,1.90888e6,1.8315827777777773e6,false,0
16.89,use_SR3_cuts,0.04031889305321912,10,false,8.396999999999998,false,false,10.46875,false,1.90888e6,1.8319160714285711e6,false,0
52.652,use_SR3_cuts,0.004761609643345377,2,false,12.869750000000002,false,false,10.46875,false,1.85559e6,1.8467544047619049e6,false,0
76.332,use_SR3_cuts,0.0035339022543826593,10,false,18.55875,false,false,10.46875,false,1.85559e6,1.8490325263157901e6,false,0
114.801,use_SR3_cuts,0.0029405927401843224,1,false,38.007,false,false,10.46875,false,1.85559e6,1.8501334655172413e6,false,0
109.749,use_SR3_cuts,0.0029405927401842114,10,false,36.47766666666667,false,false,10.46875,false,1.85559e6,1.8501334655172415e6,false,0
187.22,use_adaptive_ngroute,0.0023294383551766273,0,false,62.26133333333333,false,false,10.46875,false,1.85559e6,1.8512675174825178e6,false,4
181.584,use_adaptive_ngroute,0.002180456235960415,0,false,60.41133333333334,false,false,10.84375,false,1.85559e6,1.8515439672131143e6,false,1
94.486,use_SR3_cuts,0.002170458712044132,10,false,47.133,false,false,10.875,false,1.85559e6,1.851562518518518e6,false,0
140.248,use_adaptive_ngroute,0.0019194760298961722,0,false,69.97850000000001,false,false,10.875,false,1.85559e6,1.852028239473685e6,false,3
138.621,use_SR3_cuts,0.0019167497439938064,10,false,69.2245,false,false,10.96875,false,1.85559e6,1.8520332983425425e6,false,0
265.988,none,2.220446049250313e-16,0,false,66.2385,true,false,10.96875,false,1.85559e6,1.8555899999999995e6,false,0
