CG_time_taken,method,CG_LP_IP_gap,implemented_SR3_cuts_count,errored,CG_sp_time_taken_mean,converged,CGIP_artificial,ngroute_neighborhood_size,time_limit_reached,CGIP_objective,CGLP_objective,CGLP_artificial,cycles_lookup_length
37.546,use_adaptive_ngroute,0.4200033015882997,0,false,0.7283478260869566,false,false,6.0,false,2.54423e6,1.4756450000000002e6,false,21
37.803,use_adaptive_ngroute,0.15364804492124784,0,false,2.1744666666666665,false,false,7.718750000000001,false,1.96103e6,1.6597215744680853e6,false,7
19.254,use_adaptive_ngroute,0.14384808440365704,0,false,2.644142857142857,false,false,9.15625,false,1.94178e6,1.6624586666666667e6,false,4
20.051,use_adaptive_ngroute,0.14384808440365704,0,false,4.943,false,false,11.0,false,1.94178e6,1.6624586666666667e6,false,1
12.062,use_SR3_cuts,0.14384808440365682,9,false,3.9136666666666673,false,false,11.15625,false,1.94178e6,1.6624586666666672e6,false,0
424.263,use_adaptive_ngroute,0.046764458626783245,0,false,52.376125,false,false,11.15625,false,1.75834e6,1.6761121818181819e6,false,5
494.485,use_adaptive_ngroute,0.0446420664004018,0,false,82.28149999999998,false,false,11.9375,false,1.75834e6,1.6798440689655175e6,false,2
349.711,use_adaptive_ngroute,0.0444488624304501,0,false,116.49399999999999,false,false,12.03125,false,1.75834e6,1.6801837872340423e6,false,1
492.889,use_SR3_cuts,0.04443652634822148,6,false,164.15033333333332,false,false,12.0625,false,1.75834e6,1.6802054782608682e6,false,0
784.557,use_adaptive_ngroute,0.01440389566040079,0,false,260.6056666666667,false,false,12.0625,false,1.712098e6,1.6874371190476192e6,false,2
729.968,use_SR3_cuts,0.01430500291395731,4,false,182.40325,false,false,12.1875,false,1.712098e6,1.6876064331210195e6,false,0
174.801,none,0.012111830928739797,0,false,NaN,false,false,12.1875,true,1.712098e6,1.6913613584905665e6,false,0
