CG_time_taken,method,CG_LP_IP_gap,implemented_SR3_cuts_count,errored,CG_sp_time_taken_mean,converged,CGIP_artificial,ngroute_neighborhood_size,time_limit_reached,CGIP_objective,CGLP_objective,CGLP_artificial,cycles_lookup_length
28.254,use_adaptive_ngroute,0.9998126735965418,0,false,0.5065357142857143,false,true,6.0,false,1.000232528e10,1.8736996209215987e6,false,31
34.213,use_adaptive_ngroute,0.13163855858703033,0,false,1.8335882352941175,false,false,8.5,false,2.227592e6,1.934355e6,false,11
13.549,use_adaptive_ngroute,0.0551389989277179,0,false,1.4277777777777778,false,false,9.53125,false,2.09522e6,1.979691666666667e6,false,3
5.851,use_adaptive_ngroute,0.05235969651556083,0,false,1.8926666666666667,false,false,9.6875,false,2.09522e6,1.9855149166666667e6,false,6
7.183,use_adaptive_ngroute,0.052102428089993436,0,false,2.331,false,false,10.125,false,2.09522e6,1.986053950617284e6,false,4
6.482,use_SR3_cuts,0.05208557609260156,8,false,1.5787499999999999,false,false,10.375,false,2.09522e6,1.9860892592592593e6,false,0
71.062,use_adaptive_ngroute,0.05023056449123853,0,false,8.735249999999999,false,false,10.375,false,2.09522e6,1.9899759166666672e6,false,5
17.313,use_SR3_cuts,0.04964792877756663,3,false,5.682666666666667,false,false,10.96875,false,2.09522e6,1.9911966666666667e6,false,0
37.814,use_SR3_cuts,0.039996806576477195,2,false,9.33225,false,false,10.96875,false,2.082852e6,1.9995445714285714e6,false,0
50.872,use_SR3_cuts,0.039878813601094354,10,false,12.575,false,false,10.96875,false,2.082852e6,1.9997903333333335e6,false,0
69.467,use_SR3_cuts,0.039384219330033776,10,false,17.2645,false,false,10.96875,false,2.082852e6,2.0008205000000005e6,false,0
763.048,use_adaptive_ngroute,0.002327912753046668,0,false,151.97820000000002,false,false,10.96875,false,2.00901e6,2.0043332000000018e6,false,7
293.376,use_SR3_cuts,0.0020701955083654022,1,false,97.717,false,false,11.531249999999998,false,2.00901e6,2.0048509565217388e6,false,0
415.397,use_adaptive_ngroute,0.0018823660945896936,0,false,138.37233333333333,false,false,11.531249999999998,false,2.00901e6,2.0052283076923084e6,false,2
232.133,use_SR3_cuts,0.0018547619444986285,1,false,115.981,false,false,11.625,false,2.00901e6,2.0052837647058829e6,false,0
135.539,use_SR3_cuts,0.0018547619444992947,10,false,135.44199999999998,false,false,11.625,false,2.00901e6,2.0052837647058815e6,false,0
500.698,use_SR3_cuts,0.00032105365329260227,1,false,166.68,false,false,11.625,false,2.00901e6,2.0083649999999986e6,false,0
495.279,use_SR3_cuts,0.00024028337704462555,10,false,164.97766666666666,false,false,11.625,false,2.00901e6,2.0085272682926836e6,false,0
404.216,none,3.3306690738754696e-16,0,false,183.251,true,false,11.625,true,2.00901e6,2.0090099999999993e6,false,0
