CG_time_taken,method,CG_LP_IP_gap,implemented_SR3_cuts_count,errored,CG_sp_time_taken_mean,converged,CGIP_artificial,ngroute_neighborhood_size,time_limit_reached,CGIP_objective,CGLP_objective,CGLP_artificial,cycles_lookup_length
15.425,use_adaptive_ngroute,0.35170750405113405,0,false,0.34963636363636363,false,false,6.0,false,2.70547e6,1.7539358990147784e6,false,32
49.413,use_adaptive_ngroute,0.12794022406688432,0,false,2.747529411764706,false,false,8.96875,false,2.16686e6,1.889631446078431e6,false,13
33.89,use_adaptive_ngroute,0.12587524020403085,0,false,4.146875,false,false,9.90625,false,2.16686e6,1.8941059770114936e6,false,9
33.034,use_adaptive_ngroute,0.12515713000535555,0,false,6.542,false,false,10.46875,false,2.16686e6,1.8956620212765953e6,false,1
26.831,use_SR3_cuts,0.1251371439846929,11,false,6.65225,false,false,10.6875,false,2.16686e6,1.8957053281853283e6,false,0
371.149,use_SR3_cuts,0.04864307252817013,1,false,61.04716666666667,false,false,10.6875,false,2.01632e6,1.91824e6,false,0
404.099,use_SR3_cuts,0.04582915101086771,5,false,134.52733333333333,false,false,10.6875,false,2.01632e6,1.9239137662337671e6,false,0
630.495,use_SR3_cuts,0.04512456135710374,10,false,209.94566666666665,false,false,10.6875,false,2.01632e6,1.9253344444444445e6,false,0
701.081,use_SR3_cuts,0.013239103866880653,10,false,174.6915,false,false,10.6875,false,1.95834e6,1.932413333333333e6,false,0
1001.133,use_adaptive_ngroute,0.01135015091631486,0,false,333.58899999999994,false,false,10.6875,false,1.95834e6,1.936112545454544e6,false,7
314.568,none,0.011227505299014506,0,false,279.947,false,false,11.09375,true,1.95834e6,1.936352727272728e6,false,0
