CG_time_taken,method,CG_LP_IP_gap,implemented_SR3_cuts_count,errored,CG_sp_time_taken_mean,converged,CGIP_artificial,ngroute_neighborhood_size,time_limit_reached,CGIP_objective,CGLP_objective,CGLP_artificial,cycles_lookup_length
65.507,use_adaptive_ngroute,0.9999749898727223,0,false,1.2074799999999999,false,true,6.0,false,6.0e10,1.5006076366666667e6,false,32
115.51,use_adaptive_ngroute,0.041773394687509735,0,false,5.541300000000001,false,false,9.96875,false,1.760706e6,1.6871553333333335e6,false,9
46.559,use_adaptive_ngroute,0.030155517161865708,0,false,5.711499999999999,false,false,10.65625,false,1.760706e6,1.707611e6,false,2
31.247,use_adaptive_ngroute,0.025162212063911893,0,false,6.1766000000000005,false,false,10.84375,false,1.75351e6,1.70938780952381e6,false,4
26.304,use_SR3_cuts,0.024908796962323176,7,false,6.513,false,false,10.96875,false,1.75351e6,1.7098321754385966e6,false,0
214.977,use_adaptive_ngroute,0.019287696957260292,0,false,35.02066666666667,false,false,10.96875,false,1.75351e6,1.7196888305084745e6,false,3
75.207,use_SR3_cuts,0.019176394773910643,2,false,37.4625,false,false,11.437499999999998,false,1.75351e6,1.719884e6,false,0
130.61,use_SR3_cuts,0.017634249780915434,3,false,43.358000000000004,false,false,11.437499999999998,false,1.75351e6,1.722588166666667e6,false,0
185.882,use_SR3_cuts,0.01723780683695375,10,false,90.9895,false,false,11.437499999999998,false,1.75351e6,1.7232833333333333e6,false,0
248.943,use_SR3_cuts,0.016462295624205203,10,false,82.332,false,false,11.437499999999998,false,1.75351e6,1.7246432e6,false,0
229.327,use_SR3_cuts,0.015334760093990707,2,false,76.27533333333334,false,false,11.437499999999998,false,1.75351e6,1.7266203448275863e6,false,0
85.358,use_SR3_cuts,0.015288030456463653,10,false,85.212,false,false,11.437499999999998,false,1.75351e6,1.7267022857142864e6,false,0
429.343,use_SR3_cuts,0.013134961143241308,2,false,214.39,false,false,11.437499999999998,false,1.75351e6,1.730477714285715e6,false,0
1026.429,use_SR3_cuts,0.012501211855079242,10,false,327.00533333333334,false,false,11.437499999999998,false,1.75351e6,1.731589e6,false,0
671.142,none,0.012251997422312977,0,false,417.793,false,false,11.437499999999998,true,1.75351e6,1.732026e6,false,0
