CG_time_taken,method,CG_LP_IP_gap,implemented_SR3_cuts_count,errored,CG_sp_time_taken_mean,converged,CGIP_artificial,ngroute_neighborhood_size,time_limit_reached,CGIP_objective,CGLP_objective,CGLP_artificial,cycles_lookup_length
21.084,use_adaptive_ngroute,0.3247233377190405,0,false,0.39368000000000014,false,false,6.0,false,2.56088e6,1.7293024989020636e6,false,31
49.613,use_adaptive_ngroute,0.16648403171996917,0,false,3.6762307692307696,false,false,9.0625,false,2.19876e6,1.8327015704154007e6,false,16
34.333,use_adaptive_ngroute,0.1656604775323125,0,false,4.809714285714286,false,false,10.6875,false,2.19876e6,1.8345123684210526e6,false,2
14.705,use_SR3_cuts,0.1656604775323124,12,false,4.854333333333333,false,false,10.8125,false,2.19876e6,1.8345123684210528e6,false,0
963.599,use_adaptive_ngroute,0.03294009545930232,0,false,100.31944444444446,false,false,10.8125,false,1.95895e6,1.8944219999999998e6,false,4
276.92,use_adaptive_ngroute,0.03276840484273058,0,false,91.86466666666668,false,false,11.125,false,1.95895e6,1.894758333333333e6,false,1
279.438,use_SR3_cuts,0.03275494966281667,2,false,92.70766666666667,false,false,11.15625,false,1.95895e6,1.8947846913580252e6,false,0
337.859,use_SR3_cuts,0.03196537679840061,1,false,168.31499999999997,false,false,11.15625,false,1.95895e6,1.896331425120773e6,false,0
302.807,use_SR3_cuts,0.03196399548016515,1,false,150.83799999999997,false,false,11.15625,false,1.95895e6,1.8963341310541304e6,false,0
314.058,use_SR3_cuts,0.03195562347126446,10,false,156.86300000000003,false,false,11.15625,false,1.95895e6,1.8963505314009665e6,false,0
985.51,none,0.030851987033870043,0,false,296.336,false,false,11.15625,true,1.95895e6,1.8985125000000002e6,false,0
