CG_time_taken,method,CG_LP_IP_gap,implemented_SR3_cuts_count,errored,CG_sp_time_taken_mean,converged,CGIP_artificial,ngroute_neighborhood_size,time_limit_reached,CGIP_objective,CGLP_objective,CGLP_artificial,cycles_lookup_length
4.493,use_adaptive_ngroute,0.3653957501413234,0,false,0.1813076923076923,false,false,5.0,false,1.861204e6,1.1811279682539683e6,false,19
2.405,use_SR3_cuts,0.1209550493782321,4,false,0.23177777777777775,false,false,7.45,false,1.618932e6,1.423114e6,false,0
3.793,use_adaptive_ngroute,0.05477582584797569,0,false,0.612,false,false,7.45,false,1.533256e6,1.4492706363636362e6,false,2
1.383,use_SR3_cuts,0.05473363004395004,4,false,0.6835,false,false,7.6,false,1.533256e6,1.4493353333333333e6,false,0
6.493,none,0.0,0,false,2.1336666666666666,true,false,7.6,false,1.465794e6,1.465794e6,false,0
