CG_time_taken,method,CG_LP_IP_gap,implemented_SR3_cuts_count,errored,CG_sp_time_taken_mean,converged,CGIP_artificial,ngroute_neighborhood_size,time_limit_reached,CGIP_objective,CGLP_objective,CGLP_artificial,cycles_lookup_length
44.379,use_adaptive_ngroute,0.9999727162225018,0,false,0.8322307692307691,false,true,6.0,false,6.0e10,1.6370266498894785e6,false,27
96.74,use_adaptive_ngroute,0.12962266086023544,0,false,5.448647058823529,false,false,9.0625,false,2.012e6,1.7511992063492064e6,false,27
75.589,use_SR3_cuts,0.11914264413518882,2,false,8.243111111111112,false,false,11.0,false,2.012e6,1.772285e6,false,0
313.725,use_adaptive_ngroute,0.044280628423950086,0,false,23.980846153846155,false,false,11.0,false,1.86371e6,1.78118375e6,false,2
74.425,use_SR3_cuts,0.043834609461772645,3,false,18.41975,false,false,11.0625,false,1.86371e6,1.7820149999999998e6,false,0
362.13,use_adaptive_ngroute,0.013846607930001364,0,false,60.15533333333333,false,false,11.0625,false,1.81261e6,1.7875115000000002e6,false,1
98.367,use_SR3_cuts,0.013846607930001475,6,false,49.1235,false,false,11.15625,false,1.81261e6,1.7875115e6,false,0
1126.907,use_adaptive_ngroute,0.008396509257562634,0,false,222.1954,false,false,11.15625,false,1.8099e6,1.7947031578947373e6,false,1
569.291,use_adaptive_ngroute,0.008297928643920205,0,false,284.497,false,false,11.1875,false,1.8099e6,1.7948815789473688e6,false,1
827.828,none,0.008082019481089331,0,false,244.17866666666666,false,false,11.21875,true,1.8099e6,1.7952723529411764e6,false,0
