CG_time_taken,method,CG_LP_IP_gap,implemented_SR3_cuts_count,errored,CG_sp_time_taken_mean,converged,CGIP_artificial,ngroute_neighborhood_size,time_limit_reached,CGIP_objective,CGLP_objective,CGLP_artificial,cycles_lookup_length
19.071,use_adaptive_ngroute,0.9999719253808201,0,false,0.3167777777777777,false,true,6.0,false,6.0e10,1.684477150793651e6,false,29
20.926,use_SR3_cuts,0.02245556742098287,4,false,1.1084117647058824,false,false,8.65625,false,1.805432e6,1.76489e6,false,0
18.973,use_SR3_cuts,0.01797112068670348,4,false,2.524714285714286,false,false,8.65625,false,1.805432e6,1.7729863636363635e6,false,0
40.57,use_adaptive_ngroute,0.014136091429331255,0,false,5.314714285714286,false,false,8.65625,false,1.80511e6,1.7795927999999998e6,false,1
7.991,use_SR3_cuts,0.014034601769421284,2,false,3.9450000000000003,false,false,9.03125,false,1.80511e6,1.779776e6,false,0
29.988,use_adaptive_ngroute,0.013731388484173657,0,false,7.37875,false,false,9.03125,false,1.80511e6,1.7803233333333333e6,false,1
67.159,use_SR3_cuts,0.01354702459418966,10,false,13.2546,false,false,9.0625,false,1.80511e6,1.7806561304347822e6,false,0
185.84,use_SR3_cuts,0.00963376193140586,10,false,45.8675,false,false,9.0625,false,1.80511e6,1.78772e6,false,0
218.428,use_SR3_cuts,0.0049501692417640575,10,false,54.356750000000005,false,false,9.0625,false,1.80511e6,1.7961743999999992e6,false,0
381.235,use_SR3_cuts,0.0026089822780880345,3,false,63.345666666666666,false,false,9.0625,false,1.80511e6,1.8004005000000005e6,false,0
164.865,use_adaptive_ngroute,0.0003490002664480185,0,false,82.3255,false,false,9.0625,false,1.80511e6,1.804480016129032e6,false,4
223.865,use_SR3_cuts,0.00032743464694817703,2,false,111.835,false,false,9.21875,false,1.80511e6,1.8045189444444473e6,false,0
217.062,use_SR3_cuts,0.0002465223725977017,10,false,72.15233333333332,false,false,9.21875,false,1.80511e6,1.8046650000000002e6,false,0
297.399,none,2.220446049250313e-16,0,false,98.99199999999999,true,false,9.21875,false,1.80511e6,1.8051099999999995e6,false,0
