CG_time_taken,method,CG_LP_IP_gap,implemented_SR3_cuts_count,errored,CG_sp_time_taken_mean,converged,CGIP_artificial,ngroute_neighborhood_size,time_limit_reached,CGIP_objective,CGLP_objective,CGLP_artificial,cycles_lookup_length
32.193,use_adaptive_ngroute,0.25587367734306543,0,false,0.6813600000000001,false,false,6.0,false,2.17265e6,1.6167260549205889e6,false,30
150.246,use_adaptive_ngroute,0.186553384968712,0,false,8.676411764705882,false,false,8.9375,false,2.06825e6,1.6824109615384615e6,false,10
50.733,use_SR3_cuts,0.17850778358721409,10,false,7.204714285714285,false,false,9.65625,false,2.06825e6,1.6990512765957445e6,false,0
2890.28,use_SR3_cuts,0.0027712308416298903,2,false,406.219,false,false,9.65625,false,1.725476e6,1.7206943076923077e6,false,0
279.273,use_SR3_cuts,0.0019931560086275946,1,false,139.3975,false,false,9.65625,false,1.725476e6,1.7220368571428573e6,false,0
189.452,none,0.0006072105741991018,0,false,NaN,false,false,9.65625,true,1.725476e6,1.7244282727272732e6,false,0
