CG_time_taken,method,CG_LP_IP_gap,implemented_SR3_cuts_count,errored,CG_sp_time_taken_mean,converged,CGIP_artificial,ngroute_neighborhood_size,time_limit_reached,CGIP_objective,CGLP_objective,CGLP_artificial,cycles_lookup_length
25.928,use_adaptive_ngroute,0.29685252645122473,0,false,0.5343,false,false,6.0,false,2.281962e6,1.6045558150343103e6,false,26
28.627,use_adaptive_ngroute,0.09370521572439094,0,false,1.6139333333333337,false,false,8.21875,false,1.92019e6,1.7402581818181816e6,false,13
14.81,use_adaptive_ngroute,0.0912357625481115,0,false,1.9598571428571425,false,false,9.3125,false,1.920189998775544e6,1.745e6,false,4
15.928,use_SR3_cuts,0.05326881001368011,7,false,2.5213333333333336,false,false,9.84375,false,1.846292e6,1.7479422222222225e6,false,0
98.815,use_adaptive_ngroute,0.04288820032790919,0,false,18.689999999999994,false,false,9.84375,false,1.84604e6,1.7668666666666665e6,false,7
65.233,use_SR3_cuts,0.040947785530107694,1,false,16.089,false,false,10.3125,false,1.84604e6,1.77044875e6,false,0
27.301,use_SR3_cuts,0.040638339364260756,10,false,13.439,false,false,10.3125,false,1.84604e6,1.77102e6,false,0
187.634,use_SR3_cuts,0.03729222615786776,2,false,31.025333333333336,false,false,10.3125,false,1.84604e6,1.7771970588235299e6,false,0
80.649,use_SR3_cuts,0.03722245343060515,2,false,26.776666666666664,false,false,10.3125,false,1.84604e6,1.7773258620689656e6,false,0
278.612,use_SR3_cuts,0.035644767538442146,10,false,138.475,false,false,10.3125,false,1.84604e6,1.7802383333333342e6,false,0
389.9,use_adaptive_ngroute,0.0341189790037052,0,false,97.34025000000001,false,false,10.3125,false,1.84604e6,1.783055e6,false,2
388.164,none,0.034043140993694876,0,false,129.28233333333336,false,false,10.46875,false,1.84604e6,1.7831949999999995e6,false,0
