CG_time_taken,method,CG_LP_IP_gap,implemented_SR3_cuts_count,errored,CG_sp_time_taken_mean,converged,CGIP_artificial,ngroute_neighborhood_size,time_limit_reached,CGIP_objective,CGLP_objective,CGLP_artificial,cycles_lookup_length
84.643,use_adaptive_ngroute,0.9999719291547619,0,false,1.3824722222222223,false,true,6.0,false,6.0e10,1.6842507142857148e6,false,30
23.118,use_adaptive_ngroute,0.11382100150374497,0,false,1.01535,false,false,8.84375,false,2.08147e6,1.844555e6,false,9
23.397,use_SR3_cuts,0.06784162118455628,2,false,1.5818571428571429,false,false,9.4375,false,1.9788e6,1.844555e6,false,0
38.371,use_SR3_cuts,0.0389887116818558,1,false,3.6478999999999995,false,false,9.4375,false,1.9312e6,1.855905e6,false,0
37.674,use_SR3_cuts,0.03139412455122892,2,false,6.1884999999999994,false,false,9.4375,false,1.9312e6,1.8705716666666667e6,false,0
33.387,use_adaptive_ngroute,0.028618302954984798,0,false,7.883249999999999,false,false,9.4375,false,1.9312e6,1.8759323333333333e6,false,3
10.271,use_SR3_cuts,0.028618302954984576,2,false,5.083,false,false,9.59375,false,1.9312e6,1.8759323333333337e6,false,0
39.032,use_adaptive_ngroute,0.02774754175206018,0,false,9.68225,false,false,9.59375,false,1.9312e6,1.8776139473684214e6,false,4
37.215,use_SR3_cuts,0.027555405965203006,1,false,12.340333333333332,false,false,9.78125,false,1.9312e6,1.877985e6,false,0
18.403,use_adaptive_ngroute,0.02739812033968536,0,false,9.138499999999999,false,false,9.78125,false,1.9312e6,1.8782887499999995e6,false,3
38.174,use_SR3_cuts,0.027350869925435006,10,false,9.33775,false,false,9.875,false,1.9312e6,1.87838e6,false,0
89.511,use_SR3_cuts,0.023032570422535037,1,false,22.272000000000002,false,false,9.875,false,1.9312e6,1.8867195000000002e6,false,0
41.506,use_SR3_cuts,0.022512905487221957,4,false,20.568,false,false,9.875,false,1.9312e6,1.887723076923077e6,false,0
151.372,use_adaptive_ngroute,0.022508849890788607,0,false,50.26466666666666,false,false,9.875,false,1.9312e6,1.887730909090909e6,false,1
54.647,use_SR3_cuts,0.022508849890788607,10,false,27.24,false,false,10.09375,false,1.9312e6,1.887730909090909e6,false,0
278.285,use_SR3_cuts,0.022505868544600793,10,false,91.54499999999999,false,false,10.09375,false,1.9312e6,1.887736666666667e6,false,0
383.165,none,0.021271748135874624,0,false,127.56333333333333,false,false,10.09375,false,1.9312e6,1.8901199999999988e6,false,0
