CG_time_taken,method,CG_LP_IP_gap,implemented_SR3_cuts_count,errored,CG_sp_time_taken_mean,converged,CGIP_artificial,ngroute_neighborhood_size,time_limit_reached,CGIP_objective,CGLP_objective,CGLP_artificial,cycles_lookup_length
38.489,use_adaptive_ngroute,0.41165674472091773,0,false,0.9370500000000002,false,false,6.0,false,2.73041e6,1.606418307646559e6,false,27
38.636,use_SR3_cuts,0.006565006682602514,4,false,1.961823529411765,false,false,8.1875,false,1.768772e6,1.7571599999999998e6,false,0
66.178,use_adaptive_ngroute,0.0024069354331704984,0,false,7.862499999999999,false,false,8.1875,false,1.768772e6,1.7645146800000002e6,false,10
15.91,use_adaptive_ngroute,3.618329552934618e-5,0,false,3.7337499999999997,false,false,9.53125,false,1.768772e6,1.768708e6,false,2
27.0,none,0.0,0,false,5.3536,true,false,9.84375,false,1.768772e6,1.768772e6,false,0
