CG_time_taken,method,CG_LP_IP_gap,implemented_SR3_cuts_count,errored,CG_sp_time_taken_mean,converged,CGIP_artificial,ngroute_neighborhood_size,time_limit_reached,CGIP_objective,CGLP_objective,CGLP_artificial,cycles_lookup_length
21.217,use_adaptive_ngroute,0.22604098181545584,0,false,0.4195652173913043,false,false,6.0,false,2.08987e6,1.6174737333333334e6,false,29
32.678,use_adaptive_ngroute,0.09752566339364288,0,false,1.9089375,false,false,8.71875,false,1.887762e6,1.7036567586206899e6,false,15
17.014,use_adaptive_ngroute,0.09512391270314158,0,false,2.0635,false,false,10.03125,false,1.887762e6,1.708190692307692e6,false,10
33.097,use_SR3_cuts,0.08649262732190599,6,false,4.0265,false,false,10.96875,false,1.871892e6,1.7099871428571427e6,false,0
140.911,use_SR3_cuts,0.052371785542604354,1,false,19.491714285714288,false,false,10.96875,false,1.813992e6,1.71899e6,false,0
126.759,use_adaptive_ngroute,0.0441028484611371,0,false,24.982199999999995,false,false,10.96875,false,1.813992e6,1.733989785714285e6,false,6
66.913,use_SR3_cuts,0.04373986318834988,9,false,22.241,false,false,11.312500000000002,false,1.813992e6,1.7346482380952388e6,false,0
106.625,use_SR3_cuts,0.04082906084678983,4,false,35.05933333333333,false,false,11.312500000000002,false,1.813992e6,1.73992841025641e6,false,0
388.633,use_adaptive_ngroute,0.038051022275732316,0,false,96.62174999999999,false,false,11.312500000000002,false,1.813992e6,1.7449677499999998e6,false,5
383.953,use_SR3_cuts,0.03805102227573298,2,false,127.73799999999999,false,false,11.78125,false,1.813992e6,1.7449677499999986e6,false,0
405.349,use_SR3_cuts,0.03645550807280307,10,false,100.9485,false,false,11.78125,false,1.813992e6,1.7478619999999998e6,false,0
969.414,none,0.03370522030968126,0,false,242.05100000000002,false,false,11.78125,false,1.813992e6,1.7528510000000007e6,false,0
