CG_time_taken,method,CG_LP_IP_gap,implemented_SR3_cuts_count,errored,CG_sp_time_taken_mean,converged,CGIP_artificial,ngroute_neighborhood_size,time_limit_reached,CGIP_objective,CGLP_objective,CGLP_artificial,cycles_lookup_length
29.328,use_adaptive_ngroute,0.999972207536793,0,false,0.6998260869565217,false,true,6.0,false,6.0e10,1.667547792421896e6,false,31
51.324,use_adaptive_ngroute,0.10663324311023625,0,false,2.800117647058824,false,false,8.65625,false,2.032e6,1.81532125e6,false,15
53.741,use_adaptive_ngroute,0.10139025590551165,0,false,4.36,false,false,10.0625,false,2.032e6,1.8259750000000002e6,false,5
11.755,use_SR3_cuts,0.10120846754951085,11,false,5.800999999999999,false,false,10.25,false,2.032e6,1.826344393939394e6,false,0
325.661,use_SR3_cuts,0.04449107367016447,6,false,44.83685714285714,false,false,10.25,false,1.93846e6,1.852215833333333e6,false,0
587.144,use_SR3_cuts,0.03266782362727161,1,false,116.19099999999999,false,false,10.25,false,1.920704e6,1.857958780487805e6,false,0
663.303,use_SR3_cuts,0.032461298281539985,10,false,220.631,false,false,10.25,false,1.920704e6,1.858355454545453e6,false,0
1864.268,none,0.02794370512421296,0,false,344.93739999999997,false,false,10.25,true,1.920704e6,1.8670324137931038e6,false,0
