CG_time_taken,method,CG_LP_IP_gap,implemented_SR3_cuts_count,errored,CG_sp_time_taken_mean,converged,CGIP_artificial,ngroute_neighborhood_size,time_limit_reached,CGIP_objective,CGLP_objective,CGLP_artificial,cycles_lookup_length
31.01,use_adaptive_ngroute,0.36977449908023075,0,false,0.6035185185185183,false,false,6.0,false,2.58441e6,1.628761086832061e6,false,28
35.204,use_adaptive_ngroute,0.1952256176413819,0,false,2.0023750000000002,false,false,9.15625,false,2.15875e6,1.7373066979166667e6,false,11
15.396,use_SR3_cuts,0.16100506068019393,5,false,1.623,false,false,9.96875,false,2.0847e6,1.7490527499999998e6,false,0
102.124,use_adaptive_ngroute,0.10970133392708947,0,false,10.708111111111112,false,false,9.96875,false,1.97612e6,1.759337e6,false,2
57.763,use_adaptive_ngroute,0.03490701233526383,0,false,9.3565,false,false,10.03125,false,1.84917e6,1.7846210000000002e6,false,6
41.726,use_adaptive_ngroute,0.03310943850060144,0,false,10.3225,false,false,10.3125,false,1.84917e6,1.787945019607843e6,false,9
56.894,use_SR3_cuts,0.032376471606179846,4,false,11.3066,false,false,10.71875,false,1.84917e6,1.7893004000000004e6,false,0
55.252,use_adaptive_ngroute,0.031856847814277556,0,false,13.748000000000001,false,false,10.71875,false,1.84917e6,1.7902612727272725e6,false,3
36.945,use_SR3_cuts,0.03176211103205384,1,false,18.322,false,false,11.375000000000002,false,1.84917e6,1.790436457142857e6,false,0
52.901,use_SR3_cuts,0.03162970864405845,1,false,13.158999999999999,false,false,11.375000000000002,false,1.84917e6,1.7906812916666665e6,false,0
52.938,use_SR3_cuts,0.03132616254860354,10,false,26.385499999999997,false,false,11.375000000000002,false,1.84917e6,1.7912425999999987e6,false,0
485.829,use_SR3_cuts,0.004821039132360094,10,false,80.8025,false,false,11.375000000000002,false,1.81427e6,1.805523333333333e6,false,0
611.667,none,0.004667442001466182,0,false,152.8165,false,false,11.375000000000002,false,1.81427e6,1.805802e6,false,0
