CG_time_taken,method,CG_LP_IP_gap,implemented_SR3_cuts_count,errored,CG_sp_time_taken_mean,converged,CGIP_artificial,ngroute_neighborhood_size,time_limit_reached,CGIP_objective,CGLP_objective,CGLP_artificial,cycles_lookup_length
15.517,use_adaptive_ngroute,0.3871760048720114,0,false,0.306625,false,false,6.0,false,2.92244e6,1.790941356321839e6,false,26
11.466,use_adaptive_ngroute,0.07664467106578676,0,false,0.701,false,false,7.625,false,2.0004e6,1.8470800000000002e6,false,12
4.34,use_adaptive_ngroute,0.0710114736715749,0,false,0.5975714285714286,false,false,8.0,false,1.99936e6,1.8573825e6,false,6
1.945,use_SR3_cuts,0.07094603606487393,8,false,0.607,false,false,8.1875,false,1.99936e6,1.8575133333333337e6,false,0
6.947,use_adaptive_ngroute,0.06282091193468531,0,false,2.241,false,false,8.1875,false,1.99159e6,1.8664765e6,false,4
11.679,use_SR3_cuts,0.06137658855487327,1,false,2.2186000000000003,false,false,8.53125,false,1.99159e6,1.869353e6,false,0
13.724,use_SR3_cuts,0.02002226559797382,10,false,2.583,false,false,8.53125,false,1.907876e6,1.869676e6,false,0
12.954,use_adaptive_ngroute,0.01760255907616637,0,false,4.274000000000001,false,false,8.53125,false,1.907876e6,1.8742925e6,false,1
15.173,use_SR3_cuts,0.016654122175654984,10,false,5.026,false,false,8.59375,false,1.907876e6,1.876102e6,false,0
34.204,use_SR3_cuts,0.014514453653055925,2,false,5.544,false,false,8.59375,false,1.907876e6,1.8801842222222222e6,false,0
22.593,none,0.013524463854045043,0,false,7.491333333333333,false,false,8.59375,false,1.907876e6,1.882073e6,false,0
