CG_time_taken,method,CG_LP_IP_gap,implemented_SR3_cuts_count,errored,CG_sp_time_taken_mean,converged,CGIP_artificial,ngroute_neighborhood_size,time_limit_reached,CGIP_objective,CGLP_objective,CGLP_artificial,cycles_lookup_length
3.439,use_adaptive_ngroute,0.46767953935902373,0,false,0.1866153846153846,false,false,5.0,false,2.38544e6,1.2698185196314105e6,false,19
5.383,use_adaptive_ngroute,0.061221900461372214,0,false,0.4084166666666666,false,false,6.8,false,1.62992e6,1.5301332000000002e6,false,8
3.294,use_adaptive_ngroute,0.0545660435569143,0,false,0.4555714285714286,false,false,7.8500000000000005,false,1.62992e6,1.5409817142857143e6,false,3
0.855,use_adaptive_ngroute,0.05412200933453526,0,false,0.42,false,false,8.1,false,1.62992e6,1.5417054545454544e6,false,1
0.739,use_SR3_cuts,0.053368850325009265,6,false,0.3625,false,false,8.149999999999999,false,1.62992e6,1.542933043478261e6,false,0
4.465,use_SR3_cuts,0.046930099448014295,1,false,1.102,false,false,8.149999999999999,false,1.62992e6,1.5534276923076925e6,false,0
4.246,use_SR3_cuts,0.045984349422555026,2,false,1.4003333333333334,false,false,8.149999999999999,false,1.62992e6,1.554969189189189e6,false,0
4.157,use_SR3_cuts,0.04516581590916513,10,false,2.0465,false,false,8.149999999999999,false,1.62992e6,1.5563033333333335e6,false,0
11.5,use_adaptive_ngroute,0.03915686241747407,0,false,3.8089999999999997,false,false,8.149999999999999,false,1.62992e6,1.5660974468085107e6,false,2
17.729,use_SR3_cuts,0.038662574100432945,4,false,5.894333333333333,false,false,8.75,false,1.62992e6,1.5669030972222222e6,false,0
51.312,use_adaptive_ngroute,0.03700334985766185,0,false,16.99966666666667,false,false,8.75,false,1.62992e6,1.5696074999999998e6,false,2
37.745,use_SR3_cuts,0.036672061399203315,10,false,18.859,false,false,8.95,false,1.62992e6,1.5701474736842106e6,false,0
48.27,use_SR3_cuts,0.03456579554915684,1,false,16.066666666666666,false,false,8.95,false,1.62992e6,1.5735805185185182e6,false,0
40.554,use_SR3_cuts,0.034280965181868295,10,false,20.2345,false,false,8.95,false,1.62992e6,1.5740447692307692e6,false,0
99.092,use_SR3_cuts,0.030786212508628452,10,false,32.98266666666667,false,false,8.95,false,1.62992e6,1.5797409365079363e6,false,0
94.015,use_adaptive_ngroute,0.028880522046154766,0,false,31.30366666666667,false,false,8.95,false,1.62992e6,1.5828470595065313e6,false,3
119.132,use_SR3_cuts,0.028695983787391244,1,false,39.55533333333334,false,false,9.350000000000001,false,1.62992e6,1.5831478421052552e6,false,0
112.668,use_SR3_cuts,0.0279498619325117,1,false,56.29,false,false,9.350000000000001,false,1.62992e6,1.5843639610389606e6,false,0
118.747,use_SR3_cuts,0.027810699939284422,10,false,59.348000000000006,false,false,9.350000000000001,false,1.62992e6,1.5845907839549615e6,false,0
333.187,use_SR3_cuts,0.022650525252774,5,false,110.92733333333332,false,false,9.350000000000001,false,1.62398e6,1.587196e6,false,0
197.207,use_SR3_cuts,0.02152710075313813,10,false,98.544,false,false,9.350000000000001,false,1.62398e6,1.5890204189189188e6,false,0
205.092,none,0.02052365176911075,0,false,68.28733333333334,false,false,9.350000000000001,false,1.62398e6,1.5906499999999995e6,false,0
