CG_time_taken,method,CG_LP_IP_gap,implemented_SR3_cuts_count,errored,CG_sp_time_taken_mean,converged,CGIP_artificial,ngroute_neighborhood_size,time_limit_reached,CGIP_objective,CGLP_objective,CGLP_artificial,cycles_lookup_length
5.669,use_adaptive_ngroute,0.458698620503704,0,false,0.1906842105263158,false,false,5.0,false,2.204186e6,1.1931289224664227e6,false,14
3.567,use_adaptive_ngroute,0.019530279181509513,0,false,0.35566666666666663,false,false,6.3,false,1.44852e6,1.4202299999999998e6,false,3
2.074,use_adaptive_ngroute,0.018830796754125356,0,false,0.28700000000000003,false,false,6.45,false,1.44852e6,1.4212432142857143e6,false,4
0.924,use_adaptive_ngroute,0.01670584458619817,0,false,0.3026666666666667,false,false,7.25,false,1.44852e6,1.4243212500000002e6,false,1
0.821,use_adaptive_ngroute,0.015491098960778271,0,false,0.4035,false,false,7.4,false,1.44852e6,1.4260808333333335e6,false,3
0.853,use_SR3_cuts,0.015491098960778382,3,false,0.4205,false,false,7.550000000000001,false,1.44852e6,1.4260808333333333e6,false,0
6.74,use_SR3_cuts,0.014985985695744608,1,false,1.331,false,false,7.550000000000001,false,1.44852e6,1.4268125e6,false,0
2.842,use_SR3_cuts,0.012668677914929316,1,false,1.4100000000000001,false,false,7.550000000000001,false,1.44852e6,1.4301691666666665e6,false,0
1.154,use_SR3_cuts,0.011744746361803782,10,false,1.144,false,false,7.550000000000001,false,1.44852e6,1.4315075e6,false,0
48.412,use_SR3_cuts,0.0036952492799869896,4,false,8.025833333333333,false,false,7.550000000000001,false,1.44852e6,1.4431673575129532e6,false,0
11.865,none,0.0,0,false,5.8805,true,false,7.550000000000001,false,1.44852e6,1.44852e6,false,0
