CG_time_taken,method,CG_LP_IP_gap,implemented_SR3_cuts_count,errored,CG_sp_time_taken_mean,converged,CGIP_artificial,ngroute_neighborhood_size,time_limit_reached,CGIP_objective,CGLP_objective,CGLP_artificial,cycles_lookup_length
35.252,use_adaptive_ngroute,0.9999751824969569,0,false,0.8327083333333333,false,true,6.0,false,6.0e10,1.4890501825842694e6,false,27
46.22,use_adaptive_ngroute,0.13293131694544047,0,false,1.7792083333333333,false,false,7.40625,false,1.91738e6,1.6625001515151514e6,false,11
11.636,use_adaptive_ngroute,0.1318429315002766,0,false,1.6038571428571426,false,false,8.25,false,1.91738e6,1.6645869999999998e6,false,11
16.406,use_adaptive_ngroute,0.13011244510738607,0,false,2.00075,false,false,9.1875,false,1.91738e6,1.667905e6,false,4
17.97,use_adaptive_ngroute,0.129676553823043,0,false,2.194875,false,false,9.3125,false,1.91738e6,1.668740769230774e6,false,1
6.465,use_adaptive_ngroute,0.12913750360735288,0,false,2.119333333333333,false,false,9.65625,false,1.91738e6,1.6697743333333337e6,false,1
5.17,use_SR3_cuts,0.12913559127559482,8,false,2.5355,false,false,9.6875,false,1.91738e6,1.669778e6,false,0
131.871,use_SR3_cuts,0.026623801472972164,4,false,21.259999999999998,false,false,9.6875,false,1.72712e6,1.6811375000000002e6,false,0
372.609,use_SR3_cuts,0.02286696928991605,1,false,26.526428571428575,false,false,9.6875,false,1.72712e6,1.6876260000000002e6,false,0
195.997,use_SR3_cuts,0.0020931455687600575,10,false,27.580285714285715,false,false,9.6875,false,1.69219e6,1.688648e6,false,0
258.097,none,0.0,0,false,64.24300000000001,true,false,9.6875,false,1.69219e6,1.69219e6,false,0
