CG_time_taken,method,CG_LP_IP_gap,implemented_SR3_cuts_count,errored,CG_sp_time_taken_mean,converged,CGIP_artificial,ngroute_neighborhood_size,time_limit_reached,CGIP_objective,CGLP_objective,CGLP_artificial,cycles_lookup_length
31.186,use_adaptive_ngroute,0.9999685941785894,0,false,0.66972,false,true,5.999999999999999,false,6.0e10,1.884349284633125e6,false,36
142.918,use_adaptive_ngroute,0.2081241810053529,0,false,7.274789473684212,false,false,9.777777777777777,false,2.52046e6,1.9958913267432482e6,false,26
247.844,use_adaptive_ngroute,0.13022937486755615,0,false,22.40336363636364,false,false,11.25,false,2.314298e6,2.0129084182027646e6,false,4
98.867,use_adaptive_ngroute,0.12940230500032357,0,false,24.6505,false,false,11.36111111111111,false,2.314298e6,2.0148225043423611e6,false,6
28.298,use_SR3_cuts,0.12929687818566893,8,false,28.264999999999997,false,false,11.75,false,2.314298e6,2.0150664934086627e6,false,0
610.74,use_adaptive_ngroute,0.10518300216375598,0,false,101.07849999999999,false,false,11.75,false,2.26192e6,2.024004463745757e6,false,1
362.78,use_SR3_cuts,0.10517376197956674,8,false,90.5865,false,false,11.805555555555555,false,2.26192e6,2.0240253643031784e6,false,0
1108.849,use_SR3_cuts,0.07560348229125424,2,false,276.837,false,false,11.805555555555555,false,2.19504e6,2.0290873322314052e6,false,0
935.088,none,0.07556898039982918,0,false,512.441,false,false,11.805555555555555,true,2.19504e6,2.0291630652631589e6,false,0
