CG_time_taken,method,CG_LP_IP_gap,implemented_SR3_cuts_count,errored,CG_sp_time_taken_mean,converged,CGIP_artificial,ngroute_neighborhood_size,time_limit_reached,CGIP_objective,CGLP_objective,CGLP_artificial,cycles_lookup_length
83.358,use_adaptive_ngroute,0.9999719375258221,0,false,1.3924666666666665,false,true,5.999999999999999,false,6.0e10,1.6837484506702973e6,false,35
197.697,use_adaptive_ngroute,0.08359875697378283,0,false,8.363545454545454,false,false,8.694444444444445,false,2.02434e6,1.8551076923076925e6,false,10
89.774,use_adaptive_ngroute,0.07990181065065449,0,false,6.655923076923077,false,false,9.444444444444445,false,2.02434e6,1.862591568627454e6,false,13
141.572,use_adaptive_ngroute,0.07671564710209855,0,false,20.04414285714285,false,false,9.972222222222221,false,2.02434e6,1.8690414469453378e6,false,17
312.302,use_adaptive_ngroute,0.062152746865036024,0,false,34.46244444444444,false,false,11.0,false,2.02182e6,1.8961583333333328e6,false,10
108.084,use_adaptive_ngroute,0.06036728576939865,0,false,26.917499999999997,false,false,11.75,false,2.02182e6,1.8997682142857143e6,false,1
90.76,use_SR3_cuts,0.06011517789195697,13,false,30.179000000000002,false,false,11.777777777777777,false,2.02182e6,1.9002779310344835e6,false,0
2563.439,none,0.050694379132854905,0,false,NaN,false,false,11.777777777777777,true,2.02182e6,1.9193250903816114e6,false,0
