CG_time_taken,method,CG_LP_IP_gap,implemented_SR3_cuts_count,errored,CG_sp_time_taken_mean,converged,CGIP_artificial,ngroute_neighborhood_size,time_limit_reached,CGIP_objective,CGLP_objective,CGLP_artificial,cycles_lookup_length
38.861,use_adaptive_ngroute,0.3179906888921914,0,false,0.562344827586207,false,false,5.999999999999999,false,2.53703e6,1.7302780825598438e6,false,32
57.365,use_adaptive_ngroute,0.1325410428445969,0,false,3.1551764705882346,false,false,7.805555555555555,false,2.1196e6,1.8386660055865925e6,false,15
29.213,use_adaptive_ngroute,0.13168825654436156,0,false,4.0765714285714285,false,false,8.777777777777777,false,2.1196e6,1.8404735714285711e6,false,3
26.288,use_adaptive_ngroute,0.1311043138817246,0,false,3.6684285714285716,false,false,8.944444444444445,false,2.1196e6,1.8417112962962964e6,false,2
7.096,use_SR3_cuts,0.13106379792741873,9,false,3.4989999999999997,false,false,9.083333333333334,false,2.1196e6,1.8417971739130432e6,false,0
278.82,use_SR3_cuts,0.09304041501252203,6,false,38.90171428571429,false,false,9.083333333333334,false,2.06216e6,1.8702957777777775e6,false,0
318.499,use_SR3_cuts,0.08986208635605386,10,false,78.64099999999999,false,false,9.083333333333334,false,2.06216e6,1.87685e6,false,0
920.715,use_adaptive_ngroute,0.08732466406354644,0,false,229.67825000000002,false,false,9.083333333333334,false,2.06216e6,1.882082570754717e6,false,2
184.466,use_SR3_cuts,0.08729317802692282,5,false,92.06599999999999,false,false,9.13888888888889,false,2.06216e6,1.882147500000001e6,false,0
1504.612,use_SR3_cuts,0.08720306216135987,1,false,375.97425000000004,false,false,9.13888888888889,false,2.06216e6,1.8823333333333302e6,false,0
200.237,none,0.08698622496693342,0,false,NaN,false,false,9.13888888888889,true,2.06216e6,1.8827804863221885e6,false,0
