CG_time_taken,method,CG_LP_IP_gap,implemented_SR3_cuts_count,errored,CG_sp_time_taken_mean,converged,CGIP_artificial,ngroute_neighborhood_size,time_limit_reached,CGIP_objective,CGLP_objective,CGLP_artificial,cycles_lookup_length
83.59,use_adaptive_ngroute,0.9999744900705299,0,false,2.013346153846153,false,true,5.999999999999999,false,6.0e10,1.5305957682106989e6,false,36
121.459,use_adaptive_ngroute,0.18269695718834755,0,false,6.912352941176469,false,false,9.63888888888889,false,2.03496e6,1.6631790000000002e6,false,12
88.894,use_adaptive_ngroute,0.16453876405007795,0,false,7.266416666666667,false,false,10.222222222222223,false,2.02277e6,1.6899459242424238e6,false,5
41.149,use_SR3_cuts,0.06864048404597156,13,false,13.537333333333333,false,false,10.944444444444445,false,1.814712e6,1.6901492899159668e6,false,0
389.628,use_SR3_cuts,0.05148689288049069,4,false,77.31,false,false,10.944444444444445,false,1.814712e6,1.721278117647059e6,false,0
2473.908,use_SR3_cuts,0.04122489348291636,2,false,351.53771428571423,false,false,10.944444444444445,false,1.798277e6,1.7241432222222215e6,false,0
388.001,none,0.04000003495409399,0,false,NaN,false,false,10.944444444444445,true,1.798277e6,1.7263458571428568e6,false,0
