CG_time_taken,method,CG_LP_IP_gap,implemented_SR3_cuts_count,errored,CG_sp_time_taken_mean,converged,CGIP_artificial,ngroute_neighborhood_size,time_limit_reached,CGIP_objective,CGLP_objective,CGLP_artificial,cycles_lookup_length
37.071,use_adaptive_ngroute,0.3599429835761523,0,false,0.5400357142857142,false,false,5.999999999999999,false,2.79289e6,1.7876088406e6,false,17
13.898,use_adaptive_ngroute,0.23532553331980066,0,false,0.734,false,false,6.750000000000001,false,2.38105e6,1.8207281388888888e6,false,22
20.121,use_adaptive_ngroute,0.23198882845803304,0,false,1.4240769230769232,false,false,8.333333333333334,false,2.38105e6,1.8286730000000005e6,false,4
8.13,use_SR3_cuts,0.22228530474265207,10,false,1.9155000000000002,false,false,8.5,false,2.35423e6,1.8309192670157063e6,false,0
394.387,use_adaptive_ngroute,0.027361602205458357,0,false,34.7711,false,false,8.5,false,1.93288e6,1.8799933063291137e6,false,9
43.873,use_SR3_cuts,0.026217022588412187,8,false,21.191000000000003,false,false,9.166666666666666,false,1.93288e6,1.8822056413793098e6,false,0
747.976,use_adaptive_ngroute,0.0029635822905282883,0,false,146.3432,false,false,9.166666666666666,false,1.90683e6,1.901178952380952e6,false,3
296.323,use_SR3_cuts,0.0029635822905286213,5,false,147.892,false,false,9.805555555555555,false,1.90683e6,1.9011789523809513e6,false,0
1239.308,use_SR3_cuts,0.002093145549034725,10,false,412.587,false,false,9.805555555555555,false,1.90683e6,1.902838727272734e6,false,0
778.609,none,2.220446049250313e-16,0,false,659.834,true,false,9.805555555555555,true,1.90366e6,1.9036599999999995e6,false,0
