CG_time_taken,method,CG_LP_IP_gap,implemented_SR3_cuts_count,errored,CG_sp_time_taken_mean,converged,CGIP_artificial,ngroute_neighborhood_size,time_limit_reached,CGIP_objective,CGLP_objective,CGLP_artificial,cycles_lookup_length
32.706,use_adaptive_ngroute,0.9999700886000783,0,false,0.6398095238095238,false,true,5.999999999999999,false,6.0e10,1.7946839953051643e6,false,35
137.616,use_adaptive_ngroute,0.05796332054358899,0,false,5.307760000000001,false,false,10.11111111111111,false,2.00421e6,1.8880393333333335e6,false,6
35.93,use_adaptive_ngroute,0.05755427681872527,0,false,7.104,false,false,10.694444444444445,false,2.00421e6,1.8888591428571427e6,false,1
25.987,use_adaptive_ngroute,0.05755427681872538,0,false,8.527,false,false,10.75,false,2.00421e6,1.8888591428571425e6,false,2
5.481,use_adaptive_ngroute,0.057225621148563666,0,false,5.4430000000000005,false,false,10.972222222222223,false,2.00421e6,1.8895178378378372e6,false,1
21.951,use_adaptive_ngroute,0.05714159194894741,0,false,7.276666666666667,false,false,11.0,false,2.00421e6,1.88968625e6,false,1
12.087,use_adaptive_ngroute,0.057091473391906455,0,false,6.000000000000001,false,false,11.027777777777779,false,2.00421e6,1.8897866981132072e6,false,1
4.408,use_adaptive_ngroute,0.057088354654478146,0,false,4.37,false,false,11.055555555555555,false,2.00421e6,1.8897929487179483e6,false,1
4.349,use_adaptive_ngroute,0.05708300693706414,0,false,4.3180000000000005,false,false,11.083333333333334,false,2.00421e6,1.8898036666666667e6,false,2
22.801,use_SR3_cuts,0.05707219908649663,8,false,7.546000000000001,false,false,11.13888888888889,false,2.00421e6,1.8898253278688525e6,false,0
377.02,use_SR3_cuts,0.012149700815768605,7,false,60.36866666666667,false,false,11.13888888888889,false,1.93192e6,1.9084477500000002e6,false,0
874.196,use_SR3_cuts,0.002968461505765574,3,false,141.49116666666666,false,false,11.13888888888889,false,1.929198e6,1.92347125e6,false,0
1159.578,use_SR3_cuts,0.0025466541018588362,1,false,165.21371428571433,false,false,11.13888888888889,false,1.929198e6,1.924285000000002e6,false,0
385.381,use_SR3_cuts,0.002285264277034238,1,false,192.49800000000002,false,false,11.13888888888889,false,1.929198e6,1.924789272727274e6,false,0
484.046,none,0.0022850600785057074,0,false,426.045,false,false,11.13888888888889,true,1.929198e6,1.924789666666667e6,false,0
