CG_time_taken,method,CG_LP_IP_gap,implemented_SR3_cuts_count,errored,CG_sp_time_taken_mean,converged,CGIP_artificial,ngroute_neighborhood_size,time_limit_reached,CGIP_objective,CGLP_objective,CGLP_artificial,cycles_lookup_length
38.7,use_adaptive_ngroute,0.9999723689848911,0,false,0.5648214285714287,false,true,5.999999999999999,false,6.0e10,1.657860906535912e6,false,34
63.59,use_adaptive_ngroute,0.04548614299118714,0,false,2.9368499999999997,false,false,9.305555555555555,false,1.869648e6,1.784604923728813e6,false,8
24.72,use_adaptive_ngroute,0.041631258932162685,0,false,3.451857142857143,false,false,10.083333333333334,false,1.869648e6,1.7918122e6,false,2
19.448,use_adaptive_ngroute,0.03889974600131463,0,false,4.769,false,false,10.222222222222223,false,1.86494e6,1.7923943076923082e6,false,1
15.207,use_SR3_cuts,0.03888571631139759,10,false,5.002000000000001,false,false,10.333333333333334,false,1.86494e6,1.7924204722222222e6,false,0
440.069,use_adaptive_ngroute,0.030941653816665582,0,false,54.632749999999994,false,false,10.333333333333334,false,1.86494e6,1.8072356721311477e6,false,7
248.307,use_adaptive_ngroute,0.03024930047871932,0,false,49.389,false,false,10.833333333333334,false,1.86494e6,1.8085268695652173e6,false,1
230.216,use_SR3_cuts,0.03023805357921583,6,false,57.129250000000006,false,false,10.86111111111111,false,1.86494e6,1.8085478443579772e6,false,0
1373.18,use_SR3_cuts,0.027435671363357894,3,false,274.3384,false,false,10.86111111111111,false,1.86494e6,1.8137741190476194e6,false,0
657.467,use_SR3_cuts,0.018474901246295472,10,false,163.82775,false,false,10.86111111111111,false,1.84967e6,1.8154975294117646e6,false,0
473.448,none,0.01798551990124997,0,false,464.195,false,false,10.86111111111111,true,1.84967e6,1.816402723404255e6,false,0
