CG_time_taken,method,CG_LP_IP_gap,implemented_SR3_cuts_count,errored,CG_sp_time_taken_mean,converged,CGIP_artificial,ngroute_neighborhood_size,time_limit_reached,CGIP_objective,CGLP_objective,CGLP_artificial,cycles_lookup_length
55.928,use_adaptive_ngroute,0.3319064969290363,0,false,0.7855185185185185,false,false,5.999999999999999,false,2.69858e6,1.8029037655172413e6,false,32
56.971,use_adaptive_ngroute,0.12532071248932886,0,false,2.955411764705883,false,false,8.38888888888889,false,2.16705e6,1.89547375e6,false,11
38.13,use_SR3_cuts,0.12352910638886971,1,false,6.169333333333334,false,false,9.25,false,2.16705e6,1.8993562499999998e6,false,0
37.365,use_adaptive_ngroute,0.11977573198587954,0,false,9.024750000000001,false,false,9.25,false,2.16705e6,1.9074899999999998e6,false,3
59.43,use_SR3_cuts,0.11905170623658878,1,false,11.753000000000002,false,false,9.472222222222223,false,2.16705e6,1.9090590000000002e6,false,0
80.92,use_SR3_cuts,0.1184250478761445,1,false,20.1425,false,false,9.472222222222223,false,2.16705e6,1.9104170000000012e6,false,0
68.441,use_SR3_cuts,0.11842504787614483,10,false,17.0265,false,false,9.472222222222223,false,2.16705e6,1.9104170000000005e6,false,0
217.113,use_adaptive_ngroute,0.08306642173351897,0,false,54.0705,false,false,9.472222222222223,false,2.09627e6,1.9221403521126762e6,false,2
65.913,use_SR3_cuts,0.08298491853660217,8,false,32.883,false,false,9.833333333333334,false,2.09627e6,1.922311204819277e6,false,0
592.706,use_adaptive_ngroute,0.08150888707237047,0,false,196.98633333333333,false,false,9.833333333333334,false,2.09627e6,1.925405365296802e6,false,1
429.805,use_adaptive_ngroute,0.0814168195717323,0,false,214.83650000000003,false,false,9.86111111111111,false,2.09627e6,1.9255983636363647e6,false,3
455.903,use_SR3_cuts,0.08140094580170398,6,false,227.84149999999997,false,false,9.944444444444445,false,2.09627e6,1.925631639344262e6,false,0
1403.585,none,0.07922588892016114,0,false,421.4326666666667,false,false,9.944444444444445,true,2.09627e6,1.9301911458333337e6,false,0
