CG_time_taken,method,CG_LP_IP_gap,implemented_SR3_cuts_count,errored,CG_sp_time_taken_mean,converged,CGIP_artificial,ngroute_neighborhood_size,time_limit_reached,CGIP_objective,CGLP_objective,CGLP_artificial,cycles_lookup_length
5.728,use_adaptive_ngroute,0.38128544905913875,0,false,0.21975000000000003,false,false,5.0,false,1.83088e6,1.132792097026604e6,false,19
9.053,use_adaptive_ngroute,0.0053938938123998525,0,false,0.8651000000000001,false,false,7.1,false,1.28973e6,1.2827733333333335e6,false,4
4.998,use_adaptive_ngroute,0.0033047399240321296,0,false,0.8146666666666668,false,false,7.75,false,1.28973e6,1.285467777777778e6,false,4
5.359,use_SR3_cuts,0.002923092430198393,4,false,1.0549999999999997,false,false,8.3,false,1.28973e6,1.2859600000000002e6,false,0
4.529,none,0.0,0,false,1.12325,true,false,8.3,false,1.28973e6,1.28973e6,false,0
