CG_time_taken,method,CG_LP_IP_gap,implemented_SR3_cuts_count,errored,CG_sp_time_taken_mean,converged,CGIP_artificial,ngroute_neighborhood_size,time_limit_reached,CGIP_objective,CGLP_objective,CGLP_artificial,cycles_lookup_length
36.152,use_adaptive_ngroute,0.9999702120671343,0,false,0.7264347826086957,false,true,5.999999999999999,false,6.0e10,1.7872759719387754e6,false,33
54.268,use_adaptive_ngroute,0.21098697692945656,0,false,3.217,false,false,9.916666666666666,false,2.483164e6,1.9592487344199428e6,false,13
43.804,use_adaptive_ngroute,0.11894543690274362,0,false,4.6437777777777764,false,false,10.805555555555555,false,2.22706e6,1.9621613752913757e6,false,10
13.232,use_adaptive_ngroute,0.11873528004791278,0,false,6.5425,false,false,11.666666666666666,false,2.22706e6,1.9626294072164954e6,false,6
39.27,use_SR3_cuts,0.1187335733248649,8,false,9.69025,false,false,12.11111111111111,false,2.22706e6,1.9626332081911264e6,false,0
437.455,use_SR3_cuts,0.04056360537484405,4,false,70.29033333333334,false,false,12.11111111111111,false,2.07113e6,1.9871174999999993e6,false,0
541.25,use_SR3_cuts,0.03819748425041203,3,false,135.09224999999998,false,false,12.11111111111111,false,2.07113e6,1.9920180444444441e6,false,0
825.666,use_adaptive_ngroute,0.03762739700995721,0,false,274.62433333333337,false,false,12.11111111111111,false,2.07113e6,1.9931987692307674e6,false,5
564.536,use_SR3_cuts,0.03759249113779117,3,false,282.17,false,false,12.86111111111111,false,2.07113e6,1.9932710638297866e6,false,0
1014.497,none,0.03713601036856007,0,false,762.6039999999999,false,false,12.86111111111111,true,2.07113e6,1.9942164948453642e6,false,0
