CG_time_taken,method,CG_LP_IP_gap,implemented_SR3_cuts_count,errored,CG_sp_time_taken_mean,converged,CGIP_artificial,ngroute_neighborhood_size,time_limit_reached,CGIP_objective,CGLP_objective,CGLP_artificial,cycles_lookup_length
40.253,use_adaptive_ngroute,0.9999703110922338,0,false,0.7000357142857141,false,true,5.999999999999999,false,6.0e10,1.7813344659747097e6,false,27
42.015,use_adaptive_ngroute,0.13761390733608947,0,false,2.815,false,false,8.38888888888889,false,2.11995e6,1.828215397142857e6,false,6
17.146,use_adaptive_ngroute,0.1366818963787637,0,false,3.3466000000000005,false,false,8.61111111111111,false,2.11995e6,1.8301912137718399e6,false,9
20.8,use_adaptive_ngroute,0.13655098197471083,0,false,5.1275,false,false,9.694444444444445,false,2.11995e6,1.8304687457627119e6,false,1
8.121,use_SR3_cuts,0.13654278754505556,13,false,4.031499999999999,false,false,9.722222222222221,false,2.11995e6,1.8304861175438594e6,false,0
1369.085,use_SR3_cuts,0.010832691197334987,1,false,130.79939999999996,false,false,9.722222222222221,false,1.863572e6,1.8433845e6,false,0
326.36,none,0.0040642379258759576,0,false,81.164,false,false,9.722222222222221,false,1.863572e6,1.8559979999999995e6,false,0
