CG_time_taken,method,CG_LP_IP_gap,implemented_SR3_cuts_count,errored,CG_sp_time_taken_mean,converged,CGIP_artificial,ngroute_neighborhood_size,time_limit_reached,CGIP_objective,CGLP_objective,CGLP_artificial,cycles_lookup_length
40.212,use_adaptive_ngroute,0.3227787078663945,0,false,0.7197272727272728,false,false,5.999999999999999,false,2.68852e6,1.820722988327041e6,false,35
68.486,use_adaptive_ngroute,0.08051355990084275,0,false,3.527222222222222,false,false,9.166666666666666,false,2.07572e6,1.9085963934426226e6,false,19
69.889,use_adaptive_ngroute,0.07138486886477946,0,false,7.603333333333333,false,false,11.166666666666668,false,2.07572e6,1.927545e6,false,8
52.167,use_adaptive_ngroute,0.07096587671626531,0,false,8.636166666666666,false,false,11.527777777777777,false,2.07572e6,1.9284147103825137e6,false,2
9.446,use_adaptive_ngroute,0.07048553294889237,0,false,9.381,false,false,11.75,false,2.07572e6,1.929411769547325e6,false,4
15.251,use_adaptive_ngroute,0.07041433548091491,0,false,7.5645,false,false,12.361111111111112,false,2.07572e6,1.9295595555555553e6,false,3
27.094,use_adaptive_ngroute,0.0701976751353961,0,false,8.956666666666667,false,false,12.444444444444445,false,2.07572e6,1.9300092817679555e6,false,1
17.858,use_SR3_cuts,0.07019576507054037,11,false,8.877,false,false,12.472222222222223,false,2.07572e6,1.930013246527778e6,false,0
473.299,none,0.06439269573950324,0,false,94.2238,false,false,12.472222222222223,false,2.07112e6,1.937755e6,false,0
