CG_time_taken,method,CG_LP_IP_gap,implemented_SR3_cuts_count,errored,CG_sp_time_taken_mean,converged,CGIP_artificial,ngroute_neighborhood_size,time_limit_reached,CGIP_objective,CGLP_objective,CGLP_artificial,cycles_lookup_length
58.676,use_adaptive_ngroute,0.999969309848279,0,false,0.8031034482758622,false,true,5.999999999999999,false,6.0e10,1.8414091032608692e6,false,35
89.364,use_adaptive_ngroute,0.08522107588639571,0,false,4.353999999999999,false,false,10.444444444444445,false,2.17801e6,1.9923976445086712e6,false,8
30.849,use_adaptive_ngroute,0.08414874917039716,0,false,5.052500000000001,false,false,11.194444444444445,false,2.17801e6,1.9947331828193832e6,false,3
37.134,use_adaptive_ngroute,0.08303617554081699,0,false,7.356199999999999,false,false,11.36111111111111,false,2.17801e6,1.9971563793103453e6,false,1
22.737,use_SR3_cuts,0.08297802192756776,16,false,7.5103333333333335,false,false,11.388888888888888,false,2.17801e6,1.997283038461538e6,false,0
2172.62,use_adaptive_ngroute,0.011497007272328275,0,false,294.15828571428574,false,false,11.388888888888888,false,2.060822e6,2.037128714479026e6,false,6
424.441,use_adaptive_ngroute,0.010390028833154874,0,false,141.0206666666667,false,false,12.25,false,2.060822e6,2.03941e6,false,1
655.765,use_SR3_cuts,0.010225661359232974,4,false,163.64925,false,false,12.277777777777777,false,2.060822e6,2.0397487321063427e6,false,0
83.036,none,0.00802047772172787,0,false,NaN,false,false,12.277777777777777,true,2.060822e6,2.0442932230605534e6,false,0
