CG_time_taken,method,CG_LP_IP_gap,implemented_SR3_cuts_count,errored,CG_sp_time_taken_mean,converged,CGIP_artificial,ngroute_neighborhood_size,time_limit_reached,CGIP_objective,CGLP_objective,CGLP_artificial,cycles_lookup_length
29.545,use_adaptive_ngroute,0.3572589035144247,0,false,0.54784,false,false,5.999999999999999,false,2.7584e6,1.772937040545811e6,false,33
34.949,use_adaptive_ngroute,0.07347979832237728,0,false,2.029933333333333,false,false,9.222222222222223,false,2.028159e6,1.8791302857142857e6,false,16
25.036,use_adaptive_ngroute,0.07173101319965525,0,false,4.8924,false,false,11.0,false,2.028159e6,1.8826771000000003e6,false,6
16.327,use_adaptive_ngroute,0.07153206430067827,0,false,5.3309999999999995,false,false,11.388888888888888,false,2.028159e6,1.8830806000000006e6,false,4
19.611,use_adaptive_ngroute,0.071314784152266,0,false,6.500333333333333,false,false,11.694444444444445,false,2.028159e6,1.8835212786885244e6,false,3
11.718,use_SR3_cuts,0.07128866622390073,7,false,5.786499999999999,false,false,11.972222222222223,false,2.028159e6,1.8835742499999998e6,false,0
393.609,use_adaptive_ngroute,0.010377189066596793,0,false,38.022999999999996,false,false,11.972222222222223,false,1.94889e6,1.9286660000000002e6,false,5
219.348,use_SR3_cuts,0.009897428792799867,1,false,36.245999999999995,false,false,12.444444444444445,false,1.94889e6,1.9296010000000002e6,false,0
84.664,use_SR3_cuts,0.009897428792799978,2,false,28.123666666666665,false,false,12.444444444444445,false,1.94889e6,1.929601e6,false,0
189.058,use_adaptive_ngroute,0.00975478349214165,0,false,62.343666666666664,false,false,12.444444444444445,false,1.94889e6,1.929879e6,false,1
375.013,use_SR3_cuts,0.008502788766939107,1,false,124.52699999999999,false,false,12.472222222222223,false,1.94889e6,1.932319e6,false,0
197.607,use_SR3_cuts,0.008502788766939107,1,false,98.527,false,false,12.472222222222223,false,1.94889e6,1.932319e6,false,0
379.973,use_adaptive_ngroute,0.007096141906418718,0,false,94.65799999999999,false,false,12.472222222222223,false,1.94889e6,1.9350603999999997e6,false,1
287.801,use_SR3_cuts,0.006961247624213129,3,false,143.66299999999998,false,false,12.5,false,1.94889e6,1.9353232941176472e6,false,0
897.583,use_SR3_cuts,0.005950464110340614,10,false,224.12849999999997,false,false,12.5,false,1.94889e6,1.9372931999999983e6,false,0
417.498,none,0.004147660121061603,0,false,NaN,false,false,12.5,true,1.94889e6,1.9408066666666642e6,false,0
