CG_time_taken,method,CG_LP_IP_gap,implemented_SR3_cuts_count,errored,CG_sp_time_taken_mean,converged,CGIP_artificial,ngroute_neighborhood_size,time_limit_reached,CGIP_objective,CGLP_objective,CGLP_artificial,cycles_lookup_length
33.231,use_adaptive_ngroute,0.3192116376502916,0,false,0.5151923076923076,false,false,5.999999999999999,false,2.58552e6,1.760191926622418e6,false,28
16.637,use_adaptive_ngroute,0.0896090640490318,0,false,0.9990000000000001,false,false,7.805555555555555,false,2.04765e6,1.864162e6,false,12
13.716,use_adaptive_ngroute,0.08656571470431262,0,false,1.4616666666666667,false,false,9.305555555555555,false,2.04765e6,1.8703937142857143e6,false,3
15.394,use_SR3_cuts,0.08653008733588918,7,false,1.5706666666666667,false,false,9.444444444444445,false,2.04765e6,1.8704666666666665e6,false,0
117.745,use_adaptive_ngroute,0.027935696879214156,0,false,12.210888888888888,false,false,9.444444444444445,false,1.961774e6,1.9069704761904764e6,false,5
62.333,use_adaptive_ngroute,0.025144403159403694,0,false,12.2622,false,false,9.694444444444445,false,1.961774e6,1.912446363636364e6,false,3
40.969,use_SR3_cuts,0.025136177765634593,4,false,10.130999999999998,false,false,10.222222222222223,false,1.961774e6,1.9124625e6,false,0
60.487,use_adaptive_ngroute,0.022513392215413153,0,false,14.833250000000001,false,false,10.222222222222223,false,1.961774e6,1.9176078125e6,false,2
100.245,use_SR3_cuts,0.022513392215413153,5,false,16.361833333333333,false,false,10.277777777777779,false,1.961774e6,1.9176078125e6,false,0
409.48,use_adaptive_ngroute,0.01750713045097607,0,false,57.730999999999995,false,false,10.277777777777779,false,1.961774e6,1.9274289666666668e6,false,3
180.239,use_SR3_cuts,0.01675124343892498,4,false,59.425999999999995,false,false,10.555555555555555,false,1.961774e6,1.9289118461538465e6,false,0
319.944,use_adaptive_ngroute,0.015385448356017184,0,false,79.68425,false,false,10.555555555555555,false,1.961774e6,1.9315912274368228e6,false,3
335.696,use_SR3_cuts,0.015306976025886043,1,false,110.88333333333333,false,false,10.694444444444445,false,1.961774e6,1.9317451724137934e6,false,0
369.757,use_SR3_cuts,0.01515567032695897,10,false,184.68200000000002,false,false,10.694444444444445,false,1.961774e6,1.9320420000000005e6,false,0
600.221,use_SR3_cuts,0.013141931741373125,10,false,149.288,false,false,10.694444444444445,false,1.961774e6,1.9359924999999995e6,false,0
712.711,use_adaptive_ngroute,0.010658938578768318,0,false,237.26833333333332,false,false,10.694444444444445,false,1.961774e6,1.9408635714285753e6,false,4
189.486,none,0.010658938578769539,0,false,NaN,false,false,11.75,true,1.961774e6,1.940863571428573e6,false,0
