CG_time_taken,method,CG_LP_IP_gap,implemented_SR3_cuts_count,errored,CG_sp_time_taken_mean,converged,CGIP_artificial,ngroute_neighborhood_size,time_limit_reached,CGIP_objective,CGLP_objective,CGLP_artificial,cycles_lookup_length
38.106,use_adaptive_ngroute,0.35151193655958146,0,false,0.6203571428571429,false,false,5.999999999999999,false,2.83467e6,1.8382496587926513e6,false,25
50.744,use_adaptive_ngroute,0.2019352181113544,0,false,2.7306250000000003,false,false,8.13888888888889,false,2.37906e6,1.8986440000000012e6,false,9
19.282,use_adaptive_ngroute,0.19564284268608412,0,false,2.563,false,false,8.638888888888888,false,2.37906e6,1.9136139386792448e6,false,8
17.456,use_adaptive_ngroute,0.19421033973395274,0,false,2.814,false,false,9.277777777777779,false,2.37906e6,1.9170219491525425e6,false,10
22.619,use_SR3_cuts,0.18471194841734961,9,false,5.492750000000001,false,false,9.777777777777777,false,2.35181e6,1.917402592592593e6,false,0
1090.404,use_adaptive_ngroute,0.05716184029799065,0,false,149.3037142857143,false,false,9.777777777777777,false,2.07495e6,1.9563420394736843e6,false,4
309.714,use_SR3_cuts,0.05704311200904011,3,false,77.124,false,false,9.88888888888889,false,2.07495e6,1.9565883947368423e6,false,0
528.886,use_adaptive_ngroute,0.055067907928169624,0,false,172.73999999999998,false,false,9.88888888888889,false,2.07495e6,1.9606868444444444e6,false,5
479.714,use_SR3_cuts,0.054634337014356604,4,false,119.58649999999999,false,false,10.38888888888889,false,2.07495e6,1.9615864824120607e6,false,0
1016.405,none,0.05364943591837079,0,false,772.251,false,false,10.38888888888889,true,2.07495e6,1.9636301029411766e6,false,0
