CG_time_taken,method,CG_LP_IP_gap,implemented_SR3_cuts_count,errored,CG_sp_time_taken_mean,converged,CGIP_artificial,ngroute_neighborhood_size,time_limit_reached,CGIP_objective,CGLP_objective,CGLP_artificial,cycles_lookup_length
16.616,use_adaptive_ngroute,0.3338731104174394,0,false,0.262,false,false,5.999999999999999,false,2.85293e6,1.9004133870967745e6,false,26
9.417,use_adaptive_ngroute,0.16871570339879693,0,false,0.4552142857142856,false,false,7.611111111111112,false,2.311818e6,1.921778e6,false,8
8.598,use_adaptive_ngroute,0.14920551793070624,0,false,0.7806666666666666,false,false,8.222222222222223,false,2.264052e6,1.9262429487179487e6,false,14
8.66,use_adaptive_ngroute,0.14878074060725344,0,false,0.8857777777777778,false,false,9.416666666666668,false,2.264052e6,1.9272046666666667e6,false,2
6.856,use_SR3_cuts,0.14877115736018265,12,false,1.286,false,false,9.472222222222223,false,2.264052e6,1.9272263636363638e6,false,0
281.175,use_SR3_cuts,0.035698294059469005,2,false,33.38,false,false,9.472222222222223,false,2.03231e6,1.9597600000000005e6,false,0
74.544,none,0.0,0,false,18.055000000000003,true,false,9.472222222222223,false,1.96086e6,1.96086e6,false,0
