CG_time_taken,method,CG_LP_IP_gap,implemented_SR3_cuts_count,errored,CG_sp_time_taken_mean,converged,CGIP_artificial,ngroute_neighborhood_size,time_limit_reached,CGIP_objective,CGLP_objective,CGLP_artificial,cycles_lookup_length
35.121,use_adaptive_ngroute,0.9999701246817153,0,false,0.6131200000000001,false,true,5.999999999999999,false,6.0e10,1.7925190970817495e6,false,32
52.55,use_adaptive_ngroute,0.12809306939957776,0,false,2.318857142857143,false,false,8.75,false,2.16454e6,1.887277427561838e6,false,18
30.124,use_adaptive_ngroute,0.1240340398537334,0,false,4.196285714285714,false,false,9.88888888888889,false,2.16454e6,1.896063359375e6,false,6
7.925,use_SR3_cuts,0.12397647431458647,16,false,3.888,false,false,10.166666666666668,false,2.16454e6,1.896187962287105e6,false,0
3468.271,none,0.03048212884354551,0,false,334.2021,false,false,10.166666666666668,true,2.00625e6,1.945095229007637e6,false,0
