CG_time_taken,method,CG_LP_IP_gap,implemented_SR3_cuts_count,errored,CG_sp_time_taken_mean,converged,CGIP_artificial,ngroute_neighborhood_size,time_limit_reached,CGIP_objective,CGLP_objective,CGLP_artificial,cycles_lookup_length
15.542,use_adaptive_ngroute,0.999981618300565,0,false,0.5946842105263158,false,true,5.0,false,6.0e10,1.102901966101695e6,false,16
4.73,use_adaptive_ngroute,0.18859586829247876,0,false,0.38327272727272726,false,false,6.35,false,1.67219e6,1.356821875e6,false,10
3.449,use_adaptive_ngroute,0.17953734272597477,0,false,0.4825714285714286,false,false,7.6,false,1.67219e6,1.3719694508670522e6,false,3
1.569,use_adaptive_ngroute,0.1775562955418375,0,false,0.5133333333333333,false,false,7.95,false,1.67219e6,1.3752821381578948e6,false,6
1.72,use_adaptive_ngroute,0.17623661851291494,0,false,0.85,false,false,8.65,false,1.67219e6,1.3774888888888888e6,false,1
2.281,use_adaptive_ngroute,0.176086863518914,0,false,1.1335000000000002,false,false,8.8,false,1.67219e6,1.3777393076923073e6,false,1
0.861,use_adaptive_ngroute,0.17505644310023782,0,false,0.852,false,false,8.85,false,1.67219e6,1.3794623664122133e6,false,4
1.609,use_SR3_cuts,0.17505232254901837,8,false,1.602,false,false,9.6,false,1.67219e6,1.379469256756757e6,false,0
44.681,use_SR3_cuts,0.0427683899998641,2,false,7.245833333333334,false,false,9.6,false,1.47118e6,1.40826e6,false,0
53.117,use_SR3_cuts,0.04211075463233582,2,false,10.5768,false,false,9.6,false,1.47118e6,1.4092275000000002e6,false,0
15.592,use_SR3_cuts,0.041829612208491795,1,false,7.7605,false,false,9.6,false,1.47118e6,1.409641111111111e6,false,0
61.825,use_SR3_cuts,0.041310376704414176,10,false,30.8625,false,false,9.6,false,1.47118e6,1.410405e6,false,0
281.221,use_SR3_cuts,0.03543737988753026,4,false,69.78325,false,false,9.6,false,1.47118e6,1.4190452354570632e6,false,0
733.767,use_SR3_cuts,0.031766167294280834,10,false,183.34300000000002,false,false,9.6,false,1.47118e6,1.42444625e6,false,0
435.205,use_adaptive_ngroute,0.026970448456351437,0,false,217.4335,false,false,9.6,false,1.47118e6,1.4315016156399848e6,false,1
231.116,use_SR3_cuts,0.02697044845635088,2,false,231.04299999999998,false,false,9.899999999999999,false,1.47118e6,1.4315016156399858e6,false,0
888.353,use_SR3_cuts,0.02652348271978411,10,false,296.00699999999995,false,false,9.899999999999999,false,1.47118e6,1.432159182692308e6,false,0
814.05,none,0.02474970411539079,0,false,388.4465,false,false,9.899999999999999,true,1.47118e6,1.4347687302995194e6,false,0
