CG_time_taken,method,CG_LP_IP_gap,implemented_SR3_cuts_count,errored,CG_sp_time_taken_mean,converged,CGIP_artificial,ngroute_neighborhood_size,time_limit_reached,CGIP_objective,CGLP_objective,CGLP_artificial,cycles_lookup_length
61.892,use_adaptive_ngroute,0.9999683789166287,0,false,0.7368437500000001,false,true,5.999999999999999,false,6.0e10,1.8972650022754737e6,false,31
79.302,use_adaptive_ngroute,0.1842137815999123,0,false,2.89636,false,false,7.277777777777778,false,2.46401e6,2.0101054000000001e6,false,12
23.261,use_adaptive_ngroute,0.1820525426902836,0,false,4.5288,false,false,8.027777777777777,false,2.46401e6,2.0154307142857143e6,false,3
36.356,use_adaptive_ngroute,0.1819420375728994,0,false,5.9943333333333335,false,false,8.305555555555555,false,2.46401e6,2.0157030000000002e6,false,3
38.156,use_adaptive_ngroute,0.1809497887756526,0,false,7.573599999999999,false,false,8.444444444444445,false,2.46401e6,2.0181479109589043e6,false,8
15.058,use_adaptive_ngroute,0.1805882751244816,0,false,4.964333333333333,false,false,9.194444444444445,false,2.46401e6,2.019038684210526e6,false,1
14.044,use_SR3_cuts,0.18057284090335912,10,false,6.969499999999999,false,false,9.277777777777779,false,2.46401e6,2.019076714285714e6,false,0
1602.235,use_adaptive_ngroute,0.11692823897254978,0,false,175.20577777777777,false,false,9.277777777777779,false,2.345984e6,2.0716722222222218e6,false,11
583.449,use_SR3_cuts,0.11436268100873859,1,false,145.38174999999998,false,false,9.86111111111111,false,2.342014e6,2.0741750000000002e6,false,0
633.428,use_SR3_cuts,0.09536529461492205,1,false,158.227,false,false,9.86111111111111,false,2.29486e6,2.07601e6,false,0
462.713,none,0.08269947952545686,0,false,162.7735,false,false,9.86111111111111,true,2.26462e6,2.07733710467706e6,false,0
