CG_time_taken,method,CG_LP_IP_gap,implemented_SR3_cuts_count,errored,CG_sp_time_taken_mean,converged,CGIP_artificial,ngroute_neighborhood_size,time_limit_reached,CGIP_objective,CGLP_objective,CGLP_artificial,cycles_lookup_length
31.828,use_adaptive_ngroute,0.9999702473331129,0,false,0.46582142857142855,false,true,5.999999999999999,false,6.0e10,1.785160013227513e6,false,22
34.489,use_adaptive_ngroute,0.1407178727473587,0,false,1.4144736842105263,false,false,7.388888888888889,false,2.25397e6,1.936796136363636e6,false,8
18.072,use_adaptive_ngroute,0.08695869023809333,0,false,2.15075,false,false,8.638888888888888,false,2.129076e6,1.9439343396226412e6,false,3
7.736,use_adaptive_ngroute,0.08687400714505444,0,false,2.4933333333333336,false,false,9.11111111111111,false,2.129076e6,1.944114636363636e6,false,3
4.641,use_SR3_cuts,0.08686956876057728,9,false,2.2645,false,false,9.305555555555555,false,2.129076e6,1.944124086021505e6,false,0
238.582,use_adaptive_ngroute,0.023800609114436266,0,false,36.32883333333333,false,false,9.305555555555555,false,2.02209e6,1.9739630263157897e6,false,6
70.944,use_adaptive_ngroute,0.02343159024263286,0,false,23.448666666666668,false,false,9.916666666666666,false,2.02209e6,1.9747092156862745e6,false,1
64.247,use_SR3_cuts,0.023388042704690304,6,false,21.256333333333334,false,false,9.944444444444445,false,2.02209e6,1.9747972727272727e6,false,0
456.293,use_adaptive_ngroute,0.019136331525988037,0,false,147.939,false,false,9.944444444444445,false,2.02209e6,1.9833946153846148e6,false,5
235.168,use_SR3_cuts,0.01865378256802719,1,false,78.25099999999999,false,false,10.13888888888889,false,2.02209e6,1.984370372807018e6,false,0
170.795,use_SR3_cuts,0.018557143492977324,1,false,56.75833333333333,false,false,10.13888888888889,false,2.02209e6,1.9845657857142854e6,false,0
67.506,use_SR3_cuts,0.018557143492977102,10,false,67.30600000000001,false,false,10.13888888888889,false,2.02209e6,1.984565785714286e6,false,0
1313.712,use_adaptive_ngroute,0.015578170587344009,0,false,437.0043333333333,false,false,10.13888888888889,false,2.02209e6,1.9905895370370375e6,false,2
861.272,none,0.015467572820361597,0,false,350.25649999999996,false,false,10.194444444444445,true,2.02209e6,1.990813175675675e6,false,0
