CG_time_taken,method,CG_LP_IP_gap,implemented_SR3_cuts_count,errored,CG_sp_time_taken_mean,converged,CGIP_artificial,ngroute_neighborhood_size,time_limit_reached,CGIP_objective,CGLP_objective,CGLP_artificial,cycles_lookup_length
56.263,use_adaptive_ngroute,0.3944635549236274,0,false,0.948583333333333,false,false,5.999999999999999,false,2.64798e6,1.603448395833333e6,false,29
32.905,use_adaptive_ngroute,0.14471365991728746,0,false,2.075428571428571,false,false,7.361111111111112,false,2.035678e6,1.741087586206896e6,false,14
30.107,use_adaptive_ngroute,0.04352811063277484,0,false,3.6599999999999997,false,false,9.027777777777779,false,1.82345e6,1.7440786666666667e6,false,8
56.005,use_adaptive_ngroute,0.04287337244256351,0,false,7.881857142857141,false,false,9.583333333333332,false,1.82345e6,1.7452725490196075e6,false,1
29.171,use_SR3_cuts,0.04279362791210406,8,false,7.221500000000001,false,false,9.61111111111111,false,1.82345e6,1.7454179591836738e6,false,0
417.288,use_SR3_cuts,0.03676181597155581,2,false,51.235375,false,false,9.61111111111111,false,1.82345e6,1.7564166666666665e6,false,0
272.125,use_SR3_cuts,0.03274894920539151,3,false,67.72125000000001,false,false,9.61111111111111,false,1.82345e6,1.7637339285714289e6,false,0
541.794,use_SR3_cuts,0.031902437686802454,1,false,134.82600000000002,false,false,9.61111111111111,false,1.82345e6,1.7652775e6,false,0
824.797,use_adaptive_ngroute,0.03165428171871998,0,false,205.92824999999996,false,false,9.61111111111111,false,1.82345e6,1.76573e6,false,4
519.896,use_SR3_cuts,0.03139104444870999,10,false,173.20966666666666,false,false,10.305555555555555,false,1.82345e6,1.7662099999999998e6,false,0
296.728,use_adaptive_ngroute,0.01506138118091338,0,false,98.35166666666667,false,false,10.305555555555555,false,1.80327e6,1.7761102631578944e6,false,8
505.729,none,0.014416772492933494,0,false,303.215,false,false,10.972222222222223,true,1.80327e6,1.777272666666668e6,false,0
