CG_time_taken,method,CG_LP_IP_gap,implemented_SR3_cuts_count,errored,CG_sp_time_taken_mean,converged,CGIP_artificial,ngroute_neighborhood_size,time_limit_reached,CGIP_objective,CGLP_objective,CGLP_artificial,cycles_lookup_length
69.307,use_adaptive_ngroute,0.3805649641396024,0,false,1.0705199999999997,false,false,5.999999999999999,false,2.98972e6,1.851937315412548e6,false,27
86.2,use_adaptive_ngroute,0.20196834443499834,0,false,3.9311499999999997,false,false,8.333333333333334,false,2.42306e6,1.933678583333333e6,false,12
58.19,use_adaptive_ngroute,0.1978830771691652,0,false,7.155875,false,false,8.694444444444445,false,2.42306e6,1.9435774310344825e6,false,10
49.629,use_adaptive_ngroute,0.19698535460670952,0,false,7.001428571428572,false,false,9.36111111111111,false,2.42306e6,1.9457526666666665e6,false,4
25.844,use_adaptive_ngroute,0.19695132540775295,0,false,6.406499999999999,false,false,9.472222222222223,false,2.42306e6,1.9458351214574901e6,false,8
18.891,use_SR3_cuts,0.19666400982731524,7,false,9.383000000000001,false,false,9.805555555555555,false,2.42306e6,1.9465313043478255e6,false,0
662.145,use_adaptive_ngroute,0.031395807450353974,0,false,92.53442857142856,false,false,9.805555555555555,false,2.02836e6,1.964678e6,false,2
288.564,use_SR3_cuts,0.03125480683902293,5,false,57.6518,false,false,10.194444444444445,false,2.02836e6,1.9649639999999995e6,false,0
1072.594,use_SR3_cuts,0.021373069579854742,3,false,267.37899999999996,false,false,10.194444444444445,false,2.01175e6,1.9687527272727273e6,false,0
1050.954,use_adaptive_ngroute,0.02106479694950092,0,false,262.6065,false,false,10.194444444444445,false,2.01175e6,1.9693728947368416e6,false,3
183.709,none,0.020943168562116865,0,false,NaN,false,false,10.61111111111111,true,2.01175e6,1.9696175806451614e6,false,0
