CG_time_taken,method,CG_LP_IP_gap,implemented_SR3_cuts_count,errored,CG_sp_time_taken_mean,converged,CGIP_artificial,ngroute_neighborhood_size,time_limit_reached,CGIP_objective,CGLP_objective,CGLP_artificial,cycles_lookup_length
27.231,use_adaptive_ngroute,0.9999698504568598,0,false,0.3871071428571429,false,true,5.999999999999999,false,6.0e10,1.808972588413901e6,false,36
61.317,use_adaptive_ngroute,0.11827976809010343,0,false,2.9716842105263157,false,false,9.75,false,2.29607e6,2.0244913728813562e6,false,14
39.154,use_adaptive_ngroute,0.11567733126603297,0,false,5.48342857142857,false,false,10.86111111111111,false,2.29607e6,2.0304667499999998e6,false,8
17.305,use_adaptive_ngroute,0.10794846824109416,0,false,5.647333333333333,false,false,11.75,false,2.277242e6,2.0314172142857143e6,false,1
34.741,use_adaptive_ngroute,0.10699150642897537,0,false,6.894800000000002,false,false,11.805555555555555,false,2.277242e6,2.0335964479166672e6,false,3
12.722,use_SR3_cuts,0.10698819010012983,4,false,6.252,false,false,11.972222222222223,false,2.277242e6,2.0336040000000002e6,false,0
327.024,use_adaptive_ngroute,0.08085569508247548,0,false,35.66355555555556,false,false,11.972222222222223,false,2.24363e6,2.0622197368421056e6,false,5
202.639,use_adaptive_ngroute,0.0802110693556699,0,false,50.5275,false,false,12.583333333333334,false,2.24363e6,2.0636660384615383e6,false,3
160.164,use_SR3_cuts,0.08008241071179256,11,false,53.23800000000001,false,false,12.666666666666666,false,2.24363e6,2.0639547008547008e6,false,0
1227.757,use_SR3_cuts,0.05026317257305302,7,false,202.61016666666666,false,false,12.666666666666666,false,2.187258e6,2.0773194736842092e6,false,0
1447.767,none,0.048435261772092786,0,false,NaN,false,false,12.666666666666666,true,2.187258e6,2.081317586206896e6,false,0
