CG_time_taken,method,CG_LP_IP_gap,implemented_SR3_cuts_count,errored,CG_sp_time_taken_mean,converged,CGIP_artificial,ngroute_neighborhood_size,time_limit_reached,CGIP_objective,CGLP_objective,CGLP_artificial,cycles_lookup_length
93.563,use_adaptive_ngroute,0.3638289193662312,0,false,1.51748,false,false,5.999999999999999,false,2.54645e6,1.6199778482798606e6,false,35
192.192,use_adaptive_ngroute,0.07469547647724395,0,false,7.622708333333334,false,false,9.25,false,1.841542e6,1.7039871428571432e6,false,15
50.298,use_SR3_cuts,0.0685156787083866,4,false,6.989714285714286,false,false,10.055555555555555,false,1.841542e6,1.7153675000000002e6,false,0
151.365,use_SR3_cuts,0.03928481255877958,9,false,18.14225,false,false,10.055555555555555,false,1.78756e6,1.717336040462428e6,false,0
3102.274,none,0.0247214509369148,0,false,2021.933,false,false,10.055555555555555,true,1.78756e6,1.7433689231632086e6,false,0
