CG_time_taken,method,CG_LP_IP_gap,implemented_SR3_cuts_count,errored,CG_sp_time_taken_mean,converged,CGIP_artificial,ngroute_neighborhood_size,time_limit_reached,CGIP_objective,CGLP_objective,CGLP_artificial,cycles_lookup_length
51.935,use_adaptive_ngroute,0.4264699392330016,0,false,0.8463103448275862,false,false,5.999999999999999,false,2.92089e6,1.6752182191937182e6,false,32
128.481,use_adaptive_ngroute,0.13571135094659226,0,false,6.896388888888889,false,false,8.833333333333332,false,2.08655e6,1.803381480682388e6,false,17
107.522,use_adaptive_ngroute,0.10826004386572896,0,false,10.6073,false,false,11.027777777777779,false,2.03423e6,1.8140041709670182e6,false,9
77.543,use_adaptive_ngroute,0.10132493667325948,0,false,12.847333333333333,false,false,11.694444444444445,false,2.02333e6,1.8183162158808939e6,false,2
27.613,use_adaptive_ngroute,0.10126780894678022,0,false,13.768,false,false,11.805555555555555,false,2.02333e6,1.818431804123711e6,false,1
13.711,use_SR3_cuts,0.10125813176881182,13,false,13.654,false,false,11.833333333333332,false,2.02333e6,1.81845138424821e6,false,0
3182.64,none,0.004707911938785392,0,false,602.4770000000001,false,false,11.833333333333332,true,1.84848e6,1.839777518939394e6,false,0
