CG_time_taken,method,CG_LP_IP_gap,implemented_SR3_cuts_count,errored,CG_sp_time_taken_mean,converged,CGIP_artificial,ngroute_neighborhood_size,time_limit_reached,CGIP_objective,CGLP_objective,CGLP_artificial,cycles_lookup_length
26.275,use_adaptive_ngroute,0.999970144565,0,false,0.4515,false,true,5.999999999999999,false,6.0e10,1.7913261e6,false,36
48.379,use_adaptive_ngroute,0.09236928836035485,0,false,2.19525,false,false,9.972222222222221,false,2.05516e6,1.865326333333333e6,false,16
23.914,use_adaptive_ngroute,0.08842316413320617,0,false,3.7771666666666666,false,false,11.61111111111111,false,2.05516e6,1.87343625e6,false,1
13.328,use_SR3_cuts,0.08815710854151693,11,false,2.1705000000000005,false,false,11.694444444444445,false,2.05516e6,1.873983036809816e6,false,0
313.173,use_adaptive_ngroute,0.006542921670475432,0,false,37.54725,false,false,11.694444444444445,false,1.91723e6,1.9046857142857143e6,false,3
215.701,use_SR3_cuts,0.0032280386179394105,3,false,42.163999999999994,false,false,11.777777777777777,false,1.91241e6,1.9062366666666665e6,false,0
584.083,none,0.0,0,false,95.62083333333335,true,false,11.777777777777777,false,1.91241e6,1.91241e6,false,0
