CG_time_taken,method,CG_LP_IP_gap,implemented_SR3_cuts_count,errored,CG_sp_time_taken_mean,converged,CGIP_artificial,ngroute_neighborhood_size,time_limit_reached,CGIP_objective,CGLP_objective,CGLP_artificial,cycles_lookup_length
63.511,use_adaptive_ngroute,0.3205212012618408,0,false,0.8422962962962962,false,false,5.999999999999999,false,2.58081e6,1.7536056785714286e6,false,34
67.997,use_adaptive_ngroute,0.15369781890699052,0,false,3.616235294117647,false,false,8.25,false,2.21347e6,1.8732644887839437e6,false,19
70.587,use_SR3_cuts,0.12277895485180557,2,false,5.277923076923077,false,false,10.527777777777777,false,2.13807e6,1.87556e6,false,0
66.453,use_SR3_cuts,0.11829360123850019,5,false,10.873000000000001,false,false,10.527777777777777,false,2.13807e6,1.88515e6,false,0
224.728,use_adaptive_ngroute,0.01129214973619408,0,false,36.659499999999994,false,false,10.527777777777777,false,1.920646e6,1.8989577777777778e6,false,6
112.917,use_SR3_cuts,0.011132054965936056,6,false,28.11525,false,false,10.75,false,1.920646e6,1.8992652631578948e6,false,0
749.998,none,0.01062975686305545,0,false,181.31600000000003,false,false,10.75,false,1.920646e6,1.90023e6,false,0
