CG_time_taken,method,CG_LP_IP_gap,implemented_SR3_cuts_count,errored,CG_sp_time_taken_mean,converged,CGIP_artificial,ngroute_neighborhood_size,time_limit_reached,CGIP_objective,CGLP_objective,CGLP_artificial,cycles_lookup_length
52.889,use_adaptive_ngroute,0.3026506319642571,0,false,0.8517199999999999,false,false,5.999999999999999,false,2.31783e6,1.616337285714286e6,false,36
73.981,use_adaptive_ngroute,0.1334972661133621,0,false,3.1293636363636357,false,false,9.916666666666666,false,1.99167e6,1.7257875e6,false,11
61.375,use_adaptive_ngroute,0.10842563121555115,0,false,4.8338333333333345,false,false,10.444444444444445,false,1.99167e6,1.7757219230769232e6,false,13
51.365,use_SR3_cuts,0.10823078120371343,3,false,10.0912,false,false,11.583333333333334,false,1.99167e6,1.77611e6,false,0
258.116,none,0.0,0,false,21.01616666666667,true,false,11.583333333333334,false,1.78769e6,1.78769e6,false,0
