CG_time_taken,method,CG_LP_IP_gap,implemented_SR3_cuts_count,errored,CG_sp_time_taken_mean,converged,CGIP_artificial,ngroute_neighborhood_size,time_limit_reached,CGIP_objective,CGLP_objective,CGLP_artificial,cycles_lookup_length
7.618,use_adaptive_ngroute,0.24770532228322484,0,false,0.23200000000000004,false,false,5.0,false,1.52589e6,1.14791892578125e6,false,16
8.637,use_adaptive_ngroute,0.09799655006162011,0,false,0.6801666666666667,false,false,5.8,false,1.371804e6,1.2373719406392693e6,false,10
7.224,use_SR3_cuts,0.06394916793646743,1,false,0.6403636363636364,false,false,6.6499999999999995,false,1.33223e6,1.247035e6,false,0
2.354,use_SR3_cuts,0.05634049676106978,5,false,0.767,false,false,6.6499999999999995,false,1.33223e6,1.2571715e6,false,0
40.534,use_adaptive_ngroute,0.02958235439826451,0,false,5.035125,false,false,6.6499999999999995,false,1.33223e6,1.2928195e6,false,5
7.012,use_SR3_cuts,0.02955120362099639,2,false,3.494,false,false,7.45,false,1.33223e6,1.292861e6,false,0
17.652,use_SR3_cuts,0.028016934012895622,2,false,5.873333333333333,false,false,7.45,false,1.33223e6,1.294905e6,false,0
25.72,use_SR3_cuts,0.024869016611245853,10,false,8.558,false,false,7.45,false,1.33223e6,1.29909875e6,false,0
80.565,use_SR3_cuts,0.016292231821832592,10,false,20.069750000000003,false,false,7.45,false,1.33223e6,1.310525e6,false,0
45.501,none,0.008699699000923267,0,false,15.134,false,false,7.45,false,1.33223e6,1.32064e6,false,0
