CG_time_taken,method,CG_LP_IP_gap,implemented_SR3_cuts_count,errored,CG_sp_time_taken_mean,converged,CGIP_artificial,ngroute_neighborhood_size,time_limit_reached,CGIP_objective,CGLP_objective,CGLP_artificial,cycles_lookup_length
27.068,use_adaptive_ngroute,0.9999688532979384,0,false,0.46336000000000005,false,true,5.999999999999999,false,6.0e10,1.8688021236979163e6,false,35
51.099,use_adaptive_ngroute,0.16543788508790236,0,false,2.9848749999999997,false,false,9.63888888888889,false,2.36989e6,1.977820410509031e6,false,15
19.451,use_SR3_cuts,0.16496505991136023,12,false,4.78175,false,false,10.722222222222221,false,2.36989e6,1.9789409541666666e6,false,0
1076.402,use_adaptive_ngroute,0.05290198144451752,0,false,130.6385,false,false,10.722222222222221,false,2.1279e6,2.0153298736842112e6,false,7
361.096,use_adaptive_ngroute,0.05261132003711522,0,false,71.8468,false,false,11.555555555555555,false,2.1279e6,2.0159483720930226e6,false,9
329.925,use_SR3_cuts,0.05244570474001564,6,false,109.18766666666666,false,false,12.11111111111111,false,2.1279e6,2.0163007848837208e6,false,0
1720.459,none,0.04314522458962389,0,false,382.29150000000004,false,false,12.11111111111111,true,2.1279e6,2.0360912765957394e6,false,0
