CG_time_taken,method,CG_LP_IP_gap,implemented_SR3_cuts_count,errored,CG_sp_time_taken_mean,converged,CGIP_artificial,ngroute_neighborhood_size,time_limit_reached,CGIP_objective,CGLP_objective,CGLP_artificial,cycles_lookup_length
100.747,use_adaptive_ngroute,0.9999734767552397,0,false,1.4205172413793106,false,true,5.999999999999999,false,6.0e10,1.591394685618729e6,false,31
82.246,use_adaptive_ngroute,0.16664924792509594,0,false,4.72675,false,false,9.5,false,2.00933e6,1.674476666666667e6,false,9
70.897,use_adaptive_ngroute,0.16420781668899198,0,false,7.653999999999999,false,false,9.972222222222221,false,2.00933e6,1.6793823076923077e6,false,9
73.984,use_SR3_cuts,0.1641024034643096,5,false,10.367142857142857,false,false,11.416666666666666,false,2.00933e6,1.6795941176470588e6,false,0
233.563,use_adaptive_ngroute,0.16216809111809205,0,false,25.54933333333333,false,false,11.416666666666666,false,2.00933e6,1.683480789473684e6,false,7
299.128,use_SR3_cuts,0.16216809111809183,3,false,42.498571428571424,false,false,11.75,false,2.00933e6,1.6834807894736845e6,false,0
1013.077,use_adaptive_ngroute,0.16119606091636585,0,false,126.04475000000002,false,false,11.75,false,2.00933e6,1.6854339189189186e6,false,1
144.002,use_SR3_cuts,0.16112852772585107,3,false,47.72633333333333,false,false,11.805555555555555,false,2.00933e6,1.6855696153846157e6,false,0
1187.66,use_adaptive_ngroute,0.15255427182195058,0,false,236.96880000000002,false,false,11.805555555555555,false,2.00933e6,1.702798125e6,false,5
337.481,none,0.1507641850766176,0,false,NaN,false,false,12.13888888888889,true,2.00933e6,1.706395e6,false,0
