CG_time_taken,method,CG_LP_IP_gap,implemented_SR3_cuts_count,errored,CG_sp_time_taken_mean,converged,CGIP_artificial,ngroute_neighborhood_size,time_limit_reached,CGIP_objective,CGLP_objective,CGLP_artificial,cycles_lookup_length
59.419,use_adaptive_ngroute,0.9999689859905173,0,false,0.8805312499999999,false,true,5.999999999999999,false,6.0e10,1.8608405689603582e6,false,25
39.218,use_adaptive_ngroute,0.18242611022357624,0,false,1.8399999999999999,false,false,6.750000000000001,false,2.339814e6,1.9129708333333333e6,false,19
42.154,use_adaptive_ngroute,0.1285892474417587,0,false,3.1191538461538464,false,false,8.75,false,2.205744e6,1.9221090389908254e6,false,11
21.725,use_adaptive_ngroute,0.12537493018228796,0,false,3.044428571428572,false,false,9.36111111111111,false,2.205744e6,1.9291989999999995e6,false,3
8.053,use_adaptive_ngroute,0.12532914064370104,0,false,2.6313333333333335,false,false,9.61111111111111,false,2.205744e6,1.9293000000000002e6,false,3
13.454,use_adaptive_ngroute,0.12528661099211458,0,false,4.416333333333333,false,false,9.833333333333334,false,2.205744e6,1.9293938095238092e6,false,4
6.694,use_SR3_cuts,0.1252865246374918,9,false,3.3085000000000004,false,false,10.027777777777779,false,2.205744e6,1.9293940000000002e6,false,0
326.009,use_adaptive_ngroute,0.06643493078782314,0,false,45.476571428571425,false,false,10.027777777777779,false,2.08667e6,1.948042222972973e6,false,4
159.926,use_SR3_cuts,0.06640601745577634,7,false,53.07433333333334,false,false,10.305555555555555,false,2.08667e6,1.9481025555555553e6,false,0
681.6,use_SR3_cuts,0.06425740533961422,2,false,225.80800000000002,false,false,10.305555555555555,false,2.08667e6,1.9525859999999872e6,false,0
695.92,use_SR3_cuts,0.05683828953261982,1,false,173.818,false,false,10.305555555555555,false,2.0709e6,1.9531935862068976e6,false,0
550.689,use_SR3_cuts,0.05659476508276684,1,false,183.31266666666664,false,false,10.305555555555555,false,2.0709e6,1.9536979009900982e6,false,0
406.077,use_SR3_cuts,0.05635661172267892,1,false,135.1773333333333,false,false,10.305555555555555,false,2.0709e6,1.9541910927835042e6,false,0
531.303,use_SR3_cuts,0.056322693836818205,10,false,264.50949999999995,false,false,10.305555555555555,false,2.0709e6,1.9542613333333333e6,false,0
12.247,none,0.05258878055249261,0,false,NaN,false,false,10.305555555555555,true,2.0709e6,1.961993894353843e6,false,0
