CG_time_taken,method,CG_LP_IP_gap,implemented_SR3_cuts_count,errored,CG_sp_time_taken_mean,converged,CGIP_artificial,ngroute_neighborhood_size,time_limit_reached,CGIP_objective,CGLP_objective,CGLP_artificial,cycles_lookup_length
26.913,use_adaptive_ngroute,0.9999659220279158,0,false,0.48107142857142854,false,true,5.999999999999999,false,6.0e10,2.044678325050278e6,false,29
33.351,use_adaptive_ngroute,0.0846517815290736,0,false,2.118,false,false,8.75,false,2.297458e6,2.1029740873117778e6,false,9
29.489,use_adaptive_ngroute,0.08337623807815742,0,false,3.5681249999999998,false,false,9.472222222222223,false,2.297458e6,2.1059045948174326e6,false,3
6.976,use_adaptive_ngroute,0.08331129704323359,0,false,3.4419999999999997,false,false,9.805555555555555,false,2.297458e6,2.1060537941176468e6,false,1
8.172,use_SR3_cuts,0.08330962772318606,12,false,4.042,false,false,9.972222222222221,false,2.297458e6,2.1060576293103443e6,false,0
644.083,use_adaptive_ngroute,0.01736088408830161,0,false,78.017375,false,false,9.972222222222221,false,2.18279e6,2.144894835820896e6,false,6
288.825,use_adaptive_ngroute,0.016661317806447973,0,false,95.91966666666666,false,false,10.166666666666668,false,2.18279e6,2.1464218421052634e6,false,2
157.031,use_SR3_cuts,0.016661317806447973,4,false,78.331,false,false,10.222222222222223,false,2.18279e6,2.1464218421052634e6,false,0
550.944,use_adaptive_ngroute,0.01567608936778664,0,false,137.63074999999998,false,false,10.222222222222223,false,2.18279e6,2.148572388888889e6,false,3
602.283,use_adaptive_ngroute,0.015523755395259409,0,false,199.13100000000003,false,false,10.305555555555555,false,2.18279e6,2.148904901960782e6,false,2
331.251,use_SR3_cuts,0.015522706120290053,1,false,165.38,false,false,10.361111111111112,false,2.18279e6,2.148907192307692e6,false,0
459.829,use_SR3_cuts,0.015230037715939226,4,false,229.7335,false,false,10.361111111111112,false,2.18279e6,2.149546025974025e6,false,0
225.696,use_SR3_cuts,0.015011918996634788,2,false,112.734,false,false,10.361111111111112,false,2.18279e6,2.1500221333333356e6,false,0
216.133,none,0.014997368167875669,0,false,185.677,false,false,10.361111111111112,true,2.18279e6,2.1500538947368427e6,false,0
