CG_time_taken,method,CG_LP_IP_gap,implemented_SR3_cuts_count,errored,CG_sp_time_taken_mean,converged,CGIP_artificial,ngroute_neighborhood_size,time_limit_reached,CGIP_objective,CGLP_objective,CGLP_artificial,cycles_lookup_length
64.678,use_adaptive_ngroute,0.9999701951067539,0,false,0.7266285714285713,false,true,5.999999999999999,false,6.0e10,1.7882935947674422e6,false,24
24.381,use_adaptive_ngroute,0.1307506704484397,0,false,1.5465000000000002,false,false,7.805555555555555,false,2.10307e6,1.8280921875e6,false,14
29.447,use_adaptive_ngroute,0.12666007313118444,0,false,2.4886363636363638,false,false,8.666666666666666,false,2.10307e6,1.836695e6,false,13
23.677,use_adaptive_ngroute,0.12266127675195282,0,false,3.8376666666666663,false,false,9.972222222222221,false,2.095766e6,1.8386966666666667e6,false,1
18.776,use_SR3_cuts,0.12221832017505774,2,false,3.6136000000000004,false,false,10.0,false,2.095766e6,1.839625e6,false,0
101.015,use_adaptive_ngroute,0.1049581815970062,0,false,11.073444444444446,false,false,10.0,false,2.071576e6,1.8541471500000004e6,false,5
54.594,use_adaptive_ngroute,0.10464280789686908,0,false,13.577,false,false,10.277777777777779,false,2.071576e6,1.8548004705882354e6,false,6
49.574,use_SR3_cuts,0.10462687529181813,4,false,9.812199999999999,false,false,10.444444444444445,false,2.071576e6,1.8548334761904764e6,false,0
105.669,use_SR3_cuts,0.1018374071583319,2,false,17.439999999999998,false,false,10.444444444444445,false,2.071576e6,1.8606120714285714e6,false,0
121.209,use_SR3_cuts,0.10071434915804611,2,false,30.14275,false,false,10.444444444444445,false,2.071576e6,1.8629385714285714e6,false,0
347.062,use_SR3_cuts,0.09915474413455927,2,false,57.6955,false,false,10.444444444444445,false,2.071576e6,1.8661694117647063e6,false,0
342.534,use_adaptive_ngroute,0.09894215804778594,0,false,85.48775,false,false,10.444444444444445,false,2.071576e6,1.8666097999999998e6,false,1
227.076,use_SR3_cuts,0.09892838431545181,1,false,75.61633333333333,false,false,10.472222222222221,false,2.071576e6,1.8666383333333335e6,false,0
245.126,use_SR3_cuts,0.09877793525316003,10,false,81.61433333333333,false,false,10.472222222222221,false,2.071576e6,1.8669499999999998e6,false,0
541.986,use_adaptive_ngroute,0.09474787725452705,0,false,135.33675000000002,false,false,10.472222222222221,false,2.071576e6,1.8752985714285758e6,false,5
244.262,use_SR3_cuts,0.09433854198902658,6,false,122.03,false,false,10.722222222222221,false,2.071576e6,1.8761465405405404e6,false,0
1015.592,none,0.09080823478734723,0,false,NaN,false,false,10.722222222222221,true,2.071576e6,1.8834598402121663e6,false,0
