CG_time_taken,method,CG_LP_IP_gap,implemented_SR3_cuts_count,errored,CG_sp_time_taken_mean,converged,CGIP_artificial,ngroute_neighborhood_size,time_limit_reached,CGIP_objective,CGLP_objective,CGLP_artificial,cycles_lookup_length
41.489,use_adaptive_ngroute,0.9999703338202255,0,false,0.7790416666666666,false,true,5.999999999999999,false,6.0e10,1.7799707864721485e6,false,35
143.631,use_adaptive_ngroute,0.13194911811663346,0,false,6.272227272727272,false,false,9.833333333333334,false,2.11706e6,1.8377158e6,false,20
89.531,use_adaptive_ngroute,0.034535648457887924,0,false,8.00181818181818,false,false,10.777777777777779,false,1.922162e6,1.8557788888888892e6,false,13
39.118,use_adaptive_ngroute,0.03277580141528136,0,false,5.5089999999999995,false,false,11.5,false,1.922162e6,1.8591615999999999e6,false,1
78.886,use_adaptive_ngroute,0.03207227296545567,0,false,13.088333333333335,false,false,11.527777777777777,false,1.922162e6,1.8605138956521738e6,false,6
23.264,use_SR3_cuts,0.03203200971843523,10,false,7.704666666666666,false,false,11.888888888888888,false,1.922162e6,1.860591288135593e6,false,0
820.273,use_SR3_cuts,0.006850567929714502,1,false,90.80466666666666,false,false,11.888888888888888,false,1.885806e6,1.8728871578947369e6,false,0
365.299,use_SR3_cuts,0.006850567929714502,1,false,90.74475,false,false,11.888888888888888,false,1.885806e6,1.8728871578947369e6,false,0
451.268,use_SR3_cuts,0.005509156297095252,10,false,150.18133333333336,false,false,11.888888888888888,false,1.885806e6,1.8754168e6,false,0
1533.94,none,0.0023312637201869935,0,false,495.9803333333333,false,false,11.888888888888888,true,1.885806e6,1.881409688888889e6,false,0
