CG_time_taken,method,CG_LP_IP_gap,implemented_SR3_cuts_count,errored,CG_sp_time_taken_mean,converged,CGIP_artificial,ngroute_neighborhood_size,time_limit_reached,CGIP_objective,CGLP_objective,CGLP_artificial,cycles_lookup_length
42.047,use_adaptive_ngroute,0.9999719543662531,0,false,0.7228333333333331,false,true,5.999999999999999,false,6.0e10,1.682738024818319e6,false,35
89.165,use_adaptive_ngroute,0.05999432668742277,0,false,4.239549999999999,false,false,9.25,false,1.93489e6,1.8188075772357725e6,false,16
48.352,use_adaptive_ngroute,0.05702205293324181,0,false,5.247444444444445,false,false,11.11111111111111,false,1.93489e6,1.8245585999999999e6,false,7
35.167,use_adaptive_ngroute,0.0558336003597103,0,false,6.957999999999999,false,false,11.305555555555555,false,1.93489e6,1.8268581250000002e6,false,3
18.419,use_SR3_cuts,0.05552396737321996,5,false,6.074333333333333,false,false,11.388888888888888,false,1.93489e6,1.8274572307692305e6,false,0
160.879,use_SR3_cuts,0.0421059510702092,2,false,22.683000000000003,false,false,11.388888888888888,false,1.92548e6,1.8444058333333335e6,false,0
119.294,use_SR3_cuts,0.022560028598953785,2,false,19.704000000000004,false,false,11.388888888888888,false,1.894708e6,1.8519633333333335e6,false,0
203.15,use_SR3_cuts,0.02149777168830236,2,false,66.42099999999999,false,false,11.388888888888888,false,1.894708e6,1.853976e6,false,0
311.981,use_SR3_cuts,0.019120624391726904,1,false,102.30933333333334,false,false,11.388888888888888,false,1.894708e6,1.85848e6,false,0
223.628,use_SR3_cuts,0.018389641042313887,1,false,111.67200000000001,false,false,11.388888888888888,false,1.894708e6,1.8598649999999995e6,false,0
312.592,use_SR3_cuts,0.01832577895907972,10,false,156.1955,false,false,11.388888888888888,false,1.894708e6,1.859986e6,false,0
417.24,use_SR3_cuts,0.017313837629158058,10,false,138.905,false,false,11.388888888888888,false,1.894708e6,1.8619033333333333e6,false,0
903.292,none,0.015966224522899086,0,false,150.09883333333335,false,false,11.388888888888888,false,1.894708e6,1.864456666666667e6,false,0
