CG_time_taken,method,CG_LP_IP_gap,implemented_SR3_cuts_count,errored,CG_sp_time_taken_mean,converged,CGIP_artificial,ngroute_neighborhood_size,time_limit_reached,CGIP_objective,CGLP_objective,CGLP_artificial,cycles_lookup_length
24.697,use_adaptive_ngroute,0.9999696768177134,0,false,0.45945454545454556,false,true,5.999999999999999,false,6.0e10,1.819390937192118e6,false,35
29.773,use_adaptive_ngroute,0.16519429662200213,0,false,1.9272857142857143,false,false,9.777777777777777,false,2.3093e6,1.9278168108108104e6,false,15
9.761,use_adaptive_ngroute,0.16340056211988407,0,false,2.34975,false,false,11.194444444444445,false,2.3093e6,1.9319590818965517e6,false,4
17.817,use_adaptive_ngroute,0.1622112973519868,0,false,3.484,false,false,11.333333333333332,false,2.3093e6,1.934705451025057e6,false,3
5.834,use_SR3_cuts,0.1621842694034269,10,false,2.8575,false,false,11.61111111111111,false,2.3093e6,1.9347678666666662e6,false,0
408.496,use_SR3_cuts,0.01930372559428084,6,false,48.200125,false,false,11.61111111111111,false,2.019472e6,1.9804886666666665e6,false,0
289.649,use_adaptive_ngroute,0.014753012557068068,0,false,71.835,false,false,11.61111111111111,false,2.019472e6,1.9896787042253527e6,false,3
142.115,use_SR3_cuts,0.01473714908591861,5,false,70.4345,false,false,12.083333333333334,false,2.019472e6,1.9897107400611618e6,false,0
554.928,use_SR3_cuts,0.013629125020618305,10,false,275.689,false,false,12.083333333333334,false,2.019472e6,1.991948363636362e6,false,0
1322.743,use_SR3_cuts,0.010905997879001927,1,false,330.389,false,false,12.083333333333334,false,2.019472e6,1.9974476426512962e6,false,0
761.773,none,0.01070410562959534,0,false,385.493,false,false,12.083333333333334,true,2.019472e6,1.9978553583959898e6,false,0
