CG_time_taken,method,CG_LP_IP_gap,implemented_SR3_cuts_count,errored,CG_sp_time_taken_mean,converged,CGIP_artificial,ngroute_neighborhood_size,time_limit_reached,CGIP_objective,CGLP_objective,CGLP_artificial,cycles_lookup_length
38.358,use_adaptive_ngroute,0.9999704027814169,0,false,0.726814814814815,false,true,5.999999999999999,false,6.0e10,1.7758331149881752e6,false,36
65.36,use_adaptive_ngroute,0.13087735352657237,0,false,3.0156500000000004,false,false,9.777777777777777,false,2.18555e6,1.8995109999999998e6,false,9
19.172,use_adaptive_ngroute,0.13009335198175698,0,false,3.718600000000001,false,false,10.75,false,2.18555e6,1.9012244745762711e6,false,3
14.67,use_SR3_cuts,0.10329666702814333,3,false,4.769,false,false,11.13888888888889,false,2.12093e6,1.901845e6,false,0
69.291,use_adaptive_ngroute,0.02423535519953046,0,false,11.189833333333334,false,false,11.13888888888889,false,1.96058e6,1.9130646473029046e6,false,2
43.23,use_SR3_cuts,0.023685167994505152,11,false,10.6935,false,false,11.333333333333332,false,1.96058e6,1.914143333333333e6,false,0
291.256,use_adaptive_ngroute,0.017580295503154875,0,false,46.97233333333333,false,false,11.333333333333332,false,1.96058e6,1.9261124242424245e6,false,3
105.006,use_adaptive_ngroute,0.01739281233104517,0,false,34.830000000000005,false,false,11.583333333333334,false,1.96058e6,1.9264799999999995e6,false,2
109.894,use_SR3_cuts,0.01738554793773095,3,false,36.546,false,false,11.999999999999998,false,1.96058e6,1.9264942424242434e6,false,0
751.633,use_SR3_cuts,0.009583154436578534,4,false,186.71150000000003,false,false,11.999999999999998,false,1.96058e6,1.9417914590747328e6,false,0
2069.788,none,0.007936426975691635,0,false,1275.0310000000002,false,false,11.999999999999998,true,1.96058e6,1.9450199999999986e6,false,0
