CG_time_taken,method,CG_LP_IP_gap,implemented_SR3_cuts_count,errored,CG_sp_time_taken_mean,converged,CGIP_artificial,ngroute_neighborhood_size,time_limit_reached,CGIP_objective,CGLP_objective,CGLP_artificial,cycles_lookup_length
23.627,use_adaptive_ngroute,0.2313359990914695,0,false,0.5167272727272728,false,false,5.999999999999999,false,2.43057e6,1.8682916606882468e6,false,29
41.608,use_adaptive_ngroute,0.16217081482564644,0,false,2.9992307692307687,false,false,7.944444444444444,false,2.311427e6,1.9365810000000005e6,false,10
33.784,use_adaptive_ngroute,0.1423462445894339,0,false,2.6986666666666665,false,false,8.638888888888888,false,2.260392e6,1.9386336875000002e6,false,6
16.969,use_adaptive_ngroute,0.14120825060431996,0,false,2.7295,false,false,8.833333333333332,false,2.260392e6,1.941206e6,false,7
12.326,use_adaptive_ngroute,0.1408249909426459,0,false,3.01275,false,false,9.027777777777779,false,2.260392e6,1.9420723170731708e6,false,4
7.833,use_adaptive_ngroute,0.14079586467915572,0,false,3.814,false,false,9.333333333333334,false,2.260392e6,1.9421381538461538e6,false,1
9.328,use_SR3_cuts,0.12294323966379872,8,false,3.044,false,false,9.36111111111111,false,2.214597e6,1.9423272702702703e6,false,0
230.609,use_adaptive_ngroute,0.05011002497734751,0,false,28.002624999999995,false,false,9.36111111111111,false,2.08589e6,1.9813660000000007e6,false,3
190.055,use_SR3_cuts,0.00853060312854581,9,false,31.32483333333333,false,false,9.5,false,1.999984e6,1.9829229302325584e6,false,0
337.055,none,0.0,0,false,65.2278,true,false,9.5,false,1.986604e6,1.986604e6,false,0
