CG_time_taken,method,CG_LP_IP_gap,implemented_SR3_cuts_count,errored,CG_sp_time_taken_mean,converged,CGIP_artificial,ngroute_neighborhood_size,time_limit_reached,CGIP_objective,CGLP_objective,CGLP_artificial,cycles_lookup_length
4.915,use_adaptive_ngroute,0.2642499101452812,0,false,0.13931250000000003,false,false,5.0,false,1.66627e6,1.2259583022222223e6,false,20
2.908,use_adaptive_ngroute,0.03633444708289357,0,false,0.20950000000000002,false,false,6.8,false,1.412446e6,1.3611255555555553e6,false,6
0.809,use_SR3_cuts,0.03099304327386676,1,false,0.183,false,false,7.45,false,1.412446e6,1.36867e6,false,0
0.293,use_adaptive_ngroute,0.018829746411544224,0,false,0.28500000000000003,false,false,7.45,false,1.412446e6,1.38585e6,false,3
1.571,use_adaptive_ngroute,0.01536058723660938,0,false,0.37825,false,false,7.6,false,1.412446e6,1.39075e6,false,1
1.269,use_adaptive_ngroute,0.014657315512710989,0,false,0.31025,false,false,7.7,false,1.412446e6,1.3917433333333335e6,false,3
0.609,use_SR3_cuts,0.014005963177825431,10,false,0.2975,false,false,8.45,false,1.412446e6,1.3926633333333333e6,false,0
2.243,none,0.0112967150602572,0,false,0.539,false,false,8.45,false,1.412446e6,1.39649e6,false,0
