CG_time_taken,method,CG_LP_IP_gap,implemented_SR3_cuts_count,errored,CG_sp_time_taken_mean,converged,CGIP_artificial,ngroute_neighborhood_size,time_limit_reached,CGIP_objective,CGLP_objective,CGLP_artificial,cycles_lookup_length
23.459,use_adaptive_ngroute,0.13032304663308547,0,false,0.35548148148148156,false,false,5.999999999999999,false,2.185609e6,1.9007737763713086e6,false,36
44.858,use_adaptive_ngroute,0.017022033379791135,0,false,2.261944444444445,false,false,10.555555555555555,false,2.019959e6,1.9855751904761905e6,false,3
31.118,use_adaptive_ngroute,0.016565026814900685,0,false,2.7306363636363638,false,false,10.944444444444445,false,2.019959e6,1.986498325e6,false,3
15.252,use_adaptive_ngroute,0.01424540740128355,0,false,2.4385000000000003,false,false,11.11111111111111,false,2.019959e6,1.9911838611111108e6,false,2
11.23,use_SR3_cuts,0.012812718806008871,7,false,2.7297499999999997,false,false,11.36111111111111,false,2.019959e6,1.994077833333333e6,false,0
162.722,use_adaptive_ngroute,0.0003563603683706118,0,false,19.304750000000002,false,false,11.36111111111111,false,2.019959e6,2.0192391666666665e6,false,1
70.928,use_SR3_cuts,0.0003563603683705008,2,false,17.24225,false,false,11.388888888888888,false,2.019959e6,2.0192391666666667e6,false,0
51.285,none,0.0,0,false,12.662249999999998,true,false,11.388888888888888,false,2.019959e6,2.019959e6,false,0
