CG_time_taken,method,CG_LP_IP_gap,implemented_SR3_cuts_count,errored,CG_sp_time_taken_mean,converged,CGIP_artificial,ngroute_neighborhood_size,time_limit_reached,CGIP_objective,CGLP_objective,CGLP_artificial,cycles_lookup_length
51.725,use_adaptive_ngroute,0.9999680230560094,0,false,0.7628571428571428,false,true,5.999999999999999,false,6.0e10,1.9186166394335509e6,false,22
32.417,use_adaptive_ngroute,0.16660985968134412,0,false,1.7555000000000003,false,false,7.833333333333333,false,2.35921e6,1.9661423529411762e6,false,14
19.504,use_adaptive_ngroute,0.1623101026089785,0,false,2.4475714285714285,false,false,8.61111111111111,false,2.35921e6,1.976286382823872e6,false,6
20.498,use_adaptive_ngroute,0.15824561762808564,0,false,2.660285714285714,false,false,8.805555555555555,false,2.35921e6,1.985875356435644e6,false,4
10.506,use_SR3_cuts,0.1572888805998618,10,false,2.5469999999999997,false,false,8.916666666666666,false,2.35921e6,1.9881325e6,false,0
413.968,use_adaptive_ngroute,0.10245685132903048,0,false,60.073666666666675,false,false,8.916666666666666,false,2.23683e6,2.0076514412416848e6,false,4
117.41,use_adaptive_ngroute,0.10166339075119868,0,false,29.040999999999997,false,false,9.027777777777779,false,2.23683e6,2.0094262776659962e6,false,4
144.736,use_adaptive_ngroute,0.10142313611643361,0,false,36.00825,false,false,9.25,false,2.23683e6,2.0099636864406778e6,false,1
165.335,use_SR3_cuts,0.101419866507513,3,false,54.91433333333333,false,false,9.277777777777779,false,2.23683e6,2.0099709999999998e6,false,0
174.817,use_adaptive_ngroute,0.10120743754696615,0,false,58.079,false,false,9.277777777777779,false,2.23683e6,2.0104461674718198e6,false,1
39.72,use_adaptive_ngroute,0.10119556503959082,0,false,39.512,false,false,9.305555555555555,false,2.23683e6,2.0104727242524922e6,false,1
230.257,use_SR3_cuts,0.10119506348097684,3,false,57.18549999999999,false,false,9.333333333333334,false,2.23683e6,2.0104738461538465e6,false,0
186.703,use_SR3_cuts,0.10096007578393984,3,false,93.184,false,false,9.333333333333334,false,2.23683e6,2.0109994736842099e6,false,0
398.058,use_SR3_cuts,0.09986518538420486,1,false,132.30599999999998,false,false,9.333333333333334,false,2.23683e6,2.013448557377049e6,false,0
526.178,use_SR3_cuts,0.09961832654409974,4,false,131.3845,false,false,9.333333333333334,false,2.23683e6,2.0140007386363614e6,false,0
927.08,use_SR3_cuts,0.09958688269974292,10,false,308.79133333333334,false,false,9.333333333333334,false,2.23683e6,2.014071073170734e6,false,0
32.426,none,0.09760610569219186,0,false,NaN,false,false,9.333333333333334,true,2.23683e6,2.0185017346045345e6,false,0
