CG_time_taken,method,CG_LP_IP_gap,implemented_SR3_cuts_count,errored,CG_sp_time_taken_mean,converged,CGIP_artificial,ngroute_neighborhood_size,time_limit_reached,CGIP_objective,CGLP_objective,CGLP_artificial,cycles_lookup_length
40.472,use_adaptive_ngroute,0.38319878030684673,0,false,0.6756666666666665,false,false,5.999999999999999,false,2.78074e6,1.715163823649539e6,false,35
82.283,use_adaptive_ngroute,0.16823319281072757,0,false,4.1240000000000006,false,false,10.166666666666668,false,2.22343e6,1.849375272108844e6,false,9
26.278,use_adaptive_ngroute,0.15943397821489236,0,false,5.1706,false,false,10.88888888888889,false,2.20188e6,1.8508255120481928e6,false,1
22.538,use_adaptive_ngroute,0.15943397821489236,0,false,5.557,false,false,10.916666666666666,false,2.20188e6,1.8508255120481928e6,false,5
24.178,use_adaptive_ngroute,0.15941856148776257,0,false,7.9799999999999995,false,false,11.055555555555555,false,2.20188e6,1.8508594578313255e6,false,1
7.848,use_adaptive_ngroute,0.15929322378650168,0,false,7.776999999999999,false,false,11.083333333333334,false,2.20188e6,1.8511354364089777e6,false,6
17.473,use_SR3_cuts,0.1592084321558941,11,false,8.6665,false,false,11.25,false,2.20188e6,1.85132213740458e6,false,0
815.68,use_adaptive_ngroute,0.04765758808574572,0,false,100.234,false,false,11.25,false,1.96994e6,1.876057410926366e6,false,7
550.256,use_SR3_cuts,0.047464488828061424,5,false,137.11375000000004,false,false,11.722222222222221,false,1.96994e6,1.8764378048780486e6,false,0
904.405,use_adaptive_ngroute,0.04430479611320581,0,false,180.63160000000002,false,false,11.722222222222221,false,1.96994e6,1.8826622099447513e6,false,3
1078.564,use_adaptive_ngroute,0.019112295523882605,0,false,359.2373333333333,false,false,11.944444444444443,false,1.92018e6,1.883480952380951e6,false,1
6.46,none,0.019112295523881828,0,false,NaN,false,false,11.972222222222223,true,1.92018e6,1.8834809523809527e6,false,0
