CG_time_taken,method,CG_LP_IP_gap,implemented_SR3_cuts_count,errored,CG_sp_time_taken_mean,converged,CGIP_artificial,ngroute_neighborhood_size,time_limit_reached,CGIP_objective,CGLP_objective,CGLP_artificial,cycles_lookup_length
37.303,use_adaptive_ngroute,0.36718438759130767,0,false,0.7246666666666667,false,false,5.999999999999999,false,2.81194e6,1.7794395331564983e6,false,35
54.593,use_adaptive_ngroute,0.050017993941635086,0,false,2.621777777777778,false,false,9.972222222222221,false,1.94712e6,1.8497289636363634e6,false,8
19.907,use_adaptive_ngroute,0.048901868632448386,0,false,3.769,false,false,11.027777777777779,false,1.94712e6,1.8519021935483871e6,false,3
21.235,use_SR3_cuts,0.0488510966804413,6,false,4.1468,false,false,11.166666666666668,false,1.94712e6,1.852001052631579e6,false,0
203.768,use_adaptive_ngroute,0.019760911921931523,0,false,28.055285714285716,false,false,11.166666666666668,false,1.900978e6,1.8634129411764704e6,false,4
164.628,use_adaptive_ngroute,0.019575378377005737,0,false,27.281500000000005,false,false,11.36111111111111,false,1.900978e6,1.8637656363636365e6,false,3
125.057,use_SR3_cuts,0.019575378377005626,2,false,41.47966666666667,false,false,11.75,false,1.900978e6,1.8637656363636367e6,false,0
211.015,use_adaptive_ngroute,0.01643720384275771,0,false,40.9228,false,false,11.75,false,1.900978e6,1.8697312371134022e6,false,7
120.579,use_SR3_cuts,0.016269520215383637,10,false,60.101,false,false,12.055555555555555,false,1.900978e6,1.8700500000000005e6,false,0
603.389,none,0.01615379031214459,0,false,99.84049999999999,false,false,12.055555555555555,false,1.900978e6,1.87027e6,false,0
