CG_time_taken,method,CG_LP_IP_gap,implemented_SR3_cuts_count,errored,CG_sp_time_taken_mean,converged,CGIP_artificial,ngroute_neighborhood_size,time_limit_reached,CGIP_objective,CGLP_objective,CGLP_artificial,cycles_lookup_length
55.483,use_adaptive_ngroute,0.9999722680976791,0,false,0.683,false,true,5.999999999999999,false,6.0e10,1.663914139254386e6,false,29
126.135,use_adaptive_ngroute,0.014028431153755072,0,false,6.701388888888889,false,false,9.166666666666666,false,1.94378e6,1.916511816091954e6,false,24
101.802,use_adaptive_ngroute,0.008166678741484912,0,false,9.976600000000001,false,false,11.416666666666666,false,1.94378e6,1.9279057731958765e6,false,11
89.738,use_adaptive_ngroute,0.007143933621149179,0,false,17.831599999999998,false,false,12.916666666666666,false,1.94378e6,1.9298937647058826e6,false,7
69.943,use_SR3_cuts,0.007053872593908883,9,false,23.22533333333333,false,false,13.527777777777779,false,1.94378e6,1.9300688235294118e6,false,0
1705.757,none,-1.1102230246251565e-15,0,false,211.48950000000002,true,false,13.527777777777779,false,1.94378e6,1.9437800000000023e6,false,0
