CG_time_taken,method,CG_LP_IP_gap,implemented_SR3_cuts_count,errored,CG_sp_time_taken_mean,converged,CGIP_artificial,ngroute_neighborhood_size,time_limit_reached,CGIP_objective,CGLP_objective,CGLP_artificial,cycles_lookup_length
38.748,use_adaptive_ngroute,0.13181387010394852,0,false,0.778391304347826,false,false,5.999999999999999,false,2.11793e6,1.8387574500907443e6,false,31
43.46,use_adaptive_ngroute,0.055299240338281375,0,false,2.2285,false,false,8.38888888888889,false,2.021087e6,1.9093224242424238e6,false,11
30.384,use_SR3_cuts,0.054556851267235085,5,false,4.957,false,false,9.25,false,2.021087e6,1.9108228571428577e6,false,0
89.984,use_SR3_cuts,0.05136571133680634,4,false,17.797399999999996,false,false,9.25,false,2.021087e6,1.9172724285714282e6,false,0
309.741,use_adaptive_ngroute,0.04611480266263346,0,false,77.16799999999999,false,false,9.25,false,2.021087e6,1.9278849718309862e6,false,9
467.786,use_adaptive_ngroute,0.04528768783474291,0,false,155.822,false,false,9.944444444444445,false,2.021087e6,1.929556642857143e6,false,4
436.147,use_SR3_cuts,0.04507076183143521,3,false,145.29966666666667,false,false,10.333333333333334,false,2.021087e6,1.92999506918239e6,false,0
408.41,use_SR3_cuts,0.04432498099148763,5,false,204.1215,false,false,10.333333333333334,false,2.021087e6,1.9315023571428573e6,false,0
1762.604,none,0.043490067412507716,0,false,1450.915,false,false,10.333333333333334,true,2.021087e6,1.933189790123457e6,false,0
