CG_time_taken,method,CG_LP_IP_gap,implemented_SR3_cuts_count,errored,CG_sp_time_taken_mean,converged,CGIP_artificial,ngroute_neighborhood_size,time_limit_reached,CGIP_objective,CGLP_objective,CGLP_artificial,cycles_lookup_length
32.4,use_adaptive_ngroute,0.9999699276536098,0,false,0.5675217391304347,false,true,5.999999999999999,false,6.0e10,1.8043407834101385e6,false,34
71.021,use_adaptive_ngroute,0.012479256003090966,0,false,5.624416666666665,false,false,8.916666666666666,false,1.894524e6,1.87088175e6,false,9
38.591,use_SR3_cuts,0.012227081842193566,4,false,3.7308999999999997,false,false,9.222222222222223,false,1.894524e6,1.8713595e6,false,0
64.893,none,0.0,0,false,6.3053,true,false,9.222222222222223,false,1.894524e6,1.894524e6,false,0
