CG_time_taken,method,CG_LP_IP_gap,implemented_SR3_cuts_count,errored,CG_sp_time_taken_mean,converged,CGIP_artificial,ngroute_neighborhood_size,time_limit_reached,CGIP_objective,CGLP_objective,CGLP_artificial,cycles_lookup_length
33.137,use_adaptive_ngroute,0.9999688006004595,0,false,0.5337037037037038,false,true,5.999999999999999,false,6.0e10,1.8719639724333799e6,false,30
51.539,use_adaptive_ngroute,0.22584984599523816,0,false,2.4924210526315784,false,false,8.194444444444445,false,2.5282e6,1.9572064193548388e6,false,17
41.404,use_adaptive_ngroute,0.16899320796853,0,false,4.483555555555556,false,false,10.0,false,2.362264e6,1.9630574285714284e6,false,3
20.258,use_adaptive_ngroute,0.16844833253953917,0,false,4.96275,false,false,10.11111111111111,false,2.362264e6,1.9643445681818181e6,false,2
15.134,use_adaptive_ngroute,0.1683014106959949,0,false,4.970666666666667,false,false,10.222222222222223,false,2.362264e6,1.9646916363636362e6,false,5
34.508,use_adaptive_ngroute,0.1682284754915503,0,false,6.8348,false,false,10.583333333333332,false,2.362264e6,1.9648639285714284e6,false,1
14.193,use_SR3_cuts,0.1682284754915504,5,false,7.039,false,false,10.61111111111111,false,2.362264e6,1.9648639285714282e6,false,0
233.421,use_SR3_cuts,0.07312744848368757,4,false,25.431666666666665,false,false,10.61111111111111,false,2.151295e6,1.9939762857142854e6,false,0
175.907,use_SR3_cuts,0.06134062886822178,5,false,35.078799999999994,false,false,10.61111111111111,false,2.13007e6,1.9994101666666667e6,false,0
382.136,use_SR3_cuts,0.060181127067811535,2,false,95.32175,false,false,10.61111111111111,false,2.13007e6,2.0018799866666666e6,false,0
1190.014,use_SR3_cuts,0.0346925939148488,1,false,393.086,false,false,10.61111111111111,false,2.075577e6,2.0035698499999999e6,false,0
1216.879,use_SR3_cuts,0.03452476749035782,3,false,303.15175000000005,false,false,10.61111111111111,false,2.075577e6,2.0039181866666656e6,false,0
151.886,none,0.03362142193040796,0,false,NaN,false,false,10.61111111111111,true,2.075577e6,2.0057931499339496e6,false,0
