CG_time_taken,method,CG_LP_IP_gap,implemented_SR3_cuts_count,errored,CG_sp_time_taken_mean,converged,CGIP_artificial,ngroute_neighborhood_size,time_limit_reached,CGIP_objective,CGLP_objective,CGLP_artificial,cycles_lookup_length
25.705,use_adaptive_ngroute,0.13836798583687582,0,false,0.38432142857142854,false,false,5.999999999999999,false,2.15933e6,1.860547857142859e6,false,26
14.877,use_adaptive_ngroute,0.07250286291101171,0,false,0.8208666666666669,false,false,7.888888888888888,false,2.092276e6,1.94058e6,false,18
22.703,use_SR3_cuts,0.0720727093366269,6,false,1.7995,false,false,9.11111111111111,false,2.092276e6,1.9414799999999995e6,false,0
71.065,use_SR3_cuts,0.03420119234787855,10,false,6.566000000000001,false,false,9.11111111111111,false,2.017532e6,1.94853e6,false,0
19.569,use_SR3_cuts,0.002926510925980619,1,false,5.993666666666666,false,false,9.11111111111111,false,1.96138e6,1.9556400000000002e6,false,0
17.962,use_SR3_cuts,0.00292651092598073,10,false,5.853666666666667,false,false,9.11111111111111,false,1.96138e6,1.95564e6,false,0
24.307,use_SR3_cuts,0.0019221160611403443,1,false,5.915500000000001,false,false,9.11111111111111,false,1.96138e6,1.9576100000000005e6,false,0
15.467,none,0.0019221160611406773,0,false,7.642500000000001,false,false,9.11111111111111,false,1.96138e6,1.95761e6,false,0
