CG_time_taken,method,CG_LP_IP_gap,implemented_SR3_cuts_count,errored,CG_sp_time_taken_mean,converged,CGIP_artificial,ngroute_neighborhood_size,time_limit_reached,CGIP_objective,CGLP_objective,CGLP_artificial,cycles_lookup_length
139.466,use_adaptive_ngroute,0.9999700905161644,0,false,1.3756923076923078,false,true,7.000000000000001,false,6.0e10,1.7945690301369869e6,false,39
381.337,use_adaptive_ngroute,0.2219649926438345,0,false,14.700680000000002,false,false,10.175,false,2.44013e6,1.8985065625e6,false,15
217.247,use_adaptive_ngroute,0.18503418613605283,0,false,17.8465,false,false,11.450000000000001,false,2.34148e6,1.9082261538461552e6,false,3
115.219,use_adaptive_ngroute,0.13332253994883558,0,false,28.633499999999994,false,false,11.8,false,2.20733e6,1.9130431578947369e6,false,1
87.932,use_SR3_cuts,0.13324766757760453,13,false,29.169333333333334,false,false,11.825000000000001,false,2.20733e6,1.9132084259259263e6,false,0
2631.036,none,0.09950047339799228,0,false,1856.248,false,false,11.825000000000001,true,2.17513e6,1.958703535297825e6,false,0
