CG_time_taken,method,CG_LP_IP_gap,implemented_SR3_cuts_count,errored,CG_sp_time_taken_mean,converged,CGIP_artificial,ngroute_neighborhood_size,time_limit_reached,CGIP_objective,CGLP_objective,CGLP_artificial,cycles_lookup_length
58.102,use_adaptive_ngroute,0.9999673274116162,0,false,0.7897941176470586,false,true,7.000000000000001,false,6.0e10,1.9603553030303067e6,false,30
395.25,use_adaptive_ngroute,0.29792900466805583,0,false,27.84535714285714,false,false,10.625,false,2.86092e6,2.0085689519650657e6,false,6
355.513,use_adaptive_ngroute,0.2972590379748741,0,false,50.701428571428565,false,false,10.775,false,2.86092e6,2.0104856730769232e6,false,4
348.04,use_SR3_cuts,0.29687236732463174,10,false,86.87650000000001,false,false,11.275,false,2.86092e6,2.0115919068736145e6,false,0
2426.352,none,0.04308198024639198,0,false,311.63928571428573,false,false,11.275,true,2.12351e6,2.0320249841269841e6,false,0
