CG_time_taken,method,CG_LP_IP_gap,implemented_SR3_cuts_count,errored,CG_sp_time_taken_mean,converged,CGIP_artificial,ngroute_neighborhood_size,time_limit_reached,CGIP_objective,CGLP_objective,CGLP_artificial,cycles_lookup_length
79.212,use_adaptive_ngroute,0.22056400284457855,0,false,0.8383437499999999,false,false,7.000000000000001,false,2.37202e6,1.8488377739726028e6,false,28
214.527,use_adaptive_ngroute,0.06380032546390757,0,false,10.463349999999998,false,false,10.025,false,2.0586e6,1.92726065e6,false,10
53.21,use_adaptive_ngroute,0.055587190286580435,0,false,8.580166666666667,false,false,10.3,false,2.0586e6,1.9441682100760455e6,false,8
63.091,use_adaptive_ngroute,0.02156103416250088,0,false,12.516399999999999,false,false,10.9,false,1.98834e6,1.945469333333333e6,false,2
26.356,use_adaptive_ngroute,0.020819788457617006,0,false,12.955,false,false,11.0,false,1.98834e6,1.9469431818181819e6,false,1
36.411,use_adaptive_ngroute,0.020783485904642185,0,false,12.065,false,false,11.025,false,1.98834e6,1.9470153636363638e6,false,4
21.999,use_SR3_cuts,0.020783485904642296,15,false,10.9585,false,false,11.299999999999999,false,1.98834e6,1.9470153636363635e6,false,0
1385.125,use_SR3_cuts,0.010702207595774005,8,false,196.99342857142858,false,false,11.299999999999999,false,1.98834e6,1.9670603725490188e6,false,0
1706.063,none,0.009708888534450844,0,false,700.768,false,false,11.299999999999999,true,1.98834e6,1.96903542857141e6,false,0
