CG_time_taken,method,CG_LP_IP_gap,implemented_SR3_cuts_count,errored,CG_sp_time_taken_mean,converged,CGIP_artificial,ngroute_neighborhood_size,time_limit_reached,CGIP_objective,CGLP_objective,CGLP_artificial,cycles_lookup_length
77.004,use_adaptive_ngroute,0.2759948262555597,0,false,1.1498965517241382,false,false,7.000000000000001,false,2.67994e6,1.9402904253246752e6,false,35
145.75,use_adaptive_ngroute,0.14599045943793632,0,false,6.392380952380952,false,false,10.025,false,2.34821e6,2.0053937432432435e6,false,21
533.024,use_adaptive_ngroute,0.09880375899104454,0,false,37.86385714285714,false,false,11.575,false,2.247602e6,2.0255304736842103e6,false,2
266.404,use_adaptive_ngroute,0.09851728350598699,0,false,53.20080000000001,false,false,11.875,false,2.247602e6,2.0261743565573767e6,false,1
114.601,use_SR3_cuts,0.09824961283883427,6,false,57.212,false,false,11.9,false,2.247602e6,2.0267759736842103e6,false,0
673.348,use_adaptive_ngroute,0.09100722213841861,0,false,111.82050000000001,false,false,11.9,false,2.247602e6,2.043053985507246e6,false,12
555.084,use_adaptive_ngroute,0.09042638983835471,0,false,92.24516666666668,false,false,12.4,false,2.247602e6,2.0443594653465343e6,false,5
229.062,use_SR3_cuts,0.09038193537158101,4,false,114.44700000000002,false,false,12.600000000000001,false,2.247602e6,2.0444593812949639e6,false,0
960.456,none,0.07991813738686004,0,false,371.853,false,false,12.600000000000001,true,2.224776e6,2.046976045977011e6,false,0
