CG_time_taken,method,CG_LP_IP_gap,implemented_SR3_cuts_count,errored,CG_sp_time_taken_mean,converged,CGIP_artificial,ngroute_neighborhood_size,time_limit_reached,CGIP_objective,CGLP_objective,CGLP_artificial,cycles_lookup_length
69.996,use_adaptive_ngroute,0.9999696131485407,0,false,1.0222333333333333,false,true,7.000000000000001,false,6.0e10,1.8232110875541e6,false,28
240.872,use_adaptive_ngroute,0.11185555352017718,0,false,12.642833333333334,false,false,9.25,false,2.153339965274237e6,1.9124769315413681e6,false,21
193.685,use_adaptive_ngroute,0.10627889937024115,0,false,17.22627272727273,false,false,10.524999999999999,false,2.14847e6,1.920132973070018e6,false,3
89.112,use_SR3_cuts,0.10592338485512287,18,false,17.654600000000002,false,false,10.625,false,2.14847e6,1.9208967853403143e6,false,0
2992.931,none,0.07898174878318931,0,false,NaN,false,false,10.625,true,2.14847e6,1.9787800821917814e6,false,0
