CG_time_taken,method,CG_LP_IP_gap,implemented_SR3_cuts_count,errored,CG_sp_time_taken_mean,converged,CGIP_artificial,ngroute_neighborhood_size,time_limit_reached,CGIP_objective,CGLP_objective,CGLP_artificial,cycles_lookup_length
78.137,use_adaptive_ngroute,0.9999665783801832,0,false,1.1210344827586205,false,true,7.000000000000001,false,6.0e10,2.005297189009662e6,false,28
109.826,use_adaptive_ngroute,0.19565354431504578,0,false,5.944062499999999,false,false,8.9,false,2.57779e6,2.073436250000118e6,false,14
51.175,use_adaptive_ngroute,0.19331710848863137,0,false,7.161714285714287,false,false,10.025,false,2.57779e6,2.079459090909091e6,false,3
29.31,use_adaptive_ngroute,0.1933020910583937,0,false,7.218999999999999,false,false,10.1,false,2.57779e6,2.0794978026905833e6,false,5
27.368,use_adaptive_ngroute,0.19328274736628415,0,false,6.78125,false,false,10.675,false,2.57779e6,2.0795476666666663e6,false,1
28.848,use_adaptive_ngroute,0.1932781205452826,0,false,9.557000000000002,false,false,10.875,false,2.57779e6,2.0795595936395759e6,false,1
16.227,use_SR3_cuts,0.19327165083795017,13,false,8.051499999999999,false,false,10.9,false,2.57779e6,2.0795762711864405e6,false,0
1900.23,none,0.0,0,false,222.08162499999997,true,false,10.9,false,2.11717e6,2.11717e6,false,0
