CG_time_taken,method,CG_LP_IP_gap,implemented_SR3_cuts_count,errored,CG_sp_time_taken_mean,converged,CGIP_artificial,ngroute_neighborhood_size,time_limit_reached,CGIP_objective,CGLP_objective,CGLP_artificial,cycles_lookup_length
79.064,use_adaptive_ngroute,0.2612891210280851,0,false,1.162551724137931,false,false,7.000000000000001,false,2.55565e6,1.8878864578445742e6,false,32
150.606,use_adaptive_ngroute,0.12677919872137922,0,false,5.7740833333333335,false,false,9.525,false,2.260978e6,1.9743330208333335e6,false,12
100.733,use_adaptive_ngroute,0.12615056120154944,0,false,12.466750000000001,false,false,10.475,false,2.260978e6,1.975754356435643e6,false,4
106.318,use_SR3_cuts,0.1258429543027404,7,false,10.4489,false,false,10.625,false,2.260978e6,1.9764498488664986e6,false,0
1010.616,use_adaptive_ngroute,0.07230236873192031,0,false,142.4992857142857,false,false,10.625,false,2.15939e6,2.0032609879839786e6,false,8
871.113,use_adaptive_ngroute,0.07206947846897105,0,false,124.21685714285717,false,false,11.4,false,2.15939e6,2.0037638888888885e6,false,4
305.652,use_SR3_cuts,0.07191823610013104,11,false,101.67766666666665,false,false,11.725,false,2.15939e6,2.004090480147738e6,false,0
943.934,none,0.04779317726311849,0,false,291.4316666666666,false,false,11.725,true,2.10923e6,2.0084231967213126e6,false,0
