CG_time_taken,method,CG_LP_IP_gap,implemented_SR3_cuts_count,errored,CG_sp_time_taken_mean,converged,CGIP_artificial,ngroute_neighborhood_size,time_limit_reached,CGIP_objective,CGLP_objective,CGLP_artificial,cycles_lookup_length
102.501,use_adaptive_ngroute,0.999968627944514,0,false,1.2941333333333334,false,true,7.000000000000001,false,6.0e10,1.8823233291586852e6,false,38
108.304,use_adaptive_ngroute,0.12966397609723668,0,false,5.893705882352942,false,false,10.924999999999999,false,2.253798e6,1.96156159e6,false,12
64.464,use_adaptive_ngroute,0.04989282739372092,0,false,7.836125,false,false,11.8,false,2.067456e6,1.9643047746478873e6,false,8
49.662,use_SR3_cuts,0.048278604686809445,15,false,16.389000000000003,false,false,12.25,false,2.067456e6,1.9676421090686277e6,false,0
2311.603,use_SR3_cuts,0.026072289889073064,5,false,315.0198571428572,false,false,12.25,false,2.043576e6,1.9902952941176477e6,false,0
948.469,none,0.022877338032629146,0,false,733.708,false,false,12.25,true,2.043576e6,1.996824421052632e6,false,0
