CG_time_taken,method,CG_LP_IP_gap,implemented_SR3_cuts_count,errored,CG_sp_time_taken_mean,converged,CGIP_artificial,ngroute_neighborhood_size,time_limit_reached,CGIP_objective,CGLP_objective,CGLP_artificial,cycles_lookup_length
6.336,use_adaptive_ngroute,0.34151352430789184,0,false,0.19784210526315793,false,false,5.0,false,1.66254e6,1.0947601052971575e6,false,14
3.474,use_adaptive_ngroute,0.061844558898182855,0,false,0.25954545454545463,false,false,6.8500000000000005,false,1.30669e6,1.2258783333333335e6,false,1
3.294,use_SR3_cuts,0.05782932447634859,1,false,0.3128,false,false,6.9,false,1.30669e6,1.231125e6,false,0
6.055,use_SR3_cuts,0.04670273745111697,3,false,0.5845,false,false,6.9,false,1.30669e6,1.245664e6,false,0
4.786,use_SR3_cuts,0.044660506596791216,1,false,0.7798333333333333,false,false,6.9,false,1.30518e6,1.24689e6,false,0
3.5,use_adaptive_ngroute,0.03586733886002946,0,false,1.1453333333333333,false,false,6.9,false,1.30518e6,1.2583666666666667e6,false,3
7.994,use_adaptive_ngroute,0.033755241933424496,0,false,1.5802000000000003,false,false,7.15,false,1.30518e6,1.261123333333333e6,false,1
14.324,use_adaptive_ngroute,0.028218330038768724,0,false,2.8192,false,false,7.25,false,1.30518e6,1.2683499999999998e6,false,1
2.548,use_SR3_cuts,0.028039920054814482,3,false,2.533,false,false,7.45,false,1.30518e6,1.2685828571428573e6,false,0
15.839,use_SR3_cuts,0.0267978363137652,1,false,3.934,false,false,7.45,false,1.30518e6,1.270204e6,false,0
21.781,use_SR3_cuts,0.025731316753244804,10,false,5.41925,false,false,7.45,false,1.30518e6,1.271596e6,false,0
25.632,use_SR3_cuts,0.022556275762730005,1,false,8.497,false,false,7.45,false,1.30518e6,1.27574e6,false,0
17.069,use_adaptive_ngroute,0.02232769937224499,0,false,8.504499999999998,false,false,7.45,false,1.30518e6,1.2760383333333333e6,false,1
69.029,use_SR3_cuts,0.012078464752766527,1,false,13.6894,false,false,7.5,false,1.2923e6,1.2766909999999998e6,false,0
34.771,use_SR3_cuts,0.012078464752766416,1,false,11.562999999999999,false,false,7.5,false,1.2923e6,1.276691e6,false,0
18.866,use_SR3_cuts,0.011818721143181499,1,false,9.4145,false,false,7.5,false,1.2923e6,1.2770266666666665e6,false,0
56.792,use_SR3_cuts,0.011320900719647087,10,false,18.873,false,false,7.5,false,1.2923e6,1.27767e6,false,0
118.969,use_adaptive_ngroute,0.005543810776651226,0,false,39.577,false,false,7.5,false,1.2923e6,1.2851357333333336e6,false,1
111.823,use_SR3_cuts,0.005493209781010644,5,false,37.215333333333334,false,false,7.550000000000001,false,1.2923e6,1.285201125e6,false,0
409.515,use_SR3_cuts,0.004550027083494501,7,false,81.79580000000001,false,false,7.550000000000001,false,1.2923e6,1.28642e6,false,0
194.342,use_SR3_cuts,0.004501663700377856,10,false,48.3555,false,false,7.550000000000001,false,1.2923e6,1.2864825000000016e6,false,0
232.247,none,0.003470556372360045,0,false,116.04350000000001,false,false,7.550000000000001,false,1.2923e6,1.287814999999999e6,false,0
