CG_time_taken,method,CG_LP_IP_gap,implemented_SR3_cuts_count,errored,CG_sp_time_taken_mean,converged,CGIP_artificial,ngroute_neighborhood_size,time_limit_reached,CGIP_objective,CGLP_objective,CGLP_artificial,cycles_lookup_length
58.328,use_adaptive_ngroute,0.9999694007872182,0,false,0.7413703703703701,false,true,7.000000000000001,false,6.0e10,1.835952766905866e6,false,39
56.823,use_adaptive_ngroute,0.14122366430185052,0,false,2.9907647058823525,false,false,10.075,false,2.229118e6,1.9143137878787876e6,false,7
38.468,use_adaptive_ngroute,0.14056202198956436,0,false,4.097222222222222,false,false,10.600000000000001,false,2.229118e6,1.9157886666666663e6,false,2
17.199,use_SR3_cuts,0.14047152281754494,9,false,4.230249999999999,false,false,11.0,false,2.229118e6,1.9159904e6,false,0
785.605,use_adaptive_ngroute,0.012797215432464704,0,false,129.45050000000003,false,false,11.0,false,1.970288e6,1.9450738e6,false,3
571.899,use_SR3_cuts,0.0121422181258104,1,false,141.98274999999998,false,false,11.075000000000001,false,1.970288e6,1.9463643333333333e6,false,0
1023.659,use_adaptive_ngroute,0.009841992642700137,0,false,255.53799999999998,false,false,11.075000000000001,false,1.970288e6,1.9508964399999997e6,false,1
520.779,use_SR3_cuts,0.009841992642700026,3,false,173.40466666666669,false,false,11.25,false,1.970288e6,1.95089644e6,false,0
372.51,use_SR3_cuts,0.00935735152391659,1,false,186.12900000000002,false,false,11.25,false,1.970288e6,1.9518513225806453e6,false,0
124.952,none,0.009302531744936116,0,false,NaN,false,false,11.25,true,1.970288e6,1.9519593333333333e6,false,0
