CG_time_taken,method,CG_LP_IP_gap,implemented_SR3_cuts_count,errored,CG_sp_time_taken_mean,converged,CGIP_artificial,ngroute_neighborhood_size,time_limit_reached,CGIP_objective,CGLP_objective,CGLP_artificial,cycles_lookup_length
105.216,use_adaptive_ngroute,0.9999655017382947,0,false,1.2373870967741936,false,true,7.000000000000001,false,6.0e10,2.0698957023212626e6,false,37
96.267,use_adaptive_ngroute,0.17782790525226533,0,false,4.856111111111111,false,false,10.375,false,2.6248e6,2.158037314293854e6,false,18
121.897,use_adaptive_ngroute,0.15158653479978246,0,false,15.063875,false,false,11.525,false,2.54627e6,2.160289754035358e6,false,9
87.135,use_adaptive_ngroute,0.15118210426270773,0,false,17.361399999999996,false,false,12.149999999999999,false,2.54627e6,2.1613195433789953e6,false,2
23.445,use_SR3_cuts,0.1511821042627075,12,false,23.378,false,false,12.35,false,2.54627e6,2.1613195433789957e6,false,0
2981.602,use_adaptive_ngroute,0.05719603564711084,0,false,411.0222857142856,false,false,12.35,false,2.306313e6,2.174401039438605e6,false,5
126.38,none,0.056847921255768985,0,false,NaN,false,false,12.524999999999999,true,2.306313e6,2.1752039001848437e6,false,0
