CG_time_taken,method,CG_LP_IP_gap,implemented_SR3_cuts_count,errored,CG_sp_time_taken_mean,converged,CGIP_artificial,ngroute_neighborhood_size,time_limit_reached,CGIP_objective,CGLP_objective,CGLP_artificial,cycles_lookup_length
78.49,use_adaptive_ngroute,0.9999675953540115,0,false,1.2089655172413794,false,true,7.000000000000001,false,6.0e10,1.9442787593122276e6,false,36
224.786,use_adaptive_ngroute,0.17032550679037617,0,false,9.354565217391306,false,false,10.200000000000001,false,2.43551e6,2.020680524956971e6,false,17
63.192,use_adaptive_ngroute,0.16709293485203025,0,false,8.854142857142858,false,false,10.975000000000001,false,2.43551e6,2.0285534862385318e6,false,6
51.619,use_SR3_cuts,0.16160944518597797,14,false,17.13566666666667,false,false,11.15,false,2.41991e6,2.0288296875e6,false,0
3156.733,none,0.05753402658691287,0,false,380.6826249999999,false,false,11.15,true,2.17132e6,2.0463952173913044e6,false,0
