CG_time_taken,method,CG_LP_IP_gap,implemented_SR3_cuts_count,errored,CG_sp_time_taken_mean,converged,CGIP_artificial,ngroute_neighborhood_size,time_limit_reached,CGIP_objective,CGLP_objective,CGLP_artificial,cycles_lookup_length
62.545,use_adaptive_ngroute,0.9999673380961638,0,false,0.9728275862068966,false,true,7.000000000000001,false,6.0e10,1.9597142301725813e6,false,40
84.093,use_adaptive_ngroute,0.0613623534430926,0,false,3.553318181818182,false,false,10.9,false,2.17618e6,2.0426444736842108e6,false,22
54.322,use_adaptive_ngroute,0.031036021457100382,0,false,8.934166666666666,false,false,12.975,false,2.11597e6,2.0502987096774194e6,false,3
35.97,use_SR3_cuts,0.0306419237060771,9,false,11.902333333333331,false,false,13.250000000000002,false,2.11597e6,2.051132608695652e6,false,0
400.439,use_SR3_cuts,0.02424577538118855,3,false,56.591571428571434,false,false,13.250000000000002,false,2.11597e6,2.0646666666666665e6,false,0
361.363,use_SR3_cuts,0.023932286374570566,2,false,89.72474999999999,false,false,13.250000000000002,false,2.11597e6,2.06533e6,false,0
738.001,use_SR3_cuts,0.023324999881850883,2,false,183.20250000000001,false,false,13.250000000000002,false,2.11597e6,2.066615e6,false,0
997.693,use_SR3_cuts,0.023324999881850883,1,false,249.104,false,false,13.250000000000002,false,2.11597e6,2.066615e6,false,0
851.171,none,0.020156240400383774,0,false,351.356,false,false,13.250000000000002,true,2.11597e6,2.07332e6,false,0
