CG_time_taken,method,CG_LP_IP_gap,implemented_SR3_cuts_count,errored,CG_sp_time_taken_mean,converged,CGIP_artificial,ngroute_neighborhood_size,time_limit_reached,CGIP_objective,CGLP_objective,CGLP_artificial,cycles_lookup_length
65.082,use_adaptive_ngroute,0.999968376430835,0,false,1.13148,false,true,7.000000000000001,false,6.0e10,1.8974141498978552e6,false,39
189.867,use_adaptive_ngroute,0.08811803340270197,0,false,7.407749999999999,false,false,11.975,false,2.17595e6,1.9842095652173907e6,false,4
43.861,use_SR3_cuts,0.08790470828833363,8,false,5.961714285714287,false,false,12.225,false,2.17595e6,1.9846737500000005e6,false,0
337.906,use_adaptive_ngroute,0.03919112311861106,0,false,40.502624999999995,false,false,12.225,false,2.07648e6,1.9951004166666665e6,false,1
229.231,use_SR3_cuts,0.03919112311861106,3,false,44.9722,false,false,12.25,false,2.07648e6,1.9951004166666665e6,false,0
307.006,use_adaptive_ngroute,0.034959228938338915,0,false,100.98566666666667,false,false,12.25,false,2.07648e6,2.003887860294118e6,false,3
291.969,use_SR3_cuts,0.034864289566959084,2,false,72.4055,false,false,12.45,false,2.07648e6,2.0040850000000007e6,false,0
954.715,use_adaptive_ngroute,0.013988067137646554,0,false,237.55875,false,false,12.45,false,2.03678e6,2.0082893846153843e6,false,6
419.159,use_adaptive_ngroute,0.013969950585388413,0,false,139.53766666666667,false,false,12.600000000000001,false,2.03678e6,2.0083262840466925e6,false,2
246.243,use_adaptive_ngroute,0.013952874037750473,0,false,122.88850000000001,false,false,12.675,false,2.03678e6,2.0083610652173907e6,false,1
349.571,use_SR3_cuts,0.01395287403775003,5,false,174.51149999999998,false,false,12.7,false,2.03678e6,2.0083610652173916e6,false,0
132.725,none,0.012988622000039585,0,false,NaN,false,false,12.7,true,2.03678e6,2.0103250344827594e6,false,0
