CG_time_taken,method,CG_LP_IP_gap,implemented_SR3_cuts_count,errored,CG_sp_time_taken_mean,converged,CGIP_artificial,ngroute_neighborhood_size,time_limit_reached,CGIP_objective,CGLP_objective,CGLP_artificial,cycles_lookup_length
54.967,use_adaptive_ngroute,0.9999660838688381,0,false,0.7349687500000001,false,true,7.000000000000001,false,6.0e10,2.0349678697152522e6,false,32
116.98,use_adaptive_ngroute,0.23083654241371876,0,false,5.066363636363636,false,false,9.275,false,2.715e6,2.0882787873467535e6,false,18
173.727,use_adaptive_ngroute,0.18227229950961177,0,false,19.192666666666664,false,false,10.85,false,2.567967e6,2.0998977498452007e6,false,4
105.011,use_adaptive_ngroute,0.1779505524250189,0,false,20.9098,false,false,11.075000000000001,false,2.555034e6,2.100364288235294e6,false,6
52.556,use_SR3_cuts,0.17793647393370915,11,false,17.389666666666667,false,false,11.25,false,2.555034e6,2.1004002592592593e6,false,0
2487.982,use_adaptive_ngroute,0.09102586903157939,0,false,353.4254285714285,false,false,11.25,false,2.343386e6,2.130077252873563e6,false,3
583.17,none,0.09081304648023436,0,false,436.82,false,false,11.425,true,2.343386e6,2.1305759782608696e6,false,0
