CG_time_taken,method,CG_LP_IP_gap,implemented_SR3_cuts_count,errored,CG_sp_time_taken_mean,converged,CGIP_artificial,ngroute_neighborhood_size,time_limit_reached,CGIP_objective,CGLP_objective,CGLP_artificial,cycles_lookup_length
96.425,use_adaptive_ngroute,0.9999705757077887,0,false,1.3274838709677423,false,true,7.000000000000001,false,6.0e10,1.7654575326797385e6,false,29
44.663,use_adaptive_ngroute,0.1716575103512772,0,false,1.7171499999999997,false,false,8.524999999999999,false,2.240674e6,1.8560454796511624e6,false,18
61.996,use_adaptive_ngroute,0.17112357807245204,0,false,5.525818181818182,false,false,9.825000000000001,false,2.240674e6,1.8572418478260867e6,false,2
23.836,use_SR3_cuts,0.17100657230465344,11,false,4.6288,false,false,9.925,false,2.240674e6,1.857504019607843e6,false,0
1459.688,use_adaptive_ngroute,0.019238821980789966,0,false,127.60254545454546,false,false,9.925,false,1.93383e6,1.896625388888889e6,false,3
547.662,use_adaptive_ngroute,0.018647226083674417,0,false,135.3485,false,false,10.049999999999999,false,1.93383e6,1.897769434782608e6,false,2
354.642,use_adaptive_ngroute,0.0185880868535494,0,false,88.251,false,false,10.149999999999999,false,1.93383e6,1.8978838000000005e6,false,2
262.115,use_adaptive_ngroute,0.01857319412771452,0,false,87.18433333333333,false,false,10.524999999999999,false,1.93383e6,1.8979126000000017e6,false,2
242.595,use_adaptive_ngroute,0.018554999294516095,0,false,80.72566666666665,false,false,10.575000000000001,false,1.93383e6,1.897947785714286e6,false,2
124.919,use_SR3_cuts,0.018516794823404403,2,false,62.153,false,false,10.675,false,1.93383e6,1.8980216666666558e6,false,0
361.468,none,0.013923968619420801,0,false,155.817,false,false,10.675,true,1.93383e6,1.9069034117647056e6,false,0
