CG_time_taken,method,CG_LP_IP_gap,implemented_SR3_cuts_count,errored,CG_sp_time_taken_mean,converged,CGIP_artificial,ngroute_neighborhood_size,time_limit_reached,CGIP_objective,CGLP_objective,CGLP_artificial,cycles_lookup_length
77.094,use_adaptive_ngroute,0.9999659068644149,0,false,1.27448275862069,false,true,7.000000000000001,false,6.0e10,2.045588135107986e6,false,40
481.397,use_adaptive_ngroute,0.12134707077746831,0,false,26.369,false,false,11.4,false,2.364632e6,2.0776908333333335e6,false,14
530.957,use_adaptive_ngroute,0.11911695162526592,0,false,48.04518181818182,false,false,12.025,false,2.364632e6,2.082964244444444e6,false,9
497.913,use_adaptive_ngroute,0.11857845694091218,0,false,61.95712499999999,false,false,12.325,false,2.364632e6,2.084237586206897e6,false,4
476.023,use_adaptive_ngroute,0.1179404135143769,0,false,79.01883333333335,false,false,12.45,false,2.364632e6,2.0857463241106719e6,false,7
143.956,use_SR3_cuts,0.11791524713641,11,false,47.91933333333333,false,false,12.675,false,2.364632e6,2.0858058333333365e6,false,0
1364.133,none,0.07109393589551538,0,false,532.6645000000001,false,false,12.675,true,2.26942e6,2.1080779999999995e6,false,0
