CG_time_taken,method,CG_LP_IP_gap,implemented_SR3_cuts_count,errored,CG_sp_time_taken_mean,converged,CGIP_artificial,ngroute_neighborhood_size,time_limit_reached,CGIP_objective,CGLP_objective,CGLP_artificial,cycles_lookup_length
29.981,use_adaptive_ngroute,0.23709669065147287,0,false,0.4941481481481481,false,false,7.000000000000001,false,2.79162e6,2.1297361364435353e6,false,32
34.852,use_adaptive_ngroute,0.15665826947559625,0,false,2.489615384615385,false,false,8.424999999999999,false,2.60975e6,2.2009110812360626e6,false,16
33.454,use_adaptive_ngroute,0.11876580516331348,0,false,5.418,false,false,9.525,false,2.503348e6,2.2060358591760295e6,false,2
20.26,use_adaptive_ngroute,0.11869604226020491,0,false,4.96525,false,false,9.575,false,2.503348e6,2.2062105000000005e6,false,1
14.144,use_adaptive_ngroute,0.11867554623022747,0,false,7.016,false,false,9.6,false,2.503348e6,2.2062618086956525e6,false,2
11.356,use_SR3_cuts,0.1186726688559856,16,false,5.619,false,false,9.75,false,2.503348e6,2.206269011764706e6,false,0
596.556,use_adaptive_ngroute,0.01174820693853973,0,false,79.4217142857143,false,false,9.75,false,2.27755e6,2.250792871287129e6,false,11
346.157,use_SR3_cuts,0.011591168872984947,1,false,68.481,false,false,10.35,false,2.27755e6,2.251150533333333e6,false,0
221.731,use_SR3_cuts,0.010439287831222166,10,false,73.59233333333334,false,false,10.35,false,2.27755e6,2.253774e6,false,0
2266.924,none,0.007785991142668314,0,false,429.21299999999997,false,false,10.35,true,2.27755e6,2.259817015873016e6,false,0
