CG_time_taken,method,CG_LP_IP_gap,implemented_SR3_cuts_count,errored,CG_sp_time_taken_mean,converged,CGIP_artificial,ngroute_neighborhood_size,time_limit_reached,CGIP_objective,CGLP_objective,CGLP_artificial,cycles_lookup_length
66.943,use_adaptive_ngroute,0.9999687278185375,0,false,1.29,false,true,7.000000000000001,false,6.0e10,1.8763308877467103e6,false,29
66.009,use_adaptive_ngroute,0.18914316247390606,0,false,3.2262631578947367,false,false,9.450000000000001,false,2.39965e6,1.9457726101694913e6,false,16
123.766,use_adaptive_ngroute,0.12988181874727878,0,false,8.68107142857143,false,false,10.775,false,2.25078e6,1.9584445999999999e6,false,12
39.537,use_SR3_cuts,0.12971925288122277,8,false,9.8215,false,false,11.25,false,2.25078e6,1.9588105000000014e6,false,0
1095.224,use_adaptive_ngroute,0.08789638129514799,0,false,135.55850000000004,false,false,11.25,false,2.16762e6,1.9770940459770113e6,false,3
393.772,use_SR3_cuts,0.08781454108910036,10,false,131.07566666666665,false,false,11.450000000000001,false,2.16762e6,1.9772714444444443e6,false,0
1792.226,none,0.07668120039736648,0,false,379.59133333333335,false,false,11.450000000000001,true,2.1439e6,1.979503174468086e6,false,0
