CG_time_taken,method,CG_LP_IP_gap,implemented_SR3_cuts_count,errored,CG_sp_time_taken_mean,converged,CGIP_artificial,ngroute_neighborhood_size,time_limit_reached,CGIP_objective,CGLP_objective,CGLP_artificial,cycles_lookup_length
5.968,use_adaptive_ngroute,0.3584926865846946,0,false,0.21576470588235294,false,false,5.0,false,1.80441e6,1.1575422113997112e6,false,20
5.671,use_adaptive_ngroute,0.070959436322929,0,false,0.39230769230769236,false,false,7.799999999999999,false,1.5186e6,1.410841e6,false,13
1.13,use_SR3_cuts,0.057460819175556455,1,false,0.5535,false,false,9.65,false,1.5186e6,1.43134e6,false,0
8.585,use_adaptive_ngroute,0.02161911452755927,0,false,1.4068333333333334,false,false,9.65,false,1.46611e6,1.434414e6,false,2
3.25,none,0.020360000272830803,0,false,0.80275,false,false,9.75,false,1.46611e6,1.43626e6,false,0
