CG_time_taken,method,CG_LP_IP_gap,implemented_SR3_cuts_count,errored,CG_sp_time_taken_mean,converged,CGIP_artificial,ngroute_neighborhood_size,time_limit_reached,CGIP_objective,CGLP_objective,CGLP_artificial,cycles_lookup_length
85.92,use_adaptive_ngroute,0.9999670952740948,0,false,1.0349756097560976,false,true,7.000000000000001,false,6.0e10,1.974283554310548e6,false,30
106.361,use_adaptive_ngroute,0.21802222311444674,0,false,4.762904761904761,false,false,9.0,false,2.62196e6,2.0503144518828453e6,false,12
78.449,use_adaptive_ngroute,0.21497626666505876,0,false,11.067428571428568,false,false,9.6,false,2.62196e6,2.0583008278548825e6,false,8
42.999,use_adaptive_ngroute,0.21412252568151213,0,false,10.67975,false,false,10.125,false,2.62196e6,2.0605393025641025e6,false,3
34.413,use_adaptive_ngroute,0.21406470751689288,0,false,11.407000000000002,false,false,10.200000000000001,false,2.62196e6,2.0606908994790076e6,false,2
43.592,use_adaptive_ngroute,0.21405872483521382,0,false,14.471333333333332,false,false,10.35,false,2.62196e6,2.0607065858310626e6,false,6
24.098,use_SR3_cuts,0.21405454315204486,20,false,11.9835,false,false,10.575000000000001,false,2.62196e6,2.0607175500370646e6,false,0
3158.445,none,0.144911294713311,0,false,NaN,false,false,10.575000000000001,true,2.62196e6,2.242008381713487e6,false,0
