CG_time_taken,method,CG_LP_IP_gap,implemented_SR3_cuts_count,errored,CG_sp_time_taken_mean,converged,CGIP_artificial,ngroute_neighborhood_size,time_limit_reached,CGIP_objective,CGLP_objective,CGLP_artificial,cycles_lookup_length
93.853,use_adaptive_ngroute,0.9999687860112838,0,false,1.2539687499999996,false,true,7.000000000000001,false,6.0e10,1.8728393229692038e6,false,31
54.124,use_adaptive_ngroute,0.23910608287055835,0,false,2.779058823529412,false,false,8.825,false,2.585226e6,1.967082737804878e6,false,11
61.57,use_adaptive_ngroute,0.23784505977156234,0,false,6.0001999999999995,false,false,9.674999999999999,false,2.585226e6,1.970342767507003e6,false,15
96.165,use_SR3_cuts,0.23659539747538816,10,false,11.9335,false,false,11.725,false,2.585226e6,1.973573426966292e6,false,0
1698.855,use_adaptive_ngroute,0.10399403751300995,0,false,181.61022222222218,false,false,11.725,false,2.218146e6,1.987472041666667e6,false,5
632.365,use_adaptive_ngroute,0.1039416440286095,0,false,105.02916666666667,false,false,11.875,false,2.218146e6,1.987588258064516e6,false,3
700.272,use_SR3_cuts,0.1039112989400901,3,false,174.6195,false,false,11.95,false,2.218146e6,1.9876555679012348e6,false,0
189.249,none,0.1036491235873962,0,false,NaN,false,false,11.95,true,2.218146e6,1.9882371111111115e6,false,0
