CG_time_taken,method,CG_LP_IP_gap,implemented_SR3_cuts_count,errored,CG_sp_time_taken_mean,converged,CGIP_artificial,ngroute_neighborhood_size,time_limit_reached,CGIP_objective,CGLP_objective,CGLP_artificial,cycles_lookup_length
48.208,use_adaptive_ngroute,0.29975946315108615,0,false,0.6968965517241379,false,false,7.000000000000001,false,2.64698e6,1.853522696228338e6,false,30
90.547,use_adaptive_ngroute,0.10018726527787891,0,false,4.1203,false,false,8.35,false,2.15242e6,1.936774926470588e6,false,20
101.486,use_adaptive_ngroute,0.052509106499229685,0,false,9.007181818181818,false,false,10.475,false,2.06359e6,1.9552327329192546e6,false,4
39.203,use_SR3_cuts,0.05196121826840816,11,false,6.297666666666666,false,false,10.975000000000001,false,2.06359e6,1.9563633495934957e6,false,0
1131.72,use_adaptive_ngroute,0.039789880741814,0,false,137.62387499999997,false,false,10.975000000000001,false,2.06359e6,1.98148e6,false,1
329.664,use_adaptive_ngroute,0.03929906942108996,0,false,109.56400000000001,false,false,11.0,false,2.06359e6,1.982492833333333e6,false,5
230.311,use_SR3_cuts,0.037283996456487944,7,false,114.97800000000001,false,false,11.275,false,2.05955e6,1.9827617450980402e6,false,0
1035.701,use_SR3_cuts,0.03658320032655604,3,false,258.2095,false,false,11.275,false,2.05955e6,1.9842050697674416e6,false,0
573.306,none,0.03654768166724598,0,false,378.014,false,false,11.275,true,2.05955e6,1.9842782222222236e6,false,0
