CG_time_taken,method,CG_LP_IP_gap,implemented_SR3_cuts_count,errored,CG_sp_time_taken_mean,converged,CGIP_artificial,ngroute_neighborhood_size,time_limit_reached,CGIP_objective,CGLP_objective,CGLP_artificial,cycles_lookup_length
102.043,use_adaptive_ngroute,0.9999675667832925,0,false,1.8459999999999996,false,true,7.000000000000001,false,6.0e10,1.9459930024493404e6,false,38
205.572,use_adaptive_ngroute,0.07642074215601391,0,false,8.767190476190478,false,false,11.325,false,2.20375e6,2.0353377894736843e6,false,18
136.188,use_adaptive_ngroute,0.06895232928062345,0,false,11.885,false,false,12.775,false,2.20375e6,2.0517963043478262e6,false,6
127.309,use_adaptive_ngroute,0.06891406693136715,0,false,13.949333333333334,false,false,13.3,false,2.20375e6,2.0518806249999998e6,false,1
47.351,use_adaptive_ngroute,0.06885168678929343,0,false,15.689000000000002,false,false,13.325000000000001,false,2.20375e6,2.0520180952380947e6,false,5
34.964,use_SR3_cuts,0.06884979607271147,9,false,11.563,false,false,13.55,false,2.20375e6,2.0520222619047621e6,false,0
585.044,use_SR3_cuts,0.06542907234569162,4,false,62.94000000000001,false,false,13.55,false,2.20375e6,2.059560681818182e6,false,0
296.601,use_SR3_cuts,0.065382744059999,10,false,73.82324999999999,false,false,13.55,false,2.20375e6,2.0596627777777773e6,false,0
340.649,use_SR3_cuts,0.06365513329551897,1,false,84.66574999999999,false,false,13.55,false,2.20375e6,2.06347e6,false,0
205.061,use_SR3_cuts,0.06365513329551953,10,false,67.93933333333334,false,false,13.55,false,2.20375e6,2.0634699999999988e6,false,0
677.739,use_adaptive_ngroute,0.06267347324635986,0,false,222.18366666666665,false,false,13.55,false,2.20375e6,2.0656333333333344e6,false,4
312.29,use_adaptive_ngroute,0.06258477595008527,0,false,155.9585,false,false,13.674999999999999,false,2.20375e6,2.0658287999999996e6,false,3
492.164,none,0.06245158449229504,0,false,417.228,false,false,13.75,true,2.20375e6,2.0661223206751049e6,false,0
