CG_time_taken,method,CG_LP_IP_gap,implemented_SR3_cuts_count,errored,CG_sp_time_taken_mean,converged,CGIP_artificial,ngroute_neighborhood_size,time_limit_reached,CGIP_objective,CGLP_objective,CGLP_artificial,cycles_lookup_length
69.851,use_adaptive_ngroute,0.30269496976433974,0,false,1.0210384615384616,false,false,7.000000000000001,false,2.92129e6,2.037030211777132e6,false,39
140.915,use_adaptive_ngroute,0.14434076987561606,0,false,8.461499999999997,false,false,11.475,false,2.413e6,2.0647057222901385e6,false,22
150.583,use_adaptive_ngroute,0.05987257868854956,0,false,16.459222222222223,false,false,13.0,false,2.22008e6,2.0871580855051249e6,false,16
110.164,use_SR3_cuts,0.019351717430504345,10,false,27.459,false,false,13.950000000000001,false,2.129592e6,2.0883807373737374e6,false,0
574.925,none,0.009597795830256217,0,false,94.32816666666666,false,false,13.950000000000001,false,2.11236e6,2.092086e6,false,0
