CG_time_taken,method,CG_LP_IP_gap,implemented_SR3_cuts_count,errored,CG_sp_time_taken_mean,converged,CGIP_artificial,ngroute_neighborhood_size,time_limit_reached,CGIP_objective,CGLP_objective,CGLP_artificial,cycles_lookup_length
98.384,use_adaptive_ngroute,0.3483602347488167,0,false,1.1785277777777776,false,false,7.000000000000001,false,2.82978e6,1.8439971749124934e6,false,35
195.516,use_adaptive_ngroute,0.195857736460314,0,false,7.413791666666665,false,false,11.0,false,2.3665e6,1.903002666666667e6,false,16
196.885,use_adaptive_ngroute,0.13179324527483216,0,false,14.660846153846151,false,false,12.600000000000001,false,2.21962e6,1.927089076923077e6,false,12
175.778,use_adaptive_ngroute,0.12997112922804033,0,false,29.016833333333334,false,false,13.425,false,2.21962e6,1.931133482142857e6,false,8
156.129,use_SR3_cuts,0.12979691200578514,12,false,38.89525,false,false,14.4,false,2.21962e6,1.9315201781737192e6,false,0
2743.478,none,0.11295548406233702,0,false,434.805,false,false,14.4,true,2.19135e6,1.9438249999999977e6,false,0
