CG_time_taken,method,CG_LP_IP_gap,implemented_SR3_cuts_count,errored,CG_sp_time_taken_mean,converged,CGIP_artificial,ngroute_neighborhood_size,time_limit_reached,CGIP_objective,CGLP_objective,CGLP_artificial,cycles_lookup_length
50.59,use_adaptive_ngroute,0.9999674458529321,0,false,0.6696428571428572,false,true,7.000000000000001,false,6.0e10,1.9532488240740742e6,false,23
45.031,use_adaptive_ngroute,0.0784211227157744,0,false,1.7676666666666667,false,false,8.3,false,2.19452e6,2.0224232777777787e6,false,13
20.466,use_SR3_cuts,0.07802457940688623,5,false,1.6384444444444441,false,false,9.775,false,2.19452e6,2.0232935e6,false,0
149.174,use_SR3_cuts,0.07073199505029715,7,false,13.6904,false,false,9.775,false,2.19452e6,2.039297222222222e6,false,0
105.888,use_SR3_cuts,0.07016619174630945,2,false,12.567875,false,false,9.775,false,2.19452e6,2.040538888888889e6,false,0
59.68,use_adaptive_ngroute,0.07016619174630967,0,false,14.189499999999999,false,false,9.775,false,2.19452e6,2.0405388888888885e6,false,2
33.685,use_SR3_cuts,0.07016619174630923,10,false,11.027000000000001,false,false,9.825000000000001,false,2.19452e6,2.0405388888888895e6,false,0
205.134,use_SR3_cuts,0.06977415297812051,10,false,49.8325,false,false,9.825000000000001,false,2.19452e6,2.041399225806455e6,false,0
228.145,use_SR3_cuts,0.06875140501491528,10,false,45.21099999999999,false,false,9.825000000000001,false,2.19452e6,2.0436436666666681e6,false,0
385.582,use_adaptive_ngroute,0.04153169195412598,0,false,76.9012,false,false,9.825000000000001,false,2.13459e6,2.0459368656716421e6,false,4
250.273,use_adaptive_ngroute,0.04142911897407242,0,false,83.07033333333334,false,false,10.0,false,2.13459e6,2.0461558169291348e6,false,4
276.982,use_SR3_cuts,0.04142425358890656,1,false,138.14399999999998,false,false,10.225,false,2.13459e6,2.046166202531656e6,false,0
161.214,use_SR3_cuts,0.041424253588912,10,false,160.947,false,false,10.225,false,2.13459e6,2.0461662025316444e6,false,0
824.482,use_SR3_cuts,0.040849122797475546,1,false,274.071,false,false,10.225,false,2.13459e6,2.0473938709677367e6,false,0
736.656,none,0.01436590973698082,0,false,257.598,false,false,10.225,true,2.0775e6,2.0476548225214223e6,false,0
