CG_time_taken,method,CG_LP_IP_gap,implemented_SR3_cuts_count,errored,CG_sp_time_taken_mean,converged,CGIP_artificial,ngroute_neighborhood_size,time_limit_reached,CGIP_objective,CGLP_objective,CGLP_artificial,cycles_lookup_length
105.55,use_adaptive_ngroute,0.9999723146033334,0,false,1.124642857142857,false,true,7.000000000000001,false,6.0e10,1.6611237999999998e6,false,36
137.279,use_adaptive_ngroute,0.18384964145124694,0,false,7.9206875,false,false,11.299999999999999,false,2.21223e6,1.805512307692308e6,false,18
96.672,use_adaptive_ngroute,0.14631788319488626,0,false,9.4799,false,false,13.049999999999999,false,2.117466e6,1.807642857142857e6,false,6
60.927,use_SR3_cuts,0.14613452536611626,5,false,15.12275,false,false,14.3,false,2.117466e6,1.8080311111111112e6,false,0
1141.259,none,0.0,0,false,160.83514285714287,true,false,14.3,false,1.84859e6,1.84859e6,false,0
