CG_time_taken,method,CG_LP_IP_gap,implemented_SR3_cuts_count,errored,CG_sp_time_taken_mean,converged,CGIP_artificial,ngroute_neighborhood_size,time_limit_reached,CGIP_objective,CGLP_objective,CGLP_artificial,cycles_lookup_length
66.865,use_adaptive_ngroute,0.23119521919049746,0,false,1.0490357142857143,false,false,7.000000000000001,false,2.63925e6,2.0290680177514795e6,false,39
95.131,use_adaptive_ngroute,0.16407240506226906,0,false,6.343785714285715,false,false,11.299999999999999,false,2.455376e6,2.052516554347826e6,false,10
110.977,use_adaptive_ngroute,0.16258307578085007,0,false,13.70675,false,false,11.825000000000001,false,2.455376e6,2.0561734177215195e6,false,3
35.869,use_SR3_cuts,0.16242327871161288,12,false,17.8675,false,false,11.925,false,2.455376e6,2.0565657796101947e6,false,0
3377.684,none,0.07363939892943072,0,false,3224.511,false,false,11.925,true,2.3755e6,2.2005696078431373e6,false,0
