CG_time_taken,method,CG_LP_IP_gap,implemented_SR3_cuts_count,errored,CG_sp_time_taken_mean,converged,CGIP_artificial,ngroute_neighborhood_size,time_limit_reached,CGIP_objective,CGLP_objective,CGLP_artificial,cycles_lookup_length
124.492,use_adaptive_ngroute,0.9999670320062285,0,false,1.5299090909090909,false,true,7.000000000000001,false,6.0e10,1.9780796262886596e6,false,32
77.849,use_adaptive_ngroute,0.05805313905581644,0,false,3.4759473684210525,false,false,10.3,false,2.20017e6,2.0724432250435643e6,false,13
50.253,use_adaptive_ngroute,0.05749719902794803,0,false,4.914200000000001,false,false,11.15,false,2.20017e6,2.0736663876146795e6,false,2
17.112,use_SR3_cuts,0.05747876719095646,14,false,4.179749999999999,false,false,11.25,false,2.20017e6,2.0737069407894732e6,false,0
1192.506,use_adaptive_ngroute,0.010458698607090144,0,false,111.36149999999998,false,false,11.25,false,2.115134e6,2.093012450980391e6,false,2
185.469,use_adaptive_ngroute,0.010180158798450245,0,false,92.4995,false,false,11.75,false,2.115134e6,2.0936015999999987e6,false,1
165.752,use_SR3_cuts,0.010175560838602271,4,false,82.43499999999999,false,false,11.775,false,2.115134e6,2.0936113253012039e6,false,0
963.953,use_SR3_cuts,0.005548584628680686,10,false,192.0516,false,false,11.775,false,2.115134e6,2.103398e6,false,0
798.184,none,0.004438640697441043,0,false,293.1245,false,false,11.775,true,2.115134e6,2.105745680147059e6,false,0
