CG_time_taken,method,CG_LP_IP_gap,implemented_SR3_cuts_count,errored,CG_sp_time_taken_mean,converged,CGIP_artificial,ngroute_neighborhood_size,time_limit_reached,CGIP_objective,CGLP_objective,CGLP_artificial,cycles_lookup_length
7.721,use_adaptive_ngroute,0.3531122517278099,0,false,0.28546666666666665,false,false,5.0,false,1.90203e6,1.2303999038461538e6,false,20
6.18,use_adaptive_ngroute,0.06752815400881407,0,false,0.3783846153846153,false,false,7.95,false,1.45544e6,1.3571568235294116e6,false,3
1.327,use_adaptive_ngroute,0.06007444423392716,0,false,0.292,false,false,8.149999999999999,false,1.44768e6,1.3607114285714284e6,false,1
1.432,none,0.0,0,false,0.223,true,false,8.35,false,1.362124e6,1.362124e6,false,0
