CG_time_taken,method,CG_LP_IP_gap,implemented_SR3_cuts_count,errored,CG_sp_time_taken_mean,converged,CGIP_artificial,ngroute_neighborhood_size,time_limit_reached,CGIP_objective,CGLP_objective,CGLP_artificial,cycles_lookup_length
48.607,use_adaptive_ngroute,0.9999678104,0,false,0.7174814814814816,false,true,7.000000000000001,false,6.0e10,1.9313759999999995e6,false,23
24.06,use_adaptive_ngroute,0.1908678342032729,0,false,0.9612352941176471,false,false,8.35,false,2.409746e6,1.949803e6,false,3
8.83,use_adaptive_ngroute,0.18999319153692262,0,false,0.7463333333333333,false,false,8.424999999999999,false,2.409746e6,1.9519106666666667e6,false,19
15.88,use_SR3_cuts,0.1896739324393525,4,false,1.5925555555555555,false,false,9.275,false,2.409746e6,1.95268e6,false,0
222.162,use_adaptive_ngroute,0.11252321786737807,0,false,30.313285714285715,false,false,9.275,false,2.247356e6,1.9944762711864407e6,false,13
125.67,use_adaptive_ngroute,0.11046220609433666,0,false,20.74083333333333,false,false,10.25,false,2.247356e6,1.9991080983606558e6,false,5
55.696,use_SR3_cuts,0.11043179113015311,11,false,18.409333333333333,false,false,10.75,false,2.247356e6,1.9991764516129037e6,false,0
162.704,use_adaptive_ngroute,0.07311917865236095,0,false,49.104000000000006,false,false,10.75,false,2.1623e6,2.0041944e6,false,1
634.922,use_adaptive_ngroute,0.07212898302733206,0,false,153.92125000000001,false,false,10.775,false,2.1623e6,2.0063355e6,false,2
506.83,use_SR3_cuts,0.07165822107412079,3,false,126.488,false,false,10.95,false,2.1623e6,2.0073534285714286e6,false,0
991.767,use_SR3_cuts,0.02742975774426637,5,false,197.01940000000002,false,false,10.95,false,2.07164e6,2.014815416666668e6,false,0
771.619,none,0.02662161379390071,0,false,NaN,false,false,10.95,true,2.07164e6,2.0164896000000036e6,false,0
