CG_time_taken,method,CG_LP_IP_gap,implemented_SR3_cuts_count,errored,CG_sp_time_taken_mean,converged,CGIP_artificial,ngroute_neighborhood_size,time_limit_reached,CGIP_objective,CGLP_objective,CGLP_artificial,cycles_lookup_length
58.589,use_adaptive_ngroute,0.9999678662707756,0,false,0.8444827586206897,false,true,7.000000000000001,false,6.0e10,1.928023753462604e6,false,37
83.876,use_adaptive_ngroute,0.18922816237054696,0,false,4.223888888888889,false,false,9.475,false,2.48318e6,2.0132924117647053e6,false,7
32.96,use_adaptive_ngroute,0.1620149555466608,0,false,5.380833333333333,false,false,10.0,false,2.40751e6,2.0174573743718588e6,false,6
43.054,use_SR3_cuts,0.14518258525456185,10,false,6.011142857142857,false,false,10.35,false,2.363552e6,2.0204054102564098e6,false,0
331.126,use_SR3_cuts,0.09033547668089248,3,false,44.88400000000001,false,false,10.35,false,2.239982e6,2.0376321582733812e6,false,0
282.443,use_SR3_cuts,0.08995165819997408,2,false,66.98875,false,false,10.35,false,2.239982e6,2.0384919047619055e6,false,0
335.285,use_adaptive_ngroute,0.08403365326446999,0,false,55.65883333333334,false,false,10.35,false,2.22862e6,2.0413409196617368e6,false,4
231.769,use_SR3_cuts,0.08401258345784379,3,false,57.62650000000001,false,false,10.725,false,2.22862e6,2.0413878762541802e6,false,0
418.899,use_SR3_cuts,0.0839015567929926,1,false,139.18166666666667,false,false,10.725,false,2.22862e6,2.041635312500001e6,false,0
593.314,use_adaptive_ngroute,0.08330529691730792,0,false,145.5865,false,false,10.725,false,2.22862e6,2.0429641491841492e6,false,2
876.59,use_SR3_cuts,0.08328164879977284,1,false,216.86225,false,false,11.225,false,2.22862e6,2.0430168518518503e6,false,0
222.742,none,0.0831894230242477,0,false,NaN,false,false,11.225,true,2.22862e6,2.043222388059701e6,false,0
