CG_time_taken,method,CG_LP_IP_gap,implemented_SR3_cuts_count,errored,CG_sp_time_taken_mean,converged,CGIP_artificial,ngroute_neighborhood_size,time_limit_reached,CGIP_objective,CGLP_objective,CGLP_artificial,cycles_lookup_length
143.552,use_adaptive_ngroute,0.3352189694465745,0,false,1.7205625,false,false,7.000000000000001,false,2.78384e6,1.8506440240958482e6,false,30
161.693,use_adaptive_ngroute,0.15253531873806414,0,false,8.261277777777778,false,false,9.0,false,2.31494e6,1.9618298892405059e6,false,14
129.677,use_adaptive_ngroute,0.15002081308132498,0,false,12.8003,false,false,10.524999999999999,false,2.31494e6,1.9676508189655175e6,false,11
53.525,use_adaptive_ngroute,0.1478555823872273,0,false,13.258,false,false,11.075000000000001,false,2.31494e6,1.972663198108512e6,false,3
60.748,use_adaptive_ngroute,0.14733314079517446,0,false,15.08825,false,false,11.15,false,2.31494e6,1.973872619047619e6,false,6
30.848,use_adaptive_ngroute,0.14712478227438341,0,false,15.343499999999999,false,false,11.9,false,2.31494e6,1.9743549565217388e6,false,3
98.501,use_adaptive_ngroute,0.14711741849420867,0,false,24.53025,false,false,12.225,false,2.31494e6,1.9743720032310165e6,false,3
69.992,use_adaptive_ngroute,0.14692778214554159,0,false,17.445999999999998,false,false,12.3,false,2.31494e6,1.974811e6,false,2
28.58,use_adaptive_ngroute,0.14688242655312278,0,false,28.497,false,false,12.35,false,2.31494e6,1.9749159954751139e6,false,1
60.131,use_adaptive_ngroute,0.14681911865515684,0,false,19.989,false,false,12.375,false,2.31494e6,1.9750625494604313e6,false,1
42.597,use_SR3_cuts,0.14681627116842177,16,false,21.229,false,false,12.4,false,2.31494e6,1.9750691412213738e6,false,0
2662.934,none,0.02807991251484554,0,false,752.4316666666667,false,false,12.4,true,2.06533e6,2.007335714285714e6,false,0
