CG_time_taken,method,CG_LP_IP_gap,implemented_SR3_cuts_count,errored,CG_sp_time_taken_mean,converged,CGIP_artificial,ngroute_neighborhood_size,time_limit_reached,CGIP_objective,CGLP_objective,CGLP_artificial,cycles_lookup_length
52.454,use_adaptive_ngroute,0.1659035386454677,0,false,0.5829444444444444,false,false,7.000000000000001,false,2.30708e6,1.9243272640618144e6,false,38
155.245,use_adaptive_ngroute,0.038631663986646414,0,false,6.700090909090909,false,false,10.675,false,2.03179e6,1.9532985714285716e6,false,6
122.35,use_adaptive_ngroute,0.03729593117398944,0,false,10.023333333333332,false,false,11.075000000000001,false,2.03179e6,1.9560125e6,false,4
28.653,use_adaptive_ngroute,0.03689111571569892,0,false,7.089999999999999,false,false,11.299999999999999,false,2.03179e6,1.956835e6,false,5
35.535,use_SR3_cuts,0.03681236741986149,3,false,6.9962,false,false,11.525,false,2.03179e6,1.9569949999999995e6,false,0
653.229,use_adaptive_ngroute,0.018869311899096464,0,false,72.22322222222222,false,false,11.525,false,2.008753e6,1.9708492131147543e6,false,3
300.502,use_SR3_cuts,0.018757068227487572,4,false,74.47574999999999,false,false,11.825000000000001,false,2.008753e6,1.9710746829268297e6,false,0
1655.845,use_SR3_cuts,0.01728397380575608,4,false,275.51900000000006,false,false,11.825000000000001,false,2.008753e6,1.9740337657657661e6,false,0
584.252,none,0.017075867466035066,0,false,453.21799999999996,false,false,11.825000000000001,true,2.008753e6,1.9744517999999996e6,false,0
