CG_time_taken,method,CG_LP_IP_gap,implemented_SR3_cuts_count,errored,CG_sp_time_taken_mean,converged,CGIP_artificial,ngroute_neighborhood_size,time_limit_reached,CGIP_objective,CGLP_objective,CGLP_artificial,cycles_lookup_length
76.119,use_adaptive_ngroute,0.9999674019641587,0,false,1.0878620689655167,false,true,7.000000000000001,false,6.0e10,1.9558821504802564e6,false,32
192.479,use_adaptive_ngroute,0.17982219491982365,0,false,9.892842105263158,false,false,9.65,false,2.41676e6,1.982172912205567e6,false,21
243.336,use_adaptive_ngroute,0.17424775319022157,0,false,17.213285714285714,false,false,11.575,false,2.41676e6,1.995645e6,false,6
216.778,use_adaptive_ngroute,0.17167392411141125,0,false,30.863571428571426,false,false,11.775,false,2.41591e6,2.0011612500000005e6,false,1
148.234,use_SR3_cuts,0.17110840221697,9,false,21.09457142857143,false,false,11.825000000000001,false,2.41591e6,2.0025275e6,false,0
2709.991,none,0.0018774450946064114,0,false,427.88216666666665,false,false,11.825000000000001,true,2.06418e6,2.0603046153846153e6,false,0
