CG_time_taken,method,CG_LP_IP_gap,implemented_SR3_cuts_count,errored,CG_sp_time_taken_mean,converged,CGIP_artificial,ngroute_neighborhood_size,time_limit_reached,CGIP_objective,CGLP_objective,CGLP_artificial,cycles_lookup_length
69.229,use_adaptive_ngroute,0.3272365230710548,0,false,0.972225806451613,false,false,7.000000000000001,false,3.15709e6,2.1239748453776035e6,false,40
148.028,use_adaptive_ngroute,0.004786147265929741,0,false,5.4424399999999995,false,false,11.05,false,2.199338e6,2.1888116444444447e6,false,22
180.566,use_adaptive_ngroute,0.003384484331194648,0,false,17.717299999999998,false,false,12.600000000000001,false,2.199338e6,2.191894374999999e6,false,2
159.195,use_adaptive_ngroute,0.003087829982559742,0,false,22.642285714285716,false,false,12.65,false,2.199338e6,2.192546818181817e6,false,9
37.874,use_SR3_cuts,0.002910356272140424,3,false,12.504333333333335,false,false,13.124999999999998,false,2.199338e6,2.192937142857143e6,false,0
130.062,use_SR3_cuts,0.002254314707425653,10,false,43.144000000000005,false,false,13.124999999999998,false,2.199338e6,2.19438e6,false,0
284.895,use_adaptive_ngroute,0.0005860621323091619,0,false,70.60575,false,false,13.124999999999998,false,2.199338e6,2.1980490512820515e6,false,5
264.377,use_adaptive_ngroute,0.0004587451197720638,0,false,87.92366666666668,false,false,13.525,false,2.199338e6,2.1983290644257707e6,false,6
208.468,use_SR3_cuts,0.00040322700477468665,8,false,69.34133333333334,false,false,14.000000000000002,false,2.199338e6,2.198451167525773e6,false,0
1212.337,none,0.0,0,false,241.5488,true,false,14.000000000000002,false,2.199338e6,2.199338e6,false,0
