CG_time_taken,method,CG_LP_IP_gap,implemented_SR3_cuts_count,errored,CG_sp_time_taken_mean,converged,CGIP_artificial,ngroute_neighborhood_size,time_limit_reached,CGIP_objective,CGLP_objective,CGLP_artificial,cycles_lookup_length
52.276,use_adaptive_ngroute,0.9999682342705045,0,false,0.7025937499999999,false,true,7.000000000000001,false,6.0e10,1.9059437697274035e6,false,30
40.373,use_adaptive_ngroute,0.25681104608310545,0,false,2.5509285714285714,false,false,9.075000000000001,false,2.67569e6,1.9885432521058957e6,false,28
73.556,use_adaptive_ngroute,0.202426757589092,0,false,7.166399999999999,false,false,10.975000000000001,false,2.51749e6,2.0078826620370368e6,false,11
39.219,use_SR3_cuts,0.18827279581337575,10,false,6.453000000000001,false,false,11.674999999999999,false,2.48028e6,2.0133107500000005e6,false,0
543.655,use_adaptive_ngroute,0.10016618303927316,0,false,88.81266666666667,false,false,11.674999999999999,false,2.27544e6,2.0475178604651163e6,false,1
378.928,use_SR3_cuts,0.10014909839978647,7,false,126.099,false,false,11.7,false,2.27544e6,2.04755673553719e6,false,0
2443.89,none,0.09733251062418025,0,false,1203.846,false,false,11.7,true,2.27544e6,2.0539657120253153e6,false,0
