CG_time_taken,method,CG_LP_IP_gap,implemented_SR3_cuts_count,errored,CG_sp_time_taken_mean,converged,CGIP_artificial,ngroute_neighborhood_size,time_limit_reached,CGIP_objective,CGLP_objective,CGLP_artificial,cycles_lookup_length
77.165,use_adaptive_ngroute,0.4088793728956337,0,false,1.148423076923077,false,false,7.000000000000001,false,3.07015e6,1.8148289933044703e6,false,39
254.203,use_adaptive_ngroute,0.1740711905836113,0,false,9.60324,false,false,12.0,false,2.28126e6,1.8841583557692308e6,false,15
125.606,use_adaptive_ngroute,0.07076605309370887,0,false,15.38275,false,false,13.250000000000002,false,2.04431e6,1.89964225e6,false,4
55.562,use_SR3_cuts,0.04396287204664007,8,false,13.7175,false,false,13.55,false,1.98799e6,1.90059225e6,false,0
3070.459,none,0.025605699726859776,0,false,448.39199999999994,false,false,13.55,true,1.98799e6,1.937086125e6,false,0
