CG_time_taken,method,CG_LP_IP_gap,implemented_SR3_cuts_count,errored,CG_sp_time_taken_mean,converged,CGIP_artificial,ngroute_neighborhood_size,time_limit_reached,CGIP_objective,CGLP_objective,CGLP_artificial,cycles_lookup_length
205.791,use_adaptive_ngroute,0.29730768558209564,0,false,3.909851851851852,false,false,7.000000000000001,false,2.71816e6,1.910030141358171e6,false,38
154.97,use_adaptive_ngroute,0.09473913324501193,0,false,8.591823529411766,false,false,10.35,false,2.172876e6,1.9670196111111115e6,false,20
175.694,use_adaptive_ngroute,0.08897168488929397,0,false,15.695818181818183,false,false,12.175,false,2.172876e6,1.9795515612244904e6,false,9
124.371,use_adaptive_ngroute,0.010699779985893332,0,false,20.616499999999995,false,false,12.65,false,2.005266e6,1.9838100949868076e6,false,2
141.006,use_adaptive_ngroute,0.010670903511055374,0,false,17.482249999999997,false,false,12.85,false,2.005266e6,1.983868e6,false,1
60.626,use_SR3_cuts,0.010588735244716041,7,false,20.160333333333337,false,false,13.024999999999999,false,2.005266e6,1.9840327692307692e6,false,0
488.039,use_SR3_cuts,0.006010618485970953,1,false,60.21724999999999,false,false,13.024999999999999,false,2.005266e6,1.993213111111111e6,false,0
301.424,use_SR3_cuts,0.006010618485970953,10,false,59.7804,false,false,13.024999999999999,false,2.005266e6,1.993213111111111e6,false,0
1054.343,use_SR3_cuts,0.0038738002838526464,10,false,210.4132,false,false,13.024999999999999,false,2.005266e6,1.997498e6,false,0
872.87,none,0.00022141184127477676,0,false,336.587,false,false,13.024999999999999,true,2.005266e6,2.0048220103626943e6,false,0
