CG_time_taken,method,CG_LP_IP_gap,implemented_SR3_cuts_count,errored,CG_sp_time_taken_mean,converged,CGIP_artificial,ngroute_neighborhood_size,time_limit_reached,CGIP_objective,CGLP_objective,CGLP_artificial,cycles_lookup_length
170.883,use_adaptive_ngroute,0.99996806093013,0,false,1.9869062500000003,false,true,7.000000000000001,false,6.0e10,1.9163441922008554e6,false,38
532.527,use_adaptive_ngroute,0.17148594615185508,0,false,30.879705882352948,false,false,12.225,false,2.44403e6,2.0249132030264817e6,false,23
235.417,use_adaptive_ngroute,0.16888072586652392,0,false,25.758333333333336,false,false,13.774999999999999,false,2.44403e6,2.0312804395604394e6,false,11
212.163,use_SR3_cuts,0.167946266733925,10,false,42.195600000000006,false,false,14.424999999999999,false,2.44403e6,2.0335642857142854e6,false,0
1367.583,use_adaptive_ngroute,0.027429779502808893,0,false,168.79337500000005,false,false,14.424999999999999,false,2.11815e6,2.0600496125461254e6,false,7
645.881,use_SR3_cuts,0.026260737452249994,3,false,214.87133333333335,false,false,14.624999999999998,false,2.11815e6,2.0625258189655168e6,false,0
172.335,use_SR3_cuts,0.02604072322297135,1,false,172.161,false,false,14.624999999999998,false,2.11815e6,2.0629918421052631e6,false,0
229.765,none,0.025159961017195087,0,false,NaN,false,false,14.624999999999998,true,2.11815e6,2.0648574285714282e6,false,0
