CG_time_taken,method,CG_LP_IP_gap,implemented_SR3_cuts_count,errored,CG_sp_time_taken_mean,converged,CGIP_artificial,ngroute_neighborhood_size,time_limit_reached,CGIP_objective,CGLP_objective,CGLP_artificial,cycles_lookup_length
10.825,use_adaptive_ngroute,0.4034454185143561,0,false,0.4718666666666667,false,false,5.0,false,1.99223e6,1.1884739338731442e6,false,19
3.995,use_adaptive_ngroute,0.09278752239075816,0,false,0.45475000000000004,false,false,8.05,false,1.513926e6,1.373452557377049e6,false,13
3.484,use_adaptive_ngroute,0.07112551685536117,0,false,0.48771428571428577,false,false,9.549999999999999,false,1.513926e6,1.4062472307692305e6,false,1
2.271,use_SR3_cuts,0.06919607111329928,4,false,0.55475,false,false,9.6,false,1.511166e6,1.40659925e6,false,0
7.186,none,0.0,0,false,0.8838750000000001,true,false,9.6,false,1.421588e6,1.421588e6,false,0
