CG_time_taken,method,CG_LP_IP_gap,implemented_SR3_cuts_count,errored,CG_sp_time_taken_mean,converged,CGIP_artificial,ngroute_neighborhood_size,time_limit_reached,CGIP_objective,CGLP_objective,CGLP_artificial,cycles_lookup_length
57.915,use_adaptive_ngroute,0.37835162106853903,0,false,0.7799374999999998,false,false,7.000000000000001,false,3.04046e6,1.8900970302059497e6,false,40
350.569,use_adaptive_ngroute,0.06910179186361198,0,false,14.28795833333333,false,false,12.524999999999999,false,2.164332e6,2.014772780612245e6,false,8
153.623,use_adaptive_ngroute,0.0646863593828294,0,false,12.615583333333333,false,false,13.099999999999998,false,2.164332e6,2.024329242424242e6,false,7
101.567,use_adaptive_ngroute,0.06437790639477958,0,false,25.12675,false,false,13.899999999999999,false,2.164332e6,2.024996837096774e6,false,10
97.095,use_SR3_cuts,0.06418799077451143,14,false,24.175749999999997,false,false,14.475,false,2.164332e6,2.0254078775510201e6,false,0
2733.339,use_SR3_cuts,0.0015378886504092693,10,false,297.63955555555555,false,false,14.475,false,2.046312e6,2.0431650000000037e6,false,0
91.684,none,0.0,0,false,NaN,true,false,14.475,true,2.046312e6,2.046312e6,false,0
