CG_time_taken,method,CG_LP_IP_gap,implemented_SR3_cuts_count,errored,CG_sp_time_taken_mean,converged,CGIP_artificial,ngroute_neighborhood_size,time_limit_reached,CGIP_objective,CGLP_objective,CGLP_artificial,cycles_lookup_length
83.117,use_adaptive_ngroute,0.2814686068769363,0,false,1.0411428571428571,false,false,7.000000000000001,false,2.64292e6,1.8990209895128075e6,false,36
169.515,use_adaptive_ngroute,0.2051139946119921,0,false,7.383136363636365,false,false,10.075,false,2.4621e6,1.9570888338658144e6,false,16
160.323,use_adaptive_ngroute,0.18482327605880433,0,false,15.9098,false,false,11.425,false,2.41003e6,1.9646003599999999e6,false,1
52.069,use_SR3_cuts,0.18479676959236602,12,false,17.27866666666667,false,false,11.450000000000001,false,2.41003e6,1.9646642413793101e6,false,0
3104.844,none,0.06246287736292644,0,false,686.0012499999999,false,false,11.450000000000001,true,2.1266e6,1.9937664450000005e6,false,0
