CG_time_taken,method,CG_LP_IP_gap,implemented_SR3_cuts_count,errored,CG_sp_time_taken_mean,converged,CGIP_artificial,ngroute_neighborhood_size,time_limit_reached,CGIP_objective,CGLP_objective,CGLP_artificial,cycles_lookup_length
55.124,use_adaptive_ngroute,0.9999670640783611,0,false,0.7308387096774192,false,true,7.000000000000001,false,6.0e10,1.9761552983312982e6,false,33
73.066,use_adaptive_ngroute,0.1503218800303323,0,false,3.96864705882353,false,false,10.3,false,2.449308e6,2.0811234166666667e6,false,13
52.615,use_adaptive_ngroute,0.1485152229974851,0,false,5.1341,false,false,10.95,false,2.449308e6,2.0855484761904757e6,false,5
28.121,use_SR3_cuts,0.14714041680343992,4,false,3.915142857142857,false,false,11.525,false,2.449308e6,2.0889158e6,false,0
158.079,use_adaptive_ngroute,0.10186523491208754,0,false,19.414375,false,false,11.525,false,2.33139e6,2.0939024099783082e6,false,4
59.758,use_adaptive_ngroute,0.10168279601272001,0,false,14.799249999999999,false,false,11.925,false,2.33139e6,2.0943277462039047e6,false,2
47.658,use_adaptive_ngroute,0.10159212848471666,0,false,15.790999999999999,false,false,12.075,false,2.33139e6,2.0945391275720163e6,false,3
82.119,use_SR3_cuts,0.10132435696841446,5,false,16.344000000000005,false,false,12.275,false,2.33139e6,2.095163407407408e6,false,0
330.212,use_SR3_cuts,0.0995536025266025,2,false,54.79483333333333,false,false,12.275,false,2.33139e6,2.0992917266055043e6,false,0
146.647,use_SR3_cuts,0.09952769719041232,2,false,73.09450000000001,false,false,12.275,false,2.33139e6,2.0993521220472446e6,false,0
243.864,use_SR3_cuts,0.09943154363780349,10,false,80.94166666666668,false,false,12.275,false,2.33139e6,2.099576293478261e6,false,0
899.722,use_SR3_cuts,0.09821675657121443,2,false,224.58649999999997,false,false,12.275,false,2.33139e6,2.1024084358974365e6,false,0
443.125,use_SR3_cuts,0.0981402157713025,10,false,147.60366666666664,false,false,12.275,false,2.33139e6,2.102586882352943e6,false,0
669.632,use_SR3_cuts,0.09665841569540734,2,false,222.80366666666666,false,false,12.275,false,2.33139e6,2.1060415362318843e6,false,0
224.251,none,0.09641978227921899,0,false,NaN,false,false,12.275,true,2.33139e6,2.1065978837920516e6,false,0
