CG_time_taken,method,CG_LP_IP_gap,implemented_SR3_cuts_count,errored,CG_sp_time_taken_mean,converged,CGIP_artificial,ngroute_neighborhood_size,time_limit_reached,CGIP_objective,CGLP_objective,CGLP_artificial,cycles_lookup_length
146.282,use_adaptive_ngroute,0.9999703312703812,0,false,2.6803600000000007,false,true,7.000000000000001,false,6.0e10,1.7801237771317826e6,false,39
428.855,use_adaptive_ngroute,0.15165059265490344,0,false,18.20882608695652,false,false,12.625,false,2.2319e6,1.893431042253521e6,false,9
211.669,use_adaptive_ngroute,0.15028675743876352,0,false,26.232,false,false,13.475,false,2.2319e6,1.8964749860724236e6,false,4
149.592,use_adaptive_ngroute,0.14927659329335052,0,false,29.782,false,false,13.924999999999999,false,2.2319e6,1.898729571428571e6,false,1
121.683,use_SR3_cuts,0.14927659329335008,15,false,30.339750000000002,false,false,14.000000000000002,false,2.2319e6,1.898729571428572e6,false,0
2517.126,none,0.12943159521416325,0,false,NaN,false,false,14.000000000000002,true,2.2319e6,1.943021622641509e6,false,0
