CG_time_taken,method,CG_LP_IP_gap,implemented_SR3_cuts_count,errored,CG_sp_time_taken_mean,converged,CGIP_artificial,ngroute_neighborhood_size,time_limit_reached,CGIP_objective,CGLP_objective,CGLP_artificial,cycles_lookup_length
70.822,use_adaptive_ngroute,0.38394591545022216,0,false,0.9236,false,false,7.000000000000001,false,3.0856e6,1.9008964832867945e6,false,37
203.813,use_adaptive_ngroute,0.08343443036737108,0,false,9.095619047619047,false,false,10.85,false,2.127494e6,1.9499877500000002e6,false,7
62.698,use_adaptive_ngroute,0.07910320868206999,0,false,8.77757142857143,false,false,11.674999999999999,false,2.127494e6,1.959202398148148e6,false,6
68.925,use_adaptive_ngroute,0.07864077911114475,0,false,8.437375,false,false,12.375,false,2.127494e6,1.9601862142857143e6,false,1
65.9,use_adaptive_ngroute,0.03465850911240953,0,false,10.860833333333334,false,false,12.4,false,2.030674e6,1.960293866666667e6,false,1
9.777,use_SR3_cuts,0.03465524254508612,4,false,4.843,false,false,12.475,false,2.030674e6,1.9603004999999998e6,false,0
222.175,none,0.0,0,false,44.0086,true,false,12.475,false,1.973074e6,1.973074e6,false,0
