CG_time_taken,method,CG_LP_IP_gap,implemented_SR3_cuts_count,errored,CG_sp_time_taken_mean,converged,CGIP_artificial,ngroute_neighborhood_size,time_limit_reached,CGIP_objective,CGLP_objective,CGLP_artificial,cycles_lookup_length
124.611,use_adaptive_ngroute,0.9999693272561728,0,false,1.4865526315789472,false,true,7.000000000000001,false,6.0e10,1.8403646296296297e6,false,40
174.88,use_adaptive_ngroute,0.019211619151007886,0,false,8.159550000000001,false,false,10.549999999999999,false,1.93445e6,1.8972860833333328e6,false,26
276.408,use_adaptive_ngroute,0.012768487166894937,0,false,15.13088888888889,false,false,13.7,false,1.93445e6,1.90975e6,false,5
168.177,use_SR3_cuts,0.011715991625526612,1,false,27.820833333333333,false,false,14.025,false,1.93445e6,1.911786e6,false,0
123.006,use_SR3_cuts,0.010910124794691445,4,false,30.613,false,false,14.025,false,1.93445e6,1.9133449090909092e6,false,0
242.195,use_SR3_cuts,0.009451782160303956,1,false,60.32000000000001,false,false,14.025,false,1.93445e6,1.916166e6,false,0
447.858,use_adaptive_ngroute,0.006071251393452992,0,false,89.28819999999999,false,false,14.025,false,1.93445e6,1.9227054677419348e6,false,2
169.327,use_SR3_cuts,0.005977143199656809,10,false,84.54050000000001,false,false,14.075000000000001,false,1.93445e6,1.922887515337424e6,false,0
1856.38,none,0.003374809377342358,0,false,539.0323333333334,false,false,14.075000000000001,true,1.93445e6,1.9279216e6,false,0
