CG_time_taken,method,CG_LP_IP_gap,implemented_SR3_cuts_count,errored,CG_sp_time_taken_mean,converged,CGIP_artificial,ngroute_neighborhood_size,time_limit_reached,CGIP_objective,CGLP_objective,CGLP_artificial,cycles_lookup_length
56.067,use_adaptive_ngroute,0.9999695441606858,0,false,0.7038275862068967,false,true,7.000000000000001,false,6.0e10,1.8273503588516747e6,false,36
178.141,use_adaptive_ngroute,0.10418103569510884,0,false,8.39325,false,false,9.85,false,2.147092e6,1.9234057317073173e6,false,18
147.538,use_adaptive_ngroute,0.036847431266787356,0,false,14.494100000000001,false,false,11.6,false,2.01759e6,1.9432469911504425e6,false,5
158.515,use_SR3_cuts,0.036461127660910586,11,false,17.484111111111112,false,false,11.8,false,2.01759e6,1.9440263934426233e6,false,0
2308.742,use_adaptive_ngroute,0.007810336119982608,0,false,284.0982500000001,false,false,11.8,false,1.97438e6,1.9589594285714286e6,false,4
398.52,use_SR3_cuts,0.0077747372412028115,1,false,199.12550000000002,false,false,11.975,false,1.97438e6,1.959029714285714e6,false,0
338.338,none,0.0076480660659271615,0,false,187.51399999999998,false,false,11.975,true,1.97438e6,1.9592798113207547e6,false,0
