CG_time_taken,method,CG_LP_IP_gap,implemented_SR3_cuts_count,errored,CG_sp_time_taken_mean,converged,CGIP_artificial,ngroute_neighborhood_size,time_limit_reached,CGIP_objective,CGLP_objective,CGLP_artificial,cycles_lookup_length
116.144,use_adaptive_ngroute,0.9999675616836837,0,false,1.0582058823529412,false,true,7.000000000000001,false,6.0e10,1.946298978978979e6,false,40
392.916,use_adaptive_ngroute,0.1149476133811198,0,false,22.009588235294114,false,false,11.35,false,2.32398e6,2.0568440454545452e6,false,21
542.095,use_adaptive_ngroute,0.08818862684711581,0,false,41.416384615384615,false,false,13.099999999999998,false,2.27117e6,2.070878636363636e6,false,7
169.176,use_SR3_cuts,0.08791063636803931,3,false,33.7146,false,false,13.425,false,2.27117e6,2.0715100000000002e6,false,0
298.619,use_SR3_cuts,0.08708477715597396,3,false,59.53040000000001,false,false,13.425,false,2.27117e6,2.0733856666666665e6,false,0
681.395,use_adaptive_ngroute,0.08662176054740034,0,false,136.0506,false,false,13.425,false,2.27117e6,2.0744372560975607e6,false,1
484.331,use_SR3_cuts,0.08661063146586334,2,false,120.992,false,false,13.525,false,2.27117e6,2.0744625321336752e6,false,0
644.761,use_SR3_cuts,0.08635119136573577,2,false,214.80166666666668,false,false,13.525,false,2.27117e6,2.075051764705882e6,false,0
224.45,none,0.08630103762746155,0,false,NaN,false,false,13.525,true,2.27117e6,2.0751656723716382e6,false,0
