CG_time_taken,method,CG_LP_IP_gap,implemented_SR3_cuts_count,errored,CG_sp_time_taken_mean,converged,CGIP_artificial,ngroute_neighborhood_size,time_limit_reached,CGIP_objective,CGLP_objective,CGLP_artificial,cycles_lookup_length
40.891,use_adaptive_ngroute,0.9999669476582089,0,false,0.6081379310344827,false,true,7.000000000000001,false,6.0e10,1.9831405074651567e6,false,31
53.375,use_adaptive_ngroute,0.11358578370115646,0,false,3.268533333333333,false,false,9.1,false,2.342062e6,2.0760370522533022e6,false,21
32.248,use_adaptive_ngroute,0.11050505001797406,0,false,6.305,false,false,11.375,false,2.342062e6,2.0832523215448037e6,false,8
33.503,use_adaptive_ngroute,0.11018324284801628,0,false,11.026666666666667,false,false,11.65,false,2.342062e6,2.0840060138888892e6,false,5
21.051,use_adaptive_ngroute,0.1101832428480164,0,false,10.4585,false,false,12.175,false,2.342062e6,2.084006013888889e6,false,1
8.462,use_SR3_cuts,0.11018324284801628,16,false,8.39,false,false,12.325,false,2.342062e6,2.0840060138888892e6,false,0
692.448,use_adaptive_ngroute,0.07594938372915083,0,false,95.64185714285713,false,false,12.325,false,2.27011e6,2.0976965445026173e6,false,1
743.61,use_adaptive_ngroute,0.07512552481078205,0,false,182.70125,false,false,12.35,false,2.27011e6,2.0995667948717955e6,false,3
442.965,use_SR3_cuts,0.07505715582064187,5,false,147.48000000000002,false,false,12.475,false,2.27011e6,2.099722000000003e6,false,0
1490.013,none,0.06751146172022426,0,false,1092.1660000000002,false,false,12.475,true,2.27011e6,2.1168515556343016e6,false,0
