CG_time_taken,method,CG_LP_IP_gap,implemented_SR3_cuts_count,errored,CG_sp_time_taken_mean,converged,CGIP_artificial,ngroute_neighborhood_size,time_limit_reached,CGIP_objective,CGLP_objective,CGLP_artificial,cycles_lookup_length
121.62,use_adaptive_ngroute,0.999970882225423,0,false,1.1939444444444445,false,true,7.000000000000001,false,6.0e10,1.7470664746227711e6,false,39
353.108,use_adaptive_ngroute,0.15138544434602907,0,false,13.71164,false,false,9.775,false,2.16768e6,1.8395247999999998e6,false,5
144.33,use_adaptive_ngroute,0.15091219456375016,0,false,12.964545454545455,false,false,10.125,false,2.16768e6,1.8405506540880501e6,false,5
100.337,use_SR3_cuts,0.15033258653328474,6,false,11.023666666666665,false,false,10.625,false,2.16768e6,1.8418070588235294e6,false,0
1007.025,use_SR3_cuts,0.14224885591969294,1,false,82.96391666666666,false,false,10.625,false,2.16768e6,1.85933e6,false,0
764.503,use_SR3_cuts,0.10615737553163196,1,false,108.89814285714286,false,false,10.625,false,2.082738e6,1.86164e6,false,0
1083.667,none,0.0823001679384815,0,false,346.92199999999997,false,false,10.625,true,2.03646e6,1.868859e6,false,0
