CG_time_taken,method,CG_LP_IP_gap,implemented_SR3_cuts_count,errored,CG_sp_time_taken_mean,converged,CGIP_artificial,ngroute_neighborhood_size,time_limit_reached,CGIP_objective,CGLP_objective,CGLP_artificial,cycles_lookup_length
7.186,use_adaptive_ngroute,0.38813817775149373,0,false,0.24688888888888888,false,false,5.0,false,1.914148e6,1.1711940833333337e6,false,15
4.797,use_adaptive_ngroute,0.13198978781946136,0,false,0.4255,false,false,5.8500000000000005,false,1.51192e6,1.312362e6,false,9
3.445,use_adaptive_ngroute,0.12255894371515563,0,false,0.5523333333333333,false,false,6.6499999999999995,false,1.51192e6,1.3266206818181819e6,false,4
1.323,use_adaptive_ngroute,0.12020727665107012,0,false,0.6455000000000001,false,false,7.45,false,1.51192e6,1.330176214285714e6,false,3
2.8,use_SR3_cuts,0.026503184210757258,4,false,0.926,false,false,7.8999999999999995,false,1.368628e6,1.3323549999999998e6,false,0
6.672,use_SR3_cuts,0.00033844732141019573,2,false,1.649,false,false,7.8999999999999995,false,1.359148e6,1.358688e6,false,0
3.353,none,0.0,0,false,1.664,true,false,7.8999999999999995,false,1.359148e6,1.359148e6,false,0
