CG_time_taken,method,CG_LP_IP_gap,implemented_SR3_cuts_count,errored,CG_sp_time_taken_mean,converged,CGIP_artificial,ngroute_neighborhood_size,time_limit_reached,CGIP_objective,CGLP_objective,CGLP_artificial,cycles_lookup_length
20.836,use_adaptive_ngroute,0.48010059219867285,0,false,1.1444615384615384,false,false,5.0,false,2.13859e6,1.1118516745298402e6,false,20
2.926,use_adaptive_ngroute,0.03194640249622349,0,false,0.25689999999999996,false,false,6.7,false,1.481064e6,1.4337493333333333e6,false,3
1.242,use_SR3_cuts,0.023386626715044656,1,false,0.16785714285714287,false,false,6.949999999999999,false,1.481064e6,1.4464269090909092e6,false,0
1.364,use_SR3_cuts,0.023078003381352907,10,false,0.2656,false,false,6.949999999999999,false,1.481064e6,1.446884e6,false,0
1.835,use_SR3_cuts,0.01586449561486436,1,false,0.5896666666666667,false,false,6.949999999999999,false,1.481064e6,1.4575676666666665e6,false,0
1.852,use_adaptive_ngroute,0.014660888581259246,0,false,0.9109999999999999,false,false,6.949999999999999,false,1.481064e6,1.459350285714286e6,false,4
2.689,use_adaptive_ngroute,0.013788285538864908,0,false,0.8746666666666667,false,false,7.15,false,1.481064e6,1.4606426666666665e6,false,2
2.651,use_SR3_cuts,0.01369877238302275,1,false,0.8733333333333332,false,false,7.8500000000000005,false,1.481064e6,1.4607752413793108e6,false,0
2.117,use_SR3_cuts,0.0133023736088832,2,false,1.0490000000000002,false,false,7.8500000000000005,false,1.481064e6,1.461362333333333e6,false,0
1.748,use_SR3_cuts,0.010751189685253237,10,false,0.8624999999999999,false,false,7.8500000000000005,false,1.481064e6,1.4651408e6,false,0
5.699,use_SR3_cuts,0.007225211064477932,10,false,1.41025,false,false,7.8500000000000005,false,1.481064e6,1.470363e6,false,0
4.465,none,0.0,0,false,1.4759999999999998,true,false,7.8500000000000005,false,1.481064e6,1.481064e6,false,0
