CG_time_taken,method,CG_LP_IP_gap,implemented_SR3_cuts_count,errored,CG_sp_time_taken_mean,converged,CGIP_artificial,ngroute_neighborhood_size,time_limit_reached,CGIP_objective,CGLP_objective,CGLP_artificial,cycles_lookup_length
85.47,use_adaptive_ngroute,0.9999685362170654,0,false,1.145837837837838,false,true,7.000000000000001,false,6.0e10,1.8878269760774218e6,false,28
118.04,use_adaptive_ngroute,0.13806080080739835,0,false,4.40068,false,false,8.4,false,2.294184e6,1.9774471197604795e6,false,11
163.121,use_adaptive_ngroute,0.13026877239721546,0,false,9.438117647058824,false,false,9.525,false,2.294184e6,1.9953234666666666e6,false,8
87.711,use_adaptive_ngroute,0.09405893693464118,0,false,10.781625,false,false,9.975,false,2.20824e6,2.0005352931034479e6,false,6
39.098,use_adaptive_ngroute,0.00961974571322144,0,false,9.67525,false,false,10.225,false,2.024014e6,2.0045434999999998e6,false,2
119.943,use_SR3_cuts,0.00949828739656322,2,false,14.884125000000001,false,false,10.275,false,2.024014e6,2.0047893333333326e6,false,0
54.925,use_SR3_cuts,0.0061810288312672546,1,false,13.666,false,false,10.275,false,2.024014e6,2.0115035111111114e6,false,0
220.812,use_SR3_cuts,0.005510022972352813,4,false,44.0232,false,false,10.275,false,2.024014e6,2.0128616363636362e6,false,0
1198.425,none,0.0,0,false,132.35511111111114,true,false,10.275,false,2.024014e6,2.024014e6,false,0
