CG_time_taken,method,CG_LP_IP_gap,implemented_SR3_cuts_count,errored,CG_sp_time_taken_mean,converged,CGIP_artificial,ngroute_neighborhood_size,time_limit_reached,CGIP_objective,CGLP_objective,CGLP_artificial,cycles_lookup_length
100.147,use_adaptive_ngroute,0.9999668074798431,0,false,1.5319655172413789,false,true,6.999999999999999,false,6.0e10,1.9915512094155843e6,false,42
213.019,use_adaptive_ngroute,0.20272647971463154,0,false,10.825368421052634,false,false,9.727272727272727,false,2.62912e6,2.096127757652668e6,false,26
206.705,use_adaptive_ngroute,0.19747076822429066,0,false,20.5158,false,false,11.613636363636363,false,2.62912e6,2.109945653846153e6,false,10
194.606,use_adaptive_ngroute,0.19705193217996053,0,false,38.827000000000005,false,false,12.931818181818182,false,2.62912e6,2.111046824067022e6,false,1
168.527,use_SR3_cuts,0.19705129472979532,15,false,56.12333333333333,false,false,12.954545454545453,false,2.62912e6,2.1110485000000005e6,false,0
2689.716,none,0.0832420358758813,0,false,858.77,false,false,12.954545454545453,true,2.32208e6,2.1287853333333335e6,false,0
