CG_time_taken,method,CG_LP_IP_gap,implemented_SR3_cuts_count,errored,CG_sp_time_taken_mean,converged,CGIP_artificial,ngroute_neighborhood_size,time_limit_reached,CGIP_objective,CGLP_objective,CGLP_artificial,cycles_lookup_length
150.842,use_adaptive_ngroute,0.9999648831587014,0,false,1.6058684210526315,false,true,6.999999999999999,false,6.0e10,2.107010477915804e6,false,34
186.484,use_adaptive_ngroute,0.13312554459565173,0,false,9.042315789473685,false,false,9.863636363636363,false,2.509994e6,2.1758496818181816e6,false,9
80.798,use_SR3_cuts,0.13296705091725392,7,false,11.402142857142856,false,false,10.272727272727272,false,2.509994e6,2.176247499999998e6,false,0
642.647,use_adaptive_ngroute,0.010764266217458629,0,false,57.05318181818182,false,false,10.272727272727272,false,2.2143e6,2.1904646853146814e6,false,4
308.32,use_adaptive_ngroute,0.010407705030935244,0,false,43.608,false,false,10.818181818181818,false,2.2143e6,2.19125421875e6,false,2
189.326,use_SR3_cuts,0.010404365757473832,9,false,37.6448,false,false,10.954545454545455,false,2.2143e6,2.1912616129032257e6,false,0
1316.599,use_adaptive_ngroute,0.007831544455988104,0,false,218.4201666666667,false,false,10.954545454545455,false,2.2143e6,2.1969586111111054e6,false,1
502.986,use_SR3_cuts,0.007603261364470315,3,false,124.71549999999999,false,false,10.977272727272727,false,2.2143e6,2.1974640983606535e6,false,0
192.565,none,0.005827505827505797,0,false,NaN,false,false,10.977272727272727,true,2.2143e6,2.201396153846154e6,false,0
