CG_time_taken,method,CG_LP_IP_gap,implemented_SR3_cuts_count,errored,CG_sp_time_taken_mean,converged,CGIP_artificial,ngroute_neighborhood_size,time_limit_reached,CGIP_objective,CGLP_objective,CGLP_artificial,cycles_lookup_length
88.871,use_adaptive_ngroute,0.9999639033633025,0,false,1.1027999999999996,false,true,6.999999999999999,false,6.0e10,2.165798201850677e6,false,35
306.304,use_adaptive_ngroute,0.22538486909330346,0,false,11.390000000000002,false,false,8.909090909090908,false,2.87457e6,2.2266854168504626e6,false,13
176.35,use_adaptive_ngroute,0.22316814760185688,0,false,21.905500000000004,false,false,10.113636363636363,false,2.87457e6,2.23305753794813e6,false,14
318.729,use_adaptive_ngroute,0.22172776436951358,0,false,52.943333333333335,false,false,11.318181818181818,false,2.87457e6,2.2371980203763274e6,false,3
383.898,use_adaptive_ngroute,0.2210228150061836,0,false,76.7052,false,false,11.545454545454545,false,2.87457e6,2.239224446667675e6,false,6
337.94,use_adaptive_ngroute,0.22091143953861392,0,false,84.41024999999999,false,false,11.818181818181818,false,2.87457e6,2.2395446032454865e6,false,6
234.958,use_adaptive_ngroute,0.22073320861599055,0,false,78.22566666666665,false,false,12.045454545454545,false,2.87457e6,2.240056940508732e6,false,5
254.8,use_adaptive_ngroute,0.22070989622277892,0,false,84.846,false,false,12.204545454545453,false,2.87457e6,2.2401239536148864e6,false,2
184.978,use_adaptive_ngroute,0.22069655887960016,0,false,92.413,false,false,12.25,false,2.87457e6,2.2401622927414677e6,false,2
162.524,use_SR3_cuts,0.22069439778733113,14,false,81.20349999999999,false,false,12.295454545454545,false,2.87457e6,2.2401685049524717e6,false,0
1066.354,none,0.20121051831505088,0,false,NaN,false,false,12.295454545454545,true,2.87457e6,2.2961762803671043e6,false,0
