CG_time_taken,method,CG_LP_IP_gap,implemented_SR3_cuts_count,errored,CG_sp_time_taken_mean,converged,CGIP_artificial,ngroute_neighborhood_size,time_limit_reached,CGIP_objective,CGLP_objective,CGLP_artificial,cycles_lookup_length
84.371,use_adaptive_ngroute,0.9999660056685123,0,false,1.277,false,true,6.999999999999999,false,6.0e10,2.0396598892568059e6,false,41
257.86,use_adaptive_ngroute,0.18815176989279592,0,false,13.267789473684209,false,false,9.681818181818183,false,2.60157e6,2.112079999999999e6,false,11
125.778,use_SR3_cuts,0.18738780813124378,3,false,17.84842857142857,false,false,11.136363636363637,false,2.60157e6,2.1140675e6,false,0
305.088,use_adaptive_ngroute,0.012125546108062712,0,false,37.936625,false,false,11.136363636363637,false,2.14603e6,2.120008214285714e6,false,6
203.186,use_adaptive_ngroute,0.010503621550734143,0,false,50.618,false,false,11.522727272727273,false,2.14603e6,2.123488913043478e6,false,4
214.829,use_SR3_cuts,0.010495054916614843,14,false,53.61225,false,false,11.795454545454545,false,2.14603e6,2.123507297297297e6,false,0
2386.333,none,0.008331582037529373,0,false,474.54825,false,false,11.795454545454545,true,2.14603e6,2.1281501750000007e6,false,0
