CG_time_taken,method,CG_LP_IP_gap,implemented_SR3_cuts_count,errored,CG_sp_time_taken_mean,converged,CGIP_artificial,ngroute_neighborhood_size,time_limit_reached,CGIP_objective,CGLP_objective,CGLP_artificial,cycles_lookup_length
65.713,use_adaptive_ngroute,0.9999632287072461,0,false,0.9267666666666665,false,true,6.999999999999999,false,6.0e10,2.206277565237871e6,false,42
189.441,use_adaptive_ngroute,0.1317258835751821,0,false,7.855695652173916,false,false,10.818181818181818,false,2.57814e6,2.23853223051948e6,false,18
110.404,use_adaptive_ngroute,0.11167691972428984,0,false,10.811799999999998,false,false,11.795454545454545,false,2.55205e6,2.267044917017626e6,false,14
82.83,use_adaptive_ngroute,0.11067608441628007,0,false,13.614833333333335,false,false,12.568181818181818,false,2.55205e6,2.2695990987654324e6,false,2
24.92,use_adaptive_ngroute,0.11066524036232339,0,false,12.3945,false,false,12.613636363636365,false,2.55205e6,2.2696267733333325e6,false,1
33.455,use_SR3_cuts,0.11063665680531343,9,false,11.06,false,false,12.659090909090908,false,2.55205e6,2.2696997199999997e6,false,0
780.376,use_SR3_cuts,0.03489458250120081,2,false,84.87177777777777,false,false,12.659090909090908,false,2.37342e6,2.2906005e6,false,0
623.699,use_adaptive_ngroute,0.030586242637207106,0,false,154.291,false,false,12.659090909090908,false,2.37342e6,2.300826e6,false,1
781.702,use_SR3_cuts,0.030586242637207106,1,false,195.05325000000002,false,false,12.681818181818182,false,2.37342e6,2.300826e6,false,0
443.469,use_adaptive_ngroute,0.030323443245050208,0,false,147.69066666666666,false,false,12.681818181818182,false,2.37342e6,2.301449733333333e6,false,1
439.782,none,0.029929244156814083,0,false,276.521,false,false,12.75,true,2.37342e6,2.3023853333333344e6,false,0
