CG_time_taken,method,CG_LP_IP_gap,implemented_SR3_cuts_count,errored,CG_sp_time_taken_mean,converged,CGIP_artificial,ngroute_neighborhood_size,time_limit_reached,CGIP_objective,CGLP_objective,CGLP_artificial,cycles_lookup_length
203.356,use_adaptive_ngroute,0.9999656433198618,0,false,1.983916666666667,false,true,6.999999999999999,false,6.0e10,2.0614008082915503e6,false,39
209.475,use_adaptive_ngroute,0.07699631798157314,0,false,9.78285,false,false,10.159090909090908,false,2.34074e6,2.1605116386478124e6,false,34
306.267,use_adaptive_ngroute,0.06912004451134701,0,false,27.58090909090909,false,false,13.840909090909092,false,2.34074e6,2.1789479470105097e6,false,13
175.085,use_adaptive_ngroute,0.06567851980437645,0,false,43.62549999999999,false,false,14.477272727272727,false,2.33592e6,2.182500232018561e6,false,7
180.221,use_adaptive_ngroute,0.06560480883001951,0,false,59.987,false,false,14.681818181818182,false,2.33592e6,2.182672414957781e6,false,1
137.505,use_SR3_cuts,0.06558196548785888,12,false,45.68233333333333,false,false,14.704545454545453,false,2.33592e6,2.182725775177601e6,false,0
2363.813,none,0.06194190371208297,0,false,811.4495,false,false,14.704545454545453,true,2.33592e6,2.191228668280871e6,false,0
