CG_time_taken,method,CG_LP_IP_gap,implemented_SR3_cuts_count,errored,CG_sp_time_taken_mean,converged,CGIP_artificial,ngroute_neighborhood_size,time_limit_reached,CGIP_objective,CGLP_objective,CGLP_artificial,cycles_lookup_length
55.79,use_adaptive_ngroute,0.17769127288212327,0,false,0.7418666666666666,false,false,6.999999999999999,false,2.47274e6,2.0333556818934584e6,false,29
28.763,use_SR3_cuts,0.03043320653762427,10,false,1.5678,false,false,8.5,false,2.13642e6,2.0714018888888888e6,false,0
103.685,use_adaptive_ngroute,0.023227035472894175,0,false,14.339142857142857,false,false,8.5,false,2.13642e6,2.0867972968749995e6,false,9
80.122,use_SR3_cuts,0.022774029248118555,6,false,19.67275,false,false,9.0,false,2.13642e6,2.0877651084337346e6,false,0
367.422,use_adaptive_ngroute,0.010873499241647933,0,false,71.30479999999999,false,false,9.0,false,2.11643e6,2.093416999999999e6,false,2
287.234,use_SR3_cuts,0.010306880253972639,4,false,71.26424999999999,false,false,9.045454545454545,false,2.11643e6,2.0946162094240848e6,false,0
156.313,use_SR3_cuts,0.01018239434949264,1,false,76.946,false,false,9.045454545454545,false,2.11643e6,2.0948796751269032e6,false,0
272.772,use_SR3_cuts,0.010180638478783588,10,false,85.575,false,false,9.045454545454545,false,2.11643e6,2.0948833913043481e6,false,0
442.065,use_SR3_cuts,0.00888466176811109,4,false,121.97766666666666,false,false,9.045454545454545,false,2.11643e6,2.0976262352941167e6,false,0
887.873,use_SR3_cuts,0.00865268400088881,1,false,146.12550000000002,false,false,9.045454545454545,false,2.11643e6,2.098117199999999e6,false,0
870.468,use_SR3_cuts,0.008449524277518994,10,false,289.5466666666666,false,false,9.045454545454545,false,2.11643e6,2.0985471733333305e6,false,0
11.147,none,0.008325728865851145,0,false,NaN,false,false,9.045454545454545,true,2.11643e6,2.0988091776564466e6,false,0
