CG_time_taken,method,CG_LP_IP_gap,implemented_SR3_cuts_count,errored,CG_sp_time_taken_mean,converged,CGIP_artificial,ngroute_neighborhood_size,time_limit_reached,CGIP_objective,CGLP_objective,CGLP_artificial,cycles_lookup_length
58.884,use_adaptive_ngroute,0.999964369689913,0,false,0.6778214285714287,false,true,6.999999999999999,false,6.0e10,2.1378186052227337e6,false,38
118.734,use_adaptive_ngroute,0.3009348691802425,0,false,6.521411764705882,false,false,11.477272727272727,false,3.15617e6,2.206368393939394e6,false,17
89.735,use_adaptive_ngroute,0.2168102551352875,0,false,9.787444444444445,false,false,13.045454545454545,false,2.837778e6,2.222518627802694e6,false,8
125.108,use_SR3_cuts,0.21443785562524986,15,false,15.5055,false,false,13.636363636363637,false,2.837778e6,2.2292509709394895e6,false,0
1471.413,use_SR3_cuts,0.07539332128782383,2,false,236.43533333333335,false,false,13.636363636363637,false,2.429121e6,2.2459815e6,false,0
325.063,use_SR3_cuts,0.07529205325395805,2,false,108.07466666666666,false,false,13.636363636363637,false,2.429121e6,2.2462274923076923e6,false,0
364.669,use_SR3_cuts,0.07434799813681059,3,false,182.1265,false,false,13.636363636363637,false,2.429121e6,2.2485207164179124e6,false,0
951.567,none,0.07385969801329761,0,false,462.348,false,false,13.636363636363637,true,2.429121e6,2.2497068565022405e6,false,0
