CG_time_taken,method,CG_LP_IP_gap,implemented_SR3_cuts_count,errored,CG_sp_time_taken_mean,converged,CGIP_artificial,ngroute_neighborhood_size,time_limit_reached,CGIP_objective,CGLP_objective,CGLP_artificial,cycles_lookup_length
116.154,use_adaptive_ngroute,0.9999653859860466,0,false,0.8345428571428573,false,true,6.999999999999999,false,6.0e10,2.0768408372093022e6,false,41
193.785,use_adaptive_ngroute,0.11455279205339663,0,false,8.907263157894738,false,false,11.113636363636363,false,2.4239e6,2.146235487341772e6,false,33
254.12,use_adaptive_ngroute,0.11365535655348802,0,false,35.798142857142864,false,false,13.522727272727273,false,2.4239e6,2.1484107812500005e6,false,10
370.59,use_adaptive_ngroute,0.11340958947852964,0,false,46.1835,false,false,13.886363636363635,false,2.4239e6,2.149006496062992e6,false,4
245.733,use_SR3_cuts,0.1034014235515861,7,false,61.07225,false,false,14.272727272727272,false,2.396869e6,2.1490293333333335e6,false,0
1579.92,use_adaptive_ngroute,0.0668020638232657,0,false,195.46287500000003,false,false,14.272727272727272,false,2.34075e6,2.184383069105691e6,false,4
794.613,none,0.06602920416495683,0,false,349.24799999999993,false,false,14.886363636363635,true,2.34075e6,2.1861921403508773e6,false,0
