CG_time_taken,method,CG_LP_IP_gap,implemented_SR3_cuts_count,errored,CG_sp_time_taken_mean,converged,CGIP_artificial,ngroute_neighborhood_size,time_limit_reached,CGIP_objective,CGLP_objective,CGLP_artificial,cycles_lookup_length
2.881,use_adaptive_ngroute,0.18696510812673028,0,false,0.13116666666666665,false,false,5.0,false,1.65454e6,1.3451987499999998e6,false,19
0.709,use_SR3_cuts,0.02113824347633486,4,false,0.08714285714285713,false,false,7.6499999999999995,false,1.519915e6,1.4877866666666665e6,false,0
0.848,use_SR3_cuts,0.0057865077981335,1,false,0.15680000000000002,false,false,7.6499999999999995,false,1.519915e6,1.51112e6,false,0
0.401,none,0.0,0,false,0.186,true,false,7.6499999999999995,false,1.519915e6,1.519915e6,false,0
