CG_time_taken,method,CG_LP_IP_gap,implemented_SR3_cuts_count,errored,CG_sp_time_taken_mean,converged,CGIP_artificial,ngroute_neighborhood_size,time_limit_reached,CGIP_objective,CGLP_objective,CGLP_artificial,cycles_lookup_length
59.007,use_adaptive_ngroute,0.9999658851309411,0,false,0.66859375,false,true,6.999999999999999,false,6.0e10,2.0468921435374152e6,false,42
83.624,use_adaptive_ngroute,0.311210681413954,0,false,4.1001111111111115,false,false,9.886363636363637,false,3.13164e6,2.157040181656805e6,false,17
46.701,use_adaptive_ngroute,0.26717092184984415,0,false,7.6628333333333325,false,false,11.09090909090909,false,2.94991e6,2.161779825925926e6,false,7
26.46,use_adaptive_ngroute,0.26653513923818306,0,false,6.515000000000001,false,false,11.318181818181818,false,2.94991e6,2.1636553274098914e6,false,1
15.46,use_SR3_cuts,0.1903202300635115,20,false,7.592499999999999,false,false,11.363636363636363,false,2.6723e6,2.163707249201278e6,false,0
3303.272,none,0.15193631685486297,0,false,NaN,false,false,11.363636363636363,true,2.6723e6,2.2662805804687496e6,false,0
