CG_time_taken,method,CG_LP_IP_gap,implemented_SR3_cuts_count,errored,CG_sp_time_taken_mean,converged,CGIP_artificial,ngroute_neighborhood_size,time_limit_reached,CGIP_objective,CGLP_objective,CGLP_artificial,cycles_lookup_length
104.589,use_adaptive_ngroute,0.9999650118911504,0,false,1.3689032258064517,false,true,6.999999999999999,false,6.0e10,2.099286530975107e6,false,33
80.953,use_adaptive_ngroute,0.164428955642259,0,false,4.618,false,false,10.0,false,2.6399e6,2.2058240000000005e6,false,16
91.054,use_adaptive_ngroute,0.16323776392945866,0,false,8.061181818181817,false,false,10.90909090909091,false,2.6399e6,2.208968627002622e6,false,2
34.922,use_SR3_cuts,0.16314040746922398,15,false,8.6455,false,false,11.0,false,2.6399e6,2.2092256383219957e6,false,0
1366.145,use_adaptive_ngroute,0.013015118353000066,0,false,167.11612499999998,false,false,11.0,false,2.27535e6,2.2457360504555013e6,false,6
836.749,use_adaptive_ngroute,0.012195609013413322,0,false,208.3745,false,false,11.386363636363637,false,2.27535e6,2.24760072103133e6,false,8
1052.205,none,0.01195220123283014,0,false,390.2995,false,false,11.704545454545455,true,2.27535e6,2.24815455892488e6,false,0
