CG_time_taken,method,CG_LP_IP_gap,implemented_SR3_cuts_count,errored,CG_sp_time_taken_mean,converged,CGIP_artificial,ngroute_neighborhood_size,time_limit_reached,CGIP_objective,CGLP_objective,CGLP_artificial,cycles_lookup_length
100.439,use_adaptive_ngroute,0.999964648708448,0,false,1.0124999999999997,false,true,6.999999999999999,false,6.0e10,2.1210774931201553e6,false,29
45.019,use_adaptive_ngroute,0.172225357260259,0,false,1.729,false,false,9.022727272727272,false,2.69041e6,2.2270531765734265e6,false,9
30.347,use_adaptive_ngroute,0.08085974297626963,0,false,2.9122000000000003,false,false,9.931818181818182,false,2.426702e6,2.2304795000000005e6,false,4
11.958,use_adaptive_ngroute,0.08060840244437573,0,false,2.8967500000000004,false,false,10.022727272727272,false,2.426702e6,2.2310894285714286e6,false,5
16.787,use_SR3_cuts,0.08054120365829842,8,false,4.104,false,false,10.5,false,2.426702e6,2.2312525e6,false,0
238.699,use_SR3_cuts,0.04552659708596496,1,false,25.476888888888887,false,false,10.5,false,2.355634e6,2.24839e6,false,0
29.167,use_SR3_cuts,0.04552659708596496,1,false,13.7105,false,false,10.5,false,2.355634e6,2.24839e6,false,0
240.097,use_adaptive_ngroute,0.04368474898901964,0,false,38.91466666666666,false,false,10.5,false,2.355634e6,2.2527287199999997e6,false,8
262.955,use_adaptive_ngroute,0.04258505084015318,0,false,51.19940000000001,false,false,10.818181818181818,false,2.355634e6,2.2553192063492066e6,false,4
304.487,use_SR3_cuts,0.04257551155257855,7,false,101.39,false,false,11.136363636363637,false,2.355634e6,2.2553416774193533e6,false,0
1408.006,use_adaptive_ngroute,0.0419773215543463,0,false,279.517,false,false,11.136363636363637,false,2.355634e6,2.256750794117649e6,false,2
880.473,none,0.041930212383642584,0,false,428.38100000000003,false,false,11.227272727272727,true,2.355634e6,2.2568617660818705e6,false,0
