CG_time_taken,method,CG_LP_IP_gap,implemented_SR3_cuts_count,errored,CG_sp_time_taken_mean,converged,CGIP_artificial,ngroute_neighborhood_size,time_limit_reached,CGIP_objective,CGLP_objective,CGLP_artificial,cycles_lookup_length
127.446,use_adaptive_ngroute,0.9999656760575754,0,false,1.7654193548387096,false,true,6.999999999999999,false,6.0e10,2.059436545475638e6,false,44
198.665,use_adaptive_ngroute,0.07706953912192793,0,false,7.915782608695652,false,false,11.5,false,2.28407e6,2.108037777777778e6,false,16
342.456,use_adaptive_ngroute,0.05885630715175405,0,false,21.122500000000002,false,false,13.25,false,2.25632e6,2.1235213370473543e6,false,11
198.469,use_adaptive_ngroute,0.05837133255180671,0,false,28.047571428571427,false,false,13.75,false,2.25632e6,2.1246155949367075e6,false,9
182.204,use_SR3_cuts,0.057886365380099614,8,false,30.185999999999993,false,false,14.25,false,2.25632e6,2.1257098360655736e6,false,0
1676.226,use_adaptive_ngroute,0.0515886714566649,0,false,269.62983333333335,false,false,14.25,false,2.25632e6,2.139919448818898e6,false,9
773.707,use_SR3_cuts,0.05155835778885709,6,false,154.3236,false,false,14.659090909090908,false,2.25632e6,2.139987846153846e6,false,0
58.103,none,0.04889612843036406,0,false,NaN,false,false,14.659090909090908,true,2.25632e6,2.145994687500001e6,false,0
