CG_time_taken,method,CG_LP_IP_gap,implemented_SR3_cuts_count,errored,CG_sp_time_taken_mean,converged,CGIP_artificial,ngroute_neighborhood_size,time_limit_reached,CGIP_objective,CGLP_objective,CGLP_artificial,cycles_lookup_length
137.586,use_adaptive_ngroute,0.9999707955757323,0,false,1.398214285714286,false,true,6.999999999999999,false,6.0e10,1.7522654560606063e6,false,44
544.039,use_adaptive_ngroute,0.171466059910113,0,false,26.367650000000005,false,false,12.886363636363637,false,2.231098e6,1.8485404166666667e6,false,21
689.537,use_adaptive_ngroute,0.16995496003697352,0,false,85.66062500000001,false,false,14.81818181818182,false,2.231098e6,1.8519118285714285e6,false,4
516.504,use_SR3_cuts,0.16895178965692736,6,false,102.7148,false,false,14.931818181818183,false,2.231098e6,1.8541500000000086e6,false,0
1681.47,none,0.09953592581821491,0,false,360.8655,false,false,14.931818181818183,true,2.104237e6,1.894789822064057e6,false,0
