CG_time_taken,method,CG_LP_IP_gap,implemented_SR3_cuts_count,errored,CG_sp_time_taken_mean,converged,CGIP_artificial,ngroute_neighborhood_size,time_limit_reached,CGIP_objective,CGLP_objective,CGLP_artificial,cycles_lookup_length
76.174,use_adaptive_ngroute,0.9999657395454778,0,false,1.251939393939394,false,true,6.999999999999999,false,6.0e10,2.0556272713313815e6,false,40
352.214,use_adaptive_ngroute,0.11917027491300336,0,false,13.672160000000002,false,false,9.931818181818182,false,2.42286e6,2.1341271077242806e6,false,27
736.308,use_adaptive_ngroute,0.11257260930486923,0,false,73.36849999999998,false,false,12.15909090909091,false,2.42286e6,2.1501123278196044e6,false,15
526.573,use_adaptive_ngroute,0.11093352139624213,0,false,65.67462499999999,false,false,13.159090909090908,false,2.42286e6,2.1540836083499007e6,false,8
500.493,use_adaptive_ngroute,0.1108210392183967,0,false,83.34599999999998,false,false,13.409090909090908,false,2.42286e6,2.1543561369193154e6,false,1
407.371,use_adaptive_ngroute,0.11079103975113258,0,false,101.73375,false,false,13.431818181818182,false,2.42286e6,2.154428821428571e6,false,1
304.631,use_SR3_cuts,0.11079093840104448,13,false,101.43666666666668,false,false,13.454545454545455,false,2.42286e6,2.1544290669856453e6,false,0
671.513,none,0.08767192554971615,0,false,NaN,false,false,13.454545454545455,true,2.42286e6,2.210443198462615e6,false,0
