CG_time_taken,method,CG_LP_IP_gap,implemented_SR3_cuts_count,errored,CG_sp_time_taken_mean,converged,CGIP_artificial,ngroute_neighborhood_size,time_limit_reached,CGIP_objective,CGLP_objective,CGLP_artificial,cycles_lookup_length
185.479,use_adaptive_ngroute,0.38444848628327843,0,false,1.8649374999999997,false,false,6.999999999999999,false,3.16378e6,1.9474695680666894e6,false,40
361.182,use_adaptive_ngroute,0.11887294086995659,0,false,19.572555555555553,false,false,10.568181818181818,false,2.25176e6,1.9840866666666665e6,false,13
68.068,use_SR3_cuts,0.11794176353365604,5,false,13.474400000000001,false,false,11.75,false,2.25176e6,1.9861834545454546e6,false,0
500.519,use_adaptive_ngroute,0.11586936440828521,0,false,98.9692,false,false,11.75,false,2.25176e6,1.9908499999999998e6,false,5
560.658,use_adaptive_ngroute,0.11565375528475508,0,false,139.90825,false,false,12.136363636363637,false,2.25176e6,1.9913355e6,false,4
819.704,use_adaptive_ngroute,0.11546262196520207,0,false,204.74800000000002,false,false,12.386363636363637,false,2.25176e6,1.9917658863636367e6,false,2
189.114,use_SR3_cuts,0.11545260228627297,3,false,94.436,false,false,12.454545454545453,false,2.25176e6,1.991788448275862e6,false,0
868.607,none,0.11504601101033696,0,false,287.4843333333333,false,false,12.454545454545453,true,2.25176e6,1.9927039942473636e6,false,0
