CG_time_taken,method,CG_LP_IP_gap,implemented_SR3_cuts_count,errored,CG_sp_time_taken_mean,converged,CGIP_artificial,ngroute_neighborhood_size,time_limit_reached,CGIP_objective,CGLP_objective,CGLP_artificial,cycles_lookup_length
106.731,use_adaptive_ngroute,0.9999644561530616,0,false,1.3925937499999999,false,true,6.999999999999999,false,6.0e10,2.13263081630219e6,false,44
1083.808,use_adaptive_ngroute,0.17420755575441427,0,false,46.639130434782615,false,false,14.454545454545455,false,2.67816e6,2.211604292480758e6,false,21
526.036,use_adaptive_ngroute,0.14160163457322916,0,false,87.43216666666667,false,false,15.840909090909092,false,2.58583e6,2.2196722452715067e6,false,12
229.597,use_SR3_cuts,0.14054774471631992,16,false,114.6555,false,false,16.340909090909093,false,2.58583e6,2.2223974252801985e6,false,0
1611.773,none,0.0955753839963922,0,false,NaN,false,false,16.340909090909093,true,2.58583e6,2.338688304800609e6,false,0
