CG_time_taken,method,CG_LP_IP_gap,implemented_SR3_cuts_count,errored,CG_sp_time_taken_mean,converged,CGIP_artificial,ngroute_neighborhood_size,time_limit_reached,CGIP_objective,CGLP_objective,CGLP_artificial,cycles_lookup_length
77.186,use_adaptive_ngroute,0.9999652966362125,0,false,1.153375,false,true,6.999999999999999,false,6.0e10,2.0822018272494182e6,false,41
389.298,use_adaptive_ngroute,0.21472993578216093,0,false,20.15357894736842,false,false,11.15909090909091,false,2.718506e6,2.134761381196581e6,false,15
202.302,use_adaptive_ngroute,0.21307288129950863,0,false,33.59616666666667,false,false,12.318181818181818,false,2.718506e6,2.139266093749998e6,false,4
143.838,use_SR3_cuts,0.21288597267025855,16,false,28.633999999999993,false,false,12.522727272727273,false,2.718506e6,2.139774205980066e6,false,0
2766.431,none,0.0703004776848768,0,false,778.04,false,false,12.522727272727273,true,2.345898e6,2.180980250000003e6,false,0
