CG_time_taken,method,CG_LP_IP_gap,implemented_SR3_cuts_count,errored,CG_sp_time_taken_mean,converged,CGIP_artificial,ngroute_neighborhood_size,time_limit_reached,CGIP_objective,CGLP_objective,CGLP_artificial,cycles_lookup_length
7.52,use_adaptive_ngroute,0.36773913100866473,0,false,0.20670000000000002,false,false,5.0,false,1.79073e6,1.1322085059288538e6,false,10
2.381,use_adaptive_ngroute,0.08545677027897836,0,false,0.14116666666666666,false,false,5.8999999999999995,false,1.38111e6,1.2630848000000003e6,false,7
1.708,use_adaptive_ngroute,0.07412636695604746,0,false,0.161375,false,false,6.6499999999999995,false,1.38111e6,1.2787333333333333e6,false,3
0.911,use_adaptive_ngroute,0.07349824899295987,0,false,0.1355,false,false,7.2,false,1.38111e6,1.2796008333333333e6,false,5
0.622,use_SR3_cuts,0.07031542261900459,3,false,0.19433333333333333,false,false,7.5,false,1.38111e6,1.2839966666666665e6,false,0
1.431,none,0.06302539261898044,0,false,0.446,false,false,7.5,false,1.38111e6,1.294065e6,false,0
