CG_time_taken,method,CG_LP_IP_gap,implemented_SR3_cuts_count,errored,CG_sp_time_taken_mean,converged,CGIP_artificial,ngroute_neighborhood_size,time_limit_reached,CGIP_objective,CGLP_objective,CGLP_artificial,cycles_lookup_length
77.635,use_adaptive_ngroute,0.9999629858160851,0,false,1.0728529411764707,false,true,6.999999999999999,false,6.0e10,2.220851034892193e6,false,39
123.112,use_adaptive_ngroute,0.16210461992164193,0,false,5.073043478260869,false,false,8.613636363636363,false,2.71828e6,2.277634253759399e6,false,16
78.377,use_adaptive_ngroute,0.1594490401641495,0,false,7.648499999999999,false,false,9.727272727272727,false,2.71828e6,2.284852863102596e6,false,14
60.758,use_adaptive_ngroute,0.15621226771339702,0,false,9.998999999999999,false,false,10.636363636363635,false,2.71828e6,2.293651316920027e6,false,7
57.384,use_SR3_cuts,0.15596500639218813,13,false,11.4192,false,false,11.045454545454545,false,2.71828e6,2.294323442424243e6,false,0
3179.942,none,0.057030109532344775,0,false,1335.5594999999998,false,false,11.045454545454545,true,2.45186e6,2.312030155642025e6,false,0
