CG_time_taken,method,CG_LP_IP_gap,implemented_SR3_cuts_count,errored,CG_sp_time_taken_mean,converged,CGIP_artificial,ngroute_neighborhood_size,time_limit_reached,CGIP_objective,CGLP_objective,CGLP_artificial,cycles_lookup_length
113.547,use_adaptive_ngroute,0.9999658272729672,0,false,1.348970588235294,false,true,6.999999999999999,false,6.0e10,2.0503636219656605e6,false,42
276.927,use_adaptive_ngroute,0.07728778726902308,0,false,10.950333333333335,false,false,10.772727272727273,false,2.284e6,2.1074746938775512e6,false,4
189.257,use_adaptive_ngroute,0.07725541705298589,0,false,20.683777777777777,false,false,11.136363636363637,false,2.284e6,2.1075486274509802e6,false,3
143.189,use_SR3_cuts,0.07719108776026451,4,false,23.780833333333334,false,false,11.227272727272727,false,2.284e6,2.107695555555556e6,false,0
365.046,use_SR3_cuts,0.06381527367437245,2,false,60.01033333333333,false,false,11.227272727272727,false,2.25761e6,2.11354e6,false,0
392.707,none,0.0,0,false,97.81725,true,false,11.227272727272727,false,2.11625e6,2.11625e6,false,0
