CG_time_taken,method,CG_LP_IP_gap,implemented_SR3_cuts_count,errored,CG_sp_time_taken_mean,converged,CGIP_artificial,ngroute_neighborhood_size,time_limit_reached,CGIP_objective,CGLP_objective,CGLP_artificial,cycles_lookup_length
144.404,use_adaptive_ngroute,0.9999676917694283,0,false,1.133413043478261,false,true,6.999999999999999,false,6.0e10,1.9384938343012007e6,false,33
173.903,use_adaptive_ngroute,0.251459069702038,0,false,6.41284,false,false,8.863636363636363,false,2.77909e6,2.0802626139817631e6,false,19
104.228,use_adaptive_ngroute,0.23095485574326624,0,false,12.876124999999998,false,false,10.681818181818182,false,2.71566e6,2.0884651364522416e6,false,5
49.6,use_adaptive_ngroute,0.23081567410169068,0,false,16.395333333333333,false,false,10.818181818181818,false,2.71566e6,2.0888431064690028e6,false,1
56.751,use_SR3_cuts,0.18928330730606602,17,false,18.790333333333333,false,false,10.954545454545455,false,2.576546e6,2.0888488516937848e6,false,0
3028.786,none,0.0704842671008088,0,false,307.1031111111111,false,false,10.954545454545455,true,2.270664e6,2.110617912127809e6,false,0
