CG_time_taken,method,CG_LP_IP_gap,implemented_SR3_cuts_count,errored,CG_sp_time_taken_mean,converged,CGIP_artificial,ngroute_neighborhood_size,time_limit_reached,CGIP_objective,CGLP_objective,CGLP_artificial,cycles_lookup_length
96.109,use_adaptive_ngroute,0.9999624018817891,0,false,1.1407272727272724,false,true,6.999999999999999,false,6.0e10,2.255887092651758e6,false,35
67.244,use_adaptive_ngroute,0.9999612987097598,0,false,3.404888888888889,false,true,8.659090909090908,false,6.0e10,2.322077414414414e6,false,26
66.947,use_adaptive_ngroute,0.9999611404561217,0,false,5.417083333333334,false,true,10.431818181818182,false,6.0e10,2.3315726326944344e6,false,13
81.007,use_adaptive_ngroute,0.9999610531640173,0,false,8.913777777777778,false,true,11.295454545454545,false,6.0e10,2.3368101589595373e6,false,4
51.574,use_adaptive_ngroute,0.9999610513963415,0,false,12.7345,false,true,11.636363636363637,false,6.0e10,2.3369162195121953e6,false,2
32.636,use_SR3_cuts,0.99996105,10,false,10.825,false,true,11.886363636363637,false,6.0e10,2.337e6,false,0
1237.72,use_adaptive_ngroute,0.11768512721263258,0,false,149.68875,false,false,11.886363636363637,false,2.711054e6,2.3920032651296835e6,false,10
548.701,use_adaptive_ngroute,0.11662897697554309,0,false,108.3184,false,false,12.5,false,2.711054e6,2.394866545454546e6,false,1
280.679,use_SR3_cuts,0.11660285792053593,11,false,140.203,false,false,12.545454545454545,false,2.711054e6,2.3949373556230995e6,false,0
1035.278,none,0.11088572711198441,0,false,874.281,false,false,12.545454545454545,true,2.711054e6,2.4104368059701463e6,false,0
