CG_time_taken,method,CG_LP_IP_gap,implemented_SR3_cuts_count,errored,CG_sp_time_taken_mean,converged,CGIP_artificial,ngroute_neighborhood_size,time_limit_reached,CGIP_objective,CGLP_objective,CGLP_artificial,cycles_lookup_length
134.863,use_adaptive_ngroute,0.9999663452554093,0,false,1.7298965517241383,false,true,6.999999999999999,false,6.0e10,2.0192846754402092e6,false,42
759.115,use_adaptive_ngroute,0.08406314161931794,0,false,33.609227272727274,false,false,10.84090909090909,false,2.298259e6,2.105060128205128e6,false,29
425.806,use_adaptive_ngroute,0.06817663388575412,0,false,38.37509090909091,false,false,13.863636363636363,false,2.2982589903297857e6,2.141571428571429e6,false,6
477.475,use_SR3_cuts,0.06812299837296287,3,false,95.3516,false,false,14.499999999999998,false,2.298259e6,2.141694705882353e6,false,0
1217.721,use_adaptive_ngroute,0.0654284626717394,0,false,242.9678,false,false,14.499999999999998,false,2.298259e6,2.147887446808511e6,false,3
303.3,use_adaptive_ngroute,0.06542226826118525,0,false,151.372,false,false,14.613636363636365,false,2.298259e6,2.1479016831683167e6,false,3
252.197,none,0.0654185189745804,0,false,126.79599999999999,false,false,14.727272727272728,true,2.298259e6,2.1479103e6,false,0
