CG_time_taken,method,CG_LP_IP_gap,implemented_SR3_cuts_count,errored,CG_sp_time_taken_mean,converged,CGIP_artificial,ngroute_neighborhood_size,time_limit_reached,CGIP_objective,CGLP_objective,CGLP_artificial,cycles_lookup_length
125.72,use_adaptive_ngroute,0.9999667918253998,0,false,1.4226363636363637,false,true,6.999999999999999,false,6.0e10,1.9924904760127936e6,false,35
210.044,use_adaptive_ngroute,0.2140432187084822,0,false,10.427473684210524,false,false,10.159090909090908,false,2.611428e6,2.0524695454545456e6,false,11
160.024,use_SR3_cuts,0.21340927281741995,12,false,19.777250000000002,false,false,10.75,false,2.611428e6,2.0541250495049506e6,false,0
3074.756,none,0.10367145540346023,0,false,420.328,false,false,10.75,true,2.332628e6,2.0908010603251373e6,false,0
