CG_time_taken,method,CG_LP_IP_gap,implemented_SR3_cuts_count,errored,CG_sp_time_taken_mean,converged,CGIP_artificial,ngroute_neighborhood_size,time_limit_reached,CGIP_objective,CGLP_objective,CGLP_artificial,cycles_lookup_length
94.159,use_adaptive_ngroute,0.9999651869748931,0,false,1.024034482758621,false,true,6.999999999999999,false,6.0e10,2.0887815064102558e6,false,32
100.891,use_adaptive_ngroute,0.21065356872727947,0,false,3.7357826086956516,false,false,8.295454545454545,false,2.67472e6,2.111280686653771e6,false,22
40.963,use_adaptive_ngroute,0.20889765730075827,0,false,4.998125,false,false,10.40909090909091,false,2.67472e6,2.115977258064516e6,false,5
35.421,use_adaptive_ngroute,0.18950519470295635,0,false,6.8469999999999995,false,false,11.068181818181818,false,2.6111e6,2.1162829861111105e6,false,6
50.828,use_SR3_cuts,0.18942663053885334,13,false,6.15275,false,false,11.204545454545455,false,2.6111e6,2.116488125e6,false,0
1520.563,use_adaptive_ngroute,0.06937444164894369,0,false,135.5252,false,false,11.204545454545455,false,2.30783e6,2.1477255823293184e6,false,11
583.207,use_SR3_cuts,0.06870682271513473,13,false,72.14687500000001,false,false,11.818181818181818,false,2.30783e6,2.1492663333333307e6,false,0
1104.217,none,0.0613994728617554,0,false,NaN,false,false,11.818181818181818,true,2.30783e6,2.166130454545455e6,false,0
