CG_time_taken,method,CG_LP_IP_gap,implemented_SR3_cuts_count,errored,CG_sp_time_taken_mean,converged,CGIP_artificial,ngroute_neighborhood_size,time_limit_reached,CGIP_objective,CGLP_objective,CGLP_artificial,cycles_lookup_length
109.145,use_adaptive_ngroute,0.9999657771344234,0,false,1.1869655172413796,false,true,6.999999999999999,false,6.0e10,2.0533719345984005e6,false,44
479.776,use_adaptive_ngroute,0.1100111944385258,0,false,20.31560869565217,false,false,11.931818181818182,false,2.379364e6,2.1176073243559715e6,false,23
357.581,use_adaptive_ngroute,0.10209162797172544,0,false,44.402874999999995,false,false,14.09090909090909,false,2.36188e6,2.120751825726141e6,false,3
170.289,use_adaptive_ngroute,0.1020269134314975,0,false,33.9446,false,false,14.431818181818183,false,2.36188e6,2.1209046737044146e6,false,7
151.113,use_SR3_cuts,0.102005525313133,10,false,37.516,false,false,14.840909090909092,false,2.36188e6,2.1209551898734174e6,false,0
2298.343,none,0.041359230361014854,0,false,441.00719999999995,false,false,14.840909090909092,true,2.22527e6,2.1332345454545445e6,false,0
