CG_time_taken,method,CG_LP_IP_gap,implemented_SR3_cuts_count,errored,CG_sp_time_taken_mean,converged,CGIP_artificial,ngroute_neighborhood_size,time_limit_reached,CGIP_objective,CGLP_objective,CGLP_artificial,cycles_lookup_length
134.001,use_adaptive_ngroute,0.9999639753475232,0,false,1.4409444444444444,false,true,6.999999999999999,false,6.0e10,2.161479148606811e6,false,41
405.564,use_adaptive_ngroute,0.1872031885689951,0,false,16.950347826086958,false,false,11.136363636363637,false,2.718481e6,2.2095726887357696e6,false,28
326.203,use_adaptive_ngroute,0.13908597317887228,0,false,40.53699999999999,false,false,13.340909090909092,false,2.57679e6,2.2183946551724137e6,false,4
114.356,use_SR3_cuts,0.13907315276838006,13,false,57.0345,false,false,13.704545454545455,false,2.57679e6,2.218427690677966e6,false,0
2587.004,none,0.11969432026986493,0,false,276.57588888888887,false,false,13.704545454545455,true,2.55208e6,2.2466105191256832e6,false,0
