CG_time_taken,method,CG_LP_IP_gap,implemented_SR3_cuts_count,errored,CG_sp_time_taken_mean,converged,CGIP_artificial,ngroute_neighborhood_size,time_limit_reached,CGIP_objective,CGLP_objective,CGLP_artificial,cycles_lookup_length
190.358,use_adaptive_ngroute,0.9999636207327259,0,false,2.11665625,false,true,6.999999999999999,false,6.0e10,2.182756036443957e6,false,38
194.479,use_adaptive_ngroute,0.12276781073542409,0,false,11.255749999999999,false,false,9.25,false,2.519036e6,2.20977946511628e6,false,14
170.283,use_adaptive_ngroute,0.12076222525487634,0,false,13.825166666666666,false,false,11.113636363636363,false,2.519036e6,2.2148316071428573e6,false,11
154.833,use_adaptive_ngroute,0.1198919095237605,0,false,25.641,false,false,13.0,false,2.519036e6,2.2170239638009043e6,false,9
61.479,use_SR3_cuts,0.11988845468398723,11,false,20.359666666666666,false,false,13.204545454545455,false,2.519036e6,2.2170326666666674e6,false,0
2062.913,use_adaptive_ngroute,0.07075687380841489,0,false,253.601125,false,false,13.204545454545455,false,2.40389e6,2.2337982586206896e6,false,1
592.174,use_SR3_cuts,0.07062848193938764,8,false,194.70466666666667,false,false,13.227272727272728,false,2.40389e6,2.2341068985507255e6,false,0
80.821,none,0.06650096302243469,0,false,NaN,false,false,13.227272727272728,true,2.40389e6,2.2440289999999995e6,false,0
