CG_time_taken,method,CG_LP_IP_gap,implemented_SR3_cuts_count,errored,CG_sp_time_taken_mean,converged,CGIP_artificial,ngroute_neighborhood_size,time_limit_reached,CGIP_objective,CGLP_objective,CGLP_artificial,cycles_lookup_length
2.865,use_adaptive_ngroute,0.41106369980932633,0,false,0.11038461538461539,false,false,5.0,false,2.16076e6,1.27255e6,false,9
3.528,use_adaptive_ngroute,0.16478071016656715,0,false,0.16830769230769232,false,false,5.6,false,1.69739e6,1.4176928703703706e6,false,13
1.568,use_adaptive_ngroute,0.0867172672739277,0,false,0.22166666666666668,false,false,7.35,false,1.558724e6,1.4235557142857143e6,false,7
0.82,use_adaptive_ngroute,0.08262944562347163,0,false,0.188,false,false,8.149999999999999,false,1.558724e6,1.4299274999999998e6,false,7
1.677,use_adaptive_ngroute,0.07960293162869114,0,false,0.40449999999999997,false,false,8.85,false,1.558724e6,1.434645e6,false,4
1.444,none,0.0,0,false,0.35175,true,false,9.1,false,1.43959e6,1.43959e6,false,0
