CG_time_taken,method,CG_LP_IP_gap,implemented_SR3_cuts_count,errored,CG_sp_time_taken_mean,converged,CGIP_artificial,ngroute_neighborhood_size,time_limit_reached,CGIP_objective,CGLP_objective,CGLP_artificial,cycles_lookup_length
215.104,use_adaptive_ngroute,0.9999646144706349,0,false,2.227189189189189,false,true,6.999999999999999,false,6.0e10,2.123131761904762e6,false,24
42.133,use_adaptive_ngroute,0.13362440519637753,0,false,2.343,false,false,7.818181818181818,false,2.55213e6,2.211103146766169e6,false,17
34.075,use_adaptive_ngroute,0.1313625578292028,0,false,3.6691111111111114,false,false,9.431818181818182,false,2.55213e6,2.2168756752873566e6,false,10
34.109,use_adaptive_ngroute,0.1307687914393868,0,false,4.8141428571428575,false,false,10.636363636363635,false,2.55213e6,2.2183910443037977e6,false,5
23.274,use_adaptive_ngroute,0.1306725417410115,0,false,4.5646,false,false,11.0,false,2.55213e6,2.2186366860465123e6,false,3
13.976,use_SR3_cuts,0.13066446157041078,18,false,6.924,false,false,11.295454545454545,false,2.55213e6,2.2186573076923075e6,false,0
3214.789,none,0.003181277214021394,0,false,587.1908000000001,false,false,11.295454545454545,true,2.29634e6,2.289034705882354e6,false,0
