CG_time_taken,method,CG_LP_IP_gap,implemented_SR3_cuts_count,errored,CG_sp_time_taken_mean,converged,CGIP_artificial,ngroute_neighborhood_size,time_limit_reached,CGIP_objective,CGLP_objective,CGLP_artificial,cycles_lookup_length
175.76,use_adaptive_ngroute,0.9999689457062004,0,false,1.9162258064516127,false,true,6.999999999999999,false,6.0e10,1.8632576279761905e6,false,43
284.16,use_adaptive_ngroute,0.14814857312562457,0,false,10.429769230769232,false,false,10.40909090909091,false,2.22234e6,1.8931034999999995e6,false,18
143.481,use_adaptive_ngroute,0.14449565065908643,0,false,17.62625,false,false,11.818181818181818,false,2.22234e6,1.901221535714286e6,false,3
214.831,use_SR3_cuts,0.1419958804683351,12,false,21.181900000000002,false,false,11.886363636363637,false,2.22234e6,1.9067768750000002e6,false,0
2763.237,none,0.004785600268937706,0,false,818.5663333333333,false,false,11.886363636363637,true,1.97243e6,1.9629907384615391e6,false,0
