CG_time_taken,method,CG_LP_IP_gap,implemented_SR3_cuts_count,errored,CG_sp_time_taken_mean,converged,CGIP_artificial,ngroute_neighborhood_size,time_limit_reached,CGIP_objective,CGLP_objective,CGLP_artificial,cycles_lookup_length
103.493,use_adaptive_ngroute,0.242198463745687,0,false,0.9352941176470587,false,false,6.999999999999999,false,2.71663e6,2.0586663874345543e6,false,37
202.723,use_adaptive_ngroute,0.1434629111593645,0,false,8.934190476190476,false,false,10.40909090909091,false,2.453712e6,2.1016953333333335e6,false,5
69.768,use_adaptive_ngroute,0.1424714177287837,0,false,11.169,false,false,10.65909090909091,false,2.453712e6,2.1041281726618707e6,false,10
100.347,use_adaptive_ngroute,0.1423270914873842,0,false,14.105142857142859,false,false,11.136363636363637,false,2.453712e6,2.1044823076923075e6,false,5
79.982,use_adaptive_ngroute,0.1419441408228297,0,false,15.874000000000002,false,false,11.34090909090909,false,2.453712e6,2.105421958333333e6,false,9
67.277,use_SR3_cuts,0.14189867903218623,9,false,13.284800000000002,false,false,11.795454545454545,false,2.453712e6,2.1055335084745763e6,false,0
361.518,use_adaptive_ngroute,0.07993444955531936,0,false,50.657714285714285,false,false,11.795454545454545,false,2.300976e6,2.1170487499999995e6,false,3
253.933,use_adaptive_ngroute,0.07993444955531914,0,false,50.1336,false,false,11.954545454545453,false,2.300976e6,2.11704875e6,false,1
314.563,use_adaptive_ngroute,0.07977517767711162,0,false,62.7334,false,false,11.977272727272727,false,2.300976e6,2.1174152307692305e6,false,2
290.473,use_SR3_cuts,0.079705358789948,5,false,72.21799999999999,false,false,12.022727272727273,false,2.300976e6,2.1175758823529407e6,false,0
701.782,use_SR3_cuts,0.07890003672749768,1,false,116.71566666666668,false,false,12.022727272727273,false,2.300976e6,2.119428909090909e6,false,0
997.853,none,0.07849449616477044,0,false,176.928,false,false,12.022727272727273,true,2.300976e6,2.120362048192771e6,false,0
