CG_time_taken,method,CG_LP_IP_gap,implemented_SR3_cuts_count,errored,CG_sp_time_taken_mean,converged,CGIP_artificial,ngroute_neighborhood_size,time_limit_reached,CGIP_objective,CGLP_objective,CGLP_artificial,cycles_lookup_length
132.984,use_adaptive_ngroute,0.9999656231791136,0,false,1.7596875,false,true,6.999999999999999,false,6.0e10,2.0626092531813888e6,false,41
419.123,use_adaptive_ngroute,0.16438140216741537,0,false,23.84958823529412,false,false,11.681818181818182,false,2.56284e6,2.141556767269261e6,false,20
341.372,use_adaptive_ngroute,0.029298470775755425,0,false,33.597500000000004,false,false,13.068181818181818,false,2.23318e6,2.1677512410329985e6,false,14
583.973,use_adaptive_ngroute,0.026853426272292702,0,false,72.85787499999999,false,false,13.954545454545455,false,2.23318e6,2.1732114655172415e6,false,2
393.936,use_SR3_cuts,0.026653531800545194,15,false,98.38625,false,false,14.113636363636365,false,2.23318e6,2.1736578658536584e6,false,0
1711.445,none,0.007483944536788023,0,false,NaN,false,false,14.113636363636365,true,2.23318e6,2.2164670047393357e6,false,0
