CG_time_taken,method,CG_LP_IP_gap,implemented_SR3_cuts_count,errored,CG_sp_time_taken_mean,converged,CGIP_artificial,ngroute_neighborhood_size,time_limit_reached,CGIP_objective,CGLP_objective,CGLP_artificial,cycles_lookup_length
159.775,use_adaptive_ngroute,0.29089963078318715,0,false,1.8764857142857145,false,false,6.999999999999999,false,2.75227e6,1.9516356731843576e6,false,28
72.97,use_adaptive_ngroute,0.08647112728068485,0,false,4.328928571428572,false,false,9.113636363636363,false,2.19342e6,2.0037525000000002e6,false,6
21.849,use_SR3_cuts,0.08639932160735286,2,false,2.629714285714286,false,false,9.25,false,2.19342e6,2.00391e6,false,0
55.038,use_adaptive_ngroute,0.08310506588636435,0,false,8.176666666666668,false,false,9.25,false,2.1934e6,2.0111173484848484e6,false,7
48.027,use_adaptive_ngroute,0.08266136794221035,0,false,9.443999999999999,false,false,9.545454545454545,false,2.1934e6,2.0120905555555557e6,false,6
42.204,use_SR3_cuts,0.08266136794221013,9,false,13.935666666666666,false,false,10.204545454545455,false,2.1934e6,2.0120905555555562e6,false,0
247.462,use_adaptive_ngroute,0.07871915516399597,0,false,33.163428571428575,false,false,10.204545454545455,false,2.1934e6,2.0207374050632913e6,false,7
160.706,use_SR3_cuts,0.07854045450505698,4,false,39.718250000000005,false,false,10.5,false,2.1934e6,2.021129367088608e6,false,0
306.639,use_adaptive_ngroute,0.006822277384772146,0,false,49.26416666666666,false,false,10.5,false,2.03842e6,2.0245133333333328e6,false,3
187.005,use_adaptive_ngroute,0.0065012771329431285,0,false,62.18466666666667,false,false,10.681818181818182,false,2.03842e6,2.025167666666666e6,false,10
398.854,use_SR3_cuts,0.006426000965889522,1,false,94.038,false,false,11.181818181818182,false,2.03842e6,2.0253211111111115e6,false,0
535.899,use_SR3_cuts,0.006426000965888301,2,false,178.47666666666663,false,false,11.181818181818182,false,2.03842e6,2.025321111111114e6,false,0
756.765,none,0.005428223820409972,0,false,251.3273333333333,false,false,11.181818181818182,false,2.03842e6,2.027355e6,false,0
