CG_time_taken,method,CG_LP_IP_gap,implemented_SR3_cuts_count,errored,CG_sp_time_taken_mean,converged,CGIP_artificial,ngroute_neighborhood_size,time_limit_reached,CGIP_objective,CGLP_objective,CGLP_artificial,cycles_lookup_length
241.06,use_adaptive_ngroute,0.9999664854926357,0,false,2.4627575757575753,false,true,6.999999999999999,false,6.0e10,2.0108704418571433e6,false,36
302.849,use_adaptive_ngroute,0.18199795636019034,0,false,17.5338,false,false,9.681818181818183,false,2.48178e6,2.0301011118644068e6,false,22
354.494,use_adaptive_ngroute,0.16198051925921364,0,false,28.817833333333336,false,false,11.59090909090909,false,2.44515e6,2.0490833333333337e6,false,1
226.378,use_adaptive_ngroute,0.16134109280695386,0,false,32.12414285714286,false,false,11.704545454545455,false,2.44515e6,2.0506468269230768e6,false,2
83.657,use_SR3_cuts,0.16125697809950323,7,false,27.764,false,false,11.886363636363637,false,2.44515e6,2.0508524999999998e6,false,0
1713.531,use_adaptive_ngroute,0.08543724154341803,0,false,209.08212499999996,false,false,11.886363636363637,false,2.286134e6,2.0908130172413795e6,false,10
604.881,none,0.08189129783789428,0,false,132.2785,false,false,12.386363636363637,true,2.277672e6,2.0911504838709678e6,false,0
