CG_time_taken,method,CG_LP_IP_gap,implemented_SR3_cuts_count,errored,CG_sp_time_taken_mean,converged,CGIP_artificial,ngroute_neighborhood_size,time_limit_reached,CGIP_objective,CGLP_objective,CGLP_artificial,cycles_lookup_length
111.699,use_adaptive_ngroute,0.9999670917477729,0,false,1.6178214285714287,false,true,6.999999999999999,false,6.0e10,1.9744951336307796e6,false,39
197.057,use_adaptive_ngroute,0.12356851643813238,0,false,9.677210526315788,false,false,9.181818181818182,false,2.31929e6,2.032698775510204e6,false,13
156.432,use_adaptive_ngroute,0.12050088982918439,0,false,19.343,false,false,10.113636363636363,false,2.31929e6,2.039813491228071e6,false,7
126.647,use_SR3_cuts,0.12050088982918461,9,false,25.1472,false,false,10.568181818181818,false,2.31929e6,2.0398134912280703e6,false,0
1416.73,use_adaptive_ngroute,0.11497633671668162,0,false,197.685,false,false,10.568181818181818,false,2.31816e6,2.0516264552768574e6,false,5
736.683,use_SR3_cuts,0.11477993092834471,7,false,183.4725,false,false,10.772727272727273,false,2.31816e6,2.0520817553191485e6,false,0
813.662,none,0.1090649480622572,0,false,NaN,false,false,10.772727272727273,true,2.31816e6,2.065329999999998e6,false,0
