CG_time_taken,method,CG_LP_IP_gap,implemented_SR3_cuts_count,errored,CG_sp_time_taken_mean,converged,CGIP_artificial,ngroute_neighborhood_size,time_limit_reached,CGIP_objective,CGLP_objective,CGLP_artificial,cycles_lookup_length
55.022,use_adaptive_ngroute,0.9999610975572308,0,false,0.6887333333333332,false,true,6.999999999999999,false,6.0e10,2.334146566149916e6,false,44
298.56,use_adaptive_ngroute,0.10196417951168346,0,false,13.111000000000002,false,false,10.90909090909091,false,2.67174e6,2.3993182230314547e6,false,16
218.566,use_adaptive_ngroute,0.04427647118266398,0,false,14.291466666666663,false,false,12.0,false,2.51942e6,2.407868972972973e6,false,9
81.75,use_adaptive_ngroute,0.041908219661533574,0,false,16.192,false,false,12.5,false,2.51942e6,2.413835593220339e6,false,7
89.742,use_adaptive_ngroute,0.04137949982517475,0,false,22.30525,false,false,13.25,false,2.51942e6,2.4151676605504584e6,false,7
89.179,use_adaptive_ngroute,0.04123566752629115,0,false,22.19625,false,false,13.522727272727273,false,2.51942e6,2.4155300345209115e6,false,3
42.092,use_SR3_cuts,0.04123566469002127,16,false,20.962000000000003,false,false,13.613636363636363,false,2.51942e6,2.4155300416666665e6,false,0
1287.208,use_adaptive_ngroute,0.03173907870546866,0,false,139.74311111111112,false,false,13.613636363636363,false,2.51942e6,2.439455930327868e6,false,1
277.062,use_adaptive_ngroute,0.03154579243747213,0,false,138.14450000000002,false,false,13.636363636363637,false,2.51942e6,2.439942899617184e6,false,4
286.344,use_SR3_cuts,0.03153304928171541,8,false,143.0365,false,false,13.818181818181818,false,2.51942e6,2.4399750049786605e6,false,0
839.888,none,0.027303391832398827,0,false,NaN,false,false,13.818181818181818,true,2.51942e6,2.450631288549618e6,false,0
