CG_time_taken,method,CG_LP_IP_gap,implemented_SR3_cuts_count,errored,CG_sp_time_taken_mean,converged,CGIP_artificial,ngroute_neighborhood_size,time_limit_reached,CGIP_objective,CGLP_objective,CGLP_artificial,cycles_lookup_length
88.358,use_adaptive_ngroute,0.9999671316916666,0,false,1.0103333333333333,false,true,6.999999999999999,false,6.0e10,1.9720985e6,false,29
98.259,use_adaptive_ngroute,0.2983257673423484,0,false,3.3818333333333332,false,false,9.204545454545455,false,2.91656e6,2.0464750000000005e6,false,30
293.364,use_adaptive_ngroute,0.17481346100149242,0,false,16.94288235294118,false,false,12.15909090909091,false,2.49501e6,2.0588486666666665e6,false,6
138.272,use_adaptive_ngroute,0.17232814241084826,0,false,19.582571428571427,false,false,12.977272727272728,false,2.49501e6,2.0650495614035095e6,false,12
139.352,use_adaptive_ngroute,0.17187154684461536,0,false,23.086666666666666,false,false,13.454545454545455,false,2.49501e6,2.0661887719072162e6,false,10
327.591,use_adaptive_ngroute,0.17166051015466655,0,false,36.13866666666667,false,false,13.90909090909091,false,2.49501e6,2.0667153105590055e6,false,6
200.081,use_SR3_cuts,0.17156810708459802,11,false,49.9235,false,false,14.136363636363637,false,2.49501e6,2.066945857142857e6,false,0
2256.726,none,0.09801891875881485,0,false,442.9582,false,false,14.136363636363637,true,2.32729e6,2.099171550561798e6,false,0
