CG_time_taken,method,CG_LP_IP_gap,implemented_SR3_cuts_count,errored,CG_sp_time_taken_mean,converged,CGIP_artificial,ngroute_neighborhood_size,time_limit_reached,CGIP_objective,CGLP_objective,CGLP_artificial,cycles_lookup_length
120.483,use_adaptive_ngroute,0.9999681295475007,0,false,1.6867666666666665,false,true,6.999999999999999,false,6.0e10,1.912227149961103e6,false,43
395.034,use_adaptive_ngroute,0.11509008590465797,0,false,15.969375000000003,false,false,12.568181818181818,false,2.24743e6,1.9887730882352944e6,false,5
89.797,use_SR3_cuts,0.11507210458167794,8,false,14.823166666666669,false,false,12.727272727272728,false,2.24743e6,1.9888134999999995e6,false,0
1247.462,use_adaptive_ngroute,0.01945955613657635,0,false,176.19571428571433,false,false,12.727272727272728,false,2.0452e6,2.005401315789474e6,false,2
582.194,use_adaptive_ngroute,0.019315256035515094,0,false,145.27,false,false,12.772727272727273,false,2.0452e6,2.0056964383561646e6,false,4
877.302,use_SR3_cuts,0.011475694665816105,8,false,175.2506,false,false,12.954545454545453,false,2.029e6,2.005715815523059e6,false,0
264.037,none,0.010275654576583637,0,false,NaN,false,false,12.954545454545453,true,2.029e6,2.0081506968641118e6,false,0
