CG_time_taken,method,CG_LP_IP_gap,implemented_SR3_cuts_count,errored,CG_sp_time_taken_mean,converged,CGIP_artificial,ngroute_neighborhood_size,time_limit_reached,CGIP_objective,CGLP_objective,CGLP_artificial,cycles_lookup_length
85.926,use_adaptive_ngroute,0.999965159717409,0,false,1.3052592592592593,false,true,6.999999999999999,false,6.0e10,2.0904169554612937e6,false,44
103.455,use_adaptive_ngroute,0.12774551950606994,0,false,5.941437499999999,false,false,11.545454545454545,false,2.46513e6,2.150220687500002e6,false,16
36.941,use_adaptive_ngroute,0.12386625752773917,0,false,7.257000000000001,false,false,12.409090909090908,false,2.46513e6,2.1597835725806444e6,false,7
53.159,use_adaptive_ngroute,0.12267464651933457,0,false,8.764333333333333,false,false,12.75,false,2.46513e6,2.162721048625793e6,false,3
27.874,use_SR3_cuts,0.12267464651933457,11,false,9.145333333333333,false,false,13.181818181818182,false,2.46513e6,2.162721048625793e6,false,0
320.92,use_adaptive_ngroute,0.08069371272881476,0,false,52.46766666666666,false,false,13.181818181818182,false,2.362792e6,2.1721295411140583e6,false,10
306.08,use_SR3_cuts,0.029316608963301127,7,false,75.63974999999999,false,false,13.886363636363635,false,2.238171e6,2.1725554159999993e6,false,0
1060.676,use_SR3_cuts,0.024676300258461015,8,false,260.96524999999997,false,false,13.886363636363635,false,2.238171e6,2.18294122037422e6,false,0
1562.473,none,0.008795345157236345,0,false,944.384,false,false,13.886363636363635,true,2.211841e6,2.192387094972073e6,false,0
