CG_time_taken,method,CG_LP_IP_gap,implemented_SR3_cuts_count,errored,CG_sp_time_taken_mean,converged,CGIP_artificial,ngroute_neighborhood_size,time_limit_reached,CGIP_objective,CGLP_objective,CGLP_artificial,cycles_lookup_length
177.395,use_adaptive_ngroute,0.9999666720289336,0,false,1.2679607843137257,false,true,6.999999999999999,false,6.0e10,1.999678263985082e6,false,27
263.46,use_adaptive_ngroute,0.24683879234762185,0,false,8.444678571428573,false,false,8.386363636363637,false,2.813232e6,2.118817210526315e6,false,18
136.299,use_adaptive_ngroute,0.2384067151233883,0,false,10.126461538461538,false,false,8.840909090909092,false,2.813232e6,2.1425386e6,false,3
67.098,use_adaptive_ngroute,0.23820921952594765,0,false,11.067666666666668,false,false,9.090909090909092,false,2.813232e6,2.143094200934579e6,false,4
61.974,use_SR3_cuts,0.23789207573353377,7,false,12.247400000000003,false,false,9.272727272727272,false,2.813232e6,2.1439863999999994e6,false,0
369.783,use_adaptive_ngroute,0.12623036029339463,0,false,50.50657142857143,false,false,9.272727272727272,false,2.476083e6,2.1635261507936507e6,false,9
157.418,use_SR3_cuts,0.12622269795615781,8,false,51.940999999999995,false,false,10.477272727272727,false,2.476083e6,2.163545123376623e6,false,0
1168.303,use_adaptive_ngroute,0.05804980920867486,0,false,289.919,false,false,10.477272727272727,false,2.312033e6,2.17781992546584e6,false,7
839.217,use_adaptive_ngroute,0.056864019260895016,0,false,167.4192,false,false,10.90909090909091,false,2.312033e6,2.180561510956175e6,false,1
286.279,none,0.056864019260895016,0,false,221.868,false,false,10.931818181818182,true,2.312033e6,2.180561510956175e6,false,0
