CG_time_taken,method,CG_LP_IP_gap,implemented_SR3_cuts_count,errored,CG_sp_time_taken_mean,converged,CGIP_artificial,ngroute_neighborhood_size,time_limit_reached,CGIP_objective,CGLP_objective,CGLP_artificial,cycles_lookup_length
87.272,use_adaptive_ngroute,0.9999651095261264,0,false,1.3627142857142855,false,true,6.999999999999999,false,6.0e10,2.0934284324173029e6,false,42
78.481,use_adaptive_ngroute,0.2540710550565751,0,false,4.928533333333334,false,false,10.318181818181818,false,2.87115e6,2.141673890274314e6,false,12
76.102,use_adaptive_ngroute,0.24076481216528756,0,false,9.300624999999998,false,false,11.181818181818182,false,2.82333e6,2.1435714828693788e6,false,2
12.873,use_SR3_cuts,0.24076481216528722,13,false,12.785,false,false,11.522727272727273,false,2.82333e6,2.1435714828693797e6,false,0
1289.731,use_SR3_cuts,0.06843504418460522,9,false,137.96022222222223,false,false,11.522727272727273,false,2.34288e6,2.182544903680772e6,false,0
2001.862,none,0.03739992024567107,0,false,591.1809999999999,false,false,11.522727272727273,true,2.27684e6,2.1916863655878464e6,false,0
