CG_time_taken,method,CG_LP_IP_gap,implemented_SR3_cuts_count,errored,CG_sp_time_taken_mean,converged,CGIP_artificial,ngroute_neighborhood_size,time_limit_reached,CGIP_objective,CGLP_objective,CGLP_artificial,cycles_lookup_length
159.256,use_adaptive_ngroute,0.9999673475020264,0,false,1.8721515151515153,false,true,6.999999999999999,false,6.0e10,1.9591498784163476e6,false,41
270.364,use_adaptive_ngroute,0.20123339248797523,0,false,15.393647058823529,false,false,10.272727272727272,false,2.526536e6,2.018112589477001e6,false,23
331.955,use_adaptive_ngroute,0.17945235524755832,0,false,41.232,false,false,12.318181818181818,false,2.46808e6,2.0251772310606062e6,false,12
234.854,use_SR3_cuts,0.17915674956897276,15,false,39.00666666666667,false,false,12.931818181818182,false,2.46808e6,2.0259068095238097e6,false,0
2573.776,none,0.05013784406398969,0,false,1222.09,false,false,12.931818181818182,true,2.151344e6,2.0434802500000002e6,false,0
