CG_time_taken,method,CG_LP_IP_gap,implemented_SR3_cuts_count,errored,CG_sp_time_taken_mean,converged,CGIP_artificial,ngroute_neighborhood_size,time_limit_reached,CGIP_objective,CGLP_objective,CGLP_artificial,cycles_lookup_length
74.673,use_adaptive_ngroute,0.9999644553985999,0,false,0.81040625,false,true,6.999999999999999,false,6.0e10,2.1326760840050913e6,false,36
56.933,use_adaptive_ngroute,0.12705575911514844,0,false,2.211363636363636,false,false,10.227272727272727,false,2.49023e6,2.173831936978684e6,false,24
97.339,use_adaptive_ngroute,0.11382362020393233,0,false,7.922583333333333,false,false,11.522727272727273,false,2.45756e6,2.177831623931624e6,false,7
61.678,use_adaptive_ngroute,0.11301648695773903,0,false,8.630428571428572,false,false,12.15909090909091,false,2.45756e6,2.179815202312139e6,false,8
73.134,use_adaptive_ngroute,0.11270176504063045,0,false,9.033625,false,false,12.863636363636363,false,2.45756e6,2.180588650306748e6,false,4
77.241,use_adaptive_ngroute,0.05485121866604892,0,false,12.755499999999998,false,false,13.022727272727273,false,2.307302e6,2.180743673469388e6,false,2
68.466,use_adaptive_ngroute,0.05477983924647112,0,false,11.302,false,false,13.068181818181818,false,2.307302e6,2.1809083673469387e6,false,5
42.883,use_SR3_cuts,0.05467210673959866,6,false,10.627,false,false,13.181818181818182,false,2.307302e6,2.1811569387755105e6,false,0
245.204,use_SR3_cuts,0.05215528786435408,3,false,30.08275,false,false,13.181818181818182,false,2.307302e6,2.186964e6,false,0
156.824,use_adaptive_ngroute,0.050717344660226926,0,false,31.056600000000003,false,false,13.181818181818182,false,2.307302e6,2.190281769230769e6,false,8
203.746,use_SR3_cuts,0.050515060447223425,7,false,40.553799999999995,false,false,13.522727272727273,false,2.307302e6,2.1907485000000005e6,false,0
455.818,use_SR3_cuts,0.026289751185447963,1,false,75.70466666666665,false,false,13.522727272727273,false,2.25161e6,2.1924157333333334e6,false,0
570.561,use_adaptive_ngroute,0.026064821394468862,0,false,92.72816666666665,false,false,13.522727272727273,false,2.25161e6,2.1929221875e6,false,1
536.013,use_SR3_cuts,0.026064821394468862,1,false,131.30625,false,false,13.681818181818182,false,2.25161e6,2.1929221875e6,false,0
736.959,use_SR3_cuts,0.026033032050007843,10,false,183.96474999999998,false,false,13.681818181818182,false,2.25161e6,2.192993764705882e6,false,0
97.455,none,0.024835585483977796,0,false,NaN,false,false,13.681818181818182,true,2.25161e6,2.1956899473684207e6,false,0
