CG_time_taken,method,CG_LP_IP_gap,implemented_SR3_cuts_count,errored,CG_sp_time_taken_mean,converged,CGIP_artificial,ngroute_neighborhood_size,time_limit_reached,CGIP_objective,CGLP_objective,CGLP_artificial,cycles_lookup_length
111.28,use_adaptive_ngroute,0.9999671713628049,0,false,1.4757142857142855,false,true,6.999999999999999,false,6.0e10,1.9697182317091455e6,false,42
370.961,use_adaptive_ngroute,0.15762953046583095,0,false,15.40213043478261,false,false,10.136363636363637,false,2.419606e6,2.0382046423076927e6,false,14
169.376,use_adaptive_ngroute,0.15374341798690427,0,false,20.829250000000002,false,false,11.181818181818182,false,2.419606e6,2.0476075033783785e6,false,4
85.293,use_adaptive_ngroute,0.15373361348289982,0,false,21.14425,false,false,11.772727272727273,false,2.419606e6,2.0476312264150947e6,false,2
80.17,use_adaptive_ngroute,0.15372996405043982,0,false,26.56833333333333,false,false,11.818181818181818,false,2.419606e6,2.0476400566037716e6,false,2
75.358,use_adaptive_ngroute,0.15372996405043893,0,false,25.043333333333333,false,false,11.863636363636363,false,2.419606e6,2.0476400566037737e6,false,2
28.093,use_adaptive_ngroute,0.15371404995213578,0,false,27.945,false,false,11.954545454545453,false,2.419606e6,2.0476785624515126e6,false,4
145.174,use_SR3_cuts,0.15370945257338764,13,false,36.202999999999996,false,false,12.75,false,2.419606e6,2.0476896862967159e6,false,0
2378.753,none,0.14366551718272347,0,false,NaN,false,false,12.75,true,2.419606e6,2.071992052631579e6,false,0
