CG_time_taken,method,CG_LP_IP_gap,implemented_SR3_cuts_count,errored,CG_sp_time_taken_mean,converged,CGIP_artificial,ngroute_neighborhood_size,time_limit_reached,CGIP_objective,CGLP_objective,CGLP_artificial,cycles_lookup_length
64.682,use_adaptive_ngroute,0.2106495372440229,0,false,1.0340344827586208,false,false,6.999999999999999,false,2.72876e6,2.15394796875e6,false,40
281.833,use_adaptive_ngroute,0.14459572686358346,0,false,16.104705882352942,false,false,11.068181818181818,false,2.55806e6,2.1881754549393416e6,false,23
138.585,use_adaptive_ngroute,0.09222796824156254,0,false,19.597714285714286,false,false,12.454545454545453,false,2.41822e6,2.1951924826388885e6,false,4
55.838,use_adaptive_ngroute,0.09154125302449223,0,false,18.434666666666665,false,false,12.59090909090909,false,2.41822e6,2.1968531111111124e6,false,7
92.221,use_SR3_cuts,0.09125839460429575,10,false,30.634666666666664,false,false,12.795454545454545,false,2.41822e6,2.197537125e6,false,0
2643.838,use_SR3_cuts,0.008797764688113552,10,false,316.51862500000004,false,false,12.795454545454545,false,2.25114e6,2.231335e6,false,0
302.496,none,0.007122075242561032,0,false,NaN,false,false,12.795454545454545,true,2.25114e6,2.235107211538461e6,false,0
