CG_time_taken,method,CG_LP_IP_gap,implemented_SR3_cuts_count,errored,CG_sp_time_taken_mean,converged,CGIP_artificial,ngroute_neighborhood_size,time_limit_reached,CGIP_objective,CGLP_objective,CGLP_artificial,cycles_lookup_length
85.607,use_adaptive_ngroute,0.31558277037987237,0,false,1.0496129032258066,false,false,6.999999999999999,false,2.95194e6,2.0203585968048396e6,false,31
311.17,use_adaptive_ngroute,0.19127036502030825,0,false,13.073739130434781,false,false,8.931818181818182,false,2.59903e6,2.101912583201268e6,false,19
90.389,use_adaptive_ngroute,0.19024569583011108,0,false,14.932333333333332,false,false,9.795454545454545,false,2.59903e6,2.1045757291666665e6,false,1
69.663,use_SR3_cuts,0.1902456958301132,8,false,17.3455,false,false,9.818181818181818,false,2.59903e6,2.104575729166661e6,false,0
1871.329,use_adaptive_ngroute,0.12610199096924013,0,false,203.36555555555557,false,false,9.818181818181818,false,2.432132e6,2.1254353125e6,false,3
658.523,use_adaptive_ngroute,0.024774732773157893,0,false,92.77785714285714,false,false,10.0,false,2.200874e6,2.146347934782609e6,false,6
437.058,use_SR3_cuts,0.02475990382522064,7,false,108.68424999999999,false,false,10.136363636363637,false,2.200874e6,2.1463805714285714e6,false,0
32.455,none,0.021290438462487682,0,false,NaN,false,false,10.136363636363637,true,2.200874e6,2.154016427539311e6,false,0
