CG_time_taken,method,CG_LP_IP_gap,implemented_SR3_cuts_count,errored,CG_sp_time_taken_mean,converged,CGIP_artificial,ngroute_neighborhood_size,time_limit_reached,CGIP_objective,CGLP_objective,CGLP_artificial,cycles_lookup_length
137.353,use_adaptive_ngroute,0.9999685207598941,0,false,1.4652647058823527,false,true,6.999999999999999,false,6.0e10,1.8887544063573882e6,false,40
207.438,use_adaptive_ngroute,0.11551518358943635,0,false,13.093066666666669,false,false,10.204545454545455,false,2.25616e6,1.9955392633928573e6,false,9
114.711,use_adaptive_ngroute,0.11524203046745762,0,false,16.203285714285713,false,false,10.954545454545455,false,2.25616e6,1.9961555405405408e6,false,7
59.701,use_SR3_cuts,0.11521709154027338,11,false,19.764666666666663,false,false,11.40909090909091,false,2.25616e6,1.9962118067504968e6,false,0
2032.135,use_adaptive_ngroute,0.09701951145635301,0,false,244.41137500000002,false,false,11.40909090909091,false,2.223642e6,2.0079053395061723e6,false,5
563.557,use_adaptive_ngroute,0.09665235469293865,0,false,139.93475,false,false,11.59090909090909,false,2.223642e6,2.0087217647058845e6,false,2
432.039,none,0.09639745452344772,0,false,178.9245,false,false,11.65909090909091,true,2.223642e6,2.0092885714285716e6,false,0
