CG_time_taken,method,CG_LP_IP_gap,implemented_SR3_cuts_count,errored,CG_sp_time_taken_mean,converged,CGIP_artificial,ngroute_neighborhood_size,time_limit_reached,CGIP_objective,CGLP_objective,CGLP_artificial,cycles_lookup_length
3.867,use_adaptive_ngroute,0.3951799090237724,0,false,0.13,false,false,5.0,false,1.952598e6,1.1809705e6,false,18
2.684,use_adaptive_ngroute,0.052825039629100234,0,false,0.23910000000000003,false,false,8.05,false,1.40278e6,1.3286780909090908e6,false,8
1.47,use_SR3_cuts,0.049352023303725456,8,false,0.355,false,false,8.55,false,1.40278e6,1.33354996875e6,false,0
7.552,use_SR3_cuts,0.043261951268195986,1,false,1.1416666666666666,false,false,8.55,false,1.40278e6,1.342093e6,false,0
8.7,use_SR3_cuts,0.0019835414510244176,1,false,2.107,false,false,8.55,false,1.36221e6,1.359508e6,false,0
5.052,use_adaptive_ngroute,0.0012856559071899865,0,false,2.499,false,false,8.55,false,1.36221e6,1.3604586666666667e6,false,1
4.227,none,0.0,0,false,2.1,true,false,8.6,false,1.36221e6,1.36221e6,false,0
