CG_time_taken,method,CG_LP_IP_gap,implemented_SR3_cuts_count,errored,CG_sp_time_taken_mean,converged,CGIP_artificial,ngroute_neighborhood_size,time_limit_reached,CGIP_objective,CGLP_objective,CGLP_artificial,cycles_lookup_length
298.04,use_adaptive_ngroute,0.9999684086608974,0,false,5.826333333333335,false,true,6.999999999999999,false,6.0e10,1.895480346153845e6,false,35
289.902,use_adaptive_ngroute,0.23219926887274933,0,false,11.156280000000002,false,false,9.0,false,2.561524e6,1.9667399999999998e6,false,1
38.856,use_adaptive_ngroute,0.2304366463089942,0,false,6.298166666666666,false,false,9.227272727272728,false,2.561524e6,1.971255e6,false,4
80.596,use_SR3_cuts,0.2304366463089942,5,false,9.886749999999997,false,false,9.727272727272727,false,2.561524e6,1.971255e6,false,0
264.367,use_adaptive_ngroute,0.13050448167848194,0,false,23.490999999999996,false,false,9.727272727272727,false,2.30494e6,2.0041349999999998e6,false,2
57.794,use_adaptive_ngroute,0.13050448167848183,0,false,19.05,false,false,9.818181818181818,false,2.30494e6,2.004135e6,false,4
32.01,use_adaptive_ngroute,0.1303000295018525,0,false,10.589333333333334,false,false,10.045454545454547,false,2.30494e6,2.00460625e6,false,3
153.126,use_SR3_cuts,0.12468800862230711,8,false,25.366833333333332,false,false,10.25,false,2.29173e6,2.00597875e6,false,0
1780.47,use_adaptive_ngroute,0.08989000853847895,0,false,292.80066666666664,false,false,10.25,false,2.220536e6,2.020932e6,false,1
445.802,use_SR3_cuts,0.08902850482946456,3,false,88.41759999999998,false,false,10.272727272727272,false,2.220536e6,2.022845e6,false,0
94.544,none,0.08684615158709696,0,false,NaN,false,false,10.272727272727272,true,2.220536e6,2.0276909939393941e6,false,0
