CG_time_taken,method,CG_LP_IP_gap,implemented_SR3_cuts_count,errored,CG_sp_time_taken_mean,converged,CGIP_artificial,ngroute_neighborhood_size,time_limit_reached,CGIP_objective,CGLP_objective,CGLP_artificial,cycles_lookup_length
119.702,use_adaptive_ngroute,0.9999630789774145,0,false,1.345777777777778,false,true,7.0,false,6.0e10,2.215261355128205e6,false,37
209.439,use_adaptive_ngroute,0.169462832002495,0,false,11.784,false,false,8.75,false,2.75615e6,2.2890850155763235e6,false,24
203.434,use_adaptive_ngroute,0.1689238725214518,0,false,33.76283333333333,false,false,11.458333333333334,false,2.75615e6,2.2905704687500005e6,false,8
140.102,use_adaptive_ngroute,0.1689067066836596,0,false,46.599,false,false,12.25,false,2.75615e6,2.2906177803738317e6,false,4
326.518,use_adaptive_ngroute,0.1688108131494549,0,false,46.540571428571425,false,false,12.583333333333334,false,2.75615e6,2.2908820773381297e6,false,2
145.712,use_adaptive_ngroute,0.1687316801283003,0,false,48.470666666666666,false,false,12.625,false,2.75615e6,2.2911001798143853e6,false,4
151.292,use_SR3_cuts,0.16859830284613686,14,false,50.327333333333335,false,false,12.708333333333334,false,2.75615e6,2.29146778761062e6,false,0
2241.806,none,0.08465965975230083,0,false,267.94412500000004,false,false,12.708333333333334,true,2.528498e6,2.3144362196356268e6,false,0
