CG_time_taken,method,CG_LP_IP_gap,implemented_SR3_cuts_count,errored,CG_sp_time_taken_mean,converged,CGIP_artificial,ngroute_neighborhood_size,time_limit_reached,CGIP_objective,CGLP_objective,CGLP_artificial,cycles_lookup_length
151.711,use_adaptive_ngroute,0.999962783010271,0,false,1.6188333333333331,false,true,7.0,false,6.0e10,2.2330193837393564e6,false,42
378.485,use_adaptive_ngroute,0.2029758415002072,0,false,16.015565217391305,false,false,9.770833333333332,false,2.84847e6,2.270299404761905e6,false,26
349.569,use_adaptive_ngroute,0.18800617372064787,0,false,34.6969,false,false,12.520833333333334,false,2.8022e6,2.2753691000000006e6,false,2
112.429,use_adaptive_ngroute,0.1874492586182286,0,false,22.308,false,false,12.854166666666668,false,2.8022e6,2.2769296875e6,false,3
118.127,use_SR3_cuts,0.1874447927218389,12,false,39.248666666666665,false,false,13.0625,false,2.8022e6,2.276942201834863e6,false,0
2454.981,none,0.15041040641204206,0,false,1768.3410000000001,false,false,13.0625,true,2.73178e6,2.320891859971712e6,false,0
