CG_time_taken,method,CG_LP_IP_gap,implemented_SR3_cuts_count,errored,CG_sp_time_taken_mean,converged,CGIP_artificial,ngroute_neighborhood_size,time_limit_reached,CGIP_objective,CGLP_objective,CGLP_artificial,cycles_lookup_length
181.374,use_adaptive_ngroute,0.999966535574597,0,false,1.9757948717948715,false,true,7.0,false,6.0e10,2.0078655241791995e6,false,41
608.124,use_adaptive_ngroute,0.17098375876286243,0,false,21.652814814814818,false,false,8.4375,false,2.55116e6,2.114953073994536e6,false,12
346.944,use_adaptive_ngroute,0.16896734408697178,0,false,34.3854,false,false,9.104166666666666,false,2.55116e6,2.120097270459081e6,false,10
292.871,use_adaptive_ngroute,0.16819761328580363,0,false,41.66571428571428,false,false,9.708333333333334,false,2.55116e6,2.122060976889789e6,false,4
149.878,use_adaptive_ngroute,0.16785149881778938,0,false,37.35325,false,false,9.8125,false,2.55116e6,2.1229439702760084e6,false,3
146.251,use_SR3_cuts,0.16784789418582335,14,false,48.56133333333334,false,false,10.4375,false,2.55116e6,2.122953166268895e6,false,0
1821.053,none,0.14937032755111102,0,false,1648.5069999999998,false,false,10.4375,true,2.532256e6,2.1540120918367337e6,false,0
