CG_time_taken,method,CG_LP_IP_gap,implemented_SR3_cuts_count,errored,CG_sp_time_taken_mean,converged,CGIP_artificial,ngroute_neighborhood_size,time_limit_reached,CGIP_objective,CGLP_objective,CGLP_artificial,cycles_lookup_length
208.931,use_adaptive_ngroute,0.9999649802766645,0,false,1.7050256410256408,false,true,7.0,false,6.0e10,2.101183400130662e6,false,48
400.965,use_adaptive_ngroute,0.14763417630514075,0,false,19.921736842105265,false,false,10.270833333333334,false,2.595797e6,2.2125686480496447e6,false,24
499.505,use_adaptive_ngroute,0.11133137899085044,0,false,32.86426666666667,false,false,12.9375,false,2.497637e6,2.2195716285714293e6,false,8
98.586,use_adaptive_ngroute,0.11059880319485782,0,false,32.693333333333335,false,false,13.395833333333334,false,2.495637e6,2.2196225345911947e6,false,1
75.921,use_SR3_cuts,0.11039781018661798,19,false,37.7625,false,false,13.4375,false,2.495637e6,2.2201241401792993e6,false,0
2263.102,none,0.08950369862904106,0,false,NaN,false,false,13.4375,true,2.495637e6,2.272268258064516e6,false,0
