CG_time_taken,method,CG_LP_IP_gap,implemented_SR3_cuts_count,errored,CG_sp_time_taken_mean,converged,CGIP_artificial,ngroute_neighborhood_size,time_limit_reached,CGIP_objective,CGLP_objective,CGLP_artificial,cycles_lookup_length
190.857,use_adaptive_ngroute,0.9999663431552521,0,false,1.9966388888888889,false,true,7.0,false,6.0e10,2.0194106848751598e6,false,43
423.439,use_adaptive_ngroute,0.194611753678134,0,false,21.129578947368422,false,false,10.0625,false,2.575334e6,2.0741437339530764e6,false,30
683.916,use_adaptive_ngroute,0.11122583236974559,0,false,42.15256250000001,false,false,12.083333333333334,false,2.35232e6,2.09068125e6,false,2
161.332,use_SR3_cuts,0.11062381338238492,7,false,40.1645,false,false,12.125,false,2.35232e6,2.0920973913043484e6,false,0
1693.474,use_SR3_cuts,0.04778865930234144,10,false,166.8241,false,false,12.125,false,2.20251e6,2.097255e6,false,0
403.806,none,0.04104944994574389,0,false,NaN,false,false,12.125,true,2.20251e6,2.1120981759999995e6,false,0
