CG_time_taken,method,CG_LP_IP_gap,implemented_SR3_cuts_count,errored,CG_sp_time_taken_mean,converged,CGIP_artificial,ngroute_neighborhood_size,time_limit_reached,CGIP_objective,CGLP_objective,CGLP_artificial,cycles_lookup_length
114.815,use_adaptive_ngroute,0.9999634632480723,0,false,1.1602857142857144,false,true,7.0,false,6.0e10,2.192205115661104e6,false,38
317.377,use_adaptive_ngroute,0.25675103739200744,0,false,13.162652173913045,false,false,10.5,false,3.01909e6,2.2439355105201644e6,false,27
400.147,use_adaptive_ngroute,0.25274526233103056,0,false,36.13690909090909,false,false,13.0,false,3.01909e6,2.256029305949009e6,false,8
201.712,use_adaptive_ngroute,0.24807432661412354,0,false,40.2004,false,false,13.395833333333334,false,3.00432e6,2.2590253390666563e6,false,8
241.251,use_adaptive_ngroute,0.24776052774053947,0,false,48.128600000000006,false,false,13.854166666666666,false,3.00432e6,2.2599680912985425e6,false,4
86.395,use_SR3_cuts,0.23917605329495195,15,false,43.101,false,false,14.020833333333334,false,2.97078e6,2.260240564392423e6,false,0
2145.786,none,0.22279634696267214,0,false,NaN,false,false,14.020833333333334,true,2.97078e6,2.308901068370233e6,false,0
