CG_time_taken,method,CG_LP_IP_gap,implemented_SR3_cuts_count,errored,CG_sp_time_taken_mean,converged,CGIP_artificial,ngroute_neighborhood_size,time_limit_reached,CGIP_objective,CGLP_objective,CGLP_artificial,cycles_lookup_length
79.013,use_adaptive_ngroute,0.9999620401646402,0,false,0.9013235294117647,false,true,7.0,false,6.0e10,2.2775901215882692e6,false,41
79.218,use_adaptive_ngroute,0.19418933583710063,0,false,5.103214285714286,false,false,9.520833333333334,false,2.89951e6,2.3364560788469682e6,false,28
123.467,use_adaptive_ngroute,0.10149154584589326,0,false,12.0843,false,false,11.104166666666668,false,2.60942e6,2.344585930438809e6,false,10
90.84,use_adaptive_ngroute,0.10000439474746703,0,false,18.0596,false,false,11.854166666666666,false,2.60942e6,2.3484665322580645e6,false,1
38.241,use_SR3_cuts,0.09998521628443213,17,false,19.055,false,false,11.875,false,2.60942e6,2.348516576923077e6,false,0
3167.294,none,0.04702745351456661,0,false,2268.151,false,false,11.875,true,2.52311e6,2.404454561762862e6,false,0
