CG_time_taken,method,CG_LP_IP_gap,implemented_SR3_cuts_count,errored,CG_sp_time_taken_mean,converged,CGIP_artificial,ngroute_neighborhood_size,time_limit_reached,CGIP_objective,CGLP_objective,CGLP_artificial,cycles_lookup_length
330.018,use_adaptive_ngroute,0.9999657802694628,0,false,3.1512954545454552,false,true,7.0,false,6.0e10,2.0531838322312245e6,false,41
620.664,use_adaptive_ngroute,0.25314393003597324,0,false,28.561333333333337,false,false,11.333333333333334,false,2.80506e6,2.094976087613293e6,false,11
455.522,use_adaptive_ngroute,0.2488022495402018,0,false,56.695375,false,false,11.770833333333332,false,2.80506e6,2.1071547619047617e6,false,13
438.693,use_adaptive_ngroute,0.24811182631279327,0,false,62.330142857142846,false,false,12.75,false,2.80506e6,2.109091440483036e6,false,11
243.228,use_adaptive_ngroute,0.2476006195620163,0,false,60.64425,false,false,12.979166666666668,false,2.80506e6,2.1105254060913706e6,false,5
283.502,use_SR3_cuts,0.2476006195620163,9,false,94.36733333333332,false,false,13.479166666666668,false,2.80506e6,2.1105254060913706e6,false,0
1126.444,none,0.20624326072598498,0,false,NaN,false,false,13.479166666666668,true,2.80506e6,2.2265352790679685e6,false,0
