CG_time_taken,method,CG_LP_IP_gap,implemented_SR3_cuts_count,errored,CG_sp_time_taken_mean,converged,CGIP_artificial,ngroute_neighborhood_size,time_limit_reached,CGIP_objective,CGLP_objective,CGLP_artificial,cycles_lookup_length
169.918,use_adaptive_ngroute,0.99996263885014,0,false,1.434948717948718,false,true,7.0,false,6.0e10,2.241668991600032e6,false,37
150.437,use_adaptive_ngroute,0.17299971823048776,0,false,9.163333333333332,false,false,10.604166666666666,false,2.73e6,2.2577107692307686e6,false,16
230.903,use_adaptive_ngroute,0.11521373291256154,0,false,28.535499999999995,false,false,11.458333333333334,false,2.55267e6,2.2585673604060914e6,false,10
220.021,use_SR3_cuts,0.11515759316062513,9,false,43.49099999999999,false,false,12.125,false,2.55267e6,2.258710666666667e6,false,0
2794.431,none,0.04617027551578168,0,false,429.8101666666666,false,false,12.125,true,2.402e6,2.2910989982110923e6,false,0
