CG_time_taken,method,CG_LP_IP_gap,implemented_SR3_cuts_count,errored,CG_sp_time_taken_mean,converged,CGIP_artificial,ngroute_neighborhood_size,time_limit_reached,CGIP_objective,CGLP_objective,CGLP_artificial,cycles_lookup_length
3.856,use_adaptive_ngroute,0.35840880015544685,0,false,0.17992857142857144,false,false,5.0,false,2.007974e6,1.2882984479166667e6,false,19
4.303,use_adaptive_ngroute,0.14429021301198397,0,false,0.32725000000000004,false,false,7.35,false,1.70959e6,1.4629128947368423e6,false,9
1.462,use_adaptive_ngroute,0.1366533496335378,0,false,0.23683333333333337,false,false,8.4,false,1.70959e6,1.4759688e6,false,5
0.496,use_SR3_cuts,0.13591387408676936,5,false,0.2425,false,false,9.299999999999999,false,1.70959e6,1.477233e6,false,0
7.109,use_SR3_cuts,0.06092688765068288,1,false,1.1651666666666667,false,false,9.299999999999999,false,1.58473e6,1.4881773333333333e6,false,0
2.492,use_SR3_cuts,0.059594378853180086,5,false,1.2395,false,false,9.299999999999999,false,1.58473e6,1.490289e6,false,0
11.679,use_SR3_cuts,0.02052179062862769,2,false,2.8410000000000006,false,false,9.299999999999999,false,1.526436e6,1.4951108e6,false,0
28.447,use_SR3_cuts,0.017028686430351492,1,false,4.6975,false,false,9.299999999999999,false,1.526436e6,1.5004428e6,false,0
15.741,use_SR3_cuts,0.014490617359653513,1,false,7.8454999999999995,false,false,9.299999999999999,false,1.526436e6,1.504317e6,false,0
20.247,use_SR3_cuts,0.014313516365354717,10,false,6.737333333333333,false,false,9.299999999999999,false,1.526436e6,1.5045873333333335e6,false,0
49.323,none,0.0,0,false,12.289250000000001,true,false,9.299999999999999,false,1.51486e6,1.51486e6,false,0
