CG_time_taken,method,CG_LP_IP_gap,implemented_SR3_cuts_count,errored,CG_sp_time_taken_mean,converged,CGIP_artificial,ngroute_neighborhood_size,time_limit_reached,CGIP_objective,CGLP_objective,CGLP_artificial,cycles_lookup_length
148.163,use_adaptive_ngroute,0.9999634732647489,0,false,1.3418947368421053,false,true,7.0,false,6.0e10,2.191604115064695e6,false,44
129.927,use_adaptive_ngroute,0.13561054723079446,0,false,5.994578947368422,false,false,10.979166666666668,false,2.60201e6,2.2491500000000005e6,false,14
35.973,use_adaptive_ngroute,0.13418263014152365,0,false,6.918799999999999,false,false,11.541666666666666,false,2.60201e6,2.252865454545454e6,false,12
178.278,use_adaptive_ngroute,0.11100955964127679,0,false,19.577222222222225,false,false,12.25,false,2.53566e6,2.2541775e6,false,8
175.071,use_adaptive_ngroute,0.11087875871896602,0,false,21.790375,false,false,12.729166666666666,false,2.53566e6,2.2545091666666665e6,false,1
189.954,use_SR3_cuts,0.11071870834417841,3,false,26.965,false,false,12.75,false,2.53566e6,2.2549150000000005e6,false,0
439.071,use_SR3_cuts,0.10791970006494067,2,false,72.78916666666666,false,false,12.75,false,2.53566e6,2.2620123333333326e6,false,0
853.119,use_adaptive_ngroute,0.10640831124320005,0,false,141.56866666666667,false,false,12.75,false,2.53566e6,2.2658447015130674e6,false,2
245.108,use_SR3_cuts,0.021061496338387276,5,false,122.4405,false,false,12.854166666666668,false,2.31473e6,2.265978322580645e6,false,0
1124.447,none,0.02100667418980562,0,false,221.26219999999998,false,false,12.854166666666668,true,2.31473e6,2.2661052210526313e6,false,0
