CG_time_taken,method,CG_LP_IP_gap,implemented_SR3_cuts_count,errored,CG_sp_time_taken_mean,converged,CGIP_artificial,ngroute_neighborhood_size,time_limit_reached,CGIP_objective,CGLP_objective,CGLP_artificial,cycles_lookup_length
70.729,use_adaptive_ngroute,0.9999641686454074,0,false,0.7139375,false,true,7.0,false,6.0e10,2.1498812755555552e6,false,31
79.924,use_adaptive_ngroute,0.9999634512651315,0,false,3.6513157894736845,false,true,9.9375,false,6.0e10,2.192924092105263e6,false,17
69.638,use_adaptive_ngroute,0.9999632508671717,0,false,6.741499999999999,false,true,10.458333333333332,false,6.0e10,2.204947969696971e6,false,5
41.759,use_SR3_cuts,0.9999632496549716,16,false,6.839833333333334,false,true,10.625,false,6.0e10,2.205020701704547e6,false,0
1569.917,use_SR3_cuts,0.049318759612306584,6,false,164.3728888888889,false,false,10.625,false,2.36794e6,2.251156136363635e6,false,0
1718.085,none,0.03601529126525138,0,false,560.58,false,false,10.625,true,2.33859e6,2.254364999999996e6,false,0
