CG_time_taken,method,CG_LP_IP_gap,implemented_SR3_cuts_count,errored,CG_sp_time_taken_mean,converged,CGIP_artificial,ngroute_neighborhood_size,time_limit_reached,CGIP_objective,CGLP_objective,CGLP_artificial,cycles_lookup_length
73.142,use_adaptive_ngroute,0.9999642195078875,0,false,0.8905172413793104,false,true,7.0,false,6.0e10,2.146829526748972e6,false,35
86.638,use_adaptive_ngroute,0.19799198240471572,0,false,3.9513888888888884,false,false,9.791666666666668,false,2.86965e6,2.3014823076923075e6,false,28
116.406,use_adaptive_ngroute,0.1957539732098199,0,false,12.680222222222223,false,false,11.9375,false,2.86965e6,2.3079046107784403e6,false,7
82.312,use_adaptive_ngroute,0.19528220894850956,0,false,16.261000000000003,false,false,12.208333333333332,false,2.86965e6,2.3092584090909096e6,false,5
77.365,use_adaptive_ngroute,0.1952738094798101,0,false,15.3424,false,false,12.3125,false,2.86965e6,2.309282512626263e6,false,4
30.391,use_adaptive_ngroute,0.19527350922124231,0,false,15.118,false,false,12.479166666666666,false,2.86965e6,2.309283374263262e6,false,9
74.208,use_SR3_cuts,0.19527033540174488,11,false,18.442999999999998,false,false,12.9375,false,2.86965e6,2.3092924820143827e6,false,0
1721.827,use_adaptive_ngroute,0.020901824913801548,0,false,234.0232857142857,false,false,12.9375,false,2.42649e6,2.3757719308649097e6,false,4
417.987,use_adaptive_ngroute,0.020475627929803286,0,false,139.01833333333332,false,false,13.270833333333334,false,2.42649e6,2.3768060935846115e6,false,4
327.374,use_adaptive_ngroute,0.020434786693676044,0,false,162.69650000000001,false,false,13.520833333333332,false,2.42649e6,2.376905194435662e6,false,4
411.422,use_adaptive_ngroute,0.020422878046261084,0,false,205.50500000000002,false,false,13.791666666666666,false,2.42649e6,2.376934090649528e6,false,12
59.239,none,0.020421788769755755,0,false,NaN,false,false,14.354166666666666,true,2.42649e6,2.3769367337680752e6,false,0
