CG_time_taken,method,CG_LP_IP_gap,implemented_SR3_cuts_count,errored,CG_sp_time_taken_mean,converged,CGIP_artificial,ngroute_neighborhood_size,time_limit_reached,CGIP_objective,CGLP_objective,CGLP_artificial,cycles_lookup_length
206.161,use_adaptive_ngroute,0.9999652917114291,0,false,1.8175263157894737,false,true,7.0,false,6.0e10,2.0824973142542653e6,false,47
881.31,use_adaptive_ngroute,0.11383967170889497,0,false,40.93080952380952,false,false,11.895833333333334,false,2.40343e6,2.1298243178246906e6,false,27
1024.949,use_adaptive_ngroute,0.0948056432426112,0,false,78.38746153846154,false,false,14.25,false,2.35947e6,2.135778928938356e6,false,8
768.031,use_SR3_cuts,0.09415557307361355,13,false,127.80083333333334,false,false,14.458333333333334,false,2.35947e6,2.137312750000001e6,false,0
682.071,none,0.08361484010534981,0,false,NaN,false,false,14.458333333333334,true,2.35947e6,2.1621832932166304e6,false,0
