CG_time_taken,method,CG_LP_IP_gap,implemented_SR3_cuts_count,errored,CG_sp_time_taken_mean,converged,CGIP_artificial,ngroute_neighborhood_size,time_limit_reached,CGIP_objective,CGLP_objective,CGLP_artificial,cycles_lookup_length
264.674,use_adaptive_ngroute,0.27619586736480617,0,false,3.3358064516129033,false,false,7.0,false,2.9507e6,2.1357288541666665e6,false,47
326.362,use_adaptive_ngroute,0.16047544701649985,0,false,15.389850000000003,false,false,11.208333333333334,false,2.61967e6,2.199277285714286e6,false,17
506.47,use_SR3_cuts,0.15948237179931324,9,false,50.368100000000005,false,false,12.791666666666666,false,2.61967e6,2.201878815068493e6,false,0
2463.252,none,0.07151522202840943,0,false,554.5255,false,false,12.791666666666666,true,2.40266e6,2.2308332366412217e6,false,0
