CG_time_taken,method,CG_LP_IP_gap,implemented_SR3_cuts_count,errored,CG_sp_time_taken_mean,converged,CGIP_artificial,ngroute_neighborhood_size,time_limit_reached,CGIP_objective,CGLP_objective,CGLP_artificial,cycles_lookup_length
109.929,use_adaptive_ngroute,0.9999630668251123,0,false,1.4388823529411765,false,true,7.0,false,6.0e10,2.2159904932659934e6,false,35
169.499,use_adaptive_ngroute,0.332499013350381,0,false,6.388083333333334,false,false,8.625,false,3.37748e6,2.254471232389355e6,false,16
424.371,use_adaptive_ngroute,0.20373478871684625,0,false,29.970928571428573,false,false,9.5,false,2.83401e6,2.2566235714285704e6,false,4
404.361,use_SR3_cuts,0.1485991747048787,8,false,40.326499999999996,false,false,9.625,false,2.6508e6,2.2568933076923075e6,false,0
2126.55,use_adaptive_ngroute,0.12730247804293315,0,false,301.03057142857153,false,false,9.625,false,2.602004e6,2.2707624429223756e6,false,3
316.622,none,0.12730247804293426,0,false,225.378,false,false,10.020833333333334,true,2.602004e6,2.270762442922373e6,false,0
