CG_time_taken,method,CG_LP_IP_gap,implemented_SR3_cuts_count,errored,CG_sp_time_taken_mean,converged,CGIP_artificial,ngroute_neighborhood_size,time_limit_reached,CGIP_objective,CGLP_objective,CGLP_artificial,cycles_lookup_length
207.095,use_adaptive_ngroute,0.9999650534242963,0,false,2.298545454545454,false,true,7.0,false,6.0e10,2.0967945422230267e6,false,42
632.466,use_adaptive_ngroute,0.3128879475159295,0,false,32.53836842105264,false,false,10.395833333333332,false,3.11029e6,2.1371177457206794e6,false,21
302.69,use_adaptive_ngroute,0.3112668474783631,0,false,50.29683333333334,false,false,12.25,false,3.11029e6,2.142159836956522e6,false,4
221.396,use_adaptive_ngroute,0.31117582869451976,0,false,55.153,false,false,12.375,false,3.11029e6,2.142442931769722e6,false,1
265.949,use_SR3_cuts,0.3111621848216657,15,false,66.37775,false,false,12.395833333333334,false,3.11029e6,2.1424853681710213e6,false,0
1898.575,none,0.2888327651498791,0,false,NaN,false,false,12.395833333333334,true,3.11029e6,2.2119363388819825e6,false,0
