CG_time_taken,method,CG_LP_IP_gap,implemented_SR3_cuts_count,errored,CG_sp_time_taken_mean,converged,CGIP_artificial,ngroute_neighborhood_size,time_limit_reached,CGIP_objective,CGLP_objective,CGLP_artificial,cycles_lookup_length
103.14,use_adaptive_ngroute,0.9999653326108765,0,false,1.2337999999999998,false,true,7.0,false,6.0e10,2.0800433474117932e6,false,47
451.782,use_adaptive_ngroute,0.15339858913269266,0,false,21.579350000000005,false,false,11.375,false,2.56101e6,2.168154679245283e6,false,10
163.241,use_SR3_cuts,0.1504343989285477,12,false,20.108125,false,false,11.875,false,2.56101e6,2.175746e6,false,0
1474.099,use_adaptive_ngroute,0.05948087023172899,0,false,226.34883333333335,false,false,11.875,false,2.328762e6,2.190245209677418e6,false,3
1017.211,use_adaptive_ngroute,0.05936969658130142,0,false,253.22899999999998,false,false,12.166666666666666,false,2.328762e6,2.1905041066499352e6,false,1
348.81,none,0.05936969658130142,0,false,231.843,false,false,12.270833333333332,true,2.328762e6,2.1905041066499352e6,false,0
