CG_time_taken,method,CG_LP_IP_gap,implemented_SR3_cuts_count,errored,CG_sp_time_taken_mean,converged,CGIP_artificial,ngroute_neighborhood_size,time_limit_reached,CGIP_objective,CGLP_objective,CGLP_artificial,cycles_lookup_length
130.064,use_adaptive_ngroute,0.9999653726172081,0,false,1.3903870967741936,false,true,7.0,false,6.0e10,2.07764296751269e6,false,42
302.797,use_adaptive_ngroute,0.1334646163238733,0,false,13.53638095238095,false,false,11.4375,false,2.43777e6,2.1124139622641513e6,false,10
200.593,use_adaptive_ngroute,0.1284848447556578,0,false,19.4245,false,false,12.458333333333334,false,2.43777e6,2.1245535e6,false,1
141.135,use_adaptive_ngroute,0.1278246785655195,0,false,19.853,false,false,12.479166666666666,false,2.43777e6,2.1261628333333335e6,false,4
128.069,use_SR3_cuts,0.1277651296061565,6,false,17.976999999999997,false,false,12.583333333333334,false,2.43777e6,2.126308e6,false,0
1295.043,use_adaptive_ngroute,0.055443554659204475,0,false,124.11090000000002,false,false,12.583333333333334,false,2.28154e6,2.1550433123028385e6,false,15
1370.204,none,0.05495984352470196,0,false,370.0783333333333,false,false,13.333333333333334,true,2.28154e6,2.1561469186046515e6,false,0
