CG_time_taken,method,CG_LP_IP_gap,implemented_SR3_cuts_count,errored,CG_sp_time_taken_mean,converged,CGIP_artificial,ngroute_neighborhood_size,time_limit_reached,CGIP_objective,CGLP_objective,CGLP_artificial,cycles_lookup_length
157.646,use_adaptive_ngroute,0.9999640790910703,0,false,1.450333333333333,false,true,7.0,false,6.0e10,2.15525453578255e6,false,40
1873.324,use_adaptive_ngroute,0.1918429455142736,0,false,103.44666666666666,false,false,10.083333333333334,false,2.71346e6,2.192901841064839e6,false,15
1113.466,use_adaptive_ngroute,0.186381507539103,0,false,158.7117142857143,false,false,11.291666666666666,false,2.71346e6,2.2077212345529455e6,false,7
434.11,none,0.18571129260631092,0,false,90.93124999999999,false,false,11.6875,true,2.71346e6,2.2095398359644795e6,false,0
