CG_time_taken,method,CG_LP_IP_gap,implemented_SR3_cuts_count,errored,CG_sp_time_taken_mean,converged,CGIP_artificial,ngroute_neighborhood_size,time_limit_reached,CGIP_objective,CGLP_objective,CGLP_artificial,cycles_lookup_length
2.613,use_adaptive_ngroute,0.24458759194606772,0,false,0.0936875,false,false,5.0,false,1.965494e6,1.4847585555555555e6,false,19
2.856,use_adaptive_ngroute,0.00906289702272478,0,false,0.28244444444444444,false,false,7.8999999999999995,false,1.565559e6,1.5513705e6,false,5
1.638,use_adaptive_ngroute,0.008504523517372076,0,false,0.30419999999999997,false,false,8.149999999999999,false,1.565559e6,1.5522446666666665e6,false,5
1.438,use_adaptive_ngroute,0.007563432614165255,0,false,0.3340000000000001,false,false,8.5,false,1.565559e6,1.553718e6,false,6
2.381,use_adaptive_ngroute,0.005892144594997539,0,false,0.38299999999999995,false,false,9.0,false,1.565559e6,1.5563345000000002e6,false,2
1.051,use_adaptive_ngroute,0.005761407605469726,0,false,0.34099999999999997,false,false,9.1,false,1.565559e6,1.5565391764705884e6,false,4
1.26,use_adaptive_ngroute,0.005712478560196188,0,false,0.41000000000000003,false,false,9.299999999999999,false,1.565559e6,1.5566157777777778e6,false,6
1.341,use_SR3_cuts,0.005623231063153766,4,false,0.4386666666666667,false,false,9.6,false,1.565559e6,1.5567555e6,false,0
2.666,use_SR3_cuts,0.005547539249558753,10,false,0.8630000000000001,false,false,9.6,false,1.565559e6,1.556874e6,false,0
2.13,none,0.003698359499705983,0,false,1.0279999999999998,false,false,9.6,false,1.565559e6,1.5597689999999998e6,false,0
