CG_time_taken,method,CG_LP_IP_gap,implemented_SR3_cuts_count,errored,CG_sp_time_taken_mean,converged,CGIP_artificial,ngroute_neighborhood_size,time_limit_reached,CGIP_objective,CGLP_objective,CGLP_artificial,cycles_lookup_length
85.854,use_adaptive_ngroute,0.9999620396267147,0,false,0.7918750000000001,false,true,7.0,false,6.0e10,2.2776223971180636e6,false,34
204.447,use_adaptive_ngroute,0.16195676602179687,0,false,8.544,false,false,9.4375,false,2.80757e6,2.352865042420184e6,false,9
196.885,use_adaptive_ngroute,0.14894513505589035,0,false,17.707545454545453,false,false,10.333333333333334,false,2.76999e6,2.3574134653465343e6,false,7
295.817,use_adaptive_ngroute,0.14801480852006776,0,false,26.768727272727272,false,false,10.895833333333334,false,2.76999e6,2.3599904605474975e6,false,2
154.696,use_adaptive_ngroute,0.1477296693922885,0,false,38.562,false,false,11.229166666666666,false,2.76999e6,2.3607802930800547e6,false,2
251.712,use_adaptive_ngroute,0.1476130581718037,0,false,41.82816666666667,false,false,11.270833333333334,false,2.76999e6,2.3611033049946856e6,false,3
119.56,use_SR3_cuts,0.14760789930505647,12,false,39.783,false,false,11.354166666666666,false,2.76999e6,2.3611175950039867e6,false,0
1774.312,use_adaptive_ngroute,0.08605444361348746,0,false,246.95157142857144,false,false,11.354166666666666,false,2.59645e6,2.3730139398797606e6,false,3
386.743,use_SR3_cuts,0.08604588374308642,6,false,192.8615,false,false,11.416666666666666,false,2.59645e6,2.373036165155263e6,false,0
72.791,none,0.0846666081045967,0,false,NaN,false,false,11.416666666666666,true,2.59645e6,2.37661738538682e6,false,0
