CG_time_taken,method,CG_LP_IP_gap,implemented_SR3_cuts_count,errored,CG_sp_time_taken_mean,converged,CGIP_artificial,ngroute_neighborhood_size,time_limit_reached,CGIP_objective,CGLP_objective,CGLP_artificial,cycles_lookup_length
104.279,use_adaptive_ngroute,0.9999635764175,0,false,0.9792857142857143,false,true,7.0,false,6.0e10,2.18541495e6,false,43
103.015,use_adaptive_ngroute,0.1236441940111006,0,false,4.6373500000000005,false,false,9.75,false,2.614868e6,2.2915547536945813e6,false,14
64.999,use_SR3_cuts,0.12292776346645418,11,false,10.62,false,false,11.333333333333334,false,2.614868e6,2.293428125e6,false,0
859.681,use_adaptive_ngroute,0.06238099344276504,0,false,75.70427272727274,false,false,11.333333333333334,false,2.47285e6,2.3185911603650586e6,false,5
501.386,use_adaptive_ngroute,0.023131475289708714,0,false,99.58440000000002,false,false,11.520833333333334,false,2.374118e6,2.3192011481481474e6,false,1
473.884,use_SR3_cuts,0.02310400746719421,4,false,118.22200000000001,false,false,11.541666666666666,false,2.374118e6,2.31926636e6,false,0
514.128,use_adaptive_ngroute,0.02067859044626419,0,false,102.4622,false,false,11.541666666666666,false,2.374118e6,2.325024586206896e6,false,2
350.224,use_SR3_cuts,0.02061128685206204,3,false,116.57633333333332,false,false,11.583333333333332,false,2.374118e6,2.325184372881356e6,false,0
515.828,use_SR3_cuts,0.020610882300992617,10,false,171.74,false,false,11.583333333333332,false,2.374118e6,2.325185333333332e6,false,0
57.761,none,0.01903680634887628,0,false,NaN,false,false,11.583333333333332,true,2.374118e6,2.3289223753846185e6,false,0
