CG_time_taken,method,CG_LP_IP_gap,implemented_SR3_cuts_count,errored,CG_sp_time_taken_mean,converged,CGIP_artificial,ngroute_neighborhood_size,time_limit_reached,CGIP_objective,CGLP_objective,CGLP_artificial,cycles_lookup_length
181.5,use_adaptive_ngroute,0.9999634125568245,0,false,1.6264749999999997,false,true,7.0,false,6.0e10,2.195246590527376e6,false,35
149.065,use_adaptive_ngroute,0.999963070795904,0,false,8.240058823529413,false,true,8.604166666666668,false,6.0e10,2.2157522457627123e6,false,18
154.788,use_adaptive_ngroute,0.24972678841297136,0,false,13.877999999999998,false,false,9.5,false,2.95611e6,2.217890143504531e6,false,9
209.401,use_adaptive_ngroute,0.24914180738717218,0,false,26.0065,false,false,10.020833333333334,false,2.95611e6,2.2196194117647065e6,false,11
129.046,use_adaptive_ngroute,0.24842049705483904,0,false,32.133250000000004,false,false,10.354166666666668,false,2.95611e6,2.2217516844512196e6,false,1
176.659,use_SR3_cuts,0.24818221909823812,10,false,35.2082,false,false,10.375,false,2.95611e6,2.2224560603015074e6,false,0
1153.506,use_adaptive_ngroute,0.15419067401508513,0,false,138.756375,false,false,10.375,false,2.650754e6,2.242032454091817e6,false,5
652.0,use_adaptive_ngroute,0.1536073164975864,0,false,162.03525000000002,false,false,10.5625,false,2.650754e6,2.243578791364757e6,false,1
348.85,use_SR3_cuts,0.15355860579847125,6,false,116.053,false,false,10.625,false,2.650754e6,2.243707911445279e6,false,0
281.88,none,0.14992782347127553,0,false,NaN,false,false,10.625,true,2.650754e6,2.2533322222222225e6,false,0
