CG_time_taken,method,CG_LP_IP_gap,implemented_SR3_cuts_count,errored,CG_sp_time_taken_mean,converged,CGIP_artificial,ngroute_neighborhood_size,time_limit_reached,CGIP_objective,CGLP_objective,CGLP_artificial,cycles_lookup_length
95.716,use_adaptive_ngroute,0.9999628568047938,0,false,1.0757894736842104,false,true,7.0,false,6.0e10,2.2285917123738932e6,false,42
221.308,use_adaptive_ngroute,0.19271259962850862,0,false,10.03304761904762,false,false,9.3125,false,2.86278e6,2.311086224035498e6,false,20
185.213,use_adaptive_ngroute,0.18863314177030344,0,false,18.3021,false,false,10.395833333333332,false,2.86278e6,2.3227648144028108e6,false,23
504.945,use_adaptive_ngroute,0.18827283087736946,0,false,71.98257142857145,false,false,11.666666666666668,false,2.86278e6,2.3237963052208843e6,false,11
393.284,use_adaptive_ngroute,0.18822009625459446,0,false,78.5224,false,false,11.9375,false,2.86278e6,2.323947272844272e6,false,1
144.472,use_SR3_cuts,0.18821550957154498,15,false,72.151,false,false,12.041666666666666,false,2.86278e6,2.3239604035087726e6,false,0
2017.936,none,0.15825104908461385,0,false,NaN,false,false,12.041666666666666,true,2.86278e6,2.409742061701549e6,false,0
