CG_time_taken,method,CG_LP_IP_gap,implemented_SR3_cuts_count,errored,CG_sp_time_taken_mean,converged,CGIP_artificial,ngroute_neighborhood_size,time_limit_reached,CGIP_objective,CGLP_objective,CGLP_artificial,cycles_lookup_length
206.485,use_adaptive_ngroute,0.9999652781340381,0,false,2.7588518518518526,false,true,7.0,false,6.0e10,2.0833119577129248e6,false,48
499.675,use_adaptive_ngroute,0.2475430793000134,0,false,25.384263157894733,false,false,11.041666666666668,false,2.87377e6,2.1623881250000005e6,false,29
879.91,use_adaptive_ngroute,0.19590998976650564,0,false,67.00038461538462,false,false,13.729166666666666,false,2.71542e6,2.183442095588235e6,false,10
783.968,use_SR3_cuts,0.14280935891734292,11,false,111.66614285714286,false,false,14.625,false,2.55482e6,2.189967793650794e6,false,0
1151.656,none,0.13769304034465568,0,false,NaN,false,false,14.625,true,2.55482e6,2.203039066666667e6,false,0
