CG_time_taken,method,CG_LP_IP_gap,implemented_SR3_cuts_count,errored,CG_sp_time_taken_mean,converged,CGIP_artificial,ngroute_neighborhood_size,time_limit_reached,CGIP_objective,CGLP_objective,CGLP_artificial,cycles_lookup_length
251.116,use_adaptive_ngroute,0.999966668580961,0,false,3.14275,false,true,7.0,false,6.0e10,1.9998851423440438e6,false,47
176.428,use_adaptive_ngroute,0.15918545311643806,0,false,7.028565217391305,false,false,10.625,false,2.4415e6,2.0528487162162166e6,false,5
92.356,use_adaptive_ngroute,0.158127667417571,0,false,10.910125,false,false,11.229166666666666,false,2.4415e6,2.0554313000000005e6,false,12
99.285,use_adaptive_ngroute,0.1573529336473477,0,false,13.97385714285714,false,false,12.125,false,2.4415e6,2.0573228125000005e6,false,10
120.797,use_SR3_cuts,0.1572906000409584,8,false,29.885,false,false,12.666666666666666,false,2.4415e6,2.057475e6,false,0
1229.032,use_SR3_cuts,0.10504388625975813,10,false,172.71257142857144,false,false,12.666666666666666,false,2.30748e6,2.0650933333333333e6,false,0
1568.26,none,0.08260759441760401,0,false,1033.7859999999998,false,false,12.666666666666666,true,2.259651e6,2.0729866666666667e6,false,0
