CG_time_taken,method,CG_LP_IP_gap,implemented_SR3_cuts_count,errored,CG_sp_time_taken_mean,converged,CGIP_artificial,ngroute_neighborhood_size,time_limit_reached,CGIP_objective,CGLP_objective,CGLP_artificial,cycles_lookup_length
125.932,use_adaptive_ngroute,0.9999622346350733,0,false,1.3017647058823527,false,true,7.0,false,6.0e10,2.265921895604396e6,false,30
68.006,use_adaptive_ngroute,0.2817347149729712,0,false,3.5777647058823527,false,false,8.333333333333334,false,3.215595e6,2.3096502592064887e6,false,31
106.563,use_adaptive_ngroute,0.09930133231861282,0,false,9.335181818181818,false,false,10.9375,false,2.58158e6,2.3252256665129154e6,false,3
37.273,use_adaptive_ngroute,0.09837180150321723,0,false,7.353199999999999,false,false,11.3125,false,2.58158e6,2.3276253246753244e6,false,4
27.695,use_adaptive_ngroute,0.09829293356338809,0,false,9.114333333333335,false,false,11.520833333333334,false,2.58158e6,2.3278289285714286e6,false,2
14.564,use_adaptive_ngroute,0.09825204892954087,0,false,7.1585,false,false,11.5625,false,2.58158e6,2.327934475524476e6,false,1
32.123,use_adaptive_ngroute,0.09823094356566153,0,false,7.9677500000000006,false,false,11.666666666666668,false,2.58158e6,2.3279889607097595e6,false,2
41.439,use_SR3_cuts,0.09823001728346492,14,false,13.745000000000001,false,false,11.729166666666668,false,2.58158e6,2.3279913519813525e6,false,0
1722.978,use_adaptive_ngroute,0.03531959588303879,0,false,204.87475,false,false,11.729166666666668,false,2.44148e6,2.3552479130434785e6,false,2
444.259,use_SR3_cuts,0.034831377324864854,9,false,110.41575,false,false,11.8125,false,2.44148e6,2.356439888888889e6,false,0
938.869,none,0.03236162047996827,0,false,849.792,false,false,11.8125,true,2.44148e6,2.362469750830567e6,false,0
