CG_time_taken,method,CG_LP_IP_gap,implemented_SR3_cuts_count,errored,CG_sp_time_taken_mean,converged,CGIP_artificial,ngroute_neighborhood_size,time_limit_reached,CGIP_objective,CGLP_objective,CGLP_artificial,cycles_lookup_length
190.84,use_adaptive_ngroute,0.9999636282457284,0,false,1.7551612903225802,false,true,7.0,false,6.0e10,2.1823052563001146e6,false,47
317.729,use_adaptive_ngroute,0.27676616416220257,0,false,12.474652173913041,false,false,11.75,false,3.12387e6,2.2592884827586203e6,false,13
186.841,use_adaptive_ngroute,0.2761071119538875,0,false,30.707333333333338,false,false,13.041666666666666,false,3.12387e6,2.2613472761806096e6,false,12
292.869,use_adaptive_ngroute,0.27561783272439455,0,false,48.30083333333333,false,false,14.104166666666668,false,3.12387e6,2.2628757208872456e6,false,12
252.355,use_SR3_cuts,0.25106295899081943,14,false,83.84033333333335,false,false,15.145833333333334,false,3.02288e6,2.263946802525832e6,false,0
2144.38,none,0.07553666621435773,0,false,1855.595,false,false,15.145833333333334,true,2.4923e6,2.3040399667939562e6,false,0
