CG_time_taken,method,CG_LP_IP_gap,implemented_SR3_cuts_count,errored,CG_sp_time_taken_mean,converged,CGIP_artificial,ngroute_neighborhood_size,time_limit_reached,CGIP_objective,CGLP_objective,CGLP_artificial,cycles_lookup_length
347.188,use_adaptive_ngroute,0.9999652807919631,0,false,3.1590999999999996,false,true,7.0,false,6.0e10,2.0831524822107079e6,false,42
378.44,use_adaptive_ngroute,0.15141333522266243,0,false,16.776190476190475,false,false,10.395833333333332,false,2.51887e6,2.1374794923076923e6,false,23
509.125,use_adaptive_ngroute,0.14286575386101086,0,false,56.12855555555555,false,false,12.375,false,2.4977e6,2.140864206581353e6,false,2
202.345,use_SR3_cuts,0.14282239607105252,9,false,67.287,false,false,12.416666666666666,false,2.4977e6,2.140972501333332e6,false,0
2090.633,none,0.11491457765448065,0,false,577.0653333333333,false,false,12.416666666666666,true,2.42723e6,2.148305889679715e6,false,0
