CG_time_taken,method,CG_LP_IP_gap,implemented_SR3_cuts_count,errored,CG_sp_time_taken_mean,converged,CGIP_artificial,ngroute_neighborhood_size,time_limit_reached,CGIP_objective,CGLP_objective,CGLP_artificial,cycles_lookup_length
107.385,use_adaptive_ngroute,0.9999630592854316,0,false,1.1275937500000004,false,true,7.0,false,6.0e10,2.216442874100719e6,false,43
207.039,use_adaptive_ngroute,0.1774943348073834,0,false,15.23369230769231,false,false,10.375,false,2.72718e6,2.243121e6,false,3
168.354,use_adaptive_ngroute,0.17662022111315878,0,false,23.76457142857143,false,false,10.4375,false,2.72718e6,2.2455048653846155e6,false,19
263.543,use_adaptive_ngroute,0.10970521042126535,0,false,32.583999999999996,false,false,11.895833333333334,false,2.522432e6,2.245708066666667e6,false,8
136.578,use_SR3_cuts,0.10965214955609959,6,false,34.022,false,false,12.583333333333334,false,2.522432e6,2.2458419090909087e6,false,0
541.516,use_adaptive_ngroute,0.03146405834753818,0,false,88.42316666666666,false,false,12.583333333333334,false,2.35183e6,2.277831883656509e6,false,3
385.879,use_SR3_cuts,0.031356964576521484,10,false,126.20100000000001,false,false,12.6875,false,2.35183e6,2.2780837499999995e6,false,0
1743.576,none,0.02403523553397391,0,false,NaN,false,false,12.6875,true,2.35183e6,2.295303212014134e6,false,0
