CG_time_taken,method,CG_LP_IP_gap,implemented_SR3_cuts_count,errored,CG_sp_time_taken_mean,converged,CGIP_artificial,ngroute_neighborhood_size,time_limit_reached,CGIP_objective,CGLP_objective,CGLP_artificial,cycles_lookup_length
2.744,use_adaptive_ngroute,0.39866153732871534,0,false,0.13316666666666668,false,false,5.0,false,1.919416e6,1.1542186666666665e6,false,18
3.491,use_adaptive_ngroute,0.12994641865980416,0,false,0.26633333333333337,false,false,7.75,false,1.64416e6,1.4305072962962964e6,false,11
2.257,use_adaptive_ngroute,0.07590739086568432,0,false,0.4404,false,false,9.350000000000001,false,1.55611e6,1.43798975e6,false,1
3.115,use_adaptive_ngroute,0.0756811734191225,0,false,0.5046666666666666,false,false,9.4,false,1.55611e6,1.4383417692307692e6,false,3
1.545,use_SR3_cuts,0.07457038016959894,6,false,0.5036666666666667,false,false,9.549999999999999,false,1.55611e6,1.4400702857142854e6,false,0
12.222,none,0.0,0,false,1.9836666666666665,true,false,9.549999999999999,false,1.456701e6,1.456701e6,false,0
