CG_time_taken,method,CG_LP_IP_gap,implemented_SR3_cuts_count,errored,CG_sp_time_taken_mean,converged,CGIP_artificial,ngroute_neighborhood_size,time_limit_reached,CGIP_objective,CGLP_objective,CGLP_artificial,cycles_lookup_length
125.738,use_adaptive_ngroute,0.9999663392973552,0,false,1.7307575757575757,false,true,7.0,false,6.0e10,2.019642158683421e6,false,43
407.689,use_adaptive_ngroute,0.14041250252907178,0,false,16.409666666666666,false,false,9.520833333333334,false,2.47424e6,2.1268257697424693e6,false,16
198.777,use_adaptive_ngroute,0.13152469533496014,0,false,32.86966666666667,false,false,12.208333333333332,false,2.46126e6,2.137543528359876e6,false,14
400.809,use_SR3_cuts,0.1313416613962317,12,false,133.38066666666668,false,false,13.0,false,2.46126e6,2.137994022471911e6,false,0
2440.984,none,0.11003683054661706,0,false,NaN,false,false,13.0,true,2.46126e6,2.190430750448833e6,false,0
