CG_time_taken,method,CG_LP_IP_gap,implemented_SR3_cuts_count,errored,CG_sp_time_taken_mean,converged,CGIP_artificial,ngroute_neighborhood_size,time_limit_reached,CGIP_objective,CGLP_objective,CGLP_artificial,cycles_lookup_length
193.076,use_adaptive_ngroute,0.30181688524812167,0,false,1.9098823529411766,false,false,7.0,false,3.027048e6,2.1134338011434437e6,false,35
238.305,use_SR3_cuts,0.177996538515379,10,false,8.713708333333333,false,false,9.6875,false,2.6193e6,2.153073666666668e6,false,0
1320.303,use_adaptive_ngroute,0.07323507268043361,0,false,115.80063636363636,false,false,9.6875,false,2.33521e6,2.1641907259259247e6,false,5
556.922,use_adaptive_ngroute,0.072712090133221,0,false,110.60040000000001,false,false,9.791666666666668,false,2.33521e6,2.165412000000001e6,false,6
659.501,use_adaptive_ngroute,0.07270069150876424,0,false,109.42016666666666,false,false,9.916666666666668,false,2.33521e6,2.1654386181818186e6,false,5
373.368,use_adaptive_ngroute,0.0726917305193362,0,false,124.298,false,false,10.104166666666666,false,2.33521e6,2.165459543973941e6,false,4
219.778,none,0.07268159273821995,0,false,113.587,false,false,10.25,true,2.33521e6,2.1654832178217815e6,false,0
