CG_time_taken,method,CG_LP_IP_gap,implemented_SR3_cuts_count,errored,CG_sp_time_taken_mean,converged,CGIP_artificial,ngroute_neighborhood_size,time_limit_reached,CGIP_objective,CGLP_objective,CGLP_artificial,cycles_lookup_length
120.038,use_adaptive_ngroute,0.9999630885925767,0,false,1.391,false,true,7.0,false,6.0e10,2.2146844453977323e6,false,38
201.104,use_adaptive_ngroute,0.1714807405701908,0,false,6.693962962962963,false,false,9.666666666666666,false,2.72697e6,2.2593471648873067e6,false,22
203.034,use_adaptive_ngroute,0.16750320059119173,0,false,18.049363636363633,false,false,11.333333333333334,false,2.72697e6,2.270193797083838e6,false,11
130.81,use_adaptive_ngroute,0.1670123286910653,0,false,25.5732,false,false,11.875,false,2.72697e6,2.2715323900293256e6,false,1
86.613,use_SR3_cuts,0.16701232869106597,11,false,21.511250000000004,false,false,12.104166666666666,false,2.72697e6,2.2715323900293238e6,false,0
1333.576,use_SR3_cuts,0.059487283379540234,6,false,178.7811428571428,false,false,12.104166666666666,false,2.426081e6,2.2817600320512815e6,false,0
724.943,use_adaptive_ngroute,0.05874271389710928,0,false,240.53066666666663,false,false,12.104166666666666,false,2.426081e6,2.283566417925787e6,false,3
693.037,none,0.058742434290820156,0,false,284.978,false,false,12.166666666666666,true,2.426081e6,2.283567096273293e6,false,0
