CG_time_taken,method,CG_LP_IP_gap,implemented_SR3_cuts_count,errored,CG_sp_time_taken_mean,converged,CGIP_artificial,ngroute_neighborhood_size,time_limit_reached,CGIP_objective,CGLP_objective,CGLP_artificial,cycles_lookup_length
77.359,use_adaptive_ngroute,0.9999638845955204,0,false,0.7020000000000002,false,true,7.0,false,6.0e10,2.166924268774702e6,false,12
6.215,use_SR3_cuts,0.9999637881666666,5,false,0.6412857142857142,false,true,8.020833333333332,false,6.0e10,2.17271e6,false,0
57.636,use_adaptive_ngroute,0.22677409515051627,0,false,4.216666666666666,false,false,8.020833333333332,false,2.87088e6,2.219838785714286e6,false,28
104.043,use_adaptive_ngroute,0.222983535784946,0,false,12.353875,false,false,9.604166666666666,false,2.87088e6,2.230721026785714e6,false,4
59.779,use_SR3_cuts,0.22228871444889264,20,false,19.585,false,false,10.0,false,2.87088e6,2.232715775462963e6,false,0
3264.965,none,0.19365046331998492,0,false,NaN,false,false,10.0,true,2.87088e6,2.3149327578639216e6,false,0
