CG_time_taken,method,CG_LP_IP_gap,implemented_SR3_cuts_count,errored,CG_sp_time_taken_mean,converged,CGIP_artificial,ngroute_neighborhood_size,time_limit_reached,CGIP_objective,CGLP_objective,CGLP_artificial,cycles_lookup_length
206.03,use_adaptive_ngroute,0.9999648094873429,0,false,2.220837837837838,false,true,7.0,false,6.0e10,2.111430759429154e6,false,42
781.125,use_adaptive_ngroute,0.233901132585988,0,false,44.687294117647056,false,false,10.0625,false,2.8635e6,2.1937241068400233e6,false,26
1764.991,use_adaptive_ngroute,0.15239667044906569,0,false,195.62566666666666,false,false,12.625,false,2.590992e6,2.1961334460398345e6,false,9
818.28,none,0.15037591768966851,0,false,236.039,false,false,13.6875,true,2.590992e6,2.2013692002734104e6,false,0
