CG_time_taken,method,CG_LP_IP_gap,implemented_SR3_cuts_count,errored,CG_sp_time_taken_mean,converged,CGIP_artificial,ngroute_neighborhood_size,time_limit_reached,CGIP_objective,CGLP_objective,CGLP_artificial,cycles_lookup_length
141.423,use_adaptive_ngroute,0.9999646444458306,0,false,1.2579032258064515,false,true,7.0,false,6.0e10,2.121333250165011e6,false,42
185.83,use_adaptive_ngroute,0.02776988346166298,0,false,8.88988888888889,false,false,9.3125,false,2.307802e6,2.2437146074074074e6,false,28
232.237,use_SR3_cuts,0.025090840682039706,7,false,15.860000000000003,false,false,11.458333333333334,false,2.307802e6,2.2498973076923075e6,false,0
869.458,use_adaptive_ngroute,0.015830911532528247,0,false,105.734875,false,false,11.458333333333334,false,2.29356e6,2.2572508545454545e6,false,9
440.77,use_SR3_cuts,0.015798996296563672,4,false,109.70125,false,false,12.020833333333334,false,2.29356e6,2.2573240540540535e6,false,0
747.023,use_adaptive_ngroute,0.010890929384886339,0,false,148.51420000000002,false,false,12.020833333333334,false,2.29356e6,2.268581e6,false,11
568.26,use_adaptive_ngroute,0.010503645977451237,0,false,189.08733333333336,false,false,12.791666666666666,false,2.29356e6,2.269469257731957e6,false,4
390.765,none,0.010354711689415153,0,false,224.929,false,false,13.041666666666666,true,2.29356e6,2.269810847457625e6,false,0
