CG_time_taken,method,CG_LP_IP_gap,implemented_SR3_cuts_count,errored,CG_sp_time_taken_mean,converged,CGIP_artificial,ngroute_neighborhood_size,time_limit_reached,CGIP_objective,CGLP_objective,CGLP_artificial,cycles_lookup_length
180.28,use_adaptive_ngroute,0.9999622698479835,0,false,1.8374651162790696,false,true,7.0,false,6.0e10,2.2638091209874265e6,false,37
145.357,use_adaptive_ngroute,0.1670538315050909,0,false,5.645391304347827,false,false,9.25,false,2.768416e6,2.3059415000000023e6,false,11
63.499,use_adaptive_ngroute,0.16625563137909927,0,false,7.609500000000001,false,false,9.979166666666666,false,2.768416e6,2.3081512499999995e6,false,6
90.774,use_adaptive_ngroute,0.16570429716351587,0,false,12.808285714285715,false,false,10.1875,false,2.768416e6,2.309677572463768e6,false,4
31.131,use_SR3_cuts,0.1656655895707888,14,false,15.3785,false,false,10.270833333333334,false,2.768416e6,2.309784731182795e6,false,0
1143.164,use_adaptive_ngroute,0.057290054803352475,0,false,136.55450000000002,false,false,10.270833333333334,false,2.4816e6,2.3394290000000005e6,false,1
279.232,use_SR3_cuts,0.0572900548033527,5,false,69.61025000000002,false,false,10.291666666666666,false,2.4816e6,2.339429e6,false,0
414.607,use_adaptive_ngroute,0.056542037722510874,0,false,102.83600000000001,false,false,10.291666666666666,false,2.4816e6,2.341285279187817e6,false,7
810.241,use_SR3_cuts,0.05644381673507326,6,false,202.09275,false,false,10.854166666666666,false,2.4816e6,2.341529024390242e6,false,0
348.827,none,0.053866457124436384,0,false,NaN,false,false,10.854166666666666,true,2.4816e6,2.3479249999999986e6,false,0
