CG_time_taken,method,CG_LP_IP_gap,implemented_SR3_cuts_count,errored,CG_sp_time_taken_mean,converged,CGIP_artificial,ngroute_neighborhood_size,time_limit_reached,CGIP_objective,CGLP_objective,CGLP_artificial,cycles_lookup_length
146.861,use_adaptive_ngroute,0.9999673412974096,0,false,1.4752333333333334,false,true,7.0,false,6.0e10,1.9595221554252198e6,false,43
244.901,use_adaptive_ngroute,0.2336988139655748,0,false,9.793772727272726,false,false,11.5625,false,2.57834e6,1.975785e6,false,3
97.089,use_SR3_cuts,0.17455230465342464,4,false,5.888999999999999,false,false,11.645833333333332,false,2.393592e6,1.975785e6,false,0
414.818,use_adaptive_ngroute,0.09759298498715119,0,false,29.858615384615387,false,false,11.645833333333332,false,2.2181e6,2.001629e6,false,7
261.053,use_SR3_cuts,0.09757502089452852,6,false,36.609285714285704,false,false,11.9375,false,2.2181e6,2.0016688461538462e6,false,0
765.411,use_adaptive_ngroute,0.07044897620408974,0,false,123.575,false,false,11.9375,false,2.16868e6,2.0158987142857146e6,false,9
418.735,use_SR3_cuts,0.07042262706214941,3,false,138.89966666666663,false,false,12.979166666666668,false,2.16868e6,2.0159558571428577e6,false,0
1162.421,none,0.06882988730472006,0,false,381.599,false,false,12.979166666666668,true,2.16868e6,2.0194099999999998e6,false,0
