CG_time_taken,method,CG_LP_IP_gap,implemented_SR3_cuts_count,errored,CG_sp_time_taken_mean,converged,CGIP_artificial,ngroute_neighborhood_size,time_limit_reached,CGIP_objective,CGLP_objective,CGLP_artificial,cycles_lookup_length
129.175,use_adaptive_ngroute,0.9999636463231929,0,false,1.2637575757575754,false,true,7.0,false,6.0e10,2.181220608426874e6,false,37
176.496,use_adaptive_ngroute,0.13920172244319196,0,false,7.5794,false,false,9.5625,false,2.57954e6,2.2204635888888887e6,false,21
199.023,use_adaptive_ngroute,0.09319401052267384,0,false,19.504800000000003,false,false,10.770833333333334,false,2.4566e6,2.2276595937499995e6,false,11
128.157,use_adaptive_ngroute,0.09219630164820336,0,false,18.034285714285712,false,false,11.708333333333332,false,2.4566e6,2.2301105653710235e6,false,1
81.647,use_adaptive_ngroute,0.09219630164820303,0,false,20.2005,false,false,11.729166666666668,false,2.4566e6,2.2301105653710244e6,false,2
51.953,use_adaptive_ngroute,0.09200263045340362,0,false,25.858,false,false,11.770833333333332,false,2.4566e6,2.230586338028169e6,false,6
152.389,use_SR3_cuts,0.09197895465277217,9,false,30.349800000000002,false,false,12.0625,false,2.4566e6,2.2306445e6,false,0
1052.471,use_adaptive_ngroute,0.0846009035700338,0,false,129.48912500000003,false,false,12.0625,false,2.4566e6,2.248769420289855e6,false,5
406.854,use_SR3_cuts,0.08457783645830796,6,false,101.4675,false,false,12.166666666666666,false,2.4566e6,2.2488260869565206e6,false,0
1153.593,none,0.02002056308453848,0,false,512.7384999999999,false,false,12.166666666666666,true,2.30045e6,2.2543936956521734e6,false,0
