CG_time_taken,method,CG_LP_IP_gap,implemented_SR3_cuts_count,errored,CG_sp_time_taken_mean,converged,CGIP_artificial,ngroute_neighborhood_size,time_limit_reached,CGIP_objective,CGLP_objective,CGLP_artificial,cycles_lookup_length
95.895,use_adaptive_ngroute,0.9999625401666666,0,false,1.022542857142857,false,true,7.0,false,6.0e10,2.24759e6,false,31
63.633,use_adaptive_ngroute,0.2358650871792647,0,false,2.6586842105263155,false,false,9.291666666666668,false,2.96306e6,2.264177594782608e6,false,19
171.8,use_adaptive_ngroute,0.15913957653357147,0,false,14.003749999999998,false,false,10.395833333333332,false,2.7102e6,2.2788999196787146e6,false,14
143.572,use_adaptive_ngroute,0.1578172966939707,0,false,17.645125,false,false,11.395833333333334,false,2.7102e6,2.2824835625000005e6,false,6
109.401,use_SR3_cuts,0.15762116225724332,10,false,15.515142857142857,false,false,11.583333333333332,false,2.7102e6,2.283015126050419e6,false,0
1615.856,use_adaptive_ngroute,0.05857517362415032,0,false,158.0921,false,false,11.583333333333332,false,2.45627e6,2.312393558282208e6,false,7
1015.647,use_adaptive_ngroute,0.04078770188663605,0,false,253.18900000000002,false,false,12.0,false,2.41201e6,2.313629655172415e6,false,1
349.3,none,0.04078104182891229,0,false,250.247,false,false,12.104166666666666,true,2.41201e6,2.3136457192982454e6,false,0
