CG_time_taken,method,CG_LP_IP_gap,implemented_SR3_cuts_count,errored,CG_sp_time_taken_mean,converged,CGIP_artificial,ngroute_neighborhood_size,time_limit_reached,CGIP_objective,CGLP_objective,CGLP_artificial,cycles_lookup_length
4.189,use_adaptive_ngroute,0.390465788384211,0,false,0.144375,false,false,5.0,false,2.05665e6,1.2535985363196125e6,false,17
3.584,use_adaptive_ngroute,0.035781282651116575,0,false,0.33655555555555555,false,false,7.8999999999999995,false,1.51829e6,1.4639636363636362e6,false,7
1.459,use_SR3_cuts,0.03394410817432769,5,false,0.349,false,false,8.95,false,1.51829e6,1.466753e6,false,0
4.691,use_SR3_cuts,0.030998689314952976,1,false,1.11075,false,false,8.95,false,1.51829e6,1.471225e6,false,0
5.762,use_SR3_cuts,0.027015041043981447,1,false,1.41875,false,false,8.95,false,1.51829e6,1.4772733333333335e6,false,0
6.885,use_SR3_cuts,0.013213172697629894,1,false,2.267,false,false,8.95,false,1.497218e6,1.477435e6,false,0
2.926,use_SR3_cuts,0.012012056137894911,10,false,2.911,false,false,8.95,false,1.497218e6,1.4792333333333333e6,false,0
7.978,use_SR3_cuts,0.011012424376410146,10,false,2.6086666666666667,false,false,8.95,false,1.497218e6,1.48073e6,false,0
5.378,use_SR3_cuts,0.011012424376410146,10,false,2.5965,false,false,8.95,false,1.497218e6,1.48073e6,false,0
17.368,use_adaptive_ngroute,0.007772995550720863,0,false,5.627666666666667,false,false,8.95,false,1.497218e6,1.4855801311475409e6,false,3
18.471,use_SR3_cuts,0.007679576387673692,10,false,6.089666666666666,false,false,9.15,false,1.497218e6,1.48572e6,false,0
35.299,use_SR3_cuts,0.007397877459473179,1,false,8.76675,false,false,9.15,false,1.497218e6,1.4861417647058824e6,false,0
17.107,use_adaptive_ngroute,0.007281740495490241,0,false,8.5125,false,false,9.15,false,1.497218e6,1.4863156470588231e6,false,1
8.96,use_SR3_cuts,0.00725478854782613,2,false,8.93,false,false,9.2,false,1.497218e6,1.486356000000001e6,false,0
45.843,use_SR3_cuts,0.007191254045836981,10,false,11.298250000000001,false,false,9.2,false,1.497218e6,1.486451125e6,false,0
87.454,use_adaptive_ngroute,0.006100468547813209,0,false,21.79625,false,false,9.2,false,1.497218e6,1.4880842686817802e6,false,5
66.771,use_SR3_cuts,0.006092228878387673,10,false,33.3085,false,false,9.85,false,1.497218e6,1.4880966052631582e6,false,0
80.374,none,0.006092187866652221,0,false,26.705,false,false,9.85,false,1.497218e6,1.4880966666666667e6,false,0
