CG_time_taken,method,CG_LP_IP_gap,implemented_SR3_cuts_count,errored,CG_sp_time_taken_mean,converged,CGIP_artificial,ngroute_neighborhood_size,time_limit_reached,CGIP_objective,CGLP_objective,CGLP_artificial,cycles_lookup_length
170.225,use_adaptive_ngroute,0.9999650282174486,0,false,2.2507222222222216,false,true,7.0,false,6.0e10,2.098306953084544e6,false,48
759.259,use_adaptive_ngroute,0.999963298425906,0,false,35.32642857142857,false,true,10.666666666666666,false,6.0e10,2.2020944456404736e6,false,29
1234.961,use_adaptive_ngroute,0.2666133056344886,0,false,111.87263636363636,false,false,14.104166666666668,false,3.0152e6,2.21130756085089e6,false,8
736.459,use_SR3_cuts,0.2658234906932848,19,false,122.51300000000002,false,false,14.645833333333334,false,3.0152e6,2.2136890108616077e6,false,0
594.637,none,0.23169440871000446,0,false,NaN,false,false,14.645833333333334,true,3.0152e6,2.3165950188575946e6,false,0
