CG_time_taken,method,CG_LP_IP_gap,implemented_SR3_cuts_count,errored,CG_sp_time_taken_mean,converged,CGIP_artificial,ngroute_neighborhood_size,time_limit_reached,CGIP_objective,CGLP_objective,CGLP_artificial,cycles_lookup_length
214.227,use_adaptive_ngroute,0.9999646525872438,0,false,2.4876511627906974,false,true,7.0,false,6.0e10,2.120844765372169e6,false,38
229.306,use_adaptive_ngroute,0.132000941794997,0,false,12.444000000000003,false,false,9.729166666666666,false,2.466696e6,2.141089804878048e6,false,7
122.832,use_SR3_cuts,0.13187434670212628,15,false,17.114428571428572,false,false,10.604166666666666,false,2.466696e6,2.141402076487252e6,false,0
3015.451,none,0.07106501259025255,0,false,NaN,false,false,10.604166666666666,true,2.466696e6,2.2914002177036745e6,false,0
