CG_time_taken,method,CG_LP_IP_gap,implemented_SR3_cuts_count,errored,CG_sp_time_taken_mean,converged,CGIP_artificial,ngroute_neighborhood_size,time_limit_reached,CGIP_objective,CGLP_objective,CGLP_artificial,cycles_lookup_length
168.282,use_adaptive_ngroute,0.9999653523679348,0,false,1.8510294117647057,false,true,7.0,false,6.0e10,2.0788579239113824e6,false,34
242.318,use_adaptive_ngroute,0.08640244956362941,0,false,10.505809523809523,false,false,10.75,false,2.332096e6,2.130597192982458e6,false,14
238.213,use_adaptive_ngroute,0.08568390123448322,0,false,21.298454545454547,false,false,11.541666666666666,false,2.332096e6,2.1322729166666665e6,false,3
242.617,use_adaptive_ngroute,0.08565870930413388,0,false,40.1265,false,false,12.0,false,2.332096e6,2.1323316666666665e6,false,2
248.658,use_adaptive_ngroute,0.08565627944418519,0,false,61.91524999999999,false,false,12.083333333333334,false,2.332096e6,2.1323373333333335e6,false,4
276.744,use_SR3_cuts,0.08562726405774035,10,false,55.17799999999999,false,false,12.166666666666666,false,2.332096e6,2.132405e6,false,0
2156.476,none,0.08017376775095131,0,false,516.5387499999999,false,false,12.166666666666666,true,2.332096e6,2.1451230769230775e6,false,0
