CG_time_taken,method,CG_LP_IP_gap,implemented_SR3_cuts_count,errored,CG_sp_time_taken_mean,converged,CGIP_artificial,ngroute_neighborhood_size,time_limit_reached,CGIP_objective,CGLP_objective,CGLP_artificial,cycles_lookup_length
222.824,use_adaptive_ngroute,0.9999672017640197,0,false,2.2254146341463414,false,true,7.0,false,6.0e10,1.96789415881961e6,false,45
505.949,use_adaptive_ngroute,0.16721182229640374,0,false,15.443806451612907,false,false,10.958333333333334,false,2.52833e6,2.1055633333333335e6,false,17
395.12,use_adaptive_ngroute,0.1369226936726724,0,false,39.1527,false,false,12.416666666666666,false,2.44423e6,2.109559444444444e6,false,8
342.144,use_adaptive_ngroute,0.1361538039060205,0,false,42.62025,false,false,13.125,false,2.44423e6,2.1114387878787876e6,false,7
489.285,use_SR3_cuts,0.1359814747384659,6,false,44.30145454545455,false,false,14.041666666666668,false,2.44423e6,2.1118599999999995e6,false,0
1565.745,none,0.07382877175755986,0,false,365.22724999999997,false,false,14.041666666666668,true,2.310806e6,2.14020203125e6,false,0
