CG_time_taken,method,CG_LP_IP_gap,implemented_SR3_cuts_count,errored,CG_sp_time_taken_mean,converged,CGIP_artificial,ngroute_neighborhood_size,time_limit_reached,CGIP_objective,CGLP_objective,CGLP_artificial,cycles_lookup_length
132.307,use_adaptive_ngroute,0.9999642628286911,0,false,1.268333333333333,false,true,7.0,false,6.0e10,2.1442302785315844e6,false,36
101.797,use_adaptive_ngroute,0.2030890199805282,0,false,6.470571428571427,false,false,9.666666666666666,false,2.775482e6,2.2118120806464036e6,false,26
219.207,use_adaptive_ngroute,0.18258596691270146,0,false,19.652454545454546,false,false,12.0,false,2.714152e6,2.2185859327319576e6,false,12
280.653,use_adaptive_ngroute,0.1814619526236655,0,false,31.05233333333333,false,false,12.479166666666666,false,2.714152e6,2.221636678362573e6,false,2
105.28,use_SR3_cuts,0.18139658824955185,18,false,34.95433333333334,false,false,12.583333333333334,false,2.714152e6,2.2218140872093025e6,false,0
2723.272,none,0.1649161018907137,0,false,NaN,false,false,12.583333333333334,true,2.714152e6,2.2665446322211158e6,false,0
