CG_time_taken,method,CG_LP_IP_gap,implemented_SR3_cuts_count,errored,CG_sp_time_taken_mean,converged,CGIP_artificial,ngroute_neighborhood_size,time_limit_reached,CGIP_objective,CGLP_objective,CGLP_artificial,cycles_lookup_length
129.629,use_adaptive_ngroute,0.2963691354703618,0,false,1.1331212121212122,false,false,7.0,false,2.75086e6,1.9355900000000005e6,false,18
59.785,use_adaptive_ngroute,0.154158474945297,0,false,1.8426470588235293,false,false,8.0,false,2.41249e6,2.0405842207792206e6,false,32
72.061,use_adaptive_ngroute,0.12874073598094837,0,false,5.71890909090909,false,false,10.166666666666666,false,2.34634e6,2.0442704615384615e6,false,9
89.591,use_adaptive_ngroute,0.12866187338578383,0,false,10.933874999999999,false,false,11.354166666666666,false,2.34634e6,2.0444555e6,false,1
57.79,use_SR3_cuts,0.12866187338578416,6,false,11.4488,false,false,11.375,false,2.34634e6,2.0444554999999993e6,false,0
681.525,use_adaptive_ngroute,0.12535507428590908,0,false,73.34811111111111,false,false,11.375,false,2.34634e6,2.052214375e6,false,4
455.049,use_SR3_cuts,0.12501214657722237,5,false,75.42800000000001,false,false,11.708333333333332,false,2.34634e6,2.053019e6,false,0
733.827,use_adaptive_ngroute,0.09857736644838266,0,false,99.71328571428572,false,false,11.708333333333332,false,2.28194e6,2.0569923644067778e6,false,3
886.67,use_SR3_cuts,0.0885096960353462,8,false,147.1485,false,false,11.770833333333332,false,2.25728e6,2.0574888333333337e6,false,0
331.601,none,0.08474622622734496,0,false,NaN,false,false,11.770833333333332,true,2.25728e6,2.0659840384615387e6,false,0
