CG_time_taken,method,CG_LP_IP_gap,implemented_SR3_cuts_count,errored,CG_sp_time_taken_mean,converged,CGIP_artificial,ngroute_neighborhood_size,time_limit_reached,CGIP_objective,CGLP_objective,CGLP_artificial,cycles_lookup_length
122.345,use_adaptive_ngroute,0.9999645806258964,0,false,1.1682,false,true,7.0,false,6.0e10,2.12516244621624e6,false,47
366.746,use_adaptive_ngroute,0.1967179340892703,0,false,16.80609523809524,false,false,11.958333333333334,false,2.742911e6,2.2033312146892655e6,false,30
371.741,use_SR3_cuts,0.19570388296715902,9,false,46.330625000000005,false,false,14.5,false,2.742911e6,2.206112666666667e6,false,0
2701.207,none,0.08893614753658574,0,false,452.23740000000004,false,false,14.5,true,2.45649e6,2.2380192429378526e6,false,0
