CG_time_taken,method,CG_LP_IP_gap,implemented_SR3_cuts_count,errored,CG_sp_time_taken_mean,converged,CGIP_artificial,ngroute_neighborhood_size,time_limit_reached,CGIP_objective,CGLP_objective,CGLP_artificial,cycles_lookup_length
148.908,use_adaptive_ngroute,0.17939189298978975,0,false,1.6867333333333332,false,false,7.0,false,2.73544e6,2.2447242402400095e6,false,41
149.172,use_adaptive_ngroute,0.09626905478162961,0,false,5.990904761904762,false,false,10.145833333333334,false,2.542e6,2.2972840627450976e6,false,27
142.955,use_adaptive_ngroute,0.09513613067035287,0,false,17.453000000000003,false,false,12.9375,false,2.542e6,2.300163955835963e6,false,4
199.65,use_adaptive_ngroute,0.0949699162503671,0,false,33.035833333333336,false,false,13.166666666666666,false,2.542e6,2.300586472891567e6,false,2
157.076,use_adaptive_ngroute,0.09494708396841012,0,false,39.16175,false,false,13.291666666666666,false,2.542e6,2.3006445125523014e6,false,1
110.37,use_SR3_cuts,0.09494067842071385,13,false,36.67933333333333,false,false,13.354166666666666,false,2.542e6,2.3006607954545454e6,false,0
2635.251,none,0.045976089554224275,0,false,405.9758333333333,false,false,13.354166666666666,true,2.43055e6,2.3188028155339803e6,false,0
