CG_time_taken,method,CG_LP_IP_gap,implemented_SR3_cuts_count,errored,CG_sp_time_taken_mean,converged,CGIP_artificial,ngroute_neighborhood_size,time_limit_reached,CGIP_objective,CGLP_objective,CGLP_artificial,cycles_lookup_length
213.409,use_adaptive_ngroute,0.9999648329434501,0,false,2.49734375,false,true,7.0,false,6.0e10,2.110023392997619e6,false,40
218.673,use_adaptive_ngroute,0.9999637411467214,0,false,9.352409090909092,false,true,9.9375,false,6.0e10,2.1755311967146285e6,false,18
226.495,use_adaptive_ngroute,0.9999635655511263,0,false,22.334399999999995,false,true,11.4375,false,6.0e10,2.1860669324189397e6,false,5
131.331,use_adaptive_ngroute,0.9999635648644508,0,false,21.7245,false,true,11.895833333333334,false,6.0e10,2.186108132950033e6,false,3
52.521,use_SR3_cuts,0.9999635648644508,21,false,26.1605,false,true,12.1875,false,6.0e10,2.186108132950032e6,false,0
2674.818,none,0.1262195966077827,0,false,2048.4809999999998,false,false,12.1875,true,2.592672e6,2.265425986023707e6,false,0
