CG_time_taken,method,CG_LP_IP_gap,implemented_SR3_cuts_count,errored,CG_sp_time_taken_mean,converged,CGIP_artificial,ngroute_neighborhood_size,time_limit_reached,CGIP_objective,CGLP_objective,CGLP_artificial,cycles_lookup_length
93.994,use_adaptive_ngroute,0.9999622396446848,0,false,0.9875624999999999,false,true,7.0,false,6.0e10,2.265621318914956e6,false,39
364.248,use_adaptive_ngroute,0.1169936449863207,0,false,22.114124999999998,false,false,11.145833333333332,false,2.58477e6,2.282368336248708e6,false,40
974.666,use_adaptive_ngroute,0.11122250647490806,0,false,97.12710000000001,false,false,15.333333333333332,false,2.58477e6,2.297285401938852e6,false,12
619.37,use_adaptive_ngroute,0.11097966361888822,0,false,154.67950000000002,false,false,15.854166666666666,false,2.58477e6,2.2979130948678064e6,false,4
770.283,use_adaptive_ngroute,0.11064385992346926,0,false,192.47675,false,false,16.145833333333336,false,2.58477e6,2.2987810701856143e6,false,4
335.325,use_SR3_cuts,0.11048443313585032,18,false,167.6005,false,false,16.354166666666668,false,2.58477e6,2.299193151763448e6,false,0
410.996,none,0.08329215103660659,0,false,NaN,false,false,16.354166666666668,true,2.58477e6,2.3694789467651104e6,false,0
