CG_time_taken,method,CG_LP_IP_gap,implemented_SR3_cuts_count,errored,CG_sp_time_taken_mean,converged,CGIP_artificial,ngroute_neighborhood_size,time_limit_reached,CGIP_objective,CGLP_objective,CGLP_artificial,cycles_lookup_length
5.654,use_adaptive_ngroute,0.3643267258737404,0,false,0.24707692307692308,false,false,5.0,false,2.14051e6,1.360665e6,false,20
6.281,use_adaptive_ngroute,0.09106947009501587,0,false,0.5331818181818182,false,false,7.8999999999999995,false,1.690454e6,1.53650525e6,false,13
5.34,use_adaptive_ngroute,0.04223072305392894,0,false,0.6495000000000001,false,false,9.4,false,1.63252e6,1.5635775e6,false,1
1.504,use_SR3_cuts,0.04180591968245417,4,false,0.7434999999999999,false,false,9.65,false,1.63252e6,1.564271e6,false,0
4.845,use_SR3_cuts,0.03489895989023106,1,false,1.172,false,false,9.65,false,1.63252e6,1.57554675e6,false,0
5.147,use_adaptive_ngroute,0.027473068221726793,0,false,1.6956666666666664,false,false,9.65,false,1.63252e6,1.5876696666666665e6,false,1
6.219,use_SR3_cuts,0.027348975816529064,3,false,2.063,false,false,9.75,false,1.63252e6,1.58787225e6,false,0
6.908,use_SR3_cuts,0.026292020924705395,1,false,3.4355,false,false,9.75,false,1.63252e6,1.58959775e6,false,0
12.896,use_SR3_cuts,0.02565803175458803,10,false,4.268666666666666,false,false,9.75,false,1.63252e6,1.59063275e6,false,0
20.649,use_adaptive_ngroute,0.01998342031542244,0,false,6.809333333333334,false,false,9.75,false,1.63252e6,1.5998966666666665e6,false,1
27.686,use_SR3_cuts,0.018341786522268144,10,false,6.897500000000001,false,false,9.899999999999999,false,1.63252e6,1.6025766666666667e6,false,0
57.68,use_adaptive_ngroute,0.01751455243602329,0,false,14.36275,false,false,9.899999999999999,false,1.63252e6,1.6039271428571432e6,false,1
11.411,none,0.017485237546860044,0,false,11.384,false,false,9.950000000000001,false,1.63252e6,1.603975e6,false,0
