CG_time_taken,method,CG_LP_IP_gap,implemented_SR3_cuts_count,errored,CG_sp_time_taken_mean,converged,CGIP_artificial,ngroute_neighborhood_size,time_limit_reached,CGIP_objective,CGLP_objective,CGLP_artificial,cycles_lookup_length
7.292,use_adaptive_ngroute,0.4835040841794932,0,false,0.285,false,false,5.0,false,2.234498e6,1.1541090909090908e6,false,20
7.822,use_adaptive_ngroute,0.15389747526550168,0,false,0.612090909090909,false,false,7.35,false,1.56967e6,1.32810175e6,false,14
8.718,use_adaptive_ngroute,0.08011348596018453,0,false,0.9365555555555556,false,false,10.0,false,1.47331e6,1.3552780000000005e6,false,3
8.448,use_SR3_cuts,0.07989153674379457,2,false,1.3573333333333333,false,false,10.149999999999999,false,1.47331e6,1.355605e6,false,0
9.432,use_SR3_cuts,0.07656229849794005,1,false,1.3217142857142858,false,false,10.149999999999999,false,1.47331e6,1.36051e6,false,0
2.618,use_SR3_cuts,0.07631116329896626,2,false,2.6029999999999998,false,false,10.149999999999999,false,1.47331e6,1.36088e6,false,0
15.891,use_SR3_cuts,0.023644522108352217,3,false,5.2379999999999995,false,false,10.149999999999999,false,1.39633e6,1.3633144444444445e6,false,0
3.814,use_SR3_cuts,0.02067801546434811,10,false,3.796,false,false,10.149999999999999,false,1.39633e6,1.3674566666666667e6,false,0
154.322,use_SR3_cuts,0.012738362461542918,2,false,38.11975,false,false,10.149999999999999,false,1.39441e6,1.3766475e6,false,0
77.892,use_adaptive_ngroute,0.008140337305337253,0,false,38.9185,false,false,10.149999999999999,false,1.39441e6,1.3830590322580647e6,false,2
102.196,use_SR3_cuts,0.007847333280742497,3,false,51.0685,false,false,10.25,false,1.39441e6,1.3834675999999999e6,false,0
592.953,use_SR3_cuts,0.00671113727173267,1,false,197.31866666666667,false,false,10.25,false,1.39441e6,1.3850519230769232e6,false,0
979.182,use_adaptive_ngroute,0.004535466613119432,0,false,326.3196666666666,false,false,10.25,false,1.39441e6,1.3880857000000002e6,false,1
1317.615,use_SR3_cuts,0.004529059497320631,10,false,329.33625,false,false,10.4,false,1.39441e6,1.3880946341463411e6,false,0
306.165,none,0.0,0,false,166.11599999999999,true,false,10.4,true,1.39441e6,1.39441e6,false,0
