CG_time_taken,method,CG_LP_IP_gap,implemented_SR3_cuts_count,errored,CG_sp_time_taken_mean,converged,CGIP_artificial,ngroute_neighborhood_size,time_limit_reached,CGIP_objective,CGLP_objective,CGLP_artificial,cycles_lookup_length
100.651,use_adaptive_ngroute,0.99996196183169,0,false,1.1073749999999996,false,true,7.0,false,6.0e10,2.282290098603799e6,false,31
100.596,use_adaptive_ngroute,0.9999611955606239,0,false,4.244954545454545,false,true,8.270833333333334,false,6.0e10,2.3282663625639016e6,false,18
93.871,use_adaptive_ngroute,0.9999611685947916,0,false,13.156428571428572,false,true,8.833333333333334,false,6.0e10,2.3298843125042776e6,false,7
117.292,use_SR3_cuts,0.9999611244640585,17,false,14.555625000000001,false,true,9.083333333333334,false,6.0e10,2.3325321564912787e6,false,0
3165.478,none,0.17994746756563618,0,false,329.1693333333333,false,false,9.083333333333334,true,2.875588e6,2.3581332216378674e6,false,0
