CG_time_taken,method,CG_LP_IP_gap,implemented_SR3_cuts_count,errored,CG_sp_time_taken_mean,converged,CGIP_artificial,ngroute_neighborhood_size,time_limit_reached,CGIP_objective,CGLP_objective,CGLP_artificial,cycles_lookup_length
7.879,use_adaptive_ngroute,0.9998615279341551,0,false,0.22652380952380954,false,true,5.0,false,1.000189615e10,1.3849832222567848e6,false,16
2.463,use_adaptive_ngroute,0.06936852021314721,0,false,0.24611111111111114,false,false,5.8,false,1.591708e6,1.4812935714285718e6,false,10
1.734,use_adaptive_ngroute,0.01282125969852932,0,false,0.26566666666666666,false,false,7.2,false,1.53116e6,1.5115285999999999e6,false,1
0.559,use_SR3_cuts,0.012788374578128536,6,false,0.2725,false,false,7.35,false,1.53116e6,1.5115789523809527e6,false,0
3.338,use_SR3_cuts,0.006370883514688619,10,false,0.81325,false,false,7.35,false,1.528124e6,1.5183885e6,false,0
6.126,use_SR3_cuts,0.0055191856158269825,2,false,1.5215,false,false,7.35,false,1.528124e6,1.51969e6,false,0
6.978,use_SR3_cuts,0.0031710896378948084,1,false,1.71275,false,false,7.35,false,1.528124e6,1.5232781818181816e6,false,0
3.32,use_SR3_cuts,0.0030110585484776076,1,false,1.639,false,false,7.35,false,1.528124e6,1.5235227291666663e6,false,0
2.16,use_SR3_cuts,0.0029794702524139627,1,false,2.146,false,false,7.35,false,1.528124e6,1.5235710000000002e6,false,0
2.499,use_SR3_cuts,0.002873767890701595,10,false,2.485,false,false,7.35,false,1.528124e6,1.5237325263157894e6,false,0
9.778,none,0.0,0,false,4.755,true,false,7.35,false,1.528124e6,1.528124e6,false,0
