CG_time_taken,method,CG_LP_IP_gap,implemented_SR3_cuts_count,errored,CG_sp_time_taken_mean,converged,CGIP_artificial,ngroute_neighborhood_size,time_limit_reached,CGIP_objective,CGLP_objective,CGLP_artificial,cycles_lookup_length
3.904,use_adaptive_ngroute,0.2450798443950477,0,false,0.1396,false,false,5.0,false,1.676994e6,1.2659965714285714e6,false,19
2.678,use_adaptive_ngroute,0.06550835445212833,0,false,0.26733333333333337,false,false,7.8500000000000005,false,1.489984e6,1.3923776e6,false,10
0.99,use_adaptive_ngroute,0.058529040132869414,0,false,0.31333333333333335,false,false,8.95,false,1.489984e6,1.4027766666666667e6,false,6
1.944,use_SR3_cuts,0.057065638885309466,2,false,0.313,false,false,9.45,false,1.489984e6,1.404957111111111e6,false,0
3.134,use_SR3_cuts,0.03436652019160136,1,false,0.6118,false,false,9.45,false,1.475564e6,1.424854e6,false,0
1.761,use_SR3_cuts,0.03166314710849549,1,false,0.865,false,false,9.45,false,1.475564e6,1.428843e6,false,0
4.098,use_SR3_cuts,0.030242899212323926,3,false,1.0085,false,false,9.45,false,1.475564e6,1.4309386666666665e6,false,0
2.38,use_SR3_cuts,0.029490418578929867,10,false,1.178,false,false,9.45,false,1.475564e6,1.432049e6,false,0
1.535,none,0.027270928268783967,0,false,1.523,false,false,9.45,false,1.475564e6,1.435324e6,false,0
