CG_time_taken,method,CG_LP_IP_gap,implemented_SR3_cuts_count,errored,CG_sp_time_taken_mean,converged,CGIP_artificial,ngroute_neighborhood_size,time_limit_reached,CGIP_objective,CGLP_objective,CGLP_artificial,cycles_lookup_length
6.51,use_adaptive_ngroute,0.3673325322016119,0,false,0.2729375,false,false,5.0,false,1.89129e6,1.1965576551724134e6,false,20
5.753,use_adaptive_ngroute,0.1264055161831643,0,false,0.38171428571428573,false,false,6.75,false,1.58398e6,1.3837561904761915e6,false,11
4.064,use_SR3_cuts,0.09873320911339056,3,false,0.5515714285714286,false,false,8.85,false,1.58398e6,1.4275885714285716e6,false,0
8.225,use_adaptive_ngroute,0.09496584552835274,0,false,1.3571666666666666,false,false,8.85,false,1.58398e6,1.4335559999999998e6,false,6
5.636,use_SR3_cuts,0.09472059389372978,4,false,1.8503333333333332,false,false,9.549999999999999,false,1.58398e6,1.4339444736842099e6,false,0
8.925,use_SR3_cuts,0.0820724251600291,2,false,2.939333333333333,false,false,9.549999999999999,false,1.56534e6,1.43686875e6,false,0
24.247,use_SR3_cuts,0.06343502397831524,1,false,3.9771666666666667,false,false,9.549999999999999,false,1.53472e6,1.437365e6,false,0
4.429,use_SR3_cuts,0.06339127472298323,10,false,4.414,false,false,9.549999999999999,false,1.53472e6,1.4374321428571432e6,false,0
30.934,use_SR3_cuts,0.04788898604271996,10,false,7.68725,false,false,9.549999999999999,false,1.52107e6,1.4482275e6,false,0
20.3,use_SR3_cuts,0.0477821533525743,10,false,6.735333333333332,false,false,9.549999999999999,false,1.52107e6,1.4483899999999998e6,false,0
68.347,use_adaptive_ngroute,0.027171252141113267,0,false,22.702333333333335,false,false,9.549999999999999,false,1.49569e6,1.4550502298850582e6,false,1
81.837,use_adaptive_ngroute,0.026912468680256874,0,false,27.247666666666664,false,false,9.799999999999999,false,1.49569e6,1.4554372897196265e6,false,1
59.447,use_SR3_cuts,0.026862184008718204,10,false,29.698,false,false,9.85,false,1.49569e6,1.4555125000000002e6,false,0
176.421,use_SR3_cuts,0.026023269253484305,1,false,58.74066666666666,false,false,9.85,false,1.49569e6,1.456767256410256e6,false,0
87.192,use_SR3_cuts,0.025693826929377384,1,false,43.541000000000004,false,false,9.85,false,1.49569e6,1.4572599999999995e6,false,0
34.92,use_SR3_cuts,0.02569382692937705,10,false,34.884,false,false,9.85,false,1.49569e6,1.45726e6,false,0
306.76,use_SR3_cuts,0.023125046229533486,2,false,61.292399999999994,false,false,9.85,false,1.494684e6,1.460119363401456e6,false,0
144.569,use_SR3_cuts,0.023121048963985258,10,false,72.223,false,false,9.85,false,1.494684e6,1.4601253380503147e6,false,0
513.723,none,0.022346306421067608,0,false,102.61000000000001,false,false,9.85,false,1.494684e6,1.461283333333333e6,false,0
