CG_time_taken,method,CG_LP_IP_gap,implemented_SR3_cuts_count,errored,CG_sp_time_taken_mean,converged,CGIP_artificial,ngroute_neighborhood_size,time_limit_reached,CGIP_objective,CGLP_objective,CGLP_artificial,cycles_lookup_length
2.229,use_adaptive_ngroute,0.2584019792634278,0,false,0.0970833333333333,false,false,5.0,false,1.84805e6,1.3705102222222222e6,false,20
1.554,use_adaptive_ngroute,0.009311540679028174,0,false,0.13000000000000003,false,false,6.949999999999999,false,1.485168e6,1.471338797752809e6,false,9
0.736,use_SR3_cuts,0.006635388499258155,2,false,0.165,false,false,7.95,false,1.485168e6,1.4753133333333337e6,false,0
0.378,use_SR3_cuts,0.0029814808829707884,10,false,0.178,false,false,7.95,false,1.485168e6,1.48074e6,false,0
1.303,use_SR3_cuts,0.001918750381550316,2,false,0.30725,false,false,7.95,false,1.485168e6,1.4823183333333337e6,false,0
1.291,use_SR3_cuts,0.0018671288366030048,10,false,0.42233333333333334,false,false,7.95,false,1.485168e6,1.482395e6,false,0
1.237,use_SR3_cuts,0.0018671288366030048,10,false,0.40333333333333327,false,false,7.95,false,1.485168e6,1.482395e6,false,0
1.068,use_SR3_cuts,0.0018671288366030048,10,false,0.504,false,false,7.95,false,1.485168e6,1.482395e6,false,0
0.518,none,0.0,0,false,0.504,true,false,7.95,false,1.485168e6,1.485168e6,false,0
