CG_time_taken,method,CG_LP_IP_gap,implemented_SR3_cuts_count,errored,CG_sp_time_taken_mean,converged,CGIP_artificial,ngroute_neighborhood_size,time_limit_reached,CGIP_objective,CGLP_objective,CGLP_artificial,cycles_lookup_length
4.136,use_adaptive_ngroute,0.31413789782849444,0,false,0.1564117647058824,false,false,5.0,false,1.92855e6,1.322719357142857e6,false,20
2.024,use_adaptive_ngroute,0.04220925941511988,0,false,0.22324999999999998,false,false,8.200000000000001,false,1.54459e6,1.479394e6,false,1
0.685,use_SR3_cuts,0.033896373794987666,3,false,0.16,false,false,8.25,false,1.54459e6,1.492234e6,false,0
2.489,use_adaptive_ngroute,0.019395697240044196,0,false,0.47679999999999995,false,false,8.25,false,1.54459e6,1.5146316e6,false,6
2.247,use_adaptive_ngroute,0.012631701616610091,0,false,0.549,false,false,8.95,false,1.54459e6,1.5250792000000002e6,false,2
1.033,use_SR3_cuts,0.012631701616610314,2,false,0.5055,false,false,9.05,false,1.54459e6,1.5250792e6,false,0
2.375,use_SR3_cuts,0.011127872121404425,2,false,0.7733333333333333,false,false,9.05,false,1.54459e6,1.527402e6,false,0
7.927,use_SR3_cuts,0.007442751798211855,1,false,1.92475,false,false,9.05,false,1.54459e6,1.533094e6,false,0
3.849,use_SR3_cuts,0.005891099471920236,1,false,1.913,false,false,9.05,false,1.54459e6,1.5354906666666667e6,false,0
2.304,use_SR3_cuts,0.005255332051439687,10,false,2.289,false,false,9.05,false,1.54459e6,1.5364726666666667e6,false,0
5.463,use_SR3_cuts,0.0010073870735923807,10,false,2.7065,false,false,9.05,false,1.54459e6,1.543034e6,false,0
3.954,none,0.0,0,false,3.938,true,false,9.05,false,1.54459e6,1.54459e6,false,0
