CG_time_taken,method,CG_LP_IP_gap,implemented_SR3_cuts_count,errored,CG_sp_time_taken_mean,converged,CGIP_artificial,ngroute_neighborhood_size,time_limit_reached,CGIP_objective,CGLP_objective,CGLP_artificial,cycles_lookup_length
5.003,use_adaptive_ngroute,0.21828857863424345,0,false,0.20349999999999996,false,false,5.0,false,1.59436e6,1.2463294217687077e6,false,20
2.757,use_adaptive_ngroute,0.048634723798962054,0,false,0.21427272727272725,false,false,8.35,false,1.446374e6,1.37603e6,false,2
0.74,use_adaptive_ngroute,0.04597548766778159,0,false,0.1595,false,false,8.45,false,1.446374e6,1.37987625e6,false,4
0.824,use_adaptive_ngroute,0.044769709348857045,0,false,0.19675,false,false,8.65,false,1.446374e6,1.3816202564102563e6,false,5
0.562,use_SR3_cuts,0.044662594055766225,4,false,0.17866666666666667,false,false,9.45,false,1.446374e6,1.3817751851851852e6,false,0
3.874,use_adaptive_ngroute,0.009135651444137083,0,false,0.45199999999999996,false,false,9.45,false,1.40603e6,1.393185e6,false,5
1.548,none,-2.220446049250313e-16,0,false,0.5023333333333333,true,false,9.950000000000001,false,1.40518e6,1.4051800000000005e6,false,0
