CG_time_taken,method,CG_LP_IP_gap,implemented_SR3_cuts_count,errored,CG_sp_time_taken_mean,converged,CGIP_artificial,ngroute_neighborhood_size,time_limit_reached,CGIP_objective,CGLP_objective,CGLP_artificial,cycles_lookup_length
6.906,use_adaptive_ngroute,0.3859050453642726,0,false,0.20909090909090902,false,false,5.0,false,2.05444e6,1.2616212386018238e6,false,19
8.823,use_adaptive_ngroute,0.11579738460128897,0,false,0.6393846153846154,false,false,6.5,false,1.64527e6,1.4547520370370373e6,false,7
2.803,use_adaptive_ngroute,0.062206766114517476,0,false,0.4555,false,false,6.9,false,1.59222e6,1.493173142857143e6,false,5
1.027,use_SR3_cuts,0.061266480958697245,6,false,0.33666666666666667,false,false,7.2,false,1.59222e6,1.4946702836879431e6,false,0
11.61,use_SR3_cuts,0.04996545703483235,5,false,1.8936666666666666,false,false,7.2,false,1.59222e6,1.5126639999999993e6,false,0
11.875,use_SR3_cuts,0.04663378804436569,1,false,3.93,false,false,7.2,false,1.59222e6,1.51796875e6,false,0
40.969,use_adaptive_ngroute,0.031124982027014525,0,false,10.21475,false,false,7.2,false,1.57644e6,1.5273733333333333e6,false,3
22.287,use_adaptive_ngroute,0.02251901367828102,0,false,5.5535000000000005,false,false,7.5,false,1.56435e6,1.529122380952381e6,false,2
4.872,use_SR3_cuts,0.02181736823600855,1,false,4.859,false,false,7.6,false,1.56435e6,1.53022e6,false,0
11.199,use_SR3_cuts,0.02166024900202357,1,false,5.587999999999999,false,false,7.6,false,1.56435e6,1.5304657894736845e6,false,0
5.89,use_SR3_cuts,0.021512357939628135,1,false,5.877,false,false,7.6,false,1.56435e6,1.5306971428571427e6,false,0
42.351,use_adaptive_ngroute,0.020597555351606678,0,false,14.07,false,false,7.6,false,1.56435e6,1.532128214285714e6,false,2
12.998,use_SR3_cuts,0.020564675985037417,3,false,12.982999999999999,false,false,7.75,false,1.56435e6,1.5321796491228067e6,false,0
32.932,use_SR3_cuts,0.02037199384500188,10,false,16.451999999999998,false,false,7.75,false,1.56435e6,1.5324810714285714e6,false,0
43.335,use_SR3_cuts,0.019058394860485217,1,false,14.413,false,false,7.75,false,1.56435e6,1.534536e6,false,0
41.425,use_SR3_cuts,0.018726627672835394,10,false,20.696,false,false,7.75,false,1.56435e6,1.535055e6,false,0
117.058,use_SR3_cuts,0.01659634992169312,10,false,38.909333333333336,false,false,7.75,false,1.56435e6,1.5383874999999993e6,false,0
72.022,none,0.015185220698694546,0,false,35.977000000000004,false,false,7.75,false,1.56435e6,1.5405949999999972e6,false,0
