CG_time_taken,method,CG_LP_IP_gap,implemented_SR3_cuts_count,errored,CG_sp_time_taken_mean,converged,CGIP_artificial,ngroute_neighborhood_size,time_limit_reached,CGIP_objective,CGLP_objective,CGLP_artificial,cycles_lookup_length
4.266,use_adaptive_ngroute,0.2951752465887292,0,false,0.17064285714285712,false,false,5.0,false,1.744733e6,1.2297310064935067e6,false,19
1.34,use_adaptive_ngroute,0.059631872431520905,0,false,0.15828571428571428,false,false,6.5,false,1.401851e6,1.318256e6,false,4
0.648,use_adaptive_ngroute,0.054142701328457665,0,false,0.1226,false,false,7.0,false,1.401851e6,1.3259510000000002e6,false,2
0.213,use_adaptive_ngroute,0.054010336650931134,0,false,0.096,false,false,7.2,false,1.401851e6,1.3261365555555555e6,false,4
0.49,use_adaptive_ngroute,0.05072436371625799,0,false,0.15166666666666667,false,false,7.4,false,1.401851e6,1.330743e6,false,2
0.312,use_adaptive_ngroute,0.05072436371625799,0,false,0.1505,false,false,7.799999999999999,false,1.401851e6,1.330743e6,false,2
0.735,use_SR3_cuts,0.015743536387239243,3,false,0.178,false,false,7.95,false,1.352301e6,1.331011e6,false,0
1.066,use_SR3_cuts,0.007862524689399741,3,false,0.34400000000000003,false,false,7.95,false,1.352301e6,1.3416685e6,false,0
3.498,use_SR3_cuts,0.007726747882970564,2,false,0.86175,false,false,7.95,false,1.352301e6,1.341852111111111e6,false,0
4.527,use_SR3_cuts,0.000990164172029795,2,false,1.11375,false,false,7.95,false,1.352301e6,1.350962e6,false,0
1.651,use_SR3_cuts,0.00017008047764510703,10,false,0.8165,false,false,7.95,false,1.352301e6,1.352071e6,false,0
5.263,none,0.0,0,false,1.7413333333333332,true,false,7.95,false,1.352301e6,1.352301e6,false,0
