CG_time_taken,method,CG_LP_IP_gap,implemented_SR3_cuts_count,errored,CG_sp_time_taken_mean,converged,CGIP_artificial,ngroute_neighborhood_size,time_limit_reached,CGIP_objective,CGLP_objective,CGLP_artificial,cycles_lookup_length
8.17,use_adaptive_ngroute,0.4414243117604518,0,false,0.2817,false,false,5.0,false,2.41101e6,1.346731570102433e6,false,19
6.761,use_adaptive_ngroute,0.1267953088800715,0,false,0.6428999999999999,false,false,7.2,false,1.62666e6,1.420407142857143e6,false,9
3.677,use_adaptive_ngroute,0.1091834392763904,0,false,0.901,false,false,8.05,false,1.62666e6,1.4490556666666667e6,false,5
2.66,use_SR3_cuts,0.08507316806289655,4,false,0.6545,false,false,8.4,false,1.59126e6,1.4558864705882352e6,false,0
6.947,use_adaptive_ngroute,0.08047824879769383,0,false,1.71225,false,false,8.4,false,1.59126e6,1.4631981818181816e6,false,1
3.383,use_SR3_cuts,0.08041803350803767,3,false,1.6834999999999998,false,false,8.45,false,1.59126e6,1.463294e6,false,0
12.91,use_SR3_cuts,0.07142796847264021,7,false,4.279,false,false,8.45,false,1.57952e6,1.4666980952380954e6,false,0
41.921,use_SR3_cuts,0.06689140738292243,1,false,10.40075,false,false,8.45,false,1.57952e6,1.4738636842105263e6,false,0
54.669,use_SR3_cuts,0.0654477309562399,10,false,18.179000000000002,false,false,8.45,false,1.57952e6,1.476144e6,false,0
412.437,use_SR3_cuts,0.028819658464760645,10,false,82.37759999999999,false,false,8.45,false,1.53199e6,1.4878385714285714e6,false,0
248.923,use_adaptive_ngroute,0.02770528673308703,0,false,124.414,false,false,8.45,false,1.53199e6,1.489545777777778e6,false,3
267.513,use_adaptive_ngroute,0.026049972827721035,0,false,133.667,false,false,8.65,false,1.53199e6,1.4920817021276597e6,false,1
473.694,use_adaptive_ngroute,0.02599229020037508,0,false,157.79233333333335,false,false,8.75,false,1.53199e6,1.4921700713359274e6,false,2
351.397,use_SR3_cuts,0.025980269721056604,3,false,175.65099999999998,false,false,8.85,false,1.53199e6,1.4921884865900385e6,false,0
561.165,use_adaptive_ngroute,0.023429289682047827,0,false,186.937,false,false,8.85,false,1.53199e6,1.4960965624999995e6,false,2
374.206,use_adaptive_ngroute,0.02337550040395131,0,false,187.0345,false,false,9.05,false,1.53199e6,1.4961789671361507e6,false,3
191.041,use_SR3_cuts,0.023266967737884614,2,false,191.004,false,false,9.4,false,1.53199e6,1.496345238095238e6,false,0
523.106,use_SR3_cuts,0.02309001776676811,1,false,261.49100000000004,false,false,9.4,false,1.53199e6,1.4966163236814889e6,false,0
47.323,none,0.022785574793094843,0,false,NaN,false,false,9.4,true,1.53199e6,1.4970827272727266e6,false,0
