CG_time_taken,method,CG_LP_IP_gap,implemented_SR3_cuts_count,errored,CG_sp_time_taken_mean,converged,CGIP_artificial,ngroute_neighborhood_size,time_limit_reached,CGIP_objective,CGLP_objective,CGLP_artificial,cycles_lookup_length
6.27,use_adaptive_ngroute,0.9999786133182261,0,false,0.22349999999999998,false,true,5.0,false,6.0e10,1.2832009064327485e6,false,19
12.96,use_adaptive_ngroute,0.1315992272259211,0,false,0.8677142857142857,false,false,6.25,false,1.61752e6,1.4046556179775281e6,false,13
3.811,use_adaptive_ngroute,0.036606510372744316,0,false,0.6235,false,false,7.8999999999999995,false,1.48225e6,1.4279899999999998e6,false,6
2.265,use_SR3_cuts,0.0356507561702365,6,false,0.7443333333333333,false,false,8.7,false,1.48225e6,1.429406666666667e6,false,0
13.793,use_SR3_cuts,0.03510204081632651,3,false,1.5198888888888888,false,false,8.7,false,1.48225e6,1.43022e6,false,0
95.058,use_SR3_cuts,0.015610146422589732,3,false,18.888399999999997,false,false,8.7,false,1.48225e6,1.4591118604651163e6,false,0
124.004,use_SR3_cuts,0.014947353203382807,10,false,24.766,false,false,8.7,false,1.48225e6,1.460094285714286e6,false,0
84.213,use_SR3_cuts,0.004398718164951743,10,false,16.7638,false,false,8.7,false,1.48225e6,1.4757300000000002e6,false,0
144.038,none,0.0,0,false,71.9845,true,false,8.7,false,1.48225e6,1.48225e6,false,0
