CG_time_taken,method,CG_LP_IP_gap,implemented_SR3_cuts_count,errored,CG_sp_time_taken_mean,converged,CGIP_artificial,ngroute_neighborhood_size,time_limit_reached,CGIP_objective,CGLP_objective,CGLP_artificial,cycles_lookup_length
10.811,use_adaptive_ngroute,0.330080433009047,0,false,0.2765263157894737,false,false,5.0,false,2.03676e6,1.3644653772644934e6,false,20
4.864,use_adaptive_ngroute,0.13788642264450002,0,false,0.3018461538461539,false,false,7.208333333333333,false,1.69083e6,1.4576875e6,false,7
3.462,use_adaptive_ngroute,0.13404777535293322,0,false,0.32755555555555554,false,false,8.041666666666666,false,1.69083e6,1.464178e6,false,6
2.526,use_SR3_cuts,0.13404777535293322,5,false,0.47640000000000005,false,false,8.291666666666666,false,1.69083e6,1.464178e6,false,0
15.286,use_adaptive_ngroute,0.010824991235928727,0,false,2.8049999999999993,false,false,8.291666666666666,false,1.54038e6,1.5237054000000001e6,false,1
16.363,use_adaptive_ngroute,0.008320024928913483,0,false,2.14325,false,false,8.333333333333332,false,1.54038e6,1.5275640000000002e6,false,1
2.033,use_SR3_cuts,0.007959940620712591,2,false,1.993,false,false,8.375,false,1.54038e6,1.5281186666666667e6,false,0
4.721,use_SR3_cuts,0.006535400355756393,1,false,1.5250000000000001,false,false,8.375,false,1.54038e6,1.530313e6,false,0
7.574,use_SR3_cuts,0.006535400355756393,10,false,2.4599999999999995,false,false,8.375,false,1.54038e6,1.530313e6,false,0
11.739,use_SR3_cuts,0.0051814672817281915,2,false,2.8390000000000004,false,false,8.375,false,1.54038e6,1.5323985714285716e6,false,0
8.883,use_SR3_cuts,0.002971375646949048,3,false,4.3725,false,false,8.375,false,1.54038e6,1.5358029523809527e6,false,0
5.963,use_SR3_cuts,0.00281553902283882,10,false,5.925,false,false,8.375,false,1.54038e6,1.5360429999999995e6,false,0
14.238,use_SR3_cuts,0.0012507990770800337,1,false,7.067,false,false,8.375,false,1.54038e6,1.5384532941176475e6,false,0
18.461,use_SR3_cuts,0.0009574260896660913,10,false,9.202000000000002,false,false,8.375,false,1.54038e6,1.5389052000000002e6,false,0
33.128,use_SR3_cuts,0.0006751580778768806,10,false,8.222,false,false,8.375,false,1.54038e6,1.53934e6,false,0
23.787,use_SR3_cuts,0.0006751580778768806,10,false,7.88,false,false,8.375,false,1.54038e6,1.53934e6,false,0
18.819,none,0.0006751580778768806,0,false,9.322500000000002,false,false,8.375,false,1.54038e6,1.53934e6,false,0
