CG_time_taken,method,CG_LP_IP_gap,implemented_SR3_cuts_count,errored,CG_sp_time_taken_mean,converged,CGIP_artificial,ngroute_neighborhood_size,time_limit_reached,CGIP_objective,CGLP_objective,CGLP_artificial,cycles_lookup_length
8.961,use_adaptive_ngroute,0.3810549917889414,0,false,0.285,false,false,5.0,false,2.097484e6,1.298227251602564e6,false,22
14.007,use_adaptive_ngroute,0.11098308275974367,0,false,1.0143846153846154,false,false,8.291666666666666,false,1.663694e6,1.479052111111111e6,false,2
3.443,use_SR3_cuts,0.11095466395602338,5,false,1.1233333333333333,false,false,8.375,false,1.663694e6,1.4790993913043477e6,false,0
27.313,none,0.0,0,false,5.360600000000001,true,false,8.375,false,1.4955e6,1.4955e6,false,0
