CG_time_taken,method,CG_LP_IP_gap,implemented_SR3_cuts_count,errored,CG_sp_time_taken_mean,converged,CGIP_artificial,ngroute_neighborhood_size,time_limit_reached,CGIP_objective,CGLP_objective,CGLP_artificial,cycles_lookup_length
6.37,use_adaptive_ngroute,0.36900282387755556,0,false,0.1623181818181818,false,false,5.0,false,2.31379e6,1.4599949561403508e6,false,21
7.355,use_adaptive_ngroute,0.053472857946876506,0,false,0.4186875,false,false,6.666666666666666,false,1.7015e6,1.6105159322033897e6,false,7
4.246,use_SR3_cuts,0.04918245369988328,1,false,0.514,false,false,7.208333333333333,false,1.69654e6,1.6131e6,false,0
4.697,use_SR3_cuts,0.045383545333443354,1,false,0.9284000000000001,false,false,7.208333333333333,false,1.69654e6,1.619545e6,false,0
1.711,use_SR3_cuts,0.045383545333443354,1,false,0.845,false,false,7.208333333333333,false,1.69654e6,1.619545e6,false,0
2.695,use_SR3_cuts,0.04353409488331139,2,false,1.3255,false,false,7.208333333333333,false,1.69654e6,1.622682666666667e6,false,0
6.242,use_SR3_cuts,0.04285360624733692,2,false,1.5237500000000002,false,false,7.208333333333333,false,1.69654e6,1.623837142857143e6,false,0
2.611,use_SR3_cuts,0.042225942211795764,2,false,1.282,false,false,7.208333333333333,false,1.69654e6,1.624902e6,false,0
11.39,use_SR3_cuts,0.041954507409197594,10,false,2.81775,false,false,7.208333333333333,false,1.69654e6,1.6253625e6,false,0
24.123,use_SR3_cuts,0.02543990296132992,1,false,5.98475,false,false,7.208333333333333,false,1.69646e6,1.6533022222222222e6,false,0
16.212,use_SR3_cuts,0.02532184666894588,1,false,5.374,false,false,7.208333333333333,false,1.69646e6,1.6535025e6,false,0
23.588,use_SR3_cuts,0.02475743607276326,10,false,7.799333333333334,false,false,7.208333333333333,false,1.69646e6,1.65446e6,false,0
22.221,use_SR3_cuts,0.021844507582456152,2,false,11.068,false,false,7.208333333333333,false,1.69646e6,1.6594016666666665e6,false,0
43.803,use_SR3_cuts,0.021284910932176437,2,false,14.538666666666666,false,false,7.208333333333333,false,1.69646e6,1.660351e6,false,0
91.013,use_adaptive_ngroute,0.020059312585365863,0,false,30.242666666666665,false,false,7.208333333333333,false,1.69646e6,1.6624301785714303e6,false,4
20.841,use_SR3_cuts,0.019179546428052086,10,false,20.816000000000003,false,false,7.5,false,1.69646e6,1.6639226666666667e6,false,0
65.848,use_SR3_cuts,0.018104708064721975,2,false,32.884499999999996,false,false,7.5,false,1.69646e6,1.6657460869565217e6,false,0
69.748,use_SR3_cuts,0.018091014122456284,1,false,34.852999999999994,false,false,7.5,false,1.69646e6,1.665769318181818e6,false,0
29.849,use_SR3_cuts,0.018060156639904346,1,false,29.818,false,false,7.5,false,1.69646e6,1.665821666666668e6,false,0
164.509,none,0.01797271966327929,0,false,54.797999999999995,false,false,7.5,false,1.69646e6,1.6659700000000333e6,false,0
