CG_time_taken,method,CG_LP_IP_gap,implemented_SR3_cuts_count,errored,CG_sp_time_taken_mean,converged,CGIP_artificial,ngroute_neighborhood_size,time_limit_reached,CGIP_objective,CGLP_objective,CGLP_artificial,cycles_lookup_length
11.013,use_adaptive_ngroute,0.2713422940312482,0,false,0.3422,false,false,5.0,false,1.97508e6,1.4391572619047624e6,false,24
7.812,use_adaptive_ngroute,0.1082735509019973,0,false,0.5326153846153846,false,false,8.708333333333334,false,1.777278e6,1.5848458e6,false,11
4.03,use_adaptive_ngroute,0.052998607391472885,0,false,0.7694,false,false,10.125000000000002,false,1.69527e6,1.6054230508474577e6,false,8
3.059,use_SR3_cuts,0.05284998849740752,5,false,0.7394999999999999,false,false,10.75,false,1.69527e6,1.605675e6,false,0
16.122,use_SR3_cuts,0.04087160157379077,2,false,2.225,false,false,10.75,false,1.69527e6,1.6259815999999996e6,false,0
14.343,use_adaptive_ngroute,0.037115236967462883,0,false,2.8116000000000003,false,false,10.75,false,1.69177e6,1.6289795555555553e6,false,5
8.35,use_SR3_cuts,0.03602735596446327,10,false,4.0874999999999995,false,false,11.25,false,1.69177e6,1.63082e6,false,0
23.622,use_SR3_cuts,0.022860081453152437,3,false,5.8035,false,false,11.25,false,1.69177e6,1.6530960000000002e6,false,0
47.307,use_SR3_cuts,0.020858863793541738,1,false,11.768499999999998,false,false,11.25,false,1.69177e6,1.6564815999999999e6,false,0
16.285,use_SR3_cuts,0.01964865200352295,10,false,8.121,false,false,11.25,false,1.69177e6,1.658529e6,false,0
108.85,use_SR3_cuts,0.01865206263262742,10,false,26.61625,false,false,11.25,false,1.69177e6,1.660215e6,false,0
129.703,use_SR3_cuts,0.01384207073065491,10,false,43.00333333333334,false,false,11.25,false,1.69177e6,1.6683524e6,false,0
125.261,none,0.012067834280072964,0,false,41.67,false,false,11.25,false,1.69177e6,1.671354000000001e6,false,0
