CG_time_taken,method,CG_LP_IP_gap,implemented_SR3_cuts_count,errored,CG_sp_time_taken_mean,converged,CGIP_artificial,ngroute_neighborhood_size,time_limit_reached,CGIP_objective,CGLP_objective,CGLP_artificial,cycles_lookup_length
3.365,use_adaptive_ngroute,0.3030270549715369,0,false,0.10822222222222222,false,false,5.0,false,2.062798e6,1.4377143970588236e6,false,15
3.516,use_adaptive_ngroute,0.02874052488940304,0,false,0.3137999999999999,false,false,6.916666666666666,false,1.546822e6,1.5023655238095238e6,false,5
1.901,use_adaptive_ngroute,0.02377627591711684,0,false,0.24628571428571427,false,false,7.375,false,1.546822e6,1.5100443333333335e6,false,4
1.876,use_adaptive_ngroute,0.02015314841224991,0,false,0.454,false,false,7.625,false,1.546822e6,1.5156486666666667e6,false,1
0.841,use_adaptive_ngroute,0.02015314841225002,0,false,0.4125,false,false,7.666666666666667,false,1.546822e6,1.5156486666666665e6,false,1
0.868,use_adaptive_ngroute,0.019706937837708494,0,false,0.4265,false,false,7.708333333333333,false,1.546822e6,1.516338875e6,false,2
4.144,none,0.0,0,false,0.45066666666666666,true,false,7.833333333333334,false,1.516428e6,1.516428e6,false,0
