CG_time_taken,method,CG_LP_IP_gap,implemented_SR3_cuts_count,errored,CG_sp_time_taken_mean,converged,CGIP_artificial,ngroute_neighborhood_size,time_limit_reached,CGIP_objective,CGLP_objective,CGLP_artificial,cycles_lookup_length
3.54,use_adaptive_ngroute,0.014969516337034472,0,false,0.1125625,false,false,5.0,false,1.576866e6,1.5532610786516857e6,false,15
1.728,use_adaptive_ngroute,0.006636142635015774,0,false,0.1498,false,false,6.666666666666666,false,1.576866e6,1.5664016923076932e6,false,4
1.417,use_adaptive_ngroute,0.003037829466803088,0,false,0.1874285714285714,false,false,6.916666666666666,false,1.576866e6,1.57207575e6,false,1
0.929,use_SR3_cuts,0.002817614179010719,3,false,0.1668,false,false,6.958333333333333,false,1.576866e6,1.572423e6,false,0
0.706,none,0.0,0,false,0.3315,true,false,6.958333333333333,false,1.576866e6,1.576866e6,false,0
