CG_time_taken,method,CG_LP_IP_gap,implemented_SR3_cuts_count,errored,CG_sp_time_taken_mean,converged,CGIP_artificial,ngroute_neighborhood_size,time_limit_reached,CGIP_objective,CGLP_objective,CGLP_artificial,cycles_lookup_length
7.014,use_adaptive_ngroute,0.1721937988263168,0,false,0.2083888888888889,false,false,5.0,false,1.72969e6,1.4318481081081082e6,false,22
7.306,use_adaptive_ngroute,0.11935479108223834,0,false,0.6122727272727273,false,false,6.875,false,1.69325e6,1.4911525e6,false,12
8.131,use_adaptive_ngroute,0.09344928647293249,0,false,0.9793750000000001,false,false,7.708333333333333,false,1.66964e6,1.513613333333333e6,false,8
5.176,none,0.09283438345990758,0,false,1.0194,false,false,8.125,false,1.66964e6,1.51464e6,false,0
