CG_time_taken,method,CG_LP_IP_gap,implemented_SR3_cuts_count,errored,CG_sp_time_taken_mean,converged,CGIP_artificial,ngroute_neighborhood_size,time_limit_reached,CGIP_objective,CGLP_objective,CGLP_artificial,cycles_lookup_length
6.271,use_adaptive_ngroute,0.9998542801845284,0,false,0.22988235294117645,false,true,5.0,false,1.000194076e10,1.4574809619047618e6,false,23
5.36,use_adaptive_ngroute,0.10599508616351161,0,false,0.40008333333333335,false,false,7.75,false,1.750567e6,1.5650155e6,false,4
2.698,use_adaptive_ngroute,0.09834235136387237,0,false,0.43416666666666665,false,false,8.041666666666666,false,1.750567e6,1.578412125e6,false,14
3.466,use_SR3_cuts,0.0956886159360556,4,false,0.6782,false,false,9.625,false,1.750567e6,1.583057666666667e6,false,0
21.031,use_SR3_cuts,0.002871393781777587,7,false,3.3726666666666674,false,false,9.625,false,1.603104e6,1.5985008571428573e6,false,0
13.968,none,0.0,0,false,4.625666666666667,true,false,9.625,false,1.603104e6,1.603104e6,false,0
