CG_time_taken,method,CG_LP_IP_gap,implemented_SR3_cuts_count,errored,CG_sp_time_taken_mean,converged,CGIP_artificial,ngroute_neighborhood_size,time_limit_reached,CGIP_objective,CGLP_objective,CGLP_artificial,cycles_lookup_length
3.155,use_adaptive_ngroute,0.36250272323518173,0,false,0.13214285714285715,false,false,5.0,false,1.854412e6,1.1821826e6,false,14
2.764,use_adaptive_ngroute,0.14327141145762434,0,false,0.20541666666666666,false,false,6.45,false,1.484182e6,1.2715411500000001e6,false,5
1.429,use_SR3_cuts,0.12947532537682094,6,false,0.2782,false,false,6.75,false,1.484182e6,1.292017052631579e6,false,0
4.932,use_SR3_cuts,0.04673688586140312,3,false,0.7805,false,false,6.75,false,1.3983e6,1.3329478125e6,false,0
3.142,use_SR3_cuts,0.04442830579989998,10,false,1.028,false,false,6.75,false,1.3983e6,1.3361759e6,false,0
6.852,use_adaptive_ngroute,0.040430641970011116,0,false,1.6917499999999996,false,false,6.75,false,1.3983e6,1.3417658333333335e6,false,4
6.46,use_adaptive_ngroute,0.04015633268969465,0,false,2.127333333333333,false,false,7.1,false,1.3983e6,1.3421494e6,false,1
12.381,use_SR3_cuts,0.039930272473718054,1,false,3.0829999999999997,false,false,7.15,false,1.3983e6,1.3424655e6,false,0
7.4,use_SR3_cuts,0.03788868626188946,10,false,3.686,false,false,7.15,false,1.3983e6,1.34532025e6,false,0
27.458,use_SR3_cuts,0.03417492669670297,3,false,9.089333333333332,false,false,7.15,false,1.3983e6,1.3505132000000002e6,false,0
46.6,use_SR3_cuts,0.02896124546100698,10,false,15.482666666666667,false,false,7.15,false,1.396602e6,1.3561546666666667e6,false,0
103.04,use_SR3_cuts,0.025471489610736087,3,false,25.6855,false,false,7.15,false,1.396602e6,1.3610284666666668e6,false,0
98.241,use_adaptive_ngroute,0.021137665885923917,0,false,32.703,false,false,7.15,false,1.396602e6,1.3670810935483868e6,false,1
209.318,use_adaptive_ngroute,0.001479983615003011,0,false,52.257250000000006,false,false,7.2,false,1.370512e6,1.368483664695835e6,false,4
122.369,use_SR3_cuts,0.0014611327737374946,10,false,61.13649999999999,false,false,7.4,false,1.370512e6,1.3685094999999995e6,false,0
187.5,use_SR3_cuts,0.0006315668287112386,3,false,62.449999999999996,false,false,7.4,false,1.370039e6,1.3691737288135593e6,false,0
188.967,none,-2.4424906541753444e-15,0,false,62.94400000000001,true,false,7.4,false,1.370039e6,1.3700390000000033e6,false,0
