CG_time_taken,method,CG_LP_IP_gap,implemented_SR3_cuts_count,errored,CG_sp_time_taken_mean,converged,CGIP_artificial,ngroute_neighborhood_size,time_limit_reached,CGIP_objective,CGLP_objective,CGLP_artificial,cycles_lookup_length
11.579,use_adaptive_ngroute,0.2769544279949533,0,false,0.3945294117647058,false,false,5.0,false,1.96199e6,1.4186081818181816e6,false,24
9.302,use_adaptive_ngroute,0.0720775272637526,0,false,0.7018333333333333,false,false,7.5,false,1.658898e6,1.5393287341772153e6,false,9
3.205,use_SR3_cuts,0.0704423960966859,3,false,0.62,false,false,8.458333333333334,false,1.658898e6,1.54204125e6,false,0
13.441,use_SR3_cuts,0.0670889148498982,1,false,2.1883333333333335,false,false,8.458333333333334,false,1.658898e6,1.5476043333333335e6,false,0
13.238,use_SR3_cuts,0.06708891484989843,1,false,2.6024,false,false,8.458333333333334,false,1.658898e6,1.5476043333333333e6,false,0
15.082,use_adaptive_ngroute,0.04445527744100608,0,false,3.74175,false,false,8.458333333333334,false,1.63254e6,1.55996498136646e6,false,2
3.742,use_SR3_cuts,0.04437662825392008,3,false,3.7209999999999996,false,false,8.666666666666668,false,1.63254e6,1.5600933793103453e6,false,0
29.505,use_SR3_cuts,0.04162144263139511,10,false,7.3222499999999995,false,false,8.666666666666668,false,1.63077e6,1.5628949999999998e6,false,0
15.796,use_adaptive_ngroute,0.03947996958492006,0,false,7.8765,false,false,8.666666666666668,false,1.63077e6,1.56638725e6,false,4
47.689,use_SR3_cuts,0.039479957454306325,3,false,11.813500000000001,false,false,9.0,false,1.6307699794046558e6,1.56638725e6,false,0
21.215,use_adaptive_ngroute,0.03816340338204227,0,false,10.5685,false,false,9.0,false,1.63077e6,1.5685342666666668e6,false,7
56.744,use_SR3_cuts,0.038137680797589946,3,false,18.865999999999996,false,false,9.416666666666666,false,1.63077e6,1.5685762142857143e6,false,0
93.161,use_SR3_cuts,0.03713092588163869,1,false,23.18,false,false,9.416666666666666,false,1.63077e6,1.570218e6,false,0
45.495,use_adaptive_ngroute,0.03618846720669755,0,false,22.7215,false,false,9.416666666666666,false,1.63077e6,1.5717549333333338e6,false,2
66.451,use_SR3_cuts,0.0357220208858392,1,false,33.17400000000001,false,false,9.708333333333334,false,1.63077e6,1.5725156e6,false,0
72.349,use_SR3_cuts,0.03526508949759943,10,false,35.921,false,false,9.708333333333334,false,1.63077e6,1.5732607499999998e6,false,0
109.687,use_SR3_cuts,0.03377330954089175,10,false,54.792500000000004,false,false,9.708333333333334,false,1.63077e6,1.5756935e6,false,0
334.203,use_SR3_cuts,0.031631274387763586,10,false,83.441,false,false,9.708333333333334,false,1.63077e6,1.5791866666666667e6,false,0
348.801,use_adaptive_ngroute,0.028380060294241338,0,false,174.1785,false,false,9.708333333333334,false,1.6306e6,1.58432347368421e6,false,2
896.621,use_adaptive_ngroute,0.028331322067608244,0,false,217.81125,false,false,9.833333333333334,false,1.6306e6,1.584402946236558e6,false,2
351.518,use_adaptive_ngroute,0.028325107143401196,0,false,175.6235,false,false,9.916666666666666,false,1.6306e6,1.58441308029197e6,false,3
256.624,use_SR3_cuts,0.028323407101096598,1,false,256.44399999999996,false,false,10.166666666666668,false,1.6306e6,1.5844158523809519e6,false,0
444.894,use_SR3_cuts,0.028316246595187944,10,false,222.32049999999998,false,false,10.166666666666668,false,1.6306e6,1.5844275283018865e6,false,0
319.883,none,0.027312014858684286,0,false,197.054,false,false,10.166666666666668,true,1.6306e6,1.5860650285714294e6,false,0
