CG_time_taken,method,CG_LP_IP_gap,implemented_SR3_cuts_count,errored,CG_sp_time_taken_mean,converged,CGIP_artificial,ngroute_neighborhood_size,time_limit_reached,CGIP_objective,CGLP_objective,CGLP_artificial,cycles_lookup_length
7.521,use_adaptive_ngroute,0.24747751357884096,0,false,0.19269999999999998,false,false,5.0,false,1.90197e6,1.431275193498452e6,false,19
3.705,use_adaptive_ngroute,0.07827114787558265,0,false,0.2825454545454545,false,false,6.166666666666667,false,1.639022e6,1.5107338666666667e6,false,2
1.899,use_adaptive_ngroute,0.07630312466824718,0,false,0.37160000000000004,false,false,6.333333333333333,false,1.639022e6,1.5139595000000002e6,false,6
2.527,use_adaptive_ngroute,0.0758942739117503,0,false,0.48840000000000006,false,false,7.0,false,1.639022e6,1.5146296153846153e6,false,3
1.19,use_SR3_cuts,0.07561460431891687,11,false,0.583,false,false,7.458333333333333,false,1.639022e6,1.5150880000000002e6,false,0
31.308,use_SR3_cuts,0.016960171606147822,2,false,3.912285714285714,false,false,7.458333333333333,false,1.567776e6,1.54118625e6,false,0
11.141,use_SR3_cuts,0.011358011075231045,2,false,2.723,false,false,7.458333333333333,false,1.559516e6,1.541803e6,false,0
5.84,use_SR3_cuts,0.011197063704380117,10,false,1.911,false,false,7.458333333333333,false,1.559516e6,1.542054e6,false,0
47.479,use_SR3_cuts,0.005856624747678119,10,false,9.273399999999999,false,false,7.458333333333333,false,1.559516e6,1.5503825e6,false,0
44.435,use_SR3_cuts,0.0015368106842533757,1,false,14.738333333333333,false,false,7.458333333333333,false,1.559516e6,1.5571193191489358e6,false,0
60.701,use_SR3_cuts,0.0015365450990350027,10,false,19.67833333333333,false,false,7.458333333333333,false,1.559516e6,1.5571197333333334e6,false,0
144.204,use_SR3_cuts,0.0013981610611589756,1,false,35.904,false,false,7.458333333333333,false,1.559516e6,1.5573355454545456e6,false,0
82.883,use_SR3_cuts,0.0009351997776244625,10,false,41.323499999999996,false,false,7.458333333333333,false,1.559516e6,1.5580575409835982e6,false,0
189.438,use_SR3_cuts,1.74413087138392e-5,10,false,63.03933333333334,false,false,7.458333333333333,false,1.559516e6,1.5594887999999998e6,false,0
145.238,none,-8.881784197001252e-16,0,false,48.239666666666665,true,false,7.458333333333333,false,1.559516e6,1.5595160000000014e6,false,0
