CG_time_taken,method,CG_LP_IP_gap,implemented_SR3_cuts_count,errored,CG_sp_time_taken_mean,converged,CGIP_artificial,ngroute_neighborhood_size,time_limit_reached,CGIP_objective,CGLP_objective,CGLP_artificial,cycles_lookup_length
4.751,use_adaptive_ngroute,0.16261460262629812,0,false,0.17137500000000003,false,false,5.0,false,1.82045e6,1.5244182466489556e6,false,16
3.396,use_adaptive_ngroute,0.048247336698524435,0,false,0.27954545454545454,false,false,6.333333333333333,false,1.649832e6,1.570232e6,false,1
1.327,use_adaptive_ngroute,0.04663505132643808,0,false,0.24839999999999995,false,false,6.375,false,1.649832e6,1.572892e6,false,6
1.318,use_adaptive_ngroute,0.04465378899184891,0,false,0.20833333333333334,false,false,6.916666666666666,false,1.649832e6,1.57616075e6,false,8
0.777,use_SR3_cuts,0.04429743957768639,3,false,0.25066666666666665,false,false,7.333333333333334,false,1.649832e6,1.5767486666666665e6,false,0
5.306,none,0.0,0,false,0.7457142857142857,true,false,7.333333333333334,false,1.577692e6,1.577692e6,false,0
