CG_time_taken,method,CG_LP_IP_gap,implemented_SR3_cuts_count,errored,CG_sp_time_taken_mean,converged,CGIP_artificial,ngroute_neighborhood_size,time_limit_reached,CGIP_objective,CGLP_objective,CGLP_artificial,cycles_lookup_length
4.194,use_adaptive_ngroute,0.257940726323705,0,false,0.14556249999999998,false,false,5.0,false,2.2607e6,1.6775734000000001e6,false,24
6.06,use_adaptive_ngroute,0.07654457383052127,0,false,0.5609000000000002,false,false,8.541666666666666,false,1.93025e6,1.7824998363636364e6,false,21
7.385,use_adaptive_ngroute,0.04866140125899088,0,false,1.2103333333333333,false,false,10.541666666666666,false,1.896258e6,1.8039834285714284e6,false,5
8.496,use_adaptive_ngroute,0.04791816303477703,0,false,1.6844000000000001,false,false,10.833333333333334,false,1.896258e6,1.8053927999999998e6,false,4
3.764,use_SR3_cuts,0.04788124822677098,6,false,1.8725,false,false,11.083333333333332,false,1.896258e6,1.8054627999999998e6,false,0
37.24,use_adaptive_ngroute,0.03292906345022639,0,false,6.038666666666667,false,false,11.083333333333332,false,1.896258e6,1.8338160000000007e6,false,1
13.006,use_SR3_cuts,0.03292529663308319,5,false,6.4845,false,false,11.125,false,1.896258e6,1.833823142857143e6,false,0
20.25,use_adaptive_ngroute,0.014733999973376877,0,false,10.103,false,false,11.125,false,1.86437e6,1.8369003724696354e6,false,3
18.491,use_SR3_cuts,0.014290337320637114,1,false,9.223,false,false,11.291666666666668,false,1.86437e6,1.8377275238095238e6,false,0
37.201,use_adaptive_ngroute,0.014170007221547598,0,false,12.350999999999999,false,false,11.291666666666668,false,1.86437e6,1.8379518636363633e6,false,2
64.529,use_SR3_cuts,0.014149730650746872,10,false,20.783333333333335,false,false,11.375,false,1.86437e6,1.837989666666667e6,false,0
148.433,use_SR3_cuts,0.010560713229175178,1,false,29.6148,false,false,11.375,false,1.86437e6,1.8446809230769228e6,false,0
92.439,use_SR3_cuts,0.010438378648015112,10,false,46.019999999999996,false,false,11.375,false,1.86437e6,1.844909e6,false,0
304.287,use_SR3_cuts,0.0088877207850373,10,false,75.764,false,false,11.375,false,1.86437e6,1.8478e6,false,0
297.994,use_adaptive_ngroute,0.005735086667031375,0,false,99.28099999999999,false,false,11.375,false,1.86437e6,1.8536776764705868e6,false,1
131.169,use_SR3_cuts,0.005635865940204821,3,false,131.078,false,false,11.416666666666666,false,1.86437e6,1.8538626606170603e6,false,0
116.854,use_SR3_cuts,0.005045051936182321,1,false,116.738,false,false,11.416666666666666,false,1.86437e6,1.8549641565217397e6,false,0
145.181,use_SR3_cuts,0.004958107632303643,1,false,145.07999999999998,false,false,11.416666666666666,false,1.86437e6,1.855126252873562e6,false,0
384.095,use_SR3_cuts,0.004858886328766077,1,false,127.95866666666667,false,false,11.416666666666666,false,1.86437e6,1.8553112380952383e6,false,0
287.278,use_SR3_cuts,0.004674306001071771,10,false,143.558,false,false,11.416666666666666,false,1.86437e6,1.855655364120782e6,false,0
1460.544,none,0.002503122107066824,0,false,392.8236666666667,false,false,11.416666666666666,true,1.86437e6,1.8597032542372479e6,false,0
