CG_time_taken,method,CG_LP_IP_gap,implemented_SR3_cuts_count,errored,CG_sp_time_taken_mean,converged,CGIP_artificial,ngroute_neighborhood_size,time_limit_reached,CGIP_objective,CGLP_objective,CGLP_artificial,cycles_lookup_length
6.512,use_adaptive_ngroute,0.36143835977789096,0,false,0.1925,false,false,5.0,false,2.32262e6,1.483136036812675e6,false,21
8.665,use_adaptive_ngroute,0.1120296636859478,0,false,0.6498333333333334,false,false,6.916666666666666,false,1.776358e6,1.5773532106741571e6,false,17
4.32,use_adaptive_ngroute,0.08145188089132183,0,false,1.04725,false,false,8.625,false,1.725508e6,1.584962127906977e6,false,9
6.66,use_adaptive_ngroute,0.07813546793176296,0,false,1.6384999999999998,false,false,9.166666666666668,false,1.725508e6,1.5906846249999995e6,false,5
5.599,use_SR3_cuts,0.0757946645277795,9,false,1.8333333333333333,false,false,9.875,false,1.725508e6,1.5947237000000002e6,false,0
59.623,use_adaptive_ngroute,0.04895856483745065,0,false,8.354571428571429,false,false,9.875,false,1.687335e6,1.6047255000000002e6,false,1
11.77,use_SR3_cuts,0.04884078901182798,6,false,5.866,false,false,9.916666666666666,false,1.687335e6,1.6049242272727273e6,false,0
57.763,use_adaptive_ngroute,0.036383561194124225,0,false,11.49,false,false,9.916666666666666,false,1.665198e6,1.6046121666666667e6,false,3
50.595,use_SR3_cuts,0.0356143833946474,10,false,12.60525,false,false,10.041666666666666,false,1.665198e6,1.605893e6,false,0
184.601,use_adaptive_ngroute,0.0311164900917692,0,false,45.945249999999994,false,false,10.041666666666666,false,1.665198e6,1.613382882932166e6,false,1
86.936,use_SR3_cuts,0.031088943324605323,2,false,28.939333333333337,false,false,10.208333333333334,false,1.665198e6,1.6134287537537538e6,false,0
208.859,use_SR3_cuts,0.030057339652702186,10,false,52.0815,false,false,10.208333333333334,false,1.665198e6,1.6151465781249995e6,false,0
193.699,use_SR3_cuts,0.02861110520935728,10,false,64.483,false,false,10.208333333333334,false,1.665198e6,1.6175548448275886e6,false,0
458.51,use_adaptive_ngroute,0.024017181040304147,0,false,152.70933333333332,false,false,10.208333333333334,false,1.665198e6,1.6252046381660476e6,false,1
363.536,use_SR3_cuts,0.02401311757191782,3,false,181.656,false,false,10.375,false,1.665198e6,1.6252114046454777e6,false,0
765.762,use_adaptive_ngroute,0.02353944673983399,0,false,255.16433333333333,false,false,10.375,false,1.665198e6,1.626000160367722e6,false,2
526.801,use_SR3_cuts,0.023482296766576982,10,false,263.3195,false,false,10.958333333333334,false,1.665198e6,1.6260953263888895e6,false,0
587.855,none,0.022719611881127033,0,false,526.539,false,false,10.958333333333334,true,1.665198e6,1.627365347734771e6,false,0
