CG_time_taken,method,CG_LP_IP_gap,implemented_SR3_cuts_count,errored,CG_sp_time_taken_mean,converged,CGIP_artificial,ngroute_neighborhood_size,time_limit_reached,CGIP_objective,CGLP_objective,CGLP_artificial,cycles_lookup_length
10.658,use_adaptive_ngroute,0.32919965913578175,0,false,0.41431250000000003,false,false,5.0,false,1.961778e6,1.3159613510999244e6,false,23
7.079,use_adaptive_ngroute,0.14610228046192653,0,false,0.38405882352941173,false,false,6.541666666666667,false,1.74833e6,1.492895e6,false,6
4.148,use_SR3_cuts,0.09741667066903603,10,false,0.4436666666666667,false,false,6.875,false,1.66568e6,1.503415e6,false,0
3.89,use_SR3_cuts,0.051120668006027103,10,false,0.9382499999999999,false,false,6.875,false,1.5928e6,1.511375e6,false,0
9.948,use_adaptive_ngroute,0.038231939561359396,0,false,2.4185,false,false,6.875,false,1.5928e6,1.5319041666666667e6,false,6
16.974,use_adaptive_ngroute,0.03782973903398634,0,false,2.770333333333333,false,false,7.416666666666667,false,1.5928e6,1.5325447916666665e6,false,1
6.279,use_SR3_cuts,0.03706680060271206,5,false,3.1140000000000003,false,false,7.458333333333333,false,1.5928e6,1.5337600000000002e6,false,0
22.74,use_SR3_cuts,0.0333284153691612,3,false,7.5103333333333335,false,false,7.458333333333333,false,1.5928e6,1.5397145e6,false,0
40.662,use_SR3_cuts,0.03311903566047214,1,false,10.08825,false,false,7.458333333333333,false,1.5928e6,1.540048e6,false,0
60.433,use_SR3_cuts,0.03284467604218988,1,false,15.05175,false,false,7.458333333333333,false,1.5928e6,1.540485e6,false,0
27.708,none,0.03241147664490207,0,false,13.8115,false,false,7.458333333333333,false,1.5928e6,1.541175e6,false,0
