CG_time_taken,method,CG_LP_IP_gap,implemented_SR3_cuts_count,errored,CG_sp_time_taken_mean,converged,CGIP_artificial,ngroute_neighborhood_size,time_limit_reached,CGIP_objective,CGLP_objective,CGLP_artificial,cycles_lookup_length
18.756,use_adaptive_ngroute,0.42469284772759996,0,false,0.8649166666666668,false,false,5.0,false,2.1495e6,1.236622723809524e6,false,24
12.052,use_adaptive_ngroute,0.026926956062626517,0,false,0.9381666666666666,false,false,8.708333333333334,false,1.47733e6,1.43755e6,false,1
4.742,use_SR3_cuts,0.013955360889993496,1,false,0.75,false,false,8.75,false,1.463022e6,1.442605e6,false,0
4.603,use_SR3_cuts,0.009802996810710951,1,false,0.8909999999999999,false,false,8.75,false,1.463022e6,1.44868e6,false,0
9.373,none,0.0,0,false,0.9059999999999999,true,false,8.75,false,1.463022e6,1.463022e6,false,0
