CG_time_taken,method,CG_LP_IP_gap,implemented_SR3_cuts_count,errored,CG_sp_time_taken_mean,converged,CGIP_artificial,ngroute_neighborhood_size,time_limit_reached,CGIP_objective,CGLP_objective,CGLP_artificial,cycles_lookup_length
6.611,use_adaptive_ngroute,0.41732681770648794,0,false,0.24550000000000002,false,false,5.0,false,2.31418e6,1.3484106249999998e6,false,20
10.408,use_adaptive_ngroute,0.13883474636326454,0,false,0.7153846153846153,false,false,7.375,false,1.74316e6,1.5011488235294118e6,false,8
7.528,use_adaptive_ngroute,0.12805418859653706,0,false,1.2143333333333335,false,false,8.041666666666666,false,1.74316e6,1.5199410606060605e6,false,3
6.695,use_SR3_cuts,0.06839437635096257,7,false,1.6255000000000002,false,false,8.375,false,1.645854e6,1.533286842105263e6,false,0
73.94,use_adaptive_ngroute,0.0037428549457872995,0,false,11.954166666666667,false,false,8.375,false,1.56052e6,1.5546792e6,false,1
21.403,use_SR3_cuts,0.003667275743250542,1,false,10.600999999999999,false,false,8.416666666666666,false,1.56052e6,1.5547971428571427e6,false,0
33.843,use_SR3_cuts,0.003199254094788939,10,false,16.878999999999998,false,false,8.416666666666666,false,1.56052e6,1.5555275e6,false,0
176.467,none,0.0,0,false,43.99300000000001,true,false,8.416666666666666,false,1.56052e6,1.56052e6,false,0
