CG_time_taken,method,CG_LP_IP_gap,implemented_SR3_cuts_count,errored,CG_sp_time_taken_mean,converged,CGIP_artificial,ngroute_neighborhood_size,time_limit_reached,CGIP_objective,CGLP_objective,CGLP_artificial,cycles_lookup_length
4.679,use_adaptive_ngroute,0.13727488299657697,0,false,0.12310526315789475,false,false,5.0,false,1.90905e6,1.6469853846153847e6,false,14
2.443,use_adaptive_ngroute,0.05273801555224622,0,false,0.22422222222222224,false,false,6.291666666666667,false,1.80673e6,1.7114466451612902e6,false,16
3.619,use_adaptive_ngroute,0.0009694981523700186,0,false,0.36133333333333334,false,false,8.0,false,1.72383e6,1.72215875e6,false,7
1.892,use_SR3_cuts,0.0005539989442114868,3,false,0.3548,false,false,8.291666666666666,false,1.72383e6,1.722875e6,false,0
1.992,none,0.0,0,false,0.6350000000000001,true,false,8.291666666666666,false,1.72383e6,1.72383e6,false,0
