CG_time_taken,method,CG_LP_IP_gap,implemented_SR3_cuts_count,errored,CG_sp_time_taken_mean,converged,CGIP_artificial,ngroute_neighborhood_size,time_limit_reached,CGIP_objective,CGLP_objective,CGLP_artificial,cycles_lookup_length
3.096,use_adaptive_ngroute,0.3196880935982702,0,false,0.0976,false,false,5.0,false,1.975704e6,1.3440949547255232e6,false,15
2.056,use_adaptive_ngroute,0.13526069171114175,0,false,0.18755555555555553,false,false,6.0,false,1.642658e6,1.4204709426751593e6,false,9
1.61,use_adaptive_ngroute,0.025549842241842535,0,false,0.24483333333333338,false,false,7.550000000000001,false,1.471028e6,1.4334434666666668e6,false,4
0.565,use_adaptive_ngroute,0.024084200527340838,0,false,0.272,false,false,7.8999999999999995,false,1.471028e6,1.4355994666666668e6,false,3
1.049,use_adaptive_ngroute,0.02324288411460107,0,false,0.25525,false,false,8.05,false,1.471028e6,1.4368370666666667e6,false,7
0.321,use_SR3_cuts,0.02315810591111933,3,false,0.312,false,false,8.5,false,1.471028e6,1.436961777777778e6,false,0
4.149,use_SR3_cuts,0.014285618937603939,10,false,0.6708333333333334,false,false,8.5,false,1.471028e6,1.4500134545454544e6,false,0
6.318,none,0.007256150120867888,0,false,2.086,false,false,8.5,false,1.471028e6,1.460354e6,false,0
