CG_time_taken,method,CG_LP_IP_gap,implemented_SR3_cuts_count,errored,CG_sp_time_taken_mean,converged,CGIP_artificial,ngroute_neighborhood_size,time_limit_reached,CGIP_objective,CGLP_objective,CGLP_artificial,cycles_lookup_length
6.554,use_adaptive_ngroute,0.3036618449704953,0,false,0.1995,false,false,5.0,false,2.11966e6,1.4760001336898399e6,false,16
5.53,use_adaptive_ngroute,0.0846011234925036,0,false,0.4400909090909091,false,false,6.041666666666667,false,1.73946e6,1.5922997297297297e6,false,10
2.232,use_adaptive_ngroute,0.07782336184792982,0,false,0.5469999999999999,false,false,7.0,false,1.73946e6,1.604089375e6,false,4
2.618,use_adaptive_ngroute,0.07723948811700165,0,false,0.8536666666666667,false,false,7.541666666666667,false,1.73946e6,1.6051050000000002e6,false,1
2.779,use_SR3_cuts,0.07649113854993439,5,false,0.907,false,false,7.625,false,1.73946e6,1.6064067241379311e6,false,0
20.77,use_adaptive_ngroute,0.01668602652695972,0,false,2.871142857142857,false,false,7.625,false,1.68734e6,1.6591849999999998e6,false,3
10.572,use_adaptive_ngroute,0.015012534521791743,0,false,3.462333333333333,false,false,7.875,false,1.68734e6,1.66200875e6,false,3
6.204,use_SR3_cuts,0.012778989415292763,3,false,3.0709999999999997,false,false,8.333333333333332,false,1.68734e6,1.6657775e6,false,0
7.466,use_SR3_cuts,0.012078182227648226,3,false,2.457333333333333,false,false,8.333333333333332,false,1.68734e6,1.66696e6,false,0
26.388,use_SR3_cuts,0.011402562613344047,1,false,8.713666666666667,false,false,8.333333333333332,false,1.68734e6,1.6681e6,false,0
21.064,use_SR3_cuts,0.011301812319982951,1,false,6.989333333333333,false,false,8.333333333333332,false,1.68734e6,1.66827e6,false,0
14.965,use_SR3_cuts,0.01130181231998284,10,false,7.435499999999999,false,false,8.333333333333332,false,1.68734e6,1.6682700000000002e6,false,0
47.608,use_SR3_cuts,0.003704103144063442,1,false,15.794666666666664,false,false,8.333333333333332,false,1.678274e6,1.6720575e6,false,0
27.97,use_SR3_cuts,0.0035786766642397216,3,false,13.9505,false,false,8.333333333333332,false,1.678274e6,1.6722679999999998e6,false,0
16.149,use_SR3_cuts,0.0031971338808004512,1,false,16.12,false,false,8.333333333333332,false,1.678274e6,1.6729083333333335e6,false,0
67.37,use_adaptive_ngroute,0.0029912599767106807,0,false,22.417,false,false,8.333333333333332,false,1.678274e6,1.6732538461538458e6,false,1
79.314,use_SR3_cuts,0.002954495585941297,1,false,38.98500000000001,false,false,8.375,false,1.678274e6,1.673315546875e6,false,0
50.838,use_SR3_cuts,0.0029177473143201516,10,false,25.352,false,false,8.375,false,1.678274e6,1.6733772205438067e6,false,0
197.2,none,0.0,0,false,65.64666666666666,true,false,8.375,false,1.678274e6,1.678274e6,false,0
