CG_time_taken,method,CG_LP_IP_gap,implemented_SR3_cuts_count,errored,CG_sp_time_taken_mean,converged,CGIP_artificial,ngroute_neighborhood_size,time_limit_reached,CGIP_objective,CGLP_objective,CGLP_artificial,cycles_lookup_length
7.287,use_adaptive_ngroute,0.32504581104152974,0,false,0.22775,false,false,5.0,false,2.10466e6,1.420549083333334e6,false,20
6.25,use_adaptive_ngroute,0.06504468665625618,0,false,0.4105384615384615,false,false,7.125,false,1.675509e6,1.5665260421052629e6,false,5
1.779,use_SR3_cuts,0.06438177891016994,4,false,0.43475,false,false,7.458333333333333,false,1.675509e6,1.56763675e6,false,0
7.795,use_adaptive_ngroute,0.055706318618549355,0,false,1.4564,false,false,7.458333333333333,false,1.675509e6,1.582172561797753e6,false,5
4.121,use_SR3_cuts,0.05505533798130258,4,false,1.3323333333333334,false,false,8.291666666666666,false,1.675509e6,1.5832632857142857e6,false,0
7.968,use_adaptive_ngroute,0.03396550652220609,0,false,2.6173333333333337,false,false,8.291666666666666,false,1.64457e6,1.5887113469387756e6,false,3
8.867,use_SR3_cuts,0.032919918952134086,1,false,2.912666666666667,false,false,8.416666666666666,false,1.64457e6,1.5904308888888888e6,false,0
8.46,use_SR3_cuts,0.03176431702946236,1,false,2.773,false,false,8.416666666666666,false,1.64457e6,1.592331357142857e6,false,0
11.502,use_SR3_cuts,0.03127145697659561,1,false,5.692,false,false,8.416666666666666,false,1.64457e6,1.5931419000000001e6,false,0
8.726,use_SR3_cuts,0.03124613397146636,1,false,4.3245000000000005,false,false,8.416666666666666,false,1.64457e6,1.5931835454545456e6,false,0
19.511,use_SR3_cuts,0.030996832934117147,10,false,6.467333333333333,false,false,8.416666666666666,false,1.64457e6,1.593593538461539e6,false,0
27.303,use_SR3_cuts,0.028500712445603815,10,false,5.4126,false,false,8.416666666666666,false,1.64457e6,1.5976985833333333e6,false,0
71.219,use_SR3_cuts,0.022008054211305028,1,false,23.645666666666664,false,false,8.416666666666666,false,1.64457e6,1.608376214285714e6,false,0
29.72,use_adaptive_ngroute,0.021658606272549674,0,false,14.836,false,false,8.416666666666666,false,1.64457e6,1.608950905882353e6,false,2
38.041,use_SR3_cuts,0.02154987625944782,10,false,18.955000000000002,false,false,8.541666666666666,false,1.64457e6,1.60912972e6,false,0
52.738,use_SR3_cuts,0.019711266344191736,10,false,26.311,false,false,8.541666666666666,false,1.64457e6,1.6121534427083326e6,false,0
45.369,use_adaptive_ngroute,0.01698454921432002,0,false,15.074,false,false,8.541666666666666,false,1.64457e6,1.6166377198986057e6,false,1
34.363,use_SR3_cuts,0.01693695345297941,1,false,17.132499999999997,false,false,8.708333333333334,false,1.64457e6,1.6167159944598337e6,false,0
32.248,use_SR3_cuts,0.0167358843547758,10,false,16.0575,false,false,8.708333333333334,false,1.64457e6,1.6170466666666663e6,false,0
107.177,use_SR3_cuts,0.015277359426396742,10,false,26.7,false,false,8.708333333333334,false,1.64457e6,1.6194453130081308e6,false,0
83.879,use_SR3_cuts,0.014421304186263972,1,false,41.667,false,false,8.708333333333334,false,1.64457e6,1.620853155774396e6,false,0
89.049,use_SR3_cuts,0.014360741519577669,2,false,44.471000000000004,false,false,8.708333333333334,false,1.64457e6,1.620952755319148e6,false,0
206.186,use_adaptive_ngroute,0.014175736391608185,0,false,68.614,false,false,8.708333333333334,false,1.64457e6,1.6212570092024528e6,false,1
63.365,use_SR3_cuts,0.01409597700038745,1,false,63.300000000000004,false,false,8.75,false,1.64457e6,1.6213881791044727e6,false,0
59.339,use_adaptive_ngroute,0.014091646171069505,0,false,59.242,false,false,8.75,false,1.64457e6,1.6213953014564442e6,false,1
133.685,use_SR3_cuts,0.01407945642202002,1,false,66.775,false,false,8.791666666666666,false,1.64457e6,1.6214153483520385e6,false,0
69.619,use_SR3_cuts,0.014069572445276846,1,false,69.5,false,false,8.791666666666666,false,1.64457e6,1.6214316032436711e6,false,0
175.72,use_SR3_cuts,0.014063537306444718,10,false,87.81099999999999,false,false,8.791666666666666,false,1.64457e6,1.6214415284519403e6,false,0
220.122,use_SR3_cuts,0.013592644615648686,1,false,109.8965,false,false,8.791666666666666,false,1.64457e6,1.6222159444444426e6,false,0
104.427,use_SR3_cuts,0.013591937321678627,10,false,104.312,false,false,8.791666666666666,false,1.64457e6,1.622217107638887e6,false,0
166.05,use_SR3_cuts,0.013460030442092763,1,false,82.9085,false,false,8.791666666666666,false,1.64457e6,1.6224340377358475e6,false,0
176.624,use_SR3_cuts,0.013460030442091653,10,false,88.205,false,false,8.791666666666666,false,1.64457e6,1.6224340377358494e6,false,0
356.531,use_SR3_cuts,0.013281641788697618,10,false,118.71,false,false,8.791666666666666,false,1.64457e6,1.6227274103635615e6,false,0
303.646,use_SR3_cuts,0.013191320295469655,10,false,151.698,false,false,8.791666666666666,false,1.64457e6,1.6228759503816795e6,false,0
280.492,use_SR3_cuts,0.013121273015892498,1,false,140.075,false,false,8.791666666666666,false,1.64457e6,1.6229911480362536e6,false,0
273.692,use_SR3_cuts,0.013114115741683419,10,false,136.7085,false,false,8.791666666666666,false,1.64457e6,1.6230029186746997e6,false,0
275.599,none,0.012956173485916822,0,false,203.306,false,false,8.791666666666666,true,1.64457e6,1.6232626657702657e6,false,0
