CG_time_taken,method,CG_LP_IP_gap,implemented_SR3_cuts_count,errored,CG_sp_time_taken_mean,converged,CGIP_artificial,ngroute_neighborhood_size,time_limit_reached,CGIP_objective,CGLP_objective,CGLP_artificial,cycles_lookup_length
3.857,use_adaptive_ngroute,0.3655897970235912,0,false,0.1500625,false,false,5.0,false,2.47806e6,1.5721065475877195e6,false,21
6.012,use_adaptive_ngroute,0.16163184309936462,0,false,0.42153846153846153,false,false,7.75,false,1.98716e6,1.6659716666666665e6,false,9
2.768,use_adaptive_ngroute,0.03272420250967867,0,false,0.44316666666666665,false,false,8.375,false,1.74666e6,1.6895019444444447e6,false,9
1.485,use_adaptive_ngroute,0.0294844636811592,0,false,0.4806666666666667,false,false,9.5,false,1.74666e6,1.6951606666666665e6,false,2
1.162,use_SR3_cuts,0.029353466797081063,6,false,0.5729999999999998,false,false,9.666666666666668,false,1.74666e6,1.6953894736842103e6,false,0
17.214,use_SR3_cuts,0.020343111996610652,1,false,3.2769999999999997,false,false,9.666666666666668,false,1.74666e6,1.7111275e6,false,0
7.021,use_SR3_cuts,0.018226214603872415,2,false,3.4699999999999998,false,false,9.666666666666668,false,1.74666e6,1.7148250000000002e6,false,0
5.312,use_SR3_cuts,0.018226214603872304,10,false,2.614,false,false,9.666666666666668,false,1.74666e6,1.7148250000000005e6,false,0
12.167,use_adaptive_ngroute,0.013939235605760603,0,false,6.0569999999999995,false,false,9.666666666666668,false,1.74666e6,1.7223128947368423e6,false,1
10.508,use_SR3_cuts,0.013886503383600646,1,false,5.2105,false,false,9.708333333333334,false,1.74666e6,1.722405e6,false,0
9.867,use_SR3_cuts,0.013886503383600424,10,false,4.9159999999999995,false,false,9.708333333333334,false,1.74666e6,1.7224050000000005e6,false,0
29.311,use_SR3_cuts,0.012943751693708871,10,false,9.700333333333333,false,false,9.708333333333334,false,1.74666e6,1.7240516666666665e6,false,0
51.584,use_SR3_cuts,0.011912531836272167,2,false,17.149333333333335,false,false,9.708333333333334,false,1.74666e6,1.7258528571428568e6,false,0
78.485,use_adaptive_ngroute,0.007963562664534907,0,false,26.00966666666667,false,false,9.708333333333334,false,1.74666e6,1.7327503636363635e6,false,3
50.349,use_SR3_cuts,0.00791672001524002,1,false,25.137000000000004,false,false,9.833333333333334,false,1.74666e6,1.732832181818181e6,false,0
49.243,use_SR3_cuts,0.007916720015239354,10,false,24.563,false,false,9.833333333333334,false,1.74666e6,1.732832181818182e6,false,0
61.068,use_SR3_cuts,0.006316575115307921,1,false,30.450499999999998,false,false,9.833333333333334,false,1.74666e6,1.7356270909090962e6,false,0
195.5,none,0.005948495986631275,0,false,65.099,false,false,9.833333333333334,false,1.74666e6,1.7362699999999907e6,false,0
