CG_time_taken,method,CG_LP_IP_gap,implemented_SR3_cuts_count,errored,CG_sp_time_taken_mean,converged,CGIP_artificial,ngroute_neighborhood_size,time_limit_reached,CGIP_objective,CGLP_objective,CGLP_artificial,cycles_lookup_length
7.459,use_adaptive_ngroute,0.35822665588591096,0,false,0.34692307692307695,false,false,5.0,false,2.09425e6,1.344033825910931e6,false,24
5.329,use_adaptive_ngroute,0.07099725468466656,0,false,0.32928571428571424,false,false,8.458333333333334,false,1.58816e6,1.475405e6,false,4
2.709,use_SR3_cuts,0.070735946000403,1,false,0.35614285714285715,false,false,8.958333333333332,false,1.58816e6,1.47582e6,false,0
6.689,use_adaptive_ngroute,0.0639985895627645,0,false,0.8003750000000001,false,false,8.958333333333332,false,1.58816e6,1.48652e6,false,4
3.445,use_adaptive_ngroute,0.06352162250654847,0,false,0.84925,false,false,9.541666666666666,false,1.58816e6,1.4872775e6,false,4
7.459,use_adaptive_ngroute,0.06352162250654847,0,false,0.7254,false,false,9.791666666666666,false,1.58816e6,1.4872775e6,false,1
0.81,use_SR3_cuts,0.061686479951642115,5,false,0.791,false,false,9.833333333333334,false,1.58816e6,1.490192e6,false,0
7.497,use_SR3_cuts,0.040336780100521774,1,false,1.77725,false,false,9.833333333333334,false,1.56185e6,1.49885e6,false,0
14.253,use_adaptive_ngroute,0.03483369081537924,0,false,3.5214999999999996,false,false,9.833333333333334,false,1.56185e6,1.507445e6,false,1
8.029,use_SR3_cuts,0.032150974805519095,1,false,2.6193333333333335,false,false,9.875,false,1.56185e6,1.511635e6,false,0
22.272,use_SR3_cuts,0.031369849857540766,10,false,4.276199999999999,false,false,9.875,false,1.56185e6,1.512855e6,false,0
9.693,use_adaptive_ngroute,0.029163034679569932,0,false,4.8155,false,false,9.875,false,1.56185e6,1.5163017142857136e6,false,4
5.792,use_SR3_cuts,0.02900534622402917,10,false,2.853,false,false,10.333333333333334,false,1.56185e6,1.516548e6,false,0
57.563,none,0.02743221180010902,0,false,11.437000000000001,false,false,10.333333333333334,false,1.56185e6,1.5190049999999998e6,false,0
