CG_time_taken,method,CG_LP_IP_gap,implemented_SR3_cuts_count,errored,CG_sp_time_taken_mean,converged,CGIP_artificial,ngroute_neighborhood_size,time_limit_reached,CGIP_objective,CGLP_objective,CGLP_artificial,cycles_lookup_length
4.592,use_adaptive_ngroute,0.2353477037735786,0,false,0.158,false,false,5.0,false,1.99298e6,1.5239367333333334e6,false,11
3.729,use_adaptive_ngroute,0.052166796836404905,0,false,0.24416666666666664,false,false,5.874999999999999,false,1.700344e6,1.6116425e6,false,24
6.493,use_SR3_cuts,0.0009556119278300024,10,false,0.3327222222222222,false,false,7.791666666666666,false,1.63595e6,1.6343866666666665e6,false,0
3.465,none,0.0,0,false,0.6477999999999999,true,false,7.791666666666666,false,1.63595e6,1.63595e6,false,0
