CG_time_taken,method,CG_LP_IP_gap,implemented_SR3_cuts_count,errored,CG_sp_time_taken_mean,converged,CGIP_artificial,ngroute_neighborhood_size,time_limit_reached,CGIP_objective,CGLP_objective,CGLP_artificial,cycles_lookup_length
5.689,use_adaptive_ngroute,0.3906900866788291,0,false,0.1816875,false,false,5.0,false,2.47611e6,1.5087183694736846e6,false,21
6.02,use_adaptive_ngroute,0.0697801335556184,0,false,0.3689285714285714,false,false,7.041666666666667,false,1.80549e6,1.6795026666666665e6,false,8
1.844,use_adaptive_ngroute,0.06016787686445235,0,false,0.441,false,false,7.708333333333333,false,1.80549e6,1.6968575e6,false,4
1.928,use_adaptive_ngroute,0.05838418572911708,0,false,0.6230000000000001,false,false,7.916666666666667,false,1.80549e6,1.7000779365079363e6,false,7
1.174,use_SR3_cuts,0.05713645731938788,9,false,0.57,false,false,9.125,false,1.80549e6,1.7023306976744183e6,false,0
13.439,use_SR3_cuts,0.017158046170534846,2,false,4.350666666666666,false,false,9.125,false,1.752142e6,1.7220786666666667e6,false,0
14.977,use_SR3_cuts,0.014401260075712297,4,false,4.94,false,false,9.125,false,1.752142e6,1.7269089473684214e6,false,0
90.019,use_adaptive_ngroute,0.012960517279231087,0,false,14.358499999999998,false,false,9.125,false,1.752142e6,1.7294333333333335e6,false,2
42.585,use_SR3_cuts,0.012900454741355705,1,false,21.237000000000002,false,false,9.208333333333334,false,1.752142e6,1.7295385714285716e6,false,0
40.707,use_adaptive_ngroute,0.011671368380440583,0,false,13.514,false,false,9.208333333333334,false,1.752142e6,1.731692105263158e6,false,1
30.522,use_SR3_cuts,0.011532290491475972,10,false,15.189000000000002,false,false,9.333333333333334,false,1.752142e6,1.7319357894736843e6,false,0
98.69,use_SR3_cuts,0.009136514385383876,10,false,32.75366666666667,false,false,9.333333333333334,false,1.752142e6,1.7361335294117648e6,false,0
105.128,use_adaptive_ngroute,0.007222438680548282,0,false,52.480000000000004,false,false,9.333333333333334,false,1.752142e6,1.7394872618453868e6,false,1
78.362,use_SR3_cuts,0.007060451736873641,1,false,39.107,false,false,9.375,false,1.752142e6,1.7397710859728507e6,false,0
81.962,use_SR3_cuts,0.00705661270604796,10,false,40.906499999999994,false,false,9.375,false,1.752142e6,1.7397778124999998e6,false,0
392.962,use_adaptive_ngroute,0.005752687080252783,0,false,98.07600000000001,false,false,9.375,false,1.752142e6,1.7420624753538317e6,false,3
91.866,use_SR3_cuts,0.0057264613994820746,10,false,91.766,false,false,9.5,false,1.752142e6,1.7421084264705887e6,false,0
281.753,use_SR3_cuts,0.005194376461904682,1,false,93.81533333333333,false,false,9.5,false,1.752142e6,1.7430407148372855e6,false,0
312.689,use_adaptive_ngroute,0.005040071023832082,0,false,156.011,false,false,9.5,false,1.752142e6,1.7433110798761607e6,false,2
342.442,use_SR3_cuts,0.005027149212144977,10,false,171.119,false,false,9.583333333333334,false,1.752142e6,1.7433337207251338e6,false,0
269.168,use_SR3_cuts,0.004339450417451429,10,false,134.39249999999998,false,false,9.583333333333334,false,1.752142e6,1.7445386666666658e6,false,0
375.211,use_SR3_cuts,0.00347117085942128,10,false,124.87800000000001,false,false,9.583333333333334,false,1.752142e6,1.746060015748032e6,false,0
459.813,use_SR3_cuts,0.002956264316359647,10,false,229.7405,false,false,9.583333333333334,false,1.752142e6,1.746962205128205e6,false,0
441.605,none,0.0027874875095857954,0,false,238.045,false,false,9.583333333333334,true,1.752142e6,1.7472579260599792e6,false,0
