CG_time_taken,method,CG_LP_IP_gap,implemented_SR3_cuts_count,errored,CG_sp_time_taken_mean,converged,CGIP_artificial,ngroute_neighborhood_size,time_limit_reached,CGIP_objective,CGLP_objective,CGLP_artificial,cycles_lookup_length
9.705,use_adaptive_ngroute,0.4048197753572992,0,false,0.3061666666666667,false,false,5.0,false,2.3637e6,1.406827496987952e6,false,23
5.455,use_adaptive_ngroute,0.04295356695058883,0,false,0.49319999999999997,false,false,8.458333333333334,false,1.666792e6,1.5951973382352942e6,false,4
2.352,use_adaptive_ngroute,0.04247296603295436,0,false,0.4581999999999999,false,false,8.625,false,1.666792e6,1.5959984e6,false,1
0.715,use_SR3_cuts,0.042298619143840366,3,false,0.34600000000000003,false,false,8.708333333333334,false,1.666792e6,1.596289e6,false,0
2.289,use_SR3_cuts,0.03454060254668834,1,false,0.7389999999999999,false,false,8.708333333333334,false,1.666792e6,1.6092200000000002e6,false,0
1.554,use_adaptive_ngroute,0.033930048460355744,0,false,0.5086666666666667,false,false,8.708333333333334,false,1.666792e6,1.6102376666666667e6,false,3
1.986,use_adaptive_ngroute,0.033064713533542234,0,false,0.978,false,false,8.833333333333332,false,1.666792e6,1.61168e6,false,1
2.098,use_SR3_cuts,0.033064713533542456,2,false,1.0325,false,false,8.875,false,1.666792e6,1.6116799999999998e6,false,0
4.545,use_SR3_cuts,0.03217763738452584,2,false,1.492333333333333,false,false,8.875,false,1.666792e6,1.6131585714285714e6,false,0
6.735,use_SR3_cuts,0.029702394951328204,2,false,2.179666666666667,false,false,8.875,false,1.666792e6,1.6172842857142857e6,false,0
3.169,use_SR3_cuts,0.02761432340288017,10,false,3.151,false,false,8.875,false,1.666792e6,1.6207646666666665e6,false,0
17.306,use_adaptive_ngroute,0.025719265911203437,0,false,8.633,false,false,8.875,false,1.666792e6,1.6239233333333335e6,false,2
19.592,use_SR3_cuts,0.025180792118718265,2,false,6.427666666666667,false,false,8.958333333333332,false,1.666792e6,1.6248208571428573e6,false,0
49.053,use_SR3_cuts,0.025099641918692628,1,false,12.062000000000001,false,false,8.958333333333332,false,1.666792e6,1.6249561176470586e6,false,0
19.914,use_SR3_cuts,0.02505729216221786,10,false,9.844499999999998,false,false,8.958333333333332,false,1.666792e6,1.6250267058823525e6,false,0
64.491,use_SR3_cuts,0.011404547233519247,10,false,15.886000000000001,false,false,8.958333333333332,false,1.645484e6,1.6267179999999998e6,false,0
41.34,use_SR3_cuts,0.011150421395770493,10,false,20.519499999999997,false,false,8.958333333333332,false,1.645484e6,1.627136160000002e6,false,0
12.526,none,0.011000289276589914,0,false,12.474,false,false,8.958333333333332,false,1.645484e6,1.6273831999999997e6,false,0
