CG_time_taken,method,CG_LP_IP_gap,implemented_SR3_cuts_count,errored,CG_sp_time_taken_mean,converged,CGIP_artificial,ngroute_neighborhood_size,time_limit_reached,CGIP_objective,CGLP_objective,CGLP_artificial,cycles_lookup_length
7.525,use_adaptive_ngroute,0.34901189643733355,0,false,0.32186666666666663,false,false,5.0,false,2.06748e6,1.3459048843537415e6,false,23
6.248,use_adaptive_ngroute,0.006176017712525517,0,false,0.39692857142857146,false,false,8.458333333333334,false,1.547424e6,1.537867081967213e6,false,1
1.526,use_adaptive_ngroute,0.004668532994189012,0,false,0.29340000000000005,false,false,8.5,false,1.547424e6,1.5401998e6,false,2
0.907,use_SR3_cuts,0.004284632303197089,4,false,0.4365,false,false,8.583333333333332,false,1.547424e6,1.5407938571428575e6,false,0
1.898,none,0.0,0,false,0.6166666666666666,true,false,8.583333333333332,false,1.547424e6,1.547424e6,false,0
