CG_time_taken,method,CG_LP_IP_gap,implemented_SR3_cuts_count,errored,CG_sp_time_taken_mean,converged,CGIP_artificial,ngroute_neighborhood_size,time_limit_reached,CGIP_objective,CGLP_objective,CGLP_artificial,cycles_lookup_length
3.309,use_adaptive_ngroute,0.2859685294347615,0,false,0.12318750000000003,false,false,5.0,false,1.79052e6,1.2784876286764708e6,false,19
4.274,use_adaptive_ngroute,0.0423954469036385,0,false,0.24246666666666666,false,false,7.0,false,1.47462e6,1.4121028260869565e6,false,12
2.687,use_adaptive_ngroute,0.03540601420478939,0,false,0.43783333333333335,false,false,8.65,false,1.47462e6,1.4224095833333335e6,false,5
1.33,use_SR3_cuts,0.035042172823431916,5,false,0.434,false,false,9.299999999999999,false,1.47462e6,1.4229461111111108e6,false,0
9.087,use_adaptive_ngroute,0.02209247128073677,0,false,0.8807,false,false,9.299999999999999,false,1.47462e6,1.442042e6,false,5
4.106,use_SR3_cuts,0.02180697400008136,1,false,1.3573333333333335,false,false,9.549999999999999,false,1.47462e6,1.442463e6,false,0
3.468,none,0.02091047185037498,0,false,1.1296666666666666,false,false,9.549999999999999,false,1.47462e6,1.443785e6,false,0
