CG_time_taken,method,CG_LP_IP_gap,implemented_SR3_cuts_count,errored,CG_sp_time_taken_mean,converged,CGIP_artificial,ngroute_neighborhood_size,time_limit_reached,CGIP_objective,CGLP_objective,CGLP_artificial,cycles_lookup_length
115.951,use_adaptive_ngroute,0.409818881119169,0,false,4.95378947368421,false,false,5.0,false,2.23062e6,1.3164698073979593e6,false,23
10.511,use_adaptive_ngroute,0.0706615396512299,0,false,0.4947368421052632,false,false,6.5,false,1.663866e6,1.5462946666666667e6,false,1
1.356,use_SR3_cuts,0.00961586908754275,2,false,0.4326666666666667,false,false,6.541666666666667,false,1.561308e6,1.5462946666666667e6,false,0
4.778,use_SR3_cuts,0.0002593978894619431,10,false,0.919,false,false,6.541666666666667,false,1.561308e6,1.560903e6,false,0
13.181,none,0.0,0,false,1.4199999999999997,true,false,6.541666666666667,false,1.561308e6,1.561308e6,false,0
