CG_time_taken,method,CG_LP_IP_gap,implemented_SR3_cuts_count,errored,CG_sp_time_taken_mean,converged,CGIP_artificial,ngroute_neighborhood_size,time_limit_reached,CGIP_objective,CGLP_objective,CGLP_artificial,cycles_lookup_length
15.057,use_adaptive_ngroute,0.16928932862008128,0,false,0.41410526315789475,false,false,5.0,false,1.54741e6,1.28545e6,false,10
9.766,use_adaptive_ngroute,0.05298656920631195,0,false,0.5079999999999999,false,false,6.75,false,1.44469e6,1.3681408333333333e6,false,24
10.427,use_adaptive_ngroute,0.03190303802199779,0,false,0.6015,false,false,8.833333333333332,false,1.44469e6,1.3986e6,false,5
4.068,use_SR3_cuts,0.03190303802199779,1,false,0.3951111111111111,false,false,9.25,false,1.44469e6,1.3986e6,false,0
7.601,use_SR3_cuts,0.028954308536779494,1,false,0.8957499999999999,false,false,9.25,false,1.44469e6,1.40286e6,false,0
7.792,use_SR3_cuts,0.028954308536779494,1,false,1.0505714285714285,false,false,9.25,false,1.44469e6,1.40286e6,false,0
32.087,use_adaptive_ngroute,0.009188822515556971,0,false,3.929875,false,false,9.25,false,1.44469e6,1.431415e6,false,2
14.52,use_SR3_cuts,0.008772354853521014,2,false,3.5982500000000006,false,false,9.416666666666666,false,1.44469e6,1.4320166666666667e6,false,0
25.859,use_SR3_cuts,0.007408740514112333,2,false,5.0604000000000005,false,false,9.416666666666666,false,1.44469e6,1.433986666666667e6,false,0
24.737,use_adaptive_ngroute,0.004968539963590812,0,false,8.204333333333334,false,false,9.416666666666666,false,1.44469e6,1.437512e6,false,7
34.714,use_SR3_cuts,0.004968539963590812,2,false,6.9144,false,false,10.333333333333334,false,1.44469e6,1.437512e6,false,0
23.811,use_SR3_cuts,0.0024849621718153747,1,false,11.738000000000001,false,false,10.333333333333334,false,1.44469e6,1.4411e6,false,0
55.47,use_SR3_cuts,0.0024849621718153747,1,false,13.75225,false,false,10.333333333333334,false,1.44469e6,1.4411e6,false,0
69.585,use_SR3_cuts,0.0016674088481881677,10,false,17.20225,false,false,10.333333333333334,false,1.44469e6,1.442281111111111e6,false,0
37.102,none,0.0,0,false,5.218857142857144,true,false,10.333333333333334,false,1.44469e6,1.44469e6,false,0
