CG_time_taken,method,CG_LP_IP_gap,implemented_SR3_cuts_count,errored,CG_sp_time_taken_mean,converged,CGIP_artificial,ngroute_neighborhood_size,time_limit_reached,CGIP_objective,CGLP_objective,CGLP_artificial,cycles_lookup_length
6.151,use_adaptive_ngroute,0.3114193791590447,0,false,0.2151875,false,false,5.0,false,2.14691e6,1.4783206206896552e6,false,20
6.702,use_adaptive_ngroute,0.1320007913927087,0,false,0.48341666666666666,false,false,6.666666666666666,false,1.85761e6,1.6124040099009904e6,false,5
2.859,use_adaptive_ngroute,0.031162071958812265,0,false,0.5418000000000001,false,false,7.458333333333333,false,1.6704e6,1.618346875e6,false,3
3.342,use_SR3_cuts,0.0311255911757663,4,false,0.6194,false,false,7.583333333333334,false,1.6704e6,1.6184078125e6,false,0
11.964,use_adaptive_ngroute,0.007832455300127994,0,false,1.6362857142857146,false,false,7.583333333333334,false,1.6704e6,1.6573166666666663e6,false,3
6.72,use_adaptive_ngroute,0.007710267462422649,0,false,1.6372499999999999,false,false,8.166666666666666,false,1.6704e6,1.6575207692307692e6,false,1
5.186,use_SR3_cuts,0.0073054818744474614,2,false,1.27475,false,false,8.208333333333334,false,1.6704e6,1.658196923076923e6,false,0
5.276,use_adaptive_ngroute,0.0065852490421454135,0,false,1.7286666666666666,false,false,8.208333333333334,false,1.6704e6,1.6594000000000002e6,false,1
9.0,use_SR3_cuts,0.006196120689655138,1,false,2.9863333333333335,false,false,8.25,false,1.6704e6,1.66005e6,false,0
7.691,use_SR3_cuts,0.0061377514367816355,10,false,3.8040000000000003,false,false,8.25,false,1.6704e6,1.6601475e6,false,0
11.236,use_SR3_cuts,0.00384538633461029,10,false,5.551500000000001,false,false,8.25,false,1.6704e6,1.663976666666667e6,false,0
59.296,use_SR3_cuts,0.0015840517241378915,10,false,19.684666666666665,false,false,8.25,false,1.6704e6,1.667754e6,false,0
70.514,none,0.0015840517241378915,0,false,23.482000000000003,false,false,8.25,false,1.6704e6,1.667754e6,false,0
