CG_time_taken,method,CG_LP_IP_gap,implemented_SR3_cuts_count,errored,CG_sp_time_taken_mean,converged,CGIP_artificial,ngroute_neighborhood_size,time_limit_reached,CGIP_objective,CGLP_objective,CGLP_artificial,cycles_lookup_length
10.812,use_adaptive_ngroute,0.3678772608736287,0,false,0.3798749999999999,false,false,5.0,false,2.17961e6,1.37778104342723e6,false,23
5.311,use_adaptive_ngroute,0.08356309810388696,0,false,0.32293333333333335,false,false,7.083333333333333,false,1.68354e6,1.542858181818182e6,false,6
2.218,use_SR3_cuts,0.0789161438685656,6,false,0.4158,false,false,7.708333333333333,false,1.68354e6,1.5506815151515151e6,false,0
6.717,use_SR3_cuts,0.042901854077567414,1,false,1.0366666666666666,false,false,7.708333333333333,false,1.63909e6,1.56877e6,false,0
2.269,use_SR3_cuts,0.042901854077567414,10,false,0.7423333333333334,false,false,7.708333333333333,false,1.63909e6,1.56877e6,false,0
34.565,use_adaptive_ngroute,0.0007229818140442879,0,false,5.647,false,false,7.708333333333333,false,1.58199e6,1.58084625e6,false,1
8.084,none,0.0,0,false,4.0065,true,false,7.916666666666667,false,1.58199e6,1.58199e6,false,0
