CG_time_taken,method,CG_LP_IP_gap,implemented_SR3_cuts_count,errored,CG_sp_time_taken_mean,converged,CGIP_artificial,ngroute_neighborhood_size,time_limit_reached,CGIP_objective,CGLP_objective,CGLP_artificial,cycles_lookup_length
5.063,use_adaptive_ngroute,0.12720900295365978,0,false,0.1560588235294118,false,false,5.0,false,1.697426e6,1.481498130952381e6,false,18
2.309,use_adaptive_ngroute,0.046918487750127746,0,false,0.274,false,false,6.75,false,1.612044e6,1.536409333333333e6,false,4
1.367,use_adaptive_ngroute,0.024403570707794753,0,false,0.2556,false,false,6.916666666666666,false,1.5902e6,1.5513934418604649e6,false,12
2.032,use_adaptive_ngroute,0.021110300591120623,0,false,0.3231666666666667,false,false,8.0,false,1.5902e6,1.5566304e6,false,3
0.431,use_adaptive_ngroute,0.02085555276065909,0,false,0.421,false,false,8.416666666666666,false,1.5902e6,1.5570355e6,false,7
3.18,use_SR3_cuts,0.02085555276065909,5,false,0.43185714285714283,false,false,9.166666666666668,false,1.5902e6,1.5570355e6,false,0
12.626,use_SR3_cuts,0.008590114451012543,4,false,2.4719999999999995,false,false,9.166666666666668,false,1.5902e6,1.5765399999999998e6,false,0
4.936,use_SR3_cuts,0.007868192680166142,1,false,1.606,false,false,9.166666666666668,false,1.5902e6,1.5776879999999998e6,false,0
3.525,use_SR3_cuts,0.005486102377059376,10,false,1.7265000000000001,false,false,9.166666666666668,false,1.5902e6,1.5814760000000002e6,false,0
11.963,use_SR3_cuts,0.00405232046283488,10,false,3.9443333333333332,false,false,9.166666666666668,false,1.5902e6,1.583756e6,false,0
25.801,use_SR3_cuts,0.0007001215779983694,10,false,8.488,false,false,9.166666666666668,false,1.5902e6,1.589086666666667e6,false,0
77.135,none,0.0,0,false,12.771666666666665,true,false,9.166666666666668,false,1.5902e6,1.5902e6,false,0
