CG_time_taken,method,CG_LP_IP_gap,implemented_SR3_cuts_count,errored,CG_sp_time_taken_mean,converged,CGIP_artificial,ngroute_neighborhood_size,time_limit_reached,CGIP_objective,CGLP_objective,CGLP_artificial,cycles_lookup_length
17.382,use_adaptive_ngroute,0.3520085261116359,0,false,0.5747222222222222,false,false,5.0,false,1.93851e6,1.2561379520473327e6,false,21
11.017,use_adaptive_ngroute,0.03149590301555416,0,false,0.8046923076923076,false,false,6.916666666666666,false,1.61083e6,1.5600954545454548e6,false,4
2.591,use_SR3_cuts,0.030431516671529435,5,false,0.85,false,false,8.166666666666666,false,1.61083e6,1.5618100000000002e6,false,0
15.112,use_adaptive_ngroute,0.02433917466602431,0,false,2.099142857142857,false,false,8.166666666666666,false,1.61083e6,1.571623727272728e6,false,4
11.53,use_SR3_cuts,0.02424751525611024,1,false,2.81725,false,false,8.708333333333334,false,1.61083e6,1.571771375e6,false,0
9.557,use_SR3_cuts,0.024079123805739844,10,false,3.1396666666666664,false,false,8.708333333333334,false,1.61083e6,1.572042625e6,false,0
28.744,use_adaptive_ngroute,0.013990539630116983,0,false,9.408666666666667,false,false,8.708333333333334,false,1.61083e6,1.5882936190476187e6,false,6
15.643,use_adaptive_ngroute,0.013721320242182089,0,false,5.178666666666667,false,false,9.333333333333334,false,1.61083e6,1.588727285714286e6,false,3
26.008,use_adaptive_ngroute,0.013689757665567015,0,false,6.4582500000000005,false,false,9.541666666666666,false,1.61083e6,1.5887781276595746e6,false,6
31.8,use_SR3_cuts,0.01353872738606432,1,false,7.907,false,false,9.916666666666666,false,1.61083e6,1.589021411764706e6,false,0
27.756,use_SR3_cuts,0.013427611852274923,10,false,6.884250000000001,false,false,9.916666666666666,false,1.61083e6,1.5892004e6,false,0
77.173,use_SR3_cuts,0.009387163760297468,10,false,25.675333333333334,false,false,9.916666666666666,false,1.61083e6,1.595708875e6,false,0
59.714,none,0.008154802182725684,0,false,19.798666666666666,false,false,9.916666666666666,false,1.61083e6,1.597694e6,false,0
