CG_time_taken,method,CG_LP_IP_gap,implemented_SR3_cuts_count,errored,CG_sp_time_taken_mean,converged,CGIP_artificial,ngroute_neighborhood_size,time_limit_reached,CGIP_objective,CGLP_objective,CGLP_artificial,cycles_lookup_length
135.982,use_adaptive_ngroute,0.5086422012599647,0,false,5.956294117647058,false,false,5.0,false,2.45874e6,1.2081210740740742e6,false,24
13.685,use_adaptive_ngroute,0.04105716395439152,0,false,0.7458125000000001,false,false,8.291666666666666,false,1.4897e6,1.428537142857143e6,false,10
4.329,use_adaptive_ngroute,0.036378129824796934,0,false,1.018,false,false,9.875,false,1.4897e6,1.4355075e6,false,4
5.828,use_SR3_cuts,0.031677518963549756,10,false,0.9475,false,false,10.041666666666666,false,1.4897e6,1.44251e6,false,0
15.023,use_SR3_cuts,0.026678525877693482,3,false,2.4551666666666665,false,false,10.041666666666666,false,1.4897e6,1.449957e6,false,0
21.381,none,0.02370151626856387,0,false,5.2669999999999995,false,false,10.041666666666666,false,1.489314e6,1.454015e6,false,0
