CG_time_taken,method,CG_LP_IP_gap,implemented_SR3_cuts_count,errored,CG_sp_time_taken_mean,converged,CGIP_artificial,ngroute_neighborhood_size,time_limit_reached,CGIP_objective,CGLP_objective,CGLP_artificial,cycles_lookup_length
5.478,use_adaptive_ngroute,0.35278236530535956,0,false,0.2057857142857143,false,false,5.0,false,2.06003e6,1.3332877440000002e6,false,23
9.839,use_adaptive_ngroute,0.10246462983414417,0,false,0.6459999999999999,false,false,8.833333333333332,false,1.667768e6,1.496880769230769e6,false,7
4.647,use_adaptive_ngroute,0.10160465964090915,0,false,1.1287500000000001,false,false,9.875,false,1.667768e6,1.4983150000000002e6,false,2
4.713,use_adaptive_ngroute,0.10094338232724398,0,false,1.14825,false,false,9.958333333333332,false,1.667768e6,1.499417857142857e6,false,3
4.623,use_adaptive_ngroute,0.1006088890746707,0,false,1.124,false,false,10.333333333333334,false,1.667768e6,1.4999757142857146e6,false,4
3.269,use_SR3_cuts,0.10028082014833162,5,false,1.0763333333333334,false,false,10.666666666666668,false,1.667768e6,1.5005228571428573e6,false,0
67.91,use_adaptive_ngroute,0.039155131562539025,0,false,9.215857142857143,false,false,10.666666666666668,false,1.6038e6,1.541003e6,false,4
43.942,use_SR3_cuts,0.03347596333707448,3,false,10.833499999999999,false,false,10.875,false,1.6038e6,1.55011125e6,false,0
38.511,use_SR3_cuts,0.02710035595121152,10,false,12.728666666666665,false,false,10.875,false,1.5951e6,1.5518722222222225e6,false,0
106.484,use_SR3_cuts,0.020903078176916834,1,false,26.491000000000003,false,false,10.875,false,1.5951e6,1.5617575e6,false,0
52.053,use_adaptive_ngroute,0.020169581844398432,0,false,25.9675,false,false,10.875,false,1.5951e6,1.5629275e6,false,1
192.244,use_SR3_cuts,0.020169581844398432,2,false,31.972999999999995,false,false,10.958333333333334,false,1.5951e6,1.5629275e6,false,0
99.171,use_SR3_cuts,0.019118080371136603,10,false,49.520999999999994,false,false,10.958333333333334,false,1.5951e6,1.56460475e6,false,0
399.893,use_SR3_cuts,0.018043382860008617,2,false,99.6725,false,false,10.958333333333334,false,1.5951e6,1.5663190000000002e6,false,0
337.796,use_SR3_cuts,0.01731051344743273,10,false,168.684,false,false,10.958333333333334,false,1.5951e6,1.567488e6,false,0
296.137,use_SR3_cuts,0.015698075355777052,10,false,147.8865,false,false,10.958333333333334,false,1.5951e6,1.57006e6,false,0
369.144,use_adaptive_ngroute,0.015364077487305616,0,false,184.39649999999997,false,false,10.958333333333334,false,1.5951e6,1.5705927599999988e6,false,1
314.615,use_SR3_cuts,0.015364077487315386,2,false,157.1815,false,false,11.0,false,1.5951e6,1.5705927599999832e6,false,0
543.701,use_SR3_cuts,0.014903767788852162,1,false,181.10600000000002,false,false,11.0,false,1.5951e6,1.5713270000000019e6,false,0
255.993,use_SR3_cuts,0.014754142895950118,1,false,255.803,false,false,11.0,false,1.5951e6,1.57156566666667e6,false,0
431.74,use_SR3_cuts,0.01465153699872812,2,false,215.67,false,false,11.0,false,1.5951e6,1.5717293333333288e6,false,0
3.119,none,0.0143999492034107,0,false,NaN,false,false,11.0,true,1.5951e6,1.5721306410256396e6,false,0
