CG_time_taken,method,CG_LP_IP_gap,implemented_SR3_cuts_count,errored,CG_sp_time_taken_mean,converged,CGIP_artificial,ngroute_neighborhood_size,time_limit_reached,CGIP_objective,CGLP_objective,CGLP_artificial,cycles_lookup_length
14.292,use_adaptive_ngroute,0.3661267505976704,0,false,0.46766666666666673,false,false,5.0,false,2.33967e6,1.4830542254291484e6,false,21
10.391,use_adaptive_ngroute,0.14443921050354602,0,false,0.8018333333333333,false,false,6.625,false,1.86156e6,1.5926777432950188e6,false,17
16.429,use_adaptive_ngroute,0.10569410763875309,0,false,2.0120000000000005,false,false,8.833333333333332,false,1.78969e6,1.6005303125e6,false,6
9.39,use_adaptive_ngroute,0.10519875509166399,0,false,1.8578000000000001,false,false,9.083333333333334,false,1.78969e6,1.6014168399999999e6,false,8
5.296,use_SR3_cuts,0.10490828718940148,5,false,1.7073333333333331,false,false,9.583333333333334,false,1.78969e6,1.6019366875e6,false,0
56.92,use_SR3_cuts,0.010130157195961664,1,false,9.349833333333335,false,false,9.583333333333334,false,1.63469e6,1.6181303333333335e6,false,0
24.754,use_SR3_cuts,0.008668106287226363,1,false,8.216000000000001,false,false,9.583333333333334,false,1.63469e6,1.620520333333334e6,false,0
21.898,use_SR3_cuts,0.008668106287226807,10,false,10.908999999999999,false,false,9.583333333333334,false,1.63469e6,1.6205203333333333e6,false,0
59.159,use_SR3_cuts,0.008070643363573549,10,false,19.694666666666667,false,false,9.583333333333334,false,1.63469e6,1.621497e6,false,0
84.114,use_SR3_cuts,0.006751331037281205,1,false,27.996333333333336,false,false,9.583333333333334,false,1.63469e6,1.6236536666666667e6,false,0
114.319,use_SR3_cuts,0.006751331037281427,10,false,38.06633333333333,false,false,9.583333333333334,false,1.63469e6,1.6236536666666665e6,false,0
145.544,use_adaptive_ngroute,0.0033385051921964726,0,false,48.476,false,false,9.583333333333334,false,1.63469e6,1.6292325789473683e6,false,4
171.338,use_adaptive_ngroute,0.002316229658416713,0,false,56.876,false,false,10.125000000000002,false,1.63469e6,1.6309036825396828e6,false,1
114.469,use_SR3_cuts,0.002313113608213846,5,false,57.17400000000001,false,false,10.208333333333334,false,1.63469e6,1.630908776315789e6,false,0
400.337,use_SR3_cuts,0.002241862371458292,1,false,99.916,false,false,10.208333333333334,false,1.63469e6,1.631025250000001e6,false,0
243.438,use_SR3_cuts,0.0014404871871734892,10,false,121.641,false,false,10.208333333333334,false,1.63469e6,1.6323352499999993e6,false,0
329.275,use_SR3_cuts,0.0009675228942491731,10,false,164.5315,false,false,10.208333333333334,false,1.63469e6,1.6331084e6,false,0
918.269,none,8.881784197001252e-16,0,false,305.594,true,false,10.208333333333334,false,1.63469e6,1.6346899999999986e6,false,0
