CG_time_taken,method,CG_LP_IP_gap,implemented_SR3_cuts_count,errored,CG_sp_time_taken_mean,converged,CGIP_artificial,ngroute_neighborhood_size,time_limit_reached,CGIP_objective,CGLP_objective,CGLP_artificial,cycles_lookup_length
9.103,use_adaptive_ngroute,0.42668932459624476,0,false,0.35525,false,false,5.0,false,2.03007e6,1.1638608028169014e6,false,20
7.945,use_adaptive_ngroute,0.07660586254547663,0,false,0.6580909090909092,false,false,7.35,false,1.44868e6,1.337702619047619e6,false,13
6.758,use_adaptive_ngroute,0.05301377806002694,0,false,0.9292857142857144,false,false,9.1,false,1.44868e6,1.3718800000000002e6,false,5
2.145,use_adaptive_ngroute,0.04833135452043702,0,false,1.0514999999999999,false,false,9.65,false,1.44868e6,1.3786633333333333e6,false,3
5.251,use_SR3_cuts,0.044509484496231266,1,false,1.0284,false,false,9.799999999999999,false,1.44868e6,1.3841999999999998e6,false,0
3.893,use_SR3_cuts,0.04321261424193057,10,false,1.2793333333333334,false,false,9.799999999999999,false,1.44868e6,1.38607875e6,false,0
24.781,none,0.0,0,false,8.188333333333333,true,false,9.799999999999999,false,1.42374e6,1.42374e6,false,0
