CG_time_taken,method,CG_LP_IP_gap,implemented_SR3_cuts_count,errored,CG_sp_time_taken_mean,converged,CGIP_artificial,ngroute_neighborhood_size,time_limit_reached,CGIP_objective,CGLP_objective,CGLP_artificial,cycles_lookup_length
39.521,use_adaptive_ngroute,0.32242689964259763,0,false,1.4386111111111108,false,false,5.0,false,2.04867e6,1.3881236835091994e6,false,23
15.108,use_adaptive_ngroute,0.05545155552142933,0,false,0.9245333333333332,false,false,8.333333333333332,false,1.67445e6,1.5815991428571427e6,false,1
3.788,use_adaptive_ngroute,0.05445817066557246,0,false,1.2376666666666665,false,false,8.5,false,1.67445e6,1.5832625161290322e6,false,4
6.289,use_SR3_cuts,0.05402005965474577,3,false,1.5187499999999998,false,false,9.083333333333334,false,1.67445e6,1.583996111111111e6,false,0
16.466,use_adaptive_ngroute,0.052243700986162045,0,false,3.2276000000000002,false,false,9.083333333333334,false,1.67445e6,1.586970534883721e6,false,4
10.722,use_SR3_cuts,0.04121739257490897,2,false,3.529333333333333,false,false,9.875,false,1.65528e6,1.5870536744186047e6,false,0
10.502,use_SR3_cuts,0.040774491324730544,10,false,3.438,false,false,9.875,false,1.65528e6,1.5877868e6,false,0
31.901,use_SR3_cuts,0.039018021120293844,10,false,7.9125000000000005,false,false,9.875,false,1.65528e6,1.59069425e6,false,0
36.669,use_SR3_cuts,0.03810372464678691,1,false,12.176666666666668,false,false,9.875,false,1.65528e6,1.5922076666666665e6,false,0
27.776,use_SR3_cuts,0.03770407039944512,1,false,13.863499999999998,false,false,9.875,false,1.65528e6,1.5928692063492064e6,false,0
29.175,use_SR3_cuts,0.03766170476696795,10,false,14.542000000000002,false,false,9.875,false,1.65528e6,1.5929393333333333e6,false,0
118.568,use_adaptive_ngroute,0.035435155665523355,0,false,59.0325,false,false,9.875,false,1.65301e6,1.5944353333333333e6,false,2
90.955,use_adaptive_ngroute,0.035261531216879693,0,false,45.425,false,false,9.958333333333332,false,1.65301e6,1.5947223362831858e6,false,2
34.781,use_SR3_cuts,0.034900762864900625,2,false,34.708,false,false,10.041666666666666,false,1.65301e6,1.5953186899766906e6,false,0
50.57,use_SR3_cuts,0.03489556502907831,10,false,50.513,false,false,10.041666666666666,false,1.65301e6,1.5953272820512832e6,false,0
207.979,none,0.03434413584914764,0,false,51.77675000000001,false,false,10.041666666666666,false,1.65301e6,1.5962388000000005e6,false,0
