CG_time_taken,method,CG_LP_IP_gap,implemented_SR3_cuts_count,errored,CG_sp_time_taken_mean,converged,CGIP_artificial,ngroute_neighborhood_size,time_limit_reached,CGIP_objective,CGLP_objective,CGLP_artificial,cycles_lookup_length
10.508,use_adaptive_ngroute,0.3857492112973465,0,false,0.3302777777777778,false,false,5.0,false,2.17941e6,1.33870431140645e6,false,14
11.063,use_adaptive_ngroute,0.10001024480997933,0,false,0.6635000000000001,false,false,5.874999999999999,false,1.62684e6,1.4641393333333333e6,false,7
5.428,use_SR3_cuts,0.07400574119151271,5,false,0.6577500000000001,false,false,6.666666666666666,false,1.62684e6,1.5064444999999995e6,false,0
5.785,use_adaptive_ngroute,0.06994234220943674,0,false,1.8983333333333332,false,false,6.666666666666666,false,1.62684e6,1.513055e6,false,1
3.218,use_SR3_cuts,0.06992834096913159,3,false,1.5955,false,false,7.0,false,1.62684e6,1.513077777777778e6,false,0
14.092,use_SR3_cuts,0.000442926974535518,10,false,3.4745,false,false,7.0,false,1.51589e6,1.5152185714285714e6,false,0
18.915,none,0.0,0,false,6.230333333333332,true,false,7.0,false,1.51589e6,1.51589e6,false,0
