CG_time_taken,method,CG_LP_IP_gap,implemented_SR3_cuts_count,errored,CG_sp_time_taken_mean,converged,CGIP_artificial,ngroute_neighborhood_size,time_limit_reached,CGIP_objective,CGLP_objective,CGLP_artificial,cycles_lookup_length
11.94,use_adaptive_ngroute,0.37529325389823,0,false,0.33840000000000003,false,false,5.0,false,2.41817e6,1.5106471122209171e6,false,22
11.206,use_adaptive_ngroute,0.1751811278567852,0,false,0.8613333333333333,false,false,7.291666666666667,false,2.024138e6,1.6695472222222225e6,false,22
14.236,use_adaptive_ngroute,0.056802003078787355,0,false,1.9735714285714288,false,false,9.916666666666666,false,1.804128e6,1.7016499157894736e6,false,6
9.756,use_adaptive_ngroute,0.05345474761023128,0,false,2.4077499999999996,false,false,10.375,false,1.804128e6,1.7076887931034486e6,false,4
4.616,use_adaptive_ngroute,0.05336716685290621,0,false,2.2865,false,false,10.708333333333334,false,1.804128e6,1.7078468e6,false,4
1.273,use_SR3_cuts,0.053298384118453335,7,false,1.263,false,false,10.875,false,1.804128e6,1.707970892857143e6,false,0
39.241,use_adaptive_ngroute,0.01149659367972311,0,false,7.7124000000000015,false,false,10.875,false,1.752748e6,1.7325973684210526e6,false,2
20.627,use_SR3_cuts,0.010737139623037684,2,false,4.0818,false,false,10.958333333333334,false,1.752748e6,1.7339285e6,false,0
11.544,use_SR3_cuts,0.010636492473014236,1,false,5.74,false,false,10.958333333333334,false,1.752748e6,1.7341049090909092e6,false,0
4.799,use_SR3_cuts,0.010636492473014236,1,false,4.78,false,false,10.958333333333334,false,1.752748e6,1.7341049090909092e6,false,0
30.818,use_adaptive_ngroute,0.010594089527284689,0,false,9.913666666666668,false,false,10.958333333333334,false,1.752748e6,1.7341792307692308e6,false,1
29.135,use_adaptive_ngroute,0.010459106052432943,0,false,7.203749999999999,false,false,11.0,false,1.752748e6,1.7344158227848103e6,false,2
14.72,use_SR3_cuts,0.010390160669607407,10,false,7.3195,false,false,11.083333333333332,false,1.752748e6,1.734536666666667e6,false,0
103.706,use_SR3_cuts,0.0060490899450635904,4,false,34.47533333333334,false,false,11.083333333333332,false,1.752748e6,1.7421454696969697e6,false,0
284.53,use_SR3_cuts,0.0055737781879816595,10,false,94.72133333333335,false,false,11.083333333333332,false,1.752748e6,1.7429785714285716e6,false,0
256.574,use_SR3_cuts,0.003585258717095585,10,false,85.41433333333335,false,false,11.083333333333332,false,1.752748e6,1.7464639449541282e6,false,0
631.546,use_adaptive_ngroute,0.0022043256094528285,0,false,210.35699999999997,false,false,11.083333333333332,false,1.752748e6,1.7488843726966828e6,false,1
429.242,use_SR3_cuts,0.0021912054023788263,10,false,214.102,false,false,11.125,false,1.752748e6,1.7489073691133913e6,false,0
1137.012,use_adaptive_ngroute,0.0007717971688949721,0,false,378.9003333333333,false,false,11.125,false,1.752748e6,1.7513952340558136e6,false,5
542.869,none,0.0006106343274098203,0,false,357.235,false,false,11.458333333333334,true,1.752748e6,1.751677711903901e6,false,0
