CG_time_taken,method,CG_LP_IP_gap,implemented_SR3_cuts_count,errored,CG_sp_time_taken_mean,converged,CGIP_artificial,ngroute_neighborhood_size,time_limit_reached,CGIP_objective,CGLP_objective,CGLP_artificial,cycles_lookup_length
11.741,use_adaptive_ngroute,0.43449203256732294,0,false,0.5287333333333333,false,false,5.0,false,2.46501e6,1.3939827948012233e6,false,24
18.831,use_adaptive_ngroute,0.030827927792024923,0,false,0.8588,false,false,8.625,false,1.59096e6,1.541914e6,false,5
4.179,use_adaptive_ngroute,0.02750331037025855,0,false,0.532,false,false,9.333333333333334,false,1.59096e6,1.5472033333333335e6,false,1
5.298,use_SR3_cuts,0.02750331037025855,2,false,0.7150000000000001,false,false,9.375,false,1.59096e6,1.5472033333333335e6,false,0
4.848,use_SR3_cuts,0.02345753507316295,1,false,0.9234000000000001,false,false,9.375,false,1.59096e6,1.5536400000000007e6,false,0
4.128,use_SR3_cuts,0.020201639261829385,10,false,1.2936666666666667,false,false,9.375,false,1.59096e6,1.55882e6,false,0
8.674,none,0.020201639261829385,0,false,1.99675,false,false,9.375,false,1.59096e6,1.55882e6,false,0
