CG_time_taken,method,CG_LP_IP_gap,implemented_SR3_cuts_count,errored,CG_sp_time_taken_mean,converged,CGIP_artificial,ngroute_neighborhood_size,time_limit_reached,CGIP_objective,CGLP_objective,CGLP_artificial,cycles_lookup_length
5.294,use_adaptive_ngroute,0.15893794706480802,0,false,0.146,false,false,5.0,false,1.85832e6,1.562962434210526e6,false,18
2.037,use_adaptive_ngroute,0.1161917103187241,0,false,0.24585714285714289,false,false,7.0,false,1.82122e6,1.6096093333333333e6,false,7
2.559,use_SR3_cuts,0.08665823172634479,3,false,0.33599999999999997,false,false,7.708333333333333,false,1.76251e6,1.609774e6,false,0
9.629,use_SR3_cuts,0.04307199981482124,10,false,1.5050000000000001,false,false,7.708333333333333,false,1.72806e6,1.653629e6,false,0
7.379,use_adaptive_ngroute,0.014473595512485948,0,false,1.80575,false,false,7.708333333333333,false,1.68415e6,1.6597742941176468e6,false,11
16.541,use_SR3_cuts,0.012853185469045014,4,false,4.1095,false,false,9.291666666666666,false,1.68415e6,1.6625033076923077e6,false,0
25.248,use_SR3_cuts,0.010389810883828732,1,false,6.257,false,false,9.291666666666666,false,1.68415e6,1.6666519999999998e6,false,0
6.139,use_SR3_cuts,0.009496778790488936,10,false,6.117,false,false,9.291666666666666,false,1.68415e6,1.6681559999999981e6,false,0
28.497,use_SR3_cuts,0.006765786895466586,2,false,9.446666666666665,false,false,9.291666666666666,false,1.68415e6,1.6727554e6,false,0
20.104,use_adaptive_ngroute,0.005573834820558399,0,false,9.986500000000001,false,false,9.291666666666666,false,1.68415e6,1.6747628260869565e6,false,3
32.257,use_adaptive_ngroute,0.005461425436643075,0,false,10.716333333333333,false,false,9.75,false,1.68415e6,1.6749521403508775e6,false,3
9.261,use_SR3_cuts,0.0053964483991501,2,false,9.232,false,false,9.958333333333332,false,1.68415e6,1.6750615714285714e6,false,0
23.914,use_SR3_cuts,0.005037171832186327,1,false,11.9135,false,false,9.958333333333332,false,1.68415e6,1.6756666470588234e6,false,0
12.71,use_SR3_cuts,0.004997214513867809,10,false,12.681,false,false,9.958333333333332,false,1.68415e6,1.6757339411764694e6,false,0
85.944,use_SR3_cuts,0.002672327286761811,10,false,28.33300000000001,false,false,9.958333333333332,false,1.68415e6,1.6796494000000001e6,false,0
61.342,use_SR3_cuts,0.0018036156648955082,10,false,30.616,false,false,9.958333333333332,false,1.68415e6,1.6811124406779662e6,false,0
111.581,use_SR3_cuts,0.0015196219318920345,10,false,55.718,false,false,9.958333333333332,false,1.68415e6,1.681590728723404e6,false,0
260.647,use_adaptive_ngroute,0.0004102293767640486,0,false,86.70299999999999,false,false,9.958333333333332,false,1.68415e6,1.6834591121951228e6,false,1
115.738,use_SR3_cuts,0.00010169795528836012,10,false,57.821000000000005,false,false,10.041666666666666,false,1.68415e6,1.6839787253886012e6,false,0
345.977,none,7.44589258622197e-5,0,false,115.23666666666666,false,false,10.041666666666666,false,1.68415e6,1.6840246000000092e6,false,0
