CG_time_taken,method,CG_LP_IP_gap,implemented_SR3_cuts_count,errored,CG_sp_time_taken_mean,converged,CGIP_artificial,ngroute_neighborhood_size,time_limit_reached,CGIP_objective,CGLP_objective,CGLP_artificial,cycles_lookup_length
15.864,use_adaptive_ngroute,0.4473370643430783,0,false,0.3889565217391304,false,false,5.0,false,2.27245e6,1.2558988881335717e6,false,23
9.137,use_adaptive_ngroute,0.01501249922980108,0,false,0.8357000000000001,false,false,8.041666666666666,false,1.51476e6,1.4920196666666665e6,false,6
4.681,use_adaptive_ngroute,0.008611857957157243,0,false,0.7498333333333332,false,false,8.416666666666666,false,1.51476e6,1.5017151020408166e6,false,9
0.836,use_SR3_cuts,0.0069980282905103275,4,false,0.821,false,false,9.083333333333334,false,1.51476e6,1.5041596666666665e6,false,0
9.57,none,0.0,0,false,1.8434,true,false,9.083333333333334,false,1.51476e6,1.51476e6,false,0
