CG_time_taken,method,CG_LP_IP_gap,implemented_SR3_cuts_count,errored,CG_sp_time_taken_mean,converged,CGIP_artificial,ngroute_neighborhood_size,time_limit_reached,CGIP_objective,CGLP_objective,CGLP_artificial,cycles_lookup_length
7.186,use_adaptive_ngroute,0.28914017222457,0,false,0.20423529411764704,false,false,5.0,false,2.20179e6,1.565164060197664e6,false,24
6.74,use_adaptive_ngroute,0.07886384930757528,0,false,0.6963333333333335,false,false,8.75,false,1.84641e6,1.700795e6,false,1
3.113,use_adaptive_ngroute,0.07120697609267301,0,false,0.605,false,false,8.791666666666666,false,1.84641e6,1.7149327272727275e6,false,6
5.077,use_adaptive_ngroute,0.07031702279236685,0,false,0.9881999999999999,false,false,9.5,false,1.84641e6,1.716575945945946e6,false,5
3.46,use_SR3_cuts,0.0702335884229397,8,false,1.1236666666666666,false,false,10.041666666666666,false,1.84641e6,1.71673e6,false,0
53.025,use_SR3_cuts,0.027812110248429778,1,false,8.616,false,false,10.041666666666666,false,1.77998e6,1.730475e6,false,0
27.671,use_SR3_cuts,0.01782501766784439,1,false,9.049,false,false,10.041666666666666,false,1.76875e6,1.7372220000000002e6,false,0
28.968,use_SR3_cuts,0.016273433986508268,2,false,9.606333333333332,false,false,10.041666666666666,false,1.76875e6,1.7399663636363635e6,false,0
46.432,use_adaptive_ngroute,0.015585974449578877,0,false,15.329666666666668,false,false,10.041666666666666,false,1.76875e6,1.7411823076923073e6,false,1
25.592,use_SR3_cuts,0.015419552414603577,10,false,12.732999999999999,false,false,10.083333333333332,false,1.76875e6,1.74147666666667e6,false,0
54.599,use_SR3_cuts,0.010745818610129465,10,false,18.123333333333335,false,false,10.083333333333332,false,1.76875e6,1.7497433333333335e6,false,0
230.766,none,0.00907137809187275,0,false,57.550250000000005,false,false,10.083333333333332,false,1.76875e6,1.752705e6,false,0
