CG_time_taken,method,CG_LP_IP_gap,implemented_SR3_cuts_count,errored,CG_sp_time_taken_mean,converged,CGIP_artificial,ngroute_neighborhood_size,time_limit_reached,CGIP_objective,CGLP_objective,CGLP_artificial,cycles_lookup_length
8.139,use_adaptive_ngroute,0.3571135007910471,0,false,0.3253125,false,false,5.0,false,2.00504e6,1.289013146373919e6,false,24
8.195,use_adaptive_ngroute,0.04295628617381564,0,false,0.6089166666666667,false,false,7.666666666666667,false,1.518805e6,1.453562777777778e6,false,10
4.79,use_SR3_cuts,0.04124671322896245,1,false,0.4542,false,false,8.625,false,1.518805e6,1.4561592857142857e6,false,0
2.736,use_SR3_cuts,0.03759863840321831,10,false,0.8969999999999999,false,false,8.625,false,1.518805e6,1.4617e6,false,0
4.177,none,0.026121786429248783,0,false,0.99625,false,false,8.625,false,1.51856e6,1.4788925e6,false,0
