CG_time_taken,method,CG_LP_IP_gap,implemented_SR3_cuts_count,errored,CG_sp_time_taken_mean,converged,CGIP_artificial,ngroute_neighborhood_size,time_limit_reached,CGIP_objective,CGLP_objective,CGLP_artificial,cycles_lookup_length
7.693,use_adaptive_ngroute,0.2907188281260994,0,false,0.23977777777777776,false,false,5.0,false,1.98231e6,1.406015159817352e6,false,15
7.706,use_adaptive_ngroute,0.1325824413025246,0,false,0.5004615384615384,false,false,6.166666666666667,false,1.68886e6,1.4649468181818184e6,false,6
2.273,use_adaptive_ngroute,0.1291157940859513,0,false,0.4326,false,false,6.458333333333334,false,1.68886e6,1.4708015000000002e6,false,8
4.679,use_adaptive_ngroute,0.127541181625475,0,false,0.6295714285714287,false,false,7.083333333333333,false,1.68886e6,1.4734608000000003e6,false,3
1.816,use_adaptive_ngroute,0.12740956803815773,0,false,0.44075000000000003,false,false,7.291666666666667,false,1.68886e6,1.473683076923077e6,false,2
2.087,use_adaptive_ngroute,0.12715497577120227,0,false,0.51375,false,false,7.375,false,1.68886e6,1.4741130476190473e6,false,3
3.338,use_SR3_cuts,0.127047101264676,5,false,0.8112499999999999,false,false,8.208333333333334,false,1.68886e6,1.4742952325581394e6,false,0
35.468,use_adaptive_ngroute,0.004190783688362121,0,false,5.712833333333334,false,false,8.208333333333334,false,1.52382e6,1.517434e6,false,5
12.844,use_adaptive_ngroute,0.0028238748166299343,0,false,3.14825,false,false,8.5,false,1.52382e6,1.519516923076923e6,false,8
14.699,use_adaptive_ngroute,0.0021448290043005747,0,false,2.4015000000000004,false,false,9.541666666666666,false,1.52382e6,1.5205516666666667e6,false,7
13.855,use_SR3_cuts,0.0008581191004310984,2,false,3.42925,false,false,10.041666666666666,false,1.52382e6,1.522512380952381e6,false,0
3.666,none,0.0007349949469097616,0,false,3.649,false,false,10.041666666666666,false,1.52382e6,1.5227e6,false,0
