CG_time_taken,method,CG_LP_IP_gap,implemented_SR3_cuts_count,errored,CG_sp_time_taken_mean,converged,CGIP_artificial,ngroute_neighborhood_size,time_limit_reached,CGIP_objective,CGLP_objective,CGLP_artificial,cycles_lookup_length
7.863,use_adaptive_ngroute,0.3508308594633366,0,false,0.18473684210526314,false,false,5.0,false,2.09541e6,1.36027550877193e6,false,23
7.337,use_adaptive_ngroute,0.07518013913422883,0,false,0.40025,false,false,6.833333333333333,false,1.68213e6,1.5556672325581396e6,false,6
2.218,use_adaptive_ngroute,0.06140770167958309,0,false,0.41900000000000004,false,false,7.250000000000001,false,1.68213e6,1.5788342627737229e6,false,11
1.436,use_SR3_cuts,0.05922972925850667,7,false,0.46399999999999997,false,false,8.166666666666666,false,1.68213e6,1.5824978955223882e6,false,0
11.856,use_SR3_cuts,0.040535403193519226,1,false,2.8587499999999997,false,false,8.166666666666666,false,1.663494e6,1.5960635999999999e6,false,0
13.772,use_SR3_cuts,0.018334854254239197,3,false,3.3895000000000004,false,false,8.166666666666666,false,1.637166e6,1.6071488000000042e6,false,0
30.537,use_SR3_cuts,0.017112323543070462,10,false,7.4807500000000005,false,false,8.166666666666666,false,1.637166e6,1.6091502857142854e6,false,0
68.431,use_adaptive_ngroute,0.008769213320296676,0,false,22.765666666666664,false,false,8.166666666666666,false,1.637166e6,1.6228093421052631e6,false,1
35.481,use_SR3_cuts,0.008369951489342053,10,false,17.687499999999996,false,false,8.25,false,1.637166e6,1.6234629999999998e6,false,0
126.208,use_SR3_cuts,0.006074037022850365,1,false,42.022000000000006,false,false,8.25,false,1.637166e6,1.627221793103448e6,false,0
37.004,use_adaptive_ngroute,0.005880880191279636,0,false,36.961000000000006,false,false,8.25,false,1.637166e6,1.6275380229007634e6,false,4
115.608,use_SR3_cuts,0.005856690769292738,2,false,57.7545,false,false,8.666666666666668,false,1.637166e6,1.627577625e6,false,0
136.68,use_SR3_cuts,0.005800429929931683,10,false,68.2505,false,false,8.666666666666668,false,1.637166e6,1.6276697333333334e6,false,0
326.771,use_SR3_cuts,0.002310617370217982,2,false,108.85666666666667,false,false,8.666666666666668,false,1.637166e6,1.6333831358024697e6,false,0
184.597,use_SR3_cuts,0.0017774189205990165,1,false,92.2195,false,false,8.666666666666668,false,1.637166e6,1.6342560701754387e6,false,0
247.54,use_SR3_cuts,0.001761663224825849,10,false,123.69449999999999,false,false,8.666666666666668,false,1.637166e6,1.6342818648648649e6,false,0
567.341,use_SR3_cuts,0.0013443381806764743,10,false,189.052,false,false,8.666666666666668,false,1.637166e6,1.6349650952380947e6,false,0
1194.846,use_SR3_cuts,0.001101020416675813,1,false,398.184,false,false,8.666666666666668,false,1.637166e6,1.6353634468085126e6,false,0
473.749,none,0.0010778301617475616,0,false,440.914,false,false,8.666666666666668,true,1.637166e6,1.6354014131054124e6,false,0
