CG_time_taken,method,CG_LP_IP_gap,implemented_SR3_cuts_count,CG_sp_time_taken_mean,converged,time_limit_reached,ngroute_neighborhood_size,CGIP_objective,CGLP_objective,cycles_lookup_length
12.31,use_adaptive_ngroute,0.9999693685235939,0,0.3360333333333334,false,false,1.0,6.0e10,1.8378885843701346e6,32
20.908,use_adaptive_ngroute,0.19313075660822432,0,0.9674761904761906,false,false,3.777777777777778,2.47661e6,1.9983004368765056e6,26
24.548,use_adaptive_ngroute,0.18391686199006663,0,2.214272727272727,false,false,6.444444444444445,2.46884e6,2.014778694444444e6,13
18.722,use_adaptive_ngroute,0.18282692344856166,0,2.064888888888889,false,false,7.222222222222222,2.46884e6,2.017469578313253e6,6
9.297,use_adaptive_ngroute,0.18249634877686927,0,2.30775,false,false,7.472222222222222,2.46884e6,2.018285714285714e6,2
8.639,use_adaptive_ngroute,0.18224213260748645,0,2.1432499999999997,false,false,7.527777777777779,2.46884e6,2.0189133333333333e6,2
4.762,use_adaptive_ngroute,0.1821913594195952,0,2.361,false,false,7.583333333333334,2.46884e6,2.0190386842105265e6,1
2.084,none,0.1821759553937421,0,2.0549999999999997,false,false,7.694444444444444,2.46884e6,2.0190767142857139e6,0
