CG_time_taken,method,CG_LP_IP_gap,implemented_SR3_cuts_count,CG_sp_time_taken_mean,converged,time_limit_reached,ngroute_neighborhood_size,CGIP_objective,CGLP_objective,cycles_lookup_length
1.215,use_adaptive_ngroute,0.46767953935902373,0,0.07530769230769233,false,false,3.0,2.38544e6,1.2698185196314105e6,19
1.689,use_adaptive_ngroute,0.07508538005955312,0,0.131,false,false,5.1000000000000005,1.62992e6,1.5075368373333332e6,13
1.296,use_adaptive_ngroute,0.051107948197813724,0,0.18014285714285713,false,false,7.75,1.62398e6,1.5409817142857146e6,3
0.35,use_adaptive_ngroute,0.05066228984011223,0,0.1695,false,false,7.8999999999999995,1.62398e6,1.5417054545454546e6,1
0.18,none,0.04990637601555392,0,0.17200000000000001,false,false,7.95,1.62398e6,1.5429330434782607e6,0
