CG_time_taken,method,CG_LP_IP_gap,implemented_SR3_cuts_count,CG_sp_time_taken_mean,converged,time_limit_reached,ngroute_neighborhood_size,CGIP_objective,CGLP_objective,cycles_lookup_length
2.151,use_adaptive_ngroute,0.38813817775149384,0,0.09527777777777778,false,false,3.0,1.914148e6,1.1711940833333335e6,15
2.437,use_adaptive_ngroute,0.04111124425336887,0,0.19008333333333335,false,false,4.0,1.368628e6,1.3123620000000002e6,8
1.472,use_adaptive_ngroute,0.030693013866308516,0,0.23816666666666664,false,false,4.8500000000000005,1.368628e6,1.3266206818181819e6,4
0.649,use_adaptive_ngroute,0.030585635499826846,0,0.20966666666666667,false,false,5.6,1.368628e6,1.326767642857143e6,3
0.574,use_adaptive_ngroute,0.029495289404694702,0,0.18466666666666667,false,false,5.75,1.368628e6,1.3282599210526315e6,8
0.474,use_adaptive_ngroute,0.028218101144601326,0,0.22999999999999998,false,false,6.6,1.368628e6,1.3300079166666665e6,1
0.537,none,0.026503184210757036,0,0.2625,false,false,6.7,1.368628e6,1.332355e6,0
