CG_time_taken,method,CG_LP_IP_gap,implemented_SR3_cuts_count,CG_sp_time_taken_mean,converged,time_limit_reached,ngroute_neighborhood_size,CGIP_objective,CGLP_objective,cycles_lookup_length
1.59,use_adaptive_ngroute,0.3643267258737404,0,0.09315384615384616,false,false,3.0,2.14051e6,1.360665e6,20
1.887,use_adaptive_ngroute,0.14920278493386063,0,0.1796,false,false,6.1,1.804274e6,1.5350712944162434e6,17
1.327,use_adaptive_ngroute,0.04223072305392894,0,0.21483333333333332,false,false,8.1,1.63252e6,1.5635775e6,1
0.437,none,0.04180591968245417,0,0.21100000000000002,false,false,8.35,1.63252e6,1.564271e6,0
