CG_time_taken,method,CG_LP_IP_gap,implemented_SR3_cuts_count,CG_sp_time_taken_mean,converged,time_limit_reached,ngroute_neighborhood_size,CGIP_objective,CGLP_objective,cycles_lookup_length
1.082,use_adaptive_ngroute,0.36250272323518173,0,0.059785714285714296,false,false,3.0,1.854412e6,1.1821826e6,14
0.838,use_adaptive_ngroute,0.14327141145762423,0,0.08544444444444443,false,false,4.6,1.484182e6,1.2715411500000004e6,5
0.977,use_adaptive_ngroute,0.1295883094954906,0,0.09319999999999999,false,false,5.0,1.484182e6,1.2918493636363638e6,4
0.327,none,0.12947532537682094,0,0.10433333333333335,false,false,5.5,1.484182e6,1.292017052631579e6,0
