CG_time_taken,method,CG_LP_IP_gap,implemented_SR3_cuts_count,CG_sp_time_taken_mean,converged,time_limit_reached,ngroute_neighborhood_size,CGIP_objective,CGLP_objective,cycles_lookup_length
1.115,use_adaptive_ngroute,0.31968809359827033,0,0.04416666666666667,false,false,3.0,1.975704e6,1.344094954725523e6,15
0.696,use_adaptive_ngroute,0.15788833406216762,0,0.06888888888888887,false,false,4.15,1.684398e6,1.418451205882353e6,11
0.502,use_adaptive_ngroute,0.02913722920297912,0,0.07683333333333334,false,false,6.15,1.471028e6,1.42816632e6,9
0.531,use_adaptive_ngroute,0.024752644635814613,0,0.1006,false,false,7.05,1.471028e6,1.434616166666667e6,4
0.329,use_adaptive_ngroute,0.024084200527340838,0,0.10366666666666667,false,false,7.3,1.471028e6,1.4355994666666668e6,1
0.145,none,0.023158105911119442,0,0.137,false,false,7.35,1.471028e6,1.4369617777777778e6,0
