CG_time_taken,method,CG_LP_IP_gap,implemented_SR3_cuts_count,CG_sp_time_taken_mean,converged,time_limit_reached,ngroute_neighborhood_size,CGIP_objective,CGLP_objective,cycles_lookup_length
1.027,use_adaptive_ngroute,0.2859685294347615,0,0.04706250000000001,false,false,3.0,1.79052e6,1.2784876286764708e6,19
1.911,use_adaptive_ngroute,0.08103402590733488,0,0.09063157894736842,false,false,5.25,1.536098e6,1.4116217948717948e6,14
0.507,use_adaptive_ngroute,0.03532994941069567,0,0.11875,false,false,7.75,1.47462e6,1.42252175e6,3
0.366,none,0.035042172823431805,0,0.11366666666666665,false,false,7.8999999999999995,1.47462e6,1.422946111111111e6,0
