CG_time_taken,method,CG_LP_IP_gap,implemented_SR3_cuts_count,CG_sp_time_taken_mean,converged,time_limit_reached,ngroute_neighborhood_size,CGIP_objective,CGLP_objective,cycles_lookup_length
2.326,use_adaptive_ngroute,0.42668932459624476,0,0.12500000000000003,false,false,3.0,2.03007e6,1.1638608028169014e6,20
3.261,use_adaptive_ngroute,0.08549836086603069,0,0.2203571428571429,false,false,5.8,1.46259e6,1.3375409523809522e6,13
2.154,use_adaptive_ngroute,0.05301377806002705,0,0.3,false,false,8.05,1.44868e6,1.37188e6,5
1.585,use_adaptive_ngroute,0.05120523511058339,0,0.3096,false,false,8.75,1.44868e6,1.3745e6,5
1.313,none,0.044509484496231044,0,0.32,false,false,9.0,1.44868e6,1.3842e6,0
