CG_time_taken,method,CG_LP_IP_gap,implemented_SR3_cuts_count,CG_sp_time_taken_mean,converged,time_limit_reached,ngroute_neighborhood_size,CGIP_objective,CGLP_objective,cycles_lookup_length
0.85,use_adaptive_ngroute,0.28482774409498535,0,0.04214285714285714,false,false,1.0,1.68896e6,1.2078973333333335e6,16
0.876,use_adaptive_ngroute,0.11478633284400208,0,0.07036363636363638,false,false,3.05,1.48502e6,1.31456e6,7
0.666,use_adaptive_ngroute,0.10473528976040725,0,0.053909090909090907,false,false,3.8999999999999995,1.48502e6,1.329486e6,1
0.395,none,0.09778721648330269,0,0.05028571428571429,false,false,3.9499999999999997,1.476662e6,1.3322633333333333e6,0
