CG_time_taken,method,CG_LP_IP_gap,implemented_SR3_cuts_count,CG_sp_time_taken_mean,converged,time_limit_reached,ngroute_neighborhood_size,CGIP_objective,CGLP_objective,cycles_lookup_length
0.976,use_adaptive_ngroute,0.4038127901615237,0,0.07181818181818182,false,false,3.0,1.983174e6,1.1823429736842103e6,20
0.814,use_adaptive_ngroute,0.059848519090081376,0,0.06627272727272729,false,false,5.3,1.54871e6,1.456022e6,4
0.502,use_adaptive_ngroute,0.05187327948206344,0,0.07716666666666666,false,false,5.75,1.54871e6,1.4683733333333335e6,11
0.587,none,0.0036687210166020945,0,0.07771428571428572,false,false,6.6499999999999995,1.49439e6,1.4889075e6,0
