CG_time_taken,method,CG_LP_IP_gap,implemented_SR3_cuts_count,CG_sp_time_taken_mean,converged,time_limit_reached,ngroute_neighborhood_size,CGIP_objective,CGLP_objective,cycles_lookup_length
1.309,use_adaptive_ngroute,0.3647110457671012,0,0.05843750000000002,false,false,3.0,1.98607e6,1.2617283333333333e6,20
1.141,use_adaptive_ngroute,0.09063926824315016,0,0.1057,false,false,5.8500000000000005,1.55381e6,1.4129737986111108e6,13
0.433,use_adaptive_ngroute,0.07753429026428937,0,0.10275000000000001,false,false,7.3,1.55381e6,1.4333364444444445e6,5
0.746,use_adaptive_ngroute,0.07575234423771249,0,0.11733333333333332,false,false,8.149999999999999,1.55381e6,1.43610525e6,5
0.283,use_adaptive_ngroute,0.07529648320671678,0,0.1345,false,false,8.75,1.55381e6,1.4368135714285714e6,2
0.242,none,0.07407873917292684,0,0.1145,false,false,8.95,1.55381e6,1.4387057142857146e6,0
