CG_time_taken,method,CG_LP_IP_gap,implemented_SR3_cuts_count,CG_sp_time_taken_mean,converged,time_limit_reached,ngroute_neighborhood_size,CGIP_objective,CGLP_objective,cycles_lookup_length
1.187,use_adaptive_ngroute,0.21919580103662217,0,0.07523076923076925,false,false,3.0,1.77084e6,1.382679307692308e6,13
0.589,use_adaptive_ngroute,0.1505129666571673,0,0.05322222222222221,false,false,4.6,1.71941e6,1.4606165e6,10
0.478,use_adaptive_ngroute,0.03960451336506987,0,0.06014285714285713,false,false,6.6499999999999995,1.533874e6,1.4731256666666667e6,1
0.288,none,0.03889280779690296,0,0.06425,false,false,6.949999999999999,1.533874e6,1.4742173333333333e6,0
