CG_time_taken,method,CG_LP_IP_gap,implemented_SR3_cuts_count,CG_sp_time_taken_mean,converged,time_limit_reached,ngroute_neighborhood_size,CGIP_objective,CGLP_objective,cycles_lookup_length
0.794,use_adaptive_ngroute,0.258557474012874,0,0.04623076923076924,false,false,3.0,1.81917e6,1.34881e6,20
0.798,use_adaptive_ngroute,0.06785048754062839,0,0.0650909090909091,false,false,4.75,1.61525e6,1.5056545e6,10
0.485,use_adaptive_ngroute,0.0051405878271756356,0,0.06342857142857142,false,false,5.7,1.52301e6,1.5151808333333333e6,6
0.144,none,0.004891629076631099,0,0.042666666666666665,false,false,6.25,1.52301e6,1.51556e6,0
