CG_time_taken,method,CG_LP_IP_gap,implemented_SR3_cuts_count,CG_sp_time_taken_mean,converged,time_limit_reached,ngroute_neighborhood_size,CGIP_objective,CGLP_objective,cycles_lookup_length
1.174,use_adaptive_ngroute,0.334462681577247,0,0.06300000000000001,false,false,3.0,1.93645e6,1.28877974025974e6,20
1.548,use_adaptive_ngroute,0.042862853654640154,0,0.11925000000000001,false,false,5.8999999999999995,1.52446e6,1.4591172941176472e6,11
0.532,use_adaptive_ngroute,0.02547240771595627,0,0.125,false,false,7.15,1.52446e6,1.4856283333333333e6,9
0.387,none,0.023316453039108898,0,0.12333333333333334,false,false,7.7,1.52446e6,1.488915e6,0
