CG_time_taken,method,CG_LP_IP_gap,implemented_SR3_cuts_count,CG_sp_time_taken_mean,converged,time_limit_reached,ngroute_neighborhood_size,CGIP_objective,CGLP_objective,cycles_lookup_length
2.854,use_adaptive_ngroute,0.330080433009047,0,0.11605263157894737,false,false,3.0,2.03676e6,1.3644653772644934e6,20
1.476,use_adaptive_ngroute,0.12803965458660926,0,0.11909090909090908,false,false,5.416666666666667,1.671736e6,1.4576875000000002e6,7
1.304,use_adaptive_ngroute,0.12415716357128159,0,0.13633333333333336,false,false,6.333333333333333,1.671736e6,1.464178e6,3
0.738,none,0.12415716357128148,0,0.141,false,false,6.875,1.671736e6,1.4641780000000002e6,0
