CG_time_taken,method,CG_LP_IP_gap,implemented_SR3_cuts_count,CG_sp_time_taken_mean,converged,time_limit_reached,ngroute_neighborhood_size,CGIP_objective,CGLP_objective,cycles_lookup_length
2.294,use_adaptive_ngroute,0.33905389777591755,0,0.12413333333333333,false,false,3.0,2.17742e6,1.4391572619047617e6,24
2.199,use_adaptive_ngroute,0.11681019094179046,0,0.18163636363636365,false,false,7.208333333333333,1.795658e6,1.5859068461538465e6,12
1.655,use_adaptive_ngroute,0.05700898867156945,0,0.224,false,false,8.333333333333332,1.70103e6,1.6040560000000002e6,17
0.894,none,0.05605721239484307,0,0.2873333333333334,false,false,10.375,1.70103e6,1.605675e6,0
