CG_time_taken,method,CG_LP_IP_gap,implemented_SR3_cuts_count,CG_sp_time_taken_mean,converged,time_limit_reached,ngroute_neighborhood_size,CGIP_objective,CGLP_objective,cycles_lookup_length
1.237,use_adaptive_ngroute,0.3030270549715369,0,0.05450000000000001,false,false,3.0,2.062798e6,1.4377143970588236e6,15
1.358,use_adaptive_ngroute,0.028740524889403152,0,0.09538461538461536,false,false,5.25,1.546822e6,1.5023655238095236e6,5
0.842,use_adaptive_ngroute,0.023776275917117173,0,0.09749999999999999,false,false,5.791666666666666,1.546822e6,1.510044333333333e6,4
0.512,use_adaptive_ngroute,0.02093878379579006,0,0.12025,false,false,6.166666666666667,1.546822e6,1.5144334285714284e6,3
0.637,use_adaptive_ngroute,0.02015314841224991,0,0.15150000000000002,false,false,6.291666666666667,1.546822e6,1.5156486666666667e6,1
0.23,use_adaptive_ngroute,0.019706937837708494,0,0.10750000000000001,false,false,6.333333333333333,1.546822e6,1.516338875e6,3
1.449,none,0.0,0,0.13230000000000003,true,false,6.541666666666667,1.516428e6,1.516428e6,0
