CG_time_taken,method,CG_LP_IP_gap,implemented_SR3_cuts_count,CG_sp_time_taken_mean,converged,time_limit_reached,ngroute_neighborhood_size,CGIP_objective,CGLP_objective,cycles_lookup_length
0.994,use_adaptive_ngroute,0.014969516337034472,0,0.047750000000000015,false,false,3.0,1.576866e6,1.5532610786516857e6,15
0.985,use_adaptive_ngroute,0.008041447855610562,0,0.05933333333333334,false,false,4.791666666666667,1.576866e6,1.5641857142857148e6,4
0.386,use_adaptive_ngroute,0.006636142635016218,0,0.057999999999999996,false,false,5.041666666666666,1.576866e6,1.5664016923076925e6,4
0.388,use_adaptive_ngroute,0.003037829466803088,0,0.06999999999999999,false,false,5.25,1.576866e6,1.57207575e6,1
0.527,none,0.002817614179010719,0,0.06742857142857143,false,false,5.291666666666666,1.576866e6,1.572423e6,0
