CG_time_taken,method,CG_LP_IP_gap,implemented_SR3_cuts_count,CG_sp_time_taken_mean,converged,time_limit_reached,ngroute_neighborhood_size,CGIP_objective,CGLP_objective,cycles_lookup_length
1.889,use_adaptive_ngroute,0.18688421632303875,0,0.076,false,false,3.0,1.76094e6,1.4318481081081082e6,22
2.278,use_adaptive_ngroute,0.12185108786405374,0,0.17725000000000002,false,false,5.166666666666667,1.69675e6,1.4899991666666667e6,15
2.359,use_adaptive_ngroute,0.09344928647293238,0,0.25244444444444447,false,false,6.458333333333334,1.66964e6,1.5136133333333333e6,8
2.119,none,0.09283438345990758,0,0.25787499999999997,false,false,6.875,1.66964e6,1.51464e6,0
