CG_time_taken,method,CG_LP_IP_gap,implemented_SR3_cuts_count,CG_sp_time_taken_mean,converged,time_limit_reached,ngroute_neighborhood_size,CGIP_objective,CGLP_objective,cycles_lookup_length
2.068,use_adaptive_ngroute,0.9998542801845284,0,0.10405882352941176,false,false,3.0,1.000194076e10,1.4574809619047618e6,23
1.721,use_adaptive_ngroute,0.07195382484377244,0,0.16280000000000003,false,false,6.125,1.680157e6,1.5592632775119618e6,10
1.214,use_adaptive_ngroute,0.04065546771096695,0,0.19549999999999998,false,false,6.916666666666666,1.642557e6,1.5757780769230772e6,10
0.956,use_adaptive_ngroute,0.03765884220261129,0,0.23375,false,false,7.583333333333334,1.642557e6,1.5807002051282055e6,10
0.923,none,0.03622360340209396,0,0.3016666666666667,false,false,8.416666666666666,1.642557e6,1.5830576666666667e6,0
