CG_time_taken,method,CG_LP_IP_gap,implemented_SR3_cuts_count,CG_sp_time_taken_mean,converged,time_limit_reached,ngroute_neighborhood_size,CGIP_objective,CGLP_objective,cycles_lookup_length
1.244,use_adaptive_ngroute,0.383671680065395,0,0.06853333333333335,false,false,1.0,2.02258e6,1.2465733333333335e6,20
1.494,use_adaptive_ngroute,0.10500112318175303,0,0.139,false,false,4.75,1.569677e6,1.4048591519674354e6,16
1.135,use_adaptive_ngroute,0.08561426968733055,0,0.1072,false,false,6.35,1.569677e6,1.43529025e6,5
0.521,use_adaptive_ngroute,0.08509505458766353,0,0.1235,false,false,6.9,1.569677e6,1.43610525e6,5
0.318,use_adaptive_ngroute,0.08464380160467955,0,0.15150000000000002,false,false,7.550000000000001,1.569677e6,1.4368135714285714e6,2
0.133,none,0.0834383670744272,0,0.124,false,false,8.0,1.569677e6,1.4387057142857143e6,0
