CG_time_taken,method,CG_LP_IP_gap,implemented_SR3_cuts_count,CG_sp_time_taken_mean,converged,time_limit_reached,ngroute_neighborhood_size,CGIP_objective,CGLP_objective,cycles_lookup_length
1.885,use_adaptive_ngroute,0.33052661031022224,0,0.08605882352941177,false,false,3.0,2.137912e6,1.4312751934984522e6,19
1.57,use_adaptive_ngroute,0.16657164965400906,0,0.11115384615384616,false,false,4.208333333333333,1.806694e6,1.5057499999999998e6,5
0.502,use_adaptive_ngroute,0.07851206390152177,0,0.11875,false,false,4.75,1.639022e6,1.510339e6,12
0.479,use_adaptive_ngroute,0.07589427391175041,0,0.15333333333333332,false,false,6.083333333333333,1.639022e6,1.514629615384615e6,3
0.654,none,0.07561460431891676,0,0.21066666666666667,false,false,6.666666666666666,1.639022e6,1.5150880000000005e6,0
