CG_time_taken,method,CG_LP_IP_gap,implemented_SR3_cuts_count,CG_sp_time_taken_mean,converged,time_limit_reached,ngroute_neighborhood_size,CGIP_objective,CGLP_objective,cycles_lookup_length
1.487,use_adaptive_ngroute,0.16261460262629812,0,0.0768125,false,false,3.0,1.82045e6,1.5244182466489556e6,16
1.529,use_adaptive_ngroute,0.05315490708548898,0,0.1316363636363636,false,false,4.541666666666667,1.649832e6,1.5621353333333335e6,6
0.53,use_adaptive_ngroute,0.04465378899184891,0,0.08283333333333334,false,false,5.0,1.649832e6,1.57616075e6,8
0.454,none,0.04429743957768639,0,0.10725000000000001,false,false,5.75,1.649832e6,1.5767486666666665e6,0
