CG_time_taken,method,CG_LP_IP_gap,implemented_SR3_cuts_count,CG_sp_time_taken_mean,converged,time_limit_reached,ngroute_neighborhood_size,CGIP_objective,CGLP_objective,cycles_lookup_length
1.304,use_adaptive_ngroute,0.257940726323705,0,0.06262500000000001,false,false,3.0,2.2607e6,1.6775734000000001e6,24
2.351,use_adaptive_ngroute,0.07347223277600534,0,0.1861666666666667,false,false,7.083333333333333,1.923768e6,1.7824244696969697e6,23
3.392,use_adaptive_ngroute,0.06175411722962154,0,0.4770000000000001,false,false,9.666666666666668,1.923768e6,1.8049674054054054e6,5
1.812,use_adaptive_ngroute,0.06151554226577982,0,0.597,false,false,10.041666666666666,1.923768e6,1.8054263682864453e6,4
1.853,none,0.047881248226770756,0,0.6106666666666667,false,false,10.208333333333334,1.896258e6,1.8054628e6,0
