CG_time_taken,method,CG_LP_IP_gap,implemented_SR3_cuts_count,CG_sp_time_taken_mean,converged,time_limit_reached,ngroute_neighborhood_size,CGIP_objective,CGLP_objective,cycles_lookup_length
1.627,use_adaptive_ngroute,0.36143835977789107,0,0.08056250000000001,false,false,3.0,2.32262e6,1.4831360368126747e6,21
3.527,use_adaptive_ngroute,0.1662260403305047,0,0.22193333333333334,false,false,5.333333333333334,1.874716e6,1.5630893825757576e6,18
2.669,use_adaptive_ngroute,0.060085555943817925,0,0.25880000000000003,false,false,7.291666666666667,1.687335e6,1.585950538461538e6,8
1.848,use_adaptive_ngroute,0.05490403506120589,0,0.362,false,false,7.916666666666667,1.687335e6,1.5946935000000002e6,2
1.377,none,0.054886137014878655,0,0.45133333333333336,false,false,8.25,1.687335e6,1.5947236999999997e6,0
