CG_time_taken,method,CG_LP_IP_gap,implemented_SR3_cuts_count,CG_sp_time_taken_mean,converged,time_limit_reached,ngroute_neighborhood_size,CGIP_objective,CGLP_objective,cycles_lookup_length
1.991,use_adaptive_ngroute,0.41735102984642514,0,0.104125,false,false,3.0,2.31418e6,1.34835459375e6,20
2.96,use_adaptive_ngroute,0.10011700104941268,0,0.2539090909090909,false,false,6.833333333333333,1.66816e6,1.5011488235294118e6,6
2.084,use_adaptive_ngroute,0.030983551196615666,0,0.4058,false,false,7.416666666666667,1.56854e6,1.5199410606060605e6,3
1.697,none,0.022475141147013544,0,0.41475,false,false,7.791666666666666,1.56854e6,1.5332868421052634e6,0
