CG_time_taken,method,CG_LP_IP_gap,implemented_SR3_cuts_count,CG_sp_time_taken_mean,converged,time_limit_reached,ngroute_neighborhood_size,CGIP_objective,CGLP_objective,cycles_lookup_length
1.458,use_adaptive_ngroute,0.13727488299657697,0,0.05626315789473685,false,false,3.0,1.90905e6,1.6469853846153847e6,14
1.011,use_adaptive_ngroute,0.05273801555224589,0,0.0903,false,false,4.583333333333334,1.80673e6,1.711446645161291e6,18
1.268,use_adaptive_ngroute,0.0009694981523700186,0,0.11879999999999999,false,false,6.791666666666667,1.72383e6,1.72215875e6,7
0.564,none,0.0005539989442114868,0,0.13324999999999998,false,false,7.083333333333333,1.72383e6,1.722875e6,0
