CG_time_taken,method,CG_LP_IP_gap,implemented_SR3_cuts_count,CG_sp_time_taken_mean,converged,time_limit_reached,ngroute_neighborhood_size,CGIP_objective,CGLP_objective,cycles_lookup_length
2.069,use_adaptive_ngroute,0.27359338276613254,0,0.08931578947368421,false,false,3.0,2.03192e6,1.4760001336898399e6,14
2.546,use_adaptive_ngroute,0.07692715588095689,0,0.184,false,false,4.083333333333333,1.71822e6,1.5860422222222222e6,14
1.46,use_adaptive_ngroute,0.07215170350711786,0,0.20114285714285715,false,false,5.291666666666666,1.71822e6,1.5942475e6,8
0.847,use_adaptive_ngroute,0.0664676435396857,0,0.20575,false,false,5.625,1.71822e6,1.6040139655172413e6,5
1.438,use_adaptive_ngroute,0.06583266403603727,0,0.281,false,false,6.125,1.71822e6,1.605105e6,1
1.102,use_adaptive_ngroute,0.06514786659853744,0,0.36033333333333334,false,false,6.208333333333334,1.71822e6,1.606281632653061e6,4
1.17,none,0.06507506364846694,0,0.38366666666666666,false,false,6.5,1.71822e6,1.6064067241379311e6,0
