CG_time_taken,method,CG_LP_IP_gap,implemented_SR3_cuts_count,CG_sp_time_taken_mean,converged,time_limit_reached,ngroute_neighborhood_size,CGIP_objective,CGLP_objective,cycles_lookup_length
2.914,use_adaptive_ngroute,0.3254990984606553,0,0.1072272727272727,false,false,4.0,2.22952e6,1.5038132499999998e6,27
5.859,use_adaptive_ngroute,0.1467179820718595,0,0.35437500000000005,false,false,7.035714285714286,1.86039e6,1.5874373333333333e6,19
7.139,use_adaptive_ngroute,0.07926484099890829,0,0.5396153846153847,false,false,8.892857142857142,1.73416e6,1.5967020833333333e6,4
4.902,use_adaptive_ngroute,0.07740635235503068,0,0.6907142857142857,false,false,9.678571428571429,1.73416e6,1.599925e6,2
2.61,none,0.07732057595608244,0,0.642,false,false,9.892857142857142,1.73416e6,1.60007375e6,0
