CG_time_taken,method,CG_LP_IP_gap,implemented_SR3_cuts_count,CG_sp_time_taken_mean,converged,time_limit_reached,ngroute_neighborhood_size,CGIP_objective,CGLP_objective,cycles_lookup_length
3.198,use_adaptive_ngroute,0.9999760583508361,0,0.1262,false,false,4.0,6.0e10,1.436498949829932e6,26
4.986,use_adaptive_ngroute,0.08382737014325337,0,0.2637222222222222,false,false,6.928571428571429,1.79522e6,1.6447314285714286e6,6
3.047,use_adaptive_ngroute,0.07079855661378032,0,0.26672727272727276,false,false,7.607142857142857,1.77761e6,1.651757777777778e6,3
0.984,none,0.06903088979022387,0,0.3153333333333333,false,false,7.928571428571429,1.77761e6,1.6549000000000002e6,0
