CG_time_taken,method,CG_LP_IP_gap,implemented_SR3_cuts_count,CG_sp_time_taken_mean,converged,time_limit_reached,ngroute_neighborhood_size,CGIP_objective,CGLP_objective,cycles_lookup_length
7.537,use_adaptive_ngroute,0.33331124190234596,0,0.22740740740740745,false,false,4.0,2.14165e6,1.4278139787798407e6,20
3.938,use_adaptive_ngroute,0.07435371640419375,0,0.24480000000000005,false,false,6.2857142857142865,1.59953e6,1.480599e6,10
5.277,use_adaptive_ngroute,0.05954327208617549,0,0.4649090909090908,false,false,6.642857142857143,1.59953e6,1.5042887499999998e6,1
2.008,none,0.05900483266959666,0,0.48850000000000005,false,false,6.928571428571429,1.59953e6,1.50515e6,0
