CG_time_taken,method,CG_LP_IP_gap,implemented_SR3_cuts_count,CG_sp_time_taken_mean,converged,time_limit_reached,ngroute_neighborhood_size,CGIP_objective,CGLP_objective,cycles_lookup_length
8.692,use_adaptive_ngroute,0.3157239728081582,0,0.3811,false,false,4.0,2.093734e6,1.4326919835164836e6,25
21.581,use_adaptive_ngroute,0.1087326179842365,0,1.180111111111111,false,false,5.964285714285714,1.798842e6,1.6032492e6,12
8.533,use_adaptive_ngroute,0.07379396106012759,0,1.209,false,false,6.857142857142858,1.74162e6,1.6130989615384606e6,7
7.965,none,0.0721813279845458,0,1.3173333333333332,false,false,7.428571428571428,1.74162e6,1.6159075555555553e6,0
