CG_time_taken,method,CG_LP_IP_gap,implemented_SR3_cuts_count,CG_sp_time_taken_mean,converged,time_limit_reached,ngroute_neighborhood_size,CGIP_objective,CGLP_objective,cycles_lookup_length
5.796,use_adaptive_ngroute,0.4537791521822384,0,0.20384,false,false,4.0,2.76279e6,1.5090934961424335e6,20
7.826,use_adaptive_ngroute,0.0943370248561548,0,0.44423529411764706,false,false,5.428571428571429,1.801244e6,1.6313200000000002e6,8
2.945,use_adaptive_ngroute,0.08620431213094937,0,0.4768333333333334,false,false,6.142857142857142,1.801244e6,1.6459690000000002e6,11
3.921,none,0.08326874833911102,0,0.6436666666666666,false,false,7.428571428571428,1.801244e6,1.6512566666666663e6,0
