CG_time_taken,method,CG_LP_IP_gap,implemented_SR3_cuts_count,CG_sp_time_taken_mean,converged,time_limit_reached,ngroute_neighborhood_size,CGIP_objective,CGLP_objective,cycles_lookup_length
4.612,use_adaptive_ngroute,0.3545614199618057,0,0.17521052631578946,false,false,4.0,2.46503e6,1.5910254629515503e6,27
7.387,use_adaptive_ngroute,0.06986011699167127,0,0.5543076923076924,false,false,8.75,1.86324e6,1.7330738356164384e6,8
3.536,use_adaptive_ngroute,0.06629491280421917,0,0.4928571428571428,false,false,9.5,1.86324e6,1.7397166666666667e6,6
1.639,none,0.06619383439599835,0,0.5363333333333334,false,false,9.857142857142858,1.86324e6,1.739905e6,0
