CG_time_taken,method,CG_LP_IP_gap,implemented_SR3_cuts_count,CG_sp_time_taken_mean,converged,time_limit_reached,ngroute_neighborhood_size,CGIP_objective,CGLP_objective,cycles_lookup_length
2.202,use_adaptive_ngroute,0.19520046431605176,0,0.09688235294117646,false,false,4.0,2.20498e6,1.7745668801923923e6,24
2.561,use_adaptive_ngroute,0.019027879267755954,0,0.1990833333333334,false,false,6.714285714285714,1.899476e6,1.863333e6,10
1.276,use_adaptive_ngroute,0.008548229222164472,0,0.2452,false,false,7.892857142857143,1.899476e6,1.88323884375e6,5
0.522,none,0.008323533359648527,0,0.248,false,false,8.178571428571429,1.899476e6,1.8836656481481483e6,0
