CG_time_taken,method,CG_LP_IP_gap,implemented_SR3_cuts_count,CG_sp_time_taken_mean,converged,time_limit_reached,ngroute_neighborhood_size,CGIP_objective,CGLP_objective,cycles_lookup_length
0.894,use_adaptive_ngroute,0.4520515782655613,0,0.05261538461538461,false,false,1.0,2.40233e6,1.316352931985294e6,20
0.881,use_adaptive_ngroute,0.06044051335414502,0,0.07900000000000001,false,false,4.05,1.602948e6,1.506065e6,3
0.27,use_adaptive_ngroute,0.059990561141097576,0,0.060500000000000005,false,false,4.2,1.602948e6,1.50678625e6,5
0.224,use_adaptive_ngroute,0.0051405878271756356,0,0.04925,false,false,4.8500000000000005,1.52301e6,1.5151808333333333e6,6
0.216,none,0.004891629076631099,0,0.06533333333333334,false,false,5.45,1.52301e6,1.51556e6,0
