CG_time_taken,method,CG_LP_IP_gap,implemented_SR3_cuts_count,CG_sp_time_taken_mean,converged,time_limit_reached,ngroute_neighborhood_size,CGIP_objective,CGLP_objective,cycles_lookup_length
5.851,use_adaptive_ngroute,0.2962600581372473,0,0.22852380952380952,false,false,4.0,1.954766e6,1.3756469111952856e6,26
18.813,use_adaptive_ngroute,0.08278729930811224,0,0.91855,false,false,7.107142857142857,1.70833e6,1.5669019729729726e6,4
2.345,use_adaptive_ngroute,0.08274254108830914,0,0.7649999999999999,false,false,8.0,1.70833e6,1.5669784347826089e6,1
2.385,none,0.05713948630537602,0,0.7759999999999999,false,false,8.107142857142858,1.66225e6,1.5672698888888888e6,0
