CG_time_taken,method,CG_LP_IP_gap,implemented_SR3_cuts_count,CG_sp_time_taken_mean,converged,time_limit_reached,ngroute_neighborhood_size,CGIP_objective,CGLP_objective,cycles_lookup_length
4.045,use_adaptive_ngroute,0.3304348304867998,0,0.17405263157894735,false,false,4.0,2.1936e6,1.468758155844156e6,21
8.953,use_adaptive_ngroute,0.1281562932226833,0,0.7844545454545454,false,false,6.714285714285714,1.8075e6,1.5758575e6,6
13.004,use_adaptive_ngroute,0.12550933725604485,0,1.608125,false,false,7.071428571428571,1.8075e6,1.5806418729096989e6,9
9.207,use_adaptive_ngroute,0.12025487944041569,0,1.5181666666666669,false,false,7.607142857142857,1.80229e6,1.5855558333333333e6,2
3.196,use_adaptive_ngroute,0.11984015365247325,0,1.5785,false,false,7.678571428571428,1.80229e6,1.586303289473684e6,1
2.552,none,0.11983997694347448,0,1.2575,false,false,7.7142857142857135,1.80229e6,1.5863036079545454e6,0
