CG_time_taken,method,CG_LP_IP_gap,implemented_SR3_cuts_count,CG_sp_time_taken_mean,converged,time_limit_reached,ngroute_neighborhood_size,CGIP_objective,CGLP_objective,cycles_lookup_length
5.408,use_adaptive_ngroute,0.9998652262141327,0,0.21730000000000002,false,false,4.0,1.000175566e10,1.3479744756182793e6,27
11.448,use_adaptive_ngroute,0.011014077352742402,0,0.55,false,false,6.571428571428572,1.58189e6,1.5644669411764704e6,5
4.384,use_adaptive_ngroute,0.010980816899053836,0,0.6137142857142858,false,false,6.928571428571429,1.58189e6,1.5645195555555557e6,7
3.728,use_adaptive_ngroute,0.010393263754116755,0,0.7323999999999999,false,false,7.821428571428572,1.58189e6,1.5654490000000002e6,5
3.31,use_adaptive_ngroute,0.010336812294154729,0,0.6442,false,false,8.214285714285714,1.58189e6,1.5655382999999996e6,5
4.318,none,0.010191569057564243,0,0.708,false,false,8.678571428571429,1.58189e6,1.5657680588235296e6,0
