CG_time_taken,method,CG_LP_IP_gap,implemented_SR3_cuts_count,CG_sp_time_taken_mean,converged,time_limit_reached,ngroute_neighborhood_size,CGIP_objective,CGLP_objective,cycles_lookup_length
4.489,use_adaptive_ngroute,0.37630705486226745,0,0.14683333333333332,false,false,4.0,2.49753e6,1.5576918412698412e6,28
10.29,use_adaptive_ngroute,0.04155364403604023,0,0.4745714285714286,false,false,6.642857142857143,1.78799e6,1.7136925000000005e6,10
2.04,use_adaptive_ngroute,0.03919398964113985,0,0.4975,false,false,7.928571428571429,1.78799e6,1.7179115384615383e6,6
2.768,none,0.039133278549816075,0,0.5426000000000001,false,false,8.642857142857142,1.78799e6,1.7180200892857143e6,0
