CG_time_taken,method,CG_LP_IP_gap,implemented_SR3_cuts_count,CG_sp_time_taken_mean,converged,time_limit_reached,ngroute_neighborhood_size,CGIP_objective,CGLP_objective,cycles_lookup_length
2.469,use_adaptive_ngroute,0.23390804674829346,0,0.09631578947368422,false,false,4.0,2.12897e6,1.6309867857142857e6,17
2.015,use_adaptive_ngroute,0.1402994776032186,0,0.1658181818181818,false,false,5.928571428571428,2.08207e6,1.7899566666666667e6,12
2.374,use_adaptive_ngroute,0.14029947760321848,0,0.20109090909090907,false,false,6.857142857142858,2.08207e6,1.789956666666667e6,2
1.153,use_adaptive_ngroute,0.13399439363855514,0,0.2194,false,false,6.928571428571429,2.06997e6,1.792605625e6,7
2.11,use_adaptive_ngroute,0.07869017165123349,0,0.33916666666666667,false,false,7.535714285714286,1.95001e6,1.7965633783783782e6,6
3.106,use_adaptive_ngroute,0.07791381955617005,0,0.5061666666666667,false,false,7.964285714285714,1.95001e6,1.798077272727273e6,1
2.212,none,0.0775833628203616,0,0.54225,false,false,8.0,1.95001e6,1.7987216666666667e6,0
