CG_time_taken,method,CG_LP_IP_gap,implemented_SR3_cuts_count,CG_sp_time_taken_mean,converged,time_limit_reached,ngroute_neighborhood_size,CGIP_objective,CGLP_objective,cycles_lookup_length
3.457,use_adaptive_ngroute,0.43940190561883263,0,0.13544999999999996,false,false,4.0,2.82293e6,1.5825291785714286e6,28
4.987,use_adaptive_ngroute,0.03717420837200469,0,0.36992307692307697,false,false,6.357142857142858,1.812278e6,1.744908e6,9
5.457,use_adaptive_ngroute,0.028568906094981084,0,0.4423333333333333,false,false,7.5,1.812278e6,1.7605032e6,3
1.259,none,0.02666174836310986,0,0.4076666666666667,false,false,8.0,1.812278e6,1.7639595e6,0
