CG_time_taken,method,CG_LP_IP_gap,implemented_SR3_cuts_count,CG_sp_time_taken_mean,converged,time_limit_reached,ngroute_neighborhood_size,CGIP_objective,CGLP_objective,cycles_lookup_length
5.016,use_adaptive_ngroute,0.9999737348463227,0,0.20790000000000003,false,false,4.0,6.0e10,1.575909220641992e6,25
7.627,use_adaptive_ngroute,0.11125839650883962,0,0.48753333333333326,false,false,6.642857142857143,2.01423e6,1.79013e6,9
5.122,use_adaptive_ngroute,0.10363927323758149,0,0.62775,false,false,7.964285714285714,2.01423e6,1.8054766666666663e6,9
5.42,use_adaptive_ngroute,0.09857575847842603,0,0.7622857142857143,false,false,8.892857142857142,2.01423e6,1.81567575e6,8
4.881,none,0.09690641991322668,0,1.2080000000000002,false,false,9.642857142857142,2.01423e6,1.8190381818181814e6,0
