CG_time_taken,method,CG_LP_IP_gap,implemented_SR3_cuts_count,CG_sp_time_taken_mean,converged,time_limit_reached,ngroute_neighborhood_size,CGIP_objective,CGLP_objective,cycles_lookup_length
2.739,use_adaptive_ngroute,0.4208843970902969,0,0.08933333333333335,false,false,4.0,2.79444e6,1.6183038053949906e6,23
2.125,use_adaptive_ngroute,0.11804394353952274,0,0.1795454545454545,false,false,5.464285714285714,1.969402e6,1.7369260215053768e6,8
1.679,use_adaptive_ngroute,0.0933591351673011,0,0.23242857142857143,false,false,6.357142857142858,1.91964e6,1.740424069767442e6,3
0.649,none,0.09257870109904887,0,0.20866666666666667,false,false,6.928571428571429,1.91964e6,1.7419222222222218e6,0
