CG_time_taken,method,CG_LP_IP_gap,implemented_SR3_cuts_count,CG_sp_time_taken_mean,converged,time_limit_reached,ngroute_neighborhood_size,CGIP_objective,CGLP_objective,cycles_lookup_length
8.899,use_adaptive_ngroute,0.29404988880878824,0,0.28531999999999996,false,false,4.0,2.19763e6,1.5514171428571427e6,25
12.584,use_adaptive_ngroute,0.1389811073209133,0,0.8152,false,false,6.875,1.9055e6,1.6406714999999998e6,13
11.751,use_adaptive_ngroute,0.12972455173620223,0,0.8229285714285713,false,false,7.90625,1.9055e6,1.6583098666666667e6,8
3.611,use_adaptive_ngroute,0.08793288748350592,0,0.88325,false,false,8.40625,1.82473e6,1.6642762222222222e6,7
3.533,none,0.0871321172092826,0,1.16,false,false,8.90625,1.82473e6,1.6657374117647058e6,0
