CG_time_taken,method,CG_LP_IP_gap,implemented_SR3_cuts_count,CG_sp_time_taken_mean,converged,time_limit_reached,ngroute_neighborhood_size,CGIP_objective,CGLP_objective,cycles_lookup_length
18.416,use_adaptive_ngroute,0.3555937859228967,0,0.4423529411764706,false,false,4.0,2.61141e6,1.6828088315030884e6,18
8.924,use_adaptive_ngroute,0.14613474023731743,0,0.4894705882352942,false,false,5.46875,2.15011e6,1.8359042336683415e6,18
7.381,use_adaptive_ngroute,0.14093348712391462,0,0.6477272727272728,false,false,6.75,2.15011e6,1.8470875e6,2
4.507,use_adaptive_ngroute,0.14145167766610378,0,0.6208571428571429,false,false,6.875,2.15011e6,1.8459733333333335e6,3
3.316,none,0.12392792024815891,0,0.6416000000000001,false,false,7.15625,2.11155e6,1.84987e6,0
