CG_time_taken,method,CG_LP_IP_gap,implemented_SR3_cuts_count,CG_sp_time_taken_mean,converged,time_limit_reached,ngroute_neighborhood_size,CGIP_objective,CGLP_objective,cycles_lookup_length
5.769,use_adaptive_ngroute,0.33671952551323947,0,0.1582758620689655,false,false,4.0,2.45402e6,1.62770355e6,31
10.428,use_adaptive_ngroute,0.04475564804196097,0,0.6680666666666668,false,false,8.1875,1.824172e6,1.74253e6,2
5.267,use_adaptive_ngroute,0.04028786759143321,0,0.8481666666666665,false,false,8.25,1.824172e6,1.75068e6,2
4.959,use_adaptive_ngroute,0.039819161789568125,0,0.8058333333333334,false,false,8.375,1.824172e6,1.751535e6,2
5.258,none,0.0378511456156545,0,0.855,false,false,8.5625,1.824172e6,1.7551250000000002e6,0
