CG_time_taken,method,CG_LP_IP_gap,implemented_SR3_cuts_count,CG_sp_time_taken_mean,converged,time_limit_reached,ngroute_neighborhood_size,CGIP_objective,CGLP_objective,cycles_lookup_length
28.011,use_adaptive_ngroute,0.25374872827578554,0,0.9757692307692306,false,false,4.0,2.31928e6,1.7307656494845361e6,28
6.837,use_adaptive_ngroute,0.14178646182504873,0,0.3908125,false,false,7.687500000000001,2.10434e6,1.805973076923077e6,23
4.702,use_adaptive_ngroute,0.07956614396272543,0,0.6390000000000001,false,false,8.8125,1.9708e6,1.8139910434782607e6,12
3.33,none,0.07933580271970775,0,0.638,false,false,9.53125,1.9708e6,1.814445e6,0
