CG_time_taken,method,CG_LP_IP_gap,implemented_SR3_cuts_count,CG_sp_time_taken_mean,converged,time_limit_reached,ngroute_neighborhood_size,CGIP_objective,CGLP_objective,cycles_lookup_length
7.758,use_adaptive_ngroute,0.397759388192649,0,0.2771739130434783,false,false,4.0,2.78099e6,1.674825119030125e6,30
7.978,use_adaptive_ngroute,0.15681931966015883,0,0.4480588235294117,false,false,6.6875,2.12923e6,1.7953256e6,4
2.058,use_adaptive_ngroute,0.1556552720936677,0,0.32866666666666666,false,false,7.21875,2.12923e6,1.797804125e6,10
2.278,none,0.15530813956218914,0,0.441,false,false,8.125,2.12923e6,1.79854325e6,0
