CG_time_taken,method,CG_LP_IP_gap,implemented_SR3_cuts_count,CG_sp_time_taken_mean,converged,time_limit_reached,ngroute_neighborhood_size,CGIP_objective,CGLP_objective,cycles_lookup_length
5.172,use_adaptive_ngroute,0.31336645428054033,0,0.15311538461538457,false,false,4.0,2.43782e6,1.6738889904258132e6,25
4.279,use_adaptive_ngroute,0.1449581931443421,0,0.3383333333333333,false,false,6.09375,2.10133e6,1.7967249999999995e6,6
2.868,use_adaptive_ngroute,0.13889726982434947,0,0.3032222222222222,false,false,6.28125,2.10133e6,1.8094609999999998e6,17
4.469,use_adaptive_ngroute,0.1328654814913517,0,0.624,false,false,8.34375,2.10133e6,1.822135777777778e6,7
2.949,use_adaptive_ngroute,0.1281901396767271,0,0.5756,false,false,8.84375,2.10133e6,1.8319602137931031e6,11
3.187,use_adaptive_ngroute,0.12652209156423155,0,0.6227999999999999,false,false,9.3125,2.10133e6,1.8354653333333333e6,2
1.382,use_adaptive_ngroute,0.1255572291899859,0,0.674,false,false,9.4375,2.10133e6,1.8374928275862068e6,1
1.455,none,0.125368047855406,0,0.7104999999999999,false,false,9.46875,2.10133e6,1.8378903599999996e6,0
