CG_time_taken,method,CG_LP_IP_gap,implemented_SR3_cuts_count,CG_sp_time_taken_mean,converged,time_limit_reached,ngroute_neighborhood_size,CGIP_objective,CGLP_objective,cycles_lookup_length
4.248,use_adaptive_ngroute,0.9999712957563953,0,0.144875,false,false,4.0,6.0e10,1.72225461627907e6,25
12.502,use_adaptive_ngroute,0.08482408797903829,0,1.0199999999999998,false,false,6.78125,1.97701e6,1.8093119298245616e6,11
17.579,use_adaptive_ngroute,0.07784534241514374,0,2.494428571428571,false,false,7.718750000000001,1.97701e6,1.8231089795918367e6,15
18.124,use_adaptive_ngroute,0.07643174962864796,0,2.573428571428571,false,false,9.4375,1.97701e6,1.8259036666666667e6,5
9.658,none,0.0762548388462213,0,3.202666666666667,false,false,9.6875,1.97701e6,1.826253421052632e6,0
