CG_time_taken,method,CG_LP_IP_gap,implemented_SR3_cuts_count,CG_sp_time_taken_mean,converged,time_limit_reached,ngroute_neighborhood_size,CGIP_objective,CGLP_objective,cycles_lookup_length
4.85,use_adaptive_ngroute,0.9999732761327174,0,0.17304347826086955,false,false,4.0,6.0e10,1.6034320369565217e6,32
8.585,use_adaptive_ngroute,0.03397480404232289,0,0.4804705882352941,false,false,7.46875,1.80079e6,1.7396085126286254e6,11
3.442,use_adaptive_ngroute,0.03293084701714255,0,0.4704285714285715,false,false,7.90625,1.80079e6,1.74148846e6,10
5.131,use_adaptive_ngroute,0.03131887098296837,0,0.8375,false,false,9.125,1.80079e6,1.7443912903225804e6,6
3.041,none,0.030818810148992903,0,0.7415,false,false,9.53125,1.80079e6,1.745291794871795e6,0
