CG_time_taken,method,CG_LP_IP_gap,implemented_SR3_cuts_count,CG_sp_time_taken_mean,converged,time_limit_reached,ngroute_neighborhood_size,CGIP_objective,CGLP_objective,cycles_lookup_length
1.236,use_adaptive_ngroute,0.3350484871063766,0,0.06964285714285716,false,false,1.0,1.93645e6,1.287645357142857e6,20
1.491,use_adaptive_ngroute,0.04893924794742144,0,0.10600000000000001,false,false,4.949999999999999,1.52446e6,1.449854074074074e6,5
1.217,use_adaptive_ngroute,0.025215720414348053,0,0.1283333333333333,false,false,5.8,1.52446e6,1.486019642857143e6,9
0.277,none,0.023316453039108898,0,0.133,false,false,6.8500000000000005,1.52446e6,1.488915e6,0
