CG_time_taken,method,CG_LP_IP_gap,implemented_SR3_cuts_count,CG_sp_time_taken_mean,converged,time_limit_reached,ngroute_neighborhood_size,CGIP_objective,CGLP_objective,cycles_lookup_length
4.349,use_adaptive_ngroute,0.3872916593877188,0,0.1471304347826087,false,false,4.0,2.65398e6,1.6261156818181819e6,21
2.796,use_adaptive_ngroute,0.024808141042747534,0,0.18369230769230774,false,false,6.28125,1.776218e6,1.732153333333333e6,11
3.601,use_adaptive_ngroute,0.011134701714840878,0,0.28208333333333335,false,false,7.781249999999999,1.75682e6,1.7372583333333333e6,6
5.083,none,0.011134701714840767,0,0.71,false,false,8.4375,1.75682e6,1.7372583333333335e6,0
