CG_time_taken,method,CG_LP_IP_gap,implemented_SR3_cuts_count,CG_sp_time_taken_mean,converged,time_limit_reached,ngroute_neighborhood_size,CGIP_objective,CGLP_objective,cycles_lookup_length
8.022,use_adaptive_ngroute,0.3860425782512281,0,0.30659090909090914,false,false,4.0,2.54536e6,1.562742663022454e6,23
7.531,use_adaptive_ngroute,0.09973448941069107,0,0.4424375,false,false,5.718749999999999,1.92836e6,1.7360359999999998e6,19
7.444,use_adaptive_ngroute,0.053444419107187335,0,0.8056666666666668,false,false,6.96875,1.84182e6,1.7433850000000002e6,5
5.679,use_adaptive_ngroute,0.05056836503401885,0,0.797142857142857,false,false,7.1875,1.84182e6,1.7486821739130435e6,3
3.55,none,0.015567404331157886,0,1.1606666666666665,false,false,7.28125,1.77894e6,1.75124652173913e6,0
