CG_time_taken,method,CG_LP_IP_gap,implemented_SR3_cuts_count,CG_sp_time_taken_mean,converged,time_limit_reached,ngroute_neighborhood_size,CGIP_objective,CGLP_objective,cycles_lookup_length
19.759,use_adaptive_ngroute,0.35945458840835964,0,0.7532173913043481,false,false,4.0,2.73726e6,1.7533393333333335e6,32
21.895,use_adaptive_ngroute,0.13010493610146823,0,1.256117647058824,false,false,7.40625,2.13843e6,1.8602097014925373e6,19
31.666,use_adaptive_ngroute,0.10218541588923635,0,3.9370000000000007,false,false,9.4375,2.09022e6,1.8766300000000005e6,9
6.922,use_adaptive_ngroute,0.09767512510644816,0,1.3646,false,false,10.28125,2.09022e6,1.8860575e6,5
15.339,none,0.0961095004353607,0,1.378181818181818,false,false,10.625,2.09022e6,1.8893300000000002e6,0
