CG_time_taken,method,CG_LP_IP_gap,implemented_SR3_cuts_count,CG_sp_time_taken_mean,converged,time_limit_reached,ngroute_neighborhood_size,CGIP_objective,CGLP_objective,cycles_lookup_length
5.084,use_adaptive_ngroute,0.22307838119553147,0,0.17854166666666668,false,false,4.0,2.37831e6,1.8477604552188555e6,22
3.239,use_adaptive_ngroute,0.07801929760130322,0,0.18587499999999998,false,false,6.21875,2.047612e6,1.8878587500000002e6,17
2.24,use_adaptive_ngroute,0.0769621718698007,0,0.3578333333333334,false,false,7.59375,2.047612e6,1.8900233333333337e6,6
3.598,use_adaptive_ngroute,0.07603588961189911,0,0.38811111111111113,false,false,8.28125,2.047612e6,1.89192e6,2
1.477,use_adaptive_ngroute,0.07537672865642864,0,0.47700000000000004,false,false,8.5625,2.047612e6,1.8932697058823528e6,5
2.018,use_adaptive_ngroute,0.07502195052277782,0,0.48774999999999996,false,false,8.75,2.047612e6,1.8939961538461538e6,1
1.109,none,0.0749978733542026,0,0.5365,false,false,8.78125,2.047612e6,1.8940454545454546e6,0
