CG_time_taken,method,CG_LP_IP_gap,implemented_SR3_cuts_count,CG_sp_time_taken_mean,converged,time_limit_reached,ngroute_neighborhood_size,CGIP_objective,CGLP_objective,cycles_lookup_length
10.056,use_adaptive_ngroute,0.9999743112085625,0,0.30796428571428575,false,false,4.0,6.0e10,1.5413274862529456e6,24
5.915,use_adaptive_ngroute,0.1349431944324352,0,0.34218750000000003,false,false,5.749999999999999,2.01368e6,1.741947588235294e6,18
8.654,use_adaptive_ngroute,0.13372342004220528,0,0.6511538461538461,false,false,7.59375,2.01368e6,1.744403823529412e6,4
1.619,none,0.13371948373127807,0,0.523,false,false,7.718750000000001,2.01368e6,1.74441175e6,0
