CG_time_taken,method,CG_LP_IP_gap,implemented_SR3_cuts_count,CG_sp_time_taken_mean,converged,time_limit_reached,ngroute_neighborhood_size,CGIP_objective,CGLP_objective,cycles_lookup_length
6.468,use_adaptive_ngroute,0.2312199562205881,0,0.26999999999999996,false,false,4.0,2.45935e6,1.8906992006688965e6,32
3.667,use_adaptive_ngroute,0.045002099647059146,0,0.315,false,false,7.000000000000001,2.032346e6,1.940886162790698e6,15
6.046,use_adaptive_ngroute,0.001840996861952049,0,0.741125,false,false,8.65625,1.95419e6,1.950592342342342e6,12
4.833,none,0.0013385158483638637,0,0.9528,false,false,9.375,1.95419e6,1.951574285714286e6,0
