CG_time_taken,method,CG_LP_IP_gap,implemented_SR3_cuts_count,CG_sp_time_taken_mean,converged,time_limit_reached,ngroute_neighborhood_size,CGIP_objective,CGLP_objective,cycles_lookup_length
9.526,use_adaptive_ngroute,0.40408294718572746,0,0.27043333333333336,false,false,4.0,2.72415e6,1.6233674394240007e6,29
7.043,use_adaptive_ngroute,0.11997201539153468,0,0.4138125000000001,false,false,6.6875,2.0011e6,1.761024e6,8
4.238,use_adaptive_ngroute,0.11820746803543758,0,0.5871428571428572,false,false,7.687500000000001,2.0011e6,1.764555035714286e6,4
4.222,use_adaptive_ngroute,0.11817340462745518,0,0.6918333333333333,false,false,7.90625,2.0011e6,1.7646231999999995e6,4
1.465,none,0.11773587684668163,0,0.4723333333333334,false,false,8.21875,2.0011e6,1.7654987368421054e6,0
