CG_time_taken,method,CG_LP_IP_gap,implemented_SR3_cuts_count,CG_sp_time_taken_mean,converged,time_limit_reached,ngroute_neighborhood_size,CGIP_objective,CGLP_objective,cycles_lookup_length
5.704,use_adaptive_ngroute,0.23920752210078333,0,0.21295652173913046,false,false,4.0,2.41104e6,1.8343010959141273e6,28
9.34,use_adaptive_ngroute,0.04567940723945252,0,0.4973888888888889,false,false,7.3125,1.97584e6,1.8855848e6,6
2.9,use_adaptive_ngroute,0.04276270683186223,0,0.4633333333333333,false,false,7.718750000000001,1.97584e6,1.8913477333333334e6,5
1.882,use_adaptive_ngroute,0.04245029961940239,0,0.457,false,false,8.0625,1.97584e6,1.891965e6,2
1.758,use_adaptive_ngroute,0.04244622259112274,0,0.5700000000000001,false,false,8.15625,1.97584e6,1.891973055555556e6,4
0.804,none,0.04227055689876558,0,0.784,false,false,8.5,1.97584e6,1.892320142857143e6,0
