CG_time_taken,method,CG_LP_IP_gap,implemented_SR3_cuts_count,CG_sp_time_taken_mean,converged,time_limit_reached,ngroute_neighborhood_size,CGIP_objective,CGLP_objective,cycles_lookup_length
9.035,use_adaptive_ngroute,0.9999685941785894,0,0.2723928571428572,false,false,4.0,6.0e10,1.884349284633125e6,36
29.524,use_adaptive_ngroute,0.16051681880348168,0,1.8154375000000003,false,false,8.194444444444445,2.37621e6,1.9947883299909788e6,26
62.582,use_adaptive_ngroute,0.09153486525735233,0,5.671818181818182,false,false,9.86111111111111,2.213786e6,2.011147396781387e6,10
25.506,use_adaptive_ngroute,0.09000592937919971,0,6.35925,false,false,10.666666666666666,2.213786e6,2.014532133623339e6,7
21.536,none,0.08976455113156279,0,7.162333333333334,false,false,10.88888888888889,2.213786e6,2.0150664934086623e6,0
