CG_time_taken,method,CG_LP_IP_gap,implemented_SR3_cuts_count,CG_sp_time_taken_mean,converged,time_limit_reached,ngroute_neighborhood_size,CGIP_objective,CGLP_objective,cycles_lookup_length
18.784,use_adaptive_ngroute,0.9999719375258221,0,0.44122222222222224,false,false,4.0,6.0e10,1.6837484506702973e6,29
27.676,use_adaptive_ngroute,0.17085341615034955,0,1.2128636363636363,false,false,6.166666666666666,2.23737e6,1.8551076923076925e6,17
22.63,use_adaptive_ngroute,0.06927996302490891,0,2.2246,false,false,7.416666666666667,2.00117e6,1.862529016393443e6,20
34.549,use_adaptive_ngroute,0.06410122300676235,0,3.803888888888889,false,false,8.222222222222223,2.00117e6,1.8728925555555574e6,15
36.824,use_adaptive_ngroute,0.05952460723862363,0,4.060333333333333,false,false,9.416666666666668,2.00117e6,1.8820511417322836e6,6
73.945,use_adaptive_ngroute,0.054416884872349636,0,12.28833333333333,false,false,9.694444444444445,2.00117e6,1.8922725625e6,9
52.561,use_adaptive_ngroute,0.05070950160822585,0,8.732166666666666,false,false,10.666666666666666,2.00117e6,1.8996916666666667e6,2
23.433,none,0.05041654080638713,0,7.783666666666667,false,false,10.75,2.00117e6,1.9002779310344823e6,0
