CG_time_taken,method,CG_LP_IP_gap,implemented_SR3_cuts_count,CG_sp_time_taken_mean,converged,time_limit_reached,ngroute_neighborhood_size,CGIP_objective,CGLP_objective,cycles_lookup_length
8.396,use_adaptive_ngroute,0.9999711620319574,0,0.20553125000000005,false,false,4.0,6.0e10,1.7302780825598438e6,31
14.229,use_adaptive_ngroute,0.22227572788313577,0,0.7263684210526317,false,false,6.055555555555555,2.336552e6,1.8171932034632033e6,11
7.659,use_adaptive_ngroute,0.13535016770580477,0,1.0714285714285716,false,false,6.972222222222221,2.12745e6,1.8394992857142857e6,4
5.025,use_adaptive_ngroute,0.13446701079003653,0,0.9873999999999999,false,false,7.194444444444445,2.12745e6,1.8413781578947369e6,7
6.885,use_adaptive_ngroute,0.12223472687483905,0,0.8428749999999999,false,false,7.555555555555556,2.098182e6,1.8417112962962964e6,1
6.104,none,0.12219379733834179,0,1.2035999999999998,false,false,7.611111111111112,2.098182e6,1.8417971739130435e6,0
