CG_time_taken,method,CG_LP_IP_gap,implemented_SR3_cuts_count,CG_sp_time_taken_mean,converged,time_limit_reached,ngroute_neighborhood_size,CGIP_objective,CGLP_objective,cycles_lookup_length
12.317,use_adaptive_ngroute,0.9999745254652791,0,0.49900000000000005,false,false,4.0,6.0e10,1.5284720832525953e6,36
27.219,use_adaptive_ngroute,0.16847796115957747,0,1.2691428571428574,false,false,7.305555555555555,1.993473e6,1.6576167333333336e6,16
15.2,use_adaptive_ngroute,0.152226711226928,0,1.148153846153846,false,false,8.638888888888888,1.993473e6,1.6900131612903222e6,4
6.632,none,0.15215842405893287,0,1.6332499999999999,false,false,9.305555555555555,1.993473e6,1.6901492899159668e6,0
