CG_time_taken,method,CG_LP_IP_gap,implemented_SR3_cuts_count,CG_sp_time_taken_mean,converged,time_limit_reached,ngroute_neighborhood_size,CGIP_objective,CGLP_objective,cycles_lookup_length
6.504,use_adaptive_ngroute,0.9999702065193233,0,0.1716666666666667,false,false,4.0,6.0e10,1.7876088405999998e6,16
4.596,use_adaptive_ngroute,0.24261296407224375,0,0.32684615384615384,false,false,4.75,2.40396e6,1.820728138888889e6,22
4.542,use_adaptive_ngroute,0.23933402514056956,0,0.5495000000000001,false,false,6.694444444444445,2.40396e6,1.8286105769230765e6,5
4.358,none,0.23837365554513945,0,0.47022222222222226,false,false,6.944444444444444,2.40396e6,1.8309192670157065e6,0
