CG_time_taken,method,CG_LP_IP_gap,implemented_SR3_cuts_count,CG_sp_time_taken_mean,converged,time_limit_reached,ngroute_neighborhood_size,CGIP_objective,CGLP_objective,cycles_lookup_length
6.631,use_adaptive_ngroute,0.9999700886000783,0,0.25309523809523815,false,false,4.0,6.0e10,1.7946839953051647e6,35
40.522,use_adaptive_ngroute,0.0237523196926388,0,2.1081052631578947,false,false,8.583333333333334,1.93328e6,1.8873601153846153e6,10
13.937,use_adaptive_ngroute,0.02297693926531963,0,2.307,false,false,9.555555555555555,1.93328e6,1.888859142857143e6,1
11.046,use_adaptive_ngroute,0.022636225565961454,0,2.74375,false,false,9.61111111111111,1.93328e6,1.889517837837838e6,1
11.565,use_adaptive_ngroute,0.0225491134238186,0,2.2904,false,false,9.63888888888889,1.93328e6,1.88968625e6,1
9.804,use_adaptive_ngroute,0.02253231437105463,0,3.2476666666666674,false,false,9.666666666666666,1.93328e6,1.8897187272727275e6,1
2.499,use_adaptive_ngroute,0.022497156069887336,0,2.463,false,false,9.722222222222221,1.93328e6,1.8897866981132082e6,1
4.666,use_adaptive_ngroute,0.022493922909279207,0,2.311,false,false,9.75,1.93328e6,1.8897929487179487e6,1
1.72,use_adaptive_ngroute,0.02248837898976519,0,1.6840000000000002,false,false,9.777777777777777,1.93328e6,1.8898036666666667e6,2
3.817,none,0.02247717461058296,0,1.8885,false,false,9.833333333333334,1.93328e6,1.889825327868852e6,0
