CG_time_taken,method,CG_LP_IP_gap,implemented_SR3_cuts_count,CG_sp_time_taken_mean,converged,time_limit_reached,ngroute_neighborhood_size,CGIP_objective,CGLP_objective,cycles_lookup_length
7.94,use_adaptive_ngroute,0.9999723689848911,0,0.2321428571428571,false,false,4.0,6.0e10,1.6578609065359123e6,33
17.73,use_adaptive_ngroute,0.07984981362613675,0,0.8655499999999999,false,false,7.527777777777779,1.938494e6,1.7837056153846157e6,14
7.941,use_adaptive_ngroute,0.03921187813012761,0,1.1185714285714285,false,false,8.75,1.86494e6,1.7918121999999997e6,1
6.033,use_adaptive_ngroute,0.03889974600131485,0,1.1894,false,false,8.86111111111111,1.86494e6,1.792394307692308e6,1
3.985,none,0.03888571631139759,0,1.3053333333333335,false,false,9.0,1.86494e6,1.7924204722222222e6,0
