CG_time_taken,method,CG_LP_IP_gap,implemented_SR3_cuts_count,CG_sp_time_taken_mean,converged,time_limit_reached,ngroute_neighborhood_size,CGIP_objective,CGLP_objective,cycles_lookup_length
8.932,use_adaptive_ngroute,0.999969951603908,0,0.2833076923076923,false,false,4.0,6.0e10,1.8029037655172406e6,32
23.604,use_adaptive_ngroute,0.12030878780237131,0,0.8460000000000001,false,false,6.805555555555555,2.15459e6,1.8953738888888888e6,13
14.785,use_adaptive_ngroute,0.11846047275815819,0,1.3188181818181817,false,false,7.666666666666667,2.15459e6,1.89935625e6,3
9.565,none,0.11846047275815819,0,1.5739999999999998,false,false,7.972222222222222,2.15459e6,1.89935625e6,0
