CG_time_taken,method,CG_LP_IP_gap,implemented_SR3_cuts_count,CG_sp_time_taken_mean,converged,time_limit_reached,ngroute_neighborhood_size,CGIP_objective,CGLP_objective,cycles_lookup_length
7.647,use_adaptive_ngroute,0.9999702120671343,0,0.27734782608695646,false,false,4.0,6.0e10,1.7872759719387754e6,33
18.854,use_adaptive_ngroute,0.1846203009786015,0,0.964736842105263,false,false,8.444444444444445,2.4002e6,1.9570743535911606e6,15
4.627,use_adaptive_ngroute,0.18273665791008642,0,1.1184999999999998,false,false,9.944444444444445,2.4002e6,1.9615954736842106e6,11
10.382,use_adaptive_ngroute,0.1826609935283171,0,2.57375,false,false,10.833333333333334,2.4002e6,1.9617770833333333e6,1
8.488,use_adaptive_ngroute,0.18233620850854249,0,2.810666666666666,false,false,10.86111111111111,2.4002e6,1.9625566323377963e6,2
11.066,none,0.1823043045616507,0,3.6693333333333333,false,false,10.916666666666666,2.4002e6,1.9626332081911261e6,0
