CG_time_taken,method,CG_LP_IP_gap,implemented_SR3_cuts_count,CG_sp_time_taken_mean,converged,time_limit_reached,ngroute_neighborhood_size,CGIP_objective,CGLP_objective,cycles_lookup_length
9.57,use_adaptive_ngroute,0.9999704173378681,0,0.28803703703703704,false,false,4.0,6.0e10,1.7749597279127068e6,23
11.268,use_adaptive_ngroute,0.13764199627349682,0,0.7301333333333333,false,false,6.166666666666666,2.11995e6,1.8281558500000003e6,6
3.824,use_adaptive_ngroute,0.1366868050675596,0,0.9359999999999999,false,false,6.527777777777778,2.11995e6,1.8301808075970272e6,16
7.69,none,0.13654278754505522,0,1.90675,false,false,8.277777777777779,2.11995e6,1.83048611754386e6,0
