CG_time_taken,method,CG_LP_IP_gap,implemented_SR3_cuts_count,CG_sp_time_taken_mean,converged,time_limit_reached,ngroute_neighborhood_size,CGIP_objective,CGLP_objective,cycles_lookup_length
7.393,use_adaptive_ngroute,0.32277870786639495,0,0.26495454545454544,false,false,4.0,2.68852e6,1.8207229883270399e6,35
20.669,use_adaptive_ngroute,0.08065767157800363,0,1.1910588235294115,false,false,8.11111111111111,2.07597e6,1.9085270935342119e6,23
15.318,use_adaptive_ngroute,0.07169073499426781,0,2.5305,false,false,10.472222222222221,2.07597e6,1.9271421848739497e6,10
15.627,use_adaptive_ngroute,0.07108961101012867,0,3.8882499999999998,false,false,11.944444444444443,2.07597e6,1.9283901002313031e6,3
12.646,use_adaptive_ngroute,0.07061683706283284,0,3.1405,false,false,12.25,2.07597e6,1.929371564762671e6,9
6.285,none,0.07030773733349804,0,3.1165,false,false,13.194444444444445,2.07597e6,1.930013246527778e6,0
