CG_time_taken,method,CG_LP_IP_gap,implemented_SR3_cuts_count,CG_sp_time_taken_mean,converged,time_limit_reached,ngroute_neighborhood_size,CGIP_objective,CGLP_objective,cycles_lookup_length
10.785,use_adaptive_ngroute,0.999969309848279,0,0.36275999999999997,false,false,4.0,6.0e10,1.8414091032608696e6,35
24.144,use_adaptive_ngroute,0.13730794881833452,0,1.4755624999999997,false,false,9.055555555555555,2.309512e6,1.9923976445086705e6,8
14.642,use_adaptive_ngroute,0.1362966796364845,0,2.9026000000000005,false,false,10.13888888888889,2.309512e6,1.9947331828193835e6,3
10.341,use_adaptive_ngroute,0.13566783610368582,0,3.419333333333334,false,false,10.305555555555555,2.309512e6,1.9961855045045044e6,8
3.489,use_adaptive_ngroute,0.13524745517219883,0,3.4459999999999997,false,false,10.63888888888889,2.309512e6,1.9971563793103448e6,2
21.895,use_adaptive_ngroute,0.10272004378208621,0,3.6279999999999997,false,false,10.694444444444445,2.2259e6,1.9972554545454544e6,1
7.089,none,0.10270765152902739,0,3.5185000000000004,false,false,10.722222222222221,2.2259e6,1.997283038461538e6,0
