CG_time_taken,method,CG_LP_IP_gap,implemented_SR3_cuts_count,CG_sp_time_taken_mean,converged,time_limit_reached,ngroute_neighborhood_size,CGIP_objective,CGLP_objective,cycles_lookup_length
6.272,use_adaptive_ngroute,0.3572589035144247,0,0.20887999999999998,false,false,4.0,2.7584e6,1.772937040545811e6,33
12.977,use_adaptive_ngroute,0.1100959525128763,0,0.657157894736842,false,false,7.583333333333334,2.11161e6,1.8791302857142852e6,16
6.25,use_adaptive_ngroute,0.10841627952131327,0,1.0233333333333334,false,false,9.527777777777777,2.11161e6,1.8826770999999996e6,6
4.28,use_adaptive_ngroute,0.1082251930991045,0,1.4046666666666667,false,false,9.972222222222221,2.11161e6,1.8830805999999999e6,4
2.516,use_adaptive_ngroute,0.10801649987993767,0,1.233,false,false,10.277777777777779,2.11161e6,1.8835212786885248e6,2
6.7,none,0.10799141413423885,0,1.657,false,false,10.333333333333334,2.11161e6,1.88357425e6,0
