CG_time_taken,method,CG_LP_IP_gap,implemented_SR3_cuts_count,CG_sp_time_taken_mean,converged,time_limit_reached,ngroute_neighborhood_size,CGIP_objective,CGLP_objective,cycles_lookup_length
7.06,use_adaptive_ngroute,0.9999706634678897,0,0.19385185185185186,false,false,4.0,6.0e10,1.7601919266224187e6,28
7.304,use_adaptive_ngroute,0.12584652812100527,0,0.3610526315789474,false,false,5.916666666666666,2.132534e6,1.8641620000000002e6,12
4.65,use_adaptive_ngroute,0.12292431713364727,0,0.49777777777777776,false,false,7.472222222222222,2.132534e6,1.8703937142857146e6,3
3.541,none,0.12289010788729915,0,0.571,false,false,7.638888888888889,2.132534e6,1.8704666666666665e6,0
