CG_time_taken,method,CG_LP_IP_gap,implemented_SR3_cuts_count,CG_sp_time_taken_mean,converged,time_limit_reached,ngroute_neighborhood_size,CGIP_objective,CGLP_objective,cycles_lookup_length
8.617,use_adaptive_ngroute,0.31964807902829795,0,0.27108,false,false,4.0,2.70191e6,1.8382496587926515e6,25
18.764,use_adaptive_ngroute,0.27662162007703783,0,0.8979499999999998,false,false,6.527777777777778,2.62469e6,1.8986439999999995e6,9
5.375,use_adaptive_ngroute,0.24804035761506016,0,0.862,false,false,7.083333333333333,2.54128e6,1.91094e6,10
5.535,use_adaptive_ngroute,0.24566075886142102,0,1.0714,false,false,7.777777777777778,2.54128e6,1.9169872267206481e6,12
8.803,none,0.2454973113578227,0,1.7297999999999998,false,false,8.61111111111111,2.54128e6,1.9174025925925924e6,0
