CG_time_taken,method,CG_LP_IP_gap,implemented_SR3_cuts_count,CG_sp_time_taken_mean,converged,time_limit_reached,ngroute_neighborhood_size,CGIP_objective,CGLP_objective,cycles_lookup_length
3.718,use_adaptive_ngroute,0.3338731104174394,0,0.12134782608695653,false,false,4.0,2.85293e6,1.9004133870967745e6,26
2.558,use_adaptive_ngroute,0.24826302098613307,0,0.20709090909090908,false,false,5.944444444444444,2.55645e6,1.921778e6,9
4.296,use_adaptive_ngroute,0.1673577514616904,0,0.36318181818181816,false,false,6.666666666666667,2.31254e6,1.9255185054347825e6,21
3.596,use_adaptive_ngroute,0.14594193175450876,0,0.3791111111111111,false,false,7.972222222222222,2.25622e6,1.9269428947368423e6,2
1.284,use_adaptive_ngroute,0.1458162928985809,0,0.40299999999999997,false,false,8.194444444444445,2.25622e6,1.9272263636363638e6,1
2.784,none,0.1458162928985809,0,0.4461666666666666,false,false,8.277777777777779,2.25622e6,1.9272263636363638e6,0
