CG_time_taken,method,CG_LP_IP_gap,implemented_SR3_cuts_count,CG_sp_time_taken_mean,converged,time_limit_reached,ngroute_neighborhood_size,CGIP_objective,CGLP_objective,cycles_lookup_length
8.663,use_adaptive_ngroute,0.9999701246817153,0,0.2603846153846153,false,false,4.0,6.0e10,1.7925190970817492e6,32
14.05,use_adaptive_ngroute,0.1294459626782979,0,0.7517777777777779,false,false,7.166666666666667,2.16454e6,1.884349035944317e6,19
12.909,use_adaptive_ngroute,0.12403403985373351,0,1.412777777777778,false,false,8.916666666666666,2.16454e6,1.8960633593749998e6,6
4.95,none,0.12397647431458625,0,1.6253333333333333,false,false,9.38888888888889,2.16454e6,1.8961879622871054e6,0
