CG_time_taken,method,CG_LP_IP_gap,implemented_SR3_cuts_count,CG_sp_time_taken_mean,converged,time_limit_reached,ngroute_neighborhood_size,CGIP_objective,CGLP_objective,cycles_lookup_length
1.49,use_adaptive_ngroute,0.9999792606999085,0,0.09378571428571428,false,false,1.0,6.0e10,1.2443580054917047e6,19
1.763,use_adaptive_ngroute,0.07508744221159536,0,0.1684,false,false,4.6499999999999995,1.62992e6,1.5075334761904764e6,13
0.993,use_adaptive_ngroute,0.05492322972184871,0,0.19340000000000002,false,false,7.2,1.62992e6,1.5403995294117643e6,3
0.413,use_adaptive_ngroute,0.05412200933453526,0,0.2005,false,false,7.550000000000001,1.62992e6,1.5417054545454544e6,1
0.208,none,0.053368850325009376,0,0.201,false,false,7.6,1.62992e6,1.5429330434782607e6,0
