CG_time_taken,method,CG_LP_IP_gap,implemented_SR3_cuts_count,CG_sp_time_taken_mean,converged,time_limit_reached,ngroute_neighborhood_size,CGIP_objective,CGLP_objective,cycles_lookup_length
1.838,use_adaptive_ngroute,0.4260716117133848,0,0.07879999999999998,false,false,1.0,2.00359e6,1.1499171794871793e6,15
1.671,use_adaptive_ngroute,0.019530279181509402,0,0.15810000000000002,false,false,3.55,1.44852e6,1.42023e6,3
0.52,use_adaptive_ngroute,0.018489561759589046,0,0.0988,false,false,3.85,1.44852e6,1.4217375e6,3
0.47,use_adaptive_ngroute,0.01847402866373926,0,0.151,false,false,4.45,1.44852e6,1.4217600000000005e6,6
0.534,use_adaptive_ngroute,0.016705844586198282,0,0.17133333333333334,false,false,5.0,1.44852e6,1.42432125e6,1
0.524,none,0.015491098960778604,0,0.169,false,false,5.15,1.44852e6,1.426080833333333e6,0
