CG_time_taken,method,CG_LP_IP_gap,implemented_SR3_cuts_count,CG_sp_time_taken_mean,converged,time_limit_reached,ngroute_neighborhood_size,CGIP_objective,CGLP_objective,cycles_lookup_length
11.441,use_adaptive_ngroute,0.9999683789166287,0,0.30476666666666674,false,false,4.0,6.0e10,1.897265002275473e6,31
16.01,use_adaptive_ngroute,0.20401322615134854,0,0.9124117647058824,false,false,5.305555555555555,2.5253e6,2.0101053999999997e6,12
9.154,use_adaptive_ngroute,0.20190444133935992,0,1.2922857142857143,false,false,6.472222222222222,2.5253e6,2.0154307142857143e6,3
10.206,use_adaptive_ngroute,0.20179661822357742,0,2.0233999999999996,false,false,6.833333333333333,2.5253e6,2.015703e6,3
9.497,use_adaptive_ngroute,0.200828451685382,0,2.3562499999999997,false,false,6.972222222222221,2.5253e6,2.0181479109589048e6,8
6.653,use_adaptive_ngroute,0.20047571210924398,0,2.199333333333333,false,false,7.638888888888889,2.5253e6,2.019038684210526e6,3
7.812,use_adaptive_ngroute,0.20046317516730694,0,1.9369999999999998,false,false,7.972222222222222,2.5253e6,2.0190703437499998e6,1
4.344,use_adaptive_ngroute,0.20046233885233333,0,2.1505,false,false,8.0,2.5253e6,2.0190724556962026e6,2
4.621,none,0.20046065248259048,0,2.29,false,false,8.055555555555555,2.5253e6,2.0190767142857143e6,0
