CG_time_taken,method,CG_LP_IP_gap,implemented_SR3_cuts_count,CG_sp_time_taken_mean,converged,time_limit_reached,ngroute_neighborhood_size,CGIP_objective,CGLP_objective,cycles_lookup_length
1.645,use_adaptive_ngroute,0.06844231618729757,0,0.11261538461538462,false,false,4.6499999999999995,1.62992e6,1.5183645e6,14
1.385,use_adaptive_ngroute,0.05865556549422368,0,0.16637500000000002,false,false,7.05,1.62992e6,1.534316120689655e6,6
0.861,use_adaptive_ngroute,0.053526630394461816,0,0.209,false,false,7.75,1.62992e6,1.5426758745874588e6,4
0.194,none,0.053368850325009376,0,0.185,false,false,8.05,1.62992e6,1.5429330434782607e6,0
