CG_time_taken,method,CG_LP_IP_gap,implemented_SR3_cuts_count,CG_sp_time_taken_mean,converged,time_limit_reached,ngroute_neighborhood_size,CGIP_objective,CGLP_objective,cycles_lookup_length
2.314,use_adaptive_ngroute,0.15341337905135966,0,0.15242857142857144,false,false,4.6499999999999995,1.531708e6,1.2967235e6,1
0.859,use_adaptive_ngroute,0.03416279257724608,0,0.16299999999999998,false,false,4.75,1.371628e6,1.324769357142857e6,5
0.987,use_adaptive_ngroute,0.03270592109730708,0,0.31933333333333336,false,false,5.15,1.371628e6,1.326767642857143e6,3
1.094,use_adaptive_ngroute,0.030861319541449994,0,0.2116,false,false,5.8500000000000005,1.371628e6,1.32929775e6,2
0.378,use_adaptive_ngroute,0.03022086579909855,0,0.1815,false,false,5.949999999999999,1.371628e6,1.330176214285714e6,3
1.393,none,0.02863239887199731,0,0.34175,false,false,6.4,1.371628e6,1.332355e6,0
