CG_time_taken,method,CG_LP_IP_gap,implemented_SR3_cuts_count,CG_sp_time_taken_mean,converged,time_limit_reached,ngroute_neighborhood_size,CGIP_objective,CGLP_objective,cycles_lookup_length
1.576,use_adaptive_ngroute,0.13010866666886112,0,0.10078571428571428,false,false,4.6499999999999995,1.7869e6,1.554408823529412e6,7
0.998,use_adaptive_ngroute,0.09738973819325591,0,0.13657142857142857,false,false,5.8500000000000005,1.72952e6,1.5610825e6,1
0.179,use_adaptive_ngroute,0.09715123271196635,0,0.168,false,false,5.8999999999999995,1.72952e6,1.561495e6,1
0.368,use_adaptive_ngroute,0.0925521568627451,0,0.11499999999999999,false,false,5.949999999999999,1.72125e6,1.5619446e6,4
0.316,none,0.09120058097313,0,0.151,false,false,6.75,1.72125e6,1.564271e6,0
