CG_time_taken,method,CG_LP_IP_gap,implemented_SR3_cuts_count,CG_sp_time_taken_mean,converged,time_limit_reached,ngroute_neighborhood_size,CGIP_objective,CGLP_objective,cycles_lookup_length
3.031,use_adaptive_ngroute,0.10097344752333737,0,0.19226666666666664,false,false,4.6499999999999995,1.57908e6,1.4196348484848484e6,13
1.4,use_adaptive_ngroute,0.086479909600637,0,0.194,false,false,7.0,1.57908e6,1.4425213043478262e6,5
0.915,use_adaptive_ngroute,0.05225663202529762,0,0.2976666666666667,false,false,7.25,1.53544e6,1.455203076923077e6,3
0.502,use_adaptive_ngroute,0.05202670823274669,0,0.2445,false,false,7.4,1.53544e6,1.4555561111111115e6,1
0.206,none,0.051811552005786354,0,0.198,false,false,7.550000000000001,1.53544e6,1.4558864705882354e6,0
