CG_time_taken,method,CG_LP_IP_gap,implemented_SR3_cuts_count,CG_sp_time_taken_mean,converged,time_limit_reached,ngroute_neighborhood_size,CGIP_objective,CGLP_objective,cycles_lookup_length
1.834,use_adaptive_ngroute,0.1182873194107289,0,0.0956470588235294,false,false,4.6499999999999995,1.60608e6,1.4161011020408166e6,12
0.378,use_adaptive_ngroute,0.028359249450044643,0,0.0885,false,false,6.75,1.471028e6,1.4293107499999998e6,3
0.32,use_adaptive_ngroute,0.026336878505566097,0,0.09866666666666667,false,false,7.05,1.471028e6,1.432285714285714e6,3
0.322,use_adaptive_ngroute,0.02408420052734106,0,0.10066666666666667,false,false,7.2,1.471028e6,1.4355994666666666e6,1
0.28,use_adaptive_ngroute,0.024084200527340838,0,0.08633333333333335,false,false,7.25,1.471028e6,1.4355994666666668e6,3
0.242,use_adaptive_ngroute,0.023210769820623534,0,0.11400000000000002,false,false,7.4,1.471028e6,1.4368843076923077e6,2
0.22,none,0.023158105911119442,0,0.10250000000000001,false,false,7.5,1.471028e6,1.4369617777777778e6,0
