CG_time_taken,method,CG_LP_IP_gap,implemented_SR3_cuts_count,CG_sp_time_taken_mean,converged,time_limit_reached,ngroute_neighborhood_size,CGIP_objective,CGLP_objective,cycles_lookup_length
1.4,use_adaptive_ngroute,0.10568927325597322,0,0.07946666666666666,false,false,4.6499999999999995,1.56522e6,1.3997930357142857e6,12
0.866,use_adaptive_ngroute,0.03941439150425197,0,0.08922222222222222,false,false,6.0,1.47462e6,1.41649875e6,9
0.682,use_adaptive_ngroute,0.03527080157041451,0,0.1302,false,false,7.75,1.47462e6,1.4226089705882354e6,4
0.378,use_adaptive_ngroute,0.035133486367109334,0,0.1825,false,false,8.65,1.47462e6,1.4228114583333333e6,1
0.159,none,0.035042172823431805,0,0.15,false,false,8.7,1.47462e6,1.422946111111111e6,0
