CG_time_taken,method,CG_LP_IP_gap,implemented_SR3_cuts_count,CG_sp_time_taken_mean,converged,time_limit_reached,ngroute_neighborhood_size,CGIP_objective,CGLP_objective,cycles_lookup_length
1.573,use_adaptive_ngroute,0.12059882108396314,0,0.1,false,false,4.6499999999999995,1.62607e6,1.429967875e6,9
0.679,use_adaptive_ngroute,0.11682446020159032,0,0.12760000000000002,false,false,6.550000000000001,1.62607e6,1.43610525e6,5
0.407,use_adaptive_ngroute,0.07999889135498406,0,0.12833333333333333,false,false,7.6499999999999995,1.561752e6,1.436813571428571e6,2
0.327,use_adaptive_ngroute,0.07926955835775973,0,0.1555,false,false,8.0,1.561752e6,1.437952608695652e6,3
0.134,none,0.07878733993251552,0,0.122,false,false,8.200000000000001,1.561752e6,1.438705714285714e6,0
