CG_time_taken,method,CG_LP_IP_gap,implemented_SR3_cuts_count,CG_sp_time_taken_mean,converged,time_limit_reached,ngroute_neighborhood_size,CGIP_objective,CGLP_objective,cycles_lookup_length
1.426,use_adaptive_ngroute,0.007345103884194293,0,0.07570588235294118,false,false,4.6499999999999995,1.52301e6,1.5118233333333333e6,6
0.428,use_adaptive_ngroute,0.0053227928028486415,0,0.08,false,false,5.4,1.52301e6,1.5149033333333335e6,2
0.076,use_adaptive_ngroute,0.0051405878271756356,0,0.068,false,false,5.8,1.52301e6,1.5151808333333333e6,6
0.267,none,0.004891629076631099,0,0.08333333333333333,false,false,6.35,1.52301e6,1.51556e6,0
