CG_time_taken,method,CG_LP_IP_gap,implemented_SR3_cuts_count,CG_sp_time_taken_mean,converged,time_limit_reached,ngroute_neighborhood_size,CGIP_objective,CGLP_objective,cycles_lookup_length
1.854,use_adaptive_ngroute,0.06683572466671883,0,0.08547368421052631,false,false,4.375,1.67201e6,1.5602599999999995e6,4
0.562,use_adaptive_ngroute,0.00583985365063755,0,0.08583333333333334,false,false,4.75,1.576866e6,1.5676573333333337e6,2
0.328,use_adaptive_ngroute,0.0052217499774871445,0,0.09900000000000002,false,false,4.916666666666667,1.576866e6,1.5686319999999998e6,4
0.567,none,0.002817614179010719,0,0.10540000000000001,false,false,5.416666666666667,1.576866e6,1.572423e6,0
