CG_time_taken,method,CG_LP_IP_gap,implemented_SR3_cuts_count,CG_sp_time_taken_mean,converged,time_limit_reached,ngroute_neighborhood_size,CGIP_objective,CGLP_objective,cycles_lookup_length
3.069,use_adaptive_ngroute,0.10831216219956752,0,0.1441052631578947,false,false,4.375,1.661854e6,1.481855e6,8
2.084,use_adaptive_ngroute,0.10198188288501875,0,0.22144444444444447,false,false,5.5,1.661854e6,1.492375e6,9
1.934,use_adaptive_ngroute,0.09438983508779952,0,0.26571428571428574,false,false,5.916666666666667,1.661854e6,1.504991875e6,6
2.071,none,0.08858419572357135,0,0.28757142857142853,false,false,6.25,1.661854e6,1.51464e6,0
