CG_time_taken,method,CG_LP_IP_gap,implemented_SR3_cuts_count,CG_sp_time_taken_mean,converged,time_limit_reached,ngroute_neighborhood_size,CGIP_objective,CGLP_objective,cycles_lookup_length
2.444,use_adaptive_ngroute,0.08131190429414614,0,0.10004545454545458,false,false,4.375,1.639022e6,1.50575e6,5
0.402,use_adaptive_ngroute,0.07836464367165308,0,0.12433333333333332,false,false,4.916666666666667,1.639022e6,1.5105806249999998e6,7
0.618,use_adaptive_ngroute,0.0758942739117503,0,0.14525000000000002,false,false,5.625,1.639022e6,1.5146296153846153e6,3
0.383,none,0.07561460431891687,0,0.1815,false,false,6.458333333333334,1.639022e6,1.5150880000000002e6,0
