CG_time_taken,method,CG_LP_IP_gap,implemented_SR3_cuts_count,CG_sp_time_taken_mean,converged,time_limit_reached,ngroute_neighborhood_size,CGIP_objective,CGLP_objective,cycles_lookup_length
3.5,use_adaptive_ngroute,0.13103117891921834,0,0.18599999999999997,false,false,4.375,2.06751e6,1.7966017272727268e6,17
2.464,use_adaptive_ngroute,0.04825369466889773,0,0.34314285714285714,false,false,7.5,1.896258e6,1.8047565454545454e6,5
1.091,use_adaptive_ngroute,0.047925616310298125,0,0.35600000000000004,false,false,8.666666666666668,1.896258e6,1.8053786666666667e6,3
0.962,none,0.047881248226770534,0,0.4725,false,false,9.0,1.896258e6,1.8054628000000005e6,0
