CG_time_taken,method,CG_LP_IP_gap,implemented_SR3_cuts_count,CG_sp_time_taken_mean,converged,time_limit_reached,ngroute_neighborhood_size,CGIP_objective,CGLP_objective,cycles_lookup_length
3.266,use_adaptive_ngroute,0.12279082089157733,0,0.1781764705882353,false,false,4.375,1.782078e6,1.5632551794871797e6,14
2.66,use_adaptive_ngroute,0.060648711388465615,0,0.2878888888888889,false,false,6.75,1.687335e6,1.5850003065693434e6,11
1.848,use_adaptive_ngroute,0.056889513147458604,0,0.363,false,false,7.875,1.687335e6,1.591343333333333e6,1
1.183,use_adaptive_ngroute,0.054904035061206,0,0.583,false,false,7.916666666666667,1.687335e6,1.5946935e6,2
0.498,none,0.054886137014878544,0,0.487,false,false,8.583333333333332,1.687335e6,1.5947237e6,0
