CG_time_taken,method,CG_LP_IP_gap,implemented_SR3_cuts_count,CG_sp_time_taken_mean,converged,time_limit_reached,ngroute_neighborhood_size,CGIP_objective,CGLP_objective,cycles_lookup_length
3.918,use_adaptive_ngroute,0.048522615349647746,0,0.21594117647058825,false,false,4.375,1.58388e6,1.507026e6,16
2.202,use_adaptive_ngroute,0.019792547783217596,0,0.305,false,false,6.958333333333333,1.56052e6,1.5296333333333333e6,5
1.29,use_adaptive_ngroute,0.017451335384831235,0,0.4213333333333333,false,false,7.541666666666667,1.56052e6,1.5332868421052631e6,1
1.163,use_adaptive_ngroute,0.017451335384831235,0,0.37900000000000006,false,false,7.583333333333334,1.56052e6,1.5332868421052631e6,2
0.487,none,0.017451335384831235,0,0.476,false,false,7.958333333333333,1.56052e6,1.5332868421052631e6,0
