CG_time_taken,method,CG_LP_IP_gap,implemented_SR3_cuts_count,CG_sp_time_taken_mean,converged,time_limit_reached,ngroute_neighborhood_size,CGIP_objective,CGLP_objective,cycles_lookup_length
2.566,use_adaptive_ngroute,0.3598203424082338,0,0.11811764705882355,false,false,1.0,2.20917e6,1.414265694162002e6,24
2.043,use_adaptive_ngroute,0.14432833855312743,0,0.17027272727272727,false,false,5.874999999999999,1.84935e6,1.5824363870967738e6,10
1.093,use_adaptive_ngroute,0.13639291218149996,0,0.20919999999999997,false,false,7.166666666666666,1.84935e6,1.597111767857143e6,19
1.873,none,0.10099101368942642,0,0.25771428571428573,false,false,9.875,1.78605e6,1.605675e6,0
