CG_time_taken,method,CG_LP_IP_gap,implemented_SR3_cuts_count,CG_sp_time_taken_mean,converged,time_limit_reached,ngroute_neighborhood_size,CGIP_objective,CGLP_objective,cycles_lookup_length
3.013,use_adaptive_ngroute,0.14933731102898207,0,0.17156249999999998,false,false,4.375,1.8618e6,1.5837637943262411e6,14
1.843,use_adaptive_ngroute,0.08287214580064206,0,0.2544285714285714,false,false,5.833333333333333,1.73572e6,1.5918771590909096e6,6
1.338,use_adaptive_ngroute,0.0754926184056458,0,0.259,false,false,6.083333333333333,1.73572e6,1.6046859523809524e6,4
0.852,none,0.07450123053376623,0,0.4165,false,false,6.541666666666667,1.73572e6,1.6064067241379314e6,0
