CG_time_taken,method,CG_LP_IP_gap,implemented_SR3_cuts_count,CG_sp_time_taken_mean,converged,time_limit_reached,ngroute_neighborhood_size,CGIP_objective,CGLP_objective,cycles_lookup_length
8.606,use_adaptive_ngroute,0.15685836508840323,0,0.4722352941176471,false,false,5.571428571428571,2.05479e6,1.732479e6,9
3.07,use_adaptive_ngroute,0.15515940801736428,0,0.4257142857142857,false,false,6.857142857142858,2.05479e6,1.73597e6,4
1.916,use_adaptive_ngroute,0.15423752027492554,0,0.37000000000000005,false,false,7.107142857142857,2.05479e6,1.7378642857142857e6,6
1.633,none,0.12894997697098343,0,0.5289999999999999,false,false,7.607142857142857,1.99748e6,1.739905e6,0
