CG_time_taken,method,CG_LP_IP_gap,implemented_SR3_cuts_count,CG_sp_time_taken_mean,converged,time_limit_reached,ngroute_neighborhood_size,CGIP_objective,CGLP_objective,cycles_lookup_length
8.296,use_adaptive_ngroute,0.059783576477665856,0,0.39265,false,false,5.571428571428571,1.66225e6,1.56287475e6,5
3.838,use_adaptive_ngroute,0.05833338346618544,0,0.5308571428571428,false,false,6.142857142857142,1.66225e6,1.5652853333333333e6,1
2.543,use_adaptive_ngroute,0.05740642533221507,0,0.61775,false,false,6.2142857142857135,1.66225e6,1.5668261694915255e6,9
7.008,none,0.057139486305375575,0,1.3883999999999999,false,false,7.678571428571428,1.66225e6,1.5672698888888895e6,0
