CG_time_taken,method,CG_LP_IP_gap,implemented_SR3_cuts_count,CG_sp_time_taken_mean,converged,time_limit_reached,ngroute_neighborhood_size,CGIP_objective,CGLP_objective,cycles_lookup_length
17.071,use_adaptive_ngroute,0.012099155651362214,0,0.6082222222222221,false,false,5.571428571428571,1.58189e6,1.5627504666666666e6,10
6.611,use_adaptive_ngroute,0.01101407735274218,0,0.7146666666666667,false,false,6.464285714285714,1.58189e6,1.5644669411764706e6,5
4.731,use_adaptive_ngroute,0.010410990439705947,0,0.772,false,false,6.785714285714286,1.58189e6,1.5654209583333335e6,8
4.245,use_adaptive_ngroute,0.010336812294154618,0,0.6946666666666667,false,false,7.571428571428571,1.58189e6,1.5655382999999998e6,5
3.473,none,0.010191569057564465,0,0.85275,false,false,8.142857142857142,1.58189e6,1.5657680588235294e6,0
