CG_time_taken,method,CG_LP_IP_gap,implemented_SR3_cuts_count,CG_sp_time_taken_mean,converged,time_limit_reached,ngroute_neighborhood_size,CGIP_objective,CGLP_objective,cycles_lookup_length
10.217,use_adaptive_ngroute,0.04166855645957235,0,0.37323076923076925,false,false,5.571428571428571,1.78799e6,1.7134870377358492e6,10
2.397,use_adaptive_ngroute,0.03976951772660908,0,0.58525,false,false,7.214285714285714,1.78799e6,1.7168825000000002e6,4
1.277,use_adaptive_ngroute,0.03919269897826816,0,0.4136666666666667,false,false,7.607142857142857,1.78799e6,1.7179138461538462e6,5
3.222,none,0.039133278549816075,0,0.5223333333333333,false,false,8.25,1.78799e6,1.7180200892857143e6,0
