CG_time_taken,method,CG_LP_IP_gap,implemented_SR3_cuts_count,CG_sp_time_taken_mean,converged,time_limit_reached,ngroute_neighborhood_size,CGIP_objective,CGLP_objective,cycles_lookup_length
5.641,use_adaptive_ngroute,0.09096690490512949,0,0.2783157894736842,false,false,5.571428571428571,1.96162e6,1.7831775e6,12
2.421,use_adaptive_ngroute,0.0059609050461171265,0,0.29075,false,false,6.892857142857143,1.80479e6,1.7940318181818184e6,2
1.738,use_adaptive_ngroute,0.004619980849902339,0,0.33580000000000004,false,false,7.142857142857142,1.80479e6,1.7964519047619049e6,3
1.641,use_adaptive_ngroute,0.0037946638825414603,0,0.3162,false,false,7.357142857142857,1.80479e6,1.797941428571428e6,3
0.902,none,0.0033623487127775187,0,0.2873333333333334,false,false,7.571428571428571,1.80479e6,1.7987216666666663e6,0
