CG_time_taken,method,CG_LP_IP_gap,implemented_SR3_cuts_count,CG_sp_time_taken_mean,converged,time_limit_reached,ngroute_neighborhood_size,CGIP_objective,CGLP_objective,cycles_lookup_length
7.056,use_adaptive_ngroute,0.05986859160186697,0,0.3509473684210527,false,false,5.571428571428571,1.859318e6,1.74800325e6,9
3.004,use_adaptive_ngroute,0.05359104790035918,0,0.41428571428571426,false,false,6.785714285714286,1.859318e6,1.7596752e6,4
2.631,use_adaptive_ngroute,0.04921067581975125,0,0.5118,false,false,7.535714285714286,1.855258e6,1.7639595e6,1
1.751,none,0.04921067581975125,0,0.5686666666666668,false,false,7.571428571428571,1.855258e6,1.7639595e6,0
