CG_time_taken,method,CG_LP_IP_gap,implemented_SR3_cuts_count,CG_sp_time_taken_mean,converged,time_limit_reached,ngroute_neighborhood_size,CGIP_objective,CGLP_objective,cycles_lookup_length
9.284,use_adaptive_ngroute,0.17626336506063178,0,0.47021052631578947,false,false,5.571428571428571,2.16201e6,1.7809268421052634e6,17
6.683,use_adaptive_ngroute,0.14714797146078384,0,0.6544,false,false,8.25,2.11296e6,1.8020422222222222e6,5
5.098,use_adaptive_ngroute,0.12286023416669889,0,0.8383333333333334,false,false,8.607142857142858,2.07032e6,1.81596e6,6
4.599,use_adaptive_ngroute,0.12178908015236922,0,1.1375,false,false,9.321428571428571,2.07032e6,1.818177631578947e6,1
2.717,none,0.1213734196558105,0,0.8926666666666666,false,false,9.357142857142858,2.07032e6,1.8190381818181823e6,0
