CG_time_taken,method,CG_LP_IP_gap,implemented_SR3_cuts_count,CG_sp_time_taken_mean,converged,time_limit_reached,ngroute_neighborhood_size,CGIP_objective,CGLP_objective,cycles_lookup_length
1.792,use_adaptive_ngroute,0.290654504228706,0,0.06638095238095239,false,false,1.0,2.00137e6,1.4196627948717948e6,14
0.946,use_adaptive_ngroute,0.03366101894798679,0,0.07600000000000003,false,false,2.5833333333333335,1.546822e6,1.4947543953488371e6,19
0.921,use_adaptive_ngroute,0.02426685164808884,0,0.09055555555555556,false,false,4.708333333333333,1.546822e6,1.5092855e6,2
0.728,use_adaptive_ngroute,0.02132961071869366,0,0.13920000000000002,false,false,4.958333333333333,1.546822e6,1.5138288888888888e6,5
0.828,none,0.0,0,0.1598,true,false,5.5,1.516428e6,1.516428e6,0
