CG_time_taken,method,CG_LP_IP_gap,implemented_SR3_cuts_count,CG_sp_time_taken_mean,converged,time_limit_reached,ngroute_neighborhood_size,CGIP_objective,CGLP_objective,cycles_lookup_length
11.867,use_adaptive_ngroute,0.14083783783783776,0,0.40937037037037033,false,false,5.375,1.9055e6,1.6371335000000002e6,13
10.347,use_adaptive_ngroute,0.13460635003935972,0,0.7774615384615383,false,false,6.71875,1.9055e6,1.6490076e6,9
5.992,use_adaptive_ngroute,0.0879246628908753,0,0.9815,false,false,7.15625,1.824274e6,1.6638753235294113e6,4
1.71,use_adaptive_ngroute,0.08753124188033157,0,0.8315,false,false,7.656250000000001,1.824274e6,1.66459303125e6,5
0.938,none,0.08690393451602885,0,0.91,false,false,7.9375,1.824274e6,1.665737411764706e6,0
