CG_time_taken,method,CG_LP_IP_gap,implemented_SR3_cuts_count,CG_sp_time_taken_mean,converged,time_limit_reached,ngroute_neighborhood_size,CGIP_objective,CGLP_objective,cycles_lookup_length
20.933,use_adaptive_ngroute,0.14217702086719364,0,0.7475185185185185,false,false,5.375,2.14116e6,1.8367362499999998e6,11
3.451,use_adaptive_ngroute,0.08117494643479994,0,0.4761428571428571,false,false,6.09375,2.0069e6,1.84399e6,7
8.256,use_adaptive_ngroute,0.07891818680099116,0,0.7359090909090908,false,false,6.71875,2.0069e6,1.8485190909090908e6,4
2.165,none,0.038049130543306275,0,0.7050000000000001,false,false,6.875,1.92304e6,1.8498700000000002e6,0
