CG_time_taken,method,CG_LP_IP_gap,implemented_SR3_cuts_count,CG_sp_time_taken_mean,converged,time_limit_reached,ngroute_neighborhood_size,CGIP_objective,CGLP_objective,cycles_lookup_length
15.561,use_adaptive_ngroute,0.14625670826008985,0,0.5730384615384615,false,false,5.375,2.04634e6,1.7470490476190478e6,11
6.808,use_adaptive_ngroute,0.02442993112364311,0,0.8265,false,false,7.1875,1.79452e6,1.75068e6,2
5.975,use_adaptive_ngroute,0.023953480596482613,0,0.72775,false,false,7.28125,1.79452e6,1.751535e6,2
5.749,none,0.021952945634487242,0,0.9378333333333332,false,false,7.8125,1.79452e6,1.755125e6,0
