CG_time_taken,method,CG_LP_IP_gap,implemented_SR3_cuts_count,CG_sp_time_taken_mean,converged,time_limit_reached,ngroute_neighborhood_size,CGIP_objective,CGLP_objective,cycles_lookup_length
12.216,use_adaptive_ngroute,0.15351270095497593,0,0.4761666666666666,false,false,5.375,2.131572e6,1.804348625e6,13
5.625,use_adaptive_ngroute,0.13430769147084387,0,0.682875,false,false,7.21875,2.10321e6,1.8207327202216065e6,11
5.331,use_adaptive_ngroute,0.12697294079824795,0,0.8724999999999998,false,false,8.625,2.09442e6,1.8284853333333335e6,11
5.029,use_adaptive_ngroute,0.12444839541893837,0,0.9890000000000001,false,false,9.21875,2.09442e6,1.833772791666667e6,5
3.201,use_adaptive_ngroute,0.12268493409202652,0,1.0486666666666669,false,false,9.5,2.09442e6,1.8374662203389779e6,4
3.097,none,0.12248242472856463,0,1.527,false,false,10.0,2.09442e6,1.8378903599999996e6,0
