CG_time_taken,method,CG_LP_IP_gap,implemented_SR3_cuts_count,CG_sp_time_taken_mean,converged,time_limit_reached,ngroute_neighborhood_size,CGIP_objective,CGLP_objective,cycles_lookup_length
13.451,use_adaptive_ngroute,0.09251132708786358,0,0.6049523809523809,false,false,5.375,2.00114e6,1.8160118829113927e6,21
9.947,use_adaptive_ngroute,0.08959119797441961,0,1.4067142857142858,false,false,8.6875,2.00114e6,1.82185547008547e6,9
15.907,use_adaptive_ngroute,0.08749758251831541,0,2.2551428571428573,false,false,9.875,2.00114e6,1.8260450877192982e6,3
5.306,none,0.08739347519282425,0,2.6330000000000005,false,false,9.96875,2.00114e6,1.8262534210526317e6,0
