CG_time_taken,method,CG_LP_IP_gap,implemented_SR3_cuts_count,CG_sp_time_taken_mean,converged,time_limit_reached,ngroute_neighborhood_size,CGIP_objective,CGLP_objective,cycles_lookup_length
9.564,use_adaptive_ngroute,0.036987563386057354,0,0.44615000000000005,false,false,5.375,1.799686e6,1.73312e6,10
5.904,use_adaptive_ngroute,0.031999928614998674,0,0.6351111111111111,false,false,6.78125,1.799686e6,1.7420961764705875e6,4
3.723,use_adaptive_ngroute,0.030468722506778123,0,0.7236,false,false,7.28125,1.799686e6,1.7448518666666665e6,7
2.764,use_adaptive_ngroute,0.030443009026494994,0,0.6732499999999999,false,false,7.875,1.799686e6,1.7448981428571434e6,3
2.717,none,0.030224275305917536,0,0.66125,false,false,7.96875,1.799686e6,1.7452917948717945e6,0
