CG_time_taken,method,CG_LP_IP_gap,implemented_SR3_cuts_count,CG_sp_time_taken_mean,converged,time_limit_reached,ngroute_neighborhood_size,CGIP_objective,CGLP_objective,cycles_lookup_length
1.106,use_adaptive_ngroute,0.10978502990504924,0,0.054625000000000014,false,false,1.0,1.72639e6,1.536858222222222e6,15
1.03,use_adaptive_ngroute,0.0644878234665377,0,0.05986666666666667,false,false,3.0416666666666665,1.67201e6,1.5641857142857143e6,4
0.195,use_adaptive_ngroute,0.00663614263501644,0,0.05533333333333334,false,false,3.2916666666666665,1.576866e6,1.5664016923076923e6,4
0.166,use_adaptive_ngroute,0.0039447142079832576,0,0.04566666666666667,false,false,3.583333333333333,1.576866e6,1.5706457142857143e6,2
0.223,use_adaptive_ngroute,0.003037829466803088,0,0.06666666666666667,false,false,3.666666666666667,1.576866e6,1.57207575e6,1
0.214,none,0.002817614179010608,0,0.06266666666666668,false,false,3.75,1.576866e6,1.5724230000000002e6,0
