CG_time_taken,method,CG_LP_IP_gap,implemented_SR3_cuts_count,CG_sp_time_taken_mean,converged,time_limit_reached,ngroute_neighborhood_size,CGIP_objective,CGLP_objective,cycles_lookup_length
15.356,use_adaptive_ngroute,0.039425644390668646,0,0.6351739130434784,false,false,5.375,1.804382e6,1.7332430769230765e6,8
10.918,use_adaptive_ngroute,0.03200652633422385,0,0.88975,false,false,6.46875,1.804382e6,1.7466300000000005e6,4
4.24,use_adaptive_ngroute,0.029448020574839306,0,1.038,false,false,6.84375,1.804382e6,1.7512465217391304e6,1
2.32,none,0.029448020574839084,0,1.1344999999999998,false,false,6.90625,1.804382e6,1.7512465217391306e6,0
