CG_time_taken,method,CG_LP_IP_gap,implemented_SR3_cuts_count,CG_sp_time_taken_mean,converged,time_limit_reached,ngroute_neighborhood_size,CGIP_objective,CGLP_objective,cycles_lookup_length
6.992,use_adaptive_ngroute,0.09601133877951884,0,0.30338095238095236,false,false,5.375,2.09076e6,1.8900233333333333e6,4
3.823,use_adaptive_ngroute,0.08673489090558006,0,0.3638,false,false,5.875,2.0716e6,1.8919200000000002e6,2
3.154,use_adaptive_ngroute,0.08601000836712369,0,0.37637499999999996,false,false,6.375000000000001,2.0716e6,1.8934216666666665e6,3
2.131,use_adaptive_ngroute,0.07429589442743578,0,0.408,false,false,7.124999999999999,2.045745e6,1.8937545454545454e6,1
3.414,use_adaptive_ngroute,0.07448549713348118,0,0.4702857142857143,false,false,7.25,2.045745e6,1.8933666666666665e6,4
1.234,none,0.0741536923979017,0,0.3813333333333333,false,false,7.375,2.045745e6,1.8940454545454546e6,0
