CG_time_taken,method,CG_LP_IP_gap,implemented_SR3_cuts_count,CG_sp_time_taken_mean,converged,time_limit_reached,ngroute_neighborhood_size,CGIP_objective,CGLP_objective,cycles_lookup_length
11.716,use_adaptive_ngroute,0.07412340026139652,0,0.5065454545454545,false,false,5.375,1.90005e6,1.7592118333333335e6,9
5.754,use_adaptive_ngroute,0.07138230784610322,0,0.6245555555555556,false,false,6.875,1.90005e6,1.7644200459770116e6,10
2.868,use_adaptive_ngroute,0.07127538748980289,0,0.69925,false,false,7.40625,1.90005e6,1.7646232e6,4
2.887,none,0.0708145907517671,0,0.5631999999999999,false,false,7.718750000000001,1.90005e6,1.765498736842105e6,0
