CG_time_taken,method,CG_LP_IP_gap,implemented_SR3_cuts_count,CG_sp_time_taken_mean,converged,time_limit_reached,ngroute_neighborhood_size,CGIP_objective,CGLP_objective,cycles_lookup_length
1.882,use_adaptive_ngroute,0.2740287205911982,0,0.10533333333333336,false,false,1.0,1.91403e6,1.389530807926829e6,23
3.848,use_adaptive_ngroute,0.11319046258697751,0,0.21523529411764705,false,false,5.583333333333333,1.68024e6,1.4900528571428568e6,11
3.611,use_adaptive_ngroute,0.10200030947959815,0,0.2930833333333333,false,false,6.166666666666667,1.68024e6,1.508855e6,1
1.644,use_adaptive_ngroute,0.10116858305956289,0,0.2648333333333333,false,false,6.25,1.68024e6,1.5102525e6,9
1.69,none,0.09283438345990758,0,0.41425,false,false,6.625,1.66964e6,1.51464e6,0
