CG_time_taken,method,CG_LP_IP_gap,implemented_SR3_cuts_count,CG_sp_time_taken_mean,converged,time_limit_reached,ngroute_neighborhood_size,CGIP_objective,CGLP_objective,cycles_lookup_length
12.382,use_adaptive_ngroute,0.0438657160314786,0,0.5580952380952381,false,false,5.375,1.97584e6,1.8891683636363633e6,4
2.91,use_adaptive_ngroute,0.042993306197691705,0,0.4668333333333334,false,false,5.781249999999999,1.97584e6,1.890892105882353e6,7
1.52,use_adaptive_ngroute,0.042450299619402276,0,0.4883333333333333,false,false,6.406249999999999,1.97584e6,1.8919650000000002e6,2
1.367,use_adaptive_ngroute,0.042272147542311345,0,0.43933333333333335,false,false,6.5,1.97584e6,1.8923169999999995e6,1
2.064,none,0.042270556898765466,0,0.6496666666666667,false,false,6.6875,1.97584e6,1.8923201428571432e6,0
