CG_time_taken,method,CG_LP_IP_gap,implemented_SR3_cuts_count,CG_sp_time_taken_mean,converged,time_limit_reached,ngroute_neighborhood_size,CGIP_objective,CGLP_objective,cycles_lookup_length
33.94,use_adaptive_ngroute,0.13846526957232164,0,1.32424,false,false,5.222222222222222,2.31455e6,1.994065210311383e6,23
30.756,use_adaptive_ngroute,0.1298224348541548,0,3.0512,false,false,8.0,2.31455e6,2.014069483408316e6,10
14.51,use_adaptive_ngroute,0.12951610247547873,0,3.6052499999999994,false,false,8.555555555555555,2.31455e6,2.0147785050153807e6,3
6.795,none,0.12939167725533574,0,3.3695,false,false,8.638888888888888,2.31455e6,2.0150664934086627e6,0
