CG_time_taken,method,CG_LP_IP_gap,implemented_SR3_cuts_count,CG_sp_time_taken_mean,converged,time_limit_reached,ngroute_neighborhood_size,CGIP_objective,CGLP_objective,cycles_lookup_length
51.176,use_adaptive_ngroute,0.1155618988470607,0,1.6501333333333337,false,false,5.222222222222222,2.0932e6,1.8513058333333326e6,11
26.195,use_adaptive_ngroute,0.1109686120616572,0,2.872111111111111,false,false,6.388888888888889,2.0932e6,1.860920501232539e6,16
89.086,use_adaptive_ngroute,0.09813769261504801,0,8.8716,false,false,8.666666666666666,2.0932e6,1.8877781818181814e6,13
53.367,use_adaptive_ngroute,0.09429590033032109,0,10.640600000000001,false,false,9.583333333333332,2.0932e6,1.8958198214285718e6,3
34.788,use_adaptive_ngroute,0.04487952925452965,0,6.9282,false,false,9.666666666666666,1.98912e6,1.89984923076923e6,1
18.735,none,0.04466400667909376,0,6.203666666666667,false,false,9.694444444444445,1.98912e6,1.900277931034481e6,0
