CG_time_taken,method,CG_LP_IP_gap,implemented_SR3_cuts_count,CG_sp_time_taken_mean,converged,time_limit_reached,ngroute_neighborhood_size,CGIP_objective,CGLP_objective,cycles_lookup_length
22.38,use_adaptive_ngroute,0.22233382984073335,0,0.7407241379310344,false,false,5.222222222222222,2.34639e6,1.8247081250000016e6,12
8.708,use_adaptive_ngroute,0.10393810923144498,0,0.9424444444444445,false,false,6.222222222222222,2.05447e6,1.8409322727272732e6,7
5.085,use_adaptive_ngroute,0.10355892454195181,0,0.9974000000000001,false,false,7.333333333333334,2.05447e6,1.8417112962962962e6,1
1.631,none,0.1035171241667957,0,0.7905,false,false,7.388888888888889,2.05447e6,1.8417971739130432e6,0
