CG_time_taken,method,CG_LP_IP_gap,implemented_SR3_cuts_count,CG_sp_time_taken_mean,converged,time_limit_reached,ngroute_neighborhood_size,CGIP_objective,CGLP_objective,cycles_lookup_length
17.114,use_adaptive_ngroute,0.18326707971768563,0,0.6796666666666666,false,false,5.222222222222222,2.29673e6,1.875815e6,17
13.629,use_adaptive_ngroute,0.17824031758865166,0,1.215818181818182,false,false,8.0,2.29673e6,1.887360115384616e6,10
9.406,use_adaptive_ngroute,0.14515864538923628,0,1.8606,false,false,9.444444444444445,2.20954e6,1.888806166666667e6,3
9.466,use_adaptive_ngroute,0.14483655519346184,0,1.8734000000000002,false,false,9.63888888888889,2.20954e6,1.8895178378378383e6,1
8.884,use_adaptive_ngroute,0.14476033473030614,0,2.201,false,false,9.666666666666666,2.20954e6,1.8896862499999993e6,1
1.451,use_adaptive_ngroute,0.14474563607233748,0,1.411,false,false,9.694444444444445,2.20954e6,1.8897187272727275e6,1
1.959,use_adaptive_ngroute,0.14471487363287905,0,1.922,false,false,9.75,2.20954e6,1.8897866981132084e6,1
1.861,use_adaptive_ngroute,0.14470719395590625,0,1.823,false,false,9.777777777777777,2.20954e6,1.889803666666667e6,2
3.203,none,0.14469739046640817,0,1.5765,false,false,9.833333333333334,2.20954e6,1.8898253278688525e6,0
