CG_time_taken,method,CG_LP_IP_gap,implemented_SR3_cuts_count,CG_sp_time_taken_mean,converged,time_limit_reached,ngroute_neighborhood_size,CGIP_objective,CGLP_objective,cycles_lookup_length
21.65,use_adaptive_ngroute,0.023511650588294297,0,0.8212399999999999,false,false,5.222222222222222,1.826648e6,1.7837004904761934e6,12
7.402,use_adaptive_ngroute,0.017123292265997292,0,0.8977499999999999,false,false,6.722222222222223,1.82194e6,1.790742388888889e6,4
5.63,use_adaptive_ngroute,0.016371580866262336,0,1.1034,false,false,7.222222222222222,1.82194e6,1.792111961956522e6,5
3.905,use_adaptive_ngroute,0.016216611034223227,0,1.2746666666666666,false,false,7.777777777777778,1.82194e6,1.7923943076923073e6,1
2.635,none,0.016202250226559634,0,1.2865,false,false,8.11111111111111,1.82194e6,1.792420472222222e6,0
