CG_time_taken,method,CG_LP_IP_gap,implemented_SR3_cuts_count,CG_sp_time_taken_mean,converged,time_limit_reached,ngroute_neighborhood_size,CGIP_objective,CGLP_objective,cycles_lookup_length
1.696,use_adaptive_ngroute,0.9999768936621719,0,0.09307142857142858,false,false,1.0,6.0e10,1.3863802696853355e6,24
3.374,use_adaptive_ngroute,0.08745711329732375,0,0.23064285714285715,false,false,6.583333333333333,1.714748e6,1.5647810898876407e6,12
1.27,use_adaptive_ngroute,0.08002859603860157,0,0.30925,false,false,8.208333333333334,1.714748e6,1.577519125e6,10
1.382,use_adaptive_ngroute,0.07687493605890938,0,0.33849999999999997,false,false,8.75,1.714748e6,1.5829268571428573e6,4
0.431,none,0.07679865107487116,0,0.42,false,false,9.333333333333334,1.714748e6,1.5830576666666667e6,0
