CG_time_taken,method,CG_LP_IP_gap,implemented_SR3_cuts_count,CG_sp_time_taken_mean,converged,time_limit_reached,ngroute_neighborhood_size,CGIP_objective,CGLP_objective,cycles_lookup_length
21.069,use_adaptive_ngroute,0.14195335316744773,0,0.8319999999999999,false,false,5.222222222222222,2.275978e6,1.9528952911646587e6,28
20.188,use_adaptive_ngroute,0.1390818013179388,0,1.663166666666667,false,false,8.972222222222221,2.275978e6,1.9594308800000004e6,7
15.672,use_adaptive_ngroute,0.13770843464313087,0,3.1130000000000004,false,false,9.61111111111111,2.275978e6,1.9625566323377963e6,2
7.731,none,0.13767478939114253,0,2.5556666666666668,false,false,9.666666666666666,2.275978e6,1.9626332081911261e6,0
