CG_time_taken,method,CG_LP_IP_gap,implemented_SR3_cuts_count,CG_sp_time_taken_mean,converged,time_limit_reached,ngroute_neighborhood_size,CGIP_objective,CGLP_objective,cycles_lookup_length
17.03,use_adaptive_ngroute,0.11999575884621139,0,0.6702916666666666,false,false,5.222222222222222,2.167946e6,1.9078016745923914e6,22
12.021,use_adaptive_ngroute,0.10156786419555475,0,1.3094444444444446,false,false,9.36111111111111,2.140416e6,1.9230185183900075e6,21
11.913,use_adaptive_ngroute,0.09988059437429997,0,2.36,false,false,10.666666666666666,2.140416e6,1.9266299777117383e6,8
8.524,use_adaptive_ngroute,0.09860222394981966,0,2.1119999999999997,false,false,11.166666666666668,2.140416e6,1.9293662222222227e6,5
9.767,use_adaptive_ngroute,0.09851189882922018,0,2.42525,false,false,11.833333333333332,2.140416e6,1.929559555555556e6,3
4.663,use_adaptive_ngroute,0.0983017872376416,0,2.308,false,false,12.027777777777779,2.140416e6,1.9300092817679562e6,1
7.733,none,0.09829993490621569,0,2.558666666666667,false,false,12.055555555555555,2.140416e6,1.9300132465277775e6,0
