CG_time_taken,method,CG_LP_IP_gap,implemented_SR3_cuts_count,CG_sp_time_taken_mean,converged,time_limit_reached,ngroute_neighborhood_size,CGIP_objective,CGLP_objective,cycles_lookup_length
32.56,use_adaptive_ngroute,0.19853410652936943,0,1.1581851851851854,false,false,5.222222222222222,2.484822e6,1.9915000843454793e6,16
9.651,use_adaptive_ngroute,0.19664849051380573,0,1.5756666666666668,false,false,7.749999999999999,2.484822e6,1.9961855045045041e6,8
9.104,use_adaptive_ngroute,0.19638887751681655,0,2.2479999999999998,false,false,8.11111111111111,2.484822e6,1.996830596590909e6,3
4.31,use_adaptive_ngroute,0.19625776843961218,0,2.118,false,false,8.666666666666666,2.484822e6,1.997156379310346e6,2
5.162,use_adaptive_ngroute,0.19625776843961273,0,2.545,false,false,8.86111111111111,2.484822e6,1.9971563793103446e6,3
10.548,use_adaptive_ngroute,0.19620873989294219,0,3.464,false,false,9.0,2.484822e6,1.9972782065217397e6,1
8.306,none,0.1962067953110772,0,4.1245,false,false,9.055555555555555,2.484822e6,1.9972830384615385e6,0
