CG_time_taken,method,CG_LP_IP_gap,implemented_SR3_cuts_count,CG_sp_time_taken_mean,converged,time_limit_reached,ngroute_neighborhood_size,CGIP_objective,CGLP_objective,cycles_lookup_length
17.942,use_adaptive_ngroute,0.22134537435672996,0,0.7423478260869565,false,false,5.222222222222222,2.44853e6,1.906559210526316e6,6
4.092,use_adaptive_ngroute,0.20912515314050606,0,0.7940000000000002,false,false,6.166666666666666,2.411036e6,1.9068277272727268e6,6
6.857,use_adaptive_ngroute,0.20636452726040833,0,1.3521999999999996,false,false,7.194444444444445,2.411036e6,1.913483695652174e6,8
7.427,none,0.19904984206064869,0,1.8325000000000002,false,false,7.722222222222221,2.39391e6,1.9174025925925926e6,0
