CG_time_taken,method,CG_LP_IP_gap,implemented_SR3_cuts_count,CG_sp_time_taken_mean,converged,time_limit_reached,ngroute_neighborhood_size,CGIP_objective,CGLP_objective,cycles_lookup_length
13.682,use_adaptive_ngroute,0.12371785933428603,0,0.5099600000000001,false,false,5.222222222222222,2.19744e6,1.9255774271844665e6,13
4.682,use_adaptive_ngroute,0.12326939382836088,0,0.56575,false,false,6.916666666666666,2.19744e6,1.9265629032258068e6,7
2.362,use_adaptive_ngroute,0.12310638237626015,0,0.7633333333333333,false,false,7.805555555555555,2.19744e6,1.926921111111111e6,1
1.614,none,0.12296746958444205,0,0.5113333333333333,false,false,7.833333333333333,2.19744e6,1.9272263636363638e6,0
