CG_time_taken,method,CG_LP_IP_gap,implemented_SR3_cuts_count,CG_sp_time_taken_mean,converged,time_limit_reached,ngroute_neighborhood_size,CGIP_objective,CGLP_objective,cycles_lookup_length
2.311,use_adaptive_ngroute,0.38405508884566875,0,0.10578947368421052,false,false,1.0,1.868238e6,1.1507316889251454e6,17
3.7,use_adaptive_ngroute,0.16763230118497952,0,0.27499999999999997,false,false,2.85,1.54855e6,1.288963e6,2
1.074,use_adaptive_ngroute,0.15761260534047994,0,0.2076,false,false,2.9499999999999997,1.54855e6,1.3044789999999998e6,10
1.128,use_adaptive_ngroute,0.11556598099362447,0,0.18100000000000002,false,false,3.7,1.49634e6,1.323414e6,5
1.078,use_adaptive_ngroute,0.11352576043120943,0,0.3516666666666666,false,false,4.8500000000000005,1.49634e6,1.326466863636364e6,4
1.739,use_adaptive_ngroute,0.11062831642541149,0,0.429,false,false,5.3,1.49634e6,1.3308024249999998e6,7
0.712,none,0.10959073472606495,0,0.35,false,false,6.05,1.49634e6,1.332355e6,0
