CG_time_taken,method,CG_LP_IP_gap,implemented_SR3_cuts_count,CG_sp_time_taken_mean,converged,time_limit_reached,ngroute_neighborhood_size,CGIP_objective,CGLP_objective,cycles_lookup_length
3.331,use_adaptive_ngroute,0.36437252138046483,0,0.1371,false,false,1.0,2.216318e6,1.4087526221590908e6,24
3.435,use_adaptive_ngroute,0.15455828775178493,0,0.2665,false,false,5.166666666666667,1.80263e6,1.52401859375e6,16
2.859,use_adaptive_ngroute,0.07384472673520381,0,0.2280833333333333,false,false,6.875,1.66495e6,1.5420022222222225e6,4
1.165,none,0.07382128592450232,0,0.22340000000000002,false,false,7.583333333333334,1.66495e6,1.5420412499999998e6,0
