CG_time_taken,method,CG_LP_IP_gap,implemented_SR3_cuts_count,CG_sp_time_taken_mean,converged,time_limit_reached,ngroute_neighborhood_size,CGIP_objective,CGLP_objective,cycles_lookup_length
29.247,use_adaptive_ngroute,0.20354197167490173,0,1.12224,false,false,5.222222222222222,2.522e6,2.0086671474358977e6,12
13.852,use_adaptive_ngroute,0.20124143897339786,0,1.7057499999999999,false,false,6.805555555555555,2.522e6,2.0144690909090906e6,5
15.008,use_adaptive_ngroute,0.19972810694460175,0,2.1232857142857147,false,false,7.083333333333333,2.522e6,2.0182857142857143e6,2
3.276,use_adaptive_ngroute,0.1994792492730636,0,1.611,false,false,7.138888888888888,2.522e6,2.0189133333333335e6,2
3.743,use_adaptive_ngroute,0.1994239442902458,0,1.845,false,false,7.194444444444445,2.522e6,2.0190528125000002e6,4
7.516,use_adaptive_ngroute,0.19941699296193494,0,2.4819999999999998,false,false,7.555555555555556,2.522e6,2.01907034375e6,2
5.499,use_adaptive_ngroute,0.19941615555265602,0,1.8106666666666669,false,false,7.722222222222221,2.522e6,2.0190724556962017e6,2
3.313,none,0.19941446697632248,0,1.6304999999999998,false,false,7.777777777777778,2.522e6,2.0190767142857148e6,0
