CG_time_taken,method,CG_LP_IP_gap,implemented_SR3_cuts_count,CG_sp_time_taken_mean,converged,time_limit_reached,ngroute_neighborhood_size,CGIP_objective,CGLP_objective,cycles_lookup_length
1.176,use_adaptive_ngroute,0.46767953935902373,0,0.07276923076923078,false,false,5.0,2.38544e6,1.2698185196314105e6,19
1.75,use_adaptive_ngroute,0.061221900461372214,0,0.13725,false,false,6.8,1.62992e6,1.5301332000000002e6,8
1.071,use_adaptive_ngroute,0.0545660435569143,0,0.1472857142857143,false,false,7.8500000000000005,1.62992e6,1.5409817142857143e6,3
0.277,use_adaptive_ngroute,0.05412200933453526,0,0.131,false,false,8.1,1.62992e6,1.5417054545454544e6,1
0.304,none,0.053368850325009265,0,0.145,false,false,8.149999999999999,1.62992e6,1.542933043478261e6,0
