CG_time_taken,method,CG_LP_IP_gap,implemented_SR3_cuts_count,CG_sp_time_taken_mean,converged,time_limit_reached,ngroute_neighborhood_size,CGIP_objective,CGLP_objective,cycles_lookup_length
1.454,use_adaptive_ngroute,0.3643267258737404,0,0.08561538461538462,false,false,5.0,2.14051e6,1.360665e6,20
1.957,use_adaptive_ngroute,0.09106947009501587,0,0.169,false,false,7.8999999999999995,1.690454e6,1.53650525e6,13
1.593,use_adaptive_ngroute,0.04223072305392894,0,0.19275,false,false,9.4,1.63252e6,1.5635775e6,1
0.427,none,0.04180591968245417,0,0.20550000000000002,false,false,9.65,1.63252e6,1.564271e6,0
