CG_time_taken,method,CG_LP_IP_gap,implemented_SR3_cuts_count,CG_sp_time_taken_mean,converged,time_limit_reached,ngroute_neighborhood_size,CGIP_objective,CGLP_objective,cycles_lookup_length
2.621,use_adaptive_ngroute,0.4414243117604518,0,0.11055,false,false,5.0,2.41101e6,1.346731570102433e6,19
2.173,use_adaptive_ngroute,0.1267953088800715,0,0.2047,false,false,7.2,1.62666e6,1.420407142857143e6,9
1.136,use_adaptive_ngroute,0.1091834392763904,0,0.277,false,false,8.05,1.62666e6,1.4490556666666667e6,5
0.828,none,0.08507316806289655,0,0.20174999999999998,false,false,8.4,1.59126e6,1.4558864705882352e6,0
