CG_time_taken,method,CG_LP_IP_gap,implemented_SR3_cuts_count,CG_sp_time_taken_mean,converged,time_limit_reached,ngroute_neighborhood_size,CGIP_objective,CGLP_objective,cycles_lookup_length
1.178,use_adaptive_ngroute,0.3196880935982702,0,0.04465000000000001,false,false,5.0,1.975704e6,1.3440949547255232e6,15
0.751,use_adaptive_ngroute,0.13526069171114175,0,0.07455555555555556,false,false,6.0,1.642658e6,1.4204709426751593e6,9
0.545,use_adaptive_ngroute,0.025549842241842535,0,0.084,false,false,7.550000000000001,1.471028e6,1.4334434666666668e6,4
0.182,use_adaptive_ngroute,0.024084200527340838,0,0.08349999999999999,false,false,7.8999999999999995,1.471028e6,1.4355994666666668e6,3
0.397,use_adaptive_ngroute,0.02324288411460107,0,0.09375000000000001,false,false,8.05,1.471028e6,1.4368370666666667e6,7
0.107,none,0.02315810591111933,0,0.099,false,false,8.5,1.471028e6,1.436961777777778e6,0
