CG_time_taken,method,CG_LP_IP_gap,implemented_SR3_cuts_count,CG_sp_time_taken_mean,converged,time_limit_reached,ngroute_neighborhood_size,CGIP_objective,CGLP_objective,cycles_lookup_length
1.018,use_adaptive_ngroute,0.2859685294347615,0,0.05093750000000001,false,false,5.0,1.79052e6,1.2784876286764708e6,19
1.41,use_adaptive_ngroute,0.0423954469036385,0,0.08460000000000001,false,false,7.0,1.47462e6,1.4121028260869565e6,12
0.925,use_adaptive_ngroute,0.03540601420478939,0,0.14766666666666667,false,false,8.65,1.47462e6,1.4224095833333335e6,5
0.402,none,0.035042172823431916,0,0.12633333333333333,false,false,9.299999999999999,1.47462e6,1.4229461111111108e6,0
