CG_time_taken,method,CG_LP_IP_gap,implemented_SR3_cuts_count,CG_sp_time_taken_mean,converged,time_limit_reached,ngroute_neighborhood_size,CGIP_objective,CGLP_objective,cycles_lookup_length
2.445,use_adaptive_ngroute,0.42668932459624476,0,0.12987500000000002,false,false,5.0,2.03007e6,1.1638608028169014e6,20
2.685,use_adaptive_ngroute,0.07660586254547663,0,0.2319090909090909,false,false,7.35,1.44868e6,1.337702619047619e6,13
2.159,use_adaptive_ngroute,0.05301377806002694,0,0.3002857142857143,false,false,9.1,1.44868e6,1.3718800000000002e6,5
0.775,use_adaptive_ngroute,0.04833135452043702,0,0.379,false,false,9.65,1.44868e6,1.3786633333333333e6,3
1.642,none,0.044509484496231266,0,0.3218,false,false,9.799999999999999,1.44868e6,1.3841999999999998e6,0
