CG_time_taken,method,CG_LP_IP_gap,implemented_SR3_cuts_count,CG_sp_time_taken_mean,converged,time_limit_reached,ngroute_neighborhood_size,CGIP_objective,CGLP_objective,cycles_lookup_length
1.964,use_adaptive_ngroute,0.35627691801063055,0,0.0894705882352941,false,false,1.0,2.16703e6,1.3949672303634232e6,20
1.633,use_adaptive_ngroute,0.22488075503432725,0,0.12416666666666668,false,false,3.25,1.92882e6,1.495065502074689e6,12
1.177,use_adaptive_ngroute,0.05880742477960188,0,0.12300000000000001,false,false,4.583333333333334,1.599832e6,1.50575e6,5
0.39,use_adaptive_ngroute,0.053675948474589785,0,0.186,false,false,5.125,1.599832e6,1.5139595e6,6
0.545,use_adaptive_ngroute,0.0531372808033731,0,0.17333333333333334,false,false,5.458333333333333,1.599832e6,1.514821277777778e6,3
0.404,none,0.05297056190900029,0,0.194,false,false,5.75,1.599832e6,1.5150880000000002e6,0
