CG_time_taken,method,CG_LP_IP_gap,implemented_SR3_cuts_count,CG_sp_time_taken_mean,converged,time_limit_reached,ngroute_neighborhood_size,CGIP_objective,CGLP_objective,cycles_lookup_length
1.404,use_adaptive_ngroute,0.3647110457671012,0,0.06731250000000001,false,false,5.0,1.98607e6,1.2617283333333333e6,20
1.361,use_adaptive_ngroute,0.12656244833856523,0,0.1271,false,false,7.4,1.618654e6,1.413793186746988e6,7
0.484,use_adaptive_ngroute,0.11289719730096726,0,0.08860000000000001,false,false,8.05,1.618654e6,1.4359125000000002e6,9
0.286,use_adaptive_ngroute,0.11234051784472043,0,0.08800000000000001,false,false,9.1,1.618654e6,1.4368135714285718e6,2
0.189,none,0.10393395888980039,0,0.087,false,false,9.6,1.60558e6,1.4387057142857143e6,0
