CG_time_taken,method,CG_LP_IP_gap,implemented_SR3_cuts_count,CG_sp_time_taken_mean,converged,time_limit_reached,ngroute_neighborhood_size,CGIP_objective,CGLP_objective,cycles_lookup_length
0.746,use_adaptive_ngroute,0.258557474012874,0,0.047307692307692314,false,false,5.0,1.81917e6,1.34881e6,20
0.682,use_adaptive_ngroute,0.04771709569287208,0,0.07650000000000001,false,false,6.45,1.5811e6,1.5056545e6,10
0.385,use_adaptive_ngroute,0.0051405878271755245,0,0.058666666666666666,false,false,7.3,1.52301e6,1.5151808333333335e6,3
0.402,none,0.004891629076631099,0,0.0756,false,false,7.5,1.52301e6,1.51556e6,0
