CG_time_taken,method,CG_LP_IP_gap,implemented_SR3_cuts_count,CG_sp_time_taken_mean,converged,time_limit_reached,ngroute_neighborhood_size,CGIP_objective,CGLP_objective,cycles_lookup_length
1.069,use_adaptive_ngroute,0.334462681577247,0,0.06092857142857144,false,false,5.0,1.93645e6,1.28877974025974e6,20
1.342,use_adaptive_ngroute,0.04251312938180818,0,0.11263636363636365,false,false,7.4,1.52446e6,1.4596504347826086e6,3
0.668,use_adaptive_ngroute,0.026729520686920694,0,0.11480000000000001,false,false,8.0,1.52446e6,1.483711914893617e6,7
0.341,use_adaptive_ngroute,0.025215720414347942,0,0.10666666666666666,false,false,8.55,1.52446e6,1.4860196428571432e6,8
0.24,none,0.023316453039108898,0,0.114,false,false,9.0,1.52446e6,1.488915e6,0
