CG_time_taken,method,CG_LP_IP_gap,implemented_SR3_cuts_count,CG_sp_time_taken_mean,converged,time_limit_reached,ngroute_neighborhood_size,CGIP_objective,CGLP_objective,cycles_lookup_length
1.957,use_adaptive_ngroute,0.9999753054028859,0,0.08542105263157895,false,false,1.0,6.0e10,1.4816758268440831e6,21
1.938,use_adaptive_ngroute,0.045056296278224384,0,0.11806666666666667,false,false,3.7083333333333335,1.63954e6,1.5656684e6,7
0.869,use_adaptive_ngroute,0.03865672688680977,0,0.101625,false,false,4.416666666666666,1.63954e6,1.57616075e6,8
0.421,none,0.03829814053535352,0,0.13266666666666668,false,false,4.958333333333333,1.63954e6,1.5767486666666665e6,0
