CG_time_taken,method,CG_LP_IP_gap,implemented_SR3_cuts_count,CG_sp_time_taken_mean,converged,time_limit_reached,ngroute_neighborhood_size,CGIP_objective,CGLP_objective,cycles_lookup_length
1.702,use_adaptive_ngroute,0.458698620503704,0,0.07468421052631578,false,false,5.0,2.204186e6,1.1931289224664227e6,14
1.238,use_adaptive_ngroute,0.019530279181509513,0,0.12855555555555556,false,false,6.3,1.44852e6,1.4202299999999998e6,3
0.796,use_adaptive_ngroute,0.018830796754125356,0,0.10914285714285714,false,false,6.45,1.44852e6,1.4212432142857143e6,4
0.299,use_adaptive_ngroute,0.01670584458619817,0,0.09533333333333334,false,false,7.25,1.44852e6,1.4243212500000002e6,1
0.327,use_adaptive_ngroute,0.015491098960778271,0,0.1575,false,false,7.4,1.44852e6,1.4260808333333335e6,3
0.27,none,0.015491098960778382,0,0.1295,false,false,7.550000000000001,1.44852e6,1.4260808333333333e6,0
