CG_time_taken,method,CG_LP_IP_gap,implemented_SR3_cuts_count,CG_sp_time_taken_mean,converged,time_limit_reached,ngroute_neighborhood_size,CGIP_objective,CGLP_objective,cycles_lookup_length
2.69,use_adaptive_ngroute,0.330080433009047,0,0.1121578947368421,false,false,5.0,2.03676e6,1.3644653772644934e6,20
1.654,use_adaptive_ngroute,0.13788642264450002,0,0.11284615384615385,false,false,7.208333333333333,1.69083e6,1.4576875e6,7
1.162,use_adaptive_ngroute,0.13404777535293322,0,0.1181111111111111,false,false,8.041666666666666,1.69083e6,1.464178e6,6
0.871,none,0.13404777535293322,0,0.16460000000000002,false,false,8.291666666666666,1.69083e6,1.464178e6,0
