CG_time_taken,method,CG_LP_IP_gap,implemented_SR3_cuts_count,CG_sp_time_taken_mean,converged,time_limit_reached,ngroute_neighborhood_size,CGIP_objective,CGLP_objective,cycles_lookup_length
1.158,use_adaptive_ngroute,0.3030270549715369,0,0.05088888888888889,false,false,5.0,2.062798e6,1.4377143970588236e6,15
1.212,use_adaptive_ngroute,0.02874052488940304,0,0.1127,false,false,6.916666666666666,1.546822e6,1.5023655238095238e6,5
0.701,use_adaptive_ngroute,0.02377627591711684,0,0.09328571428571429,false,false,7.375,1.546822e6,1.5100443333333335e6,4
0.613,use_adaptive_ngroute,0.02015314841224991,0,0.14625,false,false,7.625,1.546822e6,1.5156486666666667e6,1
0.316,use_adaptive_ngroute,0.02015314841225002,0,0.15100000000000002,false,false,7.666666666666667,1.546822e6,1.5156486666666665e6,1
0.268,use_adaptive_ngroute,0.019706937837708494,0,0.1265,false,false,7.708333333333333,1.546822e6,1.516338875e6,2
1.378,none,0.0,0,0.1477777777777778,true,false,7.833333333333334,1.516428e6,1.516428e6,0
