CG_time_taken,method,CG_LP_IP_gap,implemented_SR3_cuts_count,CG_sp_time_taken_mean,converged,time_limit_reached,ngroute_neighborhood_size,CGIP_objective,CGLP_objective,cycles_lookup_length
1.975,use_adaptive_ngroute,0.9998542801845284,0,0.09835294117647057,false,false,5.0,1.000194076e10,1.4574809619047618e6,23
2.017,use_adaptive_ngroute,0.10599508616351161,0,0.1586666666666667,false,false,7.75,1.750567e6,1.5650155e6,4
1.024,use_adaptive_ngroute,0.09834235136387237,0,0.16383333333333333,false,false,8.041666666666666,1.750567e6,1.578412125e6,14
1.249,none,0.0956886159360556,0,0.24280000000000002,false,false,9.625,1.750567e6,1.583057666666667e6,0
