CG_time_taken,method,CG_LP_IP_gap,implemented_SR3_cuts_count,CG_sp_time_taken_mean,converged,time_limit_reached,ngroute_neighborhood_size,CGIP_objective,CGLP_objective,cycles_lookup_length
2.032,use_adaptive_ngroute,0.24747751357884096,0,0.0786,false,false,5.0,1.90197e6,1.431275193498452e6,19
1.268,use_adaptive_ngroute,0.07827114787558265,0,0.10518181818181817,false,false,6.166666666666667,1.639022e6,1.5107338666666667e6,2
0.681,use_adaptive_ngroute,0.07630312466824718,0,0.1296,false,false,6.333333333333333,1.639022e6,1.5139595000000002e6,6
0.827,use_adaptive_ngroute,0.0758942739117503,0,0.15800000000000003,false,false,7.0,1.639022e6,1.5146296153846153e6,3
0.378,none,0.07561460431891687,0,0.1805,false,false,7.458333333333333,1.639022e6,1.5150880000000002e6,0
