CG_time_taken,method,CG_LP_IP_gap,implemented_SR3_cuts_count,CG_sp_time_taken_mean,converged,time_limit_reached,ngroute_neighborhood_size,CGIP_objective,CGLP_objective,cycles_lookup_length
1.406,use_adaptive_ngroute,0.16261460262629812,0,0.06875,false,false,5.0,1.82045e6,1.5244182466489556e6,16
1.227,use_adaptive_ngroute,0.048247336698524435,0,0.10409090909090908,false,false,6.333333333333333,1.649832e6,1.570232e6,1
0.493,use_adaptive_ngroute,0.04663505132643808,0,0.08580000000000002,false,false,6.375,1.649832e6,1.572892e6,6
0.503,use_adaptive_ngroute,0.04465378899184891,0,0.07833333333333334,false,false,6.916666666666666,1.649832e6,1.57616075e6,8
0.305,none,0.04429743957768639,0,0.095,false,false,7.333333333333334,1.649832e6,1.5767486666666665e6,0
