CG_time_taken,method,CG_LP_IP_gap,implemented_SR3_cuts_count,CG_sp_time_taken_mean,converged,time_limit_reached,ngroute_neighborhood_size,CGIP_objective,CGLP_objective,cycles_lookup_length
1.276,use_adaptive_ngroute,0.257940726323705,0,0.05981250000000001,false,false,5.0,2.2607e6,1.6775734000000001e6,24
1.968,use_adaptive_ngroute,0.07654457383052127,0,0.1873,false,false,8.541666666666666,1.93025e6,1.7824998363636364e6,21
2.284,use_adaptive_ngroute,0.04866140125899088,0,0.37366666666666665,false,false,10.541666666666666,1.896258e6,1.8039834285714284e6,5
2.468,use_adaptive_ngroute,0.04791816303477703,0,0.48660000000000003,false,false,10.833333333333334,1.896258e6,1.8053927999999998e6,4
1.122,none,0.04788124822677098,0,0.5535,false,false,11.083333333333332,1.896258e6,1.8054627999999998e6,0
