CG_time_taken,method,CG_LP_IP_gap,implemented_SR3_cuts_count,CG_sp_time_taken_mean,converged,time_limit_reached,ngroute_neighborhood_size,CGIP_objective,CGLP_objective,cycles_lookup_length
2.06,use_adaptive_ngroute,0.36143835977789096,0,0.08464999999999999,false,false,5.0,2.32262e6,1.483136036812675e6,21
2.782,use_adaptive_ngroute,0.1120296636859478,0,0.2193333333333333,false,false,6.916666666666666,1.776358e6,1.5773532106741571e6,17
1.367,use_adaptive_ngroute,0.08145188089132183,0,0.33349999999999996,false,false,8.625,1.725508e6,1.584962127906977e6,9
2.024,use_adaptive_ngroute,0.07813546793176296,0,0.499,false,false,9.166666666666668,1.725508e6,1.5906846249999995e6,5
1.673,none,0.0757946645277795,0,0.551,false,false,9.875,1.725508e6,1.5947237000000002e6,0
