CG_time_taken,method,CG_LP_IP_gap,implemented_SR3_cuts_count,CG_sp_time_taken_mean,converged,time_limit_reached,ngroute_neighborhood_size,CGIP_objective,CGLP_objective,cycles_lookup_length
2.048,use_adaptive_ngroute,0.41732681770648794,0,0.1096875,false,false,5.0,2.31418e6,1.3484106249999998e6,20
3.202,use_adaptive_ngroute,0.13883474636326454,0,0.23338461538461536,false,false,7.375,1.74316e6,1.5011488235294118e6,8
2.246,use_adaptive_ngroute,0.12805418859653706,0,0.365,false,false,8.041666666666666,1.74316e6,1.5199410606060605e6,3
1.834,none,0.06839437635096257,0,0.44899999999999995,false,false,8.375,1.645854e6,1.533286842105263e6,0
