CG_time_taken,method,CG_LP_IP_gap,implemented_SR3_cuts_count,CG_sp_time_taken_mean,converged,time_limit_reached,ngroute_neighborhood_size,CGIP_objective,CGLP_objective,cycles_lookup_length
1.45,use_adaptive_ngroute,0.13727488299657697,0,0.05542105263157895,false,false,5.0,1.90905e6,1.6469853846153847e6,14
0.904,use_adaptive_ngroute,0.05273801555224622,0,0.08933333333333332,false,false,6.291666666666667,1.80673e6,1.7114466451612902e6,16
1.231,use_adaptive_ngroute,0.0009694981523700186,0,0.12766666666666668,false,false,8.0,1.72383e6,1.72215875e6,7
0.687,none,0.0005539989442114868,0,0.129,false,false,8.291666666666666,1.72383e6,1.722875e6,0
