CG_time_taken,method,CG_LP_IP_gap,implemented_SR3_cuts_count,CG_sp_time_taken_mean,converged,time_limit_reached,ngroute_neighborhood_size,CGIP_objective,CGLP_objective,cycles_lookup_length
1.43,use_adaptive_ngroute,0.36735312583833835,0,0.06618750000000001,false,false,1.0,2.63079e6,1.6643610700757578e6,24
3.108,use_adaptive_ngroute,0.1163356442623924,0,0.21007142857142855,false,false,5.75,2.004928e6,1.77168340942029e6,21
3.433,use_adaptive_ngroute,0.048801376184042344,0,0.42037499999999994,false,false,8.333333333333332,1.896258e6,1.8037180000000002e6,7
3.028,use_adaptive_ngroute,0.048142496746009567,0,0.4978333333333333,false,false,8.791666666666666,1.896258e6,1.8049674054054054e6,5
2.117,none,0.047881248226770756,0,0.698,false,false,9.166666666666668,1.896258e6,1.8054628e6,0
