CG_time_taken,method,CG_LP_IP_gap,implemented_SR3_cuts_count,CG_sp_time_taken_mean,converged,time_limit_reached,ngroute_neighborhood_size,CGIP_objective,CGLP_objective,cycles_lookup_length
2.082,use_adaptive_ngroute,0.3036618449704953,0,0.09377777777777778,false,false,5.0,2.11966e6,1.4760001336898399e6,16
2.021,use_adaptive_ngroute,0.0846011234925036,0,0.1687272727272727,false,false,6.041666666666667,1.73946e6,1.5922997297297297e6,10
0.82,use_adaptive_ngroute,0.07782336184792982,0,0.19775,false,false,7.0,1.73946e6,1.604089375e6,4
0.911,use_adaptive_ngroute,0.07723948811700165,0,0.296,false,false,7.541666666666667,1.73946e6,1.6051050000000002e6,1
0.874,none,0.07649113854993439,0,0.284,false,false,7.625,1.73946e6,1.6064067241379311e6,0
