CG_time_taken,method,CG_LP_IP_gap,implemented_SR3_cuts_count,CG_sp_time_taken_mean,converged,time_limit_reached,ngroute_neighborhood_size,CGIP_objective,CGLP_objective,cycles_lookup_length
2.843,use_adaptive_ngroute,0.3254990984606553,0,0.10513636363636364,false,false,6.0,2.22952e6,1.5038132499999998e6,27
5.938,use_adaptive_ngroute,0.08460734111423773,0,0.33635294117647063,false,false,8.607142857142858,1.73416e6,1.5874373333333335e6,22
3.669,use_adaptive_ngroute,0.07740635235503068,0,0.447125,false,false,11.035714285714285,1.73416e6,1.599925e6,2
1.495,none,0.07732057595608244,0,0.4883333333333333,false,false,11.214285714285714,1.73416e6,1.60007375e6,0
