CG_time_taken,method,CG_LP_IP_gap,implemented_SR3_cuts_count,CG_sp_time_taken_mean,converged,time_limit_reached,ngroute_neighborhood_size,CGIP_objective,CGLP_objective,cycles_lookup_length
7.255,use_adaptive_ngroute,0.33331124190234596,0,0.22351851851851856,false,false,6.0,2.14165e6,1.4278139787798407e6,20
5.825,use_adaptive_ngroute,0.11266396264078049,0,0.2891578947368421,false,false,8.0,1.68234e6,1.4928009090909094e6,17
2.477,use_adaptive_ngroute,0.10651627549073972,0,0.47800000000000004,false,false,9.428571428571429,1.68234e6,1.503143409090909e6,3
4.643,none,0.10532353745378464,0,0.761,false,false,9.535714285714285,1.68234e6,1.50515e6,0
