CG_time_taken,method,CG_LP_IP_gap,implemented_SR3_cuts_count,CG_sp_time_taken_mean,converged,time_limit_reached,ngroute_neighborhood_size,CGIP_objective,CGLP_objective,cycles_lookup_length
5.856,use_adaptive_ngroute,0.4537791521822384,0,0.20708,false,false,6.0,2.76279e6,1.5090934961424335e6,20
9.902,use_adaptive_ngroute,0.14305225777983244,0,0.48029999999999995,false,false,7.25,1.90364e6,1.6313199999999998e6,8
3.309,use_adaptive_ngroute,0.11906525288101322,0,0.46,false,false,7.928571428571429,1.871648e6,1.6487997575757573e6,10
3.642,none,0.08242618226003329,0,0.5965,false,false,8.785714285714286,1.79959e6,1.6512566666666667e6,0
