CG_time_taken,method,CG_LP_IP_gap,implemented_SR3_cuts_count,CG_sp_time_taken_mean,converged,time_limit_reached,ngroute_neighborhood_size,CGIP_objective,CGLP_objective,cycles_lookup_length
2.296,use_adaptive_ngroute,0.19520046431605176,0,0.10641176470588236,false,false,6.0,2.20498e6,1.7745668801923923e6,24
2.312,use_adaptive_ngroute,0.018596066099282105,0,0.19518181818181818,false,false,8.428571428571429,1.899476e6,1.86415321875e6,13
1.892,use_adaptive_ngroute,0.008548229222164472,0,0.3061666666666667,false,false,9.714285714285715,1.899476e6,1.88323884375e6,6
0.882,none,0.008323533359648527,0,0.28300000000000003,false,false,10.107142857142858,1.899476e6,1.8836656481481483e6,0
