CG_time_taken,method,CG_LP_IP_gap,implemented_SR3_cuts_count,CG_sp_time_taken_mean,converged,time_limit_reached,ngroute_neighborhood_size,CGIP_objective,CGLP_objective,cycles_lookup_length
2.096,use_adaptive_ngroute,0.4473441823052514,0,0.10335294117647059,false,false,1.0,2.62856e6,1.4526889761597083e6,23
3.67,use_adaptive_ngroute,0.15853441251020273,0,0.2457857142857143,false,false,4.291666666666666,1.834248e6,1.5434565709219857e6,21
2.824,use_adaptive_ngroute,0.06346351025287744,0,0.27140000000000003,false,false,6.25,1.687335e6,1.580250797927461e6,14
2.566,use_adaptive_ngroute,0.057553005527293366,0,0.4188333333333334,false,false,7.666666666666667,1.687335e6,1.5902237994186045e6,5
1.444,use_adaptive_ngroute,0.05531850334808852,0,0.4726666666666666,false,false,8.25,1.687335e6,1.5939941531531531e6,2
0.946,none,0.054886137014878544,0,0.4635,false,false,8.333333333333332,1.687335e6,1.5947237e6,0
