CG_time_taken,method,CG_LP_IP_gap,implemented_SR3_cuts_count,CG_sp_time_taken_mean,converged,time_limit_reached,ngroute_neighborhood_size,CGIP_objective,CGLP_objective,cycles_lookup_length
6.48,use_adaptive_ngroute,0.339615519564454,0,0.26615,false,false,6.0,2.0831e6,1.3756469111952859e6,26
15.327,use_adaptive_ngroute,0.03204162853711601,0,0.7807894736842106,false,false,8.607142857142858,1.61877e6,1.5669019729729728e6,4
3.879,use_adaptive_ngroute,0.03199439402595283,0,0.7597999999999999,false,false,9.428571428571429,1.61877e6,1.5669784347826084e6,1
2.249,none,0.03181434738172251,0,1.1024999999999998,false,false,9.5,1.61877e6,1.567269888888889e6,0
