CG_time_taken,method,CG_LP_IP_gap,implemented_SR3_cuts_count,CG_sp_time_taken_mean,converged,time_limit_reached,ngroute_neighborhood_size,CGIP_objective,CGLP_objective,cycles_lookup_length
3.881,use_adaptive_ngroute,0.3304348304867998,0,0.16678947368421054,false,false,6.0,2.1936e6,1.468758155844156e6,21
10.214,use_adaptive_ngroute,0.14646422245933644,0,0.9067272727272727,false,false,8.392857142857144,1.84627e6,1.575857500000001e6,6
10.633,use_adaptive_ngroute,0.12026438827703989,0,1.3145,false,false,8.678571428571429,1.80229e6,1.5855386956521738e6,10
4.565,none,0.11983997694347459,0,1.1295,false,false,9.464285714285714,1.80229e6,1.5863036079545452e6,0
