CG_time_taken,method,CG_LP_IP_gap,implemented_SR3_cuts_count,CG_sp_time_taken_mean,converged,time_limit_reached,ngroute_neighborhood_size,CGIP_objective,CGLP_objective,cycles_lookup_length
4.459,use_adaptive_ngroute,0.37630705486226745,0,0.15145833333333333,false,false,6.0,2.49753e6,1.5576918412698412e6,28
6.536,use_adaptive_ngroute,0.04128485324968534,0,0.41746666666666665,false,false,8.285714285714285,1.78799e6,1.7141730952380951e6,5
5.909,use_adaptive_ngroute,0.0393336918347148,0,0.4104285714285714,false,false,8.857142857142858,1.78799e6,1.7176617523364483e6,9
1.552,none,0.039133278549816186,0,0.5039999999999999,false,false,10.035714285714285,1.78799e6,1.718020089285714e6,0
