CG_time_taken,method,CG_LP_IP_gap,implemented_SR3_cuts_count,CG_sp_time_taken_mean,converged,time_limit_reached,ngroute_neighborhood_size,CGIP_objective,CGLP_objective,cycles_lookup_length
3.024,use_adaptive_ngroute,0.43940190561883263,0,0.14105882352941176,false,false,6.0,2.82293e6,1.5825291785714286e6,28
7.71,use_adaptive_ngroute,0.03717420837200469,0,0.468125,false,false,8.464285714285715,1.812278e6,1.744908e6,9
6.388,use_adaptive_ngroute,0.028568906094981084,0,0.5206666666666667,false,false,9.535714285714285,1.812278e6,1.7605032e6,3
2.02,none,0.02666174836310986,0,0.4925,false,false,9.892857142857142,1.812278e6,1.7639595e6,0
