CG_time_taken,method,CG_LP_IP_gap,implemented_SR3_cuts_count,CG_sp_time_taken_mean,converged,time_limit_reached,ngroute_neighborhood_size,CGIP_objective,CGLP_objective,cycles_lookup_length
4.701,use_adaptive_ngroute,0.9999737348463227,0,0.19219999999999998,false,false,6.0,6.0e10,1.575909220641992e6,25
8.151,use_adaptive_ngroute,0.11125839650883962,0,0.49037499999999995,false,false,8.142857142857142,2.01423e6,1.79013e6,10
6.049,use_adaptive_ngroute,0.10323194411158543,0,0.6603333333333333,false,false,9.25,2.01423e6,1.8062971212121213e6,13
3.898,use_adaptive_ngroute,0.09745044443566642,0,0.9625,false,false,10.928571428571429,2.01423e6,1.8179423913043477e6,6
6.276,none,0.09690641991322657,0,1.5580000000000003,false,false,11.785714285714285,2.01423e6,1.8190381818181816e6,0
