CG_time_taken,method,CG_LP_IP_gap,implemented_SR3_cuts_count,CG_sp_time_taken_mean,converged,time_limit_reached,ngroute_neighborhood_size,CGIP_objective,CGLP_objective,cycles_lookup_length
12.857,use_adaptive_ngroute,0.44416994824112876,0,0.31212500000000004,false,false,6.0,3.02756e6,1.6828088315030884e6,18
9.731,use_adaptive_ngroute,0.18222446176754992,0,0.5379411764705883,false,false,7.3125,2.24748e6,1.837934166666667e6,17
4.067,use_adaptive_ngroute,0.17824574634701973,0,0.489375,false,false,8.28125,2.24748e6,1.84687625e6,4
3.707,use_adaptive_ngroute,0.1486743506158461,0,0.5108571428571429,false,false,8.40625,2.170672e6,1.84794875e6,2
1.899,none,0.1240191876956297,0,0.45475,false,false,8.625,2.11177e6,1.84987e6,0
