CG_time_taken,method,CG_LP_IP_gap,implemented_SR3_cuts_count,CG_sp_time_taken_mean,converged,time_limit_reached,ngroute_neighborhood_size,CGIP_objective,CGLP_objective,cycles_lookup_length
5.306,use_adaptive_ngroute,0.33674385011266816,0,0.1602692307692308,false,false,6.0,2.45411e6,1.6277035499999998e6,31
10.007,use_adaptive_ngroute,0.07140839741437655,0,0.7428461538461539,false,false,9.5625,1.87653e6,1.74253e6,2
7.871,use_adaptive_ngroute,0.06706527473581558,0,0.6930909090909091,false,false,9.625,1.87653e6,1.75068e6,2
5.431,use_adaptive_ngroute,0.06660964652843282,0,0.7491428571428572,false,false,9.71875,1.87653e6,1.751535e6,2
2.696,none,0.06469654095591326,0,0.5146,false,false,9.875,1.87653e6,1.755125e6,0
