CG_time_taken,method,CG_LP_IP_gap,implemented_SR3_cuts_count,CG_sp_time_taken_mean,converged,time_limit_reached,ngroute_neighborhood_size,CGIP_objective,CGLP_objective,cycles_lookup_length
27.842,use_adaptive_ngroute,0.25374872827578554,0,0.9593461538461536,false,false,6.0,2.31928e6,1.7307656494845361e6,28
224.424,use_adaptive_ngroute,0.1474054679338661,0,14.878199999999998,false,false,9.125,2.11948e6,1.8070570588235294e6,15
4.321,use_adaptive_ngroute,0.07933580271970775,0,0.554,false,false,10.0625,1.9708e6,1.814445e6,2
1.776,none,0.07933580271970764,0,0.40399999999999997,false,false,10.375,1.9708e6,1.8144450000000002e6,0
