CG_time_taken,method,CG_LP_IP_gap,implemented_SR3_cuts_count,CG_sp_time_taken_mean,converged,time_limit_reached,ngroute_neighborhood_size,CGIP_objective,CGLP_objective,cycles_lookup_length
7.625,use_adaptive_ngroute,0.397759388192649,0,0.27391304347826084,false,false,6.0,2.78099e6,1.674825119030125e6,30
10.021,use_adaptive_ngroute,0.10714078258966764,0,0.43518181818181834,false,false,8.46875,2.01076e6,1.7953255999999999e6,4
3.539,use_adaptive_ngroute,0.10590815164415446,0,0.3745555555555556,false,false,8.96875,2.01076e6,1.797804125e6,10
4.951,none,0.10554056675088042,0,0.6011249999999999,false,false,9.75,2.01076e6,1.7985432499999998e6,0
