CG_time_taken,method,CG_LP_IP_gap,implemented_SR3_cuts_count,CG_sp_time_taken_mean,converged,time_limit_reached,ngroute_neighborhood_size,CGIP_objective,CGLP_objective,cycles_lookup_length
5.303,use_adaptive_ngroute,0.31336645428054033,0,0.15953846153846152,false,false,6.0,2.43782e6,1.6738889904258132e6,25
4.526,use_adaptive_ngroute,0.10698264782484967,0,0.3058571428571428,false,false,7.8125,2.02055e6,1.8043862109375e6,16
4.151,use_adaptive_ngroute,0.09516574582528148,0,0.5785714285714286,false,false,8.9375,2.02055e6,1.8282628522727275e6,9
3.967,use_adaptive_ngroute,0.09247172341230891,0,0.649,false,false,10.125,2.02055e6,1.8337062592592593e6,7
4.144,use_adaptive_ngroute,0.09162387468758515,0,0.816,false,false,10.59375,2.02055e6,1.83541938e6,2
1.425,use_adaptive_ngroute,0.09061086321101541,0,0.6970000000000001,false,false,10.65625,2.02055e6,1.8374662203389828e6,5
2.531,none,0.090400950236322,0,0.8300000000000001,false,false,11.125,2.02055e6,1.8378903599999996e6,0
