CG_time_taken,method,CG_LP_IP_gap,implemented_SR3_cuts_count,CG_sp_time_taken_mean,converged,time_limit_reached,ngroute_neighborhood_size,CGIP_objective,CGLP_objective,cycles_lookup_length
4.897,use_adaptive_ngroute,0.35188774628799113,0,0.1443846153846154,false,false,6.0,2.65734e6,1.7222546162790696e6,25
12.291,use_adaptive_ngroute,0.11085953618135447,0,0.9260769230769231,false,false,8.1875,2.0349e6,1.8093119298245618e6,11
19.835,use_adaptive_ngroute,0.08804842161583748,0,2.1878888888888888,false,false,9.03125,1.99983e6,1.8237481249999998e6,12
18.959,use_adaptive_ngroute,0.06132374386735129,0,2.693,false,false,10.125,1.94519e6,1.825903666666667e6,5
12.605,none,0.06114393912541638,0,3.13625,false,false,10.53125,1.94519e6,1.8262534210526312e6,0
