CG_time_taken,method,CG_LP_IP_gap,implemented_SR3_cuts_count,CG_sp_time_taken_mean,converged,time_limit_reached,ngroute_neighborhood_size,CGIP_objective,CGLP_objective,cycles_lookup_length
4.899,use_adaptive_ngroute,0.9999732761327174,0,0.17565217391304347,false,false,6.0,6.0e10,1.6034320369565217e6,32
8.026,use_adaptive_ngroute,0.024688043409851756,0,0.48018750000000004,false,false,9.125,1.78383e6,1.7397907275242042e6,8
5.11,use_adaptive_ngroute,0.022222065497706778,0,0.6191250000000001,false,false,10.375,1.78383e6,1.7441896129032257e6,9
3.357,use_adaptive_ngroute,0.021785281162015613,0,0.82175,false,false,10.75,1.78383e6,1.7449687619047617e6,3
2.99,use_adaptive_ngroute,0.02169354212053609,0,0.9793333333333334,false,false,10.875,1.78383e6,1.745132408759124e6,1
1.554,none,0.021604191614786994,0,0.7555,false,false,10.90625,1.78383e6,1.7452917948717945e6,0
