CG_time_taken,method,CG_LP_IP_gap,implemented_SR3_cuts_count,CG_sp_time_taken_mean,converged,time_limit_reached,ngroute_neighborhood_size,CGIP_objective,CGLP_objective,cycles_lookup_length
6.521,use_adaptive_ngroute,0.3339062492860617,0,0.26795,false,false,1.0,1.813382e6,1.2078824178571429e6,23
3.142,use_adaptive_ngroute,0.04560362226471215,0,0.19826666666666665,false,false,4.791666666666667,1.50624e6,1.43755e6,1
1.333,use_adaptive_ngroute,0.017410537913988944,0,0.18042857142857144,false,false,4.958333333333333,1.463022e6,1.43755e6,2
1.291,none,0.013955360889993496,0,0.16885714285714284,false,false,5.041666666666666,1.463022e6,1.442605e6,0
