CG_time_taken,method,CG_LP_IP_gap,implemented_SR3_cuts_count,CG_sp_time_taken_mean,converged,time_limit_reached,ngroute_neighborhood_size,CGIP_objective,CGLP_objective,cycles_lookup_length
8.211,use_adaptive_ngroute,0.3860425782512281,0,0.3016363636363637,false,false,6.0,2.54536e6,1.562742663022454e6,23
8.335,use_adaptive_ngroute,0.06628955930198177,0,0.4586470588235294,false,false,7.5625,1.85955e6,1.7362812499999998e6,12
6.635,use_adaptive_ngroute,0.014561846945453705,0,0.7163333333333334,false,false,8.03125,1.77244e6,1.74663e6,4
3.633,use_adaptive_ngroute,0.011957233114164523,0,0.8885,false,false,8.28125,1.77244e6,1.7512465217391301e6,1
3.387,none,0.011957233114164523,0,1.1099999999999999,false,false,8.53125,1.77244e6,1.7512465217391301e6,0
