CG_time_taken,method,CG_LP_IP_gap,implemented_SR3_cuts_count,CG_sp_time_taken_mean,converged,time_limit_reached,ngroute_neighborhood_size,CGIP_objective,CGLP_objective,cycles_lookup_length
18.897,use_adaptive_ngroute,0.310737390534072,0,0.7106666666666666,false,false,6.0,2.54379e6,1.753339333333333e6,32
33.832,use_adaptive_ngroute,0.12417974576040725,0,1.510590909090909,false,false,8.8125,2.12468e6,1.860837777777778e6,14
8.133,use_adaptive_ngroute,0.11819897584577443,0,1.328,false,false,9.8125,2.12468e6,1.873545e6,10
9.161,use_adaptive_ngroute,0.11261285420381772,0,1.5050000000000001,false,false,10.25,2.12468e6,1.8854137209302327e6,12
7.886,none,0.1107696217783386,0,2.6046666666666667,false,false,10.71875,2.12468e6,1.8893299999999995e6,0
