CG_time_taken,method,CG_LP_IP_gap,implemented_SR3_cuts_count,CG_sp_time_taken_mean,converged,time_limit_reached,ngroute_neighborhood_size,CGIP_objective,CGLP_objective,cycles_lookup_length
4.644,use_adaptive_ngroute,0.22307838119553147,0,0.15562499999999999,false,false,6.0,2.37831e6,1.8477604552188555e6,22
3.277,use_adaptive_ngroute,0.07787116457340681,0,0.2147857142857143,false,false,8.125,2.047612e6,1.8881620689655172e6,18
3.964,use_adaptive_ngroute,0.07696217186980092,0,0.4262222222222223,false,false,9.75,2.047612e6,1.8900233333333333e6,4
3.378,use_adaptive_ngroute,0.076035889611899,0,0.4685714285714286,false,false,10.0,2.047612e6,1.8919200000000002e6,2
1.676,use_adaptive_ngroute,0.07517221937629703,0,0.5413333333333334,false,false,10.28125,2.047612e6,1.8936884615384617e6,7
3.52,none,0.07499787335420272,0,0.86375,false,false,10.71875,2.047612e6,1.8940454545454544e6,0
