CG_time_taken,method,CG_LP_IP_gap,implemented_SR3_cuts_count,CG_sp_time_taken_mean,converged,time_limit_reached,ngroute_neighborhood_size,CGIP_objective,CGLP_objective,cycles_lookup_length
9.651,use_adaptive_ngroute,0.9999743112085625,0,0.2852592592592593,false,false,6.0,6.0e10,1.5413274862529458e6,24
5.303,use_adaptive_ngroute,0.13781286185089514,0,0.35428571428571426,false,false,7.5625,2.02086e6,1.7423595e6,6
2.01,use_adaptive_ngroute,0.13679732885999007,0,0.3834,false,false,7.90625,2.02086e6,1.7444117500000005e6,1
2.207,none,0.13679732885999019,0,0.4254,false,false,7.9375,2.02086e6,1.7444117500000002e6,0
