CG_time_taken,method,CG_LP_IP_gap,implemented_SR3_cuts_count,CG_sp_time_taken_mean,converged,time_limit_reached,ngroute_neighborhood_size,CGIP_objective,CGLP_objective,cycles_lookup_length
6.96,use_adaptive_ngroute,0.29389870234873117,0,0.2626818181818182,false,false,6.0,2.67766e6,1.8906992006688965e6,32
5.41,use_adaptive_ngroute,0.006807852465370412,0,0.3182500000000001,false,false,8.71875,1.95419e6,1.9408861627906978e6,15
4.107,use_adaptive_ngroute,0.001806776369608576,0,0.6691666666666667,false,false,10.1875,1.95419e6,1.9506592156862747e6,10
2.504,none,0.0013385158483638637,0,0.605,false,false,10.78125,1.95419e6,1.951574285714286e6,0
