CG_time_taken,method,CG_LP_IP_gap,implemented_SR3_cuts_count,CG_sp_time_taken_mean,converged,time_limit_reached,ngroute_neighborhood_size,CGIP_objective,CGLP_objective,cycles_lookup_length
8.455,use_adaptive_ngroute,0.4163354800927971,0,0.24624137931034487,false,false,6.0,2.78731e6,1.6268539529825458e6,28
7.472,use_adaptive_ngroute,0.12100865502680358,0,0.44624999999999987,false,false,8.6875,2.00346e6,1.761024e6,8
3.993,use_adaptive_ngroute,0.11921216295808257,0,0.5571428571428572,false,false,9.5625,2.00346e6,1.7646232e6,4
1.049,use_adaptive_ngroute,0.11883323992350392,0,0.5069999999999999,false,false,9.78125,2.00346e6,1.7653823571428568e6,2
0.434,none,0.11877515056846388,0,0.382,false,false,9.90625,2.00346e6,1.7654987368421054e6,0
