CG_time_taken,method,CG_LP_IP_gap,implemented_SR3_cuts_count,CG_sp_time_taken_mean,converged,time_limit_reached,ngroute_neighborhood_size,CGIP_objective,CGLP_objective,cycles_lookup_length
2.066,use_adaptive_ngroute,0.9998707410631135,0,0.11143750000000001,false,false,1.0,1.000214357e10,1.2928664444444445e6,20
3.188,use_adaptive_ngroute,0.1472838935322961,0,0.2524166666666667,false,false,4.416666666666666,1.7441e6,1.4872221612903224e6,14
3.254,use_adaptive_ngroute,0.0970423406700256,0,0.3955,false,false,6.583333333333333,1.69695e6,1.532274e6,2
1.384,none,0.09644548035872391,0,0.33575,false,false,6.666666666666666,1.69695e6,1.5332868421052634e6,0
