CG_time_taken,method,CG_LP_IP_gap,implemented_SR3_cuts_count,CG_sp_time_taken_mean,converged,time_limit_reached,ngroute_neighborhood_size,CGIP_objective,CGLP_objective,cycles_lookup_length
5.379,use_adaptive_ngroute,0.23920752210078333,0,0.1973478260869565,false,false,6.0,2.41104e6,1.8343010959141273e6,28
8.401,use_adaptive_ngroute,0.04567940723945263,0,0.507,false,false,8.90625,1.97584e6,1.8855847999999998e6,7
3.421,use_adaptive_ngroute,0.04276270683186234,0,0.5536666666666666,false,false,9.34375,1.97584e6,1.8913477333333332e6,4
1.903,use_adaptive_ngroute,0.04245029961940239,0,0.6166666666666667,false,false,9.59375,1.97584e6,1.891965e6,3
1.108,use_adaptive_ngroute,0.04240315872887335,0,0.5415,false,false,9.75,1.97584e6,1.892058142857143e6,3
2.262,none,0.042270556898765466,0,1.1175,false,false,9.9375,1.97584e6,1.8923201428571432e6,0
