CG_time_taken,method,CG_LP_IP_gap,implemented_SR3_cuts_count,CG_sp_time_taken_mean,converged,time_limit_reached,ngroute_neighborhood_size,CGIP_objective,CGLP_objective,cycles_lookup_length
8.251,use_adaptive_ngroute,0.9999685941785894,0,0.28156000000000003,false,false,5.999999999999999,6.0e10,1.884349284633125e6,36
41.522,use_adaptive_ngroute,0.2081241810053529,0,2.1585263157894743,false,false,9.777777777777777,2.52046e6,1.9958913267432482e6,26
62.835,use_adaptive_ngroute,0.13022937486755615,0,5.69290909090909,false,false,11.25,2.314298e6,2.0129084182027646e6,4
23.461,use_adaptive_ngroute,0.12940230500032357,0,5.84675,false,false,11.36111111111111,2.314298e6,2.0148225043423611e6,6
6.89,none,0.12929687818566893,0,6.86,false,false,11.75,2.314298e6,2.0150664934086627e6,0
