CG_time_taken,method,CG_LP_IP_gap,implemented_SR3_cuts_count,CG_sp_time_taken_mean,converged,time_limit_reached,ngroute_neighborhood_size,CGIP_objective,CGLP_objective,cycles_lookup_length
19.36,use_adaptive_ngroute,0.9999719375258221,0,0.45736111111111116,false,false,5.999999999999999,6.0e10,1.6837484506702977e6,28
25.086,use_adaptive_ngroute,0.09416477867515383,0,0.9511600000000001,false,false,7.916666666666666,2.04933e6,1.856355294117647e6,14
18.105,use_adaptive_ngroute,0.08028719332537282,0,1.3546923076923074,false,false,9.0,2.02719e6,1.8644326045627375e6,23
103.097,use_adaptive_ngroute,0.07452002525663581,0,11.414444444444442,false,false,10.305555555555555,2.02719e6,1.8761237500000005e6,5
80.244,use_adaptive_ngroute,0.06549806409263326,0,11.416857142857141,false,false,10.472222222222221,2.02719e6,1.8944129794520547e6,11
62.949,use_adaptive_ngroute,0.0626849410831175,0,8.966857142857144,false,false,11.194444444444445,2.02719e6,1.900115714285715e6,2
16.776,none,0.06260492058737366,0,4.15675,false,false,11.305555555555555,2.02719e6,1.900277931034482e6,0
