CG_time_taken,method,CG_LP_IP_gap,implemented_SR3_cuts_count,CG_sp_time_taken_mean,converged,time_limit_reached,ngroute_neighborhood_size,CGIP_objective,CGLP_objective,cycles_lookup_length
8.645,use_adaptive_ngroute,0.3179906888921914,0,0.22527586206896552,false,false,5.999999999999999,2.53703e6,1.7302780825598438e6,32
15.322,use_adaptive_ngroute,0.1325410428445969,0,0.8782941176470588,false,false,7.805555555555555,2.1196e6,1.8386660055865925e6,15
7.576,use_adaptive_ngroute,0.13168825654436156,0,1.0645714285714287,false,false,8.777777777777777,2.1196e6,1.8404735714285711e6,3
7.021,use_adaptive_ngroute,0.1311043138817246,0,0.9868571428571429,false,false,8.944444444444445,2.1196e6,1.8417112962962964e6,2
1.856,none,0.13106379792741873,0,0.906,false,false,9.083333333333334,2.1196e6,1.8417971739130432e6,0
