CG_time_taken,method,CG_LP_IP_gap,implemented_SR3_cuts_count,CG_sp_time_taken_mean,converged,time_limit_reached,ngroute_neighborhood_size,CGIP_objective,CGLP_objective,cycles_lookup_length
17.009,use_adaptive_ngroute,0.9999744900705299,0,0.589346153846154,false,false,5.999999999999999,6.0e10,1.5305957682106989e6,36
32.156,use_adaptive_ngroute,0.18269695718834755,0,1.8687058823529414,false,false,9.63888888888889,2.03496e6,1.6631790000000002e6,12
23.446,use_adaptive_ngroute,0.16453876405007795,0,1.9358333333333335,false,false,10.222222222222223,2.02277e6,1.6899459242424238e6,5
10.224,none,0.06864048404597156,0,3.384666666666667,false,false,10.944444444444445,1.814712e6,1.6901492899159668e6,0
