CG_time_taken,method,CG_LP_IP_gap,implemented_SR3_cuts_count,CG_sp_time_taken_mean,converged,time_limit_reached,ngroute_neighborhood_size,CGIP_objective,CGLP_objective,cycles_lookup_length
6.86,use_adaptive_ngroute,0.3599429835761523,0,0.1858928571428572,false,false,5.999999999999999,2.79289e6,1.7876088406e6,17
4.257,use_adaptive_ngroute,0.23532553331980066,0,0.2604,false,false,6.750000000000001,2.38105e6,1.8207281388888888e6,22
6.531,use_adaptive_ngroute,0.23198882845803304,0,0.4856923076923077,false,false,8.333333333333334,2.38105e6,1.8286730000000005e6,4
2.576,none,0.22228530474265207,0,0.62375,false,false,8.5,2.35423e6,1.8309192670157063e6,0
