CG_time_taken,method,CG_LP_IP_gap,implemented_SR3_cuts_count,CG_sp_time_taken_mean,converged,time_limit_reached,ngroute_neighborhood_size,CGIP_objective,CGLP_objective,cycles_lookup_length
6.134,use_adaptive_ngroute,0.9999700886000783,0,0.22600000000000006,false,false,5.999999999999999,6.0e10,1.7946839953051643e6,35
36.777,use_adaptive_ngroute,0.05796332054358899,0,1.4478799999999998,false,false,10.11111111111111,2.00421e6,1.8880393333333335e6,6
8.929,use_adaptive_ngroute,0.05755427681872527,0,1.7654,false,false,10.694444444444445,2.00421e6,1.8888591428571427e6,1
6.433,use_adaptive_ngroute,0.05755427681872538,0,2.1203333333333334,false,false,10.75,2.00421e6,1.8888591428571425e6,2
1.442,use_adaptive_ngroute,0.057225621148563666,0,1.409,false,false,10.972222222222223,2.00421e6,1.8895178378378372e6,1
4.748,use_adaptive_ngroute,0.057141591948947856,0,2.3469999999999995,false,false,11.0,2.00421e6,1.8896862499999993e6,1
2.046,use_adaptive_ngroute,0.05709147339190623,0,2.008,false,false,11.027777777777779,2.00421e6,1.8897866981132077e6,1
1.927,use_adaptive_ngroute,0.05708835465447781,0,1.8929999999999998,false,false,11.055555555555555,2.00421e6,1.889792948717949e6,1
1.288,use_adaptive_ngroute,0.05708300693706414,0,1.256,false,false,11.083333333333334,2.00421e6,1.8898036666666667e6,2
11.492,none,0.05707219908649652,0,2.2802,false,false,11.13888888888889,2.00421e6,1.8898253278688528e6,0
