CG_time_taken,method,CG_LP_IP_gap,implemented_SR3_cuts_count,CG_sp_time_taken_mean,converged,time_limit_reached,ngroute_neighborhood_size,CGIP_objective,CGLP_objective,cycles_lookup_length
8.578,use_adaptive_ngroute,0.9999723689848911,0,0.25103571428571436,false,false,5.999999999999999,6.0e10,1.657860906535912e6,34
18.929,use_adaptive_ngroute,0.04548614299118714,0,0.92035,false,false,9.305555555555555,1.869648e6,1.784604923728813e6,8
7.02,use_adaptive_ngroute,0.041631258932162685,0,0.9842857142857142,false,false,10.083333333333334,1.869648e6,1.7918122e6,2
5.341,use_adaptive_ngroute,0.03889974600131463,0,1.3150000000000002,false,false,10.222222222222223,1.86494e6,1.7923943076923082e6,1
4.283,none,0.0388857163113977,0,1.4069999999999998,false,false,10.333333333333334,1.86494e6,1.792420472222222e6,0
