CG_time_taken,method,CG_LP_IP_gap,implemented_SR3_cuts_count,CG_sp_time_taken_mean,converged,time_limit_reached,ngroute_neighborhood_size,CGIP_objective,CGLP_objective,cycles_lookup_length
1.559,use_adaptive_ngroute,0.1943721062365129,0,0.05925,false,false,1.0,2.04435e6,1.6469853846153847e6,14
2.176,use_adaptive_ngroute,0.07544021730379291,0,0.1847272727272727,false,false,2.9166666666666665,1.82796e6,1.6900583003773587e6,20
1.165,use_adaptive_ngroute,0.0009694981523700186,0,0.12155555555555553,false,false,5.874999999999999,1.72383e6,1.72215875e6,2
0.633,none,0.0005539989442114868,0,0.14925,false,false,5.958333333333334,1.72383e6,1.722875e6,0
