CG_time_taken,method,CG_LP_IP_gap,implemented_SR3_cuts_count,CG_sp_time_taken_mean,converged,time_limit_reached,ngroute_neighborhood_size,CGIP_objective,CGLP_objective,cycles_lookup_length
7.872,use_adaptive_ngroute,0.9999702120671343,0,0.28482608695652173,false,false,5.999999999999999,6.0e10,1.7872759719387754e6,33
15.721,use_adaptive_ngroute,0.21098697692945656,0,1.0126000000000002,false,false,9.916666666666666,2.483164e6,1.9592487344199428e6,13
11.601,use_adaptive_ngroute,0.11894543690274362,0,1.265111111111111,false,false,10.805555555555555,2.22706e6,1.9621613752913757e6,10
3.414,use_adaptive_ngroute,0.11873528004791278,0,1.6814999999999998,false,false,11.666666666666666,2.22706e6,1.9626294072164954e6,6
10.197,none,0.1187335733248649,0,2.51325,false,false,12.11111111111111,2.22706e6,1.9626332081911264e6,0
