CG_time_taken,method,CG_LP_IP_gap,implemented_SR3_cuts_count,CG_sp_time_taken_mean,converged,time_limit_reached,ngroute_neighborhood_size,CGIP_objective,CGLP_objective,cycles_lookup_length
7.505,use_adaptive_ngroute,0.3227787078663945,0,0.2598181818181819,false,false,5.999999999999999,2.68852e6,1.820722988327041e6,35
18.746,use_adaptive_ngroute,0.08051355990084275,0,1.0140555555555557,false,false,9.166666666666666,2.07572e6,1.9085963934426226e6,19
19.817,use_adaptive_ngroute,0.07138486886477957,0,2.177,false,false,11.166666666666668,2.07572e6,1.9275449999999998e6,7
7.81,use_adaptive_ngroute,0.07096587671626531,0,1.93425,false,false,11.472222222222221,2.07572e6,1.9284147103825137e6,2
7.205,use_adaptive_ngroute,0.07048553294889248,0,2.3816666666666664,false,false,11.722222222222221,2.07572e6,1.9294117695473249e6,4
10.166,use_adaptive_ngroute,0.07041433548091491,0,2.5245,false,false,12.333333333333332,2.07572e6,1.9295595555555553e6,3
5.211,use_adaptive_ngroute,0.07019767513539599,0,2.5824999999999996,false,false,12.416666666666668,2.07572e6,1.9300092817679557e6,1
4.357,none,0.07019576507054037,0,2.154,false,false,12.444444444444445,2.07572e6,1.930013246527778e6,0
