CG_time_taken,method,CG_LP_IP_gap,implemented_SR3_cuts_count,CG_sp_time_taken_mean,converged,time_limit_reached,ngroute_neighborhood_size,CGIP_objective,CGLP_objective,cycles_lookup_length
12.36,use_adaptive_ngroute,0.999969309848279,0,0.35241379310344834,false,false,5.999999999999999,6.0e10,1.8414091032608692e6,35
26.218,use_adaptive_ngroute,0.08522107588639571,0,1.3467894736842105,false,false,10.444444444444445,2.17801e6,1.9923976445086712e6,8
9.111,use_adaptive_ngroute,0.08414874917039716,0,1.4956666666666667,false,false,11.194444444444445,2.17801e6,1.9947331828193832e6,3
10.632,use_adaptive_ngroute,0.08303617554081699,0,2.1036,false,false,11.36111111111111,2.17801e6,1.9971563793103453e6,1
6.48,none,0.08297802192756776,0,2.1380000000000003,false,false,11.388888888888888,2.17801e6,1.997283038461538e6,0
