CG_time_taken,method,CG_LP_IP_gap,implemented_SR3_cuts_count,CG_sp_time_taken_mean,converged,time_limit_reached,ngroute_neighborhood_size,CGIP_objective,CGLP_objective,cycles_lookup_length
6.133,use_adaptive_ngroute,0.3572589035144247,0,0.19796000000000002,false,false,5.999999999999999,2.7584e6,1.772937040545811e6,33
9.433,use_adaptive_ngroute,0.07347979832237728,0,0.5973333333333332,false,false,9.222222222222223,2.028159e6,1.8791302857142857e6,16
6.071,use_adaptive_ngroute,0.07173101319965547,0,1.19,false,false,11.0,2.028159e6,1.8826770999999999e6,6
4.015,use_adaptive_ngroute,0.07153206430067849,0,1.313,false,false,11.388888888888888,2.028159e6,1.8830806000000003e6,4
1.391,use_adaptive_ngroute,0.07131478415226622,0,1.347,false,false,11.694444444444445,2.028159e6,1.883521278688524e6,2
4.087,use_adaptive_ngroute,0.07128866622390062,0,1.3383333333333334,false,false,11.75,2.028159e6,1.88357425e6,1
4.152,none,0.07128866622390062,0,2.0475,false,false,11.972222222222223,2.028159e6,1.88357425e6,0
