CG_time_taken,method,CG_LP_IP_gap,implemented_SR3_cuts_count,CG_sp_time_taken_mean,converged,time_limit_reached,ngroute_neighborhood_size,CGIP_objective,CGLP_objective,cycles_lookup_length
9.049,use_adaptive_ngroute,0.35151193655958146,0,0.26571428571428574,false,false,5.999999999999999,2.83467e6,1.8382496587926513e6,25
12.002,use_adaptive_ngroute,0.2019352181113544,0,0.712,false,false,8.13888888888889,2.37906e6,1.8986440000000012e6,9
6.223,use_adaptive_ngroute,0.19564284268608412,0,0.6568888888888889,false,false,8.638888888888888,2.37906e6,1.9136139386792446e6,8
3.402,use_adaptive_ngroute,0.19421033973395274,0,0.6546000000000002,false,false,9.277777777777779,2.37906e6,1.9170219491525425e6,10
4.908,none,0.19405034232318952,0,1.1995,false,false,9.777777777777777,2.37906e6,1.9174025925925928e6,0
