CG_time_taken,method,CG_LP_IP_gap,implemented_SR3_cuts_count,CG_sp_time_taken_mean,converged,time_limit_reached,ngroute_neighborhood_size,CGIP_objective,CGLP_objective,cycles_lookup_length
4.154,use_adaptive_ngroute,0.3338731104174394,0,0.14356521739130435,false,false,5.999999999999999,2.85293e6,1.9004133870967745e6,26
2.799,use_adaptive_ngroute,0.16871570339879693,0,0.17864285714285713,false,false,7.611111111111112,2.311818e6,1.921778e6,8
2.765,use_adaptive_ngroute,0.14920551793070624,0,0.2792222222222222,false,false,8.222222222222223,2.264052e6,1.9262429487179487e6,14
2.986,use_adaptive_ngroute,0.14878074060725344,0,0.315,false,false,9.416666666666668,2.264052e6,1.9272046666666667e6,2
2.25,none,0.14877115736018265,0,0.4312,false,false,9.472222222222223,2.264052e6,1.9272263636363638e6,0
