CG_time_taken,method,CG_LP_IP_gap,implemented_SR3_cuts_count,CG_sp_time_taken_mean,converged,time_limit_reached,ngroute_neighborhood_size,CGIP_objective,CGLP_objective,cycles_lookup_length
8.528,use_adaptive_ngroute,0.9999701246817153,0,0.24471999999999994,false,false,5.999999999999999,6.0e10,1.7925190970817495e6,32
14.976,use_adaptive_ngroute,0.12809306939957776,0,0.6907619047619048,false,false,8.75,2.16454e6,1.887277427561838e6,18
7.934,use_adaptive_ngroute,0.1240340398537334,0,1.1142857142857143,false,false,9.88888888888889,2.16454e6,1.896063359375e6,6
2.164,none,0.12397647431458647,0,1.0579999999999998,false,false,10.166666666666668,2.16454e6,1.896187962287105e6,0
