CG_time_taken,method,CG_LP_IP_gap,implemented_SR3_cuts_count,CG_sp_time_taken_mean,converged,time_limit_reached,ngroute_neighborhood_size,CGIP_objective,CGLP_objective,cycles_lookup_length
2.194,use_adaptive_ngroute,0.3782169549061063,0,0.13142857142857142,false,false,1.0,2.15841e6,1.342062742361111e6,20
2.295,use_adaptive_ngroute,0.13030644090990473,0,0.18258333333333335,false,false,4.75,1.76758e6,1.5372529411764706e6,15
1.432,use_adaptive_ngroute,0.04223072305392894,0,0.19771428571428568,false,false,7.3,1.63252e6,1.5635775e6,1
0.757,none,0.04180591968245417,0,0.24566666666666664,false,false,7.550000000000001,1.63252e6,1.564271e6,0
