CG_time_taken,method,CG_LP_IP_gap,implemented_SR3_cuts_count,CG_sp_time_taken_mean,converged,time_limit_reached,ngroute_neighborhood_size,CGIP_objective,CGLP_objective,cycles_lookup_length
1.804,use_adaptive_ngroute,0.2797765601059341,0,0.0941875,false,false,1.0,2.03401e6,1.464941678978929e6,20
2.939,use_adaptive_ngroute,0.13898876857340037,0,0.2535454545454546,false,false,3.458333333333333,1.843714e6,1.5874584615384617e6,16
3.622,use_adaptive_ngroute,0.0640974341840338,0,0.39544444444444443,false,false,4.75,1.71349e6,1.6036596875e6,7
2.301,use_adaptive_ngroute,0.06325394370553661,0,0.4534,false,false,5.166666666666667,1.71349e6,1.605105e6,1
1.553,use_adaptive_ngroute,0.06249425200151104,0,0.5106666666666667,false,false,5.25,1.71349e6,1.606406724137931e6,1
0.479,none,0.06249425200151104,0,0.46900000000000003,false,false,5.541666666666666,1.71349e6,1.606406724137931e6,0
