CG_time_taken,method,CG_LP_IP_gap,implemented_SR3_cuts_count,CG_sp_time_taken_mean,converged,time_limit_reached,ngroute_neighborhood_size,CGIP_objective,CGLP_objective,cycles_lookup_length
11.713,use_adaptive_ngroute,0.9999683789166287,0,0.3007812499999999,false,false,5.999999999999999,6.0e10,1.8972650022754737e6,31
23.002,use_adaptive_ngroute,0.1842137815999123,0,0.8913600000000002,false,false,7.277777777777778,2.46401e6,2.0101054000000001e6,12
6.807,use_adaptive_ngroute,0.1820525426902836,0,1.3410000000000002,false,false,8.027777777777777,2.46401e6,2.0154307142857143e6,3
10.289,use_adaptive_ngroute,0.1819420375728994,0,1.6963333333333337,false,false,8.305555555555555,2.46401e6,2.0157030000000002e6,3
10.822,use_adaptive_ngroute,0.1809497887756526,0,2.1446,false,false,8.444444444444445,2.46401e6,2.0181479109589043e6,8
4.418,use_adaptive_ngroute,0.1805882751244816,0,1.4520000000000002,false,false,9.194444444444445,2.46401e6,2.019038684210526e6,1
3.988,none,0.18057284090335912,0,1.97,false,false,9.277777777777779,2.46401e6,2.019076714285714e6,0
