CG_time_taken,method,CG_LP_IP_gap,implemented_SR3_cuts_count,CG_sp_time_taken_mean,converged,time_limit_reached,ngroute_neighborhood_size,CGIP_objective,CGLP_objective,cycles_lookup_length
4.416,use_adaptive_ngroute,0.03270592109730719,0,0.3043571428571429,false,false,7.75,1.371628e6,1.3267676428571427e6,3
1.432,use_adaptive_ngroute,0.030861319541449994,0,0.35075,false,false,8.4,1.371628e6,1.32929775e6,2
0.84,use_adaptive_ngroute,0.03022086579909833,0,0.27366666666666667,false,false,8.5,1.371628e6,1.3301762142857143e6,3
0.698,none,0.02863239887199731,0,0.3425,false,false,8.95,1.371628e6,1.332355e6,0
