CG_time_taken,method,CG_LP_IP_gap,implemented_SR3_cuts_count,CG_sp_time_taken_mean,converged,time_limit_reached,ngroute_neighborhood_size,CGIP_objective,CGLP_objective,cycles_lookup_length
2.451,use_adaptive_ngroute,0.07581221946802341,0,0.13831249999999998,false,false,7.75,1.53503e6,1.41865596875e6,9
0.774,use_adaptive_ngroute,0.02408420052734106,0,0.1476,false,false,9.05,1.471028e6,1.4355994666666666e6,3
0.456,use_adaptive_ngroute,0.023210769820623756,0,0.145,false,false,9.2,1.471028e6,1.4368843076923075e6,3
0.139,none,0.023158105911119442,0,0.129,false,false,9.6,1.471028e6,1.4369617777777778e6,0
