CG_time_taken,method,CG_LP_IP_gap,implemented_SR3_cuts_count,CG_sp_time_taken_mean,converged,time_limit_reached,ngroute_neighborhood_size,CGIP_objective,CGLP_objective,cycles_lookup_length
2.34,use_adaptive_ngroute,0.153242843092821,0,0.11268421052631579,false,false,7.75,1.66513e6,1.409960744680851e6,12
0.966,use_adaptive_ngroute,0.14564690409263203,0,0.15500000000000003,false,false,9.549999999999999,1.66513e6,1.4226089705882357e6,4
0.679,use_adaptive_ngroute,0.1455252993259789,0,0.21966666666666668,false,false,10.3,1.66513e6,1.4228114583333328e6,1
0.239,none,0.14544443310065236,0,0.201,false,false,10.35,1.66513e6,1.4229461111111108e6,0
