CG_time_taken,method,CG_LP_IP_gap,implemented_SR3_cuts_count,CG_sp_time_taken_mean,converged,time_limit_reached,ngroute_neighborhood_size,CGIP_objective,CGLP_objective,cycles_lookup_length
3.348,use_adaptive_ngroute,0.30305289039506667,0,0.12181818181818185,false,false,1.0,2.13768e6,1.4898498972602738e6,27
7.292,use_adaptive_ngroute,0.21017857591537192,0,0.47173333333333334,false,false,5.25,1.97266e6,1.5580491304347825e6,19
9.7,use_adaptive_ngroute,0.16214762589591591,0,0.5263333333333333,false,false,7.571428571428571,1.9006e6,1.5924222222222222e6,11
3.68,use_adaptive_ngroute,0.08181743094004201,0,0.6025000000000001,false,false,9.071428571428571,1.74013e6,1.5977570338983047e6,9
4.662,use_adaptive_ngroute,0.08057156649215869,0,0.9212000000000001,false,false,9.607142857142858,1.74013e6,1.599925e6,2
1.546,none,0.08048608437300664,0,0.37725000000000003,false,false,9.821428571428571,1.74013e6,1.60007375e6,0
