CG_time_taken,method,CG_LP_IP_gap,implemented_SR3_cuts_count,CG_sp_time_taken_mean,converged,time_limit_reached,ngroute_neighborhood_size,CGIP_objective,CGLP_objective,cycles_lookup_length
2.531,use_adaptive_ngroute,0.07801089438360553,0,0.13161111111111112,false,false,7.75,1.58981e6,1.4657875e6,5
0.847,use_adaptive_ngroute,0.042574998994900914,0,0.163,false,false,8.6,1.54979e6,1.4838076923076925e6,6
0.575,use_adaptive_ngroute,0.04010632363761868,0,0.18466666666666667,false,false,9.5,1.54979e6,1.487633620689655e6,4
0.198,none,0.039279515289168176,0,0.155,false,false,9.700000000000001,1.54979e6,1.488915e6,0
