CG_time_taken,method,CG_LP_IP_gap,implemented_SR3_cuts_count,CG_sp_time_taken_mean,converged,time_limit_reached,ngroute_neighborhood_size,CGIP_objective,CGLP_objective,cycles_lookup_length
3.231,use_adaptive_ngroute,0.018489561759589046,0,0.2049333333333333,false,false,7.75,1.44852e6,1.4217375e6,3
1.929,use_adaptive_ngroute,0.016705844586198282,0,0.20877777777777778,false,false,8.200000000000001,1.44852e6,1.42432125e6,1
0.379,use_adaptive_ngroute,0.015619390826498769,0,0.1815,false,false,8.3,1.44852e6,1.425895e6,4
0.331,none,0.015491098960778382,0,0.1585,false,false,8.6,1.44852e6,1.4260808333333333e6,0
