CG_time_taken,method,CG_LP_IP_gap,implemented_SR3_cuts_count,CG_sp_time_taken_mean,converged,time_limit_reached,ngroute_neighborhood_size,CGIP_objective,CGLP_objective,cycles_lookup_length
2.483,use_adaptive_ngroute,0.02625696889678164,0,0.12555555555555556,false,false,7.291666666666667,1.546822e6,1.5062071428571425e6,3
0.906,use_adaptive_ngroute,0.0005139270267584539,0,0.1706,false,false,8.0,1.516428e6,1.5156486666666667e6,2
0.911,use_adaptive_ngroute,0.0005139270267584539,0,0.1722,false,false,8.625,1.516428e6,1.5156486666666667e6,1
1.27,none,0.0,0,0.172,true,false,8.666666666666668,1.516428e6,1.516428e6,0
