CG_time_taken,method,CG_LP_IP_gap,implemented_SR3_cuts_count,CG_sp_time_taken_mean,converged,time_limit_reached,ngroute_neighborhood_size,CGIP_objective,CGLP_objective,cycles_lookup_length
6.675,use_adaptive_ngroute,0.27727271384340246,0,0.22667999999999996,false,false,1.0,1.9615e6,1.417629571796166e6,27
10.455,use_adaptive_ngroute,0.12334176074858705,0,0.5666111111111111,false,false,4.571428571428571,1.68234e6,1.474837222222222e6,7
3.347,use_adaptive_ngroute,0.10935017099199107,0,0.408375,false,false,5.0357142857142865,1.68234e6,1.4983758333333337e6,11
10.327,none,0.10435993406841892,0,0.931,false,false,6.5,1.68053e6,1.50515e6,0
