CG_time_taken,method,CG_LP_IP_gap,implemented_SR3_cuts_count,CG_sp_time_taken_mean,converged,time_limit_reached,ngroute_neighborhood_size,CGIP_objective,CGLP_objective,cycles_lookup_length
2.881,use_adaptive_ngroute,0.0913119492376342,0,0.16860000000000006,false,false,7.291666666666667,1.662544e6,1.5107338666666667e6,2
1.044,use_adaptive_ngroute,0.08926174785950536,0,0.2515,false,false,7.458333333333333,1.662544e6,1.5141424166666665e6,1
0.519,use_adaptive_ngroute,0.08896870375483878,0,0.247,false,false,7.5,1.662544e6,1.5146296153846153e6,3
0.866,none,0.08869299098249439,0,0.2786666666666667,false,false,8.208333333333334,1.662544e6,1.5150879999999998e6,0
