CG_time_taken,method,CG_LP_IP_gap,implemented_SR3_cuts_count,CG_sp_time_taken_mean,converged,time_limit_reached,ngroute_neighborhood_size,CGIP_objective,CGLP_objective,cycles_lookup_length
5.005,use_adaptive_ngroute,0.11532527368669765,0,0.29825000000000007,false,false,7.291666666666667,2.03152e6,1.7972344e6,16
2.483,use_adaptive_ngroute,0.07364886899516854,0,0.4053333333333333,false,false,9.75,1.948428e6,1.8049284814814818e6,3
1.351,use_adaptive_ngroute,0.07339158656220424,0,0.44233333333333336,false,false,10.666666666666668,1.948428e6,1.8054297777777775e6,3
1.481,none,0.07337463842646463,0,0.48566666666666675,false,false,10.875,1.948428e6,1.8054628000000003e6,0
