CG_time_taken,method,CG_LP_IP_gap,implemented_SR3_cuts_count,CG_sp_time_taken_mean,converged,time_limit_reached,ngroute_neighborhood_size,CGIP_objective,CGLP_objective,cycles_lookup_length
5.665,use_adaptive_ngroute,0.06959201422842498,0,0.2985555555555556,false,false,7.291666666666667,1.696915e6,1.5788232671755722e6,9
3.922,use_adaptive_ngroute,0.05837659443308041,0,0.4256666666666667,false,false,8.541666666666666,1.687335e6,1.5888341290322582e6,4
3.122,use_adaptive_ngroute,0.05490403506120589,0,0.5115,false,false,8.75,1.687335e6,1.5946935000000002e6,2
0.585,none,0.054886137014878544,0,0.57,false,false,9.583333333333334,1.687335e6,1.5947237e6,0
