CG_time_taken,method,CG_LP_IP_gap,implemented_SR3_cuts_count,CG_sp_time_taken_mean,converged,time_limit_reached,ngroute_neighborhood_size,CGIP_objective,CGLP_objective,cycles_lookup_length
5.247,use_adaptive_ngroute,0.07503965656627509,0,0.311875,false,false,7.291666666666667,1.72643e6,1.5968792857142857e6,5
2.327,use_adaptive_ngroute,0.07086335675353184,0,0.37833333333333324,false,false,7.791666666666666,1.72643e6,1.604089375e6,4
1.595,use_adaptive_ngroute,0.051385394753546865,0,0.38925,false,false,8.416666666666666,1.69161e6,1.6046859523809527e6,4
1.123,none,0.05036815569904951,0,0.5515,false,false,8.75,1.69161e6,1.606406724137931e6,0
