CG_time_taken,method,CG_LP_IP_gap,implemented_SR3_cuts_count,CG_sp_time_taken_mean,converged,time_limit_reached,ngroute_neighborhood_size,CGIP_objective,CGLP_objective,cycles_lookup_length
10.337,use_adaptive_ngroute,0.46497262494945124,0,0.45114999999999994,false,false,1.0,2.59049e6,1.385983064794696e6,27
22.255,use_adaptive_ngroute,0.12250465600495808,0,1.3725,false,false,5.357142857142858,1.817106e6,1.5945020545454547e6,14
16.853,use_adaptive_ngroute,0.06613740819461078,0,1.1940714285714285,false,false,6.464285714285714,1.7237e6,1.6096989494949493e6,4
5.588,none,0.06253550179523382,0,1.1084,false,false,6.75,1.7237e6,1.6159075555555555e6,0
