CG_time_taken,method,CG_LP_IP_gap,implemented_SR3_cuts_count,CG_sp_time_taken_mean,converged,time_limit_reached,ngroute_neighborhood_size,CGIP_objective,CGLP_objective,cycles_lookup_length
16.787,use_adaptive_ngroute,0.03132889001656436,0,0.6679999999999999,false,false,8.357142857142856,1.61591e6,1.5652853333333335e6,1
6.046,use_adaptive_ngroute,0.03032843848173916,0,0.6517777777777778,false,false,8.392857142857144,1.61591e6,1.5669019729729728e6,4
1.893,use_adaptive_ngroute,0.030281120370188375,0,0.919,false,false,9.178571428571429,1.61591e6,1.5669784347826089e6,1
4.057,none,0.03010075506130372,0,0.9875,false,false,9.25,1.61591e6,1.5672698888888888e6,0
