CG_time_taken,method,CG_LP_IP_gap,implemented_SR3_cuts_count,CG_sp_time_taken_mean,converged,time_limit_reached,ngroute_neighborhood_size,CGIP_objective,CGLP_objective,cycles_lookup_length
6.812,use_adaptive_ngroute,0.008218869416016794,0,0.37864705882352945,false,false,8.357142857142856,1.80479e6,1.789956666666667e6,1
3.608,use_adaptive_ngroute,0.00549715596895628,0,0.5848333333333333,false,false,8.571428571428571,1.80479e6,1.7948687878787874e6,5
2.687,use_adaptive_ngroute,0.0041478509965147126,0,0.525,false,false,9.0,1.80479e6,1.7973040000000002e6,1
0.984,use_adaptive_ngroute,0.0038695637719626808,0,0.47650000000000003,false,false,9.25,1.80479e6,1.7978062499999995e6,4
2.502,none,0.0033623487127770746,0,0.48839999999999995,false,false,9.75,1.80479e6,1.798721666666667e6,0
