CG_time_taken,method,CG_LP_IP_gap,implemented_SR3_cuts_count,CG_sp_time_taken_mean,converged,time_limit_reached,ngroute_neighborhood_size,CGIP_objective,CGLP_objective,cycles_lookup_length
9.176,use_adaptive_ngroute,0.9999756475174272,0,0.3068518518518519,false,false,1.0,6.0e10,1.4611489543690165e6,23
7.354,use_adaptive_ngroute,0.14712479022130687,0,0.39499999999999996,false,false,4.035714285714286,1.91273e6,1.6313199999999998e6,8
3.698,use_adaptive_ngroute,0.08040768808838838,0,0.4505,false,false,4.857142857142858,1.78666e6,1.6429988e6,6
4.393,use_adaptive_ngroute,0.0761935231101607,0,0.616,false,false,5.607142857142857,1.78666e6,1.6505280800000003e6,8
3.377,none,0.0757857305437708,0,0.6656,false,false,6.535714285714286,1.78666e6,1.6512566666666665e6,0
