CG_time_taken,method,CG_LP_IP_gap,implemented_SR3_cuts_count,CG_sp_time_taken_mean,converged,time_limit_reached,ngroute_neighborhood_size,CGIP_objective,CGLP_objective,cycles_lookup_length
21.949,use_adaptive_ngroute,0.1196517698628039,0,0.7826666666666668,false,false,8.0625,2.08971e6,1.8396725e6,2
3.964,use_adaptive_ngroute,0.11907034947432893,0,0.7762,false,false,8.125,2.08971e6,1.8408875e6,2
6.231,use_adaptive_ngroute,0.11752087392726529,0,1.23,false,false,8.1875,2.08971e6,1.8441254545454544e6,4
5.028,use_adaptive_ngroute,0.11624509457549892,0,0.8214999999999999,false,false,8.625,2.08971e6,1.846791463414634e6,8
2.485,use_adaptive_ngroute,0.1150515074887356,0,0.8116666666666668,false,false,9.15625,2.08971e6,1.8492857142857143e6,4
7.212,none,0.11477190614965715,0,1.0132857142857141,false,false,9.28125,2.08971e6,1.84987e6,0
