CG_time_taken,method,CG_LP_IP_gap,implemented_SR3_cuts_count,CG_sp_time_taken_mean,converged,time_limit_reached,ngroute_neighborhood_size,CGIP_objective,CGLP_objective,cycles_lookup_length
24.2,use_adaptive_ngroute,0.07127485979703108,0,0.9361200000000001,false,false,8.0625,1.88239e6,1.7482229166666667e6,12
12.392,use_adaptive_ngroute,0.069969559974288,0,1.3516666666666668,false,false,9.75,1.88239e6,1.75068e6,2
19.502,use_adaptive_ngroute,0.06951535016654364,0,1.9251,false,false,9.8125,1.88239e6,1.751535e6,2
6.578,none,0.06760820021355829,0,1.0733333333333333,false,false,10.15625,1.88239e6,1.755125e6,0
