CG_time_taken,method,CG_LP_IP_gap,implemented_SR3_cuts_count,CG_sp_time_taken_mean,converged,time_limit_reached,ngroute_neighborhood_size,CGIP_objective,CGLP_objective,cycles_lookup_length
18.659,use_adaptive_ngroute,0.12039392246964808,0,0.6811153846153847,false,false,8.0625,2.05441e6,1.8070715217391304e6,10
6.783,use_adaptive_ngroute,0.11000602935757098,0,0.9485714285714287,false,false,9.03125,2.05441e6,1.8284125132275126e6,9
5.933,use_adaptive_ngroute,0.10739687225691719,0,1.1674,false,false,10.3125,2.05441e6,1.8337727916666667e6,5
3.465,use_adaptive_ngroute,0.10559906720713819,0,1.1326666666666665,false,false,10.59375,2.05441e6,1.8374662203389832e6,4
2.571,none,0.1053926139378214,0,1.2435,false,false,11.03125,2.05441e6,1.8378903600000003e6,0
