CG_time_taken,method,CG_LP_IP_gap,implemented_SR3_cuts_count,CG_sp_time_taken_mean,converged,time_limit_reached,ngroute_neighborhood_size,CGIP_objective,CGLP_objective,cycles_lookup_length
19.899,use_adaptive_ngroute,0.05503624110747696,0,0.8002083333333333,false,false,8.0625,1.83419e6,1.7332430769230768e6,8
9.65,use_adaptive_ngroute,0.03538537825501631,0,1.1829999999999998,false,false,8.84375,1.810974e6,1.746892e6,6
7.764,use_adaptive_ngroute,0.03298085906306181,0,1.5322,false,false,9.21875,1.810974e6,1.7512465217391306e6,2
4.663,none,0.03298085906306203,0,1.5309999999999997,false,false,9.375,1.810974e6,1.7512465217391304e6,0
