CG_time_taken,method,CG_LP_IP_gap,implemented_SR3_cuts_count,CG_sp_time_taken_mean,converged,time_limit_reached,ngroute_neighborhood_size,CGIP_objective,CGLP_objective,cycles_lookup_length
39.105,use_adaptive_ngroute,0.09855443984846146,0,1.5294,false,false,8.0625,2.06944e6,1.8654875e6,8
25.293,use_adaptive_ngroute,0.09248425902659652,0,2.7825555555555557,false,false,8.65625,2.06944e6,1.878049375e6,11
19.265,use_adaptive_ngroute,0.08828252312258811,0,3.1835,false,false,9.6875,2.06584e6,1.8834624324324327e6,7
8.036,none,0.05455500788150236,0,2.6496666666666666,false,false,9.90625,1.99835e6,1.8893299999999998e6,0
