CG_time_taken,method,CG_LP_IP_gap,implemented_SR3_cuts_count,CG_sp_time_taken_mean,converged,time_limit_reached,ngroute_neighborhood_size,CGIP_objective,CGLP_objective,cycles_lookup_length
15.147,use_adaptive_ngroute,0.06652607109460396,0,0.596625,false,false,8.0625,2.02472e6,1.8900233333333335e6,4
4.49,use_adaptive_ngroute,0.06558931605357787,0,0.7253333333333333,false,false,8.46875,2.02472e6,1.8919199999999998e6,2
4.111,use_adaptive_ngroute,0.06492270245646148,0,0.5661428571428571,false,false,8.9375,2.02472e6,1.8932697058823532e6,8
5.393,none,0.06293499401338942,0,1.0386,false,false,9.8125,2.021253e6,1.8940454545454546e6,0
