CG_time_taken,method,CG_LP_IP_gap,implemented_SR3_cuts_count,CG_sp_time_taken_mean,converged,time_limit_reached,ngroute_neighborhood_size,CGIP_objective,CGLP_objective,cycles_lookup_length
17.667,use_adaptive_ngroute,0.0072984478123708785,0,0.8125238095238094,false,false,8.0625,1.955176e6,1.94090625e6,4
3.924,use_adaptive_ngroute,0.0031399347168745706,0,0.7636000000000001,false,false,8.40625,1.955176e6,1.949036875e6,19
5.749,use_adaptive_ngroute,0.0020381228538448593,0,1.1322,false,false,10.15625,1.955176e6,1.951191111111111e6,5
5.817,use_adaptive_ngroute,0.002002131019671949,0,0.9505,false,false,10.3125,1.955176e6,1.9512614814814818e6,7
2.477,none,0.0018421432575452812,0,0.8086666666666666,false,false,10.78125,1.955176e6,1.9515742857142857e6,0
