CG_time_taken,method,CG_LP_IP_gap,implemented_SR3_cuts_count,CG_sp_time_taken_mean,converged,time_limit_reached,ngroute_neighborhood_size,CGIP_objective,CGLP_objective,cycles_lookup_length
18.42,use_adaptive_ngroute,0.07591013527197565,0,0.8088181818181819,false,false,8.0625,1.90924e6,1.7643093333333333e6,6
3.993,use_adaptive_ngroute,0.07574574176111948,0,0.6476666666666666,false,false,8.96875,1.90924e6,1.7646232000000002e6,4
1.58,use_adaptive_ngroute,0.07528716303759342,0,0.7695,false,false,9.15625,1.90924e6,1.7654987368421052e6,2
3.624,none,0.0752871630375932,0,0.8899999999999999,false,false,9.375,1.90924e6,1.7654987368421056e6,0
