CG_time_taken,method,CG_LP_IP_gap,implemented_SR3_cuts_count,CG_sp_time_taken_mean,converged,time_limit_reached,ngroute_neighborhood_size,CGIP_objective,CGLP_objective,cycles_lookup_length
4.879,use_adaptive_ngroute,0.9999739754617442,0,0.24741176470588236,false,false,1.0,6.0e10,1.5614722953479812e6,27
8.817,use_adaptive_ngroute,0.041056580200434345,0,0.6621538461538462,false,false,6.571428571428572,1.797696e6,1.72388875e6,16
6.876,use_adaptive_ngroute,0.029571937715079377,0,0.8496250000000001,false,false,8.25,1.789948e6,1.737015769230769e6,13
2.507,none,0.02795779542198973,0,0.8243333333333334,false,false,9.178571428571429,1.789948e6,1.7399050000000002e6,0
