CG_time_taken,method,CG_LP_IP_gap,implemented_SR3_cuts_count,CG_sp_time_taken_mean,converged,time_limit_reached,ngroute_neighborhood_size,CGIP_objective,CGLP_objective,cycles_lookup_length
18.053,use_adaptive_ngroute,0.042993306197691594,0,0.7919090909090907,false,false,8.0625,1.97584e6,1.8908921058823531e6,7
3.467,use_adaptive_ngroute,0.042450299619402276,0,0.848,false,false,8.5625,1.97584e6,1.8919650000000002e6,2
2.298,use_adaptive_ngroute,0.0422721475423109,0,0.7483333333333333,false,false,8.65625,1.97584e6,1.8923170000000005e6,1
2.001,none,0.042270556898765466,0,0.9794999999999999,false,false,8.84375,1.97584e6,1.8923201428571432e6,0
