CG_time_taken,method,CG_LP_IP_gap,implemented_SR3_cuts_count,CG_sp_time_taken_mean,converged,time_limit_reached,ngroute_neighborhood_size,CGIP_objective,CGLP_objective,cycles_lookup_length
89.577,use_adaptive_ngroute,0.16841162943696797,0,2.9356999999999998,false,false,7.833333333333333,2.41509e6,2.008360757863073e6,19
69.115,use_adaptive_ngroute,0.13566036883327692,0,8.61275,false,false,9.777777777777777,2.328664e6,2.0127565828712261e6,9
36.468,use_adaptive_ngroute,0.13486734069811157,0,9.08775,false,false,10.25,2.328664e6,2.0146032789405726e6,4
26.612,none,0.1346684221473503,0,8.848999999999998,false,false,10.38888888888889,2.328664e6,2.0150664934086627e6,0
