CG_time_taken,method,CG_LP_IP_gap,implemented_SR3_cuts_count,CG_sp_time_taken_mean,converged,time_limit_reached,ngroute_neighborhood_size,CGIP_objective,CGLP_objective,cycles_lookup_length
126.769,use_adaptive_ngroute,0.07314953359354426,0,4.326689655172414,false,false,7.833333333333333,1.99944e6,1.8531818965517238e6,20
116.982,use_adaptive_ngroute,0.06677534916284678,0,10.60118181818182,false,false,10.13888888888889,1.99944e6,1.8659266958698377e6,15
215.435,use_adaptive_ngroute,0.05403613168181598,0,21.497099999999996,false,false,10.694444444444445,1.99944e6,1.8913979968701098e6,14
52.046,use_adaptive_ngroute,0.0498498508153713,0,12.962,false,false,12.083333333333334,1.99944e6,1.899768214285714e6,1
39.003,none,0.04959492106065555,0,12.956999999999999,false,false,12.11111111111111,1.99944e6,1.9002779310344828e6,0
