CG_time_taken,method,CG_LP_IP_gap,implemented_SR3_cuts_count,CG_sp_time_taken_mean,converged,time_limit_reached,ngroute_neighborhood_size,CGIP_objective,CGLP_objective,cycles_lookup_length
46.495,use_adaptive_ngroute,0.09349683717335433,0,1.559172413793103,false,false,7.833333333333333,2.08212e6,1.8874483653846155e6,8
17.354,use_adaptive_ngroute,0.09281926937105323,0,2.4581428571428576,false,false,9.666666666666666,2.08212e6,1.8888591428571427e6,2
8.729,use_adaptive_ngroute,0.09281926937105311,0,2.1555,false,false,9.972222222222221,2.08212e6,1.888859142857143e6,1
8.874,use_adaptive_ngroute,0.09250291153351486,0,2.932,false,false,10.083333333333334,2.08212e6,1.889517837837838e6,1
6.324,use_adaptive_ngroute,0.0923737779140108,0,2.080333333333333,false,false,10.11111111111111,2.082119987421615e6,1.8897866981132077e6,1
5.044,use_adaptive_ngroute,0.09236563374509321,0,2.4905,false,false,10.13888888888889,2.08212e6,1.8898036666666665e6,2
3.842,none,0.09235523030908288,0,1.8895000000000002,false,false,10.194444444444445,2.08212e6,1.8898253278688523e6,0
