CG_time_taken,method,CG_LP_IP_gap,implemented_SR3_cuts_count,CG_sp_time_taken_mean,converged,time_limit_reached,ngroute_neighborhood_size,CGIP_objective,CGLP_objective,cycles_lookup_length
31.524,use_adaptive_ngroute,0.01653610986091747,0,1.0926071428571427,false,false,7.833333333333333,1.82194e6,1.7918122e6,1
4.009,use_adaptive_ngroute,0.016371580866262225,0,1.3086666666666666,false,false,7.944444444444444,1.82194e6,1.7921119619565222e6,5
4.236,use_adaptive_ngroute,0.016216611034222783,0,1.3856666666666666,false,false,8.75,1.82194e6,1.7923943076923082e6,1
2.284,none,0.01620225022655941,0,1.087,false,false,9.027777777777779,1.82194e6,1.7924204722222222e6,0
