CG_time_taken,method,CG_LP_IP_gap,implemented_SR3_cuts_count,CG_sp_time_taken_mean,converged,time_limit_reached,ngroute_neighborhood_size,CGIP_objective,CGLP_objective,cycles_lookup_length
2.149,use_adaptive_ngroute,0.3332915168911036,0,0.09605882352941178,false,false,1.0,2.59006e6,1.7268149737610284e6,27
3.334,use_adaptive_ngroute,0.10806972350980582,0,0.28645454545454546,false,false,4.75,2.082497e6,1.857442125e6,11
2.151,use_adaptive_ngroute,0.044741324297613794,0,0.3465,false,false,5.678571428571429,1.9675e6,1.879471444444445e6,9
0.959,use_adaptive_ngroute,0.04260958162737061,0,0.30833333333333335,false,false,6.250000000000001,1.9675e6,1.8836656481481483e6,2
0.309,none,0.04260958162737072,0,0.293,false,false,6.464285714285714,1.9675e6,1.883665648148148e6,0
