CG_time_taken,method,CG_LP_IP_gap,implemented_SR3_cuts_count,CG_sp_time_taken_mean,converged,time_limit_reached,ngroute_neighborhood_size,CGIP_objective,CGLP_objective,cycles_lookup_length
34.38,use_adaptive_ngroute,0.1516829250668401,0,1.3809583333333337,false,false,7.833333333333333,2.3065e6,1.9566433333333333e6,12
19.186,use_adaptive_ngroute,0.149648683069586,0,2.1013333333333337,false,false,9.444444444444445,2.3065e6,1.9613353124999998e6,4
16.719,use_adaptive_ngroute,0.14911917089191562,0,3.3185999999999996,false,false,9.805555555555555,2.3065e6,1.9625566323377965e6,6
9.28,none,0.14908597086879416,0,3.0636666666666663,false,false,10.194444444444445,2.3065e6,1.9626332081911264e6,0
