CG_time_taken,method,CG_LP_IP_gap,implemented_SR3_cuts_count,CG_sp_time_taken_mean,converged,time_limit_reached,ngroute_neighborhood_size,CGIP_objective,CGLP_objective,cycles_lookup_length
30.518,use_adaptive_ngroute,0.13355427817617815,0,1.1757599999999997,false,false,7.833333333333333,2.20287e6,1.9086672872340425e6,23
26.056,use_adaptive_ngroute,0.12379567942138159,0,2.5768,false,false,11.083333333333334,2.19832e6,1.9261774820143883e6,9
14.477,use_adaptive_ngroute,0.11031940858997791,0,2.390166666666667,false,false,11.416666666666666,2.167536e6,1.9284147103825137e6,2
9.078,use_adaptive_ngroute,0.10985941200177296,0,2.996333333333333,false,false,11.666666666666666,2.167536e6,1.929411769547325e6,4
11.292,use_adaptive_ngroute,0.10979123043144123,0,2.80025,false,false,12.416666666666668,2.167536e6,1.9295595555555555e6,3
2.51,use_adaptive_ngroute,0.10958374773569757,0,2.464,false,false,12.5,2.167536e6,1.9300092817679571e6,1
6.296,none,0.10958191858046296,0,3.105,false,false,12.527777777777779,2.167536e6,1.9300132465277778e6,0
