CG_time_taken,method,CG_LP_IP_gap,implemented_SR3_cuts_count,CG_sp_time_taken_mean,converged,time_limit_reached,ngroute_neighborhood_size,CGIP_objective,CGLP_objective,cycles_lookup_length
52.819,use_adaptive_ngroute,0.1387402276316888,0,2.0735599999999996,false,false,7.833333333333333,2.314962e6,1.9937836451612904e6,9
16.183,use_adaptive_ngroute,0.13742402830331146,0,3.2104,false,false,9.027777777777779,2.314962e6,1.9968305965909094e6,3
8.329,use_adaptive_ngroute,0.13728329911664006,0,2.7423333333333333,false,false,9.5,2.314962e6,1.9971563793103448e6,1
17.008,use_adaptive_ngroute,0.13728329911664006,0,4.227,false,false,9.63888888888889,2.314962e6,1.9971563793103446e6,4
13.753,use_adaptive_ngroute,0.13723201761992254,0,4.558333333333333,false,false,9.88888888888889,2.314962e6,1.9972750940265488e6,2
4.72,none,0.1372285858422131,0,4.669,false,false,9.944444444444445,2.314962e6,1.9972830384615387e6,0
