CG_time_taken,method,CG_LP_IP_gap,implemented_SR3_cuts_count,CG_sp_time_taken_mean,converged,time_limit_reached,ngroute_neighborhood_size,CGIP_objective,CGLP_objective,cycles_lookup_length
33.65,use_adaptive_ngroute,0.17895749981641096,0,1.3050799999999998,false,false,7.833333333333333,2.32212e6,1.9065592105263157e6,7
13.185,use_adaptive_ngroute,0.17671202472121916,0,1.8565714285714285,false,false,8.833333333333332,2.32212e6,1.9117734731543625e6,5
9.596,use_adaptive_ngroute,0.17428789528853272,0,1.8838000000000001,false,false,9.666666666666666,2.32212e6,1.9174025925925924e6,1
10.009,use_adaptive_ngroute,0.17428789528853272,0,1.9694,false,false,9.722222222222221,2.32212e6,1.9174025925925924e6,2
3.809,none,0.1742878952885326,0,1.865,false,false,9.805555555555555,2.32212e6,1.9174025925925926e6,0
