CG_time_taken,method,CG_LP_IP_gap,implemented_SR3_cuts_count,CG_sp_time_taken_mean,converged,time_limit_reached,ngroute_neighborhood_size,CGIP_objective,CGLP_objective,cycles_lookup_length
1.769,use_adaptive_ngroute,0.3171746866780132,0,0.09359999999999999,false,false,1.0,1.9389e6,1.3239300000000002e6,18
1.844,use_adaptive_ngroute,0.14901161849507194,0,0.1873333333333333,false,false,4.3,1.65935e6,1.4120875708502023e6,10
1.681,use_adaptive_ngroute,0.12991629835926588,0,0.203625,false,false,5.550000000000001,1.6517e6,1.4371172500000005e6,11
0.853,use_adaptive_ngroute,0.11896647277164318,0,0.27799999999999997,false,false,6.3,1.6517e6,1.455203076923077e6,3
0.465,use_adaptive_ngroute,0.11875273287454668,0,0.2255,false,false,6.45,1.6517e6,1.4555561111111112e6,1
0.253,none,0.11855272108237869,0,0.246,false,false,6.6499999999999995,1.6517e6,1.4558864705882352e6,0
