CG_time_taken,method,CG_LP_IP_gap,implemented_SR3_cuts_count,CG_sp_time_taken_mean,converged,time_limit_reached,ngroute_neighborhood_size,CGIP_objective,CGLP_objective,cycles_lookup_length
52.711,use_adaptive_ngroute,0.19688952363475332,0,1.7243666666666666,false,false,7.833333333333333,2.50669e6,2.0131490000000002e6,7
15.55,use_adaptive_ngroute,0.19587065014022476,0,2.5686666666666667,false,false,8.527777777777779,2.50669e6,2.015703e6,3
7.817,use_adaptive_ngroute,0.19484032158515263,0,2.5796666666666668,false,false,8.666666666666666,2.50669e6,2.0182857142857136e6,2
15.714,use_adaptive_ngroute,0.19453427476557572,0,2.595333333333333,false,false,8.722222222222221,2.50669e6,2.0190528787878791e6,4
7.051,none,0.19452476601186663,0,2.318333333333333,false,false,9.194444444444445,2.50669e6,2.019076714285714e6,0
