CG_time_taken,method,CG_LP_IP_gap,implemented_SR3_cuts_count,CG_sp_time_taken_mean,converged,time_limit_reached,ngroute_neighborhood_size,CGIP_objective,CGLP_objective,cycles_lookup_length
2.247,use_adaptive_ngroute,0.38813817775149373,0,0.09749999999999999,false,false,6.0,1.914148e6,1.1711940833333337e6,15
1.158,use_adaptive_ngroute,0.12990651727109992,0,0.1192222222222222,false,false,6.8500000000000005,1.5083e6,1.312362e6,9
1.217,use_adaptive_ngroute,0.06850079005701382,0,0.16757142857142857,false,false,7.45,1.424178e6,1.326620681818182e6,5
0.608,use_adaptive_ngroute,0.028736990621264558,0,0.19633333333333336,false,false,8.3,1.368628e6,1.32929775e6,2
0.508,use_adaptive_ngroute,0.028095133019553686,0,0.163,false,false,8.4,1.368628e6,1.3301762142857143e6,3
0.437,none,0.026503184210757036,0,0.21150000000000002,false,false,8.85,1.368628e6,1.332355e6,0
