CG_time_taken,method,CG_LP_IP_gap,implemented_SR3_cuts_count,CG_sp_time_taken_mean,converged,time_limit_reached,ngroute_neighborhood_size,CGIP_objective,CGLP_objective,cycles_lookup_length
1.559,use_adaptive_ngroute,0.3643267258737404,0,0.0923846153846154,false,false,6.0,2.14051e6,1.360665e6,20
1.802,use_adaptive_ngroute,0.09106947009501587,0,0.1701,false,false,8.7,1.690454e6,1.53650525e6,13
1.342,use_adaptive_ngroute,0.04223072305392894,0,0.18542857142857141,false,false,10.1,1.63252e6,1.5635775e6,1
0.489,none,0.04180591968245417,0,0.23650000000000002,false,false,10.35,1.63252e6,1.564271e6,0
