CG_time_taken,method,CG_LP_IP_gap,implemented_SR3_cuts_count,CG_sp_time_taken_mean,converged,time_limit_reached,ngroute_neighborhood_size,CGIP_objective,CGLP_objective,cycles_lookup_length
2.48,use_adaptive_ngroute,0.4414243117604518,0,0.10285000000000001,false,false,6.0,2.41101e6,1.346731570102433e6,19
2.468,use_adaptive_ngroute,0.1669607217278486,0,0.19758333333333333,false,false,8.149999999999999,1.70522e6,1.420515238095238e6,9
1.026,use_adaptive_ngroute,0.1091834392763904,0,0.25025,false,false,8.85,1.62666e6,1.4490556666666667e6,5
0.783,none,0.1049841573603364,0,0.25433333333333336,false,false,9.2,1.62666e6,1.4558864705882352e6,0
