CG_time_taken,method,CG_LP_IP_gap,implemented_SR3_cuts_count,CG_sp_time_taken_mean,converged,time_limit_reached,ngroute_neighborhood_size,CGIP_objective,CGLP_objective,cycles_lookup_length
1.153,use_adaptive_ngroute,0.3196880935982702,0,0.047,false,false,6.0,1.975704e6,1.3440949547255232e6,15
0.757,use_adaptive_ngroute,0.12805959365672093,0,0.06770000000000001,false,false,6.949999999999999,1.629098e6,1.4204763720930233e6,9
0.509,use_adaptive_ngroute,0.025414970573866436,0,0.07816666666666666,false,false,8.25,1.471028e6,1.4336418666666665e6,2
0.316,use_adaptive_ngroute,0.024084200527340838,0,0.09833333333333334,false,false,8.35,1.471028e6,1.4355994666666668e6,1
0.165,use_adaptive_ngroute,0.023692061792507935,0,0.075,false,false,8.4,1.471028e6,1.4361763137254906e6,5
0.27,use_adaptive_ngroute,0.023401981265462113,0,0.08433333333333333,false,false,8.9,1.471028e6,1.4366030303030298e6,4
0.097,use_adaptive_ngroute,0.023210769820623534,0,0.088,false,false,9.350000000000001,1.471028e6,1.4368843076923077e6,3
0.105,none,0.02315810591111933,0,0.096,false,false,9.5,1.471028e6,1.436961777777778e6,0
