CG_time_taken,method,CG_LP_IP_gap,implemented_SR3_cuts_count,CG_sp_time_taken_mean,converged,time_limit_reached,ngroute_neighborhood_size,CGIP_objective,CGLP_objective,cycles_lookup_length
0.974,use_adaptive_ngroute,0.2859685294347615,0,0.04850000000000001,false,false,6.0,1.79052e6,1.2784876286764708e6,19
1.087,use_adaptive_ngroute,0.08072087452300791,0,0.07392307692307692,false,false,7.95,1.536098e6,1.4121028260869565e6,12
1.121,use_adaptive_ngroute,0.035406014204789504,0,0.135,false,false,9.45,1.47462e6,1.4224095833333333e6,5
0.171,none,0.035042172823431805,0,0.163,false,false,10.05,1.47462e6,1.422946111111111e6,0
