CG_time_taken,method,CG_LP_IP_gap,implemented_SR3_cuts_count,CG_sp_time_taken_mean,converged,time_limit_reached,ngroute_neighborhood_size,CGIP_objective,CGLP_objective,cycles_lookup_length
2.957,use_adaptive_ngroute,0.42668932459624476,0,0.16212500000000002,false,false,6.0,2.03007e6,1.1638608028169014e6,20
3.238,use_adaptive_ngroute,0.09908095321478771,0,0.22071428571428572,false,false,8.200000000000001,1.48482e6,1.337702619047619e6,13
1.686,use_adaptive_ngroute,0.05301377806002727,0,0.33000000000000007,false,false,9.65,1.44868e6,1.3718799999999998e6,5
0.771,none,0.044509484496231044,0,0.25,false,false,10.200000000000001,1.44868e6,1.3842e6,0
