CG_time_taken,method,CG_LP_IP_gap,implemented_SR3_cuts_count,CG_sp_time_taken_mean,converged,time_limit_reached,ngroute_neighborhood_size,CGIP_objective,CGLP_objective,cycles_lookup_length
0.768,use_adaptive_ngroute,0.258557474012874,0,0.048153846153846165,false,false,6.0,1.81917e6,1.34881e6,20
0.628,use_adaptive_ngroute,0.04771709569287208,0,0.0695,false,false,7.45,1.5811e6,1.5056545e6,10
0.557,use_adaptive_ngroute,0.0416919655092447,0,0.063625,false,false,8.200000000000001,1.5811e6,1.5151808333333333e6,3
0.24,none,0.04145215356397447,0,0.05474999999999999,false,false,8.35,1.5811e6,1.51556e6,0
