CG_time_taken,method,CG_LP_IP_gap,implemented_SR3_cuts_count,CG_sp_time_taken_mean,converged,time_limit_reached,ngroute_neighborhood_size,CGIP_objective,CGLP_objective,cycles_lookup_length
1.116,use_adaptive_ngroute,0.334462681577247,0,0.06514285714285716,false,false,6.0,1.93645e6,1.28877974025974e6,20
1.193,use_adaptive_ngroute,0.05671993719700619,0,0.1107,false,false,8.3,1.54742e6,1.4596504347826086e6,3
0.436,use_adaptive_ngroute,0.04117051938477134,0,0.1015,false,false,8.8,1.54742e6,1.4837119148936172e6,7
0.404,use_adaptive_ngroute,0.03826697468509743,0,0.12733333333333333,false,false,9.45,1.54742e6,1.4882049180327866e6,1
0.344,none,0.03780809347171421,0,0.109,false,false,9.5,1.54742e6,1.488915e6,0
