CG_time_taken,method,CG_LP_IP_gap,implemented_SR3_cuts_count,CG_sp_time_taken_mean,converged,time_limit_reached,ngroute_neighborhood_size,CGIP_objective,CGLP_objective,cycles_lookup_length
4.961,use_adaptive_ngroute,0.9999761545694067,0,0.22194736842105264,false,false,1.0,6.0e10,1.4307258355954825e6,24
13.056,use_adaptive_ngroute,0.16129456224360017,0,0.7344117647058822,false,false,5.535714285714286,1.87164e6,1.5697546455223882e6,15
13.539,use_adaptive_ngroute,0.15485578728510063,0,1.6754999999999998,false,false,7.5,1.87164e6,1.5818057142857143e6,7
8.451,use_adaptive_ngroute,0.09509214472805216,0,1.6728,false,false,8.107142857142858,1.750104e6,1.583682857142857e6,4
3.446,use_adaptive_ngroute,0.09411583109478705,0,1.7049999999999998,false,false,8.25,1.750104e6,1.5853915075376888e6,4
3.192,none,0.0935946618289284,0,1.579,false,false,8.392857142857144,1.750104e6,1.5863036079545452e6,0
