CG_time_taken,method,CG_LP_IP_gap,implemented_SR3_cuts_count,CG_sp_time_taken_mean,converged,time_limit_reached,ngroute_neighborhood_size,CGIP_objective,CGLP_objective,cycles_lookup_length
1.776,use_adaptive_ngroute,0.458698620503704,0,0.07878947368421052,false,false,6.0,2.204186e6,1.1931289224664227e6,14
1.26,use_adaptive_ngroute,0.019530279181509513,0,0.13055555555555556,false,false,7.25,1.44852e6,1.4202299999999998e6,3
0.727,use_adaptive_ngroute,0.01883079675412558,0,0.09957142857142856,false,false,7.4,1.44852e6,1.421243214285714e6,4
0.345,use_adaptive_ngroute,0.016705844586198282,0,0.11099999999999997,false,false,8.149999999999999,1.44852e6,1.42432125e6,1
0.273,use_adaptive_ngroute,0.015491098960778271,0,0.1315,false,false,8.25,1.44852e6,1.4260808333333335e6,3
0.288,none,0.015491098960778382,0,0.1395,false,false,8.4,1.44852e6,1.4260808333333333e6,0
