CG_time_taken,method,CG_LP_IP_gap,implemented_SR3_cuts_count,CG_sp_time_taken_mean,converged,time_limit_reached,ngroute_neighborhood_size,CGIP_objective,CGLP_objective,cycles_lookup_length
2.991,use_adaptive_ngroute,0.330080433009047,0,0.12373684210526317,false,false,8.0,2.03676e6,1.3644653772644934e6,20
1.685,use_adaptive_ngroute,0.08278737624728016,0,0.11815384615384614,false,false,9.833333333333334,1.589258e6,1.4576875e6,8
1.338,use_adaptive_ngroute,0.07870339491762823,0,0.1258,false,false,10.708333333333334,1.589258e6,1.464178e6,6
0.665,none,0.07870339491762823,0,0.15775,false,false,10.958333333333334,1.589258e6,1.464178e6,0
