CG_time_taken,method,CG_LP_IP_gap,implemented_SR3_cuts_count,CG_sp_time_taken_mean,converged,time_limit_reached,ngroute_neighborhood_size,CGIP_objective,CGLP_objective,cycles_lookup_length
1.094,use_adaptive_ngroute,0.3030270549715369,0,0.04672222222222223,false,false,8.0,2.062798e6,1.4377143970588236e6,15
1.111,use_adaptive_ngroute,0.028740524889403152,0,0.10149999999999998,false,false,9.708333333333334,1.546822e6,1.5023655238095236e6,5
0.888,use_adaptive_ngroute,0.02377627591711684,0,0.09849999999999999,false,false,10.0,1.546822e6,1.5100443333333335e6,4
0.393,use_adaptive_ngroute,0.02015314841224991,0,0.123,false,false,10.166666666666668,1.546822e6,1.5156486666666667e6,1
0.237,use_adaptive_ngroute,0.019706937837708494,0,0.10950000000000001,false,false,10.208333333333334,1.546822e6,1.516338875e6,2
1.063,none,0.0,0,0.1452857142857143,true,false,10.333333333333334,1.516428e6,1.516428e6,0
