CG_time_taken,method,CG_LP_IP_gap,implemented_SR3_cuts_count,CG_sp_time_taken_mean,converged,time_limit_reached,ngroute_neighborhood_size,CGIP_objective,CGLP_objective,cycles_lookup_length
1.113,use_adaptive_ngroute,0.014969516337034472,0,0.05275000000000001,false,false,8.0,1.576866e6,1.5532610786516857e6,15
0.641,use_adaptive_ngroute,0.006636142635016218,0,0.06366666666666666,false,false,9.5,1.576866e6,1.5664016923076925e6,4
0.634,use_adaptive_ngroute,0.003037829466803088,0,0.07225000000000001,false,false,9.666666666666668,1.576866e6,1.57207575e6,1
0.436,none,0.002817614179010941,0,0.08,false,false,9.708333333333334,1.576866e6,1.5724229999999998e6,0
