CG_time_taken,method,CG_LP_IP_gap,implemented_SR3_cuts_count,CG_sp_time_taken_mean,converged,time_limit_reached,ngroute_neighborhood_size,CGIP_objective,CGLP_objective,cycles_lookup_length
2.188,use_adaptive_ngroute,0.9998542801845284,0,0.10941176470588238,false,false,8.0,1.000194076e10,1.4574809619047618e6,23
1.908,use_adaptive_ngroute,0.10599508616351161,0,0.14675,false,false,10.416666666666666,1.750567e6,1.5650155e6,4
0.949,use_adaptive_ngroute,0.09794478017693686,0,0.15133333333333332,false,false,10.583333333333332,1.750567e6,1.5791081e6,13
1.763,none,0.09568861593605571,0,0.24557142857142855,false,false,12.041666666666666,1.750567e6,1.5830576666666667e6,0
