CG_time_taken,method,CG_LP_IP_gap,implemented_SR3_cuts_count,CG_sp_time_taken_mean,converged,time_limit_reached,ngroute_neighborhood_size,CGIP_objective,CGLP_objective,cycles_lookup_length
2.663,use_adaptive_ngroute,0.999974078176324,0,0.10815789473684209,false,false,1.0,6.0e10,1.5553094205575401e6,27
5.679,use_adaptive_ngroute,0.08217336700976285,0,0.3605333333333333,false,false,5.75,1.85714e6,1.704532553191489e6,15
2.084,use_adaptive_ngroute,0.07430952413666847,0,0.33749999999999997,false,false,7.4642857142857135,1.85714e6,1.7191368103448276e6,4
2.902,none,0.0688840121839861,0,0.40385714285714286,false,false,8.0,1.84656e6,1.7193615384615387e6,0
