CG_time_taken,method,CG_LP_IP_gap,implemented_SR3_cuts_count,CG_sp_time_taken_mean,converged,time_limit_reached,ngroute_neighborhood_size,CGIP_objective,CGLP_objective,cycles_lookup_length
2.147,use_adaptive_ngroute,0.24747751357884096,0,0.08299999999999999,false,false,8.0,1.90197e6,1.431275193498452e6,19
1.511,use_adaptive_ngroute,0.07827114787558265,0,0.11066666666666668,false,false,9.083333333333334,1.639022e6,1.5107338666666667e6,2
0.549,use_adaptive_ngroute,0.07594323994774999,0,0.17566666666666667,false,false,9.208333333333334,1.639022e6,1.514549358974359e6,7
0.988,none,0.07561460431891698,0,0.23975,false,false,10.208333333333334,1.639022e6,1.515088e6,0
