CG_time_taken,method,CG_LP_IP_gap,implemented_SR3_cuts_count,CG_sp_time_taken_mean,converged,time_limit_reached,ngroute_neighborhood_size,CGIP_objective,CGLP_objective,cycles_lookup_length
1.516,use_adaptive_ngroute,0.16261460262629812,0,0.0775625,false,false,8.0,1.82045e6,1.5244182466489556e6,16
1.989,use_adaptive_ngroute,0.0608086079547151,0,0.10355555555555557,false,false,9.083333333333334,1.67473e6,1.572892e6,6
0.451,use_adaptive_ngroute,0.05885680079774058,0,0.074,false,false,9.5,1.67473e6,1.57616075e6,8
0.388,none,0.04429743957768628,0,0.12266666666666666,false,false,9.833333333333334,1.649832e6,1.5767486666666667e6,0
