CG_time_taken,method,CG_LP_IP_gap,implemented_SR3_cuts_count,CG_sp_time_taken_mean,converged,time_limit_reached,ngroute_neighborhood_size,CGIP_objective,CGLP_objective,cycles_lookup_length
1.366,use_adaptive_ngroute,0.257940726323705,0,0.069,false,false,8.0,2.2607e6,1.6775734000000001e6,24
2.759,use_adaptive_ngroute,0.05821968699524116,0,0.26560000000000006,false,false,11.166666666666666,1.896258e6,1.785858452777778e6,16
2.603,use_adaptive_ngroute,0.048661401258990766,0,0.4255,false,false,12.333333333333334,1.896258e6,1.8039834285714286e6,5
0.612,none,0.047881248226770756,0,0.599,false,false,12.958333333333334,1.896258e6,1.8054628e6,0
