CG_time_taken,method,CG_LP_IP_gap,implemented_SR3_cuts_count,CG_sp_time_taken_mean,converged,time_limit_reached,ngroute_neighborhood_size,CGIP_objective,CGLP_objective,cycles_lookup_length
2.081,use_adaptive_ngroute,0.36143835977789096,0,0.08474999999999999,false,false,8.0,2.32262e6,1.483136036812675e6,21
2.804,use_adaptive_ngroute,0.08455226090279688,0,0.24145454545454548,false,false,9.666666666666668,1.725508e6,1.5796123973941368e6,13
1.701,use_adaptive_ngroute,0.07775372045024798,0,0.3330000000000001,false,false,10.791666666666668,1.725508e6,1.5913433333333335e6,3
2.52,none,0.07579466452777972,0,0.4125,false,false,11.208333333333332,1.725508e6,1.5947237e6,0
