CG_time_taken,method,CG_LP_IP_gap,implemented_SR3_cuts_count,CG_sp_time_taken_mean,converged,time_limit_reached,ngroute_neighborhood_size,CGIP_objective,CGLP_objective,cycles_lookup_length
1.957,use_adaptive_ngroute,0.41732681770648794,0,0.09968750000000001,false,false,8.0,2.31418e6,1.3484106249999998e6,20
4.018,use_adaptive_ngroute,0.13311572506761593,0,0.23862500000000003,false,false,9.958333333333332,1.73166e6,1.5011488235294123e6,8
1.339,use_adaptive_ngroute,0.12226357333075744,0,0.323,false,false,10.458333333333334,1.73166e6,1.5199410606060605e6,3
1.468,none,0.11408597356895722,0,0.35675,false,false,10.583333333333332,1.73074e6,1.533286842105263e6,0
