CG_time_taken,method,CG_LP_IP_gap,implemented_SR3_cuts_count,CG_sp_time_taken_mean,converged,time_limit_reached,ngroute_neighborhood_size,CGIP_objective,CGLP_objective,cycles_lookup_length
1.49,use_adaptive_ngroute,0.13727488299657697,0,0.0616842105263158,false,false,8.0,1.90905e6,1.6469853846153847e6,14
0.935,use_adaptive_ngroute,0.052591283700386904,0,0.09244444444444444,false,false,9.125,1.80673e6,1.71171175e6,17
1.099,use_adaptive_ngroute,0.046809014075152366,0,0.14771428571428571,false,false,10.666666666666668,1.80673e6,1.72215875e6,7
0.967,none,0.04641257963281731,0,0.153,false,false,11.041666666666666,1.80673e6,1.722875e6,0
