CG_time_taken,method,CG_LP_IP_gap,implemented_SR3_cuts_count,CG_sp_time_taken_mean,converged,time_limit_reached,ngroute_neighborhood_size,CGIP_objective,CGLP_objective,cycles_lookup_length
4.536,use_adaptive_ngroute,0.9999786214848008,0,0.22218750000000007,false,false,1.0,6.0e10,1.2827109119540234e6,28
20.197,use_adaptive_ngroute,0.011227413422467913,0,1.413,false,false,6.071428571428571,1.58189e6,1.5641294669811323e6,9
9.98,use_adaptive_ngroute,0.011201790263545508,0,0.8822727272727274,false,false,7.5,1.58189e6,1.56417e6,3
7.116,use_adaptive_ngroute,0.01049161737882165,0,1.1713333333333333,false,false,7.7142857142857135,1.58189e6,1.5652934153846158e6,3
7.835,use_adaptive_ngroute,0.010443646524094685,0,1.2918333333333334,false,false,7.857142857142858,1.58189e6,1.5653692999999998e6,2
3.1,use_adaptive_ngroute,0.010349304653586189,0,1.0163333333333333,false,false,7.928571428571429,1.58189e6,1.5655185384615385e6,2
4.582,use_adaptive_ngroute,0.01034074624463377,0,0.9014,false,false,8.0,1.58189e6,1.5655320769230763e6,4
3.775,none,0.010191569057564243,0,1.2426666666666666,false,false,8.25,1.58189e6,1.5657680588235296e6,0
