CG_time_taken,method,CG_LP_IP_gap,implemented_SR3_cuts_count,CG_sp_time_taken_mean,converged,time_limit_reached,ngroute_neighborhood_size,CGIP_objective,CGLP_objective,cycles_lookup_length
2.158,use_adaptive_ngroute,0.3036618449704953,0,0.0995,false,false,8.0,2.11966e6,1.4760001336898399e6,16
1.706,use_adaptive_ngroute,0.0846011234925036,0,0.15810000000000002,false,false,8.958333333333332,1.73946e6,1.5922997297297297e6,10
1.272,use_adaptive_ngroute,0.07723948811700188,0,0.24679999999999996,false,false,9.708333333333334,1.73946e6,1.605105e6,2
1.163,none,0.07649113854993439,0,0.28375,false,false,10.0,1.73946e6,1.6064067241379311e6,0
