CG_time_taken,method,CG_LP_IP_gap,implemented_SR3_cuts_count,CG_sp_time_taken_mean,converged,time_limit_reached,ngroute_neighborhood_size,CGIP_objective,CGLP_objective,cycles_lookup_length
3.045,use_adaptive_ngroute,0.3254990984606553,0,0.11395454545454548,false,false,9.0,2.22952e6,1.5038132499999998e6,27
5.604,use_adaptive_ngroute,0.1527256689443769,0,0.38907142857142857,false,false,11.321428571428573,1.87908e6,1.5920962500000002e6,14
4.255,use_adaptive_ngroute,0.07740635235503068,0,0.5245,false,false,12.535714285714286,1.73416e6,1.599925e6,2
2.654,none,0.07732057595608244,0,0.656,false,false,12.642857142857144,1.73416e6,1.60007375e6,0
