CG_time_taken,method,CG_LP_IP_gap,implemented_SR3_cuts_count,CG_sp_time_taken_mean,converged,time_limit_reached,ngroute_neighborhood_size,CGIP_objective,CGLP_objective,cycles_lookup_length
7.646,use_adaptive_ngroute,0.33331124190234596,0,0.22548148148148153,false,false,9.0,2.14165e6,1.4278139787798407e6,20
4.134,use_adaptive_ngroute,0.10748886561683035,0,0.2745714285714285,false,false,10.821428571428571,1.68234e6,1.5015071818181816e6,9
3.007,use_adaptive_ngroute,0.10607843836560982,0,0.5875999999999999,false,false,11.642857142857142,1.68234e6,1.50388e6,1
2.316,use_adaptive_ngroute,0.10578569135846505,0,0.56625,false,false,11.678571428571429,1.68234e6,1.5043725e6,1
2.9,none,0.10532353745378464,0,0.7132499999999999,false,false,11.714285714285714,1.68234e6,1.50515e6,0
