CG_time_taken,method,CG_LP_IP_gap,implemented_SR3_cuts_count,CG_sp_time_taken_mean,converged,time_limit_reached,ngroute_neighborhood_size,CGIP_objective,CGLP_objective,cycles_lookup_length
5.837,use_adaptive_ngroute,0.4537791521822384,0,0.20200000000000004,false,false,9.0,2.76279e6,1.5090934961424335e6,20
7.703,use_adaptive_ngroute,0.11953989736636961,0,0.3522380952380953,false,false,10.178571428571429,1.852804e6,1.631320000000001e6,8
4.326,use_adaptive_ngroute,0.09071768297272065,0,0.4696666666666667,false,false,10.857142857142858,1.81589e6,1.6511566666666663e6,7
3.657,none,0.0824261822600334,0,0.7198000000000001,false,false,11.214285714285714,1.79959e6,1.6512566666666665e6,0
