CG_time_taken,method,CG_LP_IP_gap,implemented_SR3_cuts_count,CG_sp_time_taken_mean,converged,time_limit_reached,ngroute_neighborhood_size,CGIP_objective,CGLP_objective,cycles_lookup_length
2.044,use_adaptive_ngroute,0.19520046431605176,0,0.09117647058823529,false,false,9.0,2.20498e6,1.7745668801923923e6,24
2.103,use_adaptive_ngroute,0.018596066099282105,0,0.17736363636363633,false,false,11.178571428571427,1.899476e6,1.86415321875e6,13
1.866,use_adaptive_ngroute,0.008548229222164472,0,0.2575714285714286,false,false,12.107142857142858,1.899476e6,1.88323884375e6,5
0.779,none,0.008323533359648416,0,0.24933333333333332,false,false,12.357142857142856,1.899476e6,1.8836656481481486e6,0
