CG_time_taken,method,CG_LP_IP_gap,implemented_SR3_cuts_count,errored,CG_sp_time_taken_mean,converged,CGIP_artificial,ngroute_neighborhood_size,time_limit_reached,CGIP_objective,CGLP_objective,CGLP_artificial,cycles_lookup_length
3.703,use_adaptive_ngroute,0.20784757927667086,0,false,0.20954545454545456,false,false,5.0,false,1.409186e6,1.1162901011494254e6,false,20
5.949,use_adaptive_ngroute,0.03333900483968544,0,false,0.6108888888888888,false,false,7.1,false,1.269504e6,1.22718e6,false,10
5.434,use_adaptive_ngroute,0.018899976241387506,0,false,0.655375,false,false,8.200000000000001,false,1.2627e6,1.238835e6,false,10
8.446,use_lmSR3_cuts,0.004513813792164312,2,false,0.9235555555555556,false,false,9.75,false,1.24839e6,1.242755e6,false,0
9.915,none,0.0,0,false,1.8983999999999999,true,false,9.75,false,1.24839e6,1.24839e6,false,0
