CG_time_taken,method,CG_LP_IP_gap,implemented_SR3_cuts_count,errored,CG_sp_time_taken_mean,converged,CGIP_artificial,ngroute_neighborhood_size,time_limit_reached,CGIP_objective,CGLP_objective,CGLP_artificial,cycles_lookup_length
135.185,use_adaptive_ngroute,0.23353936090051852,0,false,7.7493333333333325,false,false,5.0,false,1.487874e6,1.1403968569395018e6,false,18
126.035,use_adaptive_ngroute,0.030705107303526713,0,false,13.78188888888889,false,false,6.35,false,1.390608e6,1.3479092321428573e6,false,8
84.647,use_adaptive_ngroute,0.028815932791028676,0,false,16.8694,false,false,7.4,false,1.390608e6,1.3505363333333333e6,false,2
89.577,use_lmSR3_cuts,0.028159804919862363,5,false,22.31275,false,false,7.6499999999999995,false,1.390608e6,1.35144875e6,false,0
72.456,use_lmSR3_cuts,0.021049425862644244,1,false,24.076333333333334,false,false,7.6499999999999995,false,1.390608e6,1.3613365e6,false,0
168.954,use_lmSR3_cuts,0.0009825820010345154,1,false,33.74079999999999,false,false,7.6499999999999995,false,1.363245e6,1.3619054999999998e6,false,0
74.387,none,0.0,0,false,24.749,true,false,7.6499999999999995,false,1.363245e6,1.363245e6,false,0
