CG_time_taken,method,CG_LP_IP_gap,implemented_SR3_cuts_count,errored,CG_sp_time_taken_mean,converged,CGIP_artificial,ngroute_neighborhood_size,time_limit_reached,CGIP_objective,CGLP_objective,CGLP_artificial,cycles_lookup_length
61.33,use_adaptive_ngroute,0.36470537911668877,0,false,1.4237142857142855,false,false,7.000000000000001,false,2.557958e6,1.6250569578454331e6,false,33
265.218,use_adaptive_ngroute,0.03333517983542866,0,false,11.63759090909091,false,false,10.175,false,1.784584e6,1.7250945714285714e6,false,14
308.875,use_adaptive_ngroute,0.028906106116978858,0,false,30.761099999999995,false,false,11.8,false,1.779246e6,1.7278149263157898e6,false,5
245.623,use_lmSR3_cuts,0.02832483936614527,5,false,40.786333333333324,false,false,11.95,false,1.779246e6,1.7288491428571434e6,false,0
483.441,use_adaptive_ngroute,0.01972492157064132,0,false,48.065000000000005,false,false,11.95,false,1.779246e6,1.7441505121951227e6,false,2
118.245,use_lmSR3_cuts,0.019713819951888367,5,false,59.045500000000004,false,false,12.149999999999999,false,1.779246e6,1.7441702647058824e6,false,0
328.692,use_adaptive_ngroute,0.016546635100019524,0,false,65.5454,false,false,12.149999999999999,false,1.779246e6,1.7498054656848307e6,false,9
429.308,use_lmSR3_cuts,0.016522118382437334,5,false,107.25224999999999,false,false,13.825,false,1.779246e6,1.749849086956522e6,false,0
417.875,use_adaptive_ngroute,0.007633356698468985,0,false,139.084,false,false,13.825,false,1.76776e6,1.7542660573627145e6,false,8
797.261,use_lmSR3_cuts,0.0070024981395162555,5,false,265.6383333333334,false,false,14.950000000000001,false,1.76776e6,1.7553812638888888e6,false,0
61.308,none,0.005981366002860811,0,false,NaN,false,false,14.950000000000001,true,1.76776e6,1.7571863804347827e6,false,0
