CG_time_taken,method,CG_LP_IP_gap,implemented_SR3_cuts_count,errored,CG_sp_time_taken_mean,converged,CGIP_artificial,ngroute_neighborhood_size,time_limit_reached,CGIP_objective,CGLP_objective,CGLP_artificial,cycles_lookup_length
114.48,use_adaptive_ngroute,0.4070202156417131,0,false,2.1753846153846155,false,false,7.000000000000001,false,2.37659e6,1.409269825708061e6,false,40
1155.969,use_adaptive_ngroute,0.052581329979154656,0,false,39.20631034482758,false,false,11.375,false,1.69341e6,1.6043682499999998e6,false,8
980.646,use_adaptive_ngroute,0.047359777510073364,0,false,74.93084615384616,false,false,11.9,false,1.69341e6,1.6132104791666667e6,false,10
792.939,use_adaptive_ngroute,0.04639670761873871,0,false,98.718375,false,false,12.85,false,1.69341e6,1.6148413513513517e6,false,5
437.987,use_lmSR3_cuts,0.04637261274815074,5,false,109.31874999999998,false,false,13.0,false,1.69341e6,1.614882153846154e6,false,0
76.562,none,0.030644183432639638,0,false,NaN,false,false,13.0,true,1.69341e6,1.6415168333333337e6,false,0
