CG_time_taken,method,CG_LP_IP_gap,implemented_SR3_cuts_count,errored,CG_sp_time_taken_mean,converged,CGIP_artificial,ngroute_neighborhood_size,time_limit_reached,CGIP_objective,CGLP_objective,CGLP_artificial,cycles_lookup_length
48.871,use_adaptive_ngroute,0.3911021506993876,0,false,1.2005384615384616,false,false,7.000000000000001,false,2.82723e6,1.7214942664781704e6,false,30
1856.289,use_adaptive_ngroute,0.1483727720179946,0,false,102.68111111111111,false,false,9.825000000000001,false,2.15311e6,1.8336471008403357e6,false,26
1048.189,use_adaptive_ngroute,0.1421693121413542,0,false,116.20677777777779,false,false,11.725,false,2.15311e6,1.847003832335329e6,false,2
631.688,none,0.14134994393123335,0,false,224.4935,false,false,12.0,true,2.15311e6,1.848768022222222e6,false,0
