CG_time_taken,method,CG_LP_IP_gap,implemented_SR3_cuts_count,errored,CG_sp_time_taken_mean,converged,CGIP_artificial,ngroute_neighborhood_size,time_limit_reached,CGIP_objective,CGLP_objective,CGLP_artificial,cycles_lookup_length
91.197,use_adaptive_ngroute,0.3825473027923254,0,false,2.0238695652173915,false,false,7.000000000000001,false,2.626043e6,1.6214573333333335e6,false,40
377.581,use_adaptive_ngroute,0.04024977794006657,0,false,19.319210526315793,false,false,11.475,false,1.82611e6,1.7526094780058651e6,false,21
318.708,use_adaptive_ngroute,0.03459891129803094,0,false,28.73818181818182,false,false,12.975,false,1.82611e6,1.7629285820895527e6,false,5
158.773,use_adaptive_ngroute,0.03394444147596176,0,false,52.734666666666676,false,false,14.05,false,1.82611e6,1.7641237159763314e6,false,2
147.192,use_lmSR3_cuts,0.03384821415313888,5,false,48.97833333333334,false,false,14.175,false,1.82611e6,1.7642994376528116e6,false,0
953.295,use_adaptive_ngroute,0.028435704386883254,0,false,105.24144444444444,false,false,14.175,false,1.82611e6,1.7741832758620686e6,false,4
539.461,use_lmSR3_cuts,0.028292738210684454,5,false,107.8006,false,false,14.325,false,1.82611e6,1.774444347826087e6,false,0
960.143,none,0.025024874686105036,0,false,158.54483333333334,false,false,14.325,true,1.82611e6,1.7804118260869568e6,false,0
