CG_time_taken,method,CG_LP_IP_gap,implemented_SR3_cuts_count,errored,CG_sp_time_taken_mean,converged,CGIP_artificial,ngroute_neighborhood_size,time_limit_reached,CGIP_objective,CGLP_objective,CGLP_artificial,cycles_lookup_length
122.229,use_adaptive_ngroute,0.37226965706495874,0,false,2.5211785714285715,false,false,7.000000000000001,false,2.45624e6,1.5418563775307657e6,false,40
1252.037,use_adaptive_ngroute,0.08184572056288808,0,false,53.940347826086956,false,false,12.549999999999999,false,1.86057e6,1.7082903076923073e6,false,8
616.036,use_lmSR3_cuts,0.0814924612196416,5,false,61.474399999999996,false,false,13.5,false,1.86057e6,1.7089475714285714e6,false,0
1120.685,use_lmSR3_cuts,0.07862413231609333,5,false,159.73714285714286,false,false,13.5,false,1.86057e6,1.7142842981366462e6,false,0
452.201,none,0.04207000879856582,0,false,199.03699999999998,false,false,13.5,true,1.796302e6,1.7207315590551186e6,false,0
