CG_time_taken,method,CG_LP_IP_gap,implemented_SR3_cuts_count,errored,CG_sp_time_taken_mean,converged,CGIP_artificial,ngroute_neighborhood_size,time_limit_reached,CGIP_objective,CGLP_objective,CGLP_artificial,cycles_lookup_length
95.722,use_adaptive_ngroute,0.33636524133962964,0,false,1.7305,false,false,7.000000000000001,false,2.267343e6,1.50468762460528e6,false,31
448.091,use_adaptive_ngroute,0.14995725013218786,0,false,20.987000000000002,false,false,9.575,false,1.919824e6,1.6319324722222225e6,false,10
408.687,use_lmSR3_cuts,0.14857629310464582,5,false,45.221444444444444,false,false,11.075000000000001,false,1.919824e6,1.6345836666666665e6,false,0
291.729,use_lmSR3_cuts,0.14699385638127938,5,false,58.1646,false,false,11.075000000000001,false,1.919824e6,1.6376216666666667e6,false,0
461.511,use_adaptive_ngroute,0.13868507142916675,0,false,57.492124999999994,false,false,11.075000000000001,false,1.919824e6,1.6535730714285714e6,false,7
273.504,use_adaptive_ngroute,0.13755156025285598,0,false,68.2565,false,false,11.4,false,1.919824e6,1.655749213389121e6,false,5
123.901,use_lmSR3_cuts,0.13753805837650512,5,false,61.871500000000005,false,false,11.575,false,1.919824e6,1.6557751346153845e6,false,0
741.162,use_adaptive_ngroute,0.12149248069625618,0,false,66.93100000000001,false,false,11.575,false,1.899168e6,1.6684333684210526e6,false,5
316.359,use_adaptive_ngroute,0.12126168449068808,0,false,78.93025,false,false,11.925,false,1.899168e6,1.6688716891891889e6,false,8
144.176,use_lmSR3_cuts,0.12126136114409669,5,false,71.94149999999999,false,false,12.325,false,1.899168e6,1.668872303278688e6,false,0
239.621,none,0.09737263519560457,0,false,82.156,false,false,12.325,true,1.858514e6,1.6775455942720762e6,false,0
