CG_time_taken,method,CG_LP_IP_gap,implemented_SR3_cuts_count,errored,CG_sp_time_taken_mean,converged,CGIP_artificial,ngroute_neighborhood_size,time_limit_reached,CGIP_objective,CGLP_objective,CGLP_artificial,cycles_lookup_length
74.389,use_adaptive_ngroute,0.2524490736712207,0,false,1.5621200000000004,false,false,7.000000000000001,false,2.26035e6,1.6897267363272563e6,false,40
362.809,use_adaptive_ngroute,0.07291147480621185,0,false,19.53938888888889,false,false,12.125,false,1.887416e6,1.749801715867159e6,false,2
169.216,use_adaptive_ngroute,0.07268338596700907,0,false,23.664714285714286,false,false,12.4,false,1.887416e6,1.7502322143916916e6,false,9
159.418,use_adaptive_ngroute,0.07264301611785151,0,false,31.6628,false,false,13.7,false,1.887416e6,1.7503084090909092e6,false,6
226.298,use_lmSR3_cuts,0.07264120562656329,5,false,56.494499999999995,false,false,13.85,false,1.887416e6,1.7503118262411344e6,false,0
560.481,use_adaptive_ngroute,0.0638975675008242,0,false,69.4905,false,false,13.85,false,1.887416e6,1.7668147087378644e6,false,1
434.047,use_lmSR3_cuts,0.06380601838704303,5,false,72.163,false,false,14.000000000000002,false,1.887416e6,1.7669875000000007e6,false,0
731.902,use_adaptive_ngroute,0.05651889296982038,0,false,91.13025,false,false,14.000000000000002,false,1.887416e6,1.7807413371064735e6,false,4
297.704,use_adaptive_ngroute,0.05608551820048624,0,false,98.96033333333334,false,false,14.125,false,1.887416e6,1.781559295580111e6,false,1
280.559,use_adaptive_ngroute,0.056077313797406325,0,false,93.34433333333334,false,false,14.175,false,1.887416e6,1.7815747807017546e6,false,1
166.722,use_lmSR3_cuts,0.056050250557313164,5,false,83.2475,false,false,14.200000000000001,false,1.887416e6,1.7816258602941183e6,false,0
66.135,none,0.052222164273040494,0,false,NaN,false,false,14.200000000000001,true,1.887416e6,1.788851051596435e6,false,0
