CG_time_taken,method,CG_LP_IP_gap,implemented_SR3_cuts_count,errored,CG_sp_time_taken_mean,converged,CGIP_artificial,ngroute_neighborhood_size,time_limit_reached,CGIP_objective,CGLP_objective,CGLP_artificial,cycles_lookup_length
79.91,use_adaptive_ngroute,0.3094953460052805,0,false,1.9531199999999995,false,false,7.000000000000001,false,2.38473e6,1.6466671635208274e6,false,40
1772.458,use_adaptive_ngroute,0.10355895589669728,0,false,83.97866666666665,false,false,11.625,false,1.93936e6,1.7385219032921812e6,false,11
722.422,use_adaptive_ngroute,0.1018969120336799,0,false,144.3236,false,false,12.475,false,1.93936e6,1.7417452046783625e6,false,9
510.578,use_adaptive_ngroute,0.10159282214522092,0,false,170.06966666666668,false,false,12.95,false,1.93936e6,1.7423349444444443e6,false,3
465.613,use_lmSR3_cuts,0.10159229297501726,5,false,155.13499999999996,false,false,13.075,false,1.93936e6,1.7423359706959706e6,false,0
32.957,none,0.0767515878617826,0,false,NaN,false,false,13.075,true,1.93936e6,1.7905110405643734e6,false,0
