CG_time_taken,method,CG_LP_IP_gap,implemented_SR3_cuts_count,errored,CG_sp_time_taken_mean,converged,CGIP_artificial,ngroute_neighborhood_size,time_limit_reached,CGIP_objective,CGLP_objective,CGLP_artificial,cycles_lookup_length
71.228,use_adaptive_ngroute,0.3714481616210954,0,false,1.6806666666666665,false,false,7.000000000000001,false,2.539853e6,1.5964292723621759e6,false,38
481.127,use_adaptive_ngroute,0.14352699839750283,0,false,24.668894736842102,false,false,11.5,false,2.062566e6,1.7665320930232562e6,false,15
557.544,use_adaptive_ngroute,0.138667351704171,0,false,55.54200000000001,false,false,12.45,false,2.062566e6,1.776555435064935e6,false,15
552.275,use_lmSR3_cuts,0.13783277722991627,5,false,78.73299999999999,false,false,13.85,false,2.062566e6,1.7782768000000005e6,false,0
1136.65,use_adaptive_ngroute,0.05605795018868709,0,false,113.459,false,false,13.85,false,1.887375e6,1.7815726262626266e6,false,5
652.403,use_lmSR3_cuts,0.05596534569951539,5,false,130.24460000000002,false,false,14.000000000000002,false,1.887375e6,1.7817474056603771e6,false,0
80.779,none,0.05497962337461626,0,false,NaN,false,false,14.000000000000002,true,1.887375e6,1.7836078333333337e6,false,0
