CG_time_taken,method,CG_LP_IP_gap,implemented_SR3_cuts_count,errored,CG_sp_time_taken_mean,converged,CGIP_artificial,ngroute_neighborhood_size,time_limit_reached,CGIP_objective,CGLP_objective,CGLP_artificial,cycles_lookup_length
75.577,use_adaptive_ngroute,0.3350706289815867,0,false,1.4031153846153845,false,false,7.000000000000001,false,2.32788e6,1.547875784206344e6,false,33
332.236,use_adaptive_ngroute,0.02700241805096193,0,false,15.020857142857146,false,false,10.0,false,1.72609e6,1.6794813962264152e6,false,17
259.03,use_adaptive_ngroute,0.02586342645511608,0,false,42.971333333333334,false,false,11.875,false,1.72609e6,1.6814473982300886e6,false,2
160.871,use_lmSR3_cuts,0.025853280004461743,5,false,53.54066666666667,false,false,11.925,false,1.72609e6,1.6814649119170986e6,false,0
595.234,use_adaptive_ngroute,0.02135527037643903,0,false,65.9081111111111,false,false,11.925,false,1.72609e6,1.6892288813559324e6,false,12
502.944,use_lmSR3_cuts,0.021219076475899712,5,false,100.48999999999998,false,false,12.275,false,1.72609e6,1.6894639642857143e6,false,0
1066.587,use_adaptive_ngroute,0.013483170310143344,0,false,118.25066666666666,false,false,12.275,false,1.72253e6,1.6993048346456687e6,false,3
548.741,use_adaptive_ngroute,0.013409613040616386,0,false,137.08575,false,false,12.35,false,1.72253e6,1.699431539249147e6,false,2
37.509,none,0.01332181718710268,0,false,NaN,false,false,12.4,true,1.72253e6,1.6995827702407e6,false,0
