CG_time_taken,method,CG_LP_IP_gap,implemented_SR3_cuts_count,errored,CG_sp_time_taken_mean,converged,CGIP_artificial,ngroute_neighborhood_size,time_limit_reached,CGIP_objective,CGLP_objective,CGLP_artificial,cycles_lookup_length
86.118,use_adaptive_ngroute,0.37838694969865694,0,false,1.656695652173913,false,false,7.000000000000001,false,2.444227e6,1.519363401098901e6,false,40
369.48,use_adaptive_ngroute,0.09645109598904278,0,false,17.8562,false,false,10.924999999999999,false,1.84719e6,1.6690265e6,false,7
272.79,use_lmSR3_cuts,0.09415926495464944,5,false,38.824571428571424,false,false,11.55,false,1.84719e6,1.6732599473684211e6,false,0
594.072,use_lmSR3_cuts,0.0859965033117227,5,false,45.34561538461538,false,false,11.55,false,1.84719e6,1.688338119047619e6,false,0
566.659,use_adaptive_ngroute,0.0016944809272809724,0,false,62.476000000000006,false,false,11.55,false,1.718118e6,1.7152066818181819e6,false,1
533.872,use_lmSR3_cuts,0.0016667246543186076,5,false,75.98485714285715,false,false,11.575,false,1.718118e6,1.7152543703703715e6,false,0
333.57,none,0.0,0,false,83.00574999999999,true,false,11.575,false,1.718118e6,1.718118e6,false,0
