CG_time_taken,method,CG_LP_IP_gap,implemented_SR3_cuts_count,errored,CG_sp_time_taken_mean,converged,CGIP_artificial,ngroute_neighborhood_size,time_limit_reached,CGIP_objective,CGLP_objective,CGLP_artificial,cycles_lookup_length
113.06,use_adaptive_ngroute,0.38404142418107234,0,false,2.4573571428571426,false,false,7.000000000000001,false,2.649478e6,1.631968695543581e6,false,38
743.25,use_adaptive_ngroute,0.1611716898491531,0,false,34.95757142857143,false,false,10.325,false,2.07024e6,1.7365759208066894e6,false,20
659.858,use_adaptive_ngroute,0.11642417228814006,0,false,73.08033333333331,false,false,12.175,false,1.9743e6,1.7444437566515252e6,false,1
438.562,use_lmSR3_cuts,0.11641374400466953,5,false,87.59660000000001,false,false,12.35,false,1.9743e6,1.7444643452115809e6,false,0
1621.949,none,0.07446185997121557,0,false,156.67870000000002,false,false,12.35,true,1.91412e6,1.771591064591897e6,false,0
