CG_time_taken,method,CG_LP_IP_gap,implemented_SR3_cuts_count,errored,CG_sp_time_taken_mean,converged,CGIP_artificial,ngroute_neighborhood_size,time_limit_reached,CGIP_objective,CGLP_objective,CGLP_artificial,cycles_lookup_length
60.934,use_adaptive_ngroute,0.2623442721171575,0,false,1.1844583333333334,false,false,7.000000000000001,false,2.235522e6,1.649045608108108e6,false,40
124.837,use_adaptive_ngroute,0.12976063375942537,0,false,8.58585714285714,false,false,10.0,false,1.98167e6,1.7245272448979595e6,false,4
47.644,use_lmSR3_cuts,0.12973301148911653,5,false,11.63575,false,false,10.625,false,1.98167e6,1.7245819831223625e6,false,0
181.179,use_adaptive_ngroute,0.12217372059696863,0,false,25.635285714285715,false,false,10.625,false,1.98002e6,1.7381135897435902e6,false,10
311.734,use_adaptive_ngroute,0.11758551046509103,0,false,51.754,false,false,11.5,false,1.971937e6,1.7400657812499998e6,false,2
147.78,use_adaptive_ngroute,0.11756498813095972,0,false,49.19166666666666,false,false,11.6,false,1.971937e6,1.7401062499999998e6,false,2
223.788,use_lmSR3_cuts,0.11755374400250429,5,false,55.857,false,false,11.7,false,1.971937e6,1.7401284227129337e6,false,0
400.353,use_lmSR3_cuts,0.10882856035117372,5,false,57.04357142857142,false,false,11.7,false,1.96086e6,1.7474624291497974e6,false,0
430.246,use_adaptive_ngroute,0.07949121268299109,0,false,53.62362499999999,false,false,11.7,false,1.90546e6,1.753992673881068e6,false,13
415.491,use_adaptive_ngroute,0.07872249893229655,0,false,82.874,false,false,12.475,false,1.90546e6,1.7554574271844663e6,false,6
364.805,use_lmSR3_cuts,0.07861713055276998,5,false,121.25733333333334,false,false,12.675,false,1.90546e6,1.755658202416919e6,false,0
820.059,use_adaptive_ngroute,0.05636876038677896,0,false,116.9122857142857,false,false,12.675,false,1.869379e6,1.7640044230769235e6,false,5
0.946,none,0.05636388677864035,0,false,NaN,false,false,12.8,true,1.869379e6,1.7640135336976321e6,false,0
