CG_time_taken,method,CG_LP_IP_gap,implemented_SR3_cuts_count,errored,CG_sp_time_taken_mean,converged,CGIP_artificial,ngroute_neighborhood_size,time_limit_reached,CGIP_objective,CGLP_objective,CGLP_artificial,cycles_lookup_length
84.391,use_adaptive_ngroute,0.31416211046878084,0,false,1.5663076923076922,false,false,7.000000000000001,false,2.162439e6,1.4830826e6,false,35
245.547,use_adaptive_ngroute,0.08055771421740188,0,false,16.796285714285712,false,false,10.475,false,1.757108e6,1.6155593958868894e6,false,17
1006.127,use_adaptive_ngroute,0.05245671713203337,0,false,100.29950000000001,false,false,11.775,false,1.728016e6,1.6373699534883723e6,false,3
558.083,use_lmSR3_cuts,0.05229258101005252,5,false,111.44180000000001,false,false,11.85,false,1.728016e6,1.637653583333333e6,false,0
813.446,use_adaptive_ngroute,0.046985097360209616,0,false,135.34483333333336,false,false,11.85,false,1.728016e6,1.646825e6,false,2
491.197,use_lmSR3_cuts,0.04586978030626687,5,false,163.63133333333332,false,false,11.9,false,1.728016e6,1.648752285714286e6,false,0
374.308,none,0.04505745317172993,0,false,156.007,false,false,11.9,true,1.728016e6,1.650156e6,false,0
