CG_time_taken,method,CG_LP_IP_gap,implemented_SR3_cuts_count,errored,CG_sp_time_taken_mean,converged,CGIP_artificial,ngroute_neighborhood_size,time_limit_reached,CGIP_objective,CGLP_objective,CGLP_artificial,cycles_lookup_length
62.384,use_adaptive_ngroute,0.12775338433570926,0,false,0.9891538461538462,false,false,7.000000000000001,false,1.760833e6,1.535880625e6,false,38
153.315,use_lmSR3_cuts,0.026751681701713825,2,false,10.406142857142859,false,false,10.3,false,1.60403e6,1.5611195e6,false,0
208.622,use_lmSR3_cuts,0.0202839488662927,5,false,17.13725,false,false,10.3,false,1.60403e6,1.5714939375000005e6,false,0
168.92,use_lmSR3_cuts,0.01889023272632062,2,false,18.308444444444444,false,false,10.3,false,1.60403e6,1.5737295e6,false,0
161.096,use_lmSR3_cuts,0.015718533942632007,1,false,17.42911111111111,false,false,10.3,false,1.60403e6,1.578817e6,false,0
124.923,use_lmSR3_cuts,0.011949901186386835,1,false,17.479000000000003,false,false,10.3,false,1.60403e6,1.584862e6,false,0
90.301,use_adaptive_ngroute,0.011716694969892805,0,false,22.3835,false,false,10.3,false,1.60403e6,1.5852360697674428e6,false,8
1283.134,use_lmSR3_cuts,0.011533200750609263,5,false,142.359,false,false,11.525,false,1.60403e6,1.5855304000000001e6,false,0
669.998,use_lmSR3_cuts,0.009508134719009798,5,false,167.083,false,false,11.525,false,1.60403e6,1.5887786666666667e6,false,0
652.558,none,0.006415923226706033,0,false,232.43449999999999,false,false,11.525,true,1.60403e6,1.5937386666666667e6,false,0
