CG_time_taken,method,CG_LP_IP_gap,implemented_SR3_cuts_count,errored,CG_sp_time_taken_mean,converged,CGIP_artificial,ngroute_neighborhood_size,time_limit_reached,CGIP_objective,CGLP_objective,CGLP_artificial,cycles_lookup_length
69.298,use_adaptive_ngroute,0.30536243468817115,0,false,1.2535517241379313,false,false,7.000000000000001,false,2.256634e6,1.5675427475598936e6,false,32
193.588,use_adaptive_ngroute,0.13609219282331975,0,false,13.37178571428571,false,false,9.450000000000001,false,1.920607e6,1.6592273818181823e6,false,23
204.658,use_adaptive_ngroute,0.1310103908213449,0,false,25.364250000000002,false,false,11.1,false,1.920607e6,1.6689875263157892e6,false,5
131.275,use_adaptive_ngroute,0.13088997384680978,0,false,32.75875,false,false,12.149999999999999,false,1.920607e6,1.6692188000000003e6,false,4
57.825,use_lmSR3_cuts,0.13077241218865188,5,false,28.6185,false,false,12.25,false,1.920607e6,1.66944458974359e6,false,0
355.656,use_adaptive_ngroute,0.07785146385015596,0,false,50.439571428571426,false,false,12.25,false,1.816716e6,1.675282e6,false,2
226.7,use_adaptive_ngroute,0.07776441458607208,0,false,56.55775,false,false,12.3,false,1.816716e6,1.6754401437908495e6,false,2
94.348,use_lmSR3_cuts,0.07775861147778029,5,false,47.1035,false,false,12.475,false,1.816716e6,1.6754506863905329e6,false,0
384.901,use_lmSR3_cuts,0.07636448725992917,5,false,64.00616666666667,false,false,12.475,false,1.816716e6,1.6779834141630905e6,false,0
395.217,use_adaptive_ngroute,0.07515670378094041,0,false,78.9244,false,false,12.475,false,1.816716e6,1.6801776137339051e6,false,6
330.225,use_adaptive_ngroute,0.013239520023890616,0,false,82.39025000000001,false,false,12.725,false,1.70318e6,1.68063071428571e6,false,6
216.402,use_lmSR3_cuts,0.013202949776300987,5,false,108.1295,false,false,13.774999999999999,false,1.70318e6,1.6806929999999998e6,false,0
750.102,use_adaptive_ngroute,0.011519506251005174,0,false,106.74128571428572,false,false,13.774999999999999,false,1.70318e6,1.683560207343413e6,false,6
121.876,none,0.011121373636037157,0,false,NaN,false,false,14.549999999999999,true,1.70318e6,1.6842382988505743e6,false,0
