CG_time_taken,method,CG_LP_IP_gap,implemented_SR3_cuts_count,errored,CG_sp_time_taken_mean,converged,CGIP_artificial,ngroute_neighborhood_size,time_limit_reached,CGIP_objective,CGLP_objective,CGLP_artificial,cycles_lookup_length
30.343,use_adaptive_ngroute,0.09464658685923433,0,false,2.685625,false,false,5.0,false,1.336467e6,1.2099749599999997e6,false,15
23.611,use_adaptive_ngroute,0.06109578463216825,0,false,2.550111111111111,false,false,6.5,false,1.336467e6,1.2548145e6,false,7
7.24,use_adaptive_ngroute,0.049270519269778434,0,false,2.39,false,false,7.15,false,1.336467e6,1.270618576923077e6,false,6
10.54,use_lmSR3_cuts,0.04864982965676801,5,false,2.6134999999999997,false,false,8.05,false,1.336467e6,1.2714481081081082e6,false,0
7.043,use_adaptive_ngroute,0.04264448153803446,0,false,3.3729999999999998,false,false,8.05,false,1.336467e6,1.2794740576923077e6,false,3
11.885,use_lmSR3_cuts,0.04264448153803446,5,false,3.945,false,false,8.7,false,1.336467e6,1.2794740576923077e6,false,0
15.725,use_adaptive_ngroute,0.040796056568050854,0,false,5.174333333333333,false,false,8.7,false,1.336467e6,1.2819444166666667e6,false,2
27.055,use_lmSR3_cuts,0.04062606858231432,5,false,5.3911999999999995,false,false,8.8,false,1.336467e6,1.2821716e6,false,0
26.414,use_adaptive_ngroute,0.03786397609926362,0,false,6.524500000000001,false,false,8.8,false,1.336467e6,1.2858630454545454e6,false,3
8.888,use_lmSR3_cuts,0.03681075338400208,5,false,8.873999999999999,false,false,9.350000000000001,false,1.336467e6,1.287270642857143e6,false,0
35.715,use_lmSR3_cuts,0.036334919644579244,5,false,11.852333333333334,false,false,9.350000000000001,false,1.336467e6,1.287906578947368e6,false,0
30.358,use_adaptive_ngroute,0.034420752626140416,0,false,10.075999999999999,false,false,9.350000000000001,false,1.336467e6,1.2904648e6,false,2
30.356,use_lmSR3_cuts,0.034091501448719974,5,false,10.079,false,false,9.45,false,1.336467e6,1.2909048333333335e6,false,0
25.856,use_adaptive_ngroute,0.03371985107607778,0,false,12.874999999999998,false,false,9.45,false,1.336467e6,1.2914015317919075e6,false,4
42.037,use_lmSR3_cuts,0.03369654333538963,5,false,20.9445,false,false,10.149999999999999,false,1.336467e6,1.2914326818181819e6,false,0
35.474,use_lmSR3_cuts,0.03261854659420027,5,false,17.639000000000003,false,false,10.149999999999999,false,1.336467e6,1.292873388888889e6,false,0
76.916,use_lmSR3_cuts,0.0315984233056259,1,false,19.16425,false,false,10.149999999999999,false,1.336467e6,1.29423675e6,false,0
65.48,use_lmSR3_cuts,0.03144550865482254,5,false,21.804,false,false,10.149999999999999,false,1.336467e6,1.2944411153846153e6,false,0
145.387,use_adaptive_ngroute,0.030569227681491284,0,false,29.038200000000007,false,false,10.149999999999999,false,1.336467e6,1.2956122359882004e6,false,4
91.609,none,0.03048111176706947,0,false,30.493,false,false,10.65,false,1.336467e6,1.29573e6,false,0
