CG_time_taken,method,CG_LP_IP_gap,implemented_SR3_cuts_count,errored,CG_sp_time_taken_mean,converged,CGIP_artificial,ngroute_neighborhood_size,time_limit_reached,CGIP_objective,CGLP_objective,CGLP_artificial,cycles_lookup_length
58.766,use_adaptive_ngroute,0.2659873876516924,0,false,0.7484000000000001,false,false,7.000000000000001,false,2.2378e6,1.6425734239130428e6,false,36
149.35,use_adaptive_ngroute,0.19091882298260243,0,false,7.033499999999999,false,false,10.95,false,2.107192e6,1.704889383561644e6,false,26
218.503,use_adaptive_ngroute,0.18991941250093336,0,false,21.616600000000002,false,false,13.049999999999999,false,2.107192e6,1.7069953333333333e6,false,7
163.45,use_adaptive_ngroute,0.18857967457766223,0,false,27.143166666666662,false,false,13.525,false,2.107192e6,1.7098184183673467e6,false,1
222.793,use_lmSR3_cuts,0.17624803954819024,5,false,55.550999999999995,false,false,13.55,false,2.075752e6,1.709904779411765e6,false,0
211.808,use_lmSR3_cuts,0.17473994966643436,5,false,52.68849999999999,false,false,13.55,false,2.075752e6,1.7130351999999995e6,false,0
405.062,use_adaptive_ngroute,0.15258656377562607,0,false,66.67833333333333,false,false,13.55,false,2.023296e6,1.7145682158590308e6,false,8
223.312,use_adaptive_ngroute,0.15256341973520038,0,false,74.30366666666667,false,false,13.75,false,2.023296e6,1.714615043103448e6,false,4
366.432,use_lmSR3_cuts,0.15256341973520038,5,false,121.98,false,false,14.15,false,2.023296e6,1.714615043103448e6,false,0
1066.769,use_lmSR3_cuts,0.15054404628223772,5,false,152.17000000000002,false,false,14.15,false,2.023296e6,1.7187008333333335e6,false,0
380.108,none,0.08588716932181595,0,false,187.681,false,false,14.15,true,1.890142e6,1.7278030540037241e6,false,0
