CG_time_taken,method,CG_LP_IP_gap,implemented_SR3_cuts_count,errored,CG_sp_time_taken_mean,converged,CGIP_artificial,ngroute_neighborhood_size,time_limit_reached,CGIP_objective,CGLP_objective,CGLP_artificial,cycles_lookup_length
36.292,use_adaptive_ngroute,0.3279333065208768,0,false,1.1080555555555556,false,false,7.000000000000001,false,2.577169e6,1.7320294483668983e6,false,32
105.043,use_adaptive_ngroute,0.17092523584266317,0,false,7.290285714285715,false,false,9.25,false,2.248444e6,1.864128179020979e6,false,13
50.964,use_adaptive_ngroute,0.16587991927744583,0,false,10.123000000000001,false,false,10.65,false,2.248444e6,1.8754722907801426e6,false,6
49.96,use_adaptive_ngroute,0.16426386274496652,0,false,9.9578,false,false,11.125,false,2.248444e6,1.8791059033942565e6,false,8
68.924,use_lmSR3_cuts,0.1634301321269287,5,false,17.163249999999998,false,false,11.975,false,2.248444e6,1.8809805e6,false,0
207.363,use_adaptive_ngroute,0.017191682241259776,0,false,29.45042857142857,false,false,11.975,false,1.93016e6,1.89697730260521e6,false,4
152.704,use_lmSR3_cuts,0.016043972500862314,5,false,38.12625,false,false,12.4,false,1.93016e6,1.8991925660377357e6,false,0
293.118,use_adaptive_ngroute,0.01247231787380143,0,false,48.74766666666667,false,false,12.4,false,1.93016e6,1.9060864309327034e6,false,4
204.245,use_adaptive_ngroute,0.012047299427306979,0,false,51.01775,false,false,12.575000000000001,false,1.93016e6,1.9069067845373892e6,false,3
190.862,use_adaptive_ngroute,0.011968111219919253,0,false,63.578333333333326,false,false,12.8,false,1.93016e6,1.9070596304477607e6,false,5
131.095,use_lmSR3_cuts,0.011898427291547331,5,false,65.5175,false,false,13.475,false,1.93016e6,1.907194131578947e6,false,0
424.188,use_adaptive_ngroute,0.009066317084455267,0,false,105.8495,false,false,13.475,false,1.93016e6,1.912660557416268e6,false,3
203.282,use_lmSR3_cuts,0.008996854364950346,5,false,101.5935,false,false,13.899999999999999,false,1.93016e6,1.9127946315789474e6,false,0
424.48,use_lmSR3_cuts,0.007649437563306938,5,false,106.03850000000001,false,false,13.899999999999999,false,1.93016e6,1.9153953615928076e6,false,0
883.454,use_adaptive_ngroute,0.003874701426654026,0,false,147.13916666666668,false,false,13.899999999999999,false,1.92553e6,1.9180691461619348e6,false,3
114.617,none,0.003813571304397523,0,false,NaN,false,false,14.200000000000001,true,1.92553e6,1.9181868540462435e6,false,0
