CG_time_taken,method,CG_LP_IP_gap,implemented_SR3_cuts_count,errored,CG_sp_time_taken_mean,converged,CGIP_artificial,ngroute_neighborhood_size,time_limit_reached,CGIP_objective,CGLP_objective,CGLP_artificial,cycles_lookup_length
69.926,use_adaptive_ngroute,0.3382672551886108,0,false,1.468416666666667,false,false,7.000000000000001,false,2.15927e6,1.4288596638888884e6,false,34
156.481,use_adaptive_ngroute,0.1505350098967032,0,false,7.408450000000001,false,false,9.05,false,1.898743e6,1.612915703703704e6,false,11
67.29,use_adaptive_ngroute,0.1464839118231791,0,false,13.2436,false,false,9.825000000000001,false,1.898743e6,1.6206076978131214e6,false,11
199.606,use_adaptive_ngroute,0.13506771543993146,0,false,24.729625000000006,false,false,10.825,false,1.87532e6,1.6220248118811878e6,false,1
153.925,use_lmSR3_cuts,0.1350338992742416,5,false,25.5725,false,false,10.875,false,1.87532e6,1.6220882280130293e6,false,0
301.282,use_adaptive_ngroute,0.11511896053618798,0,false,27.065090909090912,false,false,10.875,false,1.84438e6,1.6320568915662656e6,false,10
283.153,use_lmSR3_cuts,0.09887829675452231,5,false,56.455000000000005,false,false,11.55,false,1.81577e6,1.636229755102041e6,false,0
593.868,use_adaptive_ngroute,0.009068075610659254,0,false,73.95650000000002,false,false,11.55,false,1.66555e6,1.6504466666666665e6,false,2
897.647,use_lmSR3_cuts,0.008433650545865312,5,false,89.59410000000001,false,false,11.7,false,1.66555e6,1.651503333333334e6,false,0
786.306,use_adaptive_ngroute,0.006142821572806656,0,false,112.18828571428574,false,false,11.7,false,1.66555e6,1.6553188235294118e6,false,3
34.427,none,0.005924969729719121,0,false,NaN,false,false,11.95,true,1.66555e6,1.6556816666666663e6,false,0
