CG_time_taken,method,CG_LP_IP_gap,implemented_SR3_cuts_count,errored,CG_sp_time_taken_mean,converged,CGIP_artificial,ngroute_neighborhood_size,time_limit_reached,CGIP_objective,CGLP_objective,CGLP_artificial,cycles_lookup_length
34.585,use_adaptive_ngroute,0.2922421050778329,0,false,0.8792916666666668,false,false,7.000000000000001,false,2.544734e6,1.801055578976866e6,false,35
603.645,use_adaptive_ngroute,0.11659366273031058,0,false,42.977428571428575,false,false,9.25,false,2.16994e6,1.9169387474949898e6,false,14
309.979,use_adaptive_ngroute,0.11420492091346113,0,false,51.55833333333334,false,false,10.275,false,2.16994e6,1.9221221739130442e6,false,4
411.198,use_lmSR3_cuts,0.11407982175592557,5,false,82.1684,false,false,10.5,false,2.16994e6,1.922393631578947e6,false,0
585.585,use_adaptive_ngroute,0.11145579912222081,0,false,146.287,false,false,10.5,false,2.16994e6,1.9280876032527282e6,false,6
522.484,use_adaptive_ngroute,0.11106544363062365,0,false,130.566,false,false,10.65,false,2.16994e6,1.9289346512481645e6,false,3
301.709,use_adaptive_ngroute,0.11103392515717281,0,false,150.799,false,false,10.9,false,2.16994e6,1.9290030444444444e6,false,4
273.1,use_lmSR3_cuts,0.11103000464338297,5,false,136.475,false,false,11.075000000000001,false,2.16994e6,1.9290115517241375e6,false,0
528.086,none,0.0359737712861774,0,false,175.061,false,false,11.075000000000001,true,2.01028e6,1.9379626470588234e6,false,0
