CG_time_taken,method,CG_LP_IP_gap,implemented_SR3_cuts_count,errored,CG_sp_time_taken_mean,converged,CGIP_artificial,ngroute_neighborhood_size,time_limit_reached,CGIP_objective,CGLP_objective,CGLP_artificial,cycles_lookup_length
47.07,use_adaptive_ngroute,0.26683048587901737,0,false,1.3536521739130436,false,false,7.000000000000001,false,2.31039e6,1.6939075137299772e6,false,32
76.422,use_adaptive_ngroute,0.03710441080546123,0,false,3.8403157894736837,false,false,9.275,false,1.85568e6,1.7868260869565217e6,false,8
28.248,use_adaptive_ngroute,0.03135387027935854,0,false,3.8838571428571425,false,false,9.95,false,1.85568e6,1.79749725e6,false,10
53.685,use_adaptive_ngroute,0.03135387027935865,0,false,10.6202,false,false,11.8,false,1.85568e6,1.7974972499999998e6,false,5
52.615,use_adaptive_ngroute,0.03124825098398698,0,false,10.4184,false,false,12.025,false,1.85568e6,1.797693245614035e6,false,3
74.503,use_lmSR3_cuts,0.03123972356901983,5,false,18.560750000000002,false,false,12.524999999999999,false,1.85568e6,1.7977090697674414e6,false,0
120.502,use_adaptive_ngroute,0.024075681455520637,0,false,19.916333333333334,false,false,12.524999999999999,false,1.85568e6,1.8110032394366194e6,false,2
104.745,use_lmSR3_cuts,0.024062274757755353,5,false,20.9086,false,false,12.725,false,1.85568e6,1.8110281179775286e6,false,0
165.994,use_adaptive_ngroute,0.019990106514644945,0,false,27.516999999999996,false,false,12.725,false,1.85568e6,1.8185847591429036e6,false,2
126.216,use_lmSR3_cuts,0.019944530389936155,5,false,42.013,false,false,12.775,false,1.85568e6,1.8186693338460033e6,false,0
168.683,use_adaptive_ngroute,0.01554887460779053,0,false,27.994999999999997,false,false,12.775,false,1.85568e6,1.8268262643678153e6,false,5
215.169,use_lmSR3_cuts,0.01545509052258598,5,false,42.977000000000004,false,false,12.95,false,1.85568e6,1.8270002976190476e6,false,0
240.196,use_lmSR3_cuts,0.014435295805109605,5,false,59.86149999999999,false,false,12.95,false,1.85568e6,1.8288927102803742e6,false,0
273.722,use_adaptive_ngroute,0.010957271290948367,0,false,38.972142857142856,false,false,12.95,false,1.85568e6,1.835346810810813e6,false,5
249.44,use_adaptive_ngroute,0.010545582645781537,0,false,62.272499999999994,false,false,13.124999999999998,false,1.85568e6,1.836110773195876e6,false,6
125.835,use_adaptive_ngroute,0.010461597012462076,0,false,62.86500000000001,false,false,13.450000000000001,false,1.85568e6,1.8362666236559143e6,false,2
60.575,use_lmSR3_cuts,0.010457141617537635,5,false,60.487,false,false,13.6,false,1.85568e6,1.8362748914431678e6,false,0
127.885,use_lmSR3_cuts,0.009830706063599148,5,false,63.684,false,false,13.6,false,1.85568e6,1.8374373553719004e6,false,0
537.759,use_lmSR3_cuts,0.008542855515200731,5,false,89.4455,false,false,13.6,false,1.85568e6,1.8398271938775524e6,false,0
266.83,use_adaptive_ngroute,0.007857297715137324,0,false,88.78733333333334,false,false,13.6,false,1.85568e6,1.841099369775974e6,false,6
276.151,use_lmSR3_cuts,0.007845152145613321,5,false,91.98833333333333,false,false,13.899999999999999,false,1.85568e6,1.8411219080664283e6,false,0
114.919,none,0.00621506015272455,0,false,85.471,false,false,13.899999999999999,true,1.85568e6,1.844146837175792e6,false,0
