CG_time_taken,method,CG_LP_IP_gap,implemented_SR3_cuts_count,errored,CG_sp_time_taken_mean,converged,CGIP_artificial,ngroute_neighborhood_size,time_limit_reached,CGIP_objective,CGLP_objective,CGLP_artificial,cycles_lookup_length
32.968,use_adaptive_ngroute,0.43172538000095195,0,false,0.7870454545454546,false,false,7.000000000000001,false,2.762646e6,1.56994160584189e6,false,39
256.396,use_adaptive_ngroute,0.07798313890467623,0,false,12.56235,false,false,9.975,false,1.889441e6,1.7420964600448096e6,false,17
140.414,use_lmSR3_cuts,0.07392715623298118,5,false,27.9706,false,false,12.0,false,1.889441e6,1.7497599999999998e6,false,0
517.54,use_lmSR3_cuts,0.05605888617804189,5,false,42.99925,false,false,12.0,false,1.864116e6,1.7596157333333332e6,false,0
531.816,use_adaptive_ngroute,0.05005168619781308,0,false,66.36037499999999,false,false,12.0,false,1.864116e6,1.7708138509316775e6,false,4
356.18,use_adaptive_ngroute,0.04990620362755749,0,false,88.97650000000002,false,false,12.825,false,1.864116e6,1.771085047318612e6,false,3
353.546,use_adaptive_ngroute,0.04965629958870743,0,false,117.77633333333334,false,false,13.200000000000001,false,1.864116e6,1.771550897435897e6,false,5
289.049,use_adaptive_ngroute,0.04964219673660075,0,false,96.29600000000002,false,false,13.575,false,1.864116e6,1.7715771867881548e6,false,3
139.673,use_lmSR3_cuts,0.04963363656586062,5,false,69.7915,false,false,13.85,false,1.864116e6,1.7715931439393943e6,false,0
473.87,use_adaptive_ngroute,0.04855351134719654,0,false,118.35624999999999,false,false,13.85,false,1.864116e6,1.7736066226415094e6,false,3
443.704,use_lmSR3_cuts,0.04835053183385585,2,false,110.86324999999998,false,false,13.924999999999999,false,1.864116e6,1.773985e6,false,0
6.302,none,0.04776697497389748,0,false,NaN,false,false,13.924999999999999,true,1.864116e6,1.7750728176795582e6,false,0
