CG_time_taken,method,CG_LP_IP_gap,implemented_SR3_cuts_count,errored,CG_sp_time_taken_mean,converged,CGIP_artificial,ngroute_neighborhood_size,time_limit_reached,CGIP_objective,CGLP_objective,CGLP_artificial,cycles_lookup_length
66.236,use_adaptive_ngroute,0.35370391234920384,0,false,1.1712758620689656,false,false,7.000000000000001,false,2.400606e6,1.551502265791027e6,false,26
71.54,use_adaptive_ngroute,0.06187148701522982,0,false,4.399866666666666,false,false,8.9,false,1.761046e6,1.6520874652777775e6,false,9
34.688,use_adaptive_ngroute,0.05861669811826953,0,false,4.2147499999999996,false,false,9.65,false,1.761046e6,1.657819298245614e6,false,4
25.397,use_adaptive_ngroute,0.05814021564621141,0,false,6.2355,false,false,9.75,false,1.761046e6,1.658658405797102e6,false,1
27.252,use_lmSR3_cuts,0.05807866461182731,5,false,5.380800000000001,false,false,9.775,false,1.761046e6,1.6587668e6,false,0
58.565,use_adaptive_ngroute,0.04872619847697168,0,false,7.151375,false,false,9.775,false,1.761046e6,1.675236923076923e6,false,4
104.459,use_adaptive_ngroute,0.02696110567344312,0,false,14.802571428571431,false,false,9.9,false,1.723136e6,1.676678348214286e6,false,4
56.016,use_lmSR3_cuts,0.02669172114590246,5,false,13.9345,false,false,10.025,false,1.723136e6,1.6771425343915343e6,false,0
208.98,use_adaptive_ngroute,0.021082742057610182,0,false,23.076666666666664,false,false,10.025,false,1.723136e6,1.686807568181818e6,false,2
94.206,use_lmSR3_cuts,0.020926133381515832,5,false,23.48375,false,false,10.075,false,1.723136e6,1.6870774262295084e6,false,0
297.116,use_adaptive_ngroute,0.009252275294295176,0,false,32.837555555555554,false,false,10.075,false,1.710508e6,1.6946819090909057e6,false,1
117.457,use_adaptive_ngroute,0.008970162329687836,0,false,39.077666666666666,false,false,10.1,false,1.710508e6,1.6951644655737702e6,false,1
80.416,use_lmSR3_cuts,0.008970162329687725,5,false,40.098,false,false,10.375,false,1.710508e6,1.6951644655737705e6,false,0
178.696,use_adaptive_ngroute,0.007648806727615143,0,false,44.567,false,false,10.375,false,1.710508e6,1.6974246549019604e6,false,2
132.467,use_lmSR3_cuts,0.007642586811843488,5,false,44.05433333333333,false,false,10.424999999999999,false,1.710508e6,1.6974352941176472e6,false,0
237.363,use_lmSR3_cuts,0.005078817272856417,5,false,47.38420000000001,false,false,10.424999999999999,false,1.710508e6,1.701820642424241e6,false,0
309.073,use_adaptive_ngroute,0.003146376187277089,0,false,61.6658,false,false,10.424999999999999,false,1.710508e6,1.705126098360653e6,false,4
199.687,use_adaptive_ngroute,0.0028790691940907553,0,false,66.44600000000001,false,false,11.075000000000001,false,1.710508e6,1.7055833291109542e6,false,5
162.423,use_lmSR3_cuts,0.0028774244924375525,5,false,81.09100000000001,false,false,11.35,false,1.710508e6,1.7055861423862895e6,false,0
288.334,use_lmSR3_cuts,0.0019719158932192116,5,false,95.99733333333334,false,false,11.35,false,1.710508e6,1.7071350220893214e6,false,0
490.955,use_lmSR3_cuts,0.0008646554123098449,1,false,98.082,false,false,11.35,false,1.710508e6,1.7090290000000007e6,false,0
196.967,use_adaptive_ngroute,0.000855735756361109,0,false,98.368,false,false,11.35,false,1.710508e6,1.7090442571428583e6,false,4
100.7,none,0.0007151013606885304,0,false,89.36,false,false,11.5,true,1.710508e6,1.7092848134017314e6,false,0
