CG_time_taken,method,CG_LP_IP_gap,implemented_SR3_cuts_count,errored,CG_sp_time_taken_mean,converged,CGIP_artificial,ngroute_neighborhood_size,time_limit_reached,CGIP_objective,CGLP_objective,CGLP_artificial,cycles_lookup_length
23.444,use_adaptive_ngroute,0.1875037041347819,0,false,0.49621739130434783,false,false,7.000000000000001,false,2.148137e6,1.745353355511022e6,false,20
23.763,use_adaptive_ngroute,0.0805453928053056,0,false,1.6822499999999998,false,false,7.6,false,1.948943e6,1.7919646205098494e6,false,13
15.547,use_lmSR3_cuts,0.0802957829498292,5,false,2.9924,false,false,8.65,false,1.948943e6,1.792451095890411e6,false,0
60.094,use_adaptive_ngroute,0.030031496991266615,0,false,4.33523076923077,false,false,8.65,false,1.862382e6,1.806451880570411e6,false,6
13.899,use_lmSR3_cuts,0.029852457962596723,5,false,4.568666666666667,false,false,9.725,false,1.862382e6,1.8067853196347032e6,false,0
31.565,use_lmSR3_cuts,0.025419141281926905,5,false,6.1072,false,false,9.725,false,1.862382e6,1.8150418488210824e6,false,0
61.311,use_lmSR3_cuts,0.017889288967380734,5,false,9.987499999999999,false,false,9.725,false,1.862382e6,1.8290653102343515e6,false,0
34.359,use_adaptive_ngroute,0.015311387901405404,0,false,11.270999999999999,false,false,9.725,false,1.862382e6,1.833866346777405e6,false,6
43.08,use_lmSR3_cuts,0.015298283253944778,5,false,14.284,false,false,10.125,false,1.862382e6,1.8338907526369519e6,false,0
146.706,use_lmSR3_cuts,0.01159843170898256,5,false,20.711428571428577,false,false,10.125,false,1.862382e6,1.8407812895569617e6,false,0
52.314,use_lmSR3_cuts,0.011179722126294478,5,false,17.201,false,false,10.125,false,1.862382e6,1.8415610867469874e6,false,0
60.656,use_adaptive_ngroute,0.010511669665212442,0,false,20.046,false,false,10.125,false,1.862382e6,1.8428052556255623e6,false,5
184.483,use_adaptive_ngroute,0.010270071221635813,0,false,36.723800000000004,false,false,11.05,false,1.862382e6,1.8432552042181075e6,false,7
85.013,use_lmSR3_cuts,0.010257017320202011,5,false,42.42,false,false,11.6,false,1.862382e6,1.8432795155691674e6,false,0
345.722,use_adaptive_ngroute,0.009586399815687874,0,false,68.9246,false,false,11.6,false,1.862382e6,1.8445284615384596e6,false,2
114.699,use_lmSR3_cuts,0.009579486422461758,5,false,57.23799999999999,false,false,11.7,false,1.862382e6,1.8445413369175629e6,false,0
280.566,use_adaptive_ngroute,0.008611879493257368,0,false,70.014,false,false,11.7,false,1.862382e6,1.8463433906455883e6,false,5
385.317,use_adaptive_ngroute,0.008319097914061158,0,false,76.95479999999999,false,false,12.1,false,1.862382e6,1.846888661788615e6,false,3
410.993,use_adaptive_ngroute,0.008268472996615372,0,false,136.84666666666666,false,false,12.3,false,1.862382e6,1.8469829447236175e6,false,2
289.436,use_lmSR3_cuts,0.008268472996615261,5,false,144.6,false,false,12.5,false,1.862382e6,1.8469829447236178e6,false,0
431.138,use_lmSR3_cuts,0.007766078319474179,5,false,143.50966666666667,false,false,12.5,false,1.862382e6,1.847918595527221e6,false,0
405.856,none,0.007348644747837918,0,false,164.1845,false,false,12.5,true,1.862382e6,1.8486960162972321e6,false,0
