CG_time_taken,method,CG_LP_IP_gap,implemented_SR3_cuts_count,errored,CG_sp_time_taken_mean,converged,CGIP_artificial,ngroute_neighborhood_size,time_limit_reached,CGIP_objective,CGLP_objective,CGLP_artificial,cycles_lookup_length
52.651,use_adaptive_ngroute,0.3936444973513885,0,false,1.1441785714285715,false,false,7.000000000000001,false,2.56049e6,1.5525672009767434e6,false,38
301.213,use_adaptive_ngroute,0.0077296540849960405,0,false,11.800320000000001,false,false,9.7,false,1.73991e6,1.7264610975609745e6,false,18
452.432,use_adaptive_ngroute,0.0034948800219717358,0,false,50.20677777777777,false,false,11.525,false,1.73991e6,1.733829223300971e6,false,6
244.645,use_lmSR3_cuts,0.003383115097604694,5,false,81.50533333333334,false,false,11.925,false,1.73991e6,1.7340236842105265e6,false,0
1965.534,none,0.0,0,false,196.4444,true,false,11.925,false,1.73991e6,1.73991e6,false,0
