CG_time_taken,method,CG_LP_IP_gap,implemented_SR3_cuts_count,errored,CG_sp_time_taken_mean,converged,CGIP_artificial,ngroute_neighborhood_size,time_limit_reached,CGIP_objective,CGLP_objective,CGLP_artificial,cycles_lookup_length
49.492,use_adaptive_ngroute,0.23032199386794117,0,false,1.3296521739130436,false,false,7.000000000000001,false,2.21838e6,1.7074382952432367e6,false,36
207.723,use_adaptive_ngroute,0.19169559707144124,0,false,10.724526315789472,false,false,9.05,false,2.1997e6,1.7780271951219507e6,false,17
245.273,use_adaptive_ngroute,0.15730135583461946,0,false,27.177222222222223,false,false,11.225,false,2.11899e6,1.7856699999999998e6,false,5
105.536,use_lmSR3_cuts,0.1564394347701492,5,false,35.14066666666667,false,false,11.525,false,2.11899e6,1.7874964021164016e6,false,0
365.791,use_adaptive_ngroute,0.07399922198100573,0,false,33.05,false,false,11.525,false,1.95565e6,1.810933421532846e6,false,9
155.996,use_lmSR3_cuts,0.07372949705166598,5,false,38.93175,false,false,11.85,false,1.95565e6,1.8114609090909094e6,false,0
344.962,use_adaptive_ngroute,0.0715029926552333,0,false,42.979375000000005,false,false,11.85,false,1.95565e6,1.815815172413793e6,false,2
179.635,use_lmSR3_cuts,0.07147034265321317,5,false,59.812666666666665,false,false,11.9,false,1.95565e6,1.8158790243902437e6,false,0
329.793,use_adaptive_ngroute,0.06954533734719903,0,false,82.333,false,false,11.9,false,1.95565e6,1.8196436610169502e6,false,3
215.262,use_lmSR3_cuts,0.06915268259075436,5,false,71.69733333333333,false,false,12.424999999999999,false,1.95565e6,1.8204115562913911e6,false,0
430.577,use_lmSR3_cuts,0.024473579470417728,5,false,107.56975,false,false,12.424999999999999,false,1.86802e6,1.8223028640776703e6,false,0
479.347,use_adaptive_ngroute,0.02271768881153613,0,false,119.67450000000001,false,false,12.424999999999999,false,1.86802e6,1.8255829029462743e6,false,1
225.503,use_lmSR3_cuts,0.022717688811535908,5,false,112.6725,false,false,12.45,false,1.86802e6,1.8255829029462747e6,false,0
215.725,none,0.02145420677650267,0,false,138.368,false,false,12.45,true,1.86802e6,1.8279431126573575e6,false,0
