CG_time_taken,method,CG_LP_IP_gap,implemented_SR3_cuts_count,errored,CG_sp_time_taken_mean,converged,CGIP_artificial,ngroute_neighborhood_size,time_limit_reached,CGIP_objective,CGLP_objective,CGLP_artificial,cycles_lookup_length
32.054,use_adaptive_ngroute,0.3121216124826779,0,false,0.8823000000000002,false,false,7.000000000000001,false,2.415953e6,1.661881853957637e6,false,29
103.323,use_adaptive_ngroute,0.13524169225059546,0,false,5.82870588235294,false,false,9.425,false,2.083122e6,1.801397055555555e6,false,5
40.452,use_lmSR3_cuts,0.13507874238762785,4,false,6.672999999999999,false,false,9.625,false,2.083122e6,1.8017365e6,false,0
63.043,use_lmSR3_cuts,0.08297427342973618,2,false,10.416500000000001,false,false,9.625,false,1.97228e6,1.8086315e6,false,0
85.847,use_adaptive_ngroute,0.08034806263838179,0,false,12.12557142857143,false,false,9.625,false,1.97228e6,1.8138111230195723e6,false,9
108.249,use_adaptive_ngroute,0.07973518092730048,0,false,35.994666666666674,false,false,9.975,false,1.97228e6,1.815019897360704e6,false,2
62.201,use_lmSR3_cuts,0.0797130088308936,5,false,31.0365,false,false,10.175,false,1.97228e6,1.8150636269430052e6,false,0
233.662,use_adaptive_ngroute,0.07800064594109624,0,false,38.83583333333333,false,false,10.175,false,1.97228e6,1.8184408860232946e6,false,2
58.005,use_lmSR3_cuts,0.07800064594109646,5,false,28.9285,false,false,10.275,false,1.97228e6,1.8184408860232942e6,false,0
447.853,use_adaptive_ngroute,0.0059758722063335545,0,false,63.81371428571428,false,false,10.275,false,1.836043e6,1.8250710416666667e6,false,4
259.193,use_lmSR3_cuts,0.005975872206333777,5,false,86.33833333333331,false,false,11.1,false,1.836043e6,1.8250710416666663e6,false,0
320.544,use_lmSR3_cuts,0.004782295403756742,1,false,80.01575000000001,false,false,11.1,false,1.836043e6,1.8272625000000002e6,false,0
335.074,use_adaptive_ngroute,0.0030108227312756197,0,false,83.6955,false,false,11.1,false,1.836043e6,1.8305150000000005e6,false,7
763.682,use_adaptive_ngroute,0.002117069068086952,0,false,152.58119999999997,false,false,11.8,false,1.836043e6,1.8321559701570224e6,false,6
408.947,use_lmSR3_cuts,0.002069850824981345,5,false,136.22599999999997,false,false,12.275,false,1.836043e6,1.8322426648817488e6,false,0
213.664,none,0.0011633943030889826,0,false,175.558,false,false,12.275,true,1.836043e6,1.8339069580335736e6,false,0
