CG_time_taken,method,CG_LP_IP_gap,implemented_SR3_cuts_count,errored,CG_sp_time_taken_mean,converged,CGIP_artificial,ngroute_neighborhood_size,time_limit_reached,CGIP_objective,CGLP_objective,CGLP_artificial,cycles_lookup_length
35.594,use_adaptive_ngroute,0.151748030851799,0,false,0.783578947368421,false,false,7.000000000000001,false,2.03982e6,1.7302813317078834e6,false,33
111.573,use_adaptive_ngroute,0.06801029470006936,0,false,8.387846153846155,false,false,10.0,false,1.913715e6,1.7835626788780568e6,false,24
185.167,use_adaptive_ngroute,0.05909950770999062,0,false,23.051625,false,false,12.475,false,1.913715e6,1.8006153856027753e6,false,14
200.496,use_adaptive_ngroute,0.058146320916117045,0,false,40.04220000000001,false,false,13.725,false,1.913715e6,1.8024395134680131e6,false,7
218.701,use_lmSR3_cuts,0.05810787893716107,5,false,54.61575,false,false,14.925,false,1.913715e6,1.8025130804597707e6,false,0
276.084,use_adaptive_ngroute,0.014074089721581418,0,false,68.85775000000001,false,false,14.925,false,1.83384e6,1.8080303713049751e6,false,4
155.195,use_lmSR3_cuts,0.013845424964908482,5,false,77.55649999999999,false,false,15.025,false,1.83384e6,1.8084497058823523e6,false,0
426.762,use_adaptive_ngroute,0.013245407767243256,0,false,106.4335,false,false,15.025,false,1.83384e6,1.8095500414201187e6,false,2
448.001,use_lmSR3_cuts,0.013133065005304756,5,false,111.95400000000001,false,false,15.125,false,1.83384e6,1.8097560600706718e6,false,0
231.286,use_lmSR3_cuts,0.012858514155671075,5,false,115.508,false,false,15.125,false,1.83384e6,1.810259542400764e6,false,0
1060.788,use_lmSR3_cuts,0.005128531960327587,5,false,151.3817142857143,false,false,15.125,false,1.82259e6,1.8132427889344266e6,false,0
205.361,none,0.0035138738310935835,0,false,178.74699999999999,false,false,15.125,true,1.82259e6,1.8161856486941872e6,false,0
