CG_time_taken,method,CG_LP_IP_gap,implemented_SR3_cuts_count,errored,CG_sp_time_taken_mean,converged,CGIP_artificial,ngroute_neighborhood_size,time_limit_reached,CGIP_objective,CGLP_objective,CGLP_artificial,cycles_lookup_length
40.382,use_adaptive_ngroute,0.29496955790374957,0,false,1.3260555555555555,false,false,7.000000000000001,false,2.405504e6,1.695953548584299e6,false,35
91.96,use_adaptive_ngroute,0.08205170052024369,0,false,6.823999999999999,false,false,9.0,false,1.989252e6,1.8260304906367043e6,false,25
151.546,use_lmSR3_cuts,0.0773717960318755,4,false,21.56042857142857,false,false,10.95,false,1.989252e6,1.8353399999999995e6,false,0
114.189,use_adaptive_ngroute,0.07608972811670733,0,false,28.47025,false,false,10.95,false,1.989252e6,1.8378903561643837e6,false,9
182.568,use_adaptive_ngroute,0.07007351817523444,0,false,36.4534,false,false,11.525,false,1.978092e6,1.8394801342857142e6,false,2
145.482,use_lmSR3_cuts,0.0700735181752341,5,false,36.338,false,false,11.85,false,1.978092e6,1.8394801342857147e6,false,0
168.71,use_lmSR3_cuts,0.06729018794683994,5,false,33.6374,false,false,11.85,false,1.978092e6,1.8449858175438596e6,false,0
165.218,use_adaptive_ngroute,0.06288353392289903,0,false,41.22425,false,false,11.85,false,1.978092e6,1.853702584615385e6,false,1
185.073,use_lmSR3_cuts,0.06272494387390448,5,false,46.221250000000005,false,false,11.9,false,1.978092e6,1.8540162903225806e6,false,0
350.705,use_adaptive_ngroute,0.052250958061534014,0,false,58.31866666666667,false,false,11.9,false,1.96295e6,1.8603839818731118e6,false,3
192.693,use_adaptive_ngroute,0.05200908139065674,0,false,64.14766666666667,false,false,12.049999999999999,false,1.96295e6,1.8608587736842104e6,false,1
132.772,use_adaptive_ngroute,0.05200908139065674,0,false,66.3295,false,false,12.1,false,1.96295e6,1.8608587736842104e6,false,1
145.117,use_lmSR3_cuts,0.052007273540145116,5,false,72.5055,false,false,12.149999999999999,false,1.96295e6,1.860862322404372e6,false,0
523.894,none,0.0,0,false,65.41749999999999,true,false,12.149999999999999,false,1.86349e6,1.86349e6,false,0
