CG_time_taken,method,CG_LP_IP_gap,implemented_SR3_cuts_count,errored,CG_sp_time_taken_mean,converged,CGIP_artificial,ngroute_neighborhood_size,time_limit_reached,CGIP_objective,CGLP_objective,CGLP_artificial,cycles_lookup_length
43.21,use_adaptive_ngroute,0.27906311701900854,0,false,0.77124,false,false,7.000000000000001,false,2.41841e6,1.7435209671700594e6,false,30
116.173,use_adaptive_ngroute,0.19368605926778149,0,false,7.885214285714286,false,false,8.75,false,2.19596e6,1.7706331612903227e6,false,9
122.497,use_lmSR3_cuts,0.19343675869113475,5,false,17.400428571428566,false,false,9.95,false,2.19596e6,1.7711806153846157e6,false,0
683.359,use_adaptive_ngroute,0.17753159172637056,0,false,97.12114285714287,false,false,9.95,false,2.17462e6,1.78855625e6,false,6
441.743,use_adaptive_ngroute,0.17704164435790837,0,false,88.2066,false,false,10.375,false,2.17462e6,1.7896216993464052e6,false,2
546.884,use_lmSR3_cuts,0.17702388272474812,5,false,91.03683333333335,false,false,10.575000000000001,false,2.17462e6,1.7896603241491083e6,false,0
1541.086,none,0.001301912304423225,0,false,163.88344444444445,false,false,10.575000000000001,true,1.80575e6,1.8033990718562878e6,false,0
