CG_time_taken,method,CG_LP_IP_gap,implemented_SR3_cuts_count,errored,CG_sp_time_taken_mean,converged,CGIP_artificial,ngroute_neighborhood_size,time_limit_reached,CGIP_objective,CGLP_objective,CGLP_artificial,cycles_lookup_length
31.858,use_adaptive_ngroute,0.3276991483976681,0,false,0.9904090909090906,false,false,7.000000000000001,false,2.62879e6,1.767337755683694e6,false,32
131.136,use_adaptive_ngroute,0.15519906280479812,0,false,9.170142857142856,false,false,9.674999999999999,false,2.19357e6,1.853129991803279e6,false,14
215.646,use_adaptive_ngroute,0.1237363733267689,0,false,23.857333333333337,false,false,10.8,false,2.136208e6,1.8718813694083698e6,false,6
145.481,use_adaptive_ngroute,0.08277493538137726,0,false,29.028000000000002,false,false,11.299999999999999,false,2.048852e6,1.8792584080939945e6,false,3
90.265,use_adaptive_ngroute,0.07843828557241073,0,false,30.015333333333334,false,false,11.375,false,2.048852e6,1.888143561728395e6,false,3
29.567,use_lmSR3_cuts,0.07843018209369845,5,false,29.497,false,false,11.450000000000001,false,2.048852e6,1.8881601645569617e6,false,0
170.665,use_adaptive_ngroute,0.07110309744396115,0,false,34.049600000000005,false,false,11.450000000000001,false,2.048852e6,1.9031722765957452e6,false,6
101.049,use_adaptive_ngroute,0.07070196608683244,0,false,33.626333333333335,false,false,12.4,false,2.048852e6,1.903994135379061e6,false,1
112.614,use_lmSR3_cuts,0.07069339693267651,5,false,28.104000000000003,false,false,12.524999999999999,false,2.048852e6,1.9040116923076918e6,false,0
262.823,use_lmSR3_cuts,0.05791626423807161,5,false,43.71566666666667,false,false,12.524999999999999,false,2.025204e6,1.9079117500000005e6,false,0
183.823,use_adaptive_ngroute,0.0562535565962341,0,false,45.893,false,false,12.524999999999999,false,2.025204e6,1.9112790721670804e6,false,3
145.464,use_lmSR3_cuts,0.05618883882812298,5,false,48.43566666666667,false,false,13.0,false,2.025204e6,1.9114101388499301e6,false,0
261.609,use_adaptive_ngroute,0.055119883797301594,0,false,52.260000000000005,false,false,13.0,false,2.025204e6,1.9135749908541697e6,false,2
170.815,use_lmSR3_cuts,0.05511925952507346,5,false,56.888333333333335,false,false,13.124999999999998,false,2.025204e6,1.9135762551327832e6,false,0
239.844,use_adaptive_ngroute,0.014523313062387522,0,false,59.8345,false,false,13.124999999999998,false,1.945879e6,1.9176183901014745e6,false,2
208.868,use_adaptive_ngroute,0.014324486748003462,0,false,69.56833333333333,false,false,13.375,false,1.945879e6,1.9180052820512818e6,false,1
136.233,use_lmSR3_cuts,0.014255770083719699,5,false,68.0645,false,false,13.4,false,1.945879e6,1.9181389963652615e6,false,0
312.794,use_lmSR3_cuts,0.012958506445884033,5,false,78.08275,false,false,13.4,false,1.945879e6,1.9206633144355896e6,false,0
290.604,use_adaptive_ngroute,0.011987880380958882,0,false,96.74666666666668,false,false,13.4,false,1.945879e6,1.9225520353121802e6,false,4
92.853,use_lmSR3_cuts,0.011986841105345758,5,false,92.74300000000001,false,false,13.5,false,1.945879e6,1.922554057616771e6,false,0
214.368,none,0.011062181555845929,0,false,96.751,false,false,13.5,true,1.945879e6,1.924353333216292e6,false,0
