CG_time_taken,method,CG_LP_IP_gap,implemented_SR3_cuts_count,errored,CG_sp_time_taken_mean,converged,CGIP_artificial,ngroute_neighborhood_size,time_limit_reached,CGIP_objective,CGLP_objective,CGLP_artificial,cycles_lookup_length
23.625,use_adaptive_ngroute,0.23284574182485318,0,false,0.541090909090909,false,false,7.000000000000001,false,2.325926e6,1.7843440351002866e6,false,32
27.168,use_adaptive_ngroute,0.15720555648143641,0,false,2.340272727272728,false,false,9.125,false,2.213325e6,1.8653780117007247e6,false,7
14.924,use_adaptive_ngroute,0.15693571115810978,0,false,2.9338,false,false,9.325,false,2.213325e6,1.8659752671009768e6,false,3
5.541,use_adaptive_ngroute,0.1567870657819319,0,false,2.7299999999999995,false,false,9.9,false,2.213325e6,1.8663042676282055e6,false,3
10.661,use_lmSR3_cuts,0.15678337883733484,5,false,3.5079999999999996,false,false,10.524999999999999,false,2.213325e6,1.8663124280348558e6,false,0
51.033,use_adaptive_ngroute,0.13255715247094968,0,false,7.157857142857143,false,false,10.524999999999999,false,2.181715e6,1.892513072096842e6,false,12
47.488,use_adaptive_ngroute,0.13183836489942702,0,false,11.829500000000001,false,false,11.2,false,2.181715e6,1.8940812617234467e6,false,2
26.149,use_lmSR3_cuts,0.1318350792446762,5,false,13.0265,false,false,11.6,false,2.181715e6,1.8940884300857012e6,false,0
84.519,use_adaptive_ngroute,0.1297919779251021,0,false,16.8096,false,false,11.6,false,2.181715e6,1.8985458948811358e6,false,1
36.991,use_lmSR3_cuts,0.12973842261091284,5,false,18.4415,false,false,11.65,false,2.181715e6,1.8986627373134324e6,false,0
157.843,use_lmSR3_cuts,0.09843223340044038,5,false,22.424142857142858,false,false,11.65,false,2.12026e6,1.9115580728103823e6,false,0
112.246,use_adaptive_ngroute,0.09639980832949513,0,false,22.368800000000004,false,false,11.65,false,2.12026e6,1.9158673423913047e6,false,1
49.86,use_lmSR3_cuts,0.09628964638551718,5,false,24.8725,false,false,11.674999999999999,false,2.12026e6,1.9161009143546433e6,false,0
101.691,use_lmSR3_cuts,0.09307446082738247,5,false,25.361749999999997,false,false,11.674999999999999,false,2.12026e6,1.922917943686134e6,false,0
93.973,use_adaptive_ngroute,0.09195771858220192,0,false,31.224333333333334,false,false,11.674999999999999,false,2.12026e6,1.9252857275989007e6,false,3
33.363,use_lmSR3_cuts,0.09194868281440227,5,false,33.281,false,false,11.8,false,2.12026e6,1.9253048857759354e6,false,0
175.513,use_lmSR3_cuts,0.0900412157900835,5,false,35.0024,false,false,11.8,false,2.12026e6,1.9293492118089176e6,false,0
175.936,use_adaptive_ngroute,0.04161694357309309,0,false,35.050799999999995,false,false,11.8,false,2.01763e6,1.93366240613862e6,false,8
123.206,use_lmSR3_cuts,0.04136335116099721,5,false,41.006,false,false,12.200000000000001,false,2.01763e6,1.9341740617970373e6,false,0
132.031,use_adaptive_ngroute,0.04062378074219919,0,false,43.87300000000001,false,false,12.200000000000001,false,2.01763e6,1.9356662412611167e6,false,2
45.563,use_lmSR3_cuts,0.04062343742081076,5,false,45.47,false,false,12.25,false,2.01763e6,1.9356669339566496e6,false,0
242.922,use_lmSR3_cuts,0.03909596024990469,5,false,60.62200000000001,false,false,12.25,false,2.01763e6,1.9387488177209848e6,false,0
191.59,use_adaptive_ngroute,0.03843425900613551,0,false,63.71466666666666,false,false,12.25,false,2.01763e6,1.9400838860014507e6,false,1
142.695,use_adaptive_ngroute,0.03842278649823794,0,false,71.23400000000001,false,false,12.424999999999999,false,2.01763e6,1.9401070332775603e6,false,1
73.872,use_lmSR3_cuts,0.03842278064023252,5,false,73.716,false,false,12.45,false,2.01763e6,1.9401070450968477e6,false,0
480.63,use_adaptive_ngroute,0.03759927454977463,0,false,79.9915,false,false,12.45,false,2.01763e6,1.9417685756901382e6,false,2
181.071,use_lmSR3_cuts,0.0375608031248682,5,false,90.4575,false,false,12.775,false,2.01763e6,1.9418461967911723e6,false,0
297.095,use_adaptive_ngroute,0.03668214477532161,0,false,98.86733333333333,false,false,12.775,false,2.01763e6,1.9436190042369678e6,false,1
296.644,use_lmSR3_cuts,0.036676807126590716,5,false,98.79233333333333,false,false,12.8,false,2.01763e6,1.9436297736371767e6,false,0
61.744,none,0.03642267780151265,0,false,NaN,false,false,12.8,true,2.01763e6,1.944142512587334e6,false,0
