CG_time_taken,method,CG_LP_IP_gap,implemented_SR3_cuts_count,errored,CG_sp_time_taken_mean,converged,CGIP_artificial,ngroute_neighborhood_size,time_limit_reached,CGIP_objective,CGLP_objective,CGLP_artificial,cycles_lookup_length
29.694,use_adaptive_ngroute,0.22732582217325337,0,false,0.609909090909091,false,false,7.000000000000001,false,1.999665e6,1.5450895098039212e6,false,29
45.823,use_adaptive_ngroute,0.06191857309287374,0,false,3.185230769230769,false,false,8.9,false,1.737894e6,1.6302860833333333e6,false,7
43.973,use_adaptive_ngroute,0.04453664428938631,0,false,5.410875000000001,false,false,9.425,false,1.717117e6,1.6406423709677418e6,false,4
43.363,use_adaptive_ngroute,0.04130989132753704,0,false,7.153,false,false,9.674999999999999,false,1.717117e6,1.6461830833333335e6,false,5
41.646,use_lmSR3_cuts,0.04061459225126851,5,false,8.2634,false,false,9.825000000000001,false,1.717117e6,1.6473769931972786e6,false,0
57.637,use_lmSR3_cuts,0.03784225036999289,5,false,14.227749999999999,false,false,9.825000000000001,false,1.717117e6,1.6521374285714289e6,false,0
144.186,use_adaptive_ngroute,0.0027236021485991246,0,false,20.443285714285715,false,false,9.825000000000001,false,1.66434e6,1.6598070000000005e6,false,7
119.29,use_lmSR3_cuts,0.002669913866424234,5,false,29.760999999999996,false,false,10.475,false,1.66434e6,1.6598963555555556e6,false,0
118.8,none,0.0,0,false,29.548000000000002,true,false,10.475,false,1.66434e6,1.66434e6,false,0
