CG_time_taken,method,CG_LP_IP_gap,implemented_SR3_cuts_count,errored,CG_sp_time_taken_mean,converged,CGIP_artificial,ngroute_neighborhood_size,time_limit_reached,CGIP_objective,CGLP_objective,CGLP_artificial,cycles_lookup_length
35.946,use_adaptive_ngroute,0.05474346216841208,0,false,0.5996086956521739,false,false,7.000000000000001,false,1.714759e6,1.6208871555555558e6,false,31
45.6,use_adaptive_ngroute,0.04903027605795163,0,false,4.908111111111111,false,false,9.15,false,1.714759e6,1.630683892857143e6,false,3
28.904,use_lmSR3_cuts,0.04903027605795174,5,false,4.675833333333333,false,false,9.5,false,1.714759e6,1.6306838928571427e6,false,0
82.965,use_adaptive_ngroute,0.03907130681337723,0,false,10.20275,false,false,9.5,false,1.714759e6,1.647761125e6,false,6
57.503,use_adaptive_ngroute,0.03884879726087931,0,false,14.305250000000001,false,false,10.25,false,1.714759e6,1.648142675257732e6,false,2
32.925,use_lmSR3_cuts,0.03882242504032696,5,false,16.384,false,false,10.424999999999999,false,1.714759e6,1.648187897260274e6,false,0
147.955,use_adaptive_ngroute,0.028534666480210746,0,false,18.323749999999997,false,false,10.424999999999999,false,1.714759e6,1.6658289238410604e6,false,12
316.914,use_adaptive_ngroute,0.0276450655748125,0,false,52.75783333333334,false,false,11.35,false,1.714759e6,1.667354375e6,false,7
170.204,use_lmSR3_cuts,0.027466469049003406,5,false,56.66266666666667,false,false,11.775,false,1.714759e6,1.667660625e6,false,0
501.441,use_adaptive_ngroute,0.026103125862001586,0,false,83.451,false,false,11.775,false,1.714759e6,1.66999843e6,false,2
279.651,use_lmSR3_cuts,0.026096117136074737,5,false,93.179,false,false,12.25,false,1.714759e6,1.6700104482758616e6,false,0
726.477,use_adaptive_ngroute,0.02270194155283256,0,false,120.93883333333333,false,false,12.25,false,1.714759e6,1.6758306414048064e6,false,2
461.222,use_adaptive_ngroute,0.022503097455029764,0,false,153.65633333333335,false,false,12.424999999999999,false,1.714759e6,1.6761716111111105e6,false,1
628.354,use_lmSR3_cuts,0.02250309745502954,5,false,209.3766666666667,false,false,12.475,false,1.714759e6,1.676171611111111e6,false,0
35.391,none,0.02003779901098235,0,false,NaN,false,false,12.475,true,1.714759e6,1.680399003805727e6,false,0
