CG_time_taken,method,CG_LP_IP_gap,implemented_SR3_cuts_count,errored,CG_sp_time_taken_mean,converged,CGIP_artificial,ngroute_neighborhood_size,time_limit_reached,CGIP_objective,CGLP_objective,CGLP_artificial,cycles_lookup_length
37.626,use_adaptive_ngroute,0.2613789300399607,0,false,0.8006923076923076,false,false,7.000000000000001,false,2.185386e6,1.6141721455956905e6,false,26
38.279,use_adaptive_ngroute,0.10772553765039217,0,false,2.9146666666666667,false,false,8.875,false,1.904636e6,1.6994580628717076e6,false,16
73.715,use_adaptive_ngroute,0.10399167591874281,0,false,12.170166666666667,false,false,9.975,false,1.904636e6,1.7065697103448294e6,false,9
55.871,use_adaptive_ngroute,0.10391813565543362,0,false,13.88525,false,false,10.475,false,1.904636e6,1.7067097777777775e6,false,6
13.726,use_adaptive_ngroute,0.10377114927296671,0,false,13.646,false,false,11.25,false,1.904636e6,1.7069897333333339e6,false,2
39.851,use_lmSR3_cuts,0.10369475534692418,5,false,13.235333333333333,false,false,11.9,false,1.904636e6,1.7071352359550558e6,false,0
124.345,use_adaptive_ngroute,0.10072800835706197,0,false,24.782799999999998,false,false,11.9,false,1.904636e6,1.7127858090748389e6,false,10
102.517,use_lmSR3_cuts,0.10033872022724488,5,false,34.08833333333334,false,false,13.350000000000001,false,1.904636e6,1.7135272612612613e6,false,0
256.425,use_adaptive_ngroute,0.09692780050767391,0,false,42.6045,false,false,13.350000000000001,false,1.904636e6,1.720023821752266e6,false,5
92.401,use_adaptive_ngroute,0.09652159171655661,0,false,46.14900000000001,false,false,13.575,false,1.904636e6,1.7207975016393445e6,false,5
137.117,use_lmSR3_cuts,0.09642314612809888,5,false,45.63666666666666,false,false,13.7,false,1.904636e6,1.7209850046511623e6,false,0
285.895,use_adaptive_ngroute,0.0933539200823269,0,false,57.0716,false,false,13.7,false,1.904636e6,1.7268307630700772e6,false,4
138.822,use_adaptive_ngroute,0.0933481255583033,0,false,69.33950000000002,false,false,14.25,false,1.904636e6,1.7268417995291355e6,false,1
138.426,use_lmSR3_cuts,0.09334717024381911,5,false,69.1505,false,false,14.275,false,1.904636e6,1.7268436190554933e6,false,0
458.806,use_adaptive_ngroute,0.04511285495530892,0,false,91.5876,false,false,14.275,false,1.814633e6,1.7327697246738828e6,false,3
195.613,use_adaptive_ngroute,0.04506543188981449,0,false,97.7265,false,false,14.4,false,1.814633e6,1.7328557801334902e6,false,7
519.764,use_lmSR3_cuts,0.04505790679833943,5,false,129.85524999999998,false,false,14.750000000000002,false,1.814633e6,1.732869435412809e6,false,0
726.94,use_adaptive_ngroute,0.04378247007953051,0,false,145.2594,false,false,14.750000000000002,false,1.814633e6,1.7351838849721714e6,false,6
84.383,none,0.04366574855010874,0,false,NaN,false,false,15.025,true,1.814633e6,1.7353956917112705e6,false,0
