CG_time_taken,method,CG_LP_IP_gap,implemented_SR3_cuts_count,errored,CG_sp_time_taken_mean,converged,CGIP_artificial,ngroute_neighborhood_size,time_limit_reached,CGIP_objective,CGLP_objective,CGLP_artificial,cycles_lookup_length
50.101,use_adaptive_ngroute,0.2437480195327557,0,false,3.8099,false,false,5.0,false,1.560275e6,1.1799610588235296e6,false,15
19.722,use_adaptive_ngroute,0.033423801647088025,0,false,2.609,false,false,6.25,false,1.387922e6,1.3415323703703703e6,false,8
18.754,use_adaptive_ngroute,0.017416499687965548,0,false,4.64325,false,false,8.200000000000001,false,1.368438e6,1.3446045999999999e6,false,3
10.473,use_lmSR3_cuts,0.017149030219406614,5,false,5.2155,false,false,8.35,false,1.368438e6,1.3449706153846157e6,false,0
26.565,use_adaptive_ngroute,0.01135910819059216,0,false,6.578500000000001,false,false,8.35,false,1.368438e6,1.3528937647058824e6,false,4
33.029,use_lmSR3_cuts,0.010153669122507925,4,false,8.17075,false,false,8.55,false,1.368438e6,1.3545433333333335e6,false,0
18.163,use_adaptive_ngroute,0.007380190650459362,0,false,9.049,false,false,8.55,false,1.368438e6,1.3583386666666667e6,false,6
32.696,use_lmSR3_cuts,0.006823244823660257,5,false,10.883666666666667,false,false,8.95,false,1.368438e6,1.3591008125e6,false,0
37.253,use_adaptive_ngroute,0.002598393204515048,0,false,12.369,false,false,8.95,false,1.368438e6,1.3648822599999998e6,false,4
27.494,use_adaptive_ngroute,0.002164985661497809,0,false,13.698500000000001,false,false,9.4,false,1.368438e6,1.3654753513513512e6,false,4
14.59,use_lmSR3_cuts,0.0020966071704212608,5,false,14.57,false,false,9.6,false,1.368438e6,1.365568923076923e6,false,0
55.988,none,0.0,0,false,13.9725,true,false,9.6,false,1.368438e6,1.368438e6,false,0
