CG_time_taken,method,CG_LP_IP_gap,implemented_SR3_cuts_count,errored,CG_sp_time_taken_mean,converged,CGIP_artificial,ngroute_neighborhood_size,time_limit_reached,CGIP_objective,CGLP_objective,CGLP_artificial,cycles_lookup_length
27.238,use_adaptive_ngroute,0.24847492725649434,0,false,0.6274230769230771,false,false,7.000000000000001,false,2.282678e6,1.71548975e6,false,27
87.952,use_adaptive_ngroute,0.16938898606947794,0,false,5.98007142857143,false,false,9.625,false,2.164661e6,1.7979912680258579e6,false,17
205.435,use_adaptive_ngroute,0.16428810280099626,0,false,17.011249999999997,false,false,10.75,false,2.164661e6,1.8090329511026926e6,false,11
175.202,use_adaptive_ngroute,0.1618621345328436,0,false,24.889571428571426,false,false,11.425,false,2.164661e6,1.8142843500000003e6,false,8
362.739,use_adaptive_ngroute,0.16139997119564065,0,false,51.74528571428571,false,false,12.075,false,2.164661e6,1.8152847769516732e6,false,2
121.128,use_adaptive_ngroute,0.16106245922316498,0,false,60.498999999999995,false,false,12.25,false,2.164661e6,1.8160153759555244e6,false,3
162.509,use_adaptive_ngroute,0.16105132899063535,0,false,81.2035,false,false,12.424999999999999,false,2.164661e6,1.8160394691358022e6,false,1
179.523,use_lmSR3_cuts,0.16105057131638756,5,false,89.6695,false,false,12.475,false,2.164661e6,1.8160411092436973e6,false,0
468.241,use_adaptive_ngroute,0.1515756247511575,0,false,66.76485714285715,false,false,12.475,false,2.15827e6,1.8311288763683194e6,false,3
653.18,use_lmSR3_cuts,0.1292342000696347,5,false,72.49455555555556,false,false,12.575000000000001,false,2.103029e6,1.8312457294617563e6,false,0
529.998,use_adaptive_ngroute,0.12662589891527154,0,false,105.9064,false,false,12.575000000000001,false,2.103029e6,1.8367310624301154e6,false,1
381.653,use_lmSR3_cuts,0.12661718087728424,5,false,95.35825,false,false,12.65,false,2.103029e6,1.836749396716826e6,false,0
173.385,none,0.12529966796482284,0,false,100.108,false,false,12.65,true,2.103029e6,1.8395201645796066e6,false,0
