CG_time_taken,method,CG_LP_IP_gap,implemented_SR3_cuts_count,errored,CG_sp_time_taken_mean,converged,CGIP_artificial,ngroute_neighborhood_size,time_limit_reached,CGIP_objective,CGLP_objective,CGLP_artificial,cycles_lookup_length
429.235,use_adaptive_ngroute,0.16109456585388993,0,false,11.95155,false,false,7.000000000000001,false,2.07093e6,1.7373144307362037e6,false,40
1193.177,use_adaptive_ngroute,0.08713578573479297,0,false,81.18700000000001,false,false,11.025,false,1.967935e6,1.7964574375000002e6,false,2
493.125,use_lmSR3_cuts,0.08651814380725531,5,false,97.05080000000001,false,false,11.275,false,1.967935e6,1.797672916666669e6,false,0
1436.105,use_adaptive_ngroute,0.07947113713515164,0,false,157.45422222222226,false,false,11.275,false,1.967935e6,1.8115409677419353e6,false,8
12.039,none,0.07874271895747531,0,false,NaN,false,false,11.925,true,1.967935e6,1.812974447368421e6,false,0
