CG_time_taken,method,CG_LP_IP_gap,implemented_SR3_cuts_count,errored,CG_sp_time_taken_mean,converged,CGIP_artificial,ngroute_neighborhood_size,time_limit_reached,CGIP_objective,CGLP_objective,CGLP_artificial,cycles_lookup_length
22.134,use_adaptive_ngroute,0.1949416045111798,0,false,1.5184545454545455,false,false,5.0,false,1.512251e6,1.2174503636363638e6,false,12
8.708,use_lmSR3_cuts,0.06281903962972835,2,false,1.0410000000000001,false,false,7.3,false,1.373262e6,1.286995e6,false,0
12.179,use_adaptive_ngroute,0.023043158591280033,0,false,1.9734999999999998,false,false,7.3,false,1.3601e6,1.328759e6,false,5
13.342,use_adaptive_ngroute,0.020971619733843094,0,false,3.3165,false,false,7.550000000000001,false,1.3601e6,1.3315765e6,false,1
10.843,use_lmSR3_cuts,0.01774759208881682,5,false,3.5733333333333333,false,false,7.6499999999999995,false,1.3601e6,1.3359615000000002e6,false,0
12.179,use_lmSR3_cuts,0.01645246673038747,2,false,3.996666666666666,false,false,7.6499999999999995,false,1.3601e6,1.337723e6,false,0
15.222,use_lmSR3_cuts,0.008985411647314034,5,false,3.7367500000000002,false,false,7.6499999999999995,false,1.352266e6,1.3401153333333333e6,false,0
14.185,use_lmSR3_cuts,0.003050065593603657,5,false,4.698333333333334,false,false,7.6499999999999995,false,1.352266e6,1.3481415e6,false,0
18.403,use_lmSR3_cuts,0.0017500255127319564,1,false,6.078333333333333,false,false,7.6499999999999995,false,1.352266e6,1.3498995e6,false,0
50.681,none,0.0,0,false,7.204285714285714,true,false,7.6499999999999995,false,1.352266e6,1.352266e6,false,0
