CG_time_taken,method,CG_LP_IP_gap,implemented_SR3_cuts_count,errored,CG_sp_time_taken_mean,converged,CGIP_artificial,ngroute_neighborhood_size,time_limit_reached,CGIP_objective,CGLP_objective,CGLP_artificial,cycles_lookup_length
502.323,use_adaptive_ngroute,0.22557067636032546,0,false,10.645684210526316,false,false,7.000000000000001,false,2.175641e6,1.684880188112745e6,false,39
432.313,use_adaptive_ngroute,0.13539950056358308,0,false,59.79242857142858,false,false,10.225,false,2.04373e6,1.7670099787131883e6,false,4
170.266,use_lmSR3_cuts,0.13529802816308634,5,false,84.86800000000001,false,false,10.85,false,2.04373e6,1.7672173609022556e6,false,0
770.669,use_adaptive_ngroute,0.10314107983287135,0,false,125.96216666666666,false,false,10.85,false,1.9813249999998482e6,1.776969e6,false,1
807.602,use_lmSR3_cuts,0.1030482126859551,5,false,133.843,false,false,10.875,false,1.981325e6,1.777153e6,false,0
832.742,none,0.08165398206235797,0,false,143.02120000000002,false,false,10.875,true,1.948206e6,1.7891272222222218e6,false,0
