CG_time_taken,method,CG_LP_IP_gap,implemented_SR3_cuts_count,errored,CG_sp_time_taken_mean,converged,CGIP_artificial,ngroute_neighborhood_size,time_limit_reached,CGIP_objective,CGLP_objective,CGLP_artificial,cycles_lookup_length
453.708,use_adaptive_ngroute,0.039815438984631135,0,false,11.03704347826087,false,false,7.000000000000001,false,1.664645e6,1.5983664285714286e6,false,29
494.357,use_adaptive_ngroute,0.025983843402046847,0,false,36.26684615384615,false,false,8.675,false,1.664645e6,1.6213911249999998e6,false,2
196.004,use_lmSR3_cuts,0.025979413028002996,2,false,32.23383333333333,false,false,8.775,false,1.664645e6,1.6213985e6,false,0
790.428,use_adaptive_ngroute,0.019151503501019684,0,false,60.08884615384615,false,false,8.775,false,1.664645e6,1.6327645454545452e6,false,2
726.894,use_lmSR3_cuts,0.01902321515998917,5,false,103.552,false,false,8.825,false,1.664645e6,1.6329780999999999e6,false,0
771.365,use_lmSR3_cuts,0.016349431860847252,1,false,95.202875,false,false,8.825,false,1.664645e6,1.637429e6,false,0
129.095,none,0.014757200484187605,0,false,86.791,false,false,8.825,true,1.664645e6,1.6400794999999995e6,false,0
