CG_time_taken,method,CG_LP_IP_gap,implemented_SR3_cuts_count,errored,CG_sp_time_taken_mean,converged,CGIP_artificial,ngroute_neighborhood_size,time_limit_reached,CGIP_objective,CGLP_objective,CGLP_artificial,cycles_lookup_length
72.994,use_adaptive_ngroute,0.18234585126287473,0,false,4.049615384615385,false,false,5.0,false,1.661773e6,1.3587555877093389e6,false,14
13.577,use_adaptive_ngroute,0.017353877304971288,0,false,1.0553333333333332,false,false,6.0,false,1.469758e6,1.444252e6,false,3
3.724,use_adaptive_ngroute,0.010454782351924652,0,false,0.89675,false,false,6.15,false,1.469758e6,1.454392e6,false,2
0.972,use_lmSR3_cuts,0.009491358441321651,1,false,0.957,false,false,6.4,false,1.469758e6,1.455808e6,false,0
10.252,none,0.0,0,false,1.4205714285714286,true,false,6.4,false,1.456558e6,1.456558e6,false,0
