CG_time_taken,method,CG_LP_IP_gap,implemented_SR3_cuts_count,errored,CG_sp_time_taken_mean,converged,CGIP_artificial,ngroute_neighborhood_size,time_limit_reached,CGIP_objective,CGLP_objective,CGLP_artificial,cycles_lookup_length
407.811,use_adaptive_ngroute,0.1725657439867221,0,false,8.631863636363637,false,false,7.000000000000001,false,2.05051e6,1.6966622162977865e6,false,37
940.196,use_adaptive_ngroute,0.10434650701024528,0,false,70.92823076923078,false,false,12.0,false,1.980964e6,1.7742573260869565e6,false,23
1181.321,use_adaptive_ngroute,0.10276846272824747,0,false,147.238125,false,false,13.0,false,1.980964e6,1.777383375e6,false,2
807.338,use_lmSR3_cuts,0.10198669585765985,5,false,161.26539999999997,false,false,13.124999999999998,false,1.980964e6,1.7789320270270268e6,false,0
223.667,none,0.09720615260493837,0,false,NaN,false,false,13.124999999999998,true,1.980964e6,1.7884021111111108e6,false,0
