CG_time_taken,method,CG_LP_IP_gap,implemented_SR3_cuts_count,errored,CG_sp_time_taken_mean,converged,CGIP_artificial,ngroute_neighborhood_size,time_limit_reached,CGIP_objective,CGLP_objective,CGLP_artificial,cycles_lookup_length
312.643,use_adaptive_ngroute,0.2347898075728274,0,false,12.246176470588232,false,false,7.000000000000001,false,2.337639e6,1.7887851890152632e6,false,34
501.871,use_adaptive_ngroute,0.07926591882563216,0,false,45.129000000000005,false,false,9.7,false,2.095675e6,1.9295593955650933e6,false,12
374.499,use_adaptive_ngroute,0.07207823540966096,0,false,74.7762,false,false,10.825,false,2.095675e6,1.9446224440078589e6,false,11
319.289,use_adaptive_ngroute,0.06986123181674131,0,false,106.35600000000001,false,false,12.1,false,2.095675e6,1.9492685630124507e6,false,7
436.786,use_lmSR3_cuts,0.0696075420636737,5,false,145.53633333333335,false,false,12.4,false,2.095675e6,1.9498002142857106e6,false,0
1636.819,none,0.031181078820677555,0,false,328.86825,false,false,12.4,true,2.032112e6,1.9687485555555553e6,false,0
