CG_time_taken,method,CG_LP_IP_gap,implemented_SR3_cuts_count,errored,CG_sp_time_taken_mean,converged,CGIP_artificial,ngroute_neighborhood_size,time_limit_reached,CGIP_objective,CGLP_objective,CGLP_artificial,cycles_lookup_length
437.945,use_adaptive_ngroute,0.28883410002077925,0,false,15.7845,false,false,7.000000000000001,false,2.050175e6,1.458014548989899e6,false,34
1087.363,use_adaptive_ngroute,0.07730591245404184,0,false,61.711352941176465,false,false,9.025,false,1.792081e6,1.6535425431034483e6,false,18
1071.63,use_adaptive_ngroute,0.0714781132256026,0,false,152.4077142857143,false,false,10.825,false,1.792081e6,1.663986431372549e6,false,3
905.301,use_adaptive_ngroute,0.07138686710744169,0,false,225.89000000000001,false,false,11.15,false,1.792081e6,1.6641499518072288e6,false,1
81.238,none,0.07115682143245616,0,false,NaN,false,false,11.225,true,1.792081e6,1.6645622122905026e6,false,0
