CG_time_taken,method,CG_LP_IP_gap,implemented_SR3_cuts_count,errored,CG_sp_time_taken_mean,converged,CGIP_artificial,ngroute_neighborhood_size,time_limit_reached,CGIP_objective,CGLP_objective,CGLP_artificial,cycles_lookup_length
501.329,use_adaptive_ngroute,0.1965796432693956,0,false,19.972809523809524,false,false,7.000000000000001,false,2.168243e6,1.742010564538636e6,false,34
729.981,use_adaptive_ngroute,0.061467489711360734,0,false,44.810125000000006,false,false,8.475,false,1.958655e6,1.8382613939393947e6,false,19
376.044,use_adaptive_ngroute,0.060008994267324534,0,false,75.0794,false,false,11.65,false,1.958655e6,1.8411180833333335e6,false,3
318.646,use_adaptive_ngroute,0.059896389585793464,0,false,106.01466666666666,false,false,11.825000000000001,false,1.958655e6,1.8413386370558378e6,false,3
260.535,use_lmSR3_cuts,0.05989260942029495,5,false,86.77533333333332,false,false,12.275,false,1.958655e6,1.8413460410958922e6,false,0
1110.859,use_lmSR3_cuts,0.05158779249904544,5,false,158.52942857142855,false,false,12.275,false,1.956096e6,1.8551853254437873e6,false,0
281.349,none,0.04509161404249529,0,false,233.669,false,false,12.275,true,1.956096e6,1.8678924741379311e6,false,0
