CG_time_taken,method,CG_LP_IP_gap,implemented_SR3_cuts_count,errored,CG_sp_time_taken_mean,converged,CGIP_artificial,ngroute_neighborhood_size,time_limit_reached,CGIP_objective,CGLP_objective,CGLP_artificial,cycles_lookup_length
546.232,use_adaptive_ngroute,0.24505428983841815,0,false,10.86472727272727,false,false,7.000000000000001,false,2.093642e6,1.5805860465141146e6,false,21
342.171,use_adaptive_ngroute,0.1571777570513958,0,false,26.05641666666667,false,false,8.549999999999999,false,2.003323e6,1.6884451842105265e6,false,4
150.817,use_lmSR3_cuts,0.1546786015036019,5,false,24.849999999999998,false,false,9.025,false,2.003323e6,1.6934517999999998e6,false,0
339.925,use_adaptive_ngroute,0.027181497210104988,0,false,30.101454545454544,false,false,9.025,false,1.752635e6,1.7049957566371677e6,false,11
252.369,use_adaptive_ngroute,0.02563899499895861,0,false,62.841249999999995,false,false,10.35,false,1.752635e6,1.7076992000000002e6,false,1
109.577,use_lmSR3_cuts,0.025631247933667,5,false,54.656,false,false,10.4,false,1.752635e6,1.7077127777777775e6,false,0
588.768,use_adaptive_ngroute,0.021304535577940542,0,false,73.0355,false,false,10.4,false,1.752635e6,1.7152959252873561e6,false,1
366.068,use_adaptive_ngroute,0.01945975326882976,0,false,91.22975,false,false,10.424999999999999,false,1.752635e6,1.7185291553296845e6,false,7
351.856,use_lmSR3_cuts,0.01922711751937689,5,false,70.1688,false,false,10.700000000000001,false,1.752635e6,1.718936880886427e6,false,0
439.739,none,0.01321292819093034,0,false,95.909,false,false,10.700000000000001,true,1.751088e6,1.7279510000000002e6,false,0
