CG_time_taken,method,CG_LP_IP_gap,implemented_SR3_cuts_count,errored,CG_sp_time_taken_mean,converged,CGIP_artificial,ngroute_neighborhood_size,time_limit_reached,CGIP_objective,CGLP_objective,CGLP_artificial,cycles_lookup_length
151.759,use_adaptive_ngroute,0.19102267523963412,0,false,5.252437499999999,false,false,7.000000000000001,false,2.215949e6,1.792652493825408e6,false,24
242.112,use_adaptive_ngroute,0.11536042533994217,0,false,20.84472727272727,false,false,7.875,false,2.081142e6,1.841060573687182e6,false,15
264.522,use_lmSR3_cuts,0.11522996049657419,5,false,65.9095,false,false,9.925,false,2.081142e6,1.8413320895522386e6,false,0
731.577,use_adaptive_ngroute,0.10750950031730222,0,false,72.86760000000001,false,false,9.925,false,2.073573e6,1.8506442028985508e6,false,6
205.936,use_lmSR3_cuts,0.10746500123217262,5,false,51.399499999999996,false,false,10.075,false,2.073573e6,1.850736475e6,false,0
868.11,use_adaptive_ngroute,0.055072321938491764,0,false,108.02187500000001,false,false,10.075,false,1.98154e6,1.872411991186001e6,false,8
476.061,use_lmSR3_cuts,0.05485508268153205,5,false,158.51366666666667,false,false,10.625,false,1.98154e6,1.872842459463237e6,false,0
552.816,use_adaptive_ngroute,0.05304879308629906,0,false,110.31179999999999,false,false,10.625,false,1.98154e6,1.876421694547775e6,false,3
55.97,none,0.053048490233780665,0,false,NaN,false,false,10.924999999999999,true,1.98154e6,1.8764222946621543e6,false,0
