CG_time_taken,method,CG_LP_IP_gap,implemented_SR3_cuts_count,errored,CG_sp_time_taken_mean,converged,CGIP_artificial,ngroute_neighborhood_size,time_limit_reached,CGIP_objective,CGLP_objective,CGLP_artificial,cycles_lookup_length
386.776,use_adaptive_ngroute,0.19819470396603978,0,false,12.437599999999998,false,false,7.000000000000001,false,2.179064e6,1.7471850555969456e6,false,29
1106.156,use_adaptive_ngroute,0.08716113318209018,0,false,67.8169375,false,false,8.35,false,1.983804e6,1.8108933953488367e6,false,14
1526.527,use_adaptive_ngroute,0.08282778387232537,0,false,217.73128571428572,false,false,10.149999999999999,false,1.983804e6,1.8194899110429455e6,false,11
559.046,none,0.08189736108002577,0,false,178.5273333333333,false,false,11.125,true,1.983804e6,1.8213356875000005e6,false,0
