CG_time_taken,method,CG_LP_IP_gap,implemented_SR3_cuts_count,errored,CG_sp_time_taken_mean,converged,CGIP_artificial,ngroute_neighborhood_size,time_limit_reached,CGIP_objective,CGLP_objective,CGLP_artificial,cycles_lookup_length
347.683,use_adaptive_ngroute,0.3703085888318397,0,false,9.994052631578946,false,false,7.000000000000001,false,2.727576e6,1.717531180508406e6,false,28
634.96,use_adaptive_ngroute,0.10599975433894182,0,false,56.59245454545454,false,false,9.2,false,2.083679e6,1.862809537878788e6,false,12
405.124,use_lmSR3_cuts,0.10570510140957412,4,false,67.321,false,false,10.075,false,2.083679e6,1.8634235e6,false,0
715.255,use_adaptive_ngroute,0.09864966349963822,0,false,142.769,false,false,10.075,false,2.076099e6,1.8712925322580645e6,false,3
691.325,use_lmSR3_cuts,0.09840190665281379,5,false,230.18633333333335,false,false,10.175,false,2.076099e6,1.8718069e6,false,0
745.751,none,0.08923990290671202,0,false,222.509,false,false,10.175,true,2.06032e6,1.876457243243243e6,false,0
