CG_time_taken,method,CG_LP_IP_gap,implemented_SR3_cuts_count,errored,CG_sp_time_taken_mean,converged,CGIP_artificial,ngroute_neighborhood_size,time_limit_reached,CGIP_objective,CGLP_objective,CGLP_artificial,cycles_lookup_length
215.386,use_adaptive_ngroute,0.16968410403504897,0,false,6.481944444444443,false,false,7.000000000000001,false,2.15758e6,1.791472970816059e6,false,32
1077.141,use_adaptive_ngroute,0.03003346073211799,0,false,118.07066666666668,false,false,9.925,false,1.907732e6,1.850436205890595e6,false,19
1550.45,use_adaptive_ngroute,0.022996193909836316,0,false,258.23133333333334,false,false,12.775,false,1.907732e6,1.863861425e6,false,14
746.027,none,0.020979180108006035,0,false,306.9325,false,false,13.75,true,1.907732e6,1.8677093467741935e6,false,0
