CG_time_taken,method,CG_LP_IP_gap,implemented_SR3_cuts_count,errored,CG_sp_time_taken_mean,converged,CGIP_artificial,ngroute_neighborhood_size,time_limit_reached,CGIP_objective,CGLP_objective,CGLP_artificial,cycles_lookup_length
602.925,use_adaptive_ngroute,0.242785028903162,0,false,16.80018181818182,false,false,7.000000000000001,false,2.237248e6,1.6940776796564586e6,false,28
520.237,use_adaptive_ngroute,0.010771521647798044,0,false,41.715916666666665,false,false,8.375,false,1.799444e6,1.7800612499999998e6,false,4
287.87,use_lmSR3_cuts,0.008014906271048172,5,false,57.248200000000004,false,false,8.675,false,1.799444e6,1.785021625e6,false,0
601.224,none,0.0,0,false,74.893375,true,false,8.675,false,1.799444e6,1.799444e6,false,0
