CG_time_taken,method,CG_LP_IP_gap,implemented_SR3_cuts_count,errored,CG_sp_time_taken_mean,converged,CGIP_artificial,ngroute_neighborhood_size,time_limit_reached,CGIP_objective,CGLP_objective,CGLP_artificial,cycles_lookup_length
241.839,use_adaptive_ngroute,0.1823787307041429,0,false,8.209266666666664,false,false,7.000000000000001,false,2.106863e6,1.7226160002924774e6,false,34
434.97,use_adaptive_ngroute,0.08738170643798704,0,false,38.37672727272728,false,false,9.15,false,2.024678e6,1.8477581813725494e6,false,20
295.115,use_adaptive_ngroute,0.04023160306822704,0,false,58.811,false,false,10.675,false,1.933538e6,1.8557486666666665e6,false,11
1153.272,use_adaptive_ngroute,0.024762544567723643,0,false,115.1142,false,false,10.975000000000001,false,1.90534e6,1.8581589333333333e6,false,6
290.246,use_lmSR3_cuts,0.0245828391083307,4,false,96.60133333333333,false,false,11.15,false,1.90534e6,1.8585013333333333e6,false,0
471.929,use_lmSR3_cuts,0.022883240873894928,5,false,157.15800000000004,false,false,11.15,false,1.90534e6,1.861739645833333e6,false,0
688.047,none,0.015942359338768197,0,false,187.377,false,false,11.15,true,1.90534e6,1.8749643850574715e6,false,0
