CG_time_taken,method,CG_LP_IP_gap,implemented_SR3_cuts_count,errored,CG_sp_time_taken_mean,converged,CGIP_artificial,ngroute_neighborhood_size,time_limit_reached,CGIP_objective,CGLP_objective,CGLP_artificial,cycles_lookup_length
252.42,use_adaptive_ngroute,0.20147466065078257,0,false,6.0509130434782605,false,false,7.000000000000001,false,2.221996e6,1.7743201099326038e6,false,25
511.79,use_adaptive_ngroute,0.17259050622811944,0,false,48.201499999999996,false,false,9.299999999999999,false,2.183041e6,1.80626884869326e6,false,9
362.41,use_adaptive_ngroute,0.17159801375619077,0,false,59.20516666666667,false,false,9.75,false,2.183041e6,1.8084355004516714e6,false,4
487.053,use_adaptive_ngroute,0.1713067495973215,0,false,121.39925,false,false,10.1,false,2.183041e6,1.8090713420523137e6,false,2
330.066,use_adaptive_ngroute,0.17122629778979248,0,false,109.74233333333333,false,false,10.200000000000001,false,2.183041e6,1.8092469716466737e6,false,2
738.17,use_adaptive_ngroute,0.1712012371732825,0,false,147.4248,false,false,10.4,false,2.183041e6,1.8093016800000002e6,false,1
284.932,use_lmSR3_cuts,0.17119375496544487,5,false,142.29299999999998,false,false,10.5,false,2.183041e6,1.8093180139664803e6,false,0
487.001,none,0.014292894590905103,0,false,326.06100000000004,false,false,10.5,true,1.855182e6,1.8286660792270554e6,false,0
