CG_time_taken,method,CG_LP_IP_gap,implemented_SR3_cuts_count,errored,CG_sp_time_taken_mean,converged,CGIP_artificial,ngroute_neighborhood_size,time_limit_reached,CGIP_objective,CGLP_objective,CGLP_artificial,cycles_lookup_length
242.301,use_adaptive_ngroute,0.16936163782245117,0,false,8.924277777777778,false,false,7.000000000000001,false,2.175989e6,1.8074599390763624e6,false,32
1053.796,use_adaptive_ngroute,0.10092318702878766,0,false,87.00699999999998,false,false,10.25,false,2.104296e6,1.8919237412280703e6,false,18
1863.156,use_adaptive_ngroute,0.050970426469070795,0,false,310.31516666666664,false,false,11.85,false,2.013596e6,1.910962153143585e6,false,6
432.393,none,0.041304770464500096,0,false,225.608,false,false,12.125,true,2.013596e6,1.9304248794117644e6,false,0
