CG_time_taken,method,CG_LP_IP_gap,implemented_SR3_cuts_count,errored,CG_sp_time_taken_mean,converged,CGIP_artificial,ngroute_neighborhood_size,time_limit_reached,CGIP_objective,CGLP_objective,CGLP_artificial,cycles_lookup_length
224.974,use_adaptive_ngroute,0.17169023833996444,0,false,6.019437499999999,false,false,7.000000000000001,false,2.191599e6,1.8153228453443723e6,false,29
110.251,use_adaptive_ngroute,0.10339192089688987,0,false,14.830999999999998,false,false,10.375,false,2.118846e6,1.8997744419753086e6,false,3
42.74,use_lmSR3_cuts,0.10334802221504569,5,false,21.258499999999998,false,false,10.45,false,2.118846e6,1.8998674565217393e6,false,0
248.165,use_adaptive_ngroute,0.07254647048751217,0,false,41.011,false,false,10.45,false,2.078804e6,1.9279941069646778e6,false,11
213.534,use_adaptive_ngroute,0.07148955298072823,0,false,71.06966666666666,false,false,11.325,false,2.078804e6,1.9301912313054502e6,false,5
82.932,use_lmSR3_cuts,0.07143097770272633,5,false,82.82900000000001,false,false,11.6,false,2.078804e6,1.9303129978276617e6,false,0
375.903,use_adaptive_ngroute,0.06614397620883972,0,false,93.7415,false,false,11.6,false,2.078804e6,1.9413036376811592e6,false,1
204.996,use_lmSR3_cuts,0.06614152518625394,5,false,102.42999999999999,false,false,11.725,false,2.078804e6,1.9413087328767146e6,false,0
575.037,use_adaptive_ngroute,0.06282084466280824,0,false,114.61900000000003,false,false,11.725,false,2.078804e6,1.9482117768315757e6,false,4
478.428,use_lmSR3_cuts,0.06257669220868112,5,false,159.33333333333334,false,false,11.875,false,2.078804e6,1.9487193219298248e6,false,0
886.603,use_adaptive_ngroute,0.054386694812206704,0,false,147.55349999999999,false,false,11.875,false,2.071613e6,1.958944816e6,false,4
109.014,none,0.0543770195902471,0,false,NaN,false,false,12.025,true,2.071613e6,1.9589648593155895e6,false,0
