CG_time_taken,method,CG_LP_IP_gap,implemented_SR3_cuts_count,errored,CG_sp_time_taken_mean,converged,CGIP_artificial,ngroute_neighborhood_size,time_limit_reached,CGIP_objective,CGLP_objective,CGLP_artificial,cycles_lookup_length
214.63,use_adaptive_ngroute,0.2432859339020752,0,false,6.761375,false,false,7.000000000000001,false,2.089611e6,1.5812380363729508e6,false,31
652.796,use_adaptive_ngroute,0.02776109594646703,0,false,49.49276923076923,false,false,9.15,false,1.733113e6,1.6849998837209307e6,false,11
437.87,use_adaptive_ngroute,0.02392777402967028,0,false,87.30100000000002,false,false,9.9,false,1.733113e6,1.691643463768116e6,false,5
740.003,use_adaptive_ngroute,0.02026868592926323,0,false,92.41574999999999,false,false,10.225,false,1.733113e6,1.6979850769230768e6,false,6
635.806,use_lmSR3_cuts,0.02018472851142139,5,false,127.07459999999999,false,false,10.675,false,1.733113e6,1.698130584615385e6,false,0
893.311,use_lmSR3_cuts,0.018997444279201026,5,false,223.07750000000001,false,false,10.675,false,1.733113e6,1.700188282352941e6,false,0
2.348,none,0.015044088099387842,0,false,NaN,false,false,10.675,true,1.733113e6,1.7070398953418056e6,false,0
