CG_time_taken,method,CG_LP_IP_gap,implemented_SR3_cuts_count,errored,CG_sp_time_taken_mean,converged,CGIP_artificial,ngroute_neighborhood_size,time_limit_reached,CGIP_objective,CGLP_objective,CGLP_artificial,cycles_lookup_length
232.332,use_adaptive_ngroute,0.09087355386046281,0,false,6.300608695652175,false,false,7.000000000000001,false,1.849882e6,1.6817766484374993e6,false,28
224.572,use_adaptive_ngroute,0.08498021343388384,0,false,15.679142857142853,false,false,8.875,false,1.849882e6,1.6926786328125e6,false,4
267.925,use_adaptive_ngroute,0.08477799755155568,0,false,66.756,false,false,9.5,false,1.849882e6,1.693052708333333e6,false,3
264.232,use_lmSR3_cuts,0.08477799755155535,5,false,87.92433333333334,false,false,9.825000000000001,false,1.849882e6,1.6930527083333337e6,false,0
1180.246,use_adaptive_ngroute,0.061921951938747055,0,false,168.14614285714285,false,false,9.825000000000001,false,1.821275e6,1.7084980969827585e6,false,6
595.53,use_lmSR3_cuts,0.06170936912327918,5,false,198.41766666666666,false,false,10.25,false,1.821275e6,1.7088852687499998e6,false,0
777.736,none,0.053582229130128556,0,false,221.88533333333334,false,false,10.25,true,1.821275e6,1.723687025641025e6,false,0
