CG_time_taken,method,CG_LP_IP_gap,implemented_SR3_cuts_count,errored,CG_sp_time_taken_mean,converged,CGIP_artificial,ngroute_neighborhood_size,time_limit_reached,CGIP_objective,CGLP_objective,CGLP_artificial,cycles_lookup_length
320.49,use_adaptive_ngroute,0.25217878354253076,0,false,9.348217391304349,false,false,7.000000000000001,false,2.219831e6,1.6600367187500005e6,false,23
294.562,use_adaptive_ngroute,0.09419379376852166,0,false,30.931444444444445,false,false,8.225,false,1.92754e6,1.7459776947594238e6,false,17
497.81,use_adaptive_ngroute,0.09135728193313297,0,false,70.57057142857143,false,false,10.0,false,1.92754e6,1.7514451847826089e6,false,1
153.723,use_adaptive_ngroute,0.09118588247062898,0,false,76.722,false,false,10.025,false,1.92754e6,1.7517755641025638e6,false,6
400.972,use_lmSR3_cuts,0.09102975813731484,5,false,100.13674999999999,false,false,10.475,false,1.92754e6,1.7520765000000002e6,false,0
499.118,use_adaptive_ngroute,0.08643101703064471,0,false,124.39175,false,false,10.475,false,1.92754e6,1.7609407574327511e6,false,5
517.475,use_adaptive_ngroute,0.08619590999350812,0,false,172.36666666666667,false,false,10.875,false,1.92754e6,1.7613939356511133e6,false,10
451.758,use_adaptive_ngroute,0.08613013744148867,0,false,225.81,false,false,11.775,false,1.92754e6,1.761520714876033e6,false,2
414.15,none,0.086115206749524,0,false,290.105,false,false,11.825000000000001,true,1.92754e6,1.7615494943820224e6,false,0
