CG_time_taken,method,CG_LP_IP_gap,implemented_SR3_cuts_count,errored,CG_sp_time_taken_mean,converged,CGIP_artificial,ngroute_neighborhood_size,time_limit_reached,CGIP_objective,CGLP_objective,CGLP_artificial,cycles_lookup_length
27.297,use_adaptive_ngroute,0.22272412845902156,0,false,2.2645,false,false,5.0,false,1.561023e6,1.2133455128205128e6,false,13
18.17,use_adaptive_ngroute,0.09400886492274196,0,false,2.9565,false,false,6.2,false,1.410879e6,1.2782438666666667e6,false,12
13.39,use_adaptive_ngroute,0.08079972537781821,0,false,2.616,false,false,7.0,false,1.393707e6,1.281095857142857e6,false,1
30.822,use_lmSR3_cuts,0.05013167526770235,5,false,5.102333333333333,false,false,7.15,false,1.350834e6,1.2831144285714286e6,false,0
29.277,use_adaptive_ngroute,0.009921999226438771,0,false,7.2002500000000005,false,false,7.15,false,1.303064e6,1.2901349999999998e6,false,7
29.62,use_lmSR3_cuts,0.005662351248855724,4,false,7.36475,false,false,8.200000000000001,false,1.29999e6,1.292629e6,false,0
41.152,none,0.0,0,false,8.196399999999999,true,false,8.200000000000001,false,1.29338e6,1.29338e6,false,0
