CG_time_taken,method,CG_LP_IP_gap,implemented_SR3_cuts_count,errored,CG_sp_time_taken_mean,converged,CGIP_artificial,ngroute_neighborhood_size,time_limit_reached,CGIP_objective,CGLP_objective,CGLP_artificial,cycles_lookup_length
184.132,use_adaptive_ngroute,0.2209754712995723,0,false,5.169842105263157,false,false,7.000000000000001,false,2.27244e6,1.7702865e6,false,27
363.556,use_adaptive_ngroute,0.15950050403186544,0,false,24.964571428571425,false,false,9.625,false,2.214767e6,1.8615105471868576e6,false,18
809.183,use_adaptive_ngroute,0.15236827309941414,0,false,80.62069999999999,false,false,10.475,false,2.214767e6,1.87730677689243e6,false,10
763.787,use_adaptive_ngroute,0.1508626825400845,0,false,95.38987499999999,false,false,10.975000000000001,false,2.214767e6,1.8806413091787447e6,false,10
985.067,use_lmSR3_cuts,0.15040537737755544,5,false,246.20075,false,false,11.975,false,2.214767e6,1.8816541335616438e6,false,0
440.123,none,0.14740148242428663,0,false,218.27,false,false,11.975,true,2.214767e6,1.88830706097561e6,false,0
