CG_time_taken,method,CG_LP_IP_gap,implemented_SR3_cuts_count,errored,CG_sp_time_taken_mean,converged,CGIP_artificial,ngroute_neighborhood_size,time_limit_reached,CGIP_objective,CGLP_objective,CGLP_artificial,cycles_lookup_length
84.1,use_adaptive_ngroute,0.2905438862019567,0,false,5.020642857142858,false,false,5.0,false,1.705486e6,1.2099674696969697e6,false,20
53.874,use_adaptive_ngroute,0.07023957499525768,0,false,6.6031249999999995,false,false,7.15,false,1.43113e6,1.3306080370370368e6,false,4
21.954,use_lmSR3_cuts,0.055995213040134995,5,false,5.4705,false,false,7.8500000000000005,false,1.420108e6,1.34058875e6,false,0
51.717,use_adaptive_ngroute,0.04261478704436572,0,false,10.2972,false,false,7.8500000000000005,false,1.420108e6,1.3595904e6,false,5
59.356,use_lmSR3_cuts,0.04258901435665452,5,false,14.81925,false,false,8.6,false,1.420108e6,1.359627e6,false,0
53.588,use_adaptive_ngroute,0.03760509764046116,0,false,17.835666666666665,false,false,8.6,false,1.420108e6,1.3667047e6,false,2
111.182,use_lmSR3_cuts,0.036316560078529125,5,false,27.7645,false,false,8.8,false,1.420108e6,1.3685345625000002e6,false,0
107.708,use_adaptive_ngroute,0.029281810491408544,0,false,26.874750000000002,false,false,8.8,false,1.420108e6,1.3785246666666667e6,false,1
132.261,use_adaptive_ngroute,0.027829757693401902,0,false,33.02425,false,false,8.85,false,1.420108e6,1.3805867384615385e6,false,3
98.167,use_lmSR3_cuts,0.027588042599576923,5,false,32.693999999999996,false,false,9.15,false,1.420108e6,1.38093e6,false,0
188.084,use_lmSR3_cuts,0.022682781872927937,1,false,46.9725,false,false,9.15,false,1.420108e6,1.387896e6,false,0
105.296,use_adaptive_ngroute,0.021393443315578797,0,false,52.6125,false,false,9.15,false,1.420108e6,1.389727e6,false,2
208.159,use_lmSR3_cuts,0.02114651373933052,3,false,69.37,false,false,9.65,false,1.420108e6,1.3900776666666667e6,false,0
203.391,use_lmSR3_cuts,0.021134308094877485,5,false,67.609,false,false,9.65,false,1.420108e6,1.3900949999999998e6,false,0
285.992,use_adaptive_ngroute,0.0044291230141139115,0,false,95.26266666666666,false,false,9.65,false,1.401174e6,1.394968027989822e6,false,3
387.917,use_lmSR3_cuts,0.003173377857035975,5,false,96.94900000000001,false,false,9.899999999999999,false,1.401174e6,1.3967275454545454e6,false,0
348.204,use_lmSR3_cuts,0.0005274148678179325,2,false,115.98966666666666,false,false,9.899999999999999,false,1.401174e6,1.400435e6,false,0
224.159,use_lmSR3_cuts,0.00023456520508269296,5,false,112.03950000000002,false,false,9.899999999999999,false,1.401174e6,1.4008453333333335e6,false,0
237.529,none,0.0,0,false,118.663,true,false,9.899999999999999,false,1.401174e6,1.401174e6,false,0
