CG_time_taken,method,CG_LP_IP_gap,implemented_SR3_cuts_count,errored,CG_sp_time_taken_mean,converged,CGIP_artificial,ngroute_neighborhood_size,time_limit_reached,CGIP_objective,CGLP_objective,CGLP_artificial,cycles_lookup_length
5.71,use_adaptive_ngroute,0.4092668787250442,0,false,0.29223076923076924,false,false,5.0,false,1.84226e6,1.088284e6,false,19
9.361,use_adaptive_ngroute,0.07642850517137423,0,false,0.8149090909090909,false,false,7.799999999999999,false,1.379904e6,1.27444e6,false,12
3.955,use_adaptive_ngroute,0.010605379882042465,0,false,0.7714000000000001,false,false,8.65,false,1.29732e6,1.2835614285714286e6,false,1
4.6,use_lmSR3_cuts,0.004534072439446479,5,false,1.1392499999999999,false,false,8.85,false,1.29732e6,1.2914378571428573e6,false,0
7.343,use_adaptive_ngroute,7.287751252260666e-5,0,false,1.67775,false,false,8.85,false,1.29732e6,1.2972254545454541e6,false,2
10.402,none,0.0,0,false,2.0709999999999997,true,false,9.2,false,1.29732e6,1.29732e6,false,0
