CG_time_taken,method,CG_LP_IP_gap,implemented_SR3_cuts_count,errored,CG_sp_time_taken_mean,converged,CGIP_artificial,ngroute_neighborhood_size,time_limit_reached,CGIP_objective,CGLP_objective,CGLP_artificial,cycles_lookup_length
18.548,use_adaptive_ngroute,0.16684428518570105,0,false,1.2865833333333332,false,false,5.0,false,1.421586e6,1.1844025e6,false,17
37.927,use_adaptive_ngroute,0.05036590844190392,0,false,3.7328999999999994,false,false,6.1,false,1.380901e6,1.3113506666666665e6,false,3
10.055,use_lmSR3_cuts,0.028197639563439125,1,false,3.316333333333333,false,false,6.45,false,1.351106e6,1.313008e6,false,0
7.307,use_lmSR3_cuts,0.028197639563439125,1,false,3.6135,false,false,6.45,false,1.351106e6,1.313008e6,false,0
16.543,use_lmSR3_cuts,0.028197639563439125,1,false,5.497999999999999,false,false,6.45,false,1.351106e6,1.313008e6,false,0
16.681,use_adaptive_ngroute,0.025496334114421648,0,false,5.549333333333333,false,false,6.45,false,1.351106e6,1.3166577500000002e6,false,4
17.92,use_adaptive_ngroute,0.02445292967391155,0,false,5.957333333333333,false,false,6.75,false,1.351106e6,1.3180675e6,false,3
12.026,use_adaptive_ngroute,0.024194206450123046,0,false,6.001,false,false,7.0,false,1.351106e6,1.3184170625e6,false,3
10.21,use_lmSR3_cuts,0.024193512574142928,5,false,5.0865,false,false,7.35,false,1.351106e6,1.318418e6,false,0
24.366,use_lmSR3_cuts,0.01711801294643056,1,false,6.008249999999999,false,false,7.35,false,1.351106e6,1.32797775e6,false,0
27.383,use_lmSR3_cuts,0.01585404846103855,1,false,6.833,false,false,7.35,false,1.351106e6,1.3296855e6,false,0
19.93,use_lmSR3_cuts,0.015854048461038772,1,false,6.597333333333333,false,false,7.35,false,1.351106e6,1.3296854999999998e6,false,0
15.653,use_lmSR3_cuts,0.015623274561729183,5,false,7.7940000000000005,false,false,7.35,false,1.351106e6,1.3299973000000003e6,false,0
19.324,none,0.012474224820258395,0,false,9.639000000000001,false,false,7.35,false,1.351106e6,1.334252e6,false,0
