CG_time_taken,method,CG_LP_IP_gap,implemented_SR3_cuts_count,errored,CG_sp_time_taken_mean,converged,CGIP_artificial,ngroute_neighborhood_size,time_limit_reached,CGIP_objective,CGLP_objective,CGLP_artificial,cycles_lookup_length
476.259,use_adaptive_ngroute,0.1677965399337431,0,false,22.767500000000002,false,false,7.000000000000001,false,2.259198e6,1.8801123925747673e6,false,20
735.164,use_adaptive_ngroute,0.11623171128099419,0,false,65.22772727272728,false,false,7.675,false,2.197329e6,1.9419296900826443e6,false,15
1295.413,use_lmSR3_cuts,0.11430962757471597,5,false,183.98657142857144,false,false,9.7,false,2.197329e6,1.9461531403508768e6,false,0
1067.881,none,0.09015240818761672,0,false,263.973,false,false,9.7,true,2.165267e6,1.9700629655808236e6,false,0
