CG_time_taken,method,CG_LP_IP_gap,implemented_SR3_cuts_count,errored,CG_sp_time_taken_mean,converged,CGIP_artificial,ngroute_neighborhood_size,time_limit_reached,CGIP_objective,CGLP_objective,CGLP_artificial,cycles_lookup_length
23.515,use_adaptive_ngroute,0.31121547529802585,0,false,1.698222222222222,false,false,5.0,false,1.776365e6,1.2235327222222222e6,false,19
22.192,use_adaptive_ngroute,0.028319390987229798,0,false,3.480833333333333,false,false,6.6499999999999995,false,1.469714e6,1.4280925945945946e6,false,12
20.916,use_adaptive_ngroute,0.024580098090998925,0,false,5.21,false,false,8.05,false,1.469714e6,1.4335882857142857e6,false,7
22.531,use_adaptive_ngroute,0.02356373983872595,0,false,5.6085,false,false,8.5,false,1.469714e6,1.4350820416666667e6,false,6
16.309,use_lmSR3_cuts,0.02157763446242633,5,false,5.425,false,false,8.85,false,1.469714e6,1.4380010485436895e6,false,0
38.908,use_adaptive_ngroute,0.010050434807520436,0,false,9.594750000000001,false,false,8.85,false,1.466051e6,1.4513165499999998e6,false,3
21.196,use_lmSR3_cuts,0.009820656534686334,5,false,10.583,false,false,9.0,false,1.466051e6,1.4516534166666665e6,false,0
31.619,use_adaptive_ngroute,0.004857521511192897,0,false,10.444,false,false,9.0,false,1.466051e6,1.4589296257309942e6,false,5
12.019,use_lmSR3_cuts,0.004831278038758491,5,false,12.001000000000001,false,false,9.549999999999999,false,1.466051e6,1.4589681e6,false,0
53.899,use_lmSR3_cuts,0.0036194739018857724,1,false,17.891666666666666,false,false,9.549999999999999,false,1.466051e6,1.4607446666666665e6,false,0
29.698,use_adaptive_ngroute,0.0020312470471394173,0,false,14.828000000000001,false,false,9.549999999999999,false,1.466051e6,1.4630730882352942e6,false,2
17.962,use_lmSR3_cuts,0.0019340789190372965,5,false,17.945,false,false,9.65,false,1.466051e6,1.4632155416666665e6,false,0
36.788,use_lmSR3_cuts,0.0011523018867237722,1,false,18.342499999999998,false,false,9.65,false,1.466051e6,1.4643616666666667e6,false,0
34.842,use_lmSR3_cuts,0.0005991606021891194,1,false,17.3885,false,false,9.65,false,1.466051e6,1.4651726e6,false,0
36.558,use_lmSR3_cuts,0.0004121860114590925,5,false,18.258,false,false,9.65,false,1.466051e6,1.4654467142857143e6,false,0
44.571,none,0.0,0,false,22.1495,true,false,9.65,false,1.466051e6,1.466051e6,false,0
