CG_time_taken,method,CG_LP_IP_gap,implemented_SR3_cuts_count,errored,CG_sp_time_taken_mean,converged,CGIP_artificial,ngroute_neighborhood_size,time_limit_reached,CGIP_objective,CGLP_objective,CGLP_artificial,cycles_lookup_length
824.842,use_adaptive_ngroute,0.13203848986620292,0,false,24.059705882352937,false,false,7.000000000000001,false,2.118196e6,1.8385125989193683e6,false,33
1023.207,use_adaptive_ngroute,0.07213247227362762,0,false,90.26918181818182,false,false,9.925,false,2.039529e6,1.8924127309562406e6,false,8
989.056,use_adaptive_ngroute,0.06414339345560238,0,false,164.25616666666664,false,false,10.475,false,2.039529e6,1.9087066888888888e6,false,13
714.809,none,0.06216885911836223,0,false,207.55499999999998,false,false,11.225,true,2.039529e6,1.9127338089311859e6,false,0
