CG_time_taken,method,CG_LP_IP_gap,implemented_SR3_cuts_count,errored,CG_sp_time_taken_mean,converged,CGIP_artificial,ngroute_neighborhood_size,time_limit_reached,CGIP_objective,CGLP_objective,CGLP_artificial,cycles_lookup_length
444.498,use_adaptive_ngroute,0.22053241446791205,0,false,18.461333333333332,false,false,7.000000000000001,false,2.4557e6,1.9141385497911484e6,false,33
901.401,use_adaptive_ngroute,0.12107459371568585,0,false,89.87839999999998,false,false,10.475,false,2.271511e6,1.9964887285542886e6,false,7
416.931,use_adaptive_ngroute,0.12071260853059562,0,false,138.85999999999999,false,false,11.299999999999999,false,2.271511e6,1.997310981884058e6,false,1
302.254,use_adaptive_ngroute,0.12070600422358468,0,false,151.05050000000003,false,false,11.475,false,2.271511e6,1.997325983640081e6,false,2
374.124,use_lmSR3_cuts,0.12070600422358457,5,false,186.989,false,false,11.525,false,2.271511e6,1.9973259836400812e6,false,0
1135.839,none,0.10873670753397946,0,false,286.1343333333333,false,false,11.525,true,2.271511e6,2.0245143727327827e6,false,0
