CG_time_taken,method,CG_LP_IP_gap,implemented_SR3_cuts_count,errored,CG_sp_time_taken_mean,converged,CGIP_artificial,ngroute_neighborhood_size,time_limit_reached,CGIP_objective,CGLP_objective,CGLP_artificial,cycles_lookup_length
836.529,use_adaptive_ngroute,0.1056625017137437,0,false,36.928352941176456,false,false,7.000000000000001,false,1.920581e6,1.7176476067961163e6,false,19
755.166,use_adaptive_ngroute,0.09981371413997453,0,false,74.9015,false,false,8.1,false,1.920581e6,1.7288806770833335e6,false,6
405.137,use_adaptive_ngroute,0.09856074946996762,0,false,101.00325000000001,false,false,8.549999999999999,false,1.920581e6,1.7312870972222202e6,false,1
388.365,use_lmSR3_cuts,0.09856074946996674,5,false,96.78224999999999,false,false,8.8,false,1.920581e6,1.7312870972222218e6,false,0
1179.104,none,0.09162601000064219,0,false,251.87725000000003,false,false,8.8,true,1.920581e6,1.7446058260869565e6,false,0
