CG_time_taken,method,CG_LP_IP_gap,implemented_SR3_cuts_count,errored,CG_sp_time_taken_mean,converged,CGIP_artificial,ngroute_neighborhood_size,time_limit_reached,CGIP_objective,CGLP_objective,CGLP_artificial,cycles_lookup_length
77.504,use_adaptive_ngroute,0.1841579774955775,0,false,4.644,false,false,5.0,false,1.569893e6,1.2807846802355354e6,false,16
45.581,use_adaptive_ngroute,0.030991342107823172,0,false,7.52,false,false,7.25,false,1.449429e6,1.40450925e6,false,7
35.619,use_lmSR3_cuts,0.028789038074073625,5,false,8.88675,false,false,7.7,false,1.449429e6,1.4077013333333335e6,false,0
54.837,use_lmSR3_cuts,0.019484454452983413,5,false,18.136,false,false,7.7,false,1.449429e6,1.4211876666666667e6,false,0
202.666,use_lmSR3_cuts,0.016129235594280256,5,false,33.724,false,false,7.7,false,1.449429e6,1.426050818181818e6,false,0
137.534,use_lmSR3_cuts,0.013931003174353473,5,false,45.736,false,false,7.7,false,1.449429e6,1.429237e6,false,0
175.68,use_lmSR3_cuts,0.013165608929181949,5,false,87.786,false,false,7.7,false,1.449429e6,1.4303463846153847e6,false,0
478.8,use_adaptive_ngroute,0.00800903200902825,0,false,159.54466666666664,false,false,7.7,false,1.449429e6,1.4378204767441861e6,false,8
989.924,use_adaptive_ngroute,0.007121395699139499,0,false,247.45325,false,false,8.65,false,1.449429e6,1.439107042553192e6,false,3
538.97,use_lmSR3_cuts,0.007117386956396743,5,false,269.4535,false,false,8.85,false,1.449429e6,1.4391128529411769e6,false,0
817.381,none,0.0056404970509077446,0,false,220.046,false,false,8.85,true,1.449429e6,1.4412534999999998e6,false,0
