CG_time_taken,method,CG_LP_IP_gap,implemented_SR3_cuts_count,errored,CG_sp_time_taken_mean,converged,CGIP_artificial,ngroute_neighborhood_size,time_limit_reached,CGIP_objective,CGLP_objective,CGLP_artificial,cycles_lookup_length
21.521,use_adaptive_ngroute,0.1762764322442566,0,false,1.6586999999999996,false,false,5.0,false,1.532091e6,1.2620194646464647e6,false,14
7.077,use_adaptive_ngroute,0.03818077658892016,0,false,1.71675,false,false,5.75,false,1.406936e6,1.353218090909091e6,false,7
12.865,use_adaptive_ngroute,0.010651737943716877,0,false,2.541,false,false,6.4,false,1.38123e6,1.3665175e6,false,1
6.489,use_lmSR3_cuts,0.010054082231054973,2,false,2.152,false,false,6.45,false,1.38123e6,1.367343e6,false,0
11.882,use_lmSR3_cuts,0.008584619023141116,4,false,3.9036666666666666,false,false,6.45,false,1.38123e6,1.3693726666666667e6,false,0
10.914,use_lmSR3_cuts,0.005750912833730304,2,false,3.6070000000000007,false,false,6.45,false,1.38123e6,1.3732866666666667e6,false,0
10.365,use_adaptive_ngroute,0.0004870055433682241,0,false,3.4456666666666664,false,false,6.45,false,1.38123e6,1.3805573333333335e6,false,5
27.271,none,0.0,0,false,5.439800000000001,true,false,7.6499999999999995,false,1.38123e6,1.38123e6,false,0
