CG_time_taken,method,CG_LP_IP_gap,implemented_SR3_cuts_count,errored,CG_sp_time_taken_mean,converged,CGIP_artificial,ngroute_neighborhood_size,time_limit_reached,CGIP_objective,CGLP_objective,CGLP_artificial,cycles_lookup_length
24.371,use_adaptive_ngroute,0.2944639647631748,0,false,1.9196363636363636,false,false,5.0,false,1.792503e6,1.2646754597701149e6,false,17
20.59,use_adaptive_ngroute,0.06990162780010245,0,false,2.8644285714285718,false,false,5.8999999999999995,false,1.581951e6,1.47137005e6,false,3
10.894,use_lmSR3_cuts,0.051966862062020946,5,false,3.6116666666666672,false,false,6.15,false,1.55582e6,1.4749689166666665e6,false,0
20.602,use_lmSR3_cuts,0.0413371283387205,5,false,5.1072500000000005,false,false,6.15,false,1.554675e6,1.4904091999999997e6,false,0
21.108,use_adaptive_ngroute,0.0369790041862984,0,false,7.005666666666666,false,false,6.15,false,1.554675e6,1.4971846666666665e6,false,1
10.519,use_lmSR3_cuts,0.02502637256082274,5,false,5.249499999999999,false,false,6.2,false,1.536635e6,1.4981786e6,false,0
17.243,use_adaptive_ngroute,0.020980816617386266,0,false,5.728,false,false,6.2,false,1.536635e6,1.5043951428571427e6,false,6
26.658,none,0.0,0,false,6.65375,true,false,6.9,false,1.50525e6,1.50525e6,false,0
