CG_time_taken,method,CG_LP_IP_gap,implemented_SR3_cuts_count,errored,CG_sp_time_taken_mean,converged,CGIP_artificial,ngroute_neighborhood_size,time_limit_reached,CGIP_objective,CGLP_objective,CGLP_artificial,cycles_lookup_length
1152.289,use_adaptive_ngroute,0.11559574437366826,0,false,48.62821428571429,false,false,7.000000000000001,false,2.127411e6,1.88149134186627e6,false,18
611.551,use_adaptive_ngroute,0.0536615866603799,0,false,84.36371428571428,false,false,7.699999999999999,false,2.0299e6,1.920972345238095e6,false,4
682.826,use_adaptive_ngroute,0.0534671434777354,0,false,113.50116666666666,false,false,7.825,false,2.0299e6,1.921367045454545e6,false,6
778.059,use_lmSR3_cuts,0.05344611940380217,5,false,148.9322,false,false,9.15,false,2.0299e6,1.921409722222222e6,false,0
323.741,none,0.043998573274966146,0,false,265.906,false,false,9.15,true,2.0299e6,1.9405872961091462e6,false,0
