CG_time_taken,method,CG_LP_IP_gap,implemented_SR3_cuts_count,errored,CG_sp_time_taken_mean,converged,CGIP_artificial,ngroute_neighborhood_size,time_limit_reached,CGIP_objective,CGLP_objective,CGLP_artificial,cycles_lookup_length
20.93,use_adaptive_ngroute,0.16737023013734653,0,false,1.428909090909091,false,false,5.0,false,1.31263e6,1.0929348148148148e6,false,20
9.905,use_adaptive_ngroute,0.06060900206308195,0,false,1.3335714285714284,false,false,6.75,false,1.298058e6,1.219384e6,false,5
13.01,use_adaptive_ngroute,0.011323591859499715,0,false,2.0633333333333335,false,false,7.35,false,1.262232e6,1.247939e6,false,2
8.339,use_adaptive_ngroute,0.010992432452988088,0,false,1.633,false,false,7.45,false,1.262232e6,1.248357e6,false,2
5.875,use_lmSR3_cuts,0.006061880858669433,2,false,1.9443333333333335,false,false,7.550000000000001,false,1.262232e6,1.2545805e6,false,0
10.735,none,0.0,0,false,2.6245,true,false,7.550000000000001,false,1.262232e6,1.262232e6,false,0
