CG_time_taken,method,CG_LP_IP_gap,implemented_SR3_cuts_count,errored,CG_sp_time_taken_mean,converged,CGIP_artificial,ngroute_neighborhood_size,time_limit_reached,CGIP_objective,CGLP_objective,CGLP_artificial,cycles_lookup_length
778.095,use_adaptive_ngroute,0.2124877692603977,0,false,23.131062500000006,false,false,7.000000000000001,false,2.407157e6,1.8956655788104488e6,false,31
416.38,use_adaptive_ngroute,0.09786146125254647,0,false,44.76177777777778,false,false,9.35,false,2.200753e6,1.9853840955640746e6,false,9
121.224,use_adaptive_ngroute,0.09767839635321363,0,false,60.483999999999995,false,false,10.549999999999999,false,2.200753e6,1.985786976190476e6,false,3
147.828,use_lmSR3_cuts,0.09765289118124842,5,false,73.77399999999999,false,false,10.9,false,2.200753e6,1.985843106774194e6,false,0
623.792,use_adaptive_ngroute,0.06486651337610405,0,false,123.8478,false,false,10.9,false,2.151797e6,2.0122174311168394e6,false,8
726.516,use_adaptive_ngroute,0.06318060352605936,0,false,241.94400000000002,false,false,11.275,false,2.151797e6,2.015845166874436e6,false,1
232.905,use_lmSR3_cuts,0.0631711755405947,5,false,232.75500000000002,false,false,11.325,false,2.151797e6,2.015865453985275e6,false,0
481.479,none,0.05351012272684008,0,false,337.61600000000004,false,false,11.325,true,2.151797e6,2.0366540784467538e6,false,0
