CG_time_taken,method,CG_LP_IP_gap,implemented_SR3_cuts_count,errored,CG_sp_time_taken_mean,converged,CGIP_artificial,ngroute_neighborhood_size,time_limit_reached,CGIP_objective,CGLP_objective,CGLP_artificial,cycles_lookup_length
2150.899,use_adaptive_ngroute,0.11159338204506597,0,false,57.03842105263158,false,false,7.000000000000001,false,1.916772e6,1.7028729299107147e6,false,20
467.108,use_adaptive_ngroute,0.1099726837590067,0,false,76.43566666666666,false,false,8.575000000000001,false,1.9167719749005297e6,1.705979416666667e6,false,2
399.113,use_lmSR3_cuts,0.10954945159287188,5,false,78.08800000000001,false,false,8.625,false,1.916772e6,1.7067906785714277e6,false,0
500.144,none,0.09633370133709729,0,false,177.459,false,false,8.625,true,1.916772e6,1.7321222586206894e6,false,0
