CG_time_taken,method,CG_LP_IP_gap,implemented_SR3_cuts_count,errored,CG_sp_time_taken_mean,converged,CGIP_artificial,ngroute_neighborhood_size,time_limit_reached,CGIP_objective,CGLP_objective,CGLP_artificial,cycles_lookup_length
68.739,use_adaptive_ngroute,0.36407935058583896,0,false,5.732818181818181,false,false,5.0,false,1.715878e6,1.091162252075472e6,false,20
208.672,use_adaptive_ngroute,0.06201744576040402,0,false,29.72771428571429,false,false,7.45,false,1.371824e6,1.2867469794871795e6,false,9
89.643,use_adaptive_ngroute,0.038331447765894144,0,false,22.391749999999995,false,false,8.65,false,1.371824e6,1.31924e6,false,3
42.605,use_lmSR3_cuts,0.03821335681545157,2,false,21.294500000000003,false,false,8.85,false,1.371824e6,1.319402e6,false,0
162.91,use_adaptive_ngroute,0.03470667115055881,0,false,40.683249999999994,false,false,8.85,false,1.371824e6,1.3242125555555557e6,false,4
69.905,use_lmSR3_cuts,0.03409688347552109,5,false,34.9325,false,false,9.05,false,1.371824e6,1.3250490769230768e6,false,0
85.73,use_lmSR3_cuts,0.01861934184936853,5,false,42.7095,false,false,9.05,false,1.350416e6,1.3252721428571432e6,false,0
173.846,use_lmSR3_cuts,0.014789183481238255,5,false,57.815,false,false,9.05,false,1.350416e6,1.3304444500000002e6,false,0
191.608,none,0.014735212457988367,0,false,95.693,false,false,9.05,false,1.350416e6,1.3305173333333333e6,false,0
