CG_time_taken,method,CG_LP_IP_gap,implemented_SR3_cuts_count,errored,CG_sp_time_taken_mean,converged,CGIP_artificial,ngroute_neighborhood_size,time_limit_reached,CGIP_objective,CGLP_objective,CGLP_artificial,cycles_lookup_length
168.383,use_adaptive_ngroute,0.21369401416785783,0,false,11.987461538461536,false,false,5.0,false,1.584489e6,1.2458931851851852e6,false,19
213.063,use_adaptive_ngroute,0.011271348360368805,0,false,30.259285714285713,false,false,7.45,false,1.399522e6,1.3837475e6,false,1
147.206,use_adaptive_ngroute,0.010552174242348444,0,false,36.72025,false,false,7.5,false,1.399522e6,1.384754e6,false,1
86.633,use_lmSR3_cuts,0.003309344190373542,5,false,28.823000000000004,false,false,7.550000000000001,false,1.399522e6,1.3948905e6,false,0
137.681,use_lmSR3_cuts,0.0010918013436016505,5,false,45.81166666666666,false,false,7.550000000000001,false,1.399522e6,1.397994e6,false,0
199.762,none,0.0,0,false,66.524,true,false,7.550000000000001,false,1.399522e6,1.399522e6,false,0
