CG_time_taken,method,CG_LP_IP_gap,implemented_SR3_cuts_count,errored,CG_sp_time_taken_mean,converged,CGIP_artificial,ngroute_neighborhood_size,time_limit_reached,CGIP_objective,CGLP_objective,CGLP_artificial,cycles_lookup_length
37.322,use_adaptive_ngroute,0.23859122816570544,0,false,2.565692307692308,false,false,5.0,false,1.517445e6,1.155395933776091e6,false,19
18.096,use_adaptive_ngroute,0.07662015369606467,0,false,2.9476666666666667,false,false,6.7,false,1.445004e6,1.3342875714285718e6,false,10
19.829,use_adaptive_ngroute,0.022702836015602523,0,false,3.9374,false,false,8.35,false,1.386699e6,1.355217e6,false,2
18.145,use_adaptive_ngroute,0.022641972050171044,0,false,4.51675,false,false,8.5,false,1.386699e6,1.3553014e6,false,2
5.33,use_lmSR3_cuts,0.022564017137100434,5,false,5.3180000000000005,false,false,8.85,false,1.386699e6,1.3554095e6,false,0
30.383,use_adaptive_ngroute,0.008359823241059217,0,false,7.566499999999999,false,false,8.85,false,1.378827e6,1.36730025e6,false,5
23.667,use_adaptive_ngroute,0.006447328054932977,0,false,7.878000000000001,false,false,9.25,false,1.378827e6,1.369937250000001e6,false,1
14.554,use_lmSR3_cuts,0.006429378014790821,5,false,7.258,false,false,9.299999999999999,false,1.378827e6,1.369962e6,false,0
63.538,use_adaptive_ngroute,0.0027717400370024237,0,false,9.066285714285714,false,false,9.299999999999999,false,1.378827e6,1.37500525e6,false,1
10.088,use_lmSR3_cuts,0.0023579462833263065,5,false,10.075999999999999,false,false,9.65,false,1.378827e6,1.3755758e6,false,0
22.021,none,0.0,0,false,10.99,true,false,9.65,false,1.378827e6,1.378827e6,false,0
