CG_time_taken,method,CG_LP_IP_gap,implemented_SR3_cuts_count,errored,CG_sp_time_taken_mean,converged,CGIP_artificial,ngroute_neighborhood_size,time_limit_reached,CGIP_objective,CGLP_objective,CGLP_artificial,cycles_lookup_length
196.825,use_adaptive_ngroute,0.23602659753746658,0,false,14.034833333333335,false,false,5.0,false,1.312273e6,1.0025416687697162e6,false,17
94.654,use_adaptive_ngroute,0.05756884851844302,0,false,8.472272727272728,false,false,6.949999999999999,false,1.147374e6,1.081321e6,false,2
43.057,use_adaptive_ngroute,0.018853927502188617,0,false,8.5606,false,false,7.05,false,1.131979e6,1.11063675e6,false,3
61.558,use_lmSR3_cuts,0.01645319097497966,5,false,12.282599999999999,false,false,7.2,false,1.131979e6,1.1133543333333335e6,false,0
198.549,use_adaptive_ngroute,0.005577582165705142,0,false,28.231142857142856,false,false,7.2,false,1.131979e6,1.1256652941176472e6,false,2
79.331,use_lmSR3_cuts,0.005571454267940701,5,false,26.403666666666666,false,false,7.3,false,1.131979e6,1.1256722307692308e6,false,0
158.854,use_lmSR3_cuts,0.0020676178621688024,1,false,26.390666666666664,false,false,7.3,false,1.131979e6,1.1296385e6,false,0
271.068,none,0.0020676178621688024,0,false,30.051888888888882,false,false,7.3,false,1.131979e6,1.1296385e6,false,0
