CG_time_taken,method,CG_LP_IP_gap,implemented_SR3_cuts_count,errored,CG_sp_time_taken_mean,converged,CGIP_artificial,ngroute_neighborhood_size,time_limit_reached,CGIP_objective,CGLP_objective,CGLP_artificial,cycles_lookup_length
368.43,use_adaptive_ngroute,0.18265106561902433,0,false,17.317857142857143,false,false,7.000000000000001,false,2.431161e6,1.9871068526585873e6,false,35
430.65,use_adaptive_ngroute,0.08489821815166432,0,false,60.129857142857155,false,false,9.925,false,2.264114e6,2.0718947557077627e6,false,2
313.469,use_lmSR3_cuts,0.08418998925554688,5,false,78.28825,false,false,10.200000000000001,false,2.264114e6,2.0734982666666666e6,false,0
532.686,use_adaptive_ngroute,0.07459306377682406,0,false,177.31133333333332,false,false,10.200000000000001,false,2.264114e6,2.0952267999999998e6,false,4
349.512,use_adaptive_ngroute,0.07437693273386536,0,false,174.636,false,false,10.3,false,2.264114e6,2.095716145320197e6,false,2
473.906,use_lmSR3_cuts,0.07436856954612625,5,false,157.85233333333332,false,false,10.675,false,2.264114e6,2.0957350805306418e6,false,0
1015.596,use_adaptive_ngroute,0.06890061339958742,0,false,202.88279999999997,false,false,10.675,false,2.264114e6,2.1081151565934066e6,false,3
82.89,none,0.06888983451164965,0,false,NaN,false,false,10.775,true,2.264114e6,2.108139561224491e6,false,0
