CG_time_taken,method,CG_LP_IP_gap,implemented_SR3_cuts_count,errored,CG_sp_time_taken_mean,converged,CGIP_artificial,ngroute_neighborhood_size,time_limit_reached,CGIP_objective,CGLP_objective,CGLP_artificial,cycles_lookup_length
7.002,use_adaptive_ngroute,0.3099696991587352,0,false,0.28555555555555556,false,false,5.0,false,1.642712e6,1.1335210555555557e6,false,20
18.311,use_adaptive_ngroute,0.03294287356277503,0,false,1.6434545454545453,false,false,7.5,false,1.296335e6,1.25363e6,false,2
9.758,use_lmSR3_cuts,0.031816621475158846,4,false,1.606666666666667,false,false,7.6,false,1.296335e6,1.25509e6,false,0
10.05,use_lmSR3_cuts,0.030338828863129996,5,false,3.182,false,false,7.6,false,1.296335e6,1.2570057142857143e6,false,0
27.873,use_adaptive_ngroute,0.028180649677745362,0,false,3.9174285714285713,false,false,7.6,false,1.296335e6,1.2598034375e6,false,2
11.503,use_lmSR3_cuts,0.025618783968487824,5,false,3.823,false,false,7.799999999999999,false,1.296335e6,1.2631244736842103e6,false,0
34.099,use_adaptive_ngroute,0.023272077889518683,0,false,5.632,false,false,7.799999999999999,false,1.296335e6,1.2661665909090908e6,false,3
8.759,use_lmSR3_cuts,0.021195331453675137,5,false,4.3675,false,false,7.95,false,1.296335e6,1.26885875e6,false,0
68.298,use_adaptive_ngroute,0.01859464846434089,0,false,13.607200000000002,false,false,7.95,false,1.296335e6,1.2722301063829786e6,false,1
38.308,use_lmSR3_cuts,0.01849019518834849,5,false,9.559500000000002,false,false,8.0,false,1.296335e6,1.2723655128205123e6,false,0
68.773,none,0.01117188072527553,0,false,13.7018,false,false,8.0,false,1.296335e6,1.2818525e6,false,0
