CG_time_taken,method,CG_LP_IP_gap,implemented_SR3_cuts_count,errored,CG_sp_time_taken_mean,converged,CGIP_artificial,ngroute_neighborhood_size,time_limit_reached,CGIP_objective,CGLP_objective,CGLP_artificial,cycles_lookup_length
70.483,use_adaptive_ngroute,0.30941243298806187,0,false,4.108928571428571,false,false,5.0,false,1.710676e6,1.1813715767857144e6,false,16
31.779,use_adaptive_ngroute,0.05019647084797596,0,false,4.468714285714286,false,false,6.35,false,1.472038e6,1.398146887445887e6,false,11
24.8,use_adaptive_ngroute,0.03498987700822187,0,false,4.121666666666668,false,false,7.7,false,1.472038e6,1.4205315714285711e6,false,4
14.801,use_lmSR3_cuts,0.025046228426168327,5,false,7.3725,false,false,8.3,false,1.472038e6,1.435169e6,false,0
34.542,use_adaptive_ngroute,0.005764179410672754,0,false,8.57725,false,false,8.3,false,1.454758e6,1.4463725138888885e6,false,2
27.549,use_lmSR3_cuts,0.005627370008249977,5,false,9.171333333333333,false,false,8.45,false,1.454758e6,1.4465715384615383e6,false,0
20.61,use_lmSR3_cuts,0.0026372083879243613,1,false,10.2225,false,false,8.45,false,1.454758e6,1.4509215e6,false,0
41.011,none,0.0,0,false,10.238249999999999,true,false,8.45,false,1.452378e6,1.452378e6,false,0
