CG_time_taken,method,CG_LP_IP_gap,implemented_SR3_cuts_count,errored,CG_sp_time_taken_mean,converged,CGIP_artificial,ngroute_neighborhood_size,time_limit_reached,CGIP_objective,CGLP_objective,CGLP_artificial,cycles_lookup_length
94.786,use_adaptive_ngroute,0.24087768442031843,0,false,6.738222222222222,false,false,5.0,false,1.640106e6,1.2450410645161292e6,false,20
56.406,use_adaptive_ngroute,0.028546891492379767,0,false,6.527374999999999,false,false,7.0,false,1.435728e6,1.3947424285714286e6,false,4
27.104,use_adaptive_ngroute,0.02157948149187272,0,false,5.3664,false,false,7.4,false,1.433872e6,1.4029297857142854e6,false,5
24.641,use_lmSR3_cuts,0.019560323376145106,5,false,8.185666666666664,false,false,8.4,false,1.433872e6,1.405825e6,false,0
70.044,use_adaptive_ngroute,0.013419801612541526,0,false,13.879199999999999,false,false,8.4,false,1.433872e6,1.4146297222222218e6,false,6
39.892,use_lmSR3_cuts,0.010537028409788318,5,false,13.258666666666667,false,false,8.85,false,1.433872e6,1.41876325e6,false,0
52.425,use_adaptive_ngroute,0.008317881775903091,0,false,17.383,false,false,8.85,false,1.433872e6,1.4219452222222222e6,false,2
44.022,use_lmSR3_cuts,0.008015429550196962,5,false,21.940499999999997,false,false,9.25,false,1.433872e6,1.4223789e6,false,0
45.966,use_adaptive_ngroute,0.004936563375252612,0,false,22.8435,false,false,9.25,false,1.433872e6,1.4267935999999999e6,false,3
29.551,use_adaptive_ngroute,0.004798894183023483,0,false,29.516000000000002,false,false,9.65,false,1.433872e6,1.4269909999999998e6,false,1
33.549,use_lmSR3_cuts,0.004798600535730224,5,false,33.518,false,false,9.700000000000001,false,1.433872e6,1.4269914210526315e6,false,0
110.212,use_lmSR3_cuts,0.0023962862388938744,5,false,36.654,false,false,9.700000000000001,false,1.433872e6,1.4304360322580647e6,false,0
150.976,none,0.0,0,false,37.665749999999996,true,false,9.700000000000001,false,1.433872e6,1.433872e6,false,0
