CG_time_taken,method,CG_LP_IP_gap,implemented_SR3_cuts_count,errored,CG_sp_time_taken_mean,converged,CGIP_artificial,ngroute_neighborhood_size,time_limit_reached,CGIP_objective,CGLP_objective,CGLP_artificial,cycles_lookup_length
64.581,use_adaptive_ngroute,0.1458288689328503,0,false,4.815000000000001,false,false,5.0,false,1.421373e6,1.2140957830783078e6,false,14
37.103,use_adaptive_ngroute,0.09232340842270115,0,false,5.753,false,false,6.5,false,1.421373e6,1.290147e6,false,5
22.274,use_adaptive_ngroute,0.08790321048732463,0,false,5.5047500000000005,false,false,6.75,false,1.421373e6,1.29642975e6,false,2
24.615,use_lmSR3_cuts,0.08712280309250287,2,false,6.10025,false,false,6.8500000000000005,false,1.421373e6,1.297539e6,false,0
55.586,none,0.0014162154948470507,0,false,10.6508,false,false,6.8500000000000005,false,1.303827e6,1.3019805e6,false,0
