CG_time_taken,method,CG_LP_IP_gap,implemented_SR3_cuts_count,errored,CG_sp_time_taken_mean,converged,CGIP_artificial,ngroute_neighborhood_size,time_limit_reached,CGIP_objective,CGLP_objective,CGLP_artificial,cycles_lookup_length
227.264,use_adaptive_ngroute,0.23610848260724715,0,false,12.432142857142859,false,false,5.0,false,1.521152e6,1.1619951094650207e6,false,17
63.472,use_adaptive_ngroute,0.03572790689912819,0,false,7.615874999999999,false,false,6.75,false,1.386049e6,1.3365283703703703e6,false,12
37.61,use_lmSR3_cuts,0.033377777621222515,5,false,7.4888,false,false,7.6499999999999995,false,1.386049e6,1.3397857647058822e6,false,0
47.061,use_adaptive_ngroute,0.019885464142187725,0,false,11.68325,false,false,7.6499999999999995,false,1.379709e6,1.3522728461538462e6,false,3
39.172,use_lmSR3_cuts,0.01967317021197945,5,false,13.041333333333334,false,false,7.799999999999999,false,1.379709e6,1.35256575e6,false,0
62.684,use_adaptive_ngroute,0.017758751367794923,0,false,20.82466666666667,false,false,7.799999999999999,false,1.379709e6,1.355207090909091e6,false,5
70.991,use_adaptive_ngroute,0.01741055541422143,0,false,23.624000000000002,false,false,8.35,false,1.379709e6,1.3556875e6,false,1
29.766,use_lmSR3_cuts,0.01718011229582128,5,false,29.736,false,false,8.55,false,1.379709e6,1.3560054444444447e6,false,0
81.183,none,0.0,0,false,26.984333333333336,true,false,8.55,false,1.356733e6,1.356733e6,false,0
