CG_time_taken,method,CG_LP_IP_gap,implemented_SR3_cuts_count,errored,CG_sp_time_taken_mean,converged,CGIP_artificial,ngroute_neighborhood_size,time_limit_reached,CGIP_objective,CGLP_objective,CGLP_artificial,cycles_lookup_length
171.472,use_adaptive_ngroute,0.15716806845054176,0,false,9.393399999999998,false,false,5.0,false,1.435297e6,1.2097141428571427e6,false,14
59.814,use_adaptive_ngroute,0.07873282723929342,0,false,9.418999999999999,false,false,7.25,false,1.389992e6,1.280554e6,false,3
61.395,use_adaptive_ngroute,0.0262801017720663,0,false,12.1804,false,false,7.4,false,1.34156e6,1.3063036666666667e6,false,13
59.507,use_adaptive_ngroute,0.017455187854573673,0,false,14.82425,false,false,8.5,false,1.34156e6,1.3181428181818181e6,false,8
58.759,use_adaptive_ngroute,0.012025303875090598,0,false,29.333000000000002,false,false,9.6,false,1.34156e6,1.3254273333333335e6,false,1
156.527,use_lmSR3_cuts,0.01127706337611234,5,false,39.064750000000004,false,false,9.65,false,1.34156e6,1.3264311428571427e6,false,0
290.007,none,6.661338147750939e-16,0,false,57.895999999999994,true,false,9.65,false,1.34156e6,1.341559999999999e6,false,0
