CG_time_taken,method,CG_LP_IP_gap,implemented_SR3_cuts_count,errored,CG_sp_time_taken_mean,converged,CGIP_artificial,ngroute_neighborhood_size,time_limit_reached,CGIP_objective,CGLP_objective,CGLP_artificial,cycles_lookup_length
305.116,use_adaptive_ngroute,0.2723035817961581,0,false,20.42918181818182,false,false,5.0,false,1.626755e6,1.1837837867951908e6,false,20
258.159,use_adaptive_ngroute,0.07656204830401092,0,false,31.583375,false,false,8.05,false,1.413423e6,1.30520844e6,false,4
103.208,use_lmSR3_cuts,0.07556996973541075,5,false,34.306999999999995,false,false,8.6,false,1.413423e6,1.3066106666666665e6,false,0
276.458,use_lmSR3_cuts,0.06622751999932064,1,false,68.95075,false,false,8.6,false,1.413423e6,1.3198155000000002e6,false,0
238.813,use_adaptive_ngroute,0.06409158745083676,0,false,79.44866666666667,false,false,8.6,false,1.413423e6,1.322834476190476e6,false,10
334.376,use_lmSR3_cuts,0.06376965706656823,1,false,111.37133333333334,false,false,9.85,false,1.413423e6,1.3232895e6,false,0
304.403,use_adaptive_ngroute,0.059962207079425234,0,false,101.396,false,false,9.85,false,1.413423e6,1.3286710373831776e6,false,6
396.133,use_adaptive_ngroute,0.059575085880284484,0,false,131.995,false,false,10.6,false,1.413423e6,1.3292182033898307e6,false,4
380.547,use_adaptive_ngroute,0.04674050035620614,0,false,126.792,false,false,10.9,false,1.394707e6,1.3295176969696968e6,false,1
287.042,use_lmSR3_cuts,0.04674050035620614,5,false,143.4705,false,false,11.100000000000001,false,1.394707e6,1.3295176969696968e6,false,0
677.446,none,0.03094611406177905,0,false,224.36333333333334,false,false,11.100000000000001,true,1.394707e6,1.3515462380952383e6,false,0
