CG_time_taken,method,CG_LP_IP_gap,implemented_SR3_cuts_count,errored,CG_sp_time_taken_mean,converged,CGIP_artificial,ngroute_neighborhood_size,time_limit_reached,CGIP_objective,CGLP_objective,CGLP_artificial,cycles_lookup_length
3.707,use_adaptive_ngroute,0.30119533376016216,0,false,0.151875,false,false,5.0,false,1.569715e6,1.096924166666667e6,false,20
5.469,use_adaptive_ngroute,0.026705313642482742,0,false,0.4211666666666667,false,false,8.1,false,1.263057e6,1.2293266666666667e6,false,13
2.368,use_adaptive_ngroute,0.021127312544089505,0,false,0.58,false,false,9.4,false,1.263057e6,1.236372e6,false,3
2.382,use_lmSR3_cuts,0.015418544056206462,5,false,0.5842499999999999,false,false,9.549999999999999,false,1.263057e6,1.2435825e6,false,0
4.209,use_adaptive_ngroute,0.009577556674006171,0,false,0.9212500000000001,false,false,9.549999999999999,false,1.263057e6,1.2509599999999998e6,false,4
1.882,use_lmSR3_cuts,0.009260864711569061,5,false,0.9305,false,false,9.75,false,1.263057e6,1.2513599999999998e6,false,0
2.261,use_lmSR3_cuts,0.008750198922138908,2,false,0.9784999999999999,false,false,9.75,false,1.263057e6,1.252005e6,false,0
1.05,use_lmSR3_cuts,0.00844934155782362,2,false,0.896,false,false,9.75,false,1.263057e6,1.252385e6,false,0
5.201,use_lmSR3_cuts,0.0035386368152823255,5,false,1.2862500000000001,false,false,9.75,false,1.263057e6,1.2585875e6,false,0
2.719,use_lmSR3_cuts,0.0029931349099843185,4,false,1.2775,false,false,9.75,false,1.263057e6,1.2592765e6,false,0
2.71,none,0.0,0,false,1.301,true,false,9.75,false,1.263057e6,1.263057e6,false,0
