CG_time_taken,method,CG_LP_IP_gap,implemented_SR3_cuts_count,errored,CG_sp_time_taken_mean,converged,CGIP_artificial,ngroute_neighborhood_size,time_limit_reached,CGIP_objective,CGLP_objective,CGLP_artificial,cycles_lookup_length
82.635,use_adaptive_ngroute,0.18058228426285572,0,false,6.560888888888888,false,false,5.0,false,1.487269e6,1.218694566666667e6,false,20
59.398,use_adaptive_ngroute,0.019579491025372264,0,false,14.34525,false,false,7.25,false,1.379906e6,1.3528881428571427e6,false,9
90.924,use_adaptive_ngroute,0.01627236444608071,0,false,18.0582,false,false,8.45,false,1.379906e6,1.3574516666666665e6,false,2
102.03,use_adaptive_ngroute,0.014840443237920886,0,false,25.480999999999998,false,false,8.6,false,1.379906e6,1.3594275833333335e6,false,1
53.672,use_adaptive_ngroute,0.014231847032414535,0,false,26.808000000000003,false,false,8.65,false,1.379906e6,1.360267388888889e6,false,1
27.219,use_lmSR3_cuts,0.014129447602814538,5,false,27.113,false,false,8.7,false,1.379906e6,1.3604086904761905e6,false,0
130.049,use_lmSR3_cuts,0.009261741983391136,5,false,43.248333333333335,false,false,8.7,false,1.379906e6,1.3671256666666667e6,false,0
91.954,use_lmSR3_cuts,0.005625503959448497,5,false,45.933499999999995,false,false,8.7,false,1.379906e6,1.3721433333333333e6,false,0
253.377,use_lmSR3_cuts,0.004631474897565435,5,false,63.24549999999999,false,false,8.7,false,1.379906e6,1.373515e6,false,0
104.38,use_lmSR3_cuts,0.0016751141019750726,5,false,52.141,false,false,8.7,false,1.379906e6,1.3775945e6,false,0
224.206,none,0.0,0,false,74.543,true,false,8.7,false,1.379906e6,1.379906e6,false,0
