CG_time_taken,method,CG_LP_IP_gap,implemented_SR3_cuts_count,errored,CG_sp_time_taken_mean,converged,CGIP_artificial,ngroute_neighborhood_size,time_limit_reached,CGIP_objective,CGLP_objective,CGLP_artificial,cycles_lookup_length
165.208,use_adaptive_ngroute,0.29096801991155474,0,false,13.2886,false,false,5.0,false,1.643386e6,1.1652132296296298e6,false,20
123.077,use_adaptive_ngroute,0.017882367956188916,0,false,17.330285714285715,false,false,8.200000000000001,false,1.379012e6,1.354352e6,false,9
110.059,use_lmSR3_cuts,0.0031762776538565296,5,false,21.778000000000002,false,false,9.05,false,1.379012e6,1.374631875e6,false,0
182.342,none,0.0,0,false,45.411750000000005,true,false,9.05,false,1.379012e6,1.379012e6,false,0
