CG_time_taken,method,CG_LP_IP_gap,implemented_SR3_cuts_count,errored,CG_sp_time_taken_mean,converged,CGIP_artificial,ngroute_neighborhood_size,time_limit_reached,CGIP_objective,CGLP_objective,CGLP_artificial,cycles_lookup_length
396.451,use_adaptive_ngroute,0.12178240275001706,0,false,31.687199999999997,false,false,5.0,false,1.361834e6,1.1959865833333333e6,false,19
304.548,use_adaptive_ngroute,0.029264062384507628,0,false,37.769125,false,false,6.6499999999999995,false,1.3529e6,1.3133086499999997e6,false,2
171.097,use_lmSR3_cuts,0.02852148295196566,5,false,56.95733333333334,false,false,6.75,false,1.3529e6,1.3143132857142857e6,false,0
265.513,use_adaptive_ngroute,0.026759553551629844,0,false,88.42066666666668,false,false,6.75,false,1.3529e6,1.316697e6,false,3
222.377,use_adaptive_ngroute,0.02665702248080859,0,false,111.088,false,false,7.4,false,1.3529e6,1.316835714285714e6,false,2
251.823,use_lmSR3_cuts,0.026657022480808257,5,false,83.91566666666667,false,false,7.550000000000001,false,1.3529e6,1.3168357142857146e6,false,0
430.251,use_adaptive_ngroute,0.02114445512109764,0,false,143.367,false,false,7.550000000000001,false,1.3529e6,1.324293666666667e6,false,3
428.946,use_adaptive_ngroute,0.0207082316998054,0,false,142.92,false,false,7.8500000000000005,false,1.3529e6,1.3248838333333333e6,false,1
376.854,use_adaptive_ngroute,0.020427350256605692,0,false,188.3255,false,false,7.8999999999999995,false,1.3529e6,1.325263837837838e6,false,2
362.695,use_lmSR3_cuts,0.02040635431795157,5,false,181.2935,false,false,8.0,false,1.3529e6,1.3252922432432433e6,false,0
366.732,none,0.016835409121147116,0,false,273.439,false,false,8.0,true,1.3529e6,1.330123375e6,false,0
