CG_time_taken,method,CG_LP_IP_gap,implemented_SR3_cuts_count,errored,CG_sp_time_taken_mean,converged,CGIP_artificial,ngroute_neighborhood_size,time_limit_reached,CGIP_objective,CGLP_objective,CGLP_artificial,cycles_lookup_length
65.627,use_adaptive_ngroute,0.21239454354924037,0,false,4.658727272727272,false,false,5.0,false,1.529677e6,1.2047819518072286e6,false,20
39.459,use_adaptive_ngroute,0.011722433010070366,0,false,6.303333333333334,false,false,8.85,false,1.346272e6,1.3304904166666665e6,false,9
20.296,use_lmSR3_cuts,0.007763166234856844,5,false,10.105,false,false,9.950000000000001,false,1.346272e6,1.3358206666666667e6,false,0
93.535,use_lmSR3_cuts,0.003485551211047988,2,false,10.265666666666668,false,false,9.950000000000001,false,1.346272e6,1.3415795e6,false,0
65.201,none,0.0,0,false,21.643333333333334,true,false,9.950000000000001,false,1.346272e6,1.346272e6,false,0
