CG_time_taken,method,CG_LP_IP_gap,implemented_SR3_cuts_count,errored,CG_sp_time_taken_mean,converged,CGIP_artificial,ngroute_neighborhood_size,time_limit_reached,CGIP_objective,CGLP_objective,CGLP_artificial,cycles_lookup_length
70.0,use_adaptive_ngroute,0.27937856303190656,0,false,6.0232222222222225,false,false,5.0,false,1.74557e6,1.257895161728395e6,false,19
106.503,use_lmSR3_cuts,0.09097895315579108,5,false,11.698666666666666,false,false,6.5,false,1.61877e6,1.471496e6,false,0
51.523,use_adaptive_ngroute,0.010159007951397236,0,false,12.81475,false,false,6.5,false,1.500491e6,1.4852475e6,false,5
71.619,use_adaptive_ngroute,0.005917729596512045,0,false,17.8315,false,false,6.949999999999999,false,1.500491e6,1.4916115e6,false,1
32.817,use_adaptive_ngroute,0.005809226651604216,0,false,16.3795,false,false,7.0,false,1.500491e6,1.4917743076923077e6,false,3
45.97,use_lmSR3_cuts,0.005677641518676224,5,false,22.969,false,false,7.35,false,1.500491e6,1.49197175e6,false,0
90.175,use_adaptive_ngroute,0.0027862288895293963,0,false,22.45275,false,false,7.35,false,1.499297e6,1.4951196153846153e6,false,2
47.16,use_lmSR3_cuts,0.0027189409436557677,5,false,23.5515,false,false,7.7,false,1.499297e6,1.4952204999999998e6,false,0
99.697,none,0.0023676529589208295,0,false,24.8805,false,false,7.7,false,1.498812e6,1.495263333333334e6,false,0
