CG_time_taken,method,CG_LP_IP_gap,implemented_SR3_cuts_count,errored,CG_sp_time_taken_mean,converged,CGIP_artificial,ngroute_neighborhood_size,time_limit_reached,CGIP_objective,CGLP_objective,CGLP_artificial,cycles_lookup_length
72.669,use_adaptive_ngroute,0.24351745223958976,0,false,5.6872,false,false,5.0,false,1.47375e6,1.1148661547619046e6,false,20
72.355,use_adaptive_ngroute,0.03265821768232602,0,false,5.419384615384616,false,false,7.5,false,1.294988e6,1.252696e6,false,5
25.275,use_lmSR3_cuts,0.009589471099346047,2,false,4.1834999999999996,false,false,8.1,false,1.294988e6,1.28256975e6,false,0
20.826,use_adaptive_ngroute,0.003999844013998555,0,false,5.1735,false,false,8.1,false,1.294988e6,1.28980825e6,false,3
31.222,none,0.0028345639105702425,0,false,6.2072,false,false,8.25,false,1.294379e6,1.29071e6,false,0
