CG_time_taken,method,CG_LP_IP_gap,implemented_SR3_cuts_count,errored,CG_sp_time_taken_mean,converged,CGIP_artificial,ngroute_neighborhood_size,time_limit_reached,CGIP_objective,CGLP_objective,CGLP_artificial,cycles_lookup_length
214.497,use_adaptive_ngroute,0.3092741405288799,0,false,9.1255,false,false,5.0,false,1.436094e6,991947.2624313188,false,20
419.173,use_adaptive_ngroute,0.06471199886221779,0,false,37.57727272727273,false,false,7.75,false,1.26562e6,1.1837192e6,false,9
236.978,use_adaptive_ngroute,0.005362991627620439,0,false,29.547375,false,false,8.45,false,1.246599e6,1.2399135e6,false,8
89.882,use_lmSR3_cuts,0.003039068698113878,5,false,44.8665,false,false,9.15,false,1.246599e6,1.2428105e6,false,0
370.096,use_lmSR3_cuts,0.0025713962549304137,5,false,73.8574,false,false,9.15,false,1.246599e6,1.2433935e6,false,0
229.51,use_lmSR3_cuts,0.0018863323330116089,2,false,76.26566666666668,false,false,9.15,false,1.246599e6,1.2442475e6,false,0
213.174,none,0.0015458058284981702,0,false,53.07750000000001,false,false,9.15,false,1.246599e6,1.244672e6,false,0
