CG_time_taken,method,CG_LP_IP_gap,implemented_SR3_cuts_count,errored,CG_sp_time_taken_mean,converged,CGIP_artificial,ngroute_neighborhood_size,time_limit_reached,CGIP_objective,CGLP_objective,CGLP_artificial,cycles_lookup_length
1204.394,use_adaptive_ngroute,0.2152458440821554,0,false,67.87083333333334,false,false,5.0,false,1.441717e6,1.1313934074074072e6,false,19
372.307,use_adaptive_ngroute,0.015728630285700707,0,false,45.41825,false,false,7.3,false,1.348544e6,1.32733325e6,false,15
153.972,use_adaptive_ngroute,0.014063068514387767,0,false,37.9895,false,false,8.45,false,1.348544e6,1.3295793333333335e6,false,1
125.968,use_lmSR3_cuts,0.011721901547150138,1,false,31.342,false,false,8.55,false,1.348544e6,1.3327365e6,false,0
182.984,use_lmSR3_cuts,0.011646264415547392,1,false,60.904,false,false,8.55,false,1.348544e6,1.3328385e6,false,0
213.09,use_lmSR3_cuts,0.011646264415547392,1,false,70.71766666666667,false,false,8.55,false,1.348544e6,1.3328385e6,false,0
301.806,use_lmSR3_cuts,0.011433813060604647,1,false,100.532,false,false,8.55,false,1.348544e6,1.333125e6,false,0
193.914,use_lmSR3_cuts,0.0011355471347093138,1,false,64.508,false,false,8.55,false,1.341644e6,1.3401205e6,false,0
408.448,none,0.0,0,false,136.08666666666667,true,false,8.55,false,1.341644e6,1.341644e6,false,0
