CG_time_taken,method,CG_LP_IP_gap,implemented_SR3_cuts_count,errored,CG_sp_time_taken_mean,converged,CGIP_artificial,ngroute_neighborhood_size,time_limit_reached,CGIP_objective,CGLP_objective,CGLP_artificial,cycles_lookup_length
121.545,use_adaptive_ngroute,0.24197849493020407,0,false,8.450750000000001,false,false,5.0,false,1.517979e6,1.1506607262443437e6,false,20
55.467,use_adaptive_ngroute,0.05302845131873779,0,false,5.965555555555555,false,false,6.8500000000000005,false,1.419653e6,1.344371e6,false,6
19.129,use_lmSR3_cuts,0.051471967680365216,2,false,6.343666666666667,false,false,7.8999999999999995,false,1.419653e6,1.3465806666666665e6,false,0
40.808,use_lmSR3_cuts,0.04874395362810491,1,false,8.0762,false,false,7.8999999999999995,false,1.419653e6,1.3504535e6,false,0
42.673,use_adaptive_ngroute,0.002898572591459647,0,false,10.575999999999999,false,false,7.8999999999999995,false,1.358686e6,1.35474775e6,false,3
40.449,use_lmSR3_cuts,0.0017220869808604045,4,false,10.0915,false,false,8.200000000000001,false,1.357655e6,1.355317e6,false,0
21.706,none,0.0,0,false,10.752,true,false,8.200000000000001,false,1.357655e6,1.357655e6,false,0
