CG_time_taken,method,CG_LP_IP_gap,implemented_SR3_cuts_count,errored,CG_sp_time_taken_mean,converged,CGIP_artificial,ngroute_neighborhood_size,time_limit_reached,CGIP_objective,CGLP_objective,CGLP_artificial,cycles_lookup_length
3.392,use_adaptive_ngroute,0.3887759307057972,0,false,0.1656428571428572,false,false,5.0,false,1.863761e6,1.1391755826118328e6,false,19
4.212,use_lmSR3_cuts,0.03381349831431446,2,false,0.5025000000000001,false,false,7.05,false,1.40299e6,1.35555e6,false,0
4.136,use_adaptive_ngroute,0.0030102366307750428,0,false,0.7396000000000001,false,false,7.05,false,1.36894e6,1.3648191666666667e6,false,3
2.536,use_adaptive_ngroute,0.0015669057811152909,0,false,0.8316666666666667,false,false,7.4,false,1.36894e6,1.366795e6,false,4
1.692,use_lmSR3_cuts,0.0015574093824418656,5,false,0.8380000000000001,false,false,7.8999999999999995,false,1.36894e6,1.366808e6,false,0
1.098,none,0.0,0,false,0.875,true,false,7.8999999999999995,false,1.36894e6,1.36894e6,false,0
