CG_time_taken,method,CG_LP_IP_gap,implemented_SR3_cuts_count,errored,CG_sp_time_taken_mean,converged,CGIP_artificial,ngroute_neighborhood_size,time_limit_reached,CGIP_objective,CGLP_objective,CGLP_artificial,cycles_lookup_length
74.648,use_adaptive_ngroute,0.1688701048326906,0,false,6.7887,false,false,5.0,false,1.566336e6,1.3018286754767827e6,false,14
49.738,use_adaptive_ngroute,0.01358550555364546,0,false,6.966857142857142,false,false,5.75,false,1.398991e6,1.379985e6,false,3
39.865,use_adaptive_ngroute,0.00241475622232179,0,false,9.9105,false,false,5.8999999999999995,false,1.398991e6,1.3956127777777778e6,false,10
46.547,none,0.0,0,false,7.735833333333333,true,false,6.8,false,1.398991e6,1.398991e6,false,0
