CG_time_taken,method,CG_LP_IP_gap,implemented_SR3_cuts_count,errored,CG_sp_time_taken_mean,converged,CGIP_artificial,ngroute_neighborhood_size,time_limit_reached,CGIP_objective,CGLP_objective,CGLP_artificial,cycles_lookup_length
108.305,use_adaptive_ngroute,0.1561649705085243,0,false,9.02609090909091,false,false,5.0,false,1.485514e6,1.25352875e6,false,14
73.036,use_adaptive_ngroute,0.04818080086570675,0,false,10.337,false,false,5.7,false,1.377702e6,1.311323214285714e6,false,9
49.427,use_adaptive_ngroute,0.04582636082804348,0,false,16.447333333333333,false,false,7.05,false,1.377702e6,1.3145669310344828e6,false,2
42.472,use_adaptive_ngroute,0.04520408387064612,0,false,21.2015,false,false,7.3,false,1.377702e6,1.315424243243243e6,false,2
16.33,use_adaptive_ngroute,0.04516147581665397,0,false,16.316000000000003,false,false,7.5,false,1.377702e6,1.3154829444444443e6,false,1
14.517,use_lmSR3_cuts,0.045143264303341035,5,false,14.504,false,false,7.550000000000001,false,1.377702e6,1.3155080344827585e6,false,0
166.32,none,0.03722757170999247,0,false,33.20019999999999,false,false,7.550000000000001,false,1.377702e6,1.3264135e6,false,0
