CG_time_taken,method,CG_LP_IP_gap,implemented_SR3_cuts_count,errored,CG_sp_time_taken_mean,converged,CGIP_artificial,ngroute_neighborhood_size,time_limit_reached,CGIP_objective,CGLP_objective,CGLP_artificial,cycles_lookup_length
92.933,use_adaptive_ngroute,0.19182334440770632,0,false,8.268777777777778,false,false,5.0,false,1.573882e6,1.2719746910569104e6,false,15
12.141,use_adaptive_ngroute,0.01718226222207675,0,false,2.2448,false,false,6.1,false,1.435783e6,1.411113e6,false,5
11.207,use_adaptive_ngroute,0.012209687354190368,0,false,3.652333333333334,false,false,6.8500000000000005,false,1.435783e6,1.4182525384615385e6,false,2
7.798,use_adaptive_ngroute,0.011181623278298192,0,false,3.8489999999999998,false,false,7.15,false,1.435783e6,1.4197286153846153e6,false,4
11.155,use_adaptive_ngroute,0.010961266430930205,0,false,5.561,false,false,7.6499999999999995,false,1.435783e6,1.4200449999999998e6,false,2
11.054,use_lmSR3_cuts,0.010908616587604114,5,false,5.514,false,false,8.25,false,1.435783e6,1.42012059375e6,false,0
27.855,use_lmSR3_cuts,0.003543362750499157,5,false,9.158000000000001,false,false,8.25,false,1.435783e6,1.4306955e6,false,0
51.042,use_adaptive_ngroute,0.0008915493696269872,0,false,10.148600000000002,false,false,8.25,false,1.435783e6,1.4345029285714289e6,false,1
19.805,use_lmSR3_cuts,0.0008203189479190076,5,false,9.8735,false,false,8.3,false,1.435783e6,1.4346052e6,false,0
36.025,none,0.0,0,false,8.921750000000001,true,false,8.3,false,1.435783e6,1.435783e6,false,0
