CG_time_taken,method,CG_LP_IP_gap,implemented_SR3_cuts_count,errored,CG_sp_time_taken_mean,converged,CGIP_artificial,ngroute_neighborhood_size,time_limit_reached,CGIP_objective,CGLP_objective,CGLP_artificial,cycles_lookup_length
39.097,use_adaptive_ngroute,0.1375107615710669,0,false,2.4618181818181815,false,false,5.0,false,1.438153e6,1.2403914857142854e6,false,9
15.172,use_lmSR3_cuts,0.09098309634838009,2,false,2.916,false,false,5.5,false,1.437855e6,1.3070345e6,false,0
11.96,use_adaptive_ngroute,0.02864446574796453,0,false,2.3152,false,false,5.5,false,1.374838e6,1.3354565e6,false,3
8.172,use_adaptive_ngroute,0.0285902775454272,0,false,2.673333333333333,false,false,5.6499999999999995,false,1.374838e6,1.335531e6,false,2
7.418,use_adaptive_ngroute,0.026234675337333146,0,false,2.4356666666666666,false,false,5.8999999999999995,false,1.374838e6,1.3387695714285716e6,false,1
5.359,use_lmSR3_cuts,0.02575939856186693,5,false,2.6485000000000003,false,false,6.15,false,1.374838e6,1.339423e6,false,0
18.531,use_adaptive_ngroute,0.018261060575864185,0,false,3.6402,false,false,6.15,false,1.374838e6,1.349732e6,false,2
9.201,use_lmSR3_cuts,0.016765854110326606,5,false,3.0189999999999997,false,false,6.25,false,1.374838e6,1.3517876666666667e6,false,0
15.55,use_lmSR3_cuts,0.00971938996295929,5,false,3.818,false,false,6.25,false,1.371108e6,1.3577816666666667e6,false,0
9.03,use_adaptive_ngroute,0.006825712834936604,0,false,4.4405,false,false,6.25,false,1.371108e6,1.3617492105263157e6,false,5
13.683,use_lmSR3_cuts,0.006510792731134529,1,false,3.37725,false,false,7.15,false,1.371108e6,1.3621809999999995e6,false,0
14.528,use_lmSR3_cuts,0.005651998237921285,5,false,4.800666666666667,false,false,7.15,false,1.371108e6,1.3633585000000002e6,false,0
10.539,use_lmSR3_cuts,0.004529366030976423,3,false,5.176,false,false,7.15,false,1.371108e6,1.36489775e6,false,0
46.306,use_adaptive_ngroute,0.0019426332571905736,0,false,9.158600000000002,false,false,7.15,false,1.371108e6,1.36844444e6,false,4
49.915,none,0.0,0,false,12.408250000000002,true,false,7.35,false,1.36957e6,1.36957e6,false,0
