CG_time_taken,method,CG_LP_IP_gap,implemented_SR3_cuts_count,errored,CG_sp_time_taken_mean,converged,CGIP_artificial,ngroute_neighborhood_size,time_limit_reached,CGIP_objective,CGLP_objective,CGLP_artificial,cycles_lookup_length
111.178,use_adaptive_ngroute,0.15676124217193776,0,false,5.236470588235295,false,false,5.0,false,1.639085e6,1.3821399993746094e6,false,17
12.455,use_adaptive_ngroute,0.02864249219700077,0,false,1.1749999999999998,false,false,6.2,false,1.494938e6,1.45211925e6,false,3
18.751,use_adaptive_ngroute,0.010279439682448377,0,false,2.0353333333333334,false,false,6.35,false,1.494938e6,1.479570875e6,false,1
9.029,use_lmSR3_cuts,0.00937430181050991,5,false,1.4788333333333332,false,false,6.5,false,1.494938e6,1.480924e6,false,0
4.551,use_lmSR3_cuts,0.0076394472546688075,5,false,2.1790000000000003,false,false,6.5,false,1.494938e6,1.4835175e6,false,0
17.068,none,0.0,0,false,3.3173999999999997,true,false,6.5,false,1.48392e6,1.48392e6,false,0
