CG_time_taken,method,CG_LP_IP_gap,implemented_SR3_cuts_count,errored,CG_sp_time_taken_mean,converged,CGIP_artificial,ngroute_neighborhood_size,time_limit_reached,CGIP_objective,CGLP_objective,CGLP_artificial,cycles_lookup_length
63.792,use_adaptive_ngroute,0.13678836682319118,0,false,4.980818181818181,false,false,5.0,false,1.504983e6,1.2991188333333333e6,false,10
34.972,use_adaptive_ngroute,0.0920032280216101,0,false,5.725833333333334,false,false,5.6499999999999995,false,1.504983e6,1.3665197058823532e6,false,13
24.181,use_lmSR3_cuts,0.08417680908466507,4,false,5.975750000000001,false,false,7.1,false,1.504983e6,1.3782983333333335e6,false,0
28.603,use_adaptive_ngroute,0.08239716550508114,0,false,9.469333333333333,false,false,7.1,false,1.504983e6,1.3809766666666665e6,false,1
20.661,use_adaptive_ngroute,0.08139028812950044,0,false,10.306,false,false,7.25,false,1.504983e6,1.382492e6,false,3
37.187,use_adaptive_ngroute,0.051928763546835066,0,false,12.326333333333332,false,false,8.0,false,1.458551e6,1.3828102500000002e6,false,3
13.766,use_lmSR3_cuts,0.05187568575478885,5,false,13.747,false,false,8.149999999999999,false,1.458551e6,1.382887666666667e6,false,0
45.951,use_adaptive_ngroute,0.04896468851436753,0,false,15.273666666666665,false,false,8.149999999999999,false,1.457094e6,1.3857478461538462e6,false,5
61.842,none,0.0,0,false,20.58566666666667,true,false,8.5,false,1.387155e6,1.387155e6,false,0
