CG_time_taken,method,CG_LP_IP_gap,implemented_SR3_cuts_count,errored,CG_sp_time_taken_mean,converged,CGIP_artificial,ngroute_neighborhood_size,time_limit_reached,CGIP_objective,CGLP_objective,CGLP_artificial,cycles_lookup_length
180.748,use_adaptive_ngroute,0.2749057364252472,0,false,12.414099999999998,false,false,5.0,false,1.650031e6,1.196428012820513e6,false,14
72.971,use_adaptive_ngroute,0.09355841442515811,0,false,9.718714285714286,false,false,7.1,false,1.442295e6,1.3073561666666665e6,false,1
77.431,use_lmSR3_cuts,0.09129581673652043,5,false,12.848333333333334,false,false,7.15,false,1.442295e6,1.3106195000000002e6,false,0
90.338,use_adaptive_ngroute,0.07356789006409925,0,false,22.48175,false,false,7.15,false,1.442295e6,1.3361884e6,false,4
108.385,use_adaptive_ngroute,0.0693560860782384,0,false,27.033250000000002,false,false,7.8500000000000005,false,1.442295e6,1.342263063829787e6,false,7
152.207,use_adaptive_ngroute,0.05295355039515237,0,false,50.652,false,false,9.0,false,1.417592e6,1.3425254705882352e6,false,3
74.632,use_adaptive_ngroute,0.04997164646104113,0,false,37.2685,false,false,9.4,false,1.417592e6,1.3467525937499998e6,false,4
105.542,use_lmSR3_cuts,0.04968010894530994,5,false,52.7435,false,false,9.6,false,1.417592e6,1.3471658750000002e6,false,0
168.89,use_adaptive_ngroute,0.025132380989202785,0,false,56.216333333333324,false,false,9.6,false,1.394707e6,1.359654692307692e6,false,2
64.036,use_adaptive_ngroute,0.02438805554200374,0,false,63.998999999999995,false,false,9.700000000000001,false,1.394707e6,1.3606928082191786e6,false,2
159.217,use_lmSR3_cuts,0.024383092942218965,5,false,79.577,false,false,9.950000000000001,false,1.394707e6,1.3606997295918367e6,false,0
222.951,use_adaptive_ngroute,0.020168369777434747,0,false,74.19833333333334,false,false,9.950000000000001,false,1.394707e6,1.3665780334928234e6,false,5
131.748,use_lmSR3_cuts,0.01938766610934317,5,false,65.8265,false,false,10.35,false,1.394707e6,1.3676668863636362e6,false,0
249.75,use_lmSR3_cuts,0.013792319236976547,5,false,83.15133333333333,false,false,10.35,false,1.394707e6,1.3754707558139542e6,false,0
392.274,use_adaptive_ngroute,0.0064965765244718865,0,false,97.95175,false,false,10.35,false,1.394707e6,1.3856461792452834e6,false,5
214.004,use_adaptive_ngroute,0.006160888426161248,0,false,106.94100000000002,false,false,11.4,false,1.394707e6,1.386114365785814e6,false,1
133.754,use_lmSR3_cuts,0.006158122829945101,5,false,133.707,false,false,11.700000000000001,false,1.394707e6,1.3861182229822157e6,false,0
722.16,use_adaptive_ngroute,0.0007615081815939284,0,false,144.28840000000002,false,false,11.700000000000001,false,1.394707e6,1.3936449192085736e6,false,5
229.898,none,0.0,0,false,173.399,true,false,12.2,true,1.394707e6,1.394707e6,false,0
