CG_time_taken,method,CG_LP_IP_gap,implemented_SR3_cuts_count,errored,CG_sp_time_taken_mean,converged,CGIP_artificial,ngroute_neighborhood_size,time_limit_reached,CGIP_objective,CGLP_objective,CGLP_artificial,cycles_lookup_length
23.369,use_adaptive_ngroute,0.1829656686372051,0,false,2.43525,false,false,5.0,false,1.524313e6,1.245416052742616e6,false,20
31.04,use_adaptive_ngroute,0.019929220785206314,0,false,5.061833333333333,false,false,7.45,false,1.410407e6,1.3822986874999995e6,false,10
20.465,use_adaptive_ngroute,0.01470178466215799,0,false,6.8,false,false,8.3,false,1.410407e6,1.3896714999999998e6,false,1
23.894,use_adaptive_ngroute,0.014676732791787384,0,false,7.953666666666666,false,false,8.35,false,1.410407e6,1.3897068333333335e6,false,1
18.08,use_lmSR3_cuts,0.014429593727200651,5,false,9.0295,false,false,8.55,false,1.410407e6,1.3900554000000001e6,false,0
58.617,use_lmSR3_cuts,0.010886396621684336,5,false,14.551749999999998,false,false,8.55,false,1.410407e6,1.39505275e6,false,0
44.247,use_lmSR3_cuts,0.006689952301396351,5,false,14.713333333333333,false,false,8.55,false,1.410407e6,1.4009714444444445e6,false,0
34.54,use_lmSR3_cuts,0.006056812982756954,5,false,17.208499999999997,false,false,8.55,false,1.410407e6,1.4018644285714286e6,false,0
71.015,use_lmSR3_cuts,0.005024258955039218,1,false,23.618000000000002,false,false,8.55,false,1.410407e6,1.40332075e6,false,0
38.893,none,0.0047504018343641485,0,false,19.426499999999997,false,false,8.55,false,1.410407e6,1.403707e6,false,0
