CG_time_taken,method,CG_LP_IP_gap,implemented_SR3_cuts_count,errored,CG_sp_time_taken_mean,converged,CGIP_artificial,ngroute_neighborhood_size,time_limit_reached,CGIP_objective,CGLP_objective,CGLP_artificial,cycles_lookup_length
99.477,use_adaptive_ngroute,0.253882718981971,0,false,5.9145,false,false,5.0,false,1.644098e6,1.2266899294871795e6,false,19
43.025,use_adaptive_ngroute,0.03851620507094522,0,false,5.123375,false,false,7.0,false,1.483116e6,1.425992e6,false,7
11.833,use_adaptive_ngroute,0.03378808814370449,0,false,5.8645000000000005,false,false,7.6,false,1.483116e6,1.4330043458646615e6,false,5
33.048,use_adaptive_ngroute,0.02819796326800883,0,false,8.23475,false,false,8.25,false,1.483116e6,1.4412951495098039e6,false,1
8.08,use_lmSR3_cuts,0.02819453678405559,5,false,8.054,false,false,8.35,false,1.483116e6,1.4413002313829786e6,false,0
46.817,use_adaptive_ngroute,0.011655973921263163,0,false,11.574,false,false,8.35,false,1.47211e6,1.4549511242307692e6,false,4
38.311,use_lmSR3_cuts,0.01142924366800313,5,false,12.734333333333332,false,false,8.75,false,1.47211e6,1.455284896103896e6,false,0
49.937,use_adaptive_ngroute,0.007819525882706624,0,false,16.538999999999998,false,false,8.75,false,1.47211e6,1.4605987977528088e6,false,3
36.476,use_lmSR3_cuts,0.0077845745222845375,5,false,18.215,false,false,9.15,false,1.47211e6,1.4606502499999998e6,false,0
82.905,use_lmSR3_cuts,0.0045049040395857,5,false,20.5935,false,false,9.15,false,1.47211e6,1.4654782857142854e6,false,0
55.824,use_adaptive_ngroute,0.0033228193243410864,0,false,27.869500000000002,false,false,9.15,false,1.47211e6,1.4672184444444443e6,false,2
55.292,use_lmSR3_cuts,0.002422997621332579,5,false,27.6125,false,false,9.65,false,1.47211e6,1.46854308097166e6,false,0
71.192,use_lmSR3_cuts,0.0010835136518680955,5,false,35.411500000000004,false,false,9.65,false,1.47211e6,1.4705149487179485e6,false,0
150.488,none,0.0,0,false,37.530499999999996,true,false,9.65,false,1.47211e6,1.47211e6,false,0
