CG_time_taken,method,CG_LP_IP_gap,implemented_SR3_cuts_count,errored,CG_sp_time_taken_mean,converged,CGIP_artificial,ngroute_neighborhood_size,time_limit_reached,CGIP_objective,CGLP_objective,CGLP_artificial,cycles_lookup_length
257.604,use_adaptive_ngroute,0.25935962483516006,0,false,17.299307692307693,false,false,5.0,false,1.733247e6,1.2837127083333333e6,false,16
282.487,use_adaptive_ngroute,0.024035371439120712,0,false,40.01628571428571,false,false,6.5,false,1.445373e6,1.4106329230769237e6,false,6
133.758,use_lmSR3_cuts,0.021307590958642875,5,false,44.54366666666667,false,false,7.0,false,1.445373e6,1.4145755833333335e6,false,0
1352.281,use_lmSR3_cuts,0.015134674578811125,4,false,225.28616666666665,false,false,7.0,false,1.445373e6,1.42349775e6,false,0
386.059,use_lmSR3_cuts,0.014636141819811543,5,false,192.86599999999999,false,false,7.0,false,1.445373e6,1.4242183157894735e6,false,0
337.794,use_lmSR3_cuts,0.013013908784066275,5,false,337.757,false,false,7.0,false,1.445373e6,1.4265630476190478e6,false,0
814.579,none,0.008499752313070763,0,false,761.301,false,false,7.0,true,1.445373e6,1.4330876875e6,false,0
