CG_time_taken,method,CG_LP_IP_gap,implemented_SR3_cuts_count,errored,CG_sp_time_taken_mean,converged,CGIP_artificial,ngroute_neighborhood_size,time_limit_reached,CGIP_objective,CGLP_objective,CGLP_artificial,cycles_lookup_length
25.005,use_adaptive_ngroute,0.19031503525575677,0,false,2.0094444444444446,false,false,5.0,false,1.560787e6,1.2637457670682732e6,false,14
13.111,use_adaptive_ngroute,0.013312579954892989,0,false,1.695142857142857,false,false,5.949999999999999,false,1.385156e6,1.3667160000000002e6,false,4
3.181,use_lmSR3_cuts,0.012287063695352707,2,false,1.5675,false,false,6.25,false,1.385156e6,1.3681365e6,false,0
7.998,use_adaptive_ngroute,0.010855576315351279,0,false,2.6403333333333334,false,false,6.25,false,1.385156e6,1.3701193333333333e6,false,5
4.884,use_lmSR3_cuts,0.009868443217466716,4,false,2.4255,false,false,7.45,false,1.385156e6,1.3714866666666667e6,false,0
28.001,none,0.0,0,false,3.939857142857143,true,false,7.45,false,1.385156e6,1.385156e6,false,0
