CG_time_taken,method,CG_LP_IP_gap,implemented_SR3_cuts_count,errored,CG_sp_time_taken_mean,converged,CGIP_artificial,ngroute_neighborhood_size,time_limit_reached,CGIP_objective,CGLP_objective,CGLP_artificial,cycles_lookup_length
39.235,use_adaptive_ngroute,0.24367132287993587,0,false,3.4256,false,false,5.0,false,1.727692e6,1.3067030048309178e6,false,17
46.273,use_adaptive_ngroute,0.020596004758463238,0,false,6.5164285714285715,false,false,6.35,false,1.520659e6,1.4893395e6,false,3
17.775,use_lmSR3_cuts,0.019738059053908685,5,false,5.909666666666666,false,false,6.6,false,1.520659e6,1.4906441428571423e6,false,0
46.163,use_adaptive_ngroute,0.007434934459336406,0,false,9.1958,false,false,6.6,false,1.520659e6,1.509353e6,false,1
9.133,use_lmSR3_cuts,0.00622057607918669,5,false,9.12,false,false,6.6499999999999995,false,1.520659e6,1.511199625e6,false,0
51.456,use_lmSR3_cuts,0.0010025916395459689,5,false,10.254599999999998,false,false,6.6499999999999995,false,1.520659e6,1.5191343999999997e6,false,0
26.916,none,0.0,0,false,8.939333333333334,true,false,6.6499999999999995,false,1.520659e6,1.520659e6,false,0
