CG_time_taken,method,CG_LP_IP_gap,implemented_SR3_cuts_count,errored,CG_sp_time_taken_mean,converged,CGIP_artificial,ngroute_neighborhood_size,time_limit_reached,CGIP_objective,CGLP_objective,CGLP_artificial,cycles_lookup_length
44.261,use_adaptive_ngroute,0.12110399188918064,0,false,3.326727272727273,false,false,5.0,false,1.294379e6,1.1376245360824743e6,false,20
18.558,use_adaptive_ngroute,0.03220308734922306,0,false,1.8255555555555554,false,false,6.9,false,1.294379e6,1.252696e6,false,5
26.032,use_adaptive_ngroute,0.0009753712011706384,0,false,2.823777777777778,false,false,7.5,false,1.294379e6,1.2931165e6,false,3
11.311,none,0.0,0,false,2.7375,true,false,7.6499999999999995,false,1.294379e6,1.294379e6,false,0
