CG_time_taken,method,CG_LP_IP_gap,implemented_SR3_cuts_count,errored,CG_sp_time_taken_mean,converged,CGIP_artificial,ngroute_neighborhood_size,time_limit_reached,CGIP_objective,CGLP_objective,CGLP_artificial,cycles_lookup_length
384.112,use_adaptive_ngroute,0.1891385438630805,0,false,22.291428571428575,false,false,5.0,false,1.582769e6,1.283406376068376e6,false,18
319.666,use_adaptive_ngroute,0.0026043095045651388,0,false,39.03375,false,false,7.05,false,1.423469e6,1.4197618461538462e6,false,16
95.926,use_lmSR3_cuts,0.0022511905773852092,4,false,15.684333333333333,false,false,8.3,false,1.423469e6,1.4202645e6,false,0
150.325,none,0.0,0,false,29.9202,true,false,8.3,false,1.423469e6,1.423469e6,false,0
