CG_time_taken,method,CG_LP_IP_gap,implemented_SR3_cuts_count,errored,CG_sp_time_taken_mean,converged,CGIP_artificial,ngroute_neighborhood_size,time_limit_reached,CGIP_objective,CGLP_objective,CGLP_artificial,cycles_lookup_length
90.201,use_adaptive_ngroute,0.25607363401065286,0,false,4.818562500000001,false,false,5.0,false,1.569828e6,1.1678364392683248e6,false,20
25.184,use_adaptive_ngroute,0.028171466498866482,0,false,4.037833333333334,false,false,6.7,false,1.408705e6,1.3690197142857143e6,false,3
10.249,use_lmSR3_cuts,0.027957237320801687,3,false,3.387333333333333,false,false,7.15,false,1.408705e6,1.3693215e6,false,0
16.861,use_adaptive_ngroute,0.022882541057212102,0,false,5.484666666666667,false,false,7.15,false,1.408705e6,1.37647025e6,false,6
20.306,use_adaptive_ngroute,0.019547172757958697,0,false,6.700666666666667,false,false,7.6499999999999995,false,1.408705e6,1.3811687999999998e6,false,3
21.336,use_lmSR3_cuts,0.018581179168101092,5,false,7.083666666666668,false,false,7.8500000000000005,false,1.408705e6,1.3825296e6,false,0
17.447,use_lmSR3_cuts,0.018031099484987934,1,false,5.761666666666668,false,false,7.8500000000000005,false,1.408705e6,1.3833045e6,false,0
23.525,use_adaptive_ngroute,0.00216048671997493,0,false,5.85,false,false,7.8500000000000005,false,1.389656e6,1.3866536666666665e6,false,1
39.768,use_lmSR3_cuts,0.00216048671997493,2,false,7.899800000000002,false,false,7.95,false,1.389656e6,1.3866536666666665e6,false,0
33.939,none,0.0,0,false,8.451,true,false,7.95,false,1.389656e6,1.389656e6,false,0
