CG_time_taken,method,CG_LP_IP_gap,implemented_SR3_cuts_count,errored,CG_sp_time_taken_mean,converged,CGIP_artificial,ngroute_neighborhood_size,time_limit_reached,CGIP_objective,CGLP_objective,CGLP_artificial,cycles_lookup_length
808.542,use_adaptive_ngroute,0.27164076524947,0,false,38.63906666666667,false,false,5.0,false,1.378496e6,1.0040402916666666e6,false,17
146.442,use_adaptive_ngroute,0.030578591090874463,0,false,8.9906875,false,false,7.35,false,1.15522e6,1.119895e6,false,6
90.212,use_lmSR3_cuts,0.02473699093390569,5,false,11.231750000000002,false,false,7.8500000000000005,false,1.15522e6,1.1266433333333335e6,false,0
55.343,use_adaptive_ngroute,0.016752869583282815,0,false,13.6195,false,false,7.8500000000000005,false,1.15522e6,1.13586675e6,false,1
66.889,use_lmSR3_cuts,0.01595136279958187,5,false,22.139666666666667,false,false,7.8999999999999995,false,1.15522e6,1.136792666666667e6,false,0
42.485,use_lmSR3_cuts,0.015447100985093831,3,false,10.506,false,false,7.8999999999999995,false,1.15522e6,1.1373752e6,false,0
30.507,none,0.006747632485587185,0,false,15.175500000000001,false,false,7.8999999999999995,false,1.15522e6,1.147425e6,false,0
