CG_time_taken,method,CG_LP_IP_gap,implemented_SR3_cuts_count,errored,CG_sp_time_taken_mean,converged,CGIP_artificial,ngroute_neighborhood_size,time_limit_reached,CGIP_objective,CGLP_objective,CGLP_artificial,cycles_lookup_length
6.25,use_adaptive_ngroute,0.48746660167482125,0,false,0.3153571428571428,false,false,5.0,false,1.835888e6,940953.9155844157,false,20
22.403,use_adaptive_ngroute,0.07569139966746963,0,false,1.790333333333333,false,false,7.4,false,1.186458e6,1.0966533333333333e6,false,19
27.453,use_adaptive_ngroute,0.004568345937825402,0,false,2.7194,false,false,9.350000000000001,false,1.17154e6,1.166188e6,false,5
13.632,use_adaptive_ngroute,0.004542833459473039,0,false,3.3977500000000003,false,false,9.899999999999999,false,1.17154e6,1.166217888888889e6,false,3
10.02,use_lmSR3_cuts,0.004538602050424223,5,false,3.3293333333333335,false,false,10.149999999999999,false,1.17154e6,1.166222846153846e6,false,0
23.044,use_lmSR3_cuts,0.003475624676352096,5,false,4.506200000000001,false,false,10.149999999999999,false,1.17154e6,1.1674681666666665e6,false,0
24.752,none,0.0,0,false,6.141750000000001,true,false,10.149999999999999,false,1.17154e6,1.17154e6,false,0
