CG_time_taken,method,CG_LP_IP_gap,implemented_SR3_cuts_count,errored,CG_sp_time_taken_mean,converged,CGIP_artificial,ngroute_neighborhood_size,time_limit_reached,CGIP_objective,CGLP_objective,CGLP_artificial,cycles_lookup_length
134.491,use_adaptive_ngroute,0.2245731608421334,0,false,12.271555555555556,false,false,5.0,false,1.561409e6,1.2107584455026453e6,false,18
21.551,use_adaptive_ngroute,0.01434504161125738,0,false,2.6085000000000003,false,false,6.550000000000001,false,1.461103e6,1.440143416666667e6,false,11
14.959,use_adaptive_ngroute,0.01102369237487022,0,false,3.7079999999999997,false,false,7.6,false,1.461103e6,1.44499625e6,false,3
9.884,use_adaptive_ngroute,0.007783943265562088,0,false,3.2670000000000003,false,false,7.75,false,1.461103e6,1.4497298571428575e6,false,3
16.137,use_lmSR3_cuts,0.0062142550297047405,5,false,4.0257499999999995,false,false,7.8999999999999995,false,1.461103e6,1.4520233333333333e6,false,0
5.161,use_adaptive_ngroute,0.004312433203483179,0,false,5.1499999999999995,false,false,7.8999999999999995,false,1.461103e6,1.454802090909091e6,false,2
6.077,use_lmSR3_cuts,0.003756845294982214,5,false,6.066000000000001,false,false,8.3,false,1.461103e6,1.4556138620689656e6,false,0
22.934,none,0.0,0,false,5.697750000000001,true,false,8.3,false,1.461103e6,1.461103e6,false,0
