CG_time_taken,method,CG_LP_IP_gap,implemented_SR3_cuts_count,errored,CG_sp_time_taken_mean,converged,CGIP_artificial,ngroute_neighborhood_size,time_limit_reached,CGIP_objective,CGLP_objective,CGLP_artificial,cycles_lookup_length
442.398,use_adaptive_ngroute,0.22659534452551922,0,false,34.69859999999999,false,false,5.0,false,1.615634e6,1.2495388571428573e6,false,20
100.257,use_adaptive_ngroute,0.03429209628783314,0,false,11.524375,false,false,7.799999999999999,false,1.417043e6,1.368449625e6,false,7
66.72,use_adaptive_ngroute,0.014561001097839199,0,false,16.490750000000002,false,false,8.65,false,1.404982e6,1.3845240555555557e6,false,1
22.883,use_lmSR3_cuts,0.014167441291062843,5,false,11.374,false,false,8.95,false,1.404982e6,1.385077e6,false,0
104.287,use_lmSR3_cuts,0.004461291043877602,2,false,20.6834,false,false,8.95,false,1.395336e6,1.389111e6,false,0
100.468,use_adaptive_ngroute,0.0025342590294686884,0,false,33.33566666666667,false,false,8.95,false,1.395336e6,1.3917998571428573e6,false,3
84.127,none,0.0,0,false,27.987333333333336,true,false,9.1,false,1.392871e6,1.392871e6,false,0
