CG_time_taken,method,CG_LP_IP_gap,implemented_SR3_cuts_count,errored,CG_sp_time_taken_mean,converged,CGIP_artificial,ngroute_neighborhood_size,time_limit_reached,CGIP_objective,CGLP_objective,CGLP_artificial,cycles_lookup_length
130.287,use_adaptive_ngroute,0.20806447298289676,0,false,11.4048,false,false,5.0,false,1.636977e6,1.2963802432098766e6,false,19
156.934,use_adaptive_ngroute,0.10057660337910568,0,false,25.96683333333333,false,false,7.8999999999999995,false,1.515253e6,1.362854e6,false,1
92.093,use_adaptive_ngroute,0.0026881347744965867,0,false,30.643333333333334,false,false,7.95,false,1.370467e6,1.366783e6,false,1
80.233,use_adaptive_ngroute,0.0024522054647552194,0,false,26.694666666666667,false,false,8.1,false,1.370467e6,1.3671063333333333e6,false,5
84.33,none,0.0013473509394972272,0,false,21.020249999999997,false,false,8.6,false,1.370467e6,1.3686205e6,false,0
