CG_time_taken,method,CG_LP_IP_gap,implemented_SR3_cuts_count,errored,CG_sp_time_taken_mean,converged,CGIP_artificial,ngroute_neighborhood_size,time_limit_reached,CGIP_objective,CGLP_objective,CGLP_artificial,cycles_lookup_length
345.286,use_adaptive_ngroute,0.26728583622263713,0,false,20.74530769230769,false,false,5.0,false,1.652284e6,1.2106518893827163e6,false,15
36.585,use_adaptive_ngroute,0.020768872983678133,0,false,7.0106,false,false,6.550000000000001,false,1.412535e6,1.3831982400000002e6,false,8
45.836,use_adaptive_ngroute,0.01588663542597435,0,false,11.419500000000001,false,false,7.8999999999999995,false,1.412535e6,1.3900945714285714e6,false,5
9.857,use_lmSR3_cuts,0.015698181474604667,5,false,9.837000000000002,false,false,8.55,false,1.412535e6,1.3903607692307692e6,false,0
91.227,use_adaptive_ngroute,0.013289127096218656,0,false,22.730999999999998,false,false,8.55,false,1.412535e6,1.3937636428571427e6,false,3
57.163,use_lmSR3_cuts,0.012487301199616274,2,false,19.034333333333333,false,false,8.85,false,1.412535e6,1.39489625e6,false,0
105.629,use_adaptive_ngroute,0.009393513553056398,0,false,35.138666666666666,false,false,8.85,false,1.412535e6,1.3992663333333335e6,false,2
50.876,use_adaptive_ngroute,0.0037658722478207673,0,false,25.401500000000002,false,false,9.0,false,1.405328e6,1.4000357142857146e6,false,2
86.04,use_lmSR3_cuts,0.0037658722478208784,5,false,42.999,false,false,9.45,false,1.405328e6,1.4000357142857143e6,false,0
137.619,use_adaptive_ngroute,0.0012379418083995342,0,false,45.702000000000005,false,false,9.45,false,1.405328e6,1.4035882857142854e6,false,1
109.464,use_lmSR3_cuts,0.0010597763179366337,5,false,36.459666666666664,false,false,9.5,false,1.405328e6,1.4038386666666667e6,false,0
44.474,use_adaptive_ngroute,6.7599877039414835e-6,0,false,44.346000000000004,false,false,9.5,false,1.405328e6,1.4053185e6,false,1
123.407,none,0.0,0,false,41.00366666666667,true,false,9.700000000000001,false,1.405328e6,1.405328e6,false,0
