CG_time_taken,method,CG_LP_IP_gap,implemented_SR3_cuts_count,errored,CG_sp_time_taken_mean,converged,CGIP_artificial,ngroute_neighborhood_size,time_limit_reached,CGIP_objective,CGLP_objective,CGLP_artificial,cycles_lookup_length
79.36,use_adaptive_ngroute,0.15832965062556692,0,false,5.857333333333334,false,false,5.0,false,1.418793e6,1.194156e6,false,11
30.745,use_adaptive_ngroute,0.06898165223604613,0,false,6.009799999999999,false,false,6.3,false,1.369195e6,1.2747456666666667e6,false,14
44.778,use_adaptive_ngroute,0.015946457639760547,0,false,7.233166666666667,false,false,7.75,false,1.337015e6,1.3156943469387756e6,false,10
77.616,use_adaptive_ngroute,0.007288624286189704,0,false,12.863000000000001,false,false,9.350000000000001,false,1.337015e6,1.32727e6,false,11
108.395,use_lmSR3_cuts,0.005244967333949191,5,false,36.090999999999994,false,false,10.55,false,1.337015e6,1.3300024e6,false,0
259.754,use_adaptive_ngroute,0.00134370635748704,0,false,51.8976,false,false,10.55,false,1.337015e6,1.3352184444444445e6,false,4
53.103,use_lmSR3_cuts,0.0010288258213674295,5,false,53.083999999999996,false,false,10.75,false,1.337015e6,1.3356394444444445e6,false,0
284.856,none,0.0,0,false,56.8942,true,false,10.75,false,1.337015e6,1.337015e6,false,0
