CG_time_taken,method,CG_LP_IP_gap,implemented_SR3_cuts_count,errored,CG_sp_time_taken_mean,converged,CGIP_artificial,ngroute_neighborhood_size,time_limit_reached,CGIP_objective,CGLP_objective,CGLP_artificial,cycles_lookup_length
481.312,use_adaptive_ngroute,0.2988592694229595,0,false,39.01054545454545,false,false,5.0,false,1.749872e6,1.226906532496307e6,false,20
752.318,use_adaptive_ngroute,0.058386126584663356,0,false,82.96455555555555,false,false,7.8500000000000005,false,1.443682e6,1.359391e6,false,3
220.811,use_adaptive_ngroute,0.05483936213099572,0,false,73.535,false,false,8.0,false,1.443682e6,1.3645114e6,false,1
121.674,use_adaptive_ngroute,0.05062432349920909,0,false,60.703,false,false,8.1,false,1.44124e6,1.3682782e6,false,1
127.082,use_lmSR3_cuts,0.05025949876495239,2,false,63.503,false,false,8.149999999999999,false,1.44124e6,1.368804e6,false,0
666.912,use_lmSR3_cuts,0.03986736729791307,5,false,166.5235,false,false,8.149999999999999,false,1.44124e6,1.3837815555555557e6,false,0
1204.135,none,0.028442891673156834,0,false,296.37,false,false,8.149999999999999,true,1.44124e6,1.4002469668049794e6,false,0
