CG_time_taken,method,CG_LP_IP_gap,implemented_SR3_cuts_count,errored,CG_sp_time_taken_mean,converged,CGIP_artificial,ngroute_neighborhood_size,time_limit_reached,CGIP_objective,CGLP_objective,CGLP_artificial,cycles_lookup_length
6.598,use_adaptive_ngroute,0.3173305052669796,0,false,0.295375,false,false,5.0,false,1.51183e6,1.0320802222222222e6,false,19
24.679,use_adaptive_ngroute,0.1001176670077587,0,false,1.7193571428571428,false,false,6.9,false,1.360336e6,1.2241423333333335e6,false,15
14.465,use_adaptive_ngroute,0.07571643589705135,0,false,2.8554,false,false,8.200000000000001,false,1.33322e6,1.2322733333333333e6,false,1
7.279,use_lmSR3_cuts,0.07158608481720952,1,false,1.8105,false,false,8.3,false,1.33322e6,1.23778e6,false,0
8.88,use_adaptive_ngroute,0.003462828350904168,0,false,2.8593333333333337,false,false,8.3,false,1.24638e6,1.242064e6,false,4
6.548,use_adaptive_ngroute,0.003359328615671009,0,false,3.266,false,false,8.9,false,1.24638e6,1.242193e6,false,2
6.448,use_lmSR3_cuts,0.0030327829393924643,5,false,2.1366666666666667,false,false,9.0,false,1.24638e6,1.2426e6,false,0
14.894,none,0.0,0,false,2.9252000000000002,true,false,9.0,false,1.24638e6,1.24638e6,false,0
