CG_time_taken,method,CG_LP_IP_gap,implemented_SR3_cuts_count,errored,CG_sp_time_taken_mean,converged,CGIP_artificial,ngroute_neighborhood_size,time_limit_reached,CGIP_objective,CGLP_objective,CGLP_artificial,cycles_lookup_length
118.68,use_adaptive_ngroute,0.30715729114518964,0,false,5.310090909090909,false,false,5.0,false,1.691021e6,1.1716115703703703e6,false,20
70.136,use_adaptive_ngroute,0.02387623214290968,0,false,11.046333333333331,false,false,7.7,false,1.397103e6,1.3637454444444445e6,false,10
77.079,use_adaptive_ngroute,0.016432002508047105,0,false,15.291,false,false,8.8,false,1.397103e6,1.3741457999999998e6,false,2
50.415,use_lmSR3_cuts,0.016263057674821724,5,false,16.776333333333334,false,false,9.0,false,1.397103e6,1.3743818333333335e6,false,0
95.059,use_lmSR3_cuts,0.01407865657244578,5,false,23.58825,false,false,9.0,false,1.397103e6,1.3774336666666663e6,false,0
62.012,use_adaptive_ngroute,0.013869056182686634,0,false,30.860500000000002,false,false,9.0,false,1.397103e6,1.3777265e6,false,5
147.502,use_lmSR3_cuts,0.013384482031747136,1,false,29.4668,false,false,9.25,false,1.397103e6,1.3784035e6,false,0
69.458,use_lmSR3_cuts,0.010990937835093195,5,false,34.642,false,false,9.25,false,1.397103e6,1.3817475277777778e6,false,0
118.657,use_adaptive_ngroute,0.0072997155867928765,0,false,39.466666666666676,false,false,9.25,false,1.397103e6,1.386904545454545e6,false,2
40.151,use_lmSR3_cuts,0.007276256653947821,5,false,40.112,false,false,9.75,false,1.397103e6,1.3869373199999996e6,false,0
117.01,use_adaptive_ngroute,0.005519375425371065,0,false,58.367,false,false,9.75,false,1.397103e6,1.3893918640350879e6,false,2
252.765,use_lmSR3_cuts,0.005249247123078393,5,false,84.20733333333334,false,false,10.25,false,1.397103e6,1.3897692610966058e6,false,0
204.201,use_adaptive_ngroute,0.001672389222555748,0,false,101.998,false,false,10.25,false,1.397103e6,1.3947664999999998e6,false,3
208.726,use_adaptive_ngroute,0.0015918238923571248,0,false,104.316,false,false,10.45,false,1.397103e6,1.3948790580645162e6,false,1
110.709,use_lmSR3_cuts,0.0015395428969803282,5,false,110.66600000000001,false,false,10.5,false,1.397103e6,1.3949521e6,false,0
747.607,none,0.0006899992341294903,0,false,106.6447142857143,false,false,10.5,false,1.397103e6,1.396139e6,false,0
