CG_time_taken,method,CG_LP_IP_gap,implemented_SR3_cuts_count,errored,CG_sp_time_taken_mean,converged,CGIP_artificial,ngroute_neighborhood_size,time_limit_reached,CGIP_objective,CGLP_objective,CGLP_artificial,cycles_lookup_length
81.647,use_adaptive_ngroute,0.25514915140414385,0,false,4.890416666666667,false,false,5.0,false,1.598942e6,1.1909733055555555e6,false,14
97.276,use_adaptive_ngroute,0.017372695949979033,0,false,10.394666666666666,false,false,5.8500000000000005,false,1.335986e6,1.3127763214285714e6,false,3
56.817,use_lmSR3_cuts,0.013108576736582611,5,false,11.243800000000002,false,false,6.0,false,1.335986e6,1.318473125e6,false,0
71.589,none,0.0,0,false,23.727333333333334,true,false,6.0,false,1.324986e6,1.324986e6,false,0
