CG_time_taken,method,CG_LP_IP_gap,implemented_SR3_cuts_count,errored,CG_sp_time_taken_mean,converged,CGIP_artificial,ngroute_neighborhood_size,time_limit_reached,CGIP_objective,CGLP_objective,CGLP_artificial,cycles_lookup_length
225.531,use_adaptive_ngroute,0.21465367245586708,0,false,15.852307692307694,false,false,5.0,false,1.587784e6,1.2469603333333335e6,false,20
119.331,use_adaptive_ngroute,0.01399186519465423,0,false,14.623375000000001,false,false,6.9,false,1.419825e6,1.399959e6,false,1
48.761,use_lmSR3_cuts,0.010751677143309935,5,false,12.07075,false,false,6.949999999999999,false,1.419825e6,1.4045595e6,false,0
102.661,use_adaptive_ngroute,0.004850597784938238,0,false,25.458000000000002,false,false,6.949999999999999,false,1.419825e6,1.412938e6,false,9
201.299,use_lmSR3_cuts,0.0019335716256110302,3,false,50.241,false,false,7.6,false,1.419825e6,1.4170796666666667e6,false,0
121.194,use_lmSR3_cuts,0.0009765287975630477,4,false,40.34033333333333,false,false,7.6,false,1.419825e6,1.4184385e6,false,0
153.35,none,0.0,0,false,51.03033333333333,true,false,7.6,false,1.419825e6,1.419825e6,false,0
