CG_time_taken,method,CG_LP_IP_gap,implemented_SR3_cuts_count,errored,CG_sp_time_taken_mean,converged,CGIP_artificial,ngroute_neighborhood_size,time_limit_reached,CGIP_objective,CGLP_objective,CGLP_artificial,cycles_lookup_length
289.577,use_adaptive_ngroute,0.30146789375653227,0,false,27.31555555555556,false,false,5.0,false,1.845145e6,1.2888930231746032e6,false,19
226.158,use_adaptive_ngroute,0.028063468185316243,0,false,28.13125,false,false,7.4,false,1.565731e6,1.5217911578947366e6,false,3
51.632,use_lmSR3_cuts,0.02805798058542619,5,false,25.8,false,false,7.550000000000001,false,1.565731e6,1.52179975e6,false,0
116.945,use_adaptive_ngroute,0.021618075460657526,0,false,38.89266666666666,false,false,7.550000000000001,false,1.565731e6,1.5318829090909092e6,false,3
77.114,use_lmSR3_cuts,0.02144631350770798,5,false,38.522000000000006,false,false,7.8999999999999995,false,1.565731e6,1.532151842105263e6,false,0
158.977,use_adaptive_ngroute,0.01752695705711904,0,false,52.93900000000001,false,false,7.8999999999999995,false,1.565731e6,1.5382885e6,false,2
104.663,use_adaptive_ngroute,0.015134750074196068,0,false,52.2855,false,false,8.0,false,1.565731e6,1.5420340526315789e6,false,3
137.551,use_lmSR3_cuts,0.014561888344805096,1,false,68.74249999999999,false,false,8.5,false,1.565731e6,1.542931e6,false,0
187.239,use_lmSR3_cuts,0.014477582675440415,1,false,62.372,false,false,8.5,false,1.565731e6,1.543063e6,false,0
137.943,use_lmSR3_cuts,0.011147380999673495,5,false,68.93750000000001,false,false,8.5,false,1.565731e6,1.5482772000000002e6,false,0
204.016,use_lmSR3_cuts,0.0099225218124952,1,false,67.91533333333334,false,false,8.5,false,1.565731e6,1.550195e6,false,0
139.116,use_adaptive_ngroute,0.007176520104666628,0,false,69.527,false,false,8.5,false,1.565731e6,1.5544945000000002e6,false,6
154.425,use_lmSR3_cuts,0.005820029111003211,5,false,77.19449999999999,false,false,9.0,false,1.565731e6,1.5566184e6,false,0
294.39,use_lmSR3_cuts,0.00540769774629235,1,false,73.56025,false,false,9.0,false,1.565731e6,1.557264e6,false,0
448.067,none,0.0005509069441852477,0,false,89.53659999999999,false,false,9.0,false,1.559247e6,1.558388e6,false,0
