CG_time_taken,method,CG_LP_IP_gap,implemented_SR3_cuts_count,errored,CG_sp_time_taken_mean,converged,CGIP_artificial,ngroute_neighborhood_size,time_limit_reached,CGIP_objective,CGLP_objective,CGLP_artificial,cycles_lookup_length
70.575,use_adaptive_ngroute,0.21814756890204245,0,false,5.4563,false,false,5.0,false,1.466264e6,1.1464020730314157e6,false,17
92.692,use_lmSR3_cuts,0.06084271916758788,2,false,8.219909090909091,false,false,7.2,false,1.405842e6,1.32030675e6,false,0
57.197,use_adaptive_ngroute,0.05427957053495347,0,false,11.3604,false,false,7.2,false,1.405842e6,1.3295335e6,false,2
46.512,use_lmSR3_cuts,0.05340856227086688,1,false,11.58075,false,false,7.3,false,1.405842e6,1.330758e6,false,0
53.473,use_lmSR3_cuts,0.018091950369637844,1,false,13.307500000000001,false,false,7.3,false,1.359168e6,1.334578e6,false,0
25.247,use_lmSR3_cuts,0.011959522295992842,1,false,12.597,false,false,7.3,false,1.359168e6,1.342913e6,false,0
24.42,use_adaptive_ngroute,0.011585396360126232,0,false,12.1685,false,false,7.3,false,1.359168e6,1.3434215e6,false,2
26.979,use_lmSR3_cuts,0.00883628808212078,4,false,13.4535,false,false,7.7,false,1.359168e6,1.347158e6,false,0
42.664,use_lmSR3_cuts,0.008793614917361192,1,false,14.19,false,false,7.7,false,1.359168e6,1.347216e6,false,0
65.962,use_adaptive_ngroute,0.0034136429681351776,0,false,16.45675,false,false,7.7,false,1.359168e6,1.3545282857142857e6,false,1
37.224,use_adaptive_ngroute,0.0033132568801450546,0,false,18.462,false,false,7.95,false,1.359168e6,1.354664727272727e6,false,1
107.588,use_lmSR3_cuts,0.0030437002636908295,5,false,21.4832,false,false,8.0,false,1.359168e6,1.3550310999999999e6,false,0
75.034,use_lmSR3_cuts,0.0019419232942506914,4,false,24.938,false,false,8.0,false,1.359168e6,1.3565285999999999e6,false,0
80.266,none,0.0,0,false,26.65,true,false,8.0,false,1.359168e6,1.359168e6,false,0
