CG_time_taken,method,CG_LP_IP_gap,implemented_SR3_cuts_count,errored,CG_sp_time_taken_mean,converged,CGIP_artificial,ngroute_neighborhood_size,time_limit_reached,CGIP_objective,CGLP_objective,CGLP_artificial,cycles_lookup_length
159.712,use_adaptive_ngroute,0.2707588282060208,0,false,8.339142857142859,false,false,5.0,false,1.470816e6,1.0725795833333333e6,false,20
210.473,use_adaptive_ngroute,0.08876991810315116,0,false,14.779285714285715,false,false,7.7,false,1.329925e6,1.2118676666666667e6,false,9
136.57,use_adaptive_ngroute,0.028005270290361484,0,false,22.61,false,false,8.6,false,1.329925e6,1.292680090909091e6,false,2
148.194,use_adaptive_ngroute,0.026297441585051762,0,false,29.459799999999998,false,false,8.7,false,1.329925e6,1.294951375e6,false,3
91.821,use_lmSR3_cuts,0.025970193807921427,5,false,30.563333333333333,false,false,8.9,false,1.329925e6,1.29538659e6,false,0
238.733,use_lmSR3_cuts,0.01685379680379373,5,false,47.6206,false,false,8.9,false,1.329925e6,1.3075107142857146e6,false,0
251.873,none,0.01570163731037466,0,false,62.8265,false,false,8.9,false,1.329925e6,1.309043e6,false,0
