CG_time_taken,method,CG_LP_IP_gap,implemented_SR3_cuts_count,errored,CG_sp_time_taken_mean,converged,CGIP_artificial,ngroute_neighborhood_size,time_limit_reached,CGIP_objective,CGLP_objective,CGLP_artificial,cycles_lookup_length
99.863,use_adaptive_ngroute,0.22497406802718178,0,false,7.7392,false,false,5.0,false,1.517061e6,1.1757616153846155e6,false,20
72.044,use_adaptive_ngroute,0.01581969779760095,0,false,8.721875,false,false,6.8,false,1.440293e6,1.417508e6,false,2
28.119,use_adaptive_ngroute,0.013802747079934452,0,false,9.333333333333332,false,false,7.5,false,1.440293e6,1.420413e6,false,9
62.144,use_lmSR3_cuts,0.013283408306504318,1,false,12.3938,false,false,8.5,false,1.440293e6,1.421161e6,false,0
32.702,use_lmSR3_cuts,0.013097335056130976,2,false,16.19,false,false,8.5,false,1.440293e6,1.421429e6,false,0
34.19,use_lmSR3_cuts,0.008622088237138725,2,false,16.9595,false,false,8.5,false,1.440293e6,1.4278746666666667e6,false,0
85.584,use_lmSR3_cuts,0.0036823525953862957,2,false,17.042399999999997,false,false,8.5,false,1.440293e6,1.4349893333333333e6,false,0
32.157,use_lmSR3_cuts,0.0027341658954117554,3,false,15.965499999999999,false,false,8.5,false,1.440293e6,1.4363549999999998e6,false,0
78.294,use_adaptive_ngroute,0.0005514750917248179,0,false,19.475,false,false,8.5,false,1.440293e6,1.4394987142857143e6,false,4
75.066,use_adaptive_ngroute,0.00041901196492655224,0,false,24.984,false,false,8.95,false,1.440293e6,1.4396895e6,false,6
105.784,use_lmSR3_cuts,0.00023953459469705507,2,false,26.427749999999996,false,false,9.25,false,1.440293e6,1.439948e6,false,0
41.89,none,0.0,0,false,20.911,true,false,9.25,false,1.440293e6,1.440293e6,false,0
