CG_time_taken,method,CG_LP_IP_gap,implemented_SR3_cuts_count,errored,CG_sp_time_taken_mean,converged,CGIP_artificial,ngroute_neighborhood_size,time_limit_reached,CGIP_objective,CGLP_objective,CGLP_artificial,cycles_lookup_length
86.184,use_adaptive_ngroute,0.1702527405883677,0,false,7.034636363636364,false,false,5.0,false,1.592226e6,1.3211451598639456e6,false,12
39.95,use_adaptive_ngroute,0.006319185087984902,0,false,4.7993749999999995,false,false,5.8,false,1.426608e6,1.417593e6,false,3
20.604,use_adaptive_ngroute,0.005053245180175581,0,false,4.091,false,false,5.949999999999999,false,1.426608e6,1.419399e6,false,1
19.851,use_lmSR3_cuts,0.004667364826217102,2,false,4.93525,false,false,6.25,false,1.426608e6,1.4199495e6,false,0
35.716,none,0.0,0,false,7.109600000000001,true,false,6.25,false,1.426608e6,1.426608e6,false,0
