CG_time_taken,method,CG_LP_IP_gap,implemented_SR3_cuts_count,errored,CG_sp_time_taken_mean,converged,CGIP_artificial,ngroute_neighborhood_size,time_limit_reached,CGIP_objective,CGLP_objective,CGLP_artificial,cycles_lookup_length
124.198,use_adaptive_ngroute,0.23088083745929588,0,false,6.9145625000000015,false,false,5.0,false,1.687485e6,1.29787705e6,false,18
95.982,use_adaptive_ngroute,0.04839868614854592,0,false,10.586666666666666,false,false,6.2,false,1.452016e6,1.381740333333333e6,false,6
62.622,use_adaptive_ngroute,0.04272581805474018,0,false,12.485800000000001,false,false,7.4,false,1.452016e6,1.3899774285714284e6,false,4
11.275,use_lmSR3_cuts,0.04199872327978371,5,false,11.26,false,false,7.6,false,1.452016e6,1.3910331818181816e6,false,0
35.478,use_lmSR3_cuts,0.03700895857896869,5,false,17.6265,false,false,7.6,false,1.452016e6,1.3982784000000001e6,false,0
123.565,use_adaptive_ngroute,0.03428866314145296,0,false,24.6272,false,false,7.6,false,1.452016e6,1.4022283125e6,false,2
83.024,use_lmSR3_cuts,0.03234188707286967,5,false,27.64733333333333,false,false,8.0,false,1.452016e6,1.4050550625e6,false,0
113.224,use_adaptive_ngroute,0.030970216581635457,0,false,37.62833333333334,false,false,8.0,false,1.452016e6,1.40704675e6,false,2
120.623,use_lmSR3_cuts,0.030555505816281303,5,false,40.17466666666667,false,false,8.1,false,1.452016e6,1.4076489166666665e6,false,0
227.924,use_lmSR3_cuts,0.029954756500124913,5,false,45.5374,false,false,8.1,false,1.452016e6,1.4085212142857146e6,false,0
106.736,use_lmSR3_cuts,0.029331008577040296,5,false,53.2405,false,false,8.1,false,1.452016e6,1.4094269062500002e6,false,0
127.674,use_adaptive_ngroute,0.025854222596326748,0,false,63.755500000000005,false,false,8.1,false,1.44756e6,1.4101344615384613e6,false,2
282.072,use_lmSR3_cuts,0.02568722539998325,5,false,70.47,false,false,8.25,false,1.44756e6,1.4103762000000002e6,false,0
206.806,use_lmSR3_cuts,0.02431601376722803,4,false,68.82466666666666,false,false,8.25,false,1.44756e6,1.4123611111111115e6,false,0
353.177,use_lmSR3_cuts,0.02388156622178006,1,false,88.20625000000001,false,false,8.25,false,1.44756e6,1.41299e6,false,0
237.738,use_lmSR3_cuts,0.023766645954363952,5,false,79.19133333333335,false,false,8.25,false,1.44756e6,1.413156353982301e6,false,0
269.406,use_adaptive_ngroute,0.023548598451402225,0,false,89.65033333333334,false,false,8.25,false,1.44756e6,1.4134719908256882e6,false,2
438.259,use_adaptive_ngroute,0.02349290453514119,0,false,109.53324999999998,false,false,8.4,false,1.44756e6,1.413552611111111e6,false,2
484.928,use_lmSR3_cuts,0.023390175564178772,5,false,121.18599999999999,false,false,8.9,false,1.44756e6,1.4137013174603174e6,false,0
48.681,none,0.023094022188109964,0,false,NaN,false,false,8.9,true,1.44756e6,1.4141300172413795e6,false,0
