CG_time_taken,method,CG_LP_IP_gap,implemented_SR3_cuts_count,errored,CG_sp_time_taken_mean,converged,CGIP_artificial,ngroute_neighborhood_size,time_limit_reached,CGIP_objective,CGLP_objective,CGLP_artificial,cycles_lookup_length
250.933,use_adaptive_ngroute,0.21893291566769968,0,false,14.949307692307691,false,false,5.0,false,1.631745e6,1.2745023095238095e6,false,12
57.74,use_adaptive_ngroute,0.03762729163309331,0,false,7.320571428571429,false,false,5.8500000000000005,false,1.433421e6,1.3794852499999998e6,false,3
8.287,use_adaptive_ngroute,0.006368163132555393,0,false,4.0575,false,false,6.2,false,1.395336e6,1.3864502727272727e6,false,4
9.877,use_lmSR3_cuts,0.002204773617250577,4,false,4.8885,false,false,7.3,false,1.395336e6,1.3922596e6,false,0
27.672,use_adaptive_ngroute,2.7796684300862573e-5,0,false,6.77525,false,false,7.3,false,1.395336e6,1.3952972142857143e6,false,1
21.281,none,0.0,0,false,10.576500000000001,true,false,7.35,false,1.395336e6,1.395336e6,false,0
