CG_time_taken,method,CG_LP_IP_gap,implemented_SR3_cuts_count,errored,CG_sp_time_taken_mean,converged,CGIP_artificial,ngroute_neighborhood_size,time_limit_reached,CGIP_objective,CGLP_objective,CGLP_artificial,cycles_lookup_length
64.759,use_adaptive_ngroute,0.19372033102585184,0,false,5.502454545454545,false,false,5.0,false,1.636613e6,1.3195677878787876e6,false,11
17.551,use_adaptive_ngroute,0.11326671196953697,0,false,4.291,false,false,6.4,false,1.555457e6,1.3792755e6,false,4
18.448,use_adaptive_ngroute,0.10909880504571967,0,false,4.577,false,false,6.8,false,1.555457e6,1.3857585e6,false,4
19.2,use_lmSR3_cuts,0.10812513621398723,3,false,6.373,false,false,7.25,false,1.555457e6,1.387273e6,false,0
76.48,use_adaptive_ngroute,0.031141075535599638,0,false,10.856428571428571,false,false,7.25,false,1.457432e6,1.412046e6,false,4
67.613,use_adaptive_ngroute,0.02936209030678616,0,false,16.87725,false,false,7.6,false,1.457432e6,1.41463875e6,false,1
67.167,use_adaptive_ngroute,0.028817262143276845,0,false,16.76775,false,false,7.799999999999999,false,1.457432e6,1.4154327999999998e6,false,4
99.216,use_adaptive_ngroute,0.028817262143276956,0,false,19.7984,false,false,8.0,false,1.457432e6,1.4154327999999996e6,false,2
80.452,use_lmSR3_cuts,0.02783183023290281,5,false,20.095000000000002,false,false,8.25,false,1.457432e6,1.416869e6,false,0
68.823,use_lmSR3_cuts,0.025642705800339227,2,false,22.872999999999998,false,false,8.25,false,1.457432e6,1.4200595e6,false,0
47.834,use_lmSR3_cuts,0.016590482437602527,1,false,23.889499999999998,false,false,8.25,false,1.457432e6,1.4332525e6,false,0
77.277,use_adaptive_ngroute,0.0040111010382041234,0,false,25.732333333333333,false,false,8.25,false,1.439505e6,1.433731e6,false,2
169.16,use_lmSR3_cuts,0.0018052501843806024,1,false,28.166833333333336,false,false,8.35,false,1.439505e6,1.4369063333333333e6,false,0
42.608,use_adaptive_ngroute,0.0016943324267717497,0,false,21.2785,false,false,8.35,false,1.439505e6,1.437066e6,false,1
64.732,use_lmSR3_cuts,0.0013388861680463382,5,false,32.343,false,false,8.4,false,1.439505e6,1.4375776666666665e6,false,0
221.029,none,0.0,0,false,31.520571428571426,true,false,8.4,false,1.439505e6,1.439505e6,false,0
