CG_time_taken,method,CG_LP_IP_gap,implemented_SR3_cuts_count,errored,CG_sp_time_taken_mean,converged,CGIP_artificial,ngroute_neighborhood_size,time_limit_reached,CGIP_objective,CGLP_objective,CGLP_artificial,cycles_lookup_length
109.386,use_adaptive_ngroute,0.11752304492972332,0,false,6.1212857142857136,false,false,5.0,false,1.613957e6,1.4242798589743585e6,false,17
14.146,use_adaptive_ngroute,0.017700875164638363,0,false,1.496,false,false,6.2,false,1.525313e6,1.498313625e6,false,2
6.42,use_adaptive_ngroute,0.016838792150482118,0,false,1.2513999999999996,false,false,6.550000000000001,false,1.525313e6,1.4996285714285716e6,false,3
2.449,use_lmSR3_cuts,0.014833348958541603,5,false,1.2109999999999999,false,false,6.7,false,1.525313e6,1.5026875e6,false,0
20.886,use_lmSR3_cuts,0.011241080792379288,5,false,2.926142857142857,false,false,6.7,false,1.525313e6,1.5081668333333335e6,false,0
8.356,use_lmSR3_cuts,0.0012891225633648862,5,false,4.099,false,false,6.7,false,1.512075e6,1.51012575e6,false,0
3.192,use_lmSR3_cuts,0.0005277515996230386,1,false,3.017,false,false,6.7,false,1.512075e6,1.511277e6,false,0
6.022,none,0.0,0,false,2.9795,true,false,6.7,false,1.512075e6,1.512075e6,false,0
