CG_time_taken,method,CG_LP_IP_gap,implemented_SR3_cuts_count,errored,CG_sp_time_taken_mean,converged,CGIP_artificial,ngroute_neighborhood_size,time_limit_reached,CGIP_objective,CGLP_objective,CGLP_artificial,cycles_lookup_length
49.849,use_adaptive_ngroute,0.12812037348338723,0,false,3.683,false,false,5.0,false,1.491214e6,1.3001591053763442e6,false,14
35.064,use_adaptive_ngroute,0.003634500244655059,0,false,4.920857142857143,false,false,6.0,false,1.380594e6,1.3755762307692308e6,false,5
14.802,use_adaptive_ngroute,0.0026607833573528694,0,false,7.3745,false,false,6.9,false,1.380594e6,1.3769205384615387e6,false,7
15.707,use_lmSR3_cuts,0.0023049085083253207,5,false,7.837999999999999,false,false,8.1,false,1.380594e6,1.377411857142857e6,false,0
45.725,none,0.0,0,false,15.196666666666667,true,false,8.1,false,1.380594e6,1.380594e6,false,0
