CG_time_taken,method,CG_LP_IP_gap,implemented_SR3_cuts_count,errored,CG_sp_time_taken_mean,converged,CGIP_artificial,ngroute_neighborhood_size,time_limit_reached,CGIP_objective,CGLP_objective,CGLP_artificial,cycles_lookup_length
197.538,use_adaptive_ngroute,0.2826163310056943,0,false,12.827142857142857,false,false,5.0,false,1.733864e6,1.243845717857143e6,false,19
212.394,use_adaptive_ngroute,0.07988389062454149,0,false,21.0271,false,false,7.7,false,1.499276e6,1.379508e6,false,2
87.791,use_adaptive_ngroute,0.07783840333601022,0,false,29.22866666666667,false,false,8.1,false,1.499276e6,1.38257475e6,false,1
40.539,use_lmSR3_cuts,0.07620311403637492,2,false,20.2505,false,false,8.149999999999999,false,1.499276e6,1.3850265e6,false,0
369.044,use_lmSR3_cuts,0.06826574960180765,5,false,61.41083333333333,false,false,8.149999999999999,false,1.499276e6,1.3969268000000003e6,false,0
199.956,use_adaptive_ngroute,0.06274517057446982,0,false,66.59533333333334,false,false,8.149999999999999,false,1.499276e6,1.4052036716417912e6,false,6
282.464,use_adaptive_ngroute,0.06162522592386088,0,false,94.071,false,false,9.1,false,1.499276e6,1.4068827777777775e6,false,2
205.724,use_adaptive_ngroute,0.02686851066749618,0,false,102.7935,false,false,9.25,false,1.446518e6,1.4076522156862747e6,false,3
214.049,use_lmSR3_cuts,0.026567981753277348,5,false,106.996,false,false,10.1,false,1.446518e6,1.4080869361702127e6,false,0
428.911,use_adaptive_ngroute,0.020000183198549903,0,false,142.86100000000002,false,false,10.1,false,1.446518e6,1.417587375e6,false,4
317.241,use_adaptive_ngroute,0.019793377054745265,0,false,158.5955,false,false,10.3,false,1.446518e6,1.417886523809524e6,false,1
446.695,use_lmSR3_cuts,0.019600359433669667,5,false,148.849,false,false,10.6,false,1.446518e6,1.418165727272727e6,false,0
558.222,none,0.016869936403603014,0,false,198.89649999999997,false,false,10.6,true,1.446518e6,1.422115333333333e6,false,0
