CG_time_taken,method,CG_LP_IP_gap,implemented_SR3_cuts_count,errored,CG_sp_time_taken_mean,converged,CGIP_artificial,ngroute_neighborhood_size,time_limit_reached,CGIP_objective,CGLP_objective,CGLP_artificial,cycles_lookup_length
15.121,use_adaptive_ngroute,0.22835607332568297,0,false,0.7249374999999999,false,false,5.0,false,1.192979e6,920555.0,false,20
14.592,use_adaptive_ngroute,0.02115076990025111,0,false,0.8425625,false,false,7.1,false,1.014179e6,992728.3333333333,false,5
8.952,use_adaptive_ngroute,0.007492760153779532,0,false,1.063625,false,false,7.550000000000001,false,1.014179e6,1.00658e6,false,7
9.692,use_lmSR3_cuts,0.004884739281724393,1,false,1.1882499999999998,false,false,7.8999999999999995,false,1.014179e6,1.009225e6,false,0
15.29,use_adaptive_ngroute,0.0013597205227083853,0,false,1.8495000000000001,false,false,7.8999999999999995,false,1.014179e6,1.0128000000000001e6,false,3
12.967,use_lmSR3_cuts,0.001315349657210363,1,false,1.812285714285714,false,false,8.4,false,1.014179e6,1.012845e6,false,0
14.722,none,0.0,0,false,2.4013333333333335,true,false,8.4,false,1.014179e6,1.014179e6,false,0
