CG_time_taken,method,CG_LP_IP_gap,implemented_SR3_cuts_count,errored,CG_sp_time_taken_mean,converged,CGIP_artificial,ngroute_neighborhood_size,time_limit_reached,CGIP_objective,CGLP_objective,CGLP_artificial,cycles_lookup_length
65.971,use_adaptive_ngroute,0.15831563984140595,0,false,4.5071,false,false,5.0,false,1.510225e6,1.2711327628205128e6,false,16
56.86,use_adaptive_ngroute,0.05947435637263865,0,false,7.95,false,false,6.6499999999999995,false,1.469036e6,1.3816660294117643e6,false,6
24.587,use_adaptive_ngroute,0.055654259739795986,0,false,8.101333333333333,false,false,7.15,false,1.469036e6,1.387277888888889e6,false,5
27.261,use_lmSR3_cuts,0.05532068876006646,5,false,9.045666666666667,false,false,7.6499999999999995,false,1.469036e6,1.387767916666667e6,false,0
45.904,use_lmSR3_cuts,0.05094372545442505,5,false,11.357750000000001,false,false,7.6499999999999995,false,1.469036e6,1.3941978333333333e6,false,0
33.158,use_adaptive_ngroute,0.005836463763762234,0,false,16.386499999999998,false,false,7.6499999999999995,false,1.411414e6,1.4031763333333333e6,false,3
58.528,use_adaptive_ngroute,0.00558567507478247,0,false,19.468,false,false,8.1,false,1.411414e6,1.403530300000001e6,false,1
30.873,use_adaptive_ngroute,0.005531970066897429,0,false,15.4065,false,false,8.200000000000001,false,1.411414e6,1.4036061e6,false,1
80.708,use_lmSR3_cuts,0.004780950167704079,5,false,26.872666666666664,false,false,8.3,false,1.411414e6,1.4046661e6,false,0
89.079,use_lmSR3_cuts,0.001741279785142269,5,false,22.172749999999997,false,false,8.3,false,1.411414e6,1.4089563333333333e6,false,0
71.689,use_lmSR3_cuts,0.0003568862755464197,5,false,35.786,false,false,8.3,false,1.411414e6,1.410910285714286e6,false,0
95.573,none,0.0,0,false,31.813666666666663,true,false,8.3,false,1.411414e6,1.411414e6,false,0
