CG_time_taken,method,CG_LP_IP_gap,implemented_SR3_cuts_count,errored,CG_sp_time_taken_mean,converged,CGIP_artificial,ngroute_neighborhood_size,time_limit_reached,CGIP_objective,CGLP_objective,CGLP_artificial,cycles_lookup_length
35.537,use_adaptive_ngroute,0.3371986805296804,0,false,1.7559090909090909,false,false,5.0,false,1.8779549913216261e6,1.2447110461538464e6,false,19
24.537,use_adaptive_ngroute,0.02947474442245368,0,false,2.90375,false,false,6.9,false,1.499121e6,1.4549347916666667e6,false,10
9.107,use_adaptive_ngroute,0.020609815555872824,0,false,3.0046666666666666,false,false,7.8500000000000005,false,1.499121e6,1.4682243926940644e6,false,5
20.462,use_lmSR3_cuts,0.01968972865718377,5,false,5.104,false,false,8.45,false,1.499121e6,1.469603714285714e6,false,0
22.625,use_adaptive_ngroute,0.016781860625352918,0,false,7.3903333333333325,false,false,8.45,false,1.499121e6,1.4739629603174604e6,false,5
23.234,use_lmSR3_cuts,0.01626637733521341,5,false,7.732333333333333,false,false,9.350000000000001,false,1.499121e6,1.4747357321428575e6,false,0
19.432,use_lmSR3_cuts,0.011855629391160138,5,false,9.549499999999998,false,false,9.350000000000001,false,1.499121e6,1.4813479770114946e6,false,0
29.139,use_adaptive_ngroute,0.009673402959485267,0,false,9.635666666666665,false,false,9.350000000000001,false,1.499121e6,1.4846193984819734e6,false,1
10.027,use_lmSR3_cuts,0.009670067186380527,5,false,10.006,false,false,9.6,false,1.499121e6,1.484624399209486e6,false,0
33.568,use_adaptive_ngroute,0.006402149741283059,0,false,11.126000000000001,false,false,9.6,false,1.499121e6,1.489523402877698e6,false,2
22.847,use_lmSR3_cuts,0.006100129162869061,5,false,11.405,false,false,9.700000000000001,false,1.499121e6,1.4899761682692305e6,false,0
57.613,use_adaptive_ngroute,0.003190424427424121,0,false,14.332999999999998,false,false,9.700000000000001,false,1.499121e6,1.4943381677419355e6,false,2
33.084,use_lmSR3_cuts,0.002678014873065515,5,false,16.524,false,false,10.1,false,1.499121e6,1.4951063316654752e6,false,0
121.192,none,0.0,0,false,20.114166666666666,true,false,10.1,false,1.499121e6,1.499121e6,false,0
