CG_time_taken,method,CG_LP_IP_gap,implemented_SR3_cuts_count,errored,CG_sp_time_taken_mean,converged,CGIP_artificial,ngroute_neighborhood_size,time_limit_reached,CGIP_objective,CGLP_objective,CGLP_artificial,cycles_lookup_length
53.668,use_adaptive_ngroute,0.18150199127608269,0,false,3.3273846153846147,false,false,5.0,false,1.565854e6,1.2816483809523808e6,false,14
31.416,use_lmSR3_cuts,0.012318109515379483,5,false,3.8175,false,false,6.1,false,1.402561e6,1.3852840999999999e6,false,0
39.004,use_lmSR3_cuts,0.007335509828093056,4,false,9.655000000000001,false,false,6.1,false,1.402561e6,1.3922725e6,false,0
23.562,use_adaptive_ngroute,0.005332853383142044,0,false,7.778666666666667,false,false,6.1,false,1.402561e6,1.395081347826087e6,false,2
22.071,use_adaptive_ngroute,0.004606810921830351,0,false,11.002,false,false,6.2,false,1.402561e6,1.3960996666666667e6,false,2
17.77,use_adaptive_ngroute,0.004212681556911013,0,false,8.858,false,false,6.3,false,1.402561e6,1.3966524571428574e6,false,1
16.105,use_lmSR3_cuts,0.004167655670126003,5,false,8.0385,false,false,6.35,false,1.402561e6,1.3967156086956523e6,false,0
40.707,none,0.0,0,false,13.427666666666667,true,false,6.35,false,1.402561e6,1.402561e6,false,0
