CG_time_taken,method,CG_LP_IP_gap,implemented_SR3_cuts_count,errored,CG_sp_time_taken_mean,converged,CGIP_artificial,ngroute_neighborhood_size,time_limit_reached,CGIP_objective,CGLP_objective,CGLP_artificial,cycles_lookup_length
98.733,use_adaptive_ngroute,0.1668612387738816,0,false,7.6753636363636355,false,false,5.0,false,1.593515e6,1.327619113095238e6,false,18
35.715,use_adaptive_ngroute,0.05541870381665026,0,false,4.938571428571429,false,false,6.15,false,1.519893e6,1.4356625e6,false,8
16.068,use_lmSR3_cuts,0.008793501113521729,5,false,5.281666666666666,false,false,7.6499999999999995,false,1.460681e6,1.4478365e6,false,0
14.303,use_adaptive_ngroute,0.005966395126656643,0,false,7.006,false,false,7.6499999999999995,false,1.460681e6,1.451966e6,false,2
71.643,use_lmSR3_cuts,0.002022002066159545,2,false,7.922555555555556,false,false,7.75,false,1.460681e6,1.4577275e6,false,0
18.459,none,0.0,0,false,9.189,true,false,7.75,false,1.460681e6,1.460681e6,false,0
