CG_time_taken,method,CG_LP_IP_gap,implemented_SR3_cuts_count,errored,CG_sp_time_taken_mean,converged,CGIP_artificial,ngroute_neighborhood_size,time_limit_reached,CGIP_objective,CGLP_objective,CGLP_artificial,cycles_lookup_length
89.573,use_adaptive_ngroute,0.3093947532645547,0,false,7.457363636363637,false,false,5.0,false,1.966535e6,1.358099388888889e6,false,17
55.136,use_adaptive_ngroute,0.06080469117519216,0,false,9.022833333333333,false,false,6.550000000000001,false,1.621939e6,1.5233175e6,false,1
63.209,use_lmSR3_cuts,0.050254787633813525,5,false,12.600799999999998,false,false,6.6,false,1.621939e6,1.5404288e6,false,0
80.848,use_adaptive_ngroute,0.045950145679543475,0,false,20.137,false,false,6.6,false,1.621939e6,1.547410666666667e6,false,3
68.985,use_adaptive_ngroute,0.041810820258961545,0,false,17.2135,false,false,7.15,false,1.621939e6,1.5541244000000001e6,false,2
44.914,use_lmSR3_cuts,0.04044532941304013,5,false,22.429000000000002,false,false,7.35,false,1.621939e6,1.5563391428571432e6,false,0
39.984,use_adaptive_ngroute,0.03389915627922124,0,false,19.924500000000002,false,false,7.35,false,1.621939e6,1.5669566363636362e6,false,4
21.263,use_lmSR3_cuts,0.03361192991844941,5,false,21.244,false,false,7.6499999999999995,false,1.621939e6,1.5674225e6,false,0
52.712,use_lmSR3_cuts,0.033174408326494875,5,false,26.2995,false,false,7.6499999999999995,false,1.621939e6,1.5681321333333333e6,false,0
120.042,none,0.0,0,false,29.9545,true,false,7.6499999999999995,false,1.576682e6,1.576682e6,false,0
