CG_time_taken,method,CG_LP_IP_gap,implemented_SR3_cuts_count,errored,CG_sp_time_taken_mean,converged,CGIP_artificial,ngroute_neighborhood_size,time_limit_reached,CGIP_objective,CGLP_objective,CGLP_artificial,cycles_lookup_length
34.349,use_adaptive_ngroute,0.18631276574254385,0,false,3.827714285714286,false,false,5.0,false,1.438707e6,1.170657519736842e6,false,17
26.95,use_adaptive_ngroute,0.03217967009768952,0,false,3.196,false,false,6.550000000000001,false,1.37374e6,1.3295335e6,false,2
15.619,use_adaptive_ngroute,0.022074864967169927,0,false,3.0388,false,false,6.6499999999999995,false,1.37374e6,1.343414875e6,false,2
8.253,use_lmSR3_cuts,0.020716984291059393,2,false,2.7230000000000003,false,false,6.8500000000000005,false,1.37374e6,1.34528025e6,false,0
13.029,use_lmSR3_cuts,0.002587244549606793,1,false,6.412000000000001,false,false,6.8500000000000005,false,1.359168e6,1.3556515e6,false,0
14.459,use_adaptive_ngroute,0.000306437467627263,0,false,4.773333333333334,false,false,6.8500000000000005,false,1.359168e6,1.3587515e6,false,2
12.153,none,0.0,0,false,6.0440000000000005,true,false,7.05,false,1.359168e6,1.359168e6,false,0
