CG_time_taken,method,CG_LP_IP_gap,implemented_SR3_cuts_count,errored,CG_sp_time_taken_mean,converged,CGIP_artificial,ngroute_neighborhood_size,time_limit_reached,CGIP_objective,CGLP_objective,CGLP_artificial,cycles_lookup_length
127.799,use_adaptive_ngroute,0.3223019987728344,0,false,8.177999999999999,false,false,5.0,false,1.712824e6,1.1607774012539187e6,false,19
111.862,use_adaptive_ngroute,0.03636727445536625,0,false,12.275666666666666,false,false,6.8500000000000005,false,1.399335e6,1.348445e6,false,7
52.472,use_adaptive_ngroute,0.004505330508181915,0,false,13.0755,false,false,7.5,false,1.399335e6,1.3930305333333332e6,false,7
68.06,use_adaptive_ngroute,0.0013292027999013412,0,false,16.911,false,false,8.5,false,1.399335e6,1.397475e6,false,1
19.723,use_adaptive_ngroute,0.001217116591919698,0,false,19.703000000000003,false,false,8.55,false,1.399335e6,1.397631846153846e6,false,4
45.797,use_lmSR3_cuts,0.0007634120712831649,5,false,22.882499999999997,false,false,8.8,false,1.399335e6,1.398266730769231e6,false,0
64.505,none,0.0,0,false,32.197500000000005,true,false,8.8,false,1.399335e6,1.399335e6,false,0
