CG_time_taken,method,CG_LP_IP_gap,implemented_SR3_cuts_count,errored,CG_sp_time_taken_mean,converged,CGIP_artificial,ngroute_neighborhood_size,time_limit_reached,CGIP_objective,CGLP_objective,CGLP_artificial,cycles_lookup_length
64.379,use_adaptive_ngroute,0.3219179402357365,0,false,5.4822999999999995,false,false,5.0,false,1.746037e6,1.1839563653846153e6,false,20
59.747,use_adaptive_ngroute,0.032851003156454506,0,false,4.530230769230769,false,false,6.7,false,1.47634e6,1.42784075e6,false,2
15.746,use_lmSR3_cuts,0.031227110947138814,2,false,5.218666666666667,false,false,6.8,false,1.474504e6,1.4284595e6,false,0
14.209,use_adaptive_ngroute,0.023928385409602293,0,false,7.079999999999999,false,false,6.8,false,1.474504e6,1.4392214999999998e6,false,6
12.457,use_lmSR3_cuts,0.023800884907738462,1,false,6.207,false,false,7.3,false,1.474504e6,1.4394095e6,false,0
25.878,use_adaptive_ngroute,0.01959528300413682,0,false,8.594666666666669,false,false,7.3,false,1.474504e6,1.4456106768292682e6,false,16
49.452,use_adaptive_ngroute,0.005225227761496587,0,false,9.8508,false,false,9.700000000000001,false,1.456348e6,1.44873825e6,false,6
25.487,use_lmSR3_cuts,0.003420199018366543,5,false,12.7225,false,false,10.0,false,1.456348e6,1.451367e6,false,0
49.036,use_lmSR3_cuts,0.0016682139159047704,5,false,12.23575,false,false,10.0,false,1.456348e6,1.4539185e6,false,0
49.838,none,0.0,0,false,12.416,true,false,10.0,false,1.456348e6,1.456348e6,false,0
