CG_time_taken,method,CG_LP_IP_gap,implemented_SR3_cuts_count,errored,CG_sp_time_taken_mean,converged,CGIP_artificial,ngroute_neighborhood_size,time_limit_reached,CGIP_objective,CGLP_objective,CGLP_artificial,cycles_lookup_length
2736.503,use_adaptive_ngroute,0.11741178392256912,0,false,218.6053333333334,false,false,5.0,false,1.1986e6,1.0578702357904087e6,false,17
177.844,use_lmSR3_cuts,0.017303729350909403,3,false,19.68633333333333,false,false,7.4,false,1.1986e6,1.17785975e6,false,0
282.899,use_adaptive_ngroute,0.014362381111296507,0,false,46.992000000000004,false,false,7.4,false,1.1986e6,1.18138525e6,false,6
171.617,use_adaptive_ngroute,0.014181545135992013,0,false,42.86750000000001,false,false,7.8999999999999995,false,1.1986e6,1.181602e6,false,1
52.63,use_lmSR3_cuts,0.012046971466711187,5,false,52.612,false,false,7.95,false,1.1986e6,1.1841605e6,false,0
159.182,none,0.008958368096112168,0,false,66.72149999999999,false,false,7.95,true,1.1986e6,1.1878625e6,false,0
