CG_time_taken,method,CG_LP_IP_gap,implemented_SR3_cuts_count,errored,CG_sp_time_taken_mean,converged,CGIP_artificial,ngroute_neighborhood_size,time_limit_reached,CGIP_objective,CGLP_objective,CGLP_artificial,cycles_lookup_length
5.406,use_adaptive_ngroute,0.2998902229550091,0,false,0.2526,false,false,5.0,false,1.54771e6,1.0835669030303028e6,false,18
5.08,use_adaptive_ngroute,0.009733933195404165,0,false,0.532888888888889,false,false,6.35,false,1.28085e6,1.2683822916666665e6,false,11
5.687,use_lmSR3_cuts,0.007957606277081641,5,false,0.7897142857142856,false,false,7.799999999999999,false,1.28085e6,1.2706575e6,false,0
8.644,use_adaptive_ngroute,0.006136549947300618,0,false,1.1467142857142858,false,false,7.799999999999999,false,1.28085e6,1.27299e6,false,2
2.686,use_lmSR3_cuts,0.0006206815786391484,1,false,1.331,false,false,8.05,false,1.28085e6,1.280055e6,false,0
3.842,use_lmSR3_cuts,0.0006206815786391484,1,false,1.247,false,false,8.05,false,1.28085e6,1.280055e6,false,0
3.167,none,0.0,0,false,1.576,true,false,8.05,false,1.28085e6,1.28085e6,false,0
