CG_time_taken,method,CG_LP_IP_gap,implemented_SR3_cuts_count,errored,CG_sp_time_taken_mean,converged,CGIP_artificial,ngroute_neighborhood_size,time_limit_reached,CGIP_objective,CGLP_objective,CGLP_artificial,cycles_lookup_length
56.902,use_adaptive_ngroute,0.22786979310588795,0,false,4.004250000000001,false,false,5.0,false,1.657696e6,1.279957155447542e6,false,18
80.534,use_adaptive_ngroute,0.033277198395718965,0,false,8.009,false,false,6.550000000000001,false,1.521928e6,1.4712825000000002e6,false,3
28.495,use_adaptive_ngroute,0.02905900560717367,0,false,7.09025,false,false,6.949999999999999,false,1.521928e6,1.4777022857142854e6,false,2
17.993,use_lmSR3_cuts,0.028276852343430803,5,false,8.959999999999999,false,false,7.05,false,1.521928e6,1.478892666666667e6,false,0
12.485,use_adaptive_ngroute,0.027827015657583387,0,false,12.436,false,false,7.05,false,1.521928e6,1.4795772857142854e6,false,2
28.004,use_adaptive_ngroute,0.026691033024213162,0,false,13.991500000000002,false,false,7.15,false,1.521928e6,1.4813061694915253e6,false,3
44.668,use_lmSR3_cuts,0.02662398040511771,5,false,14.870333333333335,false,false,7.8999999999999995,false,1.521928e6,1.48140821875e6,false,0
69.088,use_lmSR3_cuts,0.021974612319227926,5,false,13.734200000000003,false,false,7.8999999999999995,false,1.521928e6,1.488484222222222e6,false,0
62.559,use_lmSR3_cuts,0.0200953001718871,4,false,15.602,false,false,7.8999999999999995,false,1.521928e6,1.4913444000000001e6,false,0
82.734,none,0.0,0,false,20.65225,true,false,7.8999999999999995,false,1.493824e6,1.493824e6,false,0
