CG_time_taken,method,CG_LP_IP_gap,implemented_SR3_cuts_count,errored,CG_sp_time_taken_mean,converged,CGIP_artificial,ngroute_neighborhood_size,time_limit_reached,CGIP_objective,CGLP_objective,CGLP_artificial,cycles_lookup_length
15.472,use_adaptive_ngroute,0.16095525224462803,0,false,0.4942777777777778,false,false,5.0,false,1.306198e6,1.0959585714285714e6,false,11
3.871,use_adaptive_ngroute,0.03627312088121992,0,false,0.3164444444444445,false,false,5.666666666666667,false,1.25644e6,1.210865e6,false,9
6.479,use_adaptive_ngroute,0.019504603272298304,0,false,0.46833333333333327,false,false,6.458333333333334,false,1.247808e6,1.22347e6,false,11
6.171,use_lmSR3_cuts,0.018366607683233283,3,false,0.786,false,false,7.333333333333334,false,1.247808e6,1.22489e6,false,0
15.535,use_lmSR3_cuts,0.011819660289617229,2,false,1.665,false,false,7.333333333333334,false,1.247808e6,1.2330593333333333e6,false,0
22.818,use_lmSR3_cuts,0.011683688516181956,1,false,2.2015000000000002,false,false,7.333333333333334,false,1.247808e6,1.233229e6,false,0
5.621,use_adaptive_ngroute,0.005012583892617495,0,false,1.3475,false,false,7.333333333333334,false,1.23968e6,1.233466e6,false,5
14.014,use_lmSR3_cuts,0.005012583892617606,3,false,3.46325,false,false,8.375,false,1.23968e6,1.2334659999999998e6,false,0
13.258,none,0.0,0,false,2.1160000000000005,true,false,8.375,false,1.23394e6,1.23394e6,false,0
