CG_time_taken,method,CG_LP_IP_gap,implemented_SR3_cuts_count,errored,CG_sp_time_taken_mean,converged,CGIP_artificial,ngroute_neighborhood_size,time_limit_reached,CGIP_objective,CGLP_objective,CGLP_artificial,cycles_lookup_length
10.25,use_adaptive_ngroute,0.3610211216103527,0,false,0.40986666666666666,false,false,5.0,false,1.768882e6,1.130278236363636e6,false,24
10.493,use_adaptive_ngroute,0.01596944163176872,0,false,0.7168461538461539,false,false,7.291666666666667,false,1.38187e6,1.3598023076923077e6,false,16
10.448,use_lmSR3_cuts,0.014617872882398464,5,false,1.128888888888889,false,false,8.833333333333332,false,1.38187e6,1.36167e6,false,0
12.569,use_adaptive_ngroute,0.012450519947607264,0,false,1.9905000000000002,false,false,8.833333333333332,false,1.38187e6,1.364665e6,false,4
8.283,use_adaptive_ngroute,0.012450519947607264,0,false,2.033,false,false,9.0,false,1.38187e6,1.364665e6,false,3
10.67,use_lmSR3_cuts,0.010719773447092185,5,false,2.64425,false,false,9.125,false,1.38187e6,1.3670566666666667e6,false,0
18.672,use_lmSR3_cuts,0.005492557187000036,3,false,3.0423333333333336,false,false,9.125,false,1.38187e6,1.3742800000000002e6,false,0
26.364,use_lmSR3_cuts,0.003936694479220182,1,false,3.7170000000000005,false,false,9.125,false,1.38187e6,1.37643e6,false,0
19.823,use_lmSR3_cuts,0.001138553795460906,2,false,3.9072,false,false,9.125,false,1.38187e6,1.3802966666666665e6,false,0
19.484,none,-4.440892098500626e-16,0,false,3.8629999999999995,true,false,9.125,false,1.38187e6,1.3818700000000005e6,false,0
