CG_time_taken,method,CG_LP_IP_gap,implemented_SR3_cuts_count,errored,CG_sp_time_taken_mean,converged,CGIP_artificial,ngroute_neighborhood_size,time_limit_reached,CGIP_objective,CGLP_objective,CGLP_artificial,cycles_lookup_length
23.141,use_adaptive_ngroute,0.34031874831693376,0,false,0.5034,false,false,5.0,false,1.569556e6,1.0354066666666667e6,false,11
12.512,use_adaptive_ngroute,0.17935946105953582,0,false,0.8571666666666667,false,false,6.625,false,1.425612e6,1.169914999999993e6,false,14
19.16,use_adaptive_ngroute,0.12336466497731158,0,false,3.072166666666667,false,false,7.833333333333334,false,1.35752e6,1.19005e6,false,5
34.136,use_adaptive_ngroute,0.12217438171567752,0,false,5.612833333333334,false,false,8.166666666666666,false,1.35752e6,1.1916658333333335e6,false,6
59.395,use_lmSR3_cuts,0.12149360598738879,2,false,6.564888888888889,false,false,8.541666666666666,false,1.35752e6,1.19259e6,false,0
69.89,use_adaptive_ngroute,0.025131211205355664,0,false,7.685555555555556,false,false,8.541666666666666,false,1.23084e6,1.1999075e6,false,7
24.212,use_lmSR3_cuts,0.024565879128616852,5,false,8.009,false,false,9.375,false,1.23084e6,1.2006033333333333e6,false,0
83.212,use_lmSR3_cuts,0.020940052834789724,5,false,11.714,false,false,9.375,false,1.23025e6,1.2044885e6,false,0
58.588,use_lmSR3_cuts,0.017256655151391964,2,false,9.668166666666666,false,false,9.375,false,1.23025e6,1.20902e6,false,0
8.285,use_lmSR3_cuts,0.01713879292826659,2,false,8.226,false,false,9.375,false,1.23025e6,1.209165e6,false,0
103.169,use_adaptive_ngroute,0.008911555374223612,0,false,14.373,false,false,9.375,false,1.2255e6,1.214578888888889e6,false,4
105.722,use_adaptive_ngroute,0.008660697030213216,0,false,21.0538,false,false,9.791666666666666,false,1.2255e6,1.2148863157894737e6,false,2
30.17,use_lmSR3_cuts,0.008637290901672756,5,false,30.128999999999998,false,false,9.875,false,1.2255e6,1.214915e6,false,0
275.699,use_adaptive_ngroute,0.0039867109634553755,0,false,30.37433333333334,false,false,9.875,false,1.2255e6,1.2206142857142854e6,false,2
134.779,use_adaptive_ngroute,0.003140441543134198,0,false,44.76966666666667,false,false,10.041666666666666,false,1.2255e6,1.221651388888889e6,false,11
514.941,use_adaptive_ngroute,0.003131309143075356,0,false,171.55266666666665,false,false,12.291666666666666,false,1.2255e6,1.2216625806451612e6,false,3
435.942,use_lmSR3_cuts,0.0031186744054433335,5,false,217.88549999999998,false,false,12.416666666666668,false,1.2255e6,1.2216780645161292e6,false,0
1547.133,none,0.002552427580579497,0,false,269.3616,false,false,12.416666666666668,true,1.2255e6,1.2223719999999998e6,false,0
