CG_time_taken,method,CG_LP_IP_gap,implemented_SR3_cuts_count,errored,CG_sp_time_taken_mean,converged,CGIP_artificial,ngroute_neighborhood_size,time_limit_reached,CGIP_objective,CGLP_objective,CGLP_artificial,cycles_lookup_length
7.088,use_adaptive_ngroute,0.25305456138227556,0,false,0.3217142857142858,false,false,5.0,false,1.57198e6,1.1741832905982905e6,false,24
15.019,use_adaptive_ngroute,0.022621345117280423,0,false,1.0861538461538462,false,false,8.75,false,1.394892e6,1.3633376666666665e6,false,4
2.91,use_adaptive_ngroute,0.019920700968314886,0,false,0.934,false,false,9.166666666666668,false,1.394892e6,1.3671047735849053e6,false,4
4.205,use_adaptive_ngroute,0.019422240984555583,0,false,1.3696666666666668,false,false,9.916666666666666,false,1.394892e6,1.3678000714285714e6,false,3
4.871,use_lmSR3_cuts,0.01934249555355716,5,false,2.4210000000000003,false,false,10.625,false,1.394892e6,1.3679113076923075e6,false,0
10.827,use_adaptive_ngroute,0.016593797624156914,0,false,3.583,false,false,10.625,false,1.394892e6,1.3717454444444445e6,false,3
18.784,use_lmSR3_cuts,0.01605116887818092,5,false,4.6625000000000005,false,false,10.833333333333334,false,1.394892e6,1.3725023529411764e6,false,0
22.723,use_lmSR3_cuts,0.012160798111968574,1,false,5.63725,false,false,10.833333333333334,false,1.394892e6,1.377929e6,false,0
18.848,use_adaptive_ngroute,0.011601799381498301,0,false,6.2509999999999994,false,false,10.833333333333334,false,1.394892e6,1.378708742857143e6,false,6
6.759,use_adaptive_ngroute,0.011593170358877192,0,false,6.739999999999999,false,false,11.375,false,1.394892e6,1.378720779411765e6,false,1
14.889,use_lmSR3_cuts,0.0114898740069721,5,false,7.4239999999999995,false,false,11.416666666666666,false,1.394892e6,1.3788648666666667e6,false,0
78.963,use_adaptive_ngroute,0.007324521659502481,0,false,13.094833333333334,false,false,11.416666666666666,false,1.394892e6,1.3846750833333333e6,false,1
55.358,use_lmSR3_cuts,0.007160402450683279,5,false,13.8005,false,false,11.458333333333334,false,1.394892e6,1.3849040119047614e6,false,0
102.768,none,0.0,0,false,11.331888888888889,true,false,11.458333333333334,false,1.394892e6,1.394892e6,false,0
