CG_time_taken,method,CG_LP_IP_gap,implemented_SR3_cuts_count,errored,CG_sp_time_taken_mean,converged,CGIP_artificial,ngroute_neighborhood_size,time_limit_reached,CGIP_objective,CGLP_objective,CGLP_artificial,cycles_lookup_length
15.675,use_adaptive_ngroute,0.3501640836388531,0,false,0.5391578947368421,false,false,5.0,false,1.693722e6,1.1006413879310344e6,false,20
12.799,use_lmSR3_cuts,0.028239455105621647,1,false,0.8615714285714288,false,false,7.208333333333333,false,1.44762e6,1.40674e6,false,0
2.136,use_adaptive_ngroute,0.02803567234495241,0,false,1.0594999999999999,false,false,7.208333333333333,false,1.44762e6,1.407035e6,false,8
11.525,none,0.0,0,false,1.1269,true,false,7.541666666666667,false,1.407312e6,1.407312e6,false,0
