CG_time_taken,method,CG_LP_IP_gap,implemented_SR3_cuts_count,errored,CG_sp_time_taken_mean,converged,CGIP_artificial,ngroute_neighborhood_size,time_limit_reached,CGIP_objective,CGLP_objective,CGLP_artificial,cycles_lookup_length
5.805,use_adaptive_ngroute,0.14704504445629885,0,false,0.19361111111111112,false,false,5.0,false,1.55178e6,1.3235984409136046e6,false,20
5.335,use_adaptive_ngroute,0.058317598313028185,0,false,0.40683333333333327,false,false,7.375,false,1.44419e6,1.3599683076923077e6,false,11
5.748,use_adaptive_ngroute,0.0012316638419728188,0,false,0.49363636363636365,false,false,7.916666666666667,false,1.36888e6,1.3671940000000002e6,false,4
1.692,use_adaptive_ngroute,0.0010916954006193746,0,false,0.5406666666666666,false,false,8.541666666666666,false,1.36888e6,1.3673856e6,false,5
3.263,use_lmSR3_cuts,0.0010916954006193746,5,false,1.0436666666666667,false,false,9.0,false,1.36888e6,1.3673856e6,false,0
12.187,none,0.0,0,false,1.4651249999999998,true,false,9.0,false,1.36888e6,1.36888e6,false,0
