CG_time_taken,method,CG_LP_IP_gap,implemented_SR3_cuts_count,errored,CG_sp_time_taken_mean,converged,CGIP_artificial,ngroute_neighborhood_size,time_limit_reached,CGIP_objective,CGLP_objective,CGLP_artificial,cycles_lookup_length
9.946,use_adaptive_ngroute,0.22938182084283698,0,false,0.33199999999999996,false,false,5.0,false,1.62433e6,1.2517382269503546e6,false,24
27.021,use_adaptive_ngroute,0.07471133384771889,0,false,2.6191,false,false,8.375,false,1.424353e6,1.3179376875e6,false,11
38.817,use_adaptive_ngroute,0.06975012195329766,0,false,5.4794285714285715,false,false,9.291666666666666,false,1.424353e6,1.3250042045454546e6,false,12
24.255,use_lmSR3_cuts,0.06837164741543078,5,false,6.005,false,false,11.0,false,1.424353e6,1.326967638888889e6,false,0
73.306,use_lmSR3_cuts,0.05629600313432204,5,false,12.154666666666666,false,false,11.0,false,1.424353e6,1.344167619047619e6,false,0
64.262,use_adaptive_ngroute,0.05329707039284737,0,false,12.7598,false,false,11.0,false,1.424353e6,1.3484391578947366e6,false,3
100.175,use_lmSR3_cuts,0.052956114109353525,5,false,19.972600000000003,false,false,11.125,false,1.424353e6,1.3489248e6,false,0
148.262,none,0.0,0,false,18.45875,true,false,11.125,false,1.3506e6,1.3506e6,false,0
