CG_time_taken,method,CG_LP_IP_gap,implemented_SR3_cuts_count,errored,CG_sp_time_taken_mean,converged,CGIP_artificial,ngroute_neighborhood_size,time_limit_reached,CGIP_objective,CGLP_objective,CGLP_artificial,cycles_lookup_length
16.514,use_adaptive_ngroute,0.3302558391069407,0,false,0.65325,false,false,5.0,false,1.83597e6,1.22963018707483e6,false,24
93.86,use_adaptive_ngroute,0.13477412945087008,0,false,6.611928571428572,false,false,9.291666666666666,false,1.63058e6,1.4108200000000002e6,false,6
57.974,use_adaptive_ngroute,0.1036804338642272,0,false,7.2056249999999995,false,false,10.125000000000002,false,1.58836e6,1.423678146067416e6,false,10
22.41,use_lmSR3_cuts,0.1035309655521699,5,false,11.190999999999999,false,false,10.833333333333334,false,1.58836e6,1.4239155555555555e6,false,0
94.166,use_adaptive_ngroute,0.09766285840601485,0,false,15.637666666666666,false,false,10.833333333333334,false,1.58836e6,1.4332362222222222e6,false,1
35.933,use_adaptive_ngroute,0.09733896622198346,0,false,17.929000000000002,false,false,11.0,false,1.58836e6,1.4337506796116503e6,false,1
19.812,use_lmSR3_cuts,0.09733287708620753,5,false,19.792,false,false,11.041666666666666,false,1.58836e6,1.4337603513513515e6,false,0
94.517,use_adaptive_ngroute,0.09316603478274366,0,false,23.573249999999998,false,false,11.041666666666666,false,1.58836e6,1.4403787969924812e6,false,8
161.943,use_lmSR3_cuts,0.08997063551127538,5,false,80.9385,false,false,11.916666666666668,false,1.58836e6,1.4454542413793106e6,false,0
705.46,use_lmSR3_cuts,0.014270368028501346,5,false,141.008,false,false,11.916666666666668,false,1.47081e6,1.449821e6,false,0
912.448,use_adaptive_ngroute,0.01022961373788478,0,false,182.36780000000002,false,false,11.916666666666668,false,1.47081e6,1.4557641818181816e6,false,1
594.528,use_lmSR3_cuts,0.009961748128588188,5,false,198.15266666666665,false,false,12.0,false,1.47081e6,1.4561581612349912e6,false,0
721.478,none,0.006640904053525354,0,false,170.93475,false,false,12.0,true,1.46959e6,1.4598305938119798e6,false,0
