CG_time_taken,method,CG_LP_IP_gap,implemented_SR3_cuts_count,errored,CG_sp_time_taken_mean,converged,CGIP_artificial,ngroute_neighborhood_size,time_limit_reached,CGIP_objective,CGLP_objective,CGLP_artificial,cycles_lookup_length
9.026,use_adaptive_ngroute,0.3381611969733025,0,false,0.284,false,false,5.0,false,1.92837e6,1.2762700925925926e6,false,24
19.301,use_adaptive_ngroute,0.09269174569650618,0,false,1.4131538461538464,false,false,8.5,false,1.607316e6,1.4583310740740744e6,false,12
16.487,use_adaptive_ngroute,0.0812754194319042,0,false,2.7001666666666666,false,false,10.5,false,1.59543e6,1.465760757575757e6,false,8
9.258,use_adaptive_ngroute,0.08074434209044423,0,false,3.0736666666666674,false,false,11.041666666666666,false,1.59543e6,1.4666080542986426e6,false,1
3.03,use_adaptive_ngroute,0.08065198922836003,0,false,3.0159999999999996,false,false,11.166666666666666,false,1.59543e6,1.4667553968253976e6,false,3
3.701,use_lmSR3_cuts,0.08063516754926814,5,false,3.686,false,false,11.458333333333334,false,1.59543e6,1.4667822346368711e6,false,0
50.722,use_lmSR3_cuts,0.06542252258934822,5,false,8.382666666666667,false,false,11.458333333333334,false,1.59543e6,1.4910529447852762e6,false,0
72.905,use_adaptive_ngroute,0.02478133491361678,0,false,12.075666666666667,false,false,11.458333333333334,false,1.53758e6,1.4994767150635212e6,false,6
50.992,use_adaptive_ngroute,0.022998134784022684,0,false,12.709750000000001,false,false,11.833333333333334,false,1.53758e6,1.5022185279187823e6,false,2
25.531,use_lmSR3_cuts,0.022933539652397972,5,false,12.749500000000001,false,false,11.916666666666668,false,1.53758e6,1.502317848101266e6,false,0
81.303,use_lmSR3_cuts,0.0016477574881513801,5,false,20.28475,false,false,11.916666666666668,false,1.50965e6,1.5071624629080123e6,false,0
95.655,use_adaptive_ngroute,0.0007936866004556453,0,false,23.801,false,false,11.916666666666668,false,1.50965e6,1.508451811023622e6,false,1
60.134,use_lmSR3_cuts,0.0007866923866990394,5,false,30.023000000000003,false,false,12.083333333333334,false,1.50965e6,1.5084623698384198e6,false,0
106.187,none,0.0,0,false,26.4735,true,false,12.083333333333334,false,1.50965e6,1.50965e6,false,0
