CG_time_taken,method,CG_LP_IP_gap,implemented_SR3_cuts_count,errored,CG_sp_time_taken_mean,converged,CGIP_artificial,ngroute_neighborhood_size,time_limit_reached,CGIP_objective,CGLP_objective,CGLP_artificial,cycles_lookup_length
13.582,use_adaptive_ngroute,0.0550452914511097,0,false,0.32660869565217393,false,false,5.0,false,1.259914e6,1.1905616666666665e6,false,15
6.906,use_adaptive_ngroute,0.039021711005671866,0,false,0.524,false,false,6.541666666666667,false,1.259914e6,1.21075e6,false,6
4.532,use_adaptive_ngroute,0.03464442811176005,0,false,0.6155714285714287,false,false,7.541666666666667,false,1.259914e6,1.216265e6,false,5
20.005,use_lmSR3_cuts,0.03464442811176005,5,false,2.188111111111111,false,false,8.041666666666666,false,1.259914e6,1.216265e6,false,0
23.391,use_adaptive_ngroute,0.02408459171476318,0,false,2.8411249999999995,false,false,8.041666666666666,false,1.259914e6,1.2295694857142859e6,false,9
14.271,use_adaptive_ngroute,0.02219909245267626,0,false,4.728666666666666,false,false,8.791666666666666,false,1.259914e6,1.2319450526315789e6,false,10
32.987,use_adaptive_ngroute,0.02010855711705617,0,false,4.646571428571428,false,false,9.5,false,1.259914e6,1.2345789473684214e6,false,4
23.021,use_adaptive_ngroute,0.01992887345220906,0,false,5.69275,false,false,9.791666666666666,false,1.259914e6,1.2348053333333335e6,false,1
17.661,use_lmSR3_cuts,0.019928873452209395,5,false,5.859666666666666,false,false,9.875,false,1.259914e6,1.234805333333333e6,false,0
42.701,use_adaptive_ngroute,0.006602160025330317,0,false,7.085166666666666,false,false,9.875,false,1.259914e6,1.251595846153846e6,false,1
26.523,use_adaptive_ngroute,0.006535366699631506,0,false,6.545000000000001,false,false,9.916666666666666,false,1.259914e6,1.2516800000000005e6,false,4
53.077,use_lmSR3_cuts,0.006535366699632061,5,false,8.8125,false,false,10.708333333333334,false,1.259914e6,1.2516799999999998e6,false,0
59.846,use_lmSR3_cuts,0.005795820424344678,5,false,11.8842,false,false,10.708333333333334,false,1.259914e6,1.2526117647058822e6,false,0
82.595,use_lmSR3_cuts,0.0009811414478714253,5,false,11.725142857142856,false,false,10.708333333333334,false,1.259914e6,1.2586778461538465e6,false,0
93.381,none,0.0,0,false,11.608124999999998,true,false,10.708333333333334,false,1.259914e6,1.259914e6,false,0
