CG_time_taken,method,CG_LP_IP_gap,implemented_SR3_cuts_count,errored,CG_sp_time_taken_mean,converged,CGIP_artificial,ngroute_neighborhood_size,time_limit_reached,CGIP_objective,CGLP_objective,CGLP_artificial,cycles_lookup_length
25.579,use_adaptive_ngroute,0.3420376997331577,0,false,0.7950588235294117,false,false,5.0,false,1.507805e6,992078.8461538462,false,23
54.835,use_adaptive_ngroute,0.15654827282149653,0,false,4.017,false,false,8.625,false,1.29286e6,1.090465e6,false,7
36.825,use_adaptive_ngroute,0.15123438388630595,0,false,3.2596363636363637,false,false,9.291666666666666,false,1.28997e6,1.0948821818181819e6,false,7
41.064,use_lmSR3_cuts,0.15032261732184993,5,false,4.508777777777777,false,false,9.833333333333334,false,1.28997e6,1.0960583333333333e6,false,0
77.779,use_adaptive_ngroute,0.0037672307155074414,0,false,10.946,false,false,9.833333333333334,false,1.12638e6,1.1221366666666667e6,false,9
97.072,none,0.0,0,false,16.084,true,false,10.666666666666668,false,1.12638e6,1.12638e6,false,0
