CG_time_taken,method,CG_LP_IP_gap,implemented_SR3_cuts_count,errored,CG_sp_time_taken_mean,converged,CGIP_artificial,ngroute_neighborhood_size,time_limit_reached,CGIP_objective,CGLP_objective,CGLP_artificial,cycles_lookup_length
8.743,use_adaptive_ngroute,0.3558243003932786,0,false,0.33668750000000003,false,false,5.0,false,1.78434e6,1.1494284678362573e6,false,23
8.927,use_lmSR3_cuts,0.10228209702812219,3,false,0.6245384615384616,false,false,7.833333333333334,false,1.525702e6,1.36965e6,false,0
6.97,use_adaptive_ngroute,0.006893715746906004,0,false,1.1083333333333334,false,false,7.833333333333334,false,1.39221e6,1.3826125e6,false,5
10.249,use_lmSR3_cuts,0.00502438568894048,5,false,1.6589999999999998,false,false,8.208333333333334,false,1.39221e6,1.3852150000000002e6,false,0
9.926,use_adaptive_ngroute,0.0017454263365440648,0,false,1.9200000000000002,false,false,8.208333333333334,false,1.39221e6,1.38978e6,false,8
9.984,none,0.0,0,false,1.9536,true,false,8.875,false,1.39221e6,1.39221e6,false,0
