CG_time_taken,method,CG_LP_IP_gap,implemented_SR3_cuts_count,errored,CG_sp_time_taken_mean,converged,CGIP_artificial,ngroute_neighborhood_size,time_limit_reached,CGIP_objective,CGLP_objective,CGLP_artificial,cycles_lookup_length
7.956,use_adaptive_ngroute,0.3371115405436359,0,false,0.35580000000000006,false,false,5.0,false,1.784832e6,1.1831445348684213e6,false,21
16.288,use_adaptive_ngroute,0.09248776352595267,0,false,1.4178181818181816,false,false,8.208333333333334,false,1.44309e6,1.309621833333333e6,false,10
20.408,use_adaptive_ngroute,0.08697556730943434,0,false,2.89,false,false,9.458333333333332,false,1.44309e6,1.3175764285714284e6,false,1
5.671,use_lmSR3_cuts,0.03203453579674975,5,false,2.8245,false,false,9.5,false,1.362065e6,1.3184318800000001e6,false,0
40.308,none,0.0,0,false,5.683714285714285,true,false,9.5,false,1.332557e6,1.332557e6,false,0
