CG_time_taken,method,CG_LP_IP_gap,implemented_SR3_cuts_count,errored,CG_sp_time_taken_mean,converged,CGIP_artificial,ngroute_neighborhood_size,time_limit_reached,CGIP_objective,CGLP_objective,CGLP_artificial,cycles_lookup_length
19.559,use_adaptive_ngroute,0.4128248280275071,0,false,0.7197999999999999,false,false,5.0,false,1.996354e6,1.1722095032679741e6,false,24
30.688,use_adaptive_ngroute,0.08535603109749235,0,false,2.2553846153846155,false,false,8.25,false,1.540458e6,1.4089706190476192e6,false,11
16.885,use_lmSR3_cuts,0.07786212498707101,5,false,3.3480000000000003,false,false,9.25,false,1.540458e6,1.4205146666666665e6,false,0
65.58,use_adaptive_ngroute,0.00976536249073745,0,false,8.075625,false,false,9.25,false,1.462602e6,1.4483191612903224e6,false,6
27.55,use_lmSR3_cuts,0.009516127895563997,5,false,6.862750000000001,false,false,10.083333333333332,false,1.462602e6,1.4486836923076923e6,false,0
53.624,none,1.1102230246251565e-16,0,false,6.6325,true,false,10.083333333333332,false,1.451298e6,1.4512979999999998e6,false,0
