CG_time_taken,method,CG_LP_IP_gap,implemented_SR3_cuts_count,errored,CG_sp_time_taken_mean,converged,CGIP_artificial,ngroute_neighborhood_size,time_limit_reached,CGIP_objective,CGLP_objective,CGLP_artificial,cycles_lookup_length
8.583,use_adaptive_ngroute,0.251608854481674,0,false,0.3383333333333333,false,false,5.0,false,1.47625e6,1.1048124285714286e6,false,21
9.283,use_adaptive_ngroute,0.12309889983888611,0,false,0.5691333333333335,false,false,7.041666666666667,false,1.360528e6,1.1930485e6,false,5
13.025,use_adaptive_ngroute,0.06683148337980038,0,false,1.4143333333333334,false,false,7.458333333333333,false,1.285738e6,1.1998102222222222e6,false,10
19.94,use_lmSR3_cuts,0.06671654722812892,1,false,2.456625,false,false,8.583333333333332,false,1.285738e6,1.199958e6,false,0
24.28,use_lmSR3_cuts,0.05961167827348968,1,false,3.9708333333333337,false,false,8.583333333333332,false,1.285738e6,1.209093e6,false,0
20.838,use_lmSR3_cuts,0.0513342877354831,5,false,3.4375000000000004,false,false,8.583333333333332,false,1.285738e6,1.2197355555555555e6,false,0
35.15,use_adaptive_ngroute,0.041782073797305364,0,false,5.764500000000001,false,false,8.583333333333332,false,1.285738e6,1.2320172000000002e6,false,2
27.407,use_lmSR3_cuts,0.04007737190625149,5,false,4.534666666666667,false,false,8.791666666666666,false,1.285738e6,1.234209e6,false,0
90.196,use_adaptive_ngroute,0.035302336522336164,0,false,11.175499999999998,false,false,8.791666666666666,false,1.285738e6,1.2403484444444445e6,false,4
47.488,use_lmSR3_cuts,0.0345482516655804,1,false,7.878000000000001,false,false,9.166666666666668,false,1.285738e6,1.241318e6,false,0
61.645,use_adaptive_ngroute,0.033931596372778094,0,false,12.2726,false,false,9.166666666666668,false,1.285738e6,1.242110857142857e6,false,3
46.417,use_lmSR3_cuts,0.031546603325612654,4,false,15.449666666666667,false,false,9.666666666666668,false,1.285738e6,1.2451773333333335e6,false,0
29.597,use_adaptive_ngroute,0.029833671956717378,0,false,14.725,false,false,9.666666666666668,false,1.285738e6,1.247379714285714e6,false,12
85.015,use_adaptive_ngroute,0.02590932211694774,0,false,14.091000000000001,false,false,10.75,false,1.285738e6,1.2524254e6,false,5
43.361,use_lmSR3_cuts,0.024290329756140094,5,false,21.653999999999996,false,false,11.125,false,1.285738e6,1.254507e6,false,0
110.509,use_adaptive_ngroute,0.022036112074673597,0,false,27.5795,false,false,11.125,false,1.285738e6,1.2574053333333333e6,false,2
79.231,use_lmSR3_cuts,0.02105214161947344,5,false,39.569,false,false,11.291666666666668,false,1.285738e6,1.2586704615384615e6,false,0
133.959,none,0.0,0,false,26.663600000000002,true,false,11.291666666666668,false,1.26143e6,1.26143e6,false,0
