CG_time_taken,method,CG_LP_IP_gap,implemented_SR3_cuts_count,errored,CG_sp_time_taken_mean,converged,CGIP_artificial,ngroute_neighborhood_size,time_limit_reached,CGIP_objective,CGLP_objective,CGLP_artificial,cycles_lookup_length
2.86,use_adaptive_ngroute,0.16386560558117325,0,false,0.11646666666666665,false,false,5.0,false,1.36841e6,1.1441746666666667e6,false,16
2.203,use_adaptive_ngroute,0.06296593691204366,0,false,0.1819090909090909,false,false,5.8,false,1.27029e6,1.190305e6,false,7
1.029,use_adaptive_ngroute,0.05033946129286582,0,false,0.2485,false,false,6.45,false,1.27029e6,1.2063442857142854e6,false,3
1.158,use_lmSR3_cuts,0.050339461292865484,5,false,0.28325,false,false,7.550000000000001,false,1.27029e6,1.206344285714286e6,false,0
1.01,use_adaptive_ngroute,0.043764809610403965,0,false,0.587,false,false,7.550000000000001,false,1.27029e6,1.214696e6,false,4
1.716,use_adaptive_ngroute,0.043357928392054546,0,false,0.5323333333333333,false,false,8.25,false,1.27029e6,1.215212857142857e6,false,4
1.692,use_adaptive_ngroute,0.04332475261554447,0,false,0.5556666666666668,false,false,8.7,false,1.27029e6,1.215255e6,false,2
0.565,use_adaptive_ngroute,0.04319171212872652,0,false,0.557,false,false,8.8,false,1.27029e6,1.215424e6,false,1
1.28,use_lmSR3_cuts,0.04240824475574023,5,false,0.6340000000000001,false,false,8.85,false,1.27029e6,1.2164192307692308e6,false,0
3.014,use_adaptive_ngroute,0.040385603737279396,0,false,0.67975,false,false,8.85,false,1.27029e6,1.2189885714285714e6,false,2
2.725,use_lmSR3_cuts,0.03988131319095123,5,false,0.67475,false,false,8.95,false,1.27029e6,1.2196291666666665e6,false,0
2.434,use_lmSR3_cuts,0.038206498778494136,5,false,0.7756666666666666,false,false,8.95,false,1.27029e6,1.2217566666666667e6,false,0
4.326,use_adaptive_ngroute,0.037471758417369494,0,false,1.0110000000000001,false,false,8.95,false,1.27029e6,1.2226899999999998e6,false,2
3.51,use_lmSR3_cuts,0.03733046567427867,5,false,1.1596666666666666,false,false,9.350000000000001,false,1.27029e6,1.2228694827586205e6,false,0
4.678,use_adaptive_ngroute,0.03649560336616031,0,false,1.4520000000000002,false,false,9.350000000000001,false,1.27029e6,1.2239300000000002e6,false,2
4.491,use_adaptive_ngroute,0.03598841574575973,0,false,1.4883333333333333,false,false,9.75,false,1.27029e6,1.2245742753623188e6,false,2
1.413,use_adaptive_ngroute,0.03595423697919986,0,false,1.403,false,false,9.85,false,1.27029e6,1.2246176923076923e6,false,1
4.803,use_lmSR3_cuts,0.035947575871529636,5,false,1.5883333333333334,false,false,9.950000000000001,false,1.27029e6,1.2246261538461547e6,false,0
12.236,use_lmSR3_cuts,0.033230414439139544,5,false,1.9816666666666667,false,false,9.950000000000001,false,1.27029e6,1.2280777368421054e6,false,0
2.324,use_adaptive_ngroute,0.03290631643631159,0,false,2.1559999999999997,false,false,9.950000000000001,false,1.27029e6,1.2284894352941178e6,false,2
2.459,use_lmSR3_cuts,0.0328008422650764,5,false,2.444,false,false,10.45,false,1.27029e6,1.2286234180790961e6,false,0
10.889,use_lmSR3_cuts,0.03248089019042888,5,false,2.71025,false,false,10.45,false,1.27029e6,1.22902985e6,false,0
5.942,use_lmSR3_cuts,0.03218178217448908,5,false,2.915,false,false,10.45,false,1.27029e6,1.2294098039215682e6,false,0
12.401,use_adaptive_ngroute,0.03186766888061976,0,false,3.0865000000000005,false,false,10.45,false,1.27029e6,1.2298088188976375e6,false,5
14.713,none,0.031862802981996285,0,false,4.890000000000001,false,false,11.0,false,1.27029e6,1.229815e6,false,0
