CG_time_taken,method,CG_LP_IP_gap,implemented_SR3_cuts_count,errored,CG_sp_time_taken_mean,converged,CGIP_artificial,ngroute_neighborhood_size,time_limit_reached,CGIP_objective,CGLP_objective,CGLP_artificial,cycles_lookup_length
9.753,use_adaptive_ngroute,0.3528978559062458,0,false,0.3559,false,false,5.0,false,1.87725e6,1.2147725e6,false,22
18.081,use_lmSR3_cuts,0.026634573902346248,1,false,1.0076470588235293,false,false,6.416666666666666,false,1.404678e6,1.367265e6,false,0
8.923,use_adaptive_ngroute,0.017768485019342473,0,false,1.4588333333333334,false,false,6.416666666666666,false,1.404678e6,1.379719e6,false,11
14.555,use_lmSR3_cuts,0.011801993054636029,3,false,1.4264999999999999,false,false,7.125,false,1.404678e6,1.3881e6,false,0
10.624,use_lmSR3_cuts,0.009954594576123466,1,false,2.096,false,false,7.125,false,1.404678e6,1.390695e6,false,0
8.541,use_adaptive_ngroute,0.008991147200046345,0,false,2.10425,false,false,7.125,false,1.404678e6,1.3920483333333333e6,false,1
12.292,use_lmSR3_cuts,0.0083622960801929,5,false,2.024,false,false,7.166666666666666,false,1.404678e6,1.3929316666666667e6,false,0
8.151,none,0.0,0,false,1.6096000000000001,true,false,7.166666666666666,false,1.39782e6,1.39782e6,false,0
