CG_time_taken,method,CG_LP_IP_gap,implemented_SR3_cuts_count,errored,CG_sp_time_taken_mean,converged,CGIP_artificial,ngroute_neighborhood_size,time_limit_reached,CGIP_objective,CGLP_objective,CGLP_artificial,cycles_lookup_length
8.467,use_adaptive_ngroute,0.18624617631500262,0,false,0.26139999999999997,false,false,5.0,false,1.4493e6,1.1793734166666667e6,false,12
4.732,use_adaptive_ngroute,0.07750514947323606,0,false,0.36627272727272725,false,false,5.666666666666667,false,1.359686e6,1.2543033333333335e6,false,5
4.623,use_lmSR3_cuts,0.03404711657567561,5,false,0.55275,false,false,6.291666666666667,false,1.30782e6,1.2632925e6,false,0
7.833,use_lmSR3_cuts,0.027628993286537895,5,false,1.2606666666666668,false,false,6.291666666666667,false,1.30782e6,1.27168625e6,false,0
11.309,use_adaptive_ngroute,0.018705746968237236,0,false,1.8325000000000002,false,false,6.291666666666667,false,1.30782e6,1.28335625e6,false,1
7.252,use_adaptive_ngroute,0.010330766167129912,0,false,2.382,false,false,6.333333333333333,false,1.30782e6,1.2943092173913042e6,false,9
22.444,use_adaptive_ngroute,0.008655013686898472,0,false,3.7119999999999997,false,false,6.916666666666666,false,1.30782e6,1.2965008000000005e6,false,5
11.857,use_lmSR3_cuts,0.008032450948907366,5,false,3.9376666666666664,false,false,7.791666666666666,false,1.30782e6,1.297315e6,false,0
13.006,use_lmSR3_cuts,0.007494915202397867,5,false,4.299000000000001,false,false,7.791666666666666,false,1.30782e6,1.298018e6,false,0
45.76,use_lmSR3_cuts,0.004520499762964314,5,false,11.399500000000002,false,false,7.791666666666666,false,1.30782e6,1.301908e6,false,0
46.032,none,0.0,0,false,9.156999999999998,true,false,7.791666666666666,false,1.30782e6,1.30782e6,false,0
