CG_time_taken,method,CG_LP_IP_gap,implemented_SR3_cuts_count,errored,CG_sp_time_taken_mean,converged,CGIP_artificial,ngroute_neighborhood_size,time_limit_reached,CGIP_objective,CGLP_objective,CGLP_artificial,cycles_lookup_length
6.602,use_adaptive_ngroute,0.3228486657470787,0,false,0.2391111111111111,false,false,5.0,false,1.87125e6,1.267119434220779e6,false,24
3.706,use_adaptive_ngroute,0.0722563071501533,0,false,0.43637499999999996,false,false,6.708333333333334,false,1.544834e6,1.43321e6,false,5
2.373,use_adaptive_ngroute,0.07198050312941606,0,false,0.38300000000000006,false,false,7.458333333333333,false,1.544834e6,1.4336360714285716e6,false,2
1.344,use_lmSR3_cuts,0.07049420594953637,5,false,0.44066666666666665,false,false,7.75,false,1.544834e6,1.435932153846154e6,false,0
4.418,use_adaptive_ngroute,0.031334751480989076,0,false,0.7238333333333332,false,false,7.75,false,1.48566e6,1.4391072131147538e6,false,9
3.35,use_adaptive_ngroute,0.02439148188656337,0,false,0.8257500000000001,false,false,8.5,false,1.48566e6,1.4494225510204083e6,false,5
0.918,use_lmSR3_cuts,0.024203966093135576,5,false,0.909,false,false,9.25,false,1.48566e6,1.4497011357340722e6,false,0
6.154,use_adaptive_ngroute,0.02066717822381947,0,false,1.1880000000000002,false,false,9.25,false,1.48566e6,1.4549556000000003e6,false,1
3.608,use_lmSR3_cuts,0.02010177294939619,5,false,1.18,false,false,9.333333333333334,false,1.48566e6,1.4557956e6,false,0
7.87,use_lmSR3_cuts,0.015156323019494988,5,false,1.9575,false,false,9.333333333333334,false,1.48566e6,1.463142857142857e6,false,0
11.526,use_adaptive_ngroute,0.008886685096834879,0,false,1.8916666666666668,false,false,9.333333333333334,false,1.48124e6,1.4680766865671643e6,false,1
4.575,use_lmSR3_cuts,0.008560395344441307,1,false,1.5163333333333335,false,false,9.458333333333332,false,1.48124e6,1.4685599999999998e6,false,0
8.566,use_adaptive_ngroute,0.007711278065084759,0,false,2.1119999999999997,false,false,9.458333333333332,false,1.48124e6,1.4698177464788738e6,false,4
13.048,use_adaptive_ngroute,0.004886804712433301,0,false,2.5802,false,false,9.833333333333334,false,1.48124e6,1.4740014693877553e6,false,2
6.423,use_adaptive_ngroute,0.004816377174742703,0,false,3.188,false,false,10.125000000000002,false,1.48124e6,1.474105789473684e6,false,1
3.18,use_lmSR3_cuts,0.004753224775638332,2,false,3.167,false,false,10.291666666666668,false,1.48124e6,1.4741993333333335e6,false,0
3.474,use_lmSR3_cuts,0.0038561128321060734,5,false,3.462,false,false,10.291666666666668,false,1.48124e6,1.4755281714285712e6,false,0
18.883,use_adaptive_ngroute,0.001408549593583719,0,false,3.7570000000000006,false,false,10.291666666666668,false,1.48124e6,1.4791536e6,false,3
11.914,use_lmSR3_cuts,0.00140854959358383,5,false,3.9523333333333333,false,false,10.666666666666668,false,1.48124e6,1.4791535999999999e6,false,0
7.879,none,0.0,0,false,3.9110000000000005,true,false,10.666666666666668,false,1.48109e6,1.48109e6,false,0
