CG_time_taken,method,CG_LP_IP_gap,implemented_SR3_cuts_count,errored,CG_sp_time_taken_mean,converged,CGIP_artificial,ngroute_neighborhood_size,time_limit_reached,CGIP_objective,CGLP_objective,CGLP_artificial,cycles_lookup_length
9.69,use_adaptive_ngroute,0.3312332106326056,0,false,0.29252631578947375,false,false,5.0,false,1.62636e6,1.0876555555555555e6,false,15
7.876,use_adaptive_ngroute,0.1646248514089924,0,false,0.915125,false,false,6.541666666666667,false,1.4301e6,1.19467e6,false,2
7.11,use_adaptive_ngroute,0.014037807697538596,0,false,0.7428888888888888,false,false,6.625,false,1.2255e6,1.2082966666666665e6,false,4
6.843,use_lmSR3_cuts,0.009756561947504516,4,false,0.7348888888888888,false,false,6.791666666666667,false,1.2255e6,1.2135433333333333e6,false,0
5.864,none,0.0,0,false,1.3915,true,false,6.791666666666667,false,1.22491e6,1.22491e6,false,0
