CG_time_taken,method,CG_LP_IP_gap,implemented_SR3_cuts_count,errored,CG_sp_time_taken_mean,converged,CGIP_artificial,ngroute_neighborhood_size,time_limit_reached,CGIP_objective,CGLP_objective,CGLP_artificial,cycles_lookup_length
4.664,use_adaptive_ngroute,0.16229738337880462,0,false,0.20808333333333337,false,false,5.0,false,1.54935e6,1.297894549062049e6,false,17
4.273,use_adaptive_ngroute,0.048638199730706044,0,false,0.47724999999999995,false,false,6.833333333333333,false,1.50022e6,1.4272520000000002e6,false,4
1.76,use_adaptive_ngroute,0.04358234125661542,0,false,0.2806666666666667,false,false,7.041666666666667,false,1.50022e6,1.4348369000000004e6,false,2
0.368,use_adaptive_ngroute,0.043504241600120674,0,false,0.356,false,false,7.125,false,1.50022e6,1.434954066666667e6,false,4
0.305,use_lmSR3_cuts,0.04323854300264518,5,false,0.294,false,false,7.708333333333333,false,1.5002199933631262e6,1.4353526666666665e6,false,0
2.783,use_lmSR3_cuts,0.03844969404487342,5,false,0.8736666666666667,false,false,7.708333333333333,false,1.50022e6,1.442537e6,false,0
5.793,use_adaptive_ngroute,0.03546639826158826,0,false,0.9460000000000001,false,false,7.708333333333333,false,1.50022e6,1.4470126e6,false,1
2.706,use_lmSR3_cuts,0.03546639826158837,5,false,0.8906666666666667,false,false,8.041666666666666,false,1.50022e6,1.4470125999999999e6,false,0
2.666,use_lmSR3_cuts,0.006105566823772168,5,false,1.2685,false,false,8.041666666666666,false,1.459694e6,1.4507817407407407e6,false,0
7.996,use_lmSR3_cuts,0.002234144051196152,5,false,1.308833333333333,false,false,8.041666666666666,false,1.459694e6,1.4564328333333333e6,false,0
5.773,use_lmSR3_cuts,0.0011836384886149132,1,false,1.3885,false,false,8.041666666666666,false,1.459694e6,1.4579662499999998e6,false,0
2.958,use_adaptive_ngroute,0.0008299203973991531,0,false,1.4495,false,false,8.041666666666666,false,1.459694e6,1.458482570175439e6,false,3
4.543,use_lmSR3_cuts,0.0006347835529844081,5,false,2.247,false,false,8.708333333333334,false,1.459694e6,1.45876741025641e6,false,0
12.898,none,0.0,0,false,2.5458000000000003,true,false,8.708333333333334,false,1.459694e6,1.459694e6,false,0
