CG_time_taken,method,CG_LP_IP_gap,implemented_SR3_cuts_count,errored,CG_sp_time_taken_mean,converged,CGIP_artificial,ngroute_neighborhood_size,time_limit_reached,CGIP_objective,CGLP_objective,CGLP_artificial,cycles_lookup_length
6.493,use_adaptive_ngroute,0.3149439907258633,0,false,0.2564000000000001,false,false,5.0,false,1.846973e6,1.26527995261708e6,false,17
4.846,use_lmSR3_cuts,0.028701445482124832,2,false,0.3459230769230769,false,false,6.458333333333334,false,1.412124e6,1.371594e6,false,0
4.151,use_adaptive_ngroute,0.023389447385640416,0,false,0.5647142857142856,false,false,6.458333333333334,false,1.412124e6,1.3790952e6,false,9
6.497,use_lmSR3_cuts,0.021794347683752546,5,false,1.2597999999999998,false,false,8.333333333333332,false,1.412124e6,1.3813476785714286e6,false,0
9.237,use_lmSR3_cuts,0.015014771188649134,5,false,1.2542857142857144,false,false,8.333333333333332,false,1.412124e6,1.39092128125e6,false,0
7.49,use_adaptive_ngroute,0.006380105429834804,0,false,1.82625,false,false,8.333333333333332,false,1.412124e6,1.4031145e6,false,5
15.45,use_adaptive_ngroute,0.005534836175859259,0,false,3.8437499999999996,false,false,8.666666666666668,false,1.412124e6,1.404308125000001e6,false,4
9.36,use_adaptive_ngroute,0.005318229843838229,0,false,4.668,false,false,9.125,false,1.412124e6,1.4046139999999998e6,false,1
12.62,use_lmSR3_cuts,0.005136234494987679,5,false,4.192333333333334,false,false,9.166666666666668,false,1.412124e6,1.404871e6,false,0
31.399,none,0.0038275675507259965,0,false,5.195833333333334,false,false,9.166666666666668,false,1.412124e6,1.4067189999999986e6,false,0
