CG_time_taken,method,CG_LP_IP_gap,implemented_SR3_cuts_count,errored,CG_sp_time_taken_mean,converged,CGIP_artificial,ngroute_neighborhood_size,time_limit_reached,CGIP_objective,CGLP_objective,CGLP_artificial,cycles_lookup_length
3.683,use_adaptive_ngroute,0.166326629503189,0,false,0.1284375,false,false,5.0,false,1.691056e6,1.4097883552188552e6,false,21
2.461,use_adaptive_ngroute,0.09162005425756237,0,false,0.28350000000000003,false,false,7.083333333333333,false,1.577906e6,1.4333381666666667e6,false,7
2.017,use_lmSR3_cuts,0.08871388198452046,5,false,0.39300000000000007,false,false,7.541666666666667,false,1.577906e6,1.4379238333333333e6,false,0
5.36,use_adaptive_ngroute,0.05655654895428874,0,false,0.6808571428571427,false,false,7.541666666666667,false,1.542436e6,1.4552011428571427e6,false,1
1.357,use_lmSR3_cuts,0.05655654895428852,5,false,0.6665,false,false,7.583333333333334,false,1.542436e6,1.455201142857143e6,false,0
2.001,use_lmSR3_cuts,0.05392887181920858,5,false,0.5740000000000001,false,false,7.583333333333334,false,1.542436e6,1.4592541666666672e6,false,0
2.7,use_adaptive_ngroute,0.052056996443193615,0,false,0.65175,false,false,7.583333333333334,false,1.542436e6,1.4621414146341463e6,false,2
2.909,use_lmSR3_cuts,0.05200872650500321,5,false,0.9590000000000002,false,false,7.916666666666667,false,1.542436e6,1.462215867924529e6,false,0
1.997,use_lmSR3_cuts,0.04915212041212713,4,false,0.9550000000000001,false,false,7.916666666666667,false,1.542436e6,1.4666220000000002e6,false,0
6.28,use_lmSR3_cuts,0.04688051886755795,5,false,1.1748,false,false,7.916666666666667,false,1.542436e6,1.4701257999999993e6,false,0
3.566,use_adaptive_ngroute,0.045219740433674716,0,false,1.1196666666666666,false,false,7.916666666666667,false,1.542436e6,1.4726874444444445e6,false,7
5.596,use_lmSR3_cuts,0.04495399917187293,5,false,1.36325,false,false,8.208333333333334,false,1.542436e6,1.473097333333333e6,false,0
2.744,use_adaptive_ngroute,0.04459906278121095,0,false,1.2955,false,false,8.208333333333334,false,1.542436e6,1.4736448e6,false,2
1.303,use_adaptive_ngroute,0.04453045377571585,0,false,1.2850000000000001,false,false,8.333333333333332,false,1.542436e6,1.473750625e6,false,2
3.066,use_lmSR3_cuts,0.04453045377571585,5,false,1.4995,false,false,8.416666666666666,false,1.542436e6,1.473750625e6,false,0
3.193,use_lmSR3_cuts,0.044527617353327886,5,false,1.579,false,false,8.416666666666666,false,1.542436e6,1.4737550000000023e6,false,0
7.994,use_lmSR3_cuts,0.043955856345479494,5,false,1.9552500000000002,false,false,8.416666666666666,false,1.542436e6,1.474636904761904e6,false,0
9.408,use_lmSR3_cuts,0.043715265981871365,5,false,2.27025,false,false,8.416666666666666,false,1.542436e6,1.4750079999999863e6,false,0
10.889,use_adaptive_ngroute,0.04304659343052841,0,false,3.581666666666667,false,false,8.416666666666666,false,1.542436e6,1.4760393846153894e6,false,2
13.148,use_adaptive_ngroute,0.04289145807816819,0,false,4.348666666666666,false,false,8.75,false,1.542436e6,1.4762786709677426e6,false,2
14.114,use_lmSR3_cuts,0.042844833136336025,5,false,7.039499999999999,false,false,9.041666666666668,false,1.542436e6,1.4763505869565224e6,false,0
15.67,use_lmSR3_cuts,0.03969074992011612,5,false,7.767,false,false,9.041666666666668,false,1.537666e6,1.4766348833333347e6,false,0
38.199,use_lmSR3_cuts,0.0394476063310184,5,false,9.4645,false,false,9.041666666666668,false,1.537666e6,1.4770087569634083e6,false,0
19.617,use_lmSR3_cuts,0.039053911499767,5,false,9.7455,false,false,9.041666666666668,false,1.537666e6,1.4776141281197993e6,false,0
33.378,use_adaptive_ngroute,0.03877744705596653,0,false,11.064666666666666,false,false,9.041666666666668,false,1.537666e6,1.4780392380952402e6,false,5
23.545,use_adaptive_ngroute,0.03875618573494177,0,false,11.7215,false,false,9.25,false,1.537666e6,1.478071930905695e6,false,3
46.597,use_adaptive_ngroute,0.03874850595812196,0,false,15.493333333333332,false,false,10.041666666666666,false,1.537666e6,1.4780837398373985e6,false,5
41.215,use_lmSR3_cuts,0.03873708956165578,5,false,20.544,false,false,10.625,false,1.537666e6,1.478101294442087e6,false,0
59.04,use_adaptive_ngroute,0.038553279657478345,0,false,19.626666666666665,false,false,10.625,false,1.537666e6,1.4783839326822038e6,false,2
44.458,use_adaptive_ngroute,0.0384986038194417,0,false,22.1615,false,false,10.75,false,1.537666e6,1.4784680058593743e6,false,3
22.339,use_adaptive_ngroute,0.03846751472220378,0,false,22.264,false,false,11.0,false,1.537666e6,1.4785158105071678e6,false,1
45.994,use_lmSR3_cuts,0.03846373550614035,5,false,22.924999999999997,false,false,11.083333333333332,false,1.537666e6,1.4785216216792152e6,false,0
92.237,use_adaptive_ngroute,0.03828504615570072,0,false,22.973,false,false,11.083333333333332,false,1.537666e6,1.4787963862179483e6,false,1
23.977,use_lmSR3_cuts,0.03828471213500195,5,false,23.89,false,false,11.125,false,1.537666e6,1.47879689983022e6,false,0
24.832,use_lmSR3_cuts,0.03821793332665513,5,false,24.661,false,false,11.125,false,1.537666e6,1.4788995833333356e6,false,0
55.47,use_adaptive_ngroute,0.03820426667031729,0,false,27.678,false,false,11.125,false,1.537666e6,1.4789205980861199e6,false,1
27.988,use_adaptive_ngroute,0.03820101165614942,0,false,27.910999999999998,false,false,11.208333333333332,false,1.537666e6,1.4789256032107354e6,false,1
61.746,use_lmSR3_cuts,0.03819820415882069,5,false,30.807000000000002,false,false,11.25,false,1.537666e6,1.4789299202039228e6,false,0
68.218,use_lmSR3_cuts,0.03817515513462588,5,false,34.0185,false,false,11.25,false,1.537666e6,1.4789653619047604e6,false,0
71.788,none,0.03816701741470585,0,false,35.84250000000001,false,false,11.25,false,1.537666e6,1.4789778749999988e6,false,0
