CG_time_taken,method,CG_LP_IP_gap,implemented_SR3_cuts_count,errored,CG_sp_time_taken_mean,converged,CGIP_artificial,ngroute_neighborhood_size,time_limit_reached,CGIP_objective,CGLP_objective,CGLP_artificial,cycles_lookup_length
5.374,use_adaptive_ngroute,0.23250429460245225,0,false,0.20573333333333332,false,false,5.0,false,1.652545e6,1.2683211904761905e6,false,18
8.371,use_adaptive_ngroute,0.12732344699758524,0,false,0.6536666666666667,false,false,6.125,false,1.502168e6,1.3109067922705314e6,false,17
12.103,use_adaptive_ngroute,0.11377644400182474,0,false,1.4825000000000002,false,false,8.708333333333334,false,1.502168e6,1.331256666666667e6,false,6
3.355,use_lmSR3_cuts,0.11372136021756174,5,false,1.6525,false,false,9.125,false,1.502168e6,1.3313394117647058e6,false,0
19.68,use_adaptive_ngroute,0.06003568892294364,0,false,3.243,false,false,9.125,false,1.434213e6,1.3481090344827583e6,false,4
16.872,none,0.0,0,false,3.3454000000000006,true,false,9.75,false,1.35526e6,1.35526e6,false,0
