CG_time_taken,method,CG_LP_IP_gap,implemented_SR3_cuts_count,errored,CG_sp_time_taken_mean,converged,CGIP_artificial,ngroute_neighborhood_size,time_limit_reached,CGIP_objective,CGLP_objective,CGLP_artificial,cycles_lookup_length
6.222,use_adaptive_ngroute,0.23129329562675605,0,false,0.23543749999999997,false,false,5.0,false,1.80357e6,1.3864163508064516e6,false,23
4.681,use_adaptive_ngroute,0.028779198547975837,0,false,0.4122,false,false,6.208333333333334,false,1.55002e6,1.5054116666666665e6,false,8
1.86,use_adaptive_ngroute,0.025655029950458097,0,false,0.42200000000000004,false,false,7.541666666666667,false,1.55002e6,1.510254190476191e6,false,6
2.181,use_adaptive_ngroute,0.022982441028659872,0,false,0.42960000000000004,false,false,8.125,false,1.55002e6,1.5143967567567567e6,false,2
1.272,use_adaptive_ngroute,0.022476425524128207,0,false,0.629,false,false,8.625,false,1.55002e6,1.5151810909090908e6,false,2
2.296,use_lmSR3_cuts,0.022474710003741682,5,false,0.7583333333333334,false,false,8.791666666666666,false,1.55002e6,1.5151837500000002e6,false,0
9.558,use_adaptive_ngroute,0.012705481219597359,0,false,1.8398000000000003,false,false,8.791666666666666,false,1.55002e6,1.5303262499999998e6,false,6
4.853,use_adaptive_ngroute,0.01003754790260769,0,false,2.4014999999999995,false,false,9.083333333333334,false,1.55002e6,1.5344616e6,false,1
9.575,use_lmSR3_cuts,0.009646112093177228,5,false,2.37175,false,false,9.166666666666668,false,1.55002e6,1.5350683333333335e6,false,0
15.991,use_lmSR3_cuts,0.0025587374760887016,5,false,3.1342000000000003,false,false,9.166666666666668,false,1.54449e6,1.5405380555555557e6,false,0
8.697,none,0.0,0,false,2.8120000000000003,true,false,9.166666666666668,false,1.54449e6,1.54449e6,false,0
