CG_time_taken,method,CG_LP_IP_gap,implemented_SR3_cuts_count,errored,CG_sp_time_taken_mean,converged,CGIP_artificial,ngroute_neighborhood_size,time_limit_reached,CGIP_objective,CGLP_objective,CGLP_artificial,cycles_lookup_length
6.427,use_adaptive_ngroute,0.13552093564318501,0,false,0.22619999999999998,false,false,5.0,false,1.43559e6,1.2410375e6,false,18
4.453,use_adaptive_ngroute,0.09298924325344404,0,false,0.30546153846153856,false,false,6.333333333333333,false,1.37774e6,1.249625e6,false,3
0.604,use_adaptive_ngroute,0.09298924325344404,0,false,0.2875,false,false,7.208333333333333,false,1.37774e6,1.249625e6,false,1
1.396,use_lmSR3_cuts,0.08903167506205811,5,false,0.33375,false,false,7.333333333333334,false,1.37774e6,1.2550775e6,false,0
2.087,use_adaptive_ngroute,0.048206502067919765,0,false,0.5005000000000001,false,false,7.333333333333334,false,1.332464e6,1.2682305714285714e6,false,6
3.264,use_lmSR3_cuts,0.04510809229435764,5,false,0.5323333333333334,false,false,7.75,false,1.332464e6,1.272359090909091e6,false,0
4.91,use_adaptive_ngroute,0.03751227800525947,0,false,0.9358,false,false,7.75,false,1.332464e6,1.28248024e6,false,3
3.966,use_adaptive_ngroute,0.03747793561402035,0,false,0.9757500000000001,false,false,8.041666666666666,false,1.332464e6,1.282526e6,false,5
3.44,use_lmSR3_cuts,0.037178940669316485,5,false,1.1260000000000001,false,false,8.25,false,1.332464e6,1.2829244e6,false,0
4.861,use_lmSR3_cuts,0.03519361290227896,5,false,1.1867500000000002,false,false,8.25,false,1.332464e6,1.2855697777777778e6,false,0
3.751,use_adaptive_ngroute,0.03356135700476692,0,false,1.201,false,false,8.25,false,1.332464e6,1.2877447000000002e6,false,1
1.269,use_lmSR3_cuts,0.033561357004767145,5,false,1.255,false,false,8.291666666666666,false,1.332464e6,1.2877447e6,false,0
3.581,use_adaptive_ngroute,0.03226095166625953,0,false,1.7630000000000001,false,false,8.291666666666666,false,1.332464e6,1.2894774432989692e6,false,5
5.295,use_adaptive_ngroute,0.032086669079668284,0,false,1.7333333333333332,false,false,8.833333333333332,false,1.332464e6,1.2897096685714289e6,false,4
5.692,use_lmSR3_cuts,0.032064876887966,5,false,1.4037499999999998,false,false,9.0,false,1.332464e6,1.2897387058823532e6,false,0
5.022,use_lmSR3_cuts,0.031104780316766667,2,false,1.6503333333333332,false,false,9.0,false,1.332464e6,1.2910179999999998e6,false,0
4.828,use_lmSR3_cuts,0.031104780316766556,4,false,2.3915,false,false,9.0,false,1.332464e6,1.291018e6,false,0
18.988,use_lmSR3_cuts,0.029015741604761836,5,false,3.7544000000000004,false,false,9.0,false,1.33116e6,1.2925354054054052e6,false,0
17.779,use_lmSR3_cuts,0.02481402254827414,5,false,3.5258000000000003,false,false,9.0,false,1.326714e6,1.293792888888889e6,false,0
11.995,use_lmSR3_cuts,0.024707158689309505,2,false,2.9099999999999997,false,false,9.0,false,1.326714e6,1.2939346666666714e6,false,0
10.588,use_lmSR3_cuts,0.024707158689313058,3,false,3.5043333333333337,false,false,9.0,false,1.326714e6,1.2939346666666667e6,false,0
13.348,none,0.02470715868931317,0,false,3.3000000000000003,false,false,9.0,false,1.326714e6,1.2939346666666665e6,false,0
