CG_time_taken,method,CG_LP_IP_gap,implemented_SR3_cuts_count,errored,CG_sp_time_taken_mean,converged,CGIP_artificial,ngroute_neighborhood_size,time_limit_reached,CGIP_objective,CGLP_objective,CGLP_artificial,cycles_lookup_length
4.516,use_adaptive_ngroute,0.31826691263370754,0,false,0.20099999999999998,false,false,5.0,false,1.750443e6,1.193334910648715e6,false,14
2.959,use_adaptive_ngroute,0.013278777117270102,0,false,0.32625,false,false,5.583333333333333,false,1.42483e6,1.40591e6,false,1
1.307,use_adaptive_ngroute,0.009983455761548465,0,false,0.29275,false,false,5.625,false,1.42483e6,1.410605272727273e6,false,8
1.51,use_lmSR3_cuts,0.007755311159927669,5,false,0.2882,false,false,6.958333333333333,false,1.42483e6,1.4137800000000002e6,false,0
3.641,none,0.00239677715938047,0,false,0.6508,false,false,6.958333333333333,false,1.42483e6,1.421415e6,false,0
