CG_time_taken,method,CG_LP_IP_gap,implemented_SR3_cuts_count,errored,CG_sp_time_taken_mean,converged,CGIP_artificial,ngroute_neighborhood_size,time_limit_reached,CGIP_objective,CGLP_objective,CGLP_artificial,cycles_lookup_length
3.842,use_adaptive_ngroute,0.21032000709797105,0,false,0.15511764705882355,false,false,5.0,false,1.634997e6,1.2911244193548386e6,false,18
3.62,use_adaptive_ngroute,0.06924211356442822,0,false,0.2760833333333334,false,false,5.874999999999999,false,1.479227e6,1.3768021960784316e6,false,5
1.089,use_lmSR3_cuts,0.06875358999441383,5,false,0.3563333333333333,false,false,6.625,false,1.479227e6,1.3775248333333333e6,false,0
2.451,use_adaptive_ngroute,0.05935563746366279,0,false,0.6036666666666667,false,false,6.625,false,1.479227e6,1.3914265384615385e6,false,4
2.637,use_adaptive_ngroute,0.025434397993907565,0,false,0.8689999999999999,false,false,7.666666666666667,false,1.429437e6,1.3930801304347827e6,false,1
4.246,use_adaptive_ngroute,0.02533180146149472,0,false,1.044,false,false,7.791666666666666,false,1.429437e6,1.3932267857142854e6,false,1
1.024,use_adaptive_ngroute,0.025292325380052216,0,false,1.015,false,false,7.833333333333334,false,1.429437e6,1.3932832142857143e6,false,3
2.449,use_lmSR3_cuts,0.0252078521721254,5,false,1.203,false,false,8.125,false,1.429437e6,1.3934039634146336e6,false,0
8.987,use_lmSR3_cuts,0.021824443236509672,5,false,1.4483333333333333,false,false,8.125,false,1.429437e6,1.3982403333333333e6,false,0
6.724,none,0.0,0,false,1.6015000000000001,true,false,8.125,false,1.399947e6,1.399947e6,false,0
