CG_time_taken,method,CG_LP_IP_gap,implemented_SR3_cuts_count,errored,CG_sp_time_taken_mean,converged,CGIP_artificial,ngroute_neighborhood_size,time_limit_reached,CGIP_objective,CGLP_objective,CGLP_artificial,cycles_lookup_length
5.069,use_adaptive_ngroute,0.1244506206463113,0,false,0.19156250000000002,false,false,5.0,false,1.452169e6,1.2714456666666667e6,false,13
3.318,use_adaptive_ngroute,0.10226289088942131,0,false,0.2677,false,false,6.208333333333334,false,1.452169e6,1.303666e6,false,3
1.416,use_lmSR3_cuts,0.10113595593901259,5,false,0.2652,false,false,6.375,false,1.452169e6,1.3053025e6,false,0
4.525,use_adaptive_ngroute,0.018041979856799117,0,false,0.68,false,false,6.375,false,1.34636e6,1.322069e6,false,2
3.554,use_adaptive_ngroute,0.0011177994456319507,0,false,0.6928,false,false,6.5,false,1.32403e6,1.32255e6,false,7
2.557,none,0.0,0,false,0.843,true,false,6.791666666666667,false,1.32403e6,1.32403e6,false,0
