CG_time_taken,method,CG_LP_IP_gap,implemented_SR3_cuts_count,errored,CG_sp_time_taken_mean,converged,CGIP_artificial,ngroute_neighborhood_size,time_limit_reached,CGIP_objective,CGLP_objective,CGLP_artificial,cycles_lookup_length
4.34,use_adaptive_ngroute,0.2162190708571361,0,false,0.1583125,false,false,5.0,false,1.452446e6,1.138399475409836e6,false,15
3.402,use_adaptive_ngroute,0.08442650421891029,0,false,0.23900000000000002,false,false,6.291666666666667,false,1.35264e6,1.2384413333333333e6,false,2
1.632,use_lmSR3_cuts,0.08068074284362436,1,false,0.25416666666666665,false,false,6.5,false,1.35264e6,1.243508e6,false,0
2.009,use_adaptive_ngroute,0.07020020108824232,0,false,0.46875,false,false,6.5,false,1.35264e6,1.2576844e6,false,4
1.298,use_lmSR3_cuts,0.07020020108824232,5,false,0.4196666666666667,false,false,6.708333333333334,false,1.35264e6,1.2576844e6,false,0
3.851,use_adaptive_ngroute,0.06355216465578417,0,false,0.6083333333333334,false,false,6.708333333333334,false,1.35264e6,1.2666768e6,false,3
3.374,use_adaptive_ngroute,0.062340917155945696,0,false,0.83575,false,false,7.041666666666667,false,1.35264e6,1.2683151818181816e6,false,8
4.316,use_lmSR3_cuts,0.06162822332623619,5,false,1.056,false,false,7.75,false,1.35264e6,1.2692792e6,false,0
6.082,use_adaptive_ngroute,0.04457562930180625,0,false,1.4829999999999999,false,false,7.75,false,1.335278e6,1.2757571428571427e6,false,2
11.601,use_adaptive_ngroute,0.044241204971779635,0,false,1.9146666666666667,false,false,7.916666666666667,false,1.335278e6,1.276203692307692e6,false,1
5.975,use_lmSR3_cuts,0.043741303309123625,5,false,1.9813333333333334,false,false,8.375,false,1.335278e6,1.2768712e6,false,0
13.3,use_lmSR3_cuts,0.03492899547059569,1,false,2.17,false,false,8.375,false,1.327474e6,1.2811066666666665e6,false,0
3.952,use_adaptive_ngroute,0.034215359396869593,0,false,1.9615,false,false,8.375,false,1.327474e6,1.282054e6,false,3
12.566,none,0.005328046589430646,0,false,2.4806,false,false,8.5,false,1.29128e6,1.2844e6,false,0
