CG_time_taken,method,CG_LP_IP_gap,implemented_SR3_cuts_count,errored,CG_sp_time_taken_mean,converged,CGIP_artificial,ngroute_neighborhood_size,time_limit_reached,CGIP_objective,CGLP_objective,CGLP_artificial,cycles_lookup_length
7.87,use_adaptive_ngroute,0.19166399911001153,0,false,0.2839,false,false,5.0,false,1.67477e6,1.353776884210526e6,false,21
4.002,use_adaptive_ngroute,0.007956448911222935,0,false,0.4216666666666667,false,false,6.25,false,1.48056e6,1.4687799999999998e6,false,10
3.047,use_adaptive_ngroute,0.0018243097206462888,0,false,0.37050000000000005,false,false,7.291666666666667,false,1.48056e6,1.477859e6,false,4
1.088,use_adaptive_ngroute,0.0005188454491419359,0,false,0.5345000000000001,false,false,7.458333333333333,false,1.48056e6,1.4797918181818184e6,false,1
1.791,use_lmSR3_cuts,0.0004525314745771336,1,false,0.4415,false,false,7.5,false,1.48056e6,1.47989e6,false,0
0.614,use_adaptive_ngroute,0.00024044955962643222,0,false,0.557,false,false,7.5,false,1.48056e6,1.4802039999999995e6,false,3
0.745,use_lmSR3_cuts,0.0002075791142090999,5,false,0.739,false,false,7.666666666666667,false,1.48056e6,1.4802526666666665e6,false,0
3.78,none,0.0,0,false,0.6111666666666667,true,false,7.666666666666667,false,1.48056e6,1.48056e6,false,0
