CG_time_taken,method,CG_LP_IP_gap,implemented_SR3_cuts_count,errored,CG_sp_time_taken_mean,converged,CGIP_artificial,ngroute_neighborhood_size,time_limit_reached,CGIP_objective,CGLP_objective,CGLP_artificial,cycles_lookup_length
122.935,use_adaptive_ngroute,0.17236096808500756,0,false,5.048235294117647,false,false,5.0,false,1.355064e6,1.1215038571428573e6,false,11
129.41,use_adaptive_ngroute,0.026970816966017774,0,false,8.511000000000001,false,false,5.666666666666667,false,1.283554e6,1.2489355e6,false,8
38.726,use_adaptive_ngroute,0.008346761515484968,0,false,3.7035000000000005,false,false,6.0,false,1.2722e6,1.26158125e6,false,6
35.3,use_lmSR3_cuts,0.008346761515484968,3,false,4.235125,false,false,6.666666666666666,false,1.2722e6,1.26158125e6,false,0
64.313,use_adaptive_ngroute,0.002653858024205369,0,false,8.827428571428571,false,false,6.666666666666666,false,1.270132e6,1.26676125e6,false,6
70.56,use_lmSR3_cuts,0.0005587345777182673,2,false,16.999,false,false,7.333333333333334,false,1.270132e6,1.2694223333333335e6,false,0
36.556,use_lmSR3_cuts,0.00046924256691427413,5,false,12.081,false,false,7.333333333333334,false,1.270132e6,1.269536e6,false,0
79.877,none,0.0,0,false,15.859399999999999,true,false,7.333333333333334,false,1.270132e6,1.270132e6,false,0
