CG_time_taken,method,CG_LP_IP_gap,implemented_SR3_cuts_count,errored,CG_sp_time_taken_mean,converged,CGIP_artificial,ngroute_neighborhood_size,time_limit_reached,CGIP_objective,CGLP_objective,CGLP_artificial,cycles_lookup_length
90.048,use_adaptive_ngroute,0.3094738148240812,0,false,4.2993999999999994,false,false,5.0,false,1.681977e6,1.1614491613636364e6,false,24
82.086,use_adaptive_ngroute,0.01577009832890841,0,false,10.0645,false,false,7.208333333333333,false,1.419691e6,1.3973023333333337e6,false,4
54.532,use_adaptive_ngroute,0.015770098328908744,0,false,13.5475,false,false,7.75,false,1.419691e6,1.3973023333333333e6,false,3
59.66,use_lmSR3_cuts,0.015770098328910187,5,false,11.8838,false,false,7.875,false,1.419691e6,1.3973023333333312e6,false,0
119.481,use_adaptive_ngroute,0.013567741149306256,0,false,19.866833333333336,false,false,7.875,false,1.419691e6,1.4004290000000002e6,false,5
49.42,use_adaptive_ngroute,0.013083040605314844,0,false,16.43766666666667,false,false,8.208333333333334,false,1.419691e6,1.401117125e6,false,3
98.321,use_lmSR3_cuts,0.01104357098363884,5,false,24.535750000000004,false,false,8.333333333333332,false,1.419691e6,1.4040125416666667e6,false,0
157.192,use_adaptive_ngroute,0.003965055852973243,0,false,31.342600000000004,false,false,8.333333333333332,false,1.415144e6,1.409532875e6,false,6
82.705,use_adaptive_ngroute,0.002598557696837256,0,false,27.511666666666667,false,false,8.875,false,1.415144e6,1.411466666666667e6,false,1
118.08,use_adaptive_ngroute,0.0025374331752339163,0,false,39.31100000000001,false,false,8.916666666666666,false,1.415144e6,1.4115531666666667e6,false,2
104.275,use_lmSR3_cuts,0.002193887453620591,5,false,34.726,false,false,9.166666666666668,false,1.415144e6,1.4120393333333335e6,false,0
297.689,none,0.0,0,false,49.57399999999999,true,false,9.166666666666668,false,1.415144e6,1.415144e6,false,0
