CG_time_taken,method,CG_LP_IP_gap,implemented_SR3_cuts_count,errored,CG_sp_time_taken_mean,converged,CGIP_artificial,ngroute_neighborhood_size,time_limit_reached,CGIP_objective,CGLP_objective,CGLP_artificial,cycles_lookup_length
198.248,use_adaptive_ngroute,0.25529421425936416,0,false,6.381904761904761,false,false,5.0,false,1.434884e6,1.0685664166666665e6,false,8
96.37,use_adaptive_ngroute,0.13411892670638847,0,false,6.998250000000001,false,false,5.75,false,1.391008e6,1.2044475e6,false,10
240.778,use_adaptive_ngroute,0.12138928706094332,0,false,26.395000000000003,false,false,6.708333333333334,false,1.389684e6,1.22099125e6,false,1
34.62,use_lmSR3_cuts,0.11911772748337035,2,false,17.2495,false,false,6.75,false,1.389684e6,1.224148e6,false,0
439.823,use_adaptive_ngroute,0.03391802628087326,0,false,53.959625,false,false,6.75,false,1.272171e6,1.2290214705882352e6,false,11
495.148,use_lmSR3_cuts,0.02939286463848023,5,false,61.62025,false,false,8.041666666666666,false,1.272171e6,1.23477825e6,false,0
654.039,use_adaptive_ngroute,0.027499840823285715,0,false,108.86116666666668,false,false,8.041666666666666,false,1.272171e6,1.2371864999999998e6,false,5
509.89,use_lmSR3_cuts,0.0270183017849015,5,false,84.76549999999999,false,false,8.5,false,1.272171e6,1.2377991e6,false,0
908.639,none,0.024423457864402476,0,false,200.668,false,false,8.5,true,1.272171e6,1.2411001851851852e6,false,0
