CG_time_taken,method,CG_LP_IP_gap,implemented_SR3_cuts_count,errored,CG_sp_time_taken_mean,converged,CGIP_artificial,ngroute_neighborhood_size,time_limit_reached,CGIP_objective,CGLP_objective,CGLP_artificial,cycles_lookup_length
66.196,use_adaptive_ngroute,0.2605499196135005,0,false,4.2075,false,false,5.0,false,1.737854e6,1.2850562799999998e6,false,24
60.898,use_lmSR3_cuts,0.014569644567104856,5,false,8.42442857142857,false,false,8.583333333333332,false,1.476525e6,1.4550125555555555e6,false,0
67.879,use_lmSR3_cuts,0.0055002810758092435,1,false,9.541285714285715,false,false,8.583333333333332,false,1.47647e6,1.468349e6,false,0
22.581,use_lmSR3_cuts,0.0045429300967848585,1,false,11.2405,false,false,8.583333333333332,false,1.47647e6,1.4697625e6,false,0
48.242,use_lmSR3_cuts,0.00312806897532647,1,false,15.970000000000002,false,false,8.583333333333332,false,1.47647e6,1.4718514999999998e6,false,0
23.973,use_lmSR3_cuts,0.002874084810392308,1,false,11.9465,false,false,8.583333333333332,false,1.47647e6,1.4722265e6,false,0
26.29,use_lmSR3_cuts,0.002874084810392308,1,false,12.9405,false,false,8.583333333333332,false,1.47647e6,1.4722265e6,false,0
33.689,use_adaptive_ngroute,0.001326910033487172,0,false,16.7995,false,false,8.583333333333332,false,1.47647e6,1.4745108571428573e6,false,11
96.419,use_lmSR3_cuts,0.0013227495309758863,1,false,32.064,false,false,10.291666666666668,false,1.47647e6,1.474517e6,false,0
90.266,use_lmSR3_cuts,8.181676566410001e-5,5,false,30.033,false,false,10.291666666666668,false,1.47647e6,1.4763492e6,false,0
169.77,none,0.0,0,false,42.3575,true,false,10.291666666666668,false,1.47647e6,1.47647e6,false,0
