CG_time_taken,method,CG_LP_IP_gap,implemented_SR3_cuts_count,errored,CG_sp_time_taken_mean,converged,CGIP_artificial,ngroute_neighborhood_size,time_limit_reached,CGIP_objective,CGLP_objective,CGLP_artificial,cycles_lookup_length
69.476,use_adaptive_ngroute,0.32020218991274985,0,false,3.5539333333333336,false,false,5.0,false,1.778969e6,1.2093392304131053e6,false,24
112.316,use_adaptive_ngroute,0.04887740294248033,0,false,9.935727272727274,false,false,8.583333333333332,false,1.484326e6,1.411776e6,false,7
47.982,use_adaptive_ngroute,0.04411325409647204,0,false,15.921999999999997,false,false,9.333333333333334,false,1.484326e6,1.41884755e6,false,4
29.115,use_lmSR3_cuts,0.04371017071528949,5,false,14.5075,false,false,10.0,false,1.484326e6,1.4194458571428573e6,false,0
128.998,use_lmSR3_cuts,0.01863126098789203,2,false,32.0965,false,false,10.0,false,1.451029e6,1.4239945e6,false,0
57.603,use_lmSR3_cuts,0.017488554673958934,5,false,28.741500000000002,false,false,10.0,false,1.451029e6,1.4256526e6,false,0
121.602,use_adaptive_ngroute,0.01610291730902691,0,false,40.368,false,false,10.0,false,1.451029e6,1.4276632e6,false,4
136.647,use_adaptive_ngroute,0.015952874362492375,0,false,45.504999999999995,false,false,10.416666666666666,false,1.451029e6,1.427880916666667e6,false,3
103.726,use_lmSR3_cuts,0.01589038996923342,5,false,51.833499999999994,false,false,10.875,false,1.451029e6,1.4279715833333333e6,false,0
256.294,use_lmSR3_cuts,0.0134204071731161,5,false,51.054,false,false,10.875,false,1.451029e6,1.4315556000000006e6,false,0
337.595,use_adaptive_ngroute,0.009116716023326199,0,false,67.4192,false,false,10.875,false,1.449789e6,1.436571685393258e6,false,3
391.657,use_adaptive_ngroute,0.008262747199764942,0,false,97.83675000000001,false,false,11.583333333333332,false,1.449789e6,1.43780976e6,false,2
195.28,use_lmSR3_cuts,0.008091522283586672,5,false,97.58500000000001,false,false,12.166666666666666,false,1.449789e6,1.4380580000000012e6,false,0
244.353,use_adaptive_ngroute,0.006432813479907651,0,false,121.9675,false,false,12.166666666666666,false,1.449789e6,1.4404627777777782e6,false,4
433.253,use_lmSR3_cuts,0.006278672275758734,5,false,108.23525000000001,false,false,12.458333333333334,false,1.449789e6,1.44068625e6,false,0
393.658,none,0.0,0,false,130.99166666666665,true,false,12.458333333333334,false,1.442751e6,1.442751e6,false,0
