CG_time_taken,method,CG_LP_IP_gap,implemented_SR3_cuts_count,errored,CG_sp_time_taken_mean,converged,CGIP_artificial,ngroute_neighborhood_size,time_limit_reached,CGIP_objective,CGLP_objective,CGLP_artificial,cycles_lookup_length
256.568,use_adaptive_ngroute,0.4191535089230982,0,false,11.448210526315789,false,false,5.0,false,1.952073e6,1.1338547523759608e6,false,19
76.752,use_adaptive_ngroute,0.04188655022680943,0,false,6.075666666666668,false,false,6.916666666666666,false,1.454084e6,1.3931774375e6,false,2
51.687,use_lmSR3_cuts,0.010090201116304098,1,false,5.6323333333333325,false,false,7.0,false,1.454084e6,1.439412e6,false,0
61.128,use_lmSR3_cuts,0.00825055498857008,1,false,10.051000000000002,false,false,7.0,false,1.454084e6,1.442087e6,false,0
57.53,use_lmSR3_cuts,0.005676769705188933,1,false,7.1583749999999995,false,false,7.0,false,1.454084e6,1.4458295e6,false,0
15.487,use_adaptive_ngroute,0.0051536224867339,0,false,7.701499999999999,false,false,7.0,false,1.454084e6,1.4465902e6,false,9
57.496,none,0.005059542639902492,0,false,11.455999999999998,false,false,7.625,false,1.454084e6,1.446727e6,false,0
