CG_time_taken,method,CG_LP_IP_gap,implemented_SR3_cuts_count,errored,CG_sp_time_taken_mean,converged,CGIP_artificial,ngroute_neighborhood_size,time_limit_reached,CGIP_objective,CGLP_objective,CGLP_artificial,cycles_lookup_length
29.284,use_adaptive_ngroute,0.1300126157856233,0,false,1.6546666666666663,false,false,5.0,false,1.562289e6,1.3591717204968943e6,false,17
36.223,use_adaptive_ngroute,0.0029499359786077095,0,false,3.1742999999999997,false,false,6.583333333333333,false,1.41359e6,1.40942e6,false,1
10.894,use_adaptive_ngroute,0.0009467620267071819,0,false,2.6487499999999997,false,false,6.625,false,1.41359e6,1.412251666666667e6,false,3
13.772,none,0.0,0,false,2.6954000000000002,true,false,6.791666666666667,false,1.41359e6,1.41359e6,false,0
