CG_time_taken,method,CG_LP_IP_gap,implemented_SR3_cuts_count,errored,CG_sp_time_taken_mean,converged,CGIP_artificial,ngroute_neighborhood_size,time_limit_reached,CGIP_objective,CGLP_objective,CGLP_artificial,cycles_lookup_length
85.574,use_adaptive_ngroute,0.1931745492312058,0,false,4.309857142857142,false,false,5.0,false,1.638169e6,1.3217164418604649e6,false,24
120.342,use_adaptive_ngroute,0.1126878318900909,0,false,13.167555555555555,false,false,7.916666666666667,false,1.550687e6,1.3759434440298507e6,false,13
324.432,use_adaptive_ngroute,0.06021926513094156,0,false,46.276428571428575,false,false,9.833333333333334,false,1.481893e6,1.3926544925373136e6,false,10
219.024,use_lmSR3_cuts,0.05869876280830355,5,false,54.7085,false,false,11.166666666666666,false,1.481893e6,1.3949077142857146e6,false,0
459.824,use_lmSR3_cuts,0.04163788908960375,5,false,91.82300000000001,false,false,11.166666666666666,false,1.473422e6,1.412071818181818e6,false,0
309.904,use_adaptive_ngroute,0.039020973655294,0,false,103.2,false,false,11.166666666666666,false,1.473422e6,1.4159276389548695e6,false,7
680.829,use_lmSR3_cuts,0.038346263664604585,5,false,226.912,false,false,12.166666666666666,false,1.473422e6,1.416921771498771e6,false,0
1368.948,none,0.0,0,false,211.7063333333333,true,false,12.166666666666666,true,1.42454e6,1.42454e6,false,0
