CG_time_taken,method,CG_LP_IP_gap,implemented_SR3_cuts_count,errored,CG_sp_time_taken_mean,converged,CGIP_artificial,ngroute_neighborhood_size,time_limit_reached,CGIP_objective,CGLP_objective,CGLP_artificial,cycles_lookup_length
144.135,use_adaptive_ngroute,0.31167784291214906,0,false,8.123454545454546,false,false,5.0,false,1.84985e6,1.273292742288961e6,false,24
207.714,use_adaptive_ngroute,0.08061384288769002,0,false,29.249428571428574,false,false,9.625,false,1.566807e6,1.440500666666667e6,false,5
362.097,use_adaptive_ngroute,0.06748763264275381,0,false,60.24183333333333,false,false,10.416666666666666,false,1.566807e6,1.4610669047619049e6,false,2
212.952,use_lmSR3_cuts,0.06739773947908057,5,false,70.92933333333333,false,false,10.541666666666666,false,1.566807e6,1.4612077500000002e6,false,0
638.134,use_adaptive_ngroute,0.05977964527007262,0,false,159.38375,false,false,10.541666666666666,false,1.566807e6,1.4731438333333333e6,false,6
379.552,use_lmSR3_cuts,0.057953121949836484,5,false,126.46966666666667,false,false,10.875,false,1.566807e6,1.4760056428571425e6,false,0
814.919,use_adaptive_ngroute,0.054229164246994865,0,false,271.50266666666664,false,false,10.875,false,1.566807e6,1.4818403658536586e6,false,3
699.774,use_adaptive_ngroute,0.05344594232888911,0,false,349.84950000000003,false,false,11.041666666666666,false,1.566807e6,1.4830675234375002e6,false,1
76.716,none,0.05282758865209036,0,false,NaN,false,false,11.166666666666666,true,1.566807e6,1.4840363643067842e6,false,0
