CG_time_taken,method,CG_LP_IP_gap,implemented_SR3_cuts_count,errored,CG_sp_time_taken_mean,converged,CGIP_artificial,ngroute_neighborhood_size,time_limit_reached,CGIP_objective,CGLP_objective,CGLP_artificial,cycles_lookup_length
2.02,use_adaptive_ngroute,0.1797955751756245,0,false,0.10523076923076924,false,false,5.0,false,1.38007e6,1.131939520567376e6,false,15
0.595,use_lmSR3_cuts,0.1208793756838421,2,false,0.10880000000000001,false,false,6.6,false,1.38007e6,1.213248e6,false,0
2.343,use_adaptive_ngroute,0.03659066666978328,0,false,0.23600000000000002,false,false,6.6,false,1.283454e6,1.2364915625e6,false,10
1.544,use_adaptive_ngroute,0.03361398226971901,0,false,0.25033333333333335,false,false,7.75,false,1.283454e6,1.240312e6,false,1
1.417,use_adaptive_ngroute,0.03285717031281743,0,false,0.34825,false,false,8.0,false,1.283454e6,1.2412833333333333e6,false,2
0.695,use_lmSR3_cuts,0.03237864387816003,5,false,0.34299999999999997,false,false,8.3,false,1.283454e6,1.2418975e6,false,0
2.856,use_adaptive_ngroute,0.019626634342127858,0,false,0.5236,false,false,8.3,false,1.283454e6,1.2582641176470586e6,false,4
2.509,use_lmSR3_cuts,0.019099563961549215,5,false,0.62125,false,false,8.9,false,1.283454e6,1.2589405882352937e6,false,0
4.3,none,0.0,0,false,0.7958,true,false,8.9,false,1.26064e6,1.26064e6,false,0
