CG_time_taken,method,CG_LP_IP_gap,implemented_SR3_cuts_count,errored,CG_sp_time_taken_mean,converged,CGIP_artificial,ngroute_neighborhood_size,time_limit_reached,CGIP_objective,CGLP_objective,CGLP_artificial,cycles_lookup_length
54.9,use_adaptive_ngroute,0.30609269143027396,0,false,2.5923125,false,false,5.0,false,1.894562e6,1.3146504183384774e6,false,24
79.945,use_adaptive_ngroute,0.05911501123574037,0,false,11.157428571428573,false,false,8.625,false,1.604849e6,1.5099783333333333e6,false,10
104.409,use_adaptive_ngroute,0.05715112330002592,0,false,26.045499999999997,false,false,10.541666666666666,false,1.604849e6,1.5131300769230768e6,false,5
74.728,use_adaptive_ngroute,0.05627131299956545,0,false,24.878666666666668,false,false,10.75,false,1.604849e6,1.5145420396039605e6,false,6
21.459,use_lmSR3_cuts,0.05616571390574332,5,false,21.437,false,false,11.291666666666668,false,1.604849e6,1.5147115102040817e6,false,0
201.215,use_adaptive_ngroute,0.04074632566677605,0,false,40.1168,false,false,11.291666666666668,false,1.604849e6,1.5394573e6,false,3
87.199,use_lmSR3_cuts,0.03925533327617814,5,false,43.561,false,false,11.583333333333332,false,1.604849e6,1.5418501176470588e6,false,0
304.54,use_lmSR3_cuts,0.0243864037720547,5,false,60.7824,false,false,11.583333333333332,false,1.594204e6,1.5553270975609752e6,false,0
240.761,use_adaptive_ngroute,0.004071599765056444,0,false,80.13433333333334,false,false,11.583333333333332,false,1.566317e6,1.5599395840707961e6,false,3
336.819,use_lmSR3_cuts,0.004063392020900003,5,false,112.22866666666667,false,false,11.791666666666668,false,1.566317e6,1.55995244e6,false,0
268.749,use_lmSR3_cuts,0.0033877279081779843,5,false,134.3125,false,false,11.791666666666668,false,1.566317e6,1.5610107441860463e6,false,0
368.079,use_adaptive_ngroute,0.002125235759688482,0,false,122.59366666666665,false,false,11.791666666666668,false,1.566317e6,1.562988207100592e6,false,3
151.203,use_lmSR3_cuts,0.0017218596888043392,5,false,151.164,false,false,12.041666666666666,false,1.566317e6,1.563620021897811e6,false,0
347.467,use_lmSR3_cuts,0.0013436526528270987,5,false,173.625,false,false,12.041666666666666,false,1.566317e6,1.5642124140077818e6,false,0
913.43,none,0.00033047906712924124,0,false,257.74133333333333,false,false,12.041666666666666,true,1.566317e6,1.5657993650190113e6,false,0
