CG_time_taken,method,CG_LP_IP_gap,implemented_SR3_cuts_count,errored,CG_sp_time_taken_mean,converged,CGIP_artificial,ngroute_neighborhood_size,time_limit_reached,CGIP_objective,CGLP_objective,CGLP_artificial,cycles_lookup_length
78.13,use_adaptive_ngroute,0.0659288326969012,0,false,3.4943750000000002,false,false,5.0,false,1.326405e6,1.2389566666666667e6,false,20
137.598,use_adaptive_ngroute,0.046842027887409765,0,false,10.445615384615383,false,false,6.541666666666667,false,1.326405e6,1.2642735000000002e6,false,9
69.107,use_adaptive_ngroute,0.04356936961410185,0,false,9.770571428571428,false,false,8.416666666666666,false,1.32522e6,1.267481e6,false,6
50.896,use_lmSR3_cuts,0.03912073933010518,5,false,12.679499999999999,false,false,8.666666666666668,false,1.320655e6,1.26899e6,false,0
99.497,use_adaptive_ngroute,0.025408232667300412,0,false,16.403333333333336,false,false,8.666666666666668,false,1.318847e6,1.2853374285714289e6,false,7
75.614,use_lmSR3_cuts,0.025140646842785164,5,false,25.137,false,false,9.291666666666666,false,1.318847e6,1.2856903333333333e6,false,0
210.526,use_adaptive_ngroute,0.014088442404615598,0,false,52.47625,false,false,9.291666666666666,false,1.318847e6,1.3002665e6,false,1
228.957,use_adaptive_ngroute,0.013599649650685053,0,false,45.657199999999996,false,false,9.625,false,1.318847e6,1.300911142857143e6,false,9
302.672,use_lmSR3_cuts,0.013517678699652036,5,false,100.80966666666667,false,false,10.666666666666668,false,1.318847e6,1.30101925e6,false,0
284.226,use_adaptive_ngroute,0.011475174906566243,0,false,94.63133333333333,false,false,10.666666666666668,false,1.318847e6,1.3037129999999998e6,false,1
175.086,use_adaptive_ngroute,0.01065140340659032,0,false,87.47999999999999,false,false,10.708333333333334,false,1.318847e6,1.3047994285714286e6,false,1
114.806,use_lmSR3_cuts,0.010574994673377414,5,false,57.353500000000004,false,false,10.75,false,1.318847e6,1.3049002000000002e6,false,0
484.387,use_lmSR3_cuts,0.006335483443745571,5,false,96.24780000000001,false,false,10.75,false,1.318847e6,1.3104914666666666e6,false,0
417.696,use_adaptive_ngroute,0.002699327518658312,0,false,104.11625000000001,false,false,10.75,false,1.318847e6,1.315287e6,false,5
614.418,use_lmSR3_cuts,0.0020607394185980787,5,false,153.48175,false,false,10.958333333333334,false,1.318847e6,1.3161292000000002e6,false,0
199.774,none,0.00045190988795518194,0,false,131.766,false,false,10.958333333333334,true,1.318847e6,1.318251e6,false,0
