CG_time_taken,method,CG_LP_IP_gap,implemented_SR3_cuts_count,errored,CG_sp_time_taken_mean,converged,CGIP_artificial,ngroute_neighborhood_size,time_limit_reached,CGIP_objective,CGLP_objective,CGLP_artificial,cycles_lookup_length
192.943,use_adaptive_ngroute,0.29792789599075553,0,false,5.899263157894736,false,false,5.0,false,1.433763e6,1.0066050060606065e6,false,23
408.693,use_adaptive_ngroute,0.09558334757365383,0,false,36.13463636363637,false,false,8.791666666666666,false,1.223053e6,1.1061495e6,false,7
244.521,use_adaptive_ngroute,0.0882574765186559,0,false,26.960666666666665,false,false,9.458333333333332,false,1.223053e6,1.1151094285714284e6,false,7
270.382,use_lmSR3_cuts,0.08702819910502646,5,false,44.93666666666667,false,false,10.0,false,1.223053e6,1.1166129000000001e6,false,0
472.935,use_adaptive_ngroute,0.06552536971006162,0,false,118.01199999999999,false,false,10.0,false,1.223053e6,1.142912e6,false,12
1313.16,none,0.0,0,false,218.46883333333332,true,false,11.041666666666666,false,1.142912e6,1.142912e6,false,0
