CG_time_taken,method,CG_LP_IP_gap,implemented_SR3_cuts_count,errored,CG_sp_time_taken_mean,converged,CGIP_artificial,ngroute_neighborhood_size,time_limit_reached,CGIP_objective,CGLP_objective,CGLP_artificial,cycles_lookup_length
84.731,use_adaptive_ngroute,0.26982928065648115,0,false,3.1505714285714284,false,false,5.0,false,1.608293e6,1.174328456725146e6,false,23
59.116,use_adaptive_ngroute,0.07951651135342952,0,false,4.977090909090909,false,false,7.416666666666667,false,1.517471e6,1.396807e6,false,1
15.644,use_lmSR3_cuts,0.07951651135342952,3,false,3.7565,false,false,7.458333333333333,false,1.517471e6,1.396807e6,false,0
61.054,use_adaptive_ngroute,0.0034714022492438046,0,false,9.902833333333332,false,false,7.458333333333333,false,1.414342e6,1.40943225e6,false,4
53.193,use_lmSR3_cuts,0.00198678961665566,3,false,10.5496,false,false,8.083333333333334,false,1.414342e6,1.411532e6,false,0
52.63,none,0.0,0,false,10.354999999999999,true,false,8.083333333333334,false,1.414342e6,1.414342e6,false,0
