CG_time_taken,method,CG_LP_IP_gap,implemented_SR3_cuts_count,errored,CG_sp_time_taken_mean,converged,CGIP_artificial,ngroute_neighborhood_size,time_limit_reached,CGIP_objective,CGLP_objective,CGLP_artificial,cycles_lookup_length
36.707,use_adaptive_ngroute,0.26916432834352444,0,false,1.971769230769231,false,false,5.0,false,1.654287e6,1.209011950757576e6,false,21
54.618,use_adaptive_ngroute,0.037477043941838595,0,false,5.815444444444446,false,false,7.791666666666666,false,1.392697e6,1.3405028333333333e6,false,8
18.24,use_adaptive_ngroute,0.035317722170928656,0,false,9.081500000000002,false,false,8.666666666666668,false,1.392697e6,1.3435101142857142e6,false,4
36.459,use_lmSR3_cuts,0.03365583109606751,5,false,12.103666666666667,false,false,9.5,false,1.392697e6,1.345824625e6,false,0
154.705,use_adaptive_ngroute,0.01758068644681854,0,false,25.662000000000003,false,false,9.5,false,1.380487e6,1.3562170909090908e6,false,6
91.459,use_lmSR3_cuts,0.017321577183423087,5,false,30.46033333333333,false,false,10.25,false,1.380487e6,1.3565747878787878e6,false,0
166.893,none,0.006793254844123853,0,false,33.2936,false,false,10.25,false,1.380487e6,1.371109e6,false,0
