CG_time_taken,method,CG_LP_IP_gap,implemented_SR3_cuts_count,errored,CG_sp_time_taken_mean,converged,CGIP_artificial,ngroute_neighborhood_size,time_limit_reached,CGIP_objective,CGLP_objective,CGLP_artificial,cycles_lookup_length
169.609,use_adaptive_ngroute,0.35823305817945483,0,false,6.112461538461536,false,false,5.0,false,1.845736e6,1.1845323481280857e6,false,24
211.386,use_adaptive_ngroute,0.05877103124397587,0,false,20.6852,false,false,8.041666666666666,false,1.519941e6,1.4306125e6,false,4
80.812,use_adaptive_ngroute,0.0559755279974683,0,false,16.0268,false,false,8.333333333333332,false,1.519941e6,1.4348615e6,false,5
45.891,use_lmSR3_cuts,0.05280542139464628,5,false,11.4085,false,false,8.541666666666666,false,1.519941e6,1.439679875e6,false,0
128.323,use_adaptive_ngroute,0.017324923784223345,0,false,21.222,false,false,8.541666666666666,false,1.487667e6,1.4618932826086958e6,false,6
122.032,use_adaptive_ngroute,0.015891633230644686,0,false,24.3398,false,false,9.5,false,1.487667e6,1.4640255416666665e6,false,7
20.53,use_lmSR3_cuts,0.01576705001858625,5,false,20.491,false,false,10.125000000000002,false,1.487667e6,1.46421088e6,false,0
154.693,use_adaptive_ngroute,0.009668334988487626,0,false,30.8298,false,false,10.125000000000002,false,1.482183e6,1.4678527582417584e6,false,2
230.077,use_lmSR3_cuts,0.009646875055594695,5,false,57.434999999999995,false,false,10.625,false,1.482183e6,1.4678845657894735e6,false,0
171.667,use_lmSR3_cuts,0.008075925847213172,2,false,42.817750000000004,false,false,10.625,false,1.482183e6,1.470213e6,false,0
106.375,none,0.0,0,false,53.084999999999994,true,false,10.625,false,1.470415e6,1.470415e6,false,0
