CG_time_taken,method,CG_LP_IP_gap,implemented_SR3_cuts_count,errored,CG_sp_time_taken_mean,converged,CGIP_artificial,ngroute_neighborhood_size,time_limit_reached,CGIP_objective,CGLP_objective,CGLP_artificial,cycles_lookup_length
41.376,use_adaptive_ngroute,0.15958240011731262,0,false,2.0255384615384617,false,false,5.0,false,1.485327e6,1.2482949523809524e6,false,21
77.59,use_adaptive_ngroute,0.006269763493618963,0,false,6.601454545454546,false,false,8.333333333333332,false,1.28574e6,1.2776787142857143e6,false,10
35.415,use_lmSR3_cuts,0.002404581537998718,5,false,11.740000000000002,false,false,8.75,false,1.28574e6,1.2826483333333335e6,false,0
90.166,none,0.0,0,false,14.8645,true,false,8.75,false,1.28574e6,1.28574e6,false,0
