CG_time_taken,method,CG_LP_IP_gap,implemented_SR3_cuts_count,errored,CG_sp_time_taken_mean,converged,CGIP_artificial,ngroute_neighborhood_size,time_limit_reached,CGIP_objective,CGLP_objective,CGLP_artificial,cycles_lookup_length
56.452,use_adaptive_ngroute,0.20686336479412493,0,false,2.9037142857142855,false,false,5.0,false,1.457975e6,1.1563733857142858e6,false,21
42.311,use_adaptive_ngroute,0.13959670090365062,0,false,4.537444444444445,false,false,7.041666666666667,false,1.457975e6,1.2544465e6,false,5
89.726,use_adaptive_ngroute,0.11233306594252435,0,false,8.8763,false,false,7.458333333333333,false,1.417401e6,1.25818e6,false,5
88.351,use_lmSR3_cuts,0.11177288572535227,1,false,17.590799999999998,false,false,7.833333333333334,false,1.417401e6,1.258974e6,false,0
265.141,use_adaptive_ngroute,0.07343535766356357,0,false,37.76142857142857,false,false,7.833333333333334,false,1.365818e6,1.265518666666667e6,false,5
159.832,use_lmSR3_cuts,0.07086998414137169,1,false,26.553833333333333,false,false,8.583333333333332,false,1.365818e6,1.2690225e6,false,0
114.747,use_adaptive_ngroute,0.06560303056483385,0,false,38.158333333333324,false,false,8.583333333333332,false,1.365818e6,1.2762161999999997e6,false,2
111.463,use_lmSR3_cuts,0.06483513908880978,5,false,37.111666666666665,false,false,8.791666666666666,false,1.365818e6,1.277265e6,false,0
180.005,use_lmSR3_cuts,0.047341740721962955,1,false,44.833999999999996,false,false,8.791666666666666,false,1.345166e6,1.2814835e6,false,0
45.548,use_adaptive_ngroute,0.047341740721962955,0,false,45.517,false,false,8.791666666666666,false,1.345166e6,1.2814835e6,false,5
91.287,use_lmSR3_cuts,0.047341740721962955,1,false,45.605000000000004,false,false,9.166666666666668,false,1.345166e6,1.2814835e6,false,0
57.696,use_lmSR3_cuts,0.04678541002162018,5,false,57.667,false,false,9.166666666666668,false,1.345166e6,1.2822318571428573e6,false,0
265.313,use_lmSR3_cuts,0.03787393984106768,5,false,52.93780000000002,false,false,9.166666666666668,false,1.339186e6,1.28846575e6,false,0
580.295,use_adaptive_ngroute,0.031345720460040694,0,false,82.78171428571427,false,false,9.166666666666668,false,1.339186e6,1.29720825e6,false,4
502.778,use_adaptive_ngroute,0.030742982250838602,0,false,100.48300000000002,false,false,9.541666666666666,false,1.339186e6,1.2980154285714284e6,false,3
205.059,use_lmSR3_cuts,0.0306402546024227,5,false,102.4855,false,false,10.041666666666666,false,1.339186e6,1.298153e6,false,0
515.245,use_lmSR3_cuts,0.024808167050730856,5,false,171.68099999999998,false,false,10.041666666666666,false,1.339186e6,1.30596325e6,false,0
197.82,none,0.01792541555833682,0,false,124.149,false,false,10.041666666666666,true,1.337598e6,1.3136209999999998e6,false,0
