CG_time_taken,method,CG_LP_IP_gap,implemented_SR3_cuts_count,errored,CG_sp_time_taken_mean,converged,CGIP_artificial,ngroute_neighborhood_size,time_limit_reached,CGIP_objective,CGLP_objective,CGLP_artificial,cycles_lookup_length
75.327,use_adaptive_ngroute,0.2943953465964668,0,false,3.5191333333333326,false,false,5.0,false,1.774744e6,1.252267625e6,false,15
52.964,use_adaptive_ngroute,0.0339705979299888,0,false,4.8957,false,false,6.125,false,1.441055e6,1.3921015e6,false,18
65.696,use_lmSR3_cuts,0.025962229061347375,1,false,7.158333333333332,false,false,7.625,false,1.441055e6,1.403642e6,false,0
127.11,use_adaptive_ngroute,0.014347314454180804,0,false,11.451454545454544,false,false,7.625,false,1.441055e6,1.4203797307692305e6,false,5
68.724,use_adaptive_ngroute,0.011806809528270734,0,false,13.6946,false,false,7.958333333333333,false,1.441055e6,1.4240407380952379e6,false,5
66.228,use_lmSR3_cuts,0.011504071669714233,3,false,16.52175,false,false,8.625,false,1.441055e6,1.424477e6,false,0
70.524,use_lmSR3_cuts,0.00890979178449125,1,false,17.59725,false,false,8.625,false,1.441055e6,1.4282155e6,false,0
51.649,use_lmSR3_cuts,0.008173063022114735,5,false,17.16433333333333,false,false,8.625,false,1.441055e6,1.4292771666666665e6,false,0
64.611,none,0.0,0,false,16.08825,true,false,8.625,false,1.434197e6,1.434197e6,false,0
