CG_time_taken,method,CG_LP_IP_gap,implemented_SR3_cuts_count,errored,CG_sp_time_taken_mean,converged,CGIP_artificial,ngroute_neighborhood_size,time_limit_reached,CGIP_objective,CGLP_objective,CGLP_artificial,cycles_lookup_length
121.545,use_adaptive_ngroute,0.1386467719780492,0,false,5.374421052631579,false,false,5.0,false,1.410315e6,1.2147793777777776e6,false,14
53.311,use_adaptive_ngroute,0.05045591143759798,0,false,3.3904999999999994,false,false,5.833333333333333,false,1.362655e6,1.293901e6,false,6
19.962,use_lmSR3_cuts,0.033975150142744215,5,false,3.9242,false,false,6.5,false,1.348217e6,1.3024111249999998e6,false,0
78.213,use_adaptive_ngroute,0.015332899380699372,0,false,12.850999999999999,false,false,6.5,false,1.334247e6,1.313789125e6,false,1
7.775,use_adaptive_ngroute,0.01509647656800328,0,false,7.734,false,false,6.541666666666667,false,1.334247e6,1.3141045714285714e6,false,1
28.401,use_lmSR3_cuts,0.014899290261348508,5,false,9.387666666666666,false,false,6.583333333333333,false,1.334247e6,1.3143676666666665e6,false,0
102.913,use_adaptive_ngroute,0.00851955831412865,0,false,17.09133333333333,false,false,6.583333333333333,false,1.334247e6,1.3228798048780488e6,false,1
55.685,use_adaptive_ngroute,0.008179759105786943,0,false,27.788999999999998,false,false,6.625,false,1.334247e6,1.323333180952381e6,false,5
75.315,use_adaptive_ngroute,0.008036586678978108,0,false,37.6065,false,false,6.833333333333333,false,1.334247e6,1.3235242083333335e6,false,5
78.291,use_lmSR3_cuts,0.008030229428141689,5,false,39.09,false,false,7.083333333333333,false,1.334247e6,1.3235326904761903e6,false,0
94.178,use_lmSR3_cuts,0.00204699015713794,5,false,31.19333333333333,false,false,7.083333333333333,false,1.334247e6,1.3315158095238092e6,false,0
158.188,none,0.0,0,false,26.2595,true,false,7.083333333333333,false,1.334247e6,1.334247e6,false,0
