CG_time_taken,method,CG_LP_IP_gap,implemented_SR3_cuts_count,errored,CG_sp_time_taken_mean,converged,CGIP_artificial,ngroute_neighborhood_size,time_limit_reached,CGIP_objective,CGLP_objective,CGLP_artificial,cycles_lookup_length
45.78,use_adaptive_ngroute,0.2627557199436632,0,false,2.621692307692308,false,false,5.0,false,1.771646e6,1.3061358797846888e6,false,24
37.263,use_adaptive_ngroute,0.03259715004202135,0,false,4.5725,false,false,6.791666666666667,false,1.521847e6,1.472239125e6,false,2
18.602,use_adaptive_ngroute,0.030020069773768587,0,false,4.61975,false,false,7.625,false,1.521847e6,1.4761610468749995e6,false,10
18.878,use_adaptive_ngroute,0.029662271584719346,0,false,6.275,false,false,8.333333333333332,false,1.521847e6,1.4767055609756096e6,false,2
5.563,use_lmSR3_cuts,0.02965475504436399,5,false,5.551,false,false,8.583333333333332,false,1.521847e6,1.4767169999999998e6,false,0
39.991,use_lmSR3_cuts,0.020652307475004128,5,false,7.955400000000001,false,false,8.583333333333332,false,1.521847e6,1.4904173478260874e6,false,0
61.633,use_adaptive_ngroute,0.012560639862629563,0,false,10.2405,false,false,8.583333333333332,false,1.521847e6,1.5027316279069767e6,false,5
59.076,use_lmSR3_cuts,0.01217040872045616,1,false,14.73475,false,false,9.166666666666668,false,1.521847e6,1.5033255e6,false,0
39.586,use_lmSR3_cuts,0.01217040872045616,2,false,13.177999999999999,false,false,9.166666666666668,false,1.521847e6,1.5033255e6,false,0
51.178,use_lmSR3_cuts,0.011053673595308733,5,false,17.039,false,false,9.166666666666668,false,1.521847e6,1.5050250000000002e6,false,0
76.066,use_adaptive_ngroute,0.006453480677194756,0,false,18.988249999999997,false,false,9.166666666666668,false,1.518062e6,1.5082652162162163e6,false,1
77.775,use_lmSR3_cuts,0.006187332523944988,5,false,19.418249999999997,false,false,9.291666666666666,false,1.518062e6,1.508669245614035e6,false,0
97.942,use_adaptive_ngroute,0.004330492413908593,0,false,24.4335,false,false,9.291666666666666,false,1.518062e6,1.511488044025157e6,false,2
61.917,use_lmSR3_cuts,0.003903940074201695,5,false,30.933999999999997,false,false,9.666666666666668,false,1.518062e6,1.5121355769230772e6,false,0
96.618,use_adaptive_ngroute,0.002168483165965629,0,false,32.17733333333334,false,false,9.666666666666668,false,1.518062e6,1.514770108108108e6,false,5
105.022,use_lmSR3_cuts,0.002107950795158575,5,false,34.97200000000001,false,false,10.333333333333334,false,1.518062e6,1.514862e6,false,0
62.388,none,0.0018582903728570077,0,false,31.114,false,false,10.333333333333334,false,1.518062e6,1.515241e6,false,0
