CG_time_taken,method,CG_LP_IP_gap,implemented_SR3_cuts_count,errored,CG_sp_time_taken_mean,converged,CGIP_artificial,ngroute_neighborhood_size,time_limit_reached,CGIP_objective,CGLP_objective,CGLP_artificial,cycles_lookup_length
91.3,use_adaptive_ngroute,0.31261035422775296,0,false,3.376888888888889,false,false,5.0,false,1.647032e6,1.1321527430555555e6,false,11
76.33,use_adaptive_ngroute,0.1349579827229267,0,false,5.464384615384615,false,false,5.625,false,1.429293e6,1.2363985e6,false,2
31.626,use_adaptive_ngroute,0.12926768689135126,0,false,6.122,false,false,5.708333333333333,false,1.429293e6,1.2445315999999999e6,false,4
76.837,use_lmSR3_cuts,0.004027805207038604,3,false,6.864545454545454,false,false,5.874999999999999,false,1.260819e6,1.2557406666666667e6,false,0
52.171,none,0.0,0,false,7.354285714285713,true,false,5.874999999999999,false,1.260819e6,1.260819e6,false,0
