CG_time_taken,method,CG_LP_IP_gap,implemented_SR3_cuts_count,errored,CG_sp_time_taken_mean,converged,CGIP_artificial,ngroute_neighborhood_size,time_limit_reached,CGIP_objective,CGLP_objective,CGLP_artificial,cycles_lookup_length
33.879,use_adaptive_ngroute,0.2168524147959866,0,false,2.212333333333333,false,false,5.0,false,1.719694e6,1.3467742033898307e6,false,21
14.929,use_lmSR3_cuts,0.043661302444135575,5,false,2.3738333333333337,false,false,7.375,false,1.552819e6,1.4850209e6,false,0
10.329,use_adaptive_ngroute,0.04227475056489882,0,false,3.3840000000000003,false,false,7.375,false,1.552819e6,1.4871739641025644e6,false,13
25.112,use_adaptive_ngroute,0.006629161093029912,0,false,5.002199999999999,false,false,8.875,false,1.501517e6,1.491563201923077e6,false,4
14.379,use_lmSR3_cuts,0.006262555357903654,5,false,7.168500000000001,false,false,9.291666666666666,false,1.501517e6,1.4921136666666665e6,false,0
24.84,use_lmSR3_cuts,0.0010460254529253143,5,false,8.262666666666668,false,false,9.291666666666666,false,1.501517e6,1.499946375e6,false,0
15.494,none,0.0,0,false,7.7085,true,false,9.291666666666666,false,1.501517e6,1.501517e6,false,0
