CG_time_taken,method,CG_LP_IP_gap,implemented_SR3_cuts_count,errored,CG_sp_time_taken_mean,converged,CGIP_artificial,ngroute_neighborhood_size,time_limit_reached,CGIP_objective,CGLP_objective,CGLP_artificial,cycles_lookup_length
36.971,use_adaptive_ngroute,0.28044697201944013,0,false,2.141285714285714,false,false,5.0,false,1.825754e6,1.3137268190476191e6,false,17
56.011,use_lmSR3_cuts,0.11469754762987971,2,false,3.3686875,false,false,6.041666666666667,false,1.613378e6,1.4283275e6,false,0
19.265,use_adaptive_ngroute,0.08314252750307038,0,false,4.737,false,false,6.041666666666667,false,1.572279e6,1.44155575e6,false,3
9.422,use_adaptive_ngroute,0.08235124512464598,0,false,4.68,false,false,6.333333333333333,false,1.572279e6,1.4427998666666667e6,false,6
28.069,use_lmSR3_cuts,0.08104576333089619,5,false,9.319666666666667,false,false,8.0,false,1.572279e6,1.4448524482758618e6,false,0
37.492,use_lmSR3_cuts,0.07522541058764587,5,false,12.388333333333334,false,false,8.0,false,1.572279e6,1.4540036666666667e6,false,0
101.301,use_adaptive_ngroute,0.07363536200212129,0,false,20.177,false,false,8.0,false,1.572279e6,1.4565036666666667e6,false,1
54.941,use_adaptive_ngroute,0.019506278383999542,0,false,27.4135,false,false,8.041666666666666,false,1.487917e6,1.4588932767857146e6,false,3
69.122,use_adaptive_ngroute,0.019474428569156266,0,false,17.236,false,false,8.166666666666666,false,1.487917e6,1.4589406666666667e6,false,1
123.266,use_lmSR3_cuts,0.01796235945956648,5,false,30.764999999999997,false,false,8.208333333333334,false,1.487917e6,1.4611905000000002e6,false,0
369.656,use_adaptive_ngroute,0.001917856933584483,0,false,61.51616666666666,false,false,8.208333333333334,false,1.469221e6,1.466403244318182e6,false,10
185.245,use_lmSR3_cuts,0.0018718374275500382,5,false,61.714000000000006,false,false,9.25,false,1.469221e6,1.4664708571428575e6,false,0
264.948,none,0.0,0,false,88.25,true,false,9.25,false,1.469221e6,1.469221e6,false,0
