CG_time_taken,method,CG_LP_IP_gap,implemented_SR3_cuts_count,errored,CG_sp_time_taken_mean,converged,CGIP_artificial,ngroute_neighborhood_size,time_limit_reached,CGIP_objective,CGLP_objective,CGLP_artificial,cycles_lookup_length
57.622,use_adaptive_ngroute,0.41031510857363107,0,false,2.796,false,false,5.0,false,2.018575e6,1.1903231797109826e6,false,18
54.484,use_adaptive_ngroute,0.06679443249707595,0,false,3.9372307692307684,false,false,6.375,false,1.529393e6,1.4272380624999995e6,false,2
16.933,use_lmSR3_cuts,0.0345856166466042,1,false,2.0155,false,false,6.458333333333334,false,1.529393e6,1.476498e6,false,0
10.274,use_adaptive_ngroute,0.03317547114007535,0,false,2.5057500000000004,false,false,6.458333333333334,false,1.529393e6,1.4786546666666667e6,false,3
5.89,use_lmSR3_cuts,0.033078482770615536,1,false,1.9396666666666664,false,false,6.708333333333334,false,1.529393e6,1.478803e6,false,0
19.198,use_lmSR3_cuts,0.004550670116795108,1,false,3.160333333333333,false,false,6.708333333333334,false,1.485935e6,1.479173e6,false,0
13.884,none,0.0,0,false,3.4202500000000002,true,false,6.708333333333334,false,1.485935e6,1.485935e6,false,0
