CG_time_taken,method,CG_LP_IP_gap,implemented_SR3_cuts_count,errored,CG_sp_time_taken_mean,converged,CGIP_artificial,ngroute_neighborhood_size,time_limit_reached,CGIP_objective,CGLP_objective,CGLP_artificial,cycles_lookup_length
12.337,use_adaptive_ngroute,0.18184332731574226,0,false,0.7651666666666666,false,false,5.0,false,1.788724e6,1.4634564761904762e6,false,21
20.678,use_adaptive_ngroute,0.0863701223971085,0,false,2.809428571428571,false,false,7.125,false,1.636342e6,1.4950109411764706e6,false,9
21.001,use_lmSR3_cuts,0.08181422600534483,5,false,4.1654,false,false,7.833333333333334,false,1.632044e6,1.498519583333333e6,false,0
26.892,use_adaptive_ngroute,0.05533616938413244,0,false,6.632000000000001,false,false,7.833333333333334,false,1.602228e6,1.5135668400000003e6,false,2
21.762,use_lmSR3_cuts,0.05519687810134222,5,false,7.219666666666667,false,false,7.916666666666667,false,1.602228e6,1.5137900163934426e6,false,0
20.006,use_lmSR3_cuts,0.05054360240864597,5,false,6.607333333333334,false,false,7.916666666666667,false,1.602228e6,1.521245625e6,false,0
23.809,use_lmSR3_cuts,0.042774449131323555,5,false,7.86,false,false,7.916666666666667,false,1.593574e6,1.5254097500000002e6,false,0
25.694,use_lmSR3_cuts,0.040941664101303954,5,false,8.498666666666667,false,false,7.916666666666667,false,1.593574e6,1.5283304285714286e6,false,0
37.739,use_lmSR3_cuts,0.03778676107918433,5,false,12.505666666666665,false,false,7.916666666666667,false,1.593574e6,1.533358e6,false,0
63.991,use_adaptive_ngroute,0.03768158868053806,0,false,12.7554,false,false,7.916666666666667,false,1.593574e6,1.5335256000000003e6,false,1
26.247,use_lmSR3_cuts,0.037567338155199304,5,false,13.084,false,false,8.083333333333334,false,1.593574e6,1.5337076666666665e6,false,0
48.594,use_lmSR3_cuts,0.037322186899803045,2,false,16.075666666666667,false,false,8.083333333333334,false,1.593574e6,1.5340983333333333e6,false,0
32.951,use_lmSR3_cuts,0.036893261848613745,5,false,16.447000000000003,false,false,8.083333333333334,false,1.593574e6,1.5347818571428573e6,false,0
45.625,use_lmSR3_cuts,0.03633256127421758,4,false,22.761,false,false,8.083333333333334,false,1.593574e6,1.535675375e6,false,0
77.346,use_lmSR3_cuts,0.036108045252534526,5,false,25.726333333333333,false,false,8.083333333333334,false,1.593574e6,1.5360331578947376e6,false,0
80.926,use_adaptive_ngroute,0.03598436595978616,0,false,26.906666666666666,false,false,8.083333333333334,false,1.593574e6,1.5362302499999998e6,false,5
28.424,use_lmSR3_cuts,0.03596695974254149,5,false,28.322,false,false,8.291666666666666,false,1.593574e6,1.5362579880952393e6,false,0
97.911,use_lmSR3_cuts,0.03571370301688548,5,false,32.562000000000005,false,false,8.291666666666666,false,1.593574e6,1.5366615714285697e6,false,0
99.045,use_adaptive_ngroute,0.03557122376457156,0,false,32.89666666666667,false,false,8.291666666666666,false,1.593574e6,1.5368886226605966e6,false,5
224.331,use_lmSR3_cuts,0.03556986898054604,5,false,56.02649999999999,false,false,8.958333333333332,false,1.593574e6,1.5368907816091953e6,false,0
223.425,use_adaptive_ngroute,0.035244382516822825,0,false,55.79525,false,false,8.958333333333332,false,1.593574e6,1.5374094683751366e6,false,6
137.071,use_adaptive_ngroute,0.03519735893649656,0,false,68.468,false,false,9.541666666666666,false,1.593574e6,1.5374844039301313e6,false,2
230.999,use_lmSR3_cuts,0.03519067126817477,5,false,76.90466666666667,false,false,9.666666666666668,false,1.593574e6,1.5374950612244897e6,false,0
249.494,use_adaptive_ngroute,0.03496787684977842,0,false,83.08566666666665,false,false,9.666666666666668,false,1.593574e6,1.5378501006169913e6,false,1
253.27,use_adaptive_ngroute,0.034951634394839615,0,false,84.35566666666666,false,false,9.791666666666666,false,1.593574e6,1.5378759841708778e6,false,2
197.974,use_lmSR3_cuts,0.034949662754207744,5,false,98.8635,false,false,10.416666666666666,false,1.593574e6,1.5378791261261262e6,false,0
172.351,use_adaptive_ngroute,0.03482068205001887,0,false,86.06200000000001,false,false,10.416666666666666,false,1.593574e6,1.5380846664228232e6,false,2
176.806,use_lmSR3_cuts,0.034810798765753326,5,false,88.311,false,false,10.708333333333334,false,1.593574e6,1.5381004161676634e6,false,0
409.747,use_lmSR3_cuts,0.034546781599835485,5,false,102.3555,false,false,10.708333333333334,false,1.593574e6,1.5385211470588238e6,false,0
333.759,use_lmSR3_cuts,0.03447773459442249,5,false,111.13399999999999,false,false,10.708333333333334,false,1.593574e6,1.5386311785714277e6,false,0
101.078,none,0.034340231306229096,0,false,NaN,false,false,10.708333333333334,true,1.593574e6,1.5388503002364072e6,false,0
