CG_time_taken,method,CG_LP_IP_gap,implemented_SR3_cuts_count,errored,CG_sp_time_taken_mean,converged,CGIP_artificial,ngroute_neighborhood_size,time_limit_reached,CGIP_objective,CGLP_objective,CGLP_artificial,cycles_lookup_length
42.121,use_adaptive_ngroute,0.09010642913567146,0,false,2.1799375000000003,false,false,5.0,false,1.47081e6,1.338280562962963e6,false,21
53.965,use_adaptive_ngroute,0.06141888497092196,0,false,5.856888888888888,false,false,6.25,false,1.47081e6,1.3804744897959183e6,false,17
82.359,use_lmSR3_cuts,0.048664244289103986,5,false,16.425,false,false,9.083333333333334,false,1.47081e6,1.399234142857143e6,false,0
80.899,use_adaptive_ngroute,0.041846675817582946,0,false,26.87233333333333,false,false,9.083333333333334,false,1.47081e6,1.409261490740741e6,false,3
65.76,use_adaptive_ngroute,0.029296909428420115,0,false,32.8445,false,false,9.541666666666666,false,1.452842e6,1.4102782195121953e6,false,2
136.335,use_lmSR3_cuts,0.02926921540989691,5,false,34.05725,false,false,9.875,false,1.452842e6,1.4103184545454546e6,false,0
239.982,use_adaptive_ngroute,0.0024577176502514897,0,false,47.9048,false,false,9.875,false,1.434386e6,1.4308606842105263e6,false,8
115.694,use_lmSR3_cuts,0.000128602831939717,5,false,38.520333333333326,false,false,10.375,false,1.434386e6,1.4342015338983054e6,false,0
248.47,none,0.0,0,false,62.04299999999999,true,false,10.375,false,1.434386e6,1.434386e6,false,0
