CG_time_taken,method,CG_LP_IP_gap,implemented_SR3_cuts_count,errored,CG_sp_time_taken_mean,converged,CGIP_artificial,ngroute_neighborhood_size,time_limit_reached,CGIP_objective,CGLP_objective,CGLP_artificial,cycles_lookup_length
52.808,use_adaptive_ngroute,0.2795121079749885,0,false,2.312866666666667,false,false,5.0,false,1.787213e6,1.287665326969697e6,false,21
28.649,use_adaptive_ngroute,0.1411401975043428,0,false,3.043111111111111,false,false,6.708333333333334,false,1.707481e6,1.4664867944250873e6,false,11
12.373,use_adaptive_ngroute,0.019192230949923728,0,false,3.0102499999999996,false,false,7.75,false,1.516965e6,1.487851057377049e6,false,3
10.906,use_lmSR3_cuts,0.01909947856827887,5,false,3.6066666666666665,false,false,8.125,false,1.516965e6,1.487991759493671e6,false,0
25.426,use_adaptive_ngroute,0.01240282968729367,0,false,6.21175,false,false,8.125,false,1.516965e6,1.4981503414634145e6,false,8
18.941,use_lmSR3_cuts,0.012114979580939544,4,false,9.444,false,false,8.541666666666666,false,1.516965e6,1.498587e6,false,0
36.042,use_lmSR3_cuts,0.0077604377820188475,5,false,8.930749999999998,false,false,8.541666666666666,false,1.516965e6,1.5051926874999998e6,false,0
56.734,use_adaptive_ngroute,0.003869837080886618,0,false,11.2952,false,false,8.541666666666666,false,1.516965e6,1.5110945925925928e6,false,2
58.183,use_adaptive_ngroute,0.0034974325436781806,0,false,19.361333333333334,false,false,8.625,false,1.516965e6,1.5116595172413792e6,false,3
44.348,use_adaptive_ngroute,0.00303584150334546,0,false,22.1445,false,false,8.833333333333332,false,1.516965e6,1.5123597346938776e6,false,2
33.942,use_lmSR3_cuts,0.0030346458257222153,5,false,33.919,false,false,9.041666666666668,false,1.516965e6,1.5123615484949832e6,false,0
133.102,none,0.0,0,false,33.191,true,false,9.041666666666668,false,1.516965e6,1.516965e6,false,0
