CG_time_taken,method,CG_LP_IP_gap,implemented_SR3_cuts_count,errored,CG_sp_time_taken_mean,converged,CGIP_artificial,ngroute_neighborhood_size,time_limit_reached,CGIP_objective,CGLP_objective,CGLP_artificial,cycles_lookup_length
26.094,use_adaptive_ngroute,0.17541887058777417,0,false,1.2828,false,false,5.0,false,1.74463e6,1.4385889758064516e6,false,23
19.568,use_adaptive_ngroute,0.07981079219775988,0,false,2.2918749999999997,false,false,6.208333333333334,false,1.694539e6,1.5592965000000002e6,false,12
14.225,use_adaptive_ngroute,0.03181560148045004,0,false,3.5142499999999997,false,false,7.5,false,1.617698e6,1.566229965116279e6,false,9
12.787,use_adaptive_ngroute,0.029582100865183536,0,false,3.1782500000000002,false,false,8.125,false,1.617698e6,1.5698430945945943e6,false,2
16.809,use_adaptive_ngroute,0.029188846184663664,0,false,5.583333333333333,false,false,8.625,false,1.617698e6,1.570479261904762e6,false,2
11.377,use_lmSR3_cuts,0.02907100089138992,5,false,5.662999999999999,false,false,8.708333333333334,false,1.617698e6,1.5706699000000004e6,false,0
62.675,use_adaptive_ngroute,0.022189594411317848,0,false,15.567,false,false,8.708333333333334,false,1.617698e6,1.5818019375e6,false,1
23.209,use_lmSR3_cuts,0.0219004324133959,5,false,11.578000000000001,false,false,8.75,false,1.617698e6,1.5822697142857143e6,false,0
91.826,use_lmSR3_cuts,0.00648061538546818,5,false,22.90775,false,false,8.75,false,1.60362e6,1.5932275555555555e6,false,0
89.378,use_adaptive_ngroute,0.0006316178396378325,0,false,22.299249999999997,false,false,8.75,false,1.60362e6,1.602607125e6,false,2
38.508,use_adaptive_ngroute,0.00023071112418993067,0,false,19.221,false,false,8.875,false,1.60362e6,1.6032500270270265e6,false,4
42.699,use_lmSR3_cuts,0.00017750600136756667,5,false,21.3195,false,false,9.291666666666666,false,1.60362e6,1.603335347826087e6,false,0
63.545,none,0.0,0,false,31.7385,true,false,9.291666666666666,false,1.60362e6,1.60362e6,false,0
