CG_time_taken,method,CG_LP_IP_gap,implemented_SR3_cuts_count,errored,CG_sp_time_taken_mean,converged,CGIP_artificial,ngroute_neighborhood_size,time_limit_reached,CGIP_objective,CGLP_objective,CGLP_artificial,cycles_lookup_length
62.226,use_adaptive_ngroute,0.1290066732583779,0,false,2.4159411764705885,false,false,5.0,false,1.471545e6,1.2817058750000002e6,false,20
27.677,use_adaptive_ngroute,0.07838312065229791,0,false,3.34275,false,false,6.5,false,1.409242e6,1.2987812142857143e6,false,4
13.031,use_adaptive_ngroute,0.07496831630053602,0,false,3.2282499999999996,false,false,7.541666666666667,false,1.409242e6,1.3035935e6,false,6
23.014,use_adaptive_ngroute,0.07344512747514864,0,false,5.71125,false,false,7.791666666666666,false,1.409242e6,1.3057400416666665e6,false,4
11.819,use_lmSR3_cuts,0.07285697638241784,5,false,5.893999999999999,false,false,8.041666666666666,false,1.409242e6,1.3065688888888888e6,false,0
30.832,use_adaptive_ngroute,0.06611720546019983,0,false,7.6335,false,false,8.041666666666666,false,1.409242e6,1.316066857142857e6,false,1
11.668,use_lmSR3_cuts,0.0658370954030606,5,false,11.645999999999999,false,false,8.083333333333334,false,1.409242e6,1.3164616e6,false,0
93.111,use_lmSR3_cuts,0.063464125473915,5,false,23.241,false,false,8.083333333333334,false,1.409242e6,1.319805688888889e6,false,0
116.548,use_adaptive_ngroute,0.05415573354085057,0,false,29.0715,false,false,8.083333333333334,false,1.409242e6,1.3329234657534247e6,false,3
89.915,use_lmSR3_cuts,0.053553683469553026,5,false,29.926666666666666,false,false,8.375,false,1.409242e6,1.3337719000000001e6,false,0
128.142,use_adaptive_ngroute,0.0501329792895755,0,false,25.5576,false,false,8.375,false,1.409242e6,1.3385925e6,false,6
107.69,use_lmSR3_cuts,0.049971048265663565,5,false,26.66525,false,false,8.625,false,1.409242e6,1.3388206999999997e6,false,0
89.008,use_adaptive_ngroute,0.04785281733016733,0,false,44.4625,false,false,8.625,false,1.409242e6,1.3418058000000003e6,false,1
159.136,use_lmSR3_cuts,0.04782568099257134,5,false,52.99033333333333,false,false,8.666666666666668,false,1.409242e6,1.3418440416666667e6,false,0
195.674,use_lmSR3_cuts,0.022173593686761306,5,false,48.8245,false,false,8.666666666666668,false,1.374593e6,1.3441133333333337e6,false,0
187.365,use_adaptive_ngroute,0.02020181266038057,0,false,46.743249999999996,false,false,8.666666666666668,false,1.374593e6,1.3468237297297295e6,false,5
131.925,use_adaptive_ngroute,0.020058985588076506,0,false,43.93066666666667,false,false,9.25,false,1.374593e6,1.3470200588235292e6,false,1
126.053,use_lmSR3_cuts,0.020056473301463207,5,false,62.989000000000004,false,false,9.458333333333332,false,1.374593e6,1.3470235121951217e6,false,0
221.745,use_lmSR3_cuts,0.019598911325599433,5,false,73.81866666666667,false,false,9.458333333333332,false,1.374593e6,1.3476524736842103e6,false,0
456.783,none,0.0191877401771543,0,false,91.27399999999999,false,false,9.458333333333332,false,1.374593e6,1.3482176666666649e6,false,0
