CG_time_taken,method,CG_LP_IP_gap,implemented_SR3_cuts_count,errored,CG_sp_time_taken_mean,converged,CGIP_artificial,ngroute_neighborhood_size,time_limit_reached,CGIP_objective,CGLP_objective,CGLP_artificial,cycles_lookup_length
77.742,use_adaptive_ngroute,0.205761957478643,0,false,3.027692307692308,false,false,5.0,false,1.323335e6,1.051043e6,false,10
39.172,use_adaptive_ngroute,0.14246921603373297,0,false,4.660571428571429,false,false,5.916666666666667,false,1.323335e6,1.1348005e6,false,10
72.615,use_lmSR3_cuts,0.1392451646786339,2,false,5.805083333333333,false,false,6.333333333333333,false,1.323335e6,1.139067e6,false,0
52.537,use_lmSR3_cuts,0.12976079375214888,2,false,5.084499999999999,false,false,6.333333333333333,false,1.323335e6,1.151618e6,false,0
20.211,none,0.0,0,false,4.9625,true,false,6.333333333333333,false,1.158573e6,1.158573e6,false,0
