CG_time_taken,method,CG_LP_IP_gap,implemented_SR3_cuts_count,errored,CG_sp_time_taken_mean,converged,CGIP_artificial,ngroute_neighborhood_size,time_limit_reached,CGIP_objective,CGLP_objective,CGLP_artificial,cycles_lookup_length
31.864,use_adaptive_ngroute,0.2129074794207355,0,false,1.5432666666666668,false,false,5.0,false,1.549211e6,1.219372390899123e6,false,14
24.918,use_adaptive_ngroute,0.009844795474925894,0,false,2.3711999999999995,false,false,5.583333333333333,false,1.4497e6,1.435428e6,false,1
10.048,use_adaptive_ngroute,0.007524890207169288,0,false,2.4445,false,false,5.625,false,1.4497e6,1.4387911666666667e6,false,2
8.829,use_adaptive_ngroute,0.007423863557977528,0,false,2.16425,false,false,5.708333333333333,false,1.4497e6,1.438937625e6,false,5
11.301,use_lmSR3_cuts,0.006720799377210929,5,false,2.78725,false,false,6.375,false,1.4497e6,1.4399568571428573e6,false,0
21.211,use_adaptive_ngroute,0.002719528178243724,0,false,4.121800000000001,false,false,6.375,false,1.4497e6,1.4457575e6,false,1
17.716,none,0.002591225770849137,0,false,5.8629999999999995,false,false,6.416666666666666,false,1.4497e6,1.4459435e6,false,0
