CG_time_taken,method,CG_LP_IP_gap,implemented_SR3_cuts_count,errored,CG_sp_time_taken_mean,converged,CGIP_artificial,ngroute_neighborhood_size,time_limit_reached,CGIP_objective,CGLP_objective,CGLP_artificial,cycles_lookup_length
21.964,use_adaptive_ngroute,0.17486252762832655,0,false,1.2289166666666667,false,false,5.0,false,1.608643e6,1.327351618968386e6,false,21
20.284,use_adaptive_ngroute,0.08134996080292767,0,false,1.9216999999999997,false,false,6.375,false,1.535044e6,1.4101682307692308e6,false,4
8.953,use_adaptive_ngroute,0.0802931276699349,0,false,2.20475,false,false,7.083333333333333,false,1.535044e6,1.4117905161290325e6,false,4
6.373,use_lmSR3_cuts,0.08021007866875474,4,false,2.1016666666666666,false,false,7.416666666666667,false,1.535044e6,1.411918e6,false,0
13.959,use_adaptive_ngroute,0.03221340025822772,0,false,3.3302500000000004,false,false,7.416666666666667,false,1.469883e6,1.4225330705882355e6,false,2
6.212,use_adaptive_ngroute,0.032204948204961226,0,false,3.0909999999999997,false,false,7.916666666666667,false,1.469883e6,1.422545494117647e6,false,1
7.253,use_lmSR3_cuts,0.031169351574240944,5,false,3.601,false,false,8.166666666666666,false,1.469883e6,1.4240677e6,false,0
25.86,use_lmSR3_cuts,0.004588589937402521,2,false,4.237333333333334,false,false,8.166666666666666,false,1.442709e6,1.436089e6,false,0
23.813,use_lmSR3_cuts,0.00011216643786915448,5,false,5.880749999999999,false,false,8.166666666666666,false,1.442709e6,1.4425471764705882e6,false,0
21.807,none,0.0,0,false,7.167333333333334,true,false,8.166666666666666,false,1.442709e6,1.442709e6,false,0
