CG_time_taken,method,CG_LP_IP_gap,implemented_SR3_cuts_count,errored,CG_sp_time_taken_mean,converged,CGIP_artificial,ngroute_neighborhood_size,time_limit_reached,CGIP_objective,CGLP_objective,CGLP_artificial,cycles_lookup_length
103.682,use_adaptive_ngroute,0.26633628551560196,0,false,4.235666666666668,false,false,5.0,false,1.682981e6,1.2347420918666667e6,false,23
48.548,use_adaptive_ngroute,0.061357482461983026,0,false,4.7303,false,false,7.541666666666667,false,1.549051e6,1.4540051304347827e6,false,13
25.203,use_adaptive_ngroute,0.05607613327293992,0,false,8.352666666666668,false,false,8.666666666666668,false,1.549051e6,1.4621862096774192e6,false,7
42.278,use_lmSR3_cuts,0.05559597456765464,5,false,7.009833333333334,false,false,9.291666666666666,false,1.549051e6,1.46293e6,false,0
72.985,use_adaptive_ngroute,0.04886173345691702,0,false,12.107666666666667,false,false,9.291666666666666,false,1.549051e6,1.4733616829268292e6,false,3
42.365,use_adaptive_ngroute,0.048240259114530115,0,false,14.100333333333332,false,false,10.208333333333334,false,1.549051e6,1.474324378378378e6,false,2
24.713,use_lmSR3_cuts,0.048234311306254773,5,false,12.340000000000002,false,false,10.333333333333334,false,1.549051e6,1.4743335918367347e6,false,0
100.562,use_adaptive_ngroute,0.019219292673849586,0,false,16.673166666666667,false,false,10.333333333333334,false,1.520826e6,1.4915968e6,false,1
22.707,use_lmSR3_cuts,0.01778559808945901,5,false,11.3335,false,false,10.375,false,1.520826e6,1.4937772000000004e6,false,0
46.931,use_adaptive_ngroute,0.01618058471684769,0,false,15.584999999999999,false,false,10.375,false,1.520826e6,1.4962181460674154e6,false,2
31.316,use_lmSR3_cuts,0.015828240706037278,5,false,15.627500000000001,false,false,10.875,false,1.520826e6,1.4967540000000002e6,false,0
53.159,use_adaptive_ngroute,0.012890048456123848,0,false,17.619,false,false,10.875,false,1.520826e6,1.501222479166667e6,false,3
32.032,use_adaptive_ngroute,0.012838271950754265,0,false,15.9795,false,false,11.291666666666668,false,1.520826e6,1.5013012222222222e6,false,3
32.329,use_lmSR3_cuts,0.012821370803809962,5,false,32.301,false,false,11.666666666666666,false,1.520826e6,1.501326925925925e6,false,0
108.669,use_lmSR3_cuts,0.0043641872319248876,5,false,36.122,false,false,11.666666666666666,false,1.511003e6,1.5044086999999997e6,false,0
119.818,use_lmSR3_cuts,0.0010928171552273547,5,false,39.903,false,false,11.666666666666666,false,1.511003e6,1.50935175e6,false,0
224.475,none,0.0,0,false,44.82039999999999,true,false,11.666666666666666,false,1.511003e6,1.511003e6,false,0
