CG_time_taken,method,CG_LP_IP_gap,implemented_SR3_cuts_count,errored,CG_sp_time_taken_mean,converged,CGIP_artificial,ngroute_neighborhood_size,time_limit_reached,CGIP_objective,CGLP_objective,CGLP_artificial,cycles_lookup_length
25.195,use_adaptive_ngroute,0.18327468709394523,0,false,1.0967857142857143,false,false,5.0,false,1.592194e6,1.300385142857143e6,false,13
17.729,use_adaptive_ngroute,0.006951065287267411,0,false,1.6618,false,false,6.208333333333334,false,1.3396e6,1.3302883529411766e6,false,10
8.567,use_lmSR3_cuts,0.0042510824126604785,5,false,1.6876,false,false,6.666666666666666,false,1.3396e6,1.33390525e6,false,0
12.903,none,3.3306690738754696e-16,0,false,3.1165,true,false,6.666666666666666,false,1.3396e6,1.3395999999999995e6,false,0
