CG_time_taken,method,CG_LP_IP_gap,implemented_SR3_cuts_count,errored,CG_sp_time_taken_mean,converged,CGIP_artificial,ngroute_neighborhood_size,time_limit_reached,CGIP_objective,CGLP_objective,CGLP_artificial,cycles_lookup_length
30.191,use_adaptive_ngroute,0.18917091025440858,0,false,1.7674615384615382,false,false,5.0,false,1.465561e6,1.1883194915966387e6,false,15
18.921,use_adaptive_ngroute,0.056575145505074476,0,false,1.967444444444444,false,false,5.958333333333334,false,1.377787e6,1.2998385e6,false,2
14.336,use_lmSR3_cuts,0.05448411111441753,1,false,2.004,false,false,6.083333333333333,false,1.377787e6,1.3027195e6,false,0
23.452,use_adaptive_ngroute,0.04394456472589736,0,false,3.8641666666666663,false,false,6.083333333333333,false,1.377787e6,1.31724075e6,false,5
14.687,use_lmSR3_cuts,0.04251114286896307,5,false,4.855333333333333,false,false,6.666666666666666,false,1.377787e6,1.3192157e6,false,0
15.114,use_adaptive_ngroute,0.03412418403051931,0,false,5.0,false,false,6.666666666666666,false,1.377787e6,1.330771142857143e6,false,6
31.378,use_lmSR3_cuts,0.03249164887502298,5,false,7.80775,false,false,7.541666666666667,false,1.377787e6,1.3330204285714286e6,false,0
63.041,none,0.005416694929088028,0,false,10.4145,false,false,7.541666666666667,false,1.341593e6,1.334326e6,false,0
