CG_time_taken,method,CG_LP_IP_gap,implemented_SR3_cuts_count,errored,CG_sp_time_taken_mean,converged,CGIP_artificial,ngroute_neighborhood_size,time_limit_reached,CGIP_objective,CGLP_objective,CGLP_artificial,cycles_lookup_length
82.024,use_adaptive_ngroute,0.2753366521698193,0,false,4.620142857142857,false,false,5.0,false,1.78036e6,1.2901616379429405e6,false,24
35.463,use_adaptive_ngroute,0.05268864621999203,0,false,3.0618181818181824,false,false,7.625,false,1.581121e6,1.497813875e6,false,5
15.797,use_adaptive_ngroute,0.04690594559793726,0,false,3.1108000000000002,false,false,8.416666666666666,false,1.581121e6,1.506957024390244e6,false,2
12.976,use_lmSR3_cuts,0.031560278692674304,5,false,3.2017499999999997,false,false,8.5,false,1.558675e6,1.5094827826086958e6,false,0
45.756,use_adaptive_ngroute,0.0285040178356617,0,false,6.418285714285714,false,false,8.5,false,1.558675e6,1.5142465e6,false,1
15.064,use_lmSR3_cuts,0.027516106094385928,3,false,3.71925,false,false,8.583333333333332,false,1.558675e6,1.515786333333333e6,false,0
36.813,use_lmSR3_cuts,0.026097935746708045,5,false,9.109250000000001,false,false,8.583333333333332,false,1.558675e6,1.5179967999999998e6,false,0
34.022,use_lmSR3_cuts,0.02433573387652954,3,false,8.394,false,false,8.583333333333332,false,1.558675e6,1.5207435000000002e6,false,0
41.686,none,0.009847552222656986,0,false,10.372250000000001,false,false,8.583333333333332,false,1.536067e6,1.5209405e6,false,0
