CG_time_taken,method,CG_LP_IP_gap,implemented_SR3_cuts_count,errored,CG_sp_time_taken_mean,converged,CGIP_artificial,ngroute_neighborhood_size,time_limit_reached,CGIP_objective,CGLP_objective,CGLP_artificial,cycles_lookup_length
3.174,use_adaptive_ngroute,0.24917146695772685,0,false,0.13399999999999998,false,false,5.0,false,1.544698e6,1.1598033333333333e6,false,9
1.405,use_adaptive_ngroute,0.15586737206260348,0,false,0.147625,false,false,6.05,false,1.441838e6,1.2171025e6,false,9
1.448,use_adaptive_ngroute,0.09395097143802422,0,false,0.23033333333333336,false,false,6.75,false,1.346976e6,1.220426296296296e6,false,9
1.114,use_lmSR3_cuts,0.09251081396687544,5,false,0.36633333333333334,false,false,8.25,false,1.346976e6,1.222366153846154e6,false,0
2.666,use_lmSR3_cuts,0.08861033901123705,2,false,0.5375,false,false,8.25,false,1.346976e6,1.22762e6,false,0
2.816,use_adaptive_ngroute,0.011039982462622278,0,false,0.9060000000000001,false,false,8.25,false,1.25239e6,1.2385636363636365e6,false,4
4.028,use_lmSR3_cuts,0.009263621289428037,5,false,0.999,false,false,8.45,false,1.25239e6,1.2407883333333333e6,false,0
17.504,none,0.0,0,false,1.5614545454545457,true,false,8.45,false,1.24432e6,1.24432e6,false,0
