CG_time_taken,method,CG_LP_IP_gap,implemented_SR3_cuts_count,errored,CG_sp_time_taken_mean,converged,CGIP_artificial,ngroute_neighborhood_size,time_limit_reached,CGIP_objective,CGLP_objective,CGLP_artificial,cycles_lookup_length
51.415,use_adaptive_ngroute,0.10246619737139884,0,false,2.4938125000000007,false,false,5.0,false,1.550487e6,1.391614493036212e6,false,21
23.373,use_adaptive_ngroute,0.00957196420594042,0,false,2.2616,false,false,6.291666666666667,false,1.516937e6,1.5024169333333333e6,false,10
22.692,use_adaptive_ngroute,0.0016430477996121073,0,false,3.742833333333334,false,false,7.375,false,1.516937e6,1.5144445999999999e6,false,3
10.864,use_adaptive_ngroute,0.0012191733017975492,0,false,3.6006666666666667,false,false,7.5,false,1.516937e6,1.515087590909091e6,false,4
8.902,use_lmSR3_cuts,0.0011485425345065803,5,false,4.4285,false,false,7.708333333333333,false,1.516937e6,1.5151947333333332e6,false,0
34.152,none,0.0,0,false,4.8389999999999995,true,false,7.708333333333333,false,1.516937e6,1.516937e6,false,0
