CG_time_taken,method,CG_LP_IP_gap,implemented_SR3_cuts_count,errored,CG_sp_time_taken_mean,converged,CGIP_artificial,ngroute_neighborhood_size,time_limit_reached,CGIP_objective,CGLP_objective,CGLP_artificial,cycles_lookup_length
511.063,use_adaptive_ngroute,0.13563014655382521,0,false,32.09692307692308,false,false,5.0,false,1.368101e6,1.1825452608695652e6,false,14
216.704,use_adaptive_ngroute,0.056011568519813815,0,false,20.2762,false,false,7.458333333333333,false,1.355316e6,1.279402625e6,false,7
101.355,use_lmSR3_cuts,0.04371655761460791,3,false,16.147333333333332,false,false,7.75,false,1.355316e6,1.29606625e6,false,0
230.116,use_lmSR3_cuts,0.021137517779817094,1,false,37.81816666666667,false,false,7.75,false,1.331566e6,1.30342e6,false,0
204.993,use_lmSR3_cuts,0.005687269418315988,1,false,40.4218,false,false,7.75,false,1.314339e6,1.306864e6,false,0
73.528,use_adaptive_ngroute,0.0055979469528029124,0,false,36.6105,false,false,7.75,false,1.314339e6,1.3069814e6,false,1
134.785,use_adaptive_ngroute,0.005538398642460751,0,false,44.690000000000005,false,false,7.791666666666666,false,1.314339e6,1.3070596666666667e6,false,5
192.451,use_lmSR3_cuts,0.005538398642460751,3,false,64.04633333333332,false,false,8.416666666666666,false,1.314339e6,1.3070596666666667e6,false,0
227.915,use_lmSR3_cuts,0.0019300576183161056,5,false,75.70333333333335,false,false,8.416666666666666,false,1.314339e6,1.31180225e6,false,0
380.198,use_adaptive_ngroute,0.001063779334453674,0,false,126.40866666666666,false,false,8.416666666666666,false,1.314339e6,1.3129408333333335e6,false,6
888.044,none,0.0,0,false,295.85133333333334,true,false,8.666666666666668,false,1.314339e6,1.314339e6,false,0
