CG_time_taken,method,CG_LP_IP_gap,implemented_SR3_cuts_count,errored,CG_sp_time_taken_mean,converged,CGIP_artificial,ngroute_neighborhood_size,time_limit_reached,CGIP_objective,CGLP_objective,CGLP_artificial,cycles_lookup_length
277.153,use_adaptive_ngroute,0.24002981152556346,0,false,15.423285714285715,false,false,5.0,false,1.593252e6,1.210824022727273e6,false,24
155.132,use_adaptive_ngroute,0.011582310811917074,0,false,18.40975,false,false,7.291666666666667,false,1.445365e6,1.4286243333333335e6,false,7
107.326,use_lmSR3_cuts,0.011497441822653443,2,false,26.50525,false,false,7.958333333333333,false,1.445365e6,1.4287470000000005e6,false,0
356.647,use_adaptive_ngroute,0.0029240996594964708,0,false,50.716571428571434,false,false,7.958333333333333,false,1.445365e6,1.4411386086956519e6,false,14
133.418,use_lmSR3_cuts,0.0022017506535257914,2,false,44.38999999999999,false,false,9.25,false,1.445365e6,1.4421826666666667e6,false,0
333.205,use_lmSR3_cuts,0.0020641844793529707,1,false,55.412000000000006,false,false,9.25,false,1.445365e6,1.4423815e6,false,0
230.714,none,0.0,0,false,57.58475,true,false,9.25,false,1.445365e6,1.445365e6,false,0
