CG_time_taken,method,CG_LP_IP_gap,implemented_SR3_cuts_count,errored,CG_sp_time_taken_mean,converged,CGIP_artificial,ngroute_neighborhood_size,time_limit_reached,CGIP_objective,CGLP_objective,CGLP_artificial,cycles_lookup_length
454.544,use_adaptive_ngroute,0.32227927329299855,0,false,8.199086956521741,false,false,5.0,false,1.572665e6,1.0658276666666665e6,false,7
67.675,use_adaptive_ngroute,0.11615677549413084,0,false,5.278142857142858,false,false,5.583333333333333,false,1.363657e6,1.205259e6,false,3
45.398,use_adaptive_ngroute,0.10619549879047119,0,false,4.3332500000000005,false,false,5.708333333333333,false,1.363657e6,1.2188427647058824e6,false,13
76.373,use_lmSR3_cuts,0.03526495686014475,2,false,10.471142857142858,false,false,6.541666666666667,false,1.26681e6,1.222136e6,false,0
156.634,use_lmSR3_cuts,0.027761726962475253,5,false,21.463,false,false,6.541666666666667,false,1.26681e6,1.2316411666666667e6,false,0
121.072,use_adaptive_ngroute,0.025852337761779642,0,false,29.921999999999997,false,false,6.541666666666667,false,1.26681e6,1.23406e6,false,10
158.772,use_adaptive_ngroute,0.02572441106122514,0,false,39.434,false,false,8.25,false,1.26681e6,1.2342220588235294e6,false,7
157.189,use_lmSR3_cuts,0.02565436016450806,5,false,78.413,false,false,9.791666666666666,false,1.26681e6,1.2343107999999996e6,false,0
326.05,use_adaptive_ngroute,0.025300558094741965,0,false,107.603,false,false,9.791666666666666,false,1.26681e6,1.234759e6,false,1
1993.638,none,0.01405850760990568,0,false,200.61100000000002,false,false,9.833333333333334,true,1.25345e6,1.2358283636363638e6,false,0
