CG_time_taken,method,CG_LP_IP_gap,implemented_SR3_cuts_count,errored,CG_sp_time_taken_mean,converged,CGIP_artificial,ngroute_neighborhood_size,time_limit_reached,CGIP_objective,CGLP_objective,CGLP_artificial,cycles_lookup_length
261.247,use_adaptive_ngroute,0.2454445829206917,0,false,13.836999999999998,false,false,5.0,false,1.719565e6,1.2975070857699807e6,false,24
94.424,use_adaptive_ngroute,0.01512743779696768,0,false,9.620888888888889,false,false,9.0,false,1.507389e6,1.4845860666666667e6,false,6
24.156,use_adaptive_ngroute,0.014441925740468986,0,false,7.962000000000001,false,false,9.291666666666666,false,1.507389e6,1.4856194000000001e6,false,2
7.481,use_lmSR3_cuts,0.014441925740469208,5,false,7.441,false,false,9.375,false,1.507389e6,1.4856194e6,false,0
57.708,use_lmSR3_cuts,0.012987180703410317,5,false,18.89466666666667,false,false,9.375,false,1.507389e6,1.487812266666667e6,false,0
90.63,use_lmSR3_cuts,0.01004120369725403,1,false,15.024166666666666,false,false,9.375,false,1.507389e6,1.492253e6,false,0
118.682,use_lmSR3_cuts,0.01004120369725403,1,false,19.69983333333333,false,false,9.375,false,1.507389e6,1.492253e6,false,0
18.177,use_lmSR3_cuts,0.009269024120515779,5,false,18.127,false,false,9.375,false,1.507389e6,1.4934169749999999e6,false,0
101.376,use_lmSR3_cuts,0.008725509368918916,5,false,33.63533333333333,false,false,9.375,false,1.507389e6,1.4942362631578946e6,false,0
151.122,use_lmSR3_cuts,0.007897679364782362,5,false,29.9592,false,false,9.375,false,1.507389e6,1.495484125e6,false,0
129.151,use_adaptive_ngroute,0.005455047627307197,0,false,32.1,false,false,9.375,false,1.507389e6,1.499166121212121e6,false,3
62.79,use_adaptive_ngroute,0.005306205716661405,0,false,31.2825,false,false,9.625,false,1.507389e6,1.4993904838709675e6,false,2
67.252,use_lmSR3_cuts,0.005235598331508329,5,false,33.5355,false,false,9.958333333333332,false,1.507389e6,1.499496916666666e6,false,0
65.781,use_lmSR3_cuts,0.004032358822661619,1,false,32.68299999999999,false,false,9.958333333333332,false,1.507389e6,1.501310666666667e6,false,0
109.478,use_lmSR3_cuts,0.0033096964353593883,5,false,36.13233333333333,false,false,9.958333333333332,false,1.507389e6,1.5024e6,false,0
101.741,use_adaptive_ngroute,0.002410668904624935,0,false,50.6835,false,false,9.958333333333332,false,1.507389e6,1.5037551842105263e6,false,6
199.971,use_adaptive_ngroute,0.0020579492088640405,0,false,66.277,false,false,10.541666666666666,false,1.507389e6,1.5042868699999996e6,false,3
180.991,use_adaptive_ngroute,0.0020512289793809257,0,false,60.07533333333333,false,false,10.666666666666668,false,1.507389e6,1.504297e6,false,3
67.428,use_adaptive_ngroute,0.002048515075344759,0,false,67.294,false,false,11.125,false,1.507389e6,1.504301090909091e6,false,1
166.54,use_adaptive_ngroute,0.0019878428069676213,0,false,83.16399999999999,false,false,11.291666666666668,false,1.507389e6,1.5043925476190478e6,false,1
247.539,use_lmSR3_cuts,0.0019472080531304226,5,false,82.40800000000002,false,false,11.333333333333334,false,1.507389e6,1.5044537999999998e6,false,0
870.263,use_adaptive_ngroute,0.0013699184483898508,0,false,123.63085714285714,false,false,11.333333333333334,false,1.507389e6,1.505324e6,false,2
182.085,use_lmSR3_cuts,5.998521458761008e-5,5,false,90.8655,false,false,11.416666666666666,false,1.507389e6,1.507298578947368e6,false,0
151.574,none,0.0,0,false,72.718,true,false,11.416666666666666,true,1.507389e6,1.507389e6,false,0
