CG_time_taken,method,CG_LP_IP_gap,implemented_SR3_cuts_count,errored,CG_sp_time_taken_mean,converged,CGIP_artificial,ngroute_neighborhood_size,time_limit_reached,CGIP_objective,CGLP_objective,CGLP_artificial,cycles_lookup_length
166.027,use_adaptive_ngroute,0.2732681507697239,0,false,9.231499999999999,false,false,5.0,false,1.716525e6,1.2474533874999997e6,false,24
116.996,use_adaptive_ngroute,0.02924688038979939,0,false,13.917375,false,false,8.625,false,1.48042e6,1.4371223333333333e6,false,4
65.748,use_lmSR3_cuts,0.027437821699247467,5,false,16.376250000000002,false,false,9.166666666666668,false,1.48042e6,1.4398005e6,false,0
87.829,use_adaptive_ngroute,0.020038760499170527,0,false,21.864,false,false,9.166666666666668,false,1.48042e6,1.450754218181818e6,false,5
84.459,use_lmSR3_cuts,0.019291533097750335,5,false,28.112999999999996,false,false,10.0,false,1.48042e6,1.4518604285714284e6,false,0
177.276,use_adaptive_ngroute,0.013265228050749811,0,false,44.2115,false,false,10.0,false,1.48042e6,1.460781891089109e6,false,3
179.663,use_adaptive_ngroute,0.012951898785480087,0,false,59.82766666666667,false,false,10.458333333333334,false,1.48042e6,1.4612457499999995e6,false,6
319.896,use_lmSR3_cuts,0.012776386370386694,5,false,106.57000000000001,false,false,11.041666666666666,false,1.48042e6,1.4615055820895522e6,false,0
784.116,use_adaptive_ngroute,0.009697754691236238,0,false,156.65519999999998,false,false,11.041666666666666,false,1.48042e6,1.46606325e6,false,3
155.832,use_lmSR3_cuts,0.009697754691236238,5,false,155.78199999999998,false,false,11.625,false,1.48042e6,1.46606325e6,false,0
834.532,use_lmSR3_cuts,0.008626324511512573,5,false,208.418,false,false,11.625,false,1.48042e6,1.4676494166666665e6,false,0
579.306,none,0.008031954895682647,0,false,212.163,false,false,11.625,true,1.48042e6,1.4685293333333335e6,false,0
