CG_time_taken,method,CG_LP_IP_gap,implemented_SR3_cuts_count,errored,CG_sp_time_taken_mean,converged,CGIP_artificial,ngroute_neighborhood_size,time_limit_reached,CGIP_objective,CGLP_objective,CGLP_artificial,cycles_lookup_length
748.553,use_adaptive_ngroute,0.3001363086841631,0,false,32.4559375,false,false,5.0,false,1.669495e6,1.168418933333333e6,false,19
219.107,use_adaptive_ngroute,0.047662383043237,0,false,21.2297,false,false,6.541666666666667,false,1.492895e6,1.4217400666666667e6,false,6
146.777,use_adaptive_ngroute,0.020026190723393178,0,false,14.464099999999998,false,false,7.0,false,1.492895e6,1.462998e6,false,8
51.032,use_lmSR3_cuts,0.01893167302455967,1,false,12.715250000000001,false,false,7.333333333333334,false,1.492895e6,1.464632e6,false,0
116.369,use_lmSR3_cuts,0.01678014863737909,1,false,19.334666666666664,false,false,7.333333333333334,false,1.492895e6,1.467844e6,false,0
102.002,none,0.015476641022978854,0,false,25.434,false,false,7.333333333333334,false,1.492895e6,1.46979e6,false,0
