CG_time_taken,method,CG_LP_IP_gap,implemented_SR3_cuts_count,errored,CG_sp_time_taken_mean,converged,CGIP_artificial,ngroute_neighborhood_size,time_limit_reached,CGIP_objective,CGLP_objective,CGLP_artificial,cycles_lookup_length
81.366,use_adaptive_ngroute,0.07321366193408319,0,false,6.4131,false,false,5.0,false,1.544273e6,1.4312111186440676e6,false,17
68.482,use_adaptive_ngroute,0.05321910914283501,0,false,8.27425,false,false,7.041666666666667,false,1.544273e6,1.4620881666666667e6,false,3
48.622,use_adaptive_ngroute,0.05165286513459744,0,false,9.433399999999999,false,false,7.208333333333333,false,1.544273e6,1.4645068749999998e6,false,5
60.125,use_lmSR3_cuts,0.051309256847720586,5,false,11.940199999999999,false,false,7.666666666666667,false,1.544273e6,1.4650375e6,false,0
173.018,none,0.0,0,false,34.134600000000006,true,false,7.666666666666667,false,1.473432e6,1.473432e6,false,0
