CG_time_taken,method,CG_LP_IP_gap,implemented_SR3_cuts_count,errored,CG_sp_time_taken_mean,converged,CGIP_artificial,ngroute_neighborhood_size,time_limit_reached,CGIP_objective,CGLP_objective,CGLP_artificial,cycles_lookup_length
165.734,use_adaptive_ngroute,0.17034846161121153,0,false,9.482916666666664,false,false,5.0,false,1.579366e6,1.3103234315789472e6,false,24
290.762,use_adaptive_ngroute,0.06918473387994084,0,false,35.64912499999999,false,false,8.958333333333332,false,1.481136e6,1.378664e6,false,12
340.622,use_adaptive_ngroute,0.06134291293414518,0,false,84.97649999999999,false,false,9.791666666666666,false,1.475262e6,1.3847651315789472e6,false,11
348.494,use_lmSR3_cuts,0.05979406014789568,5,false,87.03425,false,false,10.791666666666668,false,1.475262e6,1.3870500952380951e6,false,0
617.588,use_lmSR3_cuts,0.04991392112798321,5,false,123.39739999999999,false,false,10.791666666666668,false,1.475262e6,1.4016258888888892e6,false,0
727.027,use_adaptive_ngroute,0.04677682111154924,0,false,145.267,false,false,10.791666666666668,false,1.475262e6,1.4062539333333336e6,false,2
308.326,use_lmSR3_cuts,0.04673258038233208,5,false,154.125,false,false,10.958333333333334,false,1.475262e6,1.4063192e6,false,0
611.361,none,0.0,0,false,152.62900000000002,true,false,10.958333333333334,false,1.408755e6,1.408755e6,false,0
