CG_time_taken,method,CG_LP_IP_gap,implemented_SR3_cuts_count,errored,CG_sp_time_taken_mean,converged,CGIP_artificial,ngroute_neighborhood_size,time_limit_reached,CGIP_objective,CGLP_objective,CGLP_artificial,cycles_lookup_length
373.618,use_adaptive_ngroute,0.3191331231277561,0,false,25.587153846153846,false,false,5.0,false,1.929299e6,1.3135957846827433e6,false,24
407.157,use_adaptive_ngroute,0.0720965568532641,0,false,40.4084,false,false,7.458333333333333,false,1.619778e6,1.5029975833333335e6,false,12
419.98,use_adaptive_ngroute,0.06424909257112199,0,false,104.89175,false,false,8.458333333333334,false,1.619778e6,1.5157087333333332e6,false,8
350.506,use_adaptive_ngroute,0.056130377125754305,0,false,116.79,false,false,9.416666666666666,false,1.619778e6,1.52885925e6,false,2
254.498,use_adaptive_ngroute,0.05584291926144924,0,false,127.195,false,false,9.666666666666668,false,1.619778e6,1.5293248679245282e6,false,6
273.427,use_lmSR3_cuts,0.05568454442522364,5,false,136.67499999999998,false,false,9.916666666666666,false,1.619778e6,1.5295814000000001e6,false,0
1052.775,use_lmSR3_cuts,0.05458125342702125,5,false,210.4514,false,false,9.916666666666666,false,1.619778e6,1.5313684864864864e6,false,0
432.75,none,0.024605664596296872,0,false,359.76,false,false,9.916666666666666,true,1.574437e6,1.5356969312500001e6,false,0
