CG_time_taken,method,CG_LP_IP_gap,implemented_SR3_cuts_count,errored,CG_sp_time_taken_mean,converged,CGIP_artificial,ngroute_neighborhood_size,time_limit_reached,CGIP_objective,CGLP_objective,CGLP_artificial,cycles_lookup_length
5.916,use_adaptive_ngroute,0.3490198422872759,0,false,0.25143750000000004,false,false,5.0,false,1.73875e6,1.131891749222999e6,false,19
6.073,use_adaptive_ngroute,0.06987404902158412,0,false,0.5313636363636363,false,false,6.8500000000000005,false,1.33941e6,1.24582e6,false,5
2.048,use_lmSR3_cuts,0.06471879409590786,5,false,0.502,false,false,7.550000000000001,false,1.33941e6,1.252725e6,false,0
5.305,use_adaptive_ngroute,0.05223528873541805,0,false,1.1705,false,false,7.550000000000001,false,1.33941e6,1.2694455319148938e6,false,5
3.928,use_adaptive_ngroute,0.04926422827961563,0,false,1.3019999999999998,false,false,8.35,false,1.33941e6,1.273425e6,false,2
4.738,use_lmSR3_cuts,0.045110092571288285,5,false,1.5693333333333332,false,false,8.45,false,1.33941e6,1.2789890909090908e6,false,0
10.428,use_adaptive_ngroute,0.036010077619635594,0,false,2.0032,false,false,8.45,false,1.33941e6,1.2911777419354839e6,false,1
4.88,use_adaptive_ngroute,0.035674756049305256,0,false,2.432,false,false,8.65,false,1.33941e6,1.291626875e6,false,2
5.01,use_lmSR3_cuts,0.035670047395359394,5,false,2.4964999999999997,false,false,9.15,false,1.33941e6,1.2916331818181816e6,false,0
9.284,use_adaptive_ngroute,0.03431790863141215,0,false,3.013333333333333,false,false,9.15,false,1.33941e6,1.2934442500000002e6,false,3
11.001,use_lmSR3_cuts,0.0340814985702661,5,false,3.6526666666666667,false,false,9.700000000000001,false,1.33941e6,1.2937609e6,false,0
20.574,use_lmSR3_cuts,0.03151536870711735,5,false,5.083000000000001,false,false,9.700000000000001,false,1.33941e6,1.297198e6,false,0
33.274,use_adaptive_ngroute,0.023854827513560384,0,false,6.5816,false,false,9.700000000000001,false,1.33941e6,1.307458605480062e6,false,1
16.431,use_lmSR3_cuts,0.023854341877478147,5,false,8.19,false,false,10.05,false,1.33941e6,1.307459255945887e6,false,0
35.089,use_adaptive_ngroute,0.020070412814527594,0,false,8.7085,false,false,10.05,false,1.33941e6,1.3125274883720935e6,false,4
22.136,use_adaptive_ngroute,0.020056664121686607,0,false,11.044,false,false,10.85,false,1.33941e6,1.3125459035087717e6,false,2
12.381,use_lmSR3_cuts,0.020054091537519136,5,false,12.364,false,false,11.100000000000001,false,1.33941e6,1.3125493492537315e6,false,0
36.589,use_adaptive_ngroute,0.017151939331695232,0,false,12.164,false,false,11.100000000000001,false,1.33941e6,1.316436520939734e6,false,1
14.171,use_lmSR3_cuts,0.0171234196690373,5,false,14.152,false,false,11.350000000000001,false,1.33941e6,1.3164747204610948e6,false,0
64.24,use_adaptive_ngroute,0.013726841872958806,0,false,16.007,false,false,11.350000000000001,false,1.33941e6,1.3210241307269402e6,false,4
85.572,use_lmSR3_cuts,0.010818690275816722,5,false,21.36575,false,false,12.2,false,1.33636e6,1.3219023350630095e6,false,0
106.829,use_lmSR3_cuts,0.007555211572134235,5,false,26.66825,false,false,12.2,false,1.33636e6,1.3262635174634627e6,false,0
152.346,use_lmSR3_cuts,0.0013220440374569487,5,false,30.407399999999996,false,false,12.2,false,1.3305e6,1.3287410204081635e6,false,0
148.413,use_lmSR3_cuts,0.00071299546100001,5,false,37.0655,false,false,12.2,false,1.3305e6,1.3295513595391396e6,false,0
188.971,use_lmSR3_cuts,0.00027458348991526993,5,false,37.7434,false,false,12.2,false,1.3305e6,1.3301346666666677e6,false,0
164.31,none,2.7755575615628914e-15,0,false,41.0425,true,false,12.2,false,1.3305e6,1.3304999999999963e6,false,0
