CG_time_taken,method,CG_LP_IP_gap,implemented_SR3_cuts_count,errored,CG_sp_time_taken_mean,converged,CGIP_artificial,ngroute_neighborhood_size,time_limit_reached,CGIP_objective,CGLP_objective,CGLP_artificial,cycles_lookup_length
157.624,use_adaptive_ngroute,0.2813776618735758,0,false,8.175384615384615,false,false,5.0,false,1.887243e6,1.356214977272727e6,false,24
176.983,use_adaptive_ngroute,0.04613289064141379,0,false,24.86957142857143,false,false,8.875,false,1.606617e6,1.5324991136363638e6,false,16
217.06,use_adaptive_ngroute,0.03859929407648599,0,false,36.078333333333326,false,false,11.25,false,1.606617e6,1.5446027179487182e6,false,2
70.174,use_lmSR3_cuts,0.038431374745816926,5,false,35.045500000000004,false,false,11.416666666666666,false,1.606617e6,1.5448724999999998e6,false,0
151.816,use_adaptive_ngroute,0.031190383271184063,0,false,50.30733333333333,false,false,11.416666666666666,false,1.606617e6,1.556506e6,false,1
170.057,use_lmSR3_cuts,0.030959493194036347,5,false,56.64366666666667,false,false,11.458333333333334,false,1.606617e6,1.556876951923077e6,false,0
184.71,use_lmSR3_cuts,0.027951403476995318,5,false,61.491,false,false,11.458333333333334,false,1.606617e6,1.5617098000000003e6,false,0
575.52,use_adaptive_ngroute,0.013986594593316193,0,false,114.98239999999998,false,false,11.458333333333334,false,1.594751e6,1.5724458642857145e6,false,1
336.676,use_lmSR3_cuts,0.013693072036061071,5,false,168.232,false,false,11.5,false,1.594751e6,1.5729139596774196e6,false,0
596.574,use_lmSR3_cuts,0.01098948989528803,5,false,149.05925,false,false,11.5,false,1.594751e6,1.5772254999999995e6,false,0
680.128,use_adaptive_ngroute,0.010195067570359484,0,false,169.91475,false,false,11.5,false,1.594751e6,1.5784924057971016e6,false,3
227.862,none,0.009885422603089444,0,false,180.043,false,false,11.666666666666666,true,1.594751e6,1.5789862124183006e6,false,0
