CG_time_taken,method,CG_LP_IP_gap,implemented_SR3_cuts_count,errored,CG_sp_time_taken_mean,converged,CGIP_artificial,ngroute_neighborhood_size,time_limit_reached,CGIP_objective,CGLP_objective,CGLP_artificial,cycles_lookup_length
155.044,use_adaptive_ngroute,0.04371822944885273,0,false,5.2618125000000004,false,false,5.0,false,1.332602e6,1.274343e6,false,9
36.843,use_adaptive_ngroute,0.033857821014826595,0,false,5.083000000000001,false,false,5.666666666666667,false,1.332602e6,1.287483e6,false,6
36.203,use_adaptive_ngroute,0.03160470336161192,0,false,5.869333333333333,false,false,6.666666666666666,false,1.332602e6,1.2904855090909093e6,false,12
86.938,use_adaptive_ngroute,0.028951971065220072,0,false,12.103571428571428,false,false,8.5,false,1.332602e6,1.2940205454545456e6,false,3
57.48,use_lmSR3_cuts,0.028951971065220183,5,false,14.25725,false,false,8.75,false,1.332602e6,1.2940205454545454e6,false,0
80.061,use_adaptive_ngroute,0.016524888901562784,0,false,19.610500000000002,false,false,8.75,false,1.332602e6,1.3105808999999997e6,false,6
222.947,use_lmSR3_cuts,0.016165366703637107,5,false,55.56900000000001,false,false,9.375,false,1.332602e6,1.3110599999999998e6,false,0
387.387,use_lmSR3_cuts,0.004312427866684843,5,false,55.18214285714285,false,false,9.375,false,1.332602e6,1.32685525e6,false,0
230.336,use_adaptive_ngroute,0.001816296238486892,0,false,57.382000000000005,false,false,9.375,false,1.332602e6,1.3301815999999999e6,false,2
152.314,use_adaptive_ngroute,0.0013942647542179998,0,false,76.081,false,false,9.583333333333334,false,1.332602e6,1.3307439999999995e6,false,5
81.794,use_adaptive_ngroute,0.00025880862319638265,0,false,81.743,false,false,10.375,false,1.332602e6,1.3322571111111112e6,false,1
170.083,none,0.0,0,false,56.620333333333335,true,false,10.416666666666666,false,1.332602e6,1.332602e6,false,0
