CG_time_taken,method,CG_LP_IP_gap,implemented_SR3_cuts_count,errored,CG_sp_time_taken_mean,converged,CGIP_artificial,ngroute_neighborhood_size,time_limit_reached,CGIP_objective,CGLP_objective,CGLP_artificial,cycles_lookup_length
175.337,use_adaptive_ngroute,0.313254925895628,0,false,11.104692307692309,false,false,5.0,false,1.771177e6,1.2163470801169593e6,false,23
107.182,use_adaptive_ngroute,0.026111505846234784,0,false,13.146124999999998,false,false,7.833333333333334,false,1.497488e6,1.4583863333333335e6,false,4
77.091,use_adaptive_ngroute,0.02412974260895584,0,false,15.384200000000002,false,false,8.0,false,1.497488e6,1.461354e6,false,4
73.996,use_adaptive_ngroute,0.022657944504396843,0,false,18.40575,false,false,8.166666666666666,false,1.497488e6,1.4635579999999998e6,false,4
70.518,use_lmSR3_cuts,0.022634405083713505,5,false,17.593500000000002,false,false,8.791666666666666,false,1.497488e6,1.46359325e6,false,0
224.936,use_adaptive_ngroute,0.006249861046827676,0,false,37.23083333333334,false,false,8.791666666666666,false,1.484313e6,1.47503625e6,false,12
110.987,use_adaptive_ngroute,0.0046982453610973085,0,false,36.91566666666667,false,false,9.583333333333334,false,1.484313e6,1.4773393333333335e6,false,1
100.368,use_lmSR3_cuts,0.0044860259707126815,4,false,50.1375,false,false,9.625,false,1.484313e6,1.4776543333333335e6,false,0
189.661,use_adaptive_ngroute,0.0018090299462895088,0,false,63.12633333333335,false,false,9.625,false,1.484313e6,1.4816278333333333e6,false,2
305.03,none,0.0,0,false,76.22425,true,false,9.708333333333334,false,1.482024e6,1.482024e6,false,0
