CG_time_taken,method,CG_LP_IP_gap,implemented_SR3_cuts_count,errored,CG_sp_time_taken_mean,converged,CGIP_artificial,ngroute_neighborhood_size,time_limit_reached,CGIP_objective,CGLP_objective,CGLP_artificial,cycles_lookup_length
157.023,use_adaptive_ngroute,0.20607846165194932,0,false,11.8168,false,false,5.0,false,1.569128e6,1.245764515625e6,false,24
150.999,use_adaptive_ngroute,0.07215451202189671,0,false,16.03088888888889,false,false,8.125,false,1.482079e6,1.3751403129770993e6,false,10
101.695,use_lmSR3_cuts,0.061506497721352194,5,false,25.35375,false,false,9.375,false,1.482079e6,1.390921511363636e6,false,0
111.177,use_adaptive_ngroute,0.012288040404842104,0,false,36.955000000000005,false,false,9.375,false,1.411118e6,1.393778125e6,false,2
79.18,use_adaptive_ngroute,0.012236780930205304,0,false,39.5555,false,false,9.458333333333332,false,1.411118e6,1.3938504581673306e6,false,3
136.665,use_lmSR3_cuts,0.012144164741974661,5,false,45.50666666666667,false,false,9.916666666666666,false,1.411118e6,1.3939811505376343e6,false,0
396.218,use_adaptive_ngroute,0.005999947086872348,0,false,65.69616666666667,false,false,9.916666666666666,false,1.411118e6,1.402651366666667e6,false,9
208.651,use_lmSR3_cuts,0.005374816280423023,1,false,69.45366666666666,false,false,11.041666666666666,false,1.411118e6,1.403533500000002e6,false,0
261.682,none,0.004136082170307476,0,false,65.2685,false,false,11.041666666666666,false,1.411118e6,1.4052815e6,false,0
