CG_time_taken,method,CG_LP_IP_gap,implemented_SR3_cuts_count,errored,CG_sp_time_taken_mean,converged,CGIP_artificial,ngroute_neighborhood_size,time_limit_reached,CGIP_objective,CGLP_objective,CGLP_artificial,cycles_lookup_length
857.332,use_adaptive_ngroute,0.3578351816581349,0,false,47.62842857142857,false,false,5.0,false,1.954128e6,1.2548722521367522e6,false,24
570.436,use_adaptive_ngroute,0.05534302110258338,0,false,56.3454,false,false,8.416666666666666,false,1.560662e6,1.47429025e6,false,3
327.491,use_adaptive_ngroute,0.047887851437402706,0,false,54.327666666666666,false,false,8.583333333333332,false,1.560662e6,1.4859252500000002e6,false,1
173.847,use_lmSR3_cuts,0.04783199907048019,5,false,86.886,false,false,8.708333333333334,false,1.560662e6,1.4860124166666663e6,false,0
587.807,use_lmSR3_cuts,0.00958131561876685,5,false,97.6735,false,false,8.708333333333334,false,1.524621e6,1.510013125e6,false,0
527.585,use_adaptive_ngroute,0.00857985212539536,0,false,175.75,false,false,8.708333333333334,false,1.524621e6,1.5115399772727275e6,false,3
341.667,use_adaptive_ngroute,0.008559373116335145,0,false,113.82466666666667,false,false,9.5,false,1.524621e6,1.5115712e6,false,2
181.042,none,0.008471285650663352,0,false,96.75,false,false,9.583333333333334,true,1.524621e6,1.5117055e6,false,0
