CG_time_taken,method,CG_LP_IP_gap,implemented_SR3_cuts_count,errored,CG_sp_time_taken_mean,converged,CGIP_artificial,ngroute_neighborhood_size,time_limit_reached,CGIP_objective,CGLP_objective,CGLP_artificial,cycles_lookup_length
164.413,use_adaptive_ngroute,0.18573141713566932,0,false,10.616384615384616,false,false,5.0,false,1.607489e6,1.30892779e6,false,23
201.236,use_adaptive_ngroute,0.060618365548973374,0,false,21.896666666666665,false,false,8.541666666666666,false,1.429053e6,1.342426142857143e6,false,5
206.786,use_lmSR3_cuts,0.05878718284066442,5,false,41.233599999999996,false,false,8.75,false,1.429053e6,1.345043e6,false,0
466.128,use_adaptive_ngroute,0.03142910977175761,0,false,66.38357142857141,false,false,8.75,false,1.395817e6,1.3519477142857146e6,false,6
353.233,use_adaptive_ngroute,0.03076925556860244,0,false,70.52120000000001,false,false,9.0,false,1.395817e6,1.35286875e6,false,8
457.394,use_lmSR3_cuts,0.0031141912248233705,5,false,91.39500000000001,false,false,9.333333333333334,false,1.359349e6,1.3551157272727275e6,false,0
352.881,use_lmSR3_cuts,0.00013315197201013707,5,false,117.513,false,false,9.333333333333334,false,1.359349e6,1.359168e6,false,0
397.93,none,0.0,0,false,132.34833333333336,true,false,9.333333333333334,false,1.359349e6,1.359349e6,false,0
