CG_time_taken,method,CG_LP_IP_gap,implemented_SR3_cuts_count,errored,CG_sp_time_taken_mean,converged,CGIP_artificial,ngroute_neighborhood_size,time_limit_reached,CGIP_objective,CGLP_objective,CGLP_artificial,cycles_lookup_length
145.956,use_adaptive_ngroute,0.15573250087474833,0,false,9.180230769230768,false,false,5.0,false,1.390395e6,1.1738653094462543e6,false,21
412.978,use_adaptive_ngroute,0.0630533211684513,0,false,27.300066666666662,false,false,8.333333333333332,false,1.349239e6,1.264165e6,false,5
387.383,use_lmSR3_cuts,0.0630533211684513,1,false,55.22985714285714,false,false,8.708333333333334,false,1.349239e6,1.264165e6,false,0
529.516,use_lmSR3_cuts,0.051165508853509456,1,false,88.02583333333332,false,false,8.708333333333334,false,1.349239e6,1.2802044999999998e6,false,0
696.475,use_lmSR3_cuts,0.04578173325852575,1,false,115.93566666666666,false,false,8.708333333333334,false,1.349239e6,1.2874685e6,false,0
286.624,use_lmSR3_cuts,0.04578173325852575,1,false,95.46333333333332,false,false,8.708333333333334,false,1.349239e6,1.2874685e6,false,0
205.75,use_adaptive_ngroute,0.04578173325852575,0,false,102.83500000000001,false,false,8.708333333333334,false,1.349239e6,1.2874685e6,false,5
195.088,use_lmSR3_cuts,0.04578173325852575,1,false,97.4855,false,false,9.083333333333334,false,1.349239e6,1.2874685e6,false,0
375.997,use_lmSR3_cuts,0.04190812994090265,5,false,125.29066666666665,false,false,9.083333333333334,false,1.349239e6,1.2926949166666665e6,false,0
355.888,none,0.04190812994090265,0,false,160.3575,false,false,9.083333333333334,true,1.349239e6,1.2926949166666665e6,false,0
