CG_time_taken,method,CG_LP_IP_gap,implemented_SR3_cuts_count,errored,CG_sp_time_taken_mean,converged,CGIP_artificial,ngroute_neighborhood_size,time_limit_reached,CGIP_objective,CGLP_objective,CGLP_artificial,cycles_lookup_length
1.933,use_adaptive_ngroute,0.1875898964859367,0,false,0.10318181818181818,false,false,5.0,false,1.40052e6,1.1377965981735159e6,false,20
2.853,use_adaptive_ngroute,0.04025464048426686,0,false,0.21541666666666662,false,false,7.0,false,1.313656e6,1.26077525e6,false,8
1.143,use_lmSR3_cuts,0.03829465248131936,1,false,0.27125000000000005,false,false,7.8500000000000005,false,1.313656e6,1.26335e6,false,0
2.67,use_lmSR3_cuts,0.03826420310948986,1,false,0.4730000000000001,false,false,7.8500000000000005,false,1.313656e6,1.26339e6,false,0
0.84,use_lmSR3_cuts,0.03826420310948986,1,false,0.412,false,false,7.8500000000000005,false,1.313656e6,1.26339e6,false,0
1.583,use_adaptive_ngroute,0.037591462300632705,0,false,0.38925,false,false,7.8500000000000005,false,1.313656e6,1.26427375e6,false,2
0.413,use_lmSR3_cuts,0.03639442137058713,5,false,0.404,false,false,8.149999999999999,false,1.313656e6,1.26584625e6,false,0
1.943,use_lmSR3_cuts,0.032992655611514765,5,false,0.5443333333333334,false,false,8.149999999999999,false,1.313656e6,1.270315e6,false,0
4.942,use_lmSR3_cuts,0.028430959094313923,5,false,0.7728333333333334,false,false,8.149999999999999,false,1.313656e6,1.2763075e6,false,0
2.877,use_lmSR3_cuts,0.027169213249130686,1,false,0.8993333333333333,false,false,8.149999999999999,false,1.313656e6,1.277965e6,false,0
3.213,use_lmSR3_cuts,0.027169213249130686,1,false,0.794,false,false,8.149999999999999,false,1.313656e6,1.277965e6,false,0
2.154,use_adaptive_ngroute,0.025596312885564965,0,false,0.7096666666666667,false,false,8.149999999999999,false,1.313656e6,1.2800312500000002e6,false,5
0.788,use_adaptive_ngroute,0.02540010474583909,0,false,0.777,false,false,8.65,false,1.313656e6,1.280289e6,false,2
3.927,use_adaptive_ngroute,0.019768204198969408,0,false,0.956,false,false,8.85,false,1.30794e6,1.282084375e6,false,1
2.856,use_adaptive_ngroute,0.013533513826371024,0,false,0.9423333333333334,false,false,8.9,false,1.30081e6,1.2832054698795183e6,false,2
1.252,use_lmSR3_cuts,0.013447390472090426,2,false,1.24,false,false,9.0,false,1.30081e6,1.2833175e6,false,0
2.069,use_adaptive_ngroute,0.013031709302494643,0,false,0.9894999999999999,false,false,9.0,false,1.30081e6,1.283858222222222e6,false,4
2.026,use_lmSR3_cuts,0.011470163254516552,5,false,0.9979999999999999,false,false,9.2,false,1.29879e6,1.2838926666666665e6,false,0
2.043,use_adaptive_ngroute,0.010530955735723269,0,false,0.9759999999999999,false,false,9.2,false,1.29879e6,1.2851125e6,false,1
3.158,none,0.01003626452313311,0,false,1.044,false,false,9.25,false,1.29879e6,1.285755e6,false,0
