CG_time_taken,method,CG_LP_IP_gap,implemented_SR3_cuts_count,errored,CG_sp_time_taken_mean,converged,CGIP_artificial,ngroute_neighborhood_size,time_limit_reached,CGIP_objective,CGLP_objective,CGLP_artificial,cycles_lookup_length
253.0,use_adaptive_ngroute,0.24504225259284018,0,false,13.532,false,false,5.0,false,1.684157e6,1.271467375e6,false,15
330.057,use_adaptive_ngroute,0.02681583546721933,0,false,27.01491666666666,false,false,6.125,false,1.47618e6,1.4365950000000002e6,false,18
298.227,use_lmSR3_cuts,0.021807638634854798,1,false,24.536499999999997,false,false,7.625,false,1.47618e6,1.443988e6,false,0
226.244,use_adaptive_ngroute,0.00967073798588236,0,false,32.15299999999999,false,false,7.625,false,1.47618e6,1.4619042500000002e6,false,5
163.17,use_lmSR3_cuts,0.006874839111761455,3,false,40.7115,false,false,7.958333333333333,false,1.47618e6,1.4660315e6,false,0
364.966,use_adaptive_ngroute,0.0025803086344483583,0,false,72.78920000000001,false,false,7.958333333333333,false,1.47618e6,1.472371e6,false,1
362.134,use_lmSR3_cuts,0.0015242721077376453,5,false,90.435,false,false,8.0,false,1.47618e6,1.4739299e6,false,0
479.195,none,0.0,0,false,79.77333333333334,true,false,8.0,false,1.47618e6,1.47618e6,false,0
