CG_time_taken,method,CG_LP_IP_gap,implemented_SR3_cuts_count,errored,CG_sp_time_taken_mean,converged,CGIP_artificial,ngroute_neighborhood_size,time_limit_reached,CGIP_objective,CGLP_objective,CGLP_artificial,cycles_lookup_length
461.939,use_adaptive_ngroute,0.09896996098659272,0,false,21.0852,false,false,5.0,false,1.407267e6,1.2679898399122807e6,false,12
120.83,use_adaptive_ngroute,0.05107681516757945,0,false,10.676363636363636,false,false,5.583333333333333,false,1.402887e6,1.331232e6,false,5
39.818,use_adaptive_ngroute,0.04596735161135568,0,false,9.8915,false,false,6.208333333333334,false,1.402887e6,1.3384e6,false,6
83.336,use_adaptive_ngroute,0.04507508445085007,0,false,13.787,false,false,7.666666666666667,false,1.402887e6,1.3396517500000002e6,false,5
104.856,use_lmSR3_cuts,0.04301255197318099,5,false,26.136,false,false,7.875,false,1.402887e6,1.34254525e6,false,0
420.272,use_lmSR3_cuts,0.03573817777198007,5,false,69.58466666666666,false,false,7.875,false,1.402887e6,1.3527503750000002e6,false,0
286.025,use_adaptive_ngroute,0.026570762846742646,0,false,71.29075,false,false,7.875,false,1.402887e6,1.3656112222222218e6,false,1
416.565,use_adaptive_ngroute,0.016370638486191913,0,false,104.01499999999999,false,false,7.916666666666667,false,1.402887e6,1.3799208440860217e6,false,6
188.314,use_lmSR3_cuts,0.015888703477582644,5,false,94.0815,false,false,8.458333333333334,false,1.402887e6,1.3805969444444445e6,false,0
1369.025,use_adaptive_ngroute,0.007535635558167164,0,false,170.983,false,false,8.458333333333334,false,1.402887e6,1.3923153548387096e6,false,6
81.745,none,0.006395605989648279,0,false,NaN,false,false,9.041666666666668,true,1.402887e6,1.3939146875000002e6,false,0
