CG_time_taken,method,CG_LP_IP_gap,implemented_SR3_cuts_count,errored,CG_sp_time_taken_mean,converged,CGIP_artificial,ngroute_neighborhood_size,time_limit_reached,CGIP_objective,CGLP_objective,CGLP_artificial,cycles_lookup_length
103.963,use_adaptive_ngroute,0.23144826638523397,0,false,7.651,false,false,5.0,false,1.768255e6,1.358995445722978e6,false,24
71.439,use_adaptive_ngroute,0.02524027223868275,0,false,7.695777777777778,false,false,6.666666666666666,false,1.550845e6,1.51170125e6,false,6
37.954,use_adaptive_ngroute,0.023782375271402034,0,false,9.454250000000002,false,false,6.916666666666666,false,1.550845e6,1.5139622222222225e6,false,2
21.063,use_lmSR3_cuts,0.022989402551512272,5,false,6.984333333333333,false,false,7.208333333333333,false,1.550845e6,1.515192e6,false,0
55.756,use_adaptive_ngroute,0.017341030212561503,0,false,9.245666666666668,false,false,7.208333333333333,false,1.550845e6,1.52395175e6,false,11
51.708,use_adaptive_ngroute,0.01287491657773665,0,false,12.883,false,false,8.333333333333332,false,1.550845e6,1.530878e6,false,2
73.649,use_adaptive_ngroute,0.012578089149248628,0,false,14.699,false,false,8.416666666666666,false,1.550845e6,1.5313383333333335e6,false,2
35.861,use_adaptive_ngroute,0.011836527214272863,0,false,11.928,false,false,8.875,false,1.550845e6,1.532488380952381e6,false,2
24.603,use_lmSR3_cuts,0.01096676328066315,5,false,12.232,false,false,9.0,false,1.550845e6,1.53383725e6,false,0
42.181,use_lmSR3_cuts,0.008176187820188363,2,false,14.009,false,false,9.0,false,1.550845e6,1.538165e6,false,0
86.602,use_adaptive_ngroute,0.0071354188016393705,0,false,21.61325,false,false,9.0,false,1.550845e6,1.5397790714285716e6,false,5
57.662,use_lmSR3_cuts,0.007095567255270496,5,false,28.8075,false,false,9.208333333333334,false,1.550845e6,1.539840875e6,false,0
93.918,use_lmSR3_cuts,0.0027662338918460483,1,false,31.26666666666667,false,false,9.208333333333334,false,1.550845e6,1.546555e6,false,0
54.176,use_lmSR3_cuts,0.0018545131847478302,5,false,27.0615,false,false,9.208333333333334,false,1.550845e6,1.5479689374999998e6,false,0
163.191,use_adaptive_ngroute,0.0015707565875379137,0,false,32.59140000000001,false,false,9.208333333333334,false,1.550845e6,1.5484089999999998e6,false,4
31.254,use_lmSR3_cuts,0.0014297581855912123,5,false,31.220000000000002,false,false,9.375,false,1.550845e6,1.5486276666666667e6,false,0
99.072,none,9.672146474981602e-5,0,false,32.98466666666666,false,false,9.375,false,1.550845e6,1.550695e6,false,0
