CG_time_taken,method,CG_LP_IP_gap,implemented_SR3_cuts_count,errored,CG_sp_time_taken_mean,converged,CGIP_artificial,ngroute_neighborhood_size,time_limit_reached,CGIP_objective,CGLP_objective,CGLP_artificial,cycles_lookup_length
99.637,use_adaptive_ngroute,0.3219355583579341,0,false,3.2950714285714287,false,false,5.0,false,1.666838e6,1.1302235777777778e6,false,15
150.636,use_adaptive_ngroute,0.13256628102987822,0,false,11.823583333333332,false,false,6.541666666666667,false,1.421372e6,1.232946e6,false,2
37.007,use_adaptive_ngroute,0.12411652262743322,0,false,5.951666666666667,false,false,6.625,false,1.421372e6,1.24495625e6,false,1
22.832,use_lmSR3_cuts,0.0052586349099925656,4,false,5.589,false,false,6.666666666666666,false,1.25286e6,1.2462716666666667e6,false,0
61.614,none,0.0,0,false,10.0335,true,false,6.666666666666666,false,1.25286e6,1.25286e6,false,0
