CG_time_taken,method,CG_LP_IP_gap,implemented_SR3_cuts_count,errored,CG_sp_time_taken_mean,converged,CGIP_artificial,ngroute_neighborhood_size,time_limit_reached,CGIP_objective,CGLP_objective,CGLP_artificial,cycles_lookup_length
58.044,use_adaptive_ngroute,0.15713970799872035,0,false,3.832111111111111,false,false,5.0,false,1.623471e6,1.3683592411156094e6,false,18
20.355,use_adaptive_ngroute,0.06445566248230761,0,false,2.637428571428572,false,false,7.333333333333334,false,1.61793e6,1.51364525e6,false,9
22.412,use_lmSR3_cuts,0.061968224830493246,3,false,4.4504,false,false,8.25,false,1.61793e6,1.51766975e6,false,0
23.885,use_lmSR3_cuts,0.02596617700369963,5,false,5.9085,false,false,8.25,false,1.562231e6,1.5216658333333333e6,false,0
32.356,use_adaptive_ngroute,0.004606563557565613,0,false,6.428599999999999,false,false,8.25,false,1.534358e6,1.5272898823529407e6,false,2
19.534,use_adaptive_ngroute,0.0034093520981846037,0,false,6.4719999999999995,false,false,8.375,false,1.534358e6,1.5291268333333337e6,false,4
16.522,use_adaptive_ngroute,0.003069873989176908,0,false,8.226,false,false,8.791666666666666,false,1.534358e6,1.5296477142857146e6,false,2
9.768,use_lmSR3_cuts,0.0029937714936016935,5,false,9.737,false,false,9.208333333333334,false,1.534358e6,1.5297644827586203e6,false,0
56.464,use_lmSR3_cuts,0.0003843627106581149,3,false,11.2204,false,false,9.208333333333334,false,1.534358e6,1.53376825e6,false,0
40.888,none,0.0,0,false,10.182250000000002,true,false,9.208333333333334,false,1.534358e6,1.534358e6,false,0
