CG_time_taken,method,CG_LP_IP_gap,implemented_SR3_cuts_count,errored,CG_sp_time_taken_mean,converged,CGIP_artificial,ngroute_neighborhood_size,time_limit_reached,CGIP_objective,CGLP_objective,CGLP_artificial,cycles_lookup_length
55.625,use_adaptive_ngroute,0.2550680415752261,0,false,3.640166666666667,false,false,5.0,false,1.794883e6,1.3370657083333335e6,false,17
38.113,use_adaptive_ngroute,0.031154155712988185,0,false,3.9443333333333332,false,false,6.25,false,1.493084e6,1.4465682285714287e6,false,3
14.486,use_lmSR3_cuts,0.029964071010070592,5,false,4.781666666666666,false,false,6.875,false,1.493084e6,1.4483451249999998e6,false,0
44.984,use_adaptive_ngroute,0.01681904701945791,0,false,7.428499999999999,false,false,6.875,false,1.493084e6,1.4679717499999998e6,false,3
30.19,use_adaptive_ngroute,0.016318383554645544,0,false,10.010666666666667,false,false,8.0,false,1.493084e6,1.4687192826086956e6,false,5
71.837,use_adaptive_ngroute,0.01571697764971225,0,false,23.906000000000006,false,false,8.333333333333332,false,1.493084e6,1.469617232142857e6,false,3
61.67,use_lmSR3_cuts,0.015463547261908572,5,false,30.794500000000003,false,false,8.458333333333334,false,1.493084e6,1.4699956250000005e6,false,0
158.325,use_adaptive_ngroute,0.007412883838033735,0,false,39.4005,false,false,8.458333333333334,false,1.493084e6,1.4820159417475732e6,false,8
215.402,use_lmSR3_cuts,0.00570697964749467,5,false,53.79325000000001,false,false,8.958333333333332,false,1.493084e6,1.484563e6,false,0
167.902,use_lmSR3_cuts,0.005064384672354816,5,false,55.88966666666666,false,false,8.958333333333332,false,1.493084e6,1.4855224482758618e6,false,0
181.354,none,0.0036642278666170203,0,false,60.36666666666667,false,false,8.958333333333332,false,1.493084e6,1.487613e6,false,0
