CG_time_taken,method,CG_LP_IP_gap,implemented_SR3_cuts_count,errored,CG_sp_time_taken_mean,converged,CGIP_artificial,ngroute_neighborhood_size,time_limit_reached,CGIP_objective,CGLP_objective,CGLP_artificial,cycles_lookup_length
173.201,use_adaptive_ngroute,0.31690193777601294,0,false,13.128727272727271,false,false,5.0,false,1.797854e6,1.228110583561644e6,false,18
120.643,use_adaptive_ngroute,0.10143918661339957,0,false,9.045307692307693,false,false,6.458333333333334,false,1.613255e6,1.449607725e6,false,2
58.688,use_adaptive_ngroute,0.07427220123291112,0,false,6.355222222222222,false,false,6.541666666666667,false,1.613255e6,1.493435e6,false,8
35.893,use_lmSR3_cuts,0.0712683363758364,1,false,7.123800000000001,false,false,6.875,false,1.613255e6,1.498281e6,false,0
39.89,use_lmSR3_cuts,0.06959272906041902,1,false,7.926200000000001,false,false,6.875,false,1.611016e6,1.498901e6,false,0
84.083,use_lmSR3_cuts,0.030989171408491334,1,false,13.926833333333333,false,false,6.875,false,1.549509e6,1.501491e6,false,0
28.89,use_lmSR3_cuts,0.023697829441455376,1,false,9.599,false,false,6.875,false,1.549509e6,1.512789e6,false,0
8.222,use_adaptive_ngroute,0.02357746873364397,0,false,8.198,false,false,6.875,false,1.549509e6,1.5129755e6,false,3
69.244,use_lmSR3_cuts,0.02165653765160447,1,false,17.2785,false,false,7.0,false,1.549509e6,1.515952e6,false,0
29.195,use_lmSR3_cuts,0.0216262054625046,1,false,14.540000000000001,false,false,7.0,false,1.549509e6,1.515999e6,false,0
72.337,none,0.0,0,false,17.991,true,false,7.0,false,1.518241e6,1.518241e6,false,0
