CG_time_taken,method,CG_LP_IP_gap,implemented_SR3_cuts_count,errored,CG_sp_time_taken_mean,converged,CGIP_artificial,ngroute_neighborhood_size,time_limit_reached,CGIP_objective,CGLP_objective,CGLP_artificial,cycles_lookup_length
52.402,use_adaptive_ngroute,0.1396258316445238,0,false,3.1035714285714286,false,false,5.0,false,1.77615e6,1.528153579124579e6,false,16
26.172,use_adaptive_ngroute,0.08573967425119355,0,false,5.1332,false,false,6.333333333333333,false,1.691321e6,1.5463076884057971e6,false,6
24.275,use_adaptive_ngroute,0.08538134826371391,0,false,8.058333333333334,false,false,6.958333333333333,false,1.691321e6,1.5469137326732671e6,false,4
62.14,use_lmSR3_cuts,0.08323769802814895,5,false,10.322833333333334,false,false,7.416666666666667,false,1.691321e6,1.550539333333333e6,false,0
94.477,use_lmSR3_cuts,0.055245472954401964,5,false,18.7934,false,false,7.416666666666667,false,1.662729e6,1.5708707500000002e6,false,0
58.262,use_lmSR3_cuts,0.05297200827051374,5,false,19.357666666666667,false,false,7.416666666666667,false,1.662729e6,1.574650905660377e6,false,0
58.46,use_lmSR3_cuts,0.04607724727981932,5,false,14.528999999999998,false,false,7.416666666666667,false,1.656688e6,1.5803523773584906e6,false,0
76.594,use_adaptive_ngroute,0.04466735740223837,0,false,25.494333333333337,false,false,7.416666666666667,false,1.656688e6,1.5826881250000005e6,false,1
81.919,use_adaptive_ngroute,0.04440732417997906,0,false,27.279333333333334,false,false,7.458333333333333,false,1.656688e6,1.5831189189189188e6,false,1
56.441,use_lmSR3_cuts,0.04437488128925493,5,false,28.1845,false,false,7.625,false,1.656688e6,1.5831726666666667e6,false,0
122.687,use_adaptive_ngroute,0.043822268337162185,0,false,40.785333333333334,false,false,7.625,false,1.656688e6,1.5840881739130435e6,false,2
80.6,use_lmSR3_cuts,0.04378485800416787,5,false,40.2795,false,false,7.875,false,1.656688e6,1.584150151162791e6,false,0
103.778,use_lmSR3_cuts,0.043313117152156355,5,false,34.51933333333333,false,false,7.875,false,1.656688e6,1.5849316785714284e6,false,0
133.5,use_lmSR3_cuts,0.04225921995728377,5,false,44.462999999999994,false,false,7.875,false,1.656688e6,1.5866776574074074e6,false,0
168.362,use_adaptive_ngroute,0.04161133846689402,0,false,42.030750000000005,false,false,7.875,false,1.656688e6,1.5877509948979584e6,false,3
84.957,use_adaptive_ngroute,0.04160999076957117,0,false,42.4415,false,false,8.333333333333332,false,1.656688e6,1.5877532276119406e6,false,1
89.311,use_lmSR3_cuts,0.04157943438957734,5,false,44.609,false,false,8.375,false,1.656688e6,1.5878038499999999e6,false,0
90.852,use_lmSR3_cuts,0.041355940904769795,5,false,45.36,false,false,8.375,false,1.656688e6,1.5881741089743588e6,false,0
174.527,use_adaptive_ngroute,0.040722825702043663,0,false,58.052,false,false,8.375,false,1.656688e6,1.5892229833333327e6,false,9
135.746,use_lmSR3_cuts,0.040647208125781153,5,false,67.701,false,false,8.75,false,1.656688e6,1.589348258064516e6,false,0
153.764,use_lmSR3_cuts,0.04014664572702642,5,false,76.75800000000001,false,false,8.75,false,1.656688e6,1.5901775337837841e6,false,0
360.642,use_lmSR3_cuts,0.0399882838167227,5,false,90.06225,false,false,8.75,false,1.656688e6,1.5904398900602413e6,false,0
286.732,use_adaptive_ngroute,0.03964772545760442,0,false,95.495,false,false,8.75,false,1.656688e6,1.5910040890070922e6,false,6
417.033,use_lmSR3_cuts,0.039621130859168296,5,false,138.92666666666668,false,false,9.583333333333334,false,1.656688e6,1.5910481479591862e6,false,0
386.614,use_lmSR3_cuts,0.039394650608645665,5,false,128.81300000000002,false,false,9.583333333333334,false,1.656688e6,1.591423355072464e6,false,0
158.106,none,0.039062198252291847,0,false,142.24200000000002,false,false,9.583333333333334,true,1.656688e6,1.5919741249018072e6,false,0
