CG_time_taken,method,CG_LP_IP_gap,implemented_SR3_cuts_count,errored,CG_sp_time_taken_mean,converged,CGIP_artificial,ngroute_neighborhood_size,time_limit_reached,CGIP_objective,CGLP_objective,CGLP_artificial,cycles_lookup_length
117.382,use_adaptive_ngroute,0.16263581221027879,0,false,6.2983125,false,false,5.0,false,1.594353e6,1.3350541048951054e6,false,21
116.895,use_adaptive_ngroute,0.08065474650633575,0,false,14.260250000000001,false,false,6.75,false,1.51251e6,1.3905188893617021e6,false,9
101.182,use_adaptive_ngroute,0.05680530151030494,0,false,25.202,false,false,8.25,false,1.489236e6,1.4046394999999995e6,false,1
82.201,use_adaptive_ngroute,0.0564134123909068,0,false,27.361666666666668,false,false,8.291666666666666,false,1.489236e6,1.4052231153846155e6,false,6
96.677,use_lmSR3_cuts,0.05640831943358848,5,false,32.187666666666665,false,false,8.708333333333334,false,1.489236e6,1.4052307000000004e6,false,0
158.602,use_lmSR3_cuts,0.05089488838572265,5,false,39.604,false,false,8.708333333333334,false,1.489236e6,1.4134415e6,false,0
249.947,none,0.0,0,false,49.8928,true,false,8.708333333333334,false,1.423401e6,1.423401e6,false,0
