CG_time_taken,method,CG_LP_IP_gap,implemented_SR3_cuts_count,errored,CG_sp_time_taken_mean,converged,CGIP_artificial,ngroute_neighborhood_size,time_limit_reached,CGIP_objective,CGLP_objective,CGLP_artificial,cycles_lookup_length
147.581,use_adaptive_ngroute,0.2948775811265244,0,false,9.63985714285714,false,false,5.0,false,1.891331e6,1.3336198896103895e6,false,21
98.8,use_adaptive_ngroute,0.07033509795387072,0,false,12.201,false,false,6.791666666666667,false,1.65811e6,1.5414866707317075e6,false,12
45.461,use_adaptive_ngroute,0.05652684518682549,0,false,9.052800000000001,false,false,7.833333333333334,false,1.65811e6,1.5643822727272727e6,false,3
45.247,use_lmSR3_cuts,0.05324139587186072,5,false,15.056,false,false,8.125,false,1.65811e6,1.569829909090909e6,false,0
63.873,use_adaptive_ngroute,0.044321697595455345,0,false,15.891,false,false,8.125,false,1.65811e6,1.5846197499999995e6,false,2
64.052,use_adaptive_ngroute,0.04395458592104162,0,false,21.328333333333337,false,false,8.208333333333334,false,1.65811e6,1.5852284615384617e6,false,3
49.542,use_lmSR3_cuts,0.04392677721708971,5,false,24.755000000000003,false,false,8.333333333333332,false,1.65811e6,1.5852745714285714e6,false,0
126.668,use_adaptive_ngroute,0.017580264651405497,0,false,25.294399999999996,false,false,8.333333333333332,false,1.617524e6,1.5890875e6,false,2
52.454,use_lmSR3_cuts,0.016971000121172808,2,false,26.198500000000003,false,false,8.541666666666666,false,1.617524e6,1.590073e6,false,0
138.777,use_adaptive_ngroute,0.015967800168652957,0,false,46.233666666666664,false,false,8.541666666666666,false,1.617524e6,1.5916956999999997e6,false,3
37.227,use_lmSR3_cuts,0.01568840007094996,5,false,37.206,false,false,8.708333333333334,false,1.617524e6,1.5921476363636367e6,false,0
81.173,none,0.0,0,false,27.014333333333333,true,false,8.708333333333334,false,1.596792e6,1.596792e6,false,0
