CG_time_taken,method,CG_LP_IP_gap,implemented_SR3_cuts_count,errored,CG_sp_time_taken_mean,converged,CGIP_artificial,ngroute_neighborhood_size,time_limit_reached,CGIP_objective,CGLP_objective,CGLP_artificial,cycles_lookup_length
2.498,use_adaptive_ngroute,0.35301017624363296,0,false,0.12072727272727272,false,false,5.0,false,1.781162e6,1.1523936884615382e6,false,19
4.54,use_adaptive_ngroute,0.030660775323855027,0,false,0.38818181818181813,false,false,7.0,false,1.38282e6,1.3404216666666667e6,false,10
1.673,use_adaptive_ngroute,0.0261078809968035,0,false,0.40874999999999995,false,false,7.6499999999999995,false,1.38282e6,1.3467175000000002e6,false,8
1.713,use_adaptive_ngroute,0.014212287924032285,0,false,0.5633333333333334,false,false,8.45,false,1.371814e6,1.3523173844537816e6,false,4
1.461,use_lmSR3_cuts,0.013668851033828977,5,false,0.48133333333333334,false,false,8.7,false,1.371814e6,1.353062878787879e6,false,0
4.846,use_adaptive_ngroute,0.005012605439834061,0,false,0.8656,false,false,8.7,false,1.371814e6,1.3649376376811594e6,false,5
2.101,use_lmSR3_cuts,0.004137076892348435,5,false,1.0439999999999998,false,false,9.549999999999999,false,1.371814e6,1.3661387e6,false,0
4.173,use_lmSR3_cuts,0.0020257848367198905,1,false,1.287,false,false,9.549999999999999,false,1.371814e6,1.369035e6,false,0
3.72,none,0.0,0,false,1.2109999999999999,true,false,9.549999999999999,false,1.371814e6,1.371814e6,false,0
