CG_time_taken,method,CG_LP_IP_gap,implemented_SR3_cuts_count,errored,CG_sp_time_taken_mean,converged,CGIP_artificial,ngroute_neighborhood_size,time_limit_reached,CGIP_objective,CGLP_objective,CGLP_artificial,cycles_lookup_length
66.119,use_adaptive_ngroute,0.21421216492237516,0,false,3.130533333333333,false,false,5.0,false,1.85867e6,1.4605202754237289e6,false,21
25.644,use_adaptive_ngroute,0.10505328384987511,0,false,3.8914999999999997,false,false,6.541666666666667,false,1.765169e6,1.5797321999999997e6,false,2
12.147,use_adaptive_ngroute,0.10054051481756143,0,false,2.8775,false,false,6.708333333333334,false,1.765169e6,1.587698e6,false,4
8.115,use_lmSR3_cuts,0.09894425595131873,3,false,2.666666666666666,false,false,6.958333333333333,false,1.765169e6,1.5905156666666667e6,false,0
30.215,use_adaptive_ngroute,0.031059796581489607,0,false,4.1690000000000005,false,false,6.958333333333333,false,1.645278e6,1.594176e6,false,2
12.787,use_lmSR3_cuts,0.02985240184333593,2,false,6.3595,false,false,7.458333333333333,false,1.645278e6,1.5961625e6,false,0
17.89,use_lmSR3_cuts,0.026691841743462175,2,false,4.43725,false,false,7.458333333333333,false,1.645278e6,1.6013625e6,false,0
5.232,use_adaptive_ngroute,0.025948687302587148,0,false,5.195,false,false,7.458333333333333,false,1.645278e6,1.602585195652174e6,false,11
49.837,use_adaptive_ngroute,0.024712690849414187,0,false,16.577,false,false,8.666666666666668,false,1.645278e6,1.6046187534246575e6,false,1
30.626,use_lmSR3_cuts,0.024647177153850452,5,false,15.289,false,false,8.75,false,1.645278e6,1.6047265416666672e6,false,0
111.977,use_adaptive_ngroute,0.0007891834968386524,0,false,22.3288,false,false,8.75,false,1.615686e6,1.6144109272727268e6,false,1
76.617,use_lmSR3_cuts,0.0005772161174882884,5,false,25.513999999999996,false,false,8.833333333333332,false,1.615686e6,1.6147534e6,false,0
103.909,none,0.0,0,false,34.556333333333335,true,false,8.833333333333332,false,1.615686e6,1.615686e6,false,0
