CG_time_taken,method,CG_LP_IP_gap,implemented_SR3_cuts_count,errored,CG_sp_time_taken_mean,converged,CGIP_artificial,ngroute_neighborhood_size,time_limit_reached,CGIP_objective,CGLP_objective,CGLP_artificial,cycles_lookup_length
49.531,use_adaptive_ngroute,0.11463466256467225,0,false,2.14425,false,false,5.0,false,1.4781e6,1.308658505263158e6,false,20
26.189,use_adaptive_ngroute,0.06959028397503508,0,false,5.1286000000000005,false,false,6.333333333333333,false,1.429844e6,1.33034075e6,false,3
19.484,use_adaptive_ngroute,0.06743969971549346,0,false,6.439,false,false,7.208333333333333,false,1.429844e6,1.33341575e6,false,1
11.78,use_adaptive_ngroute,0.06641021677889336,0,false,5.8545,false,false,7.333333333333334,false,1.429844e6,1.33488775e6,false,4
28.494,use_lmSR3_cuts,0.06512633546037194,5,false,9.399000000000001,false,false,7.625,false,1.429844e6,1.3367235e6,false,0
30.932,use_adaptive_ngroute,0.05847273471014247,0,false,10.274,false,false,7.625,false,1.429844e6,1.346237111111111e6,false,2
36.957,use_adaptive_ngroute,0.05808435046060978,0,false,9.206,false,false,7.791666666666666,false,1.429844e6,1.34679244e6,false,4
16.724,use_lmSR3_cuts,0.05795512259639901,5,false,16.701,false,false,7.958333333333333,false,1.429844e6,1.3469772156862745e6,false,0
98.585,use_lmSR3_cuts,0.031138611907299274,5,false,24.5675,false,false,7.958333333333333,false,1.401818e6,1.3581673333333335e6,false,0
53.011,use_lmSR3_cuts,0.028085790499670193,5,false,17.594,false,false,7.958333333333333,false,1.401818e6,1.3624468333333333e6,false,0
78.951,use_adaptive_ngroute,0.02317521487428209,0,false,19.625999999999998,false,false,7.958333333333333,false,1.397096e6,1.364718e6,false,2
146.439,use_lmSR3_cuts,0.02317521487428209,5,false,29.1252,false,false,8.291666666666666,false,1.397096e6,1.364718e6,false,0
91.176,none,0.022505253754931953,0,false,30.289333333333335,false,false,8.291666666666666,false,1.397096e6,1.3656539999999995e6,false,0
