CG_time_taken,method,CG_LP_IP_gap,implemented_SR3_cuts_count,errored,CG_sp_time_taken_mean,converged,CGIP_artificial,ngroute_neighborhood_size,time_limit_reached,CGIP_objective,CGLP_objective,CGLP_artificial,cycles_lookup_length
429.055,use_adaptive_ngroute,0.2632595997116891,0,false,26.504999999999995,false,false,5.0,false,1.517806e6,1.118229e6,false,8
209.892,use_adaptive_ngroute,0.19810827734790193,0,false,16.315916666666666,false,false,5.583333333333333,false,1.498753e6,1.201837625e6,false,8
173.618,use_lmSR3_cuts,0.19769368268153586,2,false,18.80788888888889,false,false,5.916666666666667,false,1.498753e6,1.202459e6,false,0
510.095,use_adaptive_ngroute,0.10989370101766294,0,false,45.74227272727272,false,false,5.916666666666667,false,1.36784e6,1.217523e6,false,1
183.579,use_lmSR3_cuts,0.1087985436893204,2,false,36.299,false,false,5.958333333333334,false,1.36784e6,1.219021e6,false,0
353.908,use_lmSR3_cuts,0.010653394782415337,2,false,50.428714285714285,false,false,5.958333333333334,false,1.240919e6,1.227699e6,false,0
314.939,use_adaptive_ngroute,0.0013616459315171081,0,false,62.817800000000005,false,false,5.958333333333334,false,1.240919e6,1.2392293076923077e6,false,13
838.046,use_lmSR3_cuts,8.35402364430804e-5,3,false,167.499,false,false,7.166666666666666,false,1.240919e6,1.2408153333333333e6,false,0
567.4,none,0.0,0,false,164.26266666666666,true,false,7.166666666666666,true,1.240919e6,1.240919e6,false,0
