CG_time_taken,method,CG_LP_IP_gap,implemented_SR3_cuts_count,errored,CG_sp_time_taken_mean,converged,CGIP_artificial,ngroute_neighborhood_size,time_limit_reached,CGIP_objective,CGLP_objective,CGLP_artificial,cycles_lookup_length
71.358,use_adaptive_ngroute,0.22452789881625912,0,false,4.91025,false,false,5.0,false,1.630565e6,1.2644576666666665e6,false,15
48.198,use_adaptive_ngroute,0.06793488259411262,0,false,6.638285714285714,false,false,5.625,false,1.612554e6,1.5030053333333333e6,false,4
48.395,use_lmSR3_cuts,0.06741727718885693,3,false,7.963166666666666,false,false,5.874999999999999,false,1.612554e6,1.50384e6,false,0
124.858,use_adaptive_ngroute,0.021172054082426506,0,false,17.73442857142857,false,false,5.874999999999999,false,1.541277e6,1.508645e6,false,6
109.036,none,0.0,0,false,21.7502,true,false,6.458333333333334,false,1.517727e6,1.517727e6,false,0
