CG_time_taken,method,CG_LP_IP_gap,implemented_SR3_cuts_count,errored,CG_sp_time_taken_mean,converged,CGIP_artificial,ngroute_neighborhood_size,time_limit_reached,CGIP_objective,CGLP_objective,CGLP_artificial,cycles_lookup_length
77.406,use_adaptive_ngroute,0.19870539853597213,0,false,5.425583333333334,false,false,5.0,false,1.692181e6,1.3559355000000002e6,false,15
38.91,use_adaptive_ngroute,0.05342430542430554,0,false,4.219555555555555,false,false,5.666666666666667,false,1.53439e6,1.4524162799999998e6,false,5
13.725,use_adaptive_ngroute,0.05013734324079133,0,false,4.524333333333333,false,false,6.583333333333333,false,1.53439e6,1.4574597619047621e6,false,2
17.122,use_lmSR3_cuts,0.04953206160102708,4,false,4.2655,false,false,6.666666666666666,false,1.53439e6,1.4583885e6,false,0
44.358,use_adaptive_ngroute,0.0422189708396602,0,false,8.7094,false,false,6.666666666666666,false,1.53439e6,1.4696096333333338e6,false,2
20.569,use_adaptive_ngroute,0.04165204889867946,0,false,10.234,false,false,7.416666666666667,false,1.53439e6,1.4704795126903553e6,false,4
24.978,use_lmSR3_cuts,0.04157721743928633,5,false,12.4715,false,false,7.958333333333333,false,1.53439e6,1.4705943333333335e6,false,0
46.214,use_lmSR3_cuts,0.040611171214619546,5,false,11.45375,false,false,7.958333333333333,false,1.53439e6,1.472076625e6,false,0
70.814,use_adaptive_ngroute,0.03701032114825198,0,false,17.603249999999996,false,false,7.958333333333333,false,1.53439e6,1.4776017333333336e6,false,2
60.101,none,0.0,0,false,20.009666666666664,true,false,8.041666666666666,false,1.481656e6,1.481656e6,false,0
