CG_time_taken,method,CG_LP_IP_gap,implemented_SR3_cuts_count,errored,CG_sp_time_taken_mean,converged,CGIP_artificial,ngroute_neighborhood_size,time_limit_reached,CGIP_objective,CGLP_objective,CGLP_artificial,cycles_lookup_length
296.722,use_adaptive_ngroute,0.24813915355404348,0,false,20.282363636363634,false,false,5.0,false,1.739476e6,1.3078438977324266e6,false,22
149.877,use_adaptive_ngroute,0.045011852933692476,0,false,14.720500000000001,false,false,7.291666666666667,false,1.577195e6,1.506202530612245e6,false,7
128.747,use_adaptive_ngroute,0.03812907368778118,0,false,21.401333333333337,false,false,7.791666666666666,false,1.577195e6,1.517058015625e6,false,11
50.016,use_lmSR3_cuts,0.037706656437536235,5,false,24.974,false,false,9.208333333333334,false,1.577195e6,1.51772425e6,false,0
95.39,use_adaptive_ngroute,0.02126644777982234,0,false,47.627,false,false,9.208333333333334,false,1.559177e6,1.52601884375e6,false,3
120.715,use_adaptive_ngroute,0.01935063910548429,0,false,40.20633333333333,false,false,9.416666666666666,false,1.559177e6,1.5290059285714284e6,false,1
86.944,use_lmSR3_cuts,0.01934605793404387,5,false,43.43849999999999,false,false,9.583333333333334,false,1.559177e6,1.5290130714285714e6,false,0
411.461,use_adaptive_ngroute,0.007182855923349329,0,false,58.67071428571428,false,false,9.583333333333334,false,1.559177e6,1.54797765625e6,false,1
158.466,use_lmSR3_cuts,0.0053878949074939175,5,false,52.74966666666667,false,false,9.625,false,1.559177e6,1.5507763181818184e6,false,0
325.257,none,0.0,0,false,81.24199999999999,true,false,9.625,false,1.556165e6,1.556165e6,false,0
