CG_time_taken,method,CG_LP_IP_gap,implemented_SR3_cuts_count,errored,CG_sp_time_taken_mean,converged,CGIP_artificial,ngroute_neighborhood_size,time_limit_reached,CGIP_objective,CGLP_objective,CGLP_artificial,cycles_lookup_length
111.939,use_adaptive_ngroute,0.14033253949747204,0,false,7.4477692307692305,false,false,5.0,false,1.591009e6,1.3677386666666665e6,false,12
60.003,use_adaptive_ngroute,0.025196605767908165,0,false,7.108375,false,false,6.125,false,1.434512e6,1.3983671666666665e6,false,2
40.406,use_lmSR3_cuts,0.023771847150808045,5,false,9.989500000000001,false,false,6.208333333333334,false,1.434512e6,1.400411e6,false,0
104.842,use_adaptive_ngroute,0.010185926177915028,0,false,20.745800000000003,false,false,6.208333333333334,false,1.434512e6,1.4199001666666667e6,false,7
52.879,use_lmSR3_cuts,0.009168274646709107,3,false,17.51966666666667,false,false,6.583333333333333,false,1.434512e6,1.42136e6,false,0
110.435,use_adaptive_ngroute,0.005582386205204237,0,false,22.000400000000003,false,false,6.583333333333333,false,1.434512e6,1.426504e6,false,2
38.654,use_lmSR3_cuts,0.005241364310650587,5,false,19.289,false,false,6.666666666666666,false,1.434512e6,1.4269932e6,false,0
64.055,use_adaptive_ngroute,0.003961974525134138,0,false,21.279,false,false,6.666666666666666,false,1.434512e6,1.4288285000000007e6,false,3
75.611,use_lmSR3_cuts,0.003944477285655279,5,false,25.142666666666663,false,false,6.791666666666667,false,1.434512e6,1.4288536e6,false,0
87.321,none,0.0,0,false,29.079,true,false,6.791666666666667,false,1.42988e6,1.42988e6,false,0
