CG_time_taken,method,CG_LP_IP_gap,implemented_SR3_cuts_count,errored,CG_sp_time_taken_mean,converged,CGIP_artificial,ngroute_neighborhood_size,time_limit_reached,CGIP_objective,CGLP_objective,CGLP_artificial,cycles_lookup_length
97.495,use_adaptive_ngroute,0.2370032550111365,0,false,7.332416666666667,false,false,5.0,false,1.588013e6,1.21164875e6,false,14
36.123,use_adaptive_ngroute,0.07573274492621052,0,false,4.321625,false,false,5.833333333333333,false,1.432115e6,1.323657e6,false,5
45.181,use_lmSR3_cuts,0.07316765762526056,1,false,5.580999999999999,false,false,6.416666666666666,false,1.432115e6,1.3273305e6,false,0
34.299,use_lmSR3_cuts,0.059773272397817157,5,false,11.335666666666667,false,false,6.416666666666666,false,1.432115e6,1.3465128e6,false,0
87.559,use_adaptive_ngroute,0.05258453106401739,0,false,17.474600000000002,false,false,6.416666666666666,false,1.428149e6,1.3530504545454546e6,false,5
84.724,use_adaptive_ngroute,0.05116784571659383,0,false,21.12825,false,false,7.041666666666667,false,1.428149e6,1.3550736923076923e6,false,1
61.823,use_lmSR3_cuts,0.05068651022329529,5,false,20.566333333333333,false,false,7.083333333333333,false,1.428149e6,1.355761111111111e6,false,0
89.055,use_lmSR3_cuts,0.03985810819391322,5,false,22.2235,false,false,7.083333333333333,false,1.417418e6,1.3609224e6,false,0
107.352,use_adaptive_ngroute,0.03315595574830299,0,false,35.73466666666667,false,false,7.083333333333333,false,1.417418e6,1.3704221515151518e6,false,5
161.351,use_lmSR3_cuts,0.03274676710953084,5,false,40.29700000000001,false,false,7.583333333333334,false,1.417418e6,1.371002142857143e6,false,0
187.049,use_adaptive_ngroute,0.029609674573263245,0,false,62.315000000000005,false,false,7.583333333333334,false,1.417418e6,1.3754487142857143e6,false,1
232.899,use_lmSR3_cuts,0.028871299785948823,5,false,58.1785,false,false,7.666666666666667,false,1.417418e6,1.3764953e6,false,0
382.393,use_adaptive_ngroute,0.026165887550461453,0,false,95.52725000000001,false,false,7.666666666666667,false,1.417418e6,1.38033e6,false,3
246.69,use_lmSR3_cuts,0.025018025734116378,4,false,82.17866666666667,false,false,7.791666666666666,false,1.417418e6,1.3819570000000002e6,false,0
222.108,use_lmSR3_cuts,0.02215048771780803,1,false,73.98366666666668,false,false,7.791666666666666,false,1.417418e6,1.3860215e6,false,0
224.823,use_adaptive_ngroute,0.021154007800501806,0,false,112.379,false,false,7.791666666666666,false,1.417418e6,1.3874339285714284e6,false,1
493.198,use_lmSR3_cuts,0.02067721025131608,5,false,123.261,false,false,7.833333333333334,false,1.417418e6,1.38810975e6,false,0
713.499,none,0.005904966938336198,0,false,142.6188,false,false,7.833333333333334,false,1.398145e6,1.389889e6,false,0
