CG_time_taken,method,CG_LP_IP_gap,implemented_SR3_cuts_count,errored,CG_sp_time_taken_mean,converged,CGIP_artificial,ngroute_neighborhood_size,time_limit_reached,CGIP_objective,CGLP_objective,CGLP_artificial,cycles_lookup_length
364.992,use_adaptive_ngroute,0.25300967061477253,0,false,24.196071428571425,false,false,5.0,false,1.790029e6,1.3371343523191093e6,false,22
126.481,use_adaptive_ngroute,0.018613621702565197,0,false,11.392090909090907,false,false,7.083333333333333,false,1.592033e6,1.5623995e6,false,3
66.627,use_adaptive_ngroute,0.013267941053985655,0,false,16.61425,false,false,7.583333333333334,false,1.592033e6,1.57091e6,false,4
27.717,use_lmSR3_cuts,0.010680180624396574,5,false,13.83,false,false,7.791666666666666,false,1.592033e6,1.5750298e6,false,0
104.334,use_lmSR3_cuts,0.009702508858619341,5,false,26.01575,false,false,7.791666666666666,false,1.592033e6,1.5765862857142857e6,false,0
250.453,use_lmSR3_cuts,0.008188356229634097,5,false,35.70028571428571,false,false,7.791666666666666,false,1.592033e6,1.578996866666667e6,false,0
362.536,use_lmSR3_cuts,0.005815331717370142,5,false,51.698,false,false,7.791666666666666,false,1.592033e6,1.5827748e6,false,0
128.153,none,0.004874584886117361,0,false,31.985000000000003,false,false,7.791666666666666,false,1.592033e6,1.5842725e6,false,0
