CG_time_taken,method,CG_LP_IP_gap,implemented_SR3_cuts_count,errored,CG_sp_time_taken_mean,converged,CGIP_artificial,ngroute_neighborhood_size,time_limit_reached,CGIP_objective,CGLP_objective,CGLP_artificial,cycles_lookup_length
915.345,use_adaptive_ngroute,0.15141974639313782,0,false,34.96081818181818,false,false,5.0,false,1.404446e6,1.1917851428571432e6,false,11
269.966,use_adaptive_ngroute,0.034203300856741836,0,false,27.038,false,false,5.666666666666667,false,1.355951e6,1.309573e6,false,3
64.298,use_lmSR3_cuts,0.029333655862195607,1,false,21.08433333333333,false,false,5.791666666666666,false,1.355951e6,1.316176e6,false,0
103.046,use_lmSR3_cuts,0.026048138907674545,1,false,34.028,false,false,5.791666666666666,false,1.355951e6,1.3206309999999998e6,false,0
131.804,use_adaptive_ngroute,0.026048138907674434,0,false,26.166799999999995,false,false,5.791666666666666,false,1.355951e6,1.320631e6,false,5
311.489,use_lmSR3_cuts,0.02387733775040546,2,false,61.714800000000004,false,false,6.416666666666666,false,1.355951e6,1.3235745e6,false,0
173.494,use_adaptive_ngroute,0.023861727550134937,0,false,43.07424999999999,false,false,6.416666666666666,false,1.355951e6,1.323595666666667e6,false,6
145.373,use_lmSR3_cuts,0.023678953000514036,1,false,48.059,false,false,6.666666666666666,false,1.355951e6,1.3238435e6,false,0
264.278,use_adaptive_ngroute,0.02190181335039798,0,false,87.81533333333333,false,false,6.666666666666666,false,1.355951e6,1.3262532142857146e6,false,10
544.994,use_lmSR3_cuts,0.021734069544794066,5,false,90.73849999999999,false,false,7.375,false,1.355951e6,1.326480666666667e6,false,0
648.617,none,0.004738861191171839,0,false,171.79466666666664,false,false,7.375,true,1.352097e6,1.3456896e6,false,0
