CG_time_taken,method,CG_LP_IP_gap,implemented_SR3_cuts_count,errored,CG_sp_time_taken_mean,converged,CGIP_artificial,ngroute_neighborhood_size,time_limit_reached,CGIP_objective,CGLP_objective,CGLP_artificial,cycles_lookup_length
668.828,use_adaptive_ngroute,0.3012348973376865,0,false,37.162733333333335,false,false,5.0,false,1.736973e6,1.2137361166666667e6,false,24
385.125,use_adaptive_ngroute,0.006533935343027819,0,false,47.648374999999994,false,false,7.458333333333333,false,1.461549e6,1.451999333333333e6,false,3
263.56,use_adaptive_ngroute,0.0023577724729034744,0,false,52.6432,false,false,7.583333333333334,false,1.461549e6,1.4581030000000005e6,false,3
207.938,use_lmSR3_cuts,0.0020491957505358593,2,false,69.247,false,false,8.083333333333334,false,1.461549e6,1.458554e6,false,0
234.978,none,0.0,0,false,78.276,true,false,8.083333333333334,false,1.461549e6,1.461549e6,false,0
