CG_time_taken,method,CG_LP_IP_gap,implemented_SR3_cuts_count,errored,CG_sp_time_taken_mean,converged,CGIP_artificial,ngroute_neighborhood_size,time_limit_reached,CGIP_objective,CGLP_objective,CGLP_artificial,cycles_lookup_length
245.222,use_adaptive_ngroute,0.19983073417409147,0,false,13.524499999999998,false,false,5.0,false,1.693508e6,1.3550930530303027e6,false,24
199.718,use_adaptive_ngroute,0.010584778799597627,0,false,24.050124999999998,false,false,8.75,false,1.543216e6,1.5268814000000001e6,false,8
107.094,use_lmSR3_cuts,0.009402572290593159,5,false,26.33475,false,false,9.875,false,1.543216e6,1.5287058e6,false,0
326.939,none,0.0,0,false,65.2482,true,false,9.875,false,1.529278e6,1.529278e6,false,0
