CG_time_taken,method,CG_LP_IP_gap,implemented_SR3_cuts_count,errored,CG_sp_time_taken_mean,converged,CGIP_artificial,ngroute_neighborhood_size,time_limit_reached,CGIP_objective,CGLP_objective,CGLP_artificial,cycles_lookup_length
238.331,use_adaptive_ngroute,0.29878553475015235,0,false,13.868583333333335,false,false,5.0,false,1.82308e6,1.2783700673076923e6,false,24
439.719,use_adaptive_ngroute,0.06446738803746022,0,false,47.166000000000004,false,false,8.833333333333332,false,1.584853e6,1.482681666666667e6,false,4
197.09,use_adaptive_ngroute,0.0564556039792542,0,false,49.097,false,false,9.25,false,1.584853e6,1.495379166666667e6,false,1
234.507,use_lmSR3_cuts,0.055541428763424716,4,false,78.05199999999999,false,false,9.5,false,1.584853e6,1.496828e6,false,0
300.492,use_adaptive_ngroute,0.051870005188704105,0,false,75.00050000000002,false,false,9.5,false,1.584853e6,1.5026466666666667e6,false,3
339.639,use_lmSR3_cuts,0.051870005188704216,5,false,113.126,false,false,9.708333333333334,false,1.584853e6,1.5026466666666665e6,false,0
622.738,use_lmSR3_cuts,0.050155440283736086,1,false,155.52525,false,false,9.708333333333334,false,1.584853e6,1.505364e6,false,0
723.066,use_lmSR3_cuts,0.027944586153632822,2,false,119.82983333333334,false,false,9.708333333333334,false,1.550515e6,1.5071865e6,false,0
482.425,none,0.025927191933002858,0,false,159.4325,false,false,9.708333333333334,true,1.550515e6,1.5103145e6,false,0
