CG_time_taken,method,CG_LP_IP_gap,implemented_SR3_cuts_count,errored,CG_sp_time_taken_mean,converged,CGIP_artificial,ngroute_neighborhood_size,time_limit_reached,CGIP_objective,CGLP_objective,CGLP_artificial,cycles_lookup_length
1535.837,use_adaptive_ngroute,0.3272602363957816,0,false,79.10976470588234,false,false,5.0,false,1.818733e6,1.223534008479191e6,false,19
423.437,use_adaptive_ngroute,0.07077907101699454,0,false,28.81978571428571,false,false,6.833333333333333,false,1.591267e6,1.4786386e6,false,2
98.824,use_lmSR3_cuts,0.03822973489608039,1,false,19.4606,false,false,6.916666666666666,false,1.587717e6,1.527019e6,false,0
160.94,use_lmSR3_cuts,0.036544925827461716,1,false,39.70099999999999,false,false,6.916666666666666,false,1.587717e6,1.529694e6,false,0
91.676,use_adaptive_ngroute,0.030033532424229237,0,false,30.494999999999997,false,false,6.916666666666666,false,1.587717e6,1.54003225e6,false,3
143.212,use_adaptive_ngroute,0.02837449411114612,0,false,28.471999999999998,false,false,7.166666666666666,false,1.587717e6,1.5426663333333335e6,false,2
168.267,use_lmSR3_cuts,0.026775552570136862,1,false,27.965666666666664,false,false,7.250000000000001,false,1.587717e6,1.545205e6,false,0
194.274,none,0.0,0,false,38.788,true,false,7.250000000000001,false,1.545919e6,1.545919e6,false,0
