CG_time_taken,method,CG_LP_IP_gap,implemented_SR3_cuts_count,errored,CG_sp_time_taken_mean,converged,CGIP_artificial,ngroute_neighborhood_size,time_limit_reached,CGIP_objective,CGLP_objective,CGLP_artificial,cycles_lookup_length
130.429,use_adaptive_ngroute,0.13731399250863363,0,false,7.723272727272728,false,false,5.0,false,1.63944e6,1.4143219481216457e6,false,21
167.507,use_adaptive_ngroute,0.001982068510878565,0,false,17.811,false,false,7.541666666666667,false,1.480524e6,1.4775895e6,false,1
61.841,use_lmSR3_cuts,6.281559772081113e-5,3,false,15.363,false,false,7.583333333333334,false,1.480524e6,1.480431e6,false,0
118.538,none,0.0,0,false,29.43275,true,false,7.583333333333334,false,1.480524e6,1.480524e6,false,0
