CG_time_taken,method,CG_LP_IP_gap,implemented_SR3_cuts_count,errored,CG_sp_time_taken_mean,converged,CGIP_artificial,ngroute_neighborhood_size,time_limit_reached,CGIP_objective,CGLP_objective,CGLP_artificial,cycles_lookup_length
471.383,use_adaptive_ngroute,0.17236656034868192,0,false,25.728000000000005,false,false,5.0,false,1.669729e6,1.3819235555555557e6,false,24
559.935,use_adaptive_ngroute,0.0628439881613474,0,false,61.58855555555555,false,false,8.583333333333332,false,1.533089e6,1.4367435730337081e6,false,12
1514.41,use_adaptive_ngroute,0.049965748494666284,0,false,168.11166666666665,false,false,9.875,false,1.533089e6,1.4564870606060605e6,false,9
687.817,use_lmSR3_cuts,0.049284895028783526,5,false,229.18966666666665,false,false,10.5,false,1.533089e6,1.4575308695652173e6,false,0
345.079,none,0.03974788512248495,0,false,NaN,false,false,10.5,true,1.533089e6,1.4721519545454546e6,false,0
