CG_time_taken,method,CG_LP_IP_gap,implemented_SR3_cuts_count,errored,CG_sp_time_taken_mean,converged,CGIP_artificial,ngroute_neighborhood_size,time_limit_reached,CGIP_objective,CGLP_objective,CGLP_artificial,cycles_lookup_length
1547.772,use_adaptive_ngroute,0.26743003657516096,0,false,70.65227272727273,false,false,5.0,false,1.804632e6,1.322019198235294e6,false,24
1045.127,use_adaptive_ngroute,0.04749318929957358,0,false,112.99444444444445,false,false,9.708333333333334,false,1.592319e6,1.5166946923076923e6,false,9
350.639,use_lmSR3_cuts,0.03790333469612561,5,false,116.64566666666667,false,false,11.125,false,1.592319e6,1.5319648e6,false,0
578.223,none,0.03247570367495456,0,false,181.28533333333334,false,false,11.125,true,1.592319e6,1.54060732e6,false,0
