CG_time_taken,method,CG_LP_IP_gap,implemented_SR3_cuts_count,errored,CG_sp_time_taken_mean,converged,CGIP_artificial,ngroute_neighborhood_size,time_limit_reached,CGIP_objective,CGLP_objective,CGLP_artificial,cycles_lookup_length
314.507,use_adaptive_ngroute,0.2985508294512319,0,false,14.962923076923078,false,false,5.0,false,1.930148e6,1.3539007136363636e6,false,24
260.796,use_adaptive_ngroute,0.06048224121897117,0,false,35.65857142857143,false,false,8.375,false,1.67748e6,1.5760222500000002e6,false,15
226.522,use_adaptive_ngroute,0.05145574544612619,0,false,56.35875,false,false,10.333333333333334,false,1.67748e6,1.5911640161290322e6,false,3
253.234,use_adaptive_ngroute,0.05076363672298534,0,false,63.086999999999996,false,false,10.583333333333332,false,1.67748e6,1.5923250146699266e6,false,2
192.59,use_lmSR3_cuts,0.05050082993740013,5,false,64.07466666666667,false,false,10.75,false,1.67748e6,1.59276586779661e6,false,0
326.631,use_lmSR3_cuts,0.046588164559765,5,false,108.67566666666667,false,false,10.75,false,1.67748e6,1.5993292857142854e6,false,0
591.777,use_adaptive_ngroute,0.04059657194124522,0,false,147.55525,false,false,10.75,false,1.67748e6,1.6093800625e6,false,7
200.147,use_adaptive_ngroute,0.04043088442187093,0,false,200.009,false,false,11.583333333333332,false,1.67748e6,1.609658e6,false,1
626.662,use_lmSR3_cuts,0.040263156248815046,5,false,208.776,false,false,11.625,false,1.67748e6,1.6099393606557378e6,false,0
572.867,none,0.038326847910755135,0,false,223.69499999999996,false,false,11.625,true,1.67748e6,1.6131874791666665e6,false,0
