CG_time_taken,method,CG_LP_IP_gap,implemented_SR3_cuts_count,errored,CG_sp_time_taken_mean,converged,CGIP_artificial,ngroute_neighborhood_size,time_limit_reached,CGIP_objective,CGLP_objective,CGLP_artificial,cycles_lookup_length
1018.193,use_adaptive_ngroute,0.1113003525125631,0,false,42.50423529411765,false,false,5.0,false,1.445244e6,1.2843878333333333e6,false,17
353.224,use_adaptive_ngroute,0.037939227006399956,0,false,28.643833333333333,false,false,6.416666666666666,false,1.349843e6,1.298631e6,false,6
256.259,use_adaptive_ngroute,0.035111490743738316,0,false,31.737250000000003,false,false,7.416666666666667,false,1.349843e6,1.302448e6,false,6
127.088,use_adaptive_ngroute,0.028950774275230517,0,false,41.69266666666667,false,false,7.666666666666667,false,1.349843e6,1.310764e6,false,3
114.108,use_lmSR3_cuts,0.028950774275230517,5,false,28.08125,false,false,8.666666666666668,false,1.349843e6,1.310764e6,false,0
305.015,use_lmSR3_cuts,0.015253625792036596,5,false,50.61633333333333,false,false,8.666666666666668,false,1.349843e6,1.329253e6,false,0
384.517,use_adaptive_ngroute,0.00042367890191652435,0,false,63.28533333333334,false,false,8.666666666666668,false,1.349843e6,1.3492711000000003e6,false,8
242.948,none,0.0,0,false,60.54024999999999,true,false,9.666666666666668,false,1.349843e6,1.349843e6,false,0
