CG_time_taken,method,CG_LP_IP_gap,implemented_SR3_cuts_count,errored,CG_sp_time_taken_mean,converged,CGIP_artificial,ngroute_neighborhood_size,time_limit_reached,CGIP_objective,CGLP_objective,CGLP_artificial,cycles_lookup_length
290.082,use_adaptive_ngroute,0.24158092115206808,0,false,18.639090909090903,false,false,5.0,false,1.689972e6,1.2817070075187972e6,false,18
216.465,use_adaptive_ngroute,0.06051780118655692,0,false,26.1745,false,false,6.25,false,1.588293e6,1.492173e6,false,4
194.06,use_adaptive_ngroute,0.030324769123398876,0,false,31.973499999999998,false,false,6.416666666666666,false,1.540325e6,1.4936150000000007e6,false,5
201.587,use_lmSR3_cuts,0.029765146965737732,3,false,28.705857142857145,false,false,6.958333333333333,false,1.540325e6,1.494477e6,false,0
387.471,use_adaptive_ngroute,0.0028661331144402835,0,false,48.03837500000001,false,false,6.958333333333333,false,1.51063e6,1.506300333333333e6,false,6
240.142,use_adaptive_ngroute,0.0012548848273015167,0,false,59.93775,false,false,7.666666666666667,false,1.51063e6,1.5087343333333335e6,false,3
172.609,use_lmSR3_cuts,0.0004244090214016172,5,false,57.41266666666667,false,false,7.833333333333334,false,1.51063e6,1.509988875e6,false,0
397.099,none,0.0,0,false,79.26120000000002,true,false,7.833333333333334,false,1.51063e6,1.51063e6,false,0
