CG_time_taken,method,CG_LP_IP_gap,implemented_SR3_cuts_count,errored,CG_sp_time_taken_mean,converged,CGIP_artificial,ngroute_neighborhood_size,time_limit_reached,CGIP_objective,CGLP_objective,CGLP_artificial,cycles_lookup_length
443.374,use_adaptive_ngroute,0.21599609915591755,0,false,29.429166666666664,false,false,5.0,false,1.660377e6,1.301742044871795e6,false,21
232.91,use_adaptive_ngroute,0.07585674675497123,0,false,31.881142857142862,false,false,7.041666666666667,false,1.537889e6,1.421229743589744e6,false,8
160.449,use_adaptive_ngroute,0.07336160152000581,0,false,31.9996,false,false,8.208333333333334,false,1.537889e6,1.4250669999999998e6,false,2
104.17,use_adaptive_ngroute,0.07248962701469353,0,false,34.670666666666655,false,false,8.416666666666666,false,1.537889e6,1.426408e6,false,2
65.571,use_lmSR3_cuts,0.07235248249810033,5,false,32.7385,false,false,8.916666666666666,false,1.537889e6,1.426618913043479e6,false,0
223.17,use_lmSR3_cuts,0.02636288201508774,5,false,55.583,false,false,8.916666666666666,false,1.477494e6,1.438543e6,false,0
251.123,none,0.001774724527838445,0,false,62.63875000000001,false,false,8.916666666666666,false,1.449239e6,1.446667e6,false,0
