CG_time_taken,method,CG_LP_IP_gap,implemented_SR3_cuts_count,errored,CG_sp_time_taken_mean,converged,CGIP_artificial,ngroute_neighborhood_size,time_limit_reached,CGIP_objective,CGLP_objective,CGLP_artificial,cycles_lookup_length
488.207,use_adaptive_ngroute,0.25419823074544945,0,false,21.179076923076924,false,false,5.0,false,1.663208e6,1.2404234690383226e6,false,24
560.535,use_adaptive_ngroute,0.04983387283520557,0,false,50.120909090909095,false,false,8.666666666666668,false,1.590047e6,1.5108087999999998e6,false,7
192.933,use_adaptive_ngroute,0.04504300816265183,0,false,48.09625,false,false,9.291666666666666,false,1.590047e6,1.5184265e6,false,7
262.148,use_lmSR3_cuts,0.0363459760228263,5,false,65.47825,false,false,9.916666666666666,false,1.575987e6,1.518706214285714e6,false,0
293.565,use_lmSR3_cuts,0.01158507860517255,5,false,97.761,false,false,9.916666666666666,false,1.548834e6,1.5308906363636362e6,false,0
581.307,use_adaptive_ngroute,0.006382462549246681,0,false,145.197,false,false,9.916666666666666,false,1.548834e6,1.538948625e6,false,2
274.798,use_lmSR3_cuts,0.00629828632377627,5,false,137.33649999999997,false,false,10.25,false,1.548834e6,1.5390790000000002e6,false,0
399.429,use_lmSR3_cuts,0.005995155065036006,1,false,199.5975,false,false,10.25,false,1.548834e6,1.5395485e6,false,0
493.48,none,0.0,0,false,229.81099999999998,true,false,10.25,true,1.540009e6,1.540009e6,false,0
