CG_time_taken,method,CG_LP_IP_gap,implemented_SR3_cuts_count,errored,CG_sp_time_taken_mean,converged,CGIP_artificial,ngroute_neighborhood_size,time_limit_reached,CGIP_objective,CGLP_objective,CGLP_artificial,cycles_lookup_length
363.006,use_adaptive_ngroute,0.060722765723279726,0,false,19.81090909090909,false,false,5.0,false,1.388061e6,1.3037740970873786e6,false,21
234.966,use_adaptive_ngroute,0.027699500428260526,0,false,22.213699999999996,false,false,8.083333333333334,false,1.368658e6,1.3307468571428577e6,false,8
66.162,use_lmSR3_cuts,0.023141281459648777,5,false,32.923,false,false,8.583333333333332,false,1.368658e6,1.3369855e6,false,0
200.983,use_lmSR3_cuts,0.019625355640342512,5,false,49.938250000000004,false,false,8.583333333333332,false,1.368658e6,1.3417976e6,false,0
300.3,none,0.0,0,false,74.70949999999999,true,false,8.583333333333332,false,1.344262e6,1.344262e6,false,0
