CG_time_taken,method,CG_LP_IP_gap,implemented_SR3_cuts_count,errored,CG_sp_time_taken_mean,converged,CGIP_artificial,ngroute_neighborhood_size,time_limit_reached,CGIP_objective,CGLP_objective,CGLP_artificial,cycles_lookup_length
389.552,use_adaptive_ngroute,0.18238649999697487,0,false,23.773307692307693,false,false,5.0,false,1.487533e6,1.2162270625e6,false,21
403.19,use_lmSR3_cuts,0.03616322350897172,1,false,49.670500000000004,false,false,7.666666666666667,false,1.390584e6,1.340296e6,false,0
531.553,use_lmSR3_cuts,0.03613913291106474,1,false,75.85285714285715,false,false,7.666666666666667,false,1.390584e6,1.3403295e6,false,0
277.552,use_adaptive_ngroute,0.035132361655247024,0,false,92.44999999999999,false,false,7.666666666666667,false,1.390584e6,1.3417295e6,false,2
311.65,use_adaptive_ngroute,0.03322405071058887,0,false,77.864,false,false,7.75,false,1.390584e6,1.3443831666666665e6,false,2
381.071,use_adaptive_ngroute,0.031548327896768646,0,false,95.16575,false,false,7.875,false,1.390584e6,1.3467134e6,false,2
165.896,use_lmSR3_cuts,0.031107793560115726,5,false,82.89099999999999,false,false,8.083333333333334,false,1.390584e6,1.347326e6,false,0
313.378,use_lmSR3_cuts,0.026659302854052713,5,false,104.27533333333334,false,false,8.083333333333334,false,1.390584e6,1.353512e6,false,0
574.252,use_adaptive_ngroute,0.020614360585192948,0,false,143.37525000000002,false,false,8.083333333333334,false,1.390584e6,1.361918e6,false,4
235.82,none,0.012445310747139282,0,false,131.96,false,false,9.125,true,1.390584e6,1.37327775e6,false,0
