CG_time_taken,method,CG_LP_IP_gap,implemented_SR3_cuts_count,errored,CG_sp_time_taken_mean,converged,CGIP_artificial,ngroute_neighborhood_size,time_limit_reached,CGIP_objective,CGLP_objective,CGLP_artificial,cycles_lookup_length
993.541,use_adaptive_ngroute,0.3005229373047371,0,false,82.2887,false,false,5.0,false,1.685411e6,1.1789063357142857e6,false,24
326.752,use_lmSR3_cuts,0.004134773379403045,5,false,35.583555555555556,false,false,7.75,false,1.467916e6,1.4618465000000002e6,false,0
419.954,use_lmSR3_cuts,0.0020330409460305177,5,false,59.79271428571428,false,false,7.75,false,1.467916e6,1.4649316666666667e6,false,0
275.799,none,0.0,0,false,68.717,true,false,7.75,false,1.467916e6,1.467916e6,false,0
