CG_time_taken,method,CG_LP_IP_gap,implemented_SR3_cuts_count,errored,CG_sp_time_taken_mean,converged,CGIP_artificial,ngroute_neighborhood_size,time_limit_reached,CGIP_objective,CGLP_objective,CGLP_artificial,cycles_lookup_length
2.101,use_adaptive_ngroute,0.31452291570586954,0,false,0.13959999999999997,false,false,5.0,false,1.73295e6,1.1878975132275133e6,false,17
2.657,use_adaptive_ngroute,0.07044734300831035,0,false,0.25150000000000006,false,false,6.4,false,1.47046e6,1.36687e6,false,1
0.839,use_lmSR3_cuts,0.067398977190811,5,false,0.271,false,false,6.45,false,1.47046e6,1.3713525e6,false,0
2.174,use_lmSR3_cuts,0.045739747438581,5,false,0.3865,false,false,6.45,false,1.45232e6,1.38589125e6,false,0
2.03,use_adaptive_ngroute,0.04384440833363934,0,false,0.34420000000000006,false,false,6.45,false,1.45232e6,1.388643888888889e6,false,4
0.429,use_lmSR3_cuts,0.043395591683847545,5,false,0.421,false,false,6.6499999999999995,false,1.45232e6,1.3892957142857146e6,false,0
2.129,use_adaptive_ngroute,0.014312426731386552,0,false,0.651,false,false,6.6499999999999995,false,1.423984e6,1.4036033333333333e6,false,3
1.023,use_adaptive_ngroute,0.014205918044022936,0,false,0.505,false,false,7.1,false,1.423984e6,1.403755e6,false,1
0.53,use_lmSR3_cuts,0.01385328567094668,5,false,0.522,false,false,7.15,false,1.423984e6,1.4042571428571427e6,false,0
1.444,use_lmSR3_cuts,0.005611596168517474,5,false,0.679,false,false,7.15,false,1.41564e6,1.407696e6,false,0
0.759,use_adaptive_ngroute,0.004140647810648823,0,false,0.609,false,false,7.15,false,1.41564e6,1.409778333333333e6,false,3
1.387,use_lmSR3_cuts,0.003990118553143018,5,false,0.6865,false,false,7.7,false,1.41564e6,1.4099914285714286e6,false,0
2.299,none,0.0,0,false,0.7573333333333333,true,false,7.7,false,1.41189e6,1.41189e6,false,0
