CG_time_taken,method,CG_LP_IP_gap,implemented_SR3_cuts_count,errored,CG_sp_time_taken_mean,converged,CGIP_artificial,ngroute_neighborhood_size,time_limit_reached,CGIP_objective,CGLP_objective,CGLP_artificial,cycles_lookup_length
341.059,use_adaptive_ngroute,0.20514641268537503,0,false,21.385846153846156,false,false,5.0,false,1.655765e6,1.31609075e6,false,14
183.703,use_adaptive_ngroute,0.02998847749950495,0,false,23.944857142857142,false,false,6.083333333333333,false,1.559131e6,1.5123750350877193e6,false,16
174.896,use_lmSR3_cuts,0.02127082329836305,1,false,24.727000000000004,false,false,7.291666666666667,false,1.559131e6,1.525967e6,false,0
309.15,use_adaptive_ngroute,0.011502988951323845,0,false,43.90042857142856,false,false,7.291666666666667,false,1.559131e6,1.5411963333333335e6,false,1
208.323,use_adaptive_ngroute,0.011051412613821476,0,false,52.0035,false,false,7.333333333333334,false,1.559131e6,1.5419004e6,false,5
142.236,use_lmSR3_cuts,0.010211915666941573,5,false,47.369,false,false,7.666666666666667,false,1.559131e6,1.5432092857142857e6,false,0
270.511,use_lmSR3_cuts,0.005039987018409575,1,false,54.0522,false,false,7.666666666666667,false,1.559131e6,1.551273e6,false,0
199.37,use_lmSR3_cuts,0.00451172800746058,5,false,66.37533333333333,false,false,7.666666666666667,false,1.559131e6,1.552096625e6,false,0
251.852,use_lmSR3_cuts,0.0012436414900351966,2,false,62.90625000000001,false,false,7.666666666666667,false,1.559131e6,1.557192e6,false,0
196.736,none,0.0,0,false,65.46533333333333,true,false,7.666666666666667,false,1.559131e6,1.559131e6,false,0
