CG_time_taken,method,CG_LP_IP_gap,implemented_SR3_cuts_count,errored,CG_sp_time_taken_mean,converged,CGIP_artificial,ngroute_neighborhood_size,time_limit_reached,CGIP_objective,CGLP_objective,CGLP_artificial,cycles_lookup_length
360.294,use_adaptive_ngroute,0.12238438621683023,0,false,17.677411764705884,false,false,5.0,false,1.46755e6,1.2879447940074909e6,false,14
164.956,use_adaptive_ngroute,0.040435845883756705,0,false,17.483444444444444,false,false,5.833333333333333,false,1.432953e6,1.3750103333333333e6,false,6
264.042,use_lmSR3_cuts,0.013069201887440762,5,false,37.37885714285714,false,false,6.5,false,1.402534e6,1.3842040000000002e6,false,0
436.623,use_lmSR3_cuts,0.0050472929711508074,5,false,54.47774999999999,false,false,6.5,false,1.402534e6,1.395455e6,false,0
386.4,use_adaptive_ngroute,0.003974235205706278,0,false,77.1266,false,false,6.5,false,1.402534e6,1.39696e6,false,1
361.927,use_lmSR3_cuts,0.0012778656346298378,4,false,72.1686,false,false,6.541666666666667,false,1.402534e6,1.40074175e6,false,0
279.808,none,0.0,0,false,69.78775,true,false,6.541666666666667,false,1.402534e6,1.402534e6,false,0
