CG_time_taken,method,CG_LP_IP_gap,implemented_SR3_cuts_count,errored,CG_sp_time_taken_mean,converged,CGIP_artificial,ngroute_neighborhood_size,time_limit_reached,CGIP_objective,CGLP_objective,CGLP_artificial,cycles_lookup_length
244.656,use_adaptive_ngroute,0.23999998799839817,0,false,16.45946153846154,false,false,5.0,false,1.824737e6,1.3868001418997669e6,false,24
146.375,use_lmSR3_cuts,0.022402515334755013,2,false,15.919333333333332,false,false,7.333333333333334,false,1.586429e6,1.550889e6,false,0
60.287,use_adaptive_ngroute,0.01967537364315275,0,false,20.001333333333335,false,false,7.333333333333334,false,1.586429e6,1.5552154166666667e6,false,8
35.589,use_adaptive_ngroute,0.01778193526327221,0,false,17.753999999999998,false,false,8.166666666666666,false,1.586429e6,1.5582192222222222e6,false,2
36.385,use_adaptive_ngroute,0.017460238416864948,0,false,18.154999999999998,false,false,8.25,false,1.586429e6,1.5587295714285714e6,false,1
30.731,use_adaptive_ngroute,0.017085392352738094,0,false,15.324499999999999,false,false,8.5,false,1.586429e6,1.559324238095238e6,false,4
83.09,use_lmSR3_cuts,0.01703043334012011,5,false,27.668333333333337,false,false,8.666666666666668,false,1.586429e6,1.5594114266666665e6,false,0
98.547,use_lmSR3_cuts,0.00855348710846815,3,false,32.684333333333335,false,false,8.666666666666668,false,1.586429e6,1.5728595e6,false,0
131.004,use_adaptive_ngroute,0.00413261482234617,0,false,32.70575,false,false,8.666666666666668,false,1.586429e6,1.5798729000000001e6,false,13
139.661,use_adaptive_ngroute,0.002991659605034447,0,false,34.8575,false,false,10.25,false,1.586429e6,1.5816829444444447e6,false,2
170.538,use_adaptive_ngroute,0.0028761499520669753,0,false,42.601,false,false,10.583333333333332,false,1.586429e6,1.5818661923076923e6,false,3
132.15,use_adaptive_ngroute,0.0027840996795875927,0,false,66.03949999999999,false,false,11.083333333333332,false,1.586429e6,1.5820122235294115e6,false,5
67.002,use_lmSR3_cuts,0.0027768307929058045,5,false,66.97399999999999,false,false,11.583333333333332,false,1.586429e6,1.5820237551020412e6,false,0
207.349,use_lmSR3_cuts,0.0021023407197640065,5,false,69.05233333333334,false,false,11.583333333333332,false,1.586429e6,1.5830937857142854e6,false,0
230.876,none,0.0,0,false,76.91233333333334,true,false,11.583333333333332,false,1.586429e6,1.586429e6,false,0
