CG_time_taken,method,CG_LP_IP_gap,implemented_SR3_cuts_count,errored,CG_sp_time_taken_mean,converged,CGIP_artificial,ngroute_neighborhood_size,time_limit_reached,CGIP_objective,CGLP_objective,CGLP_artificial,cycles_lookup_length
422.974,use_adaptive_ngroute,0.33615480943429443,0,false,22.95621428571428,false,false,5.0,false,1.76081e6,1.16890525e6,false,12
464.7,use_adaptive_ngroute,0.1591421195584588,0,false,44.4939,false,false,5.625,false,1.577608e6,1.326544119047619e6,false,11
334.075,use_adaptive_ngroute,0.011412535901105803,0,false,36.960111111111104,false,false,6.916666666666666,false,1.350038e6,1.334630642857143e6,false,8
108.581,use_lmSR3_cuts,0.011364102779503393,5,false,36.149,false,false,8.166666666666666,false,1.350038e6,1.3346960294117648e6,false,0
696.24,use_adaptive_ngroute,0.002927571161530085,0,false,86.76700000000001,false,false,8.166666666666666,false,1.349711e6,1.345759625e6,false,3
586.942,use_lmSR3_cuts,0.00231319360747817,5,false,117.3216,false,false,8.666666666666668,false,1.349711e6,1.346588857142857e6,false,0
773.142,none,0.0,0,false,110.32600000000001,true,false,8.666666666666668,false,1.349711e6,1.349711e6,false,0
