CG_time_taken,method,CG_LP_IP_gap,implemented_SR3_cuts_count,errored,CG_sp_time_taken_mean,converged,CGIP_artificial,ngroute_neighborhood_size,time_limit_reached,CGIP_objective,CGLP_objective,CGLP_artificial,cycles_lookup_length
95.779,use_adaptive_ngroute,0.24557521051753817,0,false,6.79575,false,false,5.0,false,1.880102e6,1.4183955555555555e6,false,17
27.306,use_adaptive_ngroute,0.024640020817464414,0,false,4.738600000000001,false,false,6.625,false,1.583286e6,1.5442738e6,false,7
14.788,use_lmSR3_cuts,0.024555681454055955,5,false,4.830333333333334,false,false,7.333333333333334,false,1.583286e6,1.5444073333333335e6,false,0
29.437,use_adaptive_ngroute,0.018863498129838785,0,false,9.708666666666668,false,false,7.333333333333334,false,1.583286e6,1.5534196875e6,false,7
40.43,use_lmSR3_cuts,0.017581946660300107,3,false,13.404666666666667,false,false,8.916666666666666,false,1.583286e6,1.55544875e6,false,0
45.831,none,0.0,0,false,15.175,true,false,8.916666666666666,false,1.563129e6,1.563129e6,false,0
