CG_time_taken,method,CG_LP_IP_gap,implemented_SR3_cuts_count,errored,CG_sp_time_taken_mean,converged,CGIP_artificial,ngroute_neighborhood_size,time_limit_reached,CGIP_objective,CGLP_objective,CGLP_artificial,cycles_lookup_length
172.634,use_adaptive_ngroute,0.21827875403606767,0,false,11.421333333333333,false,false,5.0,false,1.800049e6,1.4071365470761305e6,false,22
222.186,use_adaptive_ngroute,0.06839841865111262,0,false,24.31777777777778,false,false,7.458333333333333,false,1.653778e6,1.5406622000000002e6,false,3
186.478,use_lmSR3_cuts,0.06839841865111262,5,false,37.2528,false,false,7.75,false,1.653778e6,1.5406622000000002e6,false,0
300.557,use_lmSR3_cuts,0.057938509227745794,5,false,60.02479999999999,false,false,7.75,false,1.646556e6,1.5511569999999998e6,false,0
307.519,use_adaptive_ngroute,0.0560494861074019,0,false,76.77275,false,false,7.75,false,1.646556e6,1.5542673823529407e6,false,3
364.748,use_lmSR3_cuts,0.055601510061000003,5,false,91.14125,false,false,8.375,false,1.646556e6,1.555005e6,false,0
534.326,use_adaptive_ngroute,0.05508603176029925,0,false,133.4395,false,false,8.375,false,1.646556e6,1.5558537638888888e6,false,1
184.258,use_lmSR3_cuts,0.05448017385552484,5,false,92.0865,false,false,8.416666666666666,false,1.646556e6,1.5568513428571424e6,false,0
496.399,use_lmSR3_cuts,0.05228648463823904,5,false,124.00349999999999,false,false,8.416666666666666,false,1.646556e6,1.5604633749999998e6,false,0
745.153,use_adaptive_ngroute,0.04621918238558065,0,false,185.96925000000002,false,false,8.416666666666666,false,1.646556e6,1.570453527927928e6,false,7
41.509,none,0.04507938590204863,0,false,NaN,false,false,8.708333333333334,true,1.646556e6,1.5723302666666664e6,false,0
