CG_time_taken,method,CG_LP_IP_gap,implemented_SR3_cuts_count,errored,CG_sp_time_taken_mean,converged,CGIP_artificial,ngroute_neighborhood_size,time_limit_reached,CGIP_objective,CGLP_objective,CGLP_artificial,cycles_lookup_length
263.391,use_adaptive_ngroute,0.2889844245297971,0,false,17.280538461538463,false,false,5.0,false,1.817088e6,1.29197787e6,false,18
130.005,use_adaptive_ngroute,0.05292394457199068,0,false,10.414583333333335,false,false,6.375,false,1.597243e6,1.5127105999999999e6,false,2
46.522,use_lmSR3_cuts,0.007994571446492849,1,false,6.475142857142856,false,false,6.458333333333334,false,1.578321e6,1.565703e6,false,0
39.963,use_lmSR3_cuts,0.0076017489471407185,1,false,13.271,false,false,6.458333333333334,false,1.578321e6,1.566323e6,false,0
28.078,use_lmSR3_cuts,0.0062997324371911745,1,false,9.29,false,false,6.458333333333334,false,1.578321e6,1.568378e6,false,0
41.048,use_adaptive_ngroute,0.0002918291019380348,0,false,8.1514,false,false,6.458333333333334,false,1.578321e6,1.5778604000000001e6,false,7
43.278,none,0.0,0,false,14.375333333333334,true,false,7.0,false,1.578321e6,1.578321e6,false,0
