CG_time_taken,method,CG_LP_IP_gap,implemented_SR3_cuts_count,errored,CG_sp_time_taken_mean,converged,CGIP_artificial,ngroute_neighborhood_size,time_limit_reached,CGIP_objective,CGLP_objective,CGLP_artificial,cycles_lookup_length
58.163,use_adaptive_ngroute,0.14290820687588135,0,false,4.836222222222222,false,false,5.0,false,1.80166e6,1.5441879999999995e6,false,19
63.414,use_adaptive_ngroute,0.11108158125465417,0,false,10.287333333333333,false,false,7.125,false,1.771277e6,1.57452075e6,false,6
45.313,use_adaptive_ngroute,0.10533372979325661,0,false,11.292499999999999,false,false,7.541666666666667,false,1.761142e6,1.5756343444444444e6,false,1
46.966,use_adaptive_ngroute,0.07851877066062352,0,false,11.70775,false,false,7.625,false,1.712732e6,1.578250388888889e6,false,1
29.658,use_lmSR3_cuts,0.07851877066062396,5,false,14.792,false,false,7.875,false,1.712732e6,1.5782503888888883e6,false,0
90.357,use_lmSR3_cuts,0.054343483914712665,5,false,22.499750000000002,false,false,7.875,false,1.687194e6,1.5955060000000002e6,false,0
47.112,use_adaptive_ngroute,0.051250156458683915,0,false,23.448,false,false,7.875,false,1.683614e6,1.5973285190839693e6,false,1
98.356,use_lmSR3_cuts,0.05037942188648947,5,false,32.747,false,false,7.916666666666667,false,1.683614e6,1.5987945e6,false,0
94.149,use_lmSR3_cuts,0.046685835844361256,5,false,31.323666666666668,false,false,7.916666666666667,false,1.683614e6,1.6050130731707315e6,false,0
158.326,use_lmSR3_cuts,0.04454129399841411,5,false,39.506,false,false,7.916666666666667,false,1.683614e6,1.608623653846154e6,false,0
159.644,use_adaptive_ngroute,0.04347879026902923,0,false,39.84675,false,false,7.916666666666667,false,1.683614e6,1.6104124999999986e6,false,2
86.37,use_lmSR3_cuts,0.0433109398959054,5,false,43.1335,false,false,8.0,false,1.683614e6,1.6106950952380951e6,false,0
315.072,use_lmSR3_cuts,0.04274168544571377,5,false,52.4225,false,false,8.0,false,1.683614e6,1.6116535e6,false,0
172.787,use_adaptive_ngroute,0.0422471848735162,0,false,57.532333333333334,false,false,8.0,false,1.683614e6,1.6124860480863599e6,false,3
191.668,use_adaptive_ngroute,0.042159707247423905,0,false,63.86066666666666,false,false,8.166666666666666,false,1.683614e6,1.6126333266423356e6,false,3
140.656,use_lmSR3_cuts,0.042137125094169114,5,false,70.29449999999999,false,false,8.666666666666668,false,1.683614e6,1.6126713462717056e6,false,0
131.185,use_lmSR3_cuts,0.04183130328991247,5,false,65.542,false,false,8.666666666666668,false,1.683614e6,1.6131862321428573e6,false,0
454.931,use_adaptive_ngroute,0.04155330572965499,0,false,113.49324999999999,false,false,8.666666666666668,false,1.683614e6,1.6136542727272727e6,false,2
262.878,use_lmSR3_cuts,0.04155330572965421,5,false,131.36299999999997,false,false,8.791666666666666,false,1.683614e6,1.6136542727272739e6,false,0
266.571,use_lmSR3_cuts,0.04110044565695292,5,false,133.17499999999998,false,false,8.791666666666666,false,1.683614e6,1.6144167142857148e6,false,0
330.746,use_lmSR3_cuts,0.04050594435541677,5,false,165.2135,false,false,8.791666666666666,false,1.683614e6,1.6154176249999993e6,false,0
307.326,none,0.04029775433804428,0,false,144.416,false,false,8.791666666666666,true,1.683614e6,1.6157681366279079e6,false,0
