CG_time_taken,method,CG_LP_IP_gap,implemented_SR3_cuts_count,errored,CG_sp_time_taken_mean,converged,CGIP_artificial,ngroute_neighborhood_size,time_limit_reached,CGIP_objective,CGLP_objective,CGLP_artificial,cycles_lookup_length
237.044,use_adaptive_ngroute,0.09806704493877827,0,false,15.206076923076925,false,false,5.0,false,1.555494e6,1.4029513e6,false,18
186.837,use_adaptive_ngroute,0.05615405388048611,0,false,25.55414285714286,false,false,6.375,false,1.527731e6,1.441942711111111e6,false,13
315.266,use_adaptive_ngroute,0.03416627712095244,0,false,52.44083333333334,false,false,8.541666666666666,false,1.516724e6,1.4649031875000005e6,false,6
195.842,use_adaptive_ngroute,0.03378531624738568,0,false,48.899750000000004,false,false,9.041666666666668,false,1.516724e6,1.4654810000000002e6,false,2
183.179,use_lmSR3_cuts,0.03326712274498245,5,false,60.977000000000004,false,false,9.125,false,1.516724e6,1.4662669565217393e6,false,0
509.443,use_adaptive_ngroute,0.0238117921696146,0,false,84.81,false,false,9.125,false,1.516724e6,1.4806080833333335e6,false,4
426.296,use_adaptive_ngroute,0.022429049332215345,0,false,106.51674999999999,false,false,9.458333333333332,false,1.516724e6,1.482705322580645e6,false,2
428.777,use_lmSR3_cuts,0.020691575455329514,5,false,107.134,false,false,9.541666666666666,false,1.516724e6,1.4853405909090908e6,false,0
602.827,none,0.0,0,false,150.48299999999998,true,false,9.541666666666666,false,1.497861e6,1.497861e6,false,0
