CG_time_taken,method,CG_LP_IP_gap,implemented_SR3_cuts_count,errored,CG_sp_time_taken_mean,converged,CGIP_artificial,ngroute_neighborhood_size,time_limit_reached,CGIP_objective,CGLP_objective,CGLP_artificial,cycles_lookup_length
552.227,use_adaptive_ngroute,0.2373806482064934,0,false,23.75592307692308,false,false,5.0,false,1.772077e6,1.3514202130681819e6,false,21
108.728,use_adaptive_ngroute,0.07113787645464875,0,false,12.657250000000001,false,false,6.458333333333334,false,1.663207e6,1.544889985915493e6,false,5
79.972,use_adaptive_ngroute,0.03463512406983238,0,false,13.230500000000001,false,false,7.166666666666666,false,1.614494e6,1.5585758e6,false,4
34.956,use_lmSR3_cuts,0.03349491130554416,4,false,11.525,false,false,7.458333333333333,false,1.614494e6,1.5604166666666667e6,false,0
81.783,use_lmSR3_cuts,0.02006871739813787,5,false,16.273799999999998,false,false,7.458333333333333,false,1.600177e6,1.5680635e6,false,0
168.751,use_adaptive_ngroute,0.007630139449836593,0,false,27.931500000000003,false,false,7.458333333333333,false,1.592886e6,1.5807320576923075e6,false,5
54.259,use_adaptive_ngroute,0.0047213957315780375,0,false,18.021666666666665,false,false,7.875,false,1.592886e6,1.5853653548387096e6,false,3
50.797,use_lmSR3_cuts,0.00452180964157356,5,false,25.3275,false,false,8.333333333333332,false,1.592886e6,1.5856832727272725e6,false,0
125.23,use_adaptive_ngroute,0.0006835885125666685,0,false,31.24175,false,false,8.333333333333332,false,1.592886e6,1.5917971214285716e6,false,3
106.123,use_lmSR3_cuts,0.00025812378582401596,5,false,35.31099999999999,false,false,8.583333333333332,false,1.592886e6,1.592474838235294e6,false,0
165.243,none,0.0,0,false,41.179,true,false,8.583333333333332,false,1.592886e6,1.592886e6,false,0
