CG_time_taken,method,CG_LP_IP_gap,implemented_SR3_cuts_count,errored,CG_sp_time_taken_mean,converged,CGIP_artificial,ngroute_neighborhood_size,time_limit_reached,CGIP_objective,CGLP_objective,CGLP_artificial,cycles_lookup_length
2.279,use_adaptive_ngroute,0.3257111414756,0,false,0.12927272727272726,false,false,5.0,false,1.53724e6,1.0365438048780487e6,false,17
1.868,use_adaptive_ngroute,0.04865623334251412,0,false,0.18144444444444446,false,false,6.4,false,1.216295e6,1.1571146666666667e6,false,7
1.508,use_adaptive_ngroute,0.02347867910334256,0,false,0.23550000000000004,false,false,7.1,false,1.216295e6,1.187738e6,false,2
0.943,use_adaptive_ngroute,9.614596797247188e-5,0,false,0.22525,false,false,7.2,false,1.196098e6,1.195983e6,false,3
0.938,none,0.0,0,false,0.22825000000000004,true,false,7.35,false,1.196098e6,1.196098e6,false,0
