CG_time_taken,method,CG_LP_IP_gap,implemented_SR3_cuts_count,errored,CG_sp_time_taken_mean,converged,CGIP_artificial,ngroute_neighborhood_size,time_limit_reached,CGIP_objective,CGLP_objective,CGLP_artificial,cycles_lookup_length
138.011,use_adaptive_ngroute,0.21113780495487522,0,false,7.117846153846154,false,false,5.0,false,1.878828e6,1.4821363801922416e6,false,22
131.199,use_adaptive_ngroute,0.03075049271301844,0,false,16.198625,false,false,6.666666666666666,false,1.701802e6,1.6494707499999998e6,false,6
55.423,use_adaptive_ngroute,0.02842571302762409,0,false,18.42133333333333,false,false,7.583333333333334,false,1.701802e6,1.6534270647181633e6,false,1
32.383,use_adaptive_ngroute,0.02810620742013481,0,false,16.156499999999998,false,false,7.625,false,1.701802e6,1.6539707999999998e6,false,2
19.605,use_adaptive_ngroute,0.028105056732946387,0,false,19.578,false,false,8.125,false,1.701802e6,1.6539727582417584e6,false,3
20.912,use_lmSR3_cuts,0.02805945483883343,5,false,20.887,false,false,8.333333333333332,false,1.701802e6,1.6540503636363635e6,false,0
101.542,use_lmSR3_cuts,0.020213312910683956,5,false,33.70766666666667,false,false,8.333333333333332,false,1.701802e6,1.6674029436619722e6,false,0
244.158,use_lmSR3_cuts,0.017423472295837072,5,false,61.00175,false,false,8.333333333333332,false,1.701802e6,1.6721507e6,false,0
389.844,use_adaptive_ngroute,0.005623834244243842,0,false,77.8508,false,false,8.333333333333332,false,1.690166e6,1.6806607865707434e6,false,7
363.491,use_adaptive_ngroute,0.002582149250171417,0,false,90.80625,false,false,9.166666666666668,false,1.690166e6,1.6858017391304348e6,false,3
136.112,use_lmSR3_cuts,0.0025514822635342993,5,false,68.01249999999999,false,false,9.375,false,1.690166e6,1.6858535714285714e6,false,0
225.446,use_adaptive_ngroute,0.0011751840933654778,0,false,75.05233333333332,false,false,9.375,false,1.690166e6,1.688179743801653e6,false,2
210.802,use_lmSR3_cuts,0.0010607731776763885,5,false,105.356,false,false,9.541666666666666,false,1.690166e6,1.6883731172413793e6,false,0
481.516,use_adaptive_ngroute,9.525691559308935e-5,0,false,96.26120000000002,false,false,9.541666666666666,false,1.690166e6,1.6900049999999998e6,false,2
292.386,none,0.0,0,false,97.40933333333332,true,false,9.625,false,1.690166e6,1.690166e6,false,0
