CG_time_taken,method,CG_LP_IP_gap,implemented_SR3_cuts_count,errored,CG_sp_time_taken_mean,converged,CGIP_artificial,ngroute_neighborhood_size,time_limit_reached,CGIP_objective,CGLP_objective,CGLP_artificial,cycles_lookup_length
246.304,use_adaptive_ngroute,0.07724426104445525,0,false,13.079538461538464,false,false,5.0,false,1.4419e6,1.3305215e6,false,10
74.171,use_adaptive_ngroute,0.06934773562660379,0,false,12.243333333333334,false,false,5.583333333333333,false,1.4419e6,1.3419075e6,false,4
75.54,use_adaptive_ngroute,0.06934773562660379,0,false,12.497833333333332,false,false,5.75,false,1.4419e6,1.3419075e6,false,3
26.127,use_adaptive_ngroute,0.0693477356266039,0,false,13.0135,false,false,6.625,false,1.4419e6,1.3419074999999998e6,false,1
31.62,use_adaptive_ngroute,0.05657798984744089,0,false,10.490666666666666,false,false,6.916666666666666,false,1.428671e6,1.3478396666666667e6,false,5
27.448,use_lmSR3_cuts,0.05653208471369542,5,false,9.109333333333334,false,false,7.250000000000001,false,1.428671e6,1.34790525e6,false,0
62.233,use_adaptive_ngroute,0.04656941512871504,0,false,20.199,false,false,7.250000000000001,false,1.428671e6,1.3621386271186436e6,false,7
120.853,use_adaptive_ngroute,0.043340745816683124,0,false,20.078666666666667,false,false,7.583333333333334,false,1.428671e6,1.3667513333333335e6,false,2
46.105,use_lmSR3_cuts,0.043287549524464675,5,false,23.009,false,false,7.666666666666667,false,1.428671e6,1.3668273333333335e6,false,0
69.651,use_adaptive_ngroute,0.033477499951586664,0,false,23.101333333333333,false,false,7.666666666666667,false,1.428671e6,1.3808426666666667e6,false,1
102.977,use_lmSR3_cuts,0.033477499951586775,4,false,25.6575,false,false,7.708333333333333,false,1.428671e6,1.3808426666666665e6,false,0
89.105,use_adaptive_ngroute,0.02911438322748905,0,false,29.566666666666666,false,false,7.708333333333333,false,1.428671e6,1.387076125e6,false,4
115.719,use_lmSR3_cuts,0.02875415139120341,5,false,28.8575,false,false,8.416666666666666,false,1.428671e6,1.387590777777778e6,false,0
93.612,use_lmSR3_cuts,0.026749802205452977,5,false,31.09866666666667,false,false,8.416666666666666,false,1.428671e6,1.3904543333333333e6,false,0
128.405,use_lmSR3_cuts,0.026544809826755222,2,false,32.0225,false,false,8.416666666666666,false,1.428671e6,1.3907471999999997e6,false,0
104.548,use_lmSR3_cuts,0.02638766078004373,5,false,34.78466666666667,false,false,8.416666666666666,false,1.428671e6,1.390971714285714e6,false,0
157.378,use_lmSR3_cuts,0.026243514305313798,5,false,39.13700000000001,false,false,8.416666666666666,false,1.428671e6,1.391177652173913e6,false,0
171.668,use_adaptive_ngroute,0.026023579489842907,0,false,42.732749999999996,false,false,8.416666666666666,false,1.428671e6,1.3914918666666667e6,false,3
107.319,use_lmSR3_cuts,0.02470444997483645,5,false,53.555,false,false,8.666666666666668,false,1.428671e6,1.3933764687500005e6,false,0
127.505,use_adaptive_ngroute,0.023785129676461736,0,false,63.6095,false,false,8.666666666666668,false,1.428671e6,1.3946898749999998e6,false,1
251.412,use_adaptive_ngroute,0.023595222980526076,0,false,62.74875,false,false,8.833333333333332,false,1.428671e6,1.3949611891891889e6,false,1
226.334,use_lmSR3_cuts,0.02359522298052541,5,false,75.37233333333334,false,false,9.041666666666668,false,1.428671e6,1.3949611891891898e6,false,0
227.129,use_lmSR3_cuts,0.022895165061087464,5,false,56.6645,false,false,9.041666666666668,false,1.428671e6,1.3959613416370112e6,false,0
126.098,use_lmSR3_cuts,0.022368646831242067,5,false,62.92399999999999,false,false,9.041666666666668,false,1.428671e6,1.3967135629629625e6,false,0
161.107,use_lmSR3_cuts,0.021472092284056665,5,false,80.43950000000001,false,false,9.041666666666668,false,1.428671e6,1.3979944444444445e6,false,0
372.471,none,0.021221120887874312,0,false,93.0055,false,false,9.041666666666668,false,1.428671e6,1.3983529999999998e6,false,0
