CG_time_taken,method,CG_LP_IP_gap,implemented_SR3_cuts_count,errored,CG_sp_time_taken_mean,converged,CGIP_artificial,ngroute_neighborhood_size,time_limit_reached,CGIP_objective,CGLP_objective,CGLP_artificial,cycles_lookup_length
604.06,use_adaptive_ngroute,0.22451429509954424,0,false,33.62123076923077,false,false,5.0,false,1.406461e6,1.0906904e6,false,8
185.605,use_adaptive_ngroute,0.08483317255394551,0,false,18.04266666666666,false,false,5.583333333333333,false,1.283332e6,1.174462875e6,false,15
182.289,use_lmSR3_cuts,0.08029333017488849,2,false,19.637111111111114,false,false,6.375,false,1.283332e6,1.180289e6,false,0
190.557,use_adaptive_ngroute,0.06406565097729977,0,false,23.613625,false,false,6.375,false,1.283332e6,1.2011145e6,false,1
222.626,use_lmSR3_cuts,0.06406565097729977,2,false,36.68433333333333,false,false,6.416666666666666,false,1.283332e6,1.2011145e6,false,0
114.846,use_lmSR3_cuts,0.06293266278718213,2,false,16.314857142857146,false,false,6.416666666666666,false,1.283332e6,1.2025685e6,false,0
386.685,none,0.0,0,false,64.17233333333333,true,false,6.416666666666666,false,1.204895e6,1.204895e6,false,0
