CG_time_taken,method,CG_LP_IP_gap,implemented_SR3_cuts_count,errored,CG_sp_time_taken_mean,converged,CGIP_artificial,ngroute_neighborhood_size,time_limit_reached,CGIP_objective,CGLP_objective,CGLP_artificial,cycles_lookup_length
127.948,use_adaptive_ngroute,0.17732678227002907,0,false,8.234076923076923,false,false,5.0,false,1.606039e6,1.3212452719298247e6,false,18
154.779,use_adaptive_ngroute,0.01299191166286029,0,false,19.206124999999997,false,false,5.874999999999999,false,1.552235e6,1.5320685e6,false,6
99.24,use_adaptive_ngroute,0.010921284470457038,0,false,24.76325,false,false,6.375,false,1.552235e6,1.5352826e6,false,4
54.136,use_lmSR3_cuts,0.010036495762561715,5,false,18.011666666666667,false,false,6.958333333333333,false,1.552235e6,1.536656e6,false,0
67.51,none,0.0028714852683976444,0,false,22.427333333333333,false,false,6.958333333333333,false,1.546064e6,1.5416245e6,false,0
