CG_time_taken,method,CG_LP_IP_gap,implemented_SR3_cuts_count,errored,CG_sp_time_taken_mean,converged,CGIP_artificial,ngroute_neighborhood_size,time_limit_reached,CGIP_objective,CGLP_objective,CGLP_artificial,cycles_lookup_length
202.164,use_adaptive_ngroute,0.19290993717865346,0,false,12.546642857142858,false,false,5.0,false,1.763425e6,1.423242794030733e6,false,18
50.598,use_adaptive_ngroute,0.1236690367442812,0,false,6.0474999999999985,false,false,6.041666666666667,false,1.716777e6,1.5044648421052631e6,false,5
26.739,use_adaptive_ngroute,0.12266700269684927,0,false,8.880333333333333,false,false,6.791666666666667,false,1.716777e6,1.5061851111111112e6,false,2
17.244,use_lmSR3_cuts,0.12258953841995779,5,false,8.592,false,false,6.875,false,1.716777e6,1.5063181e6,false,0
87.615,use_lmSR3_cuts,0.004636604391643484,5,false,17.359399999999997,false,false,6.875,false,1.533306e6,1.5261966666666667e6,false,0
69.003,none,0.0,0,false,22.824999999999996,true,false,6.875,false,1.527361e6,1.527361e6,false,0
