CG_time_taken,method,CG_LP_IP_gap,implemented_SR3_cuts_count,errored,CG_sp_time_taken_mean,converged,CGIP_artificial,ngroute_neighborhood_size,time_limit_reached,CGIP_objective,CGLP_objective,CGLP_artificial,cycles_lookup_length
233.033,use_adaptive_ngroute,0.26206813859068845,0,false,11.733833333333335,false,false,5.0,false,1.757559e6,1.2969587844066883e6,false,23
134.849,use_adaptive_ngroute,0.031272194851605595,0,false,13.276000000000002,false,false,7.833333333333334,false,1.602286e6,1.5521790000000002e6,false,4
28.056,use_adaptive_ngroute,0.028647047150089477,0,false,13.989,false,false,8.125,false,1.602286e6,1.5563852374100718e6,false,4
39.942,use_lmSR3_cuts,0.02841967220993913,5,false,19.923000000000002,false,false,8.583333333333332,false,1.602286e6,1.5567495570934254e6,false,0
96.744,use_adaptive_ngroute,0.024986592073242053,0,false,32.17166666666667,false,false,8.583333333333332,false,1.602286e6,1.5622503333333333e6,false,3
96.123,use_lmSR3_cuts,0.024607602304873355,5,false,32.01366666666666,false,false,8.875,false,1.602286e6,1.5628575833333337e6,false,0
64.278,use_adaptive_ngroute,0.019309286856403873,0,false,21.344666666666665,false,false,8.875,false,1.602286e6,1.571347e6,false,6
59.897,use_lmSR3_cuts,0.019264975166730536,5,false,29.923000000000002,false,false,9.458333333333332,false,1.602286e6,1.571418e6,false,0
113.421,use_adaptive_ngroute,0.016100790638232776,0,false,56.665,false,false,9.458333333333332,false,1.602286e6,1.5764879285714286e6,false,1
104.551,use_lmSR3_cuts,0.01602465107607165,5,false,52.245,false,false,9.5,false,1.602286e6,1.5766099259259254e6,false,0
185.328,use_lmSR3_cuts,0.015166132314382241,5,false,61.65166666666668,false,false,9.5,false,1.602286e6,1.5779855185185177e6,false,0
323.378,use_adaptive_ngroute,0.011868296148069168,0,false,64.6076,false,false,9.5,false,1.602286e6,1.583269595238095e6,false,2
129.409,use_lmSR3_cuts,0.011325774820963752,5,false,64.66300000000001,false,false,9.666666666666668,false,1.602286e6,1.5841388695652173e6,false,0
147.565,use_lmSR3_cuts,0.010794161175553763,4,false,73.6555,false,false,9.666666666666668,false,1.602286e6,1.5849906666666667e6,false,0
151.709,use_lmSR3_cuts,0.0086068696017233,3,false,75.8025,false,false,9.666666666666668,false,1.602286e6,1.5884953333333333e6,false,0
166.358,use_lmSR3_cuts,0.008201407239406877,5,false,83.07300000000001,false,false,9.666666666666668,false,1.602286e6,1.5891449999999998e6,false,0
156.968,use_lmSR3_cuts,0.007728957252325697,4,false,78.416,false,false,9.666666666666668,false,1.602286e6,1.589902e6,false,0
171.118,none,0.007668002674512064,0,false,85.4875,false,false,9.666666666666668,false,1.602286e6,1.5899996666666667e6,false,0
