CG_time_taken,method,CG_LP_IP_gap,implemented_SR3_cuts_count,errored,CG_sp_time_taken_mean,converged,CGIP_artificial,ngroute_neighborhood_size,time_limit_reached,CGIP_objective,CGLP_objective,CGLP_artificial,cycles_lookup_length
107.007,use_adaptive_ngroute,0.13489836402051636,0,false,6.051916666666666,false,false,5.0,false,1.581892e6,1.3684973571428573e6,false,13
37.405,use_adaptive_ngroute,0.016750286541488024,0,false,6.009999999999999,false,false,6.208333333333334,false,1.426495e6,1.4026008e6,false,2
28.547,use_lmSR3_cuts,0.015145514004605731,5,false,6.96225,false,false,6.333333333333333,false,1.426495e6,1.40489e6,false,0
37.755,none,0.0,0,false,9.3455,true,false,6.333333333333333,false,1.411984e6,1.411984e6,false,0
