CG_time_taken,method,CG_LP_IP_gap,implemented_SR3_cuts_count,errored,CG_sp_time_taken_mean,converged,CGIP_artificial,ngroute_neighborhood_size,time_limit_reached,CGIP_objective,CGLP_objective,CGLP_artificial,cycles_lookup_length
132.712,use_adaptive_ngroute,0.14638177565896549,0,false,9.204416666666665,false,false,5.0,false,1.477138e6,1.260911916666667e6,false,15
73.638,use_adaptive_ngroute,0.0664823269244792,0,false,7.978,false,false,5.874999999999999,false,1.477138e6,1.3789344285714286e6,false,4
53.354,use_lmSR3_cuts,0.06058641778899465,1,false,8.834666666666667,false,false,6.333333333333333,false,1.477138e6,1.3876435e6,false,0
51.071,use_lmSR3_cuts,0.0569503323318471,1,false,12.732,false,false,6.333333333333333,false,1.477138e6,1.3930145e6,false,0
20.424,use_lmSR3_cuts,0.0569503323318471,1,false,10.167499999999999,false,false,6.333333333333333,false,1.477138e6,1.3930145e6,false,0
45.133,use_adaptive_ngroute,0.0569503323318471,0,false,14.988666666666669,false,false,6.333333333333333,false,1.477138e6,1.3930145e6,false,3
73.391,use_lmSR3_cuts,0.055096003217031786,5,false,24.287000000000003,false,false,6.708333333333334,false,1.477138e6,1.3957536e6,false,0
58.128,use_adaptive_ngroute,0.05207239344672676,0,false,19.276666666666664,false,false,6.708333333333334,false,1.477138e6,1.400219888888889e6,false,2
106.025,use_lmSR3_cuts,0.015841018073215807,1,false,26.45175,false,false,6.875,false,1.423709e6,1.401156e6,false,0
58.622,use_adaptive_ngroute,0.01533473483696457,0,false,29.268,false,false,6.875,false,1.423709e6,1.4018768e6,false,3
84.338,use_lmSR3_cuts,0.015280861468179197,1,false,28.060000000000002,false,false,7.208333333333333,false,1.423709e6,1.4019535e6,false,0
69.896,use_adaptive_ngroute,0.012883852769672188,0,false,34.912,false,false,7.208333333333333,false,1.423709e6,1.4053661428571427e6,false,2
138.903,use_lmSR3_cuts,0.012822845117927861,5,false,34.673500000000004,false,false,7.333333333333334,false,1.423709e6,1.405453e6,false,0
141.924,use_lmSR3_cuts,0.01031934896808262,5,false,47.211999999999996,false,false,7.333333333333334,false,1.423709e6,1.40901725e6,false,0
359.657,use_adaptive_ngroute,0.007180716003059584,0,false,59.86866666666667,false,false,7.333333333333334,false,1.423709e6,1.41348575e6,false,3
149.318,use_adaptive_ngroute,0.006602472836794604,0,false,49.724,false,false,7.583333333333334,false,1.423709e6,1.414309e6,false,3
113.298,use_adaptive_ngroute,0.006173649249952007,0,false,56.602000000000004,false,false,7.708333333333333,false,1.423709e6,1.41491952e6,false,2
55.942,use_lmSR3_cuts,0.005796596542317789,5,false,55.913,false,false,7.791666666666666,false,1.423709e6,1.4154563333333333e6,false,0
139.816,none,0.0051042734154240765,0,false,69.861,false,false,7.791666666666666,false,1.423709e6,1.416442e6,false,0
