CG_time_taken,method,CG_LP_IP_gap,implemented_SR3_cuts_count,errored,CG_sp_time_taken_mean,converged,CGIP_artificial,ngroute_neighborhood_size,time_limit_reached,CGIP_objective,CGLP_objective,CGLP_artificial,cycles_lookup_length
518.757,use_adaptive_ngroute,0.3142385088135141,0,false,28.534500000000005,false,false,5.0,false,1.944694e6,1.333596257341412e6,false,23
94.392,use_adaptive_ngroute,0.007965225638188578,0,false,11.363624999999999,false,false,6.791666666666667,false,1.581625e6,1.569027e6,false,7
41.156,use_lmSR3_cuts,0.0064018546326297665,2,false,10.23175,false,false,7.666666666666667,false,1.581625e6,1.571499666666667e6,false,0
94.245,use_lmSR3_cuts,0.002997181169156149,5,false,15.610833333333334,false,false,7.666666666666667,false,1.581625e6,1.5768845833333335e6,false,0
110.015,use_lmSR3_cuts,0.0004651334334415669,2,false,18.107166666666664,false,false,7.666666666666667,false,1.581625e6,1.580889333333333e6,false,0
68.977,none,0.0,0,false,22.890333333333334,true,false,7.666666666666667,false,1.581625e6,1.581625e6,false,0
