CG_time_taken,method,CG_LP_IP_gap,implemented_SR3_cuts_count,errored,CG_sp_time_taken_mean,converged,CGIP_artificial,ngroute_neighborhood_size,time_limit_reached,CGIP_objective,CGLP_objective,CGLP_artificial,cycles_lookup_length
4.395,use_adaptive_ngroute,0.3924122566888628,0,false,0.2553846153846154,false,false,5.0,false,1.680132e6,1.0208276103448275e6,false,18
8.177,use_adaptive_ngroute,0.05637630783894498,0,false,0.7944999999999999,false,false,6.9,false,1.27065e6,1.1990154444444445e6,false,8
3.722,use_lmSR3_cuts,0.027193242631723957,5,false,0.9182499999999999,false,false,7.8500000000000005,false,1.27065e6,1.23609690625e6,false,0
4.988,use_adaptive_ngroute,0.022861921064022406,0,false,1.465,false,false,7.8500000000000005,false,1.27065e6,1.2416005e6,false,3
3.546,use_lmSR3_cuts,0.022820982553402813,5,false,1.7665000000000002,false,false,8.0,false,1.27065e6,1.2416525185185187e6,false,0
5.602,use_adaptive_ngroute,0.017419700828035234,0,false,1.7890000000000001,false,false,8.0,false,1.27065e6,1.248515657142857e6,false,2
3.823,use_lmSR3_cuts,0.01637494052793309,5,false,1.905,false,false,8.4,false,1.27065e6,1.2498431818181819e6,false,0
11.147,none,0.004049785447367338,0,false,2.7495,false,false,8.4,false,1.255869e6,1.2507830000000002e6,false,0
