CG_time_taken,method,CG_LP_IP_gap,implemented_SR3_cuts_count,errored,CG_sp_time_taken_mean,converged,CGIP_artificial,ngroute_neighborhood_size,time_limit_reached,CGIP_objective,CGLP_objective,CGLP_artificial,cycles_lookup_length
315.863,use_adaptive_ngroute,0.15353913723730062,0,false,23.1725,false,false,5.0,false,1.754343e6,1.4849826893617024e6,false,21
65.524,use_adaptive_ngroute,0.00846975558177987,0,false,7.889125,false,false,6.25,false,1.622765e6,1.609020577083333e6,false,11
39.057,use_adaptive_ngroute,0.0020337672560702957,0,false,9.71925,false,false,6.958333333333333,false,1.621799e6,1.6185006382978724e6,false,1
27.546,use_adaptive_ngroute,0.0005274758278399627,0,false,9.167666666666667,false,false,7.083333333333333,false,1.621799e6,1.620943540229885e6,false,3
16.678,use_lmSR3_cuts,0.0003573398018701379,5,false,8.196499999999999,false,false,7.250000000000001,false,1.621799e6,1.6212194666666668e6,false,0
41.598,none,0.0,0,false,13.806666666666667,true,false,7.250000000000001,false,1.621799e6,1.621799e6,false,0
