CG_time_taken,method,CG_LP_IP_gap,implemented_SR3_cuts_count,errored,CG_sp_time_taken_mean,converged,CGIP_artificial,ngroute_neighborhood_size,time_limit_reached,CGIP_objective,CGLP_objective,CGLP_artificial,cycles_lookup_length
912.131,use_adaptive_ngroute,0.1239781468010257,0,false,35.96633333333333,false,false,5.0,false,1.34168e6,1.1753409999999998e6,false,11
103.609,use_adaptive_ngroute,0.019972486766164366,0,false,13.663428571428572,false,false,5.666666666666667,false,1.338992e6,1.312249e6,false,8
174.299,use_adaptive_ngroute,0.003033838185800053,0,false,23.746142857142853,false,false,6.0,false,1.333789e6,1.3297425e6,false,6
100.375,use_lmSR3_cuts,0.0028160376191436187,2,false,14.061285714285715,false,false,7.291666666666667,false,1.333789e6,1.330033e6,false,0
85.352,use_lmSR3_cuts,0.0019095973950902234,1,false,21.034750000000003,false,false,7.291666666666667,false,1.333789e6,1.331242e6,false,0
125.124,use_lmSR3_cuts,0.0019095973950902234,1,false,24.7848,false,false,7.291666666666667,false,1.333789e6,1.331242e6,false,0
116.627,none,0.0,0,false,23.1638,true,false,7.291666666666667,false,1.333789e6,1.333789e6,false,0
