CG_time_taken,method,CG_LP_IP_gap,implemented_SR3_cuts_count,errored,CG_sp_time_taken_mean,converged,CGIP_artificial,ngroute_neighborhood_size,time_limit_reached,CGIP_objective,CGLP_objective,CGLP_artificial,cycles_lookup_length
481.242,use_adaptive_ngroute,0.3032147361388078,0,false,30.665230769230767,false,false,5.0,false,1.786143e6,1.2445581215488215e6,false,24
547.659,use_adaptive_ngroute,0.01436223301398265,0,false,53.806400000000004,false,false,6.958333333333333,false,1.521943e6,1.5000845000000002e6,false,5
382.124,use_lmSR3_cuts,0.013560078574996859,2,false,76.32939999999999,false,false,7.333333333333334,false,1.521943e6,1.5013053333333335e6,false,0
460.139,use_adaptive_ngroute,0.008104803657817183,0,false,114.88974999999999,false,false,7.333333333333334,false,1.521333e6,1.509002894736842e6,false,15
533.109,use_adaptive_ngroute,0.0047324099513857965,0,false,76.08514285714284,false,false,8.166666666666666,false,1.521333e6,1.5141334285714284e6,false,3
211.364,use_lmSR3_cuts,0.004596110309652346,5,false,105.63250000000001,false,false,8.75,false,1.521333e6,1.5143407857142857e6,false,0
670.459,use_lmSR3_cuts,0.003371420742567577,5,false,111.64733333333335,false,false,8.75,false,1.520625e6,1.5154983333333333e6,false,0
293.399,none,1.2494862309697652e-5,0,false,195.713,false,false,8.75,true,1.520625e6,1.5206060000000002e6,false,0
