CG_time_taken,method,CG_LP_IP_gap,implemented_SR3_cuts_count,errored,CG_sp_time_taken_mean,converged,CGIP_artificial,ngroute_neighborhood_size,time_limit_reached,CGIP_objective,CGLP_objective,CGLP_artificial,cycles_lookup_length
456.039,use_adaptive_ngroute,0.3507312683332302,0,false,14.27161111111111,false,false,5.0,false,1.698305e6,1.1026563333333335e6,false,10
200.468,use_adaptive_ngroute,0.100882957485817,0,false,14.771909090909089,false,false,5.958333333333334,false,1.387043e6,1.247114e6,false,14
861.685,use_adaptive_ngroute,0.07574610476674837,0,false,85.42080000000001,false,false,7.791666666666666,false,1.384256e6,1.279404e6,false,1
432.474,use_lmSR3_cuts,0.07511616348421102,2,false,86.0568,false,false,7.833333333333334,false,1.384256e6,1.280276e6,false,0
978.967,use_adaptive_ngroute,0.01539845402648432,0,false,107.89077777777779,false,false,7.833333333333334,false,1.319446e6,1.2991285714285714e6,false,1
553.449,use_lmSR3_cuts,0.015367245040721622,5,false,78.82528571428571,false,false,7.875,false,1.319446e6,1.29916975e6,false,0
88.929,none,0.01027249315242873,0,false,NaN,false,false,7.875,true,1.319446e6,1.3058920000000005e6,false,0
