CG_time_taken,method,CG_LP_IP_gap,implemented_SR3_cuts_count,errored,CG_sp_time_taken_mean,converged,CGIP_artificial,ngroute_neighborhood_size,time_limit_reached,CGIP_objective,CGLP_objective,CGLP_artificial,cycles_lookup_length
619.018,use_adaptive_ngroute,0.197989897659818,0,false,32.13458333333334,false,false,5.0,false,1.723902e6,1.3825868194444445e6,false,24
136.767,use_adaptive_ngroute,0.0003829767903759107,0,false,17.522,false,false,7.833333333333334,false,1.544107e6,1.543515642857143e6,false,4
90.191,use_lmSR3_cuts,0.0003490690735808988,5,false,17.8616,false,false,8.458333333333334,false,1.544107e6,1.5435680000000002e6,false,0
99.107,none,0.0,0,false,32.79633333333334,true,false,8.458333333333334,false,1.544107e6,1.544107e6,false,0
