CG_time_taken,method,CG_LP_IP_gap,implemented_SR3_cuts_count,errored,CG_sp_time_taken_mean,converged,CGIP_artificial,ngroute_neighborhood_size,time_limit_reached,CGIP_objective,CGLP_objective,CGLP_artificial,cycles_lookup_length
956.155,use_adaptive_ngroute,0.2656287634206248,0,false,70.32076923076923,false,false,5.0,false,1.744682e6,1.2812442777777775e6,false,24
1067.975,use_adaptive_ngroute,0.018895714102954098,0,false,96.52909090909091,false,false,7.791666666666666,false,1.534669e6,1.5056703333333335e6,false,7
412.171,use_adaptive_ngroute,0.017948350932857515,0,false,206.033,false,false,8.416666666666666,false,1.534669e6,1.5071242222222225e6,false,2
161.147,use_lmSR3_cuts,0.016847932681249178,5,false,161.113,false,false,8.5,false,1.534669e6,1.508813e6,false,0
459.47,use_adaptive_ngroute,0.01582045813570665,0,false,229.578,false,false,8.5,false,1.534669e6,1.5103898333333333e6,false,3
527.043,none,0.014393704068154989,0,false,514.008,false,false,8.75,true,1.534669e6,1.5125794285714286e6,false,0
