CG_time_taken,method,CG_LP_IP_gap,implemented_SR3_cuts_count,errored,CG_sp_time_taken_mean,converged,CGIP_artificial,ngroute_neighborhood_size,time_limit_reached,CGIP_objective,CGLP_objective,CGLP_artificial,cycles_lookup_length
200.945,use_adaptive_ngroute,0.08245001341316904,0,false,11.387818181818181,false,false,5.0,false,1.575355e6,1.445466959119497e6,false,18
151.715,use_adaptive_ngroute,0.005317009498521763,0,false,14.3421,false,false,6.833333333333333,false,1.500444e6,1.492466125e6,false,4
74.624,use_adaptive_ngroute,0.004116836971811866,0,false,18.54875,false,false,7.083333333333333,false,1.500444e6,1.4942669166666667e6,false,5
131.537,use_lmSR3_cuts,0.004087901092387658,5,false,21.482833333333335,false,false,7.541666666666667,false,1.500444e6,1.4943103333333335e6,false,0
67.015,none,0.0,0,false,22.097333333333335,true,false,7.541666666666667,false,1.500444e6,1.500444e6,false,0
