CG_time_taken,method,CG_LP_IP_gap,implemented_SR3_cuts_count,errored,CG_sp_time_taken_mean,converged,CGIP_artificial,ngroute_neighborhood_size,time_limit_reached,CGIP_objective,CGLP_objective,CGLP_artificial,cycles_lookup_length
247.67,use_adaptive_ngroute,0.160005933935631,0,false,13.64923076923077,false,false,5.0,false,1.666444e6,1.3998030714285714e6,false,20
367.732,use_adaptive_ngroute,0.05638634516717678,0,false,51.99971428571428,false,false,7.250000000000001,false,1.567585e6,1.4791946111111112e6,false,15
441.357,use_adaptive_ngroute,0.024014404236867404,0,false,73.426,false,false,8.833333333333332,false,1.533376e6,1.4965528888888892e6,false,12
949.559,use_adaptive_ngroute,0.018883957291983,0,false,237.345,false,false,10.416666666666666,false,1.533376e6,1.5044197931034483e6,false,9
833.986,use_adaptive_ngroute,0.01846144281202622,0,false,277.95733333333334,false,false,10.916666666666666,false,1.533376e6,1.5050676666666665e6,false,3
750.218,none,0.01829673725020986,0,false,253.70399999999998,false,false,11.166666666666666,true,1.533376e6,1.5053202222222222e6,false,0
