CG_time_taken,method,CG_LP_IP_gap,implemented_SR3_cuts_count,errored,CG_sp_time_taken_mean,converged,CGIP_artificial,ngroute_neighborhood_size,time_limit_reached,CGIP_objective,CGLP_objective,CGLP_artificial,cycles_lookup_length
0.802,use_adaptive_ngroute,0.17907221510321703,0,false,0.04118181818181819,false,false,5.0,false,1.291535e6,1.0602569666666666e6,false,10
0.367,use_adaptive_ngroute,0.061275898655659966,0,false,0.038375000000000006,false,false,5.550000000000001,false,1.200738e6,1.1271617000000002e6,false,11
0.401,use_SR3_cuts,0.045227185281052185,9,false,0.06066666666666666,false,false,6.5,false,1.200738e6,1.146432e6,false,0
0.864,use_adaptive_ngroute,0.015145714862428772,0,false,0.195,false,false,6.5,false,1.188551e6,1.1705495454545454e6,false,3
0.751,use_SR3_cuts,0.012039660056657242,10,false,0.1354,false,false,6.75,false,1.188551e6,1.17424125e6,false,0
0.677,use_SR3_cuts,0.002650285936404928,10,false,0.331,false,false,6.75,false,1.188551e6,1.185401e6,false,0
1.221,none,0.0,0,false,0.59,true,false,6.75,false,1.188551e6,1.188551e6,false,0
