CG_time_taken,method,CG_LP_IP_gap,implemented_SR3_cuts_count,errored,CG_sp_time_taken_mean,converged,CGIP_artificial,ngroute_neighborhood_size,time_limit_reached,CGIP_objective,CGLP_objective,CGLP_artificial,cycles_lookup_length
0.915,use_adaptive_ngroute,0.17907221510321703,0,false,0.0529090909090909,false,false,5.0,false,1.291535e6,1.0602569666666666e6,false,10
0.535,use_adaptive_ngroute,0.061275898655659966,0,false,0.05925,false,false,5.550000000000001,false,1.200738e6,1.1271617000000002e6,false,11
0.376,use_SR3_cuts,0.04522718528105252,5,false,0.08700000000000001,false,false,6.5,false,1.200738e6,1.1464319999999995e6,false,0
0.629,use_adaptive_ngroute,0.032864621591055077,0,false,0.14625000000000002,false,false,6.5,false,1.200738e6,1.1612761999999997e6,false,2
0.673,use_SR3_cuts,0.019590521006951578,3,false,0.15475,false,false,6.7,false,1.188551e6,1.1652666666666667e6,false,0
1.68,use_SR3_cuts,0.004049636910826715,3,false,0.40549999999999997,false,false,6.7,false,1.188551e6,1.1837378e6,false,0
2.065,use_SR3_cuts,0.00041226670121852216,5,false,0.5115,false,false,6.7,false,1.188551e6,1.188061e6,false,0
2.021,none,0.0,0,false,0.6649999999999999,true,false,6.7,false,1.188551e6,1.188551e6,false,0
