CG_time_taken,method,CG_LP_IP_gap,implemented_SR3_cuts_count,errored,CG_sp_time_taken_mean,converged,CGIP_artificial,ngroute_neighborhood_size,time_limit_reached,CGIP_objective,CGLP_objective,CGLP_artificial,cycles_lookup_length
1.026,use_adaptive_ngroute,0.37775250120048653,0,false,0.06136363636363638,false,false,5.0,false,1.504174e6,935968.5092592593,false,20
1.428,use_adaptive_ngroute,0.033252087051298895,0,false,0.1263,false,false,6.949999999999999,false,1.168874e6,1.1300065e6,false,4
0.69,use_adaptive_ngroute,0.010053614904549812,0,false,0.1278,false,false,7.15,false,1.163652e6,1.1519530909090908e6,false,2
0.386,use_SR3_cuts,0.0030258187155609573,5,false,0.12033333333333333,false,false,7.25,false,1.163652e6,1.160131e6,false,0
0.917,none,0.0,0,false,0.22425,true,false,7.25,false,1.163652e6,1.163652e6,false,0
