CG_time_taken,method,CG_LP_IP_gap,implemented_SR3_cuts_count,errored,CG_sp_time_taken_mean,converged,CGIP_artificial,ngroute_neighborhood_size,time_limit_reached,CGIP_objective,CGLP_objective,CGLP_artificial,cycles_lookup_length
3.791,use_adaptive_ngroute,0.4152525324598634,0,false,0.12119047619047618,false,false,6.0,false,2.208199e6,1.291238773074662e6,false,19
10.78,use_adaptive_ngroute,0.11496365872749637,0,false,0.9465454545454546,false,false,7.571428571428571,false,1.565025e6,1.385104e6,false,4
7.748,use_adaptive_ngroute,0.10712587125871276,0,false,0.953375,false,false,7.821428571428572,false,1.565025e6,1.397370333333333e6,false,6
7.278,use_adaptive_ngroute,0.10449644684534609,0,false,1.0282857142857142,false,false,8.142857142857142,false,1.565025e6,1.4014854482758623e6,false,1
2.448,use_adaptive_ngroute,0.10372741649494421,0,false,1.214,false,false,8.178571428571429,false,1.565025e6,1.402689e6,false,1
2.093,use_SR3_cuts,0.08326895284314939,5,false,1.026,false,false,8.214285714285714,false,1.53104e6,1.4035519024390245e6,false,0
6.64,use_adaptive_ngroute,0.07357717629846372,0,false,1.6280000000000001,false,false,8.214285714285714,false,1.53104e6,1.4183904000000001e6,false,2
3.466,use_adaptive_ngroute,0.07045904641358347,0,false,1.723,false,false,8.285714285714285,false,1.53104e6,1.4231643815789472e6,false,2
5.206,use_adaptive_ngroute,0.07039001996695915,0,false,1.7189999999999999,false,false,8.428571428571429,false,1.53104e6,1.4232700638297868e6,false,3
3.198,use_adaptive_ngroute,0.07037328293912049,0,false,1.5905,false,false,8.535714285714286,false,1.53104e6,1.423295688888889e6,false,1
2.081,use_adaptive_ngroute,0.07031554201667511,0,false,2.069,false,false,8.571428571428571,false,1.53104e6,1.4233840925507897e6,false,1
3.365,use_SR3_cuts,0.07031380273636534,5,false,1.674,false,false,8.857142857142858,false,1.53104e6,1.4233867554585151e6,false,0
7.865,use_adaptive_ngroute,0.06823201361795228,0,false,2.595333333333333,false,false,8.857142857142858,false,1.53104e6,1.4265740578703703e6,false,2
2.755,use_SR3_cuts,0.06823201361795261,5,false,2.742,false,false,8.928571428571429,false,1.53104e6,1.4265740578703699e6,false,0
10.397,use_SR3_cuts,0.06649175044758004,5,false,3.4393333333333334,false,false,8.928571428571429,false,1.53104e6,1.429238470394737e6,false,0
9.017,use_adaptive_ngroute,0.024327709952257748,0,false,4.492,false,false,8.928571428571429,false,1.470112e6,1.4343475416666665e6,false,3
9.119,use_SR3_cuts,0.024194505815429923,5,false,4.5485,false,false,9.035714285714286,false,1.470112e6,1.4345433666666667e6,false,0
10.864,use_SR3_cuts,0.02306645529542861,5,false,5.417,false,false,9.035714285714286,false,1.470112e6,1.4362017272727268e6,false,0
23.249,use_adaptive_ngroute,0.021619959019469448,0,false,5.80125,false,false,9.035714285714286,false,1.470112e6,1.4383282388059697e6,false,1
6.931,use_SR3_cuts,0.021603729181961406,5,false,6.914000000000001,false,false,9.178571428571429,false,1.470112e6,1.4383520984848484e6,false,0
21.367,use_adaptive_ngroute,0.0194650407587994,0,false,7.075,false,false,9.178571428571429,false,1.470112e6,1.44149621e6,false,1
27.886,use_adaptive_ngroute,0.019445555874769038,0,false,9.269666666666668,false,false,9.392857142857142,false,1.470112e6,1.4415248549618316e6,false,1
24.907,use_SR3_cuts,0.019210591498087015,5,false,8.269,false,false,9.464285714285714,false,1.470112e6,1.4418702789115643e6,false,0
42.592,use_adaptive_ngroute,0.018631742799333106,0,false,10.629000000000001,false,false,9.464285714285714,false,1.470112e6,1.4427212513297868e6,false,1
10.704,use_SR3_cuts,0.01863095227130529,5,false,10.686,false,false,9.5,false,1.470112e6,1.4427224134945269e6,false,0
43.322,use_adaptive_ngroute,0.018255047938500524,0,false,14.192,false,false,9.5,false,1.470112e6,1.443275034965035e6,false,1
27.497,use_SR3_cuts,0.018213054989550614,5,false,13.724,false,false,9.535714285714285,false,1.470112e6,1.4433367693032017e6,false,0
39.844,use_SR3_cuts,0.017871739075871584,5,false,13.250666666666667,false,false,9.535714285714285,false,1.470112e6,1.4438385419236922e6,false,0
45.92,use_adaptive_ngroute,0.0175913877524404,0,false,15.290000000000001,false,false,9.535714285714285,false,1.470112e6,1.4442506897684843e6,false,1
14.073,use_SR3_cuts,0.017574523906169093,5,false,14.048,false,false,9.571428571428571,false,1.470112e6,1.4442754815112539e6,false,0
17.883,use_SR3_cuts,0.017410381158687427,5,false,17.855,false,false,9.571428571428571,false,1.470112e6,1.4445167897340397e6,false,0
44.653,use_SR3_cuts,0.016147651309738165,5,false,22.267,false,false,9.571428571428571,false,1.469118e6,1.4453951948031401e6,false,0
51.444,use_SR3_cuts,0.015942476128527505,5,false,25.6825,false,false,9.571428571428571,false,1.469118e6,1.44569662135501e6,false,0
89.327,use_SR3_cuts,0.0158055753502947,5,false,29.731666666666673,false,false,9.571428571428571,false,1.469118e6,1.4458977447525258e6,false,0
65.362,use_SR3_cuts,0.015652981536374067,5,false,32.6515,false,false,9.571428571428571,false,1.469118e6,1.4461219230712452e6,false,0
41.543,use_SR3_cuts,0.015593480407646632,5,false,41.501999999999995,false,false,9.571428571428571,false,1.469118e6,1.446209337250479e6,false,0
179.285,use_SR3_cuts,0.015568450334597528,5,false,44.782,false,false,9.571428571428571,false,1.469118e6,1.4462461093813367e6,false,0
106.679,use_SR3_cuts,0.015549651378168217,4,false,53.292,false,false,9.571428571428571,false,1.469118e6,1.4462737272666083e6,false,0
117.316,use_SR3_cuts,0.015540145118829396,5,false,58.607000000000006,false,false,9.571428571428571,false,1.469118e6,1.4462876930833156e6,false,0
62.096,use_SR3_cuts,0.015536229414163216,3,false,62.031000000000006,false,false,9.571428571428571,false,1.469118e6,1.4462934457155233e6,false,0
126.589,none,0.01553607858190409,0,false,63.2365,false,false,9.571428571428571,false,1.469118e6,1.4462936673059103e6,false,0
