CG_time_taken,method,CG_LP_IP_gap,implemented_SR3_cuts_count,errored,CG_sp_time_taken_mean,converged,CGIP_artificial,ngroute_neighborhood_size,time_limit_reached,CGIP_objective,CGLP_objective,CGLP_artificial,cycles_lookup_length
10.24,use_adaptive_ngroute,0.031122120339496795,0,false,0.5926874999999999,false,false,7.75,false,1.108464e6,1.07396625e6,false,3
4.623,use_adaptive_ngroute,0.025193082499747388,0,false,0.6427142857142857,false,false,8.200000000000001,false,1.108464e6,1.080538375e6,false,3
1.728,use_lmSR3_cuts,0.02422451247852886,1,false,0.5680000000000001,false,false,8.45,false,1.108464e6,1.081612e6,false,0
5.162,use_lmSR3_cuts,0.023810877033444533,1,false,1.013,false,false,8.45,false,1.108464e6,1.0820705e6,false,0
3.915,use_lmSR3_cuts,0.023810877033444533,1,false,1.2736666666666665,false,false,8.45,false,1.108464e6,1.0820705e6,false,0
1.676,use_adaptive_ngroute,0.02119644841871271,0,false,1.664,false,false,8.45,false,1.108464e6,1.0849685e6,false,2
4.957,use_lmSR3_cuts,0.021073305041931945,1,false,2.449,false,false,8.6,false,1.108464e6,1.085105e6,false,0
5.259,use_lmSR3_cuts,0.019832398706678744,1,false,2.6105,false,false,8.6,false,1.108464e6,1.0864805e6,false,0
6.534,use_lmSR3_cuts,0.019832398706678744,1,false,2.1493333333333333,false,false,8.6,false,1.108464e6,1.0864805e6,false,0
9.253,use_lmSR3_cuts,0.019510331413559623,1,false,3.053666666666667,false,false,8.6,false,1.108464e6,1.0868375e6,false,0
2.362,use_adaptive_ngroute,0.019254572092553324,0,false,2.351,false,false,8.6,false,1.108464e6,1.087121e6,false,1
27.375,use_adaptive_ngroute,0.016713819002391328,0,false,4.453,false,false,8.65,false,1.108464e6,1.0899373333333333e6,false,2
3.711,use_lmSR3_cuts,0.01594801454986383,5,false,3.6999999999999997,false,false,8.75,false,1.108464e6,1.0907861999999997e6,false,0
23.427,use_adaptive_ngroute,0.0042063525395916734,0,false,5.81975,false,false,8.75,false,1.108464e6,1.103801409638554e6,false,2
17.194,use_lmSR3_cuts,0.003419070593782658,5,false,5.693666666666666,false,false,8.9,false,1.108464e6,1.1046740833333333e6,false,0
34.008,none,0.0,0,false,8.46625,true,false,8.9,false,1.108464e6,1.108464e6,false,0
