CG_time_taken,method,CG_LP_IP_gap,implemented_SR3_cuts_count,errored,CG_sp_time_taken_mean,converged,CGIP_artificial,ngroute_neighborhood_size,time_limit_reached,CGIP_objective,CGLP_objective,CGLP_artificial,cycles_lookup_length
11.341,use_SR3_cuts,0.040885062309497844,5,false,0.576,false,false,7.291666666666667,false,1.196811e6,1.1478793076923075e6,false,0
8.821,use_adaptive_ngroute,0.028535416201889707,0,false,1.7078,false,false,7.291666666666667,false,1.196811e6,1.1626595000000002e6,false,1
4.188,use_SR3_cuts,0.028488815086698982,5,false,2.061,false,false,7.333333333333334,false,1.196811e6,1.1627152727272727e6,false,0
11.239,use_SR3_cuts,0.01826214275548399,5,false,2.7335,false,false,7.333333333333334,false,1.196811e6,1.1749546666666665e6,false,0
4.643,use_SR3_cuts,0.017990309246823433,5,false,2.2365000000000004,false,false,7.333333333333334,false,1.196811e6,1.17528e6,false,0
6.592,use_adaptive_ngroute,0.012865753959538262,0,false,3.2795,false,false,7.333333333333334,false,1.196811e6,1.181413124137931e6,false,3
27.203,use_SR3_cuts,0.011305621355418904,5,false,5.4122,false,false,8.0,false,1.196811e6,1.1832803079999997e6,false,0
17.683,use_SR3_cuts,0.008769203780258028,5,false,5.867666666666667,false,false,8.0,false,1.196811e6,1.1863159204545456e6,false,0
20.332,use_SR3_cuts,0.008188194389538439,5,false,6.733666666666666,false,false,8.0,false,1.196811e6,1.187011278884462e6,false,0
24.414,use_adaptive_ngroute,0.0067310931885563585,0,false,8.094333333333333,false,false,8.0,false,1.196811e6,1.1887551536299107e6,false,4
19.152,use_adaptive_ngroute,0.006702583106151461,0,false,9.540000000000001,false,false,8.458333333333334,false,1.196811e6,1.1887892748101437e6,false,1
8.121,use_SR3_cuts,0.006702295215026299,5,false,8.092,false,false,8.666666666666668,false,1.196811e6,1.1887896193614092e6,false,0
32.792,use_adaptive_ngroute,0.0061175351273786704,0,false,10.687333333333333,false,false,8.666666666666668,false,1.196811e6,1.1894894666666668e6,false,2
23.485,use_SR3_cuts,0.005831023518026557,5,false,11.706000000000001,false,false,8.791666666666666,false,1.196811e6,1.189832366912367e6,false,0
10.747,use_SR3_cuts,0.005726727518428398,5,false,10.713000000000001,false,false,8.791666666666666,false,1.196811e6,1.1899571895119422e6,false,0
76.88,use_SR3_cuts,0.004878092756753549,5,false,25.53966666666667,false,false,8.791666666666666,false,1.196811e6,1.190972844929697e6,false,0
89.289,use_SR3_cuts,0.0035342025508056096,5,false,29.71266666666667,false,false,8.791666666666666,false,1.196811e6,1.1925812275109678e6,false,0
63.615,use_SR3_cuts,0.0033900649338280964,5,false,31.755,false,false,8.791666666666666,false,1.196811e6,1.1927537329964803e6,false,0
72.579,use_SR3_cuts,0.0028061398985664843,5,false,36.21,false,false,8.791666666666666,false,1.196811e6,1.1934525809018568e6,false,0
116.73,use_SR3_cuts,0.0023255390815044574,5,false,58.2845,false,false,8.791666666666666,false,1.196811e6,1.1940277692463256e6,false,0
65.333,use_SR3_cuts,0.0022567323636687453,5,false,65.26400000000001,false,false,8.791666666666666,false,1.196811e6,1.1941101178831053e6,false,0
153.915,use_SR3_cuts,0.002208867757764077,5,false,76.90650000000001,false,false,8.791666666666666,false,1.196811e6,1.1941674027699626e6,false,0
307.879,use_SR3_cuts,0.0019273782517847948,5,false,102.563,false,false,8.791666666666666,false,1.196811e6,1.1945042925071032e6,false,0
184.416,use_SR3_cuts,0.0017718167648287375,2,false,92.1335,false,false,8.791666666666666,false,1.196811e6,1.1946904702058686e6,false,0
369.498,use_SR3_cuts,0.0017220131516033632,5,false,123.08866666666668,false,false,8.791666666666666,false,1.196811e6,1.1947500757180164e6,false,0
244.26,none,0.0017202696221974012,0,false,122.0505,false,false,8.791666666666666,false,1.196811e6,1.1947521623931883e6,false,0
