CG_time_taken,method,CG_LP_IP_gap,implemented_SR3_cuts_count,errored,CG_sp_time_taken_mean,converged,CGIP_artificial,ngroute_neighborhood_size,time_limit_reached,CGIP_objective,CGLP_objective,CGLP_artificial,cycles_lookup_length
15.685,use_adaptive_ngroute,0.15306971448589946,0,false,0.8918125000000001,false,false,7.291666666666667,false,1.351476e6,1.1446059545454546e6,false,4
4.126,use_adaptive_ngroute,0.14467902288474888,0,false,1.00725,false,false,7.583333333333334,false,1.351098e6,1.1556224615384615e6,false,1
5.553,use_SR3_cuts,0.14343001025832303,5,false,1.36575,false,false,7.833333333333334,false,1.351098e6,1.1573100000000002e6,false,0
10.987,use_adaptive_ngroute,0.09120610856266331,0,false,3.629,false,false,7.833333333333334,false,1.290982e6,1.1732365555555557e6,false,3
10.833,use_SR3_cuts,0.09120610856266353,5,false,3.5743333333333336,false,false,8.875,false,1.290982e6,1.1732365555555555e6,false,0
29.567,use_adaptive_ngroute,0.033311584312291864,0,false,7.31125,false,false,8.875,false,1.235269e6,1.1941202325581396e6,false,6
37.443,use_adaptive_ngroute,0.030213220396087537,0,false,12.453666666666665,false,false,10.375,false,1.235269e6,1.1979475454545454e6,false,2
60.763,use_SR3_cuts,0.030213220396087315,5,false,15.1435,false,false,10.875,false,1.235269e6,1.1979475454545456e6,false,0
19.207,use_SR3_cuts,0.02924059455875605,3,false,19.186,false,false,10.875,false,1.235269e6,1.199149e6,false,0
52.14,none,0.02924059455875605,0,false,26.0075,false,false,10.875,false,1.235269e6,1.199149e6,false,0
