CG_time_taken,method,CG_LP_IP_gap,implemented_SR3_cuts_count,errored,CG_sp_time_taken_mean,converged,CGIP_artificial,ngroute_neighborhood_size,time_limit_reached,CGIP_objective,CGLP_objective,CGLP_artificial,cycles_lookup_length
11.144,use_adaptive_ngroute,0.03504840135146359,0,false,0.6074705882352941,false,false,7.291666666666667,false,1.280608e6,1.235724736842105e6,false,4
4.514,use_SR3_cuts,0.029396062911783538,5,false,0.8830000000000001,false,false,7.583333333333334,false,1.280608e6,1.2429631666666667e6,false,0
10.153,use_adaptive_ngroute,0.020341957234947583,0,false,2.5067500000000003,false,false,7.583333333333334,false,1.280608e6,1.2545579268292682e6,false,2
7.776,use_SR3_cuts,0.01962759095679556,5,false,2.5646666666666667,false,false,7.666666666666667,false,1.280608e6,1.25547275e6,false,0
11.477,use_SR3_cuts,0.01575755422424352,3,false,3.7856666666666667,false,false,7.666666666666667,false,1.280608e6,1.26042875e6,false,0
13.263,use_SR3_cuts,0.00893989417526675,5,false,4.375333333333333,false,false,7.666666666666667,false,1.280608e6,1.2691595e6,false,0
10.424,use_SR3_cuts,0.00893989417526675,5,false,3.446,false,false,7.666666666666667,false,1.280608e6,1.2691595e6,false,0
16.208,none,0.007321912716459655,0,false,5.359333333333334,false,false,7.666666666666667,false,1.280608e6,1.2712315e6,false,0
