CG_time_taken,method,CG_LP_IP_gap,implemented_SR3_cuts_count,errored,CG_sp_time_taken_mean,converged,CGIP_artificial,ngroute_neighborhood_size,time_limit_reached,CGIP_objective,CGLP_objective,CGLP_artificial,cycles_lookup_length
9.272,use_adaptive_ngroute,0.1718990583519745,0,false,0.522,false,false,7.291666666666667,false,1.483286e6,1.2283105333333332e6,false,10
3.438,use_adaptive_ngroute,0.1671099524577031,0,false,0.6684,false,false,8.833333333333332,false,1.483286e6,1.2354141470588234e6,false,1
0.975,use_SR3_cuts,0.16518277661893932,5,false,0.47650000000000003,false,false,8.875,false,1.483286e6,1.2382727e6,false,0
21.573,use_adaptive_ngroute,0.040969522868543384,0,false,4.2308,false,false,8.875,false,1.327221e6,1.272845388888889e6,false,5
15.871,use_SR3_cuts,0.004375667475986056,5,false,3.93075,false,false,9.333333333333334,false,1.281049e6,1.2754435555555555e6,false,0
14.162,none,0.0,0,false,4.682666666666666,true,false,9.333333333333334,false,1.281049e6,1.281049e6,false,0
