CG_time_taken,method,CG_LP_IP_gap,implemented_SR3_cuts_count,errored,CG_sp_time_taken_mean,converged,CGIP_artificial,ngroute_neighborhood_size,time_limit_reached,CGIP_objective,CGLP_objective,CGLP_artificial,cycles_lookup_length
9.739,use_adaptive_ngroute,0.05328145259910644,0,false,0.4699444444444444,false,false,7.291666666666667,false,1.301832e6,1.2324685e6,false,3
1.598,use_adaptive_ngroute,0.05118530955840972,0,false,0.5196666666666667,false,false,7.75,false,1.301832e6,1.2351973260869563e6,false,2
0.929,use_SR3_cuts,0.0488229664042672,7,false,0.451,false,false,7.833333333333334,false,1.301832e6,1.2382727e6,false,0
18.582,use_adaptive_ngroute,0.007576395074140874,0,false,4.439,false,false,7.833333333333334,false,1.281049e6,1.2713432666666668e6,false,6
16.483,use_SR3_cuts,0.005472348172354091,8,false,4.07175,false,false,8.666666666666668,false,1.281049e6,1.274038653846154e6,false,0
13.827,use_SR3_cuts,0.0024543393986160567,2,false,6.763999999999999,false,false,8.666666666666668,false,1.281049e6,1.2779048709677423e6,false,0
22.831,use_SR3_cuts,0.002111394646106435,10,false,7.559333333333333,false,false,8.666666666666668,false,1.281049e6,1.2783442e6,false,0
32.755,none,0.0,0,false,10.844666666666667,true,false,8.666666666666668,false,1.281049e6,1.281049e6,false,0
