CG_time_taken,method,CG_LP_IP_gap,implemented_SR3_cuts_count,errored,CG_sp_time_taken_mean,converged,CGIP_artificial,ngroute_neighborhood_size,time_limit_reached,CGIP_objective,CGLP_objective,CGLP_artificial,cycles_lookup_length
6.547,use_adaptive_ngroute,0.03159408208794112,0,false,0.35474999999999995,false,false,7.291666666666667,false,1.167236e6,1.13035825e6,false,2
1.959,use_adaptive_ngroute,0.02321928437384102,0,false,0.47274999999999995,false,false,7.708333333333333,false,1.167236e6,1.1401336153846153e6,false,2
2.008,use_SR3_cuts,0.022391073156299846,2,false,0.48275,false,false,7.875,false,1.167236e6,1.1411003333333333e6,false,0
2.538,use_adaptive_ngroute,0.020256614771991255,0,false,0.8320000000000001,false,false,7.875,false,1.167236e6,1.14359175e6,false,2
2.086,use_adaptive_ngroute,0.020226129648731273,0,false,0.6866666666666668,false,false,8.041666666666666,false,1.167236e6,1.1436273333333335e6,false,1
1.659,use_SR3_cuts,0.018539524140790742,2,false,0.819,false,false,8.083333333333334,false,1.167236e6,1.145596e6,false,0
2.641,use_adaptive_ngroute,0.015700338234941547,0,false,1.291,false,false,8.083333333333334,false,1.167236e6,1.1489099999999998e6,false,2
1.663,use_SR3_cuts,0.01467947278091919,4,false,1.65,false,false,8.458333333333334,false,1.167236e6,1.150101590909091e6,false,0
11.251,use_adaptive_ngroute,0.013553070312213977,0,false,2.1189999999999998,false,false,8.458333333333334,false,1.167236e6,1.1514163684210526e6,false,2
4.368,use_SR3_cuts,0.013434777162078193,10,false,2.156,false,false,9.041666666666668,false,1.167236e6,1.1515544444444445e6,false,0
12.886,use_adaptive_ngroute,0.009815802480981795,0,false,4.186333333333334,false,false,9.041666666666668,false,1.167236e6,1.1557786419753088e6,false,1
9.553,use_SR3_cuts,0.009791336113690874,2,false,3.1590000000000003,false,false,9.083333333333334,false,1.167236e6,1.1558072e6,false,0
7.394,use_SR3_cuts,0.009289349150555681,1,false,3.6685,false,false,9.083333333333334,false,1.167236e6,1.156393137254902e6,false,0
12.918,use_adaptive_ngroute,0.008650076634942439,0,false,6.392499999999999,false,false,9.083333333333334,false,1.167236e6,1.1571393191489363e6,false,1
14.332,use_adaptive_ngroute,0.008646326047434427,0,false,7.1305,false,false,9.291666666666666,false,1.167236e6,1.1571436969696968e6,false,1
7.543,use_SR3_cuts,0.008639027397873145,1,false,7.5200000000000005,false,false,9.375,false,1.167236e6,1.157152216216216e6,false,0
7.725,use_SR3_cuts,0.00856277788613058,1,false,7.693,false,false,9.375,false,1.167236e6,1.1572412173913044e6,false,0
16.26,use_SR3_cuts,0.008561721879723483,10,false,8.0845,false,false,9.375,false,1.167236e6,1.157242449999999e6,false,0
22.013,use_SR3_cuts,0.007018734857389575,10,false,10.98,false,false,9.375,false,1.167236e6,1.15904348e6,false,0
29.279,use_SR3_cuts,0.003952024168111468,10,false,14.593000000000002,false,false,9.375,false,1.167236e6,1.1626230551181103e6,false,0
53.091,use_adaptive_ngroute,0.0033403580709419067,0,false,26.4355,false,false,9.375,false,1.167236e6,1.163337013806706e6,false,1
40.616,use_SR3_cuts,0.003338968409504095,10,false,20.252000000000002,false,false,9.666666666666668,false,1.167236e6,1.163338635869564e6,false,0
54.146,use_adaptive_ngroute,0.0022269254554971862,0,false,26.9855,false,false,9.666666666666668,false,1.167236e6,1.1646366524390273e6,false,1
57.418,use_SR3_cuts,0.0021808830974687776,10,false,28.62,false,false,9.708333333333334,false,1.167236e6,1.164690394736843e6,false,0
90.029,none,0.0019370547172972152,0,false,29.943666666666672,false,false,9.708333333333334,false,1.167236e6,1.164975000000001e6,false,0
