CG_time_taken,method,CG_LP_IP_gap,implemented_SR3_cuts_count,errored,CG_sp_time_taken_mean,converged,CGIP_artificial,ngroute_neighborhood_size,time_limit_reached,CGIP_objective,CGLP_objective,CGLP_artificial,cycles_lookup_length
6.522,use_adaptive_ngroute,0.10331385671013171,0,false,0.3358235294117647,false,false,7.291666666666667,false,1.333829e6,1.1960259818181817e6,false,3
1.574,use_adaptive_ngroute,0.09532317724522266,0,false,0.376,false,false,7.5,false,1.333829e6,1.2066841818181819e6,false,3
1.465,use_SR3_cuts,0.08941392703928974,7,false,0.4776666666666667,false,false,7.75,false,1.333829e6,1.2145661111111112e6,false,0
13.62,use_adaptive_ngroute,0.07324244007748626,0,false,2.6399999999999997,false,false,7.75,false,1.326171e6,1.229039e6,false,2
13.765,use_adaptive_ngroute,0.0749288741798757,0,false,2.7047999999999996,false,false,8.458333333333334,false,1.326171e6,1.2268025e6,false,1
5.045,use_SR3_cuts,0.04070961820049368,1,false,2.4985,false,false,8.5,false,1.281196e6,1.2290390000000002e6,false,0
8.701,use_adaptive_ngroute,0.03492620628652754,0,false,2.859,false,false,8.5,false,1.281196e6,1.236448684210526e6,false,1
6.596,use_SR3_cuts,0.03440184015560466,10,false,3.2860000000000005,false,false,8.541666666666666,false,1.281196e6,1.2371205e6,false,0
9.027,use_SR3_cuts,0.03000087418318509,1,false,4.4895,false,false,8.541666666666666,false,1.281196e6,1.242759e6,false,0
12.271,use_SR3_cuts,0.02973861922765919,1,false,6.0905,false,false,8.541666666666666,false,1.281196e6,1.243095e6,false,0
17.295,use_adaptive_ngroute,0.028547544637978928,0,false,5.731333333333334,false,false,8.541666666666666,false,1.281196e6,1.244621e6,false,1
21.253,use_adaptive_ngroute,0.028365878444828074,0,false,10.584,false,false,8.583333333333332,false,1.281196e6,1.24485375e6,false,1
26.523,use_SR3_cuts,0.02733461546867144,2,false,8.820666666666666,false,false,8.625,false,1.281196e6,1.246175e6,false,0
10.357,use_adaptive_ngroute,0.02604893509178141,0,false,10.334999999999999,false,false,8.625,false,1.281196e6,1.24782220855615e6,false,1
21.214,use_SR3_cuts,0.02577838727772097,2,false,10.58,false,false,8.708333333333334,false,1.281196e6,1.248168833333333e6,false,0
72.284,use_adaptive_ngroute,0.02318076746834752,0,false,17.6725,false,false,8.708333333333334,false,1.281196e6,1.251496893442623e6,false,2
23.249,use_SR3_cuts,0.023045179117283876,10,false,11.573,false,false,8.791666666666666,false,1.281196e6,1.2516706086956523e6,false,0
43.128,use_SR3_cuts,0.017333413466791958,10,false,14.313333333333334,false,false,8.791666666666666,false,1.281196e6,1.2589885e6,false,0
76.13,use_SR3_cuts,0.01573347611658682,10,false,25.31266666666667,false,false,8.791666666666666,false,1.281196e6,1.2610383333333335e6,false,0
113.567,use_SR3_cuts,0.011544681688047898,10,false,37.784000000000006,false,false,8.791666666666666,false,1.281196e6,1.2664049999999998e6,false,0
157.88,use_SR3_cuts,0.010283498274969105,10,false,52.53966666666667,false,false,8.791666666666666,false,1.281196e6,1.2680208231441027e6,false,0
93.742,none,0.0027947559814930356,0,false,46.761500000000005,false,false,8.791666666666666,false,1.272383e6,1.268827e6,false,0
