CG_time_taken,method,CG_LP_IP_gap,implemented_SR3_cuts_count,errored,CG_sp_time_taken_mean,converged,CGIP_artificial,ngroute_neighborhood_size,time_limit_reached,CGIP_objective,CGLP_objective,CGLP_artificial,cycles_lookup_length
8.802,use_adaptive_ngroute,0.02903535077646846,0,false,0.42666666666666664,false,false,7.291666666666667,false,1.255814e6,1.219351e6,false,4
2.983,use_SR3_cuts,0.02181851771042531,5,false,0.47716666666666663,false,false,7.541666666666667,false,1.255814e6,1.228414e6,false,0
2.506,use_SR3_cuts,0.020460195538511416,5,false,1.2395,false,false,7.541666666666667,false,1.255814e6,1.2301197999999998e6,false,0
8.346,use_adaptive_ngroute,0.01840336228135686,0,false,2.0585000000000004,false,false,7.541666666666667,false,1.255814e6,1.2327028e6,false,1
12.515,use_SR3_cuts,0.01840336228135686,5,false,3.0140000000000002,false,false,7.583333333333334,false,1.255814e6,1.2327028e6,false,0
10.916,use_SR3_cuts,0.01565645867939014,5,false,3.604,false,false,7.583333333333334,false,1.255814e6,1.2361524000000004e6,false,0
6.047,use_adaptive_ngroute,0.01483957815408965,0,false,2.9894999999999996,false,false,7.583333333333334,false,1.255814e6,1.23717825e6,false,1
11.016,use_SR3_cuts,0.014537184646770784,5,false,3.644,false,false,7.625,false,1.255814e6,1.2375580000000002e6,false,0
4.239,use_adaptive_ngroute,0.01353050690627755,0,false,4.2170000000000005,false,false,7.625,false,1.255814e6,1.2388222e6,false,1
12.878,use_adaptive_ngroute,0.013157085246582656,0,false,6.387,false,false,7.666666666666667,false,1.255814e6,1.239291148148148e6,false,2
12.45,use_SR3_cuts,0.013138092105996368,5,false,6.1915,false,false,8.041666666666666,false,1.255814e6,1.2393150000000002e6,false,0
29.179,use_SR3_cuts,0.013040799180307094,5,false,7.243,false,false,8.041666666666666,false,1.255814e6,1.2394371818181819e6,false,0
41.929,use_adaptive_ngroute,0.011853732585664578,0,false,10.427000000000001,false,false,8.041666666666666,false,1.255814e6,1.2409279166666663e6,false,3
37.815,use_SR3_cuts,0.01182861352201714,5,false,12.558,false,false,8.541666666666666,false,1.255814e6,1.2409594615384615e6,false,0
32.501,none,0.011828184747104231,0,false,16.171499999999998,false,false,8.541666666666666,false,1.255814e6,1.24096e6,false,0
