CG_time_taken,method,CG_LP_IP_gap,implemented_SR3_cuts_count,errored,CG_sp_time_taken_mean,converged,CGIP_artificial,ngroute_neighborhood_size,time_limit_reached,CGIP_objective,CGLP_objective,CGLP_artificial,cycles_lookup_length
5.982,use_adaptive_ngroute,0.02903535077646846,0,false,0.26026315789473686,false,false,7.291666666666667,false,1.255814e6,1.219351e6,false,4
2.298,use_SR3_cuts,0.02181851771042509,1,false,0.3643333333333333,false,false,7.541666666666667,false,1.255814e6,1.2284140000000002e6,false,0
1.776,use_SR3_cuts,0.02181851771042509,1,false,0.579,false,false,7.541666666666667,false,1.255814e6,1.2284140000000002e6,false,0
0.585,use_SR3_cuts,0.02047357331579358,1,false,0.571,false,false,7.541666666666667,false,1.255814e6,1.230103e6,false,0
1.295,use_SR3_cuts,0.020442701522064954,10,false,0.6365,false,false,7.541666666666667,false,1.255814e6,1.2301417692307695e6,false,0
3.469,use_SR3_cuts,0.01756111971995855,10,false,1.095,false,false,7.541666666666667,false,1.255814e6,1.2337605e6,false,0
3.731,use_SR3_cuts,0.016092351255838633,1,false,1.8085,false,false,7.541666666666667,false,1.255814e6,1.2356050000000002e6,false,0
3.272,use_SR3_cuts,0.01598086977848634,1,false,1.5995,false,false,7.541666666666667,false,1.255814e6,1.235745e6,false,0
3.817,use_SR3_cuts,0.015798318859321703,10,false,1.8785,false,false,7.541666666666667,false,1.255814e6,1.2359742499999998e6,false,0
4.025,use_SR3_cuts,0.014267399471577735,10,false,1.983,false,false,7.541666666666667,false,1.255814e6,1.2378968e6,false,0
4.405,use_adaptive_ngroute,0.013374575154763368,0,false,2.163,false,false,7.541666666666667,false,1.255814e6,1.239018021276596e6,false,1
6.52,use_adaptive_ngroute,0.01328909883441054,0,false,3.1774999999999998,false,false,7.583333333333334,false,1.255814e6,1.2391253636363635e6,false,3
5.437,use_adaptive_ngroute,0.013258220544092092,0,false,2.6870000000000003,false,false,7.958333333333333,false,1.255814e6,1.2391641410256415e6,false,1
6.341,use_SR3_cuts,0.013250768027749715,1,false,3.1355,false,false,8.0,false,1.255814e6,1.2391734999999995e6,false,0
6.679,use_SR3_cuts,0.0132000262600811,10,false,3.309,false,false,8.0,false,1.255814e6,1.2392372222222225e6,false,0
11.25,use_SR3_cuts,0.012237947152876072,3,false,5.5809999999999995,false,false,8.0,false,1.255814e6,1.2404454146341581e6,false,0
11.712,use_SR3_cuts,0.012160638438494686,10,false,5.8185,false,false,8.0,false,1.255814e6,1.2405425000000002e6,false,0
12.121,use_SR3_cuts,0.011941941356647612,3,false,5.9959999999999996,false,false,8.0,false,1.255814e6,1.240817142857143e6,false,0
39.074,use_SR3_cuts,0.011922944002853875,10,false,9.3215,false,false,8.0,false,1.255814e6,1.240841e6,false,0
56.944,none,0.011828184747103121,0,false,14.144499999999999,false,false,8.0,false,1.255814e6,1.2409600000000014e6,false,0
