CG_time_taken,method,CG_LP_IP_gap,implemented_SR3_cuts_count,errored,CG_sp_time_taken_mean,converged,CGIP_artificial,ngroute_neighborhood_size,time_limit_reached,CGIP_objective,CGLP_objective,CGLP_artificial,cycles_lookup_length
11.981,use_adaptive_ngroute,0.02904717588968886,0,false,0.647764705882353,false,false,7.291666666666667,false,1.269926e6,1.233038236111111e6,false,8
1.812,use_adaptive_ngroute,0.019442104572163443,0,false,0.889,false,false,8.583333333333332,false,1.269926e6,1.2452359659090908e6,false,1
1.722,use_SR3_cuts,0.01844818779466939,5,false,0.8495,false,false,8.666666666666668,false,1.269926e6,1.2464981666666667e6,false,0
7.044,use_adaptive_ngroute,0.009732823654264755,0,false,3.4949999999999997,false,false,8.666666666666668,false,1.269926e6,1.2575660341880342e6,false,3
10.248,use_SR3_cuts,0.009524176999289757,5,false,3.396666666666667,false,false,9.0,false,1.269926e6,1.257831e6,false,0
9.663,use_SR3_cuts,0.0072164834801397015,5,false,3.2063333333333333,false,false,9.0,false,1.269926e6,1.2607616e6,false,0
15.496,use_SR3_cuts,0.004317836892333338,5,false,5.133,false,false,9.0,false,1.269926e6,1.2644426666666667e6,false,0
9.811,use_SR3_cuts,0.0005169155088124988,5,false,4.866499999999999,false,false,9.0,false,1.269926e6,1.2692695555555557e6,false,0
14.751,none,0.0,0,false,7.3495,true,false,9.0,false,1.269926e6,1.269926e6,false,0
