CG_time_taken,method,CG_LP_IP_gap,implemented_SR3_cuts_count,errored,CG_sp_time_taken_mean,converged,CGIP_artificial,ngroute_neighborhood_size,time_limit_reached,CGIP_objective,CGLP_objective,CGLP_artificial,cycles_lookup_length
4.648,use_adaptive_ngroute,0.3565209653601391,0,false,0.13244999999999998,false,false,6.0,false,1.879248e6,1.2092566888888893e6,false,21
8.576,use_adaptive_ngroute,0.2106627716967464,0,false,0.6571666666666667,false,false,7.571428571428571,false,1.600697e6,1.2634897333333332e6,false,8
5.657,use_adaptive_ngroute,0.19912380248607853,0,false,1.1068,false,false,8.321428571428571,false,1.591422e6,1.274532e6,false,4
4.911,use_lmSR3_cuts,0.19279807487768574,5,false,1.218,false,false,8.785714285714286,false,1.579536e6,1.2750044999999998e6,false,0
18.419,use_adaptive_ngroute,0.11905994802825637,0,false,2.000777777777778,false,false,8.785714285714286,false,1.473493e6,1.2980590000000005e6,false,2
10.864,use_lmSR3_cuts,0.11386673254188062,5,false,1.7858333333333334,false,false,8.928571428571429,false,1.473493e6,1.3057111666666667e6,false,0
11.098,use_lmSR3_cuts,0.10830613605448647,5,false,2.186,false,false,8.928571428571429,false,1.473493e6,1.3139046666666665e6,false,0
21.692,use_adaptive_ngroute,0.09782085775908755,0,false,5.395,false,false,8.928571428571429,false,1.473493e6,1.3293546508379888e6,false,6
12.169,use_lmSR3_cuts,0.09777261868958254,5,false,6.0680000000000005,false,false,9.321428571428571,false,1.473493e6,1.329425730769231e6,false,0
35.653,use_adaptive_ngroute,0.08966380807264573,0,false,8.88925,false,false,9.321428571428571,false,1.473493e6,1.341374006451613e6,false,7
44.152,use_lmSR3_cuts,0.01262780456440149,5,false,10.99975,false,false,9.857142857142858,false,1.359302e6,1.342137e6,false,0
52.642,use_adaptive_ngroute,0.010387721050950982,0,false,10.503599999999999,false,false,9.857142857142858,false,1.359302e6,1.3451819500000002e6,false,1
29.693,use_lmSR3_cuts,0.010322439735319544,5,false,14.8125,false,false,9.892857142857142,false,1.359302e6,1.3452706870229007e6,false,0
126.32,use_adaptive_ngroute,0.006124580368312427,0,false,20.997166666666665,false,false,9.892857142857142,false,1.359302e6,1.3509768456561922e6,false,3
41.517,use_lmSR3_cuts,0.006123013936274457,5,false,20.7355,false,false,10.0,false,1.359302e6,1.3509789749103943e6,false,0
145.772,use_adaptive_ngroute,0.0026495895853190232,0,false,24.229499999999998,false,false,10.0,false,1.359302e6,1.3557004075774967e6,false,1
69.042,use_adaptive_ngroute,0.002385951667281727,0,false,22.98633333333333,false,false,10.035714285714285,false,1.359302e6,1.3560587711267606e6,false,2
73.036,use_lmSR3_cuts,0.0023563758625856357,5,false,24.316000000000003,false,false,10.107142857142858,false,1.359302e6,1.3560989735772356e6,false,0
195.958,none,-1.1102230246251565e-15,0,false,32.622666666666674,true,false,10.107142857142858,false,1.359302e6,1.3593020000000014e6,false,0
