CG_time_taken,method,CG_LP_IP_gap,implemented_SR3_cuts_count,errored,CG_sp_time_taken_mean,converged,CGIP_artificial,ngroute_neighborhood_size,time_limit_reached,CGIP_objective,CGLP_objective,CGLP_artificial,cycles_lookup_length
16.558,use_adaptive_ngroute,0.064638578506371,0,false,0.8429444444444444,false,false,7.291666666666667,false,1.267343e6,1.1854237500000002e6,false,4
4.187,use_adaptive_ngroute,0.06342021588998892,0,false,1.0205000000000002,false,false,7.583333333333334,false,1.267343e6,1.1869678333333337e6,false,3
2.492,use_adaptive_ngroute,0.06312609661841095,0,false,0.8146666666666667,false,false,7.833333333333334,false,1.267343e6,1.1873405833333333e6,false,3
0.772,use_SR3_cuts,0.062001861374545,5,false,0.755,false,false,7.958333333333333,false,1.267343e6,1.188765375e6,false,0
24.807,use_adaptive_ngroute,0.05329709954530848,0,false,4.8958,false,false,7.958333333333333,false,1.265474e6,1.1980279062500002e6,false,4
17.684,use_SR3_cuts,0.05320150789348499,5,false,5.854333333333333,false,false,8.333333333333332,false,1.265474e6,1.198148875e6,false,0
24.715,use_SR3_cuts,0.026616596442742058,5,false,8.183333333333334,false,false,8.333333333333332,false,1.237278e6,1.204345870786517e6,false,0
23.751,use_SR3_cuts,0.022939603441317735,3,false,11.7655,false,false,8.333333333333332,false,1.237278e6,1.2088953333333333e6,false,0
32.35,use_SR3_cuts,0.020582792520061344,5,false,16.1225,false,false,8.333333333333332,false,1.237278e6,1.2118113636363635e6,false,0
51.126,use_SR3_cuts,0.01804108157854034,4,false,17.00633333333333,false,false,8.333333333333332,false,1.237278e6,1.2149561666666667e6,false,0
44.126,use_SR3_cuts,0.017343112840044306,5,false,22.0095,false,false,8.333333333333332,false,1.237278e6,1.2158197480314956e6,false,0
124.502,use_adaptive_ngroute,0.016255643436640765,0,false,39.251,false,false,8.333333333333332,false,1.237278e6,1.21716525e6,false,1
70.576,use_SR3_cuts,0.016145550865464653,5,false,35.222500000000004,false,false,8.375,false,1.237278e6,1.2173014651162797e6,false,0
208.619,use_SR3_cuts,0.015359954135880982,5,false,69.44899999999998,false,false,8.375,false,1.237278e6,1.2182734666666654e6,false,0
282.576,use_adaptive_ngroute,0.013809656568094297,0,false,94.099,false,false,8.375,false,1.237278e6,1.2201916157407414e6,false,2
173.278,use_SR3_cuts,0.013495414084279789,5,false,57.68066666666666,false,false,8.625,false,1.237278e6,1.2205804210526305e6,false,0
354.06,use_SR3_cuts,0.012859245487644055,5,false,116.48466666666666,false,false,8.625,false,1.237278e6,1.2213675384615387e6,false,0
225.709,use_SR3_cuts,0.01264353146081787,5,false,112.7265,false,false,8.625,false,1.237278e6,1.2216344366812222e6,false,0
290.363,use_SR3_cuts,0.012093726451111286,5,false,96.67266666666666,false,false,8.625,false,1.237278e6,1.2223146983240219e6,false,0
317.595,use_SR3_cuts,0.011778139862935633,1,false,79.30725,false,false,8.625,false,1.237278e6,1.2227051666666667e6,false,0
288.984,use_SR3_cuts,0.01173696524862411,4,false,96.23533333333333,false,false,8.625,false,1.237278e6,1.2227561111111129e6,false,0
95.735,none,0.011716377941469514,0,false,95.607,false,false,8.625,false,1.237278e6,1.2227815833333344e6,false,0
