CG_time_taken,method,CG_LP_IP_gap,implemented_SR3_cuts_count,errored,CG_sp_time_taken_mean,converged,CGIP_artificial,ngroute_neighborhood_size,time_limit_reached,CGIP_objective,CGLP_objective,CGLP_artificial,cycles_lookup_length
12.069,use_adaptive_ngroute,0.05154718566227945,0,false,0.5732777777777779,false,false,7.291666666666667,false,1.24985e6,1.18542375e6,false,4
2.618,use_adaptive_ngroute,0.05031177074582294,0,false,0.6242500000000001,false,false,7.583333333333334,false,1.24985e6,1.1869678333333333e6,false,3
0.953,use_SR3_cuts,0.04887356482777916,5,false,0.449,false,false,7.833333333333334,false,1.24985e6,1.1887653750000002e6,false,0
21.584,use_SR3_cuts,0.031120229245165554,1,false,4.2478,false,false,7.833333333333334,false,1.237278e6,1.198773625e6,false,0
9.7,use_SR3_cuts,0.031120229245165554,1,false,3.1176666666666666,false,false,7.833333333333334,false,1.237278e6,1.198773625e6,false,0
29.317,use_adaptive_ngroute,0.028553419071040587,0,false,5.709199999999999,false,false,7.833333333333334,false,1.237278e6,1.201949482758621e6,false,3
13.356,use_adaptive_ngroute,0.02822122433276919,0,false,6.640499999999999,false,false,8.458333333333334,false,1.237278e6,1.2023605e6,false,3
11.191,use_SR3_cuts,0.027908137863923876,1,false,5.5555,false,false,9.041666666666668,false,1.237278e6,1.202747875e6,false,0
23.562,use_SR3_cuts,0.027633509472675732,10,false,7.808666666666667,false,false,9.041666666666668,false,1.237278e6,1.2030876666666667e6,false,0
23.86,use_adaptive_ngroute,0.024284457494596845,0,false,7.881,false,false,9.041666666666668,false,1.237278e6,1.2072313750000002e6,false,4
29.91,use_adaptive_ngroute,0.022593249117256464,0,false,9.908999999999999,false,false,9.416666666666666,false,1.237278e6,1.2093238699186991e6,false,2
23.417,use_SR3_cuts,0.021599228306007245,3,false,11.6465,false,false,9.5,false,1.237278e6,1.21055375e6,false,0
39.441,use_SR3_cuts,0.02046346900211593,10,false,19.6645,false,false,9.5,false,1.237278e6,1.211959e6,false,0
39.904,use_SR3_cuts,0.01958809707165865,3,false,19.881,false,false,9.5,false,1.237278e6,1.2130420784313723e6,false,0
109.968,use_SR3_cuts,0.018991132425233093,1,false,36.56966666666667,false,false,9.5,false,1.237278e6,1.2137806896551724e6,false,0
64.541,use_SR3_cuts,0.018938659781208678,10,false,32.089499999999994,false,false,9.5,false,1.237278e6,1.2138456129032257e6,false,0
109.318,use_SR3_cuts,0.01777611822080405,10,false,54.523500000000006,false,false,9.5,false,1.237278e6,1.215284e6,false,0
103.88,use_SR3_cuts,0.01694393954823714,10,false,51.8455,false,false,9.5,false,1.237278e6,1.2163136363636362e6,false,0
120.546,use_SR3_cuts,0.015997491935996644,10,false,60.196,false,false,9.5,false,1.237278e6,1.217484655172414e6,false,0
332.273,use_SR3_cuts,0.013285641753967292,2,false,81.83874999999999,false,false,9.5,false,1.237278e6,1.2208399677419348e6,false,0
289.703,use_SR3_cuts,0.011961484945617995,2,false,72.30675000000001,false,false,9.5,false,1.237278e6,1.2224783178294557e6,false,0
95.463,use_SR3_cuts,0.011957738069192758,10,false,95.351,false,false,9.5,false,1.237278e6,1.2224829537572253e6,false,0
275.534,use_SR3_cuts,0.011776196272325068,10,false,91.61166666666665,false,false,9.5,false,1.237278e6,1.2227075714285702e6,false,0
482.447,none,0.01171637794147029,0,false,120.34549999999999,false,false,9.5,false,1.237278e6,1.2227815833333335e6,false,0
