CG_time_taken,method,CG_LP_IP_gap,implemented_SR3_cuts_count,errored,CG_sp_time_taken_mean,converged,CGIP_artificial,ngroute_neighborhood_size,time_limit_reached,CGIP_objective,CGLP_objective,CGLP_artificial,cycles_lookup_length
8.5,use_adaptive_ngroute,0.1310095758135994,0,false,0.4317222222222222,false,false,7.291666666666667,false,1.338911e6,1.1635008378378379e6,false,5
2.32,use_SR3_cuts,0.1305243830680788,5,false,0.56975,false,false,7.958333333333333,false,1.338911e6,1.1641504677419355e6,false,0
9.487,use_SR3_cuts,0.06465901935554519,5,false,1.8182000000000003,false,false,7.958333333333333,false,1.278445e6,1.195782e6,false,0
5.011,use_adaptive_ngroute,0.0631414205017291,0,false,1.6429999999999998,false,false,7.958333333333333,false,1.278445e6,1.197722166666667e6,false,1
5.065,use_SR3_cuts,0.06312700194376752,5,false,1.6693333333333333,false,false,8.0,false,1.278445e6,1.1977406e6,false,0
12.341,use_SR3_cuts,0.05857163615534122,5,false,4.096666666666667,false,false,8.0,false,1.278445e6,1.2035643846153847e6,false,0
17.107,use_SR3_cuts,0.05785051831119292,5,false,4.253000000000001,false,false,8.0,false,1.278445e6,1.204486294117647e6,false,0
34.227,use_SR3_cuts,0.017572074102390034,5,false,6.804,false,false,8.0,false,1.226897e6,1.205337875e6,false,0
15.493,use_SR3_cuts,0.017050168025514845,2,false,7.670499999999999,false,false,8.0,false,1.226897e6,1.2059782e6,false,0
37.79,use_SR3_cuts,0.01641343975900189,5,false,9.41,false,false,8.0,false,1.226897e6,1.2067594e6,false,0
44.14,use_SR3_cuts,0.015812548138066762,5,false,10.998000000000001,false,false,8.0,false,1.226897e6,1.2074966321270503e6,false,0
24.084,use_SR3_cuts,0.015526246530615406,5,false,11.9925,false,false,8.0,false,1.226897e6,1.2078478947103275e6,false,0
69.698,use_adaptive_ngroute,0.014904151921527165,0,false,23.186,false,false,8.0,false,1.226897e6,1.2086111407199341e6,false,3
25.494,use_SR3_cuts,0.01489683714231338,5,false,25.463,false,false,8.375,false,1.226897e6,1.208620115200607e6,false,0
135.518,use_SR3_cuts,0.014628584686952717,5,false,33.825250000000004,false,false,8.375,false,1.226897e6,1.2089492333333318e6,false,0
113.635,use_SR3_cuts,0.014402373558434878,5,false,37.839666666666666,false,false,8.375,false,1.226897e6,1.209226771088277e6,false,0
74.284,use_adaptive_ngroute,0.014203562804172343,0,false,37.0475,false,false,8.375,false,1.226897e6,1.2094706914062493e6,false,1
112.327,use_SR3_cuts,0.01408957939139821,5,false,37.40266666666667,false,false,8.416666666666666,false,1.226897e6,1.2096105373134317e6,false,0
111.18,use_SR3_cuts,0.013979153010986178,5,false,55.521,false,false,8.416666666666666,false,1.226897e6,1.20974601910828e6,false,0
78.625,none,0.013956805752067925,0,false,39.254000000000005,false,false,8.416666666666666,false,1.226897e6,1.2097734368932052e6,false,0
