CG_time_taken,method,CG_LP_IP_gap,implemented_SR3_cuts_count,errored,CG_sp_time_taken_mean,converged,CGIP_artificial,ngroute_neighborhood_size,time_limit_reached,CGIP_objective,CGLP_objective,CGLP_artificial,cycles_lookup_length
8.478,use_adaptive_ngroute,0.08604155146536063,0,false,0.4835625,false,false,7.291666666666667,false,1.329195e6,1.214829e6,false,6
3.027,use_adaptive_ngroute,0.056814269672440076,0,false,0.7419999999999999,false,false,8.333333333333332,false,1.294531e6,1.2209831666666665e6,false,3
1.869,use_SR3_cuts,0.056698526338882616,5,false,0.6053333333333333,false,false,8.458333333333334,false,1.294531e6,1.221133e6,false,0
8.95,use_SR3_cuts,0.04803164585896713,5,false,2.1705,false,false,8.458333333333334,false,1.294531e6,1.2323525454545454e6,false,0
4.625,use_SR3_cuts,0.04658308684766921,5,false,1.5036666666666665,false,false,8.458333333333334,false,1.294531e6,1.23422775e6,false,0
6.909,none,0.0,0,false,3.3819999999999997,true,false,8.458333333333334,false,1.240232e6,1.240232e6,false,0
