CG_time_taken,method,CG_LP_IP_gap,implemented_SR3_cuts_count,errored,CG_sp_time_taken_mean,converged,CGIP_artificial,ngroute_neighborhood_size,time_limit_reached,CGIP_objective,CGLP_objective,CGLP_artificial,cycles_lookup_length
6.414,use_adaptive_ngroute,0.020482458120738678,0,false,0.29847368421052634,false,false,7.291666666666667,false,1.240232e6,1.214829e6,false,6
2.372,use_adaptive_ngroute,0.015520348880961987,0,false,0.46199999999999997,false,false,8.333333333333332,false,1.240232e6,1.2209831666666667e6,false,3
1.21,use_SR3_cuts,0.01539953815092665,4,false,0.38766666666666666,false,false,8.458333333333334,false,1.240232e6,1.221133e6,false,0
5.884,use_SR3_cuts,0.0051925768727141275,1,false,1.1506,false,false,8.458333333333334,false,1.240232e6,1.233792e6,false,0
4.342,use_SR3_cuts,0.0013639921133034028,1,false,1.412,false,false,8.458333333333334,false,1.240232e6,1.2385403333333335e6,false,0
1.267,use_SR3_cuts,0.0011739739016570772,10,false,1.252,false,false,8.458333333333334,false,1.240232e6,1.238776e6,false,0
5.484,none,0.0,0,false,1.7886666666666666,true,false,8.458333333333334,false,1.240232e6,1.240232e6,false,0
