CG_time_taken,method,CG_LP_IP_gap,implemented_SR3_cuts_count,errored,CG_sp_time_taken_mean,converged,CGIP_artificial,ngroute_neighborhood_size,time_limit_reached,CGIP_objective,CGLP_objective,CGLP_artificial,cycles_lookup_length
12.192,use_adaptive_ngroute,0.07753573982153483,0,false,0.7812857142857144,false,false,7.291666666666667,false,1.331463e6,1.2282270312499998e6,false,9
8.633,use_adaptive_ngroute,0.06975885803738757,0,false,1.3863333333333334,false,false,8.416666666666666,false,1.326773e6,1.2342188306451612e6,false,6
9.113,use_adaptive_ngroute,0.06012240057476126,0,false,1.7874000000000003,false,false,9.541666666666666,false,1.326773e6,1.2470042222222222e6,false,2
6.459,use_adaptive_ngroute,0.05783242498905239,0,false,2.121,false,false,9.666666666666668,false,1.326773e6,1.2500425e6,false,2
6.175,use_adaptive_ngroute,0.05751884951060904,0,false,2.0303333333333335,false,false,9.75,false,1.326773e6,1.2504585434782607e6,false,1
4.261,use_SR3_cuts,0.05750965353949444,5,false,2.1115,false,false,9.791666666666666,false,1.326773e6,1.2504707444444443e6,false,0
30.981,use_SR3_cuts,0.053495586660265215,5,false,6.143800000000001,false,false,9.791666666666666,false,1.326773e6,1.2557965e6,false,0
76.54,use_adaptive_ngroute,0.044764124367128066,0,false,12.688500000000001,false,false,9.791666666666666,false,1.326773e6,1.2673811684210524e6,false,4
27.614,use_SR3_cuts,0.04277744094043456,5,false,13.763,false,false,10.0,false,1.325457e6,1.2687573414634145e6,false,0
52.203,use_adaptive_ngroute,0.03809108674289319,0,false,13.012749999999999,false,false,10.0,false,1.325457e6,1.274968902439025e6,false,5
13.655,use_adaptive_ngroute,0.037939876147324636,0,false,13.635,false,false,10.208333333333334,false,1.325457e6,1.2751693255813955e6,false,1
15.509,use_SR3_cuts,0.03791651172565591,5,false,15.49,false,false,10.25,false,1.325457e6,1.2752002941176472e6,false,0
25.569,use_SR3_cuts,0.03693750677922936,5,false,12.7445,false,false,10.25,false,1.325457e6,1.276497923076923e6,false,0
72.904,use_adaptive_ngroute,0.010620342727153842,0,false,24.255,false,false,10.25,false,1.294174e6,1.2804294285714284e6,false,1
58.961,use_SR3_cuts,0.009931044820866597,5,false,29.45,false,false,10.291666666666668,false,1.294174e6,1.2813214999999998e6,false,0
132.374,use_SR3_cuts,0.008734099467648249,5,false,33.02975,false,false,10.291666666666668,false,1.294174e6,1.2828705555555557e6,false,0
107.904,use_SR3_cuts,0.008555263820784753,5,false,35.925333333333334,false,false,10.291666666666668,false,1.294174e6,1.2831019999999998e6,false,0
145.361,use_SR3_cuts,0.007804172736284309,5,false,48.406666666666666,false,false,10.291666666666668,false,1.294174e6,1.284074042553192e6,false,0
162.827,use_SR3_cuts,0.0074563529956684915,5,false,54.18966666666666,false,false,10.291666666666668,false,1.294174e6,1.2845241818181837e6,false,0
131.237,use_SR3_cuts,0.0071021312010822735,5,false,65.56899999999999,false,false,10.291666666666668,false,1.294174e6,1.2849826064549705e6,false,0
246.923,use_SR3_cuts,0.006756850315337237,5,false,82.21566666666668,false,false,10.291666666666668,false,1.294174e6,1.2854294599999988e6,false,0
237.667,use_SR3_cuts,0.006679098891672952,5,false,79.17933333333335,false,false,10.291666666666668,false,1.294174e6,1.285530083870968e6,false,0
192.661,none,0.006493538914218777,0,false,96.26549999999999,false,false,10.291666666666668,false,1.294174e6,1.2857702307692298e6,false,0
