CG_time_taken,method,CG_LP_IP_gap,implemented_SR3_cuts_count,errored,CG_sp_time_taken_mean,converged,CGIP_artificial,ngroute_neighborhood_size,time_limit_reached,CGIP_objective,CGLP_objective,CGLP_artificial,cycles_lookup_length
16.002,use_SR3_cuts,0.03448026391943515,3,false,0.8779999999999999,false,false,7.291666666666667,false,1.20946e6,1.1677575e6,false,0
10.192,use_adaptive_ngroute,0.031602808967087226,0,false,1.6635,false,false,7.291666666666667,false,1.20946e6,1.1712376666666667e6,false,2
4.351,use_SR3_cuts,0.031602808967087226,2,false,1.4156666666666666,false,false,7.458333333333333,false,1.20946e6,1.1712376666666667e6,false,0
3.905,use_SR3_cuts,0.029077439518462755,2,false,1.9224999999999999,false,false,7.458333333333333,false,1.20946e6,1.174292e6,false,0
7.421,use_SR3_cuts,0.02873789404637872,1,false,2.442333333333333,false,false,7.458333333333333,false,1.20946e6,1.1747026666666667e6,false,0
1.857,use_adaptive_ngroute,0.027676517640634057,0,false,1.784,false,false,7.458333333333333,false,1.20946e6,1.1759863589743588e6,false,5
10.576,use_SR3_cuts,0.027406721456958882,2,false,2.59475,false,false,7.708333333333333,false,1.20946e6,1.1763126666666665e6,false,0
8.226,use_SR3_cuts,0.025736003395454787,1,false,2.7096666666666667,false,false,7.708333333333333,false,1.20946e6,1.1783333333333333e6,false,0
6.522,use_SR3_cuts,0.025201605124049786,1,false,3.231,false,false,7.708333333333333,false,1.20946e6,1.1789796666666667e6,false,0
13.183,use_SR3_cuts,0.023639666271915605,2,false,4.363666666666667,false,false,7.708333333333333,false,1.20946e6,1.180868769230769e6,false,0
19.155,use_SR3_cuts,0.02227817005569055,5,false,4.7585,false,false,7.708333333333333,false,1.20946e6,1.1825154444444445e6,false,0
17.857,use_SR3_cuts,0.021013602029923417,5,false,5.886333333333333,false,false,7.708333333333333,false,1.20946e6,1.1840448888888888e6,false,0
11.859,none,0.020583786703707974,0,false,5.900499999999999,false,false,7.708333333333333,false,1.20946e6,1.1845647333333334e6,false,0
