CG_time_taken,method,CG_LP_IP_gap,implemented_SR3_cuts_count,errored,CG_sp_time_taken_mean,converged,CGIP_artificial,ngroute_neighborhood_size,time_limit_reached,CGIP_objective,CGLP_objective,CGLP_artificial,cycles_lookup_length
10.433,use_SR3_cuts,0.03448026391943515,2,false,0.48668421052631583,false,false,7.291666666666667,false,1.20946e6,1.1677575e6,false,0
5.467,use_adaptive_ngroute,0.03247675271057604,0,false,0.8831666666666665,false,false,7.291666666666667,false,1.20946e6,1.1701806666666667e6,false,2
4.343,use_SR3_cuts,0.031602808967087226,1,false,1.046,false,false,7.416666666666667,false,1.20946e6,1.1712376666666667e6,false,0
0.947,use_SR3_cuts,0.031602808967087226,2,false,0.9319999999999999,false,false,7.416666666666667,false,1.20946e6,1.1712376666666667e6,false,0
3.989,use_SR3_cuts,0.029611837789867645,10,false,0.9780000000000001,false,false,7.416666666666667,false,1.20946e6,1.1736456666666667e6,false,0
8.914,use_SR3_cuts,0.027726974572674368,10,false,2.195,false,false,7.416666666666667,false,1.20946e6,1.1759253333333333e6,false,0
10.743,use_SR3_cuts,0.025736003395454787,10,false,2.6215,false,false,7.416666666666667,false,1.20946e6,1.1783333333333333e6,false,0
5.121,use_SR3_cuts,0.022271739270234403,10,false,2.5195,false,false,7.416666666666667,false,1.20946e6,1.1825232222222222e6,false,0
10.266,none,0.020583786703708085,0,false,5.077499999999999,false,false,7.416666666666667,false,1.20946e6,1.1845647333333332e6,false,0
