CG_time_taken,method,CG_LP_IP_gap,implemented_SR3_cuts_count,errored,CG_sp_time_taken_mean,converged,CGIP_artificial,ngroute_neighborhood_size,time_limit_reached,CGIP_objective,CGLP_objective,CGLP_artificial,cycles_lookup_length
8.739,use_adaptive_ngroute,0.07006434410238815,0,false,0.4805,false,false,7.291666666666667,false,1.225539e6,1.1396724137931033e6,false,4
2.194,use_SR3_cuts,0.06982087545345594,10,false,0.6946666666666667,false,false,8.083333333333334,false,1.225539e6,1.139970794117647e6,false,0
12.292,use_SR3_cuts,0.011477178571641544,2,false,2.93425,false,false,8.083333333333334,false,1.174313e6,1.1608352e6,false,0
10.31,use_SR3_cuts,0.004782157738183912,10,false,2.53475,false,false,8.083333333333334,false,1.174313e6,1.16869725e6,false,0
19.461,none,0.004500503698758318,0,false,2.698285714285714,false,false,8.083333333333334,false,1.174313e6,1.169028e6,false,0
