CG_time_taken,method,CG_LP_IP_gap,implemented_SR3_cuts_count,errored,CG_sp_time_taken_mean,converged,CGIP_artificial,ngroute_neighborhood_size,time_limit_reached,CGIP_objective,CGLP_objective,CGLP_artificial,cycles_lookup_length
19.288,use_adaptive_ngroute,0.07095053281375574,0,false,0.8867499999999999,false,false,7.291666666666667,false,1.226708e6,1.1396724137931033e6,false,4
2.215,use_SR3_cuts,0.07070729617998195,5,false,1.0730000000000002,false,false,8.083333333333334,false,1.226708e6,1.1399707941176468e6,false,0
12.608,use_SR3_cuts,0.012727583418276733,5,false,3.0537500000000004,false,false,8.083333333333334,false,1.174313e6,1.1593668333333333e6,false,0
9.101,use_SR3_cuts,0.008546188281999711,4,false,2.996,false,false,8.083333333333334,false,1.174313e6,1.1642771e6,false,0
3.387,use_SR3_cuts,0.004782157738183912,1,false,3.3649999999999998,false,false,8.083333333333334,false,1.174313e6,1.16869725e6,false,0
8.957,none,0.004500503698758318,0,false,4.456,false,false,8.083333333333334,false,1.174313e6,1.169028e6,false,0
