CG_time_taken,method,CG_LP_IP_gap,implemented_SR3_cuts_count,errored,CG_sp_time_taken_mean,converged,CGIP_artificial,ngroute_neighborhood_size,time_limit_reached,CGIP_objective,CGLP_objective,CGLP_artificial,cycles_lookup_length
10.904,use_adaptive_ngroute,0.06494466509113972,0,false,0.7095,false,false,7.291666666666667,false,1.279572e6,1.1964706250000002e6,false,6
8.1,use_adaptive_ngroute,0.05513386507363405,0,false,1.122142857142857,false,false,8.0,false,1.279572e6,1.20902425e6,false,2
6.44,use_adaptive_ngroute,0.05268871153792054,0,false,1.5707499999999996,false,false,8.166666666666666,false,1.279572e6,1.212153e6,false,1
3.511,use_SR3_cuts,0.05268871153792054,5,false,1.704,false,false,8.291666666666666,false,1.279572e6,1.212153e6,false,0
13.592,use_adaptive_ngroute,0.0458901389230969,0,false,4.484,false,false,8.291666666666666,false,1.279572e6,1.220852263157895e6,false,1
15.11,use_SR3_cuts,0.04585828295927641,5,false,3.72225,false,false,8.708333333333334,false,1.279572e6,1.2208930251572328e6,false,0
25.0,use_SR3_cuts,0.04117783133735342,5,false,4.9486,false,false,8.708333333333334,false,1.279572e6,1.226882e6,false,0
24.767,use_adaptive_ngroute,0.03816863153860972,0,false,8.189666666666668,false,false,8.708333333333334,false,1.279572e6,1.230732487804878e6,false,1
7.436,use_SR3_cuts,0.03815392358358305,5,false,7.420999999999999,false,false,8.75,false,1.279572e6,1.2307513076923075e6,false,0
30.567,use_SR3_cuts,0.03364679752292177,3,false,10.149333333333333,false,false,8.75,false,1.279572e6,1.2365185e6,false,0
40.768,use_SR3_cuts,0.0323727354940867,5,false,20.340000000000003,false,false,8.75,false,1.279572e6,1.2381487540983604e6,false,0
89.521,use_SR3_cuts,0.026225697514862034,5,false,22.33075,false,false,8.75,false,1.276779e6,1.243294580152672e6,false,0
96.373,none,0.02418899433652988,0,false,32.00366666666666,false,false,8.75,false,1.276779e6,1.2458949999999998e6,false,0
