CG_time_taken,method,CG_LP_IP_gap,implemented_SR3_cuts_count,errored,CG_sp_time_taken_mean,converged,CGIP_artificial,ngroute_neighborhood_size,time_limit_reached,CGIP_objective,CGLP_objective,CGLP_artificial,cycles_lookup_length
4.625,use_adaptive_ngroute,0.9999804623167011,0,false,0.13845000000000002,false,true,6.0,false,6.0e10,1.1722609979304636e6,false,26
6.589,use_adaptive_ngroute,0.03345219548349043,0,false,0.4932500000000001,false,false,8.357142857142856,false,1.388373e6,1.341928875e6,false,5
5.861,use_adaptive_ngroute,0.02711477151073005,0,false,0.8240000000000001,false,false,9.071428571428571,false,1.388373e6,1.3507275833333333e6,false,4
5.396,use_adaptive_ngroute,0.018968178873694175,0,false,0.7574285714285713,false,false,9.357142857142858,false,1.388373e6,1.3620380925925926e6,false,1
1.609,use_adaptive_ngroute,0.0187959440654637,0,false,0.792,false,false,9.392857142857142,false,1.388373e6,1.36227721875e6,false,2
0.9,use_lmSR3_cuts,0.01870072619773888,5,false,0.89,false,false,9.464285714285714,false,1.388373e6,1.3624094166666667e6,false,0
5.422,use_adaptive_ngroute,0.01370458581597056,0,false,1.33725,false,false,9.464285714285714,false,1.388373e6,1.3693459230769235e6,false,1
6.382,use_adaptive_ngroute,0.012088471680382407,0,false,1.5865,false,false,9.535714285714285,false,1.388373e6,1.3715896923076925e6,false,1
2.647,use_lmSR3_cuts,0.012088471680382407,5,false,1.3155,false,false,9.571428571428571,false,1.388373e6,1.3715896923076925e6,false,0
9.661,use_lmSR3_cuts,0.009110183886702816,5,false,1.5865,false,false,9.571428571428571,false,1.388373e6,1.3757246666666667e6,false,0
8.402,use_lmSR3_cuts,0.008009014868482711,4,false,2.0855,false,false,9.571428571428571,false,1.388373e6,1.3772535e6,false,0
15.594,use_adaptive_ngroute,0.0034381370616298756,0,false,2.5849999999999995,false,false,9.571428571428571,false,1.388373e6,1.3835995833333337e6,false,1
11.774,use_lmSR3_cuts,0.0014218081164069085,5,false,2.9305,false,false,9.607142857142858,false,1.388373e6,1.3863989999999998e6,false,0
7.912,none,0.0,0,false,2.5696666666666665,true,false,9.607142857142858,false,1.388373e6,1.388373e6,false,0
