CG_time_taken,method,CG_LP_IP_gap,implemented_SR3_cuts_count,errored,CG_sp_time_taken_mean,converged,CGIP_artificial,ngroute_neighborhood_size,time_limit_reached,CGIP_objective,CGLP_objective,CGLP_artificial,cycles_lookup_length
8.646,use_adaptive_ngroute,0.045666350080353246,0,false,0.46906250000000005,false,false,7.291666666666667,false,1.302602e6,1.2431169210526317e6,false,8
2.527,use_adaptive_ngroute,0.04123843962789109,0,false,0.6062500000000001,false,false,8.416666666666666,false,1.302602e6,1.2488847260638298e6,false,2
0.848,use_SR3_cuts,0.04112044868939524,5,false,0.837,false,false,8.5,false,1.302602e6,1.2490384212962964e6,false,0
13.693,use_adaptive_ngroute,0.004585793540173633,0,false,2.6481999999999997,false,false,8.5,false,1.275638e6,1.2697881875e6,false,1
10.554,use_SR3_cuts,0.0034614835870370175,2,false,2.565,false,false,8.666666666666668,false,1.275638e6,1.2712223999999992e6,false,0
2.43,use_adaptive_ngroute,0.0019194316883012208,0,false,2.414,false,false,8.666666666666668,false,1.275638e6,1.2731894999999988e6,false,3
4.216,use_SR3_cuts,0.001874821657868453,1,false,1.3616666666666666,false,false,8.833333333333332,false,1.275638e6,1.27324640625e6,false,0
10.553,use_SR3_cuts,0.0010339924022332303,10,false,3.4846666666666666,false,false,8.833333333333332,false,1.275638e6,1.274319e6,false,0
39.465,none,0.0,0,false,7.8126,true,false,8.833333333333332,false,1.275638e6,1.275638e6,false,0
