CG_time_taken,method,CG_LP_IP_gap,implemented_SR3_cuts_count,errored,CG_sp_time_taken_mean,converged,CGIP_artificial,ngroute_neighborhood_size,time_limit_reached,CGIP_objective,CGLP_objective,CGLP_artificial,cycles_lookup_length
15.632,use_adaptive_ngroute,0.08387474875057466,0,false,0.904625,false,false,7.291666666666667,false,1.356929e6,1.2431169210526315e6,false,7
7.015,use_adaptive_ngroute,0.07723923058452586,0,false,1.1435,false,false,8.375,false,1.353422e6,1.2488847260638298e6,false,2
2.597,use_adaptive_ngroute,0.07714473599725957,0,false,1.2710000000000001,false,false,8.458333333333334,false,1.353422e6,1.249012617117117e6,false,1
2.795,use_SR3_cuts,0.07712567011893101,5,false,1.3749999999999998,false,false,8.5,false,1.353422e6,1.2490384212962962e6,false,0
15.997,use_adaptive_ngroute,0.009569281719374545,0,false,2.627666666666667,false,false,8.5,false,1.275638e6,1.2634310606060605e6,false,4
9.339,use_adaptive_ngroute,0.006734052555139591,0,false,3.0763333333333334,false,false,9.083333333333334,false,1.275638e6,1.2670477866666669e6,false,3
10.819,use_adaptive_ngroute,0.006479916541979547,0,false,3.5763333333333334,false,false,9.208333333333334,false,1.275638e6,1.2673719722222222e6,false,1
8.202,use_adaptive_ngroute,0.006479916541979547,0,false,4.076499999999999,false,false,9.25,false,1.275638e6,1.2673719722222222e6,false,2
7.289,use_adaptive_ngroute,0.00634045604369482,0,false,3.617,false,false,9.375,false,1.275638e6,1.2675498733333333e6,false,3
7.694,use_SR3_cuts,0.00626083771414776,5,false,3.8245000000000005,false,false,9.5,false,1.275638e6,1.2676514375e6,false,0
33.268,use_SR3_cuts,0.0015461544210293443,5,false,6.609200000000001,false,false,9.5,false,1.275638e6,1.273665666666667e6,false,0
57.979,none,0.0,0,false,14.432500000000001,true,false,9.5,false,1.275638e6,1.275638e6,false,0
