CG_time_taken,method,CG_LP_IP_gap,implemented_SR3_cuts_count,errored,CG_sp_time_taken_mean,converged,CGIP_artificial,ngroute_neighborhood_size,time_limit_reached,CGIP_objective,CGLP_objective,CGLP_artificial,cycles_lookup_length
9.532,use_lmSR3_cuts,0.07996320452347605,8,false,0.4185,false,false,7.291666666666667,false,1.247645e6,1.1478793076923077e6,false,0
7.931,use_lmSR3_cuts,0.055778193186670655,4,false,0.9554999999999999,false,false,7.291666666666667,false,1.247645e6,1.1780536161616163e6,false,0
2.446,use_lmSR3_cuts,0.05280107722950056,2,false,0.7853333333333334,false,false,7.291666666666667,false,1.247645e6,1.1817679999999998e6,false,0
3.887,use_lmSR3_cuts,0.05145009865252814,1,false,0.7537999999999999,false,false,7.291666666666667,false,1.247645e6,1.1834535416666665e6,false,0
3.257,use_lmSR3_cuts,0.05067051324695726,5,false,0.8015,false,false,7.291666666666667,false,1.247645e6,1.1844261875e6,false,0
5.129,use_lmSR3_cuts,0.052801077229500226,10,false,1.0008,false,false,7.291666666666667,false,1.247645e6,1.1817680000000002e6,false,0
5.577,use_adaptive_ngroute,0.049875164810503136,0,false,1.0758,false,false,7.291666666666667,false,1.247645e6,1.1854184999999998e6,false,6
5.309,use_lmSR3_cuts,0.04832469738841605,6,false,1.29325,false,false,8.333333333333332,false,1.247645e6,1.1873529329268297e6,false,0
4.438,use_lmSR3_cuts,0.04627224357355919,10,false,1.4393333333333334,false,false,8.333333333333332,false,1.247645e6,1.1899136666666667e6,false,0
8.906,use_lmSR3_cuts,0.04185889415659105,2,false,2.173,false,false,8.333333333333332,false,1.247645e6,1.19541996e6,false,0
4.945,use_adaptive_ngroute,0.041616232851544366,0,false,2.4165,false,false,8.333333333333332,false,1.247645e6,1.195722715163935e6,false,3
5.109,use_lmSR3_cuts,0.041601077229499794,10,false,2.5055,false,false,8.666666666666668,false,1.247645e6,1.1957416240000008e6,false,0
2.25,use_lmSR3_cuts,0.039675787020584385,1,false,2.1809999999999996,false,false,8.666666666666668,false,1.247645e6,1.198143702702703e6,false,0
8.368,use_adaptive_ngroute,0.03990150113378943,0,false,2.7409999999999997,false,false,8.666666666666668,false,1.247645e6,1.1978620916179332e6,false,2
6.357,use_lmSR3_cuts,0.03980839895821986,2,false,3.1214999999999997,false,false,8.958333333333332,false,1.247645e6,1.1979782500817718e6,false,0
5.58,use_lmSR3_cuts,0.0394403595284023,2,false,2.7355,false,false,8.958333333333332,false,1.247645e6,1.1984374326361865e6,false,0
11.665,use_adaptive_ngroute,0.038939656627467234,0,false,2.86475,false,false,8.958333333333332,false,1.247645e6,1.1990621321070236e6,false,1
3.125,use_lmSR3_cuts,0.03876714209920762,3,false,3.093,false,false,9.041666666666668,false,1.247645e6,1.1992773689956341e6,false,0
5.89,use_lmSR3_cuts,0.038714877290354166,10,false,2.8945000000000003,false,false,9.041666666666668,false,1.247645e6,1.199342576923076e6,false,0
17.076,use_lmSR3_cuts,0.037299836528383534,1,false,4.15825,false,false,9.041666666666668,false,1.247645e6,1.201108045454545e6,false,0
4.284,use_lmSR3_cuts,0.0372998306479313,10,false,4.188000000000001,false,false,9.041666666666668,false,1.247645e6,1.2011080527912618e6,false,0
17.853,use_lmSR3_cuts,0.035965407173245145,10,false,4.382,false,false,9.041666666666668,false,1.247645e6,1.2027729395673366e6,false,0
10.608,use_lmSR3_cuts,0.03503681587348684,10,false,5.1595,false,false,9.041666666666668,false,1.247645e6,1.2039314918595236e6,false,0
31.178,use_adaptive_ngroute,0.03498946616913989,0,false,6.158399999999999,false,false,9.041666666666668,false,1.247645e6,1.2039905674814035e6,false,2
19.358,use_lmSR3_cuts,0.03504295367325738,1,false,4.79375,false,false,9.291666666666666,false,1.247645e6,1.2039238340643288e6,false,0
15.592,use_lmSR3_cuts,0.034838764972013325,10,false,5.141333333333333,false,false,9.291666666666666,false,1.247645e6,1.2041785890764925e6,false,0
22.271,use_adaptive_ngroute,0.03429787404082818,0,false,7.339666666666667,false,false,9.291666666666666,false,1.247645e6,1.2048534289423309e6,false,3
16.298,use_adaptive_ngroute,0.03416986294951252,0,false,8.103,false,false,9.416666666666666,false,1.247645e6,1.2050131413403554e6,false,1
19.718,use_lmSR3_cuts,0.034165624901654534,10,false,9.7845,false,false,9.458333333333332,false,1.247645e6,1.2050184289195752e6,false,0
48.436,use_lmSR3_cuts,0.03439832028156553,10,false,7.997,false,false,9.458333333333332,false,1.247645e6,1.2047281076923062e6,false,0
31.97,use_lmSR3_cuts,0.03395077756407883,2,false,10.526666666666667,false,false,9.458333333333332,false,1.247645e6,1.2052864821260648e6,false,0
20.835,use_lmSR3_cuts,0.033908099911171274,10,false,10.315999999999999,false,false,9.458333333333332,false,1.247645e6,1.2053397286863266e6,false,0
40.863,use_lmSR3_cuts,0.0336764782455814,1,false,13.561000000000002,false,false,9.458333333333332,false,1.247645e6,1.2056287102992916e6,false,0
26.173,use_lmSR3_cuts,0.03367605276692387,10,false,13.0065,false,false,9.458333333333332,false,1.247645e6,1.2056292411456113e6,false,0
54.458,use_adaptive_ngroute,0.03369444607093475,0,false,13.548249999999998,false,false,9.458333333333332,false,1.247645e6,1.2056062928318286e6,false,1
29.095,use_lmSR3_cuts,0.033669680462390605,1,false,14.472499999999998,false,false,9.583333333333334,false,1.247645e6,1.2056371915195007e6,false,0
38.933,use_lmSR3_cuts,0.033669517675899874,10,false,12.895333333333332,false,false,9.583333333333334,false,1.247645e6,1.2056373946192518e6,false,0
26.879,use_lmSR3_cuts,0.03347058131492031,10,false,13.3355,false,false,9.583333333333334,false,1.247645e6,1.2058855965753463e6,false,0
30.977,use_adaptive_ngroute,0.033386977882730595,0,false,15.3835,false,false,9.583333333333334,false,1.247645e6,1.2059899039795005e6,false,1
55.641,use_lmSR3_cuts,0.03337630374923306,1,false,18.468666666666667,false,false,9.666666666666668,false,1.247645e6,1.2060032215087882e6,false,0
46.853,use_lmSR3_cuts,0.033383619891265925,10,false,15.532333333333332,false,false,9.666666666666668,false,1.247645e6,1.2059940935607615e6,false,0
34.822,use_lmSR3_cuts,0.03321299663339872,1,false,17.2825,false,false,9.666666666666668,false,1.247645e6,1.2062069708153233e6,false,0
16.752,use_lmSR3_cuts,0.03321062677223097,10,false,16.619,false,false,9.666666666666668,false,1.247645e6,1.20620992756076e6,false,0
38.638,use_lmSR3_cuts,0.033164111745840774,10,false,19.2075,false,false,9.666666666666668,false,1.247645e6,1.2062679618008605e6,false,0
77.659,use_lmSR3_cuts,0.033130876874718385,10,false,19.3015,false,false,9.666666666666668,false,1.247645e6,1.206309427121642e6,false,0
169.156,use_adaptive_ngroute,0.033424056121043266,0,false,21.035125,false,false,9.666666666666668,false,1.247645e6,1.205943643500861e6,false,1
53.497,use_lmSR3_cuts,0.03332087577254694,10,false,17.755666666666663,false,false,9.708333333333334,false,1.247645e6,1.2060723759467606e6,false,0
35.848,use_adaptive_ngroute,0.03323130763480353,0,false,17.814,false,false,9.708333333333334,false,1.247645e6,1.2061841251859756e6,false,1
18.657,use_lmSR3_cuts,0.033231302885206926,10,false,18.539,false,false,9.833333333333334,false,1.247645e6,1.206184131111786e6,false,0
22.596,use_lmSR3_cuts,0.03322053722661711,8,false,22.422,false,false,9.833333333333334,false,1.247645e6,1.2061975628318973e6,false,0
22.367,use_lmSR3_cuts,0.033218000860204766,10,false,22.199,false,false,9.833333333333334,false,1.247645e6,1.2062007273167698e6,false,0
76.422,use_lmSR3_cuts,0.03321523818527605,10,false,25.357666666666667,false,false,9.833333333333334,false,1.247645e6,1.2062041741543312e6,false,0
124.579,use_lmSR3_cuts,0.03401252490562423,6,false,24.7704,false,false,9.833333333333334,false,1.247645e6,1.2052094433641224e6,false,0
85.479,use_lmSR3_cuts,0.03397686235918418,10,false,28.391666666666666,false,false,9.833333333333334,false,1.247645e6,1.2052539375618757e6,false,0
60.886,use_lmSR3_cuts,0.0339391667778951,10,false,20.150333333333336,false,false,9.833333333333334,false,1.247645e6,1.205300968265393e6,false,0
39.933,use_lmSR3_cuts,0.03394342588291288,8,false,19.855,false,false,9.833333333333334,false,1.247645e6,1.2052956544143131e6,false,0
48.882,use_lmSR3_cuts,0.03394098404432122,3,false,24.3045,false,false,9.833333333333334,false,1.247645e6,1.2052987009620229e6,false,0
92.288,use_adaptive_ngroute,0.03395542213428848,0,false,22.92125,false,false,9.833333333333334,false,1.247645e6,1.2052806873512657e6,false,1
43.697,use_lmSR3_cuts,0.03395531389202566,5,false,21.7525,false,false,9.875,false,1.247645e6,1.2052808223991836e6,false,0
49.872,use_lmSR3_cuts,0.03393665827704717,10,false,24.765,false,false,9.875,false,1.247645e6,1.2053040979839335e6,false,0
40.154,use_lmSR3_cuts,0.03393626950458306,2,false,19.939,false,false,9.875,false,1.247645e6,1.2053045830339545e6,false,0
23.402,use_lmSR3_cuts,0.033935848742624564,10,false,23.202,false,false,9.875,false,1.247645e6,1.2053051079955082e6,false,0
165.8,use_lmSR3_cuts,0.033991166682781015,2,false,33.023199999999996,false,false,9.875,false,1.247645e6,1.2052360908440617e6,false,0
91.412,none,0.033988946285911426,0,false,45.571,false,false,9.875,false,1.247645e6,1.205238861111114e6,false,0
