CG_time_taken,method,CG_LP_IP_gap,implemented_SR3_cuts_count,errored,CG_sp_time_taken_mean,converged,CGIP_artificial,ngroute_neighborhood_size,time_limit_reached,CGIP_objective,CGLP_objective,CGLP_artificial,cycles_lookup_length
19.823,use_adaptive_ngroute,0.15306971448589946,0,false,1.1349999999999998,false,false,7.291666666666667,false,1.351476e6,1.1446059545454546e6,false,4
5.262,use_adaptive_ngroute,0.14467902288474888,0,false,1.26525,false,false,7.583333333333334,false,1.351098e6,1.1556224615384615e6,false,1
6.4,use_lmSR3_cuts,0.14343001025832303,5,false,1.56725,false,false,7.833333333333334,false,1.351098e6,1.1573100000000002e6,false,0
18.758,use_lmSR3_cuts,0.09593188234486072,5,false,3.6926,false,false,7.833333333333334,false,1.290982e6,1.167135666666667e6,false,0
21.582,use_adaptive_ngroute,0.08162320112628785,0,false,5.32625,false,false,7.833333333333334,false,1.285858e6,1.1809021538461538e6,false,3
10.913,use_lmSR3_cuts,0.08162320112628763,5,false,5.4175,false,false,9.0,false,1.285858e6,1.180902153846154e6,false,0
38.875,use_adaptive_ngroute,0.07622005436577517,0,false,7.734400000000001,false,false,9.0,false,1.285858e6,1.187849833333333e6,false,5
40.411,use_adaptive_ngroute,0.07364965649395205,0,false,10.056000000000001,false,false,10.125000000000002,false,1.285858e6,1.1911549999999998e6,false,2
12.836,use_lmSR3_cuts,0.07364965649395194,5,false,12.816,false,false,10.333333333333334,false,1.285858e6,1.191155e6,false,0
70.488,use_lmSR3_cuts,0.032091993277937325,5,false,14.0302,false,false,10.333333333333334,false,1.235269e6,1.1956267555555557e6,false,0
23.768,use_adaptive_ngroute,0.030649734322375943,0,false,11.823500000000001,false,false,10.333333333333334,false,1.235269e6,1.197408333333333e6,false,2
39.061,use_lmSR3_cuts,0.030403524454997277,5,false,12.985666666666667,false,false,10.583333333333332,false,1.235269e6,1.19771246875e6,false,0
48.294,use_lmSR3_cuts,0.03005059742337224,5,false,16.054666666666666,false,false,10.583333333333332,false,1.235269e6,1.1981484285714284e6,false,0
36.596,use_lmSR3_cuts,0.02924059455875605,4,false,18.253,false,false,10.583333333333332,false,1.235269e6,1.199149e6,false,0
32.337,use_lmSR3_cuts,0.02924059455875605,1,false,16.137,false,false,10.583333333333332,false,1.235269e6,1.199149e6,false,0
47.931,none,0.029240594558756383,0,false,15.939333333333336,false,false,10.583333333333332,false,1.235269e6,1.1991489999999995e6,false,0
