CG_time_taken,method,CG_LP_IP_gap,implemented_SR3_cuts_count,errored,CG_sp_time_taken_mean,converged,CGIP_artificial,ngroute_neighborhood_size,time_limit_reached,CGIP_objective,CGLP_objective,CGLP_artificial,cycles_lookup_length
10.441,use_adaptive_ngroute,0.03504840135146359,0,false,0.5600588235294117,false,false,7.291666666666667,false,1.280608e6,1.235724736842105e6,false,4
4.305,use_lmSR3_cuts,0.029396062911783538,5,false,0.8286,false,false,7.583333333333334,false,1.280608e6,1.2429631666666667e6,false,0
7.626,use_lmSR3_cuts,0.0233683531572505,5,false,1.87075,false,false,7.583333333333334,false,1.280608e6,1.2506822999999998e6,false,0
11.777,use_lmSR3_cuts,0.01377961253660931,5,false,1.927,false,false,7.583333333333334,false,1.280608e6,1.2629617179487178e6,false,0
6.705,use_lmSR3_cuts,0.009321978310302681,5,false,1.6452499999999999,false,false,7.583333333333334,false,1.280608e6,1.2686702e6,false,0
7.886,use_adaptive_ngroute,0.009142344307749961,0,false,1.91475,false,false,7.583333333333334,false,1.280608e6,1.268900240740741e6,false,3
4.048,use_lmSR3_cuts,0.009129737893731171,5,false,1.9915000000000003,false,false,7.708333333333333,false,1.280608e6,1.2689163846153847e6,false,0
6.123,use_lmSR3_cuts,0.008905306617287723,5,false,2.0033333333333334,false,false,7.708333333333333,false,1.280608e6,1.2692037931034483e6,false,0
11.406,use_lmSR3_cuts,0.007472721446118991,5,false,2.2398,false,false,7.708333333333333,false,1.280608e6,1.2710383731343285e6,false,0
11.256,none,0.007321912716459322,0,false,2.7875,false,false,7.708333333333333,false,1.280608e6,1.2712315000000005e6,false,0
