CG_time_taken,method,CG_LP_IP_gap,implemented_SR3_cuts_count,errored,CG_sp_time_taken_mean,converged,CGIP_artificial,ngroute_neighborhood_size,time_limit_reached,CGIP_objective,CGLP_objective,CGLP_artificial,cycles_lookup_length
9.043,use_adaptive_ngroute,0.05328145259910644,0,false,0.4353888888888889,false,false,7.291666666666667,false,1.301832e6,1.2324685e6,false,3
1.427,use_adaptive_ngroute,0.05118530955840972,0,false,0.463,false,false,7.75,false,1.301832e6,1.2351973260869563e6,false,2
0.832,use_lmSR3_cuts,0.0488229664042672,7,false,0.402,false,false,7.833333333333334,false,1.301832e6,1.2382727e6,false,0
4.522,use_adaptive_ngroute,0.02933592668885654,0,false,1.05275,false,false,7.833333333333334,false,1.301832e6,1.2636415518867925e6,false,15
4.215,use_adaptive_ngroute,0.024900354997702157,0,false,1.373,false,false,9.75,false,1.301832e6,1.2694159210526315e6,false,2
2.803,use_lmSR3_cuts,0.023481170745291102,11,false,1.3495,false,false,9.916666666666666,false,1.301832e6,1.2712634605263162e6,false,0
12.225,use_adaptive_ngroute,0.014436151857109114,0,false,1.9758333333333333,false,false,9.916666666666666,false,1.301832e6,1.283038555555556e6,false,2
7.33,use_lmSR3_cuts,0.0031926551485381705,10,false,1.79075,false,false,10.208333333333334,false,1.283947e6,1.2798477999999998e6,false,0
11.13,none,0.0,0,false,1.7845,true,false,10.208333333333334,false,1.283947e6,1.283947e6,false,0
