CG_time_taken,method,CG_LP_IP_gap,implemented_SR3_cuts_count,errored,CG_sp_time_taken_mean,converged,CGIP_artificial,ngroute_neighborhood_size,time_limit_reached,CGIP_objective,CGLP_objective,CGLP_artificial,cycles_lookup_length
9.798,use_adaptive_ngroute,0.1718990583519745,0,false,0.5523750000000001,false,false,7.291666666666667,false,1.483286e6,1.2283105333333332e6,false,10
3.526,use_adaptive_ngroute,0.1671099524577031,0,false,0.6906,false,false,8.833333333333332,false,1.483286e6,1.2354141470588234e6,false,1
1.095,use_lmSR3_cuts,0.16518277661893932,5,false,0.521,false,false,8.875,false,1.483286e6,1.2382727e6,false,0
9.6,use_adaptive_ngroute,0.04767564038778094,0,false,1.8474,false,false,8.875,false,1.327221e6,1.263944888888889e6,false,3
3.51,use_adaptive_ngroute,0.04687957071553073,0,false,1.7255,false,false,9.125,false,1.327221e6,1.2650014492753625e6,false,7
3.451,use_adaptive_ngroute,0.04575486674788909,0,false,1.7125000000000001,false,false,9.666666666666668,false,1.327221e6,1.26649418e6,false,1
1.944,use_lmSR3_cuts,0.045742458108617656,5,false,1.928,false,false,10.041666666666666,false,1.327221e6,1.2665106490066224e6,false,0
9.432,use_adaptive_ngroute,0.041002857053328845,0,false,2.307,false,false,10.041666666666666,false,1.327221e6,1.2728011470588238e6,false,3
4.08,use_lmSR3_cuts,0.040855835028395404,5,false,2.015,false,false,10.166666666666668,false,1.327221e6,1.272996277777778e6,false,0
17.665,use_adaptive_ngroute,0.0008605400257086782,0,false,2.9130000000000003,false,false,10.166666666666668,false,1.281049e6,1.279946606060606e6,false,4
14.315,use_lmSR3_cuts,0.00029597200354958275,5,false,3.5340000000000003,false,false,10.541666666666666,false,1.281049e6,1.2806698453608248e6,false,0
9.082,none,2.220446049250313e-16,0,false,2.992666666666667,true,false,10.541666666666666,false,1.281049e6,1.2810489999999998e6,false,0
