CG_time_taken,method,CG_LP_IP_gap,implemented_SR3_cuts_count,errored,CG_sp_time_taken_mean,converged,CGIP_artificial,ngroute_neighborhood_size,time_limit_reached,CGIP_objective,CGLP_objective,CGLP_artificial,cycles_lookup_length
10.502,use_adaptive_ngroute,0.03159408208794123,0,false,0.5252222222222221,false,false,7.291666666666667,false,1.167236e6,1.1303582499999998e6,false,2
3.019,use_adaptive_ngroute,0.02321928437384102,0,false,0.5902,false,false,7.708333333333333,false,1.167236e6,1.1401336153846153e6,false,2
2.742,use_lmSR3_cuts,0.022391073156299846,5,false,0.6712499999999999,false,false,7.875,false,1.167236e6,1.1411003333333333e6,false,0
9.079,use_lmSR3_cuts,0.02154148775397602,1,false,1.253857142857143,false,false,7.875,false,1.167236e6,1.142092e6,false,0
4.236,use_adaptive_ngroute,0.019291385803727912,0,false,1.3729999999999998,false,false,7.875,false,1.167236e6,1.1447184e6,false,2
4.408,use_adaptive_ngroute,0.01906569594038121,0,false,1.441,false,false,7.958333333333333,false,1.167236e6,1.1449818333333333e6,false,3
1.504,use_lmSR3_cuts,0.01788070278846776,5,false,1.489,false,false,8.166666666666666,false,1.167236e6,1.146365e6,false,0
3.93,use_lmSR3_cuts,0.016689255643246304,5,false,1.2986666666666666,false,false,8.166666666666666,false,1.167236e6,1.1477556999999997e6,false,0
5.088,use_adaptive_ngroute,0.015242951683480777,0,false,1.672,false,false,8.166666666666666,false,1.167236e6,1.1494438780487806e6,false,4
4.395,use_lmSR3_cuts,0.015047711992929202,5,false,2.17,false,false,9.041666666666668,false,1.167236e6,1.1496717688442213e6,false,0
4.891,use_adaptive_ngroute,0.012950934181407914,0,false,2.4179999999999997,false,false,9.041666666666668,false,1.167236e6,1.1521192033898302e6,false,1
2.315,use_lmSR3_cuts,0.0128452845485445,5,false,2.297,false,false,9.333333333333334,false,1.167236e6,1.152242521444695e6,false,0
9.018,use_lmSR3_cuts,0.009813835848106134,5,false,2.9879999999999995,false,false,9.333333333333334,false,1.167236e6,1.1557809375e6,false,0
8.492,use_adaptive_ngroute,0.006725487193018798,0,false,4.2085,false,false,9.333333333333334,false,1.167236e6,1.1593857692307695e6,false,3
10.08,use_lmSR3_cuts,0.006267969802165263,5,false,4.9990000000000006,false,false,9.625,false,1.167236e6,1.1599197999999998e6,false,0
16.652,use_lmSR3_cuts,0.004999131852227778,5,false,5.510000000000001,false,false,9.625,false,1.167236e6,1.161400833333333e6,false,0
28.955,use_lmSR3_cuts,0.003886703288795479,4,false,5.7524,false,false,9.625,false,1.167236e6,1.1626992999999996e6,false,0
20.458,use_adaptive_ngroute,0.0035058242131343897,0,false,6.775333333333333,false,false,9.625,false,1.167236e6,1.163143875768758e6,false,2
12.661,use_lmSR3_cuts,0.003174608483366703,5,false,6.293,false,false,9.791666666666666,false,1.167236e6,1.163530482692309e6,false,0
27.21,use_lmSR3_cuts,0.0027522283411421933,5,false,9.033,false,false,9.791666666666666,false,1.167236e6,1.1640234999999986e6,false,0
33.394,use_lmSR3_cuts,0.002618333113169835,5,false,8.2865,false,false,9.791666666666666,false,1.167236e6,1.1641797873303161e6,false,0
16.905,use_lmSR3_cuts,0.0025707454762082804,1,false,8.4085,false,false,9.791666666666666,false,1.167236e6,1.1642353333333326e6,false,0
27.514,use_lmSR3_cuts,0.002216958124435342,5,false,9.130333333333333,false,false,9.791666666666666,false,1.167236e6,1.1646482866666666e6,false,0
15.411,use_adaptive_ngroute,0.0020517487466110707,0,false,7.6625,false,false,9.791666666666666,false,1.167236e6,1.1648411250000007e6,false,2
20.362,use_lmSR3_cuts,0.002012858050035038,5,false,10.148000000000001,false,false,10.0,false,1.167236e6,1.1648865196211094e6,false,0
34.962,none,0.0019370547172983255,0,false,11.607999999999999,false,false,10.0,false,1.167236e6,1.1649749999999995e6,false,0
