CG_time_taken,method,CG_LP_IP_gap,implemented_SR3_cuts_count,errored,CG_sp_time_taken_mean,converged,CGIP_artificial,ngroute_neighborhood_size,time_limit_reached,CGIP_objective,CGLP_objective,CGLP_artificial,cycles_lookup_length
8.462,use_adaptive_ngroute,0.06001103298442234,0,false,0.4475882352941177,false,false,7.291666666666667,false,1.272383e6,1.1960259818181817e6,false,3
2.352,use_adaptive_ngroute,0.051687302310797545,0,false,0.56925,false,false,7.5,false,1.272383e6,1.2066169552238805e6,false,4
4.028,use_adaptive_ngroute,0.04633243292310574,0,false,0.7968,false,false,7.958333333333333,false,1.272383e6,1.2134304e6,false,3
1.255,use_lmSR3_cuts,0.04543984703417836,5,false,0.6195,false,false,8.125,false,1.272383e6,1.214566111111111e6,false,0
17.22,use_adaptive_ngroute,0.03240085266594017,0,false,1.6810999999999998,false,false,8.125,false,1.272383e6,1.231156705882353e6,false,1
6.151,use_adaptive_ngroute,0.032041388507066726,0,false,1.44475,false,false,8.166666666666666,false,1.272383e6,1.231614081967213e6,false,3
1.53,use_lmSR3_cuts,0.0320285637264881,5,false,1.517,false,false,8.291666666666666,false,1.272383e6,1.2316304e6,false,0
6.331,use_adaptive_ngroute,0.026273834684222508,0,false,2.0789999999999997,false,false,8.291666666666666,false,1.272383e6,1.2389526194029849e6,false,3
2.225,use_lmSR3_cuts,0.026240264658256796,5,false,2.212,false,false,8.458333333333334,false,1.272383e6,1.2389953333333333e6,false,0
11.471,use_adaptive_ngroute,0.020123909536947204,0,false,2.843,false,false,8.458333333333334,false,1.272383e6,1.2467776796116505e6,false,1
6.226,use_lmSR3_cuts,0.02011643850260325,5,false,3.0865,false,false,8.541666666666666,false,1.272383e6,1.2467871856287422e6,false,0
13.219,use_adaptive_ngroute,0.017906475873854855,0,false,3.275,false,false,8.541666666666666,false,1.272383e6,1.249599104508197e6,false,2
7.263,use_lmSR3_cuts,0.017811809398790013,5,false,3.6045,false,false,8.625,false,1.272383e6,1.2497195565217393e6,false,0
21.787,use_lmSR3_cuts,0.01507935896660062,5,false,4.3111999999999995,false,false,8.625,false,1.272383e6,1.2531962799999998e6,false,0
26.677,use_adaptive_ngroute,0.011510883259138516,0,false,5.2844,false,false,8.625,false,1.272383e6,1.2577367478260875e6,false,3
25.616,use_adaptive_ngroute,0.009917567420485884,0,false,6.368250000000001,false,false,9.0,false,1.272383e6,1.2597640558128199e6,false,1
20.146,use_adaptive_ngroute,0.009806632267740145,0,false,6.682666666666666,false,false,9.083333333333334,false,1.272383e6,1.259905207815276e6,false,2
7.746,use_lmSR3_cuts,0.009805646579446603,5,false,7.729,false,false,9.541666666666666,false,1.272383e6,1.259906461988304e6,false,0
52.719,use_adaptive_ngroute,0.008007699738953544,0,false,10.4992,false,false,9.541666666666666,false,1.272383e6,1.262194138983051e6,false,3
12.253,use_lmSR3_cuts,0.007971156197751572,5,false,12.233,false,false,9.666666666666668,false,1.272383e6,1.2622406363636362e6,false,0
42.915,use_adaptive_ngroute,0.0073356191096366485,0,false,14.280000000000003,false,false,9.666666666666668,false,1.272383e6,1.2630492829504232e6,false,1
29.587,use_lmSR3_cuts,0.007315150493360623,5,false,14.7675,false,false,9.708333333333334,false,1.272383e6,1.2630753268698063e6,false,0
47.287,use_lmSR3_cuts,0.006499488834255107,5,false,15.720666666666668,false,false,9.708333333333334,false,1.272383e6,1.264113160898604e6,false,0
48.203,use_lmSR3_cuts,0.005594956994818934,5,false,16.03366666666667,false,false,9.708333333333334,false,1.272383e6,1.2652640718340613e6,false,0
39.381,use_adaptive_ngroute,0.004569114191166124,0,false,19.6545,false,false,9.708333333333334,false,1.272383e6,1.2665693367781015e6,false,1
22.287,use_lmSR3_cuts,0.004566569601931025,5,false,22.26,false,false,9.75,false,1.272383e6,1.2665725744701861e6,false,0
70.072,use_lmSR3_cuts,0.004021879634001135,5,false,23.311666666666664,false,false,9.75,false,1.272383e6,1.2672656287256507e6,false,0
104.044,use_lmSR3_cuts,0.003115676679515067,5,false,25.967500000000005,false,false,9.75,false,1.272383e6,1.2684186659594886e6,false,0
133.981,none,0.0027947559814930356,0,false,26.747400000000003,false,false,9.75,false,1.272383e6,1.268827e6,false,0
