CG_time_taken,method,CG_LP_IP_gap,implemented_SR3_cuts_count,errored,CG_sp_time_taken_mean,converged,CGIP_artificial,ngroute_neighborhood_size,time_limit_reached,CGIP_objective,CGLP_objective,CGLP_artificial,cycles_lookup_length
7.584,use_adaptive_ngroute,0.02903535077646846,0,false,0.3643888888888889,false,false,7.291666666666667,false,1.255814e6,1.219351e6,false,4
2.66,use_lmSR3_cuts,0.02181851771042531,5,false,0.42316666666666664,false,false,7.541666666666667,false,1.255814e6,1.228414e6,false,0
1.933,use_lmSR3_cuts,0.020460195538511083,5,false,0.954,false,false,7.541666666666667,false,1.255814e6,1.2301198000000003e6,false,0
3.933,use_lmSR3_cuts,0.019680940011817083,5,false,0.9570000000000001,false,false,7.541666666666667,false,1.255814e6,1.2310984e6,false,0
4.008,use_adaptive_ngroute,0.018403362281357083,0,false,1.275,false,false,7.541666666666667,false,1.255814e6,1.2327027999999998e6,false,1
5.092,use_lmSR3_cuts,0.01710195538511272,5,false,1.2274999999999998,false,false,7.583333333333334,false,1.255814e6,1.234337125e6,false,0
6.142,use_lmSR3_cuts,0.016637483154083865,5,false,1.50225,false,false,7.583333333333334,false,1.255814e6,1.2349204157303374e6,false,0
2.905,use_adaptive_ngroute,0.01605989047272738,0,false,1.425,false,false,7.583333333333334,false,1.255814e6,1.2356457647058824e6,false,1
3.145,use_lmSR3_cuts,0.016027134591587333,5,false,1.553,false,false,7.666666666666667,false,1.255814e6,1.2356869000000004e6,false,0
3.534,use_lmSR3_cuts,0.01567195460474269,5,false,1.7395,false,false,7.666666666666667,false,1.255814e6,1.2361329399999997e6,false,0
3.756,use_adaptive_ngroute,0.014401980948074877,0,false,1.8379999999999999,false,false,7.666666666666667,false,1.255814e6,1.2377277906976743e6,false,1
11.392,use_adaptive_ngroute,0.014037249943065433,0,false,2.2024,false,false,7.708333333333333,false,1.255814e6,1.2381858249999993e6,false,1
4.58,use_lmSR3_cuts,0.014036818615920432,5,false,2.2695,false,false,7.791666666666666,false,1.255814e6,1.2381863666666665e6,false,0
6.297,use_lmSR3_cuts,0.01365636084478361,5,false,2.0580000000000003,false,false,7.791666666666666,false,1.255814e6,1.2386641508620689e6,false,0
5.451,use_adaptive_ngroute,0.013151883133582842,0,false,2.6815,false,false,7.791666666666666,false,1.255814e6,1.2392976810344828e6,false,2
2.98,use_lmSR3_cuts,0.013034514166217592,5,false,2.955,false,false,8.208333333333334,false,1.255814e6,1.2394450746268656e6,false,0
6.752,use_lmSR3_cuts,0.012460532460311868,5,false,3.3265,false,false,8.208333333333334,false,1.255814e6,1.240165888888886e6,false,0
10.642,use_lmSR3_cuts,0.012346078143564254,5,false,3.513,false,false,8.208333333333334,false,1.255814e6,1.240309622222218e6,false,0
16.178,use_lmSR3_cuts,0.012041535997512343,5,false,3.9907500000000002,false,false,8.208333333333334,false,1.255814e6,1.24069207051282e6,false,0
3.99,use_lmSR3_cuts,0.011927884659235555,5,false,3.9579999999999997,false,false,8.208333333333334,false,1.255814e6,1.2408347954545468e6,false,0
6.898,use_lmSR3_cuts,0.011884721782047691,5,false,3.418,false,false,8.208333333333334,false,1.255814e6,1.2408889999999995e6,false,0
12.088,use_lmSR3_cuts,0.01184567580648177,5,false,3.980666666666667,false,false,8.208333333333334,false,1.255814e6,1.240938034482759e6,false,0
15.962,none,0.01182818474710201,0,false,3.9575,false,false,8.208333333333334,false,1.255814e6,1.2409600000000028e6,false,0
