CG_time_taken,method,CG_LP_IP_gap,implemented_SR3_cuts_count,errored,CG_sp_time_taken_mean,converged,CGIP_artificial,ngroute_neighborhood_size,time_limit_reached,CGIP_objective,CGLP_objective,CGLP_artificial,cycles_lookup_length
11.246,use_adaptive_ngroute,0.02904717588968886,0,false,0.5977058823529413,false,false,7.291666666666667,false,1.269926e6,1.233038236111111e6,false,8
1.765,use_adaptive_ngroute,0.019442104572163443,0,false,0.8650000000000001,false,false,8.583333333333332,false,1.269926e6,1.2452359659090908e6,false,1
1.599,use_lmSR3_cuts,0.01844818779466939,5,false,0.7879999999999999,false,false,8.666666666666668,false,1.269926e6,1.2464981666666667e6,false,0
6.188,use_lmSR3_cuts,0.010444703077187367,5,false,1.5155,false,false,8.666666666666668,false,1.269926e6,1.2566619999999998e6,false,0
7.138,use_lmSR3_cuts,0.006825917286570671,5,false,1.7525,false,false,8.666666666666668,false,1.269926e6,1.2612575901639345e6,false,0
8.151,use_adaptive_ngroute,0.0052594928103421035,0,false,1.995,false,false,8.666666666666668,false,1.269926e6,1.2632468333333335e6,false,2
4.271,use_lmSR3_cuts,0.0051238511257396535,5,false,2.099,false,false,8.833333333333332,false,1.269926e6,1.263419088235294e6,false,0
5.97,use_lmSR3_cuts,0.0010398243677191,5,false,1.9626666666666668,false,false,8.833333333333332,false,1.269926e6,1.2686055e6,false,0
8.28,none,0.0,0,false,2.7223333333333337,true,false,8.833333333333332,false,1.269926e6,1.269926e6,false,0
