CG_time_taken,method,CG_LP_IP_gap,implemented_SR3_cuts_count,errored,CG_sp_time_taken_mean,converged,CGIP_artificial,ngroute_neighborhood_size,time_limit_reached,CGIP_objective,CGLP_objective,CGLP_artificial,cycles_lookup_length
8.057,use_adaptive_ngroute,0.02904717588968886,0,false,0.44343750000000004,false,false,7.291666666666667,false,1.269926e6,1.233038236111111e6,false,8
2.386,use_adaptive_ngroute,0.01944210457216322,0,false,0.58225,false,false,8.583333333333332,false,1.269926e6,1.245235965909091e6,false,1
1.339,use_lmSR3_cuts,0.0184481877946695,13,false,0.656,false,false,8.666666666666668,false,1.269926e6,1.2464981666666665e6,false,0
6.633,use_lmSR3_cuts,0.004011328934986014,2,false,1.2804,false,false,8.666666666666668,false,1.269926e6,1.264831909090909e6,false,0
2.462,use_lmSR3_cuts,0.0024704374327895184,1,false,1.189,false,false,8.666666666666668,false,1.269926e6,1.2667887272727273e6,false,0
2.353,use_lmSR3_cuts,0.002343345202791336,10,false,1.142,false,false,8.666666666666668,false,1.269926e6,1.266950125e6,false,0
4.8,none,0.0,0,false,1.5553333333333332,true,false,8.666666666666668,false,1.269926e6,1.269926e6,false,0
