CG_time_taken,method,CG_LP_IP_gap,implemented_SR3_cuts_count,errored,CG_sp_time_taken_mean,converged,CGIP_artificial,ngroute_neighborhood_size,time_limit_reached,CGIP_objective,CGLP_objective,CGLP_artificial,cycles_lookup_length
16.662,use_adaptive_ngroute,0.064638578506371,0,false,0.8422777777777779,false,false,7.291666666666667,false,1.267343e6,1.1854237500000002e6,false,4
4.227,use_adaptive_ngroute,0.06342021588998892,0,false,1.0334999999999999,false,false,7.583333333333334,false,1.267343e6,1.1869678333333337e6,false,3
2.568,use_adaptive_ngroute,0.06312609661841095,0,false,0.84,false,false,7.833333333333334,false,1.267343e6,1.1873405833333333e6,false,3
0.864,use_lmSR3_cuts,0.062001861374545,5,false,0.847,false,false,7.958333333333333,false,1.267343e6,1.188765375e6,false,0
18.072,use_adaptive_ngroute,0.05935549498781112,0,false,3.5734,false,false,7.958333333333333,false,1.267343e6,1.1921192289156625e6,false,2
6.334,use_adaptive_ngroute,0.05932299670679897,0,false,3.1505,false,false,8.166666666666666,false,1.267343e6,1.1921604153846153e6,false,3
6.032,use_lmSR3_cuts,0.05927167188483207,5,false,2.9885,false,false,8.375,false,1.267343e6,1.1922254615384613e6,false,0
16.31,use_adaptive_ngroute,0.038726093172236964,0,false,3.2071999999999994,false,false,8.375,false,1.249521e6,1.2011319333333333e6,false,1
9.279,use_lmSR3_cuts,0.038387056908159134,5,false,2.28075,false,false,8.416666666666666,false,1.249521e6,1.20155556626506e6,false,0
6.704,use_lmSR3_cuts,0.03319925528795975,5,false,2.187,false,false,8.416666666666666,false,1.249521e6,1.2080378333333333e6,false,0
15.817,use_lmSR3_cuts,0.0247176454020559,3,false,3.9095,false,false,8.416666666666666,false,1.242675e6,1.2119590000000002e6,false,0
9.743,use_lmSR3_cuts,0.024565554147303215,1,false,4.831,false,false,8.416666666666666,false,1.242675e6,1.212148e6,false,0
7.349,use_lmSR3_cuts,0.024062526404731832,5,false,3.636,false,false,8.416666666666666,false,1.242675e6,1.2127730999999999e6,false,0
16.574,use_lmSR3_cuts,0.017753487898435116,2,false,4.0897499999999996,false,false,8.416666666666666,false,1.237278e6,1.215312e6,false,0
10.856,use_adaptive_ngroute,0.017711056043993922,0,false,5.4015,false,false,8.416666666666666,false,1.237278e6,1.2153644999999993e6,false,2
14.084,use_lmSR3_cuts,0.017510211932968978,3,false,4.662333333333334,false,false,8.666666666666668,false,1.237278e6,1.215613e6,false,0
29.033,use_lmSR3_cuts,0.0172518490859237,5,false,5.7508,false,false,8.666666666666668,false,1.237278e6,1.2159326666666665e6,false,0
14.472,use_lmSR3_cuts,0.016812443659926513,1,false,4.781333333333333,false,false,8.666666666666668,false,1.237278e6,1.2164763333333335e6,false,0
10.786,use_lmSR3_cuts,0.016733237531635137,2,false,5.3665,false,false,8.666666666666668,false,1.237278e6,1.2165743333333335e6,false,0
11.698,use_lmSR3_cuts,0.01581723751654851,5,false,5.8085,false,false,8.666666666666668,false,1.237278e6,1.21770768e6,false,0
18.982,use_adaptive_ngroute,0.014690312120638649,0,false,6.274000000000001,false,false,8.666666666666668,false,1.237278e6,1.2191020000000005e6,false,2
13.209,use_lmSR3_cuts,0.014650954800824012,5,false,6.555499999999999,false,false,8.75,false,1.237278e6,1.219150695945946e6,false,0
20.917,use_adaptive_ngroute,0.014085153053719712,0,false,6.9383333333333335,false,false,8.75,false,1.237278e6,1.2198507499999998e6,false,4
14.889,use_lmSR3_cuts,0.014075878010882281,5,false,7.395,false,false,9.25,false,1.237278e6,1.2198622258064516e6,false,0
22.367,use_adaptive_ngroute,0.013762415021792651,0,false,7.415,false,false,9.25,false,1.237278e6,1.2202500666666664e6,false,5
28.08,use_adaptive_ngroute,0.013625699137766567,0,false,9.316666666666666,false,false,9.833333333333334,false,1.237278e6,1.2204192222222225e6,false,1
9.642,use_lmSR3_cuts,0.013623659456817538,5,false,9.603,false,false,9.875,false,1.237278e6,1.2204217458745877e6,false,0
35.0,use_lmSR3_cuts,0.01341430414527256,5,false,11.578333333333331,false,false,9.875,false,1.237278e6,1.2206807765957455e6,false,0
38.088,use_lmSR3_cuts,0.012816358495321811,5,false,12.617333333333335,false,false,9.875,false,1.237278e6,1.2214206015936253e6,false,0
53.722,use_lmSR3_cuts,0.012652733545731043,5,false,13.3765,false,false,9.875,false,1.237278e6,1.221623051144005e6,false,0
43.086,use_lmSR3_cuts,0.012454846081159321,5,false,14.301333333333334,false,false,9.875,false,1.237278e6,1.2218678929503954e6,false,0
37.652,use_adaptive_ngroute,0.012339337010268459,0,false,12.494,false,false,9.875,false,1.237278e6,1.222010809782609e6,false,2
15.295,use_lmSR3_cuts,0.012338935408261476,5,false,15.236,false,false,10.041666666666666,false,1.237278e6,1.222011306675937e6,false,0
45.169,use_lmSR3_cuts,0.012185504578214768,5,false,14.963,false,false,10.041666666666666,false,1.237278e6,1.2222011432664755e6,false,0
44.462,use_lmSR3_cuts,0.0118533385383075,5,false,14.76,false,false,10.041666666666666,false,1.237278e6,1.222612125e6,false,0
31.36,use_lmSR3_cuts,0.011753336006779191,5,false,15.5935,false,false,10.041666666666666,false,1.237278e6,1.2227358559322043e6,false,0
59.678,none,0.01171637794147129,0,false,19.829666666666665,false,false,10.041666666666666,false,1.237278e6,1.2227815833333323e6,false,0
