CG_time_taken,method,CG_LP_IP_gap,implemented_SR3_cuts_count,errored,CG_sp_time_taken_mean,converged,CGIP_artificial,ngroute_neighborhood_size,time_limit_reached,CGIP_objective,CGLP_objective,CGLP_artificial,cycles_lookup_length
8.492,use_adaptive_ngroute,0.1310095758135994,0,false,0.42994444444444446,false,false,7.291666666666667,false,1.338911e6,1.1635008378378379e6,false,5
2.302,use_lmSR3_cuts,0.1305243830680788,5,false,0.56575,false,false,7.958333333333333,false,1.338911e6,1.1641504677419355e6,false,0
5.412,use_lmSR3_cuts,0.025360727102601066,5,false,1.0264,false,false,7.958333333333333,false,1.226897e6,1.195782e6,false,0
6.934,use_lmSR3_cuts,0.020403641598819244,5,false,1.3633999999999997,false,false,7.958333333333333,false,1.226897e6,1.2018638333333335e6,false,0
7.259,use_lmSR3_cuts,0.019174019002208498,5,false,1.426,false,false,7.958333333333333,false,1.226897e6,1.2033724536082475e6,false,0
4.425,use_lmSR3_cuts,0.01891981695828293,5,false,1.4516666666666664,false,false,7.958333333333333,false,1.226897e6,1.2036843333333335e6,false,0
11.384,use_adaptive_ngroute,0.018424913084174932,0,false,2.2478,false,false,7.958333333333333,false,1.226897e6,1.204291529411765e6,false,2
5.264,use_lmSR3_cuts,0.018087704183806785,5,false,2.5955,false,false,8.416666666666666,false,1.226897e6,1.20470525e6,false,0
4.911,use_lmSR3_cuts,0.017219405948502575,5,false,2.423,false,false,8.416666666666666,false,1.226897e6,1.2057705625e6,false,0
7.005,use_lmSR3_cuts,0.01664279886575659,5,false,2.2986666666666666,false,false,8.416666666666666,false,1.226897e6,1.2064779999999998e6,false,0
19.834,use_adaptive_ngroute,0.015695638703848158,0,false,3.2776666666666667,false,false,8.416666666666666,false,1.226897e6,1.2076400679611648e6,false,3
25.672,use_adaptive_ngroute,0.015582239812053311,0,false,3.612857142857143,false,false,8.791666666666666,false,1.226897e6,1.2077791967213112e6,false,2
10.418,use_adaptive_ngroute,0.015580158725630566,0,false,3.4319999999999995,false,false,8.958333333333332,false,1.226897e6,1.20778175e6,false,1
14.864,use_lmSR3_cuts,0.015578943676004653,5,false,3.6835,false,false,9.0,false,1.226897e6,1.207783240740741e6,false,0
15.323,use_lmSR3_cuts,0.014995989461836001,5,false,3.7870000000000004,false,false,9.0,false,1.226897e6,1.2084984655172417e6,false,0
6.76,use_lmSR3_cuts,0.01487545169547555,5,false,3.3395,false,false,9.0,false,1.226897e6,1.2086463529411762e6,false,0
10.67,use_lmSR3_cuts,0.014698753106944906,5,false,3.5233333333333334,false,false,9.0,false,1.226897e6,1.2088631439093486e6,false,0
9.058,use_adaptive_ngroute,0.014545246934466682,0,false,4.4905,false,false,9.0,false,1.226897e6,1.2090514801718437e6,false,1
10.22,use_lmSR3_cuts,0.014543865630563646,5,false,5.0715,false,false,9.166666666666668,false,1.226897e6,1.2090531748894583e6,false,0
13.798,use_lmSR3_cuts,0.014414836562050226,5,false,4.554999999999999,false,false,9.166666666666668,false,1.226897e6,1.2092114802665303e6,false,0
10.933,use_adaptive_ngroute,0.01431692265310991,0,false,5.430000000000001,false,false,9.166666666666668,false,1.226897e6,1.2093316105476674e6,false,1
10.437,use_lmSR3_cuts,0.014311646431142688,5,false,5.1825,false,false,9.208333333333334,false,1.226897e6,1.2093380839285704e6,false,0
16.883,use_lmSR3_cuts,0.014205735496280347,5,false,5.571333333333333,false,false,9.208333333333334,false,1.226897e6,1.2094680257368202e6,false,0
11.693,use_lmSR3_cuts,0.014154110432225475,5,false,5.801,false,false,9.208333333333334,false,1.226897e6,1.2095313643730339e6,false,0
19.63,use_lmSR3_cuts,0.014095288845641707,5,false,6.488333333333333,false,false,9.208333333333334,false,1.226897e6,1.2096035324011487e6,false,0
19.475,use_lmSR3_cuts,0.013998651542939555,5,false,6.451333333333334,false,false,9.208333333333334,false,1.226897e6,1.209722096417922e6,false,0
31.726,none,0.01395680575206959,0,false,7.84625,false,false,9.208333333333334,false,1.226897e6,1.209773436893203e6,false,0
