CG_time_taken,method,CG_LP_IP_gap,implemented_SR3_cuts_count,errored,CG_sp_time_taken_mean,converged,CGIP_artificial,ngroute_neighborhood_size,time_limit_reached,CGIP_objective,CGLP_objective,CGLP_artificial,cycles_lookup_length
4.972,use_adaptive_ngroute,0.13924037345338003,0,false,0.2947857142857143,false,false,7.291666666666667,false,1.351714e6,1.1635008378378379e6,false,4
1.325,use_adaptive_ngroute,0.13875977629740055,0,false,0.31024999999999997,false,false,7.625,false,1.351714e6,1.1641504677419355e6,false,1
0.843,use_adaptive_ngroute,0.13875977629740077,0,false,0.412,false,false,7.958333333333333,false,1.351714e6,1.1641504677419353e6,false,2
0.435,use_lmSR3_cuts,0.13875977629740033,10,false,0.426,false,false,8.5,false,1.351714e6,1.1641504677419357e6,false,0
9.393,use_adaptive_ngroute,0.06282597652269417,0,false,0.9062,false,false,8.5,false,1.278445e6,1.1981254444444443e6,false,3
2.456,use_lmSR3_cuts,0.06282433858199732,1,false,0.787,false,false,8.75,false,1.278445e6,1.1981275384615385e6,false,0
3.061,use_adaptive_ngroute,0.06127045985042645,0,false,0.7552500000000001,false,false,8.75,false,1.278445e6,1.2001140869565215e6,false,1
1.718,use_lmSR3_cuts,0.061253701467089416,4,false,0.8449999999999999,false,false,8.791666666666666,false,1.278445e6,1.200135511627907e6,false,0
0.68,use_adaptive_ngroute,0.06057581454205885,0,false,0.663,false,false,8.791666666666666,false,1.278445e6,1.2010021527777775e6,false,4
4.625,use_lmSR3_cuts,0.06053520861875861,1,false,0.905,false,false,9.375,false,1.278445e6,1.2010540652173911e6,false,0
3.045,use_lmSR3_cuts,0.0604848966020155,10,false,1.004,false,false,9.375,false,1.278445e6,1.2011183863636362e6,false,0
8.449,use_lmSR3_cuts,0.0593069181008119,3,false,1.1501428571428574,false,false,9.375,false,1.278445e6,1.2026243670886075e6,false,0
2.712,use_lmSR3_cuts,0.0573844649968841,10,false,1.3205,false,false,9.375,false,1.278445e6,1.2050821176470586e6,false,0
12.083,use_lmSR3_cuts,0.055747151161502195,10,false,1.6925714285714284,false,false,9.375,false,1.278445e6,1.2071753333333333e6,false,0
10.382,use_lmSR3_cuts,0.05312327923504623,1,false,2.0448,false,false,9.375,false,1.278445e6,1.2105298092783513e6,false,0
5.916,use_lmSR3_cuts,0.05358554232424295,10,false,1.9363333333333337,false,false,9.375,false,1.278445e6,1.2099388313432832e6,false,0
12.191,use_lmSR3_cuts,0.051639902215218414,2,false,2.4003999999999994,false,false,9.375,false,1.278445e6,1.212426225212465e6,false,0
4.624,use_lmSR3_cuts,0.05119830005372772,10,false,2.2380000000000004,false,false,9.375,false,1.278445e6,1.212990789287812e6,false,0
7.518,use_lmSR3_cuts,0.04889155246425225,2,false,2.459333333333333,false,false,9.375,false,1.278445e6,1.215939839209839e6,false,0
2.434,use_lmSR3_cuts,0.048867537795742266,10,false,2.3689999999999998,false,false,9.375,false,1.278445e6,1.2159705406427223e6,false,0
6.795,none,0.050104032633394135,0,false,3.3469999999999995,false,false,9.375,false,1.278445e6,1.2143897500000005e6,false,0
