CG_time_taken,method,CG_LP_IP_gap,implemented_SR3_cuts_count,errored,CG_sp_time_taken_mean,converged,CGIP_artificial,ngroute_neighborhood_size,time_limit_reached,CGIP_objective,CGLP_objective,CGLP_artificial,cycles_lookup_length
13.62,use_adaptive_ngroute,0.06457382365024977,0,false,0.7989375000000002,false,false,7.291666666666667,false,1.493653e6,1.3972021145833335e6,false,16
12.243,use_adaptive_ngroute,0.05768207207430376,0,false,2.0193333333333334,false,false,10.416666666666666,false,1.493653e6,1.407496e6,false,2
3.92,use_adaptive_ngroute,0.0571312078508196,0,false,1.9349999999999998,false,false,10.541666666666666,false,1.493653e6,1.4083187999999998e6,false,5
5.661,use_adaptive_ngroute,0.05663891739841098,0,false,2.8200000000000003,false,false,10.833333333333334,false,1.493653e6,1.4090541111111112e6,false,1
5.383,use_lmSR3_cuts,0.056441824172013155,5,false,2.6670000000000003,false,false,10.875,false,1.493653e6,1.4093485e6,false,0
8.99,use_adaptive_ngroute,0.05404696097782091,0,false,2.9439999999999995,false,false,10.875,false,1.493653e6,1.4129255945945948e6,false,3
3.375,use_adaptive_ngroute,0.05390657286914313,0,false,3.365,false,false,11.041666666666666,false,1.493653e6,1.4131352857142857e6,false,2
2.913,use_lmSR3_cuts,0.05388299692097176,5,false,2.902,false,false,11.125,false,1.493653e6,1.4131704999999998e6,false,0
14.634,use_adaptive_ngroute,0.05090905253085276,0,false,4.831666666666667,false,false,11.125,false,1.492323e6,1.4163502500000002e6,false,1
10.321,use_adaptive_ngroute,0.05087077543208007,0,false,5.136,false,false,11.166666666666666,false,1.492323e6,1.416407371794872e6,false,1
4.099,use_lmSR3_cuts,0.05082853883574512,5,false,4.087,false,false,11.208333333333332,false,1.492323e6,1.4164704024390243e6,false,0
18.836,use_lmSR3_cuts,0.04992454988233397,5,false,6.225666666666666,false,false,11.208333333333332,false,1.492323e6,1.4178194459459458e6,false,0
33.346,none,0.00681654402933507,0,false,8.295749999999998,false,false,11.208333333333332,false,1.427923e6,1.4181894999999998e6,false,0
