CG_time_taken,method,CG_LP_IP_gap,implemented_SR3_cuts_count,errored,CG_sp_time_taken_mean,converged,CGIP_artificial,ngroute_neighborhood_size,time_limit_reached,CGIP_objective,CGLP_objective,CGLP_artificial,cycles_lookup_length
8.497,use_adaptive_ngroute,0.034866123739388466,0,false,0.5058666666666667,false,false,7.291666666666667,false,1.447677e6,1.3972021145833333e6,false,13
3.783,use_adaptive_ngroute,0.028391205672636532,0,false,1.2249999999999999,false,false,9.541666666666666,false,1.447677e6,1.4065757045454546e6,false,5
4.372,use_adaptive_ngroute,0.02718714188316862,0,false,1.068,false,false,10.583333333333332,false,1.447677e6,1.4083188e6,false,5
4.39,use_lmSR3_cuts,0.026475864436611207,8,false,1.4393333333333334,false,false,10.875,false,1.447677e6,1.4093485e6,false,0
7.538,use_lmSR3_cuts,0.022898524095269157,1,false,1.84525,false,false,10.875,false,1.447677e6,1.414527333333333e6,false,0
3.741,use_lmSR3_cuts,0.023348612984802508,10,false,1.8255,false,false,10.875,false,1.447677e6,1.41387575e6,false,0
7.009,use_adaptive_ngroute,0.02048801591222682,0,false,2.3063333333333333,false,false,10.875,false,1.447677e6,1.4180169705882352e6,false,2
5.128,use_lmSR3_cuts,0.020500199054531376,1,false,2.5435,false,false,11.0,false,1.447677e6,1.4179993333333333e6,false,0
10.436,use_lmSR3_cuts,0.019742843630380258,1,false,2.56375,false,false,11.0,false,1.447677e6,1.419095739361702e6,false,0
6.785,use_lmSR3_cuts,0.01945366291677686,2,false,2.223,false,false,11.0,false,1.447677e6,1.4195143796296292e6,false,0
5.48,use_adaptive_ngroute,0.019331318415990117,0,false,2.712,false,false,11.0,false,1.447677e6,1.4196914949494947e6,false,2
8.211,use_lmSR3_cuts,0.019468052874330843,10,false,2.703,false,false,11.166666666666666,false,1.447677e6,1.4194935476190473e6,false,0
14.609,use_lmSR3_cuts,0.01613103185967879,3,false,4.832333333333334,false,false,11.166666666666666,false,1.447677e6,1.4243244761904757e6,false,0
24.104,use_lmSR3_cuts,0.016308634453678916,10,false,5.99675,false,false,11.166666666666666,false,1.447677e6,1.4240673650000014e6,false,0
110.421,none,0.006816544029334959,0,false,9.13941666666667,false,false,11.166666666666666,false,1.427923e6,1.4181895e6,false,0
