CG_time_taken,method,CG_LP_IP_gap,implemented_SR3_cuts_count,errored,CG_sp_time_taken_mean,converged,CGIP_artificial,ngroute_neighborhood_size,time_limit_reached,CGIP_objective,CGLP_objective,CGLP_artificial,cycles_lookup_length
12.843,use_adaptive_ngroute,0.07753573982153483,0,false,0.8257857142857143,false,false,7.291666666666667,false,1.331463e6,1.2282270312499998e6,false,9
8.649,use_adaptive_ngroute,0.06975885803738757,0,false,1.3891666666666667,false,false,8.416666666666666,false,1.326773e6,1.2342188306451612e6,false,6
9.033,use_adaptive_ngroute,0.06012240057476126,0,false,1.7656,false,false,9.541666666666666,false,1.326773e6,1.2470042222222222e6,false,2
6.487,use_adaptive_ngroute,0.05783242498905239,0,false,2.1336666666666666,false,false,9.666666666666668,false,1.326773e6,1.2500425e6,false,2
6.22,use_adaptive_ngroute,0.05751884951060904,0,false,2.0446666666666666,false,false,9.75,false,1.326773e6,1.2504585434782607e6,false,1
4.199,use_lmSR3_cuts,0.05750965353949444,5,false,2.0775,false,false,9.791666666666666,false,1.326773e6,1.2504707444444443e6,false,0
20.476,use_adaptive_ngroute,0.054699384647310834,0,false,5.086,false,false,9.791666666666666,false,1.326773e6,1.2541993333333335e6,false,1
10.561,use_lmSR3_cuts,0.05391050315313928,5,false,5.2495,false,false,9.833333333333334,false,1.326773e6,1.255246e6,false,0
33.192,use_adaptive_ngroute,0.04976180538645103,0,false,6.5920000000000005,false,false,9.833333333333334,false,1.326773e6,1.2607503801820022e6,false,2
11.542,use_lmSR3_cuts,0.049622308575533625,5,false,5.729,false,false,10.041666666666666,false,1.326773e6,1.2609354607843135e6,false,0
18.686,use_lmSR3_cuts,0.04520558946824782,5,false,6.179,false,false,10.041666666666666,false,1.326773e6,1.2667954444444445e6,false,0
44.668,use_lmSR3_cuts,0.04217601654540737,3,false,7.404166666666667,false,false,10.041666666666666,false,1.326773e6,1.2708150000000002e6,false,0
34.791,use_lmSR3_cuts,0.036134743680241166,5,false,8.65675,false,false,10.041666666666666,false,1.318919e6,1.2712602e6,false,0
37.791,use_adaptive_ngroute,0.0349205485704579,0,false,7.5165999999999995,false,false,10.041666666666666,false,1.318919e6,1.2728616250000002e6,false,4
13.909,use_lmSR3_cuts,0.033744301204243765,5,false,6.9254999999999995,false,false,10.208333333333334,false,1.318919e6,1.274413e6,false,0
32.733,use_adaptive_ngroute,0.03191073523089727,0,false,8.147499999999999,false,false,10.208333333333334,false,1.318919e6,1.2768313250000002e6,false,1
7.256,use_lmSR3_cuts,0.03184691402580442,5,false,7.233,false,false,10.25,false,1.318919e6,1.2769155e6,false,0
15.724,use_adaptive_ngroute,0.031495152890780864,0,false,7.8155,false,false,10.25,false,1.318919e6,1.2773794444444443e6,false,1
27.227,use_lmSR3_cuts,0.031176187974141456,5,false,9.039333333333333,false,false,10.291666666666668,false,1.318919e6,1.2778001333333333e6,false,0
57.906,use_adaptive_ngroute,0.009582918244659289,0,false,11.4918,false,false,10.291666666666668,false,1.294174e6,1.2817720363636364e6,false,1
36.274,use_adaptive_ngroute,0.009458593504021784,0,false,12.052,false,false,10.333333333333334,false,1.294174e6,1.281932934210526e6,false,1
25.527,use_adaptive_ngroute,0.00945051292029353,0,false,12.605,false,false,10.375,false,1.294174e6,1.281943391891892e6,false,2
22.506,use_lmSR3_cuts,0.009448387266980385,5,false,11.181500000000002,false,false,10.458333333333334,false,1.294174e6,1.281946142857143e6,false,0
52.937,use_lmSR3_cuts,0.008521058329759024,5,false,13.183,false,false,10.458333333333334,false,1.294174e6,1.2831462678571425e6,false,0
39.793,use_lmSR3_cuts,0.008244267514775139,5,false,13.227333333333334,false,false,10.458333333333334,false,1.294174e6,1.2835044833333334e6,false,0
49.673,use_lmSR3_cuts,0.00773450702939571,5,false,16.520333333333333,false,false,10.458333333333334,false,1.294174e6,1.2841642020997389e6,false,0
55.651,use_lmSR3_cuts,0.007286766257360022,5,false,18.50633333333333,false,false,10.458333333333334,false,1.294174e6,1.2847436565656473e6,false,0
52.854,use_adaptive_ngroute,0.0071023422404301595,0,false,17.572999999999997,false,false,10.458333333333334,false,1.294174e6,1.2849823333333335e6,false,2
37.21,use_lmSR3_cuts,0.007102342240430715,5,false,18.575,false,false,10.583333333333332,false,1.294174e6,1.2849823333333328e6,false,0
76.565,use_lmSR3_cuts,0.007012149198229345,5,false,19.08475,false,false,10.583333333333332,false,1.294174e6,1.2850990588235308e6,false,0
44.42,use_adaptive_ngroute,0.006851702737833976,0,false,14.765666666666666,false,false,10.583333333333332,false,1.294174e6,1.2853067044609664e6,false,3
65.942,use_lmSR3_cuts,0.006851314184125656,5,false,21.871666666666663,false,false,11.041666666666666,false,1.294174e6,1.2853072073170734e6,false,0
45.692,use_lmSR3_cuts,0.00675659139963658,5,false,22.744000000000003,false,false,11.041666666666666,false,1.294174e6,1.2854297950819668e6,false,0
49.227,use_lmSR3_cuts,0.006678133440068512,5,false,24.5355,false,false,11.041666666666666,false,1.294174e6,1.2855313333333328e6,false,0
51.886,use_lmSR3_cuts,0.006660509731226116,5,false,25.9025,false,false,11.041666666666666,false,1.294174e6,1.2855541414791e6,false,0
60.548,use_lmSR3_cuts,0.006604308573990858,5,false,30.1795,false,false,11.041666666666666,false,1.294174e6,1.285626875555564e6,false,0
90.495,use_adaptive_ngroute,0.00650134893804899,0,false,30.101333333333336,false,false,11.041666666666666,false,1.294174e6,1.2857601232394495e6,false,1
100.727,none,0.006493538914218777,0,false,33.49166666666667,false,false,11.083333333333332,false,1.294174e6,1.2857702307692298e6,false,0
