CG_time_taken,method,CG_LP_IP_gap,implemented_SR3_cuts_count,errored,CG_sp_time_taken_mean,converged,CGIP_artificial,ngroute_neighborhood_size,time_limit_reached,CGIP_objective,CGLP_objective,CGLP_artificial,cycles_lookup_length
10.317,use_lmSR3_cuts,0.03448026391943515,3,false,0.5442352941176472,false,false,7.291666666666667,false,1.20946e6,1.1677575e6,false,0
7.478,use_adaptive_ngroute,0.031602808967087226,0,false,1.2169999999999999,false,false,7.291666666666667,false,1.20946e6,1.1712376666666667e6,false,2
3.948,use_lmSR3_cuts,0.03160280896708734,2,false,0.9615000000000001,false,false,7.458333333333333,false,1.20946e6,1.1712376666666665e6,false,0
5.242,use_lmSR3_cuts,0.031602808967087226,2,false,1.29225,false,false,7.458333333333333,false,1.20946e6,1.1712376666666667e6,false,0
2.357,use_adaptive_ngroute,0.029387564147084877,0,false,1.1569999999999998,false,false,7.458333333333333,false,1.20946e6,1.1739169166666667e6,false,4
5.528,use_lmSR3_cuts,0.029077439518462755,2,false,1.0852,false,false,7.666666666666667,false,1.20946e6,1.174292e6,false,0
3.617,use_lmSR3_cuts,0.02873789404637872,1,false,1.1883333333333332,false,false,7.666666666666667,false,1.20946e6,1.1747026666666667e6,false,0
4.638,use_lmSR3_cuts,0.02820349577497394,5,false,1.5273333333333332,false,false,7.666666666666667,false,1.20946e6,1.175349e6,false,0
3.874,use_lmSR3_cuts,0.025736003395454565,1,false,1.2680000000000002,false,false,7.666666666666667,false,1.20946e6,1.1783333333333335e6,false,0
4.857,use_lmSR3_cuts,0.025736003395454787,1,false,1.5883333333333332,false,false,7.666666666666667,false,1.20946e6,1.1783333333333333e6,false,0
2.747,use_lmSR3_cuts,0.025736003395454565,1,false,1.3605,false,false,7.666666666666667,false,1.20946e6,1.1783333333333335e6,false,0
4.777,use_lmSR3_cuts,0.025736003395454565,1,false,1.5673333333333332,false,false,7.666666666666667,false,1.20946e6,1.1783333333333335e6,false,0
3.801,use_lmSR3_cuts,0.025529575182312803,1,false,1.8335,false,false,7.666666666666667,false,1.20946e6,1.178583e6,false,0
2.946,use_lmSR3_cuts,0.025201605124049786,1,false,1.4465000000000001,false,false,7.666666666666667,false,1.20946e6,1.1789796666666667e6,false,0
6.179,use_lmSR3_cuts,0.024412933595709507,5,false,1.5120000000000002,false,false,7.666666666666667,false,1.20946e6,1.1799335333333332e6,false,0
5.874,use_adaptive_ngroute,0.023280362034847624,0,false,1.9226666666666667,false,false,7.666666666666667,false,1.20946e6,1.1813033333333333e6,false,1
3.272,use_lmSR3_cuts,0.023214492418103916,5,false,1.5865,false,false,7.708333333333333,false,1.20946e6,1.181383e6,false,0
7.827,use_adaptive_ngroute,0.022352383239491957,0,false,1.9307500000000004,false,false,7.708333333333333,false,1.20946e6,1.182425686567164e6,false,4
3.331,use_lmSR3_cuts,0.022310487152154668,5,false,1.638,false,false,8.125,false,1.20946e6,1.182476358208955e6,false,0
6.566,use_lmSR3_cuts,0.021725864520169336,5,false,2.166,false,false,8.125,false,1.20946e6,1.183183435897436e6,false,0
8.641,use_lmSR3_cuts,0.020834444269584473,5,false,2.840333333333333,false,false,8.125,false,1.20946e6,1.1842615730337084e6,false,0
5.549,use_lmSR3_cuts,0.020821964623330413,3,false,2.748,false,false,8.125,false,1.20946e6,1.1842766666666667e6,false,0
3.117,use_adaptive_ngroute,0.020585364836745557,0,false,3.0949999999999998,false,false,8.125,false,1.20946e6,1.1845628246445497e6,false,1
5.883,none,0.020583786703708085,0,false,2.9275,false,false,8.166666666666666,false,1.20946e6,1.1845647333333332e6,false,0
