CG_time_taken,method,CG_LP_IP_gap,implemented_SR3_cuts_count,errored,CG_sp_time_taken_mean,converged,CGIP_artificial,ngroute_neighborhood_size,time_limit_reached,CGIP_objective,CGLP_objective,CGLP_artificial,cycles_lookup_length
10.45,use_lmSR3_cuts,0.03448026391943515,2,false,0.4810526315789474,false,false,7.291666666666667,false,1.20946e6,1.1677575e6,false,0
3.427,use_adaptive_ngroute,0.03247675271057604,0,false,0.83575,false,false,7.291666666666667,false,1.20946e6,1.1701806666666667e6,false,2
4.134,use_lmSR3_cuts,0.031602808967087226,1,false,0.8115999999999999,false,false,7.416666666666667,false,1.20946e6,1.1712376666666667e6,false,0
4.536,use_lmSR3_cuts,0.031602808967087226,2,false,0.8926,false,false,7.416666666666667,false,1.20946e6,1.1712376666666667e6,false,0
2.003,use_lmSR3_cuts,0.030170351506733195,10,false,0.9894999999999998,false,false,7.416666666666667,false,1.20946e6,1.1729701666666665e6,false,0
2.229,use_lmSR3_cuts,0.025736003395454787,10,false,1.093,false,false,7.416666666666667,false,1.20946e6,1.1783333333333333e6,false,0
10.58,use_lmSR3_cuts,0.025736003395454565,1,false,1.7175000000000002,false,false,7.416666666666667,false,1.20946e6,1.1783333333333335e6,false,0
3.696,use_lmSR3_cuts,0.024412933595709507,2,false,1.2103333333333333,false,false,7.416666666666667,false,1.20946e6,1.1799335333333332e6,false,0
4.759,use_lmSR3_cuts,0.02363554809584445,10,false,1.1532499999999999,false,false,7.416666666666667,false,1.20946e6,1.18087375e6,false,0
2.59,use_lmSR3_cuts,0.023049156924026426,3,false,1.2530000000000001,false,false,7.416666666666667,false,1.20946e6,1.181582966666667e6,false,0
3.128,use_lmSR3_cuts,0.023004205733688554,10,false,1.5225,false,false,7.416666666666667,false,1.20946e6,1.181637333333333e6,false,0
5.118,use_lmSR3_cuts,0.021893930624686586,10,false,1.6713333333333331,false,false,7.416666666666667,false,1.20946e6,1.1829801666666665e6,false,0
3.804,use_lmSR3_cuts,0.021578886445190237,10,false,1.849,false,false,7.416666666666667,false,1.20946e6,1.1833612000000002e6,false,0
4.628,use_lmSR3_cuts,0.020880624991115537,1,false,1.498,false,false,7.416666666666667,false,1.20946e6,1.1842057192982454e6,false,0
3.283,use_adaptive_ngroute,0.02086275417679584,0,false,1.594,false,false,7.416666666666667,false,1.20946e6,1.1842273333333326e6,false,2
4.003,use_adaptive_ngroute,0.020799237803520443,0,false,1.9765,false,false,7.666666666666667,false,1.20946e6,1.1843041538461542e6,false,1
4.322,use_lmSR3_cuts,0.02069265071464399,2,false,2.1425,false,false,7.708333333333333,false,1.20946e6,1.1844330666666667e6,false,0
4.242,use_lmSR3_cuts,0.020688477445768072,2,false,2.0865,false,false,7.708333333333333,false,1.20946e6,1.1844381140684413e6,false,0
9.042,use_lmSR3_cuts,0.02059425779644042,1,false,2.21475,false,false,7.708333333333333,false,1.20946e6,1.1845520689655172e6,false,0
2.383,none,0.020583786703708085,0,false,2.347,false,false,7.708333333333333,false,1.20946e6,1.1845647333333332e6,false,0
