CG_time_taken,method,CG_LP_IP_gap,implemented_SR3_cuts_count,errored,CG_sp_time_taken_mean,converged,CGIP_artificial,ngroute_neighborhood_size,time_limit_reached,CGIP_objective,CGLP_objective,CGLP_artificial,cycles_lookup_length
8.747,use_adaptive_ngroute,0.07006434410238815,0,false,0.4755,false,false,7.291666666666667,false,1.225539e6,1.1396724137931033e6,false,4
2.138,use_lmSR3_cuts,0.06982087545345594,10,false,0.6776666666666668,false,false,8.083333333333334,false,1.225539e6,1.139970794117647e6,false,0
7.662,use_adaptive_ngroute,0.04789725853957583,0,false,1.2083333333333335,false,false,8.083333333333334,false,1.225539e6,1.1668390416666667e6,false,3
1.306,use_lmSR3_cuts,0.04738527292889083,5,false,1.287,false,false,8.375,false,1.225539e6,1.1674665e6,false,0
6.271,use_lmSR3_cuts,0.04489881594955358,10,false,1.5245,false,false,8.375,false,1.225539e6,1.17051375e6,false,0
4.761,use_adaptive_ngroute,0.03077112565316642,0,false,2.278,false,false,8.375,false,1.225539e6,1.187827785438144e6,false,3
7.97,use_adaptive_ngroute,0.029524702252701873,0,false,2.620333333333333,false,false,8.875,false,1.225539e6,1.189355325925926e6,false,5
3.501,use_lmSR3_cuts,0.02927777500056672,5,false,3.477,false,false,9.416666666666666,false,1.225539e6,1.1896579449035805e6,false,0
14.429,use_lmSR3_cuts,0.029856069678547814,10,false,2.3573333333333335,false,false,9.416666666666666,false,1.225539e6,1.1889492222222222e6,false,0
17.284,use_adaptive_ngroute,0.025658275576137535,0,false,4.25475,false,false,9.416666666666666,false,1.225539e6,1.194093782608696e6,false,2
11.663,use_lmSR3_cuts,0.02177367081636794,1,false,3.8349999999999995,false,false,9.5,false,1.225539e6,1.1988545172413792e6,false,0
3.992,use_lmSR3_cuts,0.021258836588092578,10,false,3.96,false,false,9.5,false,1.225539e6,1.1994854666666656e6,false,0
13.48,use_adaptive_ngroute,0.019367302562696476,0,false,4.430333333333334,false,false,9.5,false,1.225539e6,1.2018036153846155e6,false,1
22.568,use_lmSR3_cuts,0.019834130125601868,10,false,5.603000000000001,false,false,9.75,false,1.225539e6,1.2012315e6,false,0
29.741,use_adaptive_ngroute,0.017996329402673594,0,false,7.3885,false,false,9.75,false,1.225539e6,1.2034837964601768e6,false,2
15.368,use_lmSR3_cuts,0.017926617782680787,2,false,7.641499999999999,false,false,9.916666666666666,false,1.225539e6,1.2035692307692312e6,false,0
15.477,use_lmSR3_cuts,0.017908548809952185,10,false,7.694000000000001,false,false,9.916666666666666,false,1.225539e6,1.203591375e6,false,0
32.6,use_adaptive_ngroute,0.013869677292375204,0,false,8.086500000000001,false,false,9.916666666666666,false,1.225539e6,1.2085411695607798e6,false,5
42.353,use_lmSR3_cuts,0.013865661164067622,3,false,10.53125,false,false,10.541666666666666,false,1.225539e6,1.2085460914826498e6,false,0
28.372,use_lmSR3_cuts,0.013499830382755151,10,false,9.395999999999999,false,false,10.541666666666666,false,1.225539e6,1.2089944313725487e6,false,0
44.48,use_lmSR3_cuts,0.011935319887821372,10,false,14.700333333333333,false,false,10.541666666666666,false,1.225539e6,1.2109117999999993e6,false,0
46.468,use_adaptive_ngroute,0.01096498731595874,0,false,15.403,false,false,10.541666666666666,false,1.225539e6,1.2121009804097873e6,false,1
29.382,use_lmSR3_cuts,0.010822787930542921,2,false,14.638499999999999,false,false,10.583333333333332,false,1.225539e6,1.2122752513023904e6,false,0
14.364,use_lmSR3_cuts,0.010812201078385542,10,false,14.297,false,false,10.583333333333332,false,1.225539e6,1.2122882259025965e6,false,0
101.682,use_lmSR3_cuts,0.014027946441969807,1,false,12.576374999999999,false,false,10.583333333333332,false,1.225539e6,1.2083472045454548e6,false,0
59.713,use_lmSR3_cuts,0.013726205367594835,10,false,11.8642,false,false,10.583333333333332,false,1.225539e6,1.2087170000000033e6,false,0
18.908,use_adaptive_ngroute,0.010522505860790288,0,false,18.826,false,false,10.583333333333332,false,1.225539e6,1.212643258689873e6,false,3
81.165,use_lmSR3_cuts,0.01310490887933824,10,false,16.1612,false,false,10.916666666666666,false,1.225539e6,1.2094784230769246e6,false,0
64.08,use_lmSR3_cuts,0.012443096466125958,10,false,12.679200000000002,false,false,10.916666666666666,false,1.225539e6,1.2102895000000005e6,false,0
16.082,use_adaptive_ngroute,0.010717240261756023,0,false,16.0,false,false,10.916666666666666,false,1.225539e6,1.2124046040868477e6,false,1
84.468,none,1.9984014443252818e-15,0,false,13.952333333333335,true,false,10.958333333333334,false,1.197476e6,1.1974759999999977e6,false,0
