CG_time_taken,method,CG_LP_IP_gap,implemented_SR3_cuts_count,errored,CG_sp_time_taken_mean,converged,CGIP_artificial,ngroute_neighborhood_size,time_limit_reached,CGIP_objective,CGLP_objective,CGLP_artificial,cycles_lookup_length
17.769,use_adaptive_ngroute,0.07095053281375574,0,false,0.8244999999999999,false,false,7.291666666666667,false,1.226708e6,1.1396724137931033e6,false,4
2.314,use_lmSR3_cuts,0.07070729617998195,5,false,1.1165,false,false,8.083333333333334,false,1.226708e6,1.1399707941176468e6,false,0
12.295,use_adaptive_ngroute,0.017799829711985904,0,false,2.0126666666666666,false,false,8.083333333333334,false,1.174313e6,1.1534104285714286e6,false,3
3.356,use_lmSR3_cuts,0.017478080241047467,5,false,1.663,false,false,8.666666666666668,false,1.174313e6,1.1537882631578948e6,false,0
4.412,use_adaptive_ngroute,0.015041310554970266,0,false,2.174,false,false,8.666666666666668,false,1.174313e6,1.1566497934782612e6,false,2
7.014,use_lmSR3_cuts,0.015038804098987724,5,false,2.314666666666666,false,false,8.875,false,1.174313e6,1.1566527368421054e6,false,0
10.667,use_lmSR3_cuts,0.012881574162936116,5,false,2.0974,false,false,8.875,false,1.174313e6,1.159186e6,false,0
9.687,use_lmSR3_cuts,0.009107212736177539,5,false,2.3719999999999994,false,false,8.875,false,1.174313e6,1.1636182816901412e6,false,0
6.279,use_adaptive_ngroute,0.007762325717249108,0,false,2.052,false,false,8.875,false,1.174313e6,1.1651976e6,false,2
7.4,use_lmSR3_cuts,0.0073304561901298415,2,false,2.4450000000000003,false,false,8.958333333333332,false,1.174313e6,1.16570475e6,false,0
12.29,use_lmSR3_cuts,0.006000671598344276,1,false,3.03925,false,false,8.958333333333332,false,1.174313e6,1.1672663333333335e6,false,0
8.24,use_lmSR3_cuts,0.0051984626093912745,5,false,2.719666666666667,false,false,8.958333333333332,false,1.174313e6,1.1682083777777778e6,false,0
10.32,use_lmSR3_cuts,0.004782157738183912,1,false,2.5372500000000002,false,false,8.958333333333332,false,1.174313e6,1.16869725e6,false,0
9.177,none,0.004500503698758318,0,false,3.0343333333333335,false,false,8.958333333333332,false,1.174313e6,1.169028e6,false,0
