CG_time_taken,method,CG_LP_IP_gap,implemented_SR3_cuts_count,errored,CG_sp_time_taken_mean,converged,CGIP_artificial,ngroute_neighborhood_size,time_limit_reached,CGIP_objective,CGLP_objective,CGLP_artificial,cycles_lookup_length
12.123,use_adaptive_ngroute,0.06494466509113972,0,false,0.7954285714285715,false,false,7.291666666666667,false,1.279572e6,1.1964706250000002e6,false,6
8.481,use_adaptive_ngroute,0.05513386507363405,0,false,1.1794285714285713,false,false,8.0,false,1.279572e6,1.20902425e6,false,2
6.062,use_adaptive_ngroute,0.05268871153792054,0,false,1.4867499999999998,false,false,8.166666666666666,false,1.279572e6,1.212153e6,false,1
3.202,use_lmSR3_cuts,0.05268871153792054,5,false,1.579,false,false,8.291666666666666,false,1.279572e6,1.212153e6,false,0
9.351,use_lmSR3_cuts,0.04725961670168699,5,false,3.083666666666667,false,false,8.291666666666666,false,1.279572e6,1.219099917737789e6,false,0
14.431,use_adaptive_ngroute,0.0426701215356563,0,false,3.5749999999999997,false,false,8.291666666666666,false,1.279572e6,1.2249725072463772e6,false,1
6.993,use_lmSR3_cuts,0.04237663964080307,5,false,3.4725,false,false,8.708333333333334,false,1.279572e6,1.2253480384615383e6,false,0
15.77,use_adaptive_ngroute,0.03775380535852246,0,false,3.89975,false,false,8.708333333333334,false,1.279572e6,1.2312632877697847e6,false,1
12.993,use_lmSR3_cuts,0.03763808239289079,5,false,4.298333333333333,false,false,8.75,false,1.279572e6,1.231411363636364e6,false,0
14.346,use_lmSR3_cuts,0.035472017205753326,5,false,4.743666666666667,false,false,8.75,false,1.279572e6,1.2341829999999998e6,false,0
10.108,use_adaptive_ngroute,0.03350475985510726,0,false,5.021,false,false,8.75,false,1.279572e6,1.2367002474226807e6,false,2
17.278,use_lmSR3_cuts,0.033470183626963856,5,false,5.716333333333332,false,false,8.916666666666666,false,1.279572e6,1.2367444901960786e6,false,0
25.448,use_adaptive_ngroute,0.03184700158022957,0,false,6.30675,false,false,8.916666666666666,false,1.279572e6,1.2388214684939825e6,false,4
14.727,use_adaptive_ngroute,0.03180092598781881,0,false,7.317,false,false,9.291666666666666,false,1.279572e6,1.2388804255319147e6,false,1
7.672,use_lmSR3_cuts,0.0317961373335468,5,false,7.651,false,false,9.416666666666666,false,1.279572e6,1.2388865529598389e6,false,0
28.562,use_lmSR3_cuts,0.028287879355552215,5,false,9.463333333333333,false,false,9.416666666666666,false,1.279572e6,1.2433756216372573e6,false,0
64.547,use_adaptive_ngroute,0.02561069749210554,0,false,10.7165,false,false,9.416666666666666,false,1.276779e6,1.244079799266727e6,false,2
11.033,use_lmSR3_cuts,0.025531261148941664,5,false,11.007,false,false,9.666666666666668,false,1.276779e6,1.2441812219215154e6,false,0
63.157,none,0.024188994336529324,0,false,12.5898,false,false,9.666666666666668,false,1.276779e6,1.2458950000000005e6,false,0
