CG_time_taken,method,CG_LP_IP_gap,implemented_SR3_cuts_count,errored,CG_sp_time_taken_mean,converged,CGIP_artificial,ngroute_neighborhood_size,time_limit_reached,CGIP_objective,CGLP_objective,CGLP_artificial,cycles_lookup_length
7.248,use_adaptive_ngroute,0.9999811946119028,0,false,0.22027272727272731,false,true,6.0,false,6.0e10,1.1283232858309513e6,false,28
50.775,use_adaptive_ngroute,0.10031431960122716,0,false,3.5638571428571435,false,false,9.214285714285714,false,1.37221e6,1.2345576875e6,false,9
39.229,use_lmSR3_cuts,0.09557125610025685,5,false,4.870875,false,false,9.642857142857142,false,1.37221e6,1.2410661666666665e6,false,0
65.53,use_adaptive_ngroute,0.04845789934666922,0,false,8.145625,false,false,9.642857142857142,false,1.346373e6,1.281130592682927e6,false,7
23.309,use_adaptive_ngroute,0.047729313001176554,0,false,7.745333333333334,false,false,10.0,false,1.346373e6,1.282111541666667e6,false,4
24.616,use_lmSR3_cuts,0.04763882015765397,5,false,8.182,false,false,10.142857142857144,false,1.346373e6,1.282233378787879e6,false,0
49.144,use_lmSR3_cuts,0.04651614296139961,5,false,12.22875,false,false,10.142857142857144,false,1.346373e6,1.2837449210526315e6,false,0
32.9,use_adaptive_ngroute,0.04455447911030608,0,false,10.872333333333334,false,false,10.142857142857144,false,1.346373e6,1.2863860522968199e6,false,2
35.401,use_lmSR3_cuts,0.04434858932689556,5,false,11.786,false,false,10.214285714285715,false,1.346373e6,1.2866632567421796e6,false,0
68.576,use_lmSR3_cuts,0.04340040308390536,5,false,13.688000000000002,false,false,10.214285714285715,false,1.346373e6,1.2879398690987132e6,false,0
39.598,none,3.3306690738754696e-16,0,false,13.151000000000002,true,false,10.214285714285715,false,1.288126e6,1.2881259999999995e6,false,0
