CG_time_taken,method,CG_LP_IP_gap,implemented_SR3_cuts_count,errored,CG_sp_time_taken_mean,converged,CGIP_artificial,ngroute_neighborhood_size,time_limit_reached,CGIP_objective,CGLP_objective,CGLP_artificial,cycles_lookup_length
14.129,use_adaptive_ngroute,0.08387474875057466,0,false,0.8127500000000001,false,false,7.291666666666667,false,1.356929e6,1.2431169210526315e6,false,7
6.331,use_adaptive_ngroute,0.07723923058452586,0,false,1.0319999999999998,false,false,8.375,false,1.353422e6,1.2488847260638298e6,false,2
2.377,use_adaptive_ngroute,0.07714473599725957,0,false,1.1619999999999997,false,false,8.458333333333334,false,1.353422e6,1.249012617117117e6,false,1
2.386,use_lmSR3_cuts,0.07712567011893101,5,false,1.166,false,false,8.5,false,1.353422e6,1.2490384212962962e6,false,0
11.363,use_adaptive_ngroute,0.06673652415876219,0,false,2.1857999999999995,false,false,8.5,false,1.353422e6,1.2630993199999998e6,false,1
4.47,use_adaptive_ngroute,0.06582996286450193,0,false,2.2104999999999997,false,false,8.666666666666668,false,1.353422e6,1.26432628e6,false,2
2.262,use_lmSR3_cuts,0.06582996286450193,5,false,2.251,false,false,8.916666666666666,false,1.353422e6,1.26432628e6,false,0
11.406,use_adaptive_ngroute,0.016942724567236445,0,false,2.2454,false,false,8.916666666666666,false,1.289862e6,1.2680082234042552e6,false,2
2.32,use_adaptive_ngroute,0.01692369475899791,0,false,2.307,false,false,9.0,false,1.289862e6,1.2680327692307695e6,false,3
3.28,use_lmSR3_cuts,0.01692369475899791,5,false,3.267,false,false,9.125,false,1.289862e6,1.2680327692307695e6,false,0
11.631,use_adaptive_ngroute,0.005107495084667346,0,false,3.8553333333333333,false,false,9.125,false,1.275638e6,1.2691226851851852e6,false,1
10.976,use_lmSR3_cuts,0.004834443627424578,5,false,3.6296666666666666,false,false,9.291666666666666,false,1.275638e6,1.2694709999999993e6,false,0
22.456,use_lmSR3_cuts,0.0034614835870363514,5,false,3.717,false,false,9.291666666666666,false,1.275638e6,1.2712224000000001e6,false,0
16.463,use_adaptive_ngroute,4.0755546513393526e-5,0,false,4.0805,false,false,9.291666666666666,false,1.275638e6,1.2755860106761567e6,false,3
8.114,none,0.0,0,false,4.0415,true,false,9.416666666666666,false,1.275638e6,1.275638e6,false,0
