CG_time_taken,method,CG_LP_IP_gap,implemented_SR3_cuts_count,errored,CG_sp_time_taken_mean,converged,CGIP_artificial,ngroute_neighborhood_size,time_limit_reached,CGIP_objective,CGLP_objective,CGLP_artificial,cycles_lookup_length
31.787,use_adaptive_ngroute,0.11819983232985287,0,false,1.48525,false,false,8.357142857142856,false,1.377705e6,1.2148605e6,false,10
20.018,use_SR3_cuts,0.11372100703706522,2,false,2.8045714285714287,false,false,9.928571428571427,false,1.377705e6,1.221031e6,false,0
42.843,use_adaptive_ngroute,0.007852450441092396,0,false,6.038714285714287,false,false,9.928571428571427,false,1.253441e6,1.2435984166666667e6,false,6
38.858,use_SR3_cuts,0.0010806252547985729,1,false,4.823625,false,false,10.464285714285714,false,1.253441e6,1.2520865e6,false,0
26.003,none,0.0,0,false,5.168,true,false,10.464285714285714,false,1.253441e6,1.253441e6,false,0
