CG_time_taken,method,CG_LP_IP_gap,implemented_SR3_cuts_count,errored,CG_sp_time_taken_mean,converged,CGIP_artificial,ngroute_neighborhood_size,time_limit_reached,CGIP_objective,CGLP_objective,CGLP_artificial,cycles_lookup_length
22.701,use_adaptive_ngroute,0.1318735462571593,0,false,0.9000454545454545,false,false,8.357142857142856,false,1.399405e6,1.2148605e6,false,10
15.393,use_SR3_cuts,0.12746417227321616,2,false,1.141153846153846,false,false,9.928571428571427,false,1.399405e6,1.221031e6,false,0
22.546,use_adaptive_ngroute,0.007852450441092174,0,false,2.4375555555555555,false,false,9.928571428571427,false,1.253441e6,1.243598416666667e6,false,6
10.862,use_SR3_cuts,0.0010806252547985729,10,false,2.67125,false,false,10.464285714285714,false,1.253441e6,1.2520865e6,false,0
13.768,none,0.0,0,false,3.36925,true,false,10.464285714285714,false,1.253441e6,1.253441e6,false,0
