CG_time_taken,method,CG_LP_IP_gap,implemented_SR3_cuts_count,errored,CG_sp_time_taken_mean,converged,CGIP_artificial,ngroute_neighborhood_size,time_limit_reached,CGIP_objective,CGLP_objective,CGLP_artificial,cycles_lookup_length
62.341,use_adaptive_ngroute,0.11479417542061665,0,false,2.4710000000000005,false,false,8.357142857142856,false,1.311408e6,1.160866e6,false,3
23.282,use_adaptive_ngroute,0.11044473212238892,0,false,3.8340000000000005,false,false,9.25,false,1.311408e6,1.1665698947368423e6,false,9
50.368,use_adaptive_ngroute,0.10703469389095843,0,false,12.53425,false,false,10.535714285714285,false,1.311408e6,1.171041846153846e6,false,1
58.871,use_SR3_cuts,0.10651288538730885,5,false,14.67375,false,false,10.571428571428571,false,1.311408e6,1.1717261500000001e6,false,0
171.138,use_adaptive_ngroute,0.09322890891797309,0,false,28.3005,false,false,10.571428571428571,false,1.311408e6,1.1891468630136987e6,false,5
168.641,use_SR3_cuts,0.09317305175188584,5,false,24.046571428571426,false,false,10.785714285714286,false,1.3114079655779642e6,1.1892200833333333e6,false,0
162.313,use_SR3_cuts,0.08667721832630582,5,false,32.392,false,false,10.785714285714286,false,1.311408e6,1.197738802469136e6,false,0
368.577,use_adaptive_ngroute,0.08437099666922887,0,false,122.74466666666667,false,false,10.785714285714286,false,1.311408e6,1.2007632e6,false,4
638.659,use_adaptive_ngroute,0.0838409693617227,0,false,159.57375000000002,false,false,11.071428571428571,false,1.311408e6,1.201458282051282e6,false,2
121.228,use_SR3_cuts,0.08383694613763615,5,false,121.15400000000001,false,false,11.392857142857144,false,1.311408e6,1.201463558139535e6,false,0
888.852,use_adaptive_ngroute,0.07730051174440267,0,false,177.54260000000002,false,false,11.392857142857144,false,1.311408e6,1.2100354904942964e6,false,9
519.16,use_adaptive_ngroute,0.07610087077006145,0,false,259.50100000000003,false,false,12.178571428571429,false,1.311408e6,1.2116087092651753e6,false,4
258.251,use_SR3_cuts,0.07607230686016242,5,false,258.161,false,false,12.392857142857142,false,1.311408e6,1.211646168205128e6,false,0
86.884,none,0.07577504483730468,0,false,NaN,false,false,12.392857142857142,true,1.311408e6,1.212036e6,false,0
