CG_time_taken,method,CG_LP_IP_gap,implemented_SR3_cuts_count,errored,CG_sp_time_taken_mean,converged,CGIP_artificial,ngroute_neighborhood_size,time_limit_reached,CGIP_objective,CGLP_objective,CGLP_artificial,cycles_lookup_length
67.171,use_adaptive_ngroute,0.09755368933299269,0,false,3.033476190476191,false,false,8.357142857142856,false,1.390704e6,1.2550356940298497e6,false,4
12.589,use_adaptive_ngroute,0.09716427404049843,0,false,4.127000000000001,false,false,8.75,false,1.390704e6,1.2555772554347827e6,false,1
2.522,use_SR3_cuts,0.09714921363568363,5,false,2.4979999999999998,false,false,8.785714285714286,false,1.390704e6,1.2555982000000002e6,false,0
62.353,use_adaptive_ngroute,0.09172621999550701,0,false,15.51175,false,false,8.785714285714286,false,1.390704e6,1.2631399789473685e6,false,10
39.1,use_SR3_cuts,0.09092194602064252,5,false,19.53,false,false,10.714285714285715,false,1.390704e6,1.2642584859813084e6,false,0
120.087,use_adaptive_ngroute,0.09032429879856807,0,false,39.96033333333333,false,false,10.714285714285715,false,1.390704e6,1.2650896363636362e6,false,3
164.08,use_SR3_cuts,0.08866976725457032,5,false,81.99,false,false,11.107142857142856,false,1.390704e6,1.2673906e6,false,0
413.797,use_SR3_cuts,0.08847581272985983,5,false,137.876,false,false,11.107142857142856,false,1.390704e6,1.267660333333333e6,false,0
1269.783,use_SR3_cuts,0.05018542574589269,5,false,317.12375000000003,false,false,11.107142857142856,false,1.336384e6,1.269317000000001e6,false,0
1440.026,none,0.036471994246551454,0,false,600.253,false,false,11.107142857142856,true,1.323728e6,1.275449000000001e6,false,0
