CG_time_taken,method,CG_LP_IP_gap,implemented_SR3_cuts_count,errored,CG_sp_time_taken_mean,converged,CGIP_artificial,ngroute_neighborhood_size,time_limit_reached,CGIP_objective,CGLP_objective,CGLP_artificial,cycles_lookup_length
18.782,use_adaptive_ngroute,0.12131959678669046,0,false,1.0580625000000001,false,false,8.357142857142856,false,1.516977e6,1.3329379620253167e6,false,9
5.595,use_SR3_cuts,0.09302767278874091,3,false,1.356,false,false,9.607142857142858,false,1.474228e6,1.337084e6,false,0
77.138,use_SR3_cuts,0.0034461039665043547,1,false,9.50975,false,false,9.607142857142858,false,1.355879e6,1.3512065e6,false,0
24.191,use_adaptive_ngroute,0.0015229972586049412,0,false,7.934333333333333,false,false,9.607142857142858,false,1.355879e6,1.353814e6,false,5
23.0,use_SR3_cuts,0.0011099810528815146,10,false,5.651,false,false,9.857142857142858,false,1.355879e6,1.354374e6,false,0
10.587,none,0.0010867488913096635,0,false,5.2540000000000004,false,false,9.857142857142858,false,1.355879e6,1.3544055e6,false,0
