CG_time_taken,method,CG_LP_IP_gap,implemented_SR3_cuts_count,errored,CG_sp_time_taken_mean,converged,CGIP_artificial,ngroute_neighborhood_size,time_limit_reached,CGIP_objective,CGLP_objective,CGLP_artificial,cycles_lookup_length
27.254,use_adaptive_ngroute,0.14283273076408087,0,false,1.356,false,false,8.357142857142856,false,1.55505e6,1.332937962025316e6,false,9
6.703,use_SR3_cuts,0.12172333724164897,5,false,1.6420000000000001,false,false,9.607142857142858,false,1.522395e6,1.3370839999999998e6,false,0
73.411,use_SR3_cuts,0.0038720269286566245,2,false,12.058333333333334,false,false,9.607142857142858,false,1.355879e6,1.350629e6,false,0
27.171,use_adaptive_ngroute,0.0015229972586049412,0,false,8.999666666666668,false,false,9.607142857142858,false,1.355879e6,1.353814e6,false,2
68.438,use_adaptive_ngroute,0.0010867488913096635,0,false,17.046,false,false,9.75,false,1.355879e6,1.3544055e6,false,3
109.699,none,0.0010867488913096635,0,false,18.238166666666668,false,false,9.857142857142858,false,1.355879e6,1.3544055e6,false,0
