CG_time_taken,method,CG_LP_IP_gap,implemented_SR3_cuts_count,errored,CG_sp_time_taken_mean,converged,CGIP_artificial,ngroute_neighborhood_size,time_limit_reached,CGIP_objective,CGLP_objective,CGLP_artificial,cycles_lookup_length
16.182,use_adaptive_ngroute,0.06622300065174813,0,false,1.0527857142857142,false,false,8.357142857142856,false,1.572221e6,1.468103807692308e6,false,5
8.644,use_adaptive_ngroute,0.06527220621867613,0,false,1.6714,false,false,8.75,false,1.572221e6,1.4695986666666667e6,false,5
3.271,use_SR3_cuts,0.06473733654492597,5,false,1.604,false,false,9.178571428571429,false,1.572221e6,1.4704395999999999e6,false,0
19.686,use_adaptive_ngroute,0.04824953106581309,0,false,4.8585,false,false,9.178571428571429,false,1.553118e6,1.4781807848101265e6,false,5
9.897,use_SR3_cuts,0.04813335496723381,5,false,4.934,false,false,9.928571428571427,false,1.553118e6,1.4783612199999997e6,false,0
10.692,use_SR3_cuts,0.012776096235933121,4,false,5.3165000000000004,false,false,9.928571428571427,false,1.50325e6,1.4840443333333335e6,false,0
25.321,use_adaptive_ngroute,0.011660617681298335,0,false,6.2917499999999995,false,false,9.928571428571427,false,1.50325e6,1.4857211764705882e6,false,3
6.555,use_SR3_cuts,0.01165607849659056,5,false,6.531,false,false,10.142857142857144,false,1.50325e6,1.4857280000000002e6,false,0
17.76,use_SR3_cuts,0.01057741559953429,5,false,8.838,false,false,10.142857142857144,false,1.50325e6,1.4873495e6,false,0
24.412,use_SR3_cuts,0.00999739779497344,5,false,12.1745,false,false,10.142857142857144,false,1.50325e6,1.4882214117647063e6,false,0
45.88,use_SR3_cuts,0.009949941792782302,3,false,11.443,false,false,10.142857142857144,false,1.50325e6,1.48829275e6,false,0
21.528,use_SR3_cuts,0.009711846554687042,5,false,10.724,false,false,10.142857142857144,false,1.50325e6,1.4886506666666667e6,false,0
46.553,use_SR3_cuts,0.008971944121071163,5,false,15.460000000000003,false,false,10.142857142857144,false,1.50325e6,1.4897629249999998e6,false,0
35.765,use_adaptive_ngroute,0.00872780849825383,0,false,17.8575,false,false,10.142857142857144,false,1.50325e6,1.490129921875e6,false,2
20.688,use_SR3_cuts,0.008727210342503677,5,false,20.656,false,false,10.285714285714286,false,1.50325e6,1.4901308210526314e6,false,0
21.653,use_SR3_cuts,0.008561117578579247,2,false,21.62,false,false,10.285714285714286,false,1.50325e6,1.4903805000000007e6,false,0
60.658,use_adaptive_ngroute,0.008547321599221225,0,false,20.193333333333335,false,false,10.285714285714286,false,1.50325e6,1.4904012388059706e6,false,2
22.45,use_SR3_cuts,0.008532402017850216,1,false,22.41,false,false,10.392857142857142,false,1.50325e6,1.4904236666666667e6,false,0
40.227,none,0.008532402017849994,0,false,19.9925,false,false,10.392857142857142,false,1.50325e6,1.490423666666667e6,false,0
