CG_time_taken,method,CG_LP_IP_gap,implemented_SR3_cuts_count,errored,CG_sp_time_taken_mean,converged,CGIP_artificial,ngroute_neighborhood_size,time_limit_reached,CGIP_objective,CGLP_objective,CGLP_artificial,cycles_lookup_length
7.958,use_adaptive_ngroute,0.3124599645107091,0,false,0.30235294117647066,false,false,6.0,false,1.731856e6,1.1907203357023413e6,false,14
9.166,use_adaptive_ngroute,0.07241398656439901,0,false,0.9632222222222222,false,false,6.821428571428571,false,1.448342e6,1.3434617818713451e6,false,14
10.771,use_lmSR3_cuts,0.06181592707266359,5,false,1.7705,false,false,8.25,false,1.448342e6,1.3588113965517243e6,false,0
8.126,use_lmSR3_cuts,0.05620791835691341,5,false,2.6613333333333333,false,false,8.25,false,1.448342e6,1.3669337111111113e6,false,0
15.972,use_lmSR3_cuts,0.05307906995824452,5,false,3.1584,false,false,8.25,false,1.448342e6,1.3714653536585362e6,false,0
12.156,use_adaptive_ngroute,0.04954990614750665,0,false,4.017333333333333,false,false,8.25,false,1.448342e6,1.376576789830508e6,false,5
11.383,use_lmSR3_cuts,0.0493503759624605,5,false,3.754666666666667,false,false,8.428571428571429,false,1.448342e6,1.376865777777778e6,false,0
16.862,use_adaptive_ngroute,0.04573309802979353,0,false,4.174499999999999,false,false,8.428571428571429,false,1.448342e6,1.3821048333333328e6,false,1
12.426,use_lmSR3_cuts,0.04552522951125115,5,false,4.1240000000000006,false,false,8.5,false,1.448342e6,1.3824058980392155e6,false,0
15.508,use_adaptive_ngroute,0.03325531107657398,0,false,5.132666666666666,false,false,8.5,false,1.433782e6,1.3861011335740075e6,false,3
22.621,use_lmSR3_cuts,0.032608978677837186,5,false,5.62425,false,false,8.821428571428571,false,1.433782e6,1.3870278333333333e6,false,0
17.654,use_adaptive_ngroute,0.031770868932655016,0,false,5.830666666666667,false,false,8.821428571428571,false,1.433782e6,1.3882295e6,false,2
15.41,use_lmSR3_cuts,0.030826874784184666,5,false,5.109,false,false,8.892857142857142,false,1.433782e6,1.3895829818181822e6,false,0
23.232,use_lmSR3_cuts,0.030044098405475728,5,false,5.7829999999999995,false,false,8.892857142857142,false,1.433782e6,1.3907053125000002e6,false,0
19.383,use_lmSR3_cuts,0.029205194273982937,5,false,6.442000000000001,false,false,8.892857142857142,false,1.433782e6,1.3919081181434602e6,false,0
20.352,use_lmSR3_cuts,0.028507795305085293,5,false,6.756333333333334,false,false,8.892857142857142,false,1.433782e6,1.3929080362318843e6,false,0
18.321,none,0.027955435345122237,0,false,6.056666666666667,false,false,8.892857142857142,false,1.433782e6,1.3937e6,false,0
