CG_time_taken,method,CG_LP_IP_gap,implemented_SR3_cuts_count,errored,CG_sp_time_taken_mean,converged,CGIP_artificial,ngroute_neighborhood_size,time_limit_reached,CGIP_objective,CGLP_objective,CGLP_artificial,cycles_lookup_length
53.217,use_adaptive_ngroute,0.08368247548632435,0,false,2.992352941176471,false,false,8.357142857142856,false,1.329258e6,1.2180223999999994e6,false,10
22.868,use_SR3_cuts,0.0478556286351034,5,false,2.8037500000000004,false,false,9.5,false,1.28779e6,1.2261620000000002e6,false,0
66.655,use_adaptive_ngroute,0.036302073654638556,0,false,9.468714285714285,false,false,9.5,false,1.280734e6,1.2342407000000002e6,false,4
44.36,use_SR3_cuts,0.03442791399306955,2,false,11.034500000000001,false,false,9.857142857142858,false,1.280734e6,1.236641e6,false,0
38.32,use_SR3_cuts,0.031864540177741874,5,false,9.356250000000001,false,false,9.857142857142858,false,1.280734e6,1.239924e6,false,0
71.091,use_adaptive_ngroute,0.028722722022423652,0,false,17.715,false,false,9.857142857142858,false,1.280734e6,1.2439478333333333e6,false,4
35.408,use_SR3_cuts,0.027796396030466908,5,false,17.6465,false,false,10.392857142857142,false,1.280734e6,1.245134210526316e6,false,0
78.22,use_SR3_cuts,0.011147049716914492,5,false,25.914666666666662,false,false,10.392857142857142,false,1.266048e6,1.2519352999999998e6,false,0
138.493,none,0.009261102264685017,0,false,27.4308,false,false,10.392857142857142,false,1.266048e6,1.254323e6,false,0
