CG_time_taken,method,CG_LP_IP_gap,implemented_SR3_cuts_count,errored,CG_sp_time_taken_mean,converged,CGIP_artificial,ngroute_neighborhood_size,time_limit_reached,CGIP_objective,CGLP_objective,CGLP_artificial,cycles_lookup_length
24.633,use_adaptive_ngroute,0.11652646337188921,0,false,0.8846666666666667,false,false,8.357142857142856,false,1.35359e6,1.1958609444444445e6,false,4
2.798,use_adaptive_ngroute,0.11600410759535773,0,false,0.9019999999999999,false,false,8.892857142857142,false,1.35359e6,1.1965679999999998e6,false,1
2.662,use_SR3_cuts,0.11577010025192269,4,false,0.8553333333333335,false,false,8.964285714285714,false,1.35359e6,1.19688475e6,false,0
16.73,use_SR3_cuts,0.0912957007447529,10,false,2.698166666666667,false,false,8.964285714285714,false,1.323392e6,1.202572e6,false,0
19.611,use_adaptive_ngroute,0.0873517813683693,0,false,3.186833333333334,false,false,8.964285714285714,false,1.323392e6,1.207791351351351e6,false,2
14.385,use_SR3_cuts,0.08713019378117026,10,false,4.7396666666666665,false,false,9.5,false,1.323392e6,1.2080845985915496e6,false,0
58.987,none,0.08308120345294512,0,false,14.506000000000002,false,false,9.5,false,1.323392e6,1.213443e6,false,0
