CG_time_taken,method,CG_LP_IP_gap,implemented_SR3_cuts_count,errored,CG_sp_time_taken_mean,converged,CGIP_artificial,ngroute_neighborhood_size,time_limit_reached,CGIP_objective,CGLP_objective,CGLP_artificial,cycles_lookup_length
52.907,use_adaptive_ngroute,0.10612558718199183,0,false,1.9377307692307697,false,false,8.357142857142856,false,1.33784e6,1.195860944444444e6,false,4
13.18,use_adaptive_ngroute,0.10576274068647973,0,false,2.1534999999999997,false,false,8.892857142857142,false,1.33784e6,1.196346375e6,false,1
7.932,use_SR3_cuts,0.1053603196196855,5,false,1.954,false,false,8.964285714285714,false,1.33784e6,1.19688475e6,false,0
22.413,use_adaptive_ngroute,0.09866424511467053,0,false,4.433000000000001,false,false,8.964285714285714,false,1.33784e6,1.2058430263157892e6,false,4
12.693,use_adaptive_ngroute,0.09859041439933025,0,false,4.191333333333333,false,false,9.535714285714285,false,1.33784e6,1.2059418e6,false,4
11.858,use_SR3_cuts,0.09837536626203436,5,false,5.8845,false,false,10.071428571428573,false,1.33784e6,1.2062295e6,false,0
27.344,use_adaptive_ngroute,0.09572823922708795,0,false,5.4348,false,false,10.071428571428573,false,1.33784e6,1.2097709324324327e6,false,2
5.974,use_SR3_cuts,0.09571594165566566,5,false,5.952,false,false,10.178571428571429,false,1.33784e6,1.2097873846153843e6,false,0
76.773,none,0.0929834658853077,0,false,15.284799999999999,false,false,10.178571428571429,false,1.33784e6,1.213443e6,false,0
