CG_time_taken,method,CG_LP_IP_gap,implemented_SR3_cuts_count,errored,CG_sp_time_taken_mean,converged,CGIP_artificial,ngroute_neighborhood_size,time_limit_reached,CGIP_objective,CGLP_objective,CGLP_artificial,cycles_lookup_length
28.564,use_adaptive_ngroute,0.037420660714402865,0,false,1.7958666666666667,false,false,8.357142857142856,false,1.382045e6,1.3303279629629632e6,false,4
10.498,use_adaptive_ngroute,0.03558684775097776,0,false,2.5784999999999996,false,false,8.928571428571429,false,1.382045e6,1.332862375e6,false,2
5.655,use_SR3_cuts,0.03551384534828195,5,false,2.7984999999999998,false,false,9.0,false,1.382045e6,1.3329632676056337e6,false,0
29.689,use_adaptive_ngroute,0.02267159655920503,0,false,7.32175,false,false,9.0,false,1.382045e6,1.3507118333333335e6,false,14
31.177,use_SR3_cuts,0.0187580722769517,3,false,10.362666666666668,false,false,11.178571428571427,false,1.382045e6,1.3561205000000002e6,false,0
44.018,use_adaptive_ngroute,0.013303275298656825,0,false,10.974000000000002,false,false,11.178571428571427,false,1.382045e6,1.3636592748898678e6,false,3
32.067,use_SR3_cuts,0.012744614877545302,5,false,15.993,false,false,11.535714285714286,false,1.382045e6,1.364431368731563e6,false,0
52.439,none,-4.440892098500626e-16,0,false,17.429666666666662,true,false,11.535714285714286,false,1.3664e6,1.3664000000000005e6,false,0
