CG_time_taken,method,CG_LP_IP_gap,implemented_SR3_cuts_count,errored,CG_sp_time_taken_mean,converged,CGIP_artificial,ngroute_neighborhood_size,time_limit_reached,CGIP_objective,CGLP_objective,CGLP_artificial,cycles_lookup_length
17.782,use_adaptive_ngroute,0.0933095496202293,0,false,1.0193124999999998,false,false,8.357142857142856,false,1.467235e6,1.330327962962963e6,false,4
2.411,use_adaptive_ngroute,0.09158221075696804,0,false,1.1784999999999999,false,false,8.714285714285715,false,1.467235e6,1.332862375e6,false,2
4.535,use_SR3_cuts,0.09151344698999553,9,false,1.4869999999999999,false,false,8.785714285714286,false,1.467235e6,1.332963267605634e6,false,0
37.273,use_adaptive_ngroute,0.022987945399751686,0,false,9.13775,false,false,8.785714285714286,false,1.382045e6,1.3502746250000002e6,false,4
9.262,use_adaptive_ngroute,0.02177710385696563,0,false,4.5725,false,false,9.535714285714285,false,1.382045e6,1.3519480625e6,false,4
22.725,use_SR3_cuts,0.021711521694300906,6,false,5.63575,false,false,10.107142857142858,false,1.382045e6,1.3520387e6,false,0
45.616,use_SR3_cuts,0.01421733735153341,1,false,15.164000000000001,false,false,10.107142857142858,false,1.382045e6,1.362396e6,false,0
69.287,use_adaptive_ngroute,0.01261275862942246,0,false,22.961666666666666,false,false,10.107142857142858,false,1.382045e6,1.3646135999999999e6,false,5
36.761,use_SR3_cuts,0.01212420257544966,1,false,18.3465,false,false,10.464285714285714,false,1.382045e6,1.3652888064516126e6,false,0
85.518,use_SR3_cuts,0.011836807050421116,1,false,28.323,false,false,10.464285714285714,false,1.382045e6,1.3656860000000007e6,false,0
22.161,use_SR3_cuts,0.011768430116240736,10,false,22.114,false,false,10.464285714285714,false,1.382045e6,1.3657805e6,false,0
210.379,none,0.0,0,false,52.35175,true,false,10.464285714285714,false,1.3664e6,1.3664e6,false,0
