CG_time_taken,method,CG_LP_IP_gap,implemented_SR3_cuts_count,errored,CG_sp_time_taken_mean,converged,CGIP_artificial,ngroute_neighborhood_size,time_limit_reached,CGIP_objective,CGLP_objective,CGLP_artificial,cycles_lookup_length
69.825,use_adaptive_ngroute,0.04110362479768137,0,false,3.1450952380952377,false,false,8.357142857142856,false,1.301783e6,1.248275e6,false,3
21.708,use_adaptive_ngroute,0.03620841568832878,0,false,4.2846,false,false,8.642857142857142,false,1.301783e6,1.2546475000000002e6,false,2
18.171,use_adaptive_ngroute,0.03480008875091034,0,false,4.503500000000001,false,false,8.857142857142858,false,1.301783e6,1.2564808360655736e6,false,4
16.607,use_adaptive_ngroute,0.0341329867846516,0,false,4.099749999999999,false,false,9.0,false,1.301783e6,1.257349258064516e6,false,3
13.656,use_SR3_cuts,0.033983262443382234,5,false,4.511000000000001,false,false,9.285714285714285,false,1.301783e6,1.2575441666666665e6,false,0
53.087,use_adaptive_ngroute,0.02370358742764167,0,false,13.184750000000001,false,false,9.285714285714285,false,1.301783e6,1.2709260728476823e6,false,7
72.892,use_SR3_cuts,0.02366559301102167,5,false,18.158,false,false,10.25,false,1.301783e6,1.2709755333333332e6,false,0
60.32,use_SR3_cuts,0.0019773127071904817,5,false,20.010666666666665,false,false,10.25,false,1.274693e6,1.2721725333333332e6,false,0
125.784,none,0.0,0,false,41.795,true,false,10.25,false,1.274693e6,1.274693e6,false,0
