CG_time_taken,method,CG_LP_IP_gap,implemented_SR3_cuts_count,errored,CG_sp_time_taken_mean,converged,CGIP_artificial,ngroute_neighborhood_size,time_limit_reached,CGIP_objective,CGLP_objective,CGLP_artificial,cycles_lookup_length
42.886,use_adaptive_ngroute,0.1057125483253274,0,false,2.0195499999999997,false,false,8.357142857142856,false,1.489173e6,1.3317487272727273e6,false,3
19.711,use_SR3_cuts,0.10507845629755563,5,false,3.8892000000000007,false,false,8.785714285714286,false,1.489173e6,1.3326930000000002e6,false,0
68.49,use_adaptive_ngroute,0.051864319682913274,0,false,17.0195,false,false,8.785714285714286,false,1.428035e6,1.353970936241611e6,false,10
72.803,use_adaptive_ngroute,0.05123581692536161,0,false,14.4996,false,false,9.857142857142858,false,1.428035e6,1.3548684601769913e6,false,2
32.833,use_adaptive_ngroute,0.05073713698012128,0,false,16.374000000000002,false,false,10.0,false,1.428035e6,1.3555805925925926e6,false,1
33.509,use_SR3_cuts,0.05073577535772089,5,false,16.724,false,false,10.071428571428573,false,1.428035e6,1.355582537037037e6,false,0
79.123,use_adaptive_ngroute,0.04472305518122943,0,false,26.32533333333333,false,false,10.071428571428573,false,1.428035e6,1.364168911894273e6,false,5
87.811,use_adaptive_ngroute,0.04469757393901419,0,false,29.224666666666668,false,false,10.607142857142856,false,1.428035e6,1.3642052999999998e6,false,1
57.212,use_SR3_cuts,0.04469154096324901,5,false,28.5505,false,false,10.678571428571429,false,1.428035e6,1.3642139153005467e6,false,0
138.942,use_adaptive_ngroute,0.04225043226895553,0,false,46.163999999999994,false,false,10.678571428571429,false,1.428035e6,1.367699903954802e6,false,1
103.09,use_SR3_cuts,0.042010135917148084,5,false,51.4915,false,false,10.714285714285715,false,1.428035e6,1.3680430555555555e6,false,0
159.334,use_SR3_cuts,0.03969755643244033,5,false,53.044,false,false,10.714285714285715,false,1.428035e6,1.3713455e6,false,0
141.967,use_SR3_cuts,0.03854873945844639,5,false,70.87049999999999,false,false,10.714285714285715,false,1.428035e6,1.3729860508474575e6,false,0
917.047,use_SR3_cuts,0.03710363023924157,5,false,229.17024999999998,false,false,10.714285714285715,false,1.428035e6,1.3750497173913047e6,false,0
613.143,use_adaptive_ngroute,0.036499767824980656,0,false,306.5235,false,false,10.714285714285715,false,1.428035e6,1.3759120540540537e6,false,1
636.791,use_SR3_cuts,0.03642744941634668,5,false,318.35,false,false,10.75,false,1.428035e6,1.3760153272727274e6,false,0
382.737,none,0.03549739717961775,0,false,351.21999999999997,false,false,10.75,true,1.428035e6,1.3773434744186045e6,false,0
