CG_time_taken,method,CG_LP_IP_gap,implemented_SR3_cuts_count,errored,CG_sp_time_taken_mean,converged,CGIP_artificial,ngroute_neighborhood_size,time_limit_reached,CGIP_objective,CGLP_objective,CGLP_artificial,cycles_lookup_length
26.167,use_adaptive_ngroute,0.08390871436734648,0,false,1.1634285714285715,false,false,8.357142857142856,false,1.511496e6,1.3846683138686132e6,false,10
17.765,use_adaptive_ngroute,0.0725897473852557,0,false,2.486285714285714,false,false,9.857142857142858,false,1.501563e6,1.3925649211469532e6,false,4
19.102,use_SR3_cuts,0.07248413819466781,5,false,4.7315000000000005,false,false,10.142857142857144,false,1.501563e6,1.3927235e6,false,0
63.334,use_adaptive_ngroute,0.003079211688462258,0,false,12.468,false,false,10.142857142857144,false,1.417892e6,1.413526010380623e6,false,7
31.172,use_SR3_cuts,0.00185938520522555,5,false,15.546000000000001,false,false,10.535714285714285,false,1.417892e6,1.4152555925925924e6,false,0
83.163,none,0.0,0,false,16.5828,true,false,10.535714285714285,false,1.417892e6,1.417892e6,false,0
