CG_time_taken,method,CG_LP_IP_gap,implemented_SR3_cuts_count,errored,CG_sp_time_taken_mean,converged,CGIP_artificial,ngroute_neighborhood_size,time_limit_reached,CGIP_objective,CGLP_objective,CGLP_artificial,cycles_lookup_length
21.683,use_adaptive_ngroute,0.09611716129930825,0,false,1.0878333333333332,false,false,8.357142857142856,false,1.515507e6,1.3698407692307692e6,false,12
12.635,use_adaptive_ngroute,0.08354972133904726,0,false,1.7584285714285712,false,false,9.678571428571429,false,1.510019e6,1.3838573333333333e6,false,7
8.318,use_SR3_cuts,0.06648218858157873,9,false,2.0614999999999997,false,false,10.357142857142858,false,1.482964e6,1.3843733076923077e6,false,0
24.565,use_adaptive_ngroute,0.05715916627190909,0,false,6.01975,false,false,10.357142857142858,false,1.4777e6,1.3932359e6,false,2
28.614,use_SR3_cuts,0.05715916627190898,3,false,5.656,false,false,10.571428571428571,false,1.4777e6,1.3932359000000001e6,false,0
28.083,use_adaptive_ngroute,0.044749431342032686,0,false,6.968,false,false,10.571428571428571,false,1.461775e6,1.3963614000000001e6,false,2
7.674,use_SR3_cuts,0.044749431342032686,2,false,7.6450000000000005,false,false,10.714285714285715,false,1.461775e6,1.3963614000000001e6,false,0
26.147,use_SR3_cuts,0.004631996029522467,1,false,12.876500000000002,false,false,10.714285714285715,false,1.406538e6,1.4000229215686275e6,false,0
19.98,use_SR3_cuts,0.00412999862072394,10,false,9.9545,false,false,10.714285714285715,false,1.406538e6,1.4007290000000042e6,false,0
45.549,use_SR3_cuts,0.0033785969522330817,10,false,15.150333333333334,false,false,10.714285714285715,false,1.406538e6,1.401785875e6,false,0
137.264,none,-2.220446049250313e-16,0,false,27.292399999999997,true,false,10.714285714285715,false,1.406538e6,1.4065380000000002e6,false,0
