CG_time_taken,method,CG_LP_IP_gap,implemented_SR3_cuts_count,errored,CG_sp_time_taken_mean,converged,CGIP_artificial,ngroute_neighborhood_size,time_limit_reached,CGIP_objective,CGLP_objective,CGLP_artificial,cycles_lookup_length
32.864,use_adaptive_ngroute,0.08038436865768195,0,false,1.7168888888888887,false,false,8.357142857142856,false,1.48918e6,1.3694732058823532e6,false,9
13.451,use_adaptive_ngroute,0.06623950367042586,0,false,2.614,false,false,9.285714285714285,false,1.482026e6,1.3838573333333335e6,false,7
14.929,use_SR3_cuts,0.06589134894238846,5,false,2.9532,false,false,10.107142857142858,false,1.482026e6,1.3843733076923077e6,false,0
23.683,use_adaptive_ngroute,0.061333419401698785,0,false,7.831333333333333,false,false,10.107142857142858,false,1.482026e6,1.391128277777778e6,false,3
7.894,use_SR3_cuts,0.061321545640899644,5,false,7.872,false,false,10.285714285714286,false,1.482026e6,1.391145875e6,false,0
47.819,use_SR3_cuts,0.00764927787233638,5,false,11.89225,false,false,10.285714285714286,false,1.406538e6,1.3957789999999998e6,false,0
68.328,use_adaptive_ngroute,0.006408820806831805,0,false,13.6048,false,false,10.285714285714286,false,1.406538e6,1.3975237500000005e6,false,3
45.639,use_adaptive_ngroute,0.006408820806831916,0,false,15.187333333333335,false,false,10.642857142857142,false,1.406538e6,1.3975237500000002e6,false,1
37.468,use_SR3_cuts,0.0058700866951338915,5,false,18.701,false,false,10.678571428571429,false,1.406538e6,1.3982814999999998e6,false,0
33.68,use_SR3_cuts,0.003597991195549932,5,false,16.803,false,false,10.678571428571429,false,1.406538e6,1.4014772886597936e6,false,0
67.458,use_adaptive_ngroute,0.0013721634253749393,0,false,22.422333333333334,false,false,10.678571428571429,false,1.406538e6,1.404608e6,false,1
55.182,use_SR3_cuts,0.0013649115772196296,5,false,27.5515,false,false,10.714285714285715,false,1.406538e6,1.4046182000000007e6,false,0
81.199,none,0.0,0,false,26.962666666666667,true,false,10.714285714285715,false,1.406538e6,1.406538e6,false,0
