CG_time_taken,method,CG_LP_IP_gap,implemented_SR3_cuts_count,errored,CG_sp_time_taken_mean,converged,CGIP_artificial,ngroute_neighborhood_size,time_limit_reached,CGIP_objective,CGLP_objective,CGLP_artificial,cycles_lookup_length
22.551,use_adaptive_ngroute,0.041685095508654735,0,false,1.0322631578947368,false,false,8.357142857142856,false,1.234478e6,1.183018666666667e6,false,3
6.198,use_adaptive_ngroute,0.03717007217920143,0,false,1.0073333333333332,false,false,8.607142857142858,false,1.234478e6,1.1885923636363638e6,false,6
5.252,use_SR3_cuts,0.03126382163149122,1,false,1.2585000000000002,false,false,8.857142857142858,false,1.234478e6,1.1958835e6,false,0
3.706,use_adaptive_ngroute,0.028168484979076203,0,false,1.8209999999999997,false,false,8.857142857142858,false,1.234478e6,1.199704625e6,false,4
4.501,use_SR3_cuts,0.027898431563786463,2,false,1.4543333333333333,false,false,9.25,false,1.234478e6,1.200038e6,false,0
9.241,use_adaptive_ngroute,0.025478299329757315,0,false,2.28225,false,false,9.25,false,1.234478e6,1.2030255999999999e6,false,2
6.131,use_SR3_cuts,0.024792179366501355,5,false,1.4942500000000003,false,false,9.428571428571429,false,1.234478e6,1.2038726e6,false,0
11.58,use_adaptive_ngroute,0.023366354037900994,0,false,3.7906666666666666,false,false,9.428571428571429,false,1.234478e6,1.20563275e6,false,1
5.571,use_SR3_cuts,0.02325861619243108,5,false,2.7525,false,false,9.464285714285714,false,1.234478e6,1.20576575e6,false,0
50.678,use_SR3_cuts,0.020926658879299564,5,false,6.227374999999999,false,false,9.464285714285714,false,1.234478e6,1.2086445e6,false,0
108.417,use_SR3_cuts,0.0161946992980031,5,false,21.2888,false,false,9.464285714285714,false,1.234478e6,1.2144859999999998e6,false,0
31.453,use_adaptive_ngroute,0.01441447316193556,0,false,15.6915,false,false,9.464285714285714,false,1.234478e6,1.2166836500000001e6,false,2
70.72,use_SR3_cuts,0.014276398607346752,5,false,17.63625,false,false,9.535714285714285,false,1.234478e6,1.2168540999999999e6,false,0
193.643,use_SR3_cuts,0.011755981070541544,5,false,48.27425,false,false,9.535714285714285,false,1.234478e6,1.2199655e6,false,0
116.65,use_SR3_cuts,0.010263382947728217,5,false,29.113500000000002,false,false,9.535714285714285,false,1.234478e6,1.2218080795454544e6,false,0
129.562,use_SR3_cuts,0.009831361919775294,5,false,43.01733333333333,false,false,9.535714285714285,false,1.234478e6,1.2223413999999997e6,false,0
310.868,use_adaptive_ngroute,0.008964450291270243,0,false,77.6555,false,false,9.535714285714285,false,1.234478e6,1.2234115833333333e6,false,4
128.256,use_SR3_cuts,0.008711644381944161,5,false,63.742,false,false,9.821428571428571,false,1.234478e6,1.2237236666666663e6,false,0
164.923,use_SR3_cuts,0.007990178109361645,5,false,82.372,false,false,9.821428571428571,false,1.234478e6,1.2246143009079115e6,false,0
216.499,use_SR3_cuts,0.007809838712463435,1,false,72.05766666666668,false,false,9.821428571428571,false,1.234478e6,1.2248369259259156e6,false,0
343.998,use_SR3_cuts,0.007710343967249789,2,false,171.909,false,false,9.821428571428571,false,1.234478e6,1.2249597499999974e6,false,0
314.889,use_SR3_cuts,0.007706548448921935,2,false,104.887,false,false,9.821428571428571,false,1.234478e6,1.2249644354838717e6,false,0
342.134,none,0.007697585538179674,0,false,85.28575000000001,false,false,9.821428571428571,false,1.234478e6,1.224975499999999e6,false,0
