CG_time_taken,method,CG_LP_IP_gap,implemented_SR3_cuts_count,errored,CG_sp_time_taken_mean,converged,CGIP_artificial,ngroute_neighborhood_size,time_limit_reached,CGIP_objective,CGLP_objective,CGLP_artificial,cycles_lookup_length
52.783,use_adaptive_ngroute,0.06962099570853342,0,false,2.659105263157895,false,false,8.357142857142856,false,1.505952e6,1.4011061222707427e6,false,12
25.908,use_adaptive_ngroute,0.06059771493380928,0,false,5.1302,false,false,10.214285714285715,false,1.505952e6,1.41469475e6,false,4
18.111,use_adaptive_ngroute,0.05890692399226549,0,false,4.500500000000001,false,false,10.357142857142858,false,1.505952e6,1.4172409999999998e6,false,3
13.824,use_SR3_cuts,0.05439653451649662,5,false,4.575333333333333,false,false,10.464285714285714,false,1.505952e6,1.424033430051813e6,false,0
28.357,use_SR3_cuts,0.05200967688417457,5,false,14.156,false,false,10.464285714285714,false,1.505952e6,1.4276279230769235e6,false,0
86.935,use_SR3_cuts,0.03859537591594986,5,false,17.2774,false,false,10.464285714285714,false,1.496649e6,1.4388852692307695e6,false,0
148.799,use_adaptive_ngroute,0.03590101768833054,0,false,29.671400000000002,false,false,10.464285714285714,false,1.496649e6,1.4429177777777778e6,false,2
23.785,use_SR3_cuts,0.0357415149936936,5,false,23.756,false,false,10.571428571428571,false,1.496649e6,1.4431564973262034e6,false,0
199.324,use_adaptive_ngroute,0.03285006605992369,0,false,49.74399999999999,false,false,10.571428571428571,false,1.496649e6,1.4474839814814813e6,false,3
185.834,use_SR3_cuts,0.032850066059923355,5,false,61.91433333333333,false,false,10.785714285714286,false,1.496649e6,1.4474839814814818e6,false,0
201.525,use_adaptive_ngroute,0.03124901749978337,0,false,67.10933333333334,false,false,10.785714285714286,false,1.496649e6,1.4498801892079667e6,false,1
212.65,use_SR3_cuts,0.03124529373095175,5,false,70.84033333333333,false,false,11.071428571428571,false,1.496649e6,1.4498857623828647e6,false,0
257.908,use_SR3_cuts,0.03075657568716139,5,false,85.91933333333334,false,false,11.071428571428571,false,1.496649e6,1.4506172017543856e6,false,0
227.27,use_SR3_cuts,0.030089695379477588,5,false,113.4185,false,false,11.071428571428571,false,1.496649e6,1.4516152875000003e6,false,0
408.663,none,0.029763603000212524,0,false,136.12,false,false,11.071428571428571,false,1.496649e6,1.452103333333335e6,false,0
