CG_time_taken,method,CG_LP_IP_gap,implemented_SR3_cuts_count,errored,CG_sp_time_taken_mean,converged,CGIP_artificial,ngroute_neighborhood_size,time_limit_reached,CGIP_objective,CGLP_objective,CGLP_artificial,cycles_lookup_length
40.885,use_adaptive_ngroute,0.15433235604292395,0,false,2.0509473684210526,false,false,8.357142857142856,false,1.573117e6,1.3303341470588236e6,false,5
11.814,use_SR3_cuts,0.10726037557520052,5,false,2.3217999999999996,false,false,9.071428571428571,false,1.492029e6,1.3319934090909092e6,false,0
39.499,use_adaptive_ngroute,0.010964190103208482,0,false,7.7452,false,false,9.071428571428571,false,1.376179e6,1.3610903118279567e6,false,3
32.603,use_adaptive_ngroute,0.010626365752819167,0,false,6.4806,false,false,9.535714285714285,false,1.376179e6,1.361555218604651e6,false,3
21.067,use_adaptive_ngroute,0.00988935667048585,0,false,7.003333333333333,false,false,9.857142857142858,false,1.376179e6,1.3625694750265675e6,false,1
6.817,use_SR3_cuts,0.009880852168242193,5,false,6.7989999999999995,false,false,9.964285714285714,false,1.376179e6,1.3625811787439606e6,false,0
16.735,use_adaptive_ngroute,0.007342214890992849,0,false,8.3315,false,false,9.964285714285714,false,1.376179e6,1.3660747980535284e6,false,5
36.262,use_adaptive_ngroute,0.007109698797771236,0,false,12.053666666666665,false,false,10.571428571428571,false,1.376179e6,1.366394781818182e6,false,1
12.71,use_SR3_cuts,0.007095548272097907,5,false,12.69,false,false,10.75,false,1.376179e6,1.3664142554744526e6,false,0
50.01,use_SR3_cuts,0.003044737238597439,5,false,16.624,false,false,10.75,false,1.376179e6,1.3719888965517243e6,false,0
111.226,use_SR3_cuts,0.0021383189813380943,5,false,27.762249999999998,false,false,10.75,false,1.376179e6,1.373236290322581e6,false,0
119.027,use_SR3_cuts,0.001185353983209736,5,false,39.63333333333333,false,false,10.75,false,1.376179e6,1.3745477407407404e6,false,0
143.283,none,0.0,0,false,47.67433333333334,true,false,10.75,false,1.376179e6,1.376179e6,false,0
