CG_time_taken,method,CG_LP_IP_gap,implemented_SR3_cuts_count,errored,CG_sp_time_taken_mean,converged,CGIP_artificial,ngroute_neighborhood_size,time_limit_reached,CGIP_objective,CGLP_objective,CGLP_artificial,cycles_lookup_length
20.878,use_adaptive_ngroute,0.1497278233393987,0,false,0.9539999999999998,false,false,8.357142857142856,false,1.564598e6,1.3303341470588234e6,false,5
7.334,use_SR3_cuts,0.1486673195984466,8,false,1.4449999999999998,false,false,9.071428571428571,false,1.564598e6,1.3319934090909096e6,false,0
29.002,use_adaptive_ngroute,0.03812311722826911,0,false,5.711199999999999,false,false,9.071428571428571,false,1.414861e6,1.360922088235294e6,false,2
16.178,use_adaptive_ngroute,0.03716831547409993,0,false,5.369,false,false,9.535714285714285,false,1.414861e6,1.3622729999999995e6,false,2
12.625,use_SR3_cuts,0.036212723155822024,6,false,4.168,false,false,9.678571428571429,false,1.414861e6,1.3636250303030305e6,false,0
27.327,use_adaptive_ngroute,0.0320135625791832,0,false,9.046666666666667,false,false,9.678571428571429,false,1.414826e6,1.3695323793103446e6,false,1
8.794,use_SR3_cuts,0.03186122983302753,2,false,8.77,false,false,9.785714285714285,false,1.414826e6,1.369747903640257e6,false,0
26.803,use_SR3_cuts,0.03157888196556602,2,false,13.3345,false,false,9.785714285714285,false,1.414826e6,1.370147376744186e6,false,0
51.86,use_SR3_cuts,0.031424817564965735,2,false,17.230999999999998,false,false,9.785714285714285,false,1.414826e6,1.3703653510638298e6,false,0
47.271,use_adaptive_ngroute,0.031205306386098752,0,false,22.876499999999997,false,false,9.785714285714285,false,1.414826e6,1.3706759211869815e6,false,2
64.719,use_SR3_cuts,0.031109491714091164,2,false,31.926,false,false,9.892857142857142,false,1.414826e6,1.3708114822761193e6,false,0
83.193,use_SR3_cuts,0.031060696849988356,10,false,27.668999999999997,false,false,9.892857142857142,false,1.414826e6,1.3708805185185184e6,false,0
126.139,use_SR3_cuts,0.002622793498035625,10,false,41.153000000000006,false,false,9.892857142857142,false,1.376179e6,1.372569566666667e6,false,0
238.264,use_adaptive_ngroute,0.00024569956544795435,0,false,59.419000000000004,false,false,9.892857142857142,false,1.376179e6,1.3758408734177214e6,false,2
52.73,use_SR3_cuts,0.0002211179745104097,1,false,52.681,false,false,10.0,false,1.376179e6,1.3758747020869562e6,false,0
128.863,use_SR3_cuts,0.00021261200670119607,10,false,64.312,false,false,10.0,false,1.376179e6,1.37588640782123e6,false,0
347.098,none,0.0,0,false,86.68925,true,false,10.0,false,1.376179e6,1.376179e6,false,0
