CG_time_taken,method,CG_LP_IP_gap,implemented_SR3_cuts_count,errored,CG_sp_time_taken_mean,converged,CGIP_artificial,ngroute_neighborhood_size,time_limit_reached,CGIP_objective,CGLP_objective,CGLP_artificial,cycles_lookup_length
29.6,use_adaptive_ngroute,0.11819983232985287,0,false,1.37045,false,false,8.357142857142856,false,1.377705e6,1.2148605e6,false,10
18.123,use_lmSR3_cuts,0.11372100703706522,2,false,2.525857142857143,false,false,9.928571428571427,false,1.377705e6,1.221031e6,false,0
30.619,use_adaptive_ngroute,0.03883361771919058,0,false,3.754,false,false,9.928571428571427,false,1.287783e6,1.2377737272727275e6,false,9
17.73,use_lmSR3_cuts,0.03676978186542301,2,false,4.3935,false,false,10.821428571428571,false,1.287783e6,1.2404315e6,false,0
19.45,use_lmSR3_cuts,0.034345460376476455,2,false,3.8642,false,false,10.821428571428571,false,1.287783e6,1.2435535e6,false,0
10.505,use_lmSR3_cuts,0.005189048919467698,5,false,2.6017499999999996,false,false,10.821428571428571,false,1.253441e6,1.2469368333333335e6,false,0
11.896,use_lmSR3_cuts,0.0010806252547985729,1,false,3.9370000000000003,false,false,10.821428571428571,false,1.253441e6,1.2520865e6,false,0
11.987,none,0.0,0,false,3.9673333333333325,true,false,10.821428571428571,false,1.253441e6,1.253441e6,false,0
