CG_time_taken,method,CG_LP_IP_gap,implemented_SR3_cuts_count,errored,CG_sp_time_taken_mean,converged,CGIP_artificial,ngroute_neighborhood_size,time_limit_reached,CGIP_objective,CGLP_objective,CGLP_artificial,cycles_lookup_length
29.264,use_adaptive_ngroute,0.11700615837147044,0,false,1.5988823529411764,false,false,8.357142857142856,false,1.448489e6,1.2790068666666672e6,false,11
25.541,use_adaptive_ngroute,0.10625486282602081,0,false,3.1410000000000005,false,false,10.178571428571429,false,1.448489e6,1.29458e6,false,2
16.844,use_adaptive_ngroute,0.01345098957557167,0,false,3.3284000000000002,false,false,10.392857142857142,false,1.315244e6,1.2975526666666667e6,false,1
13.167,use_adaptive_ngroute,0.013338209488125363,0,false,3.2664999999999997,false,false,10.428571428571429,false,1.315244e6,1.297701e6,false,1
7.911,use_lmSR3_cuts,0.013265599386881877,5,false,3.9305,false,false,10.535714285714285,false,1.315244e6,1.2977965e6,false,0
24.142,none,0.0,0,false,3.407285714285714,true,false,10.535714285714285,false,1.299725e6,1.299725e6,false,0
