CG_time_taken,method,CG_LP_IP_gap,implemented_SR3_cuts_count,errored,CG_sp_time_taken_mean,converged,CGIP_artificial,ngroute_neighborhood_size,time_limit_reached,CGIP_objective,CGLP_objective,CGLP_artificial,cycles_lookup_length
44.389,use_adaptive_ngroute,0.021355427274764693,0,false,1.7414166666666668,false,false,8.357142857142856,false,1.186822e6,1.1614769090909092e6,false,6
28.827,use_adaptive_ngroute,0.014109423175316271,0,false,4.054857142857142,false,false,9.642857142857142,false,1.186822e6,1.1700766261682247e6,false,6
10.897,use_lmSR3_cuts,0.013828965787062608,5,false,5.4125,false,false,10.321428571428571,false,1.186822e6,1.1704094791666667e6,false,0
49.154,use_adaptive_ngroute,0.003695026264712409,0,false,8.151333333333334,false,false,10.321428571428571,false,1.186822e6,1.1824366615384615e6,false,3
26.071,use_lmSR3_cuts,0.003648567350453713,5,false,8.647666666666668,false,false,10.5,false,1.186822e6,1.1824917999999998e6,false,0
44.508,use_lmSR3_cuts,0.0002872049145625777,5,false,8.8166,false,false,10.5,false,1.186822e6,1.186481138888889e6,false,0
47.368,none,0.0,0,false,9.4062,true,false,10.5,false,1.186822e6,1.186822e6,false,0
