CG_time_taken,method,CG_LP_IP_gap,implemented_SR3_cuts_count,errored,CG_sp_time_taken_mean,converged,CGIP_artificial,ngroute_neighborhood_size,time_limit_reached,CGIP_objective,CGLP_objective,CGLP_artificial,cycles_lookup_length
63.986,use_adaptive_ngroute,0.11479417542061665,0,false,2.5332499999999993,false,false,8.357142857142856,false,1.311408e6,1.160866e6,false,3
23.866,use_adaptive_ngroute,0.11044473212238892,0,false,3.918666666666667,false,false,9.25,false,1.311408e6,1.1665698947368423e6,false,9
51.487,use_adaptive_ngroute,0.10703469389095843,0,false,12.81375,false,false,10.535714285714285,false,1.311408e6,1.171041846153846e6,false,1
61.655,use_lmSR3_cuts,0.10651288538730885,5,false,15.36225,false,false,10.571428571428571,false,1.311408e6,1.1717261500000001e6,false,0
124.388,use_adaptive_ngroute,0.05248469898893837,0,false,17.61042857142857,false,false,10.571428571428571,false,1.255016e6,1.1891468630136985e6,false,5
134.507,use_lmSR3_cuts,0.05242635684857122,5,false,22.32283333333333,false,false,10.785714285714286,false,1.255016e6,1.1892200833333335e6,false,0
168.042,use_adaptive_ngroute,0.04581227478411998,0,false,41.90175,false,false,10.785714285714286,false,1.255016e6,1.197520862149533e6,false,6
172.717,use_lmSR3_cuts,0.045632877117973814,5,false,57.51866666666667,false,false,11.392857142857144,false,1.255016e6,1.197746009090909e6,false,0
459.841,use_lmSR3_cuts,0.04299228057650262,5,false,91.89359999999999,false,false,11.392857142857144,false,1.255016e6,1.20106e6,false,0
521.204,use_lmSR3_cuts,0.03946751947469329,5,false,86.77016666666667,false,false,11.392857142857144,false,1.255016e6,1.2054836315789483e6,false,0
509.498,use_adaptive_ngroute,0.037565830030800496,0,false,101.8146,false,false,11.392857142857144,false,1.255016e6,1.207870282258065e6,false,13
362.564,use_adaptive_ngroute,0.0369646017793136,0,false,90.57324999999999,false,false,12.214285714285714,false,1.255016e6,1.208624833333333e6,false,2
282.224,use_adaptive_ngroute,0.036847956034220974,0,false,94.009,false,false,12.285714285714285,false,1.255016e6,1.208771225609756e6,false,2
189.272,use_lmSR3_cuts,0.03684795603422142,5,false,94.549,false,false,12.714285714285715,false,1.255016e6,1.2087712256097556e6,false,0
409.6,use_adaptive_ngroute,0.03513355606621771,0,false,136.46233333333333,false,false,12.714285714285715,false,1.255016e6,1.2109228249999997e6,false,1
47.821,none,0.03454473934194502,0,false,NaN,false,false,12.857142857142858,true,1.255016e6,1.2116617994100295e6,false,0
