CG_time_taken,method,CG_LP_IP_gap,implemented_SR3_cuts_count,errored,CG_sp_time_taken_mean,converged,CGIP_artificial,ngroute_neighborhood_size,time_limit_reached,CGIP_objective,CGLP_objective,CGLP_artificial,cycles_lookup_length
48.006,use_adaptive_ngroute,0.01982546969510457,0,false,2.3045999999999998,false,false,8.357142857142856,false,1.331785e6,1.3053817368421052e6,false,7
20.798,use_adaptive_ngroute,0.008448163060933322,0,false,4.1182,false,false,8.928571428571429,false,1.331785e6,1.320533863157895e6,false,4
18.248,use_adaptive_ngroute,0.006077326301015207,0,false,4.51925,false,false,9.214285714285714,false,1.331785e6,1.3236913079922025e6,false,3
12.302,use_adaptive_ngroute,0.004944946502392744,0,false,4.071,false,false,9.392857142857142,false,1.331785e6,1.3251993944223109e6,false,2
4.133,use_lmSR3_cuts,0.004937806142767842,5,false,4.116,false,false,9.535714285714285,false,1.331785e6,1.325208903846154e6,false,0
36.548,use_lmSR3_cuts,0.0033088605961857365,5,false,7.2334000000000005,false,false,9.535714285714285,false,1.331785e6,1.3273783090909088e6,false,0
47.586,use_adaptive_ngroute,0.0006064684123872066,0,false,11.83125,false,false,9.535714285714285,false,1.331785e6,1.330977314465409e6,false,1
30.867,none,0.0,0,false,10.258,true,false,9.571428571428571,false,1.331785e6,1.331785e6,false,0
