CG_time_taken,method,CG_LP_IP_gap,implemented_SR3_cuts_count,errored,CG_sp_time_taken_mean,converged,CGIP_artificial,ngroute_neighborhood_size,time_limit_reached,CGIP_objective,CGLP_objective,CGLP_artificial,cycles_lookup_length
25.537,use_adaptive_ngroute,0.14283273076408087,0,false,1.2729444444444447,false,false,8.357142857142856,false,1.55505e6,1.332937962025316e6,false,9
6.097,use_lmSR3_cuts,0.12172333724164897,5,false,1.491,false,false,9.607142857142858,false,1.522395e6,1.3370839999999998e6,false,0
58.569,use_adaptive_ngroute,0.007768906870920578,0,false,6.417666666666666,false,false,9.607142857142858,false,1.359876e6,1.34931125e6,false,3
32.732,use_lmSR3_cuts,0.007768906870920578,5,false,6.4958,false,false,9.714285714285715,false,1.359876e6,1.34931125e6,false,0
29.471,use_adaptive_ngroute,0.004457759383943882,0,false,9.730333333333334,false,false,9.714285714285715,false,1.359876e6,1.353814e6,false,2
18.996,none,0.0010867488913096635,0,false,4.712750000000001,false,false,9.857142857142858,false,1.355879e6,1.3544055e6,false,0
