CG_time_taken,method,CG_LP_IP_gap,implemented_SR3_cuts_count,errored,CG_sp_time_taken_mean,converged,CGIP_artificial,ngroute_neighborhood_size,time_limit_reached,CGIP_objective,CGLP_objective,CGLP_artificial,cycles_lookup_length
20.518,use_adaptive_ngroute,0.12131959678669046,0,false,1.1639374999999998,false,false,8.357142857142856,false,1.516977e6,1.3329379620253167e6,false,9
6.308,use_lmSR3_cuts,0.09302767278874091,3,false,1.53475,false,false,9.607142857142858,false,1.474228e6,1.337084e6,false,0
25.9,use_lmSR3_cuts,0.02447413461343706,4,false,3.6091428571428574,false,false,9.607142857142858,false,1.382388e6,1.34855525e6,false,0
14.734,use_lmSR3_cuts,0.006828824475822781,4,false,4.852666666666666,false,false,9.607142857142858,false,1.361801e6,1.3525015e6,false,0
16.606,use_adaptive_ngroute,0.006708542584415889,0,false,4.0825000000000005,false,false,9.607142857142858,false,1.361801e6,1.3526652999999998e6,false,1
8.996,use_lmSR3_cuts,0.008203841824172553,2,false,2.9516666666666667,false,false,9.642857142857142,false,1.361801e6,1.350629e6,false,0
8.358,use_adaptive_ngroute,0.0069509054553491545,0,false,4.149500000000001,false,false,9.642857142857142,false,1.361801e6,1.35233525e6,false,2
6.336,use_adaptive_ngroute,0.006223816842549024,0,false,3.1235,false,false,9.821428571428571,false,1.361801e6,1.3533254e6,false,2
24.379,use_lmSR3_cuts,0.006223816842548802,10,false,4.026166666666667,false,false,10.214285714285715,false,1.361801e6,1.3533254000000001e6,false,0
52.806,use_adaptive_ngroute,0.0034378218673575267,0,false,10.4818,false,false,10.214285714285715,false,1.361521e6,1.3568403333333335e6,false,2
26.065,use_lmSR3_cuts,0.0028277198809273374,10,false,6.47575,false,false,10.357142857142858,false,1.361521e6,1.357671e6,false,0
14.648,use_adaptive_ngroute,0.001035179936926367,0,false,7.2844999999999995,false,false,10.357142857142858,false,1.361521e6,1.360111580777096e6,false,7
16.437,use_adaptive_ngroute,0.0006977427006209513,0,false,8.1855,false,false,10.928571428571429,false,1.361521e6,1.3605710086605079e6,false,2
8.53,use_lmSR3_cuts,0.0005852278444474779,4,false,8.5,false,false,11.142857142857142,false,1.361521e6,1.3607242e6,false,0
20.836,none,0.0,0,false,10.350999999999999,true,false,11.142857142857142,false,1.361521e6,1.361521e6,false,0
