CG_time_taken,method,CG_LP_IP_gap,implemented_SR3_cuts_count,errored,CG_sp_time_taken_mean,converged,CGIP_artificial,ngroute_neighborhood_size,time_limit_reached,CGIP_objective,CGLP_objective,CGLP_artificial,cycles_lookup_length
15.438,use_adaptive_ngroute,0.06622300065174813,0,false,1.0110714285714284,false,false,8.357142857142856,false,1.572221e6,1.468103807692308e6,false,5
7.88,use_adaptive_ngroute,0.06527220621867613,0,false,1.5026000000000002,false,false,8.75,false,1.572221e6,1.4695986666666667e6,false,5
2.91,use_lmSR3_cuts,0.06473733654492597,5,false,1.4275,false,false,9.178571428571429,false,1.572221e6,1.4704395999999999e6,false,0
16.66,use_adaptive_ngroute,0.033044346436210015,0,false,3.276,false,false,9.178571428571429,false,1.528443e6,1.4779365999999999e6,false,3
6.196,use_lmSR3_cuts,0.03292879608777577,5,false,3.0705000000000005,false,false,9.464285714285714,false,1.528443e6,1.4781132121212117e6,false,0
17.286,use_lmSR3_cuts,0.029048297297751158,5,false,3.4246000000000003,false,false,9.464285714285714,false,1.528443e6,1.4840443333333333e6,false,0
10.603,use_adaptive_ngroute,0.01186850712345433,0,false,3.4883333333333333,false,false,9.464285714285714,false,1.50325e6,1.4854086666666672e6,false,3
7.689,use_lmSR3_cuts,0.011795468791976349,5,false,3.8155,false,false,9.678571428571429,false,1.50325e6,1.4855184615384615e6,false,0
7.846,use_lmSR3_cuts,0.010533178114086161,1,false,3.8909999999999996,false,false,9.678571428571429,false,1.50325e6,1.487416e6,false,0
4.182,use_adaptive_ngroute,0.010494062863795062,0,false,4.154999999999999,false,false,9.678571428571429,false,1.50325e6,1.4874748e6,false,2
12.877,use_lmSR3_cuts,0.010226775320139603,2,false,4.261333333333334,false,false,10.142857142857144,false,1.50325e6,1.4878766e6,false,0
12.675,use_lmSR3_cuts,0.010183158711680074,4,false,4.132333333333333,false,false,10.142857142857144,false,1.50325e6,1.487942166666667e6,false,0
4.469,use_lmSR3_cuts,0.009949941792782302,3,false,4.442,false,false,10.142857142857144,false,1.50325e6,1.48829275e6,false,0
4.339,use_lmSR3_cuts,0.009899883585564595,5,false,4.311,false,false,10.142857142857144,false,1.50325e6,1.488368e6,false,0
9.687,use_lmSR3_cuts,0.00971561616497607,5,false,4.796,false,false,10.142857142857144,false,1.50325e6,1.4886449999999998e6,false,0
4.458,use_lmSR3_cuts,0.009472693222655315,5,false,4.43,false,false,10.142857142857144,false,1.50325e6,1.4890101739130435e6,false,0
15.306,use_lmSR3_cuts,0.009083757122725356,5,false,5.055666666666665,false,false,10.142857142857144,false,1.50325e6,1.4895948421052631e6,false,0
21.457,use_lmSR3_cuts,0.008914792143903116,5,false,5.30625,false,false,10.142857142857144,false,1.50325e6,1.4898488387096776e6,false,0
18.131,use_adaptive_ngroute,0.008846919827975919,0,false,5.989333333333334,false,false,10.142857142857144,false,1.50325e6,1.4899508677685952e6,false,2
12.695,use_lmSR3_cuts,0.008797422935238663,5,false,6.3015,false,false,10.535714285714285,false,1.50325e6,1.4900252739726026e6,false,0
32.366,use_adaptive_ngroute,0.00866152502910389,0,false,6.4384,false,false,10.535714285714285,false,1.50325e6,1.4902295624999995e6,false,2
21.023,use_lmSR3_cuts,0.008660743826971573,5,false,6.912333333333334,false,false,10.678571428571429,false,1.50325e6,1.490230736842105e6,false,0
23.213,use_lmSR3_cuts,0.008643272908697708,3,false,7.676333333333333,false,false,10.678571428571429,false,1.50325e6,1.4902570000000002e6,false,0
8.032,use_lmSR3_cuts,0.008561117578579247,1,false,7.988,false,false,10.678571428571429,false,1.50325e6,1.4903805000000007e6,false,0
16.0,use_adaptive_ngroute,0.00855835812529615,0,false,7.9445,false,false,10.678571428571429,false,1.50325e6,1.4903846481481486e6,false,2
9.335,use_lmSR3_cuts,0.008546759798215064,1,false,9.292,false,false,10.785714285714286,false,1.50325e6,1.4904020833333333e6,false,0
31.343,use_lmSR3_cuts,0.008536368731944854,1,false,10.388,false,false,10.785714285714286,false,1.50325e6,1.4904177037037038e6,false,0
8.856,none,0.008532402017850438,0,false,8.82,false,false,10.785714285714286,false,1.50325e6,1.4904236666666663e6,false,0
