CG_time_taken,method,CG_LP_IP_gap,implemented_SR3_cuts_count,errored,CG_sp_time_taken_mean,converged,CGIP_artificial,ngroute_neighborhood_size,time_limit_reached,CGIP_objective,CGLP_objective,CGLP_artificial,cycles_lookup_length
2.476,use_adaptive_ngroute,0.30336348334674823,0,false,0.08476470588235295,false,false,6.0,false,1.912526e6,1.332335450648777e6,false,21
2.181,use_adaptive_ngroute,0.11482335153348189,0,false,0.23612500000000003,false,false,8.0,false,1.612149e6,1.4270366486486488e6,false,6
1.913,use_adaptive_ngroute,0.10391559617655188,0,false,0.36260000000000003,false,false,8.285714285714285,false,1.612149e6,1.444621575539568e6,false,4
1.309,use_adaptive_ngroute,0.07302363343963858,0,false,0.306,false,false,8.464285714285715,false,1.563247e6,1.4490930240963853e6,false,4
1.116,use_adaptive_ngroute,0.07157783340274027,0,false,0.2675,false,false,9.0,false,1.563247e6,1.4513531666666665e6,false,1
1.116,use_lmSR3_cuts,0.07143959385127885,6,false,0.26974999999999993,false,false,9.071428571428571,false,1.563247e6,1.45156926923077e6,false,0
2.805,use_lmSR3_cuts,0.0605943910335347,10,false,0.6895,false,false,9.071428571428571,false,1.563247e6,1.468523e6,false,0
2.637,use_adaptive_ngroute,0.04519557369187743,0,false,0.836,false,false,9.071428571428571,false,1.547294e6,1.4773631600000001e6,false,2
3.523,use_adaptive_ngroute,0.043442954229464426,0,false,0.86625,false,false,9.142857142857142,false,1.547294e6,1.4800749775784751e6,false,7
1.248,use_lmSR3_cuts,0.04306766806976581,6,false,1.236,false,false,9.678571428571429,false,1.547294e6,1.4806556556016598e6,false,0
7.521,use_adaptive_ngroute,0.041489941313610834,0,false,1.4676,false,false,9.678571428571429,false,1.547294e6,1.4830968627450978e6,false,2
4.341,use_lmSR3_cuts,0.04102805633176032,2,false,1.4173333333333333,false,false,9.928571428571427,false,1.547294e6,1.4838115346062053e6,false,0
3.386,use_lmSR3_cuts,0.040485547911625175,1,false,1.672,false,false,9.928571428571427,false,1.547294e6,1.4846509546296299e6,false,0
3.145,use_lmSR3_cuts,0.04082157132108766,2,false,1.5454999999999999,false,false,9.928571428571427,false,1.547294e6,1.484131027624309e6,false,0
1.663,use_lmSR3_cuts,0.04057707262934496,1,false,1.634,false,false,9.928571428571427,false,1.547294e6,1.4845093389830503e6,false,0
1.731,use_lmSR3_cuts,0.04045616441333777,10,false,1.7149999999999999,false,false,9.928571428571427,false,1.547294e6,1.484696419540229e6,false,0
10.657,use_lmSR3_cuts,0.037504905063906135,10,false,2.0678000000000005,false,false,9.928571428571427,false,1.547294e6,1.4892628854240484e6,false,0
4.539,use_lmSR3_cuts,0.03634377177188042,10,false,2.179,false,false,9.928571428571427,false,1.547294e6,1.4910595e6,false,0
4.619,use_adaptive_ngroute,0.03607061649877019,0,false,2.295,false,false,9.928571428571427,false,1.547294e6,1.4914821515151518e6,false,1
5.261,use_lmSR3_cuts,0.03595612967135131,10,false,2.6060000000000003,false,false,9.964285714285714,false,1.547294e6,1.4916592962962962e6,false,0
6.804,use_adaptive_ngroute,0.0345327995316459,0,false,2.234666666666666,false,false,9.964285714285714,false,1.547294e6,1.4938616064814816e6,false,1
2.634,use_lmSR3_cuts,0.03452364194762958,1,false,2.6109999999999998,false,false,10.0,false,1.547294e6,1.4938757759562845e6,false,0
5.134,use_lmSR3_cuts,0.03442979396545098,1,false,2.5505,false,false,10.0,false,1.547294e6,1.4940209863760215e6,false,0
2.492,use_lmSR3_cuts,0.034427341303389314,10,false,2.467,false,false,10.0,false,1.547294e6,1.4940247813653136e6,false,0
4.863,use_lmSR3_cuts,0.03332871194943432,10,false,2.414,false,false,10.0,false,1.547294e6,1.495724683972912e6,false,0
6.573,use_adaptive_ngroute,0.03270135858495171,0,false,3.256,false,false,10.0,false,1.547294e6,1.4966953840696558e6,false,1
10.437,use_lmSR3_cuts,0.032694829997217956,10,false,3.4326666666666665,false,false,10.035714285714285,false,1.547294e6,1.4967054857142847e6,false,0
15.243,use_adaptive_ngroute,0.032644745263836095,0,false,3.77825,false,false,10.035714285714285,false,1.547294e6,1.496782981521738e6,false,1
3.673,use_lmSR3_cuts,0.03263571126016929,10,false,3.633,false,false,10.071428571428573,false,1.547294e6,1.4967969597814076e6,false,0
13.77,use_lmSR3_cuts,0.032309984684844806,1,false,4.558,false,false,10.071428571428573,false,1.547294e6,1.4973009545570477e6,false,0
4.32,use_lmSR3_cuts,0.032309984684844584,10,false,4.268000000000001,false,false,10.071428571428573,false,1.547294e6,1.4973009545570482e6,false,0
7.751,use_adaptive_ngroute,0.031632595377513284,0,false,3.832,false,false,10.071428571428573,false,1.547294e6,1.498349074967946e6,false,1
5.034,use_lmSR3_cuts,0.03163197800549067,10,false,4.985,false,false,10.142857142857144,false,1.547294e6,1.4983500302239724e6,false,0
19.381,use_lmSR3_cuts,0.03117948861656583,10,false,6.408666666666666,false,false,10.142857142857144,false,1.547294e6,1.4990501643405193e6,false,0
15.018,use_lmSR3_cuts,0.03092722986643004,2,false,7.459,false,false,10.142857142857144,false,1.547294e6,1.499440482791052e6,false,0
13.831,use_lmSR3_cuts,0.031036431691788047,10,false,6.859999999999999,false,false,10.142857142857144,false,1.547294e6,1.4992715154618865e6,false,0
7.068,use_lmSR3_cuts,0.030852475661664047,10,false,6.917,false,false,10.142857142857144,false,1.547294e6,1.4995561495235611e6,false,0
20.095,use_lmSR3_cuts,0.03084993474191411,10,false,6.627,false,false,10.142857142857144,false,1.547294e6,1.4995600810734448e6,false,0
21.94,use_lmSR3_cuts,0.030541274275473707,1,false,7.245333333333333,false,false,10.142857142857144,false,1.547294e6,1.5000376695612052e6,false,0
15.241,use_lmSR3_cuts,0.030546084498145998,10,false,7.5365,false,false,10.142857142857144,false,1.547294e6,1.5000302267325257e6,false,0
14.668,use_lmSR3_cuts,0.030458700165875596,10,false,7.2725,false,false,10.142857142857144,false,1.547294e6,1.5001654359855417e6,false,0
13.549,use_lmSR3_cuts,0.030347182339067302,10,false,6.691,false,false,10.142857142857144,false,1.547294e6,1.5003379868498552e6,false,0
14.422,use_lmSR3_cuts,0.03030607487169379,10,false,7.1455,false,false,10.142857142857144,false,1.547294e6,1.5004015921874775e6,false,0
16.553,use_lmSR3_cuts,0.030277149898039646,10,false,8.196,false,false,10.142857142857144,false,1.547294e6,1.5004463476256626e6,false,0
39.53,use_lmSR3_cuts,0.030338403888542365,4,false,9.7645,false,false,10.142857142857144,false,1.547294e6,1.5003515696936818e6,false,0
17.686,use_lmSR3_cuts,0.030337884143249783,1,false,8.7645,false,false,10.142857142857144,false,1.547294e6,1.5003523738924544e6,false,0
8.609,none,0.030337393677822844,0,false,8.527,false,false,10.142857142857144,false,1.547294e6,1.5003531327866667e6,false,0
