CG_time_taken,method,CG_LP_IP_gap,implemented_SR3_cuts_count,errored,CG_sp_time_taken_mean,converged,CGIP_artificial,ngroute_neighborhood_size,time_limit_reached,CGIP_objective,CGLP_objective,CGLP_artificial,cycles_lookup_length
2.647,use_adaptive_ngroute,0.30336348334674823,0,false,0.09252941176470589,false,false,6.0,false,1.912526e6,1.332335450648777e6,false,21
3.845,use_adaptive_ngroute,0.10304690818787976,0,false,0.38555555555555554,false,false,8.0,false,1.584975e6,1.4216482266949152e6,false,13
3.237,use_adaptive_ngroute,0.07151264732535956,0,false,0.4485714285714287,false,false,8.821428571428571,false,1.558116e6,1.446691e6,false,3
1.569,use_adaptive_ngroute,0.06968255251855426,0,false,0.4980000000000001,false,false,8.928571428571429,false,1.558116e6,1.4495425000000002e6,false,4
1.696,use_adaptive_ngroute,0.06852046531409306,0,false,0.41400000000000003,false,false,9.285714285714285,false,1.558116e6,1.4513531666666665e6,false,1
1.008,use_lmSR3_cuts,0.06838177052878658,5,false,0.495,false,false,9.321428571428571,false,1.558116e6,1.4515692692307692e6,false,0
3.333,use_adaptive_ngroute,0.06216867036857343,0,false,0.8212499999999999,false,false,9.321428571428571,false,1.558116e6,1.4612499999999998e6,false,1
3.511,use_adaptive_ngroute,0.05840807905188061,0,false,0.8685,false,false,9.357142857142858,false,1.558116e6,1.4671094375e6,false,1
0.925,use_adaptive_ngroute,0.058276501877909004,0,false,0.914,false,false,9.392857142857142,false,1.558116e6,1.46731445e6,false,1
3.086,use_lmSR3_cuts,0.05823807914611567,5,false,0.9936666666666666,false,false,9.428571428571429,false,1.558116e6,1.4673743170731708e6,false,0
5.782,use_lmSR3_cuts,0.05316353363995485,5,false,1.4125,false,false,9.428571428571429,false,1.558116e6,1.475281047619048e6,false,0
3.041,use_adaptive_ngroute,0.051768149001743424,0,false,1.4565,false,false,9.428571428571429,false,1.558116e6,1.4774552187499995e6,false,1
3.168,use_lmSR3_cuts,0.05169390594845591,5,false,1.5739999999999998,false,false,9.464285714285714,false,1.558116e6,1.4775708980392157e6,false,0
4.909,use_adaptive_ngroute,0.049228911308106915,0,false,1.614666666666667,false,false,9.464285714285714,false,1.558116e6,1.4814116456282577e6,false,1
1.637,use_lmSR3_cuts,0.04922118608649173,5,false,1.623,false,false,9.5,false,1.558116e6,1.4814236824196598e6,false,0
12.35,use_adaptive_ngroute,0.03826095437299604,0,false,2.024333333333333,false,false,9.5,false,1.546104e6,1.4869485854000933e6,false,2
2.076,use_lmSR3_cuts,0.03816703025219581,5,false,2.061,false,false,9.571428571428571,false,1.5461039550459697e6,1.4870937586206906e6,false,0
6.013,use_adaptive_ngroute,0.037612899614420714,0,false,1.9906666666666668,false,false,9.571428571428571,false,1.546104e6,1.4879505454545456e6,false,1
4.108,use_lmSR3_cuts,0.037612899614420936,5,false,2.0395,false,false,9.714285714285715,false,1.546104e6,1.4879505454545454e6,false,0
13.284,use_lmSR3_cuts,0.037116569728218196,5,false,2.1898333333333335,false,false,9.714285714285715,false,1.546104e6,1.488717923076923e6,false,0
4.631,use_adaptive_ngroute,0.03550129080273401,0,false,2.2954999999999997,false,false,9.714285714285715,false,1.546104e6,1.4912153122847297e6,false,1
4.426,use_lmSR3_cuts,0.03549373507884779,5,false,2.1985,false,false,9.75,false,1.546104e6,1.491226994219653e6,false,0
5.284,use_adaptive_ngroute,0.031814805064969476,0,false,2.584,false,false,9.75,false,1.540973e6,1.4919472443946188e6,false,1
2.745,use_adaptive_ngroute,0.031808957243381286,0,false,2.725,false,false,9.821428571428571,false,1.540973e6,1.491956255729795e6,false,3
2.729,use_lmSR3_cuts,0.031804910300061384,5,false,2.709,false,false,10.071428571428573,false,1.540973e6,1.4919624919601835e6,false,0
7.931,use_lmSR3_cuts,0.03139944067074096,5,false,2.6203333333333334,false,false,10.071428571428573,false,1.540973e6,1.4925873097112863e6,false,0
15.127,use_adaptive_ngroute,0.0304144552623129,0,false,2.9616000000000002,false,false,10.071428571428573,false,1.540973e6,1.494105145631068e6,false,1
5.686,use_lmSR3_cuts,0.030413815720625292,5,false,2.828,false,false,10.107142857142858,false,1.540973e6,1.4941061311475409e6,false,0
8.492,use_lmSR3_cuts,0.030049917497030343,5,false,2.8149999999999995,false,false,10.107142857142858,false,1.540973e6,1.4946668884848487e6,false,0
12.105,use_lmSR3_cuts,0.029641456157241786,5,false,3.988666666666667,false,false,10.107142857142858,false,1.540973e6,1.4952963163810067e6,false,0
16.718,use_lmSR3_cuts,0.02915313161041211,5,false,4.135250000000001,false,false,10.107142857142858,false,1.540973e6,1.4960488113229084e6,false,0
11.516,use_adaptive_ngroute,0.028998297385591232,0,false,3.7793333333333337,false,false,10.107142857142858,false,1.540973e6,1.4962874066828333e6,false,2
8.649,use_lmSR3_cuts,0.028974908903095176,5,false,4.3015,false,false,10.25,false,1.540973e6,1.4963234477028707e6,false,0
14.15,use_lmSR3_cuts,0.02879716100516494,5,false,4.6496666666666675,false,false,10.25,false,1.540973e6,1.496597352414388e6,false,0
15.292,use_lmSR3_cuts,0.028618503609754375,5,false,5.031333333333333,false,false,10.25,false,1.540973e6,1.496872658636966e6,false,0
11.275,use_lmSR3_cuts,0.02845353300335174,5,false,5.6005,false,false,10.25,false,1.540973e6,1.497126873887226e6,false,0
10.988,use_lmSR3_cuts,0.0283293694678749,5,false,5.399,false,false,10.25,false,1.540973e6,1.4973182065429804e6,false,0
11.367,use_adaptive_ngroute,0.028294714941166754,0,false,5.6405,false,false,10.25,false,1.540973e6,1.4973716082329655e6,false,1
11.826,use_lmSR3_cuts,0.028294646814140734,5,false,5.883,false,false,10.285714285714286,false,1.540973e6,1.497371713214873e6,false,0
18.045,use_lmSR3_cuts,0.028216127264804047,5,false,5.968666666666667,false,false,10.285714285714286,false,1.540973e6,1.4974927097203732e6,false,0
12.666,use_adaptive_ngroute,0.02815090655713437,0,false,6.222,false,false,10.285714285714286,false,1.540973e6,1.497593213069933e6,false,1
12.549,use_lmSR3_cuts,0.0281483924018473,5,false,6.242,false,false,10.321428571428571,false,1.540973e6,1.4975970873153482e6,false,0
12.706,use_lmSR3_cuts,0.028123352075352104,5,false,6.298500000000001,false,false,10.321428571428571,false,1.540973e6,1.4976356737823884e6,false,0
12.781,use_lmSR3_cuts,0.0280909651049025,5,false,6.354,false,false,10.321428571428571,false,1.540973e6,1.4976855812294031e6,false,0
21.389,use_lmSR3_cuts,0.02807695193666515,4,false,7.080333333333332,false,false,10.321428571428571,false,1.540973e6,1.4977071751433013e6,false,0
7.855,use_lmSR3_cuts,0.02805817803763888,2,false,7.75,false,false,10.321428571428571,false,1.540973e6,1.4977361052148056e6,false,0
15.995,use_lmSR3_cuts,0.02805787929044523,1,false,7.9225,false,false,10.321428571428571,false,1.540973e6,1.4977365655761648e6,false,0
15.84,use_lmSR3_cuts,0.028057533787663513,1,false,7.858,false,false,10.321428571428571,false,1.540973e6,1.4977370979866227e6,false,0
8.284,none,0.028057470878019686,0,false,8.173,false,false,10.321428571428571,false,1.540973e6,1.4977371949286854e6,false,0
