CG_time_taken,method,CG_LP_IP_gap,implemented_SR3_cuts_count,errored,CG_sp_time_taken_mean,converged,CGIP_artificial,ngroute_neighborhood_size,time_limit_reached,CGIP_objective,CGLP_objective,CGLP_artificial,cycles_lookup_length
43.164,use_adaptive_ngroute,0.08368247548632435,0,false,2.3804705882352946,false,false,8.357142857142856,false,1.329258e6,1.2180223999999994e6,false,10
17.323,use_lmSR3_cuts,0.0478556286351034,5,false,2.10025,false,false,9.5,false,1.28779e6,1.2261620000000002e6,false,0
46.553,use_adaptive_ngroute,0.04292455568013609,0,false,9.257,false,false,9.5,false,1.28779e6,1.2325121864406776e6,false,9
23.649,use_adaptive_ngroute,0.040385854836580526,0,false,7.836,false,false,10.5,false,1.28779e6,1.2357815e6,false,4
29.933,use_lmSR3_cuts,0.035089501943274426,5,false,9.931,false,false,11.0,false,1.280734e6,1.2357936818181823e6,false,0
26.45,use_adaptive_ngroute,0.030173158707352377,0,false,8.774333333333335,false,false,11.0,false,1.280734e6,1.2420902097560978e6,false,4
19.84,use_lmSR3_cuts,0.029952602366546288,5,false,9.885,false,false,11.678571428571429,false,1.280734e6,1.2423726837606838e6,false,0
73.493,use_lmSR3_cuts,0.024276697775849065,1,false,12.176166666666665,false,false,11.678571428571429,false,1.274329e6,1.2433925e6,false,0
29.628,use_lmSR3_cuts,0.019919225772012994,5,false,9.740666666666668,false,false,11.678571428571429,false,1.274329e6,1.2489453529411764e6,false,0
38.608,use_adaptive_ngroute,0.018909702139856654,0,false,12.83,false,false,11.678571428571429,false,1.274329e6,1.2502318181818186e6,false,1
11.049,use_adaptive_ngroute,0.018909702139856654,0,false,11.016,false,false,11.714285714285714,false,1.274329e6,1.2502318181818186e6,false,2
13.138,use_lmSR3_cuts,0.018761638477975517,5,false,13.107000000000001,false,false,11.857142857142856,false,1.274329e6,1.2504205e6,false,0
66.439,use_lmSR3_cuts,0.016728979474068595,5,false,16.556,false,false,11.857142857142856,false,1.274329e6,1.2530107763157897e6,false,0
56.09,none,0.009261102264685017,0,false,18.61,false,false,11.857142857142856,false,1.266048e6,1.254323e6,false,0
