CG_time_taken,method,CG_LP_IP_gap,implemented_SR3_cuts_count,errored,CG_sp_time_taken_mean,converged,CGIP_artificial,ngroute_neighborhood_size,time_limit_reached,CGIP_objective,CGLP_objective,CGLP_artificial,cycles_lookup_length
46.744,use_adaptive_ngroute,0.10612558718199183,0,false,1.695923076923077,false,false,8.357142857142856,false,1.33784e6,1.195860944444444e6,false,4
12.527,use_adaptive_ngroute,0.10576274068647973,0,false,2.0364999999999998,false,false,8.892857142857142,false,1.33784e6,1.196346375e6,false,1
7.962,use_lmSR3_cuts,0.1053603196196855,5,false,1.9514999999999998,false,false,8.964285714285714,false,1.33784e6,1.19688475e6,false,0
19.046,use_adaptive_ngroute,0.1000335880851756,0,false,3.7616000000000005,false,false,8.964285714285714,false,1.33784e6,1.2040110645161287e6,false,2
7.833,use_lmSR3_cuts,0.09949646237384313,5,false,3.893,false,false,9.071428571428571,false,1.33784e6,1.2047296527777778e6,false,0
37.995,none,0.0929834658853077,0,false,5.359714285714286,false,false,9.071428571428571,false,1.33784e6,1.213443e6,false,0
