CG_time_taken,method,CG_LP_IP_gap,implemented_SR3_cuts_count,errored,CG_sp_time_taken_mean,converged,CGIP_artificial,ngroute_neighborhood_size,time_limit_reached,CGIP_objective,CGLP_objective,CGLP_artificial,cycles_lookup_length
24.339,use_adaptive_ngroute,0.11652646337188921,0,false,0.8416249999999998,false,false,8.357142857142856,false,1.35359e6,1.1958609444444445e6,false,4
2.564,use_adaptive_ngroute,0.11600410759535773,0,false,0.8246666666666667,false,false,8.892857142857142,false,1.35359e6,1.1965679999999998e6,false,1
2.496,use_lmSR3_cuts,0.11577010025192269,4,false,0.8033333333333332,false,false,8.964285714285714,false,1.35359e6,1.19688475e6,false,0
11.938,use_adaptive_ngroute,0.09250660424122259,0,false,1.626857142857143,false,false,8.964285714285714,false,1.323392e6,1.2009695e6,false,1
13.046,use_lmSR3_cuts,0.09150463354773186,3,false,1.5922499999999997,false,false,9.035714285714286,false,1.323392e6,1.2022955e6,false,0
4.423,use_lmSR3_cuts,0.0912957007447529,10,false,2.1675,false,false,9.035714285714286,false,1.323392e6,1.202572e6,false,0
14.159,use_adaptive_ngroute,0.08850990683907667,0,false,1.961714285714286,false,false,9.035714285714286,false,1.323392e6,1.2062586973684207e6,false,2
5.079,use_lmSR3_cuts,0.08806120399405071,2,false,2.4785,false,false,9.25,false,1.3233919921881764e6,1.2068525000000002e6,false,0
10.154,use_adaptive_ngroute,0.08671129112576381,0,false,3.332333333333333,false,false,9.25,false,1.323392e6,1.2086389710144931e6,false,4
17.646,use_lmSR3_cuts,0.08568578497749813,4,false,3.475,false,false,9.642857142857142,false,1.323392e6,1.2099961176470588e6,false,0
12.049,use_lmSR3_cuts,0.08515995260663523,1,false,2.9605000000000006,false,false,9.642857142857142,false,1.323392e6,1.2106919999999998e6,false,0
9.263,use_adaptive_ngroute,0.08385875675629662,0,false,3.0330000000000004,false,false,9.642857142857142,false,1.323392e6,1.2124139921787712e6,false,2
3.297,use_adaptive_ngroute,0.08382652579141092,0,false,3.258,false,false,9.714285714285715,false,1.323392e6,1.2124566463798531e6,false,3
6.06,use_lmSR3_cuts,0.083816409518778,6,false,2.9855,false,false,9.964285714285714,false,1.323392e6,1.2124700341741254e6,false,0
5.547,use_lmSR3_cuts,0.08325503502596687,2,false,2.7295,false,false,9.964285714285714,false,1.323392e6,1.2132129526869156e6,false,0
5.182,none,0.08308120345294501,0,false,2.521,false,false,9.964285714285714,false,1.323392e6,1.2134430000000002e6,false,0
