CG_time_taken,method,CG_LP_IP_gap,implemented_SR3_cuts_count,errored,CG_sp_time_taken_mean,converged,CGIP_artificial,ngroute_neighborhood_size,time_limit_reached,CGIP_objective,CGLP_objective,CGLP_artificial,cycles_lookup_length
58.003,use_adaptive_ngroute,0.048037335988681096,0,false,3.0897222222222225,false,false,8.357142857142856,false,1.312052e6,1.249024517241379e6,false,3
28.341,use_adaptive_ngroute,0.04479722411916587,0,false,3.995857142857142,false,false,8.785714285714286,false,1.312052e6,1.2532757125000001e6,false,3
16.108,use_lmSR3_cuts,0.044769651744832495,5,false,5.338666666666667,false,false,9.178571428571429,false,1.312052e6,1.253311888888889e6,false,0
45.486,use_adaptive_ngroute,0.03464126866414863,0,false,9.022,false,false,9.178571428571429,false,1.312052e6,1.2666008541666665e6,false,2
23.003,use_lmSR3_cuts,0.033679051338412425,5,false,7.630000000000001,false,false,9.321428571428571,false,1.312052e6,1.2678633333333333e6,false,0
91.511,use_adaptive_ngroute,0.02511284839546213,0,false,11.374249999999998,false,false,9.321428571428571,false,1.312052e6,1.2791026370370372e6,false,6
77.141,use_adaptive_ngroute,0.0246749813161814,0,false,12.795666666666667,false,false,9.642857142857142,false,1.312052e6,1.2796771414141415e6,false,1
25.148,use_lmSR3_cuts,0.02457136414005412,5,false,12.532,false,false,9.714285714285715,false,1.312052e6,1.2798130925373137e6,false,0
96.353,use_lmSR3_cuts,0.021325760352286838,5,false,19.1672,false,false,9.714285714285715,false,1.312052e6,1.2840714934782614e6,false,0
78.667,use_adaptive_ngroute,0.018905397352223408,0,false,19.604,false,false,9.714285714285715,false,1.312052e6,1.2872471355932206e6,false,2
89.271,use_adaptive_ngroute,0.01862526321086677,0,false,22.25175,false,false,9.892857142857142,false,1.312052e6,1.2876146861536559e6,false,1
71.203,use_lmSR3_cuts,0.018607486324657474,5,false,23.701666666666664,false,false,10.0,false,1.312052e6,1.2876380103527606e6,false,0
201.0,use_lmSR3_cuts,0.015619590321595767,5,false,28.64757142857143,false,false,10.0,false,1.312052e6,1.2915582852793697e6,false,0
165.22,use_lmSR3_cuts,0.012408886729461277,5,false,27.459000000000007,false,false,10.0,false,1.312052e6,1.295770895348837e6,false,0
262.216,use_adaptive_ngroute,0.010096677101681384,0,false,43.60033333333334,false,false,10.0,false,1.312052e6,1.2988046346153847e6,false,4
80.289,use_lmSR3_cuts,0.010090837982396406,5,false,40.065999999999995,false,false,10.535714285714285,false,1.312052e6,1.298812295843521e6,false,0
91.134,use_adaptive_ngroute,0.009730970566673158,0,false,45.5055,false,false,10.535714285714285,false,1.312052e6,1.2992844606060553e6,false,1
52.504,use_adaptive_ngroute,0.009717637219965991,0,false,52.43,false,false,10.571428571428571,false,1.312052e6,1.2993019546502691e6,false,5
139.647,use_lmSR3_cuts,0.009717637219965991,5,false,69.7375,false,false,11.321428571428573,false,1.312052e6,1.2993019546502691e6,false,0
221.389,use_lmSR3_cuts,0.009323921049042894,5,false,73.63166666666667,false,false,11.321428571428573,false,1.312052e6,1.2998185307397612e6,false,0
473.351,use_adaptive_ngroute,0.008774083541431832,0,false,94.5664,false,false,11.321428571428573,false,1.312052e6,1.3005399461412972e6,false,2
171.442,use_adaptive_ngroute,0.008761794488159613,0,false,85.633,false,false,11.464285714285715,false,1.312052e6,1.3005560700182212e6,false,1
92.575,use_lmSR3_cuts,0.008760460771285117,5,false,92.49900000000001,false,false,11.5,false,1.312052e6,1.3005578199241138e6,false,0
374.846,use_adaptive_ngroute,0.007074039408897281,0,false,93.42125,false,false,11.5,false,1.312052e6,1.3027704924454775e6,false,1
292.338,use_lmSR3_cuts,0.007071348355479512,5,false,97.30766666666666,false,false,11.571428571428571,false,1.312052e6,1.3027740232474965e6,false,0
269.733,none,0.006665053089320638,0,false,102.52499999999999,false,false,11.571428571428571,true,1.312052e6,1.3033071037640506e6,false,0
