CG_time_taken,method,CG_LP_IP_gap,implemented_SR3_cuts_count,errored,CG_sp_time_taken_mean,converged,CGIP_artificial,ngroute_neighborhood_size,time_limit_reached,CGIP_objective,CGLP_objective,CGLP_artificial,cycles_lookup_length
19.09,use_adaptive_ngroute,0.037420660714402865,0,false,1.1634666666666669,false,false,8.357142857142856,false,1.382045e6,1.3303279629629632e6,false,4
7.331,use_adaptive_ngroute,0.03558684775097776,0,false,1.79525,false,false,8.928571428571429,false,1.382045e6,1.332862375e6,false,2
3.746,use_lmSR3_cuts,0.03551384534828195,5,false,1.8565,false,false,9.0,false,1.382045e6,1.3329632676056337e6,false,0
21.293,use_adaptive_ngroute,0.023744523514068083,0,false,4.203999999999999,false,false,9.0,false,1.382045e6,1.3492289999999998e6,false,14
18.89,use_adaptive_ngroute,0.022019152777224882,0,false,6.246333333333332,false,false,10.821428571428571,false,1.382045e6,1.3516135400000003e6,false,7
13.795,use_adaptive_ngroute,0.021404897271796286,0,false,6.8845,false,false,11.249999999999998,false,1.382045e6,1.3524624687500002e6,false,1
6.434,use_lmSR3_cuts,0.021358234072795912,5,false,6.415,false,false,11.428571428571429,false,1.382045e6,1.3525269593908628e6,false,0
37.019,use_adaptive_ngroute,0.014066958032542431,0,false,7.341,false,false,11.428571428571429,false,1.382045e6,1.362603830985915e6,false,1
17.927,use_lmSR3_cuts,0.01399861015201731,5,false,8.929499999999999,false,false,11.464285714285715,false,1.382045e6,1.3626982908324553e6,false,0
32.295,none,0.0,0,false,10.727666666666668,true,false,11.464285714285715,false,1.3664e6,1.3664e6,false,0
