CG_time_taken,method,CG_LP_IP_gap,implemented_SR3_cuts_count,errored,CG_sp_time_taken_mean,converged,CGIP_artificial,ngroute_neighborhood_size,time_limit_reached,CGIP_objective,CGLP_objective,CGLP_artificial,cycles_lookup_length
55.659,use_adaptive_ngroute,0.04110362479768137,0,false,2.477952380952381,false,false,8.357142857142856,false,1.301783e6,1.248275e6,false,3
15.761,use_adaptive_ngroute,0.03620841568832878,0,false,3.0604,false,false,8.642857142857142,false,1.301783e6,1.2546475000000002e6,false,2
13.518,use_adaptive_ngroute,0.03480008875091034,0,false,3.33475,false,false,8.857142857142858,false,1.301783e6,1.2564808360655736e6,false,4
12.52,use_adaptive_ngroute,0.0341329867846516,0,false,3.0854999999999997,false,false,9.0,false,1.301783e6,1.257349258064516e6,false,3
10.838,use_lmSR3_cuts,0.033983262443382234,5,false,3.561666666666667,false,false,9.285714285714285,false,1.301783e6,1.2575441666666665e6,false,0
46.728,use_adaptive_ngroute,0.025588058839299377,0,false,7.738166666666666,false,false,9.285714285714285,false,1.301783e6,1.2684729000000004e6,false,3
18.83,use_lmSR3_cuts,0.02538540147698154,5,false,9.381,false,false,9.821428571428571,false,1.301783e6,1.2687367159090906e6,false,0
61.339,use_adaptive_ngroute,0.0011656995770031875,0,false,12.189400000000001,false,false,9.821428571428571,false,1.274693e6,1.273207090909091e6,false,5
59.861,none,0.0,0,false,11.9174,true,false,10.214285714285715,false,1.274693e6,1.274693e6,false,0
