CG_time_taken,method,CG_LP_IP_gap,implemented_SR3_cuts_count,errored,CG_sp_time_taken_mean,converged,CGIP_artificial,ngroute_neighborhood_size,time_limit_reached,CGIP_objective,CGLP_objective,CGLP_artificial,cycles_lookup_length
24.576,use_adaptive_ngroute,0.11814414622450309,0,false,1.10385,false,false,8.357142857142856,false,1.510166e6,1.331748727272727e6,false,3
14.472,use_lmSR3_cuts,0.11751886878660989,3,false,2.3641666666666667,false,false,8.785714285714286,false,1.510166e6,1.3326930000000005e6,false,0
17.643,use_lmSR3_cuts,0.07861352501825514,6,false,4.35625,false,false,8.785714285714286,false,1.460053e6,1.3452730869565215e6,false,0
21.524,use_adaptive_ngroute,0.07697432259865278,0,false,3.5026666666666664,false,false,8.785714285714286,false,1.460053e6,1.3476664093668691e6,false,7
12.222,use_lmSR3_cuts,0.07672086190718008,4,false,4.041666666666666,false,false,9.785714285714285,false,1.460053e6,1.348036475409836e6,false,0
14.154,use_lmSR3_cuts,0.07531438927217038,3,false,4.652666666666667,false,false,9.785714285714285,false,1.460053e6,1.3500899999999998e6,false,0
19.071,use_adaptive_ngroute,0.07463479065485967,0,false,4.70725,false,false,9.785714285714285,false,1.460053e6,1.3510822500000002e6,false,1
4.12,use_lmSR3_cuts,0.0745946064611136,1,false,4.091,false,false,9.892857142857142,false,1.460053e6,1.3511409210526317e6,false,0
9.719,use_lmSR3_cuts,0.07424658176411691,2,false,4.71,false,false,9.892857142857142,false,1.460053e6,1.3516490555555557e6,false,0
10.199,use_lmSR3_cuts,0.07414301626950082,10,false,5.037000000000001,false,false,9.892857142857142,false,1.460053e6,1.3518002666666666e6,false,0
24.671,use_lmSR3_cuts,0.0691523823012411,3,false,6.1114999999999995,false,false,9.892857142857142,false,1.460053e6,1.359086856763926e6,false,0
6.0,use_lmSR3_cuts,0.06888722532675229,10,false,5.938000000000001,false,false,9.892857142857142,false,1.460053e6,1.3594739999999993e6,false,0
39.599,use_adaptive_ngroute,0.06508737601913694,0,false,13.149000000000001,false,false,9.892857142857142,false,1.460053e6,1.365021981381131e6,false,6
44.136,use_lmSR3_cuts,0.0646814384438611,3,false,14.651666666666666,false,false,10.892857142857142,false,1.460053e6,1.3656146717557253e6,false,0
36.988,use_lmSR3_cuts,0.06455016815599623,10,false,18.4175,false,false,10.892857142857142,false,1.460053e6,1.3658063333333333e6,false,0
93.679,use_adaptive_ngroute,0.05838537272329558,0,false,18.6084,false,false,10.892857142857142,false,1.460053e6,1.3748072613992342e6,false,7
38.621,use_lmSR3_cuts,0.05734458759564065,1,false,19.250000000000004,false,false,11.249999999999998,false,1.460053e6,1.376326862847222e6,false,0
104.722,use_lmSR3_cuts,0.05768197377321471,10,false,20.8702,false,false,11.249999999999998,false,1.460053e6,1.3758342611464965e6,false,0
64.528,use_lmSR3_cuts,0.05592290022901347,10,false,21.36266666666667,false,false,11.249999999999998,false,1.460053e6,1.3784026017519282e6,false,0
128.7,use_adaptive_ngroute,0.05450936127086681,0,false,18.273857142857143,false,false,11.249999999999998,false,1.460053e6,1.3804664435483871e6,false,5
84.39,use_adaptive_ngroute,0.05356717941028866,0,false,42.1075,false,false,11.642857142857142,false,1.460053e6,1.3818420790004698e6,false,2
204.036,use_adaptive_ngroute,0.05405637517562656,0,false,40.724000000000004,false,false,11.785714285714285,false,1.460053e6,1.381127827255701e6,false,2
81.388,use_lmSR3_cuts,0.053834607428876025,10,false,40.615500000000004,false,false,11.857142857142856,false,1.460053e6,1.3814516199196472e6,false,0
127.219,use_lmSR3_cuts,0.05312628793290952,1,false,42.3,false,false,11.857142857142856,false,1.460053e6,1.3824858039246916e6,false,0
49.501,use_lmSR3_cuts,0.05307852602485419,1,false,49.397999999999996,false,false,11.857142857142856,false,1.460053e6,1.3825555388418336e6,false,0
47.326,use_lmSR3_cuts,0.053062162236205745,10,false,47.217,false,false,11.857142857142856,false,1.460053e6,1.3825794308405411e6,false,0
146.978,use_adaptive_ngroute,0.05045343934739843,0,false,48.85633333333333,false,false,11.857142857142856,false,1.460053e6,1.386388304520513e6,false,1
137.887,use_lmSR3_cuts,0.05044471970380293,10,false,68.882,false,false,12.071428571428571,false,1.460053e6,1.3864010356623034e6,false,0
193.617,use_lmSR3_cuts,0.04905118535294928,3,false,64.44133333333333,false,false,12.071428571428571,false,1.460053e6,1.3884356696718703e6,false,0
292.884,use_lmSR3_cuts,0.049978710639124735,1,false,73.1035,false,false,12.071428571428571,false,1.460053e6,1.387081433595214e6,false,0
162.883,use_lmSR3_cuts,0.049904798556163366,10,false,81.32849999999999,false,false,12.071428571428571,false,1.460053e6,1.387189349153678e6,false,0
340.896,use_adaptive_ngroute,0.04875425737165939,0,false,68.0648,false,false,12.071428571428571,false,1.460053e6,1.3888692002617365e6,false,3
217.739,use_lmSR3_cuts,0.048286488871020494,1,false,72.46933333333334,false,false,12.214285714285714,false,1.460053e6,1.3895521670644e6,false,0
126.869,use_adaptive_ngroute,0.04832074777611162,0,false,63.283,false,false,12.214285714285714,false,1.460053e6,1.3895021472472448e6,false,2
73.512,use_lmSR3_cuts,0.048290254262587484,1,false,73.34700000000001,false,false,12.285714285714285,false,1.460053e6,1.3895466693931464e6,false,0
79.05,use_lmSR3_cuts,0.04824459798147718,10,false,78.868,false,false,12.285714285714285,false,1.460053e6,1.3896133299833504e6,false,0
158.922,use_lmSR3_cuts,0.04745112583162325,10,false,79.28099999999999,false,false,12.285714285714285,false,1.460053e6,1.390771841376161e6,false,0
257.936,none,0.047197122034728034,0,false,92.58899999999998,false,false,12.285714285714285,true,1.460053e6,1.3911427003818292e6,false,0
