CG_time_taken,method,CG_LP_IP_gap,implemented_SR3_cuts_count,errored,CG_sp_time_taken_mean,converged,CGIP_artificial,ngroute_neighborhood_size,time_limit_reached,CGIP_objective,CGLP_objective,CGLP_artificial,cycles_lookup_length
38.433,use_adaptive_ngroute,0.1057125483253274,0,false,1.8196999999999999,false,false,8.357142857142856,false,1.489173e6,1.3317487272727273e6,false,3
17.069,use_lmSR3_cuts,0.10507845629755563,5,false,3.3920000000000003,false,false,8.785714285714286,false,1.489173e6,1.3326930000000002e6,false,0
40.574,use_adaptive_ngroute,0.09170556184803214,0,false,5.742428571428571,false,false,8.785714285714286,false,1.489173e6,1.3526075533460805e6,false,16
36.106,use_adaptive_ngroute,0.05230020116208478,0,false,8.9905,false,false,10.5,false,1.428035e6,1.3533484822335022e6,false,1
18.002,use_lmSR3_cuts,0.05229997722012614,5,false,8.968,false,false,10.571428571428571,false,1.428035e6,1.3533488020304572e6,false,0
48.096,use_adaptive_ngroute,0.04782511458052485,0,false,11.954249999999998,false,false,10.571428571428571,false,1.428035e6,1.3597390625000002e6,false,2
51.152,use_adaptive_ngroute,0.0475095444493252,0,false,17.013999999999996,false,false,10.75,false,1.428035e6,1.360189707692308e6,false,1
54.824,use_lmSR3_cuts,0.047485203474970206,5,false,18.245333333333335,false,false,10.821428571428571,false,1.428035e6,1.3602244674556209e6,false,0
48.968,use_adaptive_ngroute,0.04529039320931694,0,false,16.275,false,false,10.821428571428571,false,1.428035e6,1.3633587333333332e6,false,2
32.417,use_adaptive_ngroute,0.04504000570396016,0,false,16.174,false,false,10.892857142857142,false,1.428035e6,1.3637162954545452e6,false,1
19.377,use_lmSR3_cuts,0.045021568098821074,5,false,19.323999999999998,false,false,10.964285714285714,false,1.428035e6,1.363742625e6,false,0
56.398,use_adaptive_ngroute,0.0434892968976518,0,false,18.724,false,false,10.964285714285714,false,1.428035e6,1.365930761904762e6,false,2
37.923,use_lmSR3_cuts,0.04348103917840418,5,false,18.9425,false,false,11.285714285714286,false,1.428035e6,1.3659425542168675e6,false,0
53.103,use_adaptive_ngroute,0.041392765023023914,0,false,17.652333333333335,false,false,11.285714285714286,false,1.428035e6,1.368924682800346e6,false,1
18.714,use_lmSR3_cuts,0.04136071156184851,5,false,18.686,false,false,11.321428571428573,false,1.428035e6,1.3689704562647757e6,false,0
75.794,use_lmSR3_cuts,0.040584507482559595,5,false,18.901249999999997,false,false,11.321428571428573,false,1.428035e6,1.370078902857143e6,false,0
20.938,use_lmSR3_cuts,0.03998099620927198,5,false,20.827,false,false,11.321428571428573,false,1.428035e6,1.3709407380782922e6,false,0
109.631,use_adaptive_ngroute,0.039064700378635187,0,false,21.869600000000002,false,false,11.321428571428573,false,1.428035e6,1.3722492405947957e6,false,2
25.123,use_lmSR3_cuts,0.03898762281177526,5,false,25.095,false,false,11.392857142857144,false,1.428035e6,1.3723593100579865e6,false,0
83.048,use_adaptive_ngroute,0.03792036959878464,0,false,27.600666666666665,false,false,11.392857142857144,false,1.428035e6,1.3738833849999995e6,false,2
57.249,use_lmSR3_cuts,0.037901958261882474,5,false,28.5855,false,false,11.821428571428571,false,1.428035e6,1.3739096770334926e6,false,0
134.654,use_lmSR3_cuts,0.03718037298853183,5,false,33.55825,false,false,11.821428571428571,false,1.428035e6,1.374940126059322e6,false,0
135.934,use_lmSR3_cuts,0.03649230443099494,5,false,33.92275,false,false,11.821428571428571,false,1.428035e6,1.3759227120418842e6,false,0
154.857,use_lmSR3_cuts,0.035775574740155025,5,false,38.6305,false,false,11.821428571428571,false,1.428035e6,1.3769462271259427e6,false,0
187.878,use_lmSR3_cuts,0.0345820466743777,5,false,46.91075,false,false,11.821428571428571,false,1.428035e6,1.378650626977355e6,false,0
85.689,use_adaptive_ngroute,0.03394423342597408,0,false,42.7535,false,false,11.821428571428571,false,1.428035e6,1.379561446619539e6,false,1
41.168,use_lmSR3_cuts,0.033943338222889974,5,false,41.09,false,false,11.857142857142856,false,1.428035e6,1.3795627250008753e6,false,0
244.186,use_lmSR3_cuts,0.033279711839298454,5,false,48.72239999999999,false,false,11.857142857142856,false,1.428035e6,1.3805104067035674e6,false,0
106.968,use_lmSR3_cuts,0.03293507638842608,5,false,53.367000000000004,false,false,11.857142857142856,false,1.428035e6,1.381002558189654e6,false,0
114.378,use_lmSR3_cuts,0.03273918939895237,5,false,57.1075,false,false,11.857142857142856,false,1.428035e6,1.381282291666667e6,false,0
176.44,use_lmSR3_cuts,0.03264326596742528,5,false,58.71533333333333,false,false,11.857142857142856,false,1.428035e6,1.3814192736842078e6,false,0
281.454,use_lmSR3_cuts,0.032323325123672086,5,false,70.2985,false,false,11.857142857142856,false,1.428035e6,1.381876160407017e6,false,0
284.183,use_lmSR3_cuts,0.03218746021797425,5,false,70.94850000000001,false,false,11.857142857142856,false,1.428035e6,1.382070180247625e6,false,0
142.193,use_lmSR3_cuts,0.032133224844192565,5,false,71.0315,false,false,11.857142857142856,false,1.428035e6,1.3821476302596235e6,false,0
312.9,use_lmSR3_cuts,0.03192873725911616,5,false,78.151,false,false,11.857142857142856,false,1.428035e6,1.382439645688178e6,false,0
215.376,none,0.031782141085323845,0,false,82.7175,false,false,11.857142857142856,true,1.428035e6,1.3826489901552196e6,false,0
