CG_time_taken,method,CG_LP_IP_gap,implemented_SR3_cuts_count,errored,CG_sp_time_taken_mean,converged,CGIP_artificial,ngroute_neighborhood_size,time_limit_reached,CGIP_objective,CGLP_objective,CGLP_artificial,cycles_lookup_length
28.725,use_adaptive_ngroute,0.08390871436734648,0,false,1.2808571428571427,false,false,8.357142857142856,false,1.511496e6,1.3846683138686132e6,false,10
18.826,use_adaptive_ngroute,0.0725897473852557,0,false,2.636714285714285,false,false,9.857142857142858,false,1.501563e6,1.3925649211469532e6,false,4
20.163,use_lmSR3_cuts,0.07248413819466781,5,false,4.997999999999999,false,false,10.142857142857144,false,1.501563e6,1.3927235e6,false,0
57.12,use_adaptive_ngroute,0.05983098029854417,0,false,8.099428571428572,false,false,10.142857142857144,false,1.501563e6,1.4117230137299772e6,false,7
21.896,use_lmSR3_cuts,0.058306680336524974,5,false,7.262333333333334,false,false,10.535714285714285,false,1.501563e6,1.4140118461538465e6,false,0
26.756,use_adaptive_ngroute,8.392740772922291e-5,0,false,6.63725,false,false,10.535714285714285,false,1.417892e6,1.417773e6,false,2
15.549,none,3.3306690738754696e-16,0,false,7.741499999999999,true,false,10.607142857142856,false,1.417892e6,1.4178919999999995e6,false,0
