CG_time_taken,method,CG_LP_IP_gap,implemented_SR3_cuts_count,errored,CG_sp_time_taken_mean,converged,CGIP_artificial,ngroute_neighborhood_size,time_limit_reached,CGIP_objective,CGLP_objective,CGLP_artificial,cycles_lookup_length
23.865,use_adaptive_ngroute,0.09611716129930825,0,false,1.1985000000000001,false,false,8.357142857142856,false,1.515507e6,1.3698407692307692e6,false,12
14.602,use_adaptive_ngroute,0.08354972133904726,0,false,2.0248571428571425,false,false,9.678571428571429,false,1.510019e6,1.3838573333333333e6,false,7
10.198,use_lmSR3_cuts,0.06648218858157873,9,false,2.5240000000000005,false,false,10.357142857142858,false,1.482964e6,1.3843733076923077e6,false,0
12.752,use_adaptive_ngroute,0.05581004263382283,0,false,3.10575,false,false,10.357142857142858,false,1.4777e6,1.3952295e6,false,2
6.516,use_lmSR3_cuts,0.05563167292205662,5,false,3.1945,false,false,10.571428571428571,false,1.4777e6,1.395493076923077e6,false,0
9.891,use_adaptive_ngroute,0.004937022654417311,0,false,3.254333333333333,false,false,10.571428571428571,false,1.408659e6,1.4017044186046512e6,false,4
10.177,use_lmSR3_cuts,0.003818880225803234,10,false,3.352666666666667,false,false,10.964285714285714,false,1.408659e6,1.4032795000000002e6,false,0
11.005,use_adaptive_ngroute,0.0005009492479486344,0,false,3.5926666666666662,false,false,10.964285714285714,false,1.408659e6,1.407953333333334e6,false,1
3.589,use_adaptive_ngroute,0.0004820187142521304,0,false,3.541,false,false,11.035714285714285,false,1.408659e6,1.4079800000000002e6,false,1
4.978,use_lmSR3_cuts,0.00048201871425235243,1,false,4.943,false,false,11.071428571428571,false,1.408659e6,1.40798e6,false,0
11.933,use_lmSR3_cuts,0.0003837204390844118,1,false,3.9346666666666668,false,false,11.071428571428571,false,1.408659e6,1.4081184687499998e6,false,0
12.853,use_lmSR3_cuts,0.001056863300486377,10,false,4.226999999999999,false,false,11.071428571428571,false,1.408659e6,1.4071702400000002e6,false,0
5.56,none,1.3322676295501878e-15,0,false,5.511,true,false,11.071428571428571,false,1.408659e6,1.4086589999999981e6,false,0
