CG_time_taken,method,CG_LP_IP_gap,implemented_SR3_cuts_count,errored,CG_sp_time_taken_mean,converged,CGIP_artificial,ngroute_neighborhood_size,time_limit_reached,CGIP_objective,CGLP_objective,CGLP_artificial,cycles_lookup_length
71.186,use_adaptive_ngroute,0.06962099570853342,0,false,3.6119999999999997,false,false,8.357142857142856,false,1.505952e6,1.4011061222707427e6,false,12
33.705,use_adaptive_ngroute,0.06059771493380928,0,false,6.6823999999999995,false,false,10.214285714285715,false,1.505952e6,1.41469475e6,false,4
22.794,use_adaptive_ngroute,0.05890692399226549,0,false,5.656499999999999,false,false,10.357142857142858,false,1.505952e6,1.4172409999999998e6,false,3
17.12,use_lmSR3_cuts,0.05439653451649662,5,false,5.677999999999999,false,false,10.464285714285714,false,1.505952e6,1.424033430051813e6,false,0
42.564,use_lmSR3_cuts,0.05298415885765284,5,false,10.596,false,false,10.464285714285714,false,1.505952e6,1.4261604e6,false,0
25.906,use_lmSR3_cuts,0.05273460095526139,5,false,12.889,false,false,10.464285714285714,false,1.505952e6,1.4265362222222222e6,false,0
127.998,use_adaptive_ngroute,0.04689243083444872,0,false,15.94775,false,false,10.464285714285714,false,1.505952e6,1.4353342500000002e6,false,3
33.551,use_lmSR3_cuts,0.046540002168591554,5,false,16.677500000000002,false,false,10.857142857142858,false,1.505952e6,1.4358649906542052e6,false,0
55.04,use_adaptive_ngroute,0.03873376456336797,0,false,18.295333333333332,false,false,10.857142857142858,false,1.496649e6,1.43867815e6,false,2
20.12,use_adaptive_ngroute,0.038680028300339786,0,false,20.086000000000002,false,false,10.928571428571429,false,1.496649e6,1.4387585743243247e6,false,1
15.922,use_lmSR3_cuts,0.03867832298536389,5,false,15.897,false,false,11.0,false,1.496649e6,1.4387611265822782e6,false,0
101.933,use_adaptive_ngroute,0.03542518281373197,0,false,16.902833333333334,false,false,11.0,false,1.496649e6,1.443629935567011e6,false,3
47.173,use_adaptive_ngroute,0.03540347280153766,0,false,15.682333333333332,false,false,11.178571428571427,false,1.496649e6,1.4436624278350514e6,false,1
45.22,use_lmSR3_cuts,0.03537314110321965,5,false,22.5685,false,false,11.249999999999998,false,1.496649e6,1.4437078237410074e6,false,0
167.479,use_lmSR3_cuts,0.03402537341480205,5,false,20.89225,false,false,11.249999999999998,false,1.496649e6,1.44572495890411e6,false,0
44.571,use_adaptive_ngroute,0.033465973140668126,0,false,22.230999999999998,false,false,11.249999999999998,false,1.496649e6,1.4465621847649922e6,false,6
100.832,use_lmSR3_cuts,0.03341166125909556,5,false,20.1354,false,false,12.0,false,1.496649e6,1.4466434705882359e6,false,0
109.403,use_lmSR3_cuts,0.03224339800629017,5,false,27.298,false,false,12.0,false,1.496649e6,1.4483919506172838e6,false,0
109.302,use_lmSR3_cuts,0.03144317429631971,5,false,36.34166666666666,false,false,12.0,false,1.496649e6,1.4495896046325874e6,false,0
110.173,use_adaptive_ngroute,0.030953615686958535,0,false,36.65866666666667,false,false,12.0,false,1.496649e6,1.4503223020357292e6,false,2
89.8,use_lmSR3_cuts,0.030924944433973423,5,false,29.866,false,false,12.071428571428571,false,1.496649e6,1.450365212837838e6,false,0
153.706,use_adaptive_ngroute,0.03053028746474451,0,false,38.376999999999995,false,false,12.071428571428571,false,1.496649e6,1.4509558757961777e6,false,6
92.884,use_lmSR3_cuts,0.030424807369719642,5,false,46.37349999999999,false,false,12.428571428571427,false,1.496649e6,1.4511137424749164e6,false,0
141.778,use_adaptive_ngroute,0.030081523832726886,0,false,47.204,false,false,12.428571428571427,false,1.496649e6,1.4516275174372732e6,false,1
81.161,use_lmSR3_cuts,0.030081502515921787,5,false,40.5345,false,false,12.607142857142858,false,1.496649e6,1.451627549341048e6,false,0
245.706,none,0.029763603000215855,0,false,40.87816666666667,false,false,12.607142857142858,false,1.496649e6,1.45210333333333e6,false,0
