CG_time_taken,method,CG_LP_IP_gap,implemented_SR3_cuts_count,errored,CG_sp_time_taken_mean,converged,CGIP_artificial,ngroute_neighborhood_size,time_limit_reached,CGIP_objective,CGLP_objective,CGLP_artificial,cycles_lookup_length
43.517,use_adaptive_ngroute,0.10369051954039366,0,false,2.0543500000000003,false,false,8.357142857142856,false,1.563331e6,1.401228396396397e6,false,7
24.643,use_adaptive_ngroute,0.08452128575181872,0,false,3.0213750000000004,false,false,9.357142857142858,false,1.545306e6,1.41469475e6,false,4
9.151,use_adaptive_ngroute,0.07943802785254372,0,false,3.019,false,false,9.5,false,1.545306e6,1.422549938931297e6,false,4
9.003,use_lmSR3_cuts,0.07847802956060901,10,false,2.9683333333333333,false,false,9.714285714285715,false,1.545306e6,1.4240334300518136e6,false,0
40.813,use_adaptive_ngroute,0.05987351586442291,0,false,5.726142857142857,false,false,9.714285714285715,false,1.525804e6,1.43444875e6,false,1
22.066,use_adaptive_ngroute,0.0593469410225691,0,false,5.465999999999999,false,false,9.75,false,1.525804e6,1.4352522e6,false,2
18.874,use_adaptive_ngroute,0.06077569596094934,0,false,6.241666666666666,false,false,9.857142857142858,false,1.525804e6,1.4330721999999997e6,false,1
17.506,use_lmSR3_cuts,0.05916618386109895,10,false,5.799,false,false,9.892857142857142,false,1.525804e6,1.4355279999999998e6,false,0
18.654,use_lmSR3_cuts,0.057176682516948074,2,false,6.151999999999998,false,false,9.892857142857142,false,1.525804e6,1.4385635891089106e6,false,0
5.506,use_lmSR3_cuts,0.057072304175372235,1,false,5.436,false,false,9.892857142857142,false,1.525804e6,1.4387228500000003e6,false,0
14.915,use_adaptive_ngroute,0.05700282724612382,0,false,7.377000000000001,false,false,9.892857142857142,false,1.525804e6,1.4388288581765553e6,false,4
14.77,use_lmSR3_cuts,0.05698892346978546,10,false,7.315,false,false,10.392857142857142,false,1.525804e6,1.4388500726141075e6,false,0
46.156,use_adaptive_ngroute,0.05312525506090571,0,false,11.459,false,false,10.392857142857142,false,1.525804e6,1.4447452733270498e6,false,2
29.905,use_lmSR3_cuts,0.053527674999541475,4,false,9.912999999999998,false,false,10.642857142857142,false,1.525804e6,1.4441312593749997e6,false,0
25.177,use_adaptive_ngroute,0.052025765550614445,0,false,12.5555,false,false,10.642857142857142,false,1.525804e6,1.4464228788198102e6,false,2
25.808,use_lmSR3_cuts,0.03983852663349141,10,false,12.852,false,false,10.75,false,1.505952e6,1.4459570911392404e6,false,0
43.571,use_lmSR3_cuts,0.03867224954787507,2,false,14.472666666666667,false,false,10.75,false,1.505952e6,1.4477134484488785e6,false,0
27.462,use_adaptive_ngroute,0.038544249101099215,0,false,13.5945,false,false,10.75,false,1.505952e6,1.4479062109777015e6,false,1
51.903,use_adaptive_ngroute,0.03856078292067655,0,false,17.255666666666666,false,false,10.785714285714286,false,1.505952e6,1.4478813118390413e6,false,2
27.622,use_lmSR3_cuts,0.03854359576314936,1,false,13.776,false,false,10.857142857142858,false,1.505952e6,1.4479071948732936e6,false,0
14.993,use_lmSR3_cuts,0.03849639962785656,10,false,14.905999999999999,false,false,10.857142857142858,false,1.505952e6,1.4479782699876302e6,false,0
40.065,use_lmSR3_cuts,0.037344843726222376,10,false,19.907500000000002,false,false,10.857142857142858,false,1.505952e6,1.449712457900808e6,false,0
87.547,use_adaptive_ngroute,0.03322884431341455,0,false,17.3468,false,false,10.857142857142858,false,1.505952e6,1.4559109554485248e6,false,1
52.863,use_adaptive_ngroute,0.03322728664204866,0,false,17.560666666666666,false,false,11.035714285714285,false,1.505952e6,1.4559133012268336e6,false,1
37.983,use_lmSR3_cuts,0.03321229306842688,1,false,18.907999999999998,false,false,11.071428571428571,false,1.505952e6,1.4559358808290164e6,false,0
49.069,use_lmSR3_cuts,0.032783398104676564,1,false,24.4685,false,false,11.071428571428571,false,1.505952e6,1.4565817760574662e6,false,0
131.86,use_lmSR3_cuts,0.03226710066105698,2,false,26.312799999999996,false,false,11.071428571428571,false,1.505952e6,1.4573592952252799e6,false,0
29.503,use_lmSR3_cuts,0.032178943202526455,10,false,29.403,false,false,11.071428571428571,false,1.505952e6,1.4574920561262688e6,false,0
131.301,use_adaptive_ngroute,0.031144169698789526,0,false,26.177,false,false,11.071428571428571,false,1.505952e6,1.4590503753537685e6,false,1
100.024,use_lmSR3_cuts,0.030506945128427887,1,false,24.950750000000003,false,false,11.142857142857142,false,1.505952e6,1.4600100049699538e6,false,0
23.994,use_lmSR3_cuts,0.030506945128427665,1,false,23.882,false,false,11.142857142857142,false,1.505952e6,1.460010004969954e6,false,0
26.37,use_lmSR3_cuts,0.030501123647394768,10,false,26.267,false,false,11.142857142857142,false,1.505952e6,1.4600187718409586e6,false,0
62.52,use_adaptive_ngroute,0.02926232662712336,0,false,31.1785,false,false,11.142857142857142,false,1.505952e6,1.4618843406912303e6,false,4
36.855,use_adaptive_ngroute,0.029086279814722116,0,false,36.775,false,false,11.464285714285715,false,1.505952e6,1.4621494587404595e6,false,1
38.656,use_lmSR3_cuts,0.029082726103861645,10,false,38.548,false,false,11.714285714285714,false,1.505952e6,1.4621548104584373e6,false,0
75.904,use_lmSR3_cuts,0.02818409225431917,10,false,37.818,false,false,11.714285714285714,false,1.505952e6,1.4635081099014236e6,false,0
182.491,use_adaptive_ngroute,0.028133302481363143,0,false,45.53225,false,false,11.714285714285714,false,1.505952e6,1.4635845968615862e6,false,2
44.115,use_lmSR3_cuts,0.028112355693435953,10,false,44.018,false,false,11.785714285714285,false,1.505952e6,1.4636161417187587e6,false,0
145.049,use_adaptive_ngroute,0.027660685000775898,0,false,48.279666666666664,false,false,11.785714285714285,false,1.505952e6,1.4642963361017115e6,false,1
48.099,use_lmSR3_cuts,0.027660092763897692,10,false,48.018,false,false,11.821428571428571,false,1.505952e6,1.4642972279820228e6,false,0
305.059,use_lmSR3_cuts,0.02937126687933833,2,false,60.8938,false,false,11.821428571428571,false,1.505952e6,1.4617202819005267e6,false,0
98.262,use_lmSR3_cuts,0.029392953019760415,10,false,49.01,false,false,11.821428571428571,false,1.505952e6,1.4616876236139857e6,false,0
143.091,use_lmSR3_cuts,0.02870047525847419,10,false,71.459,false,false,11.821428571428571,false,1.505952e6,1.4627304618835503e6,false,0
187.798,use_lmSR3_cuts,0.028165434710410775,10,false,62.43433333333334,false,false,11.821428571428571,false,1.505952e6,1.4635362072669875e6,false,0
249.846,use_adaptive_ngroute,0.027965964486098005,0,false,62.34575,false,false,11.821428571428571,false,1.505952e6,1.4638365998502318e6,false,1
147.501,use_lmSR3_cuts,0.02793023792847449,10,false,73.6505,false,false,11.964285714285715,false,1.505952e6,1.463890402331138e6,false,0
284.857,use_adaptive_ngroute,0.027250203954566676,0,false,71.11250000000001,false,false,11.964285714285715,false,1.505952e6,1.4649145008542123e6,false,2
176.674,use_lmSR3_cuts,0.027459571792307846,10,false,88.241,false,false,12.071428571428571,false,1.505952e6,1.4645992029402305e6,false,0
38.007,none,0.026993684474652002,0,false,NaN,false,false,12.071428571428571,true,1.505952e6,1.465300806878029e6,false,0
