CG_time_taken,method,CG_LP_IP_gap,implemented_SR3_cuts_count,errored,CG_sp_time_taken_mean,converged,CGIP_artificial,ngroute_neighborhood_size,time_limit_reached,CGIP_objective,CGLP_objective,CGLP_artificial,cycles_lookup_length
28.079,use_adaptive_ngroute,0.15433235604292395,0,false,1.3723684210526315,false,false,8.357142857142856,false,1.573117e6,1.3303341470588236e6,false,5
8.55,use_lmSR3_cuts,0.10726037557520052,5,false,1.671,false,false,9.071428571428571,false,1.492029e6,1.3319934090909092e6,false,0
43.641,use_adaptive_ngroute,0.018719383323116068,0,false,4.780111111111111,false,false,9.071428571428571,false,1.376179e6,1.3504177777777775e6,false,2
30.073,use_adaptive_ngroute,0.018273908327977928,0,false,5.984,false,false,9.321428571428571,false,1.376179e6,1.3510308311111117e6,false,1
5.041,use_adaptive_ngroute,0.018191307271440915,0,false,5.023000000000001,false,false,9.357142857142858,false,1.376179e6,1.3511445049504957e6,false,2
17.828,use_adaptive_ngroute,0.01810714800129065,0,false,5.9143333333333326,false,false,9.464285714285714,false,1.376179e6,1.3512603231707318e6,false,1
15.574,use_adaptive_ngroute,0.01805724400677544,0,false,5.160666666666667,false,false,9.642857142857142,false,1.376179e6,1.3513289999999998e6,false,3
17.765,use_adaptive_ngroute,0.01799236457300568,0,false,5.892333333333333,false,false,9.75,false,1.376179e6,1.3514182857142857e6,false,2
5.531,use_lmSR3_cuts,0.01798511937018621,5,false,5.515000000000001,false,false,9.857142857142858,false,1.376179e6,1.3514282564102565e6,false,0
19.26,use_adaptive_ngroute,0.010891337852694138,0,false,4.7787500000000005,false,false,9.857142857142858,false,1.376179e6,1.3611905695652172e6,false,2
19.671,use_adaptive_ngroute,0.010726032860892687,0,false,4.89375,false,false,10.178571428571429,false,1.376179e6,1.3614180588235296e6,false,1
16.192,use_adaptive_ngroute,0.010635314718647426,0,false,5.3646666666666665,false,false,10.214285714285715,false,1.376179e6,1.3615429032258065e6,false,2
16.89,use_lmSR3_cuts,0.010612410158852947,5,false,5.602,false,false,10.392857142857142,false,1.376179e6,1.3615744239999999e6,false,0
27.609,use_lmSR3_cuts,0.008450886427152637,5,false,6.843,false,false,10.392857142857142,false,1.376179e6,1.3645490675675676e6,false,0
30.937,use_adaptive_ngroute,0.00482598416816471,0,false,7.6945,false,false,10.392857142857142,false,1.376179e6,1.3695375819334392e6,false,3
7.992,use_lmSR3_cuts,0.00476120803311475,5,false,7.971,false,false,10.785714285714286,false,1.376179e6,1.3696267254901961e6,false,0
20.154,use_adaptive_ngroute,0.0037141816492467505,0,false,10.0315,false,false,10.785714285714286,false,1.376179e6,1.3710676212121213e6,false,6
39.421,use_lmSR3_cuts,0.003597301840821965,5,false,13.104000000000001,false,false,11.928571428571429,false,1.376179e6,1.3712284687499995e6,false,0
40.719,use_lmSR3_cuts,0.0027575243727436805,5,false,13.535666666666666,false,false,11.928571428571429,false,1.376179e6,1.372384152866242e6,false,0
96.197,use_adaptive_ngroute,0.0007064484441208219,0,false,15.972166666666666,false,false,11.928571428571429,false,1.376179e6,1.3752068004866182e6,false,2
79.862,use_lmSR3_cuts,0.0004763095349420432,5,false,19.862750000000002,false,false,12.071428571428571,false,1.376179e6,1.375523512820513e6,false,0
91.68,none,0.0,0,false,22.873,true,false,12.071428571428571,false,1.376179e6,1.376179e6,false,0
