CG_time_taken,method,CG_LP_IP_gap,implemented_SR3_cuts_count,errored,CG_sp_time_taken_mean,converged,CGIP_artificial,ngroute_neighborhood_size,time_limit_reached,CGIP_objective,CGLP_objective,CGLP_artificial,cycles_lookup_length
136.882,use_adaptive_ngroute,0.12150846331480125,0,false,4.9486923076923075,false,false,8.0625,false,1.409142e6,1.2379193209876544e6,false,12
83.789,use_adaptive_ngroute,0.11453210535205083,0,false,9.23711111111111,false,false,9.40625,false,1.409142e6,1.2477500000000005e6,false,3
22.87,use_adaptive_ngroute,0.11276586114891973,0,false,7.553,false,false,9.59375,false,1.409142e6,1.250238888888889e6,false,3
31.152,use_SR3_cuts,0.1122404034984884,5,false,10.313,false,false,9.875,false,1.409142e6,1.250979333333333e6,false,0
72.637,use_adaptive_ngroute,0.11001468105578271,0,false,24.153333333333332,false,false,9.875,false,1.409142e6,1.2541156923076923e6,false,4
82.192,use_adaptive_ngroute,0.03894445956501236,0,false,20.468249999999998,false,false,10.40625,false,1.306088e6,1.255223108695652e6,false,2
54.883,use_adaptive_ngroute,0.03886739871705103,0,false,27.39,false,false,10.5625,false,1.306088e6,1.2553237569444443e6,false,3
104.643,use_SR3_cuts,0.0388345961374732,5,false,34.827333333333335,false,false,10.71875,false,1.306088e6,1.2553665999999999e6,false,0
791.626,use_SR3_cuts,0.0320682641598421,5,false,131.61166666666665,false,false,10.71875,false,1.306088e6,1.2642040250000001e6,false,0
740.254,use_adaptive_ngroute,0.03010644384810157,0,false,184.959,false,false,10.71875,false,1.306088e6,1.2667663349673208e6,false,4
1043.013,use_SR3_cuts,0.029933451490162355,5,false,260.69925000000006,false,false,11.21875,false,1.306088e6,1.2669922782101168e6,false,0
407.769,none,0.029085829709141753,0,false,304.568,false,false,11.21875,true,1.306088e6,1.2680993468468464e6,false,0
