CG_time_taken,method,CG_LP_IP_gap,implemented_SR3_cuts_count,errored,CG_sp_time_taken_mean,converged,CGIP_artificial,ngroute_neighborhood_size,time_limit_reached,CGIP_objective,CGLP_objective,CGLP_artificial,cycles_lookup_length
55.985,use_adaptive_ngroute,0.13137153363034304,0,false,2.4828095238095234,false,false,8.0625,false,1.654093e6,1.436792265822785e6,false,11
22.098,use_adaptive_ngroute,0.12409048342505524,0,false,3.6065,false,false,8.9375,false,1.654093e6,1.4488358e6,false,7
22.425,use_adaptive_ngroute,0.11965772178468803,0,false,5.51575,false,false,9.84375,false,1.654093e6,1.456168e6,false,3
21.355,use_adaptive_ngroute,0.11804194698179316,0,false,4.2336,false,false,9.9375,false,1.654093e6,1.4588406417910447e6,false,4
8.943,use_SR3_cuts,0.11779064871201328,5,false,4.4545,false,false,10.15625,false,1.654093e6,1.4592563124999998e6,false,0
64.947,use_SR3_cuts,0.07904529070816513,3,false,12.9414,false,false,10.15625,false,1.590547e6,1.46482175e6,false,0
60.126,use_adaptive_ngroute,0.07733686069302326,0,false,20.008666666666667,false,false,10.15625,false,1.590547e6,1.467539088235294e6,false,2
30.747,use_adaptive_ngroute,0.07724116510478651,0,false,15.354999999999999,false,false,10.28125,false,1.590547e6,1.467691296566077e6,false,1
15.781,use_SR3_cuts,0.07718919117657808,5,false,15.758,false,false,10.3125,false,1.590547e6,1.4677739635416672e6,false,0
29.483,use_SR3_cuts,0.07554636552396454,5,false,14.691,false,false,10.3125,false,1.590547e6,1.4703869549549548e6,false,0
159.064,use_SR3_cuts,0.07382206344010045,5,false,31.588399999999996,false,false,10.3125,false,1.590547e6,1.4731295384615385e6,false,0
190.258,use_SR3_cuts,0.07148892260292228,5,false,47.46075,false,false,10.3125,false,1.590547e6,1.4768405086206899e6,false,0
375.25,use_adaptive_ngroute,0.03919740979571207,0,false,124.84200000000001,false,false,10.3125,false,1.542037e6,1.4815931437908495e6,false,2
50.051,use_SR3_cuts,0.039105360610271256,5,false,50.006,false,false,10.375,false,1.542037e6,1.4817350870406192e6,false,0
337.688,use_adaptive_ngroute,0.03776892313418989,0,false,168.62850000000003,false,false,10.375,false,1.542037e6,1.4837959230769232e6,false,2
173.542,use_SR3_cuts,0.037340867092895746,5,false,86.71099999999998,false,false,10.4375,false,1.542037e6,1.4844560013306723e6,false,0
459.454,use_SR3_cuts,0.03641736451810962,5,false,153.066,false,false,10.4375,false,1.542037e6,1.4858800764705879e6,false,0
815.002,use_SR3_cuts,0.023497182776178294,5,false,203.64374999999998,false,false,10.4375,false,1.523767e6,1.487962768292691e6,false,0
566.681,use_SR3_cuts,0.022988964905366616,5,false,283.282,false,false,10.4375,false,1.523767e6,1.4887371739130442e6,false,0
123.341,none,0.022088664356582743,0,false,NaN,false,false,10.4375,true,1.523767e6,1.490109022179363e6,false,0
