CG_time_taken,method,CG_LP_IP_gap,implemented_SR3_cuts_count,errored,CG_sp_time_taken_mean,converged,CGIP_artificial,ngroute_neighborhood_size,time_limit_reached,CGIP_objective,CGLP_objective,CGLP_artificial,cycles_lookup_length
43.263,use_adaptive_ngroute,0.08868774571396576,0,false,1.8892857142857145,false,false,8.0625,false,1.582812e6,1.4424359718309864e6,false,14
15.924,use_adaptive_ngroute,0.07856774555645574,0,false,2.5548333333333333,false,false,9.8125,false,1.582812e6,1.458454029520295e6,false,3
14.198,use_adaptive_ngroute,0.07819949036469209,0,false,3.515,false,false,9.9375,false,1.582812e6,1.459036908256881e6,false,1
8.524,use_SR3_cuts,0.07806087362238867,10,false,2.8113333333333332,false,false,10.03125,false,1.582812e6,1.4592563124999998e6,false,0
215.677,use_adaptive_ngroute,0.07773399494064992,0,false,30.429571428571432,false,false,10.03125,false,1.582812e6,1.4597737e6,false,3
29.116,use_SR3_cuts,0.07471054679898814,1,false,14.511000000000001,false,false,10.125,false,1.582812e6,1.46455925e6,false,0
28.61,use_SR3_cuts,0.07471054679898814,10,false,9.475666666666665,false,false,10.125,false,1.582812e6,1.46455925e6,false,0
55.561,use_SR3_cuts,0.07240056340574341,8,false,27.703500000000002,false,false,10.125,false,1.582812e6,1.4682155194346285e6,false,0
1650.803,use_adaptive_ngroute,0.03223794559605242,0,false,410.3575,false,false,10.125,false,1.523767e6,1.47464388235294e6,false,3
616.192,use_SR3_cuts,0.03219070071144803,2,false,307.9965,false,false,10.25,false,1.523767e6,1.474715872549019e6,false,0
590.08,use_adaptive_ngroute,0.031776932493235766,0,false,147.42225000000002,false,false,10.25,false,1.523767e6,1.4753463589055797e6,false,1
315.994,none,0.031759485530701737,0,false,NaN,false,false,10.3125,true,1.523767e6,1.4753729440113392e6,false,0
