CG_time_taken,method,CG_LP_IP_gap,implemented_SR3_cuts_count,errored,CG_sp_time_taken_mean,converged,CGIP_artificial,ngroute_neighborhood_size,time_limit_reached,CGIP_objective,CGLP_objective,CGLP_artificial,cycles_lookup_length
105.231,use_adaptive_ngroute,0.1505227319015977,0,false,4.775428571428571,false,false,8.0625,false,1.593046e6,1.3532563640350874e6,false,13
72.59,use_adaptive_ngroute,0.04710078703066378,0,false,7.934000000000001,false,false,9.46875,false,1.428574e6,1.3612870402684566e6,false,12
71.061,use_adaptive_ngroute,0.0425760233631578,0,false,10.060285714285715,false,false,10.59375,false,1.428574e6,1.3677510000000002e6,false,2
31.559,use_adaptive_ngroute,0.04083419316511905,0,false,7.742,false,false,10.65625,false,1.428574e6,1.3702393333333333e6,false,4
62.653,use_adaptive_ngroute,0.04078504255914572,0,false,10.368666666666668,false,false,10.8125,false,1.428574e6,1.370309548611111e6,false,3
30.006,use_SR3_cuts,0.040695243415228566,5,false,9.957666666666666,false,false,11.09375,false,1.428574e6,1.3704378333333333e6,false,0
173.858,use_adaptive_ngroute,0.033904508971883796,0,false,34.614200000000004,false,false,11.09375,false,1.428574e6,1.3801389000000001e6,false,2
80.395,use_SR3_cuts,0.03390450897188391,5,false,15.979800000000001,false,false,11.437499999999998,false,1.428574e6,1.3801389e6,false,0
119.368,use_adaptive_ngroute,0.03326959261473328,0,false,29.733500000000003,false,false,11.437499999999998,false,1.428574e6,1.381045925e6,false,2
192.4,use_adaptive_ngroute,0.02963045517581886,0,false,38.3382,false,false,11.499999999999998,false,1.428574e6,1.3862447021276597e6,false,3
230.903,use_adaptive_ngroute,0.029478227426995574,0,false,38.407999999999994,false,false,11.625,false,1.428574e6,1.3864621707317072e6,false,1
110.715,use_SR3_cuts,0.029441352005566523,5,false,36.761,false,false,11.65625,false,1.428574e6,1.3865148499999999e6,false,0
217.167,use_SR3_cuts,0.025546433120898104,5,false,72.25733333333334,false,false,11.65625,false,1.428574e6,1.392079029850746e6,false,0
632.083,use_adaptive_ngroute,0.018946544190301062,0,false,125.97640000000001,false,false,11.65625,false,1.428574e6,1.4015074595798848e6,false,2
358.118,use_SR3_cuts,0.01843571314836101,5,false,119.28999999999999,false,false,11.71875,false,1.428574e6,1.4022372195247933e6,false,0
1062.791,use_SR3_cuts,0.014194692898436334,5,false,210.40519999999998,false,false,11.71875,false,1.428574e6,1.4082958307873092e6,false,0
32.389,none,0.011522986039047112,0,false,NaN,false,false,11.71875,true,1.428574e6,1.4121125617422543e6,false,0
