CG_time_taken,method,CG_LP_IP_gap,implemented_SR3_cuts_count,errored,CG_sp_time_taken_mean,converged,CGIP_artificial,ngroute_neighborhood_size,time_limit_reached,CGIP_objective,CGLP_objective,CGLP_artificial,cycles_lookup_length
74.678,use_adaptive_ngroute,0.10498395718728482,0,false,3.328047619047619,false,false,8.0625,false,1.561343e6,1.3974270333333332e6,false,10
24.905,use_SR3_cuts,0.09708516962640501,5,false,4.028333333333332,false,false,9.375,false,1.561343e6,1.40975975e6,false,0
41.379,use_adaptive_ngroute,0.09624893861078399,0,false,10.302,false,false,9.375,false,1.561343e6,1.4110653934426226e6,false,5
60.578,use_adaptive_ngroute,0.09394197555396777,0,false,11.993,false,false,9.9375,false,1.558256e6,1.4118703529411764e6,false,4
33.424,use_SR3_cuts,0.09291000627181711,5,false,11.081666666666667,false,false,10.125,false,1.558256e6,1.4134784252669034e6,false,0
110.967,use_SR3_cuts,0.0339449320046844,5,false,27.629749999999998,false,false,10.125,false,1.473234e6,1.4232251720430108e6,false,0
134.444,use_adaptive_ngroute,0.023880311358687067,0,false,33.405499999999996,false,false,10.125,false,1.473234e6,1.438052713375796e6,false,3
64.943,use_SR3_cuts,0.02382992710155285,5,false,32.399499999999996,false,false,10.375,false,1.473234e6,1.4381269411764708e6,false,0
77.753,use_adaptive_ngroute,0.022265353695988588,0,false,38.784499999999994,false,false,10.375,false,1.473234e6,1.440431923913044e6,false,1
185.428,use_SR3_cuts,0.022233337739224868,5,false,61.739333333333335,false,false,10.40625,false,1.473234e6,1.4404790909090908e6,false,0
241.653,use_adaptive_ngroute,0.020195281779795793,0,false,60.333,false,false,10.40625,false,1.473234e6,1.4434816242424243e6,false,2
162.014,use_SR3_cuts,0.019800895097905724,5,false,80.926,false,false,10.71875,false,1.473234e6,1.444062648111332e6,false,0
322.343,use_SR3_cuts,0.01898785634566913,5,false,107.35833333333333,false,false,10.71875,false,1.473234e6,1.4452604444444445e6,false,0
364.375,use_SR3_cuts,0.018414155524512643,5,false,121.407,false,false,10.71875,false,1.473234e6,1.4461056400000001e6,false,0
268.637,use_SR3_cuts,0.017438103771069247,5,false,134.225,false,false,10.71875,false,1.473234e6,1.4475435926289326e6,false,0
310.606,use_adaptive_ngroute,0.017177437938652673,0,false,155.20550000000003,false,false,10.71875,false,1.473234e6,1.447927614395887e6,false,3
338.24,use_SR3_cuts,0.0171764669879495,5,false,169.04950000000002,false,false,11.312500000000002,false,1.473234e6,1.4479290448334753e6,false,0
323.129,none,0.01705771113075072,0,false,161.4545,false,false,11.312500000000002,false,1.473234e6,1.4481039999999995e6,false,0
