CG_time_taken,method,CG_LP_IP_gap,implemented_SR3_cuts_count,errored,CG_sp_time_taken_mean,converged,CGIP_artificial,ngroute_neighborhood_size,time_limit_reached,CGIP_objective,CGLP_objective,CGLP_artificial,cycles_lookup_length
75.197,use_adaptive_ngroute,0.10471139879315894,0,false,3.080826086956521,false,false,8.0625,false,1.548974e6,1.3867787657657654e6,false,13
36.2,use_adaptive_ngroute,0.0971916911220605,0,false,7.1444,false,false,10.03125,false,1.548974e6,1.3984265974358974e6,false,6
30.217,use_adaptive_ngroute,0.09569508590847864,0,false,7.490000000000001,false,false,10.40625,false,1.548974e6,1.4007448000000003e6,false,3
52.306,use_adaptive_ngroute,0.08732193336477234,0,false,7.405285714285713,false,false,10.5,false,1.548974e6,1.4137145955882352e6,false,7
13.16,use_SR3_cuts,0.08703599931309425,5,false,6.504999999999999,false,false,10.84375,false,1.548974e6,1.414157499999999e6,false,0
83.385,use_adaptive_ngroute,0.08026126723987381,0,false,16.553600000000003,false,false,10.84375,false,1.548974e6,1.4246513838383837e6,false,6
46.481,use_adaptive_ngroute,0.07959744023115622,0,false,15.414333333333335,false,false,12.03125,false,1.548974e6,1.425679634615385e6,false,5
19.067,use_SR3_cuts,0.07953223773998308,5,false,19.012999999999998,false,false,12.25,false,1.548974e6,1.4257806315789474e6,false,0
49.423,use_adaptive_ngroute,0.078122184964585,0,false,16.386666666666667,false,false,12.25,false,1.548974e6,1.4279647666666668e6,false,2
70.889,use_SR3_cuts,0.07799549895608338,5,false,23.576666666666668,false,false,12.34375,false,1.548974e6,1.4281609999999998e6,false,0
77.228,use_SR3_cuts,0.07657154521949683,5,false,38.5475,false,false,12.34375,false,1.548974e6,1.430366667315175e6,false,0
163.237,use_adaptive_ngroute,0.07545790579931766,0,false,81.34049999999999,false,false,12.34375,false,1.548974e6,1.4320916658224077e6,false,1
78.734,use_SR3_cuts,0.07543170469572158,5,false,78.659,false,false,12.375,false,1.548974e6,1.4321322506506494e6,false,0
215.833,use_adaptive_ngroute,0.07500303712947376,0,false,71.83866666666667,false,false,12.375,false,1.548974e6,1.4327962455654105e6,false,2
146.353,use_SR3_cuts,0.07499923652152019,5,false,73.074,false,false,12.5,false,1.548974e6,1.4328021326083147e6,false,0
280.803,use_SR3_cuts,0.07439997777197949,5,false,93.53733333333334,false,false,12.5,false,1.548974e6,1.433730368830626e6,false,0
265.376,use_SR3_cuts,0.07403522311750621,5,false,132.5675,false,false,12.5,false,1.548974e6,1.434295364306784e6,false,0
313.965,use_SR3_cuts,0.07377968160478898,5,false,156.858,false,false,12.5,false,1.548974e6,1.4346911914659035e6,false,0
588.2,use_SR3_cuts,0.07365534291408482,5,false,195.94666666666666,false,false,12.5,false,1.548974e6,1.4348837888649984e6,false,0
411.821,use_SR3_cuts,0.07311130106731223,5,false,205.7585,false,false,12.5,false,1.548974e6,1.4357264955405612e6,false,0
541.346,none,0.07270683044843362,0,false,383.26300000000003,false,false,12.5,true,1.548974e6,1.436353010012968e6,false,0
