CG_time_taken,method,CG_LP_IP_gap,implemented_SR3_cuts_count,errored,CG_sp_time_taken_mean,converged,CGIP_artificial,ngroute_neighborhood_size,time_limit_reached,CGIP_objective,CGLP_objective,CGLP_artificial,cycles_lookup_length
59.422,use_adaptive_ngroute,0.06521106920971709,0,false,2.8514999999999997,false,false,8.0625,false,1.510306e6,1.411817330906149e6,false,9
34.556,use_adaptive_ngroute,0.06230733563737578,0,false,6.866599999999999,false,false,9.46875,false,1.510306e6,1.4162028571428575e6,false,4
76.919,use_adaptive_ngroute,0.06181837424896741,0,false,12.760166666666668,false,false,10.40625,false,1.510306e6,1.416941338461539e6,false,5
28.879,use_adaptive_ngroute,0.061392187337459214,0,false,14.411999999999999,false,false,10.65625,false,1.510306e6,1.4175850111111114e6,false,2
47.232,use_SR3_cuts,0.06133144541569702,5,false,15.706,false,false,10.78125,false,1.510306e6,1.4176767500000002e6,false,0
112.578,use_adaptive_ngroute,0.058025965997466455,0,false,22.473599999999998,false,false,10.78125,false,1.510306e6,1.4226690353982304e6,false,1
70.834,use_SR3_cuts,0.057943697691536844,5,false,23.575333333333333,false,false,10.96875,false,1.510306e6,1.4227932857142857e6,false,0
123.733,use_SR3_cuts,0.05544768165665437,5,false,41.114,false,false,10.96875,false,1.510306e6,1.426563033707865e6,false,0
112.64,use_adaptive_ngroute,0.04779680572621425,0,false,37.461,false,false,10.96875,false,1.510306e6,1.4381181975308643e6,false,3
87.602,use_SR3_cuts,0.046945260320314874,5,false,29.110333333333337,false,false,11.09375,false,1.510306e6,1.4394042916666665e6,false,0
445.5,use_SR3_cuts,0.041056742993154094,5,false,111.10825,false,false,11.09375,false,1.510306e6,1.4482977547169814e6,false,0
257.976,use_SR3_cuts,0.04042564644882696,5,false,85.90466666666667,false,false,11.09375,false,1.510306e6,1.449250903614458e6,false,0
452.289,use_SR3_cuts,0.040091287165504697,5,false,150.68833333333333,false,false,11.09375,false,1.510306e6,1.4497558884462153e6,false,0
422.324,use_SR3_cuts,0.039869801583893416,5,false,211.096,false,false,11.09375,false,1.510306e6,1.4500903994490362e6,false,0
446.409,use_SR3_cuts,0.039618281843374015,5,false,223.129,false,false,11.09375,false,1.510306e6,1.4504702712222612e6,false,0
810.134,none,0.039166381905990644,0,false,272.7165,false,false,11.09375,true,1.510306e6,1.4511527784090908e6,false,0
