CG_time_taken,method,CG_LP_IP_gap,implemented_SR3_cuts_count,errored,CG_sp_time_taken_mean,converged,CGIP_artificial,ngroute_neighborhood_size,time_limit_reached,CGIP_objective,CGLP_objective,CGLP_artificial,cycles_lookup_length
47.787,use_adaptive_ngroute,0.08596298187815232,0,false,2.0044545454545455,false,false,8.0625,false,1.460991e6,1.3353998571428563e6,false,10
16.472,use_adaptive_ngroute,0.08171325718867073,0,false,3.1882,false,false,9.0,false,1.460991e6,1.3416086666666667e6,false,6
14.48,use_adaptive_ngroute,0.07937721724500679,0,false,3.5517499999999997,false,false,9.1875,false,1.460991e6,1.3450216000000003e6,false,5
17.207,use_adaptive_ngroute,0.07799792930091476,0,false,2.806666666666667,false,false,9.375,false,1.460991e6,1.3470367272727273e6,false,1
5.729,use_SR3_cuts,0.07766972577195985,5,false,2.8225,false,false,9.40625,false,1.4609909792391262e6,1.3475162105263162e6,false,0
49.701,use_adaptive_ngroute,0.06046025517058784,0,false,12.316249999999998,false,false,9.40625,false,1.449525e6,1.3618863486238536e6,false,3
22.365,use_SR3_cuts,0.05902933719666814,5,false,11.1235,false,false,9.5,false,1.449525e6,1.3639604999999995e6,false,0
36.822,use_adaptive_ngroute,0.05803513219847878,0,false,12.172666666666668,false,false,9.5,false,1.449525e6,1.365401625e6,false,1
51.124,use_adaptive_ngroute,0.05682127321750652,0,false,16.968666666666667,false,false,9.625,false,1.449525e6,1.3671611439393938e6,false,4
32.267,use_SR3_cuts,0.05643302388532001,5,false,16.074,false,false,10.25,false,1.449525e6,1.3677239210526315e6,false,0
168.14,use_SR3_cuts,0.05257617059672004,5,false,33.4508,false,false,10.25,false,1.449525e6,1.3733145263157894e6,false,0
131.791,use_SR3_cuts,0.051257273934564584,5,false,43.88400000000001,false,false,10.25,false,1.449525e6,1.3752263000000003e6,false,0
119.556,use_SR3_cuts,0.0500748521067238,5,false,59.7025,false,false,10.25,false,1.449525e6,1.3769402500000012e6,false,0
46.729,use_SR3_cuts,0.05007485210672458,4,false,46.675999999999995,false,false,10.25,false,1.449525e6,1.37694025e6,false,0
384.153,use_SR3_cuts,0.048981236139969964,5,false,95.87725000000002,false,false,10.25,false,1.449525e6,1.37852547368421e6,false,0
319.617,use_SR3_cuts,0.0027536767123849115,5,false,159.2795,false,false,10.25,false,1.383641e6,1.379830899999999e6,false,0
344.141,use_SR3_cuts,0.0025693080791908685,5,false,171.974,false,false,10.25,false,1.383641e6,1.3800860000000002e6,false,0
287.958,use_adaptive_ngroute,0.002235035306474842,0,false,143.90400000000002,false,false,10.25,false,1.383641e6,1.3805485135135138e6,false,3
665.301,use_SR3_cuts,0.0019600334253581098,5,false,221.58100000000002,false,false,10.40625,false,1.383641e6,1.380929017391304e6,false,0
407.437,use_SR3_cuts,0.0017186036224583479,5,false,203.609,false,false,10.40625,false,1.383641e6,1.3812630695652182e6,false,0
414.103,none,0.001013396155930768,0,false,NaN,false,false,10.40625,true,1.383641e6,1.3822388235294118e6,false,0
