CG_time_taken,method,CG_LP_IP_gap,implemented_SR3_cuts_count,errored,CG_sp_time_taken_mean,converged,CGIP_artificial,ngroute_neighborhood_size,time_limit_reached,CGIP_objective,CGLP_objective,CGLP_artificial,cycles_lookup_length
2.255,use_adaptive_ngroute,0.14688383867372012,0,false,0.079,false,false,6.0,false,1.707419e6,1.4566267430555555e6,false,23
2.498,use_adaptive_ngroute,0.04877223530500796,0,false,0.2507777777777778,false,false,8.285714285714285,false,1.594894e6,1.5171074545454546e6,false,8
1.277,use_adaptive_ngroute,0.0432071347688312,0,false,0.304,false,false,8.642857142857142,false,1.594894e6,1.5259831999999997e6,false,1
0.64,use_adaptive_ngroute,0.04197507605791684,0,false,0.3095,false,false,8.678571428571429,false,1.594894e6,1.5279482030456848e6,false,3
0.699,use_lmSR3_cuts,0.04163656258419279,5,false,0.3355,false,false,8.857142857142858,false,1.594894e6,1.5284880961538465e6,false,0
1.265,use_lmSR3_cuts,0.037435591330834406,5,false,0.4096666666666667,false,false,8.857142857142858,false,1.594894e6,1.5351882000000002e6,false,0
1.769,use_adaptive_ngroute,0.03569730263773241,0,false,0.4325,false,false,8.857142857142858,false,1.594894e6,1.5379605862068965e6,false,2
1.442,use_lmSR3_cuts,0.033016016923541947,5,false,0.4683333333333333,false,false,9.035714285714286,false,1.590526e6,1.5380131666666665e6,false,0
2.083,use_adaptive_ngroute,0.030516591638509838,0,false,0.6336666666666666,false,false,9.035714285714286,false,1.590526e6,1.5419885675675676e6,false,1
0.553,use_adaptive_ngroute,0.03046981081465472,0,false,0.539,false,false,9.071428571428571,false,1.590526e6,1.5420629736842106e6,false,1
0.584,use_lmSR3_cuts,0.030445274079141216,5,false,0.5730000000000001,false,false,9.107142857142858,false,1.590526e6,1.5421019999999998e6,false,0
1.555,use_adaptive_ngroute,0.026883867979882625,0,false,0.721,false,false,9.107142857142858,false,1.590526e6,1.5477665089974292e6,false,6
2.674,use_adaptive_ngroute,0.026757269817238916,0,false,0.658,false,false,9.464285714285714,false,1.590526e6,1.5479678666666662e6,false,2
1.53,use_lmSR3_cuts,0.026752825058997676,5,false,0.7535000000000001,false,false,9.607142857142858,false,1.590526e6,1.5479749361702127e6,false,0
3.718,use_lmSR3_cuts,0.026518145569452867,5,false,0.7073999999999999,false,false,9.607142857142858,false,1.590526e6,1.5483482000000004e6,false,0
4.735,use_lmSR3_cuts,0.007968421183707441,5,false,0.8974000000000001,false,false,9.607142857142858,false,1.561525e6,1.5490821111111112e6,false,0
3.936,use_lmSR3_cuts,0.006353020284657562,5,false,0.9657500000000001,false,false,9.607142857142858,false,1.561525e6,1.5516046e6,false,0
2.033,use_adaptive_ngroute,0.006290155645357953,0,false,0.996,false,false,9.607142857142858,false,1.561525e6,1.5517027647058824e6,false,1
4.472,use_adaptive_ngroute,0.006189398184467176,0,false,1.0990000000000002,false,false,9.678571428571429,false,1.561525e6,1.5518600999999999e6,false,1
1.063,use_lmSR3_cuts,0.006134857484403233,5,false,1.041,false,false,9.714285714285715,false,1.561525e6,1.5519452666666673e6,false,0
3.47,use_lmSR3_cuts,0.005339265286444461,5,false,1.1383333333333334,false,false,9.714285714285715,false,1.561525e6,1.5531876037735848e6,false,0
3.668,use_adaptive_ngroute,0.005087624068723429,0,false,1.17,false,false,9.714285714285715,false,1.561525e6,1.5535805478260866e6,false,6
3.651,use_lmSR3_cuts,0.00498615135844771,2,false,1.8114999999999999,false,false,9.964285714285714,false,1.561525e6,1.553739e6,false,0
5.609,use_lmSR3_cuts,0.004986151358447821,2,false,1.8196666666666668,false,false,9.964285714285714,false,1.561525e6,1.5537389999999998e6,false,0
5.652,use_adaptive_ngroute,0.004841543405963655,0,false,1.8673333333333333,false,false,9.964285714285714,false,1.561525e6,1.5539648089330026e6,false,1
1.809,use_lmSR3_cuts,0.004841255017205115,5,false,1.787,false,false,10.0,false,1.561525e6,1.5539652592592589e6,false,0
3.724,use_adaptive_ngroute,0.004499327580410162,0,false,1.828,false,false,10.0,false,1.561525e6,1.5544991875e6,false,1
3.86,use_lmSR3_cuts,0.004478968209495893,5,false,1.9115,false,false,10.142857142857144,false,1.561525e6,1.554530979166667e6,false,0
5.798,use_lmSR3_cuts,0.004337431442716255,5,false,1.9180000000000004,false,false,10.142857142857144,false,1.561525e6,1.5547519923664124e6,false,0
5.78,use_adaptive_ngroute,0.004146948017279439,0,false,1.8953333333333333,false,false,10.142857142857144,false,1.561525e6,1.5550494369973177e6,false,1
2.143,use_lmSR3_cuts,0.004125088340838912,5,false,2.113,false,false,10.178571428571429,false,1.561525e6,1.5550835714285716e6,false,0
2.172,use_lmSR3_cuts,0.004025464046427896,5,false,2.1439999999999997,false,false,10.178571428571429,false,1.561525e6,1.5552391372549017e6,false,0
3.835,use_lmSR3_cuts,0.003960508280243635,4,false,1.8855,false,false,10.178571428571429,false,1.561525e6,1.5553405673076925e6,false,0
6.604,use_lmSR3_cuts,0.003867075590379576,5,false,2.1756666666666664,false,false,10.178571428571429,false,1.561525e6,1.5554864647887326e6,false,0
6.601,use_lmSR3_cuts,0.003817788014005674,4,false,2.171,false,false,10.178571428571429,false,1.561525e6,1.5555634285714298e6,false,0
4.589,use_lmSR3_cuts,0.0038177880140065623,1,false,2.2654999999999994,false,false,10.178571428571429,false,1.561525e6,1.5555634285714284e6,false,0
2.488,use_lmSR3_cuts,0.0038177880140071174,2,false,2.451,false,false,10.178571428571429,false,1.561525e6,1.5555634285714275e6,false,0
4.99,use_lmSR3_cuts,0.0038177880140061182,1,false,2.4235,false,false,10.178571428571429,false,1.561525e6,1.555563428571429e6,false,0
2.537,none,0.003817788014005674,0,false,2.5010000000000003,false,false,10.178571428571429,false,1.561525e6,1.5555634285714298e6,false,0
