CG_time_taken,method,CG_LP_IP_gap,implemented_SR3_cuts_count,errored,CG_sp_time_taken_mean,converged,CGIP_artificial,ngroute_neighborhood_size,time_limit_reached,CGIP_objective,CGLP_objective,CGLP_artificial,cycles_lookup_length
59.466,use_adaptive_ngroute,0.12015059666728123,0,false,2.530545454545454,false,false,8.0625,false,1.534141e6,1.3498130434782605e6,false,6
14.346,use_adaptive_ngroute,0.044213057069954376,0,false,2.3003333333333336,false,false,8.5625,false,1.422036e6,1.3591634411764704e6,false,2
12.412,use_SR3_cuts,0.010468340202323123,5,false,3.0567499999999996,false,false,9.0,false,1.37375e6,1.3593691176470586e6,false,0
16.627,use_SR3_cuts,0.008336305732483895,5,false,5.503666666666668,false,false,9.0,false,1.37375e6,1.3622980000000002e6,false,0
22.896,use_adaptive_ngroute,0.006064087962767473,0,false,7.564333333333334,false,false,9.0,false,1.37375e6,1.3654194591611482e6,false,15
61.559,use_adaptive_ngroute,0.003910988374682733,0,false,12.1532,false,false,10.71875,false,1.37375e6,1.3683772797202796e6,false,2
48.467,use_adaptive_ngroute,0.0035088395215162604,0,false,16.109666666666666,false,false,10.78125,false,1.37375e6,1.368929731707317e6,false,1
45.842,use_SR3_cuts,0.003456489857089129,5,false,15.238333333333333,false,false,11.125,false,1.37375e6,1.3690016470588238e6,false,0
86.615,none,2.220446049250313e-16,0,false,21.540999999999997,true,false,11.125,false,1.370502e6,1.3705019999999998e6,false,0
