CG_time_taken,method,CG_LP_IP_gap,implemented_SR3_cuts_count,errored,CG_sp_time_taken_mean,converged,CGIP_artificial,ngroute_neighborhood_size,time_limit_reached,CGIP_objective,CGLP_objective,CGLP_artificial,cycles_lookup_length
52.211,use_adaptive_ngroute,0.015095896628928074,0,false,2.0485652173913045,false,false,8.0625,false,1.370502e6,1.3498130434782607e6,false,6
12.717,use_adaptive_ngroute,0.008273288782890797,0,false,1.5041250000000002,false,false,8.5625,false,1.370502e6,1.3591634411764706e6,false,2
4.984,use_SR3_cuts,0.008123214962795555,6,false,1.6310000000000002,false,false,9.0,false,1.370502e6,1.3593691176470588e6,false,0
37.774,use_adaptive_ngroute,0.0036335246566504553,0,false,6.1866666666666665,false,false,9.0,false,1.370502e6,1.3655222471910112e6,false,5
15.398,use_SR3_cuts,0.0030398836825238362,7,false,7.6655,false,false,9.53125,false,1.370502e6,1.3663358333333337e6,false,0
148.457,use_adaptive_ngroute,0.00190912839653945,0,false,35.36725,false,false,9.53125,false,1.370502e6,1.367885535714286e6,false,4
113.335,use_SR3_cuts,0.0018704095287712663,3,false,36.48566666666667,false,false,10.125,false,1.370502e6,1.3679385999999999e6,false,0
246.889,use_adaptive_ngroute,0.0008979413636628353,0,false,61.46574999999999,false,false,10.125,false,1.370502e6,1.3692713695652173e6,false,4
176.079,use_SR3_cuts,0.0008890258932170436,10,false,58.620000000000005,false,false,10.3125,false,1.370502e6,1.3692835882352942e6,false,0
143.654,none,3.3306690738754696e-16,0,false,35.658,true,false,10.3125,false,1.370502e6,1.3705019999999995e6,false,0
