CG_time_taken,method,CG_LP_IP_gap,implemented_SR3_cuts_count,errored,CG_sp_time_taken_mean,converged,CGIP_artificial,ngroute_neighborhood_size,time_limit_reached,CGIP_objective,CGLP_objective,CGLP_artificial,cycles_lookup_length
71.085,use_adaptive_ngroute,0.1256657846578615,0,false,3.192761904761905,false,false,8.0625,false,1.531103e6,1.3386957401129943e6,false,15
75.472,use_adaptive_ngroute,0.038782357915535526,0,false,7.4151,false,false,10.1875,false,1.423772e6,1.3685547647058822e6,false,5
24.79,use_SR3_cuts,0.013051448946297173,5,false,8.224666666666666,false,false,10.65625,false,1.38733e6,1.3692233333333335e6,false,0
92.327,use_adaptive_ngroute,0.008157180144541587,0,false,15.314333333333334,false,false,10.65625,false,1.38733e6,1.3760132992700732e6,false,2
31.328,use_SR3_cuts,0.00793971341423172,5,false,15.6165,false,false,11.0,false,1.38733e6,1.376314997389034e6,false,0
62.04,use_adaptive_ngroute,0.0029509163190033494,0,false,20.58166666666667,false,false,11.0,false,1.38733e6,1.383236105263157e6,false,1
50.95,use_SR3_cuts,0.002855214692971564,5,false,24.9475,false,false,11.375000000000002,false,1.38733e6,1.3833688749999998e6,false,0
174.858,use_SR3_cuts,0.001171603007215194,5,false,43.57925,false,false,11.375000000000002,false,1.38733e6,1.3857046e6,false,0
96.562,use_SR3_cuts,0.0003052727586263515,5,false,48.181999999999995,false,false,11.375000000000002,false,1.38733e6,1.386906485943775e6,false,0
113.623,none,9.992007221626409e-16,0,false,56.538500000000006,true,false,11.375000000000002,false,1.38733e6,1.3873299999999986e6,false,0
