CG_time_taken,method,CG_LP_IP_gap,implemented_SR3_cuts_count,errored,CG_sp_time_taken_mean,converged,CGIP_artificial,ngroute_neighborhood_size,time_limit_reached,CGIP_objective,CGLP_objective,CGLP_artificial,cycles_lookup_length
86.559,use_adaptive_ngroute,0.19379288628566127,0,false,3.593478260869565,false,false,8.0625,false,1.811768e6,1.46066025e6,false,11
92.895,use_adaptive_ngroute,0.17984468626362637,0,false,11.505,false,false,9.09375,false,1.793092e6,1.4706139318181816e6,false,14
27.555,use_adaptive_ngroute,0.09585275913960245,0,false,6.7835,false,false,10.5,false,1.641703e6,1.4843412377622372e6,false,11
93.725,use_adaptive_ngroute,0.09103302873578367,0,false,13.341285714285712,false,false,11.0,false,1.641703e6,1.4922538036253778e6,false,2
35.358,use_adaptive_ngroute,0.08682414358093238,0,false,8.806,false,false,11.25,false,1.641703e6,1.4991635430107526e6,false,1
52.582,use_adaptive_ngroute,0.08594435845649973,0,false,8.717666666666666,false,false,11.281250000000002,false,1.641703e6,1.500607888888889e6,false,2
8.572,use_SR3_cuts,0.08580695341771061,5,false,8.539,false,false,11.343750000000002,false,1.641703e6,1.5008334671532842e6,false,0
161.903,use_adaptive_ngroute,0.07153698404215592,0,false,53.885666666666665,false,false,11.343750000000002,false,1.624196e6,1.5080059166666665e6,false,2
95.7,use_SR3_cuts,0.07136143849816323,5,false,47.8065,false,false,11.468749999999998,false,1.624196e6,1.5082910370370373e6,false,0
260.789,use_adaptive_ngroute,0.038006815691567386,0,false,86.71733333333334,false,false,11.468749999999998,false,1.572886e6,1.5131056116941534e6,false,4
199.338,use_adaptive_ngroute,0.037962221711442146,0,false,99.57249999999999,false,false,11.625,false,1.572886e6,1.5131757529411765e6,false,3
73.028,use_SR3_cuts,0.03795353467023854,5,false,72.99199999999999,false,false,11.71875,false,1.572886e6,1.5131894166666672e6,false,0
287.605,use_SR3_cuts,0.036414431815147474,5,false,95.77199999999999,false,false,11.71875,false,1.572886e6,1.51561025e6,false,0
106.195,use_adaptive_ngroute,0.03566239260110404,0,false,106.153,false,false,11.71875,false,1.572886e6,1.5167931219512199e6,false,2
459.837,use_SR3_cuts,0.03565112658815495,5,false,153.21033333333335,false,false,11.78125,false,1.572886e6,1.5168108421052634e6,false,0
227.888,use_SR3_cuts,0.03489601590556857,5,false,113.8955,false,false,11.78125,false,1.572886e6,1.5179985451263539e6,false,0
1248.527,use_SR3_cuts,0.033129470891330115,5,false,248.983,false,false,11.78125,false,1.572886e6,1.5207771190476194e6,false,0
55.548,none,0.03244542931812133,0,false,NaN,false,false,11.78125,true,1.572886e6,1.5218530384615373e6,false,0
