CG_time_taken,method,CG_LP_IP_gap,implemented_SR3_cuts_count,errored,CG_sp_time_taken_mean,converged,CGIP_artificial,ngroute_neighborhood_size,time_limit_reached,CGIP_objective,CGLP_objective,CGLP_artificial,cycles_lookup_length
45.713,use_adaptive_ngroute,0.11840650089564408,0,false,1.8193478260869567,false,false,8.0625,false,1.669934e6,1.4722029583333335e6,false,12
18.402,use_adaptive_ngroute,0.0811652532221745,0,false,3.5676,false,false,9.59375,false,1.607067e6,1.4766289999999998e6,false,2
7.698,use_adaptive_ngroute,0.08113134051038318,0,false,2.493,false,false,9.6875,false,1.607067e6,1.4766835e6,false,4
12.089,use_adaptive_ngroute,0.08109252966950253,0,false,3.9836666666666667,false,false,9.875,false,1.607067e6,1.4767458716216215e6,false,1
3.443,use_SR3_cuts,0.08108043687316335,5,false,3.413,false,false,9.90625,false,1.607067e6,1.476765305555556e6,false,0
87.097,use_SR3_cuts,0.07169800636812285,3,false,14.389500000000002,false,false,9.90625,false,1.607067e6,1.4918435e6,false,0
92.541,use_adaptive_ngroute,0.043315968826913354,0,false,23.00925,false,false,9.90625,false,1.564885e6,1.4971004901222957e6,false,6
37.135,use_adaptive_ngroute,0.04250974984528766,0,false,18.525,false,false,10.78125,false,1.564885e6,1.498362130113357e6,false,1
44.869,use_SR3_cuts,0.04248908882265323,5,false,22.2945,false,false,10.8125,false,1.564885e6,1.4983944622377623e6,false,0
81.933,use_SR3_cuts,0.03868250169607779,5,false,27.192,false,false,10.8125,false,1.564885e6,1.5043513333333333e6,false,0
178.201,use_adaptive_ngroute,0.036067488124588376,0,false,44.4415,false,false,10.8125,false,1.564885e6,1.5084435288461535e6,false,3
195.677,use_adaptive_ngroute,0.03533228213787831,0,false,65.12833333333332,false,false,10.9375,false,1.564885e6,1.5095940416666663e6,false,1
145.455,use_SR3_cuts,0.03533112656840598,5,false,72.6545,false,false,10.96875,false,1.564885e6,1.50959585e6,false,0
465.212,use_SR3_cuts,0.03442819546910281,5,false,116.16675000000001,false,false,10.96875,false,1.564885e6,1.511008833333333e6,false,0
286.013,use_SR3_cuts,0.0340378579469629,5,false,142.94199999999998,false,false,10.96875,false,1.564885e6,1.511619666666667e6,false,0
274.949,use_SR3_cuts,0.03370530741875566,5,false,137.39950000000002,false,false,10.96875,false,1.564885e6,1.5121400700000005e6,false,0
685.713,none,0.0016442506650898858,0,false,228.38566666666668,false,false,10.96875,false,1.515584e6,1.5130920000000005e6,false,0
