CG_time_taken,method,CG_LP_IP_gap,implemented_SR3_cuts_count,errored,CG_sp_time_taken_mean,converged,CGIP_artificial,ngroute_neighborhood_size,time_limit_reached,CGIP_objective,CGLP_objective,CGLP_artificial,cycles_lookup_length
26.931,use_adaptive_ngroute,0.097012973537704,0,false,1.1664500000000002,false,false,8.0625,false,1.63037e6,1.4722029583333335e6,false,13
9.842,use_adaptive_ngroute,0.09429822678287769,0,false,1.9031999999999998,false,false,9.71875,false,1.63037e6,1.4766289999999998e6,false,2
3.498,use_adaptive_ngroute,0.0942647987880052,0,false,1.6985,false,false,9.8125,false,1.63037e6,1.4766835e6,false,4
6.847,use_adaptive_ngroute,0.09422654267336783,0,false,2.195333333333333,false,false,10.0,false,1.63037e6,1.4767458716216213e6,false,1
4.039,use_SR3_cuts,0.0942146227202687,9,false,1.974,false,false,10.03125,false,1.63037e6,1.4767653055555555e6,false,0
61.123,use_adaptive_ngroute,0.011489486412641914,0,false,14.8555,false,false,10.03125,false,1.516704e6,1.4992778500000003e6,false,2
54.673,use_SR3_cuts,0.01139962520231852,2,false,13.380500000000001,false,false,10.34375,false,1.516704e6,1.4994141428571427e6,false,0
38.191,use_SR3_cuts,0.010716659282232865,1,false,18.992,false,false,10.34375,false,1.516704e6,1.5004500000000002e6,false,0
131.503,use_SR3_cuts,0.010582816422980312,1,false,42.48800000000001,false,false,10.34375,false,1.516704e6,1.500653e6,false,0
115.333,use_SR3_cuts,0.010055722374191833,1,false,28.76925,false,false,10.34375,false,1.516704e6,1.5014524456521738e6,false,0
173.247,use_SR3_cuts,0.010039478901763044,10,false,57.648,false,false,10.34375,false,1.516704e6,1.5014770821917804e6,false,0
133.755,use_adaptive_ngroute,0.0063794829011085685,0,false,33.339,false,false,10.34375,false,1.516704e6,1.507028212765957e6,false,6
183.353,use_adaptive_ngroute,0.005552843027227805,0,false,60.92100000000001,false,false,10.84375,false,1.516704e6,1.5082819807692314e6,false,6
170.047,use_adaptive_ngroute,0.005293169013936727,0,false,84.81200000000001,false,false,11.09375,false,1.516704e6,1.5086758293838862e6,false,3
48.444,use_SR3_cuts,0.005280353893025946,6,false,48.332,false,false,11.1875,false,1.516704e6,1.508695266129032e6,false,0
575.901,use_SR3_cuts,0.005008760082133579,10,false,143.5825,false,false,11.1875,false,1.516704e6,1.5091071935483876e6,false,0
409.857,use_SR3_cuts,0.0037349080638007237,10,false,98.57799999999999,false,false,11.1875,false,1.516704e6,1.5110392500000012e6,false,0
669.782,use_SR3_cuts,0.002537235203842636,1,false,223.094,false,false,11.1875,false,1.516704e6,1.512855765217391e6,false,0
757.97,none,0.0024969915738785042,0,false,307.15,false,false,11.1875,true,1.516704e6,1.5129168028919322e6,false,0
