CG_time_taken,method,CG_LP_IP_gap,implemented_SR3_cuts_count,errored,CG_sp_time_taken_mean,converged,CGIP_artificial,ngroute_neighborhood_size,time_limit_reached,CGIP_objective,CGLP_objective,CGLP_artificial,cycles_lookup_length
118.533,use_adaptive_ngroute,0.01892358295724017,0,false,4.53728,false,false,8.0625,false,1.34575e6,1.320283588235294e6,false,5
32.892,use_adaptive_ngroute,0.007777373211963479,0,false,6.4738000000000016,false,false,8.65625,false,1.34575e6,1.3352836e6,false,2
33.175,use_adaptive_ngroute,0.005592371044646938,0,false,8.21275,false,false,8.78125,false,1.34575e6,1.3382240666666664e6,false,1
35.067,use_adaptive_ngroute,0.004949284785435437,0,false,8.70925,false,false,8.90625,false,1.34575e6,1.3390895000000002e6,false,1
24.643,use_SR3_cuts,0.004838194315437305,5,false,8.159333333333333,false,false,9.09375,false,1.34575e6,1.3392390000000002e6,false,0
86.552,none,0.0,0,false,28.683999999999997,true,false,9.09375,false,1.34575e6,1.34575e6,false,0
