CG_time_taken,method,CG_LP_IP_gap,implemented_SR3_cuts_count,errored,CG_sp_time_taken_mean,converged,CGIP_artificial,ngroute_neighborhood_size,time_limit_reached,CGIP_objective,CGLP_objective,CGLP_artificial,cycles_lookup_length
62.599,use_adaptive_ngroute,0.14460152123093073,0,false,2.6969545454545454,false,false,8.0625,false,1.593235e6,1.362850795321638e6,false,12
23.106,use_adaptive_ngroute,0.016147146861070882,0,false,2.818,false,false,9.5625,false,1.396129e6,1.3735855e6,false,1
13.716,use_SR3_cuts,0.014883653301378308,2,false,3.3862499999999995,false,false,9.59375,false,1.396129e6,1.3753495e6,false,0
31.954,use_adaptive_ngroute,0.014577584799749022,0,false,7.95325,false,false,9.59375,false,1.396129e6,1.3757768111111112e6,false,8
50.703,use_adaptive_ngroute,0.01108439836146946,0,false,8.401166666666665,false,false,10.34375,false,1.396129e6,1.38065375e6,false,3
48.273,use_adaptive_ngroute,0.009546781466138632,0,false,8.015666666666666,false,false,10.4375,false,1.396129e6,1.3828004615384613e6,false,1
18.201,use_adaptive_ngroute,0.00954678146613852,0,false,9.071000000000002,false,false,10.53125,false,1.396129e6,1.3828004615384615e6,false,1
9.24,use_adaptive_ngroute,0.009515089710855129,0,false,9.219,false,false,10.5625,false,1.396129e6,1.3828447073170736e6,false,3
19.851,use_SR3_cuts,0.009511625732105733,5,false,9.896999999999998,false,false,10.75,false,1.396129e6,1.382849543478261e6,false,0
70.74,none,0.004958710835460067,0,false,14.085,false,false,10.75,false,1.396129e6,1.389206e6,false,0
