CG_time_taken,method,CG_LP_IP_gap,implemented_SR3_cuts_count,errored,CG_sp_time_taken_mean,converged,CGIP_artificial,ngroute_neighborhood_size,time_limit_reached,CGIP_objective,CGLP_objective,CGLP_artificial,cycles_lookup_length
77.678,use_adaptive_ngroute,0.07784488025520686,0,false,3.543333333333333,false,false,8.0625,false,1.63163e6,1.5046159580291968e6,false,14
26.08,use_adaptive_ngroute,0.07538088662833053,0,false,5.155,false,false,9.03125,false,1.63163e6,1.508636283950617e6,false,9
10.355,use_SR3_cuts,0.07455516109657212,5,false,5.1365,false,false,9.9375,false,1.63163e6,1.5099835625e6,false,0
143.56,use_adaptive_ngroute,0.026615715736657886,0,false,14.236,false,false,9.9375,false,1.573614e6,1.5317311370967748e6,false,5
58.351,use_adaptive_ngroute,0.02562372801897883,0,false,14.542000000000002,false,false,10.1875,false,1.573614e6,1.5332921428571427e6,false,3
31.551,use_SR3_cuts,0.025223813117159044,5,false,15.7355,false,false,10.40625,false,1.573614e6,1.5339214545454548e6,false,0
51.292,use_SR3_cuts,0.02491146941819078,5,false,17.032999999999998,false,false,10.40625,false,1.573614e6,1.5344129629629632e6,false,0
110.365,use_SR3_cuts,0.024523803169010927,5,false,36.705666666666666,false,false,10.40625,false,1.573614e6,1.535023e6,false,0
112.988,use_SR3_cuts,0.022918331265746272,5,false,37.55966666666667,false,false,10.40625,false,1.573614e6,1.5375493930635839e6,false,0
228.936,use_SR3_cuts,0.021839445469382768,5,false,45.722,false,false,10.40625,false,1.573614e6,1.5392471428571427e6,false,0
175.177,use_adaptive_ngroute,0.020996491727535038,0,false,58.274,false,false,10.40625,false,1.573614e6,1.5405736266666667e6,false,1
112.678,use_SR3_cuts,0.020908152260408874,5,false,56.285,false,false,10.4375,false,1.573614e6,1.540712638888889e6,false,0
243.19,use_SR3_cuts,0.02010787206106901,5,false,80.95166666666667,false,false,10.4375,false,1.573614e6,1.541971971014493e6,false,0
295.678,use_SR3_cuts,0.01952292475074824,5,false,98.48933333333333,false,false,10.4375,false,1.573614e6,1.542892452291276e6,false,0
284.296,use_SR3_cuts,0.018766143836204785,1,false,142.0165,false,false,10.4375,false,1.573614e6,1.5440833333333344e6,false,0
274.486,use_SR3_cuts,0.01841952974811978,5,false,137.14399999999998,false,false,10.4375,false,1.573614e6,1.5446287701149422e6,false,0
1340.133,use_adaptive_ngroute,0.017982987299006714,0,false,223.26166666666668,false,false,10.4375,false,1.573614e6,1.5453157194244608e6,false,2
14.123,none,0.01772052747048669,0,false,NaN,false,false,10.71875,true,1.573614e6,1.5457287298850575e6,false,0
