CG_time_taken,method,CG_LP_IP_gap,implemented_SR3_cuts_count,errored,CG_sp_time_taken_mean,converged,CGIP_artificial,ngroute_neighborhood_size,time_limit_reached,CGIP_objective,CGLP_objective,CGLP_artificial,cycles_lookup_length
38.796,use_adaptive_ngroute,0.11701096886026796,0,false,1.8014999999999999,false,false,8.0625,false,1.704003e6,1.5046159580291968e6,false,14
15.821,use_adaptive_ngroute,0.07538088662833053,0,false,2.5585,false,false,9.03125,false,1.63163e6,1.508636283950617e6,false,9
11.782,use_SR3_cuts,0.07455516109657212,7,false,2.9082500000000002,false,false,9.9375,false,1.63163e6,1.5099835625e6,false,0
106.127,use_adaptive_ngroute,0.026469960231670364,0,false,14.791999999999998,false,false,9.9375,false,1.573614e6,1.5319605000000002e6,false,5
49.416,use_adaptive_ngroute,0.025233563560624672,0,false,16.410000000000004,false,false,10.1875,false,1.573614e6,1.5339061111111112e6,false,3
39.035,use_SR3_cuts,0.024421490912002408,2,false,12.964,false,false,10.40625,false,1.573614e6,1.5351840000000002e6,false,0
22.419,use_SR3_cuts,0.02403448367897043,1,false,11.134,false,false,10.40625,false,1.573614e6,1.5357930000000007e6,false,0
26.636,use_SR3_cuts,0.023556689482704396,1,false,13.1525,false,false,10.40625,false,1.573614e6,1.5365448636363635e6,false,0
54.694,use_SR3_cuts,0.023367229828915925,10,false,18.011333333333333,false,false,10.40625,false,1.573614e6,1.5368430000000002e6,false,0
154.9,use_SR3_cuts,0.02175247551178383,10,false,38.6585,false,false,10.40625,false,1.573614e6,1.5393839999999998e6,false,0
102.432,use_SR3_cuts,0.021409951868755717,10,false,33.86666666666666,false,false,10.40625,false,1.573614e6,1.5399229999999998e6,false,0
177.266,use_SR3_cuts,0.019300197273765307,3,false,44.177749999999996,false,false,10.40625,false,1.57311e6,1.542748666666667e6,false,0
132.715,use_SR3_cuts,0.019280024918791328,10,false,66.252,false,false,10.40625,false,1.57311e6,1.5427804000000001e6,false,0
66.754,use_SR3_cuts,0.018688648600542757,2,false,66.634,false,false,10.40625,false,1.57311e6,1.5437107000000002e6,false,0
142.146,use_SR3_cuts,0.01865999199038948,10,false,70.98100000000001,false,false,10.40625,false,1.57311e6,1.5437557799999984e6,false,0
672.125,use_SR3_cuts,0.017463405864815762,1,false,167.4665,false,false,10.40625,false,1.57311e6,1.5456381415999997e6,false,0
419.162,use_SR3_cuts,0.01727757989964185,3,false,209.48149999999998,false,false,10.40625,false,1.57311e6,1.5459304662840744e6,false,0
214.58,use_SR3_cuts,0.017274429280330295,10,false,214.40699999999998,false,false,10.40625,false,1.57311e6,1.5459354225548196e6,false,0
1031.323,use_adaptive_ngroute,0.016969460587737628,0,false,343.5843333333334,false,false,10.40625,false,1.57311e6,1.546415171854824e6,false,5
94.589,none,0.016965903274556826,0,false,NaN,false,false,10.59375,true,1.57311e6,1.546420767899762e6,false,0
