CG_time_taken,method,CG_LP_IP_gap,implemented_SR3_cuts_count,errored,CG_sp_time_taken_mean,converged,CGIP_artificial,ngroute_neighborhood_size,time_limit_reached,CGIP_objective,CGLP_objective,CGLP_artificial,cycles_lookup_length
8.524,use_adaptive_ngroute,0.40181382592802994,0,false,0.20310526315789473,false,false,6.0,false,1.880004e6,1.1245924e6,false,28
9.749,use_adaptive_ngroute,0.1112774983118967,0,false,0.8236363636363636,false,false,8.321428571428571,false,1.444422e6,1.2836903333333335e6,false,9
10.06,use_adaptive_ngroute,0.09960333614414629,0,false,1.23275,false,false,9.357142857142858,false,1.444422e6,1.30055275e6,false,3
3.871,use_lmSR3_cuts,0.06164146012944627,2,false,0.939,false,false,9.464285714285714,false,1.387603e6,1.302069125e6,false,0
4.87,use_lmSR3_cuts,0.051417804660266686,10,false,1.6019999999999999,false,false,9.464285714285714,false,1.387603e6,1.3162555e6,false,0
5.851,use_adaptive_ngroute,0.04230334612998099,0,false,1.915,false,false,9.464285714285714,false,1.387603e6,1.32890275e6,false,8
6.141,use_adaptive_ngroute,0.041465750650582334,0,false,2.029333333333333,false,false,10.0,false,1.387603e6,1.330065e6,false,2
3.66,use_adaptive_ngroute,0.041458976378690005,0,false,1.814,false,false,10.107142857142858,false,1.387603e6,1.3300744000000006e6,false,1
4.356,use_lmSR3_cuts,0.04141530394500459,4,false,2.157,false,false,10.214285714285715,false,1.387603e6,1.3301349999999998e6,false,0
4.233,use_lmSR3_cuts,0.04056503673360945,1,false,2.0965,false,false,10.214285714285715,false,1.387603e6,1.3313148333333333e6,false,0
7.336,use_lmSR3_cuts,0.04036140019876011,2,false,2.429666666666667,false,false,10.214285714285715,false,1.387603e6,1.3315974e6,false,0
4.522,use_lmSR3_cuts,0.0389484600422455,1,false,2.2435,false,false,10.214285714285715,false,1.387603e6,1.333558e6,false,0
5.492,use_lmSR3_cuts,0.03890017533833523,1,false,2.7195,false,false,10.214285714285715,false,1.387603e6,1.333625e6,false,0
4.486,use_lmSR3_cuts,0.03890017533833523,10,false,2.223,false,false,10.214285714285715,false,1.387603e6,1.333625e6,false,0
21.764,use_adaptive_ngroute,0.009814360379700626,0,false,3.5768333333333335,false,false,10.214285714285715,false,1.352106e6,1.3388359444444445e6,false,1
12.44,use_lmSR3_cuts,0.00999527157387603,10,false,4.114333333333334,false,false,10.25,false,1.352106e6,1.3385913333333328e6,false,0
10.676,use_lmSR3_cuts,0.005094275152983552,4,false,3.5213333333333328,false,false,10.25,false,1.352106e6,1.345218e6,false,0
6.748,use_lmSR3_cuts,0.004197861723110652,2,false,3.3434999999999997,false,false,10.25,false,1.352106e6,1.3464300459770118e6,false,0
9.675,use_lmSR3_cuts,0.003409773346172762,10,false,3.1976666666666667,false,false,10.25,false,1.352106e6,1.3474956249999998e6,false,0
7.855,use_lmSR3_cuts,0.003675192625430257,10,false,3.895,false,false,10.25,false,1.352106e6,1.34713675e6,false,0
13.395,use_adaptive_ngroute,0.001243604309488,0,false,4.408666666666667,false,false,10.25,false,1.352106e6,1.3504245151515154e6,false,3
28.265,use_adaptive_ngroute,0.00156393291422674,0,false,5.6156,false,false,10.357142857142858,false,1.352106e6,1.3499913969230766e6,false,5
11.563,use_lmSR3_cuts,0.0014705084046623407,10,false,5.7385,false,false,10.785714285714286,false,1.352106e6,1.3501177167630056e6,false,0
12.424,use_lmSR3_cuts,0.0007395300937371729,1,false,6.1795,false,false,10.785714285714286,false,1.352106e6,1.3511060769230775e6,false,0
11.454,use_lmSR3_cuts,0.00022616623114746215,1,false,5.6725,false,false,10.785714285714286,false,1.352106e6,1.351800199281868e6,false,0
7.044,use_lmSR3_cuts,4.6360975689774264e-5,1,false,6.973000000000001,false,false,10.785714285714286,false,1.352106e6,1.352043315046604e6,false,0
7.604,use_lmSR3_cuts,3.4746841625188374e-5,10,false,7.495,false,false,10.785714285714286,false,1.352106e6,1.3520590185869576e6,false,0
15.624,none,2.886579864025407e-15,0,false,7.7045,true,false,10.785714285714286,false,1.352106e6,1.352105999999996e6,false,0
