CG_time_taken,method,CG_LP_IP_gap,implemented_SR3_cuts_count,errored,CG_sp_time_taken_mean,converged,CGIP_artificial,ngroute_neighborhood_size,time_limit_reached,CGIP_objective,CGLP_objective,CGLP_artificial,cycles_lookup_length
59.04,use_adaptive_ngroute,0.09819502815429149,0,false,2.5055454545454547,false,false,8.0625,false,1.627283e6,1.4674919000000001e6,false,11
27.995,use_SR3_cuts,0.08657475336347997,5,false,5.5302,false,false,9.46875,false,1.617014e6,1.4770214117647058e6,false,0
124.045,use_adaptive_ngroute,0.05580298105394377,0,false,20.471166666666665,false,false,9.46875,false,1.572095e6,1.4843674125000003e6,false,2
52.921,use_adaptive_ngroute,0.0554925170188274,0,false,17.574666666666666,false,false,9.71875,false,1.572095e6,1.4848554914572865e6,false,3
61.582,use_adaptive_ngroute,0.05532712717742916,0,false,15.356749999999998,false,false,10.15625,false,1.572095e6,1.4851154999999995e6,false,1
36.462,use_SR3_cuts,0.055327127177428825,5,false,18.182000000000002,false,false,10.1875,false,1.572095e6,1.4851155e6,false,0
128.416,use_SR3_cuts,0.038549695329220035,5,false,42.657999999999994,false,false,10.1875,false,1.554063e6,1.4941543448275863e6,false,0
289.245,use_adaptive_ngroute,0.022298787595312897,0,false,72.14075,false,false,10.1875,false,1.535863e6,1.5016151171875e6,false,2
148.929,use_adaptive_ngroute,0.02229467369392868,0,false,74.377,false,false,10.3125,false,1.535863e6,1.5016214355764217e6,false,2
199.857,use_SR3_cuts,0.022293530028137054,5,false,99.867,false,false,10.5625,false,1.535863e6,1.5016231920903954e6,false,0
782.147,use_SR3_cuts,0.020025425669364605,5,false,195.326,false,false,10.5625,false,1.535863e6,1.5051066896551726e6,false,0
512.586,use_adaptive_ngroute,0.019634854201469376,0,false,256.21250000000003,false,false,10.5625,false,1.535863e6,1.5057065539215687e6,false,1
599.726,use_SR3_cuts,0.019631082184920268,5,false,299.76050000000004,false,false,10.65625,false,1.535863e6,1.5057123472222218e6,false,0
568.338,none,0.018419870820673534,0,false,435.682,false,false,10.65625,true,1.535863e6,1.5075726019417478e6,false,0
