CG_time_taken,method,CG_LP_IP_gap,implemented_SR3_cuts_count,errored,CG_sp_time_taken_mean,converged,CGIP_artificial,ngroute_neighborhood_size,time_limit_reached,CGIP_objective,CGLP_objective,CGLP_artificial,cycles_lookup_length
181.444,use_adaptive_ngroute,0.12150846331480125,0,false,6.655384615384617,false,false,8.0625,false,1.409142e6,1.2379193209876544e6,false,12
89.434,use_adaptive_ngroute,0.11453210535205127,0,false,12.713999999999999,false,false,9.40625,false,1.409142e6,1.2477499999999998e6,false,3
61.148,use_adaptive_ngroute,0.11276586114892007,0,false,12.1524,false,false,9.59375,false,1.409142e6,1.2502388888888885e6,false,3
38.008,use_lmSR3_cuts,0.1122404034984883,5,false,12.613333333333333,false,false,9.875,false,1.409142e6,1.2509793333333333e6,false,0
131.611,use_adaptive_ngroute,0.10998664018079585,0,false,26.244000000000003,false,false,9.875,false,1.409142e6,1.254155205882353e6,false,4
208.621,use_adaptive_ngroute,0.037847482362489804,0,false,34.70516666666667,false,false,10.40625,false,1.306088e6,1.2566558574561405e6,false,7
42.984,use_lmSR3_cuts,0.03776378278447701,5,false,21.454,false,false,10.8125,false,1.306088e6,1.256765176470588e6,false,0
448.289,use_lmSR3_cuts,0.035875844405907076,5,false,74.5345,false,false,10.8125,false,1.306088e6,1.2592309901315777e6,false,0
362.392,use_adaptive_ngroute,0.031520757731998694,0,false,72.3766,false,false,10.8125,false,1.306088e6,1.2649191165753293e6,false,2
213.855,use_lmSR3_cuts,0.03141770253149834,5,false,71.22799999999998,false,false,10.9375,false,1.306088e6,1.2650537157360404e6,false,0
533.659,use_lmSR3_cuts,0.029945211257649373,5,false,88.84683333333335,false,false,10.9375,false,1.306088e6,1.2669769189189193e6,false,0
903.416,use_lmSR3_cuts,0.028636328590232796,5,false,112.26175,false,false,10.9375,false,1.306088e6,1.26868643486424e6,false,0
369.67,none,0.027565541193527054,0,false,103.15899999999999,false,false,10.9375,true,1.306088e6,1.2700849774336286e6,false,0
