CG_time_taken,method,CG_LP_IP_gap,implemented_SR3_cuts_count,errored,CG_sp_time_taken_mean,converged,CGIP_artificial,ngroute_neighborhood_size,time_limit_reached,CGIP_objective,CGLP_objective,CGLP_artificial,cycles_lookup_length
42.534,use_adaptive_ngroute,0.08868774571396576,0,false,1.8449999999999998,false,false,8.0625,false,1.582812e6,1.4424359718309864e6,false,14
15.999,use_adaptive_ngroute,0.07856774555645574,0,false,2.5635,false,false,9.8125,false,1.582812e6,1.458454029520295e6,false,3
14.241,use_adaptive_ngroute,0.07819949036469209,0,false,3.5232500000000004,false,false,9.9375,false,1.582812e6,1.459036908256881e6,false,1
8.628,use_lmSR3_cuts,0.07806087362238867,10,false,2.845,false,false,10.03125,false,1.582812e6,1.4592563124999998e6,false,0
36.296,use_adaptive_ngroute,0.07616068888003236,0,false,5.1002857142857145,false,false,10.03125,false,1.582812e6,1.4622639477124182e6,false,3
14.687,use_adaptive_ngroute,0.07300784740682853,0,false,4.8566666666666665,false,false,10.125,false,1.582812e6,1.467254303030303e6,false,3
20.97,use_adaptive_ngroute,0.0726423292037468,0,false,5.2055,false,false,10.25,false,1.582812e6,1.467832849628359e6,false,1
10.638,use_lmSR3_cuts,0.07259845906849449,6,false,5.2845,false,false,10.28125,false,1.582812e6,1.467902287804878e6,false,0
45.661,use_lmSR3_cuts,0.07120460294715991,3,false,4.938111111111111,false,false,10.28125,false,1.582812e6,1.4701085e6,false,0
3.938,use_lmSR3_cuts,0.0693752403715433,1,false,3.871,false,false,10.28125,false,1.582812e6,1.4730040370370368e6,false,0
6.584,use_lmSR3_cuts,0.06971184243027007,10,false,3.2359999999999998,false,false,10.28125,false,1.582812e6,1.4724712592592593e6,false,0
19.105,use_adaptive_ngroute,0.06667321958830918,0,false,6.283666666666666,false,false,10.28125,false,1.582812e6,1.4772808279569892e6,false,2
6.877,use_adaptive_ngroute,0.06644583027281437,0,false,6.836,false,false,10.34375,false,1.582812e6,1.4776407424942262e6,false,1
21.352,use_lmSR3_cuts,0.06645679875237542,1,false,7.044666666666666,false,false,10.375,false,1.582812e6,1.477623381453155e6,false,0
14.749,use_lmSR3_cuts,0.06701150191873728,10,false,7.279,false,false,10.375,false,1.582812e6,1.4767453906249995e6,false,0
33.379,use_adaptive_ngroute,0.063762185511815,0,false,11.072333333333333,false,false,10.375,false,1.582812e6,1.4818884476256731e6,false,3
25.531,use_lmSR3_cuts,0.06371543644747868,6,false,12.701500000000001,false,false,10.53125,false,1.582812e6,1.4819624426056934e6,false,0
40.996,use_lmSR3_cuts,0.041861985961873516,10,false,13.548666666666666,false,false,10.53125,false,1.547084e6,1.4823199913101608e6,false,0
77.81,use_adaptive_ngroute,0.03865206467954385,0,false,19.314500000000002,false,false,10.53125,false,1.547084e6,1.4872860091673126e6,false,2
19.222,use_lmSR3_cuts,0.038552333076106504,2,false,19.168,false,false,10.59375,false,1.5470839926233075e6,1.487440295242981e6,false,0
85.22,use_lmSR3_cuts,0.038294065564233204,1,false,21.23775,false,false,10.59375,false,1.547084e6,1.4878398638706238e6,false,0
45.676,use_lmSR3_cuts,0.03836064347587387,2,false,22.7345,false,false,10.59375,false,1.547084e6,1.4877368622487711e6,false,0
167.131,use_lmSR3_cuts,0.03854474878794212,10,false,27.79083333333333,false,false,10.59375,false,1.547084e6,1.4874520358661553e6,false,0
53.816,use_adaptive_ngroute,0.03627651417973499,0,false,17.823666666666664,false,false,10.59375,false,1.547084e6,1.4909611853367588e6,false,2
20.265,use_lmSR3_cuts,0.03619304302188464,10,false,20.185,false,false,10.96875,false,1.547084e6,1.4910903222295307e6,false,0
44.657,use_lmSR3_cuts,0.03461757282496114,10,false,22.239,false,false,10.96875,false,1.547084e6,1.4935277069636679e6,false,0
178.608,use_adaptive_ngroute,0.03319956111314648,0,false,44.55625,false,false,10.96875,false,1.547084e6,1.495721490194829e6,false,2
51.446,use_lmSR3_cuts,0.03314499067576626,1,false,51.364,false,false,11.09375,false,1.547084e6,1.4958059152453728e6,false,0
213.436,use_lmSR3_cuts,0.03355890393200056,1,false,42.577600000000004,false,false,11.09375,false,1.547084e6,1.4951655566692648e6,false,0
34.788,use_lmSR3_cuts,0.03355875338733738,10,false,34.61,false,false,11.09375,false,1.547084e6,1.4951657895745046e6,false,0
54.487,use_lmSR3_cuts,0.032274527035672906,10,false,54.267,false,false,11.09375,false,1.547084e6,1.497152595615543e6,false,0
261.079,use_lmSR3_cuts,0.03262757618245904,1,false,65.13675,false,false,11.09375,false,1.547084e6,1.4966063989293366e6,false,0
40.636,use_lmSR3_cuts,0.03262705826186563,10,false,40.441,false,false,11.09375,false,1.547084e6,1.4966072001959998e6,false,0
289.567,use_adaptive_ngroute,0.03172440748242511,0,false,72.25075,false,false,11.09375,false,1.547084e6,1.49800367677446e6,false,1
303.92,use_lmSR3_cuts,0.031773362375896674,1,false,75.90100000000001,false,false,11.125,false,1.547084e6,1.4979279394420483e6,false,0
130.51,use_lmSR3_cuts,0.031811811154658476,10,false,65.1215,false,false,11.125,false,1.547084e6,1.4978684559516064e6,false,0
429.72,use_lmSR3_cuts,0.031749367225633374,2,false,71.49166666666667,false,false,11.125,false,1.547084e6,1.4979650619550983e6,false,0
89.832,use_lmSR3_cuts,0.03172075308803246,10,false,89.707,false,false,11.125,false,1.547084e6,1.4980093304295545e6,false,0
341.101,use_lmSR3_cuts,0.03085459291655157,2,false,68.083,false,false,11.125,false,1.547084e6,1.4993493529722898e6,false,0
85.001,use_lmSR3_cuts,0.030821163288692333,10,false,84.856,false,false,11.125,false,1.547084e6,1.4994010714146767e6,false,0
95.879,none,0.029946343383284058,0,false,70.875,false,false,11.125,true,1.547084e6,1.5007544912932154e6,false,0
