CG_time_taken,method,CG_LP_IP_gap,implemented_SR3_cuts_count,errored,CG_sp_time_taken_mean,converged,CGIP_artificial,ngroute_neighborhood_size,time_limit_reached,CGIP_objective,CGLP_objective,CGLP_artificial,cycles_lookup_length
55.849,use_adaptive_ngroute,0.13137153363034304,0,false,2.473666666666667,false,false,8.0625,false,1.654093e6,1.436792265822785e6,false,11
21.902,use_adaptive_ngroute,0.12409048342505524,0,false,3.5759999999999996,false,false,8.9375,false,1.654093e6,1.4488358e6,false,7
23.016,use_adaptive_ngroute,0.11965772178468803,0,false,5.6884999999999994,false,false,9.84375,false,1.654093e6,1.456168e6,false,3
22.21,use_adaptive_ngroute,0.11804194698179316,0,false,4.400599999999999,false,false,9.9375,false,1.654093e6,1.4588406417910447e6,false,4
9.178,use_lmSR3_cuts,0.11779064871201328,5,false,4.558,false,false,10.15625,false,1.654093e6,1.4592563124999998e6,false,0
25.673,use_lmSR3_cuts,0.07904529070816513,3,false,6.332000000000001,false,false,10.15625,false,1.590547e6,1.46482175e6,false,0
17.634,use_adaptive_ngroute,0.07805733918373159,0,false,8.7335,false,false,10.15625,false,1.590547e6,1.4663931333333333e6,false,3
21.902,use_lmSR3_cuts,0.07799860936422531,5,false,10.917,false,false,10.3125,false,1.590547e6,1.4664865458715595e6,false,0
41.948,use_lmSR3_cuts,0.07659311412311731,5,false,10.40425,false,false,10.3125,false,1.590547e6,1.4687220521108182e6,false,0
72.635,use_lmSR3_cuts,0.05390857107831959,5,false,12.032,false,false,10.3125,false,1.557941e6,1.4739546268656717e6,false,0
77.605,use_adaptive_ngroute,0.051440298801787465,0,false,15.456799999999998,false,false,10.3125,false,1.557941e6,1.4778000494444445e6,false,3
29.733,use_lmSR3_cuts,0.05138151808585112,5,false,14.833,false,false,10.40625,false,1.557941e6,1.477891626331811e6,false,0
61.03,use_lmSR3_cuts,0.05087022734846636,5,false,15.179000000000002,false,false,10.40625,false,1.557941e6,1.478688187134503e6,false,0
52.801,use_adaptive_ngroute,0.04969134377886031,0,false,17.50333333333333,false,false,10.40625,false,1.557941e6,1.4805248181818186e6,false,1
63.051,use_lmSR3_cuts,0.04969134377886042,5,false,20.979333333333336,false,false,10.5,false,1.557941e6,1.4805248181818184e6,false,0
42.446,use_adaptive_ngroute,0.04901278708241796,0,false,21.1495,false,false,10.5,false,1.557941e6,1.4815819694800307e6,false,3
47.194,use_adaptive_ngroute,0.04890160502989682,0,false,23.559,false,false,10.59375,false,1.557941e6,1.4817551845581175e6,false,2
45.806,use_lmSR3_cuts,0.04887793976310317,5,false,22.858999999999998,false,false,10.8125,false,1.557941e6,1.4817920536475312e6,false,0
126.593,use_lmSR3_cuts,0.047230753457759844,5,false,25.248000000000005,false,false,10.8125,false,1.557941e6,1.484358272727264e6,false,0
188.464,use_adaptive_ngroute,0.04637398593245534,0,false,26.678000000000004,false,false,10.8125,false,1.557941e6,1.4856930659824046e6,false,2
133.457,use_lmSR3_cuts,0.04629059462497931,5,false,33.32275,false,false,11.1875,false,1.557941e6,1.4858229847193651e6,false,0
86.314,use_lmSR3_cuts,0.027399864879578906,5,false,28.65266666666667,false,false,11.1875,false,1.52894e6,1.4870472505910166e6,false,0
177.95,use_lmSR3_cuts,0.027151959476252374,5,false,35.5272,false,false,11.1875,false,1.52894e6,1.4874262830783788e6,false,0
146.018,use_adaptive_ngroute,0.02304237110715479,0,false,36.4315,false,false,11.1875,false,1.523767e6,1.488655795305164e6,false,1
74.977,use_adaptive_ngroute,0.02302693926193211,0,false,37.410999999999994,false,false,11.21875,false,1.523767e6,1.4886793098416636e6,false,1
60.033,use_lmSR3_cuts,0.023026768280428378,5,false,29.9425,false,false,11.25,false,1.523767e6,1.4886795703776365e6,false,0
95.094,use_lmSR3_cuts,0.022484341667369123,5,false,47.448499999999996,false,false,11.25,false,1.523767e6,1.489506102150538e6,false,0
159.347,use_adaptive_ngroute,0.022158578513030713,0,false,39.765,false,false,11.25,false,1.523767e6,1.4900024892949348e6,false,2
129.703,use_lmSR3_cuts,0.02206641863509551,5,false,64.57,false,false,11.312500000000002,false,1.523767e6,1.4901429194756565e6,false,0
220.848,use_adaptive_ngroute,0.021692640706375443,0,false,55.11425,false,false,11.312500000000002,false,1.523767e6,1.4907124699487684e6,false,1
97.1,use_lmSR3_cuts,0.021676924716381718,5,false,48.4745,false,false,11.468749999999998,false,1.523767e6,1.4907364174556932e6,false,0
321.898,use_lmSR3_cuts,0.021097524042082427,5,false,64.28159999999998,false,false,11.468749999999998,false,1.523767e6,1.4916192890829681e6,false,0
44.299,use_lmSR3_cuts,0.020933434592866562,5,false,44.206,false,false,11.468749999999998,false,1.523767e6,1.4918693231707315e6,false,0
191.706,use_lmSR3_cuts,0.02088036192647036,5,false,63.80833333333332,false,false,11.468749999999998,false,1.523767e6,1.491950193548388e6,false,0
403.714,use_lmSR3_cuts,0.020806164946303163,5,false,80.57600000000001,false,false,11.468749999999998,false,1.523767e6,1.4920632524582664e6,false,0
147.097,none,0.02070821503526943,0,false,78.287,false,false,11.468749999999998,true,1.523767e6,1.4922125053003526e6,false,0
