CG_time_taken,method,CG_LP_IP_gap,implemented_SR3_cuts_count,errored,CG_sp_time_taken_mean,converged,CGIP_artificial,ngroute_neighborhood_size,time_limit_reached,CGIP_objective,CGLP_objective,CGLP_artificial,cycles_lookup_length
53.009,use_adaptive_ngroute,0.11490551360086865,0,false,2.2340454545454542,false,false,8.0625,false,1.52894e6,1.3532563640350879e6,false,12
30.055,use_adaptive_ngroute,0.04606605052938506,0,false,3.6416250000000003,false,false,9.375,false,1.428574e6,1.3627652379310343e6,false,8
18.757,use_adaptive_ngroute,0.0410137428419296,0,false,3.5961999999999996,false,false,9.75,false,1.428574e6,1.3699828333333333e6,false,1
13.342,use_adaptive_ngroute,0.04079189969286001,0,false,4.360333333333333,false,false,9.78125,false,1.428574e6,1.3702997526881723e6,false,5
24.538,use_lmSR3_cuts,0.040695243415228566,5,false,4.8624,false,false,9.96875,false,1.428574e6,1.3704378333333333e6,false,0
38.2,use_adaptive_ngroute,0.03206324866913157,0,false,5.332714285714285,false,false,9.96875,false,1.428574e6,1.382769276595744e6,false,8
33.056,use_adaptive_ngroute,0.031428414964433604,0,false,6.540000000000001,false,false,10.75,false,1.428574e6,1.3836761835205993e6,false,4
41.249,use_adaptive_ngroute,0.031418658229023566,0,false,8.2014,false,false,10.90625,false,1.428574e6,1.383690121739131e6,false,4
32.73,use_lmSR3_cuts,0.031392164706224746,5,false,8.129000000000001,false,false,11.406250000000002,false,1.428574e6,1.3837279696969697e6,false,0
37.937,use_lmSR3_cuts,0.030717344708779404,3,false,9.402999999999999,false,false,11.406250000000002,false,1.428574e6,1.3846920000000002e6,false,0
48.097,use_lmSR3_cuts,0.031381993512411555,10,false,9.583,false,false,11.406250000000002,false,1.428574e6,1.3837425000000002e6,false,0
61.764,use_adaptive_ngroute,0.024276346122936276,0,false,10.133166666666666,false,false,11.406250000000002,false,1.428574e6,1.3938934431137724e6,false,2
107.852,use_adaptive_ngroute,0.021933507328197654,0,false,17.902,false,false,11.531249999999998,false,1.428574e6,1.3972403617021274e6,false,2
93.355,use_adaptive_ngroute,0.021599056866378086,0,false,18.5874,false,false,11.6875,false,1.428574e6,1.3977181489361709e6,false,2
84.479,use_adaptive_ngroute,0.021492403578866948,0,false,21.0585,false,false,11.75,false,1.428574e6,1.3978705110497237e6,false,1
41.786,use_lmSR3_cuts,0.021490715162866603,5,false,20.837,false,false,11.78125,false,1.428574e6,1.397872923076923e6,false,0
59.441,use_adaptive_ngroute,0.020613772895208937,0,false,14.694500000000001,false,false,11.78125,false,1.428574e6,1.3991256999999997e6,false,2
44.841,use_adaptive_ngroute,0.020250402519863764,0,false,14.889666666666667,false,false,12.4375,false,1.428574e6,1.3996448014705882e6,false,2
17.134,use_lmSR3_cuts,0.01989778703965872,5,false,17.065,false,false,12.5,false,1.428574e6,1.4001485387776066e6,false,0
41.14,use_lmSR3_cuts,0.019961894255733803,4,false,20.47,false,false,12.5,false,1.428574e6,1.4000569568755093e6,false,0
80.203,use_adaptive_ngroute,0.016553589976397887,0,false,19.976,false,false,12.5,false,1.428574e6,1.4049259717530573e6,false,4
94.71,use_lmSR3_cuts,0.017188035037356775,4,false,18.823,false,false,12.656250000000002,false,1.428574e6,1.404019620034543e6,false,0
100.364,use_adaptive_ngroute,0.016181316578702143,0,false,19.9712,false,false,12.656250000000002,false,1.428574e6,1.4054577918498972e6,false,2
45.513,use_lmSR3_cuts,0.016212160913957052,4,false,22.6585,false,false,12.906249999999998,false,1.428574e6,1.4054137284345047e6,false,0
60.648,use_lmSR3_cuts,0.015974808704645516,1,false,20.078666666666667,false,false,12.906249999999998,false,1.428574e6,1.4057528036295697e6,false,0
70.476,use_lmSR3_cuts,0.015903594494830253,1,false,17.4245,false,false,12.906249999999998,false,1.428574e6,1.4058545383981424e6,false,0
71.433,use_adaptive_ngroute,0.015942462266164137,0,false,23.718666666666664,false,false,12.906249999999998,false,1.428574e6,1.4057990129105768e6,false,1
24.61,use_lmSR3_cuts,0.015890748657605647,10,false,24.512999999999998,false,false,12.96875,false,1.428574e6,1.4058728896272096e6,false,0
58.136,use_adaptive_ngroute,0.010326652402565029,0,false,28.842999999999996,false,false,12.96875,false,1.428574e6,1.413821612870658e6,false,1
78.068,use_lmSR3_cuts,0.010323145165171521,4,false,38.939,false,false,13.0,false,1.428574e6,1.4138266232188102e6,false,0
96.453,use_adaptive_ngroute,0.008928685830796756,0,false,32.031666666666666,false,false,13.0,false,1.428574e6,1.4158187115679553e6,false,1
59.901,use_lmSR3_cuts,0.008679532293508485,10,false,29.636000000000003,false,false,13.03125,false,1.428574e6,1.4161746458333335e6,false,0
101.218,use_adaptive_ngroute,0.007412414101930831,0,false,33.568,false,false,13.03125,false,1.428574e6,1.4179848179367483e6,false,1
103.645,use_lmSR3_cuts,0.006987124959649704,10,false,34.42433333333333,false,false,13.0625,false,1.428574e6,1.4185923749478934e6,false,0
168.114,use_lmSR3_cuts,0.005735893446620954,10,false,41.79125,false,false,13.0625,false,1.428574e6,1.420379851755387e6,false,0
247.435,use_adaptive_ngroute,0.004998530137149015,0,false,49.342800000000004,false,false,13.0625,false,1.428574e6,1.4214332298078525e6,false,2
90.11,use_lmSR3_cuts,0.004928121986086942,10,false,44.913,false,false,13.125,false,1.428574e6,1.4215338130618478e6,false,0
169.123,use_adaptive_ngroute,0.003803436412642802,0,false,41.99975,false,false,13.125,false,1.428574e6,1.4231405096302452e6,false,7
87.952,use_lmSR3_cuts,0.003737352807834826,10,false,43.735,false,false,13.5,false,1.428574e6,1.4232349149499002e6,false,0
106.817,use_lmSR3_cuts,0.001544118236629366,10,false,53.1605,false,false,13.5,false,1.428574e6,1.4263681128342254e6,false,0
242.454,use_lmSR3_cuts,0.000296214782835591,1,false,60.40225,false,false,13.5,false,1.428574e6,1.4281508352628255e6,false,0
212.719,use_adaptive_ngroute,0.0002655173104298969,0,false,70.77499999999999,false,false,13.5,false,1.428574e6,1.42819468887377e6,false,1
209.715,use_lmSR3_cuts,0.000248795398046453,10,false,69.784,false,false,13.5625,false,1.428574e6,1.4282185773630312e6,false,0
25.238,none,-1.0880185641326534e-14,0,false,NaN,true,false,13.5625,true,1.428574e6,1.4285740000000156e6,false,0
