CG_time_taken,method,CG_LP_IP_gap,implemented_SR3_cuts_count,errored,CG_sp_time_taken_mean,converged,CGIP_artificial,ngroute_neighborhood_size,time_limit_reached,CGIP_objective,CGLP_objective,CGLP_artificial,cycles_lookup_length
89.209,use_adaptive_ngroute,0.1505227319015977,0,false,4.009857142857142,false,false,8.0625,false,1.593046e6,1.3532563640350874e6,false,13
64.729,use_adaptive_ngroute,0.04710078703066378,0,false,7.046333333333333,false,false,9.46875,false,1.428574e6,1.3612870402684566e6,false,12
66.86,use_adaptive_ngroute,0.0425760233631578,0,false,9.460714285714284,false,false,10.59375,false,1.428574e6,1.3677510000000002e6,false,2
30.44,use_adaptive_ngroute,0.04083419316511905,0,false,7.51875,false,false,10.65625,false,1.428574e6,1.3702393333333333e6,false,4
61.926,use_adaptive_ngroute,0.04078504255914572,0,false,10.253499999999999,false,false,10.8125,false,1.428574e6,1.370309548611111e6,false,3
29.73,use_lmSR3_cuts,0.040695243415228566,5,false,9.869333333333334,false,false,11.09375,false,1.428574e6,1.3704378333333333e6,false,0
68.123,use_adaptive_ngroute,0.03456344249168575,0,false,13.464799999999999,false,false,11.09375,false,1.428574e6,1.3791975647058825e6,false,2
51.236,use_adaptive_ngroute,0.034405724371065816,0,false,17.00166666666667,false,false,11.15625,false,1.428574e6,1.379422876712329e6,false,1
63.766,use_lmSR3_cuts,0.03440324640748993,5,false,15.880250000000002,false,false,11.21875,false,1.428574e6,1.3794264166666665e6,false,0
100.65,use_lmSR3_cuts,0.031524606046406944,5,false,20.016,false,false,11.21875,false,1.428574e6,1.3835387674418602e6,false,0
86.264,use_adaptive_ngroute,0.02581441502341486,0,false,17.158199999999997,false,false,11.21875,false,1.428574e6,1.3916961978723402e6,false,6
23.836,use_adaptive_ngroute,0.025710008721984368,0,false,23.774,false,false,11.75,false,1.428574e6,1.3918453499999999e6,false,1
26.486,use_lmSR3_cuts,0.025645591874744134,5,false,26.427,false,false,11.8125,false,1.428574e6,1.3919373742331292e6,false,0
158.86,use_adaptive_ngroute,0.02314832833300895,0,false,31.637400000000003,false,false,11.8125,false,1.428574e6,1.3955049000000001e6,false,3
94.345,use_lmSR3_cuts,0.023099776499498015,5,false,31.358333333333334,false,false,11.96875,false,1.428574e6,1.3955742598870061e6,false,0
264.115,use_adaptive_ngroute,0.02009486382924508,0,false,37.583285714285715,false,false,11.96875,false,1.428574e6,1.399867e6,false,2
177.797,use_adaptive_ngroute,0.018826579303646618,0,false,44.298500000000004,false,false,12.03125,false,1.428574e6,1.4016788382978723e6,false,3
133.34,use_lmSR3_cuts,0.018815955020169972,5,false,44.34466666666666,false,false,12.46875,false,1.428574e6,1.4016940158730156e6,false,0
310.392,use_adaptive_ngroute,0.016492851119805474,0,false,61.92300000000001,false,false,12.46875,false,1.428574e6,1.405012741704375e6,false,5
126.91,use_adaptive_ngroute,0.016398597465969278,0,false,63.3795,false,false,12.906249999999998,false,1.428574e6,1.4051473900236504e6,false,1
140.97,use_lmSR3_cuts,0.01639405475983491,5,false,70.403,false,false,12.96875,false,1.428574e6,1.4051538796155236e6,false,0
488.781,use_adaptive_ngroute,0.013753080122504535,0,false,81.22216666666667,false,false,12.96875,false,1.428574e6,1.4089267073170731e6,false,2
202.041,use_lmSR3_cuts,0.013606391871263002,5,false,100.9365,false,false,13.1875,false,1.428574e6,1.4091362623389023e6,false,0
424.112,use_lmSR3_cuts,0.01204184178756551,5,false,105.877,false,false,13.1875,false,1.428574e6,1.4113713379101704e6,false,0
287.908,none,0.009821526514800283,0,false,110.6155,false,false,13.1875,true,1.428574e6,1.4145432225806457e6,false,0
