CG_time_taken,method,CG_LP_IP_gap,implemented_SR3_cuts_count,errored,CG_sp_time_taken_mean,converged,CGIP_artificial,ngroute_neighborhood_size,time_limit_reached,CGIP_objective,CGLP_objective,CGLP_artificial,cycles_lookup_length
73.884,use_adaptive_ngroute,0.10498395718728482,0,false,3.29352380952381,false,false,8.0625,false,1.561343e6,1.3974270333333332e6,false,10
24.043,use_lmSR3_cuts,0.09708516962640501,5,false,3.8935,false,false,9.375,false,1.561343e6,1.40975975e6,false,0
20.187,use_adaptive_ngroute,0.09648420048284267,0,false,10.0365,false,false,9.375,false,1.561343e6,1.410698068965517e6,false,6
45.801,use_adaptive_ngroute,0.09616639474652722,0,false,9.082600000000001,false,false,9.9375,false,1.561343e6,1.411194272727273e6,false,3
52.095,use_adaptive_ngroute,0.09339628405088773,0,false,8.600833333333334,false,false,10.03125,false,1.558256e6,1.41272068e6,false,3
21.718,use_lmSR3_cuts,0.09333896355926108,5,false,10.815,false,false,10.125,false,1.558256e6,1.41281e6,false,0
49.044,use_adaptive_ngroute,0.03556614376617484,0,false,9.7154,false,false,10.125,false,1.473234e6,1.4208367477547831e6,false,2
17.64,use_lmSR3_cuts,0.035560039517998354,5,false,8.782,false,false,10.28125,false,1.473234e6,1.4208457407407411e6,false,0
51.102,use_adaptive_ngroute,0.02918592701498879,0,false,10.1102,false,false,10.28125,false,1.473234e6,1.4302363e6,false,1
49.627,use_lmSR3_cuts,0.029095004595332763,5,false,12.34675,false,false,10.5,false,1.473234e6,1.4303702499999995e6,false,0
76.235,use_adaptive_ngroute,0.02462774136758117,0,false,15.107399999999998,false,false,10.5,false,1.473234e6,1.436951574074073e6,false,2
92.175,use_adaptive_ngroute,0.023243600920081042,0,false,15.282833333333333,false,false,10.6875,false,1.473234e6,1.4389907368421054e6,false,1
29.674,use_adaptive_ngroute,0.022863673376806615,0,false,14.778500000000001,false,false,10.71875,false,1.473234e6,1.4395504590163936e6,false,1
15.237,use_lmSR3_cuts,0.022863673376806837,5,false,15.191,false,false,10.78125,false,1.473234e6,1.4395504590163934e6,false,0
64.094,use_lmSR3_cuts,0.02237328958542284,5,false,15.9595,false,false,10.78125,false,1.473234e6,1.4402729090909092e6,false,0
73.521,use_adaptive_ngroute,0.0214905702079079,0,false,24.391666666666666,false,false,10.78125,false,1.473234e6,1.441573361290323e6,false,1
58.405,use_lmSR3_cuts,0.021486273615413665,5,false,29.148,false,false,10.84375,false,1.473234e6,1.4415796911764697e6,false,0
90.435,use_adaptive_ngroute,0.02107915626639778,0,false,30.079666666666665,false,false,10.84375,false,1.473234e6,1.4421794702970297e6,false,1
61.785,use_adaptive_ngroute,0.021027001451646155,0,false,30.827,false,false,10.9375,false,1.473234e6,1.4422563065433856e6,false,1
114.276,use_adaptive_ngroute,0.021016688455466004,0,false,38.03366666666667,false,false,10.96875,false,1.473234e6,1.4422715e6,false,1
31.061,use_lmSR3_cuts,0.02100172247782972,5,false,30.971999999999998,false,false,11.0,false,1.473234e6,1.442293548387097e6,false,0
71.447,use_lmSR3_cuts,0.020696486693533855,5,false,35.603500000000004,false,false,11.0,false,1.473234e6,1.4427432321225384e6,false,0
149.906,use_adaptive_ngroute,0.019665604172349083,0,false,37.3695,false,false,11.0,false,1.473234e6,1.4442619633027534e6,false,2
83.609,use_adaptive_ngroute,0.019616948390263733,0,false,41.728500000000004,false,false,11.1875,false,1.4732339939362337e6,1.4443336387104045e6,false,1
40.194,use_lmSR3_cuts,0.019610990420730334,5,false,40.093,false,false,11.21875,false,1.4732339939362337e6,1.444342416193656e6,false,0
307.969,use_lmSR3_cuts,0.018894444127681487,5,false,51.1945,false,false,11.21875,false,1.473234e6,1.4453980624999993e6,false,0
188.505,use_lmSR3_cuts,0.01836881771090737,5,false,47.062,false,false,11.21875,false,1.473234e6,1.446172433208489e6,false,0
181.14,use_adaptive_ngroute,0.01774262767749002,0,false,60.297333333333334,false,false,11.21875,false,1.473234e6,1.4470949576561807e6,false,1
111.933,use_adaptive_ngroute,0.017740625963277523,0,false,55.87649999999999,false,false,11.25,false,1.473234e6,1.4470979066496168e6,false,2
112.997,use_lmSR3_cuts,0.01774062596327819,5,false,56.398,false,false,11.75,false,1.473234e6,1.4470979066496158e6,false,0
397.984,use_lmSR3_cuts,0.017075542290230117,5,false,56.76528571428572,false,false,11.75,false,1.473234e6,1.4480777305295952e6,false,0
233.659,none,0.017057711130749387,0,false,77.76666666666668,false,false,11.75,false,1.473234e6,1.4481040000000016e6,false,0
