CG_time_taken,method,CG_LP_IP_gap,implemented_SR3_cuts_count,errored,CG_sp_time_taken_mean,converged,CGIP_artificial,ngroute_neighborhood_size,time_limit_reached,CGIP_objective,CGLP_objective,CGLP_artificial,cycles_lookup_length
56.948,use_adaptive_ngroute,0.06542367644308567,0,false,2.0735599999999996,false,false,8.0625,false,1.475796e6,1.379244e6,false,6
27.428,use_adaptive_ngroute,0.016538865491976584,0,false,3.348,false,false,8.9375,false,1.417199e6,1.3937601363636362e6,false,3
15.528,use_adaptive_ngroute,0.016517873380071046,0,false,3.8340000000000005,false,false,9.46875,false,1.417199e6,1.3937898863636367e6,false,3
22.962,use_lmSR3_cuts,0.016418974713822587,5,false,4.5514,false,false,9.6875,false,1.417199e6,1.3939300454545454e6,false,0
47.482,use_lmSR3_cuts,0.008910899964308716,5,false,9.418400000000002,false,false,9.6875,false,1.417199e6,1.4045704814814816e6,false,0
49.747,use_adaptive_ngroute,0.005696005876221655,0,false,8.161000000000001,false,false,9.6875,false,1.417199e6,1.4091266261682245e6,false,3
39.531,use_lmSR3_cuts,0.005529100639667384,5,false,9.8215,false,false,10.0,false,1.417199e6,1.409363164102564e6,false,0
52.094,use_adaptive_ngroute,0.004757045525676018,0,false,10.344399999999998,false,false,10.0,false,1.417199e6,1.4104573198380575e6,false,1
9.942,use_lmSR3_cuts,0.004757045525676351,5,false,9.902000000000001,false,false,10.03125,false,1.417199e6,1.410457319838057e6,false,0
56.074,use_adaptive_ngroute,0.002419536859249116,0,false,13.8895,false,false,10.03125,false,1.417199e6,1.413770034782609e6,false,2
57.083,use_lmSR3_cuts,0.002419536859249116,5,false,18.967666666666666,false,false,10.25,false,1.417199e6,1.413770034782609e6,false,0
69.378,use_adaptive_ngroute,0.0008316331140308941,0,false,17.2685,false,false,10.25,false,1.41666e6,1.415481858632677e6,false,3
36.138,use_lmSR3_cuts,0.0008191091499720748,5,false,17.9985,false,false,10.34375,false,1.41666e6,1.4154996008316006e6,false,0
79.384,none,0.0,0,false,19.779999999999998,true,false,10.34375,false,1.41666e6,1.41666e6,false,0
