CG_time_taken,method,CG_LP_IP_gap,implemented_SR3_cuts_count,errored,CG_sp_time_taken_mean,converged,CGIP_artificial,ngroute_neighborhood_size,time_limit_reached,CGIP_objective,CGLP_objective,CGLP_artificial,cycles_lookup_length
43.886,use_adaptive_ngroute,0.1516159395833594,0,false,1.9639,false,false,8.0625,false,1.634612e6,1.3867787657657657e6,false,13
31.642,use_adaptive_ngroute,0.12571463944023742,0,false,3.0824000000000003,false,false,10.03125,false,1.601096e6,1.3998147936507936e6,false,5
26.631,use_adaptive_ngroute,0.11872609259608413,0,false,4.307833333333334,false,false,10.375,false,1.601096e6,1.4110041280487801e6,false,5
16.206,use_adaptive_ngroute,0.08913864947356542,0,false,3.1738000000000004,false,false,11.0,false,1.552509e6,1.4141204444444445e6,false,1
3.742,use_lmSR3_cuts,0.08911478129917438,6,false,3.6839999999999997,false,false,11.03125,false,1.552509e6,1.4141575e6,false,0
26.771,use_lmSR3_cuts,0.08389491133069427,3,false,5.260999999999999,false,false,11.03125,false,1.552509e6,1.422261395104895e6,false,0
12.949,use_lmSR3_cuts,0.0834123156063219,2,false,4.260000000000001,false,false,11.03125,false,1.552509e6,1.4230106293103448e6,false,0
11.819,use_lmSR3_cuts,0.08333812396578699,10,false,2.8945,false,false,11.03125,false,1.552509e6,1.4231258125e6,false,0
15.867,use_adaptive_ngroute,0.06603152630810283,0,false,5.198333333333333,false,false,11.03125,false,1.525412e6,1.4246867173913042e6,false,2
11.459,use_adaptive_ngroute,0.06598750652120255,0,false,5.640499999999999,false,false,11.1875,false,1.525412e6,1.4247538657024794e6,false,3
10.375,use_lmSR3_cuts,0.06598169028165646,10,false,5.121,false,false,11.8125,false,1.525412e6,1.4247627378640778e6,false,0
32.17,use_lmSR3_cuts,0.06326506147232136,5,false,7.932499999999999,false,false,11.8125,false,1.525412e6,1.4289067160493834e6,false,0
13.661,use_lmSR3_cuts,0.06244571845236724,10,false,6.767499999999999,false,false,11.8125,false,1.525412e6,1.4301565517241375e6,false,0
25.361,use_adaptive_ngroute,0.060930347634570614,0,false,12.5125,false,false,11.8125,false,1.525412e6,1.4324681165540544e6,false,4
21.281,use_lmSR3_cuts,0.060687467512083204,4,false,10.551000000000002,false,false,12.0,false,1.525412e6,1.432838608807458e6,false,0
56.886,use_adaptive_ngroute,0.060084746545630674,0,false,14.126,false,false,12.0,false,1.525412e6,1.4337580066023364e6,false,1
12.911,use_adaptive_ngroute,0.059642961994974875,0,false,12.801,false,false,12.03125,false,1.525412e6,1.4344319100573214e6,false,2
27.4,use_adaptive_ngroute,0.059711247142548274,0,false,13.6175,false,false,12.09375,false,1.525412e6,1.4343277470737912e6,false,2
11.184,use_lmSR3_cuts,0.05971124714254794,10,false,11.089,false,false,12.21875,false,1.525412e6,1.4343277470737917e6,false,0
29.049,use_adaptive_ngroute,0.057662924103894175,0,false,14.352,false,false,12.21875,false,1.525412e6,1.4374522836168306e6,false,2
14.156,use_lmSR3_cuts,0.05766220864472671,10,false,14.034,false,false,12.34375,false,1.525412e6,1.4374533749868302e6,false,0
48.79,use_adaptive_ngroute,0.05793225941205937,0,false,16.159666666666666,false,false,12.34375,false,1.525412e6,1.4370414363057318e6,false,1
31.45,use_lmSR3_cuts,0.05699553568630211,10,false,15.629000000000001,false,false,12.40625,false,1.525412e6,1.4384703259176866e6,false,0
61.215,use_adaptive_ngroute,0.05639553543019704,0,false,20.264,false,false,12.40625,false,1.525412e6,1.4393855735083523e6,false,1
35.537,use_lmSR3_cuts,0.056202091119956,1,false,17.663,false,false,12.4375,false,1.525412e6,1.4396806557805256e6,false,0
21.664,use_lmSR3_cuts,0.05619237704662983,10,false,21.523,false,false,12.4375,false,1.525412e6,1.4396954737445463e6,false,0
53.011,use_lmSR3_cuts,0.055304207342116274,10,false,26.397499999999997,false,false,12.4375,false,1.525412e6,1.4410502984698478e6,false,0
70.95,use_adaptive_ngroute,0.0548740569627697,0,false,35.330499999999994,false,false,12.4375,false,1.525412e6,1.4417064550203076e6,false,2
42.972,use_lmSR3_cuts,0.054679842764347564,1,false,42.827,false,false,12.53125,false,1.525412e6,1.4420027116891511e6,false,0
47.663,use_lmSR3_cuts,0.054469841712771805,10,false,47.513,false,false,12.53125,false,1.525412e6,1.4423230498132373e6,false,0
65.606,use_lmSR3_cuts,0.054016171386892964,10,false,32.696,false,false,12.53125,false,1.525412e6,1.4430150839723768e6,false,0
168.174,use_adaptive_ngroute,0.051128717496721765,0,false,55.766333333333336,false,false,12.53125,false,1.521877e6,1.4440653808022416e6,false,3
198.952,use_lmSR3_cuts,0.05114791720116174,10,false,66.18033333333334,false,false,12.625000000000002,false,1.521877e6,1.4440361612136476e6,false,0
53.793,use_adaptive_ngroute,0.05070156671704229,0,false,53.510999999999996,false,false,12.625000000000002,false,1.521877e6,1.4447154517493679e6,false,1
136.832,use_lmSR3_cuts,0.05066537793556147,1,false,68.27199999999999,false,false,12.687500000000002,false,1.521877e6,1.4447705266235615e6,false,0
184.28,use_lmSR3_cuts,0.05070180609379582,10,false,92.006,false,false,12.687500000000002,false,1.521877e6,1.4447150874473923e6,false,0
120.278,use_lmSR3_cuts,0.050318501068158716,10,false,60.01950000000001,false,false,12.687500000000002,false,1.521877e6,1.4452984305498938e6,false,0
128.748,use_lmSR3_cuts,0.05027828980364624,10,false,64.2345,false,false,12.687500000000002,false,1.521877e6,1.4453596271484962e6,false,0
217.145,use_adaptive_ngroute,0.05010800382917202,0,false,72.21066666666668,false,false,12.687500000000002,false,1.521877e6,1.4456187814564712e6,false,2
88.548,use_lmSR3_cuts,0.050103802990525526,10,false,88.348,false,false,12.750000000000002,false,1.521877e6,1.445625174616188e6,false,0
408.604,use_adaptive_ngroute,0.04984311973882227,0,false,101.98725,false,false,12.750000000000002,false,1.521877e6,1.4460219024612403e6,false,1
97.973,use_adaptive_ngroute,0.049818006741903176,0,false,97.749,false,false,12.781249999999998,false,1.521877e6,1.4460601213536526e6,false,1
117.699,use_lmSR3_cuts,0.049815194101389126,1,false,117.479,false,false,12.843749999999998,false,1.521877e6,1.4460644018465602e6,false,0
202.145,use_lmSR3_cuts,0.04980143070872234,10,false,100.9175,false,false,12.843749999999998,false,1.521877e6,1.4460853480373018e6,false,0
362.881,none,0.0496472890369114,0,false,124.4605,false,false,12.843749999999998,true,1.521877e6,1.4463199327023723e6,false,0
