CG_time_taken,method,CG_LP_IP_gap,implemented_SR3_cuts_count,errored,CG_sp_time_taken_mean,converged,CGIP_artificial,ngroute_neighborhood_size,time_limit_reached,CGIP_objective,CGLP_objective,CGLP_artificial,cycles_lookup_length
57.664,use_adaptive_ngroute,0.06521106920971709,0,false,2.76145,false,false,8.0625,false,1.510306e6,1.411817330906149e6,false,9
31.397,use_adaptive_ngroute,0.06230733563737578,0,false,6.233999999999999,false,false,9.46875,false,1.510306e6,1.4162028571428575e6,false,4
68.969,use_adaptive_ngroute,0.06181837424896741,0,false,11.465166666666669,false,false,10.40625,false,1.510306e6,1.416941338461539e6,false,5
26.317,use_adaptive_ngroute,0.061392187337459214,0,false,13.145499999999998,false,false,10.65625,false,1.510306e6,1.4175850111111114e6,false,2
43.002,use_lmSR3_cuts,0.06133144541569702,5,false,14.318333333333332,false,false,10.78125,false,1.510306e6,1.4176767500000002e6,false,0
75.675,use_adaptive_ngroute,0.0580259659974669,0,false,18.88925,false,false,10.78125,false,1.510306e6,1.4226690353982297e6,false,1
61.622,use_lmSR3_cuts,0.05801771296677627,5,false,20.516333333333336,false,false,10.96875,false,1.510306e6,1.4226815e6,false,0
122.233,use_lmSR3_cuts,0.05434781930748267,5,false,24.391,false,false,10.96875,false,1.510306e6,1.4282241624129931e6,false,0
43.28,use_adaptive_ngroute,0.053332796106700386,0,false,21.6085,false,false,10.96875,false,1.510306e6,1.4297571580432737e6,false,2
70.513,use_lmSR3_cuts,0.05333271217215141,5,false,35.225,false,false,11.1875,false,1.510306e6,1.4297572848101268e6,false,0
158.002,use_adaptive_ngroute,0.049237674202359916,0,false,26.29083333333333,false,false,11.1875,false,1.510306e6,1.4359420452261306e6,false,2
128.221,use_lmSR3_cuts,0.04908365996946695,5,false,32.01800000000001,false,false,11.281250000000002,false,1.510306e6,1.4361746538461542e6,false,0
204.836,use_lmSR3_cuts,0.04862392124509862,1,false,40.8898,false,false,11.281250000000002,false,1.510306e6,1.436869e6,false,0
161.578,use_adaptive_ngroute,0.04583529433690947,0,false,32.272,false,false,11.281250000000002,false,1.510306e6,1.4410806799511996e6,false,5
92.809,use_lmSR3_cuts,0.045750899586889604,5,false,46.3605,false,false,11.562499999999998,false,1.510306e6,1.4412081418485232e6,false,0
197.473,use_lmSR3_cuts,0.04455184524984912,5,false,49.32925,false,false,11.562499999999998,false,1.510306e6,1.4430190808080814e6,false,0
171.926,use_adaptive_ngroute,0.042869873423808436,0,false,42.90575,false,false,11.562499999999998,false,1.510306e6,1.4455593729487816e6,false,3
148.378,use_lmSR3_cuts,0.04217853359908552,5,false,49.408333333333324,false,false,11.78125,false,1.510306e6,1.4466035076340996e6,false,0
231.913,use_lmSR3_cuts,0.04136863380236944,5,false,57.91975,false,false,11.78125,false,1.510306e6,1.4478267041564786e6,false,0
377.216,use_adaptive_ngroute,0.04096842459517103,0,false,75.37899999999999,false,false,11.78125,false,1.510306e6,1.4484311425233656e6,false,1
188.589,use_adaptive_ngroute,0.040943616235216695,0,false,62.81166666666667,false,false,11.8125,false,1.510306e6,1.4484686107382549e6,false,1
76.089,use_lmSR3_cuts,0.04094034729727414,5,false,76.043,false,false,11.84375,false,1.510306e6,1.4484735478348432e6,false,0
418.439,use_adaptive_ngroute,0.0402169485181465,0,false,69.65299999999999,false,false,11.84375,false,1.510306e6,1.4495661013513522e6,false,1
249.069,use_adaptive_ngroute,0.040153938584678306,0,false,82.94399999999999,false,false,11.875,false,1.510306e6,1.4496612656319288e6,false,2
137.449,use_lmSR3_cuts,0.04013225838783885,5,false,68.652,false,false,11.9375,false,1.510306e6,1.4496940093632967e6,false,0
40.83,none,0.03963581531984295,0,false,NaN,false,false,11.9375,true,1.510306e6,1.4504437903075493e6,false,0
