CG_time_taken,method,CG_LP_IP_gap,implemented_SR3_cuts_count,errored,CG_sp_time_taken_mean,converged,CGIP_artificial,ngroute_neighborhood_size,time_limit_reached,CGIP_objective,CGLP_objective,CGLP_artificial,cycles_lookup_length
50.052,use_adaptive_ngroute,0.08596298187815232,0,false,2.107863636363636,false,false,8.0625,false,1.460991e6,1.3353998571428563e6,false,10
17.671,use_adaptive_ngroute,0.08171325718867073,0,false,3.4257999999999997,false,false,9.0,false,1.460991e6,1.3416086666666667e6,false,6
16.107,use_adaptive_ngroute,0.07937721724500679,0,false,3.9544999999999995,false,false,9.1875,false,1.460991e6,1.3450216000000003e6,false,5
19.559,use_adaptive_ngroute,0.07799792930091476,0,false,3.1935000000000002,false,false,9.375,false,1.460991e6,1.3470367272727273e6,false,1
6.241,use_lmSR3_cuts,0.07766972577195985,5,false,3.091,false,false,9.40625,false,1.4609909792391262e6,1.3475162105263162e6,false,0
31.895,use_adaptive_ngroute,0.06420308664332564,0,false,7.8462499999999995,false,false,9.40625,false,1.449525e6,1.3564610208333335e6,false,3
14.741,use_lmSR3_cuts,0.06416449145944958,5,false,7.328,false,false,9.5,false,1.449525e6,1.3565169655172413e6,false,0
16.955,use_lmSR3_cuts,0.06335904229970057,5,false,8.4095,false,false,9.5,false,1.449525e6,1.3576844842105266e6,false,0
63.633,use_adaptive_ngroute,0.06078902113136608,0,false,12.622800000000002,false,false,9.5,false,1.449525e6,1.3614097941445566e6,false,9
26.177,use_lmSR3_cuts,0.06011251961849573,5,false,13.036499999999998,false,false,10.4375,false,1.449525e6,1.3623904e6,false,0
82.104,use_lmSR3_cuts,0.05442955450923592,5,false,20.414250000000003,false,false,10.4375,false,1.449525e6,1.3706279999999998e6,false,0
123.723,use_adaptive_ngroute,0.05300869385922402,0,false,20.511833333333335,false,false,10.4375,false,1.449525e6,1.3726875730337084e6,false,3
62.201,use_lmSR3_cuts,0.05235837793606746,5,false,20.665000000000003,false,false,11.0625,false,1.449525e6,1.3736302222222218e6,false,0
121.507,use_adaptive_ngroute,0.0513176862178929,0,false,30.26975,false,false,11.0625,false,1.449525e6,1.3751387308850088e6,false,1
57.009,use_adaptive_ngroute,0.0512646527885573,0,false,28.417,false,false,11.09375,false,1.449525e6,1.3752156041666665e6,false,1
97.438,use_lmSR3_cuts,0.051258541591211015,5,false,32.373666666666665,false,false,11.125,false,1.449525e6,1.3752244625e6,false,0
95.228,use_lmSR3_cuts,0.04986727836130245,5,false,31.657,false,false,11.125,false,1.449525e6,1.377241133333333e6,false,0
97.511,use_lmSR3_cuts,0.049425771262385454,5,false,32.373333333333335,false,false,11.125,false,1.449525e6,1.3778811089108908e6,false,0
123.037,use_lmSR3_cuts,0.0034520033255258653,5,false,30.643250000000002,false,false,11.125,false,1.383641e6,1.378864666666666e6,false,0
51.439,use_lmSR3_cuts,0.003334556396761279,5,false,25.647000000000002,false,false,11.125,false,1.383641e6,1.379027171052629e6,false,0
129.589,use_lmSR3_cuts,0.0032752715480388606,1,false,43.10999999999999,false,false,11.125,false,1.383641e6,1.3791092e6,false,0
140.509,use_adaptive_ngroute,0.00285478675465467,0,false,46.739,false,false,11.125,false,1.383641e6,1.3796910000000028e6,false,1
111.976,use_lmSR3_cuts,0.0028437555999732966,5,false,27.90525,false,false,11.15625,false,1.383641e6,1.3797062631578974e6,false,0
133.009,use_adaptive_ngroute,0.002596971576886542,0,false,44.25833333333333,false,false,11.15625,false,1.383641e6,1.3800477236503852e6,false,6
74.103,use_adaptive_ngroute,0.002475353072075248,0,false,36.952000000000005,false,false,11.343750000000002,false,1.383641e6,1.3802160000000007e6,false,2
100.985,use_lmSR3_cuts,0.002468371911290901,5,false,33.58533333333333,false,false,11.437499999999998,false,1.383641e6,1.3802256594202896e6,false,0
180.363,use_lmSR3_cuts,0.002103251996265154,5,false,44.95474999999999,false,false,11.437499999999998,false,1.383641e6,1.3807308543046357e6,false,0
174.942,use_lmSR3_cuts,0.0016111133433985847,5,false,43.52375,false,false,11.437499999999998,false,1.383641e6,1.3814117975224266e6,false,0
401.765,use_adaptive_ngroute,0.0012845208440108724,0,false,57.2287142857143,false,false,11.437499999999998,false,1.383641e6,1.381863684294872e6,false,2
179.765,use_adaptive_ngroute,0.0012214673316113256,0,false,59.82166666666667,false,false,11.499999999999998,false,1.383641e6,1.381950927719822e6,false,1
198.309,use_lmSR3_cuts,0.0012192469000261719,5,false,66.00266666666667,false,false,11.531249999999998,false,1.383641e6,1.381954000000001e6,false,0
191.094,use_lmSR3_cuts,0.0008801159508738943,5,false,63.56700000000001,false,false,11.531249999999998,false,1.383641e6,1.3824232354856168e6,false,0
226.656,use_lmSR3_cuts,0.0006124642013096704,5,false,56.53175,false,false,11.531249999999998,false,1.383641e6,1.3827935694200357e6,false,0
49.214,use_lmSR3_cuts,0.0005616870529010498,5,false,49.076,false,false,11.531249999999998,false,1.383641e6,1.382863826764437e6,false,0
101.517,none,0.0004300248402592244,0,false,70.546,false,false,11.531249999999998,true,1.383641e6,1.3830459999999988e6,false,0
