CG_time_taken,method,CG_LP_IP_gap,implemented_SR3_cuts_count,errored,CG_sp_time_taken_mean,converged,CGIP_artificial,ngroute_neighborhood_size,time_limit_reached,CGIP_objective,CGLP_objective,CGLP_artificial,cycles_lookup_length
37.891,use_adaptive_ngroute,0.08457699408693364,0,false,1.4072083333333332,false,false,8.0625,false,1.458779e6,1.335399857142857e6,false,10
15.036,use_adaptive_ngroute,0.06878328609063444,0,false,2.4405,false,false,9.0,false,1.446403e6,1.346914648648648e6,false,3
5.509,use_lmSR3_cuts,0.06836738410642385,6,false,1.7970000000000002,false,false,9.09375,false,1.446403e6,1.3475162105263162e6,false,0
20.539,use_adaptive_ngroute,0.06111829817801273,0,false,5.0112499999999995,false,false,9.09375,false,1.446403e6,1.3580013101604278e6,false,3
14.382,use_adaptive_ngroute,0.060492256873209915,0,false,4.702666666666666,false,false,9.1875,false,1.446403e6,1.3589068181818186e6,false,3
9.359,use_lmSR3_cuts,0.05909504474202576,6,false,4.632499999999999,false,false,9.28125,false,1.446403e6,1.3609277499999998e6,false,0
30.883,use_adaptive_ngroute,0.055585130838362584,0,false,4.330285714285714,false,false,9.28125,false,1.446403e6,1.3660044999999998e6,false,4
35.103,use_lmSR3_cuts,0.0564549543831252,4,false,4.946571428571429,false,false,9.78125,false,1.446403e6,1.3647463846153845e6,false,0
11.421,use_adaptive_ngroute,0.053741730347627525,0,false,5.5985,false,false,9.78125,false,1.446403e6,1.3686708000000005e6,false,1
34.558,use_adaptive_ngroute,0.05145854821060403,0,false,5.688166666666666,false,false,9.8125,false,1.446403e6,1.3719732014925377e6,false,1
12.136,use_lmSR3_cuts,0.05144601740527621,3,false,6.006,false,false,9.84375,false,1.446403e6,1.3719913260869563e6,false,0
11.095,use_lmSR3_cuts,0.05091347293942261,3,false,5.4905,false,false,9.84375,false,1.446403e6,1.3727616000000003e6,false,0
5.03,use_adaptive_ngroute,0.05076828518746024,0,false,4.9559999999999995,false,false,9.84375,false,1.446403e6,1.372971600000002e6,false,1
26.225,use_lmSR3_cuts,0.05076828518746135,10,false,6.511,false,false,9.875,false,1.446403e6,1.3729716000000003e6,false,0
12.558,use_adaptive_ngroute,0.045396057253297095,0,false,6.2085,false,false,9.875,false,1.446403e6,1.3807420066006593e6,false,9
60.404,use_adaptive_ngroute,0.05155496082350508,0,false,8.519857142857143,false,false,10.53125,false,1.446403e6,1.3718337499999998e6,false,1
32.917,use_lmSR3_cuts,0.051300416912213986,10,false,8.17175,false,false,10.5625,false,1.446403e6,1.372201923076923e6,false,0
43.123,use_adaptive_ngroute,0.04199415785477123,0,false,10.669,false,false,10.5625,false,1.446403e6,1.3856625240963853e6,false,2
13.755,use_lmSR3_cuts,0.041984899763874206,4,false,13.696,false,false,11.1875,false,1.446403e6,1.385675915026833e6,false,0
83.734,use_adaptive_ngroute,0.04588085601101899,0,false,13.870999999999999,false,false,11.1875,false,1.446403e6,1.380040792223094e6,false,2
14.094,use_lmSR3_cuts,0.04581891933856608,3,false,14.017,false,false,11.25,false,1.446403e6,1.38013037761194e6,false,0
120.244,use_adaptive_ngroute,0.04446901955241367,0,false,13.216333333333333,false,false,11.25,false,1.446403e6,1.3820828767123302e6,false,2
13.461,use_lmSR3_cuts,0.0443135017129902,10,false,13.387,false,false,11.312500000000002,false,1.446403e6,1.3823078181818258e6,false,0
33.753,use_lmSR3_cuts,0.039712026540839385,1,false,16.7155,false,false,11.312500000000002,false,1.446403e6,1.3889634056752503e6,false,0
78.748,use_adaptive_ngroute,0.04050012340958864,0,false,15.6708,false,false,11.312500000000002,false,1.446403e6,1.3878235000000007e6,false,2
18.347,use_lmSR3_cuts,0.03955098034676752,2,false,18.261000000000003,false,false,11.406250000000002,false,1.446403e6,1.3891963433734945e6,false,0
16.958,use_lmSR3_cuts,0.039506068226128455,10,false,16.836000000000002,false,false,11.406250000000002,false,1.446403e6,1.3892613043995232e6,false,0
52.916,use_lmSR3_cuts,0.037010777770788206,1,false,17.467333333333336,false,false,11.406250000000002,false,1.446403e6,1.3928704999999986e6,false,0
48.325,use_adaptive_ngroute,0.03495338618264088,0,false,16.009666666666664,false,false,11.406250000000002,false,1.446403e6,1.3958463173652696e6,false,2
34.47,use_lmSR3_cuts,0.03493430159096722,10,false,17.1535,false,false,11.468749999999998,false,1.446403e6,1.3958739213759203e6,false,0
26.334,use_lmSR3_cuts,0.0334899502504038,10,false,26.131999999999998,false,false,11.468749999999998,false,1.446403e6,1.3979630354879652e6,false,0
51.566,use_lmSR3_cuts,0.03212600178605696,1,false,25.510999999999996,false,false,11.468749999999998,false,1.446403e6,1.399935854638642e6,false,0
100.173,use_lmSR3_cuts,0.032077622649779425,10,false,24.77725,false,false,11.468749999999998,false,1.446403e6,1.400005830366491e6,false,0
115.466,use_adaptive_ngroute,0.031214057252164973,0,false,28.70625,false,false,11.468749999999998,false,1.446403e6,1.4012548939482968e6,false,2
55.621,use_lmSR3_cuts,0.031212462916628714,10,false,27.653,false,false,11.59375,false,1.446403e6,1.4012571999999995e6,false,0
112.924,use_lmSR3_cuts,0.030072168189441917,10,false,37.46666666666667,false,false,11.59375,false,1.446403e6,1.4029065257142866e6,false,0
110.923,use_adaptive_ngroute,0.029045175311791405,0,false,36.814,false,false,11.59375,false,1.446403e6,1.404391971293499e6,false,7
150.093,use_adaptive_ngroute,0.028689326134927806,0,false,49.89533333333334,false,false,12.15625,false,1.446403e6,1.404906672610462e6,false,1
92.882,use_lmSR3_cuts,0.028648393573862285,2,false,46.309999999999995,false,false,12.21875,false,1.446403e6,1.4049658775895848e6,false,0
157.557,use_lmSR3_cuts,0.028670179939495832,2,false,52.39866666666667,false,false,12.21875,false,1.446403e6,1.4049343657249734e6,false,0
48.685,use_lmSR3_cuts,0.02866684261928576,1,false,48.503,false,false,12.21875,false,1.446403e6,1.4049391928349372e6,false,0
108.687,use_lmSR3_cuts,0.028662522735469098,10,false,54.19,false,false,12.21875,false,1.446403e6,1.4049454411278493e6,false,0
264.906,use_lmSR3_cuts,0.028544978889695205,10,false,52.8138,false,false,12.21875,false,1.446403e6,1.4051154568990082e6,false,0
355.663,none,0.027955901640134728,0,false,70.92320000000001,false,false,12.21875,false,1.446403e6,1.4059675000000042e6,false,0
