CG_time_taken,method,CG_LP_IP_gap,implemented_SR3_cuts_count,errored,CG_sp_time_taken_mean,converged,CGIP_artificial,ngroute_neighborhood_size,time_limit_reached,CGIP_objective,CGLP_objective,CGLP_artificial,cycles_lookup_length
4.063,use_adaptive_ngroute,0.1591657437527032,0,false,0.08457142857142858,false,false,6.0,false,1.389045e6,1.1679566194690263e6,false,21
3.016,use_adaptive_ngroute,0.09501071755777957,0,false,0.20269230769230773,false,false,7.357142857142857,false,1.34981e6,1.2215635833333335e6,false,7
2.112,use_adaptive_ngroute,0.09165704129402719,0,false,0.4086,false,false,7.7857142857142865,false,1.34981e6,1.2260904090909092e6,false,2
2.791,use_adaptive_ngroute,0.09043717263911222,0,false,0.44016666666666676,false,false,7.857142857142858,false,1.34981e6,1.227737e6,false,1
1.66,use_lmSR3_cuts,0.08934752545419988,5,false,0.5433333333333333,false,false,7.892857142857143,false,1.34981e6,1.2292078166666664e6,false,0
1.891,use_adaptive_ngroute,0.0844526266659752,0,false,0.4615,false,false,7.892857142857143,false,1.34981e6,1.235815e6,false,2
4.917,use_lmSR3_cuts,0.0844526266659752,4,false,0.8093333333333335,false,false,8.071428571428571,false,1.34981e6,1.235815e6,false,0
1.531,use_lmSR3_cuts,0.08250272260540359,1,false,0.7494999999999999,false,false,8.071428571428571,false,1.34981e6,1.2384470000000002e6,false,0
2.79,use_lmSR3_cuts,0.08074015972618365,5,false,0.9176666666666666,false,false,8.071428571428571,false,1.34981e6,1.240826125e6,false,0
2.894,use_lmSR3_cuts,0.08012238759529122,1,false,0.5606,false,false,8.071428571428571,false,1.34981e6,1.24166e6,false,0
2.409,use_lmSR3_cuts,0.07971442894432068,2,false,0.7866666666666665,false,false,8.071428571428571,false,1.34981e6,1.2422106666666665e6,false,0
3.334,use_lmSR3_cuts,0.07899185811336407,2,false,0.8225,false,false,8.071428571428571,false,1.34981e6,1.243186e6,false,0
4.087,use_adaptive_ngroute,0.0787267780707599,0,false,1.00175,false,false,8.071428571428571,false,1.34981e6,1.2435438076923075e6,false,1
5.007,use_lmSR3_cuts,0.07850577830612082,5,false,0.9550000000000001,false,false,8.107142857142858,false,1.34981e6,1.243842115384615e6,false,0
4.697,none,0.078086915936317,0,false,0.9097999999999999,false,false,8.107142857142858,false,1.34981e6,1.2444075e6,false,0
