CG_time_taken,method,CG_LP_IP_gap,implemented_SR3_cuts_count,errored,CG_sp_time_taken_mean,converged,CGIP_artificial,ngroute_neighborhood_size,time_limit_reached,CGIP_objective,CGLP_objective,CGLP_artificial,cycles_lookup_length
55.581,use_adaptive_ngroute,0.015095896628928074,0,false,2.208565217391304,false,false,8.0625,false,1.370502e6,1.3498130434782607e6,false,6
13.46,use_adaptive_ngroute,0.008273288782890797,0,false,1.6021249999999998,false,false,8.5625,false,1.370502e6,1.3591634411764706e6,false,2
5.469,use_lmSR3_cuts,0.008123214962795555,6,false,1.7863333333333336,false,false,9.0,false,1.370502e6,1.3593691176470588e6,false,0
26.597,use_adaptive_ngroute,0.004864301581996244,0,false,3.236375,false,false,9.0,false,1.370502e6,1.363835464953271e6,false,9
12.159,use_lmSR3_cuts,0.0036322727271009825,4,false,4.001333333333334,false,false,10.40625,false,1.370502e6,1.3655239629629627e6,false,0
9.281,use_lmSR3_cuts,0.003182191634889975,2,false,4.5945,false,false,10.40625,false,1.370502e6,1.3661408e6,false,0
14.803,use_adaptive_ngroute,0.0029644646957979193,0,false,4.833666666666668,false,false,10.40625,false,1.370502e6,1.3664391952054796e6,false,3
29.939,use_adaptive_ngroute,0.0029136463423875547,0,false,5.9356,false,false,10.59375,false,1.370502e6,1.3665088418604652e6,false,1
11.143,use_adaptive_ngroute,0.002840788752345391,0,false,5.527,false,false,10.6875,false,1.370502e6,1.3666086933333331e6,false,4
11.109,use_adaptive_ngroute,0.0027874576951759655,0,false,5.521,false,false,10.90625,false,1.370502e6,1.366681783653846e6,false,2
17.292,use_lmSR3_cuts,0.0027764080076300157,4,false,5.724333333333333,false,false,11.09375,false,1.370502e6,1.366696927272727e6,false,0
25.465,use_lmSR3_cuts,0.0028604419251559987,1,false,6.30725,false,false,11.09375,false,1.370502e6,1.3665817586206899e6,false,0
6.649,use_adaptive_ngroute,0.0028151898362575034,0,false,6.592,false,false,11.09375,false,1.370502e6,1.3666437766990294e6,false,2
14.379,use_lmSR3_cuts,0.0028119598586279215,1,false,7.1425,false,false,11.406250000000002,false,1.370502e6,1.3666482033898307e6,false,0
24.071,use_lmSR3_cuts,0.0028055781786893164,10,false,7.970666666666667,false,false,11.406250000000002,false,1.370502e6,1.36665694949495e6,false,0
17.639,none,2.220446049250313e-16,0,false,8.7685,true,false,11.406250000000002,false,1.370502e6,1.3705019999999998e6,false,0
