CG_time_taken,method,CG_LP_IP_gap,implemented_SR3_cuts_count,errored,CG_sp_time_taken_mean,converged,CGIP_artificial,ngroute_neighborhood_size,time_limit_reached,CGIP_objective,CGLP_objective,CGLP_artificial,cycles_lookup_length
57.401,use_adaptive_ngroute,0.06850846017951129,0,false,2.1868333333333334,false,false,8.0625,false,1.435889e6,1.3375184556213017e6,false,4
11.281,use_lmSR3_cuts,0.06722383380863683,5,false,2.7787499999999996,false,false,8.53125,false,1.435889e6,1.3393630364963503e6,false,0
26.958,use_adaptive_ngroute,0.06194698893855988,0,false,6.66175,false,false,8.53125,false,1.435889e6,1.3469400000000002e6,false,1
16.71,use_lmSR3_cuts,0.06194698893855999,5,false,5.538333333333332,false,false,8.78125,false,1.435889e6,1.34694e6,false,0
29.324,use_adaptive_ngroute,0.05691993578711141,0,false,7.2785,false,false,8.78125,false,1.435889e6,1.3541582903225804e6,false,6
40.084,use_adaptive_ngroute,0.055737070876344275,0,false,9.969499999999998,false,false,9.21875,false,1.435889e6,1.3558567530364369e6,false,4
13.532,use_lmSR3_cuts,0.054893766503768204,5,false,13.498000000000001,false,false,9.53125,false,1.435889e6,1.3570676445086708e6,false,0
77.723,use_lmSR3_cuts,0.053348165071413045,5,false,12.892499999999998,false,false,9.53125,false,1.435889e6,1.3592869566037739e6,false,0
55.985,use_lmSR3_cuts,0.049753373636686526,5,false,13.9335,false,false,9.53125,false,1.435889e6,1.3644486780821919e6,false,0
81.17,use_adaptive_ngroute,0.04820589617260285,0,false,16.1772,false,false,9.53125,false,1.435889e6,1.3666706839506174e6,false,1
56.534,use_lmSR3_cuts,0.048202563267428444,5,false,18.796666666666667,false,false,9.5625,false,1.435889e6,1.3666754696324954e6,false,0
79.248,use_adaptive_ngroute,0.046793244420300195,0,false,19.75325,false,false,9.5625,false,1.435889e6,1.3686990950625795e6,false,6
46.309,use_adaptive_ngroute,0.04678327146910355,0,false,23.105,false,false,10.125,false,1.435889e6,1.3687134151135003e6,false,1
42.551,use_lmSR3_cuts,0.046782115206646546,5,false,21.228500000000004,false,false,10.1875,false,1.435889e6,1.3687150753780436e6,false,0
184.539,use_adaptive_ngroute,0.04424073929462069,0,false,26.272571428571425,false,false,10.1875,false,1.435889e6,1.3723642090949863e6,false,5
54.508,use_lmSR3_cuts,0.04422487100691175,5,false,27.1855,false,false,10.8125,false,1.435889e6,1.3723869941947565e6,false,0
171.158,use_adaptive_ngroute,0.04247041429349352,0,false,34.139,false,false,10.8125,false,1.435889e6,1.3749061992905298e6,false,2
64.988,use_lmSR3_cuts,0.04244691286268654,5,false,32.44649999999999,false,false,10.875,false,1.435889e6,1.3749399447365098e6,false,0
252.765,use_lmSR3_cuts,0.04006645535140485,5,false,50.4124,false,false,10.875,false,1.435889e6,1.3783580174919267e6,false,0
230.765,use_lmSR3_cuts,0.03821991094548549,5,false,45.937400000000004,false,false,10.875,false,1.435889e6,1.3810094502923978e6,false,0
190.133,use_lmSR3_cuts,0.03803942534729543,5,false,47.3905,false,false,10.875,false,1.435889e6,1.3812686075774974e6,false,0
283.561,use_lmSR3_cuts,0.03785688489271943,5,false,56.6222,false,false,10.875,false,1.435889e6,1.381530715408278e6,false,0
107.434,use_lmSR3_cuts,0.03749488878998786,5,false,53.574,false,false,10.875,false,1.435889e6,1.3820505016302331e6,false,0
549.456,use_adaptive_ngroute,0.035977471705991304,0,false,78.32385714285714,false,false,10.875,false,1.435889e6,1.3842293441295559e6,false,3
407.104,use_lmSR3_cuts,0.03597059605467401,5,false,81.26700000000001,false,false,11.0,false,1.435889e6,1.3842392168016501e6,false,0
447.168,none,0.03530284987391452,0,false,91.26375,false,false,11.0,true,1.435889e6,1.3851980261973948e6,false,0
