CG_time_taken,method,CG_LP_IP_gap,implemented_SR3_cuts_count,errored,CG_sp_time_taken_mean,converged,CGIP_artificial,ngroute_neighborhood_size,time_limit_reached,CGIP_objective,CGLP_objective,CGLP_artificial,cycles_lookup_length
92.03,use_adaptive_ngroute,0.19379288628566127,0,false,3.8527826086956525,false,false,8.0625,false,1.811768e6,1.46066025e6,false,11
101.741,use_adaptive_ngroute,0.17984468626362637,0,false,12.622125,false,false,9.09375,false,1.793092e6,1.4706139318181816e6,false,14
29.86,use_adaptive_ngroute,0.09585275913960245,0,false,7.348,false,false,10.5,false,1.641703e6,1.4843412377622372e6,false,11
102.973,use_adaptive_ngroute,0.09103302873578367,0,false,14.647285714285715,false,false,11.0,false,1.641703e6,1.4922538036253778e6,false,2
38.602,use_adaptive_ngroute,0.08682414358093238,0,false,9.605500000000001,false,false,11.25,false,1.641703e6,1.4991635430107526e6,false,1
57.776,use_adaptive_ngroute,0.08594435845649973,0,false,9.584166666666665,false,false,11.281250000000002,false,1.641703e6,1.500607888888889e6,false,2
9.541,use_lmSR3_cuts,0.08580695341771061,5,false,9.479,false,false,11.343750000000002,false,1.641703e6,1.5008334671532842e6,false,0
225.144,use_adaptive_ngroute,0.08281560667262,0,false,56.22525,false,false,11.343750000000002,false,1.641703e6,1.5057443700787397e6,false,3
78.492,use_lmSR3_cuts,0.08276353883741439,5,false,39.1925,false,false,11.531249999999998,false,1.641703e6,1.5058298500000003e6,false,0
105.501,use_lmSR3_cuts,0.08110611839945325,5,false,35.086333333333336,false,false,11.531249999999998,false,1.641703e6,1.5085508421052624e6,false,0
256.332,use_adaptive_ngroute,0.07754790807675505,0,false,51.1566,false,false,11.531249999999998,false,1.641703e6,1.514392366666667e6,false,2
140.16,use_lmSR3_cuts,0.03880365770449745,5,false,46.663333333333334,false,false,11.65625,false,1.5757e6,1.5145570765550234e6,false,0
171.6,use_adaptive_ngroute,0.03754035243595444,0,false,57.117,false,false,11.65625,false,1.5757e6,1.5165476666666665e6,false,1
107.329,use_adaptive_ngroute,0.03740290029827997,0,false,53.6195,false,false,11.6875,false,1.5757e6,1.5167642500000002e6,false,5
108.691,use_lmSR3_cuts,0.03739364664218103,5,false,54.2835,false,false,11.90625,false,1.5757e6,1.5167788309859154e6,false,0
346.757,use_lmSR3_cuts,0.03638520810674162,5,false,115.5,false,false,11.90625,false,1.5757e6,1.5183678275862073e6,false,0
481.892,use_adaptive_ngroute,0.03541734900683202,0,false,96.26060000000001,false,false,11.90625,false,1.5757e6,1.5198928831699349e6,false,1
125.407,use_lmSR3_cuts,0.035397178489777414,5,false,125.363,false,false,11.96875,false,1.5757e6,1.5199246658536578e6,false,0
270.481,use_adaptive_ngroute,0.034427186423214295,0,false,90.04566666666666,false,false,11.96875,false,1.5757e6,1.5214530823529412e6,false,1
217.119,use_lmSR3_cuts,0.034422173774882436,5,false,108.5065,false,false,12.0,false,1.5757e6,1.5214609807829177e6,false,0
321.31,use_adaptive_ngroute,0.033900155327498904,0,false,107.00233333333333,false,false,12.0,false,1.5757e6,1.52228352525046e6,false,2
153.153,none,0.03389780579260793,0,false,116.517,false,false,12.0625,true,1.5757e6,1.5222872274125877e6,false,0
