CG_time_taken,method,CG_LP_IP_gap,implemented_SR3_cuts_count,errored,CG_sp_time_taken_mean,converged,CGIP_artificial,ngroute_neighborhood_size,time_limit_reached,CGIP_objective,CGLP_objective,CGLP_artificial,cycles_lookup_length
78.101,use_adaptive_ngroute,0.1168484471418777,0,false,3.072333333333333,false,false,8.0625,false,1.653918e6,1.46066025e6,false,11
63.698,use_adaptive_ngroute,0.11083020330017468,0,false,6.957777777777778,false,false,9.09375,false,1.653918e6,1.4706139318181816e6,false,14
38.988,use_adaptive_ngroute,0.0748333486024404,0,false,7.681799999999999,false,false,10.71875,false,1.604547e6,1.484473375e6,false,9
61.425,use_adaptive_ngroute,0.06998436092842564,0,false,8.709142857142856,false,false,11.0,false,1.604547e6,1.4922538036253774e6,false,2
18.095,use_adaptive_ngroute,0.06477785388094659,0,false,4.4745,false,false,11.25,false,1.604547e6,1.5006078888888888e6,false,2
6.676,use_lmSR3_cuts,0.06463726699605254,8,false,6.647,false,false,11.312500000000002,false,1.604547e6,1.500833467153285e6,false,0
95.793,use_adaptive_ngroute,0.05835452830819743,0,false,23.802999999999997,false,false,11.312500000000002,false,1.604547e6,1.5109144166666667e6,false,8
127.6,use_adaptive_ngroute,0.061162142368707206,0,false,25.429599999999997,false,false,11.6875,false,1.604547e6,1.506409467948718e6,false,1
71.753,use_adaptive_ngroute,0.059014170438843605,0,false,23.84366666666667,false,false,11.71875,false,1.604547e6,1.5098559898648649e6,false,4
84.328,use_lmSR3_cuts,0.05890644760988861,9,false,28.079,false,false,11.96875,false,1.604547e6,1.510028836206896e6,false,0
91.186,use_lmSR3_cuts,0.05648597057493443,8,false,30.303333333333335,false,false,11.96875,false,1.604547e6,1.5139126053719006e6,false,0
140.569,use_lmSR3_cuts,0.05379592582694637,3,false,23.243333333333336,false,false,11.96875,false,1.604547e6,1.5182289086021506e6,false,0
39.17,use_adaptive_ngroute,0.0537819500872625,0,false,19.509999999999998,false,false,11.96875,false,1.604547e6,1.5182513333333333e6,false,1
80.908,use_lmSR3_cuts,0.053763117946936556,1,false,26.884333333333334,false,false,12.0625,false,1.604547e6,1.5182815503875967e6,false,0
55.072,use_lmSR3_cuts,0.053743446640048154,10,false,27.448,false,false,12.0625,false,1.604547e6,1.5183131139240507e6,false,0
243.69,use_adaptive_ngroute,0.05152042168481086,0,false,60.80275,false,false,12.0625,false,1.604547e6,1.5218800619469017e6,false,2
105.332,use_lmSR3_cuts,0.05060712402021916,3,false,52.5935,false,false,12.125,false,1.604547e6,1.5233454909747294e6,false,0
79.173,use_lmSR3_cuts,0.050424590853269,1,false,79.051,false,false,12.125,false,1.604547e6,1.5236383740201597e6,false,0
67.025,use_lmSR3_cuts,0.05042378691095961,10,false,66.901,false,false,12.125,false,1.604547e6,1.5236396639833804e6,false,0
82.252,use_adaptive_ngroute,0.04874518973238351,0,false,40.9825,false,false,12.125,false,1.604547e6,1.5263330520504732e6,false,1
251.6,use_lmSR3_cuts,0.04865255583040007,10,false,62.81599999999999,false,false,12.15625,false,1.604547e6,1.526481687499999e6,false,0
247.066,use_adaptive_ngroute,0.047790547990488874,0,false,123.37950000000001,false,false,12.15625,false,1.604547e6,1.527864819593505e6,false,3
252.225,use_lmSR3_cuts,0.04719139949936624,10,false,126.01050000000001,false,false,12.34375,false,1.604547e6,1.5288261815074903e6,false,0
702.267,use_adaptive_ngroute,0.045794369743562435,0,false,233.95766666666665,false,false,12.34375,false,1.604547e6,1.5310677814110762e6,false,6
457.451,none,0.04575144075672888,0,false,311.621,false,false,12.53125,true,1.604547e6,1.531136662988113e6,false,0
