CG_time_taken,method,CG_LP_IP_gap,implemented_SR3_cuts_count,errored,CG_sp_time_taken_mean,converged,CGIP_artificial,ngroute_neighborhood_size,time_limit_reached,CGIP_objective,CGLP_objective,CGLP_artificial,cycles_lookup_length
57.059,use_adaptive_ngroute,0.11840650089564408,0,false,2.299739130434783,false,false,8.0625,false,1.669934e6,1.4722029583333335e6,false,12
23.444,use_adaptive_ngroute,0.0811652532221745,0,false,4.577,false,false,9.59375,false,1.607067e6,1.4766289999999998e6,false,2
9.841,use_adaptive_ngroute,0.08113134051038318,0,false,3.213666666666667,false,false,9.6875,false,1.607067e6,1.4766835e6,false,4
15.034,use_adaptive_ngroute,0.08109252966950253,0,false,4.954666666666666,false,false,9.875,false,1.607067e6,1.4767458716216215e6,false,1
4.436,use_lmSR3_cuts,0.08108043687316335,5,false,4.372,false,false,9.90625,false,1.607067e6,1.476765305555556e6,false,0
61.377,use_adaptive_ngroute,0.07335392156435705,0,false,8.676571428571428,false,false,9.90625,false,1.607067e6,1.4891823333333335e6,false,6
41.994,use_lmSR3_cuts,0.0723865109376104,5,false,10.386999999999999,false,false,10.21875,false,1.607067e6,1.4907370270270272e6,false,0
42.958,use_adaptive_ngroute,0.06913174369170272,0,false,10.67825,false,false,10.21875,false,1.607067e6,1.4959676560606065e6,false,3
52.242,use_adaptive_ngroute,0.06904965483193326,0,false,10.4038,false,false,10.6875,false,1.607067e6,1.4960995783582095e6,false,2
36.809,use_lmSR3_cuts,0.0690356311313618,5,false,12.212333333333333,false,false,10.75,false,1.607067e6,1.4961221153846157e6,false,0
66.456,use_adaptive_ngroute,0.06379883352716442,0,false,13.156200000000002,false,false,10.75,false,1.607067e6,1.5045380000000005e6,false,3
16.28,use_adaptive_ngroute,0.06345299498136314,0,false,16.21,false,false,11.03125,false,1.607067e6,1.5050937857142857e6,false,3
67.502,use_adaptive_ngroute,0.061204572737001306,0,false,16.823,false,false,11.15625,false,1.603504e6,1.5053622227979274e6,false,3
13.644,use_adaptive_ngroute,0.06112829913900819,0,false,13.577,false,false,11.343750000000002,false,1.603504e6,1.505484527817404e6,false,3
73.491,use_lmSR3_cuts,0.06104921461003321,5,false,24.431333333333335,false,false,11.468749999999998,false,1.603504e6,1.5056113401759532e6,false,0
46.401,use_lmSR3_cuts,0.042653407825889,5,false,15.376999999999999,false,false,11.468749999999998,false,1.574188e6,1.5070435172413795e6,false,0
47.9,use_adaptive_ngroute,0.04163548324031585,0,false,23.880999999999997,false,false,11.468749999999998,false,1.574188e6,1.5086459219088936e6,false,1
54.254,use_lmSR3_cuts,0.03564007694478821,5,false,27.067,false,false,11.499999999999998,false,1.564885e6,1.509112378190255e6,false,0
126.21,use_lmSR3_cuts,0.0344845456918309,5,false,25.0526,false,false,11.499999999999998,false,1.564885e6,1.5109206517150393e6,false,0
126.641,use_lmSR3_cuts,0.034069021237191466,5,false,31.60025,false,false,11.499999999999998,false,1.564885e6,1.5115708997012377e6,false,0
102.189,use_lmSR3_cuts,0.0333809266350209,5,false,33.992999999999995,false,false,11.499999999999998,false,1.564885e6,1.5126476886227552e6,false,0
36.597,use_lmSR3_cuts,0.033324086067931136,5,false,36.493,false,false,11.499999999999998,false,1.564885e6,1.5127366375735856e6,false,0
203.117,none,0.001644250665090441,0,false,67.60199999999999,false,false,11.499999999999998,false,1.515584e6,1.5130919999999995e6,false,0
