CG_time_taken,method,CG_LP_IP_gap,implemented_SR3_cuts_count,errored,CG_sp_time_taken_mean,converged,CGIP_artificial,ngroute_neighborhood_size,time_limit_reached,CGIP_objective,CGLP_objective,CGLP_artificial,cycles_lookup_length
47.268,use_adaptive_ngroute,0.1419696053397841,0,false,2.1578500000000003,false,false,8.0625,false,1.56261e6,1.340766875e6,false,7
16.101,use_lmSR3_cuts,0.1402345674864489,9,false,3.1324,false,false,8.8125,false,1.56261e6,1.3434780625e6,false,0
28.456,use_adaptive_ngroute,0.1244735509081698,0,false,3.0244444444444443,false,false,8.8125,false,1.56261e6,1.3681063846153847e6,false,10
24.429,use_lmSR3_cuts,0.12118364019173034,7,false,4.018,false,false,9.8125,false,1.56261e6,1.3732472320000003e6,false,0
28.048,use_adaptive_ngroute,0.11769682678707227,0,false,5.4672,false,false,9.8125,false,1.56261e6,1.378695761494253e6,false,3
16.061,use_lmSR3_cuts,0.11766125504557756,4,false,5.293333333333334,false,false,10.03125,false,1.56261e6,1.37875134625323e6,false,0
20.215,use_adaptive_ngroute,0.11374752097177399,0,false,4.992249999999999,false,false,10.03125,false,1.56261e6,1.3848669862542963e6,false,3
9.892,use_lmSR3_cuts,0.11373511019418825,3,false,4.899500000000001,false,false,10.3125,false,1.56261e6,1.3848863794594596e6,false,0
26.488,use_adaptive_ngroute,0.11313548318409294,0,false,6.545999999999999,false,false,10.3125,false,1.56261e6,1.3858233626217046e6,false,3
7.55,use_lmSR3_cuts,0.1130584759126535,1,false,7.4719999999999995,false,false,10.46875,false,1.56261e6,1.3859436949541285e6,false,0
8.328,use_lmSR3_cuts,0.1130334515265704,10,false,8.276,false,false,10.46875,false,1.56261e6,1.3859827983100659e6,false,0
30.492,use_adaptive_ngroute,0.11050047448121936,0,false,10.062333333333333,false,false,10.46875,false,1.56261e6,1.3899408535709018e6,false,3
11.963,use_lmSR3_cuts,0.11050035316342688,2,false,11.872,false,false,10.84375,false,1.56261e6,1.3899410431432975e6,false,0
9.827,use_adaptive_ngroute,0.10922793696407251,0,false,9.725999999999999,false,false,10.84375,false,1.56261e6,1.3919293334205707e6,false,1
20.44,use_lmSR3_cuts,0.10921684432495549,1,false,10.148,false,false,10.875,false,1.56261e6,1.3919466668893814e6,false,0
8.412,use_lmSR3_cuts,0.10921565265982713,10,false,8.322000000000001,false,false,10.875,false,1.56261e6,1.3919485289972275e6,false,0
34.504,use_lmSR3_cuts,0.10443198951688326,2,false,11.412666666666667,false,false,10.875,false,1.56261e6,1.399423528861023e6,false,0
57.436,use_adaptive_ngroute,0.1045440256962713,0,false,14.27825,false,false,10.875,false,1.56261e6,1.3992484600067495e6,false,1
14.159,use_lmSR3_cuts,0.10454266140028023,10,false,14.046,false,false,10.9375,false,1.56261e6,1.3992505918693081e6,false,0
117.556,use_lmSR3_cuts,0.10000009812173383,2,false,19.459833333333332,false,false,10.9375,false,1.56261e6,1.4063488466739976e6,false,0
39.278,use_adaptive_ngroute,0.09949282325562658,0,false,19.5225,false,false,10.9375,false,1.56261e6,1.4071415194525253e6,false,3
72.507,use_lmSR3_cuts,0.09988552389945982,1,false,24.075666666666667,false,false,11.25,false,1.56261e6,1.406527881499465e6,false,0
85.001,use_lmSR3_cuts,0.0998146542865802,10,false,21.16975,false,false,11.25,false,1.56261e6,1.406638623065247e6,false,0
79.429,use_adaptive_ngroute,0.09518818920304672,0,false,19.67725,false,false,11.25,false,1.56261e6,1.4138679836694272e6,false,8
121.485,use_lmSR3_cuts,0.09569010294297087,2,false,24.219600000000003,false,false,12.1875,false,1.56261e6,1.4130836882402843e6,false,0
55.393,use_lmSR3_cuts,0.09545243273263793,1,false,27.611,false,false,12.1875,false,1.56261e6,1.4134550740876526e6,false,0
53.021,use_lmSR3_cuts,0.09544704749272082,10,false,26.403000000000002,false,false,12.1875,false,1.56261e6,1.4134634891173996e6,false,0
179.956,use_lmSR3_cuts,0.09473061639679226,3,false,35.8414,false,false,12.1875,false,1.56261e6,1.4145829915122085e6,false,0
76.067,use_lmSR3_cuts,0.09463886488641371,1,false,37.82599999999999,false,false,12.1875,false,1.56261e6,1.4147263633398411e6,false,0
119.349,use_adaptive_ngroute,0.09467811622044853,0,false,39.687999999999995,false,false,12.1875,false,1.56261e6,1.414665028812765e6,false,1
36.626,use_lmSR3_cuts,0.09467811622045019,10,false,36.512,false,false,12.3125,false,1.56261e6,1.4146650288127623e6,false,0
250.386,use_lmSR3_cuts,0.08183231197182383,1,false,27.576111111111114,false,false,12.3125,false,1.548421e6,1.4217101296642765e6,false,0
103.659,use_adaptive_ngroute,0.08185559361048844,0,false,25.783750000000005,false,false,12.3125,false,1.548421e6,1.421674079886054e6,false,2
53.964,use_lmSR3_cuts,0.08115626290819289,10,false,26.842,false,false,12.4375,false,1.548421e6,1.422756938231433e6,false,0
248.334,use_lmSR3_cuts,0.08006910159515668,3,false,27.44388888888889,false,false,12.4375,false,1.548421e6,1.424440321638926e6,false,0
39.279,use_lmSR3_cuts,0.07962425069911283,10,false,39.141999999999996,false,false,12.4375,false,1.548421e6,1.425129138108229e6,false,0
252.511,use_adaptive_ngroute,0.0790208980763768,0,false,41.88983333333333,false,false,12.4375,false,1.548421e6,1.4260633819796785e6,false,2
41.678,use_lmSR3_cuts,0.07901877289447112,10,false,41.501,false,false,12.53125,false,1.548421e6,1.42606667265597e6,false,0
152.501,use_adaptive_ngroute,0.07828930321025263,0,false,37.99325,false,false,12.53125,false,1.548421e6,1.4271961988338775e6,false,1
173.937,use_lmSR3_cuts,0.07826722852221346,10,false,43.35925,false,false,12.5625,false,1.548421e6,1.4272303797444056e6,false,0
260.871,none,-3.552713678800501e-15,0,false,52.0206,true,false,12.5625,false,1.411928e6,1.4119280000000051e6,false,0
