CG_time_taken,method,CG_LP_IP_gap,implemented_SR3_cuts_count,errored,CG_sp_time_taken_mean,converged,CGIP_artificial,ngroute_neighborhood_size,time_limit_reached,CGIP_objective,CGLP_objective,CGLP_artificial,cycles_lookup_length
70.148,use_adaptive_ngroute,0.043567084284166335,0,false,3.0361363636363636,false,false,8.0625,false,1.401841e6,1.340766875e6,false,7
27.316,use_lmSR3_cuts,0.04163306501949937,5,false,4.495666666666666,false,false,8.8125,false,1.401841e6,1.3434780625e6,false,0
95.305,use_adaptive_ngroute,0.025597018289071016,0,false,8.513181818181819,false,false,8.8125,false,1.401841e6,1.3659580502846304e6,false,9
39.429,use_lmSR3_cuts,0.024585606435473917,5,false,9.789,false,false,9.78125,false,1.401841e6,1.3673758888888888e6,false,0
90.796,none,0.0,0,false,9.007599999999998,true,false,9.78125,false,1.368913e6,1.368913e6,false,0
