CG_time_taken,method,CG_LP_IP_gap,implemented_SR3_cuts_count,errored,CG_sp_time_taken_mean,converged,CGIP_artificial,ngroute_neighborhood_size,time_limit_reached,CGIP_objective,CGLP_objective,CGLP_artificial,cycles_lookup_length
78.197,use_adaptive_ngroute,0.11136894616503834,0,false,2.7911153846153844,false,false,8.0625,false,1.48575e6,1.3202835882352942e6,false,5
24.754,use_adaptive_ngroute,0.025284231718471273,0,false,3.416714285714286,false,false,8.65625,false,1.369921e6,1.3352836e6,false,2
28.266,use_adaptive_ngroute,0.023137781911025,0,false,5.514399999999999,false,false,8.78125,false,1.369921e6,1.3382240666666667e6,false,1
15.3,use_adaptive_ngroute,0.022506042319228592,0,false,5.035666666666667,false,false,8.90625,false,1.369921e6,1.3390895e6,false,1
16.186,use_lmSR3_cuts,0.022396911938717623,6,false,5.352333333333333,false,false,9.09375,false,1.369921e6,1.339239e6,false,0
40.377,use_lmSR3_cuts,0.013026831769392122,10,false,5.630857142857143,false,false,9.09375,false,1.358427e6,1.340731e6,false,0
35.188,use_adaptive_ngroute,0.005108000249218536,0,false,5.801333333333334,false,false,9.09375,false,1.358427e6,1.3514881545454548e6,false,2
35.465,none,0.0,0,false,7.0388,true,false,9.21875,false,1.34575e6,1.34575e6,false,0
