CG_time_taken,method,CG_LP_IP_gap,implemented_SR3_cuts_count,errored,CG_sp_time_taken_mean,converged,CGIP_artificial,ngroute_neighborhood_size,time_limit_reached,CGIP_objective,CGLP_objective,CGLP_artificial,cycles_lookup_length
73.427,use_adaptive_ngroute,0.07058285315878854,0,false,3.1809090909090916,false,false,8.0625,false,1.617343e6,1.5031863165236055e6,false,18
34.069,use_adaptive_ngroute,0.05978112766151955,0,false,6.752,false,false,10.25,false,1.617343e6,1.520656411644535e6,false,14
29.389,use_adaptive_ngroute,0.05898505295413525,0,false,7.303,false,false,11.375000000000002,false,1.617343e6,1.5219439375e6,false,4
23.599,use_lmSR3_cuts,0.05862547400273166,5,false,7.8196666666666665,false,false,11.499999999999998,false,1.617343e6,1.5225255e6,false,0
31.432,use_adaptive_ngroute,0.055835829196404174,0,false,10.397666666666666,false,false,11.499999999999998,false,1.617343e6,1.5270373125e6,false,8
31.883,use_adaptive_ngroute,0.05431726603447751,0,false,7.9055,false,false,12.03125,false,1.617343e6,1.52949335e6,false,2
16.963,use_adaptive_ngroute,0.05381776881383016,0,false,8.4195,false,false,12.15625,false,1.617343e6,1.5303012083333335e6,false,4
24.56,use_lmSR3_cuts,0.053732136517606444,5,false,8.119,false,false,12.28125,false,1.617343e6,1.5304397051282048e6,false,0
22.117,use_lmSR3_cuts,0.0526285277472871,5,false,11.013,false,false,12.28125,false,1.617343e6,1.5322246190476194e6,false,0
62.004,use_lmSR3_cuts,0.04934345139793206,5,false,15.300999999999998,false,false,12.28125,false,1.617343e6,1.5375377142857143e6,false,0
33.879,use_lmSR3_cuts,0.048478353076620295,5,false,16.8695,false,false,12.28125,false,1.617343e6,1.5389368749999998e6,false,0
23.515,use_lmSR3_cuts,0.047536135064805585,5,false,11.7145,false,false,12.28125,false,1.617343e6,1.5404607647058822e6,false,0
58.139,use_lmSR3_cuts,0.046961899856740486,4,false,14.479750000000001,false,false,12.28125,false,1.617343e6,1.5413894999999998e6,false,0
51.136,use_lmSR3_cuts,0.046004811063444784,5,false,12.692,false,false,12.28125,false,1.617343e6,1.542937440860215e6,false,0
60.956,use_lmSR3_cuts,0.045648474924187776,5,false,20.189666666666668,false,false,12.28125,false,1.617343e6,1.5435137586206894e6,false,0
55.802,use_lmSR3_cuts,0.0453994607204532,3,false,18.522000000000002,false,false,12.28125,false,1.617343e6,1.5439165e6,false,0
71.987,use_adaptive_ngroute,0.04522695175183011,0,false,17.8185,false,false,12.28125,false,1.617343e6,1.5441955061728398e6,false,1
66.454,use_lmSR3_cuts,0.04521654005702824,5,false,22.025666666666666,false,false,12.34375,false,1.617343e6,1.5442123454545457e6,false,0
74.31,use_lmSR3_cuts,0.045197663699042434,4,false,18.456500000000002,false,false,12.34375,false,1.617343e6,1.5442428749999995e6,false,0
54.754,use_lmSR3_cuts,0.04489946726232952,5,false,18.164333333333335,false,false,12.34375,false,1.617343e6,1.5447251609195422e6,false,0
52.191,use_lmSR3_cuts,0.044767965886024164,5,false,17.326999999999998,false,false,12.34375,false,1.617343e6,1.54493784375e6,false,0
56.688,use_lmSR3_cuts,0.04465454123053669,5,false,18.793333333333337,false,false,12.34375,false,1.617343e6,1.5451212903225801e6,false,0
19.432,use_lmSR3_cuts,0.04445474187689191,5,false,19.339,false,false,12.34375,false,1.617343e6,1.545444434408602e6,false,0
82.105,use_lmSR3_cuts,0.04428461116877247,5,false,20.276000000000003,false,false,12.34375,false,1.6173429990602587e6,1.545719593220339e6,false,0
35.794,none,0.044168120182298654,0,false,17.747500000000002,false,false,12.34375,false,1.617343e6,1.5459080000000005e6,false,0
