CG_time_taken,method,CG_LP_IP_gap,implemented_SR3_cuts_count,errored,CG_sp_time_taken_mean,converged,CGIP_artificial,ngroute_neighborhood_size,time_limit_reached,CGIP_objective,CGLP_objective,CGLP_artificial,cycles_lookup_length
57.165,use_adaptive_ngroute,0.14460152123093073,0,false,2.4525,false,false,8.0625,false,1.593235e6,1.362850795321638e6,false,12
20.71,use_adaptive_ngroute,0.016147146861070882,0,false,2.519625,false,false,9.5625,false,1.396129e6,1.3735855e6,false,1
12.543,use_lmSR3_cuts,0.014883653301378308,2,false,3.10475,false,false,9.59375,false,1.396129e6,1.3753495e6,false,0
17.66,use_adaptive_ngroute,0.014577584799749022,0,false,4.375,false,false,9.59375,false,1.396129e6,1.3757768111111112e6,false,8
38.091,use_adaptive_ngroute,0.01108439836146946,0,false,6.307166666666667,false,false,10.34375,false,1.396129e6,1.38065375e6,false,3
39.284,use_adaptive_ngroute,0.00954678146613852,0,false,6.523166666666667,false,false,10.4375,false,1.396129e6,1.3828004615384615e6,false,1
21.016,use_adaptive_ngroute,0.009546781466138632,0,false,6.982666666666667,false,false,10.53125,false,1.396129e6,1.3828004615384613e6,false,1
7.717,use_adaptive_ngroute,0.00951508971085524,0,false,7.696999999999999,false,false,10.5625,false,1.396129e6,1.3828447073170734e6,false,3
14.75,use_lmSR3_cuts,0.009511625732106066,5,false,7.346,false,false,10.75,false,1.396129e6,1.3828495434782605e6,false,0
14.089,use_lmSR3_cuts,0.007488432789390043,5,false,6.849,false,false,10.75,false,1.396129e6,1.3856741818181816e6,false,0
41.229,none,0.004958710835460067,0,false,8.1892,false,false,10.75,false,1.396129e6,1.389206e6,false,0
