CG_time_taken,method,CG_LP_IP_gap,implemented_SR3_cuts_count,errored,CG_sp_time_taken_mean,converged,CGIP_artificial,ngroute_neighborhood_size,time_limit_reached,CGIP_objective,CGLP_objective,CGLP_artificial,cycles_lookup_length
77.632,use_adaptive_ngroute,0.07784488025520686,0,false,3.528714285714286,false,false,8.0625,false,1.63163e6,1.5046159580291968e6,false,14
28.204,use_adaptive_ngroute,0.07538088662833053,0,false,5.5624,false,false,9.03125,false,1.63163e6,1.508636283950617e6,false,9
11.161,use_lmSR3_cuts,0.07455516109657212,5,false,5.4555,false,false,9.9375,false,1.63163e6,1.5099835625e6,false,0
73.163,use_adaptive_ngroute,0.028498823820929498,0,false,9.040125,false,false,9.9375,false,1.573614e6,1.528767851851852e6,false,4
37.282,use_lmSR3_cuts,0.028440397920540428,5,false,9.222000000000001,false,false,10.15625,false,1.573614e6,1.5288597916666667e6,false,0
58.721,use_adaptive_ngroute,0.0255879875144831,0,false,11.693200000000001,false,false,10.15625,false,1.573614e6,1.5333483846153843e6,false,3
47.442,use_adaptive_ngroute,0.02519493139625928,0,false,11.824499999999999,false,false,10.375,false,1.573614e6,1.5339669032258068e6,false,1
22.509,use_lmSR3_cuts,0.025194931396259612,5,false,11.221,false,false,10.5,false,1.573614e6,1.5339669032258063e6,false,0
44.496,use_adaptive_ngroute,0.024717657971763507,0,false,14.706666666666667,false,false,10.5,false,1.573614e6,1.5347179473684214e6,false,3
47.812,use_lmSR3_cuts,0.024717657971763618,5,false,15.866,false,false,10.625,false,1.573614e6,1.5347179473684211e6,false,0
46.216,use_lmSR3_cuts,0.023417241296004088,5,false,15.352333333333336,false,false,10.625,false,1.573614e6,1.5367643012552299e6,false,0
69.441,use_adaptive_ngroute,0.023137045415452806,0,false,17.275000000000002,false,false,10.625,false,1.573614e6,1.5372052214156077e6,false,1
34.531,use_lmSR3_cuts,0.023105200301132944,5,false,17.208000000000002,false,false,10.75,false,1.573614e6,1.537255333333333e6,false,0
101.519,use_adaptive_ngroute,0.02209227082795817,0,false,20.2272,false,false,10.75,false,1.573614e6,1.5388492933333335e6,false,1
77.305,use_lmSR3_cuts,0.022092005067023135,5,false,19.26075,false,false,10.78125,false,1.573614e6,1.5388497115384615e6,false,0
134.773,use_lmSR3_cuts,0.021497127098476954,5,false,26.8636,false,false,10.78125,false,1.573614e6,1.5397858198380573e6,false,0
83.036,use_lmSR3_cuts,0.020805797686439087,5,false,27.594666666666665,false,false,10.78125,false,1.573614e6,1.540873705479452e6,false,0
115.91,use_adaptive_ngroute,0.020558001435528328,0,false,28.90375,false,false,10.78125,false,1.573614e6,1.5412636411290325e6,false,2
153.258,use_lmSR3_cuts,0.020499381174511888,5,false,38.232,false,false,10.84375,false,1.573614e6,1.5413558867924516e6,false,0
79.39,use_lmSR3_cuts,0.019936647891601544,5,false,39.644999999999996,false,false,10.84375,false,1.573614e6,1.5422414117647053e6,false,0
156.555,use_adaptive_ngroute,0.019418866380191968,0,false,39.0775,false,false,10.84375,false,1.573614e6,1.5430562000000007e6,false,2
163.281,use_lmSR3_cuts,0.019326572601276015,5,false,40.765249999999995,false,false,11.03125,false,1.573614e6,1.5432014347826156e6,false,0
142.01,use_lmSR3_cuts,0.019200769693202946,5,false,47.25733333333334,false,false,11.03125,false,1.573614e6,1.5433994000000001e6,false,0
172.914,use_adaptive_ngroute,0.01865406556355942,0,false,57.535000000000004,false,false,11.03125,false,1.573614e6,1.544259701272265e6,false,1
173.159,use_lmSR3_cuts,0.018644938548836643,5,false,57.65166666666667,false,false,11.15625,false,1.573614e6,1.544274063670411e6,false,0
188.71,use_lmSR3_cuts,0.018406674063647155,5,false,62.809333333333335,false,false,11.15625,false,1.573614e6,1.544649000000008e6,false,0
290.505,use_lmSR3_cuts,0.01781847674108461,5,false,72.5175,false,false,11.15625,false,1.573614e6,1.545574595541555e6,false,0
242.807,use_lmSR3_cuts,0.017538595942138357,5,false,60.62625,false,false,11.15625,false,1.573614e6,1.5460150198851079e6,false,0
372.994,use_lmSR3_cuts,0.017163306008137758,5,false,74.4828,false,false,11.15625,false,1.573614e6,1.5466055813793102e6,false,0
208.096,use_lmSR3_cuts,0.017115290299790975,5,false,69.28733333333332,false,false,11.15625,false,1.573614e6,1.5466811395701848e6,false,0
124.313,none,0.016934066729679675,0,false,81.853,false,false,11.15625,true,1.573614e6,1.5469663155172418e6,false,0
