CG_time_taken,method,CG_LP_IP_gap,implemented_SR3_cuts_count,errored,CG_sp_time_taken_mean,converged,CGIP_artificial,ngroute_neighborhood_size,time_limit_reached,CGIP_objective,CGLP_objective,CGLP_artificial,cycles_lookup_length
5.503,use_adaptive_ngroute,0.29076440568040185,0,false,0.1691764705882353,false,false,6.0,false,1.812804e6,1.2857051223249447e6,false,23
6.752,use_adaptive_ngroute,0.0647427968052916,0,false,0.4745384615384616,false,false,8.107142857142858,false,1.463217e6,1.3684842390869516e6,false,9
2.585,use_lmSR3_cuts,0.06211127449125642,5,false,0.8419999999999999,false,false,8.75,false,1.463217e6,1.3723347272727273e6,false,0
5.193,use_lmSR3_cuts,0.05697719477015373,5,false,1.212,false,false,8.75,false,1.463217e6,1.379847e6,false,0
6.401,use_adaptive_ngroute,0.05602645859545552,0,false,1.2502,false,false,8.75,false,1.463217e6,1.3812381333333333e6,false,3
2.921,use_adaptive_ngroute,0.055820290632352276,0,false,1.448,false,false,9.107142857142858,false,1.463217e6,1.3815398018018014e6,false,1
4.7,use_lmSR3_cuts,0.054519824013343876,5,false,1.537,false,false,9.142857142857142,false,1.463217e6,1.383442666666667e6,false,0
7.767,use_adaptive_ngroute,0.05053943047829135,0,false,1.8784999999999998,false,false,9.142857142857142,false,1.463217e6,1.389266846153846e6,false,3
5.566,use_lmSR3_cuts,0.050282156291481694,5,false,1.8216666666666665,false,false,9.607142857142858,false,1.463217e6,1.389643294117647e6,false,0
12.321,use_adaptive_ngroute,0.02281935157225079,0,false,2.3848000000000003,false,false,9.607142857142858,false,1.427503e6,1.3949283071725573e6,false,4
2.486,use_lmSR3_cuts,0.022332621798612506,5,false,2.462,false,false,9.75,false,1.427503e6,1.3956231153846153e6,false,0
10.282,use_adaptive_ngroute,0.021750758971582407,0,false,3.3400000000000003,false,false,9.75,false,1.427503e6,1.3964537263157892e6,false,1
11.404,use_lmSR3_cuts,0.021091011898833334,5,false,2.8175,false,false,9.785714285714285,false,1.427503e6,1.3973955172413797e6,false,0
18.73,use_adaptive_ngroute,0.02020004987081947,0,false,3.708,false,false,9.785714285714285,false,1.427503e6,1.3986673682092556e6,false,1
3.474,use_lmSR3_cuts,0.02014623001318072,5,false,3.448,false,false,9.821428571428571,false,1.427503e6,1.3987441962174946e6,false,0
16.413,use_adaptive_ngroute,0.01946531466148138,0,false,4.045,false,false,9.821428571428571,false,1.427503e6,1.3997162049247914e6,false,2
12.779,use_adaptive_ngroute,0.01946253477357096,0,false,4.228333333333333,false,false,9.964285714285714,false,1.427503e6,1.3997201732231232e6,false,1
8.995,use_lmSR3_cuts,0.01943176376193201,5,false,4.48,false,false,10.0,false,1.427503e6,1.3997640989345508e6,false,0
19.723,use_lmSR3_cuts,0.01861430866377256,5,false,4.8885000000000005,false,false,10.0,false,1.427503e6,1.4009310185395386e6,false,0
16.357,use_lmSR3_cuts,0.017951525326940776,5,false,5.386666666666667,false,false,10.0,false,1.427503e6,1.401877143741216e6,false,0
13.25,use_lmSR3_cuts,0.01721214664242965,5,false,6.5785,false,false,10.0,false,1.427503e6,1.4029326090314917e6,false,0
23.776,use_lmSR3_cuts,0.01656399996525526,5,false,5.78475,false,false,10.0,false,1.427503e6,1.4038578403575982e6,false,0
18.459,use_adaptive_ngroute,0.0162968889122177,0,false,6.109999999999999,false,false,10.0,false,1.427503e6,1.4042391421871425e6,false,2
18.66,use_lmSR3_cuts,0.016274123416903707,5,false,6.174666666666666,false,false,10.178571428571429,false,1.427503e6,1.4042716399999997e6,false,0
21.391,use_adaptive_ngroute,0.015854070142457544,0,false,7.077000000000001,false,false,10.178571428571429,false,1.427503e6,1.4048712673094315e6,false,2
13.866,use_lmSR3_cuts,0.015747254857548132,5,false,6.8915,false,false,10.25,false,1.427503e6,1.4050237464490854e6,false,0
25.141,use_lmSR3_cuts,0.015296806098594962,5,false,6.2299999999999995,false,false,10.25,false,1.427503e6,1.4056667634038373e6,false,0
30.02,use_adaptive_ngroute,0.01453003136032427,0,false,7.4355,false,false,10.25,false,1.427503e6,1.406761336643043e6,false,3
15.564,use_adaptive_ngroute,0.014529099530496525,0,false,7.729500000000001,false,false,10.357142857142858,false,1.427503e6,1.4067626668329176e6,false,1
16.424,use_lmSR3_cuts,0.014529085977805445,5,false,8.1645,false,false,10.392857142857142,false,1.427503e6,1.4067626861794249e6,false,0
21.469,use_adaptive_ngroute,0.013788162806337212,0,false,7.082666666666666,false,false,10.392857142857142,false,1.427503e6,1.4078203562294652e6,false,2
27.036,use_lmSR3_cuts,0.01369582316225415,5,false,8.962666666666667,false,false,10.5,false,1.427503e6,1.4079521713484128e6,false,0
37.308,use_lmSR3_cuts,0.013615472435243303,5,false,9.2705,false,false,10.5,false,1.427503e6,1.408066872252273e6,false,0
9.612,use_lmSR3_cuts,0.013583428948520826,5,false,9.529,false,false,10.5,false,1.427503e6,1.4081126144256997e6,false,0
41.485,use_lmSR3_cuts,0.013454116160805385,5,false,10.216500000000002,false,false,10.5,false,1.427503e6,1.4082972088181018e6,false,0
34.138,none,0.013382108478929955,0,false,11.314333333333332,false,false,10.5,false,1.427503e6,1.408400000000002e6,false,0
