CG_time_taken,method,CG_LP_IP_gap,implemented_SR3_cuts_count,errored,CG_sp_time_taken_mean,converged,CGIP_artificial,ngroute_neighborhood_size,time_limit_reached,CGIP_objective,CGLP_objective,CGLP_artificial,cycles_lookup_length
164.505,use_adaptive_ngroute,0.052989584758084796,0,false,6.822608695652174,false,false,7.833333333333333,false,1.669262e6,1.5808084997675498e6,false,14
109.514,use_adaptive_ngroute,0.03401164437097526,0,false,15.517285714285713,false,false,9.694444444444445,false,1.643978e6,1.588063604910293e6,false,11
96.425,use_adaptive_ngroute,0.03131719332029803,0,false,16.019833333333334,false,false,10.027777777777779,false,1.643978e6,1.5924932231596832e6,false,7
38.87,use_adaptive_ngroute,0.031025958645810814,0,false,12.911666666666667,false,false,10.305555555555555,false,1.643978e6,1.5929720065573773e6,false,2
61.46,use_SR3_cuts,0.03087416983894764,5,false,15.33525,false,false,10.444444444444445,false,1.643978e6,1.5932215440165065e6,false,0
173.867,use_adaptive_ngroute,0.027129580101328155,0,false,43.314750000000004,false,false,10.444444444444445,false,1.643978e6,1.5993775671641787e6,false,1
109.677,use_adaptive_ngroute,0.02685086689101701,0,false,54.78,false,false,10.527777777777777,false,1.643978e6,1.5998357655502397e6,false,6
159.504,use_SR3_cuts,0.026850866891017566,5,false,79.695,false,false,11.36111111111111,false,1.643978e6,1.5998357655502388e6,false,0
434.89,use_adaptive_ngroute,0.023365704336369086,0,false,108.28349999999999,false,false,11.36111111111111,false,1.643978e6,1.6055652961165046e6,false,3
287.558,use_adaptive_ngroute,0.02335482741482442,0,false,143.72500000000002,false,false,11.555555555555555,false,1.643978e6,1.6055831775362317e6,false,3
218.361,use_SR3_cuts,0.023335459628122,5,false,109.1305,false,false,11.916666666666666,false,1.643978e6,1.6056150177514793e6,false,0
615.341,use_adaptive_ngroute,0.020748262941817197,0,false,153.75775,false,false,11.916666666666666,false,1.643978e6,1.6098683121854372e6,false,2
143.049,use_adaptive_ngroute,0.020746128852046186,0,false,142.993,false,false,12.083333333333334,false,1.643978e6,1.6098718205820709e6,false,1
192.553,use_SR3_cuts,0.020744463513418188,5,false,192.502,false,false,12.11111111111111,false,1.643978e6,1.6098745583621378e6,false,0
784.023,none,0.01798005593705454,0,false,247.66333333333333,false,false,12.11111111111111,true,1.643978e6,1.614419183600713e6,false,0
