CG_time_taken,method,CG_LP_IP_gap,implemented_SR3_cuts_count,errored,CG_sp_time_taken_mean,converged,CGIP_artificial,ngroute_neighborhood_size,time_limit_reached,CGIP_objective,CGLP_objective,CGLP_artificial,cycles_lookup_length
233.042,use_adaptive_ngroute,0.04276761560203013,0,false,9.770478260869563,false,false,7.833333333333333,false,1.525979e6,1.4607165167112297e6,false,17
605.079,use_adaptive_ngroute,0.029112123916494426,0,false,67.08944444444445,false,false,10.38888888888889,false,1.525027e6,1.4806302250000003e6,false,12
275.498,use_SR3_cuts,0.024663923009134447,5,false,55.02819999999999,false,false,11.194444444444445,false,1.525027e6,1.4874138514851488e6,false,0
754.793,use_adaptive_ngroute,0.01961048937048049,0,false,251.43866666666665,false,false,11.194444444444445,false,1.525027e6,1.4951204742268042e6,false,6
821.934,use_adaptive_ngroute,0.019367853815047464,0,false,273.8813333333334,false,false,11.388888888888888,false,1.525027e6,1.4954904999999995e6,false,1
905.356,none,0.019152650811127714,0,false,303.37249999999995,false,false,11.416666666666666,true,1.525027e6,1.4958186903914583e6,false,0
