CG_time_taken,method,CG_LP_IP_gap,implemented_SR3_cuts_count,errored,CG_sp_time_taken_mean,converged,CGIP_artificial,ngroute_neighborhood_size,time_limit_reached,CGIP_objective,CGLP_objective,CGLP_artificial,cycles_lookup_length
131.938,use_adaptive_ngroute,0.13734197678043358,0,false,4.822730769230769,false,false,7.833333333333333,false,1.661702e6,1.4334805625e6,false,8
39.158,use_adaptive_ngroute,0.11987784707933247,0,false,6.427,false,false,8.416666666666668,false,1.63296e6,1.4372042708333333e6,false,6
22.624,use_adaptive_ngroute,0.11980015761844476,0,false,7.438000000000001,false,false,9.527777777777777,false,1.63296e6,1.4373311346153845e6,false,5
30.878,use_SR3_cuts,0.11918124142661157,5,false,10.239333333333333,false,false,9.666666666666666,false,1.63296e6,1.4383418000000003e6,false,0
330.279,use_SR3_cuts,0.08290416578909876,5,false,41.186,false,false,9.666666666666666,false,1.585822e6,1.4543507499999998e6,false,0
205.15,use_SR3_cuts,0.06963751069289992,5,false,40.907000000000004,false,false,9.666666666666666,false,1.571136e6,1.461726e6,false,0
177.323,use_adaptive_ngroute,0.06755264273041206,0,false,58.98699999999999,false,false,9.666666666666666,false,1.571136e6,1.4650016111111112e6,false,2
86.86,use_SR3_cuts,0.06753508779145023,5,false,43.343,false,false,9.972222222222221,false,1.571136e6,1.465029192307692e6,false,0
170.016,use_SR3_cuts,0.06721100492995125,5,false,56.612666666666655,false,false,9.972222222222221,false,1.571136e6,1.4655383705583762e6,false,0
637.881,use_adaptive_ngroute,0.06494109994297148,0,false,159.223,false,false,9.972222222222221,false,1.571136e6,1.4691046999999995e6,false,1
301.85,use_SR3_cuts,0.0649394775849147,5,false,150.84050000000002,false,false,10.0,false,1.571136e6,1.4691072489451475e6,false,0
696.566,use_SR3_cuts,0.06326673418352113,5,false,232.0946666666667,false,false,10.0,false,1.571136e6,1.4717353563218394e6,false,0
749.842,none,0.061684472669567225,0,false,346.679,false,false,10.0,true,1.571136e6,1.4742213043478269e6,false,0
