CG_time_taken,method,CG_LP_IP_gap,implemented_SR3_cuts_count,errored,CG_sp_time_taken_mean,converged,CGIP_artificial,ngroute_neighborhood_size,time_limit_reached,CGIP_objective,CGLP_objective,CGLP_artificial,cycles_lookup_length
162.244,use_adaptive_ngroute,0.17563621389144035,0,false,6.219719999999998,false,false,7.833333333333333,false,1.628256e6,1.3422752809139788e6,false,5
29.915,use_SR3_cuts,0.1744890728532199,5,false,9.881,false,false,8.333333333333334,false,1.628256e6,1.3441431201923075e6,false,0
174.115,use_adaptive_ngroute,0.019617498185750426,0,false,34.1796,false,false,8.333333333333334,false,1.385188e6,1.3580140769230768e6,false,1
68.454,use_SR3_cuts,0.01930903644098869,5,false,34.1405,false,false,8.5,false,1.385188e6,1.3584413544303798e6,false,0
302.594,use_adaptive_ngroute,0.017237288545599583,0,false,59.6474,false,false,8.5,false,1.385188e6,1.361311114754098e6,false,4
193.961,use_adaptive_ngroute,0.016428119582704626,0,false,64.43466666666666,false,false,9.333333333333334,false,1.385188e6,1.3624319658914725e6,false,5
138.564,use_SR3_cuts,0.016259013476583872,5,false,69.1895,false,false,9.88888888888889,false,1.385188e6,1.3626662096403977e6,false,0
244.014,use_adaptive_ngroute,0.015107895222731704,0,false,121.88850000000001,false,false,9.88888888888889,false,1.385188e6,1.3642607248322146e6,false,2
389.462,use_SR3_cuts,0.015107335610762052,5,false,129.75833333333335,false,false,9.944444444444445,false,1.385188e6,1.3642614999999998e6,false,0
515.859,use_SR3_cuts,0.01400492446894619,5,false,171.35466666666667,false,false,9.944444444444445,false,1.385188e6,1.3657885466847094e6,false,0
988.806,use_adaptive_ngroute,0.012476344361750713,0,false,329.312,false,false,9.944444444444445,false,1.385188e6,1.3679059175062352e6,false,6
289.444,use_SR3_cuts,0.012468274964265724,5,false,289.32,false,false,10.777777777777779,false,1.385188e6,1.3679170951387987e6,false,0
86.069,none,0.011004998647696218,0,false,NaN,false,false,10.777777777777779,true,1.385188e6,1.369944007933195e6,false,0
