CG_time_taken,method,CG_LP_IP_gap,implemented_SR3_cuts_count,errored,CG_sp_time_taken_mean,converged,CGIP_artificial,ngroute_neighborhood_size,time_limit_reached,CGIP_objective,CGLP_objective,CGLP_artificial,cycles_lookup_length
74.05,use_adaptive_ngroute,0.21461009812558463,0,false,2.7449600000000007,false,false,7.833333333333333,false,1.810137e6,1.4216633208092486e6,false,12
36.29,use_adaptive_ngroute,0.2101213603061468,0,false,5.965499999999999,false,false,9.13888888888889,false,1.810137e6,1.4297885512195122e6,false,4
37.412,use_SR3_cuts,0.20905220986035844,5,false,7.420200000000001,false,false,9.555555555555555,false,1.810137e6,1.4317238600000003e6,false,0
217.4,use_SR3_cuts,0.04714277895208707,5,false,23.84111111111111,false,false,9.555555555555555,false,1.534708e6,1.4623576000000003e6,false,0
196.426,use_adaptive_ngroute,0.03720792193338762,0,false,48.9485,false,false,9.555555555555555,false,1.534708e6,1.4776047045454546e6,false,1
52.119,use_adaptive_ngroute,0.03717900899403104,0,false,52.07,false,false,9.583333333333332,false,1.534708e6,1.4776490774647887e6,false,4
118.707,use_SR3_cuts,0.037126365850584375,5,false,59.296,false,false,9.777777777777777,false,1.534708e6,1.4777298693181814e6,false,0
312.672,use_adaptive_ngroute,0.03588843083163806,0,false,62.46640000000001,false,false,9.777777777777777,false,1.534708e6,1.4796297380952383e6,false,1
204.789,use_SR3_cuts,0.035822108983859624,5,false,68.17866666666666,false,false,9.805555555555555,false,1.534708e6,1.4797315227655987e6,false,0
572.83,use_adaptive_ngroute,0.03177606840414238,0,false,190.66233333333335,false,false,9.805555555555555,false,1.534708e6,1.4859410136116154e6,false,7
321.33,use_SR3_cuts,0.03174706632041857,5,false,160.59949999999998,false,false,10.277777777777779,false,1.534708e6,1.485985523341523e6,false,0
593.985,use_SR3_cuts,0.03073111222060676,5,false,197.88833333333332,false,false,10.277777777777779,false,1.534708e6,1.487544716226137e6,false,0
515.215,use_SR3_cuts,0.029721557059978254,5,false,257.52,false,false,10.277777777777779,false,1.534708e6,1.4890940886075948e6,false,0
308.834,none,0.02858877754291622,0,false,291.107,false,false,10.277777777777779,true,1.534708e6,1.4908325743946661e6,false,0
