CG_time_taken,method,CG_LP_IP_gap,implemented_SR3_cuts_count,errored,CG_sp_time_taken_mean,converged,CGIP_artificial,ngroute_neighborhood_size,time_limit_reached,CGIP_objective,CGLP_objective,CGLP_artificial,cycles_lookup_length
88.464,use_adaptive_ngroute,0.14506692773360808,0,false,3.7872272727272724,false,false,7.833333333333333,false,1.71766e6,1.4684843409090908e6,false,11
41.78,use_adaptive_ngroute,0.09730382197395027,0,false,5.866285714285714,false,false,9.63888888888889,false,1.631315e6,1.4725818156565654e6,false,2
20.575,use_adaptive_ngroute,0.09723950248284707,0,false,6.779,false,false,9.694444444444445,false,1.631315e6,1.4726867410071944e6,false,2
14.425,use_SR3_cuts,0.09723888847521256,5,false,7.1465,false,false,9.75,false,1.631315e6,1.4726877426470586e6,false,0
83.366,use_adaptive_ngroute,0.004701120605851372,0,false,16.560600000000004,false,false,9.75,false,1.487871e6,1.4808763389830512e6,false,6
63.135,use_adaptive_ngroute,0.004587897741134994,0,false,15.72225,false,false,10.25,false,1.487871e6,1.4810447999999998e6,false,1
47.808,use_SR3_cuts,0.004540566875607888,5,false,15.865666666666668,false,false,10.277777777777779,false,1.487871e6,1.4811152222222225e6,false,0
90.655,use_adaptive_ngroute,0.001091135155151357,0,false,22.58375,false,false,10.277777777777779,false,1.487871e6,1.4862475316455697e6,false,6
54.426,use_adaptive_ngroute,0.00029678872249894184,0,false,18.093333333333334,false,false,10.444444444444445,false,1.487871e6,1.4874294166666667e6,false,2
127.17,none,0.0,0,false,25.375200000000003,true,false,10.972222222222223,false,1.487871e6,1.487871e6,false,0
