CG_time_taken,method,CG_LP_IP_gap,implemented_SR3_cuts_count,errored,CG_sp_time_taken_mean,converged,CGIP_artificial,ngroute_neighborhood_size,time_limit_reached,CGIP_objective,CGLP_objective,CGLP_artificial,cycles_lookup_length
58.82,use_adaptive_ngroute,0.08338987982006596,0,false,2.543476190476191,false,false,7.833333333333333,false,1.563905e6,1.4334911499999997e6,false,7
20.589,use_adaptive_ngroute,0.08337335068306584,0,false,5.082000000000001,false,false,8.86111111111111,false,1.563905e6,1.433517e6,false,5
25.793,use_SR3_cuts,0.0630553916726122,5,false,6.389,false,false,9.472222222222223,false,1.530564e6,1.4340536875e6,false,0
62.827,use_adaptive_ngroute,0.058658990305218706,0,false,15.642249999999999,false,false,9.472222222222223,false,1.530564e6,1.4407826611624833e6,false,4
45.803,use_adaptive_ngroute,0.058025252105230685,0,false,15.230666666666666,false,false,9.916666666666666,false,1.530564e6,1.4417526380368096e6,false,2
48.443,use_SR3_cuts,0.057971933228989636,5,false,16.072666666666667,false,false,9.972222222222221,false,1.530564e6,1.4418342459893047e6,false,0
82.945,use_SR3_cuts,0.055480335709878426,5,false,20.656750000000002,false,false,9.972222222222221,false,1.530564e6,1.4456477954545456e6,false,0
102.739,use_SR3_cuts,0.052109063811024536,5,false,34.083999999999996,false,false,9.972222222222221,false,1.530564e6,1.450807742857143e6,false,0
86.132,use_SR3_cuts,0.05004409171075841,5,false,43.000499999999995,false,false,9.972222222222221,false,1.530564e6,1.4539683148148148e6,false,0
44.54,use_adaptive_ngroute,0.04912683167773435,0,false,44.457,false,false,9.972222222222221,false,1.530564e6,1.4553722400000002e6,false,2
98.587,use_SR3_cuts,0.04906893940659329,5,false,49.2185,false,false,10.11111111111111,false,1.530564e6,1.455460847826087e6,false,0
136.485,use_SR3_cuts,0.04858276693947716,5,false,68.197,false,false,10.11111111111111,false,1.530564e6,1.456204965902046e6,false,0
329.664,use_SR3_cuts,0.047379363520991924,5,false,109.708,false,false,10.11111111111111,false,1.530564e6,1.4580468518518566e6,false,0
416.08,use_SR3_cuts,0.04661810940280675,5,false,138.34733333333332,false,false,10.11111111111111,false,1.530564e6,1.4592120000000026e6,false,0
322.281,use_SR3_cuts,0.04580635597693217,5,false,161.04749999999999,false,false,10.11111111111111,false,1.530564e6,1.4604544405705228e6,false,0
354.727,use_SR3_cuts,0.04544836246702588,5,false,177.2365,false,false,10.11111111111111,false,1.530564e6,1.461002372549019e6,false,0
424.26,use_SR3_cuts,0.04466523451485893,5,false,212.005,false,false,10.11111111111111,false,1.530564e6,1.4622009999999995e6,false,0
923.134,none,0.03849064712283412,0,false,338.602,false,false,10.11111111111111,true,1.521009e6,1.4624643793103453e6,false,0
