CG_time_taken,method,CG_LP_IP_gap,implemented_SR3_cuts_count,errored,CG_sp_time_taken_mean,converged,CGIP_artificial,ngroute_neighborhood_size,time_limit_reached,CGIP_objective,CGLP_objective,CGLP_artificial,cycles_lookup_length
78.289,use_adaptive_ngroute,0.1384757793659367,0,false,3.06308695652174,false,false,7.833333333333333,false,1.727726e6,1.4884777956192077e6,false,16
43.195,use_adaptive_ngroute,0.1143190178578326,0,false,5.278125,false,false,9.38888888888889,false,1.688211e6,1.4952163765432106e6,false,6
27.994,use_adaptive_ngroute,0.1140960797254108,0,false,6.91675,false,false,10.13888888888889,false,1.688211e6,1.4955927431506845e6,false,8
50.455,use_SR3_cuts,0.11403720588517385,8,false,10.0116,false,false,11.222222222222223,false,1.688211e6,1.4956921346153847e6,false,0
247.822,use_SR3_cuts,0.03952045699861717,4,false,34.982285714285716,false,false,11.222222222222223,false,1.564913e6,1.503066923076923e6,false,0
153.77,use_adaptive_ngroute,0.038780590358696854,0,false,51.14233333333334,false,false,11.222222222222223,false,1.564913e6,1.5042247500000007e6,false,3
329.628,use_SR3_cuts,0.03871306387197038,5,false,108.778,false,false,11.305555555555555,false,1.564913e6,1.5043304230769232e6,false,0
535.213,use_SR3_cuts,0.03666873174419305,2,false,178.10433333333333,false,false,11.305555555555555,false,1.564913e6,1.5075296249999995e6,false,0
790.573,use_SR3_cuts,0.036608904137163,10,false,260.64166666666665,false,false,11.305555555555555,false,1.564913e6,1.5076232499999998e6,false,0
1321.712,none,0.03318472833055719,0,false,1255.777,false,false,11.305555555555555,true,1.564913e6,1.5129817872340428e6,false,0
