CG_time_taken,method,CG_LP_IP_gap,implemented_SR3_cuts_count,errored,CG_sp_time_taken_mean,converged,CGIP_artificial,ngroute_neighborhood_size,time_limit_reached,CGIP_objective,CGLP_objective,CGLP_artificial,cycles_lookup_length
113.877,use_adaptive_ngroute,0.09517383181037475,0,false,4.361666666666666,false,false,7.833333333333333,false,1.640513e6,1.4843790916552667e6,false,14
57.47,use_adaptive_ngroute,0.08877423098750248,0,false,9.399666666666667,false,false,9.277777777777779,false,1.640513e6,1.4948777199999993e6,false,8
62.79,use_SR3_cuts,0.08827779199836572,5,false,12.4782,false,false,10.527777777777777,false,1.640513e6,1.495692134615385e6,false,0
129.537,use_adaptive_ngroute,0.0867437587443004,0,false,25.6272,false,false,10.527777777777777,false,1.640513e6,1.4982087361111115e6,false,5
154.895,use_adaptive_ngroute,0.08653321099361344,0,false,30.899000000000004,false,false,11.0,false,1.640513e6,1.4985541424332343e6,false,4
65.034,use_SR3_cuts,0.08636049994278605,5,false,32.4105,false,false,11.11111111111111,false,1.640513e6,1.4988374771573602e6,false,0
187.773,use_adaptive_ngroute,0.08177014295691332,0,false,46.552,false,false,11.11111111111111,false,1.63709e6,1.5032249166666667e6,false,1
235.262,use_SR3_cuts,0.08111985290973578,5,false,58.62875,false,false,11.13888888888889,false,1.63709e6,1.5042895000000007e6,false,0
373.37,use_SR3_cuts,0.06756400846250143,5,false,124.15466666666666,false,false,11.13888888888889,false,1.62127e6,1.5117305000000002e6,false,0
489.821,use_adaptive_ngroute,0.0667841630326842,0,false,163.095,false,false,11.13888888888889,false,1.62127e6,1.51299484e6,false,1
767.037,use_SR3_cuts,0.06674876653936312,5,false,255.5856666666667,false,false,11.277777777777779,false,1.62127e6,1.5130522272727268e6,false,0
931.803,none,0.06470964120720168,0,false,378.2185,false,false,11.277777777777779,true,1.62127e6,1.5163582000000002e6,false,0
