CG_time_taken,method,CG_LP_IP_gap,implemented_SR3_cuts_count,errored,CG_sp_time_taken_mean,converged,CGIP_artificial,ngroute_neighborhood_size,time_limit_reached,CGIP_objective,CGLP_objective,CGLP_artificial,cycles_lookup_length
127.392,use_adaptive_ngroute,0.13628930016229968,0,false,6.1075,false,false,7.833333333333333,false,1.735195e6,1.4987064878048785e6,false,23
79.955,use_adaptive_ngroute,0.09014056499191103,0,false,8.72611111111111,false,false,10.916666666666666,false,1.674022e6,1.523124711111111e6,false,11
73.134,use_adaptive_ngroute,0.08729883279112616,0,false,10.334999999999999,false,false,12.11111111111111,false,1.674022e6,1.5278818333333335e6,false,1
21.83,use_adaptive_ngroute,0.08702110844421418,0,false,10.823,false,false,12.13888888888889,false,1.674022e6,1.5283467499999998e6,false,6
91.899,use_SR3_cuts,0.07883966154822297,5,false,18.259600000000002,false,false,13.055555555555555,false,1.6611e6,1.5301394382022468e6,false,0
245.424,use_SR3_cuts,0.047202839686176445,5,false,24.4,false,false,13.055555555555555,false,1.613136e6,1.5369914000000001e6,false,0
117.841,use_SR3_cuts,0.04052083318177613,5,false,39.172333333333334,false,false,13.055555555555555,false,1.603721e6,1.5387368888888888e6,false,0
219.133,use_adaptive_ngroute,0.03828159439231782,0,false,54.6145,false,false,13.055555555555555,false,1.603721e6,1.5423280031595577e6,false,4
214.613,use_SR3_cuts,0.031048365017136037,5,false,71.42733333333334,false,false,13.527777777777779,false,1.592024e6,1.542594257731959e6,false,0
652.957,use_SR3_cuts,0.029723798133696522,5,false,162.80725,false,false,13.527777777777779,false,1.592024e6,1.544703e6,false,0
802.13,use_adaptive_ngroute,0.027436619373665816,0,false,267.2366666666667,false,false,13.527777777777779,false,1.592024e6,1.548344243478259e6,false,3
691.131,use_SR3_cuts,0.027425867951738514,5,false,230.2563333333333,false,false,13.61111111111111,false,1.592024e6,1.5483613600000015e6,false,0
242.344,none,0.026390843816577192,0,false,NaN,false,false,13.61111111111111,true,1.592024e6,1.5500091432637575e6,false,0
