CG_time_taken,method,CG_LP_IP_gap,implemented_SR3_cuts_count,errored,CG_sp_time_taken_mean,converged,CGIP_artificial,ngroute_neighborhood_size,time_limit_reached,CGIP_objective,CGLP_objective,CGLP_artificial,cycles_lookup_length
87.779,use_adaptive_ngroute,0.08337788630138221,0,false,3.291541666666667,false,false,7.833333333333333,false,1.635032e6,1.4987064878048785e6,false,23
52.875,use_adaptive_ngroute,0.06844348544180723,0,false,5.0958000000000006,false,false,10.916666666666666,false,1.635032e6,1.523124711111111e6,false,12
46.927,use_adaptive_ngroute,0.06553398751013217,0,false,7.7445,false,false,12.027777777777779,false,1.635032e6,1.5278818333333335e6,false,1
30.302,use_adaptive_ngroute,0.06524964037401115,0,false,7.517750000000001,false,false,12.055555555555555,false,1.635032e6,1.5283467499999998e6,false,7
40.987,use_SR3_cuts,0.06415321644943528,9,false,8.1322,false,false,13.027777777777777,false,1.635032e6,1.530139438202247e6,false,0
348.068,use_SR3_cuts,0.03376083056605217,4,false,42.767875,false,false,13.027777777777777,false,1.589406e6,1.5357463333333333e6,false,0
209.566,use_adaptive_ngroute,0.03217768147345623,0,false,41.64320000000001,false,false,13.027777777777777,false,1.589406e6,1.5382625999999999e6,false,3
205.562,use_SR3_cuts,0.03217768147345623,1,false,68.42933333333332,false,false,13.277777777777779,false,1.589406e6,1.5382625999999999e6,false,0
350.074,use_SR3_cuts,0.030976050172202507,2,false,86.6235,false,false,13.277777777777779,false,1.589406e6,1.5401724800000002e6,false,0
1285.237,use_SR3_cuts,0.030194928168133295,1,false,183.41400000000002,false,false,13.277777777777779,false,1.589406e6,1.541414e6,false,0
84.92,use_SR3_cuts,0.030194928168132407,1,false,84.816,false,false,13.277777777777779,false,1.589406e6,1.5414140000000014e6,false,0
550.322,use_adaptive_ngroute,0.028965433207961522,0,false,183.30833333333334,false,false,13.277777777777779,false,1.589406e6,1.5433681666666667e6,false,1
289.789,none,0.028410004272036105,0,false,123.507,false,false,13.305555555555555,true,1.589406e6,1.5442509687500002e6,false,0
