CG_time_taken,method,CG_LP_IP_gap,implemented_SR3_cuts_count,errored,CG_sp_time_taken_mean,converged,CGIP_artificial,ngroute_neighborhood_size,time_limit_reached,CGIP_objective,CGLP_objective,CGLP_artificial,cycles_lookup_length
3.893,use_adaptive_ngroute,0.999935472008111,0,false,0.1181,false,true,6.0,false,2.0001288539e10,1.2906429846153844e6,false,18
2.986,use_adaptive_ngroute,0.144691636481739,0,false,0.2823333333333333,false,false,7.321428571428571,false,1.613388e6,1.37994425e6,false,5
4.065,use_adaptive_ngroute,0.14207121740822892,0,false,0.43511111111111106,false,false,7.821428571428572,false,1.613388e6,1.3841720026881723e6,false,5
1.3,use_lmSR3_cuts,0.14041683298334495,5,false,0.42133333333333334,false,false,8.142857142857142,false,1.613388e6,1.386841166666667e6,false,0
4.098,use_adaptive_ngroute,0.09928559921959601,0,false,0.7857999999999999,false,false,8.142857142857142,false,1.564318e6,1.40900375e6,false,7
6.836,use_adaptive_ngroute,0.09767681926397109,0,false,0.9555714285714287,false,false,8.428571428571429,false,1.564318e6,1.4115203934426233e6,false,3
4.789,use_adaptive_ngroute,0.09675398480360131,0,false,0.7853333333333333,false,false,8.571428571428571,false,1.564318e6,1.412964e6,false,1
2.644,use_adaptive_ngroute,0.09566699353967667,0,false,0.8676666666666667,false,false,8.607142857142858,false,1.564318e6,1.4146644000000001e6,false,2
0.991,use_lmSR3_cuts,0.09545685404118598,5,false,0.975,false,false,8.678571428571429,false,1.564318e6,1.414993125e6,false,0
3.111,use_lmSR3_cuts,0.09143972005691936,5,false,0.968,false,false,8.678571428571429,false,1.564318e6,1.4212772e6,false,0
6.738,use_adaptive_ngroute,0.0858419212078364,0,false,1.6325000000000003,false,false,8.678571428571429,false,1.564318e6,1.4300339374999998e6,false,4
3.772,use_lmSR3_cuts,0.08581579960084851,5,false,1.8675000000000002,false,false,9.107142857142858,false,1.564318e6,1.4300747999999998e6,false,0
2.64,use_lmSR3_cuts,0.08471231552663894,5,false,1.2535,false,false,9.107142857142858,false,1.564318e6,1.4318009999999993e6,false,0
1.817,use_adaptive_ngroute,0.08413316409355753,0,false,1.698,false,false,9.107142857142858,false,1.564318e6,1.4327069770114943e6,false,7
7.374,use_lmSR3_cuts,0.08389596271459532,5,false,2.4193333333333333,false,false,9.428571428571429,false,1.564318e6,1.4330780353982297e6,false,0
9.117,use_adaptive_ngroute,0.08310303199690838,0,false,2.24375,false,false,9.428571428571429,false,1.564318e6,1.4343184311926602e6,false,1
12.005,use_lmSR3_cuts,0.08308866467687503,5,false,2.9662500000000005,false,false,9.464285714285714,false,1.564318e6,1.4343409062500002e6,false,0
10.941,use_lmSR3_cuts,0.08159979684437535,5,false,3.611333333333333,false,false,9.464285714285714,false,1.564318e6,1.4366699690000005e6,false,0
14.122,use_lmSR3_cuts,0.0808401756775049,5,false,3.46175,false,false,9.464285714285714,false,1.564318e6,1.4378582580645168e6,false,0
13.475,use_adaptive_ngroute,0.07976576305293759,0,false,4.4366666666666665,false,false,9.464285714285714,false,1.564318e6,1.4395389810725548e6,false,2
5.167,use_lmSR3_cuts,0.07975751227844408,5,false,5.107,false,false,9.678571428571429,false,1.564318e6,1.4395518879076089e6,false,0
20.458,use_adaptive_ngroute,0.05246298969170127,0,false,5.0475,false,false,9.678571428571429,false,1.520575e6,1.4408010894495414e6,false,1
10.411,use_lmSR3_cuts,0.05246283131366136,5,false,5.1535,false,false,9.714285714285715,false,1.520575e6,1.4408013302752294e6,false,0
17.407,use_adaptive_ngroute,0.051551435167230375,0,false,5.753666666666666,false,false,9.714285714285715,false,1.520575e6,1.4421871764705887e6,false,2
11.379,use_lmSR3_cuts,0.05153697672514557,5,false,5.654,false,false,9.785714285714285,false,1.520575e6,1.4422091616161617e6,false,0
21.882,use_adaptive_ngroute,0.05129268712608759,0,false,5.424999999999999,false,false,9.785714285714285,false,1.520575e6,1.4425806222732493e6,false,2
5.687,use_lmSR3_cuts,0.0512915435863992,5,false,5.654,false,false,9.928571428571427,false,1.520575e6,1.442582361111111e6,false,0
20.202,use_lmSR3_cuts,0.044845734186260255,5,false,6.691333333333334,false,false,9.928571428571427,false,1.51067e6,1.4429228947368423e6,false,0
12.7,use_lmSR3_cuts,0.044778529001470946,5,false,6.310499999999999,false,false,9.928571428571427,false,1.51067e6,1.443024419593348e6,false,0
21.456,use_lmSR3_cuts,0.04475387300557687,3,false,7.107333333333333,false,false,9.928571428571427,false,1.51067e6,1.443061666666665e6,false,0
7.076,use_adaptive_ngroute,0.04460028586399023,0,false,7.04,false,false,9.928571428571427,false,1.51067e6,1.4432936861538459e6,false,1
14.984,use_lmSR3_cuts,0.04454794073077528,5,false,7.446,false,false,9.964285714285714,false,1.51067e6,1.4433727623762398e6,false,0
16.293,use_lmSR3_cuts,0.04449886841967865,5,false,5.389333333333333,false,false,9.964285714285714,false,1.51067e6,1.443446894444444e6,false,0
26.164,use_lmSR3_cuts,0.044252917947371184,5,false,6.498749999999999,false,false,9.964285714285714,false,1.51067e6,1.4438184444444447e6,false,0
14.556,use_lmSR3_cuts,0.044182382651406504,2,false,7.185500000000001,false,false,9.964285714285714,false,1.51067e6,1.4439249999999998e6,false,0
20.136,use_adaptive_ngroute,0.04409876197980378,0,false,6.648,false,false,9.964285714285714,false,1.51067e6,1.4440513232399698e6,false,1
7.44,use_lmSR3_cuts,0.04409857856797772,5,false,7.393,false,false,10.0,false,1.51067e6,1.444051600314713e6,false,0
12.974,use_lmSR3_cuts,0.04401729034136981,4,false,6.438,false,false,10.0,false,1.51067e6,1.444174400000003e6,false,0
28.86,use_lmSR3_cuts,0.04396819930440443,5,false,7.184,false,false,10.0,false,1.51067e6,1.4442485603568153e6,false,0
16.475,none,0.04390099034926298,0,false,8.1385,false,false,10.0,false,1.51067e6,1.444350090909079e6,false,0
