CG_time_taken,method,CG_LP_IP_gap,implemented_SR3_cuts_count,errored,CG_sp_time_taken_mean,converged,CGIP_artificial,ngroute_neighborhood_size,time_limit_reached,CGIP_objective,CGLP_objective,CGLP_artificial,cycles_lookup_length
125.846,use_adaptive_ngroute,0.1306845500409446,0,false,5.250782608695652,false,false,7.833333333333333,false,1.700881e6,1.478602131841808e6,false,7
58.962,use_adaptive_ngroute,0.1272455634544637,0,false,11.7182,false,false,8.972222222222221,false,1.700881e6,1.4844514387860084e6,false,6
34.698,use_SR3_cuts,0.12680740957186287,5,false,11.510000000000002,false,false,9.194444444444445,false,1.700881e6,1.4851966864000002e6,false,0
172.752,use_adaptive_ngroute,0.04294427176389548,0,false,34.3234,false,false,9.194444444444445,false,1.57325e6,1.5056879244474515e6,false,1
67.748,use_SR3_cuts,0.04294427176389548,5,false,33.824000000000005,false,false,9.277777777777779,false,1.57325e6,1.5056879244474515e6,false,0
430.545,use_adaptive_ngroute,0.024052010870102558,0,false,71.47283333333333,false,false,9.277777777777779,false,1.557213e6,1.519758895996935e6,false,4
169.384,use_SR3_cuts,0.023993207224672908,5,false,84.60849999999999,false,false,9.61111111111111,false,1.557213e6,1.5198504657980455e6,false,0
435.424,use_adaptive_ngroute,0.018170663924394592,0,false,108.70525,false,false,9.61111111111111,false,1.557213e6,1.5289174059183018e6,false,3
136.542,use_SR3_cuts,0.018170649401542893,5,false,136.482,false,false,9.88888888888889,false,1.557213e6,1.5289174285334751e6,false,0
846.329,use_adaptive_ngroute,0.015383167716940815,0,false,211.39225000000002,false,false,9.88888888888889,false,1.557213e6,1.5332581312499994e6,false,1
201.035,use_SR3_cuts,0.015382381090646824,5,false,200.966,false,false,9.916666666666666,false,1.557213e6,1.5332593561946906e6,false,0
877.525,use_SR3_cuts,0.012608969398421599,5,false,292.20099999999996,false,false,9.916666666666666,false,1.557213e6,1.5375781489361757e6,false,0
31.445,none,0.011896550478763257,0,false,NaN,false,false,9.916666666666666,true,1.557213e6,1.5386875369393136e6,false,0
