CG_time_taken,method,CG_LP_IP_gap,implemented_SR3_cuts_count,errored,CG_sp_time_taken_mean,converged,CGIP_artificial,ngroute_neighborhood_size,time_limit_reached,CGIP_objective,CGLP_objective,CGLP_artificial,cycles_lookup_length
109.369,use_adaptive_ngroute,0.10278082181554127,0,false,3.751740740740741,false,false,7.833333333333333,false,1.619576e6,1.453114647727273e6,false,23
133.589,use_SR3_cuts,0.05780565896241885,5,false,13.260600000000002,false,false,11.194444444444445,false,1.558837e6,1.4687274e6,false,0
162.321,use_SR3_cuts,0.054485363126485,5,false,23.02328571428571,false,false,11.194444444444445,false,1.558837e6,1.4739031999999995e6,false,0
163.269,use_adaptive_ngroute,0.0539883090305211,0,false,32.5276,false,false,11.194444444444445,false,1.558837e6,1.4746780263157897e6,false,4
87.858,use_adaptive_ngroute,0.05394999605475126,0,false,29.165333333333336,false,false,11.61111111111111,false,1.558837e6,1.4747377499999998e6,false,3
81.867,use_SR3_cuts,0.05394999605475104,5,false,40.868,false,false,11.916666666666666,false,1.558837e6,1.47473775e6,false,0
234.582,use_SR3_cuts,0.052872590270823694,5,false,58.5075,false,false,11.916666666666666,false,1.558837e6,1.47641725e6,false,0
217.877,use_SR3_cuts,0.05219938539650604,5,false,72.50466666666667,false,false,11.916666666666666,false,1.558837e6,1.4774666666666667e6,false,0
529.026,use_adaptive_ngroute,0.05124356033890631,0,false,132.12775,false,false,11.916666666666666,false,1.558837e6,1.4789566421319803e6,false,4
284.632,use_SR3_cuts,0.05109932487661184,5,false,142.225,false,false,12.11111111111111,false,1.558837e6,1.479181481707317e6,false,0
650.247,use_adaptive_ngroute,0.05000284067994065,0,false,216.63433333333333,false,false,12.11111111111111,false,1.558837e6,1.4808907218430033e6,false,2
442.202,use_SR3_cuts,0.049977736979139764,5,false,220.9925,false,false,12.166666666666666,false,1.5588369854309303e6,1.480929840579708e6,false,0
487.139,none,0.049427698615923,0,false,252.675,false,false,12.166666666666666,true,1.558837e6,1.4817872745726504e6,false,0
