CG_time_taken,method,CG_LP_IP_gap,implemented_SR3_cuts_count,errored,CG_sp_time_taken_mean,converged,CGIP_artificial,ngroute_neighborhood_size,time_limit_reached,CGIP_objective,CGLP_objective,CGLP_artificial,cycles_lookup_length
121.74,use_adaptive_ngroute,0.08338813749056817,0,false,4.1033928571428575,false,false,7.833333333333333,false,1.598723e6,1.4654084666666663e6,false,10
52.095,use_adaptive_ngroute,0.07854754273122666,0,false,7.3511428571428565,false,false,8.86111111111111,false,1.598723e6,1.4731472368421052e6,false,4
49.667,use_SR3_cuts,0.07613098704403443,5,false,9.8288,false,false,9.027777777777779,false,1.598723e6,1.4770106400000001e6,false,0
85.883,use_SR3_cuts,0.07255116879047963,5,false,21.36475,false,false,9.027777777777779,false,1.598723e6,1.482733777777778e6,false,0
210.555,use_adaptive_ngroute,0.05213921457782433,0,false,34.75366666666667,false,false,9.027777777777779,false,1.569974e6,1.4881167887323948e6,false,5
311.379,use_SR3_cuts,0.05024359214441343,5,false,61.4744,false,false,9.38888888888889,false,1.569974e6,1.4910928666666667e6,false,0
339.465,use_adaptive_ngroute,0.0483099550268562,0,false,84.6525,false,false,9.38888888888889,false,1.569974e6,1.4941286266666665e6,false,4
336.856,use_SR3_cuts,0.04747148678895319,5,false,111.67433333333335,false,false,9.5,false,1.569974e6,1.495445e6,false,0
351.136,use_SR3_cuts,0.044487743109121625,5,false,87.56425,false,false,9.5,false,1.569974e6,1.5001294e6,false,0
310.544,use_adaptive_ngroute,0.040916162355166485,0,false,155.0875,false,false,9.5,false,1.569974e6,1.50573668892261e6,false,5
315.111,use_adaptive_ngroute,0.04084848826549303,0,false,157.4505,false,false,9.75,false,1.569974e6,1.5058429354838708e6,false,5
177.689,use_adaptive_ngroute,0.04083075309388928,0,false,177.54999999999998,false,false,9.88888888888889,false,1.569974e6,1.5058707792421742e6,false,1
207.981,use_SR3_cuts,0.040816904557440026,5,false,207.83999999999997,false,false,9.916666666666666,false,1.569974e6,1.5058925210843377e6,false,0
696.232,none,0.03974262765891823,0,false,398.493,false,false,9.916666666666666,true,1.569974e6,1.5075791078838175e6,false,0
