CG_time_taken,method,CG_LP_IP_gap,implemented_SR3_cuts_count,errored,CG_sp_time_taken_mean,converged,CGIP_artificial,ngroute_neighborhood_size,time_limit_reached,CGIP_objective,CGLP_objective,CGLP_artificial,cycles_lookup_length
47.593,use_adaptive_ngroute,0.07828982743203772,0,false,1.7789130434782607,false,false,7.833333333333333,false,1.570898e6,1.4479126666666667e6,false,14
15.154,use_adaptive_ngroute,0.07553747855124304,0,false,2.9442000000000004,false,false,9.944444444444445,false,1.570898e6,1.4522363260188093e6,false,15
11.65,use_SR3_cuts,0.074273907603156,11,false,3.8166666666666673,false,false,11.416666666666666,false,1.570898e6,1.4542212670940175e6,false,0
397.713,use_SR3_cuts,0.05011290984808492,2,false,47.84275,false,false,11.416666666666666,false,1.551459e6,1.473710875e6,false,0
100.194,use_SR3_cuts,0.047289035675451285,10,false,33.23533333333334,false,false,11.416666666666666,false,1.551459e6,1.478092e6,false,0
187.477,use_SR3_cuts,0.045533913561363826,10,false,45.93775,false,false,11.416666666666666,false,1.551459e6,1.480815e6,false,0
274.212,use_SR3_cuts,0.045533913561363715,8,false,68.3235,false,false,11.416666666666666,false,1.551459e6,1.4808150000000002e6,false,0
625.052,use_SR3_cuts,0.04402844252039906,4,false,124.56219999999999,false,false,11.416666666666666,false,1.551459e6,1.4831506765957442e6,false,0
787.735,use_SR3_cuts,0.04359881748584871,10,false,196.7405,false,false,11.416666666666666,false,1.551459e6,1.4838172222222227e6,false,0
1132.338,none,0.04285769072852985,0,false,517.919,false,false,11.416666666666666,true,1.551459e6,1.4849670500000059e6,false,0
