CG_time_taken,method,CG_LP_IP_gap,implemented_SR3_cuts_count,errored,CG_sp_time_taken_mean,converged,CGIP_artificial,ngroute_neighborhood_size,time_limit_reached,CGIP_objective,CGLP_objective,CGLP_artificial,cycles_lookup_length
47.728,use_adaptive_ngroute,0.06930277274083929,0,false,2.1353000000000004,false,false,7.833333333333333,false,1.555729e6,1.4479126666666667e6,false,14
23.414,use_adaptive_ngroute,0.06655735946666441,0,false,2.8175,false,false,9.666666666666666,false,1.555729e6,1.4521837857142857e6,false,15
16.791,use_SR3_cuts,0.06524769603573866,5,false,4.01525,false,false,11.25,false,1.555729e6,1.4542212670940163e6,false,0
42.763,use_adaptive_ngroute,0.059102824928637165,0,false,8.419799999999999,false,false,11.25,false,1.555729e6,1.4637810212765962e6,false,4
7.948,use_SR3_cuts,0.05863966840774193,5,false,7.914,false,false,11.388888888888888,false,1.555729e6,1.464501567307692e6,false,0
31.36,use_adaptive_ngroute,0.053311149924430534,0,false,10.363333333333333,false,false,11.388888888888888,false,1.555729e6,1.4727912980392156e6,false,2
64.792,use_adaptive_ngroute,0.05205459563403558,0,false,15.988000000000001,false,false,11.444444444444445,false,1.555729e6,1.4747461559888574e6,false,2
35.868,use_SR3_cuts,0.05203267959449942,5,false,17.831,false,false,11.61111111111111,false,1.555729e6,1.474780251407129e6,false,0
77.21,use_SR3_cuts,0.048153630870158004,1,false,15.3688,false,false,11.61111111111111,false,1.555729e6,1.480815e6,false,0
35.272,use_SR3_cuts,0.048153630870158004,3,false,17.597,false,false,11.61111111111111,false,1.555729e6,1.480815e6,false,0
55.735,use_SR3_cuts,0.047918757058587724,5,false,27.677000000000003,false,false,11.61111111111111,false,1.555729e6,1.4811804000000004e6,false,0
142.818,use_SR3_cuts,0.046828140731273726,5,false,47.46000000000001,false,false,11.61111111111111,false,1.555729e6,1.4828771034482762e6,false,0
171.757,use_SR3_cuts,0.04621459707242648,5,false,57.178000000000004,false,false,11.61111111111111,false,1.555729e6,1.483831611111111e6,false,0
274.282,use_SR3_cuts,0.04614985429124663,1,false,68.42575000000001,false,false,11.61111111111111,false,1.555729e6,1.4839323333333333e6,false,0
340.254,use_SR3_cuts,0.040323924901494834,5,false,112.61000000000001,false,false,11.61111111111111,false,1.546804e6,1.4844307916666681e6,false,0
417.032,use_SR3_cuts,0.03989167341175748,5,false,138.82766666666666,false,false,11.61111111111111,false,1.546804e6,1.4850994e6,false,0
536.403,use_SR3_cuts,0.03982812939399882,5,false,178.70166666666665,false,false,11.61111111111111,false,1.546804e6,1.485197690140845e6,false,0
816.315,use_SR3_cuts,0.03975682645106815,5,false,271.94899999999996,false,false,11.61111111111111,false,1.546804e6,1.485307981818182e6,false,0
413.884,none,0.039719964520394835,0,false,330.878,false,false,11.61111111111111,true,1.546804e6,1.485364999999995e6,false,0
