CG_time_taken,method,CG_LP_IP_gap,implemented_SR3_cuts_count,errored,CG_sp_time_taken_mean,converged,CGIP_artificial,ngroute_neighborhood_size,time_limit_reached,CGIP_objective,CGLP_objective,CGLP_artificial,cycles_lookup_length
98.036,use_adaptive_ngroute,0.20008316343071653,0,false,3.6779199999999994,false,false,7.833333333333333,false,1.88153e6,1.505067525510204e6,false,14
40.31,use_adaptive_ngroute,0.19511361840318464,0,false,7.9744,false,false,9.305555555555555,false,1.88153e6,1.514417873565856e6,false,3
51.272,use_SR3_cuts,0.19475105909221557,13,false,8.486166666666666,false,false,9.722222222222221,false,1.88153e6,1.5151000397862236e6,false,0
1282.202,use_adaptive_ngroute,0.057690475648598305,0,false,181.98899999999998,false,false,9.722222222222221,false,1.645392e6,1.5504685528916016e6,false,2
568.372,use_SR3_cuts,0.05714698690459363,5,false,189.36166666666668,false,false,9.777777777777777,false,1.645392e6,1.5513628049230769e6,false,0
1536.193,none,0.05205640146917234,0,false,574.0909999999999,false,false,9.777777777777777,true,1.645392e6,1.5597388134738356e6,false,0
