CG_time_taken,method,CG_LP_IP_gap,implemented_SR3_cuts_count,errored,CG_sp_time_taken_mean,converged,CGIP_artificial,ngroute_neighborhood_size,time_limit_reached,CGIP_objective,CGLP_objective,CGLP_artificial,cycles_lookup_length
94.361,use_adaptive_ngroute,0.11500883435400211,0,false,3.499799999999999,false,false,7.833333333333333,false,1.705354e6,1.509223224299065e6,false,13
26.327,use_SR3_cuts,0.11459248343745654,5,false,6.49775,false,false,9.805555555555555,false,1.705354e6,1.5099332499999998e6,false,0
190.962,use_adaptive_ngroute,0.1081177941213709,0,false,17.070181818181823,false,false,9.805555555555555,false,1.705354e6,1.5209748873239437e6,false,3
71.428,use_adaptive_ngroute,0.10637654508487115,0,false,17.78175,false,false,9.916666666666666,false,1.705354e6,1.5239443333333347e6,false,10
84.127,use_SR3_cuts,0.06726381202058462,5,false,27.944000000000003,false,false,10.86111111111111,false,1.634108e6,1.5241916666666665e6,false,0
183.834,use_adaptive_ngroute,0.0618076759784405,0,false,36.4676,false,false,10.86111111111111,false,1.634108e6,1.5331075822222226e6,false,4
175.33,use_SR3_cuts,0.06123446386207465,5,false,43.7305,false,false,10.972222222222223,false,1.634108e6,1.534044272727273e6,false,0
185.018,use_SR3_cuts,0.059693116978805305,5,false,61.05366666666667,false,false,10.972222222222223,false,1.634108e6,1.5365629999999984e6,false,0
183.96,use_adaptive_ngroute,0.058617101197391164,0,false,91.852,false,false,10.972222222222223,false,1.634108e6,1.5383213259965335e6,false,7
148.511,use_SR3_cuts,0.05839689193298647,5,false,74.074,false,false,11.166666666666668,false,1.634108e6,1.5386811717171713e6,false,0
338.498,use_SR3_cuts,0.05730413204900431,5,false,84.54424999999999,false,false,11.166666666666668,false,1.634108e6,1.5404668593856657e6,false,0
1041.322,use_SR3_cuts,0.055201825207420785,5,false,208.03699999999998,false,false,11.166666666666668,false,1.634108e6,1.543902255813952e6,false,0
830.821,none,0.05428411096451202,0,false,424.954,false,false,11.166666666666668,true,1.634108e6,1.5454019000000032e6,false,0
