CG_time_taken,method,CG_LP_IP_gap,implemented_SR3_cuts_count,errored,CG_sp_time_taken_mean,converged,CGIP_artificial,ngroute_neighborhood_size,time_limit_reached,CGIP_objective,CGLP_objective,CGLP_artificial,cycles_lookup_length
75.834,use_adaptive_ngroute,0.20822518132103085,0,false,2.9710833333333335,false,false,7.833333333333333,false,1.836373e6,1.4539938991019547e6,false,8
28.525,use_adaptive_ngroute,0.15181511333504516,0,false,5.561000000000001,false,false,8.61111111111111,false,1.726263e6,1.464190187008905e6,false,4
28.054,use_adaptive_ngroute,0.1471430050421958,0,false,5.5618,false,false,8.916666666666666,false,1.721748e6,1.4684048253546094e6,false,3
16.919,use_SR3_cuts,0.14689560713895988,5,false,5.565,false,false,9.277777777777779,false,1.721748e6,1.4688307821997101e6,false,0
112.362,use_adaptive_ngroute,0.12203422757505333,0,false,18.466166666666666,false,false,9.277777777777779,false,1.695491e6,1.4885830654545452e6,false,5
35.348,use_SR3_cuts,0.12164353769942138,5,false,17.6305,false,false,9.694444444444445,false,1.695491e6,1.4892454766224704e6,false,0
134.917,use_adaptive_ngroute,0.038163836244233584,0,false,33.45375,false,false,9.694444444444445,false,1.567664e6,1.5078359278180199e6,false,1
140.269,use_adaptive_ngroute,0.03761477805602276,0,false,46.67733333333333,false,false,9.722222222222221,false,1.567664e6,1.5086966665735831e6,false,1
119.744,use_SR3_cuts,0.037614778056022646,5,false,39.834333333333326,false,false,9.75,false,1.567664e6,1.5086966665735834e6,false,0
339.496,use_adaptive_ngroute,0.025376961023640066,0,false,84.10825,false,false,9.75,false,1.567664e6,1.5278814517738363e6,false,3
235.181,use_SR3_cuts,0.024922457157203204,5,false,78.299,false,false,9.944444444444445,false,1.567664e6,1.5285939611231103e6,false,0
194.624,use_adaptive_ngroute,0.02263188028931351,0,false,97.2345,false,false,9.944444444444445,false,1.567664e6,1.5321848160181337e6,false,1
264.184,use_adaptive_ngroute,0.022237648778678065,0,false,131.9705,false,false,10.0,false,1.567664e6,1.5328028385650225e6,false,4
325.207,use_SR3_cuts,0.022187792912164217,5,false,162.5385,false,false,10.361111111111112,false,1.567664e6,1.532880995812145e6,false,0
707.719,use_SR3_cuts,0.020655176855343682,5,false,235.6883333333333,false,false,10.361111111111112,false,1.567664e6,1.5352836228302445e6,false,0
819.831,none,0.018537262177972358,0,false,322.34099999999995,false,false,10.361111111111112,true,1.567664e6,1.5386038014250312e6,false,0
