CG_time_taken,method,CG_LP_IP_gap,implemented_SR3_cuts_count,errored,CG_sp_time_taken_mean,converged,CGIP_artificial,ngroute_neighborhood_size,time_limit_reached,CGIP_objective,CGLP_objective,CGLP_artificial,cycles_lookup_length
59.868,use_adaptive_ngroute,0.06046358675364838,0,false,2.2832083333333335,false,false,7.833333333333333,false,1.575196e6,1.479954e6,false,5
29.103,use_SR3_cuts,0.0593692784897879,5,false,3.169222222222222,false,false,8.194444444444445,false,1.575196e6,1.48167775e6,false,0
23.427,use_adaptive_ngroute,0.058766020228593674,0,false,5.7825,false,false,8.194444444444445,false,1.575196e6,1.4826280000000002e6,false,6
21.648,use_SR3_cuts,0.057518953196935674,5,false,5.367,false,false,8.61111111111111,false,1.575196e6,1.4845923749999998e6,false,0
30.068,use_adaptive_ngroute,0.05221739072470977,0,false,9.938333333333333,false,false,8.61111111111111,false,1.575196e6,1.492943375e6,false,4
33.644,use_SR3_cuts,0.05216303240993503,5,false,11.164666666666667,false,false,9.25,false,1.575196e6,1.493029e6,false,0
56.899,use_SR3_cuts,0.05000599925342619,5,false,18.860999999999997,false,false,9.25,false,1.575196e6,1.49642675e6,false,0
131.637,use_adaptive_ngroute,0.048166259235473685,0,false,32.75275,false,false,9.25,false,1.575196e6,1.4993247011173188e6,false,6
50.333,use_adaptive_ngroute,0.04812934013786008,0,false,25.113,false,false,9.472222222222223,false,1.575196e6,1.4993828559322034e6,false,1
58.755,use_adaptive_ngroute,0.04810179177702312,0,false,29.3225,false,false,9.5,false,1.575196e6,1.4994262500000002e6,false,3
101.23,use_adaptive_ngroute,0.04810179177702334,0,false,25.24075,false,false,9.944444444444445,false,1.575196e6,1.49942625e6,false,3
54.546,use_SR3_cuts,0.04809785287325863,5,false,27.2385,false,false,10.055555555555555,false,1.575196e6,1.4994324545454546e6,false,0
89.278,use_SR3_cuts,0.04704833864402247,5,false,29.69066666666667,false,false,10.055555555555555,false,1.575196e6,1.5010856451612904e6,false,0
166.842,use_adaptive_ngroute,0.045514817529965446,0,false,55.534666666666666,false,false,10.055555555555555,false,1.575196e6,1.5035012414860686e6,false,2
109.553,use_SR3_cuts,0.04551057577792006,5,false,54.727999999999994,false,false,10.11111111111111,false,1.575196e6,1.5035079230769235e6,false,0
290.584,use_adaptive_ngroute,0.043744071962782405,0,false,96.304,false,false,10.11111111111111,false,1.575196e6,1.506290512820513e6,false,5
207.622,use_SR3_cuts,0.04363452915054167,5,false,69.14699999999999,false,false,10.333333333333334,false,1.575196e6,1.5064630642201833e6,false,0
448.96,use_SR3_cuts,0.04196191611979905,5,false,112.1785,false,false,10.333333333333334,false,1.575196e6,1.509097757575757e6,false,0
394.55,use_SR3_cuts,0.04158797275598336,5,false,197.18099999999998,false,false,10.333333333333334,false,1.575196e6,1.509686791666666e6,false,0
788.778,use_SR3_cuts,0.041162481306208365,5,false,262.82466666666664,false,false,10.333333333333334,false,1.575196e6,1.5103570240963858e6,false,0
406.124,none,0.04076868874641437,0,false,362.183,false,false,10.333333333333334,true,1.575196e6,1.5109773245614031e6,false,0
