CG_time_taken,method,CG_LP_IP_gap,implemented_SR3_cuts_count,errored,CG_sp_time_taken_mean,converged,CGIP_artificial,ngroute_neighborhood_size,time_limit_reached,CGIP_objective,CGLP_objective,CGLP_artificial,cycles_lookup_length
165.023,use_adaptive_ngroute,0.159892098395227,0,false,5.682357142857143,false,false,7.833333333333333,false,1.839978e6,1.545780056578947e6,false,10
31.854,use_adaptive_ngroute,0.1579983206115858,0,false,10.564333333333334,false,false,9.055555555555555,false,1.839978e6,1.5492645660377357e6,false,8
13.957,use_SR3_cuts,0.15795761267692587,5,false,13.93,false,false,9.833333333333334,false,1.839978e6,1.5493394677419353e6,false,0
292.128,use_adaptive_ngroute,0.07863200842597362,0,false,32.222111111111104,false,false,9.833333333333334,false,1.713691e6,1.578940034848485e6,false,9
127.48,use_adaptive_ngroute,0.07590378123043384,0,false,25.43,false,false,10.305555555555555,false,1.713691e6,1.5836153732394367e6,false,2
87.306,use_SR3_cuts,0.07579361351219849,5,false,29.035666666666668,false,false,10.361111111111112,false,1.713691e6,1.583804166666667e6,false,0
286.03,use_adaptive_ngroute,0.05999315746843026,0,false,57.11639999999999,false,false,10.361111111111112,false,1.689331e6,1.5879826993006992e6,false,2
117.34,use_SR3_cuts,0.059849748168220085,5,false,58.5845,false,false,10.472222222222221,false,1.689331e6,1.5882249650772326e6,false,0
349.964,use_adaptive_ngroute,0.05833862813862267,0,false,69.9114,false,false,10.472222222222221,false,1.689331e6,1.5907777469879524e6,false,3
162.339,use_SR3_cuts,0.05818789580977113,5,false,81.119,false,false,11.194444444444445,false,1.689331e6,1.5910323837837835e6,false,0
584.868,use_SR3_cuts,0.05602240702910666,5,false,145.92700000000002,false,false,11.194444444444445,false,1.689331e6,1.5946906111111122e6,false,0
874.427,use_SR3_cuts,0.054167997297629444,5,false,291.3566666666667,false,false,11.194444444444445,false,1.689331e6,1.5978233229571984e6,false,0
479.32,none,0.0531818091929217,0,false,311.401,false,false,11.194444444444445,true,1.689331e6,1.5994893210943125e6,false,0
