CG_time_taken,method,CG_LP_IP_gap,implemented_SR3_cuts_count,errored,CG_sp_time_taken_mean,converged,CGIP_artificial,ngroute_neighborhood_size,time_limit_reached,CGIP_objective,CGLP_objective,CGLP_artificial,cycles_lookup_length
212.442,use_adaptive_ngroute,0.04276761560203013,0,false,8.890347826086957,false,false,7.833333333333333,false,1.525979e6,1.4607165167112297e6,false,17
509.413,use_adaptive_ngroute,0.029112123916494426,0,false,56.45822222222222,false,false,10.38888888888889,false,1.525027e6,1.4806302250000003e6,false,12
217.219,use_lmSR3_cuts,0.024663923009134447,5,false,43.3754,false,false,11.194444444444445,false,1.525027e6,1.4874138514851488e6,false,0
468.281,use_adaptive_ngroute,0.021000521106923298,0,false,93.57679999999999,false,false,11.194444444444445,false,1.525027e6,1.4930006382978722e6,false,7
585.056,use_adaptive_ngroute,0.020489533028117957,0,false,116.94019999999999,false,false,11.777777777777777,false,1.525027e6,1.4937799089147283e6,false,8
788.088,use_adaptive_ngroute,0.02021708727805882,0,false,196.95950000000002,false,false,12.222222222222221,false,1.525027e6,1.4941953960396037e6,false,3
276.072,use_lmSR3_cuts,0.020107761710495886,5,false,138.005,false,false,12.361111111111112,false,1.525027e6,1.4943621204819276e6,false,0
532.511,none,0.018302477714055576,0,false,193.2465,false,false,12.361111111111112,true,1.525027e6,1.497115227319167e6,false,0
