CG_time_taken,method,CG_LP_IP_gap,implemented_SR3_cuts_count,errored,CG_sp_time_taken_mean,converged,CGIP_artificial,ngroute_neighborhood_size,time_limit_reached,CGIP_objective,CGLP_objective,CGLP_artificial,cycles_lookup_length
150.442,use_adaptive_ngroute,0.13734197678043358,0,false,5.535730769230771,false,false,7.833333333333333,false,1.661702e6,1.4334805625e6,false,8
45.668,use_adaptive_ngroute,0.11987784707933247,0,false,7.503666666666667,false,false,8.416666666666668,false,1.63296e6,1.4372042708333333e6,false,6
60.256,use_adaptive_ngroute,0.11980015761844476,0,false,9.934166666666668,false,false,9.277777777777779,false,1.63296e6,1.4373311346153845e6,false,5
76.369,use_lmSR3_cuts,0.1191812414266119,5,false,15.186399999999997,false,false,9.416666666666668,false,1.63296e6,1.4383417999999998e6,false,0
147.583,use_adaptive_ngroute,0.11397233653406513,0,false,20.97414285714286,false,false,9.416666666666668,false,1.63296e6,1.446847733333333e6,false,1
42.044,use_lmSR3_cuts,0.0841502256038218,5,false,20.943,false,false,9.5,false,1.58242e6,1.4492590000000002e6,false,0
79.98,use_lmSR3_cuts,0.08268660237695025,5,false,19.881749999999997,false,false,9.5,false,1.58242e6,1.4515750666666664e6,false,0
167.44,use_adaptive_ngroute,0.07076342902022514,0,false,23.83457142857143,false,false,9.5,false,1.571136e6,1.4599570291828795e6,false,3
84.61,use_lmSR3_cuts,0.0707364648583021,5,false,28.115999999999996,false,false,9.583333333333332,false,1.571136e6,1.4599993935483866e6,false,0
86.169,use_adaptive_ngroute,0.06906636897291818,0,false,28.627666666666666,false,false,9.583333333333332,false,1.571136e6,1.4626233413173652e6,false,4
57.483,use_lmSR3_cuts,0.06902522448364712,5,false,28.664,false,false,9.694444444444445,false,1.571136e6,1.4626879849056606e6,false,0
141.205,use_lmSR3_cuts,0.06775574008624374,5,false,35.215999999999994,false,false,9.694444444444445,false,1.571136e6,1.4646825175438593e6,false,0
250.303,use_lmSR3_cuts,0.06713508793224354,5,false,49.9802,false,false,9.694444444444445,false,1.571136e6,1.4656576464864865e6,false,0
214.394,use_lmSR3_cuts,0.06646086379722593,5,false,42.746399999999994,false,false,9.694444444444445,false,1.571136e6,1.4667169442970816e6,false,0
728.516,use_adaptive_ngroute,0.065241223007511,0,false,90.92075000000001,false,false,9.694444444444445,false,1.571136e6,1.4686331658488712e6,false,1
253.375,use_lmSR3_cuts,0.06522195467203962,5,false,84.39766666666665,false,false,9.75,false,1.571136e6,1.4686634390243904e6,false,0
317.045,use_adaptive_ngroute,0.05923678713339853,0,false,79.13,false,false,9.75,false,1.563156e6,1.4705596607717052e6,false,1
164.375,use_lmSR3_cuts,0.059223810186422865,5,false,81.96749999999999,false,false,9.777777777777777,false,1.563156e6,1.470579945764232e6,false,0
507.568,none,0.05820512820512902,0,false,104.92075,false,false,9.777777777777777,true,1.563156e6,1.4721723046153833e6,false,0
