CG_time_taken,method,CG_LP_IP_gap,implemented_SR3_cuts_count,errored,CG_sp_time_taken_mean,converged,CGIP_artificial,ngroute_neighborhood_size,time_limit_reached,CGIP_objective,CGLP_objective,CGLP_artificial,cycles_lookup_length
120.145,use_adaptive_ngroute,0.15481991916775106,0,false,4.46184,false,false,7.833333333333333,false,1.588153e6,1.3422752809139786e6,false,5
18.83,use_lmSR3_cuts,0.15364381127491655,16,false,4.5965,false,false,8.333333333333334,false,1.588153e6,1.3441431201923075e6,false,0
50.628,use_adaptive_ngroute,0.11986541202468237,0,false,9.8302,false,false,8.333333333333334,false,1.556373e6,1.369817709090909e6,false,11
74.983,use_lmSR3_cuts,0.11778518711770292,6,false,24.695666666666664,false,false,10.472222222222221,false,1.556373e6,1.3730553149700593e6,false,0
135.706,use_lmSR3_cuts,0.016141514184438432,6,false,19.11657142857143,false,false,10.472222222222221,false,1.397445e6,1.3748881217105275e6,false,0
138.018,use_adaptive_ngroute,0.013978532595230742,0,false,27.425,false,false,10.472222222222221,false,1.397445e6,1.3779107695174578e6,false,9
75.138,use_lmSR3_cuts,0.013067475777329252,3,false,37.339,false,false,11.166666666666668,false,1.397445e6,1.37918392131235e6,false,0
165.74,use_adaptive_ngroute,0.012657025353320916,0,false,41.176,false,false,11.166666666666668,false,1.397445e6,1.3797575032051285e6,false,4
42.652,use_lmSR3_cuts,0.012655165990432704,2,false,42.529,false,false,11.444444444444445,false,1.397445e6,1.3797601015624998e6,false,0
141.266,use_lmSR3_cuts,0.012618644410664959,2,false,46.977000000000004,false,false,11.444444444444445,false,1.397445e6,1.3798111384615384e6,false,0
141.362,use_lmSR3_cuts,0.012668556479210724,2,false,46.973,false,false,11.444444444444445,false,1.397445e6,1.3797413890909094e6,false,0
59.882,use_adaptive_ngroute,0.012543853688359086,0,false,29.821,false,false,11.444444444444445,false,1.397445e6,1.379915654382471e6,false,1
57.595,use_lmSR3_cuts,0.012508945389753445,10,false,28.712999999999997,false,false,11.5,false,1.397445e6,1.379964436809816e6,false,0
214.884,use_adaptive_ngroute,0.00768492473056448,0,false,71.39699999999999,false,false,11.5,false,1.397445e6,1.3867057403598963e6,false,2
67.426,use_lmSR3_cuts,0.007399824575819447,1,false,67.265,false,false,11.888888888888888,false,1.397445e6,1.387104152145644e6,false,0
127.395,use_lmSR3_cuts,0.007221358326772509,10,false,63.541500000000006,false,false,11.888888888888888,false,1.397445e6,1.3873535489130435e6,false,0
821.701,use_adaptive_ngroute,0.0028828655229525824,0,false,117.11999999999998,false,false,11.888888888888888,false,1.397445e6,1.3934163539892775e6,false,2
142.765,use_lmSR3_cuts,0.0028822366186180837,1,false,71.25900000000001,false,false,11.999999999999998,false,1.397445e6,1.3934172328484952e6,false,0
194.513,use_lmSR3_cuts,0.0027834823561080357,10,false,97.09249999999999,false,false,11.999999999999998,false,1.397445e6,1.3935552364988686e6,false,0
319.395,none,8.992806499463768e-15,0,false,45.382714285714286,true,false,11.999999999999998,false,1.397445e6,1.3974449999999874e6,false,0
