CG_time_taken,method,CG_LP_IP_gap,implemented_SR3_cuts_count,errored,CG_sp_time_taken_mean,converged,CGIP_artificial,ngroute_neighborhood_size,time_limit_reached,CGIP_objective,CGLP_objective,CGLP_artificial,cycles_lookup_length
72.51,use_adaptive_ngroute,0.21461009812558463,0,false,2.68208,false,false,7.833333333333333,false,1.810137e6,1.4216633208092486e6,false,12
35.559,use_adaptive_ngroute,0.2101213603061468,0,false,5.842833333333334,false,false,9.13888888888889,false,1.810137e6,1.4297885512195122e6,false,4
36.485,use_lmSR3_cuts,0.20905220986035844,5,false,7.2334000000000005,false,false,9.555555555555555,false,1.810137e6,1.4317238600000003e6,false,0
111.246,use_adaptive_ngroute,0.0495936212443846,0,false,10.9372,false,false,9.555555555555555,false,1.534708e6,1.458596272727273e6,false,2
44.452,use_adaptive_ngroute,0.04792068001234884,0,false,11.062999999999999,false,false,9.61111111111111,false,1.534708e6,1.4611637490196081e6,false,4
36.66,use_lmSR3_cuts,0.04787056126203393,5,false,12.187333333333333,false,false,9.972222222222221,false,1.534708e6,1.4612406666666665e6,false,0
144.187,use_adaptive_ngroute,0.043214037179338916,0,false,17.875125,false,false,9.972222222222221,false,1.534708e6,1.4683870714285711e6,false,2
60.897,use_adaptive_ngroute,0.04281224832345931,0,false,20.210000000000004,false,false,10.055555555555555,false,1.534708e6,1.4690037000000004e6,false,2
44.777,use_lmSR3_cuts,0.042793277037315725,5,false,22.314,false,false,10.13888888888889,false,1.534708e6,1.4690328153846152e6,false,0
130.972,use_adaptive_ngroute,0.035049569278932546,0,false,21.721166666666665,false,false,10.13888888888889,false,1.534708e6,1.480917145631068e6,false,10
74.741,use_adaptive_ngroute,0.03479114278394846,0,false,24.820999999999998,false,false,10.75,false,1.534708e6,1.481313754840332e6,false,2
45.893,use_lmSR3_cuts,0.03473419772309083,5,false,22.8905,false,false,10.805555555555555,false,1.534708e6,1.4814011488807907e6,false,0
145.928,use_adaptive_ngroute,0.033122459151050165,0,false,29.091600000000003,false,false,10.805555555555555,false,1.534708e6,1.48387469696121e6,false,5
97.805,use_adaptive_ngroute,0.033095155989685154,0,false,32.549333333333344,false,false,11.083333333333334,false,1.534708e6,1.4839165993413823e6,false,1
30.845,use_lmSR3_cuts,0.03309462280053166,5,false,30.789,false,false,11.11111111111111,false,1.534708e6,1.4839174176310417e6,false,0
69.317,use_lmSR3_cuts,0.03309462280053099,5,false,34.379,false,false,11.11111111111111,false,1.534708e6,1.4839174176310427e6,false,0
71.819,use_lmSR3_cuts,0.032209849300151916,5,false,35.650999999999996,false,false,11.11111111111111,false,1.534708e6,1.4852752866002624e6,false,0
115.4,use_adaptive_ngroute,0.032114911850967376,0,false,38.367999999999995,false,false,11.11111111111111,false,1.534708e6,1.4854209878630256e6,false,4
71.921,use_lmSR3_cuts,0.03211437670941897,5,false,35.9165,false,false,11.222222222222223,false,1.534708e6,1.485421809149041e6,false,0
215.725,use_lmSR3_cuts,0.030838359963554107,5,false,43.066199999999995,false,false,11.222222222222223,false,1.534708e6,1.4873801222570539e6,false,0
198.053,use_lmSR3_cuts,0.028622892145428347,5,false,49.414,false,false,11.222222222222223,false,1.534708e6,1.490780218441274e6,false,0
295.283,use_lmSR3_cuts,0.02829404681542036,5,false,58.9108,false,false,11.222222222222223,false,1.534708e6,1.4912849e6,false,0
332.988,use_adaptive_ngroute,0.02752207995851741,0,false,66.4918,false,false,11.222222222222223,false,1.534708e6,1.4924696437110237e6,false,1
178.743,use_lmSR3_cuts,0.027479868080041547,5,false,59.47866666666667,false,false,11.25,false,1.534708e6,1.4925344266186156e6,false,0
132.438,use_adaptive_ngroute,0.027385167706438285,0,false,66.07499999999999,false,false,11.25,false,1.534708e6,1.4926797640395875e6,false,1
68.489,use_lmSR3_cuts,0.027382879411879446,5,false,68.388,false,false,11.277777777777779,false,1.534708e6,1.4926832759035532e6,false,0
222.34,use_lmSR3_cuts,0.02711422179926004,5,false,73.97633333333333,false,false,11.277777777777779,false,1.534708e6,1.4930955868909012e6,false,0
231.221,use_lmSR3_cuts,0.026859636584279034,5,false,76.948,false,false,11.277777777777779,false,1.534708e6,1.4934863008570143e6,false,0
223.541,none,0.02670023949334921,0,false,74.9055,false,false,11.277777777777779,true,1.534708e6,1.493730928847641e6,false,0
