CG_time_taken,method,CG_LP_IP_gap,implemented_SR3_cuts_count,errored,CG_sp_time_taken_mean,converged,CGIP_artificial,ngroute_neighborhood_size,time_limit_reached,CGIP_objective,CGLP_objective,CGLP_artificial,cycles_lookup_length
88.436,use_adaptive_ngroute,0.14506692773360808,0,false,3.7735454545454545,false,false,7.833333333333333,false,1.71766e6,1.4684843409090908e6,false,11
40.089,use_adaptive_ngroute,0.09730382197395027,0,false,5.616428571428572,false,false,9.63888888888889,false,1.631315e6,1.4725818156565654e6,false,2
19.085,use_adaptive_ngroute,0.09723950248284707,0,false,6.312666666666667,false,false,9.694444444444445,false,1.631315e6,1.4726867410071944e6,false,2
5.826,use_lmSR3_cuts,0.09723888847521212,5,false,5.792,false,false,9.75,false,1.631315e6,1.4726877426470593e6,false,0
67.967,use_adaptive_ngroute,0.09316195629417134,0,false,13.504999999999999,false,false,9.75,false,1.631315e6,1.479338503267974e6,false,2
36.012,use_adaptive_ngroute,0.09273628036387438,0,false,11.944666666666667,false,false,9.88888888888889,false,1.631315e6,1.4800329147982062e6,false,6
40.949,use_adaptive_ngroute,0.09263523491891434,0,false,13.584333333333333,false,false,10.38888888888889,false,1.631315e6,1.4801977517482513e6,false,4
30.552,use_lmSR3_cuts,0.092623956746551,5,false,15.205,false,false,10.5,false,1.631315e6,1.4802161500000001e6,false,0
56.276,use_adaptive_ngroute,0.09009504750831787,0,false,14.014999999999999,false,false,10.5,false,1.63121e6,1.4842460575539568e6,false,6
29.2,use_lmSR3_cuts,0.09003663946804297,5,false,14.556000000000001,false,false,10.777777777777779,false,1.63121e6,1.4843413333333337e6,false,0
77.249,none,-4.440892098500626e-16,0,false,15.3558,true,false,10.777777777777779,false,1.487871e6,1.4878710000000007e6,false,0
