CG_time_taken,method,CG_LP_IP_gap,implemented_SR3_cuts_count,errored,CG_sp_time_taken_mean,converged,CGIP_artificial,ngroute_neighborhood_size,time_limit_reached,CGIP_objective,CGLP_objective,CGLP_artificial,cycles_lookup_length
79.5,use_adaptive_ngroute,0.09727509463046902,0,false,2.9194000000000004,false,false,7.833333333333333,false,1.627129e6,1.4688498725490195e6,false,12
28.053,use_adaptive_ngroute,0.09498151919327502,0,false,3.9157142857142855,false,false,9.722222222222221,false,1.627129e6,1.4725818156565656e6,false,2
14.025,use_adaptive_ngroute,0.09491703423195452,0,false,4.642333333333334,false,false,9.777777777777777,false,1.627129e6,1.4726867410071942e6,false,2
7.555,use_lmSR3_cuts,0.09491641864470579,6,false,3.7265,false,false,9.833333333333334,false,1.627129e6,1.4726877426470586e6,false,0
38.099,use_adaptive_ngroute,0.08626751474529681,0,false,7.5186,false,false,9.833333333333334,false,1.627129e6,1.486760625e6,false,3
34.687,none,0.0,0,false,6.8790000000000004,true,false,10.416666666666666,false,1.487871e6,1.487871e6,false,0
