CG_time_taken,method,CG_LP_IP_gap,implemented_SR3_cuts_count,errored,CG_sp_time_taken_mean,converged,CGIP_artificial,ngroute_neighborhood_size,time_limit_reached,CGIP_objective,CGLP_objective,CGLP_artificial,cycles_lookup_length
59.227,use_adaptive_ngroute,0.08338987982006596,0,false,2.571,false,false,7.833333333333333,false,1.563905e6,1.4334911499999997e6,false,7
20.281,use_adaptive_ngroute,0.08337335068306584,0,false,5.00525,false,false,8.86111111111111,false,1.563905e6,1.433517e6,false,5
25.844,use_lmSR3_cuts,0.0630553916726122,5,false,6.4102500000000004,false,false,9.472222222222223,false,1.530564e6,1.4340536875e6,false,0
46.049,use_adaptive_ngroute,0.058674615648455886,0,false,11.446000000000002,false,false,9.472222222222223,false,1.530564e6,1.4407587455746369e6,false,4
13.011,use_adaptive_ngroute,0.05804570939323728,0,false,12.978,false,false,9.916666666666666,false,1.530564e6,1.4417213268482492e6,false,2
12.722,use_lmSR3_cuts,0.05802801546776559,5,false,12.667,false,false,9.972222222222221,false,1.530564e6,1.4417484085335948e6,false,0
56.508,use_lmSR3_cuts,0.054008732264590686,5,false,11.1866,false,false,9.972222222222221,false,1.530564e6,1.447900178710179e6,false,0
54.868,use_lmSR3_cuts,0.05223950473514549,5,false,13.666,false,false,9.972222222222221,false,1.530564e6,1.4506080946745567e6,false,0
43.697,use_lmSR3_cuts,0.05185627508950108,5,false,14.507000000000001,false,false,9.972222222222221,false,1.530564e6,1.4511946521739129e6,false,0
27.955,use_adaptive_ngroute,0.05063877883701173,0,false,13.9265,false,false,9.972222222222221,false,1.530564e6,1.453058108108108e6,false,2
50.463,use_lmSR3_cuts,0.050579802608711755,5,false,16.768333333333334,false,false,10.11111111111111,false,1.530564e6,1.4531483749999998e6,false,0
104.366,use_lmSR3_cuts,0.02344587541336629,5,false,20.802400000000002,false,false,10.11111111111111,false,1.490909e6,1.4559533333333335e6,false,0
83.02,use_lmSR3_cuts,0.019166121231320776,5,false,20.683,false,false,10.11111111111111,false,1.486184e6,1.4576996172839508e6,false,0
38.451,use_lmSR3_cuts,0.018498463809749177,5,false,19.131,false,false,10.11111111111111,false,1.486184e6,1.4586918790613718e6,false,0
73.233,use_lmSR3_cuts,0.017356531896454253,2,false,24.290333333333333,false,false,10.11111111111111,false,1.486184e6,1.460389e6,false,0
101.625,use_lmSR3_cuts,0.016925892909673168,5,false,25.3445,false,false,10.11111111111111,false,1.486184e6,1.4610290087719304e6,false,0
184.577,use_lmSR3_cuts,0.016685441855618155,5,false,30.680500000000002,false,false,10.11111111111111,false,1.486184e6,1.46138636328125e6,false,0
62.591,use_lmSR3_cuts,0.01632149854930509,4,false,31.2405,false,false,10.11111111111111,false,1.486184e6,1.4619272499999995e6,false,0
203.687,use_lmSR3_cuts,0.016180197068462743,5,false,33.797666666666665,false,false,10.11111111111111,false,1.486184e6,1.4621372500000037e6,false,0
65.018,use_lmSR3_cuts,0.016065291489254396,5,false,32.42,false,false,10.11111111111111,false,1.486184e6,1.462308020833334e6,false,0
111.448,use_lmSR3_cuts,0.015984561803923825,3,false,27.75875,false,false,10.11111111111111,false,1.486184e6,1.4624279999999972e6,false,0
100.018,use_lmSR3_cuts,0.015891291691982112,5,false,33.26533333333333,false,false,10.11111111111111,false,1.486184e6,1.4625666165480432e6,false,0
65.672,use_lmSR3_cuts,0.01566525620313497,5,false,32.7005,false,false,10.11111111111111,false,1.486184e6,1.462902546875e6,false,0
162.631,use_lmSR3_cuts,0.003027614259045186,1,false,32.4334,false,false,10.11111111111111,false,1.467382e6,1.4629393333333337e6,false,0
79.016,use_lmSR3_cuts,0.002951474923674313,5,false,39.377500000000005,false,false,10.11111111111111,false,1.467382e6,1.463051058823549e6,false,0
130.296,use_lmSR3_cuts,0.0029316034803598123,5,false,43.32833333333333,false,false,10.11111111111111,false,1.467382e6,1.4630802178217827e6,false,0
114.73,none,0.002877914544407445,0,false,38.144666666666666,false,false,10.11111111111111,false,1.467382e6,1.4631589999999984e6,false,0
