CG_time_taken,method,CG_LP_IP_gap,implemented_SR3_cuts_count,errored,CG_sp_time_taken_mean,converged,CGIP_artificial,ngroute_neighborhood_size,time_limit_reached,CGIP_objective,CGLP_objective,CGLP_artificial,cycles_lookup_length
59.03,use_adaptive_ngroute,0.06790750282197844,0,false,2.3274782608695648,false,false,7.833333333333333,false,1.537928e6,1.4334911500000004e6,false,7
20.325,use_lmSR3_cuts,0.06754172659578339,11,false,5.013,false,false,9.166666666666666,false,1.537928e6,1.4340536875e6,false,0
29.257,use_adaptive_ngroute,0.05844781078989092,0,false,7.20925,false,false,9.166666666666666,false,1.537928e6,1.4480394752475247e6,false,5
13.716,use_lmSR3_cuts,0.05658521030928099,7,false,6.826999999999999,false,false,9.666666666666666,false,1.537928e6,1.450904020679468e6,false,0
15.903,use_lmSR3_cuts,0.05465711770103143,3,false,5.18,false,false,9.666666666666666,false,1.537928e6,1.453869288288288e6,false,0
19.474,use_lmSR3_cuts,0.05641971181060157,10,false,4.7755,false,false,9.666666666666666,false,1.537928e6,1.4511585454545452e6,false,0
39.759,use_lmSR3_cuts,0.05314689783235138,2,false,7.8678,false,false,9.666666666666666,false,1.537928e6,1.4561918977104875e6,false,0
7.843,use_lmSR3_cuts,0.052283568737045094,3,false,7.779,false,false,9.666666666666666,false,1.537928e6,1.4575196356993737e6,false,0
14.15,use_adaptive_ngroute,0.052038681074229154,0,false,7.0145,false,false,9.666666666666666,false,1.537928e6,1.457896255292873e6,false,3
7.144,use_lmSR3_cuts,0.05202236374872293,10,false,7.094,false,false,9.805555555555555,false,1.537928e6,1.457921350164654e6,false,0
29.417,use_adaptive_ngroute,0.048809338457887264,0,false,9.722666666666665,false,false,9.805555555555555,false,1.537928e6,1.4628627517241384e6,false,1
29.973,use_adaptive_ngroute,0.04880589786813905,0,false,9.835666666666667,false,false,9.916666666666666,false,1.537928e6,1.4628680431034486e6,false,3
10.587,use_lmSR3_cuts,0.04880367070434055,1,false,10.488,false,false,10.0,false,1.537928e6,1.462871468321015e6,false,0
18.896,use_lmSR3_cuts,0.04878586914965244,10,false,9.3325,false,false,10.0,false,1.537928e6,1.4628988458304133e6,false,0
40.822,use_lmSR3_cuts,0.04620278000551159,10,false,10.114250000000002,false,false,10.0,false,1.537928e6,1.4668714509516836e6,false,0
31.211,use_adaptive_ngroute,0.04376355375251806,0,false,10.308666666666667,false,false,10.0,false,1.537928e6,1.4706228053044975e6,false,3
12.079,use_lmSR3_cuts,0.04371176162657331,2,false,11.976999999999999,false,false,10.333333333333334,false,1.537928e6,1.4707024578651674e6,false,0
56.936,use_lmSR3_cuts,0.04355232489098637,2,false,14.15075,false,false,10.333333333333334,false,1.537928e6,1.470947660085055e6,false,0
14.027,use_lmSR3_cuts,0.04343815591465794,10,false,13.899000000000001,false,false,10.333333333333334,false,1.537928e6,1.4711232437504819e6,false,0
45.85,use_lmSR3_cuts,0.042374223851405324,2,false,15.182000000000002,false,false,10.333333333333334,false,1.537928e6,1.472759494660656e6,false,0
31.117,use_lmSR3_cuts,0.04234648309396816,10,false,15.447499999999998,false,false,10.333333333333334,false,1.537928e6,1.4728021579482597e6,false,0
81.796,use_adaptive_ngroute,0.03962652126522004,0,false,20.278,false,false,10.333333333333334,false,1.537928e6,1.4769852634036227e6,false,2
64.125,use_lmSR3_cuts,0.03966896513166196,2,false,21.161666666666665,false,false,10.38888888888889,false,1.537928e6,1.4769199877929934e6,false,0
41.133,use_lmSR3_cuts,0.03950148232011863,1,false,20.207,false,false,10.38888888888889,false,1.537927988486283e6,1.4771775532394764e6,false,0
22.854,use_lmSR3_cuts,0.03950093550031175,10,false,22.667,false,false,10.38888888888889,false,1.537928e6,1.4771784052678766e6,false,0
81.887,use_adaptive_ngroute,0.03769060252384138,0,false,20.321999999999996,false,false,10.38888888888889,false,1.537928e6,1.4799625670417137e6,false,1
23.611,use_lmSR3_cuts,0.03769052493478475,2,false,23.419,false,false,10.61111111111111,false,1.537928e6,1.4799626863680964e6,false,0
20.508,use_lmSR3_cuts,0.037670305514086455,10,false,20.34,false,false,10.61111111111111,false,1.537928e6,1.479993782381332e6,false,0
158.895,use_lmSR3_cuts,0.03642419028152366,1,false,26.313666666666666,false,false,10.61111111111111,false,1.537928e6,1.4819102178887168e6,false,0
94.907,use_lmSR3_cuts,0.036539164274551394,10,false,23.52975,false,false,10.61111111111111,false,1.537928e6,1.4817333961655677e6,false,0
226.362,use_lmSR3_cuts,0.035360166734624165,10,false,37.59583333333334,false,false,10.61111111111111,false,1.537928e6,1.483546609494153e6,false,0
192.229,use_adaptive_ngroute,0.034664386629575605,0,false,47.88725,false,false,10.61111111111111,false,1.5379279941747189e6,1.4846166635761987e6,false,1
38.705,use_lmSR3_cuts,0.03466423553055886,10,false,38.486,false,false,10.666666666666666,false,1.537928e6,1.4846169015789586e6,false,0
278.079,use_adaptive_ngroute,0.0347661779986459,0,false,46.2045,false,false,10.666666666666666,false,1.537928e6,1.4844601214028986e6,false,2
99.855,use_adaptive_ngroute,0.034726817380294595,0,false,49.773999999999994,false,false,10.805555555555555,false,1.537928e6,1.4845206551999582e6,false,1
51.403,use_adaptive_ngroute,0.0347249269237524,0,false,51.17,false,false,10.833333333333334,false,1.537928e6,1.4845235625860074e6,false,1
98.762,use_lmSR3_cuts,0.03472478463325257,10,false,49.215500000000006,false,false,10.86111111111111,false,1.537928e6,1.4845237814185512e6,false,0
207.257,use_adaptive_ngroute,0.03388453289922977,0,false,41.263400000000004,false,false,10.86111111111111,false,1.537928e6,1.4858160280873533e6,false,3
44.002,use_lmSR3_cuts,0.0338731583955163,1,false,43.774,false,false,11.083333333333334,false,1.537928e6,1.4858335212551004e6,false,0
43.136,use_lmSR3_cuts,0.033867916392216424,10,false,42.888999999999996,false,false,11.083333333333334,false,1.537928e6,1.4858415830787513e6,false,0
299.045,use_lmSR3_cuts,0.03422960199920888,10,false,49.63683333333334,false,false,11.083333333333334,false,1.537928e6,1.4852853366565607e6,false,0
133.842,use_lmSR3_cuts,0.03346595583958745,1,false,66.76050000000001,false,false,11.083333333333334,false,1.537928e6,1.486459769467535e6,false,0
150.443,use_lmSR3_cuts,0.033479069098550474,1,false,75.0365,false,false,11.083333333333334,false,1.537928e6,1.4864396022194044e6,false,0
74.437,use_lmSR3_cuts,0.033478993490584585,10,false,74.166,false,false,11.083333333333334,false,1.537928e6,1.4864397184990123e6,false,0
170.854,use_lmSR3_cuts,0.03334688248459927,10,false,56.809333333333335,false,false,11.083333333333334,false,1.537928e6,1.4866428957142252e6,false,0
143.351,use_lmSR3_cuts,0.03327497254385314,10,false,47.61933333333334,false,false,11.083333333333334,true,1.537928e6,1.486753488025577e6,false,0
