CG_time_taken,method,CG_LP_IP_gap,implemented_SR3_cuts_count,errored,CG_sp_time_taken_mean,converged,CGIP_artificial,ngroute_neighborhood_size,time_limit_reached,CGIP_objective,CGLP_objective,CGLP_artificial,cycles_lookup_length
114.094,use_adaptive_ngroute,0.09517383181037475,0,false,4.378666666666667,false,false,7.833333333333333,false,1.640513e6,1.4843790916552667e6,false,14
46.189,use_adaptive_ngroute,0.08877423098750226,0,false,7.5355,false,false,9.277777777777779,false,1.640513e6,1.4948777199999997e6,false,8
65.125,use_lmSR3_cuts,0.08827779199836616,5,false,10.700666666666667,false,false,10.527777777777777,false,1.640513e6,1.4956921346153843e6,false,0
129.586,use_adaptive_ngroute,0.08684282758540751,0,false,21.509,false,false,10.527777777777777,false,1.640513e6,1.4980462123893804e6,false,5
91.765,use_lmSR3_cuts,0.08640039708267422,5,false,30.480999999999998,false,false,11.027777777777779,false,1.640513e6,1.4987720253807108e6,false,0
247.594,use_adaptive_ngroute,0.08373442738135406,0,false,35.23628571428572,false,false,11.027777777777779,false,1.640513e6,1.5031455833333328e6,false,7
204.052,use_lmSR3_cuts,0.08111985290973733,5,false,40.6782,false,false,11.333333333333332,false,1.63709e6,1.5042894999999981e6,false,0
210.143,use_adaptive_ngroute,0.08009701626653076,0,false,34.91233333333333,false,false,11.333333333333332,false,1.63709e6,1.5059639756402252e6,false,3
147.396,use_lmSR3_cuts,0.08008161775029898,5,false,49.08933333333333,false,false,11.63888888888889,false,1.63709e6,1.505989184397163e6,false,0
359.214,use_lmSR3_cuts,0.07724804378500894,5,false,59.75533333333334,false,false,11.63888888888889,false,1.63709e6,1.5106279999999998e6,false,0
181.365,use_adaptive_ngroute,0.07655341693696349,0,false,60.341,false,false,11.63888888888889,false,1.63709e6,1.5117651666666665e6,false,4
253.831,use_lmSR3_cuts,0.07651792951290237,5,false,84.51166666666667,false,false,11.944444444444443,false,1.63709e6,1.5118232627737226e6,false,0
405.105,use_adaptive_ngroute,0.0750840987805973,0,false,101.07050000000001,false,false,11.944444444444443,false,1.63709e6,1.514170572727272e6,false,1
86.322,use_lmSR3_cuts,0.07508409878059663,5,false,86.213,false,false,11.972222222222223,false,1.63709e6,1.514170572727273e6,false,0
416.613,use_adaptive_ngroute,0.07361922502523166,0,false,104.0355,false,false,11.972222222222223,false,1.63709e6,1.5165687029034435e6,false,6
597.498,none,0.07344488884136002,0,false,122.12275,false,false,12.416666666666668,true,1.63709e6,1.516854106926698e6,false,0
