CG_time_taken,method,CG_LP_IP_gap,implemented_SR3_cuts_count,errored,CG_sp_time_taken_mean,converged,CGIP_artificial,ngroute_neighborhood_size,time_limit_reached,CGIP_objective,CGLP_objective,CGLP_artificial,cycles_lookup_length
4.146,use_adaptive_ngroute,0.9999786899270504,0,false,0.13299999999999998,false,true,6.0,false,6.0e10,1.2786043769781145e6,false,26
8.33,use_adaptive_ngroute,0.11954689288547049,0,false,0.49325,false,false,7.642857142857142,false,1.584828e6,1.3953667368421056e6,false,10
5.693,use_adaptive_ngroute,0.09730443747854955,0,false,0.7958571428571428,false,false,8.535714285714286,false,1.576099e6,1.4227375733944955e6,false,3
2.89,use_lmSR3_cuts,0.09695456947818637,5,false,0.9523333333333334,false,false,8.678571428571429,false,1.576099e6,1.423289e6,false,0
5.124,use_adaptive_ngroute,0.042518692849450423,0,false,1.2494999999999998,false,false,8.678571428571429,false,1.501864e6,1.438006705882353e6,false,1
1.327,use_lmSR3_cuts,0.0425186928494502,5,false,1.3139999999999998,false,false,8.821428571428571,false,1.501864e6,1.4380067058823532e6,false,0
5.019,use_adaptive_ngroute,0.04012347323059873,0,false,1.19825,false,false,8.821428571428571,false,1.501864e6,1.441604e6,false,1
2.862,use_adaptive_ngroute,0.039753999030538,0,false,1.4020000000000001,false,false,8.892857142857142,false,1.501864e6,1.4421589000000001e6,false,1
3.367,use_lmSR3_cuts,0.039753999030538445,5,false,1.6524999999999999,false,false,9.071428571428571,false,1.501864e6,1.4421588999999994e6,false,0
5.193,use_lmSR3_cuts,0.0386932249114843,5,false,1.6903333333333332,false,false,9.071428571428571,false,1.501864e6,1.4437520384615385e6,false,0
7.783,use_adaptive_ngroute,0.03712400710667807,0,false,1.8949999999999998,false,false,9.071428571428571,false,1.501864e6,1.446108790190736e6,false,1
2.025,use_lmSR3_cuts,0.03708085141752737,5,false,2.01,false,false,9.142857142857142,false,1.501864e6,1.4461736041666667e6,false,0
6.149,use_lmSR3_cuts,0.036230015204809285,5,false,1.9990000000000003,false,false,9.142857142857142,false,1.501864e6,1.4474514444444443e6,false,0
9.851,use_adaptive_ngroute,0.03448757111791312,0,false,2.40575,false,false,9.142857142857142,false,1.501864e6,1.4500683584905665e6,false,1
2.638,use_lmSR3_cuts,0.034481252745863,5,false,2.619,false,false,9.214285714285714,false,1.501864e6,1.4500778478260871e6,false,0
12.109,use_lmSR3_cuts,0.033598751767930035,5,false,2.9897500000000004,false,false,9.214285714285714,false,1.501864e6,1.4514032442748095e6,false,0
10.581,use_lmSR3_cuts,0.028047617524084134,5,false,3.457666666666667,false,false,9.214285714285714,false,1.496047e6,1.4540864459459465e6,false,0
16.142,use_adaptive_ngroute,0.027518290410631252,0,false,3.973,false,false,9.214285714285714,false,1.496047e6,1.4548783441860464e6,false,3
4.258,use_lmSR3_cuts,0.027484375426794827,5,false,4.234,false,false,9.357142857142858,false,1.496047e6,1.45492908259587e6,false,0
15.06,use_lmSR3_cuts,0.026763959772220902,5,false,4.991666666666667,false,false,9.357142857142858,false,1.496047e6,1.4560068582746482e6,false,0
21.93,use_lmSR3_cuts,0.02003978503860493,5,false,5.422499999999999,false,false,9.357142857142858,false,1.487143e6,1.457340973958334e6,false,0
15.87,use_lmSR3_cuts,0.019224025530833244,5,false,5.258333333333333,false,false,9.357142857142858,false,1.487143e6,1.458554125e6,false,0
17.377,use_lmSR3_cuts,0.018497755365427526,5,false,5.757333333333333,false,false,9.357142857142858,false,1.487143e6,1.459634192592592e6,false,0
12.899,use_lmSR3_cuts,0.018173067418533306,5,false,6.411499999999999,false,false,9.357142857142858,false,1.487143e6,1.46011705e6,false,0
22.83,use_adaptive_ngroute,0.01736569237601382,0,false,7.558999999999999,false,false,9.357142857142858,false,1.487143e6,1.4613177321428577e6,false,2
15.086,use_lmSR3_cuts,0.017364974316526394,5,false,7.496,false,false,9.428571428571429,false,1.487143e6,1.461318799999998e6,false,0
16.772,use_lmSR3_cuts,0.017105961100767897,5,false,5.561,false,false,9.428571428571429,false,1.487143e6,1.4617039896907208e6,false,0
20.789,use_lmSR3_cuts,0.017073620888827357,5,false,6.8870000000000005,false,false,9.428571428571429,false,1.487143e6,1.4617520842105267e6,false,0
17.383,use_adaptive_ngroute,0.016860969740410958,0,false,8.657499999999999,false,false,9.428571428571429,false,1.487143e6,1.462068326877336e6,false,2
23.923,use_lmSR3_cuts,0.016860809934817755,5,false,7.938666666666666,false,false,9.571428571428571,false,1.487143e6,1.4620685645311053e6,false,0
22.988,use_lmSR3_cuts,0.01683460843071405,1,false,7.628666666666668,false,false,9.571428571428571,false,1.487143e6,1.4621075299145225e6,false,0
9.004,use_lmSR3_cuts,0.01680696467091014,3,false,8.952,false,false,9.571428571428571,false,1.487143e6,1.4621486401384086e6,false,0
17.687,use_adaptive_ngroute,0.016786705452361383,0,false,8.7655,false,false,9.571428571428571,false,1.487143e6,1.4621787684934589e6,false,2
17.826,use_lmSR3_cuts,0.016784152311580036,5,false,8.7895,false,false,9.642857142857142,false,1.487143e6,1.4621825653789e6,false,0
29.44,use_lmSR3_cuts,0.01677405813104016,5,false,9.771333333333335,false,false,9.642857142857142,false,1.487143e6,1.4621975768688305e6,false,0
40.709,use_lmSR3_cuts,0.016757176802646323,2,false,10.139750000000001,false,false,9.642857142857142,false,1.487143e6,1.462222681818182e6,false,0
10.281,none,0.01675184653012396,0,false,10.225,false,false,9.642857142857142,false,1.487143e6,1.4622306086956519e6,false,0
