CG_time_taken,method,CG_LP_IP_gap,implemented_SR3_cuts_count,errored,CG_sp_time_taken_mean,converged,CGIP_artificial,ngroute_neighborhood_size,time_limit_reached,CGIP_objective,CGLP_objective,CGLP_artificial,cycles_lookup_length
66.067,use_adaptive_ngroute,0.21875067516786673,0,false,3.3353333333333333,false,false,7.833333333333333,false,1.935815e6,1.5123541617499162e6,false,17
26.268,use_adaptive_ngroute,0.2158477381442372,0,false,5.1288,false,false,9.88888888888889,false,1.935815e6,1.5179737107843135e6,false,4
28.185,use_adaptive_ngroute,0.21572240558347722,0,false,6.96025,false,false,10.194444444444445,false,1.935815e6,1.518216331435421e6,false,3
15.028,use_lmSR3_cuts,0.21571354704684187,5,false,7.443,false,false,10.5,false,1.935815e6,1.518233479923518e6,false,0
101.104,use_adaptive_ngroute,0.15348848106116764,0,false,12.464875,false,false,10.5,false,1.814281e6,1.5358097650918637e6,false,8
155.822,use_adaptive_ngroute,0.13288490619937476,0,false,25.903,false,false,11.36111111111111,false,1.771588e6,1.536170694796062e6,false,3
97.741,use_adaptive_ngroute,0.13288112992518586,0,false,24.35475,false,false,11.555555555555555,false,1.771588e6,1.5361773847980998e6,false,1
38.882,use_lmSR3_cuts,0.1328811299251863,5,false,19.377000000000002,false,false,11.694444444444445,false,1.771588e6,1.536177384798099e6,false,0
158.845,use_adaptive_ngroute,0.06092678570902954,0,false,26.296166666666668,false,false,11.694444444444445,false,1.650593e6,1.5500276739961759e6,false,4
143.242,use_lmSR3_cuts,0.06058562315324201,5,false,35.744749999999996,false,false,12.444444444444445,false,1.650593e6,1.5505907945226207e6,false,0
100.744,use_adaptive_ngroute,0.06013624603883794,0,false,33.45,false,false,12.444444444444445,false,1.6505929672319654e6,1.5513325024445283e6,false,4
168.73,use_adaptive_ngroute,0.05947104152779359,0,false,42.047250000000005,false,false,12.916666666666666,false,1.650593e6,1.5524305151515147e6,false,4
105.998,use_lmSR3_cuts,0.059372237735165756,5,false,52.9225,false,false,13.027777777777777,false,1.650593e6,1.5525935999999996e6,false,0
91.53,use_lmSR3_cuts,0.05879862608706721,5,false,45.5565,false,false,13.027777777777777,false,1.650593e6,1.5535403993710694e6,false,0
225.958,use_adaptive_ngroute,0.05861027172762778,0,false,75.21766666666664,false,false,13.027777777777777,false,1.650593e6,1.5538512957582797e6,false,2
142.175,use_lmSR3_cuts,0.05851831796376572,5,false,70.996,false,false,13.138888888888888,false,1.650593e6,1.554003073997234e6,false,0
133.972,use_lmSR3_cuts,0.057696051124176306,5,false,66.79350000000001,false,false,13.138888888888888,false,1.650593e6,1.5553603018867925e6,false,0
445.974,use_lmSR3_cuts,0.05723907508796333,5,false,89.0784,false,false,13.138888888888888,false,1.650593e6,1.5561145833333333e6,false,0
325.725,use_lmSR3_cuts,0.056885510977236264,5,false,108.48366666666666,false,false,13.138888888888888,false,1.650593e6,1.5566981737795507e6,false,0
100.7,use_adaptive_ngroute,0.05674720275334111,0,false,100.58,false,false,13.138888888888888,false,1.650593e6,1.5569264643657545e6,false,4
379.817,use_lmSR3_cuts,0.05405944564061016,5,false,126.49133333333334,false,false,13.472222222222221,false,1.64591e6,1.5569330178256633e6,false,0
427.004,use_lmSR3_cuts,0.05380240404087733,5,false,142.213,false,false,13.472222222222221,false,1.64591e6,1.5573560851650797e6,false,0
32.859,none,0.053575479931330494,0,false,NaN,false,false,13.472222222222221,true,1.64591e6,1.5577295818262238e6,false,0
