CG_time_taken,method,CG_LP_IP_gap,implemented_SR3_cuts_count,errored,CG_sp_time_taken_mean,converged,CGIP_artificial,ngroute_neighborhood_size,time_limit_reached,CGIP_objective,CGLP_objective,CGLP_artificial,cycles_lookup_length
109.334,use_adaptive_ngroute,0.10278082181554127,0,false,3.7531851851851856,false,false,7.833333333333333,false,1.619576e6,1.453114647727273e6,false,23
133.05,use_lmSR3_cuts,0.05780565896241885,5,false,13.1964,false,false,11.194444444444445,false,1.558837e6,1.4687274e6,false,0
82.009,use_adaptive_ngroute,0.054485363126484665,0,false,16.257,false,false,11.194444444444445,false,1.558837e6,1.4739032e6,false,1
80.712,use_adaptive_ngroute,0.054485363126484665,0,false,20.06075,false,false,11.388888888888888,false,1.558837e6,1.4739032e6,false,2
71.038,use_lmSR3_cuts,0.05448536312648489,5,false,23.62666666666667,false,false,11.5,false,1.558837e6,1.4739031999999997e6,false,0
81.032,use_adaptive_ngroute,0.05310176753566953,0,false,20.135,false,false,11.5,false,1.558837e6,1.4760599999999995e6,false,8
132.404,use_adaptive_ngroute,0.052953539189929844,0,false,32.998749999999994,false,false,12.222222222222221,false,1.558837e6,1.4762910638297873e6,false,1
90.254,use_lmSR3_cuts,0.052953539189929955,5,false,30.018000000000004,false,false,12.25,false,1.558837e6,1.476291063829787e6,false,0
83.439,use_adaptive_ngroute,0.052332369791298516,0,false,27.706333333333337,false,false,12.25,false,1.558837e6,1.4772593656716417e6,false,1
51.497,use_adaptive_ngroute,0.052230636545378295,0,false,17.011666666666667,false,false,12.277777777777777,false,1.558837e6,1.4774179512195121e6,false,3
82.603,use_lmSR3_cuts,0.05218029679792524,5,false,27.44633333333333,false,false,12.61111111111111,false,1.558837e6,1.4774964226804127e6,false,0
121.625,use_adaptive_ngroute,0.051320187433030795,0,false,30.24275,false,false,12.61111111111111,false,1.558837e6,1.4788371929824566e6,false,3
126.02,use_adaptive_ngroute,0.05117780162150942,0,false,31.421249999999997,false,false,12.694444444444443,false,1.558837e6,1.4790591492537311e6,false,2
42.162,use_lmSR3_cuts,0.05117780162150931,5,false,42.083999999999996,false,false,12.86111111111111,false,1.558837e6,1.4790591492537314e6,false,0
159.581,use_lmSR3_cuts,0.050278001056770716,5,false,39.77675000000001,false,false,12.86111111111111,false,1.558837e6,1.4804617916666667e6,false,0
77.908,use_adaptive_ngroute,0.050062436054301274,0,false,38.866,false,false,12.86111111111111,false,1.558837e6,1.4807978223684211e6,false,1
129.961,use_lmSR3_cuts,0.05005998216805718,5,false,43.25633333333334,false,false,13.027777777777777,false,1.558837e6,1.4808016475770923e6,false,0
128.376,use_lmSR3_cuts,0.0498008437619355,5,false,42.55233333333334,false,false,13.027777777777777,false,1.558837e6,1.4812056021126758e6,false,0
223.644,use_adaptive_ngroute,0.04948632584012458,0,false,44.61559999999999,false,false,13.027777777777777,false,1.558837e6,1.4816958842863578e6,false,3
63.589,use_lmSR3_cuts,0.04942689673363587,5,false,63.461,false,false,13.138888888888888,false,1.558837e6,1.4817885245764293e6,false,0
166.773,use_adaptive_ngroute,0.04881696307991634,0,false,55.39099999999999,false,false,13.138888888888888,false,1.558837e6,1.4827393117233925e6,false,6
245.421,use_lmSR3_cuts,0.0487822591785938,5,false,81.697,false,false,13.305555555555555,false,1.558837e6,1.4827934094488183e6,false,0
676.476,use_adaptive_ngroute,0.047810039140920746,0,false,112.44416666666667,false,false,13.305555555555555,false,1.558837e6,1.4843089420156844e6,false,2
333.687,use_adaptive_ngroute,0.04764859398663723,0,false,111.09333333333332,false,false,13.38888888888889,false,1.558837e6,1.4845606086956523e6,false,1
60.584,none,0.0476485939866379,0,false,NaN,false,false,13.472222222222221,true,1.558837e6,1.4845606086956514e6,false,0
