CG_time_taken,method,CG_LP_IP_gap,implemented_SR3_cuts_count,errored,CG_sp_time_taken_mean,converged,CGIP_artificial,ngroute_neighborhood_size,time_limit_reached,CGIP_objective,CGLP_objective,CGLP_artificial,cycles_lookup_length
164.683,use_adaptive_ngroute,0.07614056331277375,0,false,6.796608695652172,false,false,7.833333333333333,false,1.664901e6,1.5381344999999998e6,false,9
33.683,use_lmSR3_cuts,0.07559713760758158,5,false,11.04866666666667,false,false,9.36111111111111,false,1.664901e6,1.5390392499999998e6,false,0
231.809,use_adaptive_ngroute,0.07337132355919618,0,false,25.625111111111107,false,false,9.36111111111111,false,1.664901e6,1.5427450100349707e6,false,12
246.395,use_adaptive_ngroute,0.07108939597706598,0,false,40.95066666666666,false,false,10.583333333333332,false,1.664901e6,1.546544193548387e6,false,3
146.226,use_adaptive_ngroute,0.07079355473658833,0,false,36.396750000000004,false,false,10.666666666666666,false,1.664901e6,1.5470367399254993e6,false,2
69.666,use_lmSR3_cuts,0.07067746238155603,5,false,34.7785,false,false,10.722222222222221,false,1.664901e6,1.547230022203485e6,false,0
203.557,use_adaptive_ngroute,0.06580570183863432,0,false,50.79174999999999,false,false,10.722222222222221,false,1.664901e6,1.5553410212031559e6,false,6
426.573,use_lmSR3_cuts,0.06544341658162423,5,false,71.00899999999999,false,false,10.88888888888889,false,1.664901e6,1.5559441902898373e6,false,0
331.148,use_adaptive_ngroute,0.06284400702161175,0,false,66.08559999999999,false,false,10.88888888888889,false,1.664901e6,1.5602719498657116e6,false,5
391.398,use_lmSR3_cuts,0.06212760167620934,5,false,65.13366666666667,false,false,11.388888888888888,false,1.664901e6,1.5614646938416774e6,false,0
659.138,use_adaptive_ngroute,0.054856540597796766,0,false,93.94700000000002,false,false,11.388888888888888,false,1.661758e6,1.5705997048092864e6,false,2
354.968,use_adaptive_ngroute,0.05478407620125558,0,false,88.634,false,false,11.527777777777777,false,1.661758e6,1.5707201230999539e6,false,2
124.178,use_lmSR3_cuts,0.054782543746039414,5,false,124.096,false,false,11.833333333333332,false,1.661758e6,1.5707226696696691e6,false,0
190.788,none,0.05380589084885845,0,false,106.229,false,false,11.833333333333332,true,1.661758e6,1.5723456304347827e6,false,0
