CG_time_taken,method,CG_LP_IP_gap,implemented_SR3_cuts_count,errored,CG_sp_time_taken_mean,converged,CGIP_artificial,ngroute_neighborhood_size,time_limit_reached,CGIP_objective,CGLP_objective,CGLP_artificial,cycles_lookup_length
113.864,use_adaptive_ngroute,0.08338813749056817,0,false,3.8128928571428573,false,false,7.833333333333333,false,1.598723e6,1.4654084666666663e6,false,10
47.414,use_adaptive_ngroute,0.07854754273122666,0,false,6.6530000000000005,false,false,8.86111111111111,false,1.598723e6,1.4731472368421052e6,false,4
44.925,use_lmSR3_cuts,0.07613098704403443,5,false,8.8462,false,false,9.027777777777779,false,1.598723e6,1.4770106400000001e6,false,0
77.535,use_adaptive_ngroute,0.07269077344063335,0,false,15.3866,false,false,9.027777777777779,false,1.598723e6,1.4825105886126703e6,false,8
40.994,use_adaptive_ngroute,0.07266545444916606,0,false,13.532333333333336,false,false,9.36111111111111,false,1.598723e6,1.482551066666666e6,false,2
32.063,use_lmSR3_cuts,0.07265482049377514,5,false,15.960999999999999,false,false,9.416666666666668,false,1.598723e6,1.4825680674157303e6,false,0
100.065,use_adaptive_ngroute,0.06913351051641414,0,false,16.480666666666668,false,false,9.416666666666668,false,1.598723e6,1.4881976666666667e6,false,3
117.605,use_adaptive_ngroute,0.05363060537285158,0,false,19.480166666666666,false,false,9.5,false,1.57297e6,1.4886106666666656e6,false,2
88.524,use_adaptive_ngroute,0.05125210519584378,0,false,17.5846,false,false,9.583333333333332,false,1.569974e6,1.4895095273972603e6,false,6
102.978,use_lmSR3_cuts,0.050944221091624886,5,false,20.5292,false,false,9.88888888888889,false,1.569974e6,1.4899928974358973e6,false,0
119.892,use_lmSR3_cuts,0.04810610451722974,5,false,29.819,false,false,9.88888888888889,false,1.569974e6,1.4944486666666667e6,false,0
128.837,use_lmSR3_cuts,0.04747112132398923,5,false,25.63,false,false,9.88888888888889,false,1.569974e6,1.4954455737704914e6,false,0
230.575,use_adaptive_ngroute,0.044634960370507626,0,false,57.49400000000001,false,false,9.88888888888889,false,1.569974e6,1.4998982727272727e6,false,5
225.313,use_lmSR3_cuts,0.04461850200048001,5,false,56.207,false,false,10.083333333333334,false,1.569974e6,1.4999241119402985e6,false,0
286.774,use_adaptive_ngroute,0.04328723235012977,0,false,57.2162,false,false,10.083333333333334,false,1.569974e6,1.5020141706783373e6,false,4
148.052,use_adaptive_ngroute,0.04291719427625351,0,false,49.181333333333335,false,false,10.333333333333334,false,1.569974e6,1.502595120833333e6,false,4
108.133,use_lmSR3_cuts,0.04289470311447874,5,false,53.8845,false,false,10.472222222222221,false,1.569974e6,1.5026304313725494e6,false,0
138.08,use_adaptive_ngroute,0.04149891323984645,0,false,68.7455,false,false,10.472222222222221,false,1.569974e6,1.5048217851851853e6,false,1
199.795,use_adaptive_ngroute,0.0414613146011652,0,false,66.52766666666668,false,false,10.527777777777777,false,1.569974e6,1.5048808140703503e6,false,4
124.579,use_lmSR3_cuts,0.041459776125446046,5,false,62.199000000000005,false,false,11.083333333333334,false,1.569974e6,1.504883229437229e6,false,0
325.539,use_lmSR3_cuts,0.04080953985199165,5,false,81.26675,false,false,11.083333333333334,false,1.569974e6,1.5059040834804093e6,false,0
273.962,use_adaptive_ngroute,0.04026228168375612,0,false,91.16733333333333,false,false,11.083333333333334,false,1.569974e6,1.5067632645758267e6,false,2
87.286,use_adaptive_ngroute,0.04025151312391184,0,false,87.136,false,false,11.527777777777777,false,1.569974e6,1.5067801709347996e6,false,1
181.637,use_lmSR3_cuts,0.04024699088180639,5,false,90.71600000000001,false,false,11.555555555555555,false,1.569974e6,1.506787270737327e6,false,0
187.013,none,0.038884782177873944,0,false,83.926,false,false,11.555555555555555,true,1.569974e6,1.5089259029850746e6,false,0
