CG_time_taken,method,CG_LP_IP_gap,implemented_SR3_cuts_count,errored,CG_sp_time_taken_mean,converged,CGIP_artificial,ngroute_neighborhood_size,time_limit_reached,CGIP_objective,CGLP_objective,CGLP_artificial,cycles_lookup_length
77.53,use_adaptive_ngroute,0.20008316343071653,0,false,2.86164,false,false,7.833333333333333,false,1.88153e6,1.505067525510204e6,false,14
32.621,use_adaptive_ngroute,0.19511361840318464,0,false,6.438999999999999,false,false,9.305555555555555,false,1.88153e6,1.514417873565856e6,false,3
43.54,use_lmSR3_cuts,0.19475105909221557,13,false,7.194833333333334,false,false,9.722222222222221,false,1.88153e6,1.5151000397862236e6,false,0
88.484,use_adaptive_ngroute,0.1166529484680694,0,false,10.9245,false,false,9.722222222222221,false,1.758134e6,1.5530424850980393e6,false,5
21.37,use_adaptive_ngroute,0.11596625858840903,0,false,10.601,false,false,9.944444444444445,false,1.758134e6,1.554249777922926e6,false,1
48.654,use_lmSR3_cuts,0.11586748288054916,11,false,9.667599999999998,false,false,9.972222222222221,false,1.758134e6,1.5544234388532885e6,false,0
55.233,use_adaptive_ngroute,0.11006206549178499,0,false,10.987,false,false,9.972222222222221,false,1.758134e6,1.564630140548666e6,false,6
38.556,use_adaptive_ngroute,0.10991029542651976,0,false,12.77,false,false,10.444444444444445,false,1.758134e6,1.5648969726605911e6,false,4
68.475,use_adaptive_ngroute,0.10967074785142306,0,false,13.580200000000001,false,false,10.555555555555555,false,1.758134e6,1.5653181293969862e6,false,1
60.081,use_adaptive_ngroute,0.1102077723557866,0,false,14.95075,false,false,10.583333333333332,false,1.758134e6,1.5643739683570315e6,false,1
12.925,use_lmSR3_cuts,0.10986807681932098,3,false,12.834000000000001,false,false,10.61111111111111,false,1.758134e6,1.56497119862934e6,false,0
55.942,use_lmSR3_cuts,0.109448030588714,1,false,11.029200000000001,false,false,10.61111111111111,false,1.758134e6,1.5657096961889418e6,false,0
26.084,use_lmSR3_cuts,0.10911858464714985,1,false,12.931,false,false,10.61111111111111,false,1.758134e6,1.5662889062999678e6,false,0
51.212,use_lmSR3_cuts,0.11051032294060237,10,false,12.725500000000002,false,false,10.61111111111111,false,1.758134e6,1.563842043887147e6,false,0
85.196,use_adaptive_ngroute,0.10420811156515242,0,false,16.954,false,false,10.61111111111111,false,1.758134e6,1.5749221759815123e6,false,6
38.582,use_adaptive_ngroute,0.10412645625454342,0,false,19.2255,false,false,10.916666666666666,false,1.758134e6,1.5750657369593745e6,false,2
71.154,use_lmSR3_cuts,0.10415267620727986,3,false,23.64333333333333,false,false,11.027777777777779,false,1.758134e6,1.5750196387689903e6,false,0
95.003,use_lmSR3_cuts,0.10373294412447598,1,false,31.579333333333327,false,false,11.027777777777779,false,1.758134e6,1.5757575840146586e6,false,0
63.592,use_lmSR3_cuts,0.10359347598887969,10,false,31.691499999999998,false,false,11.027777777777779,false,1.758134e6,1.576002787685767e6,false,0
185.462,use_adaptive_ngroute,0.096147507902542,0,false,30.831666666666667,false,false,11.027777777777779,false,1.744442e6,1.5767182490194738e6,false,1
68.494,use_lmSR3_cuts,0.09614569346049906,4,false,34.165000000000006,false,false,11.055555555555555,false,1.744442e6,1.57672141420838e6,false,0
94.314,use_lmSR3_cuts,0.09563756288767389,10,false,31.362333333333332,false,false,11.055555555555555,false,1.744442e6,1.5776078185211003e6,false,0
152.598,use_adaptive_ngroute,0.0879970997717282,0,false,25.264166666666668,false,false,11.055555555555555,false,1.744442e6,1.590936163280007e6,false,1
143.113,use_lmSR3_cuts,0.08808561830072537,3,false,35.678999999999995,false,false,11.11111111111111,false,1.744442e6,1.590781747840246e6,false,0
96.449,use_lmSR3_cuts,0.0874535476365258,10,false,32.04033333333333,false,false,11.11111111111111,false,1.744442e6,1.5918843584538437e6,false,0
165.911,use_adaptive_ngroute,0.08579498024885435,0,false,41.380500000000005,false,false,11.11111111111111,false,1.744442e6,1.594777633064728e6,false,1
90.869,use_lmSR3_cuts,0.08579538807649945,10,false,45.3395,false,false,11.166666666666668,false,1.744442e6,1.5947769216330552e6,false,0
227.537,use_adaptive_ngroute,0.08471772559133595,0,false,56.768,false,false,11.166666666666668,false,1.744442e6,1.5966568413339988e6,false,2
131.523,use_adaptive_ngroute,0.08465911536985082,0,false,65.6375,false,false,11.277777777777779,false,1.744442e6,1.5967590834659867e6,false,2
125.705,use_adaptive_ngroute,0.08469152275645375,0,false,62.732,false,false,11.333333333333332,false,1.744442e6,1.5967025506596863e6,false,3
59.301,use_lmSR3_cuts,0.08469110019284021,1,false,59.118,false,false,11.722222222222221,false,1.744442e6,1.5967032877974014e6,false,0
67.013,use_lmSR3_cuts,0.08463026784304195,10,false,66.827,false,false,11.722222222222221,false,1.744442e6,1.5968094063033483e6,false,0
560.13,use_adaptive_ngroute,0.08286625145741189,0,false,69.92325000000001,false,false,11.722222222222221,false,1.744442e6,1.5998866305751295e6,false,2
182.921,none,0.08285005479946261,0,false,73.7935,false,false,11.777777777777777,true,1.744442e6,1.5999148847055158e6,false,0
