CG_time_taken,method,CG_LP_IP_gap,implemented_SR3_cuts_count,errored,CG_sp_time_taken_mean,converged,CGIP_artificial,ngroute_neighborhood_size,time_limit_reached,CGIP_objective,CGLP_objective,CGLP_artificial,cycles_lookup_length
73.156,use_adaptive_ngroute,0.11500883435400211,0,false,2.68144,false,false,7.833333333333333,false,1.705354e6,1.509223224299065e6,false,13
18.601,use_lmSR3_cuts,0.11459248343745654,5,false,4.5847500000000005,false,false,9.805555555555555,false,1.705354e6,1.5099332499999998e6,false,0
65.164,use_adaptive_ngroute,0.10811779412137057,0,false,7.033222222222222,false,false,9.805555555555555,false,1.705354e6,1.5209748873239441e6,false,3
60.435,use_adaptive_ngroute,0.1064342113895893,0,false,8.554285714285715,false,false,9.916666666666666,false,1.705354e6,1.5238459918699183e6,false,9
44.388,use_adaptive_ngroute,0.06729550724955957,0,false,11.0215,false,false,10.527777777777777,false,1.634108e6,1.5241398732394367e6,false,2
46.996,use_lmSR3_cuts,0.06726381202058429,5,false,11.68825,false,false,10.722222222222221,false,1.634108e6,1.524191666666667e6,false,0
108.171,use_adaptive_ngroute,0.06261564757488858,0,false,13.391625000000001,false,false,10.722222222222221,false,1.634108e6,1.531787269372694e6,false,3
13.331,use_lmSR3_cuts,0.06255461695310227,5,false,13.280000000000001,false,false,10.805555555555555,false,1.634108e6,1.531887e6,false,0
62.608,use_adaptive_ngroute,0.06160943498730542,0,false,15.531,false,false,10.805555555555555,false,1.634108e6,1.5334315294117643e6,false,1
48.345,use_adaptive_ngroute,0.061488168972631985,0,false,16.055,false,false,10.833333333333334,false,1.634108e6,1.5336296911764704e6,false,1
28.134,use_lmSR3_cuts,0.061487215870280054,5,false,13.998000000000001,false,false,10.86111111111111,false,1.634108e6,1.5336312486486484e6,false,0
92.924,use_lmSR3_cuts,0.05952995906815295,5,false,18.505,false,false,10.86111111111111,false,1.634108e6,1.5368296176470588e6,false,0
90.695,use_adaptive_ngroute,0.05843519072681935,0,false,22.31675,false,false,10.86111111111111,false,1.634108e6,1.5386185873517788e6,false,2
66.27,use_adaptive_ngroute,0.05841501876589528,0,false,22.01,false,false,10.916666666666666,false,1.634108e6,1.5386515505145004e6,false,10
78.99,use_lmSR3_cuts,0.05840068603081561,5,false,26.25333333333333,false,false,11.305555555555555,false,1.634108e6,1.538674971751556e6,false,0
70.073,use_lmSR3_cuts,0.05782636615350545,5,false,23.215999999999998,false,false,11.305555555555555,false,1.634108e6,1.5396134724576275e6,false,0
118.117,use_adaptive_ngroute,0.0555839826799881,0,false,29.27525,false,false,11.305555555555555,false,1.634108e6,1.54327776923077e6,false,1
120.569,use_lmSR3_cuts,0.05542020994100205,5,false,30.027,false,false,11.36111111111111,false,1.634108e6,1.543545391573729e6,false,0
224.227,use_adaptive_ngroute,0.054812903674215874,0,false,37.20183333333334,false,false,11.36111111111111,false,1.634108e6,1.5445377956027344e6,false,2
98.525,use_lmSR3_cuts,0.054779497974502656,5,false,32.491,false,false,11.416666666666666,false,1.634108e6,1.5445923841238813e6,false,0
196.812,use_adaptive_ngroute,0.05385953767798579,0,false,39.096399999999996,false,false,11.416666666666666,false,1.634108e6,1.546095698604102e6,false,3
64.648,use_lmSR3_cuts,0.053855521431744324,5,false,32.222500000000004,false,false,11.555555555555555,false,1.634108e6,1.546102261584215e6,false,0
208.251,use_adaptive_ngroute,0.05321227965150255,0,false,41.49940000000001,false,false,11.555555555555555,false,1.634108e6,1.5471533881232424e6,false,1
149.366,use_lmSR3_cuts,0.05319769958191789,5,false,37.20025,false,false,11.583333333333334,false,1.634108e6,1.5471772135315912e6,false,0
176.975,use_adaptive_ngroute,0.05231283099742534,0,false,43.994249999999994,false,false,11.583333333333334,false,1.634108e6,1.5486231843644592e6,false,1
140.162,use_lmSR3_cuts,0.05229481031648442,5,false,46.62733333333333,false,false,11.61111111111111,false,1.634108e6,1.5486526321033502e6,false,0
247.245,use_adaptive_ngroute,0.051645117741747515,0,false,61.591249999999995,false,false,11.61111111111111,false,1.634108e6,1.5497142999372685e6,false,9
306.079,use_lmSR3_cuts,0.05148305780620266,5,false,61.06580000000001,false,false,12.38888888888889,false,1.634108e6,1.5499791233744218e6,false,0
200.588,use_adaptive_ngroute,0.05111397730718026,0,false,50.044,false,false,12.38888888888889,false,1.634108e6,1.5505822407705183e6,false,1
250.96,none,0.05109886518964901,0,false,53.9675,false,false,12.444444444444445,true,1.634108e6,1.550606935602673e6,false,0
