CG_time_taken,method,CG_LP_IP_gap,implemented_SR3_cuts_count,errored,CG_sp_time_taken_mean,converged,CGIP_artificial,ngroute_neighborhood_size,time_limit_reached,CGIP_objective,CGLP_objective,CGLP_artificial,cycles_lookup_length
83.116,use_adaptive_ngroute,0.20822518132103085,0,false,3.257833333333333,false,false,7.833333333333333,false,1.836373e6,1.4539938991019547e6,false,8
32.897,use_adaptive_ngroute,0.15181511333504516,0,false,6.4534,false,false,8.61111111111111,false,1.726263e6,1.464190187008905e6,false,4
32.75,use_adaptive_ngroute,0.1471430050421958,0,false,6.457199999999999,false,false,8.916666666666666,false,1.721748e6,1.4684048253546094e6,false,3
19.231,use_lmSR3_cuts,0.14689560713895988,5,false,6.329333333333334,false,false,9.277777777777779,false,1.721748e6,1.4688307821997101e6,false,0
89.664,use_lmSR3_cuts,0.12306432186833427,5,false,12.620999999999999,false,false,9.277777777777779,false,1.695491e6,1.486836549851136e6,false,0
124.774,use_adaptive_ngroute,0.10471155399519794,0,false,13.750555555555557,false,false,9.277777777777779,false,1.68399e6,1.5076567901876266e6,false,8
72.103,use_adaptive_ngroute,0.10347140424823553,0,false,17.93075,false,false,9.777777777777777,false,1.68399e6,1.5097451899600138e6,false,2
41.357,use_lmSR3_cuts,0.10340907849099457,5,false,13.737333333333332,false,false,9.833333333333334,false,1.68399e6,1.5098501459119502e6,false,0
171.644,use_adaptive_ngroute,0.056266267207524256,0,false,21.29675,false,false,9.833333333333334,false,1.61721e6,1.5262156300093196e6,false,5
45.202,use_lmSR3_cuts,0.056266157233592295,5,false,22.544500000000003,false,false,10.472222222222221,false,1.61721e6,1.5262158078602622e6,false,0
80.96,use_adaptive_ngroute,0.024719037326855764,0,false,26.924333333333333,false,false,10.472222222222221,false,1.567664e6,1.528912855068032e6,false,2
86.043,use_lmSR3_cuts,0.024718129265150157,5,false,28.621666666666666,false,false,10.555555555555555,false,1.567664e6,1.5289142786036776e6,false,0
78.273,use_adaptive_ngroute,0.024167481080124786,0,false,25.998,false,false,10.555555555555555,false,1.567664e6,1.5297775099400072e6,false,2
61.389,use_adaptive_ngroute,0.02411256959519059,0,false,30.554000000000002,false,false,10.666666666666666,false,1.567664e6,1.5298635926981252e6,false,4
91.407,use_lmSR3_cuts,0.024082632822141625,5,false,30.351,false,false,11.027777777777779,false,1.567664e6,1.5299105234995103e6,false,0
227.415,use_adaptive_ngroute,0.021219392608834764,0,false,32.38971428571429,false,false,11.027777777777779,false,1.567664e6,1.5343991221052636e6,false,2
152.666,use_lmSR3_cuts,0.020978682136270632,5,false,38.0955,false,false,11.25,false,1.567664e6,1.5347764752475254e6,false,0
174.349,use_adaptive_ngroute,0.020035426524699695,0,false,34.794200000000004,false,false,11.25,false,1.567664e6,1.5362551831125831e6,false,1
64.855,use_lmSR3_cuts,0.019784215063398558,5,false,32.357499999999995,false,false,11.277777777777779,false,1.567664e6,1.5366489982768523e6,false,0
174.062,use_adaptive_ngroute,0.0186826115111568,0,false,34.7094,false,false,11.277777777777779,false,1.567664e6,1.5383759425079739e6,false,4
146.885,use_lmSR3_cuts,0.01854518940694716,5,false,36.3425,false,false,11.388888888888888,false,1.567664e6,1.5385913741935475e6,false,0
260.816,use_lmSR3_cuts,0.017622527588645465,5,false,43.375166666666665,false,false,11.388888888888888,false,1.567664e6,1.5400377979102738e6,false,0
250.209,use_adaptive_ngroute,0.016983142882586955,0,false,49.8136,false,false,11.388888888888888,false,1.567664e6,1.5410401382961122e6,false,5
175.956,use_lmSR3_cuts,0.016973290470615132,5,false,58.55866666666667,false,false,11.86111111111111,false,1.567664e6,1.5410555835676736e6,false,0
234.937,use_lmSR3_cuts,0.016561536784430397,5,false,58.646750000000004,false,false,11.86111111111111,false,1.567664e6,1.5417010749983727e6,false,0
180.817,use_lmSR3_cuts,0.01627999311595807,5,false,60.173666666666676,false,false,11.86111111111111,false,1.567664e6,1.5421424408718648e6,false,0
235.258,use_adaptive_ngroute,0.015336500383211993,0,false,58.64875,false,false,11.86111111111111,false,1.567664e6,1.5436215204632524e6,false,1
126.36,use_lmSR3_cuts,0.015335512535394336,5,false,63.084500000000006,false,false,11.888888888888888,false,1.567664e6,1.5436230690767136e6,false,0
45.233,none,0.014520326746515044,0,false,NaN,false,false,11.888888888888888,true,1.567664e6,1.5449010064912513e6,false,0
