CG_time_taken,method,CG_LP_IP_gap,implemented_SR3_cuts_count,errored,CG_sp_time_taken_mean,converged,CGIP_artificial,ngroute_neighborhood_size,time_limit_reached,CGIP_objective,CGLP_objective,CGLP_artificial,cycles_lookup_length
67.915,use_adaptive_ngroute,0.12692214344703612,0,false,2.4496799999999994,false,false,7.833333333333333,false,1.665377e6,1.4540037815126053e6,false,5
27.075,use_adaptive_ngroute,0.12375316643044632,0,false,3.739428571428571,false,false,8.5,false,1.665377e6,1.4592813229495627e6,false,6
22.321,use_adaptive_ngroute,0.11951432459263567,0,false,4.4004,false,false,8.777777777777777,false,1.6653769662285293e6,1.466340562917594e6,false,1
11.323,use_adaptive_ngroute,0.11827482584747473,0,false,5.614,false,false,8.833333333333332,false,1.665377e6,1.46840482535461e6,false,3
9.425,use_lmSR3_cuts,0.11801905382402267,17,false,4.6425,false,false,9.194444444444445,false,1.665377e6,1.4688307821997106e6,false,0
56.303,use_adaptive_ngroute,0.08556206615239548,0,false,6.859249999999999,false,false,9.194444444444445,false,1.665377e6,1.522883902957322e6,false,8
43.403,use_adaptive_ngroute,0.08575610465127725,0,false,7.125666666666667,false,false,9.75,false,1.665377e6,1.5225607557041699e6,false,4
18.393,use_adaptive_ngroute,0.08529163253392158,0,false,9.093000000000002,false,false,10.333333333333334,false,1.665377e6,1.5233342768855554e6,false,4
7.732,use_lmSR3_cuts,0.08527323556001853,10,false,7.646,false,false,10.472222222222221,false,1.665377e6,1.523364914782763e6,false,0
36.186,use_adaptive_ngroute,0.07829297164146487,0,false,8.8165,false,false,10.472222222222221,false,1.665377e6,1.5349896857666522e6,false,3
44.296,use_lmSR3_cuts,0.07862233425653253,6,false,8.7776,false,false,10.555555555555555,false,1.665377e6,1.5344411728428586e6,false,0
30.189,use_lmSR3_cuts,0.07761449207527127,1,false,9.990333333333334,false,false,10.555555555555555,false,1.665377e6,1.536119610031161e6,false,0
21.047,use_lmSR3_cuts,0.07761381569762071,1,false,10.4495,false,false,10.555555555555555,false,1.665377e6,1.5361207364549434e6,false,0
50.049,use_lmSR3_cuts,0.0779542587997809,10,false,12.431,false,false,10.555555555555555,false,1.665377e6,1.5355537703427973e6,false,0
45.921,use_adaptive_ngroute,0.07147008387991638,0,false,11.3115,false,false,10.555555555555555,false,1.665377e6,1.5463523661183165e6,false,5
64.654,use_adaptive_ngroute,0.07131446478233272,0,false,12.8498,false,false,11.027777777777779,false,1.665377e6,1.546611530584193e6,false,4
13.512,use_lmSR3_cuts,0.07051696475404756,6,false,13.386000000000001,false,false,11.277777777777779,false,1.665377e6,1.5479396687887986e6,false,0
47.654,use_lmSR3_cuts,0.06677193335847409,10,false,11.758500000000002,false,false,11.277777777777779,false,1.665377e6,1.5541765579392645e6,false,0
61.253,use_lmSR3_cuts,0.06488873238259907,1,false,12.089,false,false,11.277777777777779,false,1.665377e6,1.5573127975308644e6,false,0
27.128,use_lmSR3_cuts,0.06400807862115887,10,false,13.442,false,false,11.277777777777779,false,1.665377e6,1.5587794180501304e6,false,0
33.056,use_adaptive_ngroute,0.061228940750613914,0,false,16.410999999999998,false,false,11.277777777777779,false,1.665377e6,1.5634077303395648e6,false,3
40.668,use_lmSR3_cuts,0.06155109529144831,1,false,20.139499999999998,false,false,11.36111111111111,false,1.665377e6,1.5628712215768136e6,false,0
43.534,use_lmSR3_cuts,0.06150160043196118,10,false,21.643,false,false,11.36111111111111,false,1.665377e6,1.5629536491774218e6,false,0
94.088,use_adaptive_ngroute,0.0111230141057862,0,false,18.671,false,false,11.36111111111111,false,1.578038e6,1.5604854610665333e6,false,3
60.18,use_lmSR3_cuts,0.011163647904043561,10,false,19.960333333333335,false,false,11.694444444444445,false,1.578038e6,1.560421339388799e6,false,0
76.732,use_lmSR3_cuts,0.009580270163004112,10,false,25.445333333333327,false,false,11.694444444444445,false,1.578038e6,1.5629199696325134e6,false,0
116.727,use_lmSR3_cuts,0.008683797775163926,1,false,29.009,false,false,11.694444444444445,false,1.578038e6,1.5643346371264758e6,false,0
27.153,use_adaptive_ngroute,0.008641677731420883,0,false,26.953999999999997,false,false,11.694444444444445,false,1.578038e6,1.564401104156064e6,false,2
27.766,use_lmSR3_cuts,0.008638775677412447,10,false,27.593,false,false,11.86111111111111,false,1.578038e6,1.5644056837075674e6,false,0
92.602,use_adaptive_ngroute,0.007706296894160358,0,false,30.682000000000002,false,false,11.86111111111111,false,1.578038e6,1.565877170661733e6,false,1
81.122,use_lmSR3_cuts,0.006760440235906939,3,false,40.434,false,false,11.972222222222223,false,1.578038e6,1.5673697684110098e6,false,0
161.521,use_adaptive_ngroute,0.007082917289673474,0,false,40.22675,false,false,11.972222222222223,false,1.578038e6,1.5668608873660383e6,false,1
43.143,use_lmSR3_cuts,0.007022468070501442,2,false,42.974,false,false,11.999999999999998,false,1.578038e6,1.566956278530962e6,false,0
87.283,use_lmSR3_cuts,0.006958387340228911,10,false,43.352000000000004,false,false,11.999999999999998,false,1.578038e6,1.5670574003583998e6,false,0
87.608,use_lmSR3_cuts,0.006672274649810239,1,false,43.635000000000005,false,false,11.999999999999998,false,1.578038e6,1.5675088970561628e6,false,0
98.913,use_lmSR3_cuts,0.006671855164792184,1,false,49.293000000000006,false,false,11.999999999999998,false,1.578038e6,1.5675095590194617e6,false,0
49.028,use_lmSR3_cuts,0.006671174910759081,10,false,48.79900000000001,false,false,11.999999999999998,false,1.578038e6,1.5675106324861755e6,false,0
191.474,use_lmSR3_cuts,0.006251941406705042,10,false,47.67999999999999,false,false,11.999999999999998,false,1.578038e6,1.568172198886446e6,false,0
171.224,use_lmSR3_cuts,0.006589896842285392,10,false,56.742666666666665,false,false,11.999999999999998,false,1.578038e6,1.5676388923667937e6,false,0
104.489,use_lmSR3_cuts,0.006217792482068996,1,false,52.0625,false,false,11.999999999999998,false,1.578038e6,1.5682260871871808e6,false,0
61.414,use_lmSR3_cuts,0.006215994885323317,10,false,61.151,false,false,11.999999999999998,false,1.578038e6,1.5682289238631541e6,false,0
208.754,use_lmSR3_cuts,0.004942290248046488,1,false,51.974250000000005,false,false,11.999999999999998,false,1.578038e6,1.5702388781815532e6,false,0
179.281,use_adaptive_ngroute,0.004480152766619172,0,false,59.56033333333333,false,false,11.999999999999998,false,1.578038e6,1.5709681486884698e6,false,1
122.477,use_adaptive_ngroute,0.004492867114005428,0,false,61.046,false,false,12.027777777777779,false,1.578038e6,1.5709480849651492e6,false,1
58.457,use_lmSR3_cuts,0.004463122050974877,1,false,58.216,false,false,12.083333333333334,false,1.578038e6,1.5709950238049238e6,false,0
127.794,use_lmSR3_cuts,0.004455249177439891,10,false,63.7065,false,false,12.083333333333334,false,1.578038e6,1.571007447498531e6,false,0
234.34,none,0.0037016622806526067,0,false,50.14125,false,false,12.083333333333334,true,1.578038e6,1.5721966362579635e6,false,0
