CG_time_taken,method,CG_LP_IP_gap,implemented_SR3_cuts_count,errored,CG_sp_time_taken_mean,converged,CGIP_artificial,ngroute_neighborhood_size,time_limit_reached,CGIP_objective,CGLP_objective,CGLP_artificial,cycles_lookup_length
77.515,use_adaptive_ngroute,0.06046358675364838,0,false,3.004541666666667,false,false,7.833333333333333,false,1.575196e6,1.479954e6,false,5
36.343,use_lmSR3_cuts,0.0593692784897879,5,false,3.974777777777777,false,false,8.194444444444445,false,1.575196e6,1.48167775e6,false,0
29.782,use_adaptive_ngroute,0.058766020228593785,0,false,5.8796,false,false,8.194444444444445,false,1.575196e6,1.482628e6,false,6
18.134,use_lmSR3_cuts,0.05751895319693545,5,false,5.986999999999999,false,false,8.666666666666666,false,1.575196e6,1.484592375e6,false,0
28.886,use_adaptive_ngroute,0.05300284853440451,0,false,7.15575,false,false,8.666666666666666,false,1.575196e6,1.4917061250000002e6,false,7
39.474,use_adaptive_ngroute,0.05291063778729754,0,false,9.788250000000001,false,false,9.666666666666666,false,1.575196e6,1.491851375e6,false,4
13.38,use_lmSR3_cuts,0.05282733274196094,5,false,6.629999999999999,false,false,9.777777777777777,false,1.575196e6,1.4919825967741942e6,false,0
53.324,use_adaptive_ngroute,0.050276537976957636,0,false,13.27,false,false,9.777777777777777,false,1.575196e6,1.4960005984848482e6,false,6
80.588,use_adaptive_ngroute,0.05015326860700242,0,false,13.399833333333332,false,false,10.11111111111111,false,1.575196e6,1.4961947719033242e6,false,1
29.253,use_lmSR3_cuts,0.05013228900692401,5,false,14.4865,false,false,10.13888888888889,false,1.575196e6,1.4962278188854493e6,false,0
42.797,use_adaptive_ngroute,0.047915410084627186,0,false,14.210999999999999,false,false,10.13888888888889,false,1.575196e6,1.4997198376963355e6,false,3
30.83,use_lmSR3_cuts,0.04788869586341615,5,false,15.375,false,false,10.416666666666666,false,1.575196e6,1.4997619178307303e6,false,0
33.333,use_lmSR3_cuts,0.04749995343325586,5,false,16.598000000000003,false,false,10.416666666666666,false,1.575196e6,1.5003742633517492e6,false,0
164.182,use_lmSR3_cuts,0.04583622186276071,5,false,14.867090909090905,false,false,10.416666666666666,false,1.575196e6,1.5029949666666668e6,false,0
95.83,use_lmSR3_cuts,0.045393499967285256,5,false,15.899333333333336,false,false,10.416666666666666,false,1.575196e6,1.503692340425532e6,false,0
46.887,use_lmSR3_cuts,0.04471176920205444,5,false,15.543666666666669,false,false,10.416666666666666,false,1.575196e6,1.5047662000000007e6,false,0
54.798,use_adaptive_ngroute,0.04453742052840848,0,false,18.188333333333333,false,false,10.416666666666666,false,1.575196e6,1.505040833333333e6,false,4
20.057,use_adaptive_ngroute,0.04452007255362822,0,false,19.999000000000002,false,false,10.944444444444445,false,1.575196e6,1.505068159793815e6,false,1
40.163,use_lmSR3_cuts,0.04452007255362844,5,false,19.9985,false,false,11.083333333333334,false,1.575196e6,1.5050681597938146e6,false,0
33.47,use_adaptive_ngroute,0.044111148331103744,0,false,16.628999999999998,false,false,11.083333333333334,false,1.575196e6,1.5057122955934387e6,false,1
36.235,use_adaptive_ngroute,0.04403552504867503,0,false,18.052500000000002,false,false,11.13888888888889,false,1.575196e6,1.5058314170854273e6,false,1
47.949,use_lmSR3_cuts,0.0440098858437169,5,false,23.9245,false,false,11.166666666666668,false,1.575196e6,1.5058718038585205e6,false,0
87.388,use_lmSR3_cuts,0.03477855117843265,5,false,21.749750000000002,false,false,11.166666666666668,false,1.561294e6,1.5069944567164201e6,false,0
119.764,use_adaptive_ngroute,0.0340705367407832,0,false,29.86475,false,false,11.166666666666668,false,1.561294e6,1.5080998754098357e6,false,1
52.768,use_lmSR3_cuts,0.03405341319062416,5,false,26.297500000000003,false,false,11.194444444444445,false,1.561294e6,1.5081266103059577e6,false,0
84.878,use_lmSR3_cuts,0.03329207273879187,5,false,28.140666666666668,false,false,11.194444444444445,false,1.561294e6,1.5093152865853608e6,false,0
123.198,use_lmSR3_cuts,0.032938883953512965,5,false,30.7285,false,false,11.194444444444445,false,1.561294e6,1.509866718116684e6,false,0
92.001,use_lmSR3_cuts,0.03251031244803382,5,false,30.562666666666665,false,false,11.194444444444445,false,1.561294e6,1.5105358442367595e6,false,0
109.756,use_lmSR3_cuts,0.031651567826059934,5,false,27.345750000000006,false,false,11.194444444444445,false,1.561294e6,1.5118765970625796e6,false,0
85.29,use_adaptive_ngroute,0.0312859452834533,0,false,28.31266666666666,false,false,11.194444444444445,false,1.561294e6,1.512447441344616e6,false,2
30.458,use_lmSR3_cuts,0.03128380802184427,5,false,30.365000000000002,false,false,11.305555555555555,false,1.561294e6,1.5124507782383426e6,false,0
106.934,use_lmSR3_cuts,0.031033361863450737,5,false,35.54866666666667,false,false,11.305555555555555,false,1.561294e6,1.5128417983227656e6,false,0
129.688,use_lmSR3_cuts,0.03086804209373384,5,false,43.109,false,false,11.305555555555555,false,1.561294e6,1.513099911087306e6,false,0
273.914,use_adaptive_ngroute,0.0305323351711122,0,false,45.53150000000001,false,false,11.305555555555555,false,1.561294e6,1.5136240482913535e6,false,3
52.725,use_lmSR3_cuts,0.030521288287065906,5,false,52.611,false,false,11.5,false,1.561294e6,1.5136412957251337e6,false,0
212.076,use_adaptive_ngroute,0.030371797056655048,0,false,52.931000000000004,false,false,11.5,false,1.561294e6,1.5138746954862268e6,false,2
104.647,use_lmSR3_cuts,0.030370854228089272,5,false,52.2345,false,false,11.583333333333334,false,1.561294e6,1.5138761675188097e6,false,0
158.84,use_adaptive_ngroute,0.03031844912109949,0,false,52.815999999999995,false,false,11.583333333333334,false,1.561294e6,1.5139579872979221e6,false,3
179.808,use_lmSR3_cuts,0.030318389369370147,5,false,89.79549999999999,false,false,11.888888888888888,false,1.561294e6,1.5139580805879387e6,false,0
239.826,use_adaptive_ngroute,0.030128280024815046,0,false,79.83133333333333,false,false,11.888888888888888,false,1.561294e6,1.5142548971669364e6,false,1
168.917,use_lmSR3_cuts,0.03012778750744982,5,false,84.33099999999999,false,false,11.916666666666666,false,1.561294e6,1.5142556661313437e6,false,0
89.083,none,0.030013886400984346,0,false,86.616,false,false,11.916666666666666,true,1.561294e6,1.5144334992454615e6,false,0
