CG_time_taken,method,CG_LP_IP_gap,implemented_SR3_cuts_count,errored,CG_sp_time_taken_mean,converged,CGIP_artificial,ngroute_neighborhood_size,time_limit_reached,CGIP_objective,CGLP_objective,CGLP_artificial,cycles_lookup_length
3.437,use_adaptive_ngroute,0.38616234444998665,0,false,0.09636842105263159,false,false,6.0,false,2.146942e6,1.3178738438818567e6,false,21
4.857,use_adaptive_ngroute,0.062071629711223375,0,false,0.4434,false,false,7.571428571428571,false,1.567328e6,1.4700413967479677e6,false,6
4.877,use_adaptive_ngroute,0.05187524684158051,0,false,0.7975,false,false,7.964285714285714,false,1.567328e6,1.4860224731182794e6,false,4
4.567,use_adaptive_ngroute,0.020894307155087777,0,false,0.8976000000000001,false,false,8.214285714285714,false,1.530508e6,1.4985290957446808e6,false,4
2.111,use_lmSR3_cuts,0.018777098845612072,1,false,1.046,false,false,8.357142857142856,false,1.530508e6,1.5017695e6,false,0
5.296,use_adaptive_ngroute,0.014520679163388839,0,false,1.28525,false,false,8.357142857142856,false,1.530508e6,1.508283984375e6,false,4
4.145,use_lmSR3_cuts,0.013593665197002003,7,false,1.37,false,false,8.5,false,1.530508e6,1.5097027866666669e6,false,0
6.169,use_adaptive_ngroute,0.009741705773958498,0,false,1.49225,false,false,8.5,false,1.530508e6,1.5155982413793104e6,false,1
3.156,use_lmSR3_cuts,0.009739230175190072,3,false,1.5655,false,false,8.642857142857142,false,1.530508e6,1.5156020303030303e6,false,0
9.216,use_lmSR3_cuts,0.006581167437063273,2,false,1.4949999999999999,false,false,8.642857142857142,false,1.530508e6,1.5204354705882352e6,false,0
3.437,use_lmSR3_cuts,0.005748797679152262,1,false,1.688,false,false,8.642857142857142,false,1.530508e6,1.521709419161676e6,false,0
1.66,use_lmSR3_cuts,0.0057479344560813495,10,false,1.643,false,false,8.642857142857142,false,1.530508e6,1.521710740331492e6,false,0
1.946,use_lmSR3_cuts,0.0047893684101397715,10,false,1.7610000000000001,false,false,8.642857142857142,false,1.530508e6,1.5231778333333337e6,false,0
4.472,use_adaptive_ngroute,0.0025214718332082775,0,false,2.1069999999999998,false,false,8.642857142857142,false,1.530508e6,1.5266488671875e6,false,1
4.111,use_lmSR3_cuts,0.0024700280738633174,10,false,2.0269999999999997,false,false,8.678571428571429,false,1.530508e6,1.5267276022727275e6,false,0
4.264,use_lmSR3_cuts,0.0016547368930798223,10,false,2.0675000000000003,false,false,8.678571428571429,false,1.530508e6,1.5279754119472462e6,false,0
2.188,use_adaptive_ngroute,0.001244381509732051,0,false,2.14,false,false,8.678571428571429,false,1.530508e6,1.528603464144303e6,false,3
5.005,use_lmSR3_cuts,0.0011865036153414499,1,false,2.472,false,false,8.821428571428571,false,1.530508e6,1.528692046724691e6,false,0
7.411,use_lmSR3_cuts,0.0011338507401507103,10,false,3.6875,false,false,8.821428571428571,false,1.530508e6,1.5287726323713935e6,false,0
9.544,use_adaptive_ngroute,0.0001803763297744121,0,false,3.132666666666667,false,false,8.821428571428571,false,1.530508e6,1.5302319325842697e6,false,1
6.884,use_lmSR3_cuts,8.536357538524442e-5,1,false,3.3979999999999997,false,false,8.892857142857142,false,1.530508e6,1.5303773503649642e6,false,0
3.257,use_lmSR3_cuts,2.8903372021216178e-5,1,false,3.21,false,false,8.892857142857142,false,1.530508e6,1.5304637631578946e6,false,0
3.796,use_lmSR3_cuts,1.744128737068973e-5,10,false,3.762,false,false,8.892857142857142,false,1.530508e6,1.5304813059701489e6,false,0
16.193,use_lmSR3_cuts,9.326648278462635e-6,10,false,3.95125,false,false,8.892857142857142,false,1.530508e6,1.5304937254901966e6,false,0
6.886,none,3.774758283725532e-15,0,false,3.411,true,false,8.892857142857142,false,1.530508e6,1.5305079999999942e6,false,0
