CG_time_taken,method,CG_LP_IP_gap,implemented_SR3_cuts_count,errored,CG_sp_time_taken_mean,converged,CGIP_artificial,ngroute_neighborhood_size,time_limit_reached,CGIP_objective,CGLP_objective,CGLP_artificial,cycles_lookup_length
113.872,use_adaptive_ngroute,0.1712457174066122,0,false,4.02123076923077,false,false,7.833333333333333,false,1.865185e6,1.545780056578948e6,false,10
26.779,use_adaptive_ngroute,0.1433157882013777,0,false,6.564749999999999,false,false,9.055555555555555,false,1.808443e6,1.549264566037736e6,false,8
16.192,use_adaptive_ngroute,0.14327437041591284,0,false,7.9825,false,false,9.833333333333334,false,1.808443e6,1.5493394677419353e6,false,6
8.652,use_lmSR3_cuts,0.14327437041591295,12,false,8.581999999999999,false,false,10.527777777777777,false,1.808443e6,1.549339467741935e6,false,0
117.817,use_adaptive_ngroute,0.06069764194227256,0,false,10.509272727272725,false,false,10.527777777777777,false,1.702064e6,1.5987527287651678e6,false,2
32.164,use_adaptive_ngroute,0.059957999582363475,0,false,10.644666666666668,false,false,10.666666666666666,false,1.702064e6,1.6000116473988441e6,false,2
30.176,use_lmSR3_cuts,0.05993753602080221,12,false,9.979333333333335,false,false,10.722222222222221,false,1.702064e6,1.6000464776902893e6,false,0
83.214,use_adaptive_ngroute,0.057828888011523416,0,false,10.276375,false,false,10.722222222222221,false,1.702064e6,1.6036355315555544e6,false,3
68.541,use_lmSR3_cuts,0.058175044585409785,3,false,11.35233333333333,false,false,10.86111111111111,false,1.702064e6,1.603046350912779e6,false,0
52.975,use_lmSR3_cuts,0.057462413375586996,3,false,13.182749999999999,false,false,10.86111111111111,false,1.702064e6,1.6042592948402949e6,false,0
25.258,use_adaptive_ngroute,0.05732043491683081,0,false,12.407,false,false,10.86111111111111,false,1.702064e6,1.6045009512637192e6,false,1
26.111,use_lmSR3_cuts,0.057339071518546,1,false,12.912500000000001,false,false,10.88888888888889,false,1.702064e6,1.6044692305748574e6,false,0
51.622,use_lmSR3_cuts,0.05731004097249437,10,false,17.11566666666667,false,false,10.88888888888889,false,1.702064e6,1.6045186424221923e6,false,0
68.004,use_adaptive_ngroute,0.054793102588322706,0,false,16.92825,false,false,10.88888888888889,false,1.702064e6,1.6088026326361091e6,false,2
63.209,use_lmSR3_cuts,0.05479522233514267,1,false,21.002333333333333,false,false,10.944444444444445,false,1.702064e6,1.6087990246913577e6,false,0
95.89,use_adaptive_ngroute,0.05479245439137248,0,false,23.848999999999997,false,false,10.944444444444445,false,1.702064e6,1.608803735908803e6,false,1
63.765,use_lmSR3_cuts,0.054791549718362975,10,false,21.192333333333334,false,false,10.972222222222223,false,1.702064e6,1.6088052757201642e6,false,0
119.903,use_lmSR3_cuts,0.053738228860196746,2,false,23.8978,false,false,10.972222222222223,false,1.702029e6,1.6105649760713081e6,false,0
56.016,use_lmSR3_cuts,0.05349659088314529,10,false,27.9185,false,false,10.972222222222223,false,1.702029e6,1.610976250915751e6,false,0
193.982,use_adaptive_ngroute,0.05271916778426167,0,false,32.22716666666666,false,false,10.972222222222223,false,1.702029e6,1.612299447575321e6,false,4
29.136,use_lmSR3_cuts,0.05271691271785439,2,false,29.014,false,false,11.083333333333334,false,1.702029e6,1.612303285763743e6,false,0
70.454,use_adaptive_ngroute,0.05102686934173062,0,false,23.387666666666664,false,false,11.083333333333334,false,1.69925e6,1.6125425922710642e6,false,1
117.225,use_lmSR3_cuts,0.05116061540268435,10,false,23.378600000000002,false,false,11.333333333333332,false,1.69925e6,1.6123153242769886e6,false,0
125.105,use_adaptive_ngroute,0.04999255420654247,0,false,31.1595,false,false,11.333333333333332,false,1.69925e6,1.6143001522645326e6,false,2
104.499,use_lmSR3_cuts,0.049900048511113515,2,false,34.74333333333333,false,false,11.416666666666666,false,1.69925e6,1.6144573425674904e6,false,0
174.776,use_lmSR3_cuts,0.050028467015384215,10,false,43.593500000000006,false,false,11.416666666666666,false,1.69925e6,1.6142391274241083e6,false,0
127.522,use_lmSR3_cuts,0.048413920003176125,1,false,42.37233333333334,false,false,11.416666666666666,false,1.69925e6,1.616982646434603e6,false,0
37.304,use_lmSR3_cuts,0.04839584723118684,10,false,37.162,false,false,11.416666666666666,false,1.69925e6,1.6170133565924058e6,false,0
146.365,use_adaptive_ngroute,0.047652919921149506,0,false,48.65133333333333,false,false,11.416666666666666,false,1.69925e6,1.6182757758239866e6,false,1
56.665,use_lmSR3_cuts,0.047643409962735306,2,false,56.497,false,false,11.444444444444445,false,1.69925e6,1.618291935620822e6,false,0
117.224,use_lmSR3_cuts,0.04751519986260133,10,false,58.448,false,false,11.444444444444445,false,1.69925e6,1.6185097966334748e6,false,0
317.987,use_adaptive_ngroute,0.047064110040815677,0,false,52.792500000000004,false,false,11.444444444444445,false,1.69925e6,1.619276311013144e6,false,3
389.743,use_lmSR3_cuts,0.048456745930632206,1,false,64.84233333333333,false,false,11.583333333333334,false,1.69925e6,1.6169098744773732e6,false,0
230.64,use_lmSR3_cuts,0.04844171719642543,10,false,57.574000000000005,false,false,11.583333333333334,false,1.69925e6,1.616935412053974e6,false,0
111.676,none,0.04702691963884931,0,false,92.348,false,false,11.583333333333334,true,1.69925e6,1.6193395068036853e6,false,0
