CG_time_taken,method,CG_LP_IP_gap,implemented_SR3_cuts_count,errored,CG_sp_time_taken_mean,converged,CGIP_artificial,ngroute_neighborhood_size,time_limit_reached,CGIP_objective,CGLP_objective,CGLP_artificial,cycles_lookup_length
200.854,use_adaptive_ngroute,0.159892098395227,0,false,6.954035714285715,false,false,7.833333333333333,false,1.839978e6,1.545780056578947e6,false,10
41.811,use_adaptive_ngroute,0.15799832061158559,0,false,13.893666666666666,false,false,9.055555555555555,false,1.839978e6,1.549264566037736e6,false,8
28.776,use_lmSR3_cuts,0.15795761267692587,5,false,14.339999999999998,false,false,9.833333333333334,false,1.839978e6,1.5493394677419353e6,false,0
231.074,use_adaptive_ngroute,0.07813871833149899,0,false,22.9233,false,false,9.833333333333334,false,1.712774e6,1.5789400348484851e6,false,4
127.0,use_adaptive_ngroute,0.07540903047370118,0,false,25.3396,false,false,10.027777777777779,false,1.712774e6,1.583615373239437e6,false,2
40.422,use_lmSR3_cuts,0.07529880377290477,5,false,20.1155,false,false,10.083333333333334,false,1.712774e6,1.5838041666666667e6,false,0
158.059,use_adaptive_ngroute,0.07195673597685637,0,false,26.260833333333338,false,false,10.083333333333334,false,1.712774e6,1.5895283734939757e6,false,5
87.03,use_lmSR3_cuts,0.07157911882042589,5,false,21.679999999999996,false,false,10.38888888888889,false,1.712774e6,1.5901751463414638e6,false,0
106.702,use_adaptive_ngroute,0.0701585479146033,0,false,26.60475,false,false,10.38888888888889,false,1.712774e6,1.5926082632541133e6,false,2
135.859,use_lmSR3_cuts,0.07015618109968358,5,false,33.88325,false,false,11.083333333333334,false,1.712774e6,1.5926123170731706e6,false,0
80.33,use_adaptive_ngroute,0.06959739193169767,0,false,26.708666666666666,false,false,11.083333333333334,false,1.712774e6,1.5935693966315784e6,false,2
184.724,use_adaptive_ngroute,0.06959655905688977,0,false,30.71183333333333,false,false,11.194444444444445,false,1.712774e6,1.5935708231578947e6,false,2
113.421,use_lmSR3_cuts,0.06958286229899802,5,false,37.751333333333335,false,false,11.25,false,1.712774e6,1.593594282608696e6,false,0
242.033,use_lmSR3_cuts,0.06888367157111353,5,false,48.2966,false,false,11.25,false,1.712774e6,1.5947918383084575e6,false,0
222.971,use_lmSR3_cuts,0.0674556098215815,5,false,44.52439999999999,false,false,11.25,false,1.712774e6,1.5972377853434505e6,false,0
405.28,use_adaptive_ngroute,0.05259515555016736,0,false,67.4105,false,false,11.25,false,1.689331e6,1.6004803732792803e6,false,1
141.745,use_lmSR3_cuts,0.052588185736631154,5,false,70.8045,false,false,11.277777777777779,false,1.689331e6,1.6004921476013511e6,false,0
202.767,use_adaptive_ngroute,0.05183767217820634,0,false,67.47633333333334,false,false,11.277777777777779,false,1.689331e6,1.6017600134215185e6,false,1
224.716,use_adaptive_ngroute,0.051837478084285626,0,false,74.82400000000001,false,false,11.305555555555555,false,1.689331e6,1.6017603413103956e6,false,1
172.106,use_lmSR3_cuts,0.051836863790275634,5,false,86.0,false,false,11.333333333333332,false,1.689331e6,1.6017613790563098e6,false,0
388.828,use_lmSR3_cuts,0.05124474796542977,5,false,97.04825000000001,false,false,11.333333333333332,false,1.689331e6,1.6027616586748126e6,false,0
23.187,none,0.049545081403137736,0,false,NaN,false,false,11.333333333333332,true,1.689331e6,1.6056329580881558e6,false,0
