CG_time_taken,method,CG_LP_IP_gap,implemented_SR3_cuts_count,errored,CG_sp_time_taken_mean,converged,CGIP_artificial,ngroute_neighborhood_size,time_limit_reached,CGIP_objective,CGLP_objective,CGLP_artificial,cycles_lookup_length
264.278,use_adaptive_ngroute,0.22321663397356595,0,false,10.183000000000002,false,false,8.924999999999999,false,2.004548e6,1.5570995428015564e6,false,19
209.509,use_SR3_cuts,0.14593342386212138,5,false,26.027375,false,false,11.525,false,1.831963e6,1.5646183670212766e6,false,0
464.186,use_adaptive_ngroute,0.1398242185414197,0,false,66.09542857142856,false,false,11.525,false,1.831963e6,1.5758102051282052e6,false,8
601.349,use_SR3_cuts,0.11802087185007804,5,false,150.20775,false,false,11.725,false,1.789655e6,1.5784383565891485e6,false,0
988.497,use_adaptive_ngroute,0.09385205484861325,0,false,247.02625,false,false,11.725,false,1.753934e6,1.5893236900311525e6,false,10
671.708,use_adaptive_ngroute,0.09378204175750449,0,false,223.85233333333332,false,false,12.725,false,1.753934e6,1.589446488372093e6,false,2
350.575,none,0.09376980743580698,0,false,253.256,false,false,12.875,true,1.753934e6,1.5894679465648853e6,false,0
