CG_time_taken,method,CG_LP_IP_gap,implemented_SR3_cuts_count,errored,CG_sp_time_taken_mean,converged,CGIP_artificial,ngroute_neighborhood_size,time_limit_reached,CGIP_objective,CGLP_objective,CGLP_artificial,cycles_lookup_length
218.005,use_adaptive_ngroute,0.16823388466714007,0,false,7.217413793103448,false,false,8.924999999999999,false,1.784279e6,1.4841028125e6,false,8
88.181,use_adaptive_ngroute,0.16455234878067437,0,false,12.503,false,false,10.125,false,1.784279e6,1.4906716996699672e6,false,13
114.162,use_adaptive_ngroute,0.1635634108179883,0,false,14.211874999999997,false,false,11.15,false,1.784279e6,1.4924362409090907e6,false,4
77.335,use_adaptive_ngroute,0.11813210379109007,0,false,15.406,false,false,11.5,false,1.693286e6,1.4932545625000002e6,false,4
41.279,use_SR3_cuts,0.11780145560499278,5,false,13.704333333333333,false,false,11.6,false,1.693286e6,1.4938144444444443e6,false,0
169.484,use_SR3_cuts,0.11443976386741517,5,false,42.27375,false,false,11.6,false,1.693286e6,1.49950675e6,false,0
389.37,use_SR3_cuts,0.10947292350494842,5,false,77.75280000000001,false,false,11.6,false,1.693286e6,1.50791703125e6,false,0
548.595,use_adaptive_ngroute,0.07291182424850562,0,false,109.30619999999999,false,false,11.6,false,1.62827e6,1.5095498639308857e6,false,2
332.234,use_SR3_cuts,0.07186277460126411,5,false,110.55200000000002,false,false,11.674999999999999,false,1.62827e6,1.5112579999999998e6,false,0
842.901,use_adaptive_ngroute,0.07103592565524564,0,false,210.5075,false,false,11.674999999999999,false,1.62827e6,1.5126043333333333e6,false,1
365.31,use_adaptive_ngroute,0.07099282965161924,0,false,182.561,false,false,11.85,false,1.62827e6,1.512674505263158e6,false,1
304.151,use_SR3_cuts,0.07085311404128336,5,false,151.95649999999998,false,false,11.875,false,1.62827e6,1.5129019999999995e6,false,0
67.324,none,0.07046428022577267,0,false,NaN,false,false,11.875,true,1.62827e6,1.5135351264367811e6,false,0
