CG_time_taken,method,CG_LP_IP_gap,implemented_SR3_cuts_count,errored,CG_sp_time_taken_mean,converged,CGIP_artificial,ngroute_neighborhood_size,time_limit_reached,CGIP_objective,CGLP_objective,CGLP_artificial,cycles_lookup_length
339.34,use_adaptive_ngroute,0.11690806060149994,0,false,11.991407407407408,false,false,8.924999999999999,false,1.75084e6,1.54615269117647e6,false,10
140.934,use_adaptive_ngroute,0.11304757049949354,0,false,19.77342857142857,false,false,10.200000000000001,false,1.75084e6,1.5529117916666667e6,false,2
59.367,use_SR3_cuts,0.1128822736515046,5,false,19.691,false,false,10.475,false,1.75084e6,1.5532011999999997e6,false,0
764.501,use_adaptive_ngroute,0.09653577897854038,0,false,108.45042857142856,false,false,10.475,false,1.75084e6,1.5818212967332124e6,false,6
546.286,use_adaptive_ngroute,0.09561582502483057,0,false,109.1124,false,false,11.05,false,1.75084e6,1.5834319889135256e6,false,1
125.81,use_SR3_cuts,0.09556762404395569,5,false,125.68700000000001,false,false,11.15,false,1.75084e6,1.5835163811188806e6,false,0
259.9,use_SR3_cuts,0.09482064062777351,5,false,129.4865,false,false,11.15,false,1.75084e6,1.584824229563269e6,false,0
647.276,use_adaptive_ngroute,0.08586281002193252,0,false,215.4896666666667,false,false,11.15,false,1.736679e6,1.5875628609539203e6,false,3
148.507,use_SR3_cuts,0.08577922230837909,5,false,148.37699999999998,false,false,11.299999999999999,false,1.736679e6,1.5877080259807066e6,false,0
504.292,none,0.0844435810024935,0,false,399.62100000000004,false,false,11.299999999999999,true,1.736679e6,1.5900276061881706e6,false,0
