CG_time_taken,method,CG_LP_IP_gap,implemented_SR3_cuts_count,errored,CG_sp_time_taken_mean,converged,CGIP_artificial,ngroute_neighborhood_size,time_limit_reached,CGIP_objective,CGLP_objective,CGLP_artificial,cycles_lookup_length
414.687,use_adaptive_ngroute,0.14626377367150634,0,false,16.129,false,false,8.924999999999999,false,1.734348e6,1.4806757166603704e6,false,13
236.884,use_adaptive_ngroute,0.12412779139104801,0,false,33.574714285714286,false,false,10.325,false,1.706103e6,1.4943282027243588e6,false,6
33.983,use_SR3_cuts,0.12402606993833332,5,false,33.893,false,false,10.825,false,1.706103e6,1.4945017499999998e6,false,0
389.977,use_adaptive_ngroute,0.047552692623468396,0,false,64.66883333333334,false,false,10.825,false,1.590715e6,1.5150722185534595e6,false,7
277.79,use_SR3_cuts,0.04699069286452939,5,false,69.2685,false,false,11.1,false,1.590715e6,1.5159662000000002e6,false,0
423.646,use_SR3_cuts,0.044398839252531186,5,false,105.80775,false,false,11.1,false,1.590715e6,1.5200891004184098e6,false,0
506.506,use_SR3_cuts,0.042933624273541304,5,false,168.63400000000001,false,false,11.1,false,1.590715e6,1.5224198398637138e6,false,0
1296.606,none,0.040221694283988585,0,false,357.1973333333333,false,false,11.1,true,1.590715e6,1.526733747577045e6,false,0
