CG_time_taken,method,CG_LP_IP_gap,implemented_SR3_cuts_count,errored,CG_sp_time_taken_mean,converged,CGIP_artificial,ngroute_neighborhood_size,time_limit_reached,CGIP_objective,CGLP_objective,CGLP_artificial,cycles_lookup_length
384.93,use_adaptive_ngroute,0.08203965807321567,0,false,12.717241379310344,false,false,8.924999999999999,false,1.735853e6,1.5934442134146343e6,false,23
305.19,use_adaptive_ngroute,0.07700376672568554,0,false,27.469454545454543,false,false,11.175,false,1.734628e6,1.6010551101321576e6,false,4
123.114,use_SR3_cuts,0.07558651192071142,5,false,30.634,false,false,11.725,false,1.734628e6,1.6035135200000003e6,false,0
869.721,use_adaptive_ngroute,0.048441604212555056,0,false,95.98944444444446,false,false,11.725,false,1.695008e6,1.6128990933268855e6,false,5
250.207,use_SR3_cuts,0.04832378993274167,5,false,83.28266666666667,false,false,11.9,false,1.695008e6,1.6130987894736833e6,false,0
955.247,use_adaptive_ngroute,0.04459322985846215,0,false,190.89079999999998,false,false,11.9,false,1.695008e6,1.6194221186440678e6,false,1
374.108,use_SR3_cuts,0.0445883083974844,5,false,186.9265,false,false,11.975,false,1.695008e6,1.6194304605597968e6,false,0
313.046,none,0.04399322749451118,0,false,304.462,false,false,11.975,true,1.695008e6,1.6204391274509835e6,false,0
