CG_time_taken,method,CG_LP_IP_gap,implemented_SR3_cuts_count,errored,CG_sp_time_taken_mean,converged,CGIP_artificial,ngroute_neighborhood_size,time_limit_reached,CGIP_objective,CGLP_objective,CGLP_artificial,cycles_lookup_length
262.522,use_adaptive_ngroute,0.1579751669977506,0,false,8.077666666666666,false,false,8.924999999999999,false,1.89245e6,1.593489895215107e6,false,24
178.844,use_adaptive_ngroute,0.09056256578892818,0,false,17.558699999999998,false,false,10.95,false,1.760339e6,1.6009181835016839e6,false,8
116.338,use_adaptive_ngroute,0.08908822675632366,0,false,23.124,false,false,11.775,false,1.760339e6,1.60351352e6,false,1
45.869,use_SR3_cuts,0.08908822675632333,12,false,22.8375,false,false,11.8,false,1.760339e6,1.6035135200000005e6,false,0
938.828,use_SR3_cuts,0.03880882818843989,3,false,151.7723333333333,false,false,11.8,false,1.677081e6,1.611995451612903e6,false,0
1557.214,use_SR3_cuts,0.037120206234875996,2,false,310.47499999999997,false,false,11.8,false,1.677081e6,1.6148274074074079e6,false,0
468.291,none,0.0371099646747336,0,false,394.894,false,false,11.8,true,1.677081e6,1.614844583333333e6,false,0
