CG_time_taken,method,CG_LP_IP_gap,implemented_SR3_cuts_count,errored,CG_sp_time_taken_mean,converged,CGIP_artificial,ngroute_neighborhood_size,time_limit_reached,CGIP_objective,CGLP_objective,CGLP_artificial,cycles_lookup_length
150.32,use_adaptive_ngroute,0.1556644460446467,0,false,5.6978,false,false,8.924999999999999,false,1.887277e6,1.5934950712621973e6,false,16
74.426,use_adaptive_ngroute,0.15017374096776503,0,false,10.492142857142857,false,false,10.575000000000001,false,1.887277e6,1.6038575526675794e6,false,3
53.172,use_adaptive_ngroute,0.14902711122635381,0,false,13.239749999999999,false,false,10.875,false,1.887277e6,1.6060215606060605e6,false,5
48.749,use_SR3_cuts,0.14883712675773042,5,false,12.12525,false,false,11.025,false,1.887277e6,1.6063801139240507e6,false,0
468.648,use_SR3_cuts,0.11288986382760446,5,false,57.971250000000005,false,false,11.025,false,1.828491e6,1.6220728999999997e6,false,0
345.138,use_SR3_cuts,0.07495870660663384,5,false,85.73,false,false,11.025,false,1.762523e6,1.630406555555556e6,false,0
438.985,use_SR3_cuts,0.07334735489976585,5,false,109.55025000000002,false,false,11.025,false,1.762523e6,1.6332466e6,false,0
289.71,use_adaptive_ngroute,0.07122652070491031,0,false,144.6835,false,false,11.025,false,1.762523e6,1.6369846190476194e6,false,7
480.375,use_SR3_cuts,0.07111833644366805,5,false,159.84866666666667,false,false,11.7,false,1.762523e6,1.6371752962962969e6,false,0
1182.665,none,0.05665916808811278,0,false,520.3344999999999,false,false,11.7,true,1.742447e6,1.6437214025423722e6,false,0
