CG_time_taken,method,CG_LP_IP_gap,implemented_SR3_cuts_count,errored,CG_sp_time_taken_mean,converged,CGIP_artificial,ngroute_neighborhood_size,time_limit_reached,CGIP_objective,CGLP_objective,CGLP_artificial,cycles_lookup_length
331.504,use_adaptive_ngroute,0.06467314904523602,0,false,11.812111111111113,false,false,8.924999999999999,false,1.614515e6,1.5100992307692308e6,false,5
127.392,use_adaptive_ngroute,0.05906312397479396,0,false,15.7665,false,false,9.299999999999999,false,1.6145149914041592e6,1.519156692307692e6,false,6
96.555,use_SR3_cuts,0.05855535563311587,5,false,15.838500000000002,false,false,9.725,false,1.614515e6,1.5199765e6,false,0
386.911,use_adaptive_ngroute,0.04754039050434933,0,false,47.8845,false,false,9.725,false,1.614515e6,1.5377603264248704e6,false,12
270.454,use_adaptive_ngroute,0.04598783588102762,0,false,44.873333333333335,false,false,10.075,false,1.614515e6,1.5402669491525427e6,false,3
148.339,use_SR3_cuts,0.04595503912939791,5,false,49.367999999999995,false,false,10.149999999999999,false,1.614515e6,1.5403199000000001e6,false,0
406.661,use_adaptive_ngroute,0.04267091562068703,0,false,81.16799999999999,false,false,10.149999999999999,false,1.614515e6,1.5456221666666665e6,false,2
361.484,use_adaptive_ngroute,0.042174533322184904,0,false,90.19800000000001,false,false,10.200000000000001,false,1.614515e6,1.5464235833333326e6,false,3
173.011,use_SR3_cuts,0.04213107685933859,5,false,86.4235,false,false,10.375,false,1.614515e6,1.546493744444445e6,false,0
993.079,use_adaptive_ngroute,0.03991392757738954,0,false,198.41700000000003,false,false,10.375,false,1.614515e6,1.550073365217391e6,false,5
282.597,none,0.03988083108549623,0,false,230.547,false,false,11.025,true,1.614515e6,1.5501268e6,false,0
