CG_time_taken,method,CG_LP_IP_gap,implemented_SR3_cuts_count,errored,CG_sp_time_taken_mean,converged,CGIP_artificial,ngroute_neighborhood_size,time_limit_reached,CGIP_objective,CGLP_objective,CGLP_artificial,cycles_lookup_length
3.766,use_adaptive_ngroute,0.2627100905946417,0,false,0.12100000000000001,false,false,6.0,false,1.780667e6,1.3128678111111112e6,false,27
7.666,use_adaptive_ngroute,0.05283469576207678,0,false,0.6049166666666665,false,false,8.357142857142856,false,1.518797e6,1.438551822580645e6,false,12
6.703,use_adaptive_ngroute,0.030117696220539503,0,false,0.8136249999999999,false,false,8.892857142857142,false,1.518797e6,1.4730543333333333e6,false,2
1.445,use_lmSR3_cuts,0.029265431785814644,5,false,0.7125,false,false,9.035714285714286,false,1.518797e6,1.47434875e6,false,0
3.654,use_adaptive_ngroute,0.008854810495626864,0,false,0.87475,false,false,9.035714285714286,false,1.500625e6,1.48733725e6,false,1
2.972,use_adaptive_ngroute,0.008769096209912508,0,false,0.9626666666666667,false,false,9.178571428571429,false,1.500625e6,1.487465875e6,false,1
1.052,use_lmSR3_cuts,0.008445014577259546,2,false,1.035,false,false,9.214285714285714,false,1.500625e6,1.4879522e6,false,0
1.039,use_adaptive_ngroute,0.007969212827988348,0,false,1.023,false,false,9.214285714285714,false,1.500625e6,1.4886662e6,false,2
1.111,use_lmSR3_cuts,0.0077836086815678,1,false,1.097,false,false,9.357142857142858,false,1.500625e6,1.4889447222222222e6,false,0
0.922,use_lmSR3_cuts,0.0076101624323198225,10,false,0.907,false,false,9.357142857142858,false,1.500625e6,1.489205e6,false,0
4.591,use_adaptive_ngroute,0.00604638572312044,0,false,1.4266666666666667,false,false,9.357142857142858,false,1.500625e6,1.4915516424242423e6,false,3
2.548,use_lmSR3_cuts,0.005994066574824819,3,false,1.236,false,false,9.535714285714285,false,1.500625e6,1.4916301538461535e6,false,0
2.058,use_lmSR3_cuts,0.005906586541322034,10,false,0.9999999999999999,false,false,9.535714285714285,false,1.500625e6,1.4917614285714286e6,false,0
7.318,use_adaptive_ngroute,0.003495725837504682,0,false,1.4002000000000001,false,false,9.535714285714285,false,1.500625e6,1.4953792264150945e6,false,2
1.4,use_lmSR3_cuts,0.0034866113478358995,10,false,1.38,false,false,9.607142857142858,false,1.500625e6,1.4953929038461538e6,false,0
4.007,use_adaptive_ngroute,0.002014285714285524,0,false,1.92,false,false,9.607142857142858,false,1.500625e6,1.4976023125000002e6,false,1
6.978,use_lmSR3_cuts,0.002743568710777189,1,false,2.2856666666666667,false,false,9.75,false,1.500625e6,1.49650793220339e6,false,0
2.15,use_lmSR3_cuts,0.0027394557823130494,1,false,2.079,false,false,9.75,false,1.500625e6,1.4965141041666665e6,false,0
7.358,use_lmSR3_cuts,0.0026906780294535526,1,false,2.4063333333333334,false,false,9.75,false,1.500625e6,1.4965873012820513e6,false,0
7.382,use_lmSR3_cuts,0.0027161297633639947,10,false,2.4006666666666665,false,false,9.75,false,1.500625e6,1.4965491077738518e6,false,0
9.621,use_lmSR3_cuts,0.0007809170421417821,10,false,3.153666666666667,false,false,9.75,false,1.500625e6,1.499453136363636e6,false,0
11.182,use_lmSR3_cuts,5.663037226533163e-5,1,false,3.691,false,false,9.75,false,1.500625e6,1.5005400190476193e6,false,0
6.644,use_lmSR3_cuts,0.0001649979175345484,10,false,3.259,false,false,9.75,false,1.500625e6,1.5003773999999997e6,false,0
7.417,none,0.0,0,false,2.4246666666666665,true,false,9.75,false,1.500625e6,1.500625e6,false,0
