CG_time_taken,method,CG_LP_IP_gap,implemented_SR3_cuts_count,errored,CG_sp_time_taken_mean,converged,CGIP_artificial,ngroute_neighborhood_size,time_limit_reached,CGIP_objective,CGLP_objective,CGLP_artificial,cycles_lookup_length
158.79,use_adaptive_ngroute,0.038306008443118156,0,false,6.467,false,false,8.924999999999999,false,1.538768e6,1.47982394e6,false,10
90.142,use_adaptive_ngroute,0.031116802374962615,0,false,14.696166666666667,false,false,10.675,false,1.532293e6,1.4846129415384615e6,false,8
53.409,use_SR3_cuts,0.028720287005711054,5,false,13.23475,false,false,11.25,false,1.532293e6,1.488285105263158e6,false,0
357.257,use_adaptive_ngroute,0.022043279815791572,0,false,50.86242857142857,false,false,11.25,false,1.532293e6,1.4985162366412212e6,false,6
320.784,use_adaptive_ngroute,0.02182513396589314,0,false,64.03880000000001,false,false,11.65,false,1.532293e6,1.4988504999999998e6,false,1
216.231,use_SR3_cuts,0.021825133965892474,5,false,71.989,false,false,11.7,false,1.532293e6,1.4988505000000007e6,false,0
683.663,use_SR3_cuts,0.017907557497163107,5,false,136.01559999999998,false,false,11.7,false,1.532293e6,1.5048533749999995e6,false,0
1521.368,use_SR3_cuts,0.013970429918300664,5,false,380.18825000000004,false,false,11.7,false,1.532293e6,1.5108862080291973e6,false,0
182.17,none,0.00996223892265835,0,false,NaN,false,false,11.7,true,1.532293e6,1.517027931034483e6,false,0
