CG_time_taken,method,CG_LP_IP_gap,implemented_SR3_cuts_count,errored,CG_sp_time_taken_mean,converged,CGIP_artificial,ngroute_neighborhood_size,time_limit_reached,CGIP_objective,CGLP_objective,CGLP_artificial,cycles_lookup_length
294.735,use_adaptive_ngroute,0.16627904073357558,0,false,10.890500000000001,false,false,8.924999999999999,false,2.014341e6,1.6793983108096886e6,false,14
79.622,use_adaptive_ngroute,0.16611209880437228,0,false,19.75925,false,false,10.725,false,2.014341e6,1.6797345887823019e6,false,5
97.6,use_adaptive_ngroute,0.16567315228153445,0,false,24.31175,false,false,11.025,false,2.014341e6,1.6806187767600615e6,false,4
82.008,use_adaptive_ngroute,0.16514605368725277,0,false,27.24833333333333,false,false,11.5,false,2.014341e6,1.6816805330695657e6,false,4
66.683,use_SR3_cuts,0.1651069436217265,13,false,33.2755,false,false,12.025,false,2.014341e6,1.681759314078068e6,false,0
708.431,use_adaptive_ngroute,0.09301906495578405,0,false,138.90040000000002,false,false,12.025,false,1.865423e6,1.6919030967929864e6,false,3
326.073,use_SR3_cuts,0.09293776506959783,5,false,162.929,false,false,12.275,false,1.865423e6,1.6920547554705755e6,false,0
1410.289,use_SR3_cuts,0.09101539699292938,6,false,349.43775000000005,false,false,12.275,false,1.865423e6,1.6956407850952586e6,false,0
453.15,none,0.0907143322203271,0,false,420.347,false,false,12.275,true,1.865423e6,1.6962023982465607e6,false,0
