CG_time_taken,method,CG_LP_IP_gap,implemented_SR3_cuts_count,errored,CG_sp_time_taken_mean,converged,CGIP_artificial,ngroute_neighborhood_size,time_limit_reached,CGIP_objective,CGLP_objective,CGLP_artificial,cycles_lookup_length
307.852,use_adaptive_ngroute,0.23182767435311435,0,false,12.336125,false,false,8.924999999999999,false,2.186226e6,1.6793983108096882e6,false,14
193.126,use_adaptive_ngroute,0.23153895891968057,0,false,27.460142857142863,false,false,10.625,false,2.186226e6,1.6800295079968625e6,false,10
171.889,use_adaptive_ngroute,0.23078292336409112,0,false,42.89625,false,false,11.725,false,2.186226e6,1.6816823725854165e6,false,3
100.405,use_SR3_cuts,0.2307477296134669,5,false,50.149,false,false,12.049999999999999,false,2.186226e6,1.6817593140780686e6,false,0
771.171,use_adaptive_ngroute,0.15314341006611953,0,false,109.8667142857143,false,false,12.049999999999999,false,1.998094e6,1.6920990712073469e6,false,6
386.706,use_adaptive_ngroute,0.15289185753665624,0,false,128.812,false,false,12.25,false,1.998094e6,1.6926016968071524e6,false,2
326.299,use_adaptive_ngroute,0.15283191782975247,0,false,163.029,false,false,12.45,false,1.998094e6,1.6927214619758786e6,false,1
320.07,use_SR3_cuts,0.15283191782975236,5,false,159.941,false,false,12.575000000000001,false,1.998094e6,1.6927214619758788e6,false,0
723.574,use_adaptive_ngroute,0.14744979407563452,0,false,180.62449999999995,false,false,12.575000000000001,false,1.989134e6,1.6958366013111568e6,false,1
207.228,none,0.14744979407563363,0,false,NaN,false,false,12.75,true,1.989134e6,1.6958366013111586e6,false,0
