CG_time_taken,method,CG_LP_IP_gap,implemented_SR3_cuts_count,errored,CG_sp_time_taken_mean,converged,CGIP_artificial,ngroute_neighborhood_size,time_limit_reached,CGIP_objective,CGLP_objective,CGLP_artificial,cycles_lookup_length
563.923,use_adaptive_ngroute,0.14785408390805033,0,false,17.3110625,false,false,8.924999999999999,false,1.825103e6,1.5552540678971657e6,false,20
468.925,use_adaptive_ngroute,0.1438785796049471,0,false,42.48972727272727,false,false,10.924999999999999,false,1.825103e6,1.5625097727272722e6,false,4
107.511,use_adaptive_ngroute,0.14363483137266386,0,false,35.745999999999995,false,false,11.075000000000001,false,1.825103e6,1.562954638357257e6,false,3
172.249,use_adaptive_ngroute,0.1436348313726642,0,false,57.33266666666667,false,false,11.450000000000001,false,1.825103e6,1.5629546383572565e6,false,3
160.085,use_adaptive_ngroute,0.14363275587372903,0,false,53.30733333333333,false,false,11.525,false,1.825103e6,1.5629584263565894e6,false,5
185.001,use_SR3_cuts,0.14352280267320405,5,false,92.42999999999999,false,false,12.125,false,1.825103e6,1.5631591022727273e6,false,0
977.72,use_adaptive_ngroute,0.09678366697415763,0,false,121.903375,false,false,12.125,false,1.740207e6,1.571783385245902e6,false,4
480.526,use_SR3_cuts,0.0964499561769886,5,false,160.01366666666664,false,false,12.375,false,1.740207e6,1.5723641111111112e6,false,0
429.07,none,0.019451918021643255,0,false,211.4345,false,false,12.375,true,1.60741e6,1.5761427924528304e6,false,0
