CG_time_taken,method,CG_LP_IP_gap,implemented_SR3_cuts_count,errored,CG_sp_time_taken_mean,converged,CGIP_artificial,ngroute_neighborhood_size,time_limit_reached,CGIP_objective,CGLP_objective,CGLP_artificial,cycles_lookup_length
143.462,use_adaptive_ngroute,0.07108687781931855,0,false,5.60775,false,false,8.924999999999999,false,1.692033e6,1.571751656862745e6,false,23
97.388,use_adaptive_ngroute,0.06534447023196355,0,false,10.632666666666667,false,false,11.8,false,1.692033e6,1.581468e6,false,7
50.659,use_adaptive_ngroute,0.06484140462494103,0,false,12.578,false,false,12.025,false,1.692033e6,1.5823192036082472e6,false,7
29.475,use_adaptive_ngroute,0.06402950144102648,0,false,9.739,false,false,12.200000000000001,false,1.692033e6,1.5836929705882357e6,false,2
25.541,use_adaptive_ngroute,0.06400535422940734,0,false,12.690999999999999,false,false,12.35,false,1.692033e6,1.5837338284671532e6,false,1
13.081,use_SR3_cuts,0.06399381741494903,10,false,12.991000000000001,false,false,12.4,false,1.692033e6,1.5837533491379316e6,false,0
156.896,use_adaptive_ngroute,0.05342239842747909,0,false,31.177999999999994,false,false,12.4,false,1.680868e6,1.591072e6,false,1
79.477,use_SR3_cuts,0.053420316169979,3,false,39.598499999999994,false,false,12.424999999999999,false,1.680868e6,1.5910754999999998e6,false,0
168.704,use_adaptive_ngroute,0.045302509527521684,0,false,55.48466666666666,false,false,12.424999999999999,false,1.667967e6,1.5924039090909082e6,false,1
145.214,use_SR3_cuts,0.04520390114709438,2,false,36.17025,false,false,12.45,false,1.667967e6,1.5925683846153845e6,false,0
183.859,use_SR3_cuts,0.04505324945477529,2,false,61.077333333333335,false,false,12.45,false,1.667967e6,1.5928196666666667e6,false,0
135.466,use_SR3_cuts,0.04342704621854032,4,false,67.558,false,false,12.45,false,1.667967e6,1.5955321199999999e6,false,0
193.806,use_SR3_cuts,0.04318873117896138,1,false,96.689,false,false,12.45,false,1.667967e6,1.5959296216216213e6,false,0
133.388,use_adaptive_ngroute,0.04289833072237037,0,false,44.32299999999999,false,false,12.45,false,1.667967e6,1.596414e6,false,2
190.117,use_SR3_cuts,0.04283681871403944,3,false,94.96650000000001,false,false,12.549999999999999,false,1.667967e6,1.5965165999999999e6,false,0
1680.966,use_SR3_cuts,0.0417287432345288,10,false,556.0723333333333,false,false,12.549999999999999,false,1.667967e6,1.5983648333333328e6,false,0
131.538,none,0.03340542489237741,0,false,NaN,false,false,12.549999999999999,true,1.667967e6,1.612247853658536e6,false,0
