CG_time_taken,method,CG_LP_IP_gap,implemented_SR3_cuts_count,errored,CG_sp_time_taken_mean,converged,CGIP_artificial,ngroute_neighborhood_size,time_limit_reached,CGIP_objective,CGLP_objective,CGLP_artificial,cycles_lookup_length
288.099,use_adaptive_ngroute,0.11462069414430709,0,false,10.275777777777776,false,false,8.924999999999999,false,1.775095e6,1.5716323789279112e6,false,19
127.998,use_adaptive_ngroute,0.10758645649239307,0,false,18.014857142857142,false,false,11.85,false,1.766534e6,1.576478866666667e6,false,4
94.236,use_adaptive_ngroute,0.1047951179478509,0,false,23.39875,false,false,12.025,false,1.766534e6,1.5814098611111112e6,false,6
60.467,use_adaptive_ngroute,0.10431251394564722,0,false,20.047666666666665,false,false,12.225,false,1.766534e6,1.58226239748954e6,false,8
62.04,use_adaptive_ngroute,0.10350269477505925,0,false,20.59733333333333,false,false,12.725,false,1.766534e6,1.5836929705882354e6,false,1
58.159,use_adaptive_ngroute,0.10350269477505969,0,false,19.291666666666664,false,false,12.775,false,1.766534e6,1.5836929705882347e6,false,1
25.14,use_adaptive_ngroute,0.1034795659369403,0,false,25.08,false,false,12.875,false,1.766534e6,1.583733828467153e6,false,1
45.756,use_SR3_cuts,0.10346851567083859,5,false,22.7995,false,false,12.924999999999999,false,1.766534e6,1.583753349137931e6,false,0
225.333,use_SR3_cuts,0.08431999742171481,5,false,56.131750000000004,false,false,12.924999999999999,false,1.737589e6,1.5910755e6,false,0
327.073,use_adaptive_ngroute,0.04293855546507441,0,false,108.20666666666665,false,false,12.924999999999999,false,1.669724e6,1.598028463414634e6,false,1
194.052,use_SR3_cuts,0.04293855546507441,5,false,96.923,false,false,12.975,false,1.669724e6,1.598028463414634e6,false,0
1222.707,use_adaptive_ngroute,0.037147293368681056,0,false,304.98075,false,false,12.975,false,1.669724e6,1.6076982727272725e6,false,2
828.374,none,0.03625150024794521,0,false,264.67600000000004,false,false,13.024999999999999,true,1.669724e6,1.609194e6,false,0
