CG_time_taken,method,CG_LP_IP_gap,implemented_SR3_cuts_count,errored,CG_sp_time_taken_mean,converged,CGIP_artificial,ngroute_neighborhood_size,time_limit_reached,CGIP_objective,CGLP_objective,CGLP_artificial,cycles_lookup_length
158.778,use_adaptive_ngroute,0.09131717459628974,0,false,4.783433333333334,false,false,8.924999999999999,false,1.682856e6,1.5291823448275863e6,false,13
46.888,use_adaptive_ngroute,0.04328959677674471,0,false,6.517571428571428,false,false,10.575000000000001,false,1.600837e6,1.5315374117647063e6,false,2
23.58,use_adaptive_ngroute,0.04313633376192261,0,false,5.75275,false,false,10.75,false,1.600837e6,1.5317827608695652e6,false,4
26.995,use_SR3_cuts,0.043007348215672536,7,false,6.6472500000000005,false,false,10.85,false,1.600837e6,1.5319892457044674e6,false,0
209.311,use_adaptive_ngroute,0.03797927134806167,0,false,40.5428,false,false,10.85,false,1.600837e6,1.540038377192983e6,false,5
141.626,use_SR3_cuts,0.03795385335829804,4,false,35.236749999999994,false,false,11.075000000000001,false,1.600837e6,1.5400790672514623e6,false,0
234.847,use_adaptive_ngroute,0.03317194932300083,0,false,58.22525,false,false,11.075000000000001,false,1.600837e6,1.5477341161616154e6,false,1
228.439,use_SR3_cuts,0.03317194932300038,9,false,75.38,false,false,11.1,false,1.600837e6,1.547734116161616e6,false,0
564.517,use_SR3_cuts,0.030646641586731027,4,false,187.92066666666668,false,false,11.1,false,1.600837e6,1.5517767222222222e6,false,0
1939.686,none,0.028481795376048336,0,false,554.3036666666667,false,false,11.1,true,1.600837e6,1.5552422881355928e6,false,0
