CG_time_taken,method,CG_LP_IP_gap,implemented_SR3_cuts_count,errored,CG_sp_time_taken_mean,converged,CGIP_artificial,ngroute_neighborhood_size,time_limit_reached,CGIP_objective,CGLP_objective,CGLP_artificial,cycles_lookup_length
189.215,use_adaptive_ngroute,0.08691140285538357,0,false,6.898576923076924,false,false,8.924999999999999,false,1.674736e6,1.5291823448275863e6,false,12
87.868,use_adaptive_ngroute,0.0825483575418059,0,false,9.625222222222222,false,false,10.325,false,1.669388e6,1.5315827624999997e6,false,1
46.173,use_adaptive_ngroute,0.08242855413506944,0,false,11.42375,false,false,10.475,false,1.669388e6,1.5317827608695647e6,false,4
33.134,use_adaptive_ngroute,0.0823509706684259,0,false,10.946666666666665,false,false,10.575000000000001,false,1.669388e6,1.5319122777777778e6,false,1
27.602,use_SR3_cuts,0.08230486519343183,5,false,13.675500000000001,false,false,10.825,false,1.669388e6,1.5319892457044672e6,false,0
94.52,use_SR3_cuts,0.07868589706043438,5,false,23.484250000000003,false,false,10.825,false,1.669388e6,1.5380307076780756e6,false,0
262.398,use_SR3_cuts,0.028765072468520114,5,false,65.06925,false,false,10.825,false,1.5967e6,1.550770808789514e6,false,0
375.369,use_adaptive_ngroute,0.02599396204047777,0,false,124.79800000000002,false,false,10.825,false,1.5967e6,1.555195440809969e6,false,5
340.44,use_SR3_cuts,0.025808949829935313,5,false,113.393,false,false,11.325,false,1.5967e6,1.5554908498065423e6,false,0
394.952,use_SR3_cuts,0.025042897227406047,5,false,131.55266666666665,false,false,11.325,false,1.5967e6,1.5567140059970007e6,false,0
333.152,use_SR3_cuts,0.023733110817127367,5,false,166.46349999999998,false,false,11.325,false,1.5967e6,1.5588053419582928e6,false,0
713.818,use_SR3_cuts,0.023246411602308115,5,false,237.81366666666665,false,false,11.325,false,1.5967e6,1.5595824545945947e6,false,0
657.174,none,0.02161462971142858,0,false,369.13,false,false,11.325,true,1.5967e6,1.562187920739762e6,false,0
