CG_time_taken,method,CG_LP_IP_gap,implemented_SR3_cuts_count,errored,CG_sp_time_taken_mean,converged,CGIP_artificial,ngroute_neighborhood_size,time_limit_reached,CGIP_objective,CGLP_objective,CGLP_artificial,cycles_lookup_length
204.09,use_adaptive_ngroute,0.12602665489757237,0,false,7.8180000000000005,false,false,8.924999999999999,false,1.886801e6,1.6490137815126055e6,false,11
151.579,use_adaptive_ngroute,0.12401204008112865,0,false,18.851875,false,false,10.125,false,1.886801e6,1.6528149587628865e6,false,9
124.715,use_adaptive_ngroute,0.1226957780753204,0,false,20.693833333333334,false,false,10.700000000000001,false,1.886801e6,1.6552984832317075e6,false,5
37.32,use_adaptive_ngroute,0.12205461478490265,0,false,18.571,false,false,10.9,false,1.886801e6,1.656508230769231e6,false,4
71.436,use_SR3_cuts,0.12154826479891534,5,false,23.73633333333333,false,false,11.175,false,1.886801e6,1.6574636124291418e6,false,0
405.735,use_adaptive_ngroute,0.1143289165543403,0,false,80.944,false,false,11.175,false,1.886801e6,1.671085085916354e6,false,4
214.369,use_SR3_cuts,0.11432798925112841,5,false,107.05900000000001,false,false,11.325,false,1.886801e6,1.6710868355529816e6,false,0
835.204,use_adaptive_ngroute,0.11155817934235124,0,false,138.72833333333332,false,false,11.325,false,1.886801e6,1.6763129156586723e6,false,5
373.79,use_adaptive_ngroute,0.11141261652633738,0,false,186.7925,false,false,11.975,false,1.886801e6,1.6765875637254901e6,false,5
376.32,use_SR3_cuts,0.11138063282003485,5,false,188.0855,false,false,12.3,false,1.886801e6,1.6766479106145254e6,false,0
756.296,none,0.09487362023432955,0,false,346.8865,false,false,12.3,true,1.860859e6,1.6843125699243657e6,false,0
