CG_time_taken,method,CG_LP_IP_gap,implemented_SR3_cuts_count,errored,CG_sp_time_taken_mean,converged,CGIP_artificial,ngroute_neighborhood_size,time_limit_reached,CGIP_objective,CGLP_objective,CGLP_artificial,cycles_lookup_length
155.507,use_adaptive_ngroute,0.14673838206391798,0,false,5.337370370370371,false,false,8.924999999999999,false,1.677557e6,1.431395e6,false,4
36.086,use_adaptive_ngroute,0.1423472466211283,0,false,5.052428571428571,false,false,9.25,false,1.677557e6,1.43876138e6,false,3
24.363,use_SR3_cuts,0.1423472466211283,5,false,5.9879999999999995,false,false,9.7,false,1.677557e6,1.43876138e6,false,0
281.853,use_adaptive_ngroute,0.12707140069189693,0,false,39.84957142857143,false,false,9.7,false,1.677557e6,1.4643874822695034e6,false,6
195.464,use_adaptive_ngroute,0.12628920110215835,0,false,32.389166666666675,false,false,9.95,false,1.677557e6,1.4656996666666665e6,false,4
57.079,use_SR3_cuts,0.12619565656733978,5,false,28.4255,false,false,10.049999999999999,false,1.677557e6,1.465856592955863e6,false,0
398.012,use_adaptive_ngroute,0.06490794500626951,0,false,79.2388,false,false,10.049999999999999,false,1.576281e6,1.4739678395375726e6,false,3
75.402,use_SR3_cuts,0.06490463306900973,5,false,75.295,false,false,10.225,false,1.576281e6,1.4739730600813483e6,false,0
348.072,use_SR3_cuts,0.06404380955498012,5,false,115.90033333333334,false,false,10.225,false,1.576281e6,1.4753299598308664e6,false,0
1113.577,use_SR3_cuts,0.04598439226027151,5,false,277.84149999999994,false,false,10.225,false,1.55085e6,1.479535105263158e6,false,0
883.203,none,0.04519657385135756,0,false,525.558,false,false,10.225,true,1.55085e6,1.4807568934426222e6,false,0
