CG_time_taken,method,CG_LP_IP_gap,implemented_SR3_cuts_count,errored,CG_sp_time_taken_mean,converged,CGIP_artificial,ngroute_neighborhood_size,time_limit_reached,CGIP_objective,CGLP_objective,CGLP_artificial,cycles_lookup_length
337.772,use_adaptive_ngroute,0.050915202832884754,0,false,10.810833333333333,false,false,8.924999999999999,false,1.684991e6,1.5991993414634147e6,false,28
448.553,use_SR3_cuts,0.04570276636492421,5,false,34.34061538461539,false,false,12.149999999999999,false,1.684991e6,1.60798225e6,false,0
455.991,use_adaptive_ngroute,0.042623373062526726,0,false,91.0516,false,false,12.149999999999999,false,1.684991e6,1.613171e6,false,4
306.758,use_adaptive_ngroute,0.042435371149441514,0,false,153.3075,false,false,12.45,false,1.684991e6,1.6134877815315314e6,false,8
540.68,use_SR3_cuts,0.04243259707002056,5,false,135.0865,false,false,12.85,false,1.684991e6,1.613492455830389e6,false,0
1379.534,use_adaptive_ngroute,0.03970994503828218,0,false,229.79,false,false,12.85,false,1.684991e6,1.6180800999999999e6,false,1
113.582,none,0.038850562812626444,0,false,NaN,false,false,12.875,true,1.684991e6,1.6195281513157897e6,false,0
