CG_time_taken,method,CG_LP_IP_gap,implemented_SR3_cuts_count,errored,CG_sp_time_taken_mean,converged,CGIP_artificial,ngroute_neighborhood_size,time_limit_reached,CGIP_objective,CGLP_objective,CGLP_artificial,cycles_lookup_length
102.727,use_adaptive_ngroute,0.11628372842150114,0,false,3.29403448275862,false,false,8.924999999999999,false,1.921388e6,1.6979618396156689e6,false,11
24.015,use_adaptive_ngroute,0.11055963996973772,0,false,5.925249999999999,false,false,10.0,false,1.921388e6,1.7089600344778255e6,false,11
38.571,use_adaptive_ngroute,0.10872862977663145,0,false,7.6338,false,false,10.700000000000001,false,1.921388e6,1.7124781154907376e6,false,3
13.723,use_adaptive_ngroute,0.10865628447960463,0,false,6.785,false,false,10.825,false,1.921388e6,1.7126171188763015e6,false,1
6.761,use_SR3_cuts,0.1086562844796044,17,false,6.697,false,false,10.875,false,1.921388e6,1.712617118876302e6,false,0
359.534,use_SR3_cuts,0.06920086789262136,3,false,48.64085714285714,false,false,10.875,false,1.857219e6,1.7286978333333337e6,false,0
414.469,use_adaptive_ngroute,0.06695544072436599,0,false,68.51050000000001,false,false,10.875,false,1.857219e6,1.7328680833333337e6,false,1
404.94,use_SR3_cuts,0.06695544072436588,4,false,100.47775,false,false,10.9,false,1.857219e6,1.732868083333334e6,false,0
305.604,use_SR3_cuts,0.06569751153023251,10,false,101.55633333333334,false,false,10.9,false,1.857219e6,1.735204333333333e6,false,0
1442.785,use_SR3_cuts,0.04897433449792232,6,false,282.21459999999996,false,false,10.9,false,1.833265e6,1.7434820666666664e6,false,0
414.466,none,0.048048942430278574,0,false,NaN,false,false,10.9,true,1.833265e6,1.7451785555555553e6,false,0
