CG_time_taken,method,CG_LP_IP_gap,implemented_SR3_cuts_count,errored,CG_sp_time_taken_mean,converged,CGIP_artificial,ngroute_neighborhood_size,time_limit_reached,CGIP_objective,CGLP_objective,CGLP_artificial,cycles_lookup_length
151.824,use_adaptive_ngroute,0.13866713625969795,0,false,6.312086956521739,false,false,8.924999999999999,false,1.971319e6,1.6979618396156684e6,false,11
72.57,use_adaptive_ngroute,0.09491342452316343,0,false,11.984333333333332,false,false,10.0,false,1.888173e6,1.708960034477825e6,false,12
79.284,use_adaptive_ngroute,0.09305020488549642,0,false,15.752199999999998,false,false,10.75,false,1.888173e6,1.7124781154907376e6,false,2
39.15,use_SR3_cuts,0.0929765869566499,5,false,13.004333333333332,false,false,10.85,false,1.888173e6,1.7126171188763015e6,false,0
299.485,use_adaptive_ngroute,0.0873468076425622,0,false,37.015375000000006,false,false,10.85,false,1.888173e6,1.7232471161731204e6,false,1
57.84,use_adaptive_ngroute,0.08731012148711592,0,false,57.762,false,false,10.95,false,1.888173e6,1.7233163859813078e6,false,1
83.312,use_SR3_cuts,0.0873101214871157,5,false,41.593500000000006,false,false,10.975000000000001,false,1.888173e6,1.7233163859813083e6,false,0
351.067,use_adaptive_ngroute,0.04346510338387466,0,false,116.66566666666668,false,false,10.975000000000001,false,1.807981e6,1.7293969189189188e6,false,1
232.729,use_SR3_cuts,0.04342805687389162,5,false,116.283,false,false,11.025,false,1.807981e6,1.7294638983050846e6,false,0
487.639,use_SR3_cuts,0.040483307070151575,5,false,162.3546666666667,false,false,11.025,false,1.807981e6,1.7347879500000002e6,false,0
862.16,use_adaptive_ngroute,0.03933003720724937,0,false,172.25,false,false,11.025,false,1.807981e6,1.73687304e6,false,1
637.063,use_SR3_cuts,0.0392570748556238,5,false,212.22433333333336,false,false,11.05,false,1.807981e6,1.7370049545454544e6,false,0
212.287,none,0.036855187527735866,0,false,NaN,false,false,11.05,true,1.807981e6,1.7413475211984166e6,false,0
