CG_time_taken,method,CG_LP_IP_gap,implemented_SR3_cuts_count,errored,CG_sp_time_taken_mean,converged,CGIP_artificial,ngroute_neighborhood_size,time_limit_reached,CGIP_objective,CGLP_objective,CGLP_artificial,cycles_lookup_length
5.865,use_adaptive_ngroute,0.04853247115343373,0,false,0.15142105263157893,false,false,6.0,false,1.305528e6,1.2421675e6,false,9
2.038,use_adaptive_ngroute,0.03755500570381243,0,false,0.24771428571428572,false,false,6.785714285714286,false,1.305528e6,1.2564988885135131e6,false,12
5.113,use_adaptive_ngroute,0.029536160452137916,0,false,0.5304444444444444,false,false,7.607142857142857,false,1.305528e6,1.2669677155172413e6,false,9
2.77,use_adaptive_ngroute,0.026730355283630103,0,false,0.6705,false,false,8.357142857142856,false,1.305528e6,1.270630772727273e6,false,5
2.239,use_adaptive_ngroute,0.025760394772587403,0,false,0.7360000000000001,false,false,8.607142857142858,false,1.305528e6,1.2718970833333335e6,false,3
0.439,use_lmSR3_cuts,0.02541730242476603,5,false,0.426,false,false,8.714285714285715,false,1.305528e6,1.272345e6,false,0
1.913,use_adaptive_ngroute,0.021545263253215707,0,false,0.927,false,false,8.714285714285715,false,1.305528e6,1.2774000555555557e6,false,2
0.978,use_lmSR3_cuts,0.02149417706858814,5,false,0.477,false,false,8.785714285714286,false,1.305528e6,1.2774667500000002e6,false,0
2.55,use_lmSR3_cuts,0.02014333472740526,5,false,0.8380000000000001,false,false,8.785714285714286,false,1.305528e6,1.2792303125e6,false,0
3.514,use_lmSR3_cuts,0.019167149230043146,5,false,1.0813333333333335,false,false,8.785714285714286,false,1.305528e6,1.2805047500000002e6,false,0
2.379,use_lmSR3_cuts,0.018525702650124765,5,false,1.1664999999999999,false,false,8.785714285714286,false,1.305528e6,1.281342176470588e6,false,0
5.068,use_adaptive_ngroute,0.018089261641461296,0,false,1.23475,false,false,8.785714285714286,false,1.305528e6,1.2819119624277463e6,false,3
4.635,use_lmSR3_cuts,0.01755542988212977,5,false,1.52,false,false,9.071428571428571,false,1.305528e6,1.282608894736843e6,false,0
5.154,use_adaptive_ngroute,0.014953460536002328,0,false,1.6909999999999996,false,false,9.071428571428571,false,1.303589e6,1.2840958333333333e6,false,1
2.604,use_lmSR3_cuts,0.014875712218202719,5,false,1.2735,false,false,9.142857142857142,false,1.303589e6,1.2841971851851854e6,false,0
4.918,use_lmSR3_cuts,0.013671218459192391,5,false,1.5996666666666668,false,false,9.142857142857142,false,1.303589e6,1.2857673499999999e6,false,0
3.546,use_lmSR3_cuts,0.012948951787036811,5,false,1.7285,false,false,9.142857142857142,false,1.303589e6,1.2867088888888885e6,false,0
8.242,use_adaptive_ngroute,0.01281407869765594,0,false,2.02175,false,false,9.142857142857142,false,1.303589e6,1.2868847079646015e6,false,1
3.074,use_adaptive_ngroute,0.012805416431099115,0,false,1.5174999999999998,false,false,9.178571428571429,false,1.303589e6,1.286896e6,false,1
8.366,use_lmSR3_cuts,0.012791573529275402,5,false,2.0734999999999997,false,false,9.214285714285714,false,1.303589e6,1.2869140454545454e6,false,0
6.471,use_lmSR3_cuts,0.012604049282403995,5,false,2.1109999999999998,false,false,9.214285714285714,false,1.303589e6,1.2871585000000002e6,false,0
4.621,use_lmSR3_cuts,0.011294635496196914,5,false,2.234,false,false,9.214285714285714,false,1.301916e6,1.2872113333333333e6,false,0
6.493,use_lmSR3_cuts,0.011077083174476421,5,false,2.1386666666666665,false,false,9.214285714285714,false,1.301916e6,1.2874945681818184e6,false,0
3.65,use_lmSR3_cuts,0.010906550619699362,5,false,1.7875,false,false,9.214285714285714,false,1.301916e6,1.2877165872434035e6,false,0
12.571,use_lmSR3_cuts,0.010594769555025363,2,false,2.4858000000000007,false,false,9.214285714285714,false,1.301916e6,1.2881224999999995e6,false,0
7.772,use_lmSR3_cuts,0.010594769555023809,1,false,3.8529999999999998,false,false,9.214285714285714,false,1.301916e6,1.2881225000000016e6,false,0
11.405,none,0.01047878664982993,0,false,2.8245000000000005,false,false,9.214285714285714,false,1.301916e6,1.2882735e6,false,0
