CG_time_taken,method,CG_LP_IP_gap,implemented_SR3_cuts_count,errored,CG_sp_time_taken_mean,converged,CGIP_artificial,ngroute_neighborhood_size,time_limit_reached,CGIP_objective,CGLP_objective,CGLP_artificial,cycles_lookup_length
302.157,use_adaptive_ngroute,0.23432031953463495,0,false,10.376249999999999,false,false,8.924999999999999,false,2.055809e6,1.5740911782178218e6,false,16
94.748,use_adaptive_ngroute,0.23122399830480345,0,false,13.41214285714286,false,false,9.75,false,2.055809e6,1.5804566232690003e6,false,5
66.739,use_adaptive_ngroute,0.07213132725495597,0,false,13.262800000000002,false,false,10.25,false,1.708588e6,1.5853452798281093e6,false,3
50.717,use_adaptive_ngroute,0.07187391529938691,0,false,12.61025,false,false,10.4,false,1.708588e6,1.5857850908064512e6,false,2
59.909,use_SR3_cuts,0.0718731652143082,20,false,14.9105,false,false,10.524999999999999,false,1.708588e6,1.5857863723928155e6,false,0
3003.667,none,0.05303812448074241,0,false,543.2602,false,false,10.524999999999999,true,1.708588e6,1.6179676969696973e6,false,0
