CG_time_taken,method,CG_LP_IP_gap,implemented_SR3_cuts_count,errored,CG_sp_time_taken_mean,converged,CGIP_artificial,ngroute_neighborhood_size,time_limit_reached,CGIP_objective,CGLP_objective,CGLP_artificial,cycles_lookup_length
442.442,use_adaptive_ngroute,0.18836428359104718,0,false,13.934806451612904,false,false,8.924999999999999,false,1.939406e6,1.5740911782178215e6,false,14
197.603,use_adaptive_ngroute,0.18508278808123457,0,false,21.831555555555553,false,false,9.674999999999999,false,1.939406e6,1.5804553302985253e6,false,6
129.644,use_adaptive_ngroute,0.18273320207778954,0,false,25.803399999999996,false,false,10.200000000000001,false,1.939406e6,1.5850121314911225e6,false,4
75.689,use_adaptive_ngroute,0.1823346474093347,0,false,25.147333333333332,false,false,10.375,false,1.939406e6,1.5857850908064519e6,false,2
82.91,use_SR3_cuts,0.18233398659547484,5,false,27.427333333333337,false,false,10.5,false,1.939406e6,1.5857863723928165e6,false,0
460.317,use_adaptive_ngroute,0.1786183998998253,0,false,65.64457142857142,false,false,10.5,false,1.939406e6,1.5929924035238794e6,false,3
156.676,use_SR3_cuts,0.06691744996646531,5,false,52.111333333333334,false,false,10.575000000000001,false,1.709883e6,1.5954619898989904e6,false,0
457.93,use_adaptive_ngroute,0.06243099260332341,0,false,114.24499999999999,false,false,10.575000000000001,false,1.709883e6,1.6031333070744516e6,false,1
237.886,use_SR3_cuts,0.06239442960516628,5,false,118.8605,false,false,10.625,false,1.709883e6,1.6031958255234296e6,false,0
1258.022,use_adaptive_ngroute,0.05559923421887547,0,false,209.43933333333337,false,false,10.625,false,1.709883e6,1.6148148145961266e6,false,4
70.123,none,0.05499032750550592,0,false,NaN,false,false,11.125,true,1.709883e6,1.615855973833903e6,false,0
