CG_time_taken,method,CG_LP_IP_gap,implemented_SR3_cuts_count,errored,CG_sp_time_taken_mean,converged,CGIP_artificial,ngroute_neighborhood_size,time_limit_reached,CGIP_objective,CGLP_objective,CGLP_artificial,cycles_lookup_length
302.23,use_adaptive_ngroute,0.18882636120608276,0,false,10.656222222222219,false,false,8.924999999999999,false,1.842687e6,1.494739118948247e6,false,13
230.593,use_adaptive_ngroute,0.055732401717516145,0,false,28.636,false,false,10.775,false,1.593872e6,1.505041685409699e6,false,7
150.365,use_adaptive_ngroute,0.050036295903112205,0,false,29.9912,false,false,11.375,false,1.593872e6,1.5141205489763147e6,false,2
64.087,use_lmSR3_cuts,0.049927102331781326,19,false,31.972,false,false,11.450000000000001,false,1.593872e6,1.514294589552239e6,false,0
427.953,use_adaptive_ngroute,0.03674766174300237,0,false,53.257625000000004,false,false,11.450000000000001,false,1.593872e6,1.5353009308823573e6,false,2
372.568,use_lmSR3_cuts,0.036695384230694406,11,false,74.21640000000001,false,false,11.65,false,1.593872e6,1.5353842545454546e6,false,0
378.341,use_adaptive_ngroute,0.03284387055582727,0,false,75.4106,false,false,11.65,false,1.593872e6,1.5415230743494425e6,false,2
295.204,use_adaptive_ngroute,0.03283046460400607,0,false,73.66475,false,false,11.725,false,1.593872e6,1.5415444417206836e6,false,1
361.393,use_adaptive_ngroute,0.03284717069368148,0,false,90.2275,false,false,11.75,false,1.593872e6,1.5415178143521205e6,false,6
69.712,use_lmSR3_cuts,0.03282688103853537,2,false,69.577,false,false,12.25,false,1.593872e6,1.5415501534653476e6,false,0
180.408,use_lmSR3_cuts,0.03171961872052986,3,false,60.007,false,false,12.25,false,1.593872e6,1.5433149878706716e6,false,0
240.495,use_adaptive_ngroute,0.031592247414855334,0,false,60.016000000000005,false,false,12.25,false,1.593872e6,1.5435180014283897e6,false,4
76.434,use_lmSR3_cuts,0.03157982967140793,10,false,76.30799999999999,false,false,12.4,false,1.593872e6,1.5435377937219737e6,false,0
412.618,none,0.02619056458926683,0,false,117.05199999999999,false,false,12.4,true,1.593872e6,1.552127592436976e6,false,0
