CG_time_taken,method,CG_LP_IP_gap,implemented_SR3_cuts_count,errored,CG_sp_time_taken_mean,converged,CGIP_artificial,ngroute_neighborhood_size,time_limit_reached,CGIP_objective,CGLP_objective,CGLP_artificial,cycles_lookup_length
539.057,use_adaptive_ngroute,0.21192311722290857,0,false,19.415592592592592,false,false,8.924999999999999,false,1.896692e6,1.494739118948247e6,false,13
260.234,use_adaptive_ngroute,0.13116922949620713,0,false,36.97171428571429,false,false,10.775,false,1.727187e6,1.5006332120141345e6,false,5
227.542,use_adaptive_ngroute,0.12336038368959779,0,false,56.77075,false,false,11.15,false,1.727187e6,1.5141205489763147e6,false,2
99.437,use_lmSR3_cuts,0.12325961835502519,5,false,49.60000000000001,false,false,11.225,false,1.727187e6,1.514294589552239e6,false,0
534.655,use_adaptive_ngroute,0.1165637015379507,0,false,88.9165,false,false,11.225,false,1.727187e6,1.5258596900317715e6,false,1
359.913,use_adaptive_ngroute,0.11575423344175928,0,false,89.84275,false,false,11.25,false,1.727187e6,1.5272577928044281e6,false,1
89.331,use_lmSR3_cuts,0.11575400399891433,5,false,89.222,false,false,11.450000000000001,false,1.727187e6,1.5272581890951272e6,false,0
532.43,use_adaptive_ngroute,0.11173177520051925,0,false,106.1196,false,false,11.450000000000001,false,1.727187e6,1.5342053303867409e6,false,4
330.796,use_lmSR3_cuts,0.1116815334671225,5,false,110.18499999999999,false,false,11.625,false,1.727187e6,1.534292107255521e6,false,0
584.18,none,0.10858050316359835,0,false,183.16133333333335,false,false,11.625,true,1.727187e6,1.539648166482374e6,false,0
