CG_time_taken,method,CG_LP_IP_gap,implemented_SR3_cuts_count,errored,CG_sp_time_taken_mean,converged,CGIP_artificial,ngroute_neighborhood_size,time_limit_reached,CGIP_objective,CGLP_objective,CGLP_artificial,cycles_lookup_length
199.922,use_adaptive_ngroute,0.16823388466714007,0,false,6.56855172413793,false,false,8.924999999999999,false,1.784279e6,1.4841028125e6,false,8
77.331,use_adaptive_ngroute,0.16455234878067437,0,false,10.928142857142857,false,false,10.125,false,1.784279e6,1.4906716996699672e6,false,13
104.542,use_adaptive_ngroute,0.1635634108179883,0,false,12.998000000000001,false,false,11.15,false,1.784279e6,1.4924362409090907e6,false,4
72.702,use_adaptive_ngroute,0.11813210379109007,0,false,14.450999999999997,false,false,11.5,false,1.693286e6,1.4932545625000002e6,false,4
38.318,use_lmSR3_cuts,0.11780145560499278,5,false,12.706000000000001,false,false,11.6,false,1.693286e6,1.4938144444444443e6,false,0
93.482,use_lmSR3_cuts,0.11443976386741517,5,false,31.046333333333337,false,false,11.6,false,1.693286e6,1.49950675e6,false,0
105.422,use_adaptive_ngroute,0.11061270140072488,0,false,20.943399999999997,false,false,11.6,false,1.693286e6,1.5059870612959722e6,false,3
56.973,use_lmSR3_cuts,0.11060541843337546,5,false,18.931666666666665,false,false,11.7,false,1.693286e6,1.5059993934426233e6,false,0
98.7,use_lmSR3_cuts,0.006735516987486201,5,false,24.583250000000003,false,false,11.7,false,1.517684e6,1.507461613636364e6,false,0
83.72,use_adaptive_ngroute,0.005447972401664614,0,false,27.784000000000002,false,false,11.7,false,1.517684e6,1.509415699453552e6,false,4
216.847,use_lmSR3_cuts,0.0054218641499732545,5,false,54.134750000000004,false,false,12.35,false,1.517684e6,1.509455323529412e6,false,0
339.685,use_lmSR3_cuts,0.004856771254857728,5,false,67.8108,false,false,12.35,false,1.517684e6,1.5103129559748424e6,false,0
61.957,use_lmSR3_cuts,0.004539049876979395,5,false,61.86,false,false,12.35,false,1.517684e6,1.5107951566265065e6,false,0
256.718,use_adaptive_ngroute,0.004405350939878039,0,false,64.0405,false,false,12.35,false,1.517684e6,1.5109980693641622e6,false,1
364.805,use_lmSR3_cuts,0.003970099309560715,5,false,91.048,false,false,12.4,false,1.517684e6,1.5116586437994686e6,false,0
294.959,use_adaptive_ngroute,0.0034935779034512837,0,false,73.64200000000001,false,false,12.4,false,1.517684e6,1.5123818527131784e6,false,1
82.954,use_lmSR3_cuts,0.0034889045054534717,5,false,82.878,false,false,12.575000000000001,false,1.517684e6,1.5123889454545453e6,false,0
295.551,use_lmSR3_cuts,0.003291701904750699,5,false,73.7585,false,false,12.575000000000001,false,1.517684e6,1.5126882366863904e6,false,0
284.651,use_lmSR3_cuts,0.0029377147859980246,5,false,94.80233333333334,false,false,12.575000000000001,false,1.517684e6,1.5132254772727273e6,false,0
434.164,none,0.0017366235878711889,0,false,152.23800000000003,false,false,12.575000000000001,true,1.517684e6,1.5150483541666653e6,false,0
