CG_time_taken,method,CG_LP_IP_gap,implemented_SR3_cuts_count,errored,CG_sp_time_taken_mean,converged,CGIP_artificial,ngroute_neighborhood_size,time_limit_reached,CGIP_objective,CGLP_objective,CGLP_artificial,cycles_lookup_length
338.088,use_adaptive_ngroute,0.11690806060149994,0,false,11.93837037037037,false,false,8.924999999999999,false,1.75084e6,1.54615269117647e6,false,10
139.867,use_adaptive_ngroute,0.11304757049949354,0,false,19.633000000000003,false,false,10.200000000000001,false,1.75084e6,1.5529117916666667e6,false,2
59.359,use_lmSR3_cuts,0.1128822736515046,5,false,19.689,false,false,10.475,false,1.75084e6,1.5532011999999997e6,false,0
951.424,use_adaptive_ngroute,0.10210119832135744,0,false,67.65557142857143,false,false,10.475,false,1.75084e6,1.5720771379310344e6,false,4
373.484,use_lmSR3_cuts,0.10162322085399,5,false,62.10316666666666,false,false,10.75,false,1.75084e6,1.5729140000000002e6,false,0
248.091,use_adaptive_ngroute,0.09620012491091656,0,false,82.51166666666667,false,false,10.75,false,1.75084e6,1.5824089733009709e6,false,4
138.615,use_lmSR3_cuts,0.09599575605070121,5,false,69.183,false,false,11.299999999999999,false,1.75084e6,1.5827667904761904e6,false,0
544.928,use_adaptive_ngroute,0.09522563437934939,0,false,108.83180000000003,false,false,11.299999999999999,false,1.75084e6,1.58411515030326e6,false,3
482.454,use_adaptive_ngroute,0.09500811194010406,0,false,120.44975,false,false,11.450000000000001,false,1.75084e6,1.5844959972907882e6,false,6
255.212,none,0.09472571793089868,0,false,205.823,false,false,12.0,true,1.75084e6,1.5849904240178654e6,false,0
