CG_time_taken,method,CG_LP_IP_gap,implemented_SR3_cuts_count,errored,CG_sp_time_taken_mean,converged,CGIP_artificial,ngroute_neighborhood_size,time_limit_reached,CGIP_objective,CGLP_objective,CGLP_artificial,cycles_lookup_length
245.298,use_adaptive_ngroute,0.13975886073455424,0,false,8.258499999999998,false,false,8.924999999999999,false,1.797348e6,1.5461526911764704e6,false,10
110.941,use_adaptive_ngroute,0.13176128751143135,0,false,15.602142857142857,false,false,10.5,false,1.788577e6,1.5529117916666667e6,false,4
24.159,use_lmSR3_cuts,0.13159947824443685,10,false,11.9975,false,false,10.924999999999999,false,1.788577e6,1.5532012e6,false,0
401.257,use_lmSR3_cuts,0.10559363076636141,10,false,39.8041,false,false,10.924999999999999,false,1.759821e6,1.573995111111111e6,false,0
325.371,use_adaptive_ngroute,0.09692969521180261,0,false,54.05266666666666,false,false,10.924999999999999,false,1.759821e6,1.5892420868426703e6,false,7
170.184,use_adaptive_ngroute,0.09646462687790458,0,false,84.9335,false,false,11.7,false,1.759821e6,1.590060523863099e6,false,1
397.849,use_adaptive_ngroute,0.09691913887504866,0,false,79.4504,false,false,11.725,false,1.759821e6,1.589260664105773e6,false,3
140.508,use_adaptive_ngroute,0.09679346716587756,0,false,70.17750000000001,false,false,11.875,false,1.759821e6,1.5894818238186783e6,false,2
261.824,use_lmSR3_cuts,0.0968077734347026,10,false,87.15566666666665,false,false,12.275,false,1.759821e6,1.5894566473463683e6,false,0
260.201,use_adaptive_ngroute,0.09531949753149749,0,false,51.7192,false,false,12.275,false,1.759821e6,1.5920757465346225e6,false,4
107.083,use_lmSR3_cuts,0.09517925150658668,4,false,53.418,false,false,12.475,false,1.759821e6,1.592322554434427e6,false,0
56.689,use_lmSR3_cuts,0.0949618751941318,10,false,56.488,false,false,12.475,false,1.759821e6,1.5927050978339878e6,false,0
362.246,use_adaptive_ngroute,0.09374903651819155,0,false,90.39725,false,false,12.475,false,1.759821e6,1.5948394768055195e6,false,1
483.677,use_adaptive_ngroute,0.09365363790615366,0,false,161.11199999999997,false,false,12.549999999999999,false,1.759821e6,1.5950073612863547e6,false,2
73.511,none,0.09362640976993752,0,false,NaN,false,false,12.65,true,1.759821e6,1.5950552779322588e6,false,0
