CG_time_taken,method,CG_LP_IP_gap,implemented_SR3_cuts_count,errored,CG_sp_time_taken_mean,converged,CGIP_artificial,ngroute_neighborhood_size,time_limit_reached,CGIP_objective,CGLP_objective,CGLP_artificial,cycles_lookup_length
377.516,use_adaptive_ngroute,0.14626377367150634,0,false,14.62044,false,false,8.924999999999999,false,1.734348e6,1.4806757166603704e6,false,13
213.095,use_adaptive_ngroute,0.12412779139104801,0,false,30.199142857142856,false,false,10.325,false,1.706103e6,1.4943282027243588e6,false,6
31.548,use_lmSR3_cuts,0.12402606993833332,5,false,31.463,false,false,10.825,false,1.706103e6,1.4945017499999998e6,false,0
377.796,use_adaptive_ngroute,0.10027212880448244,0,false,46.948625,false,false,10.825,false,1.679958e6,1.5115050350378794e6,false,5
175.383,use_lmSR3_cuts,0.10004556135529019,5,false,43.77674999999999,false,false,11.025,false,1.679958e6,1.5118856588366893e6,false,0
221.189,use_adaptive_ngroute,0.0982298755255887,0,false,55.1605,false,false,11.025,false,1.679783e6,1.514778125e6,false,2
184.73,use_lmSR3_cuts,0.09808628058902069,5,false,61.45399999999999,false,false,11.1,false,1.679783e6,1.515019333333333e6,false,0
584.239,use_lmSR3_cuts,0.07382883095787307,5,false,83.36428571428571,false,false,11.1,false,1.639393e6,1.5183585313294795e6,false,0
415.975,use_lmSR3_cuts,0.07193415165299033,5,false,69.18716666666667,false,false,11.1,false,1.639393e6,1.5214646553191491e6,false,0
729.045,use_lmSR3_cuts,0.05520447024463859,5,false,103.93657142857143,false,false,11.1,false,1.615159e6,1.5259950030441398e6,false,0
249.456,none,0.05477362041033185,0,false,165.771,false,false,11.1,true,1.615159e6,1.5266908940316688e6,false,0
