CG_time_taken,method,CG_LP_IP_gap,implemented_SR3_cuts_count,errored,CG_sp_time_taken_mean,converged,CGIP_artificial,ngroute_neighborhood_size,time_limit_reached,CGIP_objective,CGLP_objective,CGLP_artificial,cycles_lookup_length
257.933,use_adaptive_ngroute,0.1579751669977506,0,false,7.900266666666665,false,false,8.924999999999999,false,1.89245e6,1.593489895215107e6,false,24
175.83,use_adaptive_ngroute,0.09056256578892818,0,false,17.257399999999997,false,false,10.95,false,1.760339e6,1.6009181835016839e6,false,8
115.005,use_adaptive_ngroute,0.08908822675632366,0,false,22.8598,false,false,11.775,false,1.760339e6,1.60351352e6,false,1
45.144,use_lmSR3_cuts,0.08908822675632333,12,false,22.472,false,false,11.8,false,1.760339e6,1.6035135200000005e6,false,0
177.597,use_adaptive_ngroute,0.08215781652365606,0,false,21.602000000000004,false,false,11.8,false,1.760339e6,1.615713391418564e6,false,4
42.712,use_lmSR3_cuts,0.08215366967659776,5,false,21.0505,false,false,11.9,false,1.760339e6,1.6157206912751675e6,false,0
108.544,use_adaptive_ngroute,0.08144933002154942,0,false,26.69575,false,false,11.9,false,1.760339e6,1.6169605678391957e6,false,4
82.656,use_lmSR3_cuts,0.08130371534206637,3,false,27.443666666666665,false,false,12.0,false,1.760339e6,1.6172168990384622e6,false,0
58.655,use_lmSR3_cuts,0.08114186874143647,10,false,29.183,false,false,12.0,false,1.760339e6,1.6175018039215684e6,false,0
244.76,use_adaptive_ngroute,0.08018784531416812,0,false,40.632333333333335,false,false,12.0,false,1.760339e6,1.6191812085675027e6,false,2
116.575,use_lmSR3_cuts,0.07978090346967093,1,false,38.76166666666667,false,false,12.075,false,1.760339e6,1.619897564167103e6,false,0
117.529,use_lmSR3_cuts,0.07975338677180532,10,false,58.623999999999995,false,false,12.075,false,1.760339e6,1.619946002883507e6,false,0
286.277,use_adaptive_ngroute,0.07751461325017162,0,false,57.1408,false,false,12.075,false,1.760339e6,1.6238870032258062e6,false,1
172.165,use_lmSR3_cuts,0.077596057201474,1,false,57.21566666666667,false,false,12.1,false,1.760339e6,1.6237436342620144e6,false,0
97.589,use_lmSR3_cuts,0.07759605720147444,10,false,48.651,false,false,12.1,false,1.760339e6,1.6237436342620137e6,false,0
179.872,use_adaptive_ngroute,0.03235632760198204,0,false,59.752666666666656,false,false,12.1,false,1.679643e6,1.625295920837624e6,false,1
68.212,use_lmSR3_cuts,0.032346291127892,1,false,68.02199999999999,false,false,12.125,false,1.679643e6,1.625312778531074e6,false,0
128.827,use_lmSR3_cuts,0.03235087987708407,10,false,64.266,false,false,12.125,false,1.679643e6,1.625305071070615e6,false,0
260.82,use_adaptive_ngroute,0.03078089060846878,0,false,64.94475,false,false,12.125,false,1.679643e6,1.6279420925557197e6,false,6
259.395,use_lmSR3_cuts,0.030413215796064486,7,false,64.71925,false,false,12.475,false,1.679643e6,1.6285596549806509e6,false,0
249.656,use_adaptive_ngroute,0.03136884834619669,0,false,62.136250000000004,false,false,12.475,false,1.679643e6,1.6269545334572492e6,false,1
182.091,use_lmSR3_cuts,0.03035997103927701,1,false,60.52366666666667,false,false,12.524999999999999,true,1.679643e6,1.6286490871636756e6,false,0
