CG_time_taken,method,CG_LP_IP_gap,implemented_SR3_cuts_count,errored,CG_sp_time_taken_mean,converged,CGIP_artificial,ngroute_neighborhood_size,time_limit_reached,CGIP_objective,CGLP_objective,CGLP_artificial,cycles_lookup_length
269.961,use_adaptive_ngroute,0.15262141726481726,0,false,11.278869565217393,false,false,8.924999999999999,false,1.822163e6,1.5440619004524888e6,false,13
111.649,use_adaptive_ngroute,0.12833010314176763,0,false,18.440833333333334,false,false,10.45,false,1.778728e6,1.55046365229885e6,false,3
92.673,use_lmSR3_cuts,0.12669624652235223,5,false,18.380000000000003,false,false,10.600000000000001,false,1.778728e6,1.5533698388157894e6,false,0
299.342,use_adaptive_ngroute,0.0346828837369646,0,false,32.830777777777776,false,false,10.600000000000001,false,1.62442e6,1.56808043e6,false,1
84.432,use_adaptive_ngroute,0.034527512477180555,0,false,27.997333333333334,false,false,10.625,false,1.62442e6,1.5683328181818184e6,false,1
141.101,use_lmSR3_cuts,0.03448295865127704,5,false,28.0956,false,false,10.65,false,1.62442e6,1.5684051923076925e6,false,0
276.707,use_adaptive_ngroute,0.031919233902244604,0,false,45.91366666666667,false,false,10.65,false,1.62442e6,1.572569758064516e6,false,9
182.136,use_adaptive_ngroute,0.03161486861073548,0,false,36.318400000000004,false,false,11.2,false,1.62442e6,1.5730641751313491e6,false,10
218.5,use_adaptive_ngroute,0.0315768649173801,0,false,43.5832,false,false,11.8,false,1.62442e6,1.5731259090909094e6,false,3
198.809,use_lmSR3_cuts,0.03157686491738021,5,false,66.13433333333333,false,false,12.0,false,1.62442e6,1.5731259090909092e6,false,0
260.31,use_lmSR3_cuts,0.031140945430536027,5,false,86.578,false,false,12.0,false,1.62442e6,1.5738340254237286e6,false,0
529.973,use_adaptive_ngroute,0.02845913674363265,0,false,105.80940000000001,false,false,12.0,false,1.62442e6,1.5781904090909082e6,false,1
274.157,use_lmSR3_cuts,0.02841797835188331,5,false,91.285,false,false,12.025,false,1.62442e6,1.5782572676056337e6,false,0
353.615,use_adaptive_ngroute,0.027895111706634168,0,false,117.73233333333334,false,false,12.025,false,1.62442e6,1.5791066226415094e6,false,3
276.216,none,0.02784610301933388,0,false,94.4935,false,false,12.1,true,1.62442e6,1.5791862333333336e6,false,0
