CG_time_taken,method,CG_LP_IP_gap,implemented_SR3_cuts_count,errored,CG_sp_time_taken_mean,converged,CGIP_artificial,ngroute_neighborhood_size,time_limit_reached,CGIP_objective,CGLP_objective,CGLP_artificial,cycles_lookup_length
179.846,use_adaptive_ngroute,0.07998749290347151,0,false,5.757896551724137,false,false,8.924999999999999,false,1.643271e6,1.5118298725490195e6,false,11
85.252,use_adaptive_ngroute,0.07582522907055478,0,false,11.947285714285716,false,false,10.524999999999999,false,1.643271e6,1.5186696000000003e6,false,1
47.037,use_lmSR3_cuts,0.07502992507018014,4,false,11.559,false,false,10.549999999999999,false,1.643271e6,1.5199765e6,false,0
107.749,use_adaptive_ngroute,0.0693464640955812,0,false,13.2125,false,false,10.549999999999999,false,1.643271e6,1.5293159665991901e6,false,10
177.335,use_lmSR3_cuts,0.06870199741856331,3,false,19.546444444444443,false,false,11.075000000000001,false,1.643271e6,1.530375e6,false,0
89.602,use_adaptive_ngroute,0.06441344732548682,0,false,22.23425,false,false,11.075000000000001,false,1.643271e6,1.53742225e6,false,7
135.463,use_adaptive_ngroute,0.06152244512820515,0,false,26.923599999999997,false,false,11.325,false,1.640625e6,1.5396897384615385e6,false,3
76.075,use_lmSR3_cuts,0.06140601599999995,9,false,25.25,false,false,11.525,false,1.640625e6,1.5398807550000001e6,false,0
159.54,use_lmSR3_cuts,0.06002218666666648,1,false,22.545428571428573,false,false,11.525,false,1.640625e6,1.5421511000000003e6,false,0
104.166,use_lmSR3_cuts,0.06002218666666559,10,false,25.90775,false,false,11.525,false,1.640625e6,1.5421511000000017e6,false,0
100.109,use_lmSR3_cuts,0.05774791111111133,1,false,24.857499999999998,false,false,11.525,false,1.640625e6,1.545882333333333e6,false,0
134.082,use_lmSR3_cuts,0.04374446757185724,10,false,26.685,false,false,11.525,false,1.617609e6,1.5468475555555555e6,false,0
177.714,use_adaptive_ngroute,0.04211119985259293,0,false,29.453333333333333,false,false,11.525,false,1.617609e6,1.549489544117647e6,false,2
90.036,use_lmSR3_cuts,0.042035481304093736,3,false,29.882000000000005,false,false,11.625,false,1.617609e6,1.5496120271231662e6,false,0
92.454,use_lmSR3_cuts,0.04192137527634643,10,false,30.655666666666665,false,false,11.625,false,1.617609e6,1.5497966060606046e6,false,0
107.275,use_adaptive_ngroute,0.040986930504382624,0,false,35.60833333333334,false,false,11.625,false,1.617609e6,1.5513081723337362e6,false,2
121.236,use_lmSR3_cuts,0.041080225270966886,4,false,40.25066666666667,false,false,11.75,false,1.617609e6,1.5511572578796565e6,false,0
121.873,use_adaptive_ngroute,0.040968057890771625,0,false,40.48,false,false,11.75,false,1.617609e6,1.5513387008433668e6,false,1
41.106,use_adaptive_ngroute,0.040966768182049806,0,false,40.873,false,false,11.925,false,1.617609e6,1.5513407870878025e6,false,2
154.448,use_lmSR3_cuts,0.04105631282096267,2,false,38.46125,false,false,12.125,false,1.617609e6,1.5511959388739953e6,false,0
75.701,use_lmSR3_cuts,0.0409744857474903,10,false,37.692,false,false,12.125,false,1.617609e6,1.551328303084488e6,false,0
171.491,use_adaptive_ngroute,0.03757270111869582,0,false,42.681000000000004,false,false,12.125,false,1.617609e6,1.5568310605160876e6,false,1
80.789,use_adaptive_ngroute,0.03756897447388485,0,false,40.245999999999995,false,false,12.225,false,1.617609e6,1.5568370887702736e6,false,2
44.961,use_lmSR3_cuts,0.03756897447388374,5,false,44.702,false,false,12.35,false,1.617609e6,1.5568370887702755e6,false,0
228.838,use_lmSR3_cuts,0.03768338448192243,5,false,45.511,false,false,12.35,false,1.617609e6,1.556652018111582e6,false,0
184.773,use_adaptive_ngroute,0.03724581919660952,0,false,61.41633333333333,false,false,12.35,false,1.61760897957168e6,1.5573598079877412e6,false,1
112.474,use_lmSR3_cuts,0.03724356493111258,10,false,56.0405,false,false,12.375,false,1.617609e6,1.557363474175348e6,false,0
294.651,use_adaptive_ngroute,0.03539411846091445,0,false,73.44725,false,false,12.375,true,1.617609e6,1.5603551554305586e6,false,4
