CG_time_taken,method,CG_LP_IP_gap,implemented_SR3_cuts_count,errored,CG_sp_time_taken_mean,converged,CGIP_artificial,ngroute_neighborhood_size,time_limit_reached,CGIP_objective,CGLP_objective,CGLP_artificial,cycles_lookup_length
228.678,use_adaptive_ngroute,0.06467314904523602,0,false,8.04551851851852,false,false,8.924999999999999,false,1.614515e6,1.5100992307692308e6,false,5
95.71,use_adaptive_ngroute,0.05906312397479396,0,false,11.836125,false,false,9.299999999999999,false,1.6145149914041592e6,1.519156692307692e6,false,6
71.534,use_lmSR3_cuts,0.05855535563311587,5,false,11.693333333333333,false,false,9.725,false,1.614515e6,1.5199765e6,false,0
107.412,use_adaptive_ngroute,0.051815914642212135,0,false,15.111,false,false,9.725,false,1.614515e6,1.5308574285714289e6,false,10
157.474,use_adaptive_ngroute,0.050220734420094115,0,false,22.337,false,false,10.35,false,1.614515e6,1.5334328709677418e6,false,6
91.109,use_adaptive_ngroute,0.04891575988465613,0,false,22.644000000000002,false,false,10.625,false,1.614515e6,1.5355397719298245e6,false,8
76.398,use_lmSR3_cuts,0.047876606906718244,5,false,25.333,false,false,10.825,false,1.614515e6,1.5372174999999998e6,false,0
137.496,use_adaptive_ngroute,0.04711786511738825,0,false,27.330199999999998,false,false,10.825,false,1.614515e6,1.5384425e6,false,4
56.221,use_lmSR3_cuts,0.04654838177784726,5,false,28.031000000000002,false,false,11.299999999999999,false,1.614515e6,1.539361939393939e6,false,0
187.831,use_adaptive_ngroute,0.04267039098513792,0,false,37.435399999999994,false,false,11.299999999999999,false,1.614515e6,1.54562301369863e6,false,3
72.1,use_lmSR3_cuts,0.04263617574504974,5,false,35.9875,false,false,11.375,false,1.614515e6,1.545678254716981e6,false,0
210.743,use_lmSR3_cuts,0.04133365128226629,5,false,35.010000000000005,false,false,11.375,false,1.614515e6,1.5477812000000118e6,false,0
191.143,use_adaptive_ngroute,0.04072204149283842,0,false,38.059000000000005,false,false,11.375,false,1.614515e6,1.54876865317919e6,false,1
202.729,use_adaptive_ngroute,0.04072204149283787,0,false,40.4496,false,false,11.450000000000001,false,1.614515e6,1.5487686531791908e6,false,1
115.138,use_lmSR3_cuts,0.04070629193220199,5,false,38.287,false,false,11.475,false,1.614515e6,1.548794081081081e6,false,0
203.537,use_adaptive_ngroute,0.03879082178633475,0,false,50.680499999999995,false,false,11.475,false,1.614515e6,1.5518866363636358e6,false,1
186.237,use_adaptive_ngroute,0.038631825047738655,0,false,46.47725,false,false,11.55,false,1.614515e6,1.5521433389830503e6,false,2
114.989,use_lmSR3_cuts,0.03860478224110564,5,false,57.312,false,false,12.025,false,1.614515e6,1.5521870000000014e6,false,0
207.675,use_lmSR3_cuts,0.038084502156994215,5,false,69.09133333333332,false,false,12.025,false,1.614515e6,1.5530270000000005e6,false,0
211.214,use_lmSR3_cuts,0.037287389711460506,5,false,70.189,false,false,12.025,false,1.614515e6,1.5543139500000014e6,false,0
332.894,use_adaptive_ngroute,0.03606362618625325,0,false,66.2712,false,false,12.025,false,1.614515e6,1.5562897345679014e6,false,5
271.207,none,0.03605442099254119,0,false,91.079,false,false,12.725,true,1.614515e6,1.5563045964912274e6,false,0
