CG_time_taken,method,CG_LP_IP_gap,implemented_SR3_cuts_count,errored,CG_sp_time_taken_mean,converged,CGIP_artificial,ngroute_neighborhood_size,time_limit_reached,CGIP_objective,CGLP_objective,CGLP_artificial,cycles_lookup_length
143.592,use_adaptive_ngroute,0.038306008443118156,0,false,5.79708695652174,false,false,8.924999999999999,false,1.538768e6,1.47982394e6,false,10
86.342,use_adaptive_ngroute,0.031116802374962615,0,false,14.097,false,false,10.675,false,1.532293e6,1.4846129415384615e6,false,8
52.736,use_lmSR3_cuts,0.028720287005711054,5,false,13.068000000000001,false,false,11.25,false,1.532293e6,1.488285105263158e6,false,0
228.419,use_adaptive_ngroute,0.025017892115839047,0,false,32.45428571428571,false,false,11.25,false,1.532293e6,1.4939582590361447e6,false,5
122.325,use_adaptive_ngroute,0.024875918690767218,0,false,40.653999999999996,false,false,11.6,false,1.532293e6,1.4941758039215682e6,false,1
172.629,use_lmSR3_cuts,0.024875918690766885,5,false,57.45766666666666,false,false,11.625,false,1.532293e6,1.4941758039215687e6,false,0
289.814,use_lmSR3_cuts,0.02020743920846646,5,false,41.158142857142856,false,false,11.625,false,1.532293e6,1.5013292823529413e6,false,0
259.946,use_lmSR3_cuts,0.01573252200025277,5,false,36.91042857142857,false,false,11.625,false,1.532293e6,1.5081861666666667e6,false,0
245.757,use_adaptive_ngroute,0.013147330504022281,0,false,34.926857142857145,false,false,11.625,false,1.532293e6,1.5121474375000002e6,false,1
139.873,use_lmSR3_cuts,0.013082956769314258,5,false,34.769749999999995,false,false,11.9,false,1.532293e6,1.5122460769230772e6,false,0
252.681,use_adaptive_ngroute,0.011683641770862674,0,false,41.9495,false,false,11.9,false,1.532293e6,1.5143902374999996e6,false,1
161.861,use_adaptive_ngroute,0.011580683328841102,0,false,53.809999999999995,false,false,11.925,false,1.532293e6,1.514548e6,false,2
57.605,use_lmSR3_cuts,0.011550957097777759,5,false,57.468,false,false,12.1,false,1.532293e6,1.514593549295775e6,false,0
316.184,use_lmSR3_cuts,0.010916784760673703,5,false,78.86,false,false,12.1,false,1.532293e6,1.515565287128713e6,false,0
642.156,use_adaptive_ngroute,0.009897258553031252,0,false,128.17920000000004,false,false,12.1,false,1.532293e6,1.5171275e6,false,4
411.482,none,0.00942101151672603,0,false,143.20399999999998,false,false,12.200000000000001,true,1.532293e6,1.5178572500000014e6,false,0
