CG_time_taken,method,CG_LP_IP_gap,implemented_SR3_cuts_count,errored,CG_sp_time_taken_mean,converged,CGIP_artificial,ngroute_neighborhood_size,time_limit_reached,CGIP_objective,CGLP_objective,CGLP_artificial,cycles_lookup_length
282.537,use_adaptive_ngroute,0.16627904073357558,0,false,10.429653846153847,false,false,8.924999999999999,false,2.014341e6,1.6793983108096886e6,false,14
77.98,use_adaptive_ngroute,0.16611209880437228,0,false,19.339750000000002,false,false,10.725,false,2.014341e6,1.6797345887823019e6,false,5
94.987,use_adaptive_ngroute,0.16567315228153445,0,false,23.658499999999997,false,false,11.025,false,2.014341e6,1.6806187767600615e6,false,4
79.957,use_adaptive_ngroute,0.16514605368725277,0,false,26.56266666666667,false,false,11.5,false,2.014341e6,1.6816805330695657e6,false,4
65.089,use_lmSR3_cuts,0.1651069436217265,13,false,32.497,false,false,12.025,false,2.014341e6,1.681759314078068e6,false,0
362.638,use_adaptive_ngroute,0.15938759906575628,0,false,39.88144444444444,false,false,12.025,false,2.014341e6,1.6932800243102855e6,false,7
209.23,use_lmSR3_cuts,0.1591678722756611,7,false,52.19599999999999,false,false,12.325,false,2.014341e6,1.6937226289923727e6,false,0
233.631,use_lmSR3_cuts,0.15822339686818143,6,false,46.569799999999994,false,false,12.325,false,2.014341e6,1.6956251245291505e6,false,0
153.687,use_adaptive_ngroute,0.1575783335387413,0,false,50.85633333333333,false,false,12.325,false,2.014341e6,1.6969245020412384e6,false,1
109.533,use_lmSR3_cuts,0.1573448323221519,3,false,54.6605,false,false,12.4,false,2.014341e6,1.6973948531153642e6,false,0
114.935,use_lmSR3_cuts,0.15713618775835392,1,false,57.342,false,false,12.4,false,2.014341e6,1.6978151344146496e6,false,0
223.554,use_lmSR3_cuts,0.15663058261522544,10,false,74.38666666666666,false,false,12.4,false,2.014341e6,1.6988335955842643e6,false,0
220.108,use_adaptive_ngroute,0.1559010112096405,0,false,73.19566666666665,false,false,12.4,false,2.014341e6,1.7003032011789614e6,false,1
169.918,use_lmSR3_cuts,0.15589437708518705,2,false,84.8215,false,false,12.424999999999999,false,2.014341e6,1.7003165645678472e6,false,0
92.902,use_lmSR3_cuts,0.15578118855943746,10,false,92.716,false,false,12.424999999999999,false,2.014341e6,1.7005445648559942e6,false,0
553.786,use_lmSR3_cuts,0.15524323105096027,2,false,92.19066666666666,false,false,12.424999999999999,false,2.014341e6,1.7016281947215777e6,false,0
229.744,use_lmSR3_cuts,0.155078275211596,1,false,114.714,false,false,12.424999999999999,false,2.014341e6,1.7019604720319984e6,false,0
75.287,none,0.1550706701276695,0,false,NaN,false,false,12.424999999999999,true,2.014341e6,1.70197579126436e6,false,0
