CG_time_taken,method,CG_LP_IP_gap,implemented_SR3_cuts_count,errored,CG_sp_time_taken_mean,converged,CGIP_artificial,ngroute_neighborhood_size,time_limit_reached,CGIP_objective,CGLP_objective,CGLP_artificial,cycles_lookup_length
507.273,use_adaptive_ngroute,0.14785408390805033,0,false,15.5390625,false,false,8.924999999999999,false,1.825103e6,1.5552540678971657e6,false,20
439.229,use_adaptive_ngroute,0.1438785796049471,0,false,39.77136363636364,false,false,10.924999999999999,false,1.825103e6,1.5625097727272722e6,false,4
104.262,use_adaptive_ngroute,0.14363483137266386,0,false,34.650999999999996,false,false,11.075000000000001,false,1.825103e6,1.562954638357257e6,false,3
174.156,use_adaptive_ngroute,0.1436348313726642,0,false,57.96533333333333,false,false,11.450000000000001,false,1.825103e6,1.5629546383572565e6,false,3
116.07,use_adaptive_ngroute,0.14363275587372926,0,false,57.927,false,false,11.525,false,1.825103e6,1.5629584263565892e6,false,5
193.225,use_lmSR3_cuts,0.14352280267320405,5,false,96.5395,false,false,12.125,false,1.825103e6,1.5631591022727273e6,false,0
653.936,use_adaptive_ngroute,0.09699574272172529,0,false,81.48812500000001,false,false,12.125,false,1.740207e6,1.5714143295454546e6,false,3
772.234,use_adaptive_ngroute,0.09681900290199519,0,false,110.22428571428571,false,false,12.35,false,1.740207e6,1.5717218934169277e6,false,1
354.845,use_adaptive_ngroute,0.09647601595549982,0,false,118.18399999999998,false,false,12.375,false,1.740207e6,1.5723187617021275e6,false,2
213.483,use_lmSR3_cuts,0.0964499561769886,5,false,106.665,false,false,12.45,false,1.740207e6,1.5723641111111112e6,false,0
14.113,none,0.09464490277597126,0,false,NaN,false,false,12.45,true,1.740207e6,1.5755052776749353e6,false,0
