CG_time_taken,method,CG_LP_IP_gap,implemented_SR3_cuts_count,errored,CG_sp_time_taken_mean,converged,CGIP_artificial,ngroute_neighborhood_size,time_limit_reached,CGIP_objective,CGLP_objective,CGLP_artificial,cycles_lookup_length
295.99,use_adaptive_ngroute,0.11462069414430709,0,false,10.574703703703705,false,false,8.924999999999999,false,1.775095e6,1.5716323789279112e6,false,19
127.283,use_adaptive_ngroute,0.10758645649239307,0,false,17.934999999999995,false,false,11.85,false,1.766534e6,1.576478866666667e6,false,4
138.009,use_adaptive_ngroute,0.10479511794785112,0,false,22.900166666666664,false,false,12.025,false,1.766534e6,1.5814098611111108e6,false,6
99.692,use_adaptive_ngroute,0.10431251394564733,0,false,24.80625,false,false,12.225,false,1.766534e6,1.5822623974895398e6,false,8
51.82,use_adaptive_ngroute,0.10350269477505925,0,false,25.807499999999997,false,false,12.725,false,1.766534e6,1.5836929705882354e6,false,2
41.038,use_adaptive_ngroute,0.10350269477505947,0,false,20.437,false,false,12.825,false,1.766534e6,1.5836929705882352e6,false,1
19.906,use_adaptive_ngroute,0.10347956593694019,0,false,19.799,false,false,12.924999999999999,false,1.766534e6,1.5837338284671532e6,false,1
21.607,use_lmSR3_cuts,0.10346851567083826,5,false,21.508,false,false,12.975,false,1.766534e6,1.5837533491379314e6,false,0
171.655,use_lmSR3_cuts,0.100019680723193,5,false,34.205200000000005,false,false,12.975,false,1.766534e6,1.589845833333335e6,false,0
174.213,use_lmSR3_cuts,0.09611897137612713,5,false,57.934333333333335,false,false,12.975,false,1.765953e6,1.5962114141414142e6,false,0
618.975,use_adaptive_ngroute,0.015011404070877643,0,false,102.89750000000001,false,false,12.975,false,1.630013e6,1.6055442162162166e6,false,2
294.387,use_adaptive_ngroute,0.014284065609615149,0,false,73.47875,false,false,13.024999999999999,false,1.62953e6,1.6062536865671638e6,false,2
376.338,use_adaptive_ngroute,0.014196017181557163,0,false,93.96275,false,false,13.124999999999998,false,1.62953e6,1.6063971641221372e6,false,2
259.377,use_adaptive_ngroute,0.014177370161949199,0,false,129.5815,false,false,13.175,false,1.62953e6,1.6064275499999989e6,false,1
254.97,use_lmSR3_cuts,0.014159015984263168,5,false,127.358,false,false,13.200000000000001,false,1.62953e6,1.6064574586831636e6,false,0
606.059,none,0.012268377316704049,0,false,131.57150000000001,false,false,13.200000000000001,true,1.62953e6,1.6095383111111112e6,false,0
