CG_time_taken,method,CG_LP_IP_gap,implemented_SR3_cuts_count,errored,CG_sp_time_taken_mean,converged,CGIP_artificial,ngroute_neighborhood_size,time_limit_reached,CGIP_objective,CGLP_objective,CGLP_artificial,cycles_lookup_length
142.978,use_adaptive_ngroute,0.09131717459628974,0,false,4.268566666666667,false,false,8.924999999999999,false,1.682856e6,1.5291823448275863e6,false,13
42.954,use_adaptive_ngroute,0.04328959677674471,0,false,5.962999999999999,false,false,10.575000000000001,false,1.600837e6,1.5315374117647063e6,false,2
22.347,use_adaptive_ngroute,0.04313633376192261,0,false,5.436249999999999,false,false,10.75,false,1.600837e6,1.5317827608695652e6,false,4
25.873,use_lmSR3_cuts,0.043007348215672536,7,false,6.378750000000001,false,false,10.85,false,1.600837e6,1.5319892457044674e6,false,0
65.866,use_lmSR3_cuts,0.03606280072385892,7,false,16.11375,false,false,10.85,false,1.600837e6,1.5431063342776198e6,false,0
93.669,use_adaptive_ngroute,0.02575357648331844,0,false,18.5628,false,false,10.85,false,1.600837e6,1.559609721883174e6,false,2
39.198,use_lmSR3_cuts,0.025364985130297946,5,false,19.4745,false,false,11.175,false,1.600837e6,1.5602317932989693e6,false,0
19.603,use_adaptive_ngroute,0.0241140068121517,0,false,19.46,false,false,11.175,false,1.600837e6,1.5622344056768555e6,false,1
55.547,use_lmSR3_cuts,0.024039810003399387,2,false,18.449333333333332,false,false,11.225,false,1.600837e6,1.5623531826735882e6,false,0
41.971,use_lmSR3_cuts,0.02360488769177671,10,false,20.866,false,false,11.225,false,1.600837e6,1.5630494224021593e6,false,0
190.235,use_adaptive_ngroute,0.024806092125345347,0,false,27.016571428571428,false,false,11.225,false,1.600837e6,1.5611264899003385e6,false,1
51.811,use_lmSR3_cuts,0.024793092365715697,5,false,25.8185,false,false,11.25,false,1.600837e6,1.5611473003965449e6,false,0
174.617,use_adaptive_ngroute,0.022521910086251595,0,false,21.485875,false,false,11.25,false,1.600837e6,1.5647830930232552e6,false,3
120.675,use_lmSR3_cuts,0.022480401155098972,10,false,30.056749999999997,false,false,11.525,false,1.600837e6,1.5648495420560748e6,false,0
114.826,use_adaptive_ngroute,0.02050558534182978,0,false,28.501250000000002,false,false,11.525,false,1.600837e6,1.5680109002781413e6,false,6
61.901,use_lmSR3_cuts,0.020473188726671254,3,false,30.761499999999998,false,false,12.125,false,1.600837e6,1.5680627619783618e6,false,0
31.56,use_lmSR3_cuts,0.02000896633749949,1,false,31.361,false,false,12.125,false,1.600837e6,1.5688059063551764e6,false,0
35.039,use_lmSR3_cuts,0.019877312190198504,10,false,34.797,false,false,12.125,false,1.600837e6,1.5690166631853792e6,false,0
153.039,use_adaptive_ngroute,0.01718069914743492,0,false,50.81533333333333,false,false,12.125,false,1.600837e6,1.5733335011189177e6,false,5
128.213,use_lmSR3_cuts,0.017316919153114174,2,false,63.894,false,false,12.600000000000001,false,1.600837e6,1.5731154350936862e6,false,0
99.823,use_lmSR3_cuts,0.017310501789920996,1,false,49.785000000000004,false,false,12.600000000000001,false,1.600837e6,1.5731257082461282e6,false,0
120.254,use_lmSR3_cuts,0.017310501789921218,10,false,59.94649999999999,false,false,12.600000000000001,false,1.600837e6,1.573125708246128e6,false,0
110.322,use_adaptive_ngroute,0.014725854521671078,0,false,54.971500000000006,false,false,12.600000000000001,false,1.600837e6,1.5772633072250916e6,false,5
365.09,use_adaptive_ngroute,0.014524457311927863,0,false,91.13275000000002,false,false,13.275,false,1.600837e6,1.5775857113301454e6,false,1
245.398,use_adaptive_ngroute,0.014442275183037201,0,false,122.4775,false,false,13.375,false,1.600837e6,1.5777172715228123e6,false,2
402.922,use_lmSR3_cuts,0.014442022177302172,10,false,133.93366666666665,false,false,13.450000000000001,false,1.600837e6,1.577717676543754e6,false,0
556.249,none,0.013408414491620557,0,false,180.25300000000001,false,false,13.450000000000001,true,1.600837e6,1.5793723139704776e6,false,0
