CG_time_taken,method,CG_LP_IP_gap,implemented_SR3_cuts_count,errored,CG_sp_time_taken_mean,converged,CGIP_artificial,ngroute_neighborhood_size,time_limit_reached,CGIP_objective,CGLP_objective,CGLP_artificial,cycles_lookup_length
173.763,use_adaptive_ngroute,0.08691140285538357,0,false,6.327230769230769,false,false,8.924999999999999,false,1.674736e6,1.5291823448275863e6,false,12
77.022,use_adaptive_ngroute,0.0825483575418059,0,false,8.417333333333334,false,false,10.325,false,1.669388e6,1.5315827624999997e6,false,1
40.105,use_adaptive_ngroute,0.08242855413506944,0,false,9.925749999999999,false,false,10.475,false,1.669388e6,1.5317827608695647e6,false,4
28.987,use_adaptive_ngroute,0.0823509706684259,0,false,9.569999999999999,false,false,10.575000000000001,false,1.669388e6,1.5319122777777778e6,false,1
24.598,use_lmSR3_cuts,0.08230486519343183,5,false,12.169,false,false,10.825,false,1.669388e6,1.5319892457044672e6,false,0
57.249,use_adaptive_ngroute,0.07872770110837501,0,false,18.937333333333335,false,false,10.825,false,1.669388e6,1.537960920502092e6,false,1
60.655,use_lmSR3_cuts,0.07872717840103782,5,false,15.09375,false,false,10.875,false,1.669388e6,1.5379617931034483e6,false,0
123.422,use_adaptive_ngroute,0.07347192373857203,0,false,24.5346,false,false,10.875,false,1.669388e6,1.5467348521739128e6,false,1
46.205,use_lmSR3_cuts,0.07346349659037776,5,false,23.0125,false,false,10.9,false,1.669388e6,1.5467489203539824e6,false,0
162.66,use_adaptive_ngroute,0.07096499143436397,0,false,32.30199999999999,false,false,10.9,false,1.669388e6,1.55091989487937e6,false,4
66.818,use_lmSR3_cuts,0.0708380064914289,5,false,33.339000000000006,false,false,11.525,false,1.669388e6,1.5511318820192865e6,false,0
204.016,use_adaptive_ngroute,0.02656491266526706,0,false,50.861250000000005,false,false,11.525,false,1.5967e6,1.5542838039473682e6,false,4
162.391,use_adaptive_ngroute,0.026544630375621936,0,false,54.05,false,false,11.925,false,1.5967e6,1.5543161886792444e6,false,5
102.744,use_lmSR3_cuts,0.02650643933310437,5,false,51.265,false,false,12.125,false,1.5967e6,1.5543771683168323e6,false,0
309.134,use_lmSR3_cuts,0.025757124068390813,5,false,61.7428,false,false,12.125,false,1.5967e6,1.5555736000000003e6,false,0
432.758,use_lmSR3_cuts,0.023983700521125195,5,false,86.4512,false,false,12.125,false,1.5967e6,1.5584052253779194e6,false,0
498.996,use_adaptive_ngroute,0.02267548075222381,0,false,99.6136,false,false,12.125,false,1.5967e6,1.5604940598829242e6,false,4
193.767,use_lmSR3_cuts,0.022669308705918656,5,false,96.77350000000001,false,false,12.35,false,1.5967e6,1.5605039147892597e6,false,0
430.413,use_lmSR3_cuts,0.022350731169181626,5,false,107.39275,false,false,12.35,false,1.5967e6,1.5610125875421676e6,false,0
275.084,use_lmSR3_cuts,0.022076698499036485,5,false,137.324,false,false,12.35,false,1.5967e6,1.5614501355065885e6,false,0
54.943,none,0.021509923029692235,0,false,NaN,false,false,12.35,true,1.5967e6,1.5623551058984904e6,false,0
