CG_time_taken,method,CG_LP_IP_gap,implemented_SR3_cuts_count,errored,CG_sp_time_taken_mean,converged,CGIP_artificial,ngroute_neighborhood_size,time_limit_reached,CGIP_objective,CGLP_objective,CGLP_artificial,cycles_lookup_length
189.333,use_adaptive_ngroute,0.12602665489757237,0,false,7.217320000000002,false,false,8.924999999999999,false,1.886801e6,1.6490137815126055e6,false,11
135.911,use_adaptive_ngroute,0.12401204008112843,0,false,16.89275,false,false,10.125,false,1.886801e6,1.6528149587628867e6,false,9
119.884,use_adaptive_ngroute,0.12269577807532028,0,false,17.062285714285718,false,false,10.725,false,1.886801e6,1.6552984832317077e6,false,5
51.618,use_adaptive_ngroute,0.12205461478490287,0,false,17.138333333333335,false,false,10.924999999999999,false,1.886801e6,1.6565082307692305e6,false,5
68.401,use_adaptive_ngroute,0.12166048904599547,0,false,17.04425,false,false,11.225,false,1.886801e6,1.6572518676075267e6,false,4
37.86,use_lmSR3_cuts,0.12154826479891545,5,false,18.896,false,false,11.4,false,1.886801e6,1.6574636124291415e6,false,0
270.368,use_adaptive_ngroute,0.11457357950187153,0,false,44.92099999999999,false,false,11.4,false,1.886801e6,1.6706234556222893e6,false,6
222.024,use_lmSR3_cuts,0.11447241968067956,5,false,73.91133333333333,false,false,11.775,false,1.886801e6,1.6708143240740742e6,false,0
553.803,use_adaptive_ngroute,0.05950269671903852,0,false,78.98414285714284,false,false,11.775,false,1.780366e6,1.6744294218531123e6,false,5
367.391,use_lmSR3_cuts,0.05942250105880431,5,false,122.36466666666665,false,false,12.125,false,1.780366e6,1.6745721994799408e6,false,0
694.349,use_adaptive_ngroute,0.05779802979449322,0,false,138.73080000000002,false,false,12.125,false,1.780366e6,1.6774643528868973e6,false,2
140.69,use_lmSR3_cuts,0.05777624803509751,5,false,140.597,false,false,12.4,false,1.780366e6,1.6775031323907457e6,false,0
698.86,none,0.05666313513449606,0,false,189.42933333333335,false,false,12.4,true,1.780366e6,1.6794848807531379e6,false,0
