CG_time_taken,method,CG_LP_IP_gap,implemented_SR3_cuts_count,errored,CG_sp_time_taken_mean,converged,CGIP_artificial,ngroute_neighborhood_size,time_limit_reached,CGIP_objective,CGLP_objective,CGLP_artificial,cycles_lookup_length
144.299,use_adaptive_ngroute,0.14027445217713364,0,false,4.853392857142856,false,false,8.924999999999999,false,1.91807e6,1.6490137815126053e6,false,12
50.841,use_adaptive_ngroute,0.13921266442921731,0,false,8.35,false,false,10.225,false,1.91807e6,1.651050364738251e6,false,6
35.834,use_adaptive_ngroute,0.13670781496984885,0,false,8.8865,false,false,10.700000000000001,false,1.91807e6,1.6558548413407821e6,false,7
80.565,use_adaptive_ngroute,0.13674467414789737,0,false,13.363666666666665,false,false,11.2,false,1.91807e6,1.6557841428571425e6,false,7
37.062,use_adaptive_ngroute,0.13593827225606658,0,false,12.288333333333334,false,false,11.450000000000001,false,1.91807e6,1.6573308781338064e6,false,1
27.622,use_lmSR3_cuts,0.13586907024814454,20,false,13.746500000000001,false,false,11.525,false,1.91807e6,1.6574636124291413e6,false,0
153.558,use_adaptive_ngroute,0.12396010744803232,0,false,18.981625,false,false,11.525,false,1.91807e6,1.6803058367071527e6,false,6
59.092,use_adaptive_ngroute,0.12387096629073069,0,false,19.627666666666666,false,false,11.85,false,1.91807e6,1.6804768156867381e6,false,5
50.471,use_lmSR3_cuts,0.12386729166939436,4,false,25.156,false,false,12.1,false,1.91807e6,1.6804838638676847e6,false,0
44.258,use_lmSR3_cuts,0.12296766066952036,1,false,22.0395,false,false,12.1,false,1.91807e6,1.682209419099613e6,false,0
41.788,use_lmSR3_cuts,0.12296766066952058,10,false,20.81,false,false,12.1,false,1.91807e6,1.6822094190996126e6,false,0
148.172,use_adaptive_ngroute,0.11945975127732833,0,false,24.5935,false,false,12.1,false,1.91807e6,1.6889378348674949e6,false,4
81.617,use_adaptive_ngroute,0.11931508756157583,0,false,27.13033333333333,false,false,12.275,false,1.91807e6,1.6892153100007682e6,false,4
87.193,use_lmSR3_cuts,0.11931468106489473,4,false,43.410999999999994,false,false,12.475,false,1.91807e6,1.6892160896898573e6,false,0
106.707,use_adaptive_ngroute,0.11890380495463748,0,false,35.47566666666666,false,false,12.475,false,1.91807e6,1.6900041788306586e6,false,1
36.467,use_adaptive_ngroute,0.11885737079187808,0,false,36.358000000000004,false,false,12.524999999999999,false,1.91807e6,1.6900932428052225e6,false,1
71.064,use_lmSR3_cuts,0.1188760132938067,10,false,35.4695,false,false,12.600000000000001,false,1.91807e6,1.6900574851815482e6,false,0
38.184,use_adaptive_ngroute,0.11807746084317094,0,false,38.074,false,false,12.600000000000001,false,1.91807e6,1.6915891646805392e6,false,1
108.433,use_lmSR3_cuts,0.11806205034928818,3,false,54.099000000000004,false,false,12.7,false,1.91807e6,1.6916187230865408e6,false,0
227.113,use_lmSR3_cuts,0.11803619253966835,10,false,56.67,false,false,12.7,false,1.91807e6,1.6916683201754384e6,false,0
156.549,use_adaptive_ngroute,0.11445182832792578,0,false,78.109,false,false,12.7,false,1.91807e6,1.6985433816390554e6,false,1
59.469,use_lmSR3_cuts,0.11443379934671682,1,false,59.321,false,false,12.75,false,1.91807e6,1.6985779624870429e6,false,0
198.351,use_adaptive_ngroute,0.11435598892743337,0,false,65.98966666666666,false,false,12.75,false,1.91807e6,1.6987272083179578e6,false,1
173.51,use_lmSR3_cuts,0.11440558731057193,10,false,86.6505,false,false,12.775,false,1.91807e6,1.6986320751472113e6,false,0
323.835,use_adaptive_ngroute,0.1125865072760115,0,false,107.831,false,false,12.775,false,1.91807e6,1.7021211979891006e6,false,2
252.931,use_lmSR3_cuts,0.11245900583793489,1,false,126.3405,false,false,13.049999999999999,false,1.91807e6,1.7023657546724323e6,false,0
339.127,use_adaptive_ngroute,0.11245105836632119,0,false,112.862,false,false,13.049999999999999,false,1.91807e6,1.7023809984793104e6,false,1
128.721,use_lmSR3_cuts,0.11245095623225154,10,false,128.55999999999997,false,false,13.075,false,1.91807e6,1.7023811943796054e6,false,0
111.089,none,0.11039767276827395,0,false,NaN,false,false,13.075,true,1.91807e6,1.7063195357933568e6,false,0
