CG_time_taken,method,CG_LP_IP_gap,implemented_SR3_cuts_count,errored,CG_sp_time_taken_mean,converged,CGIP_artificial,ngroute_neighborhood_size,time_limit_reached,CGIP_objective,CGLP_objective,CGLP_artificial,cycles_lookup_length
163.258,use_adaptive_ngroute,0.14673838206391798,0,false,5.627777777777777,false,false,8.924999999999999,false,1.677557e6,1.431395e6,false,4
38.096,use_adaptive_ngroute,0.1423472466211283,0,false,5.3431428571428565,false,false,9.25,false,1.677557e6,1.43876138e6,false,3
25.235,use_lmSR3_cuts,0.1423472466211283,5,false,6.18075,false,false,9.7,false,1.677557e6,1.43876138e6,false,0
121.924,use_adaptive_ngroute,0.12748459019077563,0,false,15.04,false,false,9.7,false,1.677557e6,1.463694333333333e6,false,4
78.517,use_adaptive_ngroute,0.12716895262972672,0,false,15.600200000000001,false,false,9.95,false,1.677557e6,1.4642238333333335e6,false,2
45.467,use_adaptive_ngroute,0.12700979287970982,0,false,15.067,false,false,10.0,false,1.677557e6,1.4644908328860926e6,false,2
14.181,use_adaptive_ngroute,0.12690933566620466,0,false,14.097,false,false,10.049999999999999,false,1.677557e6,1.4646593555878086e6,false,1
31.966,use_lmSR3_cuts,0.12689991701386105,5,false,15.9215,false,false,10.075,false,1.677557e6,1.4646751559139783e6,false,0
178.054,use_adaptive_ngroute,0.0662760544927935,0,false,17.6545,false,false,10.075,false,1.576281e6,1.471811314548045e6,false,2
47.928,use_lmSR3_cuts,0.06622121296641825,5,false,15.892333333333333,false,false,10.149999999999999,false,1.576281e6,1.4718977602040812e6,false,0
73.78,use_adaptive_ngroute,0.05009755313941777,0,false,18.343999999999998,false,false,10.149999999999999,false,1.55085e6,1.473156209713734e6,false,2
59.202,use_lmSR3_cuts,0.050096591386806,5,false,19.671000000000003,false,false,10.3,false,1.55085e6,1.473157701247772e6,false,0
97.513,use_adaptive_ngroute,0.04827600741935334,0,false,24.22025,false,false,10.3,false,1.55085e6,1.475981153893696e6,false,3
104.495,use_adaptive_ngroute,0.04811344480989399,0,false,26.038500000000003,false,false,10.5,false,1.55085e6,1.476233264116576e6,false,1
49.442,use_lmSR3_cuts,0.0481134288100018,5,false,24.521,false,false,10.524999999999999,false,1.5508499739323636e6,1.4762332641165757e6,false,0
165.003,use_lmSR3_cuts,0.046613012427107914,5,false,27.372333333333337,false,false,10.524999999999999,false,1.55085e6,1.4785602096774196e6,false,0
196.835,use_adaptive_ngroute,0.04489360673179177,0,false,27.91357142857143,false,false,10.524999999999999,false,1.55085e6,1.4812267500000007e6,false,1
125.284,use_lmSR3_cuts,0.044634843801075186,5,false,31.144000000000002,false,false,10.549999999999999,false,1.55085e6,1.4816280524911026e6,false,0
137.164,use_lmSR3_cuts,0.04339663415335249,5,false,34.10025,false,false,10.549999999999999,false,1.55085e6,1.4835483299232733e6,false,0
226.682,use_lmSR3_cuts,0.04213942940105697,5,false,32.22928571428572,false,false,10.549999999999999,false,1.55085e6,1.4854980659133708e6,false,0
60.552,use_lmSR3_cuts,0.041933545053827403,5,false,30.125999999999998,false,false,10.549999999999999,false,1.55085e6,1.4858173616532718e6,false,0
113.668,use_lmSR3_cuts,0.04168534357945741,5,false,37.671666666666674,false,false,10.549999999999999,false,1.55085e6,1.4862022849097985e6,false,0
151.968,use_lmSR3_cuts,0.040994141760319236,5,false,50.483,false,false,10.549999999999999,false,1.55085e6,1.487274235251009e6,false,0
229.705,use_lmSR3_cuts,0.04037982511472438,5,false,57.285000000000004,false,false,10.549999999999999,false,1.55085e6,1.4882269482208297e6,false,0
112.467,use_adaptive_ngroute,0.04007789251495564,0,false,56.074,false,false,10.549999999999999,false,1.55085e6,1.488695200393181e6,false,5
147.32,use_lmSR3_cuts,0.04007749001702987,5,false,73.539,false,false,11.15,false,1.55085e6,1.4886958246070892e6,false,0
283.953,use_lmSR3_cuts,0.03973929163685419,5,false,70.82675,false,false,11.15,false,1.55085e6,1.4892203195649846e6,false,0
177.308,use_lmSR3_cuts,0.03937761698788078,5,false,58.939,false,false,11.15,false,1.55085e6,1.489781222694345e6,false,0
222.931,use_lmSR3_cuts,0.03903720640371122,5,false,74.094,false,false,11.15,false,1.55085e6,1.4903091484488044e6,false,0
64.632,none,0.03867709814667919,0,false,NaN,false,false,11.15,true,1.55085e6,1.4908676223392226e6,false,0
