CG_time_taken,method,CG_LP_IP_gap,implemented_SR3_cuts_count,errored,CG_sp_time_taken_mean,converged,CGIP_artificial,ngroute_neighborhood_size,time_limit_reached,CGIP_objective,CGLP_objective,CGLP_artificial,cycles_lookup_length
372.943,use_adaptive_ngroute,0.050915202832884754,0,false,12.011499999999998,false,false,8.924999999999999,false,1.684991e6,1.5991993414634147e6,false,28
514.002,use_lmSR3_cuts,0.04570276636492421,5,false,39.36053846153847,false,false,12.149999999999999,false,1.684991e6,1.60798225e6,false,0
410.703,use_adaptive_ngroute,0.0434238030893368,0,false,82.0386,false,false,12.149999999999999,false,1.684991e6,1.6118222826086953e6,false,5
313.269,use_lmSR3_cuts,0.04294649400640882,5,false,78.1955,false,false,12.475,false,1.684991e6,1.6126265441176472e6,false,0
534.207,use_adaptive_ngroute,0.03955593224563703,0,false,133.47775,false,false,12.475,false,1.684991e6,1.6183396101694917e6,false,3
603.828,use_adaptive_ngroute,0.0385885794588271,0,false,120.65799999999999,false,false,12.600000000000001,false,1.684991e6,1.6199695909090915e6,false,7
479.99,use_adaptive_ngroute,0.03817544644923487,0,false,159.87866666666667,false,false,13.024999999999999,false,1.684991e6,1.6206657163120573e6,false,1
333.621,use_lmSR3_cuts,0.038153830814800616,5,false,166.69700000000003,false,false,13.049999999999999,false,1.684991e6,1.6207021384615384e6,false,0
22.684,none,0.03735746956511932,0,false,NaN,false,false,13.049999999999999,true,1.684991e6,1.622044e6,false,0
