CG_time_taken,method,CG_LP_IP_gap,implemented_SR3_cuts_count,errored,CG_sp_time_taken_mean,converged,CGIP_artificial,ngroute_neighborhood_size,time_limit_reached,CGIP_objective,CGLP_objective,CGLP_artificial,cycles_lookup_length
113.767,use_adaptive_ngroute,0.11628372842150114,0,false,3.6851034482758616,false,false,8.924999999999999,false,1.921388e6,1.6979618396156689e6,false,11
26.533,use_adaptive_ngroute,0.11055963996973772,0,false,6.55475,false,false,10.0,false,1.921388e6,1.7089600344778255e6,false,11
43.006,use_adaptive_ngroute,0.10872862977663145,0,false,8.509599999999999,false,false,10.700000000000001,false,1.921388e6,1.7124781154907376e6,false,3
15.926,use_adaptive_ngroute,0.10865628447960463,0,false,7.899,false,false,10.825,false,1.921388e6,1.7126171188763015e6,false,1
7.654,use_lmSR3_cuts,0.1086562844796044,17,false,7.586,false,false,10.875,false,1.921388e6,1.712617118876302e6,false,0
95.194,use_adaptive_ngroute,0.08933831332664377,0,false,9.2106,false,false,10.875,false,1.9047e6,1.7345373146067415e6,false,5
94.042,use_adaptive_ngroute,0.08863964519524858,0,false,7.743166666666666,false,false,11.025,false,1.9047e6,1.73586806779661e6,false,4
82.935,use_adaptive_ngroute,0.09151867581699302,0,false,10.25775,false,false,11.25,false,1.9047e6,1.7303843781713734e6,false,3
31.313,use_lmSR3_cuts,0.09140466209536835,6,false,10.351666666666667,false,false,11.375,false,1.9047e6,1.730601540106952e6,false,0
81.775,use_adaptive_ngroute,0.08728557793236147,0,false,13.449666666666667,false,false,11.375,false,1.9047e6,1.738447159712231e6,false,2
66.804,use_adaptive_ngroute,0.08678458380542509,0,false,22.151000000000003,false,false,11.475,false,1.9047e6,1.7394014032258068e6,false,3
90.387,use_lmSR3_cuts,0.08678993526577827,9,false,22.5205,false,false,11.575,false,1.9047e6,1.739391210299272e6,false,0
137.735,use_lmSR3_cuts,0.045548050431390985,8,false,22.832833333333333,false,false,11.575,false,1.823633e6,1.740570072147651e6,false,0
149.255,use_adaptive_ngroute,0.043857424248106014,0,false,29.675200000000004,false,false,11.575,false,1.823633e6,1.7436531538461538e6,false,1
162.457,use_lmSR3_cuts,0.04369749095370401,3,false,32.3396,false,false,11.65,false,1.823633e6,1.743944813479624e6,false,0
232.101,use_adaptive_ngroute,0.041853009575810396,0,false,38.549166666666665,false,false,11.65,false,1.823633e6,1.747308470588236e6,false,3
82.757,use_adaptive_ngroute,0.04182005592273963,0,false,41.274499999999996,false,false,11.775,false,1.823633e6,1.7473685659574466e6,false,3
139.775,use_lmSR3_cuts,0.0418050604842688,10,false,46.50066666666667,false,false,11.85,false,1.823633e6,1.7473959121338914e6,false,0
215.22,use_adaptive_ngroute,0.038306565290445516,0,false,35.6525,false,false,11.85,false,1.823633e6,1.753775883419689e6,false,1
163.441,use_adaptive_ngroute,0.03811834926207858,0,false,40.757,false,false,11.875,false,1.823633e6,1.7541191203801478e6,false,2
101.322,use_adaptive_ngroute,0.038041710543650686,0,false,50.550999999999995,false,false,11.925,false,1.823633e6,1.7542588812761507e6,false,1
133.737,use_lmSR3_cuts,0.0397047815065501,10,false,66.6955,false,false,11.95,false,1.823633e6,1.7512260501868655e6,false,0
153.974,use_adaptive_ngroute,0.03688067485111557,0,false,51.18166666666667,false,false,11.95,false,1.823633e6,1.7563761842792355e6,false,2
212.442,use_lmSR3_cuts,0.03687727831469767,2,false,52.91674999999999,false,false,12.125,false,1.823633e6,1.756382378315133e6,false,0
78.564,use_lmSR3_cuts,0.03686503786254813,10,false,39.108000000000004,false,false,12.125,false,1.823633e6,1.7564047004076077e6,false,0
196.252,use_adaptive_ngroute,0.03185302065665119,0,false,65.23466666666667,false,false,12.125,false,1.814876e6,1.7570667172827395e6,false,5
83.017,use_lmSR3_cuts,0.031578530723295306,1,false,82.841,false,false,12.35,false,1.814876e6,1.7575648824750287e6,false,0
106.423,use_lmSR3_cuts,0.03155931799933964,10,false,106.259,false,false,12.35,false,1.814876e6,1.7575997511866305e6,false,0
381.195,none,0.030600097825155936,0,false,115.95033333333333,false,false,12.35,true,1.814876e6,1.7593406168594724e6,false,0
