CG_time_taken,method,CG_LP_IP_gap,implemented_SR3_cuts_count,errored,CG_sp_time_taken_mean,converged,CGIP_artificial,ngroute_neighborhood_size,time_limit_reached,CGIP_objective,CGLP_objective,CGLP_artificial,cycles_lookup_length
301.501,use_adaptive_ngroute,0.1821279024214758,0,false,8.851515151515152,false,false,8.924999999999999,false,1.857863e6,1.5194943088235296e6,false,10
79.171,use_adaptive_ngroute,0.13216432483395613,0,false,13.0725,false,false,9.575,false,1.756692e6,1.524519987878788e6,false,11
100.509,use_lmSR3_cuts,0.13169862542024846,5,false,25.060499999999994,false,false,10.775,false,1.756692e6,1.525338078313253e6,false,0
318.555,use_adaptive_ngroute,0.02049511934867765,0,false,28.830818181818184,false,false,10.775,false,1.569428e6,1.5372623858308436e6,false,7
122.836,use_adaptive_ngroute,0.0187836077857666,0,false,40.882999999999996,false,false,11.674999999999999,false,1.569428e6,1.53994848e6,false,2
142.529,use_adaptive_ngroute,0.01831665648347347,0,false,35.57875,false,false,11.975,false,1.569428e6,1.5406813264484552e6,false,1
80.341,use_lmSR3_cuts,0.01831567922069821,5,false,40.1275,false,false,12.049999999999999,false,1.569428e6,1.540682860192018e6,false,0
317.558,use_adaptive_ngroute,0.015417909557765008,0,false,45.29399999999999,false,false,12.049999999999999,false,1.569428e6,1.545230701038576e6,false,4
94.549,use_lmSR3_cuts,0.01535249128405336,5,false,47.23550000000001,false,false,12.149999999999999,false,1.569428e6,1.5453333703090507e6,false,0
165.467,use_adaptive_ngroute,0.013952904933120625,0,false,55.056333333333335,false,false,12.149999999999999,false,1.569428e6,1.5475299203166224e6,false,1
63.716,use_lmSR3_cuts,0.01390133154410722,5,false,31.800500000000003,false,false,12.175,false,1.569428e6,1.547610861037395e6,false,0
614.901,use_adaptive_ngroute,0.011402447671519211,0,false,68.23011111111111,false,false,12.175,false,1.569428e6,1.551532679355783e6,false,6
337.105,use_adaptive_ngroute,0.011372257899513238,0,false,84.1665,false,false,12.675,false,1.569428e6,1.5515800600292827e6,false,6
352.956,use_adaptive_ngroute,0.011122603331623737,0,false,176.408,false,false,12.825,false,1.569428e6,1.5519718748984565e6,false,6
485.587,use_lmSR3_cuts,0.011065935260131443,5,false,242.74049999999997,false,false,12.975,false,1.569428e6,1.5520608113565624e6,false,0
1.299,none,0.008046211740838194,0,false,NaN,false,false,12.975,true,1.569428e6,1.5568000499999998e6,false,0
