CG_time_taken,method,CG_LP_IP_gap,implemented_SR3_cuts_count,errored,CG_sp_time_taken_mean,converged,CGIP_artificial,ngroute_neighborhood_size,time_limit_reached,CGIP_objective,CGLP_objective,CGLP_artificial,cycles_lookup_length
2.429,use_adaptive_ngroute,0.30926134003939065,0,false,0.12266666666666667,false,false,5.0,false,1.526315e6,1.0542847777777775e6,false,16
0.941,use_adaptive_ngroute,0.12890482713332208,0,false,0.11557142857142855,false,false,7.0,false,1.364433e6,1.188551e6,false,7
0.712,use_adaptive_ngroute,0.1100758608054051,0,false,0.1685,false,false,7.5,false,1.364433e6,1.2142418630136987e6,false,4
0.573,use_adaptive_ngroute,0.10848916729513336,0,false,0.185,false,false,7.7,false,1.364433e6,1.2164067999999993e6,false,2
0.183,use_SR3_cuts,0.10840143854626794,5,false,0.177,false,false,7.799999999999999,false,1.364433e6,1.2165265e6,false,0
1.867,use_SR3_cuts,0.046382075280512525,5,false,0.2996666666666667,false,false,7.799999999999999,false,1.288651e6,1.2288806923076923e6,false,0
2.241,use_adaptive_ngroute,0.01977887635636777,0,false,0.54075,false,false,7.799999999999999,false,1.274728e6,1.2495153125e6,false,2
1.787,use_adaptive_ngroute,0.014949071488192023,0,false,0.5803333333333334,false,false,7.8999999999999995,false,1.274728e6,1.255672e6,false,2
1.065,use_SR3_cuts,0.013638315669807999,5,false,0.5255,false,false,8.149999999999999,false,1.274728e6,1.257342857142857e6,false,0
3.934,use_SR3_cuts,0.01088498879761024,5,false,0.7674,false,false,8.149999999999999,false,1.274728e6,1.2608525999999999e6,false,0
2.288,use_SR3_cuts,0.008121732636295786,1,false,1.1315,false,false,8.149999999999999,false,1.274728e6,1.264375e6,false,0
1.152,use_SR3_cuts,0.007708856254239449,5,false,1.1429999999999998,false,false,8.149999999999999,false,1.274728e6,1.2649013050847459e6,false,0
2.064,use_SR3_cuts,0.006778504904575766,5,false,1.022,false,false,8.149999999999999,false,1.274728e6,1.26608725e6,false,0
3.228,use_SR3_cuts,0.006357916246748863,5,false,1.6015,false,false,8.149999999999999,false,1.274728e6,1.2666233861386143e6,false,0
3.707,use_SR3_cuts,0.0059260304340039704,5,false,1.8344999999999998,false,false,8.149999999999999,false,1.274728e6,1.267173923076923e6,false,0
4.563,use_SR3_cuts,0.005476876461313673,5,false,2.2715,false,false,8.149999999999999,false,1.274728e6,1.2677464722222225e6,false,0
4.525,use_adaptive_ngroute,0.00535165127105397,0,false,2.25,false,false,8.149999999999999,false,1.274728e6,1.267906100278552e6,false,1
5.078,use_SR3_cuts,0.005342851038168228,3,false,2.528,false,false,8.25,false,1.274728e6,1.267917318181818e6,false,0
2.336,use_SR3_cuts,0.0053303369265678135,5,false,2.32,false,false,8.25,false,1.274728e6,1.26793327027027e6,false,0
5.393,none,0.005295675198587757,0,false,2.6815,false,false,8.25,false,1.274728e6,1.2679774545454546e6,false,0
