CG_time_taken,method,CG_LP_IP_gap,implemented_SR3_cuts_count,errored,CG_sp_time_taken_mean,converged,CGIP_artificial,ngroute_neighborhood_size,time_limit_reached,CGIP_objective,CGLP_objective,CGLP_artificial,cycles_lookup_length
3.469,use_adaptive_ngroute,0.4152525324598634,0,false,0.10680952380952383,false,false,6.0,false,2.208199e6,1.291238773074662e6,false,19
5.415,use_adaptive_ngroute,0.11970424283407244,0,false,0.5009,false,false,7.571428571428571,false,1.573453e6,1.3851040000000002e6,false,4
3.933,use_adaptive_ngroute,0.06387520046611306,0,false,0.5500000000000002,false,false,7.821428571428572,false,1.492771e6,1.397419953125e6,false,6
2.753,use_adaptive_ngroute,0.06115174512643795,0,false,0.669,false,false,8.142857142857142,false,1.492771e6,1.401485448275862e6,false,1
2.686,use_lmSR3_cuts,0.05976743757815195,11,false,0.6622500000000001,false,false,8.178571428571429,false,1.492771e6,1.4035519024390245e6,false,0
5.088,use_lmSR3_cuts,0.04414592057321587,1,false,0.8184999999999999,false,false,8.178571428571429,false,1.492771e6,1.42687125e6,false,0
2.926,use_adaptive_ngroute,0.04233128712188228,0,false,0.7214999999999999,false,false,8.178571428571429,false,1.492771e6,1.4295800821917807e6,false,2
1.499,use_adaptive_ngroute,0.0421554174186024,0,false,0.7395,false,false,8.607142857142858,false,1.492771e6,1.4298426153846155e6,false,1
2.447,use_lmSR3_cuts,0.042284552584525015,1,false,0.7956666666666667,false,false,8.678571428571429,false,1.492771e6,1.429649846153846e6,false,0
1.751,use_lmSR3_cuts,0.041900305522822756,2,false,0.8569999999999999,false,false,8.678571428571429,false,1.492771e6,1.4302234390243904e6,false,0
1.683,use_lmSR3_cuts,0.04155979048360414,10,false,0.83,false,false,8.678571428571429,false,1.492771e6,1.4307317499999998e6,false,0
2.928,use_adaptive_ngroute,0.03934378568118102,0,false,0.8926666666666666,false,false,8.678571428571429,false,1.492771e6,1.4340397377049178e6,false,1
0.859,use_lmSR3_cuts,0.038984881137160476,1,false,0.845,false,false,8.714285714285715,false,1.492771e6,1.4345754999999998e6,false,0
1.747,use_adaptive_ngroute,0.038802156079756234,0,false,0.847,false,false,8.714285714285715,false,1.492771e6,1.4348482666666661e6,false,4
1.936,use_lmSR3_cuts,0.038765574224043586,1,false,0.9535,false,false,9.071428571428571,false,1.492771e6,1.4349028750000002e6,false,0
1.007,use_lmSR3_cuts,0.038753460287389796,10,false,0.953,false,false,9.071428571428571,false,1.492771e6,1.4349209583333328e6,false,0
4.6,use_adaptive_ngroute,0.03688321281441742,0,false,1.1330000000000002,false,false,9.071428571428571,false,1.492771e6,1.4377128095238092e6,false,6
2.239,use_lmSR3_cuts,0.036845633404759326,2,false,1.1064999999999998,false,false,9.428571428571429,false,1.492771e6,1.437768906976744e6,false,0
3.656,use_adaptive_ngroute,0.036454640279427575,0,false,1.8145,false,false,9.428571428571429,false,1.492771e6,1.4383525701754387e6,false,1
1.657,use_lmSR3_cuts,0.03640538300918217,10,false,1.642,false,false,9.464285714285714,false,1.492771e6,1.4384261e6,false,0
5.686,use_adaptive_ngroute,0.03647876629733837,0,false,1.3945000000000003,false,false,9.464285714285714,false,1.492771e6,1.438316555555556e6,false,2
7.072,use_adaptive_ngroute,0.03470054779237486,0,false,2.3350000000000004,false,false,9.535714285714285,false,1.492771e6,1.4409710285714287e6,false,2
1.708,use_lmSR3_cuts,0.03463067511746487,1,false,1.6869999999999998,false,false,9.607142857142858,false,1.492771e6,1.4410753324742268e6,false,0
7.46,use_lmSR3_cuts,0.034575176419232245,1,false,1.841,false,false,9.607142857142858,false,1.492771e6,1.4411581793214863e6,false,0
2.014,use_lmSR3_cuts,0.034493774953219924,10,false,1.992,false,false,9.607142857142858,false,1.492771e6,1.441279693069307e6,false,0
4.035,use_adaptive_ngroute,0.032590384715938114,0,false,1.9869999999999999,false,false,9.607142857142858,false,1.492771e6,1.4441210188172043e6,false,1
2.627,use_lmSR3_cuts,0.032489073117617506,1,false,2.6069999999999998,false,false,9.678571428571429,false,1.492771e6,1.444272253833141e6,false,0
6.981,use_adaptive_ngroute,0.032125832471964655,0,false,2.2813333333333334,false,false,9.678571428571429,false,1.492771e6,1.4448144889349928e6,false,1
5.433,use_lmSR3_cuts,0.031970528793913267,10,false,2.6999999999999997,false,false,9.714285714285715,false,1.492771e6,1.4450463217617813e6,false,0
9.971,use_lmSR3_cuts,0.014649317182060417,4,false,2.4425,false,false,9.714285714285715,false,1.471624e6,1.4500657132512676e6,false,0
3.154,use_lmSR3_cuts,0.014456368049534651,1,false,3.1069999999999998,false,false,9.714285714285715,false,1.471624e6,1.4503496618254716e6,false,0
3.144,use_lmSR3_cuts,0.01444183083141426,10,false,3.0719999999999996,false,false,9.714285714285715,false,1.471624e6,1.4503710551445507e6,false,0
9.905,use_adaptive_ngroute,0.0119053939676258,0,false,2.4387499999999998,false,false,9.714285714285715,false,1.471624e6,1.4541037365077867e6,false,1
4.969,use_lmSR3_cuts,0.011887699170209487,1,false,2.467,false,false,9.785714285714285,false,1.471624e6,1.4541297765963397e6,false,0
5.846,use_lmSR3_cuts,0.011871531594271567,10,false,2.8874999999999997,false,false,9.785714285714285,false,1.471624e6,1.4541535691891117e6,false,0
5.711,use_adaptive_ngroute,0.012778847042861474,0,false,2.801,false,false,9.785714285714285,false,1.471624e6,1.452818341999396e6,false,1
5.43,use_lmSR3_cuts,0.012709790137034105,10,false,2.675,false,false,9.821428571428571,false,1.471624e6,1.4529199677993774e6,false,0
16.437,use_lmSR3_cuts,0.011190613752926515,1,false,4.03375,false,false,9.821428571428571,false,1.471624e6,1.4551556242264633e6,false,0
6.802,use_adaptive_ngroute,0.010748174092177432,0,false,3.3575000000000004,false,false,9.821428571428571,false,1.471624e6,1.4558067290497734e6,false,1
7.627,use_lmSR3_cuts,0.01065332715067202,1,false,3.772,false,false,9.857142857142858,false,1.471624e6,1.4559463080852195e6,false,0
3.845,use_lmSR3_cuts,0.010647378503472749,10,false,3.78,false,false,9.857142857142858,false,1.471624e6,1.4559550622572054e6,false,0
22.549,use_adaptive_ngroute,0.010531803020715325,0,false,5.5915,false,false,9.857142857142858,false,1.471624e6,1.4561251459114428e6,false,1
15.284,use_lmSR3_cuts,0.010320536203875408,2,false,5.050333333333334,false,false,9.928571428571427,false,1.471624e6,1.4564360512295081e6,false,0
5.552,use_lmSR3_cuts,0.010320535209661252,10,false,5.434,false,false,9.928571428571427,false,1.471624e6,1.4564360526926175e6,false,0
32.046,use_adaptive_ngroute,0.009616261501488532,0,false,7.9425,false,false,9.928571428571427,false,1.471624e6,1.4574724787841334e6,false,3
45.585,use_adaptive_ngroute,0.011301067377796459,0,false,6.462142857142856,false,false,10.071428571428573,false,1.471624e6,1.4549930780212176e6,false,1
6.789,use_adaptive_ngroute,0.011215888289922149,0,false,6.748,false,false,10.107142857142858,false,1.471624e6,1.4551184296112317e6,false,1
7.494,use_lmSR3_cuts,0.01121523818690584,1,false,7.444999999999999,false,false,10.178571428571429,false,1.471624e6,1.4551193863184329e6,false,0
7.485,use_lmSR3_cuts,0.011212474565112207,10,false,7.407,false,false,10.178571428571429,false,1.471624e6,1.4551234533305913e6,false,0
15.473,use_lmSR3_cuts,0.009939786107840631,10,false,7.6745,false,false,10.178571428571429,false,1.471624e6,1.456996372208835e6,false,0
33.077,use_lmSR3_cuts,0.009398639695027966,1,false,8.2155,false,false,10.178571428571429,false,1.471624e6,1.4577927362574441e6,false,0
25.648,use_lmSR3_cuts,0.009483371813873376,1,false,8.477666666666668,false,false,10.178571428571429,false,1.471624e6,1.4576680424377804e6,false,0
18.481,use_adaptive_ngroute,0.009491236868990227,0,false,9.193999999999999,false,false,10.178571428571429,false,1.471624e6,1.457656468033909e6,false,1
9.558,use_lmSR3_cuts,0.009482356038170603,10,false,9.498,false,false,10.214285714285715,false,1.471624e6,1.4576695372776832e6,false,0
42.921,use_lmSR3_cuts,0.009086175463676516,10,false,10.679499999999999,false,false,10.214285714285715,false,1.471624e6,1.4582525661194425e6,false,0
56.503,use_lmSR3_cuts,0.0089756024932508,1,false,11.2472,false,false,10.214285714285715,false,1.471624e6,1.4584152879564723e6,false,0
11.003,use_lmSR3_cuts,0.00895927984081446,10,false,10.907,false,false,10.214285714285715,false,1.471624e6,1.4584393087635413e6,false,0
9.401,use_lmSR3_cuts,0.008634826598875156,10,false,9.283999999999999,false,false,10.214285714285715,false,1.471624e6,1.458916781941257e6,false,0
19.32,use_lmSR3_cuts,0.008522834887748632,10,false,9.6045,false,false,10.214285714285715,false,1.471624e6,1.4590815916311517e6,false,0
21.861,use_lmSR3_cuts,0.008350176425073963,10,false,10.853499999999999,false,false,10.214285714285715,false,1.471624e6,1.459335679968627e6,false,0
44.004,use_lmSR3_cuts,0.008236090620235781,10,false,14.608333333333334,false,false,10.214285714285715,false,1.471624e6,1.4595035713770862e6,false,0
47.587,use_lmSR3_cuts,0.008153231888202606,10,false,15.795333333333332,false,false,10.214285714285715,false,1.471624e6,1.4596255082757557e6,false,0
32.367,use_lmSR3_cuts,0.008144928028379517,10,false,16.102500000000003,false,false,10.214285714285715,false,1.471624e6,1.459637728435164e6,false,0
15.354,use_lmSR3_cuts,0.008125287084057686,1,false,15.249,false,false,10.214285714285715,false,1.471624e6,1.4596666325202107e6,false,0
91.65,use_lmSR3_cuts,0.008152417483215268,1,false,18.266,false,false,10.214285714285715,false,1.471624e6,1.4596267067736809e6,false,0
18.209,none,0.00815241748320783,0,false,17.987000000000002,false,false,10.214285714285715,false,1.471624e6,1.4596267067736918e6,false,0
