CG_time_taken,method,CG_LP_IP_gap,implemented_SR3_cuts_count,errored,CG_sp_time_taken_mean,converged,CGIP_artificial,ngroute_neighborhood_size,time_limit_reached,CGIP_objective,CGLP_objective,CGLP_artificial,cycles_lookup_length
443.635,use_adaptive_ngroute,0.18836428359104718,0,false,13.974935483870965,false,false,8.924999999999999,false,1.939406e6,1.5740911782178215e6,false,14
203.431,use_adaptive_ngroute,0.18508278808123424,0,false,22.47822222222222,false,false,9.674999999999999,false,1.939406e6,1.5804553302985257e6,false,6
133.681,use_adaptive_ngroute,0.18273320207778943,0,false,26.6452,false,false,10.200000000000001,false,1.939406e6,1.5850121314911228e6,false,4
99.269,use_adaptive_ngroute,0.18233464740933492,0,false,24.740499999999997,false,false,10.375,false,1.939406e6,1.5857850908064514e6,false,2
51.099,use_lmSR3_cuts,0.1823339865954754,5,false,25.469500000000004,false,false,10.5,false,1.939406e6,1.5857863723928155e6,false,0
439.522,use_adaptive_ngroute,0.1230463722276437,0,false,48.68622222222223,false,false,10.5,false,1.816507e6,1.5929924035238796e6,false,3
175.37,use_lmSR3_cuts,0.06691744996646531,5,false,43.7385,false,false,10.575000000000001,false,1.709883e6,1.5954619898989904e6,false,0
557.918,use_adaptive_ngroute,0.062458040790708935,0,false,79.58657142857143,false,false,10.575000000000001,false,1.709883e6,1.6030870578386602e6,false,1
150.48,use_lmSR3_cuts,0.06243311191948775,5,false,75.189,false,false,10.625,false,1.709883e6,1.6031296832917705e6,false,0
679.849,use_adaptive_ngroute,0.05723922242470858,0,false,113.12533333333333,false,false,10.625,false,1.709883e6,1.612010626642772e6,false,4
640.688,none,0.05635963796434795,0,false,166.6773333333333,false,false,11.125,true,1.709883e6,1.613514613158607e6,false,0
