CG_time_taken,method,CG_LP_IP_gap,implemented_SR3_cuts_count,errored,CG_sp_time_taken_mean,converged,CGIP_artificial,ngroute_neighborhood_size,time_limit_reached,CGIP_objective,CGLP_objective,CGLP_artificial,cycles_lookup_length
4.938,use_SR3_cuts,0.026754792193036225,5,false,0.2852,false,false,7.75,false,1.110991e6,1.0812666666666665e6,false,0
2.196,use_adaptive_ngroute,0.016371269734258176,0,false,0.708,false,false,7.75,false,1.110991e6,1.0928026666666667e6,false,2
0.929,use_SR3_cuts,0.01626835860956566,4,false,0.4545,false,false,7.8500000000000005,false,1.110991e6,1.092917e6,false,0
4.173,none,0.016132893965837725,0,false,0.82,false,false,7.8500000000000005,false,1.110991e6,1.0930675e6,false,0
