CG_time_taken,method,CG_LP_IP_gap,implemented_SR3_cuts_count,errored,CG_sp_time_taken_mean,converged,CGIP_artificial,ngroute_neighborhood_size,time_limit_reached,CGIP_objective,CGLP_objective,CGLP_artificial,cycles_lookup_length
11.97,use_adaptive_ngroute,0.055843543102120585,0,false,0.7992857142857143,false,false,7.75,false,1.221654e6,1.153432512195122e6,false,6
4.765,use_SR3_cuts,0.05580064404487717,5,false,1.17,false,false,8.75,false,1.221654e6,1.1534849199999997e6,false,0
16.345,use_SR3_cuts,0.05173136263373812,5,false,3.2289999999999996,false,false,8.75,false,1.221654e6,1.1584561739130432e6,false,0
14.368,use_SR3_cuts,0.046242672192409184,5,false,4.762666666666667,false,false,8.75,false,1.221654e6,1.1651614545454546e6,false,0
34.269,use_adaptive_ngroute,0.039475324027916425,0,false,8.52025,false,false,8.75,false,1.221654e6,1.1734288124999998e6,false,3
20.039,use_adaptive_ngroute,0.039241789319143794,0,false,9.9865,false,false,9.1,false,1.221654e6,1.1737141111111108e6,false,2
27.083,use_SR3_cuts,0.03920001321256006,5,false,13.515500000000001,false,false,9.25,false,1.221654e6,1.1737651470588231e6,false,0
69.02,use_SR3_cuts,0.03509361079323603,5,false,22.975,false,false,9.25,false,1.221654e6,1.17878175e6,false,0
90.785,use_adaptive_ngroute,0.03214693749834907,0,false,30.219333333333335,false,false,9.25,false,1.221654e6,1.1823815652173918e6,false,1
29.266,use_SR3_cuts,0.03212468505812616,5,false,29.236,false,false,9.4,false,1.221654e6,1.18240875e6,false,0
114.44,use_SR3_cuts,0.030857758600514207,5,false,38.09733333333334,false,false,9.4,false,1.221654e6,1.1839564957746475e6,false,0
162.26,use_SR3_cuts,0.026734738313794915,5,false,54.00466666666667,false,false,9.4,false,1.221654e6,1.1889933999999992e6,false,0
84.614,use_adaptive_ngroute,0.025415163856022605,0,false,84.587,false,false,9.4,false,1.221654e6,1.1906054634146346e6,false,1
168.108,use_adaptive_ngroute,0.02539455368862109,0,false,83.667,false,false,9.45,false,1.221654e6,1.1906306419080812e6,false,2
192.133,use_adaptive_ngroute,0.025364300841901555,0,false,95.984,false,false,9.899999999999999,false,1.221654e6,1.1906676004192876e6,false,1
92.208,use_SR3_cuts,0.02536343634535232,5,false,92.171,false,false,10.05,false,1.221654e6,1.190668656534955e6,false,0
260.454,use_SR3_cuts,0.02370265203234123,5,false,130.182,false,false,10.05,false,1.221654e6,1.1926975603340822e6,false,0
304.436,use_SR3_cuts,0.023166810453253084,5,false,152.18099999999998,false,false,10.05,false,1.221654e6,1.1933521733425416e6,false,0
391.229,use_adaptive_ngroute,0.02187030474404683,0,false,195.5685,false,false,10.05,false,1.221654e6,1.1949360547282163e6,false,3
351.238,use_SR3_cuts,0.021808554347019227,5,false,175.57399999999998,false,false,10.35,false,1.221654e6,1.1950114923477466e6,false,0
454.739,use_adaptive_ngroute,0.02099320426382789,0,false,227.30249999999998,false,false,10.35,false,1.221654e6,1.1960075680382776e6,false,1
263.604,use_SR3_cuts,0.0209694490509712,5,false,263.55199999999996,false,false,10.45,false,1.221654e6,1.1960365886890849e6,false,0
433.763,none,0.02015317376175252,0,false,303.078,false,false,10.45,true,1.221654e6,1.19703379466126e6,false,0
