CG_time_taken,method,CG_LP_IP_gap,implemented_SR3_cuts_count,errored,CG_sp_time_taken_mean,converged,CGIP_artificial,ngroute_neighborhood_size,time_limit_reached,CGIP_objective,CGLP_objective,CGLP_artificial,cycles_lookup_length
8.774,use_adaptive_ngroute,0.05584354310212081,0,false,0.5183333333333334,false,false,7.75,false,1.221654e6,1.1534325121951217e6,false,6
1.939,use_SR3_cuts,0.055800644044876724,5,false,0.6380000000000001,false,false,8.75,false,1.221654e6,1.1534849200000002e6,false,0
13.733,use_SR3_cuts,0.04617605139813474,2,false,3.3842499999999998,false,false,8.75,false,1.221654e6,1.1652428421052631e6,false,0
5.405,use_SR3_cuts,0.04617605139813474,1,false,2.6805,false,false,8.75,false,1.221654e6,1.1652428421052631e6,false,0
3.549,use_SR3_cuts,0.04602593633775964,2,false,3.536,false,false,8.75,false,1.221654e6,1.1654262307692305e6,false,0
27.623,use_SR3_cuts,0.04425516553786912,2,false,4.558,false,false,8.75,false,1.221654e6,1.1675895e6,false,0
11.451,use_adaptive_ngroute,0.04273673233174036,0,false,5.693499999999999,false,false,8.75,false,1.221654e6,1.1694445e6,false,2
12.457,use_SR3_cuts,0.04145036155900095,2,false,6.205499999999999,false,false,8.85,false,1.221654e6,1.1710160000000002e6,false,0
25.356,use_SR3_cuts,0.041351806649018386,10,false,8.396666666666667,false,false,8.85,false,1.221654e6,1.1711364000000001e6,false,0
189.194,use_adaptive_ngroute,0.03528999209268735,0,false,62.775333333333336,false,false,8.85,false,1.221654e6,1.17854184e6,false,4
75.973,use_SR3_cuts,0.034925873719836575,1,false,25.293333333333337,false,false,9.25,false,1.221654e6,1.1789866666666667e6,false,0
100.446,use_SR3_cuts,0.03362899806328157,10,false,33.44466666666667,false,false,9.25,false,1.221654e6,1.1805709999999998e6,false,0
90.559,use_SR3_cuts,0.03131696863432676,10,false,45.2385,false,false,9.25,false,1.221654e6,1.1833955000000002e6,false,0
263.381,use_SR3_cuts,0.028353952107768587,10,false,87.69533333333335,false,false,9.25,false,1.221654e6,1.187015280991736e6,false,0
256.768,use_SR3_cuts,0.024593753789786565,10,false,128.2765,false,false,9.25,false,1.221654e6,1.191608942307692e6,false,0
361.358,use_adaptive_ngroute,0.022807714806309942,0,false,180.59550000000002,false,false,9.25,false,1.221654e6,1.1937908639760122e6,false,2
343.457,use_adaptive_ngroute,0.022735409407398155,0,false,171.67450000000002,false,false,9.5,false,1.221654e6,1.1938791961558145e6,false,1
167.45,use_SR3_cuts,0.022735353067937614,1,false,167.349,false,false,9.6,false,1.221654e6,1.1938792649831418e6,false,0
415.08,use_adaptive_ngroute,0.022542881754931132,0,false,207.46300000000002,false,false,9.6,false,1.221654e6,1.1941143983325614e6,false,1
409.031,use_SR3_cuts,0.022523766193930927,2,false,204.4565,false,false,9.65,false,1.221654e6,1.1941377509341196e6,false,0
455.836,use_SR3_cuts,0.02232953508412172,10,false,227.8535,false,false,9.65,false,1.221654e6,1.1943750341463424e6,false,0
348.423,none,0.020700320326556,0,false,NaN,false,false,9.65,true,1.221654e6,1.1963653708717816e6,false,0
