CG_time_taken,method,CG_LP_IP_gap,implemented_SR3_cuts_count,errored,CG_sp_time_taken_mean,converged,CGIP_artificial,ngroute_neighborhood_size,time_limit_reached,CGIP_objective,CGLP_objective,CGLP_artificial,cycles_lookup_length
23.519,use_adaptive_ngroute,0.0655277804901866,0,false,1.4816666666666665,false,false,7.75,false,1.075305e6,1.0048426499999999e6,false,4
4.43,use_adaptive_ngroute,0.02648122194463065,0,false,1.4276666666666666,false,false,8.45,false,1.033893e6,1.00651425e6,false,3
3.594,use_adaptive_ngroute,0.023853411329799123,0,false,1.7885,false,false,8.9,false,1.033893e6,1.009231125e6,false,2
3.385,use_SR3_cuts,0.022552623917562076,5,false,1.674,false,false,9.0,false,1.033893e6,1.010576e6,false,0
25.084,use_SR3_cuts,0.0021959074423884006,5,false,4.9708,false,false,9.0,false,1.033893e6,1.0316226666666667e6,false,0
12.499,none,0.0,0,false,6.211,true,false,9.0,false,1.033893e6,1.033893e6,false,0
