CG_time_taken,method,CG_LP_IP_gap,implemented_SR3_cuts_count,errored,CG_sp_time_taken_mean,converged,CGIP_artificial,ngroute_neighborhood_size,time_limit_reached,CGIP_objective,CGLP_objective,CGLP_artificial,cycles_lookup_length
9.289,use_adaptive_ngroute,0.06963925033596485,0,false,0.5289375,false,false,7.75,false,1.248093e6,1.1611767391304346e6,false,8
2.982,use_SR3_cuts,0.06495892355599919,7,false,0.72175,false,false,9.700000000000001,false,1.248093e6,1.1670182222222222e6,false,0
15.923,use_adaptive_ngroute,0.050479188828254196,0,false,3.88725,false,false,9.700000000000001,false,1.248093e6,1.1850902777777778e6,false,1
8.305,use_adaptive_ngroute,0.050479188828254196,0,false,2.7386666666666666,false,false,9.75,false,1.248093e6,1.1850902777777778e6,false,3
7.284,use_SR3_cuts,0.050077998995267214,5,false,3.6144999999999996,false,false,10.35,false,1.248093e6,1.185591e6,false,0
40.146,use_SR3_cuts,0.03874355028514542,1,false,7.948200000000001,false,false,10.35,false,1.237264e6,1.1893279999999998e6,false,0
17.719,use_SR3_cuts,0.03741235365559248,10,false,8.81,false,false,10.35,false,1.237264e6,1.190975041666667e6,false,0
152.543,use_SR3_cuts,0.030085468151232475,1,false,37.84125,false,false,10.35,false,1.237264e6,1.2000403333333335e6,false,0
68.074,use_SR3_cuts,0.02966680245013731,10,false,33.977000000000004,false,false,10.35,false,1.237264e6,1.2005583333333333e6,false,0
61.801,use_SR3_cuts,0.029423523731933354,1,false,29.975,false,false,10.35,false,1.237264e6,1.2008593333333333e6,false,0
29.463,none,0.028879446908663398,0,false,29.404999999999998,false,false,10.35,false,1.237264e6,1.2015324999999995e6,false,0
