CG_time_taken,method,CG_LP_IP_gap,implemented_SR3_cuts_count,errored,CG_sp_time_taken_mean,converged,CGIP_artificial,ngroute_neighborhood_size,time_limit_reached,CGIP_objective,CGLP_objective,CGLP_artificial,cycles_lookup_length
15.362,use_adaptive_ngroute,0.08945094474467297,0,false,0.8350625,false,false,7.75,false,1.167558e6,1.0631188338557992e6,false,10
6.526,use_adaptive_ngroute,0.07764592851061813,0,false,1.2418,false,false,9.45,false,1.167558e6,1.0769018749999998e6,false,4
2.5,use_SR3_cuts,0.06790664563852167,5,false,1.2345000000000002,false,false,9.700000000000001,false,1.167558e6,1.0882730526315789e6,false,0
14.48,use_SR3_cuts,0.0642557507117194,4,false,4.776333333333333,false,false,9.700000000000001,false,1.167558e6,1.0925356842105263e6,false,0
33.465,use_SR3_cuts,0.057454105063731276,4,false,11.089333333333332,false,false,9.700000000000001,false,1.167558e6,1.100477e6,false,0
76.124,use_SR3_cuts,0.05604076380382228,1,false,25.167333333333335,false,false,9.700000000000001,false,1.167558e6,1.1021271578947369e6,false,0
37.681,use_SR3_cuts,0.05572942272104131,10,false,18.7935,false,false,9.700000000000001,false,1.167558e6,1.1024906666666665e6,false,0
275.136,use_adaptive_ngroute,0.04604308383913902,0,false,68.65625,false,false,9.700000000000001,false,1.162441e6,1.1089186315789474e6,false,2
144.355,use_adaptive_ngroute,0.045514331168361566,0,false,72.12049999999999,false,false,10.200000000000001,false,1.162441e6,1.1095332753623186e6,false,1
140.752,use_SR3_cuts,0.045475846044493395,3,false,70.323,false,false,10.35,false,1.162441e6,1.109578012048193e6,false,0
394.783,use_SR3_cuts,0.04313993706256658,3,false,130.36900000000003,false,false,10.35,false,1.162441e6,1.112293368421053e6,false,0
184.705,use_SR3_cuts,0.04259719613531121,10,false,92.26899999999999,false,false,10.35,false,1.162441e6,1.1129242727272727e6,false,0
787.276,use_SR3_cuts,0.039792127084303686,10,false,157.3742,false,false,10.35,false,1.162441e6,1.1161849999999949e6,false,0
1105.22,use_SR3_cuts,0.03816939239640271,1,false,368.24833333333333,false,false,10.35,false,1.162441e6,1.1180713333333333e6,false,0
374.321,none,0.03808882477535924,0,false,344.434,false,false,10.35,true,1.162441e6,1.1181649884393066e6,false,0
