CG_time_taken,method,CG_LP_IP_gap,implemented_SR3_cuts_count,errored,CG_sp_time_taken_mean,converged,CGIP_artificial,ngroute_neighborhood_size,time_limit_reached,CGIP_objective,CGLP_objective,CGLP_artificial,cycles_lookup_length
8.234,use_adaptive_ngroute,0.14619899568092487,0,false,0.4125882352941176,false,false,7.75,false,1.248478e6,1.0659517702702703e6,false,9
3.413,use_adaptive_ngroute,0.01966667308510306,0,false,0.5403333333333333,false,false,9.05,false,1.103144e6,1.081448827586207e6,false,3
0.897,use_SR3_cuts,0.016706008765250302,5,false,0.4355,false,false,9.700000000000001,false,1.103144e6,1.0847148666666667e6,false,0
8.86,use_adaptive_ngroute,0.00609802528047132,0,false,2.14025,false,false,9.700000000000001,false,1.103144e6,1.0964169999999998e6,false,6
1.952,use_SR3_cuts,0.005614921231196113,10,false,1.9369999999999998,false,false,10.6,false,1.103144e6,1.0969499333333333e6,false,0
19.667,none,0.0024049444134219833,0,false,4.87825,false,false,10.6,false,1.103144e6,1.100491e6,false,0
