CG_time_taken,method,CG_LP_IP_gap,implemented_SR3_cuts_count,errored,CG_sp_time_taken_mean,converged,CGIP_artificial,ngroute_neighborhood_size,time_limit_reached,CGIP_objective,CGLP_objective,CGLP_artificial,cycles_lookup_length
13.198,use_adaptive_ngroute,0.10055936654384967,0,false,0.6174210526315791,false,false,7.75,false,1.168405e6,1.0509109333333333e6,false,12
7.338,use_adaptive_ngroute,0.06701037270367038,0,false,1.0232857142857144,false,false,9.6,false,1.137794e6,1.06155e6,false,8
4.059,use_adaptive_ngroute,0.06517748170499038,0,false,1.3273333333333333,false,false,10.55,false,1.137794e6,1.0636354523809522e6,false,1
2.854,use_SR3_cuts,0.06430501132947264,5,false,1.409,false,false,10.65,false,1.137794e6,1.064628143939394e6,false,0
22.583,use_adaptive_ngroute,0.04738237201101114,0,false,4.4706,false,false,10.65,false,1.126734e6,1.0733466704545454e6,false,5
10.312,use_adaptive_ngroute,0.046672284674111,0,false,5.131,false,false,11.5,false,1.126734e6,1.0741467500000002e6,false,1
11.315,use_SR3_cuts,0.046672284674111,5,false,5.62,false,false,11.6,false,1.126734e6,1.0741467500000002e6,false,0
31.671,use_SR3_cuts,0.039747864920498976,5,false,7.8725000000000005,false,false,11.6,false,1.126734e6,1.0819487291666665e6,false,0
41.401,use_SR3_cuts,0.03806509196787633,5,false,10.3065,false,false,11.6,false,1.126734e6,1.0838447666666668e6,false,0
35.71,use_SR3_cuts,0.03748420284330789,5,false,11.865333333333332,false,false,11.6,false,1.126734e6,1.0844992741935484e6,false,0
47.461,use_SR3_cuts,0.03688331718045257,5,false,15.577333333333335,false,false,11.6,false,1.126734e6,1.0851763125e6,false,0
68.401,use_SR3_cuts,0.03651394206618419,5,false,17.00025,false,false,11.6,false,1.126734e6,1.0855925e6,false,0
41.468,use_SR3_cuts,0.036116693718003634,5,false,20.694,false,false,11.6,false,1.126734e6,1.086040093220339e6,false,0
60.281,use_SR3_cuts,0.03547326860295974,5,false,30.1025,false,false,11.6,false,1.126734e6,1.0867650621739128e6,false,0
70.36,use_SR3_cuts,0.03518188993937099,4,false,35.113,false,false,11.6,false,1.126734e6,1.0870933684210528e6,false,0
94.31,use_adaptive_ngroute,0.03509535081039661,0,false,47.070499999999996,false,false,11.6,false,1.126734e6,1.0871908749999986e6,false,1
42.288,use_SR3_cuts,0.0350913040175489,5,false,42.228,false,false,11.700000000000001,false,1.126734e6,1.087195434659091e6,false,0
78.4,use_SR3_cuts,0.03508246158607742,3,false,39.153499999999994,false,false,11.700000000000001,false,1.126734e6,1.0872053977272727e6,false,0
91.579,use_SR3_cuts,0.03501398873782391,5,false,45.724999999999994,false,false,11.700000000000001,false,1.126734e6,1.0872825484134767e6,false,0
87.832,use_SR3_cuts,0.034873346619585854,5,false,43.84,false,false,11.700000000000001,false,1.126734e6,1.0874410146699275e6,false,0
159.616,use_SR3_cuts,0.03485779252244936,1,false,53.14833333333334,false,false,11.700000000000001,false,1.126734e6,1.0874585400000105e6,false,0
101.415,none,0.03485779252245791,0,false,50.658,false,false,11.700000000000001,false,1.126734e6,1.087458540000001e6,false,0
