CG_time_taken,method,CG_LP_IP_gap,implemented_SR3_cuts_count,errored,CG_sp_time_taken_mean,converged,CGIP_artificial,ngroute_neighborhood_size,time_limit_reached,CGIP_objective,CGLP_objective,CGLP_artificial,cycles_lookup_length
24.57,use_adaptive_ngroute,0.13855074084732288,0,false,1.472,false,false,7.75,false,1.170435e6,1.0082703636363636e6,false,9
10.887,use_adaptive_ngroute,0.022986987542294335,0,false,2.6807499999999997,false,false,9.85,false,1.059933e6,1.0355683333333334e6,false,3
11.509,use_adaptive_ngroute,0.019075545341073585,0,false,2.8302500000000004,false,false,10.0,false,1.059933e6,1.0397141999999998e6,false,1
10.601,use_SR3_cuts,0.019015667342495712,5,false,2.6217500000000005,false,false,10.05,false,1.059933e6,1.0397776666666665e6,false,0
28.203,use_adaptive_ngroute,0.0068958761229874765,0,false,7.006,false,false,10.05,false,1.059933e6,1.0526238333333335e6,false,1
11.26,use_SR3_cuts,0.005230669382790376,5,false,5.6015,false,false,10.45,false,1.059933e6,1.0543888409090908e6,false,0
55.143,none,0.0,0,false,13.7245,true,false,10.45,false,1.059933e6,1.059933e6,false,0
