CG_time_taken,method,CG_LP_IP_gap,implemented_SR3_cuts_count,errored,CG_sp_time_taken_mean,converged,CGIP_artificial,ngroute_neighborhood_size,time_limit_reached,CGIP_objective,CGLP_objective,CGLP_artificial,cycles_lookup_length
15.93,use_adaptive_ngroute,0.12013839824671424,0,false,0.9957333333333334,false,false,7.75,false,1.145942e6,1.0082703636363638e6,false,9
12.936,use_SR3_cuts,0.036707738867271855,2,false,2.0933333333333333,false,false,9.85,false,1.0794e6,1.0397776666666667e6,false,0
13.081,use_SR3_cuts,0.035345330739299574,1,false,4.321666666666666,false,false,9.85,false,1.0794e6,1.04124825e6,false,0
12.432,use_SR3_cuts,0.017628236879123516,10,false,4.105333333333333,false,false,9.85,false,1.059933e6,1.04124825e6,false,0
28.249,none,0.0,0,false,9.342666666666666,true,false,9.85,false,1.059933e6,1.059933e6,false,0
