CG_time_taken,method,CG_LP_IP_gap,implemented_SR3_cuts_count,errored,CG_sp_time_taken_mean,converged,CGIP_artificial,ngroute_neighborhood_size,time_limit_reached,CGIP_objective,CGLP_objective,CGLP_artificial,cycles_lookup_length
19.1,use_adaptive_ngroute,0.3444225532836146,0,false,0.3658888888888889,false,false,6.0,false,1.826321e6,1.1972948580645157e6,false,29
20.882,use_adaptive_ngroute,0.11829330560269036,0,false,1.7060000000000002,false,false,10.0,false,1.463938e6,1.2907639347826086e6,false,15
24.948,use_adaptive_ngroute,0.11319632388803347,0,false,4.9316,false,false,10.5,false,1.463938e6,1.2982256e6,false,2
20.175,use_adaptive_ngroute,0.11219811872591956,0,false,3.3280000000000003,false,false,10.5625,false,1.463861e6,1.2996185497237567e6,false,3
14.501,use_adaptive_ngroute,0.11188205984038102,0,false,4.807,false,false,10.65625,false,1.463861e6,1.300081216e6,false,3
12.054,use_SR3_cuts,0.11175273244294803,5,false,3.9650000000000003,false,false,10.84375,false,1.463861e6,1.3002705333333337e6,false,0
58.351,use_adaptive_ngroute,0.10805654863255998,0,false,14.544,false,false,10.84375,false,1.463861e6,1.305681232662192e6,false,1
17.926,use_adaptive_ngroute,0.10805223733973368,0,false,17.897000000000002,false,false,10.875,false,1.463861e6,1.30568754379562e6,false,4
50.194,use_SR3_cuts,0.1080472382359956,5,false,16.499,false,false,11.15625,false,1.463861e6,1.3056948617886172e6,false,0
71.915,use_adaptive_ngroute,0.10375143559710143,0,false,17.782249999999998,false,false,11.15625,false,1.463861e6,1.3119833197353915e6,false,3
80.595,use_SR3_cuts,0.05963866503929072,5,false,20.083250000000003,false,false,11.437499999999998,false,1.397256e6,1.3139255174418609e6,false,0
48.857,use_SR3_cuts,0.05596306856677191,5,false,16.237333333333336,false,false,11.437499999999998,false,1.397256e6,1.3190612666666666e6,false,0
190.944,use_adaptive_ngroute,0.052828564995795246,0,false,47.547,false,false,11.437499999999998,false,1.397256e6,1.3234409705882352e6,false,1
89.862,use_SR3_cuts,0.052684793541692865,5,false,44.8735,false,false,11.468749999999998,false,1.397256e6,1.3236418561151084e6,false,0
407.461,use_SR3_cuts,0.05155555283558788,5,false,67.7865,false,false,11.468749999999998,false,1.397256e6,1.3252196944671578e6,false,0
956.411,use_SR3_cuts,0.0492683793954285,5,false,237.151,false,false,11.468749999999998,false,1.397256e6,1.3284154612794612e6,false,0
260.154,use_adaptive_ngroute,0.04879691957222054,0,false,129.97799999999998,false,false,11.468749999999998,false,1.397256e6,1.3290742113461974e6,false,1
239.876,use_SR3_cuts,0.04877500005273461,5,false,119.83699999999999,false,false,11.531249999999998,false,1.397256e6,1.3291048385263162e6,false,0
684.83,use_SR3_cuts,0.04830422479090368,5,false,342.3375,false,false,11.531249999999998,false,1.397256e6,1.329762632085561e6,false,0
293.071,none,0.04753623501115967,0,false,243.07199999999997,false,false,11.531249999999998,true,1.397256e6,1.330835710413247e6,false,0
