CG_time_taken,method,CG_LP_IP_gap,implemented_SR3_cuts_count,errored,CG_sp_time_taken_mean,converged,CGIP_artificial,ngroute_neighborhood_size,time_limit_reached,CGIP_objective,CGLP_objective,CGLP_artificial,cycles_lookup_length
18.058,use_adaptive_ngroute,0.3444225532836146,0,false,0.33096296296296296,false,false,6.0,false,1.826321e6,1.1972948580645157e6,false,29
21.875,use_adaptive_ngroute,0.14392233883754502,0,false,1.3706428571428575,false,false,10.0,false,1.507765e6,1.2907639347826089e6,false,15
15.192,use_adaptive_ngroute,0.13897351377701428,0,false,2.4731666666666667,false,false,10.5,false,1.507765e6,1.2982256e6,false,2
12.295,use_adaptive_ngroute,0.11188205984038113,0,false,2.3946,false,false,10.5625,false,1.463861e6,1.3000812159999998e6,false,3
6.229,use_adaptive_ngroute,0.11219811872591956,0,false,2.0113333333333334,false,false,10.75,false,1.463861e6,1.2996185497237567e6,false,3
5.727,use_SR3_cuts,0.11175273244294837,7,false,1.876666666666667,false,false,10.84375,false,1.463861e6,1.3002705333333332e6,false,0
55.727,use_SR3_cuts,0.06346843799353974,8,false,9.071,false,false,10.84375,false,1.397256e6,1.3085743442028987e6,false,0
109.956,use_adaptive_ngroute,0.06175018129874177,0,false,27.1105,false,false,10.84375,false,1.397256e6,1.3109751886792453e6,false,1
99.222,use_SR3_cuts,0.061715801680971794,4,false,32.987,false,false,11.0,false,1.397256e6,1.311023225806452e6,false,0
425.198,use_adaptive_ngroute,0.060167353299824256,0,false,70.75299999999999,false,false,11.0,false,1.397256e6,1.3131868045977007e6,false,3
110.623,use_adaptive_ngroute,0.06016735329982381,0,false,27.59525,false,false,11.1875,false,1.397256e6,1.3131868045977014e6,false,1
87.421,use_SR3_cuts,0.06016735329982381,10,false,43.6355,false,false,11.25,false,1.397256e6,1.3131868045977014e6,false,0
926.491,use_adaptive_ngroute,0.05623060517093181,0,false,185.004,false,false,11.25,false,1.397256e6,1.3186874495412845e6,false,1
490.64,use_SR3_cuts,0.05522151580114065,3,false,163.43,false,false,11.281250000000002,false,1.397256e6,1.3200974057177615e6,false,0
1190.027,none,0.054601227800537555,0,false,260.32575,false,false,11.281250000000002,true,1.397256e6,1.320964106848332e6,false,0
