CG_time_taken,method,CG_LP_IP_gap,implemented_SR3_cuts_count,errored,CG_sp_time_taken_mean,converged,CGIP_artificial,ngroute_neighborhood_size,time_limit_reached,CGIP_objective,CGLP_objective,CGLP_artificial,cycles_lookup_length
8.447,use_adaptive_ngroute,0.02462299018256331,0,false,0.5450714285714287,false,false,7.75,false,1.146124e6,1.1179029999999998e6,false,4
1.091,use_SR3_cuts,0.024118681748222737,5,false,0.5249999999999999,false,false,8.200000000000001,false,1.146124e6,1.118481e6,false,0
5.394,use_SR3_cuts,0.019172794566730933,5,false,1.29225,false,false,8.200000000000001,false,1.146124e6,1.1241496e6,false,0
9.339,use_SR3_cuts,0.015527988245599977,4,false,2.2842499999999997,false,false,8.200000000000001,false,1.146124e6,1.128327e6,false,0
9.479,none,0.006619041481781496,0,false,2.3299999999999996,false,false,8.200000000000001,false,1.140573e6,1.1330235e6,false,0
