CG_time_taken,method,CG_LP_IP_gap,implemented_SR3_cuts_count,errored,CG_sp_time_taken_mean,converged,CGIP_artificial,ngroute_neighborhood_size,time_limit_reached,CGIP_objective,CGLP_objective,CGLP_artificial,cycles_lookup_length
7.203,use_SR3_cuts,0.08946190815841326,4,false,0.36183333333333334,false,false,7.75,false,1.099168e6,1.0008343333333333e6,false,0
8.475,use_adaptive_ngroute,0.08054728667501232,0,false,0.9206666666666665,false,false,7.75,false,1.099168e6,1.010633e6,false,1
2.373,use_SR3_cuts,0.0803689699845701,5,false,0.7780000000000001,false,false,7.799999999999999,false,1.099168e6,1.010829e6,false,0
4.954,use_SR3_cuts,0.037210783273190384,5,false,1.2142500000000003,false,false,7.799999999999999,false,1.059975e6,1.0205325e6,false,0
5.274,none,0.016163097287989703,0,false,1.7286666666666666,false,false,7.799999999999999,false,1.040704e6,1.023883e6,false,0
