CG_time_taken,method,CG_LP_IP_gap,implemented_SR3_cuts_count,errored,CG_sp_time_taken_mean,converged,CGIP_artificial,ngroute_neighborhood_size,time_limit_reached,CGIP_objective,CGLP_objective,CGLP_artificial,cycles_lookup_length
12.198,use_adaptive_ngroute,0.1469653986026649,0,false,0.7120000000000001,false,false,7.75,false,1.259111e6,1.07406525e6,false,1
2.356,use_adaptive_ngroute,0.14677380797168182,0,false,0.764,false,false,7.799999999999999,false,1.259111e6,1.0743064838709678e6,false,4
1.641,use_adaptive_ngroute,0.1462571608063149,0,false,0.7290000000000001,false,false,8.0,false,1.259111e6,1.074957e6,false,2
0.872,use_adaptive_ngroute,0.1457937746986131,0,false,0.86,false,false,8.4,false,1.259111e6,1.0755404545454546e6,false,4
1.887,use_adaptive_ngroute,0.14552571569286965,0,false,0.9335,false,false,9.4,false,1.259111e6,1.0758779705882352e6,false,1
0.907,use_SR3_cuts,0.14550886116657513,5,false,0.895,false,false,9.45,false,1.259111e6,1.0758991923076925e6,false,0
11.55,use_adaptive_ngroute,0.012735823655064649,0,false,2.84325,false,false,9.45,false,1.101072e6,1.0870489411764706e6,false,12
7.502,use_adaptive_ngroute,0.007237794924703778,0,false,3.7255000000000003,false,false,10.95,false,1.101072e6,1.0931026666666665e6,false,2
11.608,use_adaptive_ngroute,0.006675676068413239,0,false,3.852333333333334,false,false,11.25,false,1.101072e6,1.0937216e6,false,6
6.438,use_SR3_cuts,0.00662445326009542,5,false,3.193,false,false,11.549999999999999,false,1.101072e6,1.0937780000000002e6,false,0
13.652,none,0.0,0,false,4.508,true,false,11.549999999999999,false,1.101072e6,1.101072e6,false,0
