CG_time_taken,method,CG_LP_IP_gap,implemented_SR3_cuts_count,errored,CG_sp_time_taken_mean,converged,CGIP_artificial,ngroute_neighborhood_size,time_limit_reached,CGIP_objective,CGLP_objective,CGLP_artificial,cycles_lookup_length
6.501,use_adaptive_ngroute,0.12121396300692899,0,false,0.4071428571428572,false,false,7.75,false,1.222949e6,1.0747105051546392e6,false,7
1.688,use_adaptive_ngroute,0.12101240525974488,0,false,0.547,false,false,9.350000000000001,false,1.222949e6,1.0749570000000002e6,false,2
1.1,use_adaptive_ngroute,0.12025933167430924,0,false,0.5385000000000001,false,false,9.799999999999999,false,1.222949e6,1.0758779705882352e6,false,1
0.645,use_SR3_cuts,0.12024197876796827,10,false,0.633,false,false,9.85,false,1.222949e6,1.075899192307692e6,false,0
47.189,none,0.0,0,false,7.597999999999999,true,false,9.85,false,1.101072e6,1.101072e6,false,0
