CG_time_taken,method,CG_LP_IP_gap,implemented_SR3_cuts_count,errored,CG_sp_time_taken_mean,converged,CGIP_artificial,ngroute_neighborhood_size,time_limit_reached,CGIP_objective,CGLP_objective,CGLP_artificial,cycles_lookup_length
8.198,use_adaptive_ngroute,0.07152291255790488,0,false,0.4769375,false,false,7.75,false,1.220968e6,1.1336408125e6,false,2
1.316,use_adaptive_ngroute,0.04115893219459277,0,false,0.42500000000000004,false,false,8.0,false,1.186808e6,1.1379602499999998e6,false,2
2.066,use_adaptive_ngroute,0.04094954702024256,0,false,0.50675,false,false,8.200000000000001,false,1.186808e6,1.13820875e6,false,2
1.05,use_SR3_cuts,0.03834312127734496,5,false,0.517,false,false,8.3,false,1.186808e6,1.1413020769230768e6,false,0
5.522,use_SR3_cuts,0.03283218515547581,2,false,1.3564999999999998,false,false,8.3,false,1.186808e6,1.1478425e6,false,0
7.877,use_SR3_cuts,0.020157897563508165,5,false,2.594333333333333,false,false,8.3,false,1.173039e6,1.149393e6,false,0
1.857,use_SR3_cuts,0.0195677874118233,5,false,1.844,false,false,8.3,false,1.173039e6,1.1500852222222222e6,false,0
4.942,use_adaptive_ngroute,0.006783734718125989,0,false,2.442,false,false,8.3,false,1.160607e6,1.15273375e6,false,3
4.866,use_SR3_cuts,0.006504785857745166,2,false,2.3885,false,false,8.6,false,1.160607e6,1.1530575e6,false,0
7.333,use_SR3_cuts,0.005668240842938266,5,false,2.4000000000000004,false,false,8.6,false,1.160607e6,1.1540284e6,false,0
9.575,none,0.005542789247350743,0,false,3.1403333333333334,false,false,8.6,false,1.160607e6,1.154174e6,false,0
