CG_time_taken,method,CG_LP_IP_gap,implemented_SR3_cuts_count,errored,CG_sp_time_taken_mean,converged,CGIP_artificial,ngroute_neighborhood_size,time_limit_reached,CGIP_objective,CGLP_objective,CGLP_artificial,cycles_lookup_length
15.887,use_SR3_cuts,0.010457446595660946,10,false,0.6354347826086956,false,false,7.75,false,1.049587e6,1.038611e6,false,0
7.256,use_SR3_cuts,0.002040802715734813,2,false,1.1841666666666666,false,false,7.75,false,1.049587e6,1.047445e6,false,0
1.008,use_SR3_cuts,0.0013780420298651341,1,false,0.991,false,false,7.75,false,1.049587e6,1.048140625e6,false,0
4.47,none,0.0,0,false,2.199,true,false,7.75,false,1.049587e6,1.049587e6,false,0
