CG_time_taken,method,CG_LP_IP_gap,implemented_SR3_cuts_count,errored,CG_sp_time_taken_mean,converged,CGIP_artificial,ngroute_neighborhood_size,time_limit_reached,CGIP_objective,CGLP_objective,CGLP_artificial,cycles_lookup_length
8.362,use_adaptive_ngroute,0.10188101745670819,0,false,0.46943749999999995,false,false,7.75,false,1.219092e6,1.0948896666666667e6,false,8
3.833,use_adaptive_ngroute,0.040904496040880756,0,false,0.6221666666666666,false,false,9.350000000000001,false,1.161622e6,1.1141064375e6,false,6
1.992,use_SR3_cuts,0.03676497173779425,2,false,0.9825,false,false,9.700000000000001,false,1.161622e6,1.118915e6,false,0
6.077,use_adaptive_ngroute,0.03070924832823263,0,false,1.9773333333333332,false,false,9.700000000000001,false,1.161622e6,1.1259494615384617e6,false,1
1.994,use_SR3_cuts,0.029156321936051444,3,false,1.9729999999999999,false,false,9.899999999999999,false,1.161622e6,1.127753375e6,false,0
26.893,use_SR3_cuts,0.025618273414243165,1,false,4.426833333333333,false,false,9.899999999999999,false,1.161622e6,1.13186325e6,false,0
5.348,use_SR3_cuts,0.02429706048955682,10,false,2.618,false,false,9.899999999999999,false,1.161622e6,1.133398e6,false,0
6.708,use_SR3_cuts,0.020312631819989768,1,false,6.69,false,false,9.899999999999999,false,1.161622e6,1.1380264e6,false,0
60.684,use_SR3_cuts,0.01732432501551351,3,false,12.075000000000001,false,false,9.899999999999999,false,1.161622e6,1.1414976829268292e6,false,0
61.782,use_SR3_cuts,0.016796474107888537,10,false,20.54666666666667,false,false,9.899999999999999,false,1.161622e6,1.1421108461538462e6,false,0
55.22,use_SR3_cuts,0.01513142829595171,2,false,27.5655,false,false,9.899999999999999,false,1.161622e6,1.144045e6,false,0
116.29,use_SR3_cuts,0.01460097461423182,3,false,38.717333333333336,false,false,9.899999999999999,false,1.161622e6,1.1446611866666668e6,false,0
299.866,use_SR3_cuts,0.013687794720021684,1,false,99.812,false,false,9.899999999999999,false,1.161622e6,1.145721956521739e6,false,0
91.426,use_SR3_cuts,0.013681244658424907,10,false,91.38600000000001,false,false,9.899999999999999,false,1.161622e6,1.1457295652173911e6,false,0
383.504,use_SR3_cuts,0.009286255463539561,1,false,95.68925,false,false,9.899999999999999,false,1.161622e6,1.1508348813559322e6,false,0
154.433,use_SR3_cuts,0.00920207548869878,10,false,77.152,false,false,9.899999999999999,false,1.161622e6,1.1509326666666667e6,false,0
505.185,none,0.004052523109929096,0,false,168.27666666666667,false,false,9.899999999999999,false,1.161622e6,1.156914499999998e6,false,0
