CG_time_taken,method,CG_LP_IP_gap,implemented_SR3_cuts_count,errored,CG_sp_time_taken_mean,converged,CGIP_artificial,ngroute_neighborhood_size,time_limit_reached,CGIP_objective,CGLP_objective,CGLP_artificial,cycles_lookup_length
10.129,use_adaptive_ngroute,0.11485156572532329,0,false,0.5813125000000001,false,false,7.75,false,1.236956e6,1.094889666666667e6,false,8
6.291,use_adaptive_ngroute,0.06832486975355612,0,false,1.0175,false,false,9.350000000000001,false,1.19581e6,1.1141064375e6,false,6
2.486,use_SR3_cuts,0.0643036937306094,5,false,0.818,false,false,9.700000000000001,false,1.19581e6,1.118915e6,false,0
25.272,use_SR3_cuts,0.027245007412049826,5,false,6.2315000000000005,false,false,9.700000000000001,false,1.161622e6,1.1299735999999999e6,false,0
29.217,use_adaptive_ngroute,0.020299202322270116,0,false,7.2315,false,false,9.700000000000001,false,1.161622e6,1.138042e6,false,1
15.208,use_adaptive_ngroute,0.016006378246203212,0,false,7.579,false,false,9.899999999999999,false,1.161622e6,1.143028638888889e6,false,1
28.053,use_SR3_cuts,0.01598389484913254,5,false,9.319333333333335,false,false,10.05,false,1.161622e6,1.143054756097561e6,false,0
19.022,use_SR3_cuts,0.011330493051956658,5,false,9.419,false,false,10.05,false,1.161622e6,1.14846025e6,false,0
67.302,use_SR3_cuts,0.007210041604513329,5,false,22.357666666666667,false,false,10.05,false,1.161622e6,1.153246657051282e6,false,0
51.259,use_SR3_cuts,0.0053162506255997055,5,false,25.597,false,false,10.05,false,1.161622e6,1.1554465263157897e6,false,0
96.876,none,0.00405252310992732,0,false,32.19166666666667,false,false,10.05,false,1.161622e6,1.1569145e6,false,0
