CG_time_taken,method,CG_LP_IP_gap,implemented_SR3_cuts_count,errored,CG_sp_time_taken_mean,converged,CGIP_artificial,ngroute_neighborhood_size,time_limit_reached,CGIP_objective,CGLP_objective,CGLP_artificial,cycles_lookup_length
7.384,use_adaptive_ngroute,0.05987126911687646,0,false,0.5490833333333333,false,false,7.75,false,1.136583e6,1.0685343333333333e6,false,11
5.238,use_SR3_cuts,0.0556664141554114,1,false,0.5681111111111111,false,false,9.5,false,1.136583e6,1.0733135e6,false,0
8.368,use_SR3_cuts,0.04221711481087009,1,false,1.3571666666666669,false,false,9.5,false,1.123857e6,1.076411e6,false,0
7.016,use_SR3_cuts,0.03084920387137058,1,false,2.306,false,false,9.5,false,1.12105e6,1.0864665e6,false,0
15.96,use_SR3_cuts,0.024027474242897084,2,false,3.1486,false,false,9.5,false,1.12105e6,1.0941140000000002e6,false,0
6.179,use_SR3_cuts,0.02185451139556671,5,false,3.0665000000000004,false,false,9.5,false,1.12105e6,1.09655e6,false,0
6.875,use_SR3_cuts,0.020991778540951356,5,false,3.412,false,false,9.5,false,1.12105e6,1.0975171666666665e6,false,0
27.62,use_adaptive_ngroute,0.01854957406003277,0,false,6.825749999999999,false,false,9.5,false,1.12105e6,1.1002550000000002e6,false,2
18.062,use_SR3_cuts,0.014694349047767563,5,false,5.9639999999999995,false,false,9.65,false,1.12105e6,1.1045769000000001e6,false,0
31.791,none,0.014096159850140455,0,false,10.551666666666668,false,false,9.65,false,1.12105e6,1.1052475e6,false,0
