CG_time_taken,method,CG_LP_IP_gap,implemented_SR3_cuts_count,errored,CG_sp_time_taken_mean,converged,CGIP_artificial,ngroute_neighborhood_size,time_limit_reached,CGIP_objective,CGLP_objective,CGLP_artificial,cycles_lookup_length
9.841,use_adaptive_ngroute,0.04922571703220824,0,false,0.5269411764705881,false,false,7.75,false,1.123857e6,1.0685343333333335e6,false,11
3.925,use_SR3_cuts,0.04497324837590544,10,false,0.41977777777777775,false,false,9.5,false,1.123857e6,1.0733135e6,false,0
9.557,use_adaptive_ngroute,0.02487132598902797,0,false,1.3292857142857144,false,false,9.5,false,1.12105e6,1.0931680000000002e6,false,2
5.005,use_SR3_cuts,0.024027474242898084,1,false,1.6383333333333332,false,false,10.05,false,1.12105e6,1.094113999999999e6,false,0
4.64,use_SR3_cuts,0.02346911612468583,1,false,2.2439999999999998,false,false,10.05,false,1.12105e6,1.094739947368421e6,false,0
4.513,use_adaptive_ngroute,0.02303849756238152,0,false,2.2245,false,false,10.05,false,1.12105e6,1.0952226923076923e6,false,2
4.479,use_SR3_cuts,0.023015922572588,1,false,2.2055000000000002,false,false,10.149999999999999,false,1.12105e6,1.0952480000000002e6,false,0
10.399,use_SR3_cuts,0.022421479862628657,10,false,3.4206666666666665,false,false,10.149999999999999,false,1.12105e6,1.0959144000000001e6,false,0
12.369,use_SR3_cuts,0.017572588198563888,10,false,3.03575,false,false,10.149999999999999,false,1.12105e6,1.10135025e6,false,0
35.729,none,0.014096159850140455,0,false,7.0686,false,false,10.149999999999999,false,1.12105e6,1.1052475e6,false,0
