CG_time_taken,method,CG_LP_IP_gap,implemented_SR3_cuts_count,errored,CG_sp_time_taken_mean,converged,CGIP_artificial,ngroute_neighborhood_size,time_limit_reached,CGIP_objective,CGLP_objective,CGLP_artificial,cycles_lookup_length
6.778,use_SR3_cuts,0.06344223376435565,4,false,0.39320000000000005,false,false,7.75,false,1.161734e6,1.088031e6,false,0
11.536,use_adaptive_ngroute,0.04144442703751472,0,false,1.8395,false,false,7.75,false,1.161734e6,1.1135865999999999e6,false,6
4.147,use_adaptive_ngroute,0.038158935981329134,0,false,2.0494999999999997,false,false,8.7,false,1.161734e6,1.1174034666666666e6,false,2
4.834,use_adaptive_ngroute,0.03724723129391061,0,false,2.3755,false,false,8.9,false,1.161734e6,1.118462625e6,false,1
2.337,use_SR3_cuts,0.03692588735763036,5,false,2.324,false,false,8.95,false,1.161734e6,1.1188359411764706e6,false,0
7.413,none,0.0,0,false,3.6304999999999996,true,false,8.95,false,1.119762e6,1.119762e6,false,0
