CG_time_taken,method,CG_LP_IP_gap,implemented_SR3_cuts_count,errored,CG_sp_time_taken_mean,converged,CGIP_artificial,ngroute_neighborhood_size,time_limit_reached,CGIP_objective,CGLP_objective,CGLP_artificial,cycles_lookup_length
12.693,use_adaptive_ngroute,0.9999786347970188,0,false,0.26383333333333336,false,true,6.0,false,6.0e10,1.2819121788732393e6,false,28
18.937,use_adaptive_ngroute,0.13595260236093965,0,false,1.495083333333333,false,false,8.53125,false,1.553573e6,1.342360707692308e6,false,11
17.931,use_adaptive_ngroute,0.0667448983167751,0,false,2.17825,false,false,9.15625,false,1.464827e6,1.3670572708333333e6,false,7
11.595,use_SR3_cuts,0.05378215171157097,5,false,1.9035,false,false,9.8125,false,1.464827e6,1.3860454520547946e6,false,0
30.405,use_adaptive_ngroute,0.042997978600886055,0,false,4.947333333333334,false,false,9.8125,false,1.464827e6,1.4018424e6,false,4
22.549,use_SR3_cuts,0.03688535688287187,5,false,5.5635,false,false,10.09375,false,1.464827e6,1.4107963333333335e6,false,0
49.001,use_SR3_cuts,0.03336423573113634,5,false,8.054666666666668,false,false,10.09375,false,1.464827e6,1.4159541666666667e6,false,0
16.639,use_SR3_cuts,0.0260593230463394,5,false,8.2705,false,false,10.09375,false,1.464827e6,1.4266545999999999e6,false,0
68.454,use_SR3_cuts,0.024597034325555156,5,false,13.6196,false,false,10.09375,false,1.464827e6,1.4287966e6,false,0
41.09,use_SR3_cuts,0.023528034368563655,2,false,13.649333333333333,false,false,10.09375,false,1.464827e6,1.4303625e6,false,0
32.711,use_SR3_cuts,0.0231897008998333,5,false,16.2965,false,false,10.09375,false,1.464827e6,1.4308580999999999e6,false,0
66.532,use_SR3_cuts,0.02169539474627391,3,false,20.99666666666667,false,false,10.09375,false,1.464827e6,1.4330469999999998e6,false,0
59.947,use_SR3_cuts,0.021116917956145786,5,false,29.818500000000004,false,false,10.09375,false,1.464827e6,1.4338943684210528e6,false,0
110.026,use_SR3_cuts,0.020926703289875892,5,false,54.898,false,false,10.09375,false,1.464827e6,1.434173000000001e6,false,0
100.085,use_SR3_cuts,0.02060345692699561,5,false,49.964000000000006,false,false,10.09375,false,1.464827e6,1.4346464999999998e6,false,0
205.721,none,0.020190097533702378,0,false,40.1676,false,false,10.09375,false,1.464827e6,1.4352519999999993e6,false,0
