CG_time_taken,method,CG_LP_IP_gap,implemented_SR3_cuts_count,errored,CG_sp_time_taken_mean,converged,CGIP_artificial,ngroute_neighborhood_size,time_limit_reached,CGIP_objective,CGLP_objective,CGLP_artificial,cycles_lookup_length
12.002,use_adaptive_ngroute,0.9999786347970188,0,false,0.2528888888888889,false,true,6.0,false,6.0e10,1.2819121788732393e6,false,28
13.63,use_adaptive_ngroute,0.13595260236093987,0,false,1.1390909090909092,false,false,8.53125,false,1.553573e6,1.3423607076923077e6,false,11
14.554,use_adaptive_ngroute,0.07602172654813388,0,false,1.5456666666666667,false,false,9.15625,false,1.479534e6,1.3670572708333333e6,false,7
9.275,use_SR3_cuts,0.06318783342944845,8,false,1.5066666666666668,false,false,9.8125,false,1.479534e6,1.3860454520547944e6,false,0
21.763,use_adaptive_ngroute,0.04316618959098906,0,false,4.2096,false,false,9.8125,false,1.464827e6,1.4015960000000002e6,false,5
14.356,use_SR3_cuts,0.03698252421617021,1,false,4.725666666666666,false,false,10.125,false,1.464827e6,1.410654e6,false,0
29.57,use_SR3_cuts,0.03673785368511073,10,false,7.32525,false,false,10.125,false,1.464827e6,1.4110124000000004e6,false,0
59.01,use_SR3_cuts,0.033140432283129795,2,false,11.714,false,false,10.125,false,1.464827e6,1.4162819999999998e6,false,0
31.727,use_SR3_cuts,0.030397716744991365,1,false,10.510666666666665,false,false,10.125,false,1.464827e6,1.4202996037735846e6,false,0
53.355,use_SR3_cuts,0.02938674669431951,1,false,17.631333333333334,false,false,10.125,false,1.464827e6,1.4217805e6,false,0
41.73,use_SR3_cuts,0.029386746694319732,10,false,20.811500000000002,false,false,10.125,false,1.464827e6,1.4217804999999998e6,false,0
52.928,use_SR3_cuts,0.02440174391469674,1,false,26.3715,false,false,10.125,false,1.464827e6,1.4290826666666665e6,false,0
43.556,use_SR3_cuts,0.023376309966979036,10,false,21.6675,false,false,10.125,false,1.464827e6,1.43058475e6,false,0
24.686,use_SR3_cuts,0.022991622901543884,10,false,24.64,false,false,10.125,false,1.464827e6,1.4311482500000002e6,false,0
95.943,use_SR3_cuts,0.021574015225001575,10,false,47.225,false,false,10.125,false,1.464827e6,1.4332248000000066e6,false,0
141.925,use_SR3_cuts,0.02120796517267909,10,false,47.192666666666675,false,false,10.125,false,1.464827e6,1.433761e6,false,0
335.224,use_SR3_cuts,0.02068155915340064,2,false,66.88480000000001,false,false,10.125,false,1.464827e6,1.4345320937500016e6,false,0
124.456,use_adaptive_ngroute,0.020423236461863392,0,false,62.1255,false,false,10.125,false,1.464827e6,1.434910491803278e6,false,3
107.211,use_SR3_cuts,0.020400699160716407,3,false,53.528,false,false,10.21875,false,1.464827e6,1.4349435050505053e6,false,0
68.038,use_SR3_cuts,0.02036332618118064,2,false,67.881,false,false,10.21875,false,1.464827e6,1.4349982499999998e6,false,0
143.879,use_SR3_cuts,0.020240274107454326,10,false,71.8415,false,false,10.21875,false,1.464827e6,1.4351785e6,false,0
391.381,none,0.020190097533701823,0,false,128.96066666666664,false,false,10.21875,false,1.464827e6,1.4352520000000002e6,false,0
