CG_time_taken,method,CG_LP_IP_gap,implemented_SR3_cuts_count,errored,CG_sp_time_taken_mean,converged,CGIP_artificial,ngroute_neighborhood_size,time_limit_reached,CGIP_objective,CGLP_objective,CGLP_artificial,cycles_lookup_length
12.598,use_adaptive_ngroute,0.031122120339496795,0,false,0.9826666666666667,false,false,7.75,false,1.108464e6,1.07396625e6,false,3
3.341,use_adaptive_ngroute,0.029490470597150598,0,false,0.8252499999999999,false,false,8.200000000000001,false,1.108464e6,1.075774875e6,false,1
1.485,use_adaptive_ngroute,0.028496640396079576,0,false,0.732,false,false,8.3,false,1.108464e6,1.0768765e6,false,4
2.489,use_SR3_cuts,0.028379285810515076,5,false,0.8206666666666668,false,false,8.6,false,1.108464e6,1.0770065833333333e6,false,0
36.849,use_SR3_cuts,0.02341460796200867,3,false,4.55225,false,false,8.6,false,1.108464e6,1.08250975e6,false,0
28.684,use_SR3_cuts,0.017435839143174703,1,false,7.12925,false,false,8.6,false,1.108464e6,1.089137e6,false,0
23.692,use_SR3_cuts,0.01393835674110011,5,false,11.809,false,false,8.6,false,1.108464e6,1.0930138333333333e6,false,0
65.251,use_adaptive_ngroute,0.007786774287987019,0,false,16.277250000000002,false,false,8.6,false,1.108464e6,1.0998326410256408e6,false,2
104.835,use_adaptive_ngroute,0.006936550638240613,0,false,26.1655,false,false,8.8,false,1.108464e6,1.1007750833333333e6,false,2
78.932,use_SR3_cuts,0.006621611691329687,5,false,39.4375,false,false,9.05,false,1.108464e6,1.1011241818181819e6,false,0
248.678,use_adaptive_ngroute,0.004643452561382544,0,false,62.130500000000005,false,false,9.05,false,1.108464e6,1.1033168999999997e6,false,3
94.116,use_adaptive_ngroute,0.004104619755196048,0,false,46.9995,false,false,9.549999999999999,false,1.108464e6,1.1039141767676764e6,false,3
95.173,use_SR3_cuts,0.003864018136809144,5,false,47.524499999999996,false,false,10.200000000000001,false,1.108464e6,1.104180875e6,false,0
371.855,none,0.0,0,false,123.81,true,false,10.200000000000001,false,1.108464e6,1.108464e6,false,0
