CG_time_taken,method,CG_LP_IP_gap,implemented_SR3_cuts_count,errored,CG_sp_time_taken_mean,converged,CGIP_artificial,ngroute_neighborhood_size,time_limit_reached,CGIP_objective,CGLP_objective,CGLP_artificial,cycles_lookup_length
4.845,use_lmSR3_cuts,0.026754792193036225,5,false,0.2787333333333333,false,false,7.75,false,1.110991e6,1.0812666666666665e6,false,0
2.676,use_lmSR3_cuts,0.017461287565185724,5,false,0.413,false,false,7.75,false,1.110991e6,1.0915916666666667e6,false,0
1.132,use_lmSR3_cuts,0.01704124215827718,2,false,0.28466666666666673,false,false,7.75,false,1.110991e6,1.0920583333333335e6,false,0
1.278,none,0.016132893965837725,0,false,0.4023333333333333,false,false,7.75,false,1.110991e6,1.0930675e6,false,0
