CG_time_taken,method,CG_LP_IP_gap,implemented_SR3_cuts_count,errored,CG_sp_time_taken_mean,converged,CGIP_artificial,ngroute_neighborhood_size,time_limit_reached,CGIP_objective,CGLP_objective,CGLP_artificial,cycles_lookup_length
10.065,use_adaptive_ngroute,0.05584354310212081,0,false,0.6086,false,false,7.75,false,1.221654e6,1.1534325121951217e6,false,6
2.305,use_lmSR3_cuts,0.055800644044876724,5,false,0.76,false,false,8.75,false,1.221654e6,1.1534849200000002e6,false,0
7.632,use_lmSR3_cuts,0.04430006569701084,4,false,1.496,false,false,8.75,false,1.221654e6,1.167534647540984e6,false,0
2.886,use_lmSR3_cuts,0.042545416114364465,4,false,1.405,false,false,8.75,false,1.221654e6,1.1696782222222222e6,false,0
6.121,use_lmSR3_cuts,0.039469366196082656,2,false,1.4977499999999997,false,false,8.75,false,1.221654e6,1.1734360909090908e6,false,0
3.926,use_lmSR3_cuts,0.03726440801958153,1,false,1.9425,false,false,8.75,false,1.221654e6,1.1761297868852462e6,false,0
1.853,use_lmSR3_cuts,0.03713068811507714,1,false,1.837,false,false,8.75,false,1.221654e6,1.1762931463414636e6,false,0
4.228,use_lmSR3_cuts,0.03711592495241567,10,false,2.0834999999999995,false,false,8.75,false,1.221654e6,1.1763111818181816e6,false,0
14.615,use_adaptive_ngroute,0.03589367125128995,0,false,3.59525,false,false,8.75,false,1.221654e6,1.1778043529411766e6,false,3
8.475,use_lmSR3_cuts,0.03562002912758433,10,false,2.7939999999999996,false,false,9.1,false,1.221654e6,1.1781386489361702e6,false,0
20.595,use_adaptive_ngroute,0.02812694579097963,0,false,5.08075,false,false,9.1,false,1.221654e6,1.1872926041666665e6,false,3
16.735,use_adaptive_ngroute,0.02729487442709977,0,false,5.551333333333334,false,false,9.25,false,1.221654e6,1.1883091074766358e6,false,3
17.258,use_lmSR3_cuts,0.027291115160266388,10,false,8.6125,false,false,9.700000000000001,false,1.221654e6,1.1883137e6,false,0
95.781,use_adaptive_ngroute,0.023604979427328532,0,false,19.1092,false,false,9.700000000000001,false,1.221654e6,1.1928168824626864e6,false,2
55.388,use_adaptive_ngroute,0.023560144641746605,0,false,18.43466666666667,false,false,9.799999999999999,false,1.221654e6,1.1928716550578317e6,false,1
19.488,use_lmSR3_cuts,0.023552138373820086,1,false,19.461,false,false,9.85,false,1.221654e6,1.1928814359470692e6,false,0
18.021,use_lmSR3_cuts,0.02340925300322816,1,false,17.993000000000002,false,false,9.85,false,1.221654e6,1.1930559924315943e6,false,0
55.846,use_lmSR3_cuts,0.023389246440647438,10,false,18.571,false,false,9.85,false,1.221654e6,1.1930804335287972e6,false,0
89.596,use_adaptive_ngroute,0.01958909431262723,0,false,17.879,false,false,9.85,false,1.221654e6,1.1977229045766017e6,false,2
37.502,use_adaptive_ngroute,0.019562151540225114,0,false,18.7015,false,false,10.05,false,1.221654e6,1.1977558193222778e6,false,1
94.455,use_adaptive_ngroute,0.021320909900114593,0,false,15.702333333333335,false,false,10.149999999999999,false,1.221654e6,1.1956072251368854e6,false,2
26.824,use_adaptive_ngroute,0.020743152098171347,0,false,13.3615,false,false,10.25,false,1.221654e6,1.1963130452666606e6,false,2
27.414,use_lmSR3_cuts,0.020723119650585375,4,false,13.670499999999999,false,false,10.35,false,1.221654e6,1.1963375179863838e6,false,0
44.223,use_adaptive_ngroute,0.02061634917234889,0,false,14.634333333333332,false,false,10.35,false,1.221654e6,1.1964679545682033e6,false,2
45.259,use_lmSR3_cuts,0.020139944221573503,2,false,15.045999999999998,false,false,10.45,false,1.221654e6,1.1970499565819378e6,false,0
15.137,use_lmSR3_cuts,0.019701367564441075,1,false,15.074000000000002,false,false,10.45,false,1.221654e6,1.1975857455094303e6,false,0
16.53,use_adaptive_ngroute,0.019680497802161856,0,false,16.493000000000002,false,false,10.45,false,1.221654e6,1.1976112411379977e6,false,1
52.502,use_lmSR3_cuts,0.01967761032595783,1,false,17.43466666666666,false,false,10.5,false,1.221654e6,1.1976147686348523e6,false,0
18.801,use_lmSR3_cuts,0.01967232313868661,10,false,18.765,false,false,10.5,false,1.221654e6,1.197621227748331e6,false,0
103.882,use_lmSR3_cuts,0.016082356236123085,2,false,25.887,false,false,10.5,false,1.221654e6,1.2020069251747152e6,false,0
153.539,use_adaptive_ngroute,0.015818478832696936,0,false,51.114,false,false,10.5,false,1.221654e6,1.2023292920601205e6,false,1
274.744,use_lmSR3_cuts,0.01601639865937987,3,false,54.894,false,false,10.6,false,1.221654e6,1.202087502512174e6,false,0
55.12,use_lmSR3_cuts,0.0159364331566082,10,false,55.039,false,false,10.6,false,1.221654e6,1.202185192688497e6,false,0
248.544,use_adaptive_ngroute,0.016437559592673123,0,false,62.04325,false,false,10.6,false,1.221654e6,1.2015729895733725e6,false,1
203.338,use_adaptive_ngroute,0.016192871369216988,0,false,50.777499999999996,false,false,10.8,false,1.221654e6,1.2018719139203106e6,false,2
51.543,use_adaptive_ngroute,0.016190223053257347,0,false,51.486,false,false,11.100000000000001,false,1.221654e6,1.201875149246096e6,false,1
80.561,use_lmSR3_cuts,0.016189703644581388,10,false,40.2415,false,false,11.15,false,1.221654e6,1.2018757837837825e6,false,0
192.216,use_lmSR3_cuts,0.0140090692802467,10,false,64.00266666666667,false,false,11.15,false,1.221654e6,1.2045397644775095e6,false,0
174.962,use_adaptive_ngroute,0.013261443507334048,0,false,58.24966666666667,false,false,11.15,false,1.221654e6,1.2054531044934914e6,false,1
151.712,use_lmSR3_cuts,0.013294088680137928,10,false,75.801,false,false,11.299999999999999,false,1.2216539986294373e6,1.2054132220352124e6,false,0
386.067,use_lmSR3_cuts,0.013343492021480885,10,false,96.443,false,false,11.299999999999999,false,1.221654e6,1.2053528695979898e6,false,0
303.355,use_lmSR3_cuts,0.0128979003918136,1,false,75.7605,false,false,11.299999999999999,false,1.221654e6,1.2058972283947393e6,false,0
153.093,use_lmSR3_cuts,0.01288667074495331,10,false,76.47,false,false,11.299999999999999,false,1.221654e6,1.2059109471377449e6,false,0
206.451,none,0.013105662501761373,0,false,85.507,false,false,11.299999999999999,true,1.221654e6,1.2056434149820732e6,false,0
