CG_time_taken,method,CG_LP_IP_gap,implemented_SR3_cuts_count,errored,CG_sp_time_taken_mean,converged,CGIP_artificial,ngroute_neighborhood_size,time_limit_reached,CGIP_objective,CGLP_objective,CGLP_artificial,cycles_lookup_length
21.743,use_adaptive_ngroute,0.0655277804901866,0,false,1.3525999999999996,false,false,7.75,false,1.075305e6,1.0048426499999999e6,false,4
3.525,use_adaptive_ngroute,0.02648122194463065,0,false,1.1456666666666668,false,false,8.45,false,1.033893e6,1.00651425e6,false,3
2.86,use_adaptive_ngroute,0.023853411329799123,0,false,1.4220000000000002,false,false,8.9,false,1.033893e6,1.009231125e6,false,2
2.703,use_lmSR3_cuts,0.022552623917562076,5,false,1.331,false,false,9.0,false,1.033893e6,1.010576e6,false,0
19.023,use_adaptive_ngroute,0.004286841225479954,0,false,3.139500000000001,false,false,9.0,false,1.033893e6,1.0294608648648649e6,false,1
20.545,use_lmSR3_cuts,0.0031923032654249672,5,false,4.0816,false,false,9.05,false,1.033893e6,1.0305925e6,false,0
29.273,none,0.0,0,false,4.821166666666667,true,false,9.05,false,1.033893e6,1.033893e6,false,0
