CG_time_taken,method,CG_LP_IP_gap,implemented_SR3_cuts_count,errored,CG_sp_time_taken_mean,converged,CGIP_artificial,ngroute_neighborhood_size,time_limit_reached,CGIP_objective,CGLP_objective,CGLP_artificial,cycles_lookup_length
16.227,use_adaptive_ngroute,0.08945094474467297,0,false,0.895625,false,false,7.75,false,1.167558e6,1.0631188338557992e6,false,10
6.991,use_adaptive_ngroute,0.07764592851061813,0,false,1.3444,false,false,9.45,false,1.167558e6,1.0769018749999998e6,false,4
2.928,use_lmSR3_cuts,0.06790664563852167,5,false,1.4349999999999998,false,false,9.700000000000001,false,1.167558e6,1.0882730526315789e6,false,0
16.185,use_lmSR3_cuts,0.06481367589999953,6,false,3.144,false,false,9.700000000000001,false,1.167558e6,1.0918842741935484e6,false,0
23.225,use_lmSR3_cuts,0.05743478648978928,2,false,4.5792,false,false,9.700000000000001,false,1.167558e6,1.1004995555555546e6,false,0
7.277,use_lmSR3_cuts,0.05535870594865522,1,false,3.5965,false,false,9.700000000000001,false,1.167558e6,1.1029235e6,false,0
4.23,use_adaptive_ngroute,0.05519782885875202,0,false,4.204,false,false,9.700000000000001,false,1.167558e6,1.1031113333333333e6,false,2
23.058,use_lmSR3_cuts,0.05558413372183646,10,false,4.5489999999999995,false,false,9.799999999999999,false,1.167558e6,1.1026603e6,false,0
33.559,use_adaptive_ngroute,0.050971005679410486,0,false,8.287,false,false,9.799999999999999,false,1.167558e6,1.1080463945509589e6,false,5
23.565,use_lmSR3_cuts,0.05012380541266448,3,false,11.721,false,false,10.4,false,1.167558e6,1.1090355500000003e6,false,0
49.768,use_adaptive_ngroute,0.046661691250007964,0,false,12.395249999999999,false,false,10.4,false,1.167558e6,1.1130777690875232e6,false,5
35.196,use_lmSR3_cuts,0.046571294530978524,2,false,17.5465,false,false,11.450000000000001,false,1.167558e6,1.1131833124999998e6,false,0
59.945,use_lmSR3_cuts,0.04596664541732742,2,false,19.933666666666667,false,false,11.450000000000001,false,1.167558e6,1.113889275409836e6,false,0
36.521,use_lmSR3_cuts,0.04583762711170991,10,false,18.223,false,false,11.450000000000001,false,1.167558e6,1.1140399117647063e6,false,0
42.756,use_lmSR3_cuts,0.04276358948719694,1,false,14.180333333333333,false,false,11.450000000000001,false,1.167558e6,1.1176290289855073e6,false,0
16.569,use_lmSR3_cuts,0.04273943314902351,10,false,16.532,false,false,11.450000000000001,false,1.167558e6,1.1176572329113923e6,false,0
111.466,use_adaptive_ngroute,0.039332028831952526,0,false,27.713,false,false,11.450000000000001,false,1.167558e6,1.1216355750810232e6,false,1
69.751,use_adaptive_ngroute,0.03931409428258614,0,false,23.19866666666666,false,false,11.5,false,1.167558e6,1.1216565147076123e6,false,1
74.371,use_lmSR3_cuts,0.03940863658637872,10,false,24.727,false,false,11.65,false,1.167558e6,1.1215461310844808e6,false,0
111.704,use_adaptive_ngroute,0.03703237571512685,0,false,27.855250000000005,false,false,11.65,false,1.167558e6,1.1243205534747979e6,false,2
38.635,use_lmSR3_cuts,0.03702865031734359,2,false,38.59,false,false,11.75,false,1.167558e6,1.124324903092783e6,false,0
99.155,use_adaptive_ngroute,0.036090856936376925,0,false,32.99166666666667,false,false,11.75,false,1.167558e6,1.1254198312570776e6,false,1
29.099,use_lmSR3_cuts,0.03608812868698408,2,false,29.051000000000002,false,false,11.899999999999999,false,1.167558e6,1.1254230166464823e6,false,0
25.157,use_lmSR3_cuts,0.03605061730298764,10,false,25.08,false,false,11.899999999999999,false,1.167558e6,1.1254668133629584e6,false,0
192.22,use_adaptive_ngroute,0.032170709813756915,0,false,38.3624,false,false,11.899999999999999,false,1.167558e6,1.1299968303912696e6,false,2
136.567,use_lmSR3_cuts,0.034378196596261845,10,false,45.409333333333336,false,false,12.2,false,1.167558e6,1.1274194615384617e6,false,0
145.59,use_lmSR3_cuts,0.032869963175389816,3,false,48.46333333333334,false,false,12.2,false,1.167558e6,1.1291804115348682e6,false,0
105.588,use_lmSR3_cuts,0.03276927807450458,10,false,52.7125,false,false,12.2,false,1.167558e6,1.1292979672298876e6,false,0
367.046,use_adaptive_ngroute,0.0307468187593517,0,false,73.2308,false,false,12.2,false,1.167558e6,1.1316593057829689e6,false,2
305.32,use_lmSR3_cuts,0.030498446603208107,1,false,101.67466666666668,false,false,12.3,false,1.167558e6,1.1319492946808515e6,false,0
317.612,use_lmSR3_cuts,0.030702531997948368,10,false,63.4,false,false,12.3,false,1.167558e6,1.1317110131455394e6,false,0
204.111,use_lmSR3_cuts,0.029667389147516987,1,false,67.952,false,false,12.3,false,1.167558e6,1.1329196024617034e6,false,0
126.474,use_lmSR3_cuts,0.029500706378548958,10,false,63.1315,false,false,12.3,false,1.167558e6,1.133114214262074e6,false,0
329.903,use_adaptive_ngroute,0.028627800122875913,0,false,82.35650000000001,false,false,12.3,false,1.167558e6,1.1341333829441352e6,false,2
231.565,use_lmSR3_cuts,0.028688128499149257,1,false,77.07366666666667,false,false,12.5,false,1.167558e6,1.1340629460657903e6,false,0
153.81,none,0.02866075303690152,0,false,86.461,false,false,12.5,true,1.167558e6,1.1340949085057413e6,false,0
