CG_time_taken,method,CG_LP_IP_gap,implemented_SR3_cuts_count,errored,CG_sp_time_taken_mean,converged,CGIP_artificial,ngroute_neighborhood_size,time_limit_reached,CGIP_objective,CGLP_objective,CGLP_artificial,cycles_lookup_length
11.659,use_lmSR3_cuts,0.08141916128611493,5,false,0.6885,false,false,7.75,false,1.07331e6,985922.0,false,0
9.04,use_lmSR3_cuts,0.06751777212548093,5,false,1.7598000000000003,false,false,7.75,false,1.07331e6,1.0008425e6,false,0
7.917,use_adaptive_ngroute,0.06069313863802528,0,false,1.498,false,false,7.75,false,1.07331e6,1.0081674473684211e6,false,3
6.812,use_lmSR3_cuts,0.06024750538055179,5,false,2.2426666666666666,false,false,8.5,false,1.07331e6,1.00864575e6,false,0
9.47,use_adaptive_ngroute,0.05621215678601721,0,false,1.8580000000000003,false,false,8.5,false,1.07331e6,1.0129769299999998e6,false,1
4.206,use_lmSR3_cuts,0.055903389204113196,5,false,2.081,false,false,8.55,false,1.07331e6,1.0133083333333333e6,false,0
12.495,use_lmSR3_cuts,0.04548730735851059,5,false,1.7384285714285712,false,false,8.55,false,1.064672e6,1.0162429374999998e6,false,0
7.939,use_lmSR3_cuts,0.022135442412258843,5,false,2.489333333333333,false,false,8.55,false,1.04125e6,1.0182014705882355e6,false,0
13.63,use_adaptive_ngroute,0.020030528917449497,0,false,3.3585,false,false,8.55,false,1.04125e6,1.0203932117647057e6,false,3
7.31,use_adaptive_ngroute,0.012531978423586443,0,false,3.641,false,false,9.25,false,1.033361e6,1.0204109422442243e6,false,1
10.89,use_lmSR3_cuts,0.012514840240813174,5,false,3.608333333333333,false,false,9.299999999999999,false,1.033361e6,1.0204286521739131e6,false,0
19.698,use_adaptive_ngroute,0.008176317376018538,0,false,4.85275,false,false,9.299999999999999,false,1.033361e6,1.0249119125000001e6,false,3
15.326,use_lmSR3_cuts,0.00814310578054489,5,false,5.081,false,false,9.549999999999999,false,1.033361e6,1.0249462320675104e6,false,0
26.375,use_lmSR3_cuts,0.006437359527860842,5,false,6.5600000000000005,false,false,9.549999999999999,false,1.033361e6,1.0267088837209302e6,false,0
36.952,use_adaptive_ngroute,0.003926111890317774,0,false,7.353800000000001,false,false,9.549999999999999,false,1.033361e6,1.0293039090909093e6,false,2
28.208,use_lmSR3_cuts,0.0030435787256880564,5,false,9.367666666666668,false,false,9.799999999999999,false,1.033361e6,1.0302158844444442e6,false,0
96.836,use_lmSR3_cuts,0.0006679632684141179,5,false,13.786857142857142,false,false,9.799999999999999,false,1.033361e6,1.0326707528089883e6,false,0
40.798,none,-1.1102230246251565e-15,0,false,13.505666666666666,true,false,9.799999999999999,false,1.033361e6,1.033361000000001e6,false,0
