CG_time_taken,method,CG_LP_IP_gap,implemented_SR3_cuts_count,errored,CG_sp_time_taken_mean,converged,CGIP_artificial,ngroute_neighborhood_size,time_limit_reached,CGIP_objective,CGLP_objective,CGLP_artificial,cycles_lookup_length
9.699,use_adaptive_ngroute,0.14619899568092487,0,false,0.49611764705882355,false,false,7.75,false,1.248478e6,1.0659517702702703e6,false,9
3.925,use_adaptive_ngroute,0.01966667308510306,0,false,0.6251666666666666,false,false,9.05,false,1.103144e6,1.081448827586207e6,false,3
1.108,use_lmSR3_cuts,0.016706008765250302,5,false,0.5399999999999999,false,false,9.700000000000001,false,1.103144e6,1.0847148666666667e6,false,0
4.234,use_adaptive_ngroute,0.005173232143763751,0,false,1.378,false,false,9.700000000000001,false,1.103144e6,1.09743718e6,false,6
5.528,use_lmSR3_cuts,0.004818878284853612,4,false,1.8096666666666665,false,false,10.3,false,1.103144e6,1.0978280833333335e6,false,0
3.164,use_lmSR3_cuts,0.0037979326966077753,1,false,1.5655000000000001,false,false,10.3,false,1.103144e6,1.0989543333333333e6,false,0
6.21,use_lmSR3_cuts,0.005104320016244501,1,false,2.034333333333333,false,false,10.3,false,1.103144e6,1.0975132e6,false,0
1.337,use_lmSR3_cuts,0.003290141631556165,10,false,1.323,false,false,10.3,false,1.103144e6,1.0995144999999986e6,false,0
5.875,use_lmSR3_cuts,0.0004735746671616914,1,false,2.892,false,false,10.3,false,1.103144e6,1.1026215789473685e6,false,0
4.044,none,0.0,0,false,1.992,true,false,10.3,false,1.103144e6,1.103144e6,false,0
