CG_time_taken,method,CG_LP_IP_gap,implemented_SR3_cuts_count,errored,CG_sp_time_taken_mean,converged,CGIP_artificial,ngroute_neighborhood_size,time_limit_reached,CGIP_objective,CGLP_objective,CGLP_artificial,cycles_lookup_length
11.758,use_adaptive_ngroute,0.06822071906696348,0,false,0.7019333333333332,false,false,7.75,false,1.143996e6,1.06595177027027e6,false,9
4.429,use_adaptive_ngroute,0.020171638718265217,0,false,0.706,false,false,9.05,false,1.103144e6,1.080891777777778e6,false,6
3.288,use_lmSR3_cuts,0.016706008765250524,5,false,0.81025,false,false,10.0,false,1.103144e6,1.0847148666666665e6,false,0
9.716,use_adaptive_ngroute,0.006029851834207234,0,false,1.904,false,false,10.0,false,1.103144e6,1.0964922051282052e6,false,6
9.985,use_lmSR3_cuts,0.004928338155912981,5,false,3.300333333333333,false,false,10.6,false,1.103144e6,1.0977073333333335e6,false,0
16.578,none,0.0024049444134219833,0,false,4.1035,false,false,10.6,false,1.103144e6,1.100491e6,false,0
