CG_time_taken,method,CG_LP_IP_gap,implemented_SR3_cuts_count,errored,CG_sp_time_taken_mean,converged,CGIP_artificial,ngroute_neighborhood_size,time_limit_reached,CGIP_objective,CGLP_objective,CGLP_artificial,cycles_lookup_length
9.71,use_adaptive_ngroute,0.12663246033500464,0,false,0.4519473684210527,false,false,7.75,false,1.203286e6,1.0509109333333336e6,false,12
3.461,use_adaptive_ngroute,0.06701037270367038,0,false,0.6726,false,false,9.6,false,1.137794e6,1.06155e6,false,10
2.486,use_adaptive_ngroute,0.06517748170499038,0,false,0.811,false,false,10.8,false,1.137794e6,1.0636354523809522e6,false,1
1.86,use_lmSR3_cuts,0.06430501132947286,9,false,0.9189999999999999,false,false,10.9,false,1.137794e6,1.0646281439393938e6,false,0
10.196,use_adaptive_ngroute,0.04818180326725785,0,false,1.4058571428571431,false,false,10.9,false,1.137794e6,1.0829730333333337e6,false,1
4.405,use_lmSR3_cuts,0.04800029848364751,5,false,1.43,false,false,11.100000000000001,false,1.137794e6,1.0831795483870967e6,false,0
12.251,use_lmSR3_cuts,0.04653224670820111,1,false,1.7112857142857143,false,false,11.100000000000001,false,1.137794e6,1.084849888888889e6,false,0
3.411,use_lmSR3_cuts,0.046426704935857876,10,false,1.6689999999999998,false,false,11.100000000000001,false,1.137794e6,1.0849699736842106e6,false,0
15.345,use_lmSR3_cuts,0.04203569459530876,1,false,3.79575,false,false,11.100000000000001,false,1.137794e6,1.0899660389036252e6,false,0
9.361,use_adaptive_ngroute,0.04181636500733965,0,false,3.0793333333333335,false,false,11.100000000000001,false,1.137794e6,1.090215590792839e6,false,2
3.159,use_lmSR3_cuts,0.04181445356101343,10,false,3.138,false,false,11.2,false,1.137794e6,1.0902177656250002e6,false,0
11.548,use_lmSR3_cuts,0.040280189762785246,1,false,3.811666666666667,false,false,11.2,false,1.137794e6,1.0919634417690416e6,false,0
4.127,use_lmSR3_cuts,0.04027813322859386,10,false,4.102,false,false,11.2,false,1.137794e6,1.0919657816813053e6,false,0
14.055,use_lmSR3_cuts,0.03899514475185417,10,false,4.632666666666666,false,false,11.2,false,1.137794e6,1.0934255582722088e6,false,0
27.178,use_adaptive_ngroute,0.038299129438366775,0,false,6.722249999999999,false,false,11.2,false,1.137794e6,1.0942174803198029e6,false,1
12.938,use_lmSR3_cuts,0.038293357092466174,10,false,6.424,false,false,11.25,false,1.137794e6,1.0942240480603345e6,false,0
27.819,none,0.037673339813717455,0,false,9.216999999999999,false,false,11.25,false,1.137794e6,1.0949294999999912e6,false,0
