CG_time_taken,method,CG_LP_IP_gap,implemented_SR3_cuts_count,errored,CG_sp_time_taken_mean,converged,CGIP_artificial,ngroute_neighborhood_size,time_limit_reached,CGIP_objective,CGLP_objective,CGLP_artificial,cycles_lookup_length
13.232,use_adaptive_ngroute,0.10055936654384967,0,false,0.6271052631578949,false,false,7.75,false,1.168405e6,1.0509109333333333e6,false,12
7.462,use_adaptive_ngroute,0.06701037270367038,0,false,1.0382857142857143,false,false,9.6,false,1.137794e6,1.06155e6,false,8
4.141,use_adaptive_ngroute,0.06517748170499038,0,false,1.3483333333333332,false,false,10.55,false,1.137794e6,1.0636354523809522e6,false,1
2.9,use_lmSR3_cuts,0.06430501132947264,5,false,1.4284999999999999,false,false,10.65,false,1.137794e6,1.064628143939394e6,false,0
23.081,use_adaptive_ngroute,0.04768742707200202,0,false,2.83625,false,false,10.65,false,1.126734e6,1.0730029545454548e6,false,2
3.075,use_adaptive_ngroute,0.04748358973812827,0,false,3.0620000000000003,false,false,10.75,false,1.126734e6,1.0732326249999998e6,false,1
6.97,use_adaptive_ngroute,0.04748358973812805,0,false,3.4595000000000002,false,false,10.95,false,1.126734e6,1.073232625e6,false,2
3.837,use_lmSR3_cuts,0.04723760276582967,5,false,3.825,false,false,11.450000000000001,false,1.126734e6,1.0735097868852457e6,false,0
15.433,use_lmSR3_cuts,0.04013454333094979,5,false,3.829,false,false,11.450000000000001,false,1.126734e6,1.0815130454545456e6,false,0
29.802,use_lmSR3_cuts,0.03873355471963924,5,false,4.924833333333334,false,false,11.450000000000001,false,1.126734e6,1.083091586956522e6,false,0
19.665,use_lmSR3_cuts,0.03799626965094627,5,false,6.518666666666666,false,false,11.450000000000001,false,1.126734e6,1.0839223111111107e6,false,0
39.513,use_lmSR3_cuts,0.03758337242123411,5,false,7.869800000000001,false,false,11.450000000000001,false,1.126734e6,1.0843875364583333e6,false,0
32.323,use_lmSR3_cuts,0.03737433196793183,5,false,8.043999999999999,false,false,11.450000000000001,false,1.126734e6,1.0846230694444443e6,false,0
41.155,use_adaptive_ngroute,0.03698665446682281,0,false,10.24275,false,false,11.450000000000001,false,1.126734e6,1.085059878865979e6,false,1
10.555,use_lmSR3_cuts,0.03698001343843227,5,false,10.520999999999999,false,false,11.5,false,1.126734e6,1.0850673615384614e6,false,0
41.353,use_lmSR3_cuts,0.03639340058805485,5,false,10.29025,false,false,11.5,false,1.126734e6,1.0857283181818186e6,false,0
38.855,use_lmSR3_cuts,0.03622912261089173,5,false,12.906666666666666,false,false,11.5,false,1.126734e6,1.0859134157641395e6,false,0
53.593,use_lmSR3_cuts,0.03564698876791139,5,false,13.324,false,false,11.5,false,1.126734e6,1.0865693257575762e6,false,0
62.252,use_lmSR3_cuts,0.035398010337655994,5,false,12.3906,false,false,11.5,false,1.126734e6,1.0868498582202115e6,false,0
59.845,use_lmSR3_cuts,0.03521533993401349,5,false,14.91725,false,false,11.5,false,1.126734e6,1.0870556791747892e6,false,0
28.044,use_lmSR3_cuts,0.035116540372438276,5,false,13.9745,false,false,11.5,false,1.126734e6,1.0871670000000012e6,false,0
56.492,use_lmSR3_cuts,0.03503118464834354,5,false,14.08725,false,false,11.5,false,1.126734e6,1.0872631731964333e6,false,0
37.336,use_lmSR3_cuts,0.034960375277806044,5,false,12.370333333333335,false,false,11.5,false,1.126734e6,1.0873429565217365e6,false,0
24.318,use_lmSR3_cuts,0.03492815237856062,5,false,12.110000000000001,false,false,11.5,false,1.126734e6,1.0873792631578948e6,false,0
40.641,use_lmSR3_cuts,0.0348958815813003,2,false,13.487333333333334,false,false,11.5,false,1.126734e6,1.0874156237623752e6,false,0
27.286,use_lmSR3_cuts,0.0348882597841802,5,false,13.5825,false,false,11.5,false,1.126734e6,1.0874242115003315e6,false,0
35.276,use_lmSR3_cuts,0.03486647517179031,5,false,17.567000000000004,false,false,11.5,false,1.126734e6,1.087448756963788e6,false,0
30.595,none,0.03485779252245991,0,false,15.235499999999998,false,false,11.5,false,1.126734e6,1.0874585399999986e6,false,0
