CG_time_taken,method,CG_LP_IP_gap,implemented_SR3_cuts_count,errored,CG_sp_time_taken_mean,converged,CGIP_artificial,ngroute_neighborhood_size,time_limit_reached,CGIP_objective,CGLP_objective,CGLP_artificial,cycles_lookup_length
24.177,use_adaptive_ngroute,0.13855074084732288,0,false,1.4135624999999998,false,false,7.75,false,1.170435e6,1.0082703636363636e6,false,9
11.194,use_adaptive_ngroute,0.022986987542294335,0,false,2.7465,false,false,9.85,false,1.059933e6,1.0355683333333334e6,false,3
11.584,use_adaptive_ngroute,0.019075545341073585,0,false,2.842,false,false,10.0,false,1.059933e6,1.0397141999999998e6,false,1
10.782,use_lmSR3_cuts,0.019015667342495712,5,false,2.6610000000000005,false,false,10.05,false,1.059933e6,1.0397776666666665e6,false,0
27.093,use_adaptive_ngroute,0.014729232885474786,0,false,6.7265,false,false,10.05,false,1.059933e6,1.044321e6,false,3
12.758,use_lmSR3_cuts,0.014312602777722727,5,false,6.3525,false,false,10.200000000000001,false,1.059933e6,1.0447626e6,false,0
43.705,use_lmSR3_cuts,0.0028678699502704408,5,false,10.873249999999999,false,false,10.200000000000001,false,1.059933e6,1.05689325e6,false,0
34.425,none,0.0,0,false,11.432333333333334,true,false,10.200000000000001,false,1.059933e6,1.059933e6,false,0
