CG_time_taken,method,CG_LP_IP_gap,implemented_SR3_cuts_count,errored,CG_sp_time_taken_mean,converged,CGIP_artificial,ngroute_neighborhood_size,time_limit_reached,CGIP_objective,CGLP_objective,CGLP_artificial,cycles_lookup_length
8.187,use_adaptive_ngroute,0.02462299018256331,0,false,0.5212857142857141,false,false,7.75,false,1.146124e6,1.1179029999999998e6,false,4
1.118,use_lmSR3_cuts,0.024118681748222737,5,false,0.538,false,false,8.200000000000001,false,1.146124e6,1.118481e6,false,0
6.09,use_adaptive_ngroute,0.019172794566730933,0,false,1.186,false,false,8.200000000000001,false,1.146124e6,1.1241496e6,false,2
3.848,use_lmSR3_cuts,0.019172794566730933,5,false,1.2559999999999998,false,false,8.9,false,1.146124e6,1.1241496e6,false,0
8.975,use_lmSR3_cuts,0.015527988245599977,4,false,1.7584000000000002,false,false,8.9,false,1.146124e6,1.128327e6,false,0
7.219,use_lmSR3_cuts,0.013858011873060905,4,false,1.77275,false,false,8.9,false,1.146124e6,1.130241e6,false,0
3.457,use_lmSR3_cuts,0.012563213055480915,5,false,1.6345,false,false,8.9,false,1.146124e6,1.131725e6,false,0
7.171,use_lmSR3_cuts,0.007245042623313047,4,false,1.76325,false,false,8.9,false,1.140573e6,1.1323095e6,false,0
8.502,none,0.006619041481781496,0,false,2.08725,false,false,8.9,false,1.140573e6,1.1330235e6,false,0
