CG_time_taken,method,CG_LP_IP_gap,implemented_SR3_cuts_count,errored,CG_sp_time_taken_mean,converged,CGIP_artificial,ngroute_neighborhood_size,time_limit_reached,CGIP_objective,CGLP_objective,CGLP_artificial,cycles_lookup_length
10.735,use_lmSR3_cuts,0.03427233289177123,1,false,0.6412,false,false,7.75,false,1.114981e6,1.076768e6,false,0
5.622,use_lmSR3_cuts,0.03195570148728988,1,false,1.0934,false,false,7.75,false,1.114981e6,1.079351e6,false,0
4.005,use_lmSR3_cuts,0.029635931015864814,1,false,1.3123333333333334,false,false,7.75,false,1.114981e6,1.0819375e6,false,0
6.621,none,0.02487396646220874,0,false,1.2872,false,false,7.75,false,1.114981e6,1.087247e6,false,0
