CG_time_taken,method,CG_LP_IP_gap,implemented_SR3_cuts_count,errored,CG_sp_time_taken_mean,converged,CGIP_artificial,ngroute_neighborhood_size,time_limit_reached,CGIP_objective,CGLP_objective,CGLP_artificial,cycles_lookup_length
12.83,use_adaptive_ngroute,0.06496760063395168,0,false,0.75175,false,false,7.75,false,1.196937e6,1.1191748749999998e6,false,2
3.541,use_adaptive_ngroute,0.009800287718099598,0,false,0.866,false,false,8.05,false,1.135834e6,1.1247025e6,false,1
2.204,use_adaptive_ngroute,0.004575562978392789,0,false,0.721,false,false,8.25,false,1.135834e6,1.1306369200000002e6,false,2
3.305,use_lmSR3_cuts,0.00432770594607601,5,false,0.8095,false,false,8.35,false,1.135834e6,1.1309184444444447e6,false,0
4.536,none,0.0,0,false,1.1170000000000002,true,false,8.35,false,1.135834e6,1.135834e6,false,0
