CG_time_taken,method,CG_LP_IP_gap,implemented_SR3_cuts_count,errored,CG_sp_time_taken_mean,converged,CGIP_artificial,ngroute_neighborhood_size,time_limit_reached,CGIP_objective,CGLP_objective,CGLP_artificial,cycles_lookup_length
6.808,use_adaptive_ngroute,0.07152291255790488,0,false,0.39274999999999993,false,false,7.75,false,1.220968e6,1.1336408125e6,false,2
1.114,use_adaptive_ngroute,0.04115893219459277,0,false,0.35900000000000004,false,false,8.0,false,1.186808e6,1.1379602499999998e6,false,2
1.784,use_adaptive_ngroute,0.04094954702024256,0,false,0.437,false,false,8.200000000000001,false,1.186808e6,1.13820875e6,false,2
0.832,use_lmSR3_cuts,0.03834312127734496,5,false,0.40900000000000003,false,false,8.3,false,1.186808e6,1.1413020769230768e6,false,0
4.965,use_lmSR3_cuts,0.03283218515547581,2,false,0.8163333333333332,false,false,8.3,false,1.186808e6,1.1478425e6,false,0
6.152,use_lmSR3_cuts,0.010275118967919772,5,false,1.202,false,false,8.3,false,1.160607e6,1.1486816249999995e6,false,0
3.664,use_adaptive_ngroute,0.008149076302314429,0,false,1.1780000000000002,false,false,8.3,false,1.160607e6,1.1511491249999998e6,false,1
3.126,use_lmSR3_cuts,0.007893498832938328,2,false,1.0206666666666666,false,false,8.35,false,1.160607e6,1.15144575e6,false,0
3.83,use_lmSR3_cuts,0.007643198774434645,1,false,1.2413333333333334,false,false,8.35,false,1.160607e6,1.1517362499999998e6,false,0
1.025,use_lmSR3_cuts,0.007203816623542525,4,false,1.013,false,false,8.35,false,1.160607e6,1.1522462000000002e6,false,0
3.521,use_adaptive_ngroute,0.007037955138991969,0,false,1.1466666666666665,false,false,8.35,false,1.160607e6,1.1524387e6,false,3
4.858,use_lmSR3_cuts,0.007037955138991969,5,false,1.1909999999999998,false,false,8.6,false,1.160607e6,1.1524387e6,false,0
6.836,use_lmSR3_cuts,0.005668240842938266,5,false,1.6627500000000002,false,false,8.6,false,1.160607e6,1.1540284e6,false,0
10.083,none,0.005542789247350743,0,false,1.3952857142857142,false,false,8.6,false,1.160607e6,1.154174e6,false,0
