CG_time_taken,method,CG_LP_IP_gap,implemented_SR3_cuts_count,errored,CG_sp_time_taken_mean,converged,CGIP_artificial,ngroute_neighborhood_size,time_limit_reached,CGIP_objective,CGLP_objective,CGLP_artificial,cycles_lookup_length
6.755,use_adaptive_ngroute,0.02323455528012497,0,false,0.3268888888888889,false,false,7.75,false,1.160607e6,1.1336408125e6,false,2
1.079,use_adaptive_ngroute,0.019512849741557647,0,false,0.255,false,false,8.0,false,1.160607e6,1.13796025e6,false,2
2.002,use_adaptive_ngroute,0.019298737643319352,0,false,0.3908,false,false,8.200000000000001,false,1.160607e6,1.13820875e6,false,2
1.169,use_lmSR3_cuts,0.016633471172346037,4,false,0.381,false,false,8.3,false,1.160607e6,1.141302076923077e6,false,0
1.428,use_lmSR3_cuts,0.01099812425739266,10,false,0.4666666666666666,false,false,8.3,false,1.160607e6,1.1478425000000002e6,false,0
1.848,use_lmSR3_cuts,0.010275118967919328,1,false,0.606,false,false,8.3,false,1.160607e6,1.148681625e6,false,0
1.132,use_lmSR3_cuts,0.009662185390920452,10,false,0.5565,false,false,8.3,false,1.160607e6,1.149393e6,false,0
0.748,use_lmSR3_cuts,0.007893498832938328,2,false,0.661,false,false,8.3,false,1.160607e6,1.15144575e6,false,0
3.125,use_adaptive_ngroute,0.007238597274242253,0,false,0.74975,false,false,8.3,false,1.160607e6,1.1522058333333335e6,false,1
2.277,use_lmSR3_cuts,0.00620925084890922,2,false,0.5585,false,false,8.35,false,1.160607e6,1.1534005e6,false,0
1.479,use_adaptive_ngroute,0.005974029107182144,0,false,0.719,false,false,8.35,false,1.160607e6,1.1536735000000007e6,false,1
0.728,use_adaptive_ngroute,0.005104512839689268,0,false,0.712,false,false,8.4,false,1.160607e6,1.1546826666666667e6,false,6
2.708,use_adaptive_ngroute,0.004545274824103274,0,false,0.66225,false,false,9.299999999999999,false,1.160607e6,1.155331722222222e6,false,3
1.809,none,0.004493338399647717,0,false,0.8929999999999999,false,false,9.6,false,1.160607e6,1.155392e6,false,0
