CG_time_taken,method,CG_LP_IP_gap,implemented_SR3_cuts_count,errored,CG_sp_time_taken_mean,converged,CGIP_artificial,ngroute_neighborhood_size,time_limit_reached,CGIP_objective,CGLP_objective,CGLP_artificial,cycles_lookup_length
11.268,use_lmSR3_cuts,0.010457446595660946,1,false,0.6463749999999999,false,false,7.75,false,1.049587e6,1.038611e6,false,0
4.807,use_lmSR3_cuts,0.008476667489212497,5,false,1.1600000000000001,false,false,7.75,false,1.049587e6,1.0406899999999999e6,false,0
3.631,use_adaptive_ngroute,0.0007602990509598673,0,false,1.141,false,false,7.75,false,1.049587e6,1.0487890000000002e6,false,1
2.269,use_adaptive_ngroute,0.0005878782909511937,0,false,1.1145,false,false,7.8500000000000005,false,1.049587e6,1.0489699705882354e6,false,2
3.625,use_adaptive_ngroute,0.0003951103650317034,0,false,1.1976666666666667,false,false,8.05,false,1.049587e6,1.0491722972972975e6,false,1
1.601,use_lmSR3_cuts,0.0003847127238468806,5,false,1.589,false,false,8.1,false,1.049587e6,1.0491832105263157e6,false,0
6.526,none,0.0,0,false,1.5875000000000001,true,false,8.1,false,1.049587e6,1.049587e6,false,0
