CG_time_taken,method,CG_LP_IP_gap,implemented_SR3_cuts_count,errored,CG_sp_time_taken_mean,converged,CGIP_artificial,ngroute_neighborhood_size,time_limit_reached,CGIP_objective,CGLP_objective,CGLP_artificial,cycles_lookup_length
17.484,use_lmSR3_cuts,0.010457446595660946,10,false,0.7051304347826088,false,false,7.75,false,1.049587e6,1.038611e6,false,0
4.389,use_lmSR3_cuts,0.008476667489212386,10,false,1.4266666666666667,false,false,7.75,false,1.049587e6,1.04069e6,false,0
6.802,use_lmSR3_cuts,0.0009337005888983008,6,false,1.3239999999999998,false,false,7.75,false,1.049587e6,1.048607e6,false,0
8.164,none,0.0,0,false,1.5978,true,false,7.75,false,1.049587e6,1.049587e6,false,0
