CG_time_taken,method,CG_LP_IP_gap,implemented_SR3_cuts_count,errored,CG_sp_time_taken_mean,converged,CGIP_artificial,ngroute_neighborhood_size,time_limit_reached,CGIP_objective,CGLP_objective,CGLP_artificial,cycles_lookup_length
16.834,use_adaptive_ngroute,0.11485156572532329,0,false,0.9832500000000001,false,false,7.75,false,1.236956e6,1.094889666666667e6,false,8
10.202,use_adaptive_ngroute,0.06832486975355612,0,false,1.645666666666667,false,false,9.350000000000001,false,1.19581e6,1.1141064375e6,false,6
4.308,use_lmSR3_cuts,0.0643036937306094,5,false,1.415333333333333,false,false,9.700000000000001,false,1.19581e6,1.118915e6,false,0
17.264,use_lmSR3_cuts,0.027245007412049604,5,false,3.3842,false,false,9.700000000000001,false,1.161622e6,1.1299736e6,false,0
18.794,use_adaptive_ngroute,0.02160850560075278,0,false,3.6936000000000004,false,false,9.700000000000001,false,1.161622e6,1.1365210845070423e6,false,7
22.573,use_adaptive_ngroute,0.018034648486723093,0,false,5.613250000000001,false,false,10.5,false,1.161622e6,1.1406725555555557e6,false,2
10.801,use_lmSR3_cuts,0.017946882319148205,5,false,5.343,false,false,10.75,false,1.161622e6,1.1407745066666664e6,false,0
13.335,use_adaptive_ngroute,0.011810847884028308,0,false,4.404333333333334,false,false,10.75,false,1.161622e6,1.1479022592592593e6,false,4
4.565,use_lmSR3_cuts,0.011671518277945658,5,false,4.5489999999999995,false,false,10.95,false,1.161622e6,1.1480641075949362e6,false,0
15.518,use_adaptive_ngroute,0.009243895604594377,0,false,5.134666666666667,false,false,10.95,false,1.161622e6,1.1508840875e6,false,2
5.359,use_lmSR3_cuts,0.009236982378471037,5,false,5.34,false,false,11.25,false,1.161622e6,1.1508921180555557e6,false,0
33.282,use_lmSR3_cuts,0.007142942785636097,5,false,8.26775,false,false,11.25,false,1.161622e6,1.1533246005154639e6,false,0
31.689,use_adaptive_ngroute,0.005347214378227272,0,false,10.516,false,false,11.25,false,1.161622e6,1.155410558139535e6,false,1
21.962,use_adaptive_ngroute,0.004749634982640583,0,false,10.944,false,false,11.299999999999999,false,1.161622e6,1.156104719512195e6,false,1
26.201,use_lmSR3_cuts,0.004718402371856278,5,false,13.058,false,false,11.5,false,1.161622e6,1.1561409999999995e6,false,0
17.559,none,0.00405252310992732,0,false,8.733500000000001,false,false,11.5,false,1.161622e6,1.1569145e6,false,0
