CG_time_taken,method,CG_LP_IP_gap,implemented_SR3_cuts_count,errored,CG_sp_time_taken_mean,converged,CGIP_artificial,ngroute_neighborhood_size,time_limit_reached,CGIP_objective,CGLP_objective,CGLP_artificial,cycles_lookup_length
9.74,use_adaptive_ngroute,0.10188101745670819,0,false,0.5524375,false,false,7.75,false,1.219092e6,1.0948896666666667e6,false,8
4.435,use_adaptive_ngroute,0.040904496040880756,0,false,0.7221666666666666,false,false,9.350000000000001,false,1.161622e6,1.1141064375e6,false,6
2.384,use_lmSR3_cuts,0.03676497173779425,2,false,1.162,false,false,9.700000000000001,false,1.161622e6,1.118915e6,false,0
4.133,use_adaptive_ngroute,0.031337377821700985,0,false,1.3466666666666665,false,false,9.700000000000001,false,1.161622e6,1.1252198125e6,false,1
3.358,use_lmSR3_cuts,0.029716694989132986,5,false,1.637,false,false,9.899999999999999,false,1.161622e6,1.1271024333333333e6,false,0
3.042,use_lmSR3_cuts,0.02799792014958391,10,false,0.9906666666666668,false,false,9.899999999999999,false,1.161622e6,1.129099e6,false,0
10.995,use_lmSR3_cuts,0.02184091068604177,3,false,1.7800000000000002,false,false,9.899999999999999,false,1.161622e6,1.1362511176470588e6,false,0
5.73,use_adaptive_ngroute,0.019578658117700987,0,false,1.8679999999999999,false,false,9.899999999999999,false,1.161622e6,1.138879e6,false,2
5.997,use_adaptive_ngroute,0.01822631056689117,0,false,1.9843333333333333,false,false,10.149999999999999,false,1.161622e6,1.1404499166666667e6,false,1
2.41,use_lmSR3_cuts,0.018043103704650565,6,false,2.39,false,false,10.200000000000001,false,1.161622e6,1.1406627337883965e6,false,0
9.424,use_lmSR3_cuts,0.01670701034349431,10,false,3.099333333333333,false,false,10.200000000000001,false,1.161622e6,1.1422147692307695e6,false,0
16.554,use_adaptive_ngroute,0.012674157897458183,0,false,4.089,false,false,10.200000000000001,false,1.161622e6,1.1468994193548388e6,false,1
14.043,use_adaptive_ngroute,0.012305642028564212,0,false,4.642333333333334,false,false,10.3,false,1.161622e6,1.1473274954954952e6,false,1
6.149,use_lmSR3_cuts,0.011978237703865857,2,false,6.117999999999999,false,false,10.35,false,1.161622e6,1.14770781556196e6,false,0
20.384,use_lmSR3_cuts,0.011847227411324823,1,false,5.0325,false,false,10.35,false,1.161622e6,1.147860000000002e6,false,0
9.329,use_lmSR3_cuts,0.011676489139037294,10,false,4.6195,false,false,10.35,false,1.161622e6,1.1480583333333333e6,false,0
19.068,use_adaptive_ngroute,0.009087094301516885,0,false,6.301333333333334,false,false,10.35,false,1.161622e6,1.1510662313432833e6,false,1
7.573,use_lmSR3_cuts,0.009078284352285637,3,false,7.537,false,false,10.4,false,1.161622e6,1.1510764651741292e6,false,0
18.066,use_lmSR3_cuts,0.008733965667546695,10,false,8.984,false,false,10.4,false,1.161622e6,1.151476433333333e6,false,0
41.397,use_adaptive_ngroute,0.004318820502599685,0,false,6.812833333333334,false,false,10.4,false,1.161622e6,1.1566051630901292e6,false,2
29.87,use_lmSR3_cuts,0.003376055205565942,10,false,7.406249999999999,false,false,10.6,false,1.161622e6,1.1577003e6,false,0
21.209,use_lmSR3_cuts,0.0034379467628840032,3,false,5.2285,false,false,10.6,false,1.161622e6,1.1576284054054052e6,false,0
13.429,use_lmSR3_cuts,0.0022689075303512496,10,false,6.6625,false,false,10.6,false,1.161622e6,1.1589863870967783e6,false,0
27.299,none,-4.440892098500626e-16,0,false,13.5805,true,false,10.6,false,1.161622e6,1.1616220000000005e6,false,0
