CG_time_taken,method,CG_LP_IP_gap,implemented_SR3_cuts_count,errored,CG_sp_time_taken_mean,converged,CGIP_artificial,ngroute_neighborhood_size,time_limit_reached,CGIP_objective,CGLP_objective,CGLP_artificial,cycles_lookup_length
6.326,use_adaptive_ngroute,0.05987126911687646,0,false,0.47925000000000006,false,false,7.75,false,1.136583e6,1.0685343333333333e6,false,11
4.631,use_lmSR3_cuts,0.0556664141554114,1,false,0.5011111111111111,false,false,9.5,false,1.136583e6,1.0733135e6,false,0
9.715,use_lmSR3_cuts,0.054665607351156886,1,false,1.1848750000000001,false,false,9.5,false,1.136583e6,1.074451e6,false,0
5.354,use_lmSR3_cuts,0.05294114024228758,1,false,1.0430000000000001,false,false,9.5,false,1.136583e6,1.076411e6,false,0
3.209,use_adaptive_ngroute,0.05011629888299707,0,false,1.0526666666666666,false,false,9.5,false,1.136583e6,1.0796216666666665e6,false,1
3.847,use_adaptive_ngroute,0.048951770350251556,0,false,1.2676666666666667,false,false,9.549999999999999,false,1.136583e6,1.08094525e6,false,1
3.503,use_adaptive_ngroute,0.04867821649042192,0,false,1.1516666666666668,false,false,9.65,false,1.136583e6,1.0812561666666667e6,false,1
3.804,use_lmSR3_cuts,0.048626893064562804,5,false,1.2423333333333333,false,false,9.700000000000001,false,1.136583e6,1.0813145e6,false,0
2.908,use_lmSR3_cuts,0.048131108770762876,1,false,1.3479999999999999,false,false,9.700000000000001,false,1.136583e6,1.081878e6,false,0
5.107,use_adaptive_ngroute,0.045866255655427346,0,false,1.6736666666666666,false,false,9.700000000000001,false,1.136583e6,1.0844521935483874e6,false,1
8.646,use_adaptive_ngroute,0.044148174614789704,0,false,1.7010000000000003,false,false,9.799999999999999,false,1.136583e6,1.0864049352517985e6,false,3
3.953,use_lmSR3_cuts,0.04363050446396999,5,false,1.957,false,false,10.25,false,1.136583e6,1.0869933103448276e6,false,0
3.689,use_lmSR3_cuts,0.03736550696253571,2,false,1.8079999999999998,false,false,10.25,false,1.136583e6,1.0941140000000002e6,false,0
5.99,use_lmSR3_cuts,0.022389671447723636,5,false,1.9616666666666667,false,false,10.25,false,1.12105e6,1.0959500588235294e6,false,0
12.689,use_lmSR3_cuts,0.018128837548131882,2,false,3.1405,false,false,10.25,false,1.12105e6,1.1007266666666667e6,false,0
9.434,use_lmSR3_cuts,0.018128837548132104,1,false,3.1180000000000003,false,false,10.25,false,1.12105e6,1.1007266666666665e6,false,0
5.654,use_lmSR3_cuts,0.01774365943692502,5,false,2.816,false,false,10.25,false,1.12105e6,1.1011584705882352e6,false,0
12.318,use_lmSR3_cuts,0.017572588198563888,5,false,3.04825,false,false,10.25,false,1.12105e6,1.10135025e6,false,0
7.182,use_lmSR3_cuts,0.016954417733374916,5,false,3.5604999999999998,false,false,10.25,false,1.12105e6,1.10204325e6,false,0
10.753,use_lmSR3_cuts,0.016515766468935378,1,false,3.506,false,false,10.25,false,1.12105e6,1.102535e6,false,0
4.467,use_adaptive_ngroute,0.01565119239174817,0,false,4.451,false,false,10.25,false,1.12105e6,1.1035042307692308e6,false,2
22.413,use_lmSR3_cuts,0.015625039025913168,5,false,4.435199999999999,false,false,10.35,false,1.12105e6,1.10353355e6,false,0
17.519,use_lmSR3_cuts,0.015160786762410283,1,false,4.34525,false,false,10.35,false,1.12105e6,1.104054e6,false,0
11.07,none,0.014096159850140455,0,false,5.502,false,false,10.35,false,1.12105e6,1.1052475e6,false,0
