CG_time_taken,method,CG_LP_IP_gap,implemented_SR3_cuts_count,errored,CG_sp_time_taken_mean,converged,CGIP_artificial,ngroute_neighborhood_size,time_limit_reached,CGIP_objective,CGLP_objective,CGLP_artificial,cycles_lookup_length
10.366,use_adaptive_ngroute,0.04922571703220824,0,false,0.5577647058823528,false,false,7.75,false,1.123857e6,1.0685343333333335e6,false,11
4.06,use_lmSR3_cuts,0.04497324837590544,10,false,0.4346666666666667,false,false,9.5,false,1.123857e6,1.0733135e6,false,0
5.376,use_lmSR3_cuts,0.0373526169254631,1,false,1.0308,false,false,9.5,false,1.123857e6,1.0818779999999998e6,false,0
8.555,use_adaptive_ngroute,0.036720419056872844,0,false,1.1934285714285713,false,false,9.5,false,1.123857e6,1.0825885e6,false,2
3.999,use_lmSR3_cuts,0.036340477480675926,10,false,1.2793333333333334,false,false,9.6,false,1.123857e6,1.0830155e6,false,0
3.592,use_adaptive_ngroute,0.03469124630624709,0,false,1.1706666666666667,false,false,9.6,false,1.123857e6,1.084869e6,false,1
5.212,use_adaptive_ngroute,0.033575169429196805,0,false,1.26875,false,false,9.700000000000001,false,1.123857e6,1.0861233108108111e6,false,3
5.936,use_adaptive_ngroute,0.03270761315719006,0,false,1.4525,false,false,10.25,false,1.123857e6,1.0870983199999998e6,false,1
3.739,use_lmSR3_cuts,0.03270761315718984,1,false,1.8395,false,false,10.35,false,1.123857e6,1.08709832e6,false,0
2.761,use_lmSR3_cuts,0.03261943764494346,2,false,1.3665,false,false,10.35,false,1.123857e6,1.0871974166666667e6,false,0
11.379,use_lmSR3_cuts,0.02646511077476954,1,false,1.595142857142857,false,false,10.35,false,1.123857e6,1.0941139999999998e6,false,0
3.307,use_lmSR3_cuts,0.02530286326463249,1,false,1.6105,false,false,10.35,false,1.123857e6,1.0954202e6,false,0
3.001,use_lmSR3_cuts,0.023323494650362764,4,false,1.4609999999999999,false,false,10.35,false,1.123857e6,1.0976447272727273e6,false,0
4.781,use_lmSR3_cuts,0.022566098385159772,2,false,1.5586666666666666,false,false,10.35,false,1.123857e6,1.0984959323671495e6,false,0
1.454,use_lmSR3_cuts,0.022475846353140705,1,false,1.438,false,false,10.35,false,1.123857e6,1.0985973627450983e6,false,0
3.613,use_lmSR3_cuts,0.02234849468848965,10,false,1.762,false,false,10.35,false,1.123857e6,1.098740487804878e6,false,0
7.37,use_lmSR3_cuts,0.015657843009019956,1,false,1.79325,false,false,10.35,false,1.123857e6,1.1062598235294118e6,false,0
7.807,use_lmSR3_cuts,0.015657092791461213,10,false,1.9175,false,false,10.35,false,1.123857e6,1.1062606666666667e6,false,0
4.221,none,0.016558601316715604,0,false,2.0615,false,false,10.35,false,1.123857e6,1.1052475e6,false,0
