CG_time_taken,method,CG_LP_IP_gap,implemented_SR3_cuts_count,errored,CG_sp_time_taken_mean,converged,CGIP_artificial,ngroute_neighborhood_size,time_limit_reached,CGIP_objective,CGLP_objective,CGLP_artificial,cycles_lookup_length
8.806,use_lmSR3_cuts,0.06344223376435565,4,false,0.5181333333333332,false,false,7.75,false,1.161734e6,1.088031e6,false,0
9.44,use_adaptive_ngroute,0.03459195067482268,0,false,1.294,false,false,7.75,false,1.153488e6,1.1135866e6,false,6
5.569,use_adaptive_ngroute,0.03159287309447523,0,false,1.8163333333333334,false,false,8.7,false,1.153488e6,1.117046e6,false,4
5.53,use_lmSR3_cuts,0.03044659136269967,5,false,1.8136666666666668,false,false,9.0,false,1.153488e6,1.1183682222222222e6,false,0
6.235,none,0.0,0,false,2.017333333333333,true,false,9.0,false,1.119762e6,1.119762e6,false,0
