CG_time_taken,method,CG_LP_IP_gap,implemented_SR3_cuts_count,errored,CG_sp_time_taken_mean,converged,CGIP_artificial,ngroute_neighborhood_size,time_limit_reached,CGIP_objective,CGLP_objective,CGLP_artificial,cycles_lookup_length
9.418,use_adaptive_ngroute,0.26875713222919406,0,false,0.22152173913043482,false,false,6.0,false,1.822002e6,1.332325967564144e6,false,30
7.865,use_adaptive_ngroute,0.12132889733090124,0,false,0.8608750000000001,false,false,8.9375,false,1.629481e6,1.4317778670483457e6,false,12
9.696,use_adaptive_ngroute,0.0888627447771263,0,false,1.5128333333333333,false,false,9.6875,false,1.577149e6,1.4369992109375e6,false,6
5.06,use_adaptive_ngroute,0.08226820540419766,0,false,1.630666666666667,false,false,9.90625,false,1.577149e6,1.4473997821149752e6,false,6
4.888,use_SR3_cuts,0.08170530777018803,5,false,1.5863333333333332,false,false,10.28125,false,1.577149e6,1.4482875555555557e6,false,0
32.054,use_SR3_cuts,0.048476102182825054,5,false,4.488857142857143,false,false,10.28125,false,1.532769e6,1.4584663333333335e6,false,0
27.911,use_SR3_cuts,0.039450747571254885,5,false,5.501399999999999,false,false,10.28125,false,1.523935e6,1.4638146249999998e6,false,0
23.9,use_adaptive_ngroute,0.03492535085304738,0,false,7.886666666666667,false,false,10.28125,false,1.523935e6,1.4707110354477612e6,false,2
18.201,use_SR3_cuts,0.034855236554941715,5,false,9.0665,false,false,10.375,false,1.523935e6,1.4708178850806449e6,false,0
35.641,use_adaptive_ngroute,0.03248704820779802,0,false,11.823,false,false,10.375,false,1.523935e6,1.4744268501894493e6,false,1
14.373,use_SR3_cuts,0.03248608077576831,5,false,14.339,false,false,10.5,false,1.523935e6,1.4744283244929796e6,false,0
105.587,use_SR3_cuts,0.02926227361087541,5,false,26.258750000000003,false,false,10.5,false,1.523207e6,1.4786344999999993e6,false,0
54.214,use_adaptive_ngroute,0.028207111285773356,0,false,27.0435,false,false,10.5,false,1.523207e6,1.480241730639731e6,false,1
56.81,use_SR3_cuts,0.028207111285773467,5,false,28.3435,false,false,10.65625,false,1.523207e6,1.4802417306397308e6,false,0
103.112,use_SR3_cuts,0.020408335388420573,5,false,34.26333333333333,false,false,10.65625,false,1.513869e6,1.482973453713867e6,false,0
85.301,use_SR3_cuts,0.019530150554714742,5,false,42.536,false,false,10.65625,false,1.513869e6,1.4843029105098846e6,false,0
168.37,use_SR3_cuts,0.017862206591594987,5,false,56.032333333333334,false,false,10.65625,false,1.513869e6,1.4868279591693887e6,false,0
140.654,use_SR3_cuts,0.017251822978079923,1,false,70.1615,false,false,10.65625,false,1.513869e6,1.4877519999999972e6,false,0
217.81,use_adaptive_ngroute,0.017153765017173472,0,false,72.29599999999999,false,false,10.65625,false,1.513869e6,1.4879004469072167e6,false,1
225.075,use_SR3_cuts,0.017140842537398115,5,false,74.952,false,false,10.75,false,1.513869e6,1.4879200098487516e6,false,0
237.372,use_SR3_cuts,0.016787853579874445,5,false,79.03933333333333,false,false,10.75,false,1.513869e6,1.488454388888889e6,false,0
153.048,use_SR3_cuts,0.01669115187067305,5,false,76.408,false,false,10.75,false,1.513869e6,1.488600782608696e6,false,0
159.479,none,0.016345535842262282,0,false,79.6355,false,false,10.75,false,1.513869e6,1.4891240000000102e6,false,0
