CG_time_taken,method,CG_LP_IP_gap,implemented_SR3_cuts_count,errored,CG_sp_time_taken_mean,converged,CGIP_artificial,ngroute_neighborhood_size,time_limit_reached,CGIP_objective,CGLP_objective,CGLP_artificial,cycles_lookup_length
9.059,use_adaptive_ngroute,0.26875713222919406,0,false,0.20208695652173914,false,false,6.0,false,1.822002e6,1.332325967564144e6,false,30
7.427,use_adaptive_ngroute,0.1435582736622174,0,false,0.7183333333333333,false,false,8.9375,false,1.671775e6,1.4317778670483464e6,false,12
7.187,use_adaptive_ngroute,0.08883853783701523,0,false,1.1421666666666668,false,false,9.6875,false,1.577149e6,1.4370373888888892e6,false,4
6.774,use_adaptive_ngroute,0.08226820540419766,0,false,1.3208,false,false,9.84375,false,1.577149e6,1.4473997821149752e6,false,6
3.773,use_SR3_cuts,0.08170530777018803,7,false,1.2446666666666668,false,false,10.21875,false,1.577149e6,1.4482875555555557e6,false,0
23.923,use_SR3_cuts,0.032822744053807584,1,false,4.684199999999999,false,false,10.21875,false,1.508192e6,1.4586889999999998e6,false,0
12.124,use_SR3_cuts,0.03035432017749906,5,false,4.014,false,false,10.21875,false,1.508192e6,1.4624118571428573e6,false,0
26.106,use_adaptive_ngroute,0.027247857036769685,0,false,6.3447499999999994,false,false,10.21875,false,1.508192e6,1.4670970000000002e6,false,1
47.863,use_adaptive_ngroute,0.02653828778652423,0,false,11.7025,false,false,10.28125,false,1.508192e6,1.4681671666666665e6,false,1
27.732,use_adaptive_ngroute,0.026208201608283632,0,false,9.200666666666665,false,false,10.34375,false,1.508192e6,1.4686649999999995e6,false,1
16.646,use_adaptive_ngroute,0.026106098675972245,0,false,8.273,false,false,10.40625,false,1.508192e6,1.468818990825688e6,false,1
14.481,use_adaptive_ngroute,0.02600063292000354,0,false,7.1845,false,false,10.4375,false,1.508192e6,1.468978053435114e6,false,2
18.884,use_SR3_cuts,0.025917368890070347,4,false,9.385499999999999,false,false,10.59375,false,1.508192e6,1.469103631578947e6,false,0
33.229,use_SR3_cuts,0.025669754858080984,10,false,11.014333333333333,false,false,10.59375,false,1.508192e6,1.4694770810810812e6,false,0
91.841,use_SR3_cuts,0.02492852368929155,10,false,18.321,false,false,10.59375,false,1.508192e6,1.470595e6,false,0
130.021,use_adaptive_ngroute,0.017334683362085213,0,false,42.96333333333333,false,false,10.59375,false,1.508192e6,1.48204796923077e6,false,1
50.142,use_SR3_cuts,0.017298031710394013,3,false,50.058,false,false,10.71875,false,1.508192e6,1.4821032469586374e6,false,0
156.406,use_SR3_cuts,0.016723875219345152,3,false,78.06750000000001,false,false,10.71875,false,1.508192e6,1.4829691851851854e6,false,0
68.013,use_SR3_cuts,0.016618285630511043,10,false,67.884,false,false,10.71875,false,1.508192e6,1.4831284345583483e6,false,0
356.903,use_SR3_cuts,0.014448999310789912,2,false,89.09224999999999,false,false,10.71875,false,1.508192e6,1.4864001348314611e6,false,0
231.288,use_SR3_cuts,0.01434382148914759,10,false,115.51100000000001,false,false,10.71875,false,1.508192e6,1.4865587631806396e6,false,0
531.282,use_SR3_cuts,0.013814509265129726,10,false,132.71175000000002,false,false,10.71875,false,1.508192e6,1.4873570676424054e6,false,0
544.616,none,0.012642952621416459,0,false,181.31633333333335,false,false,10.71875,false,1.508192e6,1.4891240000000007e6,false,0
