CG_time_taken,method,CG_LP_IP_gap,implemented_SR3_cuts_count,errored,CG_sp_time_taken_mean,converged,CGIP_artificial,ngroute_neighborhood_size,time_limit_reached,CGIP_objective,CGLP_objective,CGLP_artificial,cycles_lookup_length
17.325,use_adaptive_ngroute,0.031122120339496795,0,false,1.3616666666666664,false,false,7.75,false,1.108464e6,1.07396625e6,false,3
4.465,use_adaptive_ngroute,0.029490470597150598,0,false,1.08575,false,false,8.200000000000001,false,1.108464e6,1.075774875e6,false,1
1.907,use_adaptive_ngroute,0.028496640396079576,0,false,0.9435,false,false,8.3,false,1.108464e6,1.0768765e6,false,4
3.247,use_lmSR3_cuts,0.028379285810515076,5,false,1.0666666666666664,false,false,8.6,false,1.108464e6,1.0770065833333333e6,false,0
22.744,use_lmSR3_cuts,0.02341460796200867,5,false,3.210714285714286,false,false,8.6,false,1.108464e6,1.08250975e6,false,0
26.492,use_lmSR3_cuts,0.0188187076891988,5,false,3.2790000000000004,false,false,8.6,false,1.108464e6,1.08760414e6,false,0
17.438,use_lmSR3_cuts,0.017435839143174703,1,false,2.8705,false,false,8.6,false,1.108464e6,1.089137e6,false,0
18.189,use_lmSR3_cuts,0.016990628473274705,1,false,3.6020000000000003,false,false,8.6,false,1.108464e6,1.0896305e6,false,0
11.953,use_lmSR3_cuts,0.015468702637162823,1,false,3.9746666666666663,false,false,8.6,false,1.108464e6,1.0913175e6,false,0
9.855,use_adaptive_ngroute,0.013996925687522532,0,false,4.903999999999999,false,false,8.6,false,1.108464e6,1.092948911764706e6,false,2
4.38,use_lmSR3_cuts,0.013767296575782906,5,false,4.367999999999999,false,false,8.9,false,1.108464e6,1.0932034473684214e6,false,0
36.155,use_adaptive_ngroute,0.012429587248661167,0,false,5.9590000000000005,false,false,8.9,false,1.108464e6,1.09468625e6,false,1
27.006,use_adaptive_ngroute,0.01171046150348587,0,false,8.983,false,false,9.0,false,1.108464e6,1.095483375e6,false,1
31.542,use_lmSR3_cuts,0.011241641176848893,5,false,7.859000000000001,false,false,9.05,false,1.108464e6,1.0960030454545454e6,false,0
45.292,use_adaptive_ngroute,0.0084701491628838,0,false,11.283,false,false,9.05,false,1.108464e6,1.0990751445783132e6,false,3
10.302,use_adaptive_ngroute,0.008453038518967726,0,false,10.287,false,false,9.5,false,1.108464e6,1.099094111111111e6,false,2
27.152,use_adaptive_ngroute,0.008440215469334378,0,false,9.009,false,false,9.899999999999999,false,1.108464e6,1.0991083249999997e6,false,1
9.033,use_adaptive_ngroute,0.008412874676203885,0,false,9.014,false,false,9.950000000000001,false,1.108464e6,1.0991386312849163e6,false,7
34.248,use_lmSR3_cuts,0.008402276203516745,5,false,11.384333333333334,false,false,10.95,false,1.108464e6,1.099150379310345e6,false,0
36.592,use_lmSR3_cuts,0.0061871653026169815,5,false,12.17,false,false,10.95,false,1.108464e6,1.10160575e6,false,0
99.578,use_adaptive_ngroute,0.00356800040416283,0,false,33.151666666666664,false,false,10.95,false,1.108464e6,1.104509e6,false,1
190.166,use_adaptive_ngroute,0.0024906469896998074,0,false,47.4965,false,false,11.05,false,1.108464e6,1.1057032074752094e6,false,2
101.731,use_lmSR3_cuts,0.0024859049015892865,5,false,50.833499999999994,false,false,11.2,false,1.108464e6,1.1057084639091648e6,false,0
239.052,use_adaptive_ngroute,0.0008758998626451353,0,false,59.701,false,false,11.2,false,1.108464e6,1.1074930965346529e6,false,4
221.722,use_lmSR3_cuts,0.0008020107103162699,2,false,73.82166666666666,false,false,11.5,false,1.108464e6,1.107575e6,false,0
196.527,use_lmSR3_cuts,0.00044268465191488193,5,false,65.46433333333334,false,false,11.5,false,1.108464e6,1.1079732999999998e6,false,0
302.827,use_lmSR3_cuts,0.00014208851166541692,4,false,75.67025000000001,false,false,11.5,false,1.108464e6,1.1083065000000054e6,false,0
200.77,none,0.0,0,false,66.88833333333334,true,false,11.5,false,1.108464e6,1.108464e6,false,0
