CG_time_taken,method,CG_LP_IP_gap,implemented_SR3_cuts_count,errored,CG_sp_time_taken_mean,converged,CGIP_artificial,ngroute_neighborhood_size,time_limit_reached,CGIP_objective,CGLP_objective,CGLP_artificial,cycles_lookup_length
19.027,use_adaptive_ngroute,0.06962632598304874,0,false,0.8375,false,false,7.291666666666667,false,1.181859e6,1.0995705e6,false,1
5.67,use_adaptive_ngroute,0.06603903962599045,0,false,1.087,false,false,7.583333333333334,false,1.181859e6,1.1038101666666665e6,false,9
8.043,use_SR3_cuts,0.06543786808183827,5,false,1.5711999999999997,false,false,8.875,false,1.181859e6,1.1045206666666667e6,false,0
50.197,use_SR3_cuts,0.033378347163240285,5,false,7.045857142857142,false,false,8.875,false,1.181859e6,1.1424105e6,false,0
42.794,use_SR3_cuts,0.03307331923689716,1,false,10.59725,false,false,8.875,false,1.181859e6,1.142771e6,false,0
23.249,use_adaptive_ngroute,0.027783050579349156,0,false,11.571,false,false,8.875,false,1.18006e6,1.1472743333333333e6,false,2
33.34,use_adaptive_ngroute,0.024652613002728696,0,false,11.059666666666667,false,false,9.0,false,1.18006e6,1.1509684375e6,false,2
22.267,use_SR3_cuts,0.024575869023609198,5,false,11.0965,false,false,9.25,false,1.18006e6,1.1510589999999998e6,false,0
86.924,use_SR3_cuts,0.02128858268058309,5,false,21.642000000000003,false,false,9.25,false,1.18006e6,1.1549381951219512e6,false,0
38.375,use_SR3_cuts,0.021190659796959443,5,false,19.124,false,false,9.25,false,1.18006e6,1.15505375e6,false,0
63.542,use_SR3_cuts,0.014050543757237133,2,false,21.097,false,false,9.25,false,1.172766e6,1.156288e6,false,0
62.256,use_SR3_cuts,0.014050543757237133,2,false,20.688666666666666,false,false,9.25,false,1.172766e6,1.156288e6,false,0
24.277,use_SR3_cuts,0.014050543757237133,1,false,24.204,false,false,9.25,false,1.172766e6,1.156288e6,false,0
67.104,none,0.014050543757237133,0,false,33.496,false,false,9.25,false,1.172766e6,1.156288e6,false,0
