CG_time_taken,method,CG_LP_IP_gap,implemented_SR3_cuts_count,errored,CG_sp_time_taken_mean,converged,CGIP_artificial,ngroute_neighborhood_size,time_limit_reached,CGIP_objective,CGLP_objective,CGLP_artificial,cycles_lookup_length
12.743,use_adaptive_ngroute,0.16842949653825434,0,false,0.7696000000000001,false,false,7.291666666666667,false,1.438388e6,1.1961210333333334e6,false,10
8.191,use_adaptive_ngroute,0.10685707155001634,0,false,1.3135,false,false,9.166666666666668,false,1.346289e6,1.2024285e6,false,1
4.138,use_SR3_cuts,0.06399130548473553,3,false,1.3596666666666666,false,false,9.25,false,1.284948e6,1.2027225e6,false,0
14.385,use_SR3_cuts,0.059211451641339896,5,false,2.8236000000000003,false,false,9.25,false,1.284948e6,1.2088643636363635e6,false,0
53.297,use_adaptive_ngroute,0.03978775794818212,0,false,10.194999999999999,false,false,9.25,false,1.284948e6,1.2338227999999993e6,false,5
14.171,use_SR3_cuts,0.03945341827769744,5,false,7.042,false,false,9.833333333333334,false,1.284948e6,1.2342524090909092e6,false,0
50.983,use_SR3_cuts,0.031487157632480445,2,false,16.896,false,false,9.833333333333334,false,1.281189e6,1.240848e6,false,0
53.059,use_SR3_cuts,0.030652429544395954,5,false,26.426499999999997,false,false,9.833333333333334,false,1.281189e6,1.241917444444445e6,false,0
115.427,use_SR3_cuts,0.02822534380173458,1,false,38.131,false,false,9.833333333333334,false,1.281189e6,1.2450269999999995e6,false,0
95.078,use_adaptive_ngroute,0.027406312937955923,0,false,31.477333333333334,false,false,9.833333333333334,false,1.281189e6,1.2460763333333333e6,false,1
76.671,use_SR3_cuts,0.02740631293795548,5,false,38.278999999999996,false,false,9.875,false,1.281189e6,1.2460763333333337e6,false,0
104.742,use_adaptive_ngroute,0.02620067288190031,0,false,52.26499999999999,false,false,9.875,false,1.281189e6,1.247620986111111e6,false,6
213.861,use_SR3_cuts,0.025517182346502132,5,false,106.7905,false,false,10.416666666666666,false,1.281189e6,1.2484966666666672e6,false,0
406.023,use_SR3_cuts,0.02379630247809672,5,false,134.77133333333333,false,false,10.416666666666666,false,1.281189e6,1.2507014390243897e6,false,0
524.661,use_SR3_cuts,0.02208417337332802,5,false,131.07375000000002,false,false,10.416666666666666,false,1.281189e6,1.2528949999999993e6,false,0
547.363,use_SR3_cuts,0.021509706998732447,5,false,182.33166666666665,false,false,10.416666666666666,false,1.281189e6,1.253631000000001e6,false,0
380.956,use_adaptive_ngroute,0.02133097618555413,0,false,190.39,false,false,10.416666666666666,false,1.281189e6,1.253859987951806e6,false,2
369.514,use_SR3_cuts,0.02132923011358867,5,false,184.65099999999998,false,false,10.833333333333334,false,1.281189e6,1.2538622250000015e6,false,0
401.513,none,0.021218180924123087,0,false,200.6495,false,false,10.833333333333334,false,1.281189e6,1.2540045000000037e6,false,0
