CG_time_taken,method,CG_LP_IP_gap,implemented_SR3_cuts_count,errored,CG_sp_time_taken_mean,converged,CGIP_artificial,ngroute_neighborhood_size,time_limit_reached,CGIP_objective,CGLP_objective,CGLP_artificial,cycles_lookup_length
12.613,use_adaptive_ngroute,0.0528347881666128,0,false,0.6041111111111112,false,false,7.291666666666667,false,1.255814e6,1.1894633333333333e6,false,3
5.093,use_adaptive_ngroute,0.04931717595121565,0,false,0.8218333333333334,false,false,7.541666666666667,false,1.255814e6,1.1938808e6,false,1
3.94,use_SR3_cuts,0.020603207409958912,5,false,0.9675,false,false,7.583333333333334,false,1.21926e6,1.1941393333333335e6,false,0
15.401,use_SR3_cuts,0.016791824549316825,5,false,3.0244,false,false,7.583333333333334,false,1.21926e6,1.1987864e6,false,0
14.45,use_SR3_cuts,0.014437259261579127,5,false,4.737,false,false,7.583333333333334,false,1.21926e6,1.201657227272727e6,false,0
26.37,use_SR3_cuts,0.008326156849236432,5,false,6.50575,false,false,7.583333333333334,false,1.21926e6,1.20910825e6,false,0
48.502,use_SR3_cuts,0.006795652007501873,5,false,9.638600000000002,false,false,7.583333333333334,false,1.21926e6,1.2109743333333333e6,false,0
44.632,use_SR3_cuts,0.0042513491790103775,5,false,22.246,false,false,7.583333333333334,false,1.21926e6,1.2140764999999998e6,false,0
103.572,use_adaptive_ngroute,0.002613244919049129,0,false,34.464333333333336,false,false,7.583333333333334,false,1.21926e6,1.2160737750000001e6,false,4
55.633,use_SR3_cuts,0.002570138171239633,5,false,27.773,false,false,8.5,false,1.21926e6,1.2161263333333344e6,false,0
29.762,use_SR3_cuts,0.0024351466652534626,5,false,29.686999999999998,false,false,8.5,false,1.21926e6,1.216290923076923e6,false,0
142.034,use_SR3_cuts,0.002157106477216564,5,false,47.26766666666667,false,false,8.5,false,1.21926e6,1.216629926356589e6,false,0
89.501,use_SR3_cuts,0.0019290389252497597,4,false,44.65299999999999,false,false,8.5,false,1.21926e6,1.216908e6,false,0
124.956,none,0.0017438856355490584,0,false,41.60166666666667,false,false,8.5,false,1.21926e6,1.2171337500000005e6,false,0
