CG_time_taken,method,CG_LP_IP_gap,implemented_SR3_cuts_count,errored,CG_sp_time_taken_mean,converged,CGIP_artificial,ngroute_neighborhood_size,time_limit_reached,CGIP_objective,CGLP_objective,CGLP_artificial,cycles_lookup_length
33.06,use_adaptive_ngroute,0.16787539221818437,0,false,1.5987368421052632,false,false,7.291666666666667,false,1.354157e6,1.1268273625e6,false,13
14.232,use_adaptive_ngroute,0.09517537507348162,0,false,2.3040000000000003,false,false,8.708333333333334,false,1.26406e6,1.1437526153846148e6,false,3
10.121,use_adaptive_ngroute,0.09184848820467384,0,false,1.9923999999999997,false,false,9.166666666666668,false,1.26406e6,1.147958e6,false,4
9.047,use_adaptive_ngroute,0.09104505851515499,0,false,2.9833333333333334,false,false,9.791666666666666,false,1.26406e6,1.1489735833333333e6,false,2
10.192,use_SR3_cuts,0.09085881999272205,5,false,3.354333333333333,false,false,10.166666666666668,false,1.26406e6,1.1492089999999998e6,false,0
77.181,none,0.041475404120812076,0,false,10.922142857142857,false,false,10.166666666666668,false,1.204714e6,1.154748e6,false,0
