CG_time_taken,method,CG_LP_IP_gap,implemented_SR3_cuts_count,errored,CG_sp_time_taken_mean,converged,CGIP_artificial,ngroute_neighborhood_size,time_limit_reached,CGIP_objective,CGLP_objective,CGLP_artificial,cycles_lookup_length
17.685,use_adaptive_ngroute,0.1371111968990294,0,false,1.0357333333333334,false,false,7.291666666666667,false,1.332744e6,1.150009875e6,false,3
13.648,use_SR3_cuts,0.09588799127306791,5,false,1.8638571428571429,false,false,7.916666666666667,false,1.272383e6,1.15037675e6,false,0
17.298,use_adaptive_ngroute,0.085844355310991,0,false,5.636999999999999,false,false,7.916666666666667,false,1.267014e6,1.158248e6,false,1
11.43,use_SR3_cuts,0.08584435531099066,5,false,3.7653333333333334,false,false,8.333333333333332,false,1.267014e6,1.1582480000000005e6,false,0
88.452,use_SR3_cuts,0.057255658523522435,5,false,14.453666666666667,false,false,8.333333333333332,false,1.237278e6,1.1664368333333333e6,false,0
155.725,use_adaptive_ngroute,0.051801939418626985,0,false,25.627666666666673,false,false,8.333333333333332,false,1.237278e6,1.1731846e6,false,3
197.081,use_SR3_cuts,0.048338368580060576,5,false,49.217999999999996,false,false,8.791666666666666,false,1.237278e6,1.1774699999999998e6,false,0
146.701,use_adaptive_ngroute,0.045816596324081305,0,false,48.81699999999999,false,false,8.791666666666666,false,1.237278e6,1.1805901333333333e6,false,2
199.978,use_adaptive_ngroute,0.045771174034183515,0,false,66.60066666666665,false,false,9.25,false,1.237278e6,1.1806463333333335e6,false,4
104.412,use_SR3_cuts,0.045698164303683786,5,false,52.1165,false,false,9.5,false,1.237278e6,1.1807366666666667e6,false,0
159.589,use_SR3_cuts,0.04391602641712955,5,false,79.6725,false,false,9.5,false,1.237278e6,1.1829416666666667e6,false,0
526.301,use_SR3_cuts,0.04136551836639224,5,false,175.05900000000003,false,false,9.5,false,1.237278e6,1.186097354166667e6,false,0
900.049,use_SR3_cuts,0.03891066928248377,5,false,299.9206666666667,false,false,9.5,false,1.237278e6,1.189134684931507e6,false,0
834.55,use_SR3_cuts,0.03769336823069036,5,false,278.02433333333335,false,false,9.5,false,1.237278e6,1.1906408247422678e6,false,0
206.871,none,0.036541621563177085,0,false,NaN,false,false,9.5,true,1.237278e6,1.1920658555555553e6,false,0
