CG_time_taken,method,CG_LP_IP_gap,implemented_SR3_cuts_count,errored,CG_sp_time_taken_mean,converged,CGIP_artificial,ngroute_neighborhood_size,time_limit_reached,CGIP_objective,CGLP_objective,CGLP_artificial,cycles_lookup_length
11.853,use_adaptive_ngroute,0.16751489738997627,0,false,0.5778333333333334,false,false,7.291666666666667,false,1.366701e6,1.137758222222222e6,false,2
1.364,use_adaptive_ngroute,0.1666286798160922,0,false,0.653,false,false,7.458333333333333,false,1.366701e6,1.138969416666667e6,false,1
3.681,use_adaptive_ngroute,0.1660714377175403,0,false,0.89725,false,false,7.5,false,1.366701e6,1.139731e6,false,3
2.69,use_adaptive_ngroute,0.16574597775840305,0,false,0.8856666666666666,false,false,8.208333333333334,false,1.366701e6,1.1401758064516129e6,false,2
2.348,use_SR3_cuts,0.16572048527159677,5,false,1.1464999999999999,false,false,8.291666666666666,false,1.366701e6,1.1402106470588234e6,false,0
19.711,use_SR3_cuts,0.03563672030078702,1,false,2.7421428571428565,false,false,8.291666666666666,false,1.198988e6,1.15626e6,false,0
5.927,use_SR3_cuts,0.03360111471785643,5,false,2.9320000000000004,false,false,8.291666666666666,false,1.198988e6,1.1587006666666667e6,false,0
10.705,use_SR3_cuts,0.029861310489493365,5,false,5.301,false,false,8.291666666666666,false,1.198988e6,1.1631846470588234e6,false,0
15.925,use_adaptive_ngroute,0.024201724720664286,0,false,7.895,false,false,8.291666666666666,false,1.198988e6,1.1699704224806202e6,false,3
49.986,use_SR3_cuts,0.023785919107570108,5,false,12.393250000000002,false,false,9.0,false,1.198988e6,1.1704689684210527e6,false,0
62.565,use_SR3_cuts,0.01979606968543468,4,false,20.689999999999998,false,false,9.0,false,1.198988e6,1.17525275e6,false,0
70.235,use_SR3_cuts,0.0182474720347493,4,false,23.362333333333332,false,false,9.0,false,1.198988e6,1.1771095e6,false,0
109.892,use_adaptive_ngroute,0.015497741479152949,0,false,36.574666666666666,false,false,9.0,false,1.198988e6,1.1804063939393933e6,false,1
41.357,use_SR3_cuts,0.015427593937553663,5,false,41.32,false,false,9.041666666666668,false,1.198988e6,1.1804905000000005e6,false,0
216.941,use_SR3_cuts,0.014164908702635648,5,false,54.178999999999995,false,false,9.041666666666668,false,1.198988e6,1.1820044444444443e6,false,0
197.045,use_adaptive_ngroute,0.013690323283747974,0,false,65.59433333333332,false,false,9.041666666666668,false,1.198988e6,1.1825734666666656e6,false,2
136.826,use_SR3_cuts,0.013603138646925195,5,false,68.321,false,false,9.416666666666666,false,1.198988e6,1.1826780000000005e6,false,0
65.624,use_adaptive_ngroute,0.013551411690525428,0,false,65.568,false,false,9.416666666666666,false,1.198988e6,1.1827400200000003e6,false,1
148.658,use_SR3_cuts,0.013538917820695828,1,false,74.256,false,false,9.458333333333332,false,1.198988e6,1.1827549999999995e6,false,0
72.141,use_SR3_cuts,0.013537750169309137,3,false,72.082,false,false,9.458333333333332,false,1.198988e6,1.1827564000000004e6,false,0
63.074,use_SR3_cuts,0.013522237086609934,5,false,63.011,false,false,9.458333333333332,false,1.198988e6,1.1827749999999998e6,false,0
246.119,use_SR3_cuts,0.013486929532794734,4,false,81.97300000000001,false,false,9.458333333333332,false,1.198988e6,1.1828173333333335e6,false,0
87.756,use_SR3_cuts,0.01335619062134219,5,false,87.692,false,false,9.458333333333332,false,1.198988e6,1.1829740877192982e6,false,0
183.383,use_SR3_cuts,0.013340866181762445,5,false,91.5955,false,false,9.458333333333332,false,1.198988e6,1.182992461538461e6,false,0
96.253,use_SR3_cuts,0.013252843231125522,1,false,96.173,false,false,9.458333333333332,false,1.198988e6,1.1830979999999993e6,false,0
103.456,use_adaptive_ngroute,0.01324516035889245,0,false,103.381,false,false,9.458333333333332,false,1.198988e6,1.1831072116716122e6,false,2
107.24,use_SR3_cuts,0.013241938372125173,5,false,107.15400000000001,false,false,9.791666666666666,false,1.198988e6,1.1831110747950824e6,false,0
112.27,use_SR3_cuts,0.013223343420701972,5,false,112.196,false,false,9.791666666666666,false,1.198988e6,1.1831333699186994e6,false,0
418.298,use_SR3_cuts,0.013162975776243258,1,false,104.502,false,false,9.791666666666666,false,1.198988e6,1.1832057499999937e6,false,0
563.579,none,0.013126170747432053,0,false,140.819,false,false,9.791666666666666,false,1.198988e6,1.183249878787878e6,false,0
