CG_time_taken,method,CG_LP_IP_gap,implemented_SR3_cuts_count,errored,CG_sp_time_taken_mean,converged,CGIP_artificial,ngroute_neighborhood_size,time_limit_reached,CGIP_objective,CGLP_objective,CGLP_artificial,cycles_lookup_length
9.502,use_adaptive_ngroute,0.12450774088677263,0,false,0.46052941176470585,false,false,7.291666666666667,false,1.299564e6,1.1377582222222222e6,false,2
1.511,use_adaptive_ngroute,0.1235757402739176,0,false,0.472,false,false,7.458333333333333,false,1.299564e6,1.1389694166666665e6,false,1
2.116,use_adaptive_ngroute,0.1229897103951787,0,false,0.511,false,false,7.5,false,1.299564e6,1.139731e6,false,3
3.094,use_adaptive_ngroute,0.12264743679294532,0,false,0.7605,false,false,8.208333333333334,false,1.299564e6,1.1401758064516129e6,false,2
0.88,use_SR3_cuts,0.12262062733438017,11,false,0.863,false,false,8.291666666666666,false,1.299564e6,1.1402106470588236e6,false,0
68.825,use_SR3_cuts,0.04237224354632352,1,false,9.482714285714287,false,false,8.291666666666666,false,1.209117e6,1.157884e6,false,0
23.774,use_SR3_cuts,0.04033728745853382,10,false,5.896,false,false,8.291666666666666,false,1.209117e6,1.1603445e6,false,0
28.275,use_SR3_cuts,0.030887333483856305,1,false,9.361666666666666,false,false,8.291666666666666,false,1.209117e6,1.1717706e6,false,0
30.254,use_SR3_cuts,0.029631465847315797,1,false,15.070500000000001,false,false,8.291666666666666,false,1.209117e6,1.173289090909091e6,false,0
52.389,use_SR3_cuts,0.02925936861362466,10,false,17.403333333333332,false,false,8.291666666666666,false,1.209117e6,1.173739e6,false,0
128.217,use_SR3_cuts,0.026947764360272797,1,false,42.644333333333336,false,false,8.291666666666666,false,1.209117e6,1.176534e6,false,0
164.238,use_SR3_cuts,0.025406293864185137,1,false,54.61466666666667,false,false,8.291666666666666,false,1.209117e6,1.1783978181818181e6,false,0
62.893,use_SR3_cuts,0.025381228615593,10,false,62.812999999999995,false,false,8.291666666666666,false,1.209117e6,1.178428125e6,false,0
315.464,use_SR3_cuts,0.02373150544295255,10,false,78.489,false,false,8.291666666666666,false,1.209117e6,1.1804228333333335e6,false,0
268.707,use_SR3_cuts,0.023284760697268148,10,false,89.436,false,false,8.291666666666666,false,1.209117e6,1.1809630000000012e6,false,0
169.249,use_SR3_cuts,0.022804244750508573,10,false,84.50150000000001,false,false,8.291666666666666,false,1.209117e6,1.1815439999999993e6,false,0
329.174,use_SR3_cuts,0.022193551161715397,10,false,109.62633333333333,false,false,8.291666666666666,false,1.209117e6,1.1822824000000001e6,false,0
578.683,use_SR3_cuts,0.02181426611320625,10,false,192.74066666666667,false,false,8.291666666666666,false,1.209117e6,1.1827409999999984e6,false,0
145.318,use_SR3_cuts,0.02165869592098746,10,false,145.157,false,false,8.291666666666666,false,1.209117e6,1.1829291025641034e6,false,0
948.265,use_SR3_cuts,0.021589639381465853,10,false,315.9293333333333,false,false,8.291666666666666,false,1.209117e6,1.1830126e6,false,0
252.303,none,0.02147962060679287,0,false,NaN,false,false,8.291666666666666,true,1.209117e6,1.1831456255707764e6,false,0
