CG_time_taken,method,CG_LP_IP_gap,implemented_SR3_cuts_count,errored,CG_sp_time_taken_mean,converged,CGIP_artificial,ngroute_neighborhood_size,time_limit_reached,CGIP_objective,CGLP_objective,CGLP_artificial,cycles_lookup_length
35.052,use_adaptive_ngroute,0.1073157302994987,0,false,1.5680952380952382,false,false,7.291666666666667,false,1.511545e6,1.3493324444444443e6,false,15
32.861,use_adaptive_ngroute,0.06087890259288886,0,false,4.653857142857143,false,false,9.708333333333334,false,1.447677e6,1.3595440129310344e6,false,6
10.048,use_adaptive_ngroute,0.060467447734082636,0,false,5.009,false,false,10.958333333333334,false,1.447677e6,1.3601396666666665e6,false,2
17.919,use_adaptive_ngroute,0.06032547115236997,0,false,4.462750000000001,false,false,11.333333333333334,false,1.447677e6,1.3603452028985505e6,false,1
4.532,use_SR3_cuts,0.06030661535687876,5,false,4.518,false,false,11.375,false,1.447677e6,1.3603724999999998e6,false,0
22.941,use_adaptive_ngroute,0.0551865736164443,0,false,7.593333333333333,false,false,11.375,false,1.447677e6,1.3677846666666667e6,false,2
23.989,use_SR3_cuts,0.05503460601593679,5,false,7.864999999999999,false,false,11.458333333333334,false,1.447677e6,1.3680046666666667e6,false,0
46.358,use_adaptive_ngroute,0.053147214468420745,0,false,11.4725,false,false,11.458333333333334,false,1.447677e6,1.370737e6,false,5
21.493,use_SR3_cuts,0.05283706241102126,5,false,10.71,false,false,11.791666666666668,false,1.447677e6,1.371186e6,false,0
62.946,use_SR3_cuts,0.04688009825396133,5,false,20.919333333333334,false,false,11.791666666666668,false,1.447677e6,1.37980976e6,false,0
23.194,use_SR3_cuts,0.04613898090762947,5,false,23.129,false,false,11.791666666666668,false,1.447677e6,1.3808826585365857e6,false,0
143.05,use_SR3_cuts,0.04397725056533086,5,false,35.64125,false,false,11.791666666666668,false,1.447677e6,1.3840121458333335e6,false,0
259.176,use_adaptive_ngroute,0.016496288837047457,0,false,51.723200000000006,false,false,11.791666666666668,false,1.411466e6,1.388182049180328e6,false,1
100.5,use_adaptive_ngroute,0.016478168797547932,0,false,50.1645,false,false,11.875,false,1.411466e6,1.3882076250000002e6,false,2
244.843,use_SR3_cuts,0.016399082320393332,5,false,80.52199999999999,false,false,12.041666666666666,false,1.411466e6,1.3883192528735637e6,false,0
324.285,use_SR3_cuts,0.015077022331757117,5,false,107.95733333333335,false,false,12.041666666666666,false,1.411466e6,1.390185295597484e6,false,0
549.213,use_SR3_cuts,0.00328107901519481,5,false,182.90599999999998,false,false,12.041666666666666,false,1.399559e6,1.394966936334573e6,false,0
822.255,use_SR3_cuts,0.002348644620656981,5,false,205.054,false,false,12.041666666666666,false,1.399559e6,1.3962719332833579e6,false,0
843.215,none,0.001522646300250785,0,false,353.2475,false,false,12.041666666666666,true,1.399559e6,1.3974279666666673e6,false,0
