CG_time_taken,method,CG_LP_IP_gap,implemented_SR3_cuts_count,errored,CG_sp_time_taken_mean,converged,CGIP_artificial,ngroute_neighborhood_size,time_limit_reached,CGIP_objective,CGLP_objective,CGLP_artificial,cycles_lookup_length
29.327,use_adaptive_ngroute,0.10037900328018956,0,false,1.4974444444444446,false,false,7.291666666666667,false,1.32965e6,1.196181058288496e6,false,13
15.233,use_adaptive_ngroute,0.07588469497563077,0,false,2.9892,false,false,9.208333333333334,false,1.301454e6,1.2026935601851854e6,false,10
14.118,use_adaptive_ngroute,0.07176738276452421,0,false,3.4739999999999998,false,false,10.416666666666666,false,1.301454e6,1.2080520526315789e6,false,2
11.165,use_SR3_cuts,0.07176738276452421,5,false,3.6873333333333336,false,false,11.125,false,1.301454e6,1.2080520526315789e6,false,0
38.782,use_SR3_cuts,0.06918869950241979,5,false,9.632000000000001,false,false,11.125,false,1.301454e6,1.2114080902777778e6,false,0
31.553,use_adaptive_ngroute,0.06916135828764525,0,false,10.422333333333333,false,false,11.125,false,1.301454e6,1.211443673611111e6,false,1
9.93,use_SR3_cuts,0.0691375915744199,5,false,9.902,false,false,11.166666666666666,false,1.301454e6,1.211474604895105e6,false,0
68.098,use_adaptive_ngroute,0.06536920719983219,0,false,22.611333333333334,false,false,11.166666666666666,false,1.301454e6,1.2163789838129496e6,false,2
73.317,use_SR3_cuts,0.06535513745101995,5,false,24.396666666666665,false,false,11.291666666666668,false,1.301454e6,1.2163972949438202e6,false,0
151.054,use_SR3_cuts,0.06260895016012935,5,false,37.6275,false,false,11.291666666666668,false,1.301454e6,1.219971331378299e6,false,0
463.612,use_adaptive_ngroute,0.05864766991712067,0,false,115.46449999999999,false,false,11.291666666666668,false,1.301454e6,1.2251267553956837e6,false,1
110.984,use_SR3_cuts,0.05864256074668106,5,false,110.922,false,false,11.333333333333334,false,1.301454e6,1.225133404745989e6,false,0
433.49,use_adaptive_ngroute,0.05669504602332842,0,false,144.40666666666664,false,false,11.333333333333334,false,1.301454e6,1.2276680055727551e6,false,3
373.408,use_SR3_cuts,0.056547622558524635,5,false,124.398,false,false,11.708333333333332,false,1.301454e6,1.227859870430718e6,false,0
527.174,use_adaptive_ngroute,0.055167693038635446,0,false,175.64433333333335,false,false,11.708333333333332,false,1.301454e6,1.2296557852240957e6,false,1
164.406,use_SR3_cuts,0.05516768589550791,5,false,164.322,false,false,11.749999999999998,false,1.301454e6,1.2296557945205476e6,false,0
403.56,use_SR3_cuts,0.05494121922794448,5,false,201.695,false,false,11.749999999999998,false,1.301454e6,1.2299505304709147e6,false,0
665.271,none,0.054166812055879365,0,false,264.81050000000005,false,false,11.749999999999998,true,1.301454e6,1.2309583857826276e6,false,0
