CG_time_taken,method,CG_LP_IP_gap,implemented_SR3_cuts_count,errored,CG_sp_time_taken_mean,converged,CGIP_artificial,ngroute_neighborhood_size,time_limit_reached,CGIP_objective,CGLP_objective,CGLP_artificial,cycles_lookup_length
21.884,use_SR3_cuts,0.06597208173174185,1,false,0.9450952380952381,false,false,7.291666666666667,false,1.211035e6,1.1311405e6,false,0
9.465,use_SR3_cuts,0.06137105863992365,1,false,1.5278333333333334,false,false,7.291666666666667,false,1.211035e6,1.1367125e6,false,0
12.203,use_adaptive_ngroute,0.05534233114649867,0,false,2.4046000000000003,false,false,7.291666666666667,false,1.211035e6,1.1440135e6,false,7
20.823,use_SR3_cuts,0.05274992052252847,5,false,2.937,false,false,7.708333333333333,false,1.211035e6,1.1471529999999998e6,false,0
32.287,use_SR3_cuts,0.050276645825907185,5,false,5.339333333333332,false,false,7.708333333333333,false,1.211035e6,1.1501482222222225e6,false,0
28.58,use_SR3_cuts,0.04693867229270832,5,false,9.473333333333333,false,false,7.708333333333333,false,1.211035e6,1.154190625e6,false,0
32.082,use_adaptive_ngroute,0.044903326493453966,0,false,10.632666666666667,false,false,7.708333333333333,false,1.211035e6,1.1566555e6,false,1
35.404,use_SR3_cuts,0.0446229877749198,4,false,17.6185,false,false,7.791666666666666,false,1.211035e6,1.156995e6,false,0
71.922,use_SR3_cuts,0.04438476179466322,5,false,17.922,false,false,7.791666666666666,false,1.211035e6,1.1572835e6,false,0
206.703,none,0.04414612294442355,0,false,41.037,false,false,7.791666666666666,false,1.211035e6,1.1575725e6,false,0
