CG_time_taken,method,CG_LP_IP_gap,implemented_SR3_cuts_count,errored,CG_sp_time_taken_mean,converged,CGIP_artificial,ngroute_neighborhood_size,time_limit_reached,CGIP_objective,CGLP_objective,CGLP_artificial,cycles_lookup_length
31.251,use_SR3_cuts,0.015189127915445022,1,false,1.4598499999999999,false,false,7.291666666666667,false,1.105363e6,1.0885735e6,false,0
15.565,use_SR3_cuts,0.0113419754415518,1,false,2.175,false,false,7.291666666666667,false,1.105363e6,1.092826e6,false,0
16.492,use_adaptive_ngroute,0.0021309741686668104,0,false,2.0118750000000003,false,false,7.291666666666667,false,1.105363e6,1.1030075e6,false,2
10.448,use_SR3_cuts,0.0021309741686668104,1,false,3.444666666666666,false,false,7.583333333333334,false,1.105363e6,1.1030075e6,false,0
25.901,use_SR3_cuts,0.0009815779974542416,3,false,2.834111111111111,false,false,7.583333333333334,false,1.105363e6,1.104278e6,false,0
42.205,none,0.0,0,false,5.1925,true,false,7.583333333333334,false,1.105363e6,1.105363e6,false,0
