CG_time_taken,method,CG_LP_IP_gap,implemented_SR3_cuts_count,errored,CG_sp_time_taken_mean,converged,CGIP_artificial,ngroute_neighborhood_size,time_limit_reached,CGIP_objective,CGLP_objective,CGLP_artificial,cycles_lookup_length
17.081,use_adaptive_ngroute,0.1360339905347666,0,false,0.8971764705882355,false,false,7.291666666666667,false,1.339569e6,1.1573420833333333e6,false,11
11.708,use_SR3_cuts,0.12841294476059095,5,false,1.9096666666666664,false,false,8.458333333333334,false,1.339569e6,1.167551e6,false,0
18.286,use_SR3_cuts,0.1049055857742821,2,false,4.506,false,false,8.458333333333334,false,1.310078e6,1.1726435e6,false,0
10.933,use_SR3_cuts,0.033016490544802046,5,false,5.4174999999999995,false,false,8.458333333333334,false,1.213373e6,1.1733116818181819e6,false,0
26.598,use_SR3_cuts,0.02896131280323533,5,false,8.774333333333333,false,false,8.458333333333334,false,1.213373e6,1.178232125e6,false,0
150.053,none,0.0,0,false,37.290749999999996,true,false,8.458333333333334,false,1.186864e6,1.186864e6,false,0
