CG_time_taken,method,CG_LP_IP_gap,implemented_SR3_cuts_count,errored,CG_sp_time_taken_mean,converged,CGIP_artificial,ngroute_neighborhood_size,time_limit_reached,CGIP_objective,CGLP_objective,CGLP_artificial,cycles_lookup_length
6.867,use_adaptive_ngroute,0.9999775644770093,0,false,0.18075000000000002,false,true,6.0,false,6.0e10,1.3461313794463929e6,false,23
8.07,use_adaptive_ngroute,0.06232049619334179,0,false,0.5531538461538462,false,false,8.0,false,1.538026e6,1.4421754565217393e6,false,6
4.994,use_adaptive_ngroute,0.05438622042321206,0,false,0.5875,false,false,8.59375,false,1.538026e6,1.4543785789473688e6,false,10
4.394,use_adaptive_ngroute,0.05121592272499076,0,false,0.6823333333333333,false,false,9.09375,false,1.538026e6,1.4592545792349733e6,false,3
2.44,use_SR3_cuts,0.051053141379618694,7,false,0.58975,false,false,9.5625,false,1.538026e6,1.4595049411764706e6,false,0
15.89,use_adaptive_ngroute,0.04070716452085654,0,false,3.0214,false,false,9.5625,false,1.538026e6,1.475417322580645e6,false,3
7.16,use_adaptive_ngroute,0.039470428623798015,0,false,3.544,false,false,9.90625,false,1.538026e6,1.4773194545454544e6,false,2
11.093,use_SR3_cuts,0.0386520242062347,5,false,3.6460000000000004,false,false,9.96875,false,1.538026e6,1.4785781818181816e6,false,0
27.096,use_SR3_cuts,0.033433863400962105,10,false,6.6575,false,false,9.96875,false,1.53188e6,1.4806633333333342e6,false,0
49.148,use_adaptive_ngroute,0.02696988501121511,0,false,12.214749999999999,false,false,9.96875,false,1.53188e6,1.4905653725490198e6,false,2
34.466,use_SR3_cuts,0.026261785013059646,3,false,17.1485,false,false,10.03125,false,1.53188e6,1.4916500967741942e6,false,0
30.012,use_SR3_cuts,0.025577286297447266,1,false,14.935500000000001,false,false,10.03125,false,1.53188e6,1.4926986666666665e6,false,0
22.853,use_SR3_cuts,0.025391422840244093,2,false,22.811,false,false,10.03125,false,1.53188e6,1.492983387179487e6,false,0
38.054,use_SR3_cuts,0.02489233337275709,2,false,18.962,false,false,10.03125,false,1.53188e6,1.4937479323529408e6,false,0
47.945,use_SR3_cuts,0.024892333372756648,10,false,23.908,false,false,10.03125,false,1.53188e6,1.4937479323529415e6,false,0
66.938,use_SR3_cuts,0.023556697086279832,2,false,22.248,false,false,10.03125,false,1.53188e6,1.4957939668674697e6,false,0
39.345,use_SR3_cuts,0.023545522425788334,10,false,19.6215,false,false,10.03125,false,1.53188e6,1.4958110851063833e6,false,0
194.187,use_SR3_cuts,0.021218003738550317,10,false,48.4095,false,false,10.03125,false,1.53188e6,1.4993765644329896e6,false,0
223.887,use_adaptive_ngroute,0.01777143144238036,0,false,74.442,false,false,10.03125,false,1.53188e6,1.5046562996020464e6,false,1
189.596,use_SR3_cuts,0.0177451102814542,1,false,63.10933333333334,false,false,10.0625,false,1.53188e6,1.504696620462046e6,false,0
71.372,use_SR3_cuts,0.017735287384674447,10,false,71.259,false,false,10.0625,false,1.53188e6,1.5047116679611648e6,false,0
246.367,use_adaptive_ngroute,0.016564612194454154,0,false,61.372,false,false,10.0625,false,1.53188e6,1.5065050018715595e6,false,2
98.477,use_SR3_cuts,0.016557313451186717,10,false,49.1815,false,false,10.21875,false,1.53188e6,1.506516182670396e6,false,0
284.133,use_SR3_cuts,0.01541357678147337,10,false,94.59899999999999,false,false,10.21875,false,1.53188e6,1.5082682499999965e6,false,0
160.177,use_SR3_cuts,0.014847300920002304,10,false,79.7595,false,false,10.21875,false,1.53188e6,1.5091357166666668e6,false,0
524.271,use_adaptive_ngroute,0.014629666840572653,0,false,174.524,false,false,10.21875,false,1.53188e6,1.5094691059602636e6,false,2
109.427,use_SR3_cuts,0.014606820094185569,2,false,109.291,false,false,10.28125,false,1.53188e6,1.509504104434119e6,false,0
251.07,use_SR3_cuts,0.01458651567501179,10,false,125.423,false,false,10.28125,false,1.53188e6,1.5095352083677629e6,false,0
300.445,use_SR3_cuts,0.014442648822393656,10,false,150.0855,false,false,10.28125,false,1.53188e6,1.5097555951219515e6,false,0
293.77,use_SR3_cuts,0.014353630785738591,10,false,146.535,false,false,10.28125,false,1.53188e6,1.5098919600719428e6,false,0
176.753,none,0.014333508669442718,0,false,NaN,false,false,10.28125,true,1.53188e6,1.509922784739454e6,false,0
