CG_time_taken,method,CG_LP_IP_gap,implemented_SR3_cuts_count,errored,CG_sp_time_taken_mean,converged,CGIP_artificial,ngroute_neighborhood_size,time_limit_reached,CGIP_objective,CGLP_objective,CGLP_artificial,cycles_lookup_length
7.299,use_adaptive_ngroute,0.9999775644770093,0,false,0.19745,false,true,6.0,false,6.0e10,1.3461313794463929e6,false,23
12.474,use_adaptive_ngroute,0.06266178392254995,0,false,0.7169375,false,false,8.0,false,1.538586e6,1.4421754565217395e6,false,7
7.036,use_adaptive_ngroute,0.054386220423212284,0,false,0.852125,false,false,8.90625,false,1.538026e6,1.4543785789473685e6,false,10
7.627,use_adaptive_ngroute,0.05121592272499076,0,false,1.2238333333333336,false,false,9.40625,false,1.538026e6,1.4592545792349733e6,false,2
3.416,use_SR3_cuts,0.051053141379618805,5,false,1.1253333333333333,false,false,9.5625,false,1.538026e6,1.4595049411764704e6,false,0
13.941,use_SR3_cuts,0.0383712629045283,5,false,2.7037999999999998,false,false,9.5625,false,1.538026e6,1.47901e6,false,0
41.953,use_SR3_cuts,0.031494266026712125,5,false,6.845,false,false,9.5625,false,1.538026e6,1.489587e6,false,0
32.312,use_adaptive_ngroute,0.029200647199676077,0,false,8.022250000000001,false,false,9.5625,false,1.538026e6,1.493114645390071e6,false,3
16.899,use_adaptive_ngroute,0.028682371646079563,0,false,8.282499999999999,false,false,9.65625,false,1.538026e6,1.4939117666666668e6,false,1
17.509,use_SR3_cuts,0.028667314466725546,5,false,8.7325,false,false,9.6875,false,1.538026e6,1.493934925e6,false,0
19.447,use_SR3_cuts,0.027360343713305313,5,false,9.661499999999998,false,false,9.6875,false,1.538026e6,1.4959450799999998e6,false,0
43.876,use_adaptive_ngroute,0.0256744988244485,0,false,14.581333333333331,false,false,9.6875,false,1.538026e6,1.4985379532710288e6,false,5
38.031,use_SR3_cuts,0.02497922161763977,5,false,18.9845,false,false,9.90625,false,1.538026e6,1.499607307692308e6,false,0
78.181,use_SR3_cuts,0.023357372121170283,5,false,26.023666666666667,false,false,9.90625,false,1.538026e6,1.502101754385965e6,false,0
97.51,use_adaptive_ngroute,0.022369882913853334,0,false,32.290666666666674,false,false,9.90625,false,1.538026e6,1.5036205384615378e6,false,2
26.619,use_SR3_cuts,0.022367321679212737,5,false,26.568,false,false,9.96875,false,1.538026e6,1.5036244777070072e6,false,0
137.948,use_SR3_cuts,0.022153014807082205,5,false,34.44,false,false,9.96875,false,1.538026e6,1.5039540872483226e6,false,0
96.96,use_SR3_cuts,0.021854637047747816,5,false,48.3745,false,false,9.96875,false,1.538026e6,1.5044130000000007e6,false,0
93.508,use_SR3_cuts,0.021286769494320734,5,false,46.6755,false,false,9.96875,false,1.538026e6,1.5052863950617278e6,false,0
148.267,use_SR3_cuts,0.01654004082988103,5,false,73.9485,false,false,9.96875,false,1.53188e6,1.5065426422535218e6,false,0
186.427,use_SR3_cuts,0.01615627425282251,5,false,93.12799999999999,false,false,9.96875,false,1.53188e6,1.5071305265975862e6,false,0
388.73,use_SR3_cuts,0.015331390600380468,5,false,97.099,false,false,9.96875,false,1.53188e6,1.5083941493670892e6,false,0
289.55,use_SR3_cuts,0.014796879867970958,5,false,96.23733333333332,false,false,9.96875,false,1.53188e6,1.5092129556678527e6,false,0
213.902,use_SR3_cuts,0.014715546276707125,5,false,106.8625,false,false,9.96875,false,1.53188e6,1.5093375489696378e6,false,0
220.211,use_SR3_cuts,0.014657211899762546,5,false,110.0205,false,false,9.96875,false,1.53188e6,1.5094269102349917e6,false,0
258.251,use_SR3_cuts,0.014616619328073233,5,false,129.029,false,false,9.96875,false,1.53188e6,1.5094890931837112e6,false,0
258.852,use_SR3_cuts,0.014545096882722208,5,false,129.335,false,false,9.96875,false,1.53188e6,1.5095986569872955e6,false,0
410.073,use_SR3_cuts,0.014470941591114284,5,false,136.60066666666668,false,false,9.96875,false,1.53188e6,1.5097122539954039e6,false,0
312.06,use_SR3_cuts,0.014364623961380718,5,false,155.8335,false,false,9.96875,false,1.53188e6,1.5098751198460402e6,false,0
95.853,none,0.014334130501193032,0,false,NaN,false,false,9.96875,true,1.53188e6,1.5099218321678324e6,false,0
