CG_time_taken,method,CG_LP_IP_gap,implemented_SR3_cuts_count,errored,CG_sp_time_taken_mean,converged,CGIP_artificial,ngroute_neighborhood_size,time_limit_reached,CGIP_objective,CGLP_objective,CGLP_artificial,cycles_lookup_length
25.706,use_adaptive_ngroute,0.06752805726504074,0,false,1.3262777777777777,false,false,7.291666666666667,false,1.289862e6,1.202760125e6,false,4
12.785,use_adaptive_ngroute,0.06469645589993345,0,false,2.097,false,false,7.791666666666666,false,1.289862e6,1.2064125e6,false,6
7.676,use_SR3_cuts,0.06459963527423729,5,false,2.5356666666666667,false,false,8.416666666666666,false,1.289862e6,1.2065373852459018e6,false,0
32.466,use_SR3_cuts,0.058143390533251016,5,false,6.409999999999999,false,false,8.416666666666666,false,1.289862e6,1.2148650499999998e6,false,0
72.477,use_adaptive_ngroute,0.03157307925299435,0,false,14.355400000000001,false,false,8.416666666666666,false,1.275638e6,1.2353621803278688e6,false,3
64.305,use_adaptive_ngroute,0.030010219569021945,0,false,16.04475,false,false,8.708333333333334,false,1.275638e6,1.237355823529412e6,false,1
91.123,use_SR3_cuts,0.029567601118464126,5,false,18.188599999999997,false,false,8.75,false,1.275638e6,1.2379204444444447e6,false,0
209.459,use_adaptive_ngroute,0.020767072372151474,0,false,41.2894,false,false,8.75,false,1.275638e6,1.2491467333333334e6,false,5
197.379,use_SR3_cuts,0.020596564670681605,5,false,49.244,false,false,9.291666666666666,false,1.275638e6,1.249364239436621e6,false,0
288.424,use_adaptive_ngroute,0.016360229987352315,0,false,72.04775000000001,false,false,9.291666666666666,false,1.275638e6,1.2547682689393938e6,false,2
48.754,use_SR3_cuts,0.01635372915840083,5,false,48.714,false,false,9.416666666666666,false,1.275638e6,1.2547765616438359e6,false,0
235.617,use_adaptive_ngroute,0.013860446789261016,0,false,78.49,false,false,9.416666666666666,false,1.275638e6,1.2579570873786407e6,false,1
188.444,use_SR3_cuts,0.013859470058642631,5,false,94.1635,false,false,9.583333333333334,false,1.275638e6,1.2579583333333333e6,false,0
196.758,use_adaptive_ngroute,0.012431491422583596,0,false,98.292,false,false,9.583333333333334,false,1.275638e6,1.2597799171446783e6,false,1
91.42,use_SR3_cuts,0.012410554561717135,5,false,91.355,false,false,9.625,false,1.275638e6,1.2598066250000002e6,false,0
494.817,use_SR3_cuts,0.011257504088151182,2,false,164.81766666666664,false,false,9.625,false,1.275638e6,1.261277499999999e6,false,0
286.768,use_adaptive_ngroute,0.010640826443653495,0,false,143.302,false,false,9.625,false,1.275638e6,1.2620641574370707e6,false,1
305.891,use_SR3_cuts,0.010556999188630067,5,false,152.87649999999996,false,false,9.75,false,1.275638e6,1.2621710906690143e6,false,0
720.374,none,0.009990246099718436,0,false,261.3275,false,false,9.75,true,1.275638e6,1.2628940624458473e6,false,0
