CG_time_taken,method,CG_LP_IP_gap,implemented_SR3_cuts_count,errored,CG_sp_time_taken_mean,converged,CGIP_artificial,ngroute_neighborhood_size,time_limit_reached,CGIP_objective,CGLP_objective,CGLP_artificial,cycles_lookup_length
19.983,use_adaptive_ngroute,0.057130529977940214,0,false,0.8725999999999999,false,false,7.291666666666667,false,1.275638e6,1.2027601250000002e6,false,4
11.17,use_adaptive_ngroute,0.05423638994761837,0,false,1.2099999999999997,false,false,7.791666666666666,false,1.275638e6,1.206452e6,false,4
11.315,use_adaptive_ngroute,0.05421707499393347,0,false,2.2211999999999996,false,false,8.291666666666666,false,1.275638e6,1.2064766388888888e6,false,1
1.859,use_SR3_cuts,0.05416945462121581,6,false,1.843,false,false,8.333333333333332,false,1.275638e6,1.2065373852459015e6,false,0
31.083,use_adaptive_ngroute,0.028122647868998984,0,false,5.0681666666666665,false,false,8.333333333333332,false,1.272782e6,1.2369879999999998e6,false,1
21.784,use_adaptive_ngroute,0.02783980288847565,0,false,7.199333333333333,false,false,8.5,false,1.272782e6,1.2373480000000002e6,false,3
31.135,use_adaptive_ngroute,0.02587738727234723,0,false,7.719500000000001,false,false,9.0,false,1.272782e6,1.2398457272727273e6,false,2
15.894,use_SR3_cuts,0.025780303211667688,3,false,5.253333333333333,false,false,9.083333333333334,false,1.272782e6,1.2399692941176472e6,false,0
25.26,use_SR3_cuts,0.025303111966185288,2,false,8.384666666666666,false,false,9.083333333333334,false,1.272782e6,1.2405766545454548e6,false,0
61.885,use_adaptive_ngroute,0.024143392868589353,0,false,15.3805,false,false,9.083333333333334,false,1.272782e6,1.2420527241379311e6,false,3
24.88,use_SR3_cuts,0.023868693985141687,1,false,12.3975,false,false,9.208333333333334,false,1.272782e6,1.2424023559322034e6,false,0
31.493,use_SR3_cuts,0.023789502051411726,10,false,15.7055,false,false,9.208333333333334,false,1.272782e6,1.2425031500000001e6,false,0
133.585,use_adaptive_ngroute,0.018267652754990316,0,false,44.46833333333333,false,false,9.208333333333334,false,1.272782e6,1.2495312603911979e6,false,1
101.19,use_SR3_cuts,0.01826091331013957,1,false,50.5545,false,false,9.375,false,1.272782e6,1.249539838235294e6,false,0
105.031,use_SR3_cuts,0.018159595126855166,10,false,52.4075,false,false,9.375,false,1.272782e6,1.249668794195251e6,false,0
559.232,use_SR3_cuts,0.012934833718116656,3,false,139.37025,false,false,9.375,false,1.272782e6,1.256318776470588e6,false,0
288.156,use_SR3_cuts,0.012331284569578327,10,false,143.8885,false,false,9.375,false,1.272782e6,1.257086962962963e6,false,0
783.659,use_SR3_cuts,0.009364678355214373,1,false,261.1303333333333,false,false,9.375,false,1.272782e6,1.2608628059536936e6,false,0
627.755,use_SR3_cuts,0.009103293103600363,10,false,313.8035,false,false,9.375,false,1.272782e6,1.2611954923970134e6,false,0
699.998,none,0.00782600627479868,0,false,487.94899999999996,false,false,9.375,true,1.272782e6,1.2628212000815491e6,false,0
