CG_time_taken,method,CG_LP_IP_gap,implemented_SR3_cuts_count,errored,CG_sp_time_taken_mean,converged,CGIP_artificial,ngroute_neighborhood_size,time_limit_reached,CGIP_objective,CGLP_objective,CGLP_artificial,cycles_lookup_length
18.857,use_adaptive_ngroute,0.06962632598304874,0,false,0.8325,false,false,7.291666666666667,false,1.181859e6,1.0995705e6,false,1
5.269,use_adaptive_ngroute,0.06603903962599045,0,false,1.0161999999999998,false,false,7.583333333333334,false,1.181859e6,1.1038101666666665e6,false,9
7.33,use_lmSR3_cuts,0.06543786808183827,5,false,1.4269999999999998,false,false,8.875,false,1.181859e6,1.1045206666666667e6,false,0
32.396,use_adaptive_ngroute,0.03851940036840262,0,false,3.484555555555556,false,false,8.875,false,1.181859e6,1.1363345e6,false,1
15.705,use_adaptive_ngroute,0.03850525128444071,0,false,3.8705000000000003,false,false,8.958333333333332,false,1.181859e6,1.1363512222222222e6,false,1
6.024,use_lmSR3_cuts,0.03835948281478585,5,false,2.975,false,false,9.0,false,1.181859e6,1.1365235e6,false,0
10.06,use_adaptive_ngroute,0.0305220419694735,0,false,3.294,false,false,9.0,false,1.181859e6,1.14578625e6,false,3
11.783,use_lmSR3_cuts,0.03052204196947328,5,false,3.8963333333333328,false,false,9.208333333333334,false,1.181859e6,1.1457862500000002e6,false,0
13.741,use_adaptive_ngroute,0.025981610327458604,0,false,4.522333333333333,false,false,9.208333333333334,false,1.181859e6,1.1511524000000001e6,false,1
9.162,use_lmSR3_cuts,0.025883490639438622,5,false,4.535,false,false,9.25,false,1.181859e6,1.1512683636363638e6,false,0
9.795,use_adaptive_ngroute,0.023666666600117403,0,false,4.858,false,false,9.25,false,1.181859e6,1.1538883370786519e6,false,3
12.136,use_lmSR3_cuts,0.023388633218232147,5,false,6.0,false,false,9.875,false,1.181859e6,1.1542169333333333e6,false,0
23.724,use_lmSR3_cuts,0.015733743986438897,5,false,7.778333333333332,false,false,9.875,false,1.172766e6,1.154314e6,false,0
23.325,use_lmSR3_cuts,0.014497487137246634,5,false,7.719,false,false,9.875,false,1.172766e6,1.1557638399999999e6,false,0
32.605,use_lmSR3_cuts,0.014369789028671476,5,false,8.089,false,false,9.875,false,1.172766e6,1.155913600000001e6,false,0
8.102,use_lmSR3_cuts,0.014210706426801,5,false,7.975,false,false,9.875,false,1.172766e6,1.1561001666666663e6,false,0
28.447,none,0.014050543757237133,0,false,9.39,false,false,9.875,false,1.172766e6,1.156288e6,false,0
