CG_time_taken,method,CG_LP_IP_gap,implemented_SR3_cuts_count,errored,CG_sp_time_taken_mean,converged,CGIP_artificial,ngroute_neighborhood_size,time_limit_reached,CGIP_objective,CGLP_objective,CGLP_artificial,cycles_lookup_length
29.628,use_adaptive_ngroute,0.09751648575108207,0,false,1.4107368421052633,false,false,7.291666666666667,false,1.239252e6,1.1184045e6,false,3
15.526,use_adaptive_ngroute,0.01913740923687235,0,false,1.9035,false,false,7.791666666666666,false,1.145459e6,1.1235378823529414e6,false,2
6.509,use_adaptive_ngroute,0.01773393897118969,0,false,1.5499999999999998,false,false,8.041666666666666,false,1.145459e6,1.1251455e6,false,3
6.483,use_lmSR3_cuts,0.01647104705703928,5,false,2.128,false,false,8.916666666666666,false,1.145459e6,1.1265920909090908e6,false,0
29.215,use_adaptive_ngroute,0.008715865575866566,0,false,7.2085,false,false,8.916666666666666,false,1.145459e6,1.1354753333333335e6,false,3
24.367,use_lmSR3_cuts,0.008715865575866788,5,false,12.144000000000002,false,false,10.25,false,1.145459e6,1.1354753333333333e6,false,0
88.018,none,0.0,0,false,17.5336,true,false,10.25,false,1.14135e6,1.14135e6,false,0
