CG_time_taken,method,CG_LP_IP_gap,implemented_SR3_cuts_count,errored,CG_sp_time_taken_mean,converged,CGIP_artificial,ngroute_neighborhood_size,time_limit_reached,CGIP_objective,CGLP_objective,CGLP_artificial,cycles_lookup_length
19.704,use_adaptive_ngroute,0.0607948916551474,0,false,0.89525,false,false,7.291666666666667,false,1.282078e6,1.204134206896552e6,false,4
9.894,use_lmSR3_cuts,0.057842034571999545,1,false,1.359142857142857,false,false,7.458333333333333,false,1.282078e6,1.20792e6,false,0
7.849,use_lmSR3_cuts,0.05432313790580601,1,false,1.9084999999999999,false,false,7.458333333333333,false,1.282078e6,1.2124315e6,false,0
4.736,use_lmSR3_cuts,0.05432313790580601,1,false,1.5453333333333332,false,false,7.458333333333333,false,1.282078e6,1.2124315e6,false,0
9.68,use_adaptive_ngroute,0.05010233386736196,0,false,1.8971999999999996,false,false,7.458333333333333,false,1.282078e6,1.2178429000000004e6,false,2
7.259,use_lmSR3_cuts,0.04990663594570699,5,false,1.786,false,false,7.708333333333333,false,1.282078e6,1.2180937999999998e6,false,0
10.956,use_adaptive_ngroute,0.04304665290775345,0,false,2.661,false,false,7.708333333333333,false,1.282078e6,1.2268888333333333e6,false,4
5.538,use_adaptive_ngroute,0.04293194740347939,0,false,2.7545,false,false,8.041666666666666,false,1.282078e6,1.227035894736842e6,false,1
2.368,use_lmSR3_cuts,0.04278673957434731,5,false,2.35,false,false,8.083333333333334,false,1.282078e6,1.2272220625e6,false,0
11.799,use_lmSR3_cuts,0.03509380864502787,5,false,2.8457500000000002,false,false,8.083333333333334,false,1.282078e6,1.237085e6,false,0
15.603,use_adaptive_ngroute,0.03456016976606224,0,false,3.8210000000000006,false,false,8.083333333333334,false,1.282078e6,1.2377691666666665e6,false,4
12.409,use_lmSR3_cuts,0.03417160786369233,5,false,4.0600000000000005,false,false,8.25,false,1.282078e6,1.238267333333333e6,false,0
24.773,use_lmSR3_cuts,0.031525041768129536,5,false,4.0471666666666675,false,false,8.25,false,1.282078e6,1.2416604375e6,false,0
20.019,use_lmSR3_cuts,0.03065650801492492,5,false,4.915500000000001,false,false,8.25,false,1.282078e6,1.242773965517241e6,false,0
31.506,use_lmSR3_cuts,0.029608962949212336,5,false,6.244000000000001,false,false,8.25,false,1.282078e6,1.2441169999999998e6,false,0
20.423,none,0.028975616148159467,0,false,6.752333333333334,false,false,8.25,false,1.282078e6,1.244929e6,false,0
