CG_time_taken,method,CG_LP_IP_gap,implemented_SR3_cuts_count,errored,CG_sp_time_taken_mean,converged,CGIP_artificial,ngroute_neighborhood_size,time_limit_reached,CGIP_objective,CGLP_objective,CGLP_artificial,cycles_lookup_length
19.085,use_adaptive_ngroute,0.0607948916551474,0,false,0.733608695652174,false,false,7.291666666666667,false,1.282078e6,1.204134206896552e6,false,4
4.76,use_lmSR3_cuts,0.057842034571999545,1,false,0.6525714285714286,false,false,7.458333333333333,false,1.282078e6,1.20792e6,false,0
8.54,use_lmSR3_cuts,0.05557345184926343,10,false,1.6494000000000002,false,false,7.458333333333333,false,1.282078e6,1.2108285e6,false,0
3.828,use_adaptive_ngroute,0.04972359326031639,0,false,1.2206666666666666,false,false,7.458333333333333,false,1.282078e6,1.218328475e6,false,4
2.721,use_lmSR3_cuts,0.04950990696353885,4,false,1.319,false,false,7.833333333333334,false,1.282078e6,1.2186024375e6,false,0
7.87,use_adaptive_ngroute,0.0405999868962732,0,false,1.5188000000000001,false,false,7.833333333333334,false,1.282078e6,1.23002565e6,false,4
3.069,use_lmSR3_cuts,0.040215246914254266,5,false,1.4975,false,false,8.416666666666666,false,1.282078e6,1.2305189166666667e6,false,0
6.472,use_lmSR3_cuts,0.03504005094180895,4,false,1.5805,false,false,8.416666666666666,false,1.282078e6,1.2371539215686275e6,false,0
3.63,use_lmSR3_cuts,0.03419199143889862,1,false,1.778,false,false,8.416666666666666,false,1.282078e6,1.2382411999999997e6,false,0
3.652,use_lmSR3_cuts,0.034191991438898395,10,false,1.7934999999999999,false,false,8.416666666666666,false,1.282078e6,1.2382412e6,false,0
9.798,use_lmSR3_cuts,0.031627504435438936,10,false,2.3252500000000005,false,false,8.416666666666666,false,1.282078e6,1.2415290723684214e6,false,0
16.536,none,0.028975616148159467,0,false,2.293857142857143,false,false,8.416666666666666,false,1.282078e6,1.244929e6,false,0
