CG_time_taken,method,CG_LP_IP_gap,implemented_SR3_cuts_count,errored,CG_sp_time_taken_mean,converged,CGIP_artificial,ngroute_neighborhood_size,time_limit_reached,CGIP_objective,CGLP_objective,CGLP_artificial,cycles_lookup_length
12.649,use_adaptive_ngroute,0.16842949653825434,0,false,0.7625333333333334,false,false,7.291666666666667,false,1.438388e6,1.1961210333333334e6,false,10
8.08,use_adaptive_ngroute,0.10685707155001634,0,false,1.3013333333333332,false,false,9.166666666666668,false,1.346289e6,1.2024285e6,false,1
3.989,use_lmSR3_cuts,0.06399130548473553,3,false,1.2999999999999998,false,false,9.25,false,1.284948e6,1.2027225e6,false,0
6.554,use_lmSR3_cuts,0.059211451641339785,5,false,2.136,false,false,9.25,false,1.284948e6,1.2088643636363638e6,false,0
15.282,use_adaptive_ngroute,0.046539626506286846,0,false,2.4560000000000004,false,false,9.25,false,1.284948e6,1.2251469999999998e6,false,1
7.58,use_lmSR3_cuts,0.046539626506286624,5,false,2.4793333333333334,false,false,9.291666666666666,false,1.284948e6,1.225147e6,false,0
4.334,use_adaptive_ngroute,0.04236040919704376,0,false,2.124,false,false,9.291666666666666,false,1.284948e6,1.230517076923077e6,false,2
8.577,use_lmSR3_cuts,0.04226318886056091,5,false,2.089,false,false,9.416666666666666,false,1.284948e6,1.230642e6,false,0
10.326,use_lmSR3_cuts,0.040985316137306715,5,false,2.5145,false,false,9.416666666666666,false,1.284948e6,1.232284e6,false,0
23.048,use_adaptive_ngroute,0.03680551015812816,0,false,3.7455000000000003,false,false,9.416666666666666,false,1.284948e6,1.2376548333333335e6,false,1
9.812,use_adaptive_ngroute,0.03633228737660987,0,false,3.233,false,false,9.5,false,1.284948e6,1.2382629e6,false,3
8.269,use_lmSR3_cuts,0.03631921291756535,5,false,4.093,false,false,9.958333333333332,false,1.284948e6,1.2382797000000002e6,false,0
12.883,use_lmSR3_cuts,0.0349811821178756,5,false,4.237,false,false,9.958333333333332,false,1.284948e6,1.239999e6,false,0
28.613,use_lmSR3_cuts,0.03456221469557408,5,false,5.6728,false,false,9.958333333333332,false,1.284948e6,1.2405373513513515e6,false,0
5.374,use_lmSR3_cuts,0.03328221583026447,5,false,5.342,false,false,9.958333333333332,false,1.284948e6,1.2421820833333333e6,false,0
18.888,use_adaptive_ngroute,0.030388330717477152,0,false,6.234333333333334,false,false,9.958333333333332,false,1.284948e6,1.2459005752212391e6,false,6
44.213,use_lmSR3_cuts,0.03032029311691986,5,false,10.967,false,false,10.375,false,1.284948e6,1.245988e6,false,0
46.127,use_lmSR3_cuts,0.030229448375162837,5,false,11.485999999999999,false,false,10.375,false,1.284948e6,1.2461047307692312e6,false,0
36.989,use_adaptive_ngroute,0.029475428188533548,0,false,12.230666666666666,false,false,10.375,false,1.284948e6,1.2470736075000002e6,false,3
40.598,use_lmSR3_cuts,0.029456063786681863,5,false,13.478666666666667,false,false,10.5,false,1.284948e6,1.2470984897494307e6,false,0
48.362,use_lmSR3_cuts,0.029180805901731,5,false,16.019000000000002,false,false,10.5,false,1.284948e6,1.2474521818181826e6,false,0
125.142,use_adaptive_ngroute,0.026866710997254573,0,false,20.742000000000004,false,false,10.5,false,1.284948e6,1.2504256734374997e6,false,8
50.879,use_adaptive_ngroute,0.026826098824490385,0,false,25.368,false,false,11.416666666666666,false,1.284948e6,1.2504778579676687e6,false,1
26.764,use_lmSR3_cuts,0.026819467977793998,5,false,26.663,false,false,11.458333333333334,false,1.284948e6,1.2504863782608695e6,false,0
79.475,use_adaptive_ngroute,0.025610793125504405,0,false,26.397333333333332,false,false,11.458333333333334,false,1.283947e6,1.251064098998888e6,false,3
62.015,use_lmSR3_cuts,0.025573246782452652,5,false,30.949,false,false,11.749999999999998,false,1.283947e6,1.2511123065134103e6,false,0
79.214,use_lmSR3_cuts,0.025003285071068193,5,false,26.343999999999998,false,false,11.749999999999998,false,1.283947e6,1.2518441071428573e6,false,0
49.159,use_lmSR3_cuts,0.024785778249121093,5,false,24.497,false,false,11.749999999999998,false,1.283947e6,1.2521233743743757e6,false,0
87.665,use_lmSR3_cuts,0.023871653191292364,5,false,29.125666666666667,false,false,11.749999999999998,false,1.283947e6,1.2532970624999998e6,false,0
92.421,use_lmSR3_cuts,0.023581451051589042,3,false,30.733666666666664,false,false,11.749999999999998,false,1.283947e6,1.2536696666666653e6,false,0
72.886,use_lmSR3_cuts,0.023474119379589098,5,false,36.35249999999999,false,false,11.749999999999998,false,1.283947e6,1.2538074748449347e6,false,0
107.272,none,0.023320666663033673,0,false,35.665,false,false,11.749999999999998,false,1.283947e6,1.254004499999998e6,false,0
