CG_time_taken,method,CG_LP_IP_gap,implemented_SR3_cuts_count,errored,CG_sp_time_taken_mean,converged,CGIP_artificial,ngroute_neighborhood_size,time_limit_reached,CGIP_objective,CGLP_objective,CGLP_artificial,cycles_lookup_length
10.498,use_adaptive_ngroute,0.0528347881666128,0,false,0.5018333333333334,false,false,7.291666666666667,false,1.255814e6,1.1894633333333333e6,false,3
4.255,use_adaptive_ngroute,0.04931717595121565,0,false,0.6836666666666666,false,false,7.541666666666667,false,1.255814e6,1.1938808e6,false,1
3.426,use_lmSR3_cuts,0.020603207409958912,5,false,0.8407500000000001,false,false,7.583333333333334,false,1.21926e6,1.1941393333333335e6,false,0
7.698,use_lmSR3_cuts,0.017458950510965465,5,false,1.4948000000000001,false,false,7.583333333333334,false,1.21926e6,1.1979730000000002e6,false,0
6.176,use_adaptive_ngroute,0.014226162840040635,0,false,1.4917499999999997,false,false,7.583333333333334,false,1.21926e6,1.201914608695652e6,false,4
4.562,use_lmSR3_cuts,0.014226162840040635,5,false,1.4833333333333332,false,false,8.166666666666666,false,1.21926e6,1.201914608695652e6,false,0
5.307,use_adaptive_ngroute,0.011663097145880874,0,false,1.7239999999999998,false,false,8.166666666666666,false,1.21926e6,1.2050396521739133e6,false,2
7.8,use_adaptive_ngroute,0.011473637965722538,0,false,1.91725,false,false,8.25,false,1.21926e6,1.205270652173913e6,false,1
4.651,use_adaptive_ngroute,0.010690728620456502,0,false,2.2935,false,false,8.291666666666666,false,1.21926e6,1.2062252222222222e6,false,2
7.327,use_lmSR3_cuts,0.01049374210586762,5,false,2.4083333333333337,false,false,8.666666666666668,false,1.21926e6,1.2064654e6,false,0
8.907,use_adaptive_ngroute,0.008798822754440105,0,false,2.1845,false,false,8.666666666666668,false,1.21926e6,1.2085319473684214e6,false,1
5.423,use_lmSR3_cuts,0.008753670259009527,5,false,2.6825,false,false,8.791666666666666,false,1.21926e6,1.208587e6,false,0
9.65,use_adaptive_ngroute,0.006615614262875602,0,false,3.173666666666667,false,false,8.791666666666666,false,1.21926e6,1.2111938461538462e6,false,2
3.867,use_adaptive_ngroute,0.006591265740421903,0,false,3.848,false,false,8.875,false,1.21926e6,1.2112235333333332e6,false,4
8.017,use_lmSR3_cuts,0.006552608412753069,2,false,3.9684999999999997,false,false,9.208333333333334,false,1.21926e6,1.2112706666666667e6,false,0
16.53,use_adaptive_ngroute,0.006024107645926424,0,false,4.0925,false,false,9.208333333333334,false,1.21926e6,1.2119150465116277e6,false,3
10.836,use_adaptive_ngroute,0.005937266398119423,0,false,3.554666666666667,false,false,9.458333333333332,false,1.21926e6,1.2120209285714289e6,false,1
13.002,use_adaptive_ngroute,0.005906940910218816,0,false,4.295999999999999,false,false,9.541666666666666,false,1.21926e6,1.2120579032258065e6,false,1
7.787,use_lmSR3_cuts,0.005894923514627282,5,false,3.8579999999999997,false,false,9.583333333333334,false,1.21926e6,1.2120725555555555e6,false,0
7.841,use_adaptive_ngroute,0.005225452145242726,0,false,3.8745000000000003,false,false,9.583333333333334,false,1.21926e6,1.2128888152173914e6,false,4
9.114,use_adaptive_ngroute,0.0049687565464874295,0,false,4.5235,false,false,9.916666666666666,false,1.21926e6,1.2132017938931298e6,false,1
9.369,use_lmSR3_cuts,0.0049576877634907035,5,false,4.656499999999999,false,false,10.041666666666666,false,1.21926e6,1.2132152896174863e6,false,0
31.435,use_lmSR3_cuts,0.0042513491790105995,5,false,5.185666666666667,false,false,10.041666666666666,false,1.21926e6,1.2140764999999995e6,false,0
25.586,use_lmSR3_cuts,0.0037659796379225785,5,false,5.085,false,false,10.041666666666666,false,1.21926e6,1.2146682916666665e6,false,0
16.78,use_adaptive_ngroute,0.0033983412385047984,0,false,5.536333333333332,false,false,10.041666666666666,false,1.21926e6,1.2151165384615406e6,false,3
18.782,use_lmSR3_cuts,0.003368050630517594,5,false,6.214666666666665,false,false,10.416666666666666,false,1.21926e6,1.2151534705882352e6,false,0
14.699,use_adaptive_ngroute,0.002670806091543798,0,false,7.306,false,false,10.416666666666666,false,1.21926e6,1.2160035929648243e6,false,1
15.504,use_lmSR3_cuts,0.002632157169609295,5,false,7.709999999999999,false,false,10.458333333333334,false,1.21926e6,1.2160507160493822e6,false,0
26.429,use_adaptive_ngroute,0.0024514869675050788,0,false,8.747666666666666,false,false,10.458333333333334,false,1.21926e6,1.2162709999999998e6,false,1
15.199,use_adaptive_ngroute,0.0018709891427767245,0,false,7.556,false,false,10.5,false,1.21926e6,1.216978777777778e6,false,1
7.885,use_lmSR3_cuts,0.0018502611150096326,5,false,7.846,false,false,10.541666666666666,false,1.21926e6,1.2170040506329134e6,false,0
22.018,none,0.0017438856355492804,0,false,7.291333333333333,false,false,10.541666666666666,false,1.21926e6,1.2171337500000002e6,false,0
