CG_time_taken,method,CG_LP_IP_gap,implemented_SR3_cuts_count,errored,CG_sp_time_taken_mean,converged,CGIP_artificial,ngroute_neighborhood_size,time_limit_reached,CGIP_objective,CGLP_objective,CGLP_artificial,cycles_lookup_length
28.592,use_adaptive_ngroute,0.16787539221818437,0,false,1.3866842105263157,false,false,7.291666666666667,false,1.354157e6,1.1268273625e6,false,13
11.905,use_adaptive_ngroute,0.09517537507348162,0,false,1.9316666666666666,false,false,8.708333333333334,false,1.26406e6,1.1437526153846148e6,false,3
8.404,use_adaptive_ngroute,0.09184848820467384,0,false,1.6538,false,false,9.166666666666668,false,1.26406e6,1.147958e6,false,4
7.537,use_adaptive_ngroute,0.09104505851515499,0,false,2.485333333333333,false,false,9.791666666666666,false,1.26406e6,1.1489735833333333e6,false,2
8.344,use_lmSR3_cuts,0.09085881999272205,5,false,2.7703333333333333,false,false,10.166666666666668,false,1.26406e6,1.1492089999999998e6,false,0
24.085,none,0.08647690774172112,0,false,3.8925000000000005,false,false,10.166666666666668,false,1.26406e6,1.154748e6,false,0
