CG_time_taken,method,CG_LP_IP_gap,implemented_SR3_cuts_count,errored,CG_sp_time_taken_mean,converged,CGIP_artificial,ngroute_neighborhood_size,time_limit_reached,CGIP_objective,CGLP_objective,CGLP_artificial,cycles_lookup_length
13.391,use_adaptive_ngroute,0.07847865626660322,0,false,0.7642666666666666,false,false,7.291666666666667,false,1.302014e6,1.1998336908396948e6,false,11
5.515,use_adaptive_ngroute,0.07523037386694786,0,false,1.0614,false,false,9.583333333333334,false,1.302014e6,1.2040629999999998e6,false,1
2.592,use_adaptive_ngroute,0.07523037386694764,0,false,1.264,false,false,9.958333333333332,false,1.302014e6,1.204063e6,false,3
5.277,use_adaptive_ngroute,0.07482796617651588,0,false,1.28175,false,false,10.291666666666668,false,1.302014e6,1.20458694044665e6,false,3
1.515,use_lmSR3_cuts,0.07465608874195895,4,false,1.4989999999999999,false,false,10.666666666666668,false,1.302014e6,1.204810727272727e6,false,0
18.997,use_adaptive_ngroute,0.0699733433951345,0,false,2.3067500000000005,false,false,10.666666666666668,false,1.302014e6,1.2109077272727273e6,false,1
6.118,use_lmSR3_cuts,0.06969425507969429,4,false,1.9953333333333332,false,false,10.708333333333334,false,1.302014e6,1.211271104166667e6,false,0
12.087,use_adaptive_ngroute,0.0659144015995301,0,false,2.3566000000000003,false,false,10.708333333333334,false,1.302014e6,1.2161925263157894e6,false,1
5.462,use_lmSR3_cuts,0.06578385485870353,2,false,2.7125,false,false,10.875,false,1.302014e6,1.2163625e6,false,0
12.081,use_lmSR3_cuts,0.06560861352745306,10,false,2.9724999999999997,false,false,10.875,false,1.302014e6,1.2165906666666667e6,false,0
13.509,use_adaptive_ngroute,0.062301034511868636,0,false,2.609,false,false,10.875,false,1.302014e6,1.220897180851064e6,false,1
3.217,use_lmSR3_cuts,0.062301034511869635,2,false,3.186,false,false,11.125,false,1.302014e6,1.2208971808510625e6,false,0
6.933,use_lmSR3_cuts,0.06184241298480664,1,false,3.4215,false,false,11.125,false,1.302014e6,1.2214943125e6,false,0
6.152,use_lmSR3_cuts,0.06184015686467237,10,false,3.0340000000000003,false,false,11.125,false,1.302014e6,1.2214972500000005e6,false,0
24.137,use_adaptive_ngroute,0.05815425936380214,0,false,5.971749999999999,false,false,11.125,false,1.302014e6,1.2262963401486985e6,false,1
4.739,use_lmSR3_cuts,0.05771807337197066,10,false,4.699,false,false,11.166666666666666,false,1.302014e6,1.226864260416667e6,false,0
29.578,use_adaptive_ngroute,0.055682432971760565,0,false,9.785666666666666,false,false,11.166666666666666,false,1.302014e6,1.229514692716706e6,false,3
25.314,use_lmSR3_cuts,0.05565460921091703,3,false,12.597500000000002,false,false,11.666666666666666,false,1.302014e6,1.229550919642857e6,false,0
37.46,use_lmSR3_cuts,0.05407175484916549,10,false,7.3908,false,false,11.666666666666666,false,1.302014e6,1.2316118181818186e6,false,0
33.225,use_adaptive_ngroute,0.04979959281962798,0,false,11.016666666666667,false,false,11.666666666666666,false,1.302014e6,1.237174232954545e6,false,1
25.75,use_lmSR3_cuts,0.0500632818473018,2,false,12.806000000000001,false,false,11.749999999999998,false,1.302014e6,1.2368309061488672e6,false,0
86.57,use_adaptive_ngroute,0.04930679224863732,0,false,17.229599999999994,false,false,11.749999999999998,false,1.302014e6,1.2378158661971828e6,false,2
39.019,use_adaptive_ngroute,0.04921493570277846,0,false,19.4435,false,false,11.916666666666668,false,1.302014e6,1.2379354647058826e6,false,1
20.165,use_lmSR3_cuts,0.04920821777764195,10,false,20.061,false,false,11.958333333333334,false,1.302014e6,1.2379442115384613e6,false,0
120.561,use_lmSR3_cuts,0.048723060818463115,10,false,24.041800000000002,false,false,11.958333333333334,false,1.302014e6,1.2385758926915096e6,false,0
48.337,use_lmSR3_cuts,0.04771268509765514,1,false,24.09,false,false,11.958333333333334,false,1.302014e6,1.2398914160252616e6,false,0
84.562,use_lmSR3_cuts,0.04773148415152295,10,false,28.122000000000003,false,false,11.958333333333334,false,1.302014e6,1.239866939393939e6,false,0
70.343,use_adaptive_ngroute,0.046099447629817214,0,false,35.000499999999995,false,false,11.958333333333334,false,1.302014e6,1.2419918737937112e6,false,3
82.976,use_lmSR3_cuts,0.04612293486153807,3,false,41.43750000000001,false,false,12.375,false,1.302014e6,1.2419612930891893e6,false,0
266.752,use_adaptive_ngroute,0.04533136445404551,0,false,44.2625,false,false,12.375,false,1.302014e6,1.2429919288417303e6,false,2
224.135,use_lmSR3_cuts,0.045313720136864966,10,false,55.97424999999999,false,false,12.5,false,1.302014e6,1.2430149019897198e6,false,0
557.678,use_lmSR3_cuts,0.027267894785079516,10,false,50.56090909090909,false,false,12.5,false,1.27295e6,1.238239333333333e6,false,0
214.989,use_adaptive_ngroute,0.025621132573988348,0,false,53.625750000000004,false,false,12.5,false,1.27295e6,1.2403355792899416e6,false,2
173.898,use_lmSR3_cuts,0.02531449833531585,10,false,57.88133333333333,false,false,12.75,false,1.27295e6,1.2407259093440596e6,false,0
112.683,use_adaptive_ngroute,0.024127109116851675,0,false,112.53,false,false,12.75,false,1.27295e6,1.2422373964497037e6,false,4
159.371,use_lmSR3_cuts,0.025421517253897297,10,false,79.601,false,false,13.125,false,1.27295e6,1.2405896796116515e6,false,0
72.176,use_lmSR3_cuts,0.023698307856045986,2,false,72.06700000000001,false,false,13.125,false,1.27295e6,1.2427832390146463e6,false,0
116.708,use_lmSR3_cuts,0.023583397255535377,10,false,116.561,false,false,13.125,false,1.27295e6,1.2429295144635662e6,false,0
225.978,use_lmSR3_cuts,0.022779127480240913,10,false,112.887,false,false,13.125,false,1.27295e6,1.2439533096740274e6,false,0
361.255,use_adaptive_ngroute,0.022337868196466437,0,false,120.28533333333334,false,false,13.125,false,1.27295e6,1.244515010679308e6,false,2
220.306,use_lmSR3_cuts,0.022304580309091326,10,false,110.0275,false,false,13.291666666666666,false,1.27295e6,1.2445573844955422e6,false,0
1.868,none,0.020610142806528953,0,false,NaN,false,false,13.291666666666666,true,1.27295e6,1.246714318714429e6,false,0
