CG_time_taken,method,CG_LP_IP_gap,implemented_SR3_cuts_count,errored,CG_sp_time_taken_mean,converged,CGIP_artificial,ngroute_neighborhood_size,time_limit_reached,CGIP_objective,CGLP_objective,CGLP_artificial,cycles_lookup_length
22.825,use_adaptive_ngroute,0.07071471104539351,0,false,1.29775,false,false,7.291666666666667,false,1.291136e6,1.1998336908396948e6,false,11
11.988,use_adaptive_ngroute,0.06743906141568357,0,false,1.4341249999999999,false,false,9.583333333333334,false,1.291136e6,1.204063e6,false,1
6.992,use_adaptive_ngroute,0.06743906141568357,0,false,1.72175,false,false,9.958333333333332,false,1.291136e6,1.204063e6,false,3
6.056,use_adaptive_ngroute,0.06703326338460847,0,false,1.9853333333333334,false,false,10.291666666666668,false,1.291136e6,1.2045869404466501e6,false,3
2.09,use_lmSR3_cuts,0.06685993785881017,5,false,2.072,false,false,10.666666666666668,false,1.291136e6,1.2048107272727273e6,false,0
39.368,use_adaptive_ngroute,0.04544565181344862,0,false,4.8155,false,false,10.666666666666668,false,1.266482e6,1.2089259e6,false,1
14.0,use_lmSR3_cuts,0.04496352889342292,5,false,4.526333333333333,false,false,10.708333333333334,false,1.266482e6,1.2095365e6,false,0
24.185,use_adaptive_ngroute,0.01615702543949693,0,false,4.7669999999999995,false,false,10.708333333333334,false,1.239756e6,1.219725230769231e6,false,2
22.864,use_lmSR3_cuts,0.0161224925683372,5,false,7.586,false,false,11.291666666666668,false,1.239756e6,1.2197680431034486e6,false,0
24.203,use_adaptive_ngroute,0.011987036158727982,0,false,7.971,false,false,11.291666666666668,false,1.239756e6,1.224895e6,false,3
61.27,use_lmSR3_cuts,0.010989528046916663,5,false,15.25175,false,false,11.583333333333332,false,1.239756e6,1.2261316666666667e6,false,0
46.461,use_adaptive_ngroute,0.00966453613990681,0,false,15.452333333333335,false,false,11.583333333333332,false,1.239756e6,1.2277743333333337e6,false,1
14.814,use_lmSR3_cuts,0.009660489644737202,5,false,14.785,false,false,11.625,false,1.239756e6,1.2277793499999992e6,false,0
42.566,use_lmSR3_cuts,0.00870590954414796,5,false,21.209000000000003,false,false,11.625,false,1.239756e6,1.2289627964071853e6,false,0
112.884,use_adaptive_ngroute,0.007624955331514194,0,false,22.4858,false,false,11.625,false,1.239756e6,1.2303029158780233e6,false,1
22.85,use_adaptive_ngroute,0.007618864022812866,0,false,22.804000000000002,false,false,11.916666666666668,false,1.239756e6,1.2303104676145336e6,false,1
38.694,use_adaptive_ngroute,0.007615151777871532,0,false,19.304499999999997,false,false,11.958333333333334,false,1.239756e6,1.230315069892473e6,false,2
22.494,use_lmSR3_cuts,0.007612131919296439,5,false,22.44,false,false,12.041666666666666,false,1.239756e6,1.2303188137802607e6,false,0
95.796,use_adaptive_ngroute,0.006396877019886671,0,false,23.844499999999996,false,false,12.041666666666666,false,1.239756e6,1.2318254333333333e6,false,6
70.865,none,0.0062786548320799,0,false,35.39,false,false,12.625,false,1.239756e6,1.231972e6,false,0
