CG_time_taken,method,CG_LP_IP_gap,implemented_SR3_cuts_count,errored,CG_sp_time_taken_mean,converged,CGIP_artificial,ngroute_neighborhood_size,time_limit_reached,CGIP_objective,CGLP_objective,CGLP_artificial,cycles_lookup_length
8.608,use_adaptive_ngroute,0.28853801819961933,0,false,0.21173913043478265,false,false,6.0,false,1.948555e6,1.3863228019470407e6,false,23
5.145,use_adaptive_ngroute,0.03079163284615738,0,false,0.4507,false,false,7.625,false,1.521877e6,1.4750159221789886e6,false,13
3.531,use_adaptive_ngroute,0.024479045212202566,0,false,0.6752,false,false,8.84375,false,1.521877e6,1.4846229041095888e6,false,5
3.517,use_adaptive_ngroute,0.01764234741613202,0,false,0.83975,false,false,9.15625,false,1.521877e6,1.4950275172413792e6,false,6
1.923,use_adaptive_ngroute,0.016781641441476536,0,false,0.9375,false,false,9.4375,false,1.521877e6,1.49633740586797e6,false,1
0.854,use_SR3_cuts,0.016766804215209374,5,false,0.837,false,false,9.46875,false,1.521877e6,1.4963599863013697e6,false,0
2.867,use_SR3_cuts,0.014559469800924929,5,false,1.4045,false,false,9.46875,false,1.521877e6,1.4997192777777778e6,false,0
6.068,use_adaptive_ngroute,0.012372377780521804,0,false,1.9883333333333333,false,false,9.46875,false,1.521877e6,1.5030477628205128e6,false,6
1.464,use_adaptive_ngroute,0.012260669403132307,0,false,1.445,false,false,9.71875,false,1.521877e6,1.5032177692307692e6,false,4
3.466,use_SR3_cuts,0.012239162560443106,5,false,1.7045000000000001,false,false,10.15625,false,1.521877e6,1.5032505000000005e6,false,0
5.422,use_SR3_cuts,0.011431994778983934,5,false,2.6715000000000004,false,false,10.15625,false,1.521877e6,1.5044789100817442e6,false,0
10.466,use_SR3_cuts,0.01104643749063583,5,false,3.4303333333333335,false,false,10.15625,false,1.521877e6,1.5050656808510637e6,false,0
4.059,use_adaptive_ngroute,0.01026639155804654,0,false,4.013,false,false,10.15625,false,1.521877e6,1.5062528148148148e6,false,2
2.694,use_SR3_cuts,0.010241639849365325,5,false,2.67,false,false,10.21875,false,1.521877e6,1.5062904838709675e6,false,0
15.85,use_adaptive_ngroute,0.009983897571556044,0,false,5.226,false,false,10.21875,false,1.521877e6,1.506682735915493e6,false,1
8.251,use_SR3_cuts,0.009983897571556155,5,false,4.103999999999999,false,false,10.25,false,1.521877e6,1.5066827359154928e6,false,0
22.439,use_adaptive_ngroute,0.008313064050109342,0,false,7.436999999999999,false,false,10.25,false,1.521877e6,1.5092255390226117e6,false,2
15.855,use_SR3_cuts,0.008305658239071145,5,false,7.886000000000001,false,false,10.34375,false,1.521877e6,1.5092368097560972e6,false,0
41.461,use_adaptive_ngroute,0.007199482152300818,0,false,13.760666666666664,false,false,10.34375,false,1.521877e6,1.510920273700503e6,false,2
13.978,use_SR3_cuts,0.007196359370962413,5,false,13.946,false,false,10.65625,false,1.521877e6,1.5109250261895978e6,false,0
62.155,use_adaptive_ngroute,0.005465415178212751,0,false,15.496249999999998,false,false,10.65625,false,1.521877e6,1.5135593103448271e6,false,1
40.063,use_SR3_cuts,0.005008499627991658,5,false,13.303333333333333,false,false,10.6875,false,1.521877e6,1.514254679611651e6,false,0
60.444,use_adaptive_ngroute,0.004841458274204569,0,false,15.07225,false,false,10.6875,false,1.521877e6,1.5145088960060284e6,false,1
16.948,use_SR3_cuts,0.004727701224925052,5,false,16.912000000000003,false,false,10.71875,false,1.521877e6,1.5146820202429148e6,false,0
18.479,use_SR3_cuts,0.004715105709026224,5,false,18.438,false,false,10.71875,false,1.521877e6,1.5147011890688643e6,false,0
21.543,use_adaptive_ngroute,0.004593585307844372,0,false,21.502,false,false,10.71875,false,1.521877e6,1.5148861281724537e6,false,1
19.947,use_SR3_cuts,0.004583142214124147,5,false,19.898999999999997,false,false,10.75,false,1.521877e6,1.5149020212765953e6,false,0
13.542,use_SR3_cuts,0.004511179578269964,5,false,13.475,false,false,10.75,false,1.521877e6,1.5150115395569613e6,false,0
18.835,use_SR3_cuts,0.004441192006354178,5,false,18.782,false,false,10.75,false,1.521877e6,1.5151180520329457e6,false,0
40.229,use_SR3_cuts,0.004346146877095447,5,false,20.053500000000003,false,false,10.75,false,1.521877e6,1.5152626990291267e6,false,0
50.989,use_SR3_cuts,0.004280746270744595,5,false,25.4315,false,false,10.75,false,1.521877e6,1.515362230707718e6,false,0
58.955,use_SR3_cuts,0.004276612183643502,5,false,29.43,false,false,10.75,false,1.521877e6,1.5153685222797932e6,false,0
30.609,use_SR3_cuts,0.004254057655987631,5,false,30.52,false,false,10.75,false,1.521877e6,1.5154028474966786e6,false,0
79.666,use_SR3_cuts,0.004252194707665247,4,false,39.646499999999996,false,false,10.75,false,1.521877e6,1.5154056826748825e6,false,0
149.949,none,0.004251841535156231,0,false,49.90566666666667,false,false,10.75,false,1.521877e6,1.515406220160001e6,false,0
