CG_time_taken,method,CG_LP_IP_gap,implemented_SR3_cuts_count,errored,CG_sp_time_taken_mean,converged,CGIP_artificial,ngroute_neighborhood_size,time_limit_reached,CGIP_objective,CGLP_objective,CGLP_artificial,cycles_lookup_length
7.943,use_adaptive_ngroute,0.28853801819961933,0,false,0.17769565217391303,false,false,6.0,false,1.948555e6,1.3863228019470407e6,false,23
3.712,use_adaptive_ngroute,0.07125413883484277,0,false,0.3373333333333333,false,false,7.625,false,1.588545e6,1.4753545940246047e6,false,12
2.368,use_adaptive_ngroute,0.024479045212202566,0,false,0.35783333333333334,false,false,8.78125,false,1.521877e6,1.4846229041095888e6,false,5
3.148,use_adaptive_ngroute,0.01709039483056729,0,false,0.43014285714285716,false,false,9.09375,false,1.521877e6,1.4958675211864407e6,false,1
1.661,use_adaptive_ngroute,0.016859639458813747,0,false,0.5366666666666666,false,false,9.125,false,1.521877e6,1.496218702479339e6,false,3
0.55,use_adaptive_ngroute,0.016781641441476314,0,false,0.53,false,false,9.28125,false,1.521877e6,1.4963374058679703e6,false,1
1.18,use_SR3_cuts,0.016766804215209374,8,false,0.5760000000000001,false,false,9.3125,false,1.521877e6,1.4963599863013697e6,false,0
7.227,use_adaptive_ngroute,0.010113246498487993,0,false,1.71825,false,false,9.3125,false,1.521877e6,1.5064858827586207e6,false,3
2.328,use_adaptive_ngroute,0.009967756921223203,0,false,1.13,false,false,9.59375,false,1.521877e6,1.5067072999999996e6,false,2
1.753,use_SR3_cuts,0.009855373769803166,2,false,1.73,false,false,9.65625,false,1.521877e6,1.5068783333333333e6,false,0
6.222,use_SR3_cuts,0.00923366343009313,1,false,2.021333333333333,false,false,9.65625,false,1.521877e6,1.5078245000000002e6,false,0
1.882,use_SR3_cuts,0.009176611972449122,10,false,1.831,false,false,9.65625,false,1.521877e6,1.507911325301205e6,false,0
8.651,use_adaptive_ngroute,0.007821453376324117,0,false,2.8223333333333334,false,false,9.65625,false,1.521877e6,1.50997371e6,false,2
2.881,use_adaptive_ngroute,0.007812622176430417,0,false,2.855,false,false,9.75,false,1.521877e6,1.5099871500000006e6,false,2
5.743,use_SR3_cuts,0.007795789591873659,1,false,2.8270000000000004,false,false,9.8125,false,1.521877e6,1.510012767123288e6,false,0
7.854,use_SR3_cuts,0.007795789591873881,10,false,3.8689999999999998,false,false,9.8125,false,1.521877e6,1.5100127671232878e6,false,0
18.797,use_SR3_cuts,0.007492559999821569,10,false,4.63675,false,false,9.8125,false,1.521877e6,1.5104742452651516e6,false,0
24.199,use_SR3_cuts,0.0058008232826199935,1,false,4.7224,false,false,9.8125,false,1.521877e6,1.513048860465116e6,false,0
16.997,use_SR3_cuts,0.0052561737906546835,2,false,8.439499999999999,false,false,9.8125,false,1.521877e6,1.5138777499999998e6,false,0
9.573,use_SR3_cuts,0.005225368686859966,10,false,9.481,false,false,9.8125,false,1.521877e6,1.5139246315789477e6,false,0
12.13,use_SR3_cuts,0.0049471974486509085,10,false,12.06,false,false,9.8125,false,1.521877e6,1.5143479739884394e6,false,0
34.621,use_SR3_cuts,0.004731388080426169,10,false,11.475666666666667,false,false,9.8125,false,1.521877e6,1.5146764093023252e6,false,0
27.202,use_adaptive_ngroute,0.004675290461237824,0,false,13.5345,false,false,9.8125,false,1.521877e6,1.5147617829787228e6,false,4
31.652,use_SR3_cuts,0.004624329322367782,1,false,15.783000000000001,false,false,9.9375,false,1.521877e6,1.514839339563863e6,false,0
50.605,use_SR3_cuts,0.004609870030504393,10,false,16.805999999999997,false,false,9.9375,false,1.521877e6,1.514861344827586e6,false,0
32.907,use_SR3_cuts,0.004427260936158306,10,false,16.3355,false,false,9.9375,false,1.521877e6,1.5151392534082623e6,false,0
52.925,use_SR3_cuts,0.004308534344125037,10,false,26.3825,false,false,9.9375,false,1.521877e6,1.515319940677966e6,false,0
58.534,use_SR3_cuts,0.004262853785446219,5,false,29.192999999999998,false,false,9.9375,false,1.521877e6,1.5153894608695665e6,false,0
26.005,use_SR3_cuts,0.0042561609170287396,8,false,25.880000000000003,false,false,9.9375,false,1.521877e6,1.515399646592075e6,false,0
122.936,use_SR3_cuts,0.004252070872697078,1,false,40.617333333333335,false,false,9.9375,false,1.521877e6,1.5154058711364723e6,false,0
75.72,use_SR3_cuts,0.004252070872697522,1,false,37.71900000000001,false,false,9.9375,false,1.521877e6,1.5154058711364716e6,false,0
67.546,use_SR3_cuts,0.004251963175640361,1,false,33.573,false,false,9.9375,false,1.521877e6,1.515406035038146e6,false,0
36.45,use_SR3_cuts,0.004251943936874225,4,false,36.303,false,false,9.9375,false,1.521877e6,1.5154060643171817e6,false,0
164.811,use_SR3_cuts,0.004251885837192049,4,false,54.251,false,false,9.9375,false,1.521877e6,1.5154061527377516e6,false,0
66.909,none,0.004251841535156564,0,false,33.335,false,false,9.9375,false,1.521877e6,1.5154062201600005e6,false,0
