CG_time_taken,method,CG_LP_IP_gap,implemented_SR3_cuts_count,errored,CG_sp_time_taken_mean,converged,CGIP_artificial,ngroute_neighborhood_size,time_limit_reached,CGIP_objective,CGLP_objective,CGLP_artificial,cycles_lookup_length
18.55,use_adaptive_ngroute,0.1371111968990294,0,false,1.0872000000000002,false,false,7.291666666666667,false,1.332744e6,1.150009875e6,false,3
13.97,use_lmSR3_cuts,0.09588799127306791,5,false,1.9165714285714281,false,false,7.916666666666667,false,1.272383e6,1.15037675e6,false,0
6.788,use_adaptive_ngroute,0.08974348394574061,0,false,2.2043333333333335,false,false,7.916666666666667,false,1.272383e6,1.1581949166666667e6,false,1
2.066,use_lmSR3_cuts,0.08974348394574083,5,false,2.041,false,false,8.333333333333332,false,1.272383e6,1.1581949166666665e6,false,0
31.715,use_adaptive_ngroute,0.07530143467643469,0,false,3.8434999999999997,false,false,8.333333333333332,false,1.257984e6,1.163256e6,false,1
7.643,use_lmSR3_cuts,0.07507696074402792,5,false,3.787,false,false,8.375,false,1.257984e6,1.1635383846153847e6,false,0
30.384,use_lmSR3_cuts,0.07181093372900327,5,false,4.993166666666666,false,false,8.375,false,1.254918e6,1.1648011666666667e6,false,0
16.038,use_lmSR3_cuts,0.06741077903098047,5,false,5.257666666666667,false,false,8.375,false,1.254918e6,1.170323e6,false,0
8.38,use_adaptive_ngroute,0.064964373400064,0,false,4.079,false,false,8.375,false,1.254918e6,1.1733930384615385e6,false,12
47.837,use_lmSR3_cuts,0.050370025279630526,5,false,9.502600000000001,false,false,10.791666666666668,false,1.237278e6,1.1749562758620693e6,false,0
27.825,use_adaptive_ngroute,0.04594654318497848,0,false,9.209333333333335,false,false,10.791666666666668,false,1.237278e6,1.1804293529411762e6,false,4
29.537,use_adaptive_ngroute,0.04562185596057389,0,false,9.792333333333332,false,false,11.0,false,1.237278e6,1.180831081300813e6,false,4
63.9,use_lmSR3_cuts,0.04561707231519496,5,false,15.865749999999998,false,false,11.458333333333334,false,1.237278e6,1.1808370000000002e6,false,0
43.223,use_adaptive_ngroute,0.04328127867224951,0,false,14.315333333333333,false,false,11.458333333333334,false,1.237278e6,1.1837270260869565e6,false,6
16.705,use_lmSR3_cuts,0.04321811157464217,5,false,16.66,false,false,11.916666666666668,false,1.237278e6,1.18380518134715e6,false,0
59.939,use_lmSR3_cuts,0.0416143819917868,5,false,19.883333333333336,false,false,11.916666666666668,false,1.237278e6,1.185789440677966e6,false,0
28.866,use_adaptive_ngroute,0.04059058436102225,0,false,14.344999999999999,false,false,11.916666666666668,false,1.237278e6,1.187056162962963e6,false,2
119.135,use_lmSR3_cuts,0.0405495962373319,5,false,23.7704,false,false,12.25,false,1.237278e6,1.1871068766666665e6,false,0
130.818,use_lmSR3_cuts,0.03883358988729424,5,false,32.562250000000006,false,false,12.25,false,1.237278e6,1.1892300535714284e6,false,0
180.888,use_adaptive_ngroute,0.03773653705697,0,false,36.0898,false,false,12.25,false,1.237278e6,1.1905874129032262e6,false,2
110.455,use_adaptive_ngroute,0.037571313803365425,0,false,36.758,false,false,12.416666666666668,false,1.237278e6,1.1907918399999996e6,false,2
41.196,use_lmSR3_cuts,0.037568647720131465,5,false,41.105,false,false,12.5,false,1.237278e6,1.1907951386861312e6,false,0
148.585,use_adaptive_ngroute,0.036720818592544946,0,false,49.42966666666666,false,false,12.5,false,1.237278e6,1.1918441390134532e6,false,1
176.831,use_lmSR3_cuts,0.03671040532411729,5,false,58.88633333333333,false,false,12.666666666666666,false,1.237278e6,1.1918570231213868e6,false,0
209.746,use_adaptive_ngroute,0.036179747494125114,0,false,69.832,false,false,12.666666666666666,false,1.237278e6,1.1925135943799638e6,false,3
356.096,use_lmSR3_cuts,0.03604350302303405,5,false,71.03500000000001,false,false,13.25,false,1.237278e6,1.1926821666666665e6,false,0
148.367,use_adaptive_ngroute,0.03568695186601545,0,false,74.08350000000002,false,false,13.25,false,1.237278e6,1.1931233195691202e6,false,6
214.924,use_lmSR3_cuts,0.03565404515902959,5,false,71.48833333333332,false,false,13.541666666666668,false,1.237278e6,1.1931640343137262e6,false,0
242.495,use_lmSR3_cuts,0.03536666042674186,5,false,80.739,false,false,13.541666666666668,false,1.237278e6,1.1935196091205217e6,false,0
165.868,use_lmSR3_cuts,0.035225754164216694,5,false,82.8265,false,false,13.541666666666668,false,1.237278e6,1.1936939493392063e6,false,0
321.015,use_adaptive_ngroute,0.03500653707721213,0,false,106.879,false,false,13.541666666666668,false,1.237278e6,1.1939651818181812e6,false,4
299.702,use_lmSR3_cuts,0.03490057075255404,5,false,99.79466666666669,false,false,13.916666666666666,false,1.237278e6,1.1940962916204215e6,false,0
224.385,none,0.03473171280403109,0,false,126.01400000000001,false,false,13.916666666666666,true,1.237278e6,1.194305215845254e6,false,0
