CG_time_taken,method,CG_LP_IP_gap,implemented_SR3_cuts_count,errored,CG_sp_time_taken_mean,converged,CGIP_artificial,ngroute_neighborhood_size,time_limit_reached,CGIP_objective,CGLP_objective,CGLP_artificial,cycles_lookup_length
15.281,use_adaptive_ngroute,0.16751489738997627,0,false,0.7548333333333334,false,false,7.291666666666667,false,1.366701e6,1.137758222222222e6,false,2
1.684,use_adaptive_ngroute,0.1666286798160922,0,false,0.8170000000000001,false,false,7.458333333333333,false,1.366701e6,1.138969416666667e6,false,1
4.475,use_adaptive_ngroute,0.1660714377175403,0,false,1.0839999999999999,false,false,7.5,false,1.366701e6,1.139731e6,false,3
3.256,use_adaptive_ngroute,0.16574597775840305,0,false,1.0633333333333332,false,false,8.208333333333334,false,1.366701e6,1.1401758064516129e6,false,2
2.673,use_lmSR3_cuts,0.16572048527159677,5,false,1.324,false,false,8.291666666666666,false,1.366701e6,1.1402106470588234e6,false,0
13.411,use_lmSR3_cuts,0.03563672030078702,1,false,2.619,false,false,8.291666666666666,false,1.198988e6,1.15626e6,false,0
9.4,use_adaptive_ngroute,0.03401720796032226,0,false,2.3145,false,false,8.291666666666666,false,1.198988e6,1.158201775862069e6,false,2
2.758,use_lmSR3_cuts,0.033999454122977,5,false,2.74,false,false,8.666666666666668,false,1.198988e6,1.1582230625e6,false,0
20.468,use_adaptive_ngroute,0.03112246327736412,0,false,3.3738333333333337,false,false,8.666666666666668,false,1.198988e6,1.1616725399999998e6,false,1
7.068,use_lmSR3_cuts,0.031061772351092753,5,false,3.5060000000000002,false,false,8.916666666666666,false,1.198988e6,1.161745307692308e6,false,0
17.017,use_lmSR3_cuts,0.027617378706356832,5,false,4.188000000000001,false,false,8.916666666666666,false,1.198988e6,1.1658750943396227e6,false,0
17.979,use_adaptive_ngroute,0.025270478103200378,0,false,3.5598,false,false,8.916666666666666,false,1.198988e6,1.168689e6,false,2
6.317,use_lmSR3_cuts,0.025081682521957083,5,false,3.1315,false,false,9.041666666666668,false,1.198988e6,1.1689153636363638e6,false,0
37.195,use_lmSR3_cuts,0.022785161748089755,5,false,6.106166666666666,false,false,9.041666666666668,false,1.198988e6,1.1716688644859814e6,false,0
44.477,use_adaptive_ngroute,0.018824772617063057,0,false,7.343,false,false,9.041666666666668,false,1.198988e6,1.1764173235294127e6,false,1
25.382,use_adaptive_ngroute,0.018783419423871517,0,false,8.414333333333333,false,false,9.083333333333334,false,1.198988e6,1.1764669055118111e6,false,1
18.105,use_lmSR3_cuts,0.018782543925476736,5,false,8.999499999999998,false,false,9.125,false,1.198988e6,1.1764679552238805e6,false,0
8.269,use_lmSR3_cuts,0.017367942985151208,5,false,8.227,false,false,9.125,false,1.198988e6,1.1781640447761195e6,false,0
50.864,use_adaptive_ngroute,0.015428948172409584,0,false,10.101999999999999,false,false,9.125,false,1.198988e6,1.180488876288659e6,false,2
56.835,use_lmSR3_cuts,0.01474159874827774,5,false,14.14025,false,false,9.833333333333334,false,1.198988e6,1.181313e6,false,0
124.813,use_lmSR3_cuts,0.014618004618237812,5,false,13.805111111111112,false,false,9.833333333333334,false,1.198988e6,1.1814611878787882e6,false,0
54.798,use_lmSR3_cuts,0.014297637384339423,5,false,13.64175,false,false,9.833333333333334,false,1.198988e6,1.1818453043478257e6,false,0
40.108,use_lmSR3_cuts,0.014072636824065898,5,false,13.310333333333334,false,false,9.833333333333334,false,1.198988e6,1.1821150773195869e6,false,0
31.065,use_lmSR3_cuts,0.013970529418507183,5,false,15.462,false,false,9.833333333333334,false,1.198988e6,1.182237502873563e6,false,0
70.809,use_lmSR3_cuts,0.013714566666529482,5,false,14.0488,false,false,9.833333333333334,false,1.198988e6,1.182544399141631e6,false,0
56.272,use_lmSR3_cuts,0.013538917820696272,1,false,13.98875,false,false,9.833333333333334,false,1.198988e6,1.182754999999999e6,false,0
25.238,use_lmSR3_cuts,0.013515097732420767,5,false,12.5475,false,false,9.833333333333334,false,1.198988e6,1.1827835600000003e6,false,0
52.106,use_lmSR3_cuts,0.013357348030172522,3,false,17.29566666666667,false,false,9.833333333333334,false,1.198988e6,1.1829726999999995e6,false,0
39.202,use_lmSR3_cuts,0.013276790896127544,5,false,19.496,false,false,9.833333333333334,false,1.198988e6,1.1830692870370338e6,false,0
33.032,use_lmSR3_cuts,0.013252843231125522,1,false,16.415,false,false,9.833333333333334,false,1.198988e6,1.1830979999999993e6,false,0
57.004,use_lmSR3_cuts,0.01317910511939191,5,false,18.924333333333333,false,false,9.833333333333334,false,1.198988e6,1.1831864111111106e6,false,0
101.197,use_lmSR3_cuts,0.01316297577623815,1,false,20.1436,false,false,9.833333333333334,false,1.198988e6,1.1832057499999998e6,false,0
47.988,use_adaptive_ngroute,0.013138040954768226,0,false,23.909,false,false,9.833333333333334,false,1.198988e6,1.1832356465517243e6,false,1
51.668,use_lmSR3_cuts,0.013135921360793335,5,false,25.7385,false,false,9.875,false,1.198988e6,1.1832381879194651e6,false,0
158.534,none,0.013126170747429722,0,false,26.321666666666665,false,false,9.875,false,1.198988e6,1.1832498787878808e6,false,0
