CG_time_taken,method,CG_LP_IP_gap,implemented_SR3_cuts_count,errored,CG_sp_time_taken_mean,converged,CGIP_artificial,ngroute_neighborhood_size,time_limit_reached,CGIP_objective,CGLP_objective,CGLP_artificial,cycles_lookup_length
17.512,use_adaptive_ngroute,0.057124526513291585,0,false,0.7562380952380953,false,false,7.291666666666667,false,1.272915e6,1.2002003333333335e6,false,7
4.573,use_lmSR3_cuts,0.05371195248700833,5,false,0.7365,false,false,7.875,false,1.272915e6,1.2045442499999998e6,false,0
11.782,use_adaptive_ngroute,0.046441108269863474,0,false,1.426625,false,false,7.875,false,1.272915e6,1.2137994166666667e6,false,1
3.267,use_lmSR3_cuts,0.046439550166350374,5,false,1.6079999999999999,false,false,8.0,false,1.272915e6,1.2138014000000001e6,false,0
6.018,none,0.0,0,false,1.4575,true,false,8.0,false,1.218637e6,1.218637e6,false,0
