CG_time_taken,method,CG_LP_IP_gap,implemented_SR3_cuts_count,errored,CG_sp_time_taken_mean,converged,CGIP_artificial,ngroute_neighborhood_size,time_limit_reached,CGIP_objective,CGLP_objective,CGLP_artificial,cycles_lookup_length
18.04,use_adaptive_ngroute,0.1451957491761663,0,false,0.8542105263157894,false,false,7.291666666666667,false,1.578528e6,1.3493324444444445e6,false,15
13.224,use_adaptive_ngroute,0.07847079709117022,0,false,2.1603333333333334,false,false,9.708333333333334,false,1.475313e6,1.3595440129310344e6,false,6
3.824,use_adaptive_ngroute,0.07806704972662293,0,false,1.889,false,false,10.958333333333334,false,1.475313e6,1.3601396666666667e6,false,2
6.324,use_adaptive_ngroute,0.07792773269228259,0,false,2.0853333333333333,false,false,11.333333333333334,false,1.475313e6,1.3603452028985505e6,false,1
2.165,use_lmSR3_cuts,0.0779092301091362,9,false,2.149,false,false,11.375,false,1.475313e6,1.3603725e6,false,0
19.119,use_adaptive_ngroute,0.03568070876322105,0,false,4.71125,false,false,11.375,false,1.430583e6,1.3795387846153849e6,false,5
22.591,use_adaptive_ngroute,0.033360105635255044,0,false,5.5592500000000005,false,false,11.708333333333332,false,1.430583e6,1.3828585999999999e6,false,1
9.075,use_lmSR3_cuts,0.033307481402104266,4,false,4.4505,false,false,11.833333333333334,false,1.430583e6,1.3829338833333335e6,false,0
19.687,use_lmSR3_cuts,0.030192119809429485,2,false,4.859999999999999,false,false,11.833333333333334,false,1.430583e6,1.387390666666667e6,false,0
17.367,use_adaptive_ngroute,0.030530315263078034,0,false,5.730999999999999,false,false,11.833333333333334,false,1.430583e6,1.38690685e6,false,1
9.847,use_lmSR3_cuts,0.030038394603225882,1,false,4.8825,false,false,11.875,false,1.430583e6,1.3876105833333333e6,false,0
15.503,use_lmSR3_cuts,0.02996833717001668,10,false,5.122333333333333,false,false,11.875,false,1.430583e6,1.387710806306306e6,false,0
17.395,use_adaptive_ngroute,0.024358796719802456,0,false,8.638,false,false,11.875,false,1.430583e6,1.3957357195121949e6,false,3
36.829,use_lmSR3_cuts,0.024662759867829953,1,false,9.156500000000001,false,false,12.208333333333332,false,1.430583e6,1.3953008750000002e6,false,0
7.511,use_adaptive_ngroute,0.02435466853194257,0,false,7.473999999999999,false,false,12.208333333333332,false,1.430583e6,1.395741625227568e6,false,1
23.629,use_lmSR3_cuts,0.024320671838579555,10,false,11.759500000000001,false,false,12.291666666666666,false,1.430583e6,1.3957902603191494e6,false,0
46.98,use_adaptive_ngroute,0.020144787491316762,0,false,15.576,false,false,12.291666666666666,false,1.430583e6,1.4017642094763096e6,false,2
34.086,use_adaptive_ngroute,0.01979652636308027,0,false,16.9985,false,false,12.416666666666668,false,1.430583e6,1.4022624259259256e6,false,1
55.968,use_lmSR3_cuts,0.01967621475533643,1,false,18.609666666666666,false,false,12.458333333333334,false,1.430583e6,1.4024345416666665e6,false,0
53.387,use_lmSR3_cuts,0.020263825583629158,3,false,17.744999999999997,false,false,12.458333333333334,false,1.430583e6,1.401593915605095e6,false,0
36.817,use_lmSR3_cuts,0.0200297602325471,10,false,18.3385,false,false,12.458333333333334,false,1.430583e6,1.401928765517242e6,false,0
87.164,use_adaptive_ngroute,0.015130494453945098,0,false,21.70975,false,false,12.458333333333334,false,1.430583e6,1.4089375718525918e6,false,1
20.291,use_lmSR3_cuts,0.015097433715876907,3,false,20.243,false,false,12.5,false,1.430583e6,1.4089848679824397e6,false,0
44.992,use_lmSR3_cuts,0.014742539394466014,10,false,22.417,false,false,12.5,false,1.430583e6,1.4094925737654467e6,false,0
86.419,use_lmSR3_cuts,0.012105226032761873,1,false,28.723666666666666,false,false,12.5,false,1.430583e6,1.4132654694263735e6,false,0
50.332,use_lmSR3_cuts,0.01184899212792978,2,false,25.079500000000003,false,false,12.5,false,1.430583e6,1.4136320332946498e6,false,0
57.83,use_lmSR3_cuts,0.011772651534632805,10,false,28.8175,false,false,12.5,false,1.430583e6,1.4137412448496304e6,false,0
134.108,use_adaptive_ngroute,0.009580315829155417,0,false,33.43325,false,false,12.5,false,1.430583e6,1.4168775630401794e6,false,2
102.536,use_lmSR3_cuts,0.00959387778071985,2,false,34.11833333333333,false,false,12.583333333333334,false,1.430583e6,1.4168581615428245e6,false,0
64.48,use_lmSR3_cuts,0.00957116927069157,1,false,32.174,false,false,12.583333333333334,false,1.430583e6,1.4168906479512262e6,false,0
64.796,use_lmSR3_cuts,0.008567815023391434,10,false,32.291999999999994,false,false,12.583333333333334,false,1.430583e6,1.4183260294803916e6,false,0
218.457,use_lmSR3_cuts,0.014221545883891684,2,false,36.294333333333334,false,false,12.583333333333334,false,1.430583e6,1.4102378982247845e6,false,0
56.265,use_lmSR3_cuts,0.014196164984925486,1,false,28.058000000000003,false,false,12.583333333333334,false,1.430583e6,1.4102742077073704e6,false,0
50.178,use_lmSR3_cuts,0.01411992157769626,10,false,25.0125,false,false,12.583333333333334,false,1.430583e6,1.4103832802296146e6,false,0
333.98,use_adaptive_ngroute,0.008691832273658107,0,false,47.624428571428574,false,false,12.583333333333334,false,1.422351e6,1.40998816367373e6,false,1
56.702,use_lmSR3_cuts,0.008690170960538923,1,false,56.612,false,false,12.708333333333332,false,1.422351e6,1.4099905266441065e6,false,0
98.039,use_adaptive_ngroute,0.00822544263946412,0,false,48.9355,false,false,12.708333333333332,false,1.422351e6,1.4106515334363156e6,false,1
53.744,use_adaptive_ngroute,0.008208380271353288,0,false,53.648,false,false,12.833333333333332,false,1.422351e6,1.4106758021126604e6,false,4
127.433,use_lmSR3_cuts,0.008206701259449445,10,false,63.6285,false,false,13.125,false,1.422351e6,1.4106781902569209e6,false,0
226.751,use_lmSR3_cuts,0.007499697083882428,10,false,75.437,false,false,13.125,false,1.422351e6,1.4116837983530427e6,false,0
267.39,use_adaptive_ngroute,0.005838221767695551,0,false,66.7245,false,false,13.125,false,1.422351e6,1.4140469994304965e6,false,2
78.096,use_lmSR3_cuts,0.00579581857887157,1,false,77.97,false,false,13.208333333333332,false,1.422351e6,1.4141073116485234e6,false,0
84.201,use_lmSR3_cuts,0.005787275749046139,10,false,84.03999999999999,false,false,13.208333333333332,false,1.422351e6,1.4141194625510685e6,false,0
242.674,use_lmSR3_cuts,0.004916499882159253,10,false,121.1815,false,false,13.208333333333332,false,1.422351e6,1.415358011476111e6,false,0
477.992,none,0.0033720449236379624,0,false,139.00900000000001,false,false,13.208333333333332,true,1.422351e6,1.4175547685308186e6,false,0
