CG_time_taken,method,CG_LP_IP_gap,implemented_SR3_cuts_count,errored,CG_sp_time_taken_mean,converged,CGIP_artificial,ngroute_neighborhood_size,time_limit_reached,CGIP_objective,CGLP_objective,CGLP_artificial,cycles_lookup_length
29.653,use_adaptive_ngroute,0.1073157302994987,0,false,1.3062857142857145,false,false,7.291666666666667,false,1.511545e6,1.3493324444444443e6,false,15
29.213,use_adaptive_ngroute,0.06087890259288886,0,false,4.132285714285714,false,false,9.708333333333334,false,1.447677e6,1.3595440129310344e6,false,6
8.934,use_adaptive_ngroute,0.060467447734082636,0,false,4.455,false,false,10.958333333333334,false,1.447677e6,1.3601396666666665e6,false,2
17.332,use_adaptive_ngroute,0.06032547115236997,0,false,4.3105,false,false,11.333333333333334,false,1.447677e6,1.3603452028985505e6,false,1
4.733,use_lmSR3_cuts,0.06030661535687876,5,false,4.718,false,false,11.375,false,1.447677e6,1.3603724999999998e6,false,0
29.92,use_adaptive_ngroute,0.05562609960647302,0,false,7.44675,false,false,11.375,false,1.447677e6,1.367148375e6,false,6
6.619,use_lmSR3_cuts,0.055034606015936904,5,false,6.6049999999999995,false,false,11.749999999999998,false,1.447677e6,1.3680046666666665e6,false,0
31.069,use_lmSR3_cuts,0.0321434482128895,5,false,7.712249999999999,false,false,11.749999999999998,false,1.415295e6,1.3698025384615385e6,false,0
61.53,use_adaptive_ngroute,0.02936346971832693,0,false,12.2598,false,false,11.749999999999998,false,1.415295e6,1.3737370281250004e6,false,5
27.686,use_lmSR3_cuts,0.029339466330341346,5,false,13.814,false,false,12.083333333333334,false,1.415295e6,1.3737709999999995e6,false,0
48.811,use_lmSR3_cuts,0.026686360601339332,5,false,16.224666666666668,false,false,12.083333333333334,false,1.415295e6,1.3775259272727275e6,false,0
161.951,use_lmSR3_cuts,0.024431420069078502,5,false,20.133375,false,false,12.083333333333334,false,1.415295e6,1.3807173333333335e6,false,0
120.427,use_lmSR3_cuts,0.02206914532478954,5,false,24.0552,false,false,12.083333333333334,false,1.415295e6,1.384060648967552e6,false,0
176.813,use_lmSR3_cuts,0.02012448914260012,5,false,29.39283333333333,false,false,12.083333333333334,false,1.415295e6,1.3868129111389238e6,false,0
95.411,use_adaptive_ngroute,0.019154012323749026,0,false,31.738333333333337,false,false,12.083333333333334,false,1.415295e6,1.3881864221282597e6,false,3
110.579,use_lmSR3_cuts,0.019005191202776883,5,false,55.258,false,false,12.25,false,1.415295e6,1.388397047916666e6,false,0
188.676,use_adaptive_ngroute,0.01732971907044445,0,false,62.781,false,false,12.25,false,1.415295e6,1.3907683352481953e6,false,3
208.12,use_lmSR3_cuts,0.017263891980116686,5,false,69.32033333333332,false,false,12.375,false,1.415295e6,1.3908615000000007e6,false,0
298.151,use_adaptive_ngroute,0.016940579386487298,0,false,74.47874999999999,false,false,12.375,false,1.415295e6,1.3913190826972015e6,false,2
88.114,use_lmSR3_cuts,0.01692087315641866,5,false,88.057,false,false,12.458333333333334,false,1.415295e6,1.3913469728260865e6,false,0
242.98,use_lmSR3_cuts,0.015213839409196073,5,false,60.49675,false,false,12.458333333333334,false,1.415295e6,1.3937629291533618e6,false,0
314.157,use_lmSR3_cuts,0.014267953611936446,5,false,78.44325,false,false,12.458333333333334,false,1.415295e6,1.3951016365927944e6,false,0
457.267,use_adaptive_ngroute,0.013194277131160725,0,false,114.21424999999999,false,false,12.458333333333334,false,1.415295e6,1.3966212055476538e6,false,1
233.764,use_lmSR3_cuts,0.013168460414009542,5,false,116.7985,false,false,12.5,false,1.415295e6,1.3966577438183543e6,false,0
414.495,use_adaptive_ngroute,0.011824093671737645,0,false,103.538,false,false,12.5,false,1.415295e6,1.398560419346858e6,false,3
180.29,none,0.011737665678834941,0,false,119.635,false,false,12.708333333333332,true,1.415295e6,1.3986827404530733e6,false,0
