CG_time_taken,method,CG_LP_IP_gap,implemented_SR3_cuts_count,errored,CG_sp_time_taken_mean,converged,CGIP_artificial,ngroute_neighborhood_size,time_limit_reached,CGIP_objective,CGLP_objective,CGLP_artificial,cycles_lookup_length
33.608,use_adaptive_ngroute,0.10037900328018956,0,false,1.7345000000000004,false,false,7.291666666666667,false,1.32965e6,1.196181058288496e6,false,13
17.85,use_adaptive_ngroute,0.07588469497563077,0,false,3.5130000000000003,false,false,9.208333333333334,false,1.301454e6,1.2026935601851854e6,false,10
16.425,use_adaptive_ngroute,0.07176738276452421,0,false,4.05975,false,false,10.416666666666666,false,1.301454e6,1.2080520526315789e6,false,2
13.119,use_lmSR3_cuts,0.07176738276452421,5,false,4.346666666666667,false,false,11.125,false,1.301454e6,1.2080520526315789e6,false,0
48.477,use_adaptive_ngroute,0.0692358212884513,0,false,8.042,false,false,11.125,false,1.301454e6,1.21134676344086e6,false,4
17.455,use_lmSR3_cuts,0.06918869950241979,5,false,8.6835,false,false,11.333333333333334,false,1.301454e6,1.2114080902777778e6,false,0
15.583,use_adaptive_ngroute,0.06918414263329076,0,false,7.762,false,false,11.333333333333334,false,1.301454e6,1.2114140208333333e6,false,1
15.182,use_lmSR3_cuts,0.06918382082257812,5,false,7.5415,false,false,11.375,false,1.301454e6,1.2114144396551724e6,false,0
48.683,use_adaptive_ngroute,0.06632290721154643,0,false,12.1115,false,false,11.375,false,1.301454e6,1.215137787117904e6,false,3
32.743,use_lmSR3_cuts,0.06615336897552015,5,false,16.3435,false,false,11.666666666666666,false,1.301454e6,1.2153584333333333e6,false,0
243.829,use_adaptive_ngroute,0.06306358523863154,0,false,34.691,false,false,11.666666666666666,false,1.301454e6,1.219379644736842e6,false,2
79.669,use_lmSR3_cuts,0.06260512366187387,5,false,39.809999999999995,false,false,11.749999999999998,false,1.301454e6,1.2199763113897596e6,false,0
252.196,use_adaptive_ngroute,0.060783413099567474,0,false,35.967285714285715,false,false,11.749999999999998,false,1.301454e6,1.2223471838879155e6,false,2
150.109,use_lmSR3_cuts,0.060699293566233825,5,false,37.477000000000004,false,false,11.958333333333334,false,1.301454e6,1.2224566615910507e6,false,0
116.859,use_adaptive_ngroute,0.059371160664520306,0,false,38.911,false,false,11.958333333333334,false,1.301454e6,1.2241851654685175e6,false,1
85.809,use_adaptive_ngroute,0.05932956321807836,0,false,42.868,false,false,12.0,false,1.301454e6,1.224239302631579e6,false,1
89.723,use_lmSR3_cuts,0.05928234523208853,5,false,44.82,false,false,12.041666666666666,false,1.301454e6,1.2243007546683175e6,false,0
327.964,use_adaptive_ngroute,0.058071600345683816,0,false,65.51360000000001,false,false,12.041666666666666,false,1.301454e6,1.2258764834437084e6,false,2
128.858,use_lmSR3_cuts,0.05738949720355846,5,false,64.3785,false,false,12.125,false,1.301454e6,1.22676420930644e6,false,0
251.065,use_adaptive_ngroute,0.055266076885001625,0,false,62.6665,false,false,12.125,false,1.301454e6,1.229527743173707e6,false,3
130.837,use_lmSR3_cuts,0.05512239719698697,5,false,65.3665,false,false,12.25,false,1.301454e6,1.2297147356783925e6,false,0
337.25,use_lmSR3_cuts,0.05464448549663414,5,false,67.37060000000001,false,false,12.25,false,1.301454e6,1.2303367157724635e6,false,0
196.369,use_adaptive_ngroute,0.05450975969313243,0,false,65.40666666666668,false,false,12.25,false,1.301454e6,1.230512055208334e6,false,2
177.802,use_lmSR3_cuts,0.05449524021070873,5,false,88.832,false,false,12.416666666666668,false,1.301454e6,1.2305309516468123e6,false,0
502.918,use_adaptive_ngroute,0.05396189635682169,0,false,125.64925,false,false,12.416666666666668,false,1.301454e6,1.231225074138829e6,false,2
249.379,none,0.053958040646007066,0,false,102.91799999999999,false,false,12.5,true,1.301454e6,1.2312300921690916e6,false,0
