CG_time_taken,method,CG_LP_IP_gap,implemented_SR3_cuts_count,errored,CG_sp_time_taken_mean,converged,CGIP_artificial,ngroute_neighborhood_size,time_limit_reached,CGIP_objective,CGLP_objective,CGLP_artificial,cycles_lookup_length
20.853,use_lmSR3_cuts,0.015189127915445022,1,false,0.9504,false,false,7.291666666666667,false,1.105363e6,1.0885735e6,false,0
8.914,use_lmSR3_cuts,0.0113419754415518,1,false,1.2214285714285715,false,false,7.291666666666667,false,1.105363e6,1.092826e6,false,0
14.738,use_lmSR3_cuts,0.009179337466515891,1,false,1.1841666666666668,false,false,7.291666666666667,false,1.105363e6,1.0952164999999995e6,false,0
4.591,use_lmSR3_cuts,0.0021309741686668104,1,false,1.4903333333333333,false,false,7.291666666666667,false,1.105363e6,1.1030075e6,false,0
8.617,use_adaptive_ngroute,0.0021309741686668104,0,false,1.6646000000000003,false,false,7.291666666666667,false,1.105363e6,1.1030075e6,false,2
7.258,use_lmSR3_cuts,0.0009815779974542416,3,false,1.76675,false,false,7.583333333333334,false,1.105363e6,1.104278e6,false,0
10.557,none,0.0,0,false,2.0258,true,false,7.583333333333334,false,1.105363e6,1.105363e6,false,0
