CG_time_taken,method,CG_LP_IP_gap,implemented_SR3_cuts_count,errored,CG_sp_time_taken_mean,converged,CGIP_artificial,ngroute_neighborhood_size,time_limit_reached,CGIP_objective,CGLP_objective,CGLP_artificial,cycles_lookup_length
13.35,use_lmSR3_cuts,0.01630421031324325,1,false,0.644,false,false,7.291666666666667,false,1.106616e6,1.0885735e6,false,0
9.282,use_adaptive_ngroute,0.011463551945751771,0,false,0.8018181818181819,false,false,7.291666666666667,false,1.106616e6,1.09393025e6,false,3
7.738,use_lmSR3_cuts,0.012461413896057927,1,false,1.2385,false,false,7.916666666666667,false,1.106616e6,1.092826e6,false,0
2.22,none,0.0,0,false,0.5155000000000001,true,false,7.916666666666667,false,1.106616e6,1.106616e6,false,0
