CG_time_taken,method,CG_LP_IP_gap,implemented_SR3_cuts_count,errored,CG_sp_time_taken_mean,converged,CGIP_artificial,ngroute_neighborhood_size,time_limit_reached,CGIP_objective,CGLP_objective,CGLP_artificial,cycles_lookup_length
20.196,use_adaptive_ngroute,0.1360339905347666,0,false,1.077705882352941,false,false,7.291666666666667,false,1.339569e6,1.1573420833333333e6,false,11
13.746,use_lmSR3_cuts,0.12841294476059095,5,false,2.2413333333333334,false,false,8.458333333333334,false,1.339569e6,1.167551e6,false,0
14.407,use_lmSR3_cuts,0.06793764013998693,2,false,3.4945000000000004,false,false,8.458333333333334,false,1.258117e6,1.1726435e6,false,0
7.098,use_lmSR3_cuts,0.06752852705971513,5,false,3.4715000000000003,false,false,8.458333333333334,false,1.258117e6,1.1731582121212124e6,false,0
14.53,use_lmSR3_cuts,0.02540138827704852,5,false,3.56325,false,false,8.458333333333334,false,1.205379e6,1.1747606999999995e6,false,0
29.823,use_adaptive_ngroute,0.014768826855495631,0,false,3.6412500000000003,false,false,8.458333333333334,false,1.197133e6,1.17945275e6,false,2
11.979,use_lmSR3_cuts,0.014764441377858817,5,false,3.950333333333333,false,false,8.541666666666666,false,1.197133e6,1.1794579999999998e6,false,0
8.763,use_adaptive_ngroute,0.013919506019799188,0,false,4.268,false,false,8.541666666666666,false,1.197133e6,1.1804694999999998e6,false,3
14.561,use_lmSR3_cuts,0.012931311725597694,5,false,4.796333333333334,false,false,8.708333333333334,false,1.197133e6,1.1816525e6,false,0
11.29,use_adaptive_ngroute,0.012666721241499701,0,false,5.5515,false,false,8.708333333333334,false,1.197133e6,1.1819692499999998e6,false,1
20.286,use_lmSR3_cuts,0.011529420707640625,5,false,6.717999999999999,false,false,8.791666666666666,false,1.197133e6,1.18333075e6,false,0
54.716,none,0.0,0,false,7.729142857142857,true,false,8.791666666666666,false,1.186864e6,1.186864e6,false,0
