CG_time_taken,method,CG_LP_IP_gap,implemented_SR3_cuts_count,errored,CG_sp_time_taken_mean,converged,CGIP_artificial,ngroute_neighborhood_size,time_limit_reached,CGIP_objective,CGLP_objective,CGLP_artificial,cycles_lookup_length
17.865,use_adaptive_ngroute,0.024590332946040072,0,false,0.8524736842105263,false,false,7.291666666666667,false,1.327081e6,1.2944476363636362e6,false,4
3.386,use_lmSR3_cuts,0.02391234973599954,5,false,1.0859999999999999,false,false,7.625,false,1.327081e6,1.295347375e6,false,0
11.413,use_adaptive_ngroute,0.019516517831240088,0,false,2.2163999999999997,false,false,7.625,false,1.327081e6,1.301181e6,false,6
7.069,none,0.0,0,false,1.72175,true,false,8.0,false,1.301181e6,1.301181e6,false,0
