CG_time_taken,method,CG_LP_IP_gap,implemented_SR3_cuts_count,errored,CG_sp_time_taken_mean,converged,CGIP_artificial,ngroute_neighborhood_size,time_limit_reached,CGIP_objective,CGLP_objective,CGLP_artificial,cycles_lookup_length
19.215,use_adaptive_ngroute,0.057130529977940214,0,false,0.8462999999999999,false,false,7.291666666666667,false,1.275638e6,1.2027601250000002e6,false,4
10.639,use_adaptive_ngroute,0.05423638994761837,0,false,1.149888888888889,false,false,7.791666666666666,false,1.275638e6,1.206452e6,false,4
10.229,use_adaptive_ngroute,0.05421707499393347,0,false,2.0088,false,false,8.291666666666666,false,1.275638e6,1.2064766388888888e6,false,1
1.659,use_lmSR3_cuts,0.05416945462121581,6,false,1.644,false,false,8.333333333333332,false,1.275638e6,1.2065373852459015e6,false,0
14.418,use_adaptive_ngroute,0.04003273540259056,0,false,2.8096,false,false,8.333333333333332,false,1.275638e6,1.2245707214765102e6,false,1
12.071,use_lmSR3_cuts,0.03833532710690668,7,false,2.98,false,false,8.375,false,1.275638e6,1.2267359999999998e6,false,0
16.77,use_lmSR3_cuts,0.03277417047213027,2,false,2.311714285714286,false,false,8.375,false,1.275638e6,1.2338300227272727e6,false,0
7.047,use_adaptive_ngroute,0.03165664763860354,0,false,2.3103333333333333,false,false,8.375,false,1.275638e6,1.235255577319587e6,false,1
5.142,use_adaptive_ngroute,0.03191865709451602,0,false,2.5225,false,false,8.416666666666666,false,1.275638e6,1.2349213481012657e6,false,1
5.866,use_lmSR3_cuts,0.03195634675602155,2,false,2.9,false,false,8.583333333333332,false,1.275638e6,1.2348732697368423e6,false,0
5.663,use_lmSR3_cuts,0.031482403851979646,2,false,2.782,false,false,8.583333333333332,false,1.275638e6,1.2354778493150685e6,false,0
12.372,use_lmSR3_cuts,0.031202413517784966,2,false,3.02975,false,false,8.583333333333332,false,1.275638e6,1.2358350156249998e6,false,0
7.768,use_adaptive_ngroute,0.030911280867054525,0,false,3.852,false,false,8.583333333333332,false,1.275638e6,1.2362063954973123e6,false,1
8.526,use_adaptive_ngroute,0.031082948297244117,0,false,4.221,false,false,8.625,false,1.275638e6,1.2359874100000001e6,false,1
8.602,use_lmSR3_cuts,0.031071244807650555,10,false,4.265,false,false,8.708333333333334,false,1.275638e6,1.2360023394160583e6,false,0
15.314,use_lmSR3_cuts,0.027388089537017324,1,false,3.7832500000000002,false,false,8.708333333333334,false,1.275638e6,1.2407007122391784e6,false,0
13.911,use_lmSR3_cuts,0.02723048230044023,10,false,4.605666666666666,false,false,8.708333333333334,false,1.275638e6,1.240901762019231e6,false,0
7.615,use_lmSR3_cuts,0.023551228229383714,1,false,3.734,false,false,8.708333333333334,false,1.275638e6,1.2455951583239255e6,false,0
13.326,use_lmSR3_cuts,0.02335211616519317,1,false,4.41,false,false,8.708333333333334,false,1.275638e6,1.2458491532392653e6,false,0
17.949,use_lmSR3_cuts,0.02351182310341937,10,false,5.922333333333333,false,false,8.708333333333334,false,1.275638e6,1.2456454250000003e6,false,0
67.695,use_lmSR3_cuts,0.010888169116511914,2,false,8.395999999999999,false,false,8.708333333333334,false,1.275638e6,1.261748637724551e6,false,0
24.508,use_adaptive_ngroute,0.01004506294105445,0,false,8.129999999999999,false,false,8.708333333333334,false,1.275638e6,1.2628241359999992e6,false,3
53.768,use_lmSR3_cuts,0.00995578110547457,10,false,10.6998,false,false,8.875,false,1.275638e6,1.2629380273021746e6,false,0
49.869,use_lmSR3_cuts,0.004685328132821076,10,false,9.867799999999999,false,false,8.875,false,1.275638e6,1.2696612173913044e6,false,0
68.891,use_adaptive_ngroute,0.005958918986392114,0,false,11.423166666666667,false,false,8.875,false,1.275638e6,1.2680365765020368e6,false,4
51.475,use_adaptive_ngroute,0.0067301246566666695,0,false,12.80875,false,false,9.125,false,1.275638e6,1.267052797243219e6,false,1
35.435,use_lmSR3_cuts,0.006928114774511496,10,false,11.757666666666667,false,false,9.166666666666668,false,1.275638e6,1.2668002335252718e6,false,0
107.273,use_adaptive_ngroute,0.004786219134231273,0,false,17.810333333333332,false,false,9.166666666666668,false,1.275638e6,1.2695325169960475e6,false,1
17.303,use_lmSR3_cuts,0.0047068825488284505,1,false,17.234,false,false,9.208333333333334,false,1.275638e6,1.2696337217591775e6,false,0
17.768,use_lmSR3_cuts,0.004706471482202934,10,false,17.703,false,false,9.208333333333334,false,1.275638e6,1.2696342461313857e6,false,0
63.373,use_adaptive_ngroute,0.0020095668558604007,0,false,20.999666666666666,false,false,9.208333333333334,false,1.275638e6,1.273074520155124e6,false,2
23.268,use_lmSR3_cuts,0.0019982341888964417,2,false,23.183,false,false,9.333333333333334,false,1.275638e6,1.2730889765357445e6,false,0
46.841,use_lmSR3_cuts,0.0019652360454217588,10,false,23.348000000000003,false,false,9.333333333333334,false,1.275638e6,1.2731310702214902e6,false,0
118.432,use_adaptive_ngroute,9.251497165319034e-5,0,false,29.519750000000002,false,false,9.333333333333334,false,1.275638e6,1.2755199843865903e6,false,2
56.498,none,3.3306690738754696e-16,0,false,28.196,true,false,9.541666666666666,false,1.275638e6,1.2756379999999995e6,false,0
