CG_time_taken,method,CG_LP_IP_gap,implemented_SR3_cuts_count,errored,CG_sp_time_taken_mean,converged,CGIP_artificial,ngroute_neighborhood_size,time_limit_reached,CGIP_objective,CGLP_objective,CGLP_artificial,cycles_lookup_length
71.096,use_adaptive_ngroute,0.08561081184162622,0,false,2.6689199999999995,false,false,8.357142857142856,false,1.302532e6,1.191021178030303e6,false,16
37.891,use_SR3_cuts,0.07850135101412525,5,false,4.6530000000000005,false,false,11.392857142857144,false,1.302532e6,1.2002814782608694e6,false,0
130.193,use_adaptive_ngroute,0.04742454607477509,0,false,18.476285714285712,false,false,11.392857142857144,false,1.286656e6,1.2256369232456142e6,false,9
107.249,use_adaptive_ngroute,0.04565681013079825,0,false,21.3932,false,false,12.392857142857142,false,1.286656e6,1.2279113913043477e6,false,3
53.529,use_SR3_cuts,0.03406321348994579,1,false,17.793,false,false,12.714285714285715,false,1.272355e6,1.2290145e6,false,0
72.667,use_SR3_cuts,0.03357764904855354,5,false,24.16533333333333,false,false,12.714285714285715,false,1.272355e6,1.2296323103448276e6,false,0
125.539,use_SR3_cuts,0.013715335333983614,5,false,31.314,false,false,12.714285714285715,false,1.253441e6,1.2362496363636362e6,false,0
397.631,use_adaptive_ngroute,0.005834887721081428,0,false,99.25975,false,false,12.714285714285715,false,1.253441e6,1.2461273125e6,false,5
358.388,use_SR3_cuts,0.005665204824159886,5,false,89.55850000000001,false,false,13.107142857142858,false,1.253441e6,1.2463400000000002e6,false,0
492.835,none,0.0,0,false,123.14375,true,false,13.107142857142858,false,1.253441e6,1.253441e6,false,0
