CG_time_taken,method,CG_LP_IP_gap,implemented_SR3_cuts_count,errored,CG_sp_time_taken_mean,converged,CGIP_artificial,ngroute_neighborhood_size,time_limit_reached,CGIP_objective,CGLP_objective,CGLP_artificial,cycles_lookup_length
80.079,use_adaptive_ngroute,0.0671709868432393,0,false,2.778074074074074,false,false,8.357142857142856,false,1.200276e6,1.119652276595744e6,false,9
42.1,use_adaptive_ngroute,0.05325904671555182,0,false,4.629444444444445,false,false,9.928571428571427,false,1.200276e6,1.1363504444444443e6,false,2
28.367,use_adaptive_ngroute,0.0531049525275854,0,false,7.063999999999999,false,false,10.321428571428571,false,1.200276e6,1.1365354e6,false,1
8.222,use_SR3_cuts,0.053086540095777957,5,false,8.201,false,false,10.464285714285714,false,1.200276e6,1.1365575e6,false,0
194.976,use_adaptive_ngroute,0.022897915609922936,0,false,32.38633333333333,false,false,10.464285714285714,false,1.186822e6,1.15964625e6,false,4
72.243,use_SR3_cuts,0.019472919181552917,5,false,36.079,false,false,11.071428571428571,false,1.186822e6,1.163711111111111e6,false,0
239.972,use_SR3_cuts,0.008868078101584964,5,false,79.85633333333334,false,false,11.071428571428571,false,1.186822e6,1.1762971698113207e6,false,0
428.706,use_SR3_cuts,0.006609172870662983,5,false,142.79166666666666,false,false,11.071428571428571,false,1.186822e6,1.178978088235294e6,false,0
770.437,use_SR3_cuts,0.0033384336539296067,5,false,192.54725,false,false,11.071428571428571,false,1.186822e6,1.182859873493976e6,false,0
1708.874,none,0.0,0,false,672.605,true,false,11.071428571428571,true,1.186822e6,1.186822e6,false,0
