CG_time_taken,method,CG_LP_IP_gap,implemented_SR3_cuts_count,errored,CG_sp_time_taken_mean,converged,CGIP_artificial,ngroute_neighborhood_size,time_limit_reached,CGIP_objective,CGLP_objective,CGLP_artificial,cycles_lookup_length
78.05,use_adaptive_ngroute,0.056596291107053553,0,false,2.7609999999999997,false,false,8.357142857142856,false,1.186822e6,1.1196522765957445e6,false,9
42.565,use_adaptive_ngroute,0.04252664304803566,0,false,3.802909090909091,false,false,9.928571428571427,false,1.186822e6,1.1363504444444443e6,false,2
18.114,use_adaptive_ngroute,0.04237080202422927,0,false,4.49975,false,false,10.321428571428571,false,1.186822e6,1.1365354000000001e6,false,1
5.191,use_SR3_cuts,0.04235218086621251,6,false,5.161,false,false,10.464285714285714,false,1.186822e6,1.1365575e6,false,0
106.015,use_SR3_cuts,0.04185786354932186,1,false,14.884,false,false,10.464285714285714,false,1.186822e6,1.1371441666666667e6,false,0
139.088,use_SR3_cuts,0.03449743691401974,5,false,23.092666666666663,false,false,10.464285714285714,false,1.186822e6,1.1458796829268292e6,false,0
384.146,use_SR3_cuts,0.03411690405780521,1,false,95.65299999999999,false,false,10.464285714285714,false,1.186822e6,1.1463313076923075e6,false,0
618.095,use_SR3_cuts,0.03271383577318254,2,false,154.21499999999997,false,false,10.464285714285714,false,1.186822e6,1.1479965e6,false,0
634.644,use_SR3_cuts,0.032393273801800126,1,false,211.39766666666665,false,false,10.464285714285714,false,1.186822e6,1.14837695e6,false,0
226.003,use_SR3_cuts,0.03182263220600923,1,false,112.918,false,false,10.464285714285714,false,1.186822e6,1.1490541999999997e6,false,0
1061.846,use_SR3_cuts,0.0313483449122155,1,false,353.8606666666667,false,false,10.464285714285714,false,1.186822e6,1.1496170945945946e6,false,0
279.709,none,0.031347946391651504,0,false,218.17299999999997,false,false,10.464285714285714,true,1.186822e6,1.1496175675675673e6,false,0
