CG_time_taken,method,CG_LP_IP_gap,implemented_SR3_cuts_count,errored,CG_sp_time_taken_mean,converged,CGIP_artificial,ngroute_neighborhood_size,time_limit_reached,CGIP_objective,CGLP_objective,CGLP_artificial,cycles_lookup_length
62.263,use_adaptive_ngroute,0.019396056057502276,0,false,2.2516400000000005,false,false,8.357142857142856,false,1.148749e6,1.1264678000000003e6,false,8
7.225,use_SR3_cuts,0.014344299755646772,1,false,1.7215,false,false,10.035714285714285,false,1.148749e6,1.1322710000000005e6,false,0
21.502,use_adaptive_ngroute,0.0111386386408171,0,false,5.27975,false,false,10.035714285714285,false,1.148749e6,1.1359535e6,false,1
22.296,use_adaptive_ngroute,0.010990119589996739,0,false,7.374666666666666,false,false,10.071428571428573,false,1.148749e6,1.1361241111111108e6,false,6
62.766,use_adaptive_ngroute,0.01079173953579049,0,false,12.4454,false,false,11.0,false,1.148749e6,1.1363520000000002e6,false,2
16.782,use_SR3_cuts,0.010686909212705764,10,false,8.343499999999999,false,false,11.428571428571429,false,1.148749e6,1.1364724237288134e6,false,0
223.713,none,0.0,0,false,24.55311111111111,true,false,11.428571428571429,false,1.148749e6,1.148749e6,false,0
