CG_time_taken,method,CG_LP_IP_gap,implemented_SR3_cuts_count,errored,CG_sp_time_taken_mean,converged,CGIP_artificial,ngroute_neighborhood_size,time_limit_reached,CGIP_objective,CGLP_objective,CGLP_artificial,cycles_lookup_length
149.845,use_adaptive_ngroute,0.14374541581769018,0,false,6.229652173913043,false,false,8.357142857142856,false,1.415834e6,1.2123143529411764e6,false,1
49.539,use_SR3_cuts,0.07824156945517224,5,false,9.844199999999999,false,false,8.392857142857144,false,1.315727e6,1.2127824545454546e6,false,0
56.634,use_adaptive_ngroute,0.07181627795281931,0,false,28.236500000000003,false,false,8.392857142857144,false,1.315727e6,1.221236384057971e6,false,3
69.778,use_adaptive_ngroute,0.06960640942844887,0,false,23.214333333333336,false,false,8.607142857142858,false,1.315727e6,1.2241439677419353e6,false,5
165.908,use_adaptive_ngroute,0.06819905809127813,0,false,33.10359999999999,false,false,9.071428571428571,false,1.315727e6,1.2259956578947369e6,false,2
83.345,use_SR3_cuts,0.06819611795168035,5,false,27.722666666666665,false,false,9.285714285714285,false,1.315727e6,1.2259995263157894e6,false,0
418.186,use_SR3_cuts,0.06330063151398435,5,false,104.438,false,false,9.285714285714285,false,1.315727e6,1.23244065e6,false,0
631.404,use_SR3_cuts,0.06115681039202436,5,false,157.74150000000003,false,false,9.285714285714285,false,1.315727e6,1.235261333333333e6,false,0
483.045,use_SR3_cuts,0.00847150036108657,2,false,160.89733333333336,false,false,9.285714285714285,false,1.247162e6,1.2365966666666665e6,false,0
1222.766,use_SR3_cuts,0.006392914473019706,5,false,305.61525,false,false,9.285714285714285,false,1.247162e6,1.2391889999999998e6,false,0
250.559,none,0.006031827995614636,0,false,NaN,false,false,9.285714285714285,true,1.247162e6,1.2396393333333333e6,false,0
