CG_time_taken,method,CG_LP_IP_gap,implemented_SR3_cuts_count,errored,CG_sp_time_taken_mean,converged,CGIP_artificial,ngroute_neighborhood_size,time_limit_reached,CGIP_objective,CGLP_objective,CGLP_artificial,cycles_lookup_length
99.662,use_adaptive_ngroute,0.09279035926941848,0,false,3.5210370370370367,false,false,8.357142857142856,false,1.360177e6,1.2339656875000002e6,false,7
39.916,use_SR3_cuts,0.07472147757219016,2,false,6.536833333333334,false,false,9.25,false,1.334333e6,1.2346296666666667e6,false,0
134.897,use_adaptive_ngroute,0.0614947125211055,0,false,14.88622222222222,false,false,9.25,false,1.334333e6,1.2522785757575757e6,false,11
65.49,use_SR3_cuts,0.05940252545653879,1,false,10.8605,false,false,9.714285714285715,false,1.334333e6,1.2550702500000002e6,false,0
88.381,use_adaptive_ngroute,0.05914218939350224,0,false,17.6162,false,false,9.714285714285715,false,1.334333e6,1.255417625e6,false,7
37.106,use_SR3_cuts,0.0585236219144698,10,false,12.327000000000002,false,false,10.035714285714285,false,1.334333e6,1.2562429999999998e6,false,0
80.593,use_SR3_cuts,0.058517251690545,10,false,20.0845,false,false,10.035714285714285,false,1.334333e6,1.2562515e6,false,0
149.546,use_adaptive_ngroute,0.05200970764477031,0,false,37.28125,false,false,10.035714285714285,false,1.334333e6,1.2649347307692308e6,false,1
106.179,use_SR3_cuts,0.05190699489274164,2,false,53.028,false,false,10.071428571428573,false,1.334333e6,1.2650717837837834e6,false,0
350.682,use_SR3_cuts,0.051356276881408536,10,false,87.5125,false,false,10.071428571428573,false,1.334333e6,1.2658066249999995e6,false,0
197.153,use_SR3_cuts,0.05048384204711753,2,false,98.456,false,false,10.071428571428573,false,1.334333e6,1.2669707435897435e6,false,0
374.709,use_SR3_cuts,0.05021553373939991,1,false,124.84299999999999,false,false,10.071428571428573,false,1.334333e6,1.2673287562189053e6,false,0
465.17,use_SR3_cuts,0.050173273967153875,10,false,154.99099999999999,false,false,10.071428571428573,false,1.334333e6,1.2673851448275857e6,false,0
438.711,use_SR3_cuts,0.045924357644054004,10,false,219.2635,false,false,10.071428571428573,false,1.329531e6,1.2684731428571432e6,false,0
959.497,none,0.04451998564225146,0,false,471.681,false,false,10.071428571428573,true,1.329531e6,1.2703402989690718e6,false,0
