CG_time_taken,method,CG_LP_IP_gap,implemented_SR3_cuts_count,errored,CG_sp_time_taken_mean,converged,CGIP_artificial,ngroute_neighborhood_size,time_limit_reached,CGIP_objective,CGLP_objective,CGLP_artificial,cycles_lookup_length
43.998,use_adaptive_ngroute,0.11786932396058525,0,false,2.2938888888888886,false,false,8.357142857142856,false,1.479751e6,1.30533375e6,false,7
17.918,use_SR3_cuts,0.11259833580109091,3,false,2.4822857142857138,false,false,9.035714285714286,false,1.479751e6,1.3131335e6,false,0
45.435,use_adaptive_ngroute,0.07315437663361923,0,false,7.441833333333333,false,false,9.035714285714286,false,1.431892e6,1.3271428333333337e6,false,2
48.522,use_SR3_cuts,0.07289935274448056,5,false,7.9985,false,false,9.785714285714285,false,1.431892e6,1.3275080000000002e6,false,0
62.85,use_SR3_cuts,0.052119115284814055,3,false,12.3896,false,false,9.785714285714285,false,1.416275e6,1.34246e6,false,0
77.338,use_SR3_cuts,0.05156060793278139,3,false,15.407399999999999,false,false,9.785714285714285,false,1.416275e6,1.343251e6,false,0
58.91,use_adaptive_ngroute,0.049395938877218715,0,false,19.529999999999998,false,false,9.785714285714285,false,1.416275e6,1.346316766666667e6,false,1
46.403,use_SR3_cuts,0.04865485604843678,5,false,23.0695,false,false,9.857142857142858,false,1.416275e6,1.3473663437500002e6,false,0
124.376,use_SR3_cuts,0.0470184109724453,2,false,31.01725,false,false,9.857142857142858,false,1.416275e6,1.349684e6,false,0
143.674,use_SR3_cuts,0.0462844433461016,1,false,47.68466666666667,false,false,9.857142857142858,false,1.416275e6,1.3507235e6,false,0
110.306,use_SR3_cuts,0.045822315581366624,1,false,55.0925,false,false,9.857142857142858,false,1.416275e6,1.351378e6,false,0
98.944,none,0.045822315581366624,0,false,49.418,false,false,9.857142857142858,false,1.416275e6,1.351378e6,false,0
