CG_time_taken,method,CG_LP_IP_gap,implemented_SR3_cuts_count,errored,CG_sp_time_taken_mean,converged,CGIP_artificial,ngroute_neighborhood_size,time_limit_reached,CGIP_objective,CGLP_objective,CGLP_artificial,cycles_lookup_length
42.739,use_adaptive_ngroute,0.10332247905277414,0,false,1.767363636363636,false,false,8.357142857142856,false,1.464134e6,1.3128560454545456e6,false,5
9.913,use_SR3_cuts,0.1031329782656506,3,false,1.9224000000000003,false,false,9.464285714285714,false,1.464134e6,1.3131335e6,false,0
36.247,use_adaptive_ngroute,0.10733785295608189,0,false,5.876833333333333,false,false,9.464285714285714,false,1.464134e6,1.306977e6,false,5
51.175,use_SR3_cuts,0.0897772218190086,2,false,7.238142857142858,false,false,9.928571428571427,false,1.460347e6,1.3292411034482762e6,false,0
44.757,use_SR3_cuts,0.03402909296047063,1,false,8.8282,false,false,9.928571428571427,false,1.389752e6,1.34246e6,false,0
29.439,use_SR3_cuts,0.03402909296047063,10,false,7.247,false,false,9.928571428571427,false,1.389752e6,1.34246e6,false,0
113.229,use_SR3_cuts,0.03000463392029662,10,false,18.783166666666663,false,false,9.928571428571427,false,1.389752e6,1.348053e6,false,0
72.315,use_adaptive_ngroute,0.028083068058185945,0,false,18.01975,false,false,9.928571428571427,false,1.389752e6,1.3507235e6,false,1
44.245,use_SR3_cuts,0.028083068058185945,1,false,21.910999999999998,false,false,10.035714285714285,false,1.389752e6,1.3507235e6,false,0
18.189,use_SR3_cuts,0.027612120723697453,10,false,18.112000000000002,false,false,10.035714285714285,false,1.389752e6,1.351378e6,false,0
86.659,none,0.027612120723697675,0,false,21.561999999999998,false,false,10.035714285714285,false,1.389752e6,1.3513779999999998e6,false,0
