CG_time_taken,method,CG_LP_IP_gap,implemented_SR3_cuts_count,errored,CG_sp_time_taken_mean,converged,CGIP_artificial,ngroute_neighborhood_size,time_limit_reached,CGIP_objective,CGLP_objective,CGLP_artificial,cycles_lookup_length
40.466,use_adaptive_ngroute,0.16413287269833232,0,false,2.1308235294117646,false,false,8.357142857142856,false,1.548008e6,1.293929e6,false,4
14.929,use_adaptive_ngroute,0.1598415512064537,0,false,2.398,false,false,8.964285714285714,false,1.548008e6,1.300572e6,false,3
9.821,use_adaptive_ngroute,0.1578651617648833,0,false,2.4067499999999997,false,false,9.357142857142858,false,1.548008e6,1.3036314666666666e6,false,4
12.52,use_SR3_cuts,0.1572555332591382,5,false,3.0662500000000006,false,false,10.178571428571429,false,1.548008e6,1.304575176470588e6,false,0
65.342,use_adaptive_ngroute,0.08796024384541112,0,false,12.8432,false,false,10.178571428571429,false,1.44837e6,1.320971021621622e6,false,5
49.15,use_SR3_cuts,0.0874855182032217,5,false,16.336,false,false,10.857142857142858,false,1.44837e6,1.3216585999999999e6,false,0
191.799,use_adaptive_ngroute,0.0818051175270178,0,false,31.888666666666666,false,false,10.857142857142858,false,1.444604e6,1.326428e6,false,1
181.397,use_SR3_cuts,0.08180511752701791,5,false,45.307249999999996,false,false,10.928571428571429,false,1.444604e6,1.3264279999999998e6,false,0
272.626,use_SR3_cuts,0.0565558633425669,5,false,68.04025,false,false,10.928571428571429,false,1.410066e6,1.3303185e6,false,0
348.553,use_SR3_cuts,0.05504257720324213,5,false,87.00775,false,false,10.928571428571429,false,1.410066e6,1.3324523333333333e6,false,0
768.038,use_adaptive_ngroute,0.026150264463822737,0,false,255.88566666666668,false,false,10.928571428571429,false,1.371076e6,1.3352219999999998e6,false,1
392.347,use_SR3_cuts,0.025979593001336454,5,false,196.089,false,false,10.964285714285714,false,1.371076e6,1.3354560035460996e6,false,0
1204.876,none,0.0248814885693468,0,false,340.03266666666667,false,false,10.964285714285714,true,1.371076e6,1.3369615881782942e6,false,0
