CG_time_taken,method,CG_LP_IP_gap,implemented_SR3_cuts_count,errored,CG_sp_time_taken_mean,converged,CGIP_artificial,ngroute_neighborhood_size,time_limit_reached,CGIP_objective,CGLP_objective,CGLP_artificial,cycles_lookup_length
36.829,use_adaptive_ngroute,0.06526095186945069,0,false,1.932,false,false,8.357142857142856,false,1.511888e6,1.41322075e6,false,7
17.761,use_SR3_cuts,0.018485770486719955,1,false,2.9183333333333326,false,false,9.107142857142858,false,1.444814e6,1.4181055000000002e6,false,0
37.155,use_adaptive_ngroute,0.01490495133141101,0,false,7.383200000000001,false,false,9.107142857142858,false,1.444814e6,1.4232791176470588e6,false,6
7.197,use_SR3_cuts,0.014837411597617423,5,false,7.178,false,false,9.678571428571429,false,1.444814e6,1.4233767e6,false,0
72.11,use_adaptive_ngroute,0.010770908161264692,0,false,10.209857142857143,false,false,9.678571428571429,false,1.444814e6,1.4292520410958906e6,false,4
25.969,use_SR3_cuts,0.008906202771853389,5,false,12.931000000000001,false,false,10.0,false,1.444814e6,1.4319461935483874e6,false,0
140.989,use_adaptive_ngroute,0.002775280905280675,0,false,35.10875,false,false,10.0,false,1.444814e6,1.4408042352941178e6,false,1
92.943,use_SR3_cuts,0.002775280905280675,5,false,30.942666666666664,false,false,10.285714285714286,false,1.444814e6,1.4408042352941178e6,false,0
157.785,use_SR3_cuts,0.00048158448077051386,5,false,39.06425,false,false,10.285714285714286,false,1.444814e6,1.4441182e6,false,0
117.963,none,-2.220446049250313e-16,0,false,38.86033333333334,true,false,10.285714285714286,false,1.444814e6,1.4448140000000002e6,false,0
