CG_time_taken,method,CG_LP_IP_gap,implemented_SR3_cuts_count,errored,CG_sp_time_taken_mean,converged,CGIP_artificial,ngroute_neighborhood_size,time_limit_reached,CGIP_objective,CGLP_objective,CGLP_artificial,cycles_lookup_length
6.07,use_adaptive_ngroute,0.25916903596363483,0,false,0.15466666666666667,false,false,6.0,false,1.74454e6,1.2924092500000005e6,false,30
12.715,use_adaptive_ngroute,0.06342503830665303,0,false,0.7183125,false,false,9.34375,false,1.515185e6,1.419084333333334e6,false,4
2.97,use_adaptive_ngroute,0.05946116590823469,0,false,0.72175,false,false,9.5625,false,1.515185e6,1.4250903333333314e6,false,6
3.715,use_SR3_cuts,0.05463313568462436,6,false,0.90775,false,false,9.78125,false,1.515185e6,1.4324056923076925e6,false,0
8.521,use_SR3_cuts,0.046869768220543895,10,false,1.6202,false,false,9.78125,false,1.505224e6,1.4346745e6,false,0
7.896,use_SR3_cuts,0.04116364076044543,2,false,2.5453333333333332,false,false,9.78125,false,1.505224e6,1.4432634999999993e6,false,0
18.711,use_SR3_cuts,0.03636900554336098,10,false,4.60875,false,false,9.78125,false,1.505224e6,1.4504805e6,false,0
8.867,use_SR3_cuts,0.034784357676996946,2,false,4.357,false,false,9.78125,false,1.505224e6,1.45286575e6,false,0
21.92,use_SR3_cuts,0.03272768704192863,10,false,7.250333333333333,false,false,9.78125,false,1.505224e6,1.4559615e6,false,0
17.018,use_SR3_cuts,0.03077892846392427,1,false,8.4675,false,false,9.78125,false,1.505224e6,1.4588948181818181e6,false,0
33.289,use_SR3_cuts,0.030728659740365538,1,false,10.599666666666668,false,false,9.78125,false,1.505224e6,1.458970483870968e6,false,0
24.249,use_SR3_cuts,0.02712118811346076,10,false,12.003,false,false,9.78125,false,1.499715e6,1.4590409473684211e6,false,0
34.953,use_SR3_cuts,0.018462208003011016,1,false,11.535333333333332,false,false,9.78125,false,1.487815e6,1.4603466500000001e6,false,0
8.812,use_SR3_cuts,0.018222695698054014,10,false,8.709999999999999,false,false,9.78125,false,1.487815e6,1.4607029999999998e6,false,0
23.029,use_SR3_cuts,0.01820320402738229,10,false,11.4265,false,false,9.78125,false,1.487815e6,1.4607320000000002e6,false,0
63.997,use_SR3_cuts,0.017792702721776354,1,false,15.92225,false,false,9.78125,false,1.487815e6,1.4613427500000002e6,false,0
30.259,use_SR3_cuts,0.017749182526054064,6,false,15.014999999999999,false,false,9.78125,false,1.487815e6,1.4614074999999988e6,false,0
35.097,use_SR3_cuts,0.017510191741530567,2,false,17.448500000000003,false,false,9.78125,false,1.487815e6,1.4617630740740746e6,false,0
49.563,use_SR3_cuts,0.017501268049325835,10,false,16.329666666666668,false,false,9.78125,false,1.487815e6,1.4617763508771923e6,false,0
101.829,use_SR3_cuts,0.01739814575214138,8,false,33.724,false,false,9.78125,false,1.487815e6,1.4619297777777778e6,false,0
82.327,use_SR3_cuts,0.017256603013479643,10,false,27.374666666666666,false,false,9.78125,false,1.487815e6,1.4621403671874998e6,false,0
154.774,use_SR3_cuts,0.017026982521348377,10,false,38.58475,false,false,9.78125,false,1.487815e6,1.462482e6,false,0
80.975,use_adaptive_ngroute,0.016906421880526934,0,false,40.4005,false,false,9.78125,false,1.487815e6,1.462661371929824e6,false,6
190.307,use_SR3_cuts,0.01689876199591167,2,false,62.767,false,false,10.40625,false,1.487815e6,1.4626727684210527e6,false,0
77.088,use_SR3_cuts,0.016698960422418696,10,false,38.447500000000005,false,false,10.40625,false,1.487815e6,1.4629700361991192e6,false,0
256.784,use_SR3_cuts,0.016614364017032535,2,false,64.06275,false,false,10.40625,false,1.487815e6,1.4630958999999987e6,false,0
185.171,none,0.01653035566324701,0,false,61.05699999999999,false,false,10.40625,false,1.487815e6,1.4632208888888862e6,false,0
