CG_time_taken,method,CG_LP_IP_gap,implemented_SR3_cuts_count,errored,CG_sp_time_taken_mean,converged,CGIP_artificial,ngroute_neighborhood_size,time_limit_reached,CGIP_objective,CGLP_objective,CGLP_artificial,cycles_lookup_length
6.012,use_adaptive_ngroute,0.25916903596363483,0,false,0.16480952380952385,false,false,6.0,false,1.74454e6,1.2924092500000005e6,false,30
14.673,use_adaptive_ngroute,0.06342503830665358,0,false,1.0462307692307693,false,false,9.34375,false,1.515185e6,1.419084333333333e6,false,4
3.783,use_adaptive_ngroute,0.05946116590823314,0,false,1.2226666666666666,false,false,9.5625,false,1.515185e6,1.4250903333333337e6,false,6
3.812,use_SR3_cuts,0.0483770572966602,5,false,1.2503333333333333,false,false,9.78125,false,1.505224e6,1.432405692307692e6,false,0
9.689,use_SR3_cuts,0.04691926251508083,5,false,1.895,false,false,9.78125,false,1.505224e6,1.4346e6,false,0
13.205,use_SR3_cuts,0.0430995283389346,5,false,2.5802,false,false,9.78125,false,1.505224e6,1.4403495555555555e6,false,0
20.493,use_adaptive_ngroute,0.023882001458514712,0,false,4.95,false,false,9.78125,false,1.487815e6,1.452283e6,false,2
16.446,use_SR3_cuts,0.023490319697005324,5,false,5.4559999999999995,false,false,9.84375,false,1.487815e6,1.45286575e6,false,0
11.421,use_adaptive_ngroute,0.022821721786646876,0,false,5.6725,false,false,9.84375,false,1.487815e6,1.4538605e6,false,2
11.305,use_SR3_cuts,0.02261296538273283,5,false,5.6135,false,false,9.9375,false,1.487815e6,1.4541710909090894e6,false,0
16.745,use_SR3_cuts,0.020056929120892186,5,false,8.330500000000002,false,false,9.9375,false,1.487815e6,1.4579739999999998e6,false,0
20.936,use_SR3_cuts,0.019610226331156055,5,false,10.4325,false,false,9.9375,false,1.487815e6,1.458638611111111e6,false,0
24.84,use_SR3_cuts,0.019460976891168436,3,false,12.3845,false,false,9.9375,false,1.487815e6,1.4588606666666663e6,false,0
36.12,use_SR3_cuts,0.017946573880611605,5,false,17.882500000000004,false,false,9.9375,false,1.487815e6,1.461113818181818e6,false,0
53.432,use_SR3_cuts,0.017903153715456033,5,false,17.654999999999998,false,false,9.9375,false,1.487815e6,1.4611784193548388e6,false,0
79.764,use_SR3_cuts,0.017398145752141603,2,false,15.857000000000001,false,false,9.9375,false,1.487815e6,1.4619297777777775e6,false,0
105.721,use_SR3_cuts,0.017017145032388825,2,false,35.07133333333333,false,false,9.9375,false,1.487815e6,1.4624966363636365e6,false,0
90.039,use_adaptive_ngroute,0.016759274506574773,0,false,29.891,false,false,9.9375,false,1.487815e6,1.4628803000000005e6,false,1
29.896,use_SR3_cuts,0.01673429540251048,5,false,29.831,false,false,9.96875,false,1.487815e6,1.4629174642857139e6,false,0
71.336,use_SR3_cuts,0.016634435238353285,5,false,35.608,false,false,9.96875,false,1.487815e6,1.4630660377358494e6,false,0
209.825,use_SR3_cuts,0.01661436401702643,2,false,41.6178,false,false,9.96875,false,1.487815e6,1.4630959000000078e6,false,0
96.251,use_SR3_cuts,0.01657740452348644,5,false,32.00866666666667,false,false,9.96875,false,1.487815e6,1.463150888888889e6,false,0
94.613,use_SR3_cuts,0.016575561088610802,2,false,47.208000000000006,false,false,9.96875,false,1.487815e6,1.4631536315789486e6,false,0
174.656,none,0.01653035566324712,0,false,57.85633333333333,false,false,9.96875,false,1.487815e6,1.463220888888886e6,false,0
