CG_time_taken,method,CG_LP_IP_gap,implemented_SR3_cuts_count,errored,CG_sp_time_taken_mean,converged,CGIP_artificial,ngroute_neighborhood_size,time_limit_reached,CGIP_objective,CGLP_objective,CGLP_artificial,cycles_lookup_length
63.952,use_adaptive_ngroute,0.04330210278794311,0,false,2.534782608695652,false,false,8.357142857142856,false,1.227751e6,1.1745868e6,false,6
40.0,use_adaptive_ngroute,0.04212574047995088,0,false,5.613142857142857,false,false,9.25,false,1.227751e6,1.1760310799999998e6,false,4
27.556,use_SR3_cuts,0.041860912984618026,5,false,4.495666666666667,false,false,9.892857142857142,false,1.227751e6,1.1763562222222222e6,false,0
48.951,use_adaptive_ngroute,0.03172965853825416,0,false,12.0725,false,false,9.892857142857142,false,1.227751e6,1.18879488e6,false,7
95.269,use_adaptive_ngroute,0.03011712744142192,0,false,23.691,false,false,10.964285714285714,false,1.227751e6,1.1907746666666667e6,false,8
69.207,use_SR3_cuts,0.02853306574378678,5,false,22.929333333333336,false,false,12.107142857142858,false,1.227751e6,1.1927195e6,false,0
96.379,use_SR3_cuts,0.027922707111578515,5,false,32.04266666666667,false,false,12.107142857142858,false,1.227751e6,1.1934688684210523e6,false,0
242.498,use_SR3_cuts,0.024943982941166398,2,false,80.561,false,false,12.107142857142858,false,1.227751e6,1.197126e6,false,0
306.773,use_SR3_cuts,0.023323917441698594,5,false,61.30240000000001,false,false,12.107142857142858,false,1.227751e6,1.199115037037037e6,false,0
365.471,use_SR3_cuts,0.017566369135701976,5,false,121.67966666666666,false,false,12.107142857142858,false,1.227751e6,1.2061838727272728e6,false,0
973.344,use_SR3_cuts,0.015630612396161814,2,false,194.3138,false,false,12.107142857142858,false,1.227751e6,1.2085605e6,false,0
688.127,use_adaptive_ngroute,0.014291678558201015,0,false,229.31100000000004,false,false,12.107142857142858,false,1.227751e6,1.2102043773584901e6,false,3
481.353,use_SR3_cuts,0.014264822427348944,5,false,160.363,false,false,12.464285714285714,false,1.227751e6,1.2102373499999999e6,false,0
76.144,none,0.008623762744508823,0,false,NaN,false,false,12.464285714285714,true,1.227751e6,1.2171631666666665e6,false,0
