CG_time_taken,method,CG_LP_IP_gap,implemented_SR3_cuts_count,errored,CG_sp_time_taken_mean,converged,CGIP_artificial,ngroute_neighborhood_size,time_limit_reached,CGIP_objective,CGLP_objective,CGLP_artificial,cycles_lookup_length
37.831,use_SR3_cuts,0.10269477650865966,2,false,1.4190869565217394,false,false,8.357142857142856,false,1.315174e6,1.1801125e6,false,0
31.74,use_adaptive_ngroute,0.09983352890070951,0,false,3.8811250000000004,false,false,8.357142857142856,false,1.315174e6,1.1838755384615383e6,false,6
10.542,use_SR3_cuts,0.09940946977358134,2,false,3.478,false,false,9.071428571428571,false,1.315174e6,1.18443325e6,false,0
14.993,use_SR3_cuts,0.0942668136714443,2,false,3.598,false,false,9.071428571428571,false,1.307894e6,1.184603e6,false,0
34.463,use_adaptive_ngroute,0.09155596707378422,0,false,6.7946,false,false,9.071428571428571,false,1.307894e6,1.1881485e6,false,2
13.361,use_SR3_cuts,0.09155596707378422,3,false,6.639,false,false,9.321428571428571,false,1.307894e6,1.1881485e6,false,0
22.911,use_SR3_cuts,0.06882892754417202,10,false,11.3845,false,false,9.321428571428571,false,1.277675e6,1.189734e6,false,0
32.407,use_SR3_cuts,0.06791124503492652,1,false,10.739333333333335,false,false,9.321428571428571,false,1.277675e6,1.1909065000000002e6,false,0
55.401,use_SR3_cuts,0.06760991644980141,10,false,18.38233333333333,false,false,9.321428571428571,false,1.277675e6,1.1912915e6,false,0
147.085,use_SR3_cuts,0.06529448020819062,4,false,29.276600000000002,false,false,9.321428571428571,false,1.277675e6,1.194249875e6,false,0
261.245,use_SR3_cuts,0.06300746473085861,1,false,65.17475000000002,false,false,9.321428571428571,false,1.277675e6,1.1971719375000002e6,false,0
144.321,use_SR3_cuts,0.06295274619915125,10,false,72.05,false,false,9.321428571428571,false,1.277675e6,1.1972418499999994e6,false,0
312.961,use_adaptive_ngroute,0.06161493859288725,0,false,104.21766666666667,false,false,9.321428571428571,false,1.277675e6,1.1989511333333328e6,false,4
294.634,use_SR3_cuts,0.06139017184906859,3,false,147.24300000000002,false,false,9.928571428571427,false,1.277675e6,1.1992383121827412e6,false,0
628.952,use_SR3_cuts,0.06128053580593951,1,false,209.45266666666666,false,false,9.928571428571427,false,1.277675e6,1.1993783914141462e6,false,0
1076.136,use_SR3_cuts,0.06126655839708739,10,false,268.87975000000006,false,false,9.928571428571427,false,1.277675e6,1.1993962500000014e6,false,0
465.298,none,0.060206820983426,0,false,NaN,false,false,9.928571428571427,true,1.277675e6,1.2007502500000012e6,false,0
