CG_time_taken,method,CG_LP_IP_gap,implemented_SR3_cuts_count,errored,CG_sp_time_taken_mean,converged,CGIP_artificial,ngroute_neighborhood_size,time_limit_reached,CGIP_objective,CGLP_objective,CGLP_artificial,cycles_lookup_length
72.311,use_adaptive_ngroute,0.18885704908025835,0,false,3.764666666666666,false,false,8.357142857142856,false,1.45495e6,1.180172436440678e6,false,12
39.354,use_SR3_cuts,0.18723117632908348,5,false,9.770000000000001,false,false,10.25,false,1.45495e6,1.182538e6,false,0
145.74,use_adaptive_ngroute,0.17301010572451292,0,false,28.8808,false,false,10.25,false,1.445171e6,1.1951418125e6,false,6
68.161,use_adaptive_ngroute,0.13273921501560593,0,false,34.0225,false,false,10.892857142857142,false,1.37872e6,1.1957097894736838e6,false,5
128.975,use_SR3_cuts,0.1326336706832747,5,false,42.937333333333335,false,false,11.071428571428571,false,1.37872e6,1.1958553055555555e6,false,0
377.586,use_SR3_cuts,0.11776351857745637,5,false,94.23175,false,false,11.071428571428571,false,1.363642e6,1.2030547200000002e6,false,0
514.487,use_adaptive_ngroute,0.11204306538802322,0,false,171.32999999999998,false,false,11.071428571428571,false,1.363642e6,1.2108553702281453e6,false,3
311.557,use_SR3_cuts,0.11202336382841516,5,false,155.7125,false,false,11.285714285714286,false,1.363642e6,1.2108822361022923e6,false,0
1047.069,use_SR3_cuts,0.10810398402339205,5,false,348.713,false,false,11.285714285714286,false,1.363642e6,1.2162268670183737e6,false,0
856.017,none,0.10432373858641053,0,false,674.6089999999999,false,false,11.285714285714286,true,1.363642e6,1.22138176846655e6,false,0
