CG_time_taken,method,CG_LP_IP_gap,implemented_SR3_cuts_count,errored,CG_sp_time_taken_mean,converged,CGIP_artificial,ngroute_neighborhood_size,time_limit_reached,CGIP_objective,CGLP_objective,CGLP_artificial,cycles_lookup_length
82.648,use_adaptive_ngroute,0.04547914545673892,0,false,2.926333333333333,false,false,8.357142857142856,false,1.341151e6,1.280156598591549e6,false,7
32.414,use_SR3_cuts,0.04451884985359589,1,false,4.6041428571428575,false,false,9.785714285714285,false,1.341151e6,1.2814445e6,false,0
55.836,use_SR3_cuts,0.04068644520018028,5,false,11.100600000000002,false,false,9.785714285714285,false,1.341151e6,1.286584333333333e6,false,0
75.613,use_adaptive_ngroute,0.03595361802603192,0,false,18.83375,false,false,9.785714285714285,false,1.341151e6,1.2929317692307692e6,false,5
146.756,use_adaptive_ngroute,0.03533163501864278,0,false,29.301400000000005,false,false,10.25,false,1.341151e6,1.2937659423631122e6,false,3
72.064,use_SR3_cuts,0.03493551434551356,5,false,23.958333333333332,false,false,10.428571428571429,false,1.341151e6,1.2942972000000002e6,false,0
223.456,use_adaptive_ngroute,0.030722938729494165,0,false,73.29966666666667,false,false,10.428571428571429,false,1.341151e6,1.2999469000000001e6,false,1
111.28,use_SR3_cuts,0.03031822665755035,5,false,55.598,false,false,10.464285714285714,false,1.341151e6,1.3004896799999997e6,false,0
1162.034,use_adaptive_ngroute,0.02582845901495323,0,false,290.2865,false,false,10.464285714285714,false,1.341151e6,1.3065111363636365e6,false,3
514.505,use_adaptive_ngroute,0.02555823254307943,0,false,257.1895,false,false,10.607142857142856,false,1.341151e6,1.3068735508666164e6,false,7
914.668,use_SR3_cuts,0.025549104277634904,5,false,304.8433333333333,false,false,11.392857142857144,false,1.341151e6,1.3068857932489456e6,false,0
192.24,none,0.022507868241532947,0,false,NaN,false,false,11.392857142857144,true,1.341151e6,1.3109645499999998e6,false,0
