CG_time_taken,method,CG_LP_IP_gap,implemented_SR3_cuts_count,errored,CG_sp_time_taken_mean,converged,CGIP_artificial,ngroute_neighborhood_size,time_limit_reached,CGIP_objective,CGLP_objective,CGLP_artificial,cycles_lookup_length
62.759,use_adaptive_ngroute,0.0559644329499277,0,false,2.1614444444444443,false,false,8.357142857142856,false,1.356047e6,1.2801565985915493e6,false,7
21.636,use_SR3_cuts,0.05501468606914062,1,false,3.557833333333334,false,false,9.785714285714285,false,1.356047e6,1.2814445e6,false,0
49.912,use_SR3_cuts,0.04911444809803789,1,false,8.212166666666667,false,false,9.785714285714285,false,1.356047e6,1.2894455e6,false,0
25.592,use_SR3_cuts,0.04740322422452914,1,false,8.496666666666666,false,false,9.785714285714285,false,1.356047e6,1.291766e6,false,0
62.119,use_adaptive_ngroute,0.045968600891660105,0,false,15.462,false,false,9.785714285714285,false,1.356047e6,1.293711416666667e6,false,5
64.615,use_SR3_cuts,0.04531727428780419,3,false,16.1,false,false,10.535714285714285,false,1.356047e6,1.294594646153846e6,false,0
209.669,use_SR3_cuts,0.04428533819255531,1,false,41.803399999999996,false,false,10.535714285714285,false,1.356047e6,1.295994e6,false,0
104.793,use_SR3_cuts,0.043525224420687514,10,false,52.3405,false,false,10.535714285714285,false,1.356047e6,1.29702475e6,false,0
304.077,use_adaptive_ngroute,0.03883654609182585,0,false,101.201,false,false,10.535714285714285,false,1.356047e6,1.303382818181818e6,false,3
244.917,use_SR3_cuts,0.03857818595766482,4,false,122.414,false,false,10.714285714285715,false,1.356047e6,1.3037331666666665e6,false,0
337.23,use_adaptive_ngroute,0.03679181514767227,0,false,112.33666666666666,false,false,10.714285714285715,false,1.356047e6,1.3061555694444445e6,false,1
259.803,use_SR3_cuts,0.036674490879249344,1,false,129.839,false,false,10.857142857142858,false,1.356047e6,1.3063146666666665e6,false,0
978.904,use_SR3_cuts,0.03571261775268897,2,false,244.6675,false,false,10.857142857142858,false,1.356047e6,1.3076190118343194e6,false,0
622.766,use_SR3_cuts,0.02613084803063903,10,false,311.2845,false,false,10.857142857142858,false,1.343853e6,1.3087369814814816e6,false,0
240.198,none,0.020960625901791152,0,false,NaN,false,false,10.857142857142858,true,1.343853e6,1.3156850000000002e6,false,0
