CG_time_taken,method,CG_LP_IP_gap,implemented_SR3_cuts_count,errored,CG_sp_time_taken_mean,converged,CGIP_artificial,ngroute_neighborhood_size,time_limit_reached,CGIP_objective,CGLP_objective,CGLP_artificial,cycles_lookup_length
57.748,use_adaptive_ngroute,0.01537967168267329,0,false,2.5785714285714283,false,false,8.357142857142856,false,1.357853e6,1.336969666666667e6,false,1
23.385,use_adaptive_ngroute,0.014290894031484536,0,false,4.5926,false,false,8.571428571428571,false,1.357853e6,1.3384480666666667e6,false,5
11.303,use_adaptive_ngroute,0.01162611531259683,0,false,3.693666666666666,false,false,9.0,false,1.357853e6,1.3420664444444445e6,false,3
17.498,use_adaptive_ngroute,0.011205699867230412,0,false,4.332749999999999,false,false,9.178571428571429,false,1.357853e6,1.3426373068181816e6,false,1
16.809,use_adaptive_ngroute,0.010062944957959341,0,false,5.560999999999999,false,false,9.714285714285715,false,1.357853e6,1.344189e6,false,2
17.42,use_SR3_cuts,0.009991975076339865,5,false,5.784999999999999,false,false,10.0,false,1.357853e6,1.3442853666666667e6,false,0
88.083,none,0.0,0,false,17.3618,true,false,10.0,false,1.357853e6,1.357853e6,false,0
