CG_time_taken,method,CG_LP_IP_gap,implemented_SR3_cuts_count,errored,CG_sp_time_taken_mean,converged,CGIP_artificial,ngroute_neighborhood_size,time_limit_reached,CGIP_objective,CGLP_objective,CGLP_artificial,cycles_lookup_length
51.704,use_adaptive_ngroute,0.0861011604501436,0,false,2.5596315789473683,false,false,8.357142857142856,false,1.436253e6,1.31258995e6,false,10
30.623,use_adaptive_ngroute,0.046216353281254285,0,false,3.736875,false,false,9.75,false,1.383473e6,1.3195339230769232e6,false,4
13.424,use_SR3_cuts,0.04586476690666641,5,false,2.613,false,false,9.928571428571427,false,1.383473e6,1.3200203333333335e6,false,0
51.831,use_SR3_cuts,0.03669452389919847,5,false,12.82375,false,false,9.928571428571427,false,1.375346e6,1.324878333333333e6,false,0
24.064,use_SR3_cuts,0.03496320198699088,2,false,7.985666666666666,false,false,9.928571428571427,false,1.375346e6,1.3272595e6,false,0
29.959,use_adaptive_ngroute,0.03291428726541068,0,false,14.9435,false,false,9.928571428571427,false,1.375346e6,1.3300774666666666e6,false,2
67.335,use_SR3_cuts,0.03272433102490391,5,false,16.77025,false,false,10.107142857142858,false,1.375346e6,1.3303387222222225e6,false,0
96.568,use_adaptive_ngroute,0.03049057539636668,0,false,32.03066666666667,false,false,10.107142857142858,false,1.375346e6,1.3334109090909087e6,false,1
135.396,use_SR3_cuts,0.030367437236399675,5,false,33.77875,false,false,10.285714285714286,false,1.375346e6,1.3335802666666666e6,false,0
104.858,use_adaptive_ngroute,0.02815243097615694,0,false,52.19649999999999,false,false,10.285714285714286,false,1.375346e6,1.3366266666666665e6,false,1
111.909,use_SR3_cuts,0.027919874111305143,5,false,55.855500000000006,false,false,10.5,false,1.375346e6,1.336946512820513e6,false,0
98.247,use_SR3_cuts,0.02637852584004341,2,false,49.001999999999995,false,false,10.5,false,1.375346e6,1.3390663999999997e6,false,0
328.056,none,0.026369364509002735,0,false,81.87775,false,false,10.5,false,1.375346e6,1.3390790000000012e6,false,0
