CG_time_taken,method,CG_LP_IP_gap,implemented_SR3_cuts_count,errored,CG_sp_time_taken_mean,converged,CGIP_artificial,ngroute_neighborhood_size,time_limit_reached,CGIP_objective,CGLP_objective,CGLP_artificial,cycles_lookup_length
38.004,use_adaptive_ngroute,0.030500264890638062,0,false,1.437238095238095,false,false,8.357142857142856,false,1.202383e6,1.16571e6,false,5
7.456,use_SR3_cuts,0.02349667285715118,1,false,0.787625,false,false,8.821428571428571,false,1.202383e6,1.174131e6,false,0
10.312,use_SR3_cuts,0.021454686235583886,1,false,1.9034000000000002,false,false,8.821428571428571,false,1.202383e6,1.17658625e6,false,0
15.167,use_SR3_cuts,0.017085737240130294,2,false,2.4304999999999994,false,false,8.821428571428571,false,1.202383e6,1.1818394000000004e6,false,0
8.403,use_SR3_cuts,0.016441849227741834,2,false,2.7369999999999997,false,false,8.821428571428571,false,1.202383e6,1.1826136e6,false,0
9.163,use_SR3_cuts,0.016104962672736756,10,false,2.9996666666666663,false,false,8.821428571428571,false,1.202383e6,1.1830186666666667e6,false,0
12.405,use_SR3_cuts,0.015919636255668945,1,false,3.9796666666666662,false,false,8.821428571428571,false,1.202383e6,1.1832415e6,false,0
100.968,use_adaptive_ngroute,0.011141080798586,0,false,24.418249999999997,false,false,8.821428571428571,false,1.202383e6,1.1889871538461538e6,false,7
175.264,use_adaptive_ngroute,0.010354216030444063,0,false,29.02566666666667,false,false,9.928571428571427,false,1.202383e6,1.1899332666666666e6,false,7
71.002,use_SR3_cuts,0.010272252533661597,1,false,35.4245,false,false,10.178571428571429,false,1.202383e6,1.1900318181818184e6,false,0
146.678,use_SR3_cuts,0.009431271067538383,3,false,48.59133333333334,false,false,10.178571428571429,false,1.202383e6,1.191043e6,false,0
122.678,use_adaptive_ngroute,0.00899318270467897,0,false,40.73233333333333,false,false,10.178571428571429,false,1.202383e6,1.19156975e6,false,9
144.007,use_SR3_cuts,0.008670735909061755,10,false,47.876333333333335,false,false,10.928571428571429,false,1.202383e6,1.1919574545454546e6,false,0
243.972,use_SR3_cuts,0.003621142348153583,1,false,48.67660000000001,false,false,10.928571428571429,false,1.202383e6,1.198029e6,false,0
140.049,use_SR3_cuts,0.003621142348153583,10,false,46.57833333333334,false,false,10.928571428571429,false,1.202383e6,1.198029e6,false,0
150.824,use_SR3_cuts,0.0020946736605558236,10,false,50.138999999999996,false,false,10.928571428571429,false,1.202383e6,1.1998644e6,false,0
384.571,none,0.0,0,false,63.952,true,false,10.928571428571429,false,1.202383e6,1.202383e6,false,0
