CG_time_taken,method,CG_LP_IP_gap,implemented_SR3_cuts_count,errored,CG_sp_time_taken_mean,converged,CGIP_artificial,ngroute_neighborhood_size,time_limit_reached,CGIP_objective,CGLP_objective,CGLP_artificial,cycles_lookup_length
70.724,use_adaptive_ngroute,0.03361149475981007,0,false,3.2672499999999993,false,false,8.357142857142856,false,1.206254e6,1.16571e6,false,5
13.689,use_SR3_cuts,0.026630378013254297,1,false,2.178166666666667,false,false,8.821428571428571,false,1.206254e6,1.174131e6,false,0
16.394,use_SR3_cuts,0.021454686235583886,3,false,3.9767499999999996,false,false,8.821428571428571,false,1.202383e6,1.17658625e6,false,0
52.513,use_SR3_cuts,0.017414376284428545,5,false,7.415571428571428,false,false,8.821428571428571,false,1.202383e6,1.18144425e6,false,0
49.385,use_SR3_cuts,0.017414376284428545,5,false,6.986714285714285,false,false,8.821428571428571,false,1.202383e6,1.18144425e6,false,0
88.941,use_SR3_cuts,0.015919636255668945,1,false,17.392400000000002,false,false,8.821428571428571,false,1.202383e6,1.1832415e6,false,0
96.936,use_SR3_cuts,0.015919636255668945,1,false,32.14466666666666,false,false,8.821428571428571,false,1.202383e6,1.1832415e6,false,0
109.284,use_SR3_cuts,0.013132753872934111,4,false,27.20075,false,false,8.821428571428571,false,1.202383e6,1.1865924e6,false,0
113.388,use_SR3_cuts,0.010201685597129417,1,false,37.614,false,false,8.821428571428571,false,1.202383e6,1.1901166666666667e6,false,0
445.5,use_SR3_cuts,0.003215558880434344,3,false,111.04675,false,false,8.821428571428571,false,1.202383e6,1.1985166666666667e6,false,0
194.2,use_SR3_cuts,0.003215558880434566,2,false,64.397,false,false,8.821428571428571,false,1.202383e6,1.1985166666666665e6,false,0
303.255,use_adaptive_ngroute,0.0017551026216735544,0,false,151.4705,false,false,8.821428571428571,false,1.202383e6,1.2002726944444443e6,false,8
343.168,use_SR3_cuts,0.001661145685969645,1,false,114.30366666666667,false,false,9.964285714285714,false,1.202383e6,1.2003856666666667e6,false,0
465.19,use_SR3_cuts,0.001440888635318327,3,false,154.864,false,false,9.964285714285714,false,1.202383e6,1.2006505e6,false,0
693.835,use_adaptive_ngroute,0.0007172423429139263,0,false,173.11825,false,false,9.964285714285714,false,1.202383e6,1.2015206e6,false,2
420.619,use_SR3_cuts,0.0007172423429139263,5,false,210.22050000000002,false,false,10.607142857142856,false,1.202383e6,1.2015206e6,false,0
106.846,none,0.0003992765477666138,0,false,NaN,false,false,10.607142857142856,true,1.202383e6,1.2019029166666667e6,false,0
