CG_time_taken,method,CG_LP_IP_gap,implemented_SR3_cuts_count,errored,CG_sp_time_taken_mean,converged,CGIP_artificial,ngroute_neighborhood_size,time_limit_reached,CGIP_objective,CGLP_objective,CGLP_artificial,cycles_lookup_length
122.369,use_adaptive_ngroute,0.17497219253669505,0,false,5.563095238095237,false,false,8.357142857142856,false,1.629474e6,1.3443613615384614e6,false,16
82.74,use_adaptive_ngroute,0.12954903444472565,0,false,11.736142857142859,false,false,11.857142857142856,false,1.566222e6,1.363319452173913e6,false,4
55.446,use_SR3_cuts,0.12704453211388345,5,false,11.034600000000001,false,false,12.0,false,1.566222e6,1.3672420588235292e6,false,0
99.609,use_SR3_cuts,0.12399327809212235,2,false,19.8232,false,false,12.0,false,1.566222e6,1.372021e6,false,0
101.912,use_adaptive_ngroute,0.1226437111769374,0,false,25.429000000000002,false,false,12.0,false,1.566222e6,1.3741347213930348e6,false,1
49.877,use_SR3_cuts,0.12264145973629348,5,false,24.863500000000002,false,false,12.178571428571429,false,1.566222e6,1.374138247648903e6,false,0
290.029,use_SR3_cuts,0.006696062512555279,5,false,57.8392,false,false,12.178571428571429,false,1.389374e6,1.380070664842681e6,false,0
286.356,use_SR3_cuts,0.0013595025322659104,5,false,95.21266666666666,false,false,12.178571428571429,false,1.389374e6,1.3874851425287356e6,false,0
425.913,none,0.0,0,false,141.76333333333332,true,false,12.178571428571429,false,1.389374e6,1.389374e6,false,0
