CG_time_taken,method,CG_LP_IP_gap,implemented_SR3_cuts_count,errored,CG_sp_time_taken_mean,converged,CGIP_artificial,ngroute_neighborhood_size,time_limit_reached,CGIP_objective,CGLP_objective,CGLP_artificial,cycles_lookup_length
7.495,use_adaptive_ngroute,0.39226895815744856,0,false,0.19450000000000003,false,false,6.0,false,2.156203e6,1.310391495614035e6,false,14
5.175,use_adaptive_ngroute,0.09817926421466383,0,false,0.4096,false,false,7.3125,false,1.597421e6,1.4405873815789474e6,false,12
4.054,use_adaptive_ngroute,0.08380950990985325,0,false,0.6253333333333332,false,false,8.0,false,1.597421e6,1.4635419288702924e6,false,21
5.165,use_adaptive_ngroute,0.08182569714340926,0,false,0.9514000000000001,false,false,9.125,false,1.597421e6,1.466710913043478e6,false,1
3.734,use_SR3_cuts,0.08168253703939043,5,false,0.914,false,false,9.15625,false,1.597421e6,1.4669395999999999e6,false,0
8.024,use_adaptive_ngroute,0.07854451409490648,0,false,1.5595999999999999,false,false,9.15625,false,1.597421e6,1.4719523437500005e6,false,4
5.779,use_adaptive_ngroute,0.0782264036844389,0,false,1.8796666666666664,false,false,9.375,false,1.597421e6,1.4724605e6,false,2
8.616,none,0.07644071287406384,0,false,2.09125,false,false,9.4375,false,1.597421e6,1.475313e6,false,0
