CG_time_taken,method,CG_LP_IP_gap,implemented_SR3_cuts_count,errored,CG_sp_time_taken_mean,converged,CGIP_artificial,ngroute_neighborhood_size,time_limit_reached,CGIP_objective,CGLP_objective,CGLP_artificial,cycles_lookup_length
74.852,use_adaptive_ngroute,0.08561081184162622,0,false,2.8245199999999997,false,false,8.357142857142856,false,1.302532e6,1.191021178030303e6,false,16
42.883,use_lmSR3_cuts,0.07850135101412525,5,false,5.27325,false,false,11.392857142857144,false,1.302532e6,1.2002814782608694e6,false,0
113.134,use_adaptive_ngroute,0.053472101323119525,0,false,12.452,false,false,11.392857142857144,false,1.286656e6,1.2178558000000003e6,false,7
54.159,use_adaptive_ngroute,0.05212748235039877,0,false,13.486249999999998,false,false,12.285714285714285,false,1.286656e6,1.2195858620689653e6,false,2
88.542,use_lmSR3_cuts,0.05147506861379669,5,false,14.686333333333335,false,false,12.500000000000002,false,1.286656e6,1.2204252941176468e6,false,0
80.404,use_adaptive_ngroute,0.045201877321262574,0,false,8.870777777777777,false,false,12.500000000000002,false,1.286656e6,1.2284967333333336e6,false,3
37.867,use_lmSR3_cuts,0.04456435908276957,5,false,12.57,false,false,12.821428571428571,false,1.286656e6,1.229317e6,false,0
91.385,use_adaptive_ngroute,0.013867159815792451,0,false,18.164199999999997,false,false,12.821428571428571,false,1.253441e6,1.2360593333333333e6,false,5
82.918,use_lmSR3_cuts,0.013557239630744622,5,false,13.763166666666667,false,false,13.071428571428571,false,1.253441e6,1.2364477999999998e6,false,0
96.352,use_adaptive_ngroute,0.009796958206177209,0,false,15.962499999999997,false,false,13.071428571428571,false,1.253441e6,1.241161090909091e6,false,1
47.502,use_adaptive_ngroute,0.009626163166999158,0,false,15.776333333333334,false,false,13.107142857142858,false,1.253441e6,1.2413751724137934e6,false,5
67.616,use_adaptive_ngroute,0.008972301049670506,0,false,16.8135,false,false,13.607142857142856,false,1.253441e6,1.24219475e6,false,4
36.851,use_lmSR3_cuts,0.008931214153677924,5,false,18.344,false,false,13.750000000000002,false,1.253441e6,1.2422462499999998e6,false,0
298.708,use_adaptive_ngroute,0.0014284830564575968,0,false,42.50528571428571,false,false,13.750000000000002,false,1.253441e6,1.2516504807692308e6,false,9
106.899,use_lmSR3_cuts,0.0012830679704910475,5,false,53.400999999999996,false,false,14.571428571428571,false,1.253441e6,1.2518327499999998e6,false,0
105.366,none,0.0,0,false,52.63250000000001,true,false,14.571428571428571,false,1.253441e6,1.253441e6,false,0
