CG_time_taken,method,CG_LP_IP_gap,implemented_SR3_cuts_count,errored,CG_sp_time_taken_mean,converged,CGIP_artificial,ngroute_neighborhood_size,time_limit_reached,CGIP_objective,CGLP_objective,CGLP_artificial,cycles_lookup_length
78.055,use_adaptive_ngroute,0.0671709868432393,0,false,2.7068148148148152,false,false,8.357142857142856,false,1.200276e6,1.119652276595744e6,false,9
41.82,use_adaptive_ngroute,0.05325904671555182,0,false,4.5904444444444445,false,false,9.928571428571427,false,1.200276e6,1.1363504444444443e6,false,2
28.9,use_adaptive_ngroute,0.0531049525275854,0,false,7.05325,false,false,10.321428571428571,false,1.200276e6,1.1365354e6,false,1
8.277,use_lmSR3_cuts,0.053086540095777957,5,false,8.245000000000001,false,false,10.464285714285714,false,1.200276e6,1.1365575e6,false,0
174.083,use_lmSR3_cuts,0.040720634254121535,5,false,21.678375,false,false,10.464285714285714,false,1.200276e6,1.1514e6,false,0
415.022,use_lmSR3_cuts,0.03890084447243802,5,false,37.665363636363644,false,false,10.464285714285714,false,1.200276e6,1.15358425e6,false,0
307.946,use_adaptive_ngroute,0.02649094107478045,0,false,61.5024,false,false,10.464285714285714,false,1.200276e6,1.1684795592105268e6,false,3
96.98,use_lmSR3_cuts,0.02567584936233913,5,false,48.44299999999999,false,false,10.964285714285714,false,1.200276e6,1.169457894230769e6,false,0
880.577,use_adaptive_ngroute,0.01825517071632954,0,false,97.76233333333334,false,false,10.964285714285714,false,1.197539e6,1.1756777211155375e6,false,1
315.677,use_lmSR3_cuts,0.018214798633376272,5,false,105.18433333333333,false,false,11.178571428571427,false,1.197539e6,1.1757260682593852e6,false,0
646.579,use_lmSR3_cuts,0.004417898605906467,5,false,161.566,false,false,11.178571428571427,false,1.186822e6,1.181578740740741e6,false,0
566.312,none,0.0016141145569141813,0,false,224.939,false,false,11.178571428571427,true,1.186822e6,1.184906333333334e6,false,0
