CG_time_taken,method,CG_LP_IP_gap,implemented_SR3_cuts_count,errored,CG_sp_time_taken_mean,converged,CGIP_artificial,ngroute_neighborhood_size,time_limit_reached,CGIP_objective,CGLP_objective,CGLP_artificial,cycles_lookup_length
71.336,use_adaptive_ngroute,0.056596291107053553,0,false,2.506615384615384,false,false,8.357142857142856,false,1.186822e6,1.1196522765957445e6,false,9
34.387,use_adaptive_ngroute,0.04252664304803544,0,false,3.3632999999999997,false,false,9.928571428571427,false,1.186822e6,1.1363504444444445e6,false,2
14.027,use_adaptive_ngroute,0.04237080202422949,0,false,4.622,false,false,10.321428571428571,false,1.186822e6,1.1365354e6,false,1
10.204,use_lmSR3_cuts,0.04235218086621251,6,false,5.0809999999999995,false,false,10.464285714285714,false,1.186822e6,1.1365575e6,false,0
23.81,use_lmSR3_cuts,0.033702368058905585,10,false,4.6818,false,false,10.464285714285714,false,1.186822e6,1.1468232881355935e6,false,0
29.832,use_lmSR3_cuts,0.027174457875270508,5,false,4.900666666666667,false,false,10.464285714285714,false,1.186822e6,1.1545707555555557e6,false,0
32.842,use_lmSR3_cuts,0.02439233141579411,6,false,4.0501249999999995,false,false,10.464285714285714,false,1.186822e6,1.1578726444444444e6,false,0
15.598,use_adaptive_ngroute,0.023255587816237933,0,false,3.82675,false,false,10.464285714285714,false,1.186822e6,1.159221756756757e6,false,1
14.149,use_lmSR3_cuts,0.022640674192291876,2,false,4.661333333333333,false,false,10.5,false,1.186822e6,1.1599515497737557e6,false,0
36.742,use_lmSR3_cuts,0.021658041642730663,2,false,6.000666666666667,false,false,10.5,false,1.186822e6,1.161117759701491e6,false,0
16.832,use_lmSR3_cuts,0.021590010970474305,10,false,5.549666666666666,false,false,10.5,false,1.186822e6,1.1611984999999998e6,false,0
286.375,none,0.0,0,false,35.55075,true,false,10.5,false,1.186822e6,1.186822e6,false,0
