CG_time_taken,method,CG_LP_IP_gap,implemented_SR3_cuts_count,errored,CG_sp_time_taken_mean,converged,CGIP_artificial,ngroute_neighborhood_size,time_limit_reached,CGIP_objective,CGLP_objective,CGLP_artificial,cycles_lookup_length
73.823,use_adaptive_ngroute,0.07767273763399296,0,false,2.6301923076923073,false,false,8.357142857142856,false,1.221332e6,1.1264678e6,false,8
22.793,use_lmSR3_cuts,0.014344299755647216,3,false,4.4746,false,false,10.035714285714285,false,1.148749e6,1.132271e6,false,0
48.288,use_adaptive_ngroute,0.004023458949208414,0,false,7.807166666666667,false,false,10.035714285714285,false,1.148749e6,1.1441270555555557e6,false,4
66.195,use_adaptive_ngroute,0.003964215758959555,0,false,13.1368,false,false,11.071428571428571,false,1.148749e6,1.144195111111111e6,false,2
23.153,use_adaptive_ngroute,0.003964215758959333,0,false,7.668333333333333,false,false,11.249999999999998,false,1.148749e6,1.1441951111111112e6,false,2
38.84,use_lmSR3_cuts,0.003964215758959555,5,false,12.894666666666668,false,false,11.321428571428573,false,1.148749e6,1.144195111111111e6,false,0
169.961,use_adaptive_ngroute,0.0011048138854995448,0,false,24.177714285714284,false,false,11.321428571428573,false,1.148749e6,1.1474798461538462e6,false,3
175.924,use_adaptive_ngroute,0.0008288077772108382,0,false,35.08819999999999,false,false,11.5,false,1.148749e6,1.1477969078947369e6,false,11
98.451,use_lmSR3_cuts,0.000763221556667304,5,false,32.71566666666667,false,false,12.357142857142856,false,1.148749e6,1.14787225e6,false,0
390.801,none,0.0,0,false,43.31522222222223,true,false,12.357142857142856,false,1.148749e6,1.148749e6,false,0
