CG_time_taken,method,CG_LP_IP_gap,implemented_SR3_cuts_count,errored,CG_sp_time_taken_mean,converged,CGIP_artificial,ngroute_neighborhood_size,time_limit_reached,CGIP_objective,CGLP_objective,CGLP_artificial,cycles_lookup_length
147.681,use_adaptive_ngroute,0.14374541581769018,0,false,6.117260869565217,false,false,8.357142857142856,false,1.415834e6,1.2123143529411764e6,false,1
45.483,use_lmSR3_cuts,0.07824156945517202,5,false,7.514999999999999,false,false,8.392857142857144,false,1.315727e6,1.2127824545454548e6,false,0
32.268,use_adaptive_ngroute,0.07570081027447195,0,false,10.671333333333335,false,false,8.392857142857144,false,1.315727e6,1.2161254e6,false,3
49.318,use_adaptive_ngroute,0.07205030330134188,0,false,12.24,false,false,8.5,false,1.315727e6,1.2209284705882354e6,false,1
64.098,use_lmSR3_cuts,0.0719892880513967,5,false,15.966249999999999,false,false,8.571428571428571,false,1.315727e6,1.22100875e6,false,0
53.677,use_adaptive_ngroute,0.06812363846384284,0,false,13.323749999999999,false,false,8.571428571428571,false,1.315727e6,1.2260948895348834e6,false,2
82.038,use_adaptive_ngroute,0.06719113273498223,0,false,16.364,false,false,8.75,false,1.315727e6,1.2273218125e6,false,3
30.821,use_lmSR3_cuts,0.06704583548238707,5,false,15.371,false,false,9.035714285714286,false,1.315727e6,1.2275129840182653e6,false,0
92.383,use_adaptive_ngroute,0.06411968440261528,0,false,23.0455,false,false,9.035714285714286,false,1.315727e6,1.2313630000000002e6,false,2
161.67,use_lmSR3_cuts,0.06304886265090803,5,false,32.28,false,false,9.464285714285714,false,1.315727e6,1.2327719090909087e6,false,0
163.252,use_lmSR3_cuts,0.06215695454553527,5,false,32.5906,false,false,9.464285714285714,false,1.315727e6,1.2339454166666665e6,false,0
192.373,use_lmSR3_cuts,0.06159256441495897,2,false,47.976000000000006,false,false,9.464285714285714,false,1.315727e6,1.2346879999999993e6,false,0
179.319,use_lmSR3_cuts,0.06101716136148849,5,false,44.76925,false,false,9.464285714285714,false,1.315727e6,1.2354450733333328e6,false,0
263.419,use_adaptive_ngroute,0.006892116500355816,0,false,52.479,false,false,9.464285714285714,false,1.247162e6,1.2385664142011832e6,false,4
373.09,use_lmSR3_cuts,0.006624907857462836,5,false,74.54440000000001,false,false,9.75,false,1.247162e6,1.238899666666671e6,false,0
340.538,use_lmSR3_cuts,0.005943682069646128,5,false,85.04,false,false,9.75,false,1.247162e6,1.239749265582656e6,false,0
234.984,use_adaptive_ngroute,0.005025178597803159,0,false,117.28500000000001,false,false,9.75,false,1.247162e6,1.2408947882096067e6,false,9
311.238,use_lmSR3_cuts,0.005006566909511512,1,false,103.67766666666665,false,false,11.035714285714285,false,1.247162e6,1.2409179999999998e6,false,0
278.483,use_adaptive_ngroute,0.004686666533623818,0,false,92.76899999999999,false,false,11.035714285714285,false,1.247162e6,1.2413169675925926e6,false,1
357.113,use_lmSR3_cuts,0.004681219149047178,5,false,118.95900000000002,false,false,11.464285714285715,false,1.247162e6,1.241323761363636e6,false,0
115.392,none,0.004014610917076777,0,false,NaN,false,false,11.464285714285715,true,1.247162e6,1.2421551298194367e6,false,0
