CG_time_taken,method,CG_LP_IP_gap,implemented_SR3_cuts_count,errored,CG_sp_time_taken_mean,converged,CGIP_artificial,ngroute_neighborhood_size,time_limit_reached,CGIP_objective,CGLP_objective,CGLP_artificial,cycles_lookup_length
151.512,use_adaptive_ngroute,0.1777609128513593,0,false,5.83792,false,false,8.357142857142856,false,1.500576e6,1.2338322404371586e6,false,8
47.886,use_lmSR3_cuts,0.17722949942777522,5,false,7.8660000000000005,false,false,9.428571428571429,false,1.500576e6,1.2346296666666667e6,false,0
215.257,use_lmSR3_cuts,0.15885770244250907,5,false,17.84258333333333,false,false,9.428571428571429,false,1.479667e6,1.2446105e6,false,0
84.029,use_adaptive_ngroute,0.1533151773005036,0,false,20.946,false,false,9.428571428571429,false,1.479667e6,1.2528115915492957e6,false,5
56.63,use_adaptive_ngroute,0.09785904419259228,0,false,18.811333333333334,false,false,9.678571428571429,false,1.39013e6,1.2540932068965517e6,false,3
78.037,use_lmSR3_cuts,0.09776439281550309,5,false,25.962666666666664,false,false,9.785714285714285,false,1.39013e6,1.2542247846153846e6,false,0
172.812,use_adaptive_ngroute,0.06005879140411252,0,false,28.664,false,false,9.785714285714285,false,1.338281e6,1.257905460580913e6,false,1
58.612,use_adaptive_ngroute,0.05981498484395953,0,false,29.247000000000003,false,false,9.857142857142858,false,1.338281e6,1.258231742268041e6,false,2
91.058,use_lmSR3_cuts,0.059739882730159066,5,false,30.325333333333333,false,false,9.964285714285714,false,1.338281e6,1.25833225e6,false,0
149.571,use_lmSR3_cuts,0.05805155528691297,5,false,37.28175,false,false,9.964285714285714,false,1.338281e6,1.260591706539075e6,false,0
151.024,use_lmSR3_cuts,0.05493689292458015,1,false,30.1222,false,false,9.964285714285714,false,1.338281e6,1.26476e6,false,0
61.265,use_lmSR3_cuts,0.05405851443652021,5,false,30.566499999999998,false,false,9.964285714285714,false,1.338281e6,1.2659355172413792e6,false,0
111.159,use_lmSR3_cuts,0.053625010990466904,5,false,36.98433333333333,false,false,9.964285714285714,false,1.338281e6,1.266515666666667e6,false,0
197.325,use_lmSR3_cuts,0.05360570762044703,2,false,49.24975,false,false,9.964285714285714,false,1.338281e6,1.2665415000000005e6,false,0
211.458,use_adaptive_ngroute,0.05207633274825407,0,false,52.766999999999996,false,false,9.964285714285714,false,1.338281e6,1.2685882333333339e6,false,2
99.492,use_lmSR3_cuts,0.052059071799320566,5,false,49.680499999999995,false,false,10.071428571428573,false,1.338281e6,1.2686113333333335e6,false,0
89.78,use_adaptive_ngroute,0.05172961382701691,0,false,44.7905,false,false,10.071428571428573,false,1.338281e6,1.269052240677966e6,false,1
55.581,use_lmSR3_cuts,0.05170415553551044,5,false,55.513999999999996,false,false,10.107142857142858,false,1.338281e6,1.2690863110257816e6,false,0
99.912,use_lmSR3_cuts,0.051279453670685204,5,false,49.864,false,false,10.107142857142858,false,1.338281e6,1.2696546814621417e6,false,0
136.631,use_adaptive_ngroute,0.050641784124559774,0,false,68.2255,false,false,10.107142857142858,false,1.338281e6,1.2705080625e6,false,6
156.984,use_lmSR3_cuts,0.050604525956338686,5,false,78.35249999999999,false,false,10.607142857142856,false,1.338281e6,1.270557924398625e6,false,0
181.778,use_lmSR3_cuts,0.05007574721051222,5,false,90.8085,false,false,10.607142857142856,false,1.338281e6,1.2712655789473685e6,false,0
647.969,use_adaptive_ngroute,0.049179323452217316,0,false,129.4676,false,false,10.607142857142856,false,1.338281e6,1.2724652458310432e6,false,4
258.882,none,0.04900168983497566,0,false,183.737,false,false,11.0,true,1.338281e6,1.2727029695259589e6,false,0
