CG_time_taken,method,CG_LP_IP_gap,implemented_SR3_cuts_count,errored,CG_sp_time_taken_mean,converged,CGIP_artificial,ngroute_neighborhood_size,time_limit_reached,CGIP_objective,CGLP_objective,CGLP_artificial,cycles_lookup_length
38.039,use_adaptive_ngroute,0.11786932396058525,0,false,1.9488333333333334,false,false,8.357142857142856,false,1.479751e6,1.30533375e6,false,7
15.787,use_lmSR3_cuts,0.11259833580109091,3,false,2.1728571428571426,false,false,9.035714285714286,false,1.479751e6,1.3131335e6,false,0
38.305,use_adaptive_ngroute,0.08000453716669598,0,false,4.714124999999999,false,false,9.035714285714286,false,1.441286e6,1.3259765806451614e6,false,2
28.628,use_lmSR3_cuts,0.07894200040796895,5,false,5.677199999999999,false,false,9.857142857142858,false,1.441286e6,1.327508e6,false,0
37.198,use_lmSR3_cuts,0.05214547551381843,5,false,6.098833333333333,false,false,9.857142857142858,false,1.416275e6,1.3424226666666667e6,false,0
38.823,use_lmSR3_cuts,0.050430927962436645,5,false,7.692200000000001,false,false,9.857142857142858,false,1.416275e6,1.3448509375e6,false,0
32.785,use_adaptive_ngroute,0.039971783994605437,0,false,8.077,false,false,9.857142857142858,false,1.405453e6,1.3492745362694298e6,false,4
9.034,use_lmSR3_cuts,0.03987413644109383,5,false,8.995000000000001,false,false,10.035714285714285,false,1.405453e6,1.3494117753164554e6,false,0
61.094,use_lmSR3_cuts,0.038475139332300734,1,false,12.094399999999998,false,false,10.035714285714285,false,1.405453e6,1.351378e6,false,0
26.052,use_lmSR3_cuts,0.038475139332300734,1,false,12.9675,false,false,10.035714285714285,false,1.405453e6,1.351378e6,false,0
21.962,none,0.038475139332300734,0,false,10.9385,false,false,10.035714285714285,false,1.405453e6,1.351378e6,false,0
