CG_time_taken,method,CG_LP_IP_gap,implemented_SR3_cuts_count,errored,CG_sp_time_taken_mean,converged,CGIP_artificial,ngroute_neighborhood_size,time_limit_reached,CGIP_objective,CGLP_objective,CGLP_artificial,cycles_lookup_length
44.101,use_adaptive_ngroute,0.16413287269833232,0,false,2.3338823529411763,false,false,8.357142857142856,false,1.548008e6,1.293929e6,false,4
21.433,use_adaptive_ngroute,0.1598415512064537,0,false,3.4491666666666667,false,false,8.964285714285714,false,1.548008e6,1.300572e6,false,3
20.553,use_adaptive_ngroute,0.14718296744728487,0,false,3.9989999999999997,false,false,9.357142857142858,false,1.528618e6,1.3036314666666663e6,false,4
15.333,use_lmSR3_cuts,0.12785458141064265,5,false,3.7664999999999997,false,false,10.178571428571429,false,1.495823e6,1.3045751764705882e6,false,0
61.9,use_adaptive_ngroute,0.09989459365559794,0,false,12.269600000000002,false,false,10.178571428571429,false,1.463056e6,1.3169046153846155e6,false,2
35.275,use_adaptive_ngroute,0.09940800726799359,0,false,11.690666666666667,false,false,10.321428571428571,false,1.463056e6,1.3176165185185184e6,false,1
102.859,use_adaptive_ngroute,0.04200501976143878,0,false,17.0805,false,false,10.357142857142858,false,1.376487e6,1.3186676363636365e6,false,6
57.367,use_lmSR3_cuts,0.0419730233468637,5,false,19.080666666666666,false,false,10.821428571428571,false,1.376487e6,1.3187116790123456e6,false,0
241.352,use_adaptive_ngroute,0.024843113040337372,0,false,34.393857142857144,false,false,10.821428571428571,false,1.358189e6,1.3244473571428573e6,false,3
183.998,use_lmSR3_cuts,0.02476888955317247,5,false,61.29133333333333,false,false,11.321428571428573,false,1.358189e6,1.3245481666666663e6,false,0
218.529,use_lmSR3_cuts,0.022710477716362476,5,false,72.76733333333334,false,false,11.321428571428573,false,1.358189e6,1.3273438789808913e6,false,0
405.575,use_lmSR3_cuts,0.020174345921402215,5,false,81.0324,false,false,11.321428571428573,false,1.358189e6,1.3307884252873566e6,false,0
488.692,use_adaptive_ngroute,0.018270837959875275,0,false,122.09750000000001,false,false,11.321428571428573,false,1.358189e6,1.333373748862115e6,false,1
405.738,use_lmSR3_cuts,0.018247436763151326,5,false,101.37749999999998,false,false,11.392857142857144,false,1.358189e6,1.3334055321100922e6,false,0
647.96,use_adaptive_ngroute,0.017499165032841435,0,false,129.5244,false,false,11.392857142857144,false,1.358189e6,1.33442182654321e6,false,2
382.261,use_lmSR3_cuts,0.017366879683531233,5,false,127.34733333333332,false,false,11.464285714285715,false,1.358189e6,1.3346014950495043e6,false,0
248.537,none,0.01688557647378397,0,false,132.78300000000002,false,false,11.464285714285715,true,1.358189e6,1.3352551957746479e6,false,0
