CG_time_taken,method,CG_LP_IP_gap,implemented_SR3_cuts_count,errored,CG_sp_time_taken_mean,converged,CGIP_artificial,ngroute_neighborhood_size,time_limit_reached,CGIP_objective,CGLP_objective,CGLP_artificial,cycles_lookup_length
39.591,use_adaptive_ngroute,0.06526095186945069,0,false,2.081222222222222,false,false,8.357142857142856,false,1.511888e6,1.41322075e6,false,7
18.561,use_lmSR3_cuts,0.018485770486719955,1,false,3.0548333333333333,false,false,9.107142857142858,false,1.444814e6,1.4181055000000002e6,false,0
31.707,use_adaptive_ngroute,0.01490495133141101,0,false,6.3106,false,false,9.107142857142858,false,1.444814e6,1.4232791176470588e6,false,5
19.109,use_lmSR3_cuts,0.014837411597617312,5,false,6.338,false,false,9.75,false,1.444814e6,1.4233767000000002e6,false,0
44.393,use_lmSR3_cuts,0.010809003788723293,5,false,6.2810000000000015,false,false,9.75,false,1.444814e6,1.4291969999999995e6,false,0
38.631,use_lmSR3_cuts,0.007160783325742992,5,false,7.678,false,false,9.75,false,1.444814e6,1.434468e6,false,0
36.078,use_adaptive_ngroute,0.005157727238066068,0,false,8.955,false,false,9.75,false,1.444814e6,1.4373620434782607e6,false,3
38.602,use_adaptive_ngroute,0.004727229762402252,0,false,9.55125,false,false,10.214285714285715,false,1.444814e6,1.4379840322580645e6,false,4
17.186,use_lmSR3_cuts,0.004704306454731855,5,false,8.559000000000001,false,false,10.642857142857142,false,1.444814e6,1.438017152173913e6,false,0
25.481,use_adaptive_ngroute,0.003312306405299781,0,false,12.6755,false,false,10.642857142857142,false,1.444814e6,1.4400283333333333e6,false,5
69.159,use_lmSR3_cuts,0.002895994856807693,5,false,13.777599999999998,false,false,11.285714285714286,false,1.444814e6,1.4406298260869563e6,false,0
27.461,use_lmSR3_cuts,0.002430637903654831,5,false,13.5745,false,false,11.285714285714286,false,1.444814e6,1.4413021803278688e6,false,0
43.722,use_adaptive_ngroute,0.0002031449085692083,0,false,14.500666666666667,false,false,11.285714285714286,false,1.444814e6,1.4445204933920705e6,false,2
31.97,use_lmSR3_cuts,0.00020306510343071071,5,false,15.930000000000001,false,false,11.357142857142858,false,1.444814e6,1.4445206086956519e6,false,0
99.824,none,0.0,0,false,19.8742,true,false,11.357142857142858,false,1.444814e6,1.444814e6,false,0
