CG_time_taken,method,CG_LP_IP_gap,implemented_SR3_cuts_count,errored,CG_sp_time_taken_mean,converged,CGIP_artificial,ngroute_neighborhood_size,time_limit_reached,CGIP_objective,CGLP_objective,CGLP_artificial,cycles_lookup_length
9.56,use_adaptive_ngroute,0.9999786764831378,0,false,0.2682999999999999,false,true,6.0,false,6.0e10,1.279411011734814e6,false,25
14.941,use_adaptive_ngroute,0.08908962020144884,0,false,0.9504285714285715,false,false,7.5,false,1.549933e6,1.4118500576923077e6,false,14
8.189,use_adaptive_ngroute,0.08186740975255058,0,false,1.5695999999999999,false,false,8.75,false,1.549933e6,1.423044e6,false,3
8.334,use_adaptive_ngroute,0.07615990497653768,0,false,2.0067500000000003,false,false,8.84375,false,1.549933e6,1.43189025e6,false,1
3.353,use_SR3_cuts,0.07505077101182245,5,false,1.65,false,false,8.875,false,1.549933e6,1.433609333333333e6,false,0
11.066,use_adaptive_ngroute,0.012291832513291467,0,false,3.652333333333333,false,false,8.875,false,1.459682e6,1.4417398333333337e6,false,4
15.678,use_adaptive_ngroute,0.011543743857874822,0,false,3.8477499999999996,false,false,9.46875,false,1.459682e6,1.4428318048780495e6,false,1
12.17,use_SR3_cuts,0.011527853326957493,5,false,4.030333333333333,false,false,9.5,false,1.459682e6,1.442855e6,false,0
30.761,use_SR3_cuts,0.0048955786055049355,2,false,7.6445,false,false,9.5,false,1.457029e6,1.4498959999999998e6,false,0
14.961,use_adaptive_ngroute,0.002051098315563049,0,false,7.4445,false,false,9.5,false,1.457029e6,1.4540404902723734e6,false,7
17.515,use_adaptive_ngroute,0.0019208023586929635,0,false,8.7205,false,false,9.78125,false,1.457029e6,1.454230335260116e6,false,3
8.954,use_SR3_cuts,0.0018437914599630512,5,false,8.929,false,false,10.0,false,1.457029e6,1.4543425423728814e6,false,0
17.649,none,-2.220446049250313e-16,0,false,8.784999999999998,true,false,10.0,false,1.457029e6,1.4570290000000005e6,false,0
