CG_time_taken,method,CG_LP_IP_gap,implemented_SR3_cuts_count,errored,CG_sp_time_taken_mean,converged,CGIP_artificial,ngroute_neighborhood_size,time_limit_reached,CGIP_objective,CGLP_objective,CGLP_artificial,cycles_lookup_length
62.943,use_adaptive_ngroute,0.04330210278794311,0,false,2.495782608695653,false,false,8.357142857142856,false,1.227751e6,1.1745868e6,false,6
39.879,use_adaptive_ngroute,0.04212574047995088,0,false,5.582285714285714,false,false,9.25,false,1.227751e6,1.1760310799999998e6,false,4
27.18,use_lmSR3_cuts,0.041860912984618026,5,false,4.429166666666666,false,false,9.892857142857142,false,1.227751e6,1.1763562222222222e6,false,0
79.424,use_adaptive_ngroute,0.03614905764008092,0,false,13.097166666666666,false,false,9.892857142857142,false,1.227751e6,1.183368958333333e6,false,8
28.323,use_lmSR3_cuts,0.03543563762919677,5,false,14.121500000000001,false,false,11.321428571428573,false,1.227751e6,1.184244860465116e6,false,0
80.274,use_adaptive_ngroute,0.029924634555378082,0,false,15.948000000000002,false,false,11.321428571428573,false,1.227751e6,1.191011e6,false,8
132.98,use_lmSR3_cuts,0.028934374760981596,5,false,22.124666666666666,false,false,12.285714285714285,false,1.227751e6,1.1922267924528301e6,false,0
180.12,use_adaptive_ngroute,0.02630087155157257,0,false,29.845999999999997,false,false,12.285714285714285,false,1.227751e6,1.1954600786516853e6,false,1
76.15,use_lmSR3_cuts,0.026269363971572646,5,false,25.336666666666666,false,false,12.321428571428571,false,1.227751e6,1.1954987621145376e6,false,0
69.175,use_lmSR3_cuts,0.024995092653151807,5,false,34.5185,false,false,12.321428571428571,false,1.227751e6,1.1970632500000002e6,false,0
104.689,use_adaptive_ngroute,0.019673775113331127,0,false,26.038500000000003,false,false,12.321428571428571,false,1.227751e6,1.2035965029308326e6,false,1
65.152,use_lmSR3_cuts,0.019641926710945445,5,false,32.525000000000006,false,false,12.392857142857142,false,1.227751e6,1.20363560483871e6,false,0
387.48,use_lmSR3_cuts,0.017955866729763015,5,false,64.39683333333333,false,false,12.392857142857142,false,1.227751e6,1.2057056666666667e6,false,0
336.676,use_lmSR3_cuts,0.01571613462338861,1,false,55.976166666666664,false,false,12.392857142857142,false,1.227751e6,1.2084555e6,false,0
116.541,use_lmSR3_cuts,0.01571613462338972,1,false,58.185,false,false,12.392857142857142,false,1.227751e6,1.2084554999999986e6,false,0
131.072,use_adaptive_ngroute,0.015033983999107603,0,false,65.4255,false,false,12.392857142857142,false,1.227751e6,1.2092930111111116e6,false,2
139.19,use_adaptive_ngroute,0.014827775533732823,0,false,69.51250000000002,false,false,12.500000000000002,false,1.227751e6,1.209546183760684e6,false,3
126.405,use_lmSR3_cuts,0.01478351266972533,5,false,63.1575,false,false,12.821428571428571,false,1.227751e6,1.209600527536232e6,false,0
358.952,use_lmSR3_cuts,0.013421369064884114,5,false,89.61625,false,false,12.821428571428571,false,1.227751e6,1.2112729007092195e6,false,0
461.485,use_adaptive_ngroute,0.012134803008856276,0,false,92.1584,false,false,12.821428571428571,false,1.227751e6,1.2128524834710737e6,false,4
300.01,use_adaptive_ngroute,0.012110385950846791,0,false,99.92033333333335,false,false,12.964285714285714,false,1.227751e6,1.212882461538462e6,false,1
103.687,use_lmSR3_cuts,0.012110385950846903,5,false,103.589,false,false,13.142857142857144,false,1.227751e6,1.2128824615384617e6,false,0
156.377,none,0.0107786513714907,0,false,109.015,false,false,13.142857142857144,true,1.227751e6,1.214517500000001e6,false,0
