CG_time_taken,method,CG_LP_IP_gap,implemented_SR3_cuts_count,errored,CG_sp_time_taken_mean,converged,CGIP_artificial,ngroute_neighborhood_size,time_limit_reached,CGIP_objective,CGLP_objective,CGLP_artificial,cycles_lookup_length
77.824,use_lmSR3_cuts,0.09212687471391257,5,false,2.7923461538461543,false,false,8.357142857142856,false,1.299865e6,1.1801125e6,false,0
37.677,use_adaptive_ngroute,0.052028554876567545,0,false,7.425400000000001,false,false,8.357142857142856,false,1.24859e6,1.1836276666666665e6,false,5
35.246,use_lmSR3_cuts,0.05166788137018552,5,false,7.001799999999999,false,false,8.785714285714286,false,1.24859e6,1.184078e6,false,0
50.104,use_adaptive_ngroute,0.04866604529909735,0,false,7.077714285714286,false,false,8.785714285714286,false,1.24859e6,1.1878260625e6,false,8
48.591,use_lmSR3_cuts,0.04847152588119419,5,false,12.08225,false,false,9.964285714285714,false,1.24859e6,1.1880689374999998e6,false,0
95.47,use_lmSR3_cuts,0.04719164393906916,5,false,13.552857142857144,false,false,9.964285714285714,false,1.24859e6,1.1896669852941176e6,false,0
38.308,use_adaptive_ngroute,0.045628009915652634,0,false,12.659666666666668,false,false,9.964285714285714,false,1.24859e6,1.1916193230994153e6,false,6
66.96,use_lmSR3_cuts,0.045602934476286494,5,false,16.683500000000002,false,false,10.75,false,1.24859e6,1.1916506320422534e6,false,0
59.157,use_lmSR3_cuts,0.04442827759712953,5,false,19.642333333333333,false,false,10.75,false,1.24859e6,1.193117296875e6,false,0
64.184,use_adaptive_ngroute,0.043012012286701706,0,false,21.306666666666665,false,false,10.75,false,1.24859e6,1.1948856315789472e6,false,1
106.172,use_lmSR3_cuts,0.0428610841450211,5,false,21.167199999999998,false,false,10.785714285714286,false,1.24859e6,1.195074078947368e6,false,0
44.77,use_lmSR3_cuts,0.04260267223940706,5,false,22.320500000000003,false,false,10.785714285714286,false,1.24859e6,1.1953967294685987e6,false,0
76.617,use_lmSR3_cuts,0.04181276647656329,5,false,25.433,false,false,10.785714285714286,false,1.24859e6,1.1963829979050278e6,false,0
120.009,use_lmSR3_cuts,0.03460095830797161,5,false,29.892999999999997,false,false,10.785714285714286,false,1.240848e6,1.19791347008547e6,false,0
201.829,use_lmSR3_cuts,0.033383040188391555,5,false,40.2776,false,false,10.785714285714286,false,1.240848e6,1.1994247213483148e6,false,0
318.877,use_lmSR3_cuts,0.03276082434583061,5,false,39.782624999999996,false,false,10.785714285714286,false,1.240848e6,1.2001967966321248e6,false,0
265.104,none,0.0323147960104706,0,false,33.02825,false,false,10.785714285714286,false,1.240848e6,1.2007502499999995e6,false,0
