CG_time_taken,method,CG_LP_IP_gap,implemented_SR3_cuts_count,errored,CG_sp_time_taken_mean,converged,CGIP_artificial,ngroute_neighborhood_size,time_limit_reached,CGIP_objective,CGLP_objective,CGLP_artificial,cycles_lookup_length
98.874,use_adaptive_ngroute,0.18885704908025835,0,false,5.2298888888888895,false,false,8.357142857142856,false,1.45495e6,1.180172436440678e6,false,12
51.418,use_lmSR3_cuts,0.18723117632908326,5,false,12.732750000000001,false,false,10.25,false,1.45495e6,1.1825380000000002e6,false,0
127.032,use_adaptive_ngroute,0.13578548025521642,0,false,21.026666666666667,false,false,10.25,false,1.380162e6,1.19275604e6,false,7
97.008,use_adaptive_ngroute,0.1353744955398528,0,false,24.180500000000002,false,false,10.892857142857142,false,1.380162e6,1.1933232654867256e6,false,3
29.793,use_lmSR3_cuts,0.1353744955398528,5,false,29.747999999999998,false,false,11.964285714285715,false,1.380162e6,1.1933232654867256e6,false,0
217.428,use_adaptive_ngroute,0.12911238383961565,0,false,36.138999999999996,false,false,11.964285714285715,false,1.375703e6,1.1980827062146892e6,false,6
91.824,use_lmSR3_cuts,0.12817504144403535,5,false,30.562000000000005,false,false,12.285714285714285,false,1.374261e6,1.1981150393700786e6,false,0
195.497,use_lmSR3_cuts,0.09648431306093896,5,false,48.803749999999994,false,false,12.285714285714285,false,1.330693e6,1.202302e6,false,0
371.177,use_adaptive_ngroute,0.09371658001205985,0,false,74.13459999999999,false,false,12.285714285714285,false,1.330693e6,1.205985002994012e6,false,3
270.723,use_lmSR3_cuts,0.09354776325538916,5,false,90.15333333333332,false,false,12.678571428571429,false,1.330693e6,1.2062096462703964e6,false,0
864.104,use_lmSR3_cuts,0.08904295514743477,5,false,172.6858,false,false,12.678571428571429,false,1.330693e6,1.2122041628859947e6,false,0
1159.899,none,0.08626132508205264,0,false,188.02383333333333,false,false,12.678571428571429,true,1.330693e6,1.2159056585425881e6,false,0
