CG_time_taken,method,CG_LP_IP_gap,implemented_SR3_cuts_count,errored,CG_sp_time_taken_mean,converged,CGIP_artificial,ngroute_neighborhood_size,time_limit_reached,CGIP_objective,CGLP_objective,CGLP_artificial,cycles_lookup_length
45.473,use_adaptive_ngroute,0.038941178236419294,0,false,2.0358095238095237,false,false,8.357142857142856,false,1.334781e6,1.282803055172414e6,false,10
26.395,use_adaptive_ngroute,0.03542336408244717,0,false,3.245,false,false,9.035714285714286,false,1.334781e6,1.2874985666666671e6,false,8
7.606,use_lmSR3_cuts,0.035149378229254125,5,false,3.76,false,false,10.214285714285715,false,1.334781e6,1.287864277777778e6,false,0
47.944,use_adaptive_ngroute,0.0019841348054232544,0,false,9.498,false,false,10.214285714285715,false,1.303736e6,1.3011492120253167e6,false,7
59.085,none,0.0,0,false,9.797333333333333,true,false,10.5,false,1.303736e6,1.303736e6,false,0
