CG_time_taken,method,CG_LP_IP_gap,implemented_SR3_cuts_count,errored,CG_sp_time_taken_mean,converged,CGIP_artificial,ngroute_neighborhood_size,time_limit_reached,CGIP_objective,CGLP_objective,CGLP_artificial,cycles_lookup_length
146.821,use_adaptive_ngroute,0.010098408833913108,0,false,4.565466666666667,false,false,8.357142857142856,false,1.201823e6,1.1896865e6,false,4
25.666,use_adaptive_ngroute,0.009615379195578533,0,false,6.343,false,false,8.714285714285715,false,1.201823e6,1.1902670161290322e6,false,7
56.933,use_adaptive_ngroute,0.009488086015994046,0,false,7.020125,false,false,9.678571428571429,false,1.201823e6,1.19042e6,false,4
59.136,use_adaptive_ngroute,0.00860998890211595,0,false,8.295571428571428,false,false,10.0,false,1.201823e6,1.1914753173076923e6,false,5
29.562,use_lmSR3_cuts,0.008436821426895391,5,false,9.774666666666667,false,false,10.178571428571429,false,1.201823e6,1.1916834339622643e6,false,0
133.307,none,0.006669035290554404,0,false,13.223,false,false,10.178571428571429,false,1.201823e6,1.193808e6,false,0
