CG_time_taken,method,CG_LP_IP_gap,implemented_SR3_cuts_count,errored,CG_sp_time_taken_mean,converged,CGIP_artificial,ngroute_neighborhood_size,time_limit_reached,CGIP_objective,CGLP_objective,CGLP_artificial,cycles_lookup_length
97.551,use_adaptive_ngroute,0.04547914545673892,0,false,3.474333333333333,false,false,8.357142857142856,false,1.341151e6,1.280156598591549e6,false,7
36.666,use_lmSR3_cuts,0.04451884985359589,1,false,5.208000000000001,false,false,9.785714285714285,false,1.341151e6,1.2814445e6,false,0
58.481,use_lmSR3_cuts,0.040686445200179944,5,false,9.6885,false,false,9.785714285714285,false,1.341151e6,1.2865843333333335e6,false,0
75.499,use_adaptive_ngroute,0.037919606392409766,0,false,12.513666666666667,false,false,9.785714285714285,false,1.341151e6,1.2902950819672132e6,false,5
82.289,use_adaptive_ngroute,0.036941154774269847,0,false,11.705428571428572,false,false,10.035714285714285,false,1.341151e6,1.2916073333333333e6,false,3
28.703,use_lmSR3_cuts,0.0364923561925542,5,false,14.324499999999999,false,false,10.464285714285714,false,1.341151e6,1.2922092399999998e6,false,0
129.937,use_lmSR3_cuts,0.030580155956765998,5,false,18.499142857142857,false,false,10.464285714285714,false,1.341151e6,1.3001383932584273e6,false,0
162.344,use_adaptive_ngroute,0.025825613806029546,0,false,26.935166666666664,false,false,10.464285714285714,false,1.341151e6,1.3065149522184297e6,false,7
131.071,use_lmSR3_cuts,0.02475327671394323,5,false,32.70825,false,false,11.464285714285715,false,1.341151e6,1.3079531181818184e6,false,0
130.227,use_adaptive_ngroute,0.0229546979717401,0,false,32.490750000000006,false,false,11.464285714285715,false,1.341151e6,1.3103652838605028e6,false,3
72.59,use_lmSR3_cuts,0.022821952813784185,5,false,36.2535,false,false,11.571428571428571,false,1.341151e6,1.3105433151618405e6,false,0
138.122,use_adaptive_ngroute,0.02176652113653532,0,false,45.95633333333333,false,false,11.571428571428571,false,1.341151e6,1.3119588084112145e6,false,2
90.376,use_lmSR3_cuts,0.021738470484361394,5,false,45.140499999999996,false,false,11.642857142857142,false,1.341151e6,1.3119964285714282e6,false,0
173.968,use_lmSR3_cuts,0.020193633634892016,5,false,43.39725,false,false,11.642857142857142,false,1.341151e6,1.314068288056931e6,false,0
397.645,use_lmSR3_cuts,0.019305763677836985,5,false,66.20516666666667,false,false,11.642857142857142,false,1.341151e6,1.3152590557377052e6,false,0
317.7,use_lmSR3_cuts,0.01861306235052218,5,false,79.35799999999999,false,false,11.642857142857142,false,1.341151e6,1.316188072815535e6,false,0
273.152,use_adaptive_ngroute,0.017958576110645552,0,false,90.98433333333335,false,false,11.642857142857142,false,1.341151e6,1.3170658376906316e6,false,1
246.942,use_lmSR3_cuts,0.017957527599474,5,false,82.241,false,false,11.714285714285714,false,1.341151e6,1.3170672439024379e6,false,0
159.546,use_lmSR3_cuts,0.017718585056523684,5,false,79.71749999999999,false,false,11.714285714285714,false,1.341151e6,1.3173877019328582e6,false,0
192.941,use_lmSR3_cuts,0.0174018243925268,5,false,96.31099999999999,false,false,11.714285714285714,false,1.341151e6,1.3178125258141384e6,false,0
512.691,use_adaptive_ngroute,0.01692698196047293,0,false,128.03225,false,false,11.714285714285714,false,1.341151e6,1.3184493612167297e6,false,1
66.321,none,0.01692692242362126,0,false,NaN,false,false,11.75,true,1.341151e6,1.3184494410646379e6,false,0
