CG_time_taken,method,CG_LP_IP_gap,implemented_SR3_cuts_count,errored,CG_sp_time_taken_mean,converged,CGIP_artificial,ngroute_neighborhood_size,time_limit_reached,CGIP_objective,CGLP_objective,CGLP_artificial,cycles_lookup_length
47.462,use_adaptive_ngroute,0.01537967168267329,0,false,2.091809523809524,false,false,8.357142857142856,false,1.357853e6,1.336969666666667e6,false,1
19.133,use_adaptive_ngroute,0.014290894031484536,0,false,3.7403999999999997,false,false,8.571428571428571,false,1.357853e6,1.3384480666666667e6,false,5
9.548,use_adaptive_ngroute,0.01162611531259683,0,false,3.104,false,false,9.0,false,1.357853e6,1.3420664444444445e6,false,3
14.115,use_adaptive_ngroute,0.011205699867230412,0,false,3.4849999999999994,false,false,9.178571428571429,false,1.357853e6,1.3426373068181816e6,false,1
14.26,use_adaptive_ngroute,0.010062944957959341,0,false,4.720666666666666,false,false,9.714285714285715,false,1.357853e6,1.344189e6,false,2
15.307,use_lmSR3_cuts,0.009991975076339865,5,false,5.058666666666666,false,false,10.0,false,1.357853e6,1.3442853666666667e6,false,0
68.215,use_lmSR3_cuts,0.003103428721665802,5,false,9.575714285714287,false,false,10.0,false,1.357853e6,1.353639e6,false,0
51.547,none,0.0,0,false,10.222999999999999,true,false,10.0,false,1.357853e6,1.357853e6,false,0
