CG_time_taken,method,CG_LP_IP_gap,implemented_SR3_cuts_count,errored,CG_sp_time_taken_mean,converged,CGIP_artificial,ngroute_neighborhood_size,time_limit_reached,CGIP_objective,CGLP_objective,CGLP_artificial,cycles_lookup_length
49.682,use_adaptive_ngroute,0.0861011604501436,0,false,2.445421052631579,false,false,8.357142857142856,false,1.436253e6,1.31258995e6,false,10
33.888,use_adaptive_ngroute,0.046216353281254285,0,false,4.137,false,false,9.75,false,1.383473e6,1.3195339230769232e6,false,4
14.805,use_lmSR3_cuts,0.04586476690666641,5,false,2.8886000000000003,false,false,9.928571428571427,false,1.383473e6,1.3200203333333335e6,false,0
29.545,use_lmSR3_cuts,0.03669452389919825,5,false,5.8072,false,false,9.928571428571427,false,1.375346e6,1.3248783333333333e6,false,0
18.749,use_adaptive_ngroute,0.035124913360644605,0,false,6.174666666666666,false,false,9.928571428571427,false,1.375346e6,1.3270370909090908e6,false,2
44.009,use_lmSR3_cuts,0.03496320198699088,2,false,7.2685,false,false,10.214285714285715,false,1.375346e6,1.3272595e6,false,0
24.557,use_lmSR3_cuts,0.034729946632933384,5,false,8.130666666666665,false,false,10.214285714285715,false,1.375346e6,1.3275803068181816e6,false,0
43.4,use_adaptive_ngroute,0.032222639193132174,0,false,10.753,false,false,10.214285714285715,false,1.374996e6,1.33069e6,false,1
29.375,use_lmSR3_cuts,0.03209657822034895,5,false,14.635,false,false,10.357142857142858,false,1.374996e6,1.330863333333333e6,false,0
58.191,use_adaptive_ngroute,0.022325834282255763,0,false,14.421000000000001,false,false,10.357142857142858,false,1.364706e6,1.3342377999999998e6,false,3
84.415,use_adaptive_ngroute,0.022121980851553036,0,false,21.01325,false,false,10.607142857142856,false,1.364706e6,1.3345160000000005e6,false,2
68.714,use_lmSR3_cuts,0.022112257709156036,5,false,22.841000000000005,false,false,10.964285714285714,false,1.364706e6,1.3345292692307686e6,false,0
119.806,use_lmSR3_cuts,0.01878763631141056,2,false,23.869000000000007,false,false,10.964285714285714,false,1.364706e6,1.3390664000000001e6,false,0
115.487,none,0.018778403553586065,0,false,22.9148,false,false,10.964285714285714,false,1.364706e6,1.3390789999999998e6,false,0
