CG_time_taken,method,CG_LP_IP_gap,implemented_SR3_cuts_count,errored,CG_sp_time_taken_mean,converged,CGIP_artificial,ngroute_neighborhood_size,time_limit_reached,CGIP_objective,CGLP_objective,CGLP_artificial,cycles_lookup_length
43.408,use_adaptive_ngroute,0.030500264890638062,0,false,1.6826190476190475,false,false,8.357142857142856,false,1.202383e6,1.16571e6,false,5
8.931,use_lmSR3_cuts,0.02349667285715118,1,false,0.96425,false,false,8.821428571428571,false,1.202383e6,1.174131e6,false,0
8.793,use_lmSR3_cuts,0.021454686235583886,1,false,1.6804,false,false,8.821428571428571,false,1.202383e6,1.17658625e6,false,0
11.337,use_lmSR3_cuts,0.017085737240130516,2,false,2.7262500000000003,false,false,8.821428571428571,false,1.202383e6,1.1818394000000001e6,false,0
8.017,use_lmSR3_cuts,0.016717946777357606,1,false,2.562666666666667,false,false,8.821428571428571,false,1.202383e6,1.1822816250000005e6,false,0
5.767,use_lmSR3_cuts,0.016104962672736756,10,false,1.8643333333333334,false,false,8.821428571428571,false,1.202383e6,1.1830186666666667e6,false,0
9.66,use_lmSR3_cuts,0.015919636255668945,1,false,2.3427499999999997,false,false,8.821428571428571,false,1.202383e6,1.1832415e6,false,0
7.645,use_lmSR3_cuts,0.015919636255668945,1,false,2.437666666666667,false,false,8.821428571428571,false,1.202383e6,1.1832415e6,false,0
12.423,use_lmSR3_cuts,0.012272942795912622,1,false,2.89975,false,false,8.821428571428571,false,1.202383e6,1.1876262222222222e6,false,0
12.664,use_lmSR3_cuts,0.012176527778588353,1,false,3.108,false,false,8.821428571428571,false,1.202383e6,1.1877421499999976e6,false,0
7.803,use_lmSR3_cuts,0.012092989306988433,4,false,2.5460000000000003,false,false,8.821428571428571,false,1.202383e6,1.1878425952380954e6,false,0
13.713,use_lmSR3_cuts,0.012176527778586466,10,false,3.3825,false,false,8.821428571428571,false,1.202383e6,1.18774215e6,false,0
17.993,use_lmSR3_cuts,0.0040086136354963164,2,false,2.852333333333334,false,false,8.821428571428571,false,1.202383e6,1.197563111111111e6,false,0
19.439,use_lmSR3_cuts,0.0034377565218404182,10,false,3.7939999999999996,false,false,8.821428571428571,false,1.202383e6,1.1982495e6,false,0
16.476,use_lmSR3_cuts,0.0032155588804341217,1,false,3.981,false,false,8.821428571428571,false,1.202383e6,1.198516666666667e6,false,0
14.339,use_lmSR3_cuts,0.002900455456650075,10,false,4.6866666666666665,false,false,8.821428571428571,false,1.202383e6,1.1988955416666667e6,false,0
12.234,use_lmSR3_cuts,0.0031335689210509887,10,false,3.711333333333333,false,false,8.821428571428571,false,1.202383e6,1.19861525e6,false,0
30.029,none,0.0,0,false,4.090428571428572,true,false,8.821428571428571,false,1.202383e6,1.202383e6,false,0
