CG_time_taken,method,CG_LP_IP_gap,implemented_SR3_cuts_count,errored,CG_sp_time_taken_mean,converged,CGIP_artificial,ngroute_neighborhood_size,time_limit_reached,CGIP_objective,CGLP_objective,CGLP_artificial,cycles_lookup_length
74.297,use_adaptive_ngroute,0.03361149475981007,0,false,3.43965,false,false,8.357142857142856,false,1.206254e6,1.16571e6,false,5
16.265,use_lmSR3_cuts,0.026630378013254297,1,false,2.5911666666666666,false,false,8.821428571428571,false,1.206254e6,1.174131e6,false,0
23.79,use_lmSR3_cuts,0.021454686235583886,5,false,3.8596666666666666,false,false,8.821428571428571,false,1.202383e6,1.17658625e6,false,0
15.721,use_lmSR3_cuts,0.021454686235583886,3,false,3.85925,false,false,8.821428571428571,false,1.202383e6,1.17658625e6,false,0
16.472,use_lmSR3_cuts,0.017414376284428545,5,false,3.1637999999999997,false,false,8.821428571428571,false,1.202383e6,1.18144425e6,false,0
26.055,use_adaptive_ngroute,0.016305328668153152,0,false,5.046800000000001,false,false,8.821428571428571,false,1.202383e6,1.18277775e6,false,2
43.197,use_lmSR3_cuts,0.015919636255668945,1,false,6.069142857142857,false,false,8.928571428571429,false,1.202383e6,1.1832415e6,false,0
37.086,use_lmSR3_cuts,0.015919636255668945,1,false,5.205285714285715,false,false,8.928571428571429,false,1.202383e6,1.1832415e6,false,0
27.056,use_adaptive_ngroute,0.014263088926052325,0,false,5.3428,false,false,8.928571428571429,false,1.202383e6,1.1852333043478264e6,false,7
44.453,use_lmSR3_cuts,0.014263088926052325,5,false,8.797,false,false,10.035714285714285,false,1.202383e6,1.1852333043478264e6,false,0
29.85,use_lmSR3_cuts,0.012347978971758433,2,false,7.3415,false,false,10.035714285714285,false,1.202383e6,1.1875360000000002e6,false,0
41.97,use_lmSR3_cuts,0.008571589363233878,2,false,10.290999999999999,false,false,10.035714285714285,false,1.202383e6,1.1920766666666667e6,false,0
74.371,use_adaptive_ngroute,0.007758966984729443,0,false,9.178875,false,false,10.035714285714285,false,1.202383e6,1.19305375e6,false,2
41.906,use_lmSR3_cuts,0.006532028480109919,5,false,10.37775,false,false,10.107142857142858,false,1.202383e6,1.194529e6,false,0
26.931,use_lmSR3_cuts,0.006419017606751565,5,false,8.919333333333332,false,false,10.107142857142858,false,1.202383e6,1.1946648823529412e6,false,0
53.865,use_lmSR3_cuts,0.005346812676715107,5,false,10.658800000000001,false,false,10.107142857142858,false,1.202383e6,1.1959540833333333e6,false,0
50.306,use_adaptive_ngroute,0.0033901549721528923,0,false,16.552,false,false,10.107142857142858,false,1.202383e6,1.1983067352941178e6,false,1
21.223,use_adaptive_ngroute,0.0032381136710922798,0,false,6.973333333333334,false,false,10.142857142857144,false,1.202383e6,1.198489547169811e6,false,1
28.82,use_adaptive_ngroute,0.0032063765729610783,0,false,14.3275,false,false,10.178571428571429,false,1.202383e6,1.1985277073170734e6,false,4
15.447,use_lmSR3_cuts,0.0032063765729610783,5,false,15.368,false,false,10.857142857142858,false,1.202383e6,1.1985277073170734e6,false,0
68.492,none,0.0,0,false,22.644000000000002,true,false,10.857142857142858,false,1.202383e6,1.202383e6,false,0
