CG_time_taken,method,CG_LP_IP_gap,implemented_SR3_cuts_count,errored,CG_sp_time_taken_mean,converged,CGIP_artificial,ngroute_neighborhood_size,time_limit_reached,CGIP_objective,CGLP_objective,CGLP_artificial,cycles_lookup_length
7.738,use_adaptive_ngroute,0.2385096149364423,0,false,0.18852173913043477,false,false,6.0,false,1.752128e6,1.3342286254006412e6,false,30
8.796,use_adaptive_ngroute,0.149926572930135,0,false,0.6538333333333334,false,false,7.90625,false,1.678404e6,1.4267666402877697e6,false,7
6.341,use_SR3_cuts,0.12734268841923546,5,false,0.8545714285714285,false,false,8.5,false,1.638182e6,1.4295715e6,false,0
11.227,use_SR3_cuts,0.11823258954133298,2,false,1.8156666666666665,false,false,8.5,false,1.638182e6,1.4444955e6,false,0
12.229,use_adaptive_ngroute,0.014824311714382143,0,false,2.9750000000000005,false,false,8.5,false,1.487815e6,1.4657591666666665e6,false,6
14.613,use_adaptive_ngroute,0.010161286117905455,0,false,3.613,false,false,8.875,false,1.483244e6,1.4681723333333335e6,false,7
16.448,use_adaptive_ngroute,0.009018221022449424,0,false,4.05225,false,false,9.09375,false,1.483244e6,1.469867777777778e6,false,1
4.239,use_SR3_cuts,0.008408805526823104,5,false,4.2170000000000005,false,false,9.125,false,1.483244e6,1.4707716896551729e6,false,0
19.368,use_adaptive_ngroute,0.0011078645552349276,0,false,4.75775,false,false,9.125,false,1.476979e6,1.4753427073170736e6,false,5
9.923,use_SR3_cuts,0.00048223434456440284,5,false,4.921,false,false,9.3125,false,1.476979e6,1.4762667499999995e6,false,0
11.583,none,0.00048104949359450977,0,false,5.753500000000001,false,false,9.3125,false,1.476979e6,1.4762685000000002e6,false,0
