CG_time_taken,method,CG_LP_IP_gap,implemented_SR3_cuts_count,errored,CG_sp_time_taken_mean,converged,CGIP_artificial,ngroute_neighborhood_size,time_limit_reached,CGIP_objective,CGLP_objective,CGLP_artificial,cycles_lookup_length
400.811,use_adaptive_ngroute,0.1460132389889306,0,false,12.585806451612903,false,false,8.0625,false,1.400322e6,1.1958564491525427e6,false,12
133.405,use_adaptive_ngroute,0.137588354678424,0,false,16.43325,false,false,9.9375,false,1.400322e6,1.207654e6,false,1
68.016,use_adaptive_ngroute,0.08296888595098251,0,false,22.46166666666667,false,false,9.96875,false,1.318947e6,1.2095154367816094e6,false,7
137.085,use_adaptive_ngroute,0.07617277267395872,0,false,22.694833333333335,false,false,11.125,false,1.318947e6,1.2184791500000001e6,false,6
71.215,use_SR3_cuts,0.07474485328068525,2,false,23.64866666666667,false,false,11.78125,false,1.318947e6,1.2203625e6,false,0
485.251,use_adaptive_ngroute,0.07216751317528303,0,false,69.20485714285715,false,false,11.78125,false,1.318947e6,1.223761875e6,false,4
301.715,use_SR3_cuts,0.07157789088147204,5,false,60.2624,false,false,11.90625,false,1.318947e6,1.224539555555555e6,false,0
606.791,use_adaptive_ngroute,0.06954892639816979,0,false,121.18140000000002,false,false,11.90625,false,1.318947e6,1.227215652173913e6,false,3
360.97,use_SR3_cuts,0.06922382442627029,5,false,72.0818,false,false,12.15625,false,1.318947e6,1.227644444444444e6,false,0
558.21,use_adaptive_ngroute,0.06368392937171885,0,false,185.93266666666665,false,false,12.15625,false,1.312024e6,1.22846915625e6,false,5
453.551,none,0.06329114406443803,0,false,213.89149999999998,false,false,12.4375,true,1.312024e6,1.2289844999999998e6,false,0
