CG_time_taken,method,CG_LP_IP_gap,implemented_SR3_cuts_count,errored,CG_sp_time_taken_mean,converged,CGIP_artificial,ngroute_neighborhood_size,time_limit_reached,CGIP_objective,CGLP_objective,CGLP_artificial,cycles_lookup_length
106.526,use_adaptive_ngroute,0.19864507307371293,0,false,4.25382608695652,false,false,8.0625,false,1.576764e6,1.2635476e6,false,10
27.014,use_adaptive_ngroute,0.19168309271393813,0,false,3.689285714285714,false,false,8.90625,false,1.576764e6,1.274525e6,false,12
28.984,use_SR3_cuts,0.18967178981762645,5,false,7.158,false,false,10.125,false,1.576764e6,1.27769635e6,false,0
414.097,use_adaptive_ngroute,0.06039205345841059,0,false,45.322222222222216,false,false,10.125,false,1.390732e6,1.3067428387096778e6,false,2
306.915,use_adaptive_ngroute,0.05656583680740668,0,false,43.71114285714285,false,false,10.28125,false,1.390732e6,1.3120640806451617e6,false,11
173.62,use_SR3_cuts,0.05624520890797047,5,false,57.783,false,false,11.0625,false,1.390732e6,1.3125099881250004e6,false,0
275.439,use_SR3_cuts,0.05624520890796947,5,false,55.01700000000001,false,false,11.0625,false,1.390732e6,1.3125099881250018e6,false,0
437.313,use_adaptive_ngroute,0.050428578730803864,0,false,145.2613333333333,false,false,11.0625,false,1.390732e6,1.3205993618445517e6,false,1
357.248,use_SR3_cuts,0.05042030246404039,5,false,178.56900000000002,false,false,11.25,false,1.390732e6,1.3206108719135802e6,false,0
552.333,use_adaptive_ngroute,0.048094124630477686,0,false,183.98633333333333,false,false,11.25,false,1.390732e6,1.3238459618644065e6,false,1
273.938,use_adaptive_ngroute,0.047865312815281724,0,false,136.897,false,false,11.312500000000002,false,1.390732e6,1.3241641777777777e6,false,5
161.511,use_SR3_cuts,0.047629055550826194,5,false,161.411,false,false,12.21875,false,1.390732e6,1.3244927483156885e6,false,0
452.964,none,0.03792096149628854,0,false,NaN,false,false,12.21875,true,1.390732e6,1.3379941053763437e6,false,0
