CG_time_taken,method,CG_LP_IP_gap,implemented_SR3_cuts_count,errored,CG_sp_time_taken_mean,converged,CGIP_artificial,ngroute_neighborhood_size,time_limit_reached,CGIP_objective,CGLP_objective,CGLP_artificial,cycles_lookup_length
172.891,use_adaptive_ngroute,0.16577193042089078,0,false,6.137296296296297,false,false,8.0625,false,1.647506e6,1.37439575e6,false,2
38.046,use_adaptive_ngroute,0.16525569557865039,0,false,6.206833333333333,false,false,8.125,false,1.647506e6,1.37524625e6,false,2
37.34,use_adaptive_ngroute,0.1634865062706904,0,false,9.26725,false,false,8.1875,false,1.647506e6,1.378161e6,false,12
85.698,use_adaptive_ngroute,0.16201184991244322,0,false,12.153428571428572,false,false,9.15625,false,1.646932e6,1.3801095e6,false,2
45.367,use_adaptive_ngroute,0.16140673266624128,0,false,11.2505,false,false,9.21875,false,1.646932e6,1.381106086956522e6,false,4
47.925,use_adaptive_ngroute,0.12637342295348664,0,false,11.891000000000002,false,false,9.375,false,1.583498e6,1.3833859374999998e6,false,2
40.327,use_SR3_cuts,0.1259873357685809,5,false,13.383000000000001,false,false,9.46875,false,1.583498e6,1.3839973057851237e6,false,0
357.621,use_adaptive_ngroute,0.10915831548963206,0,false,59.26416666666666,false,false,9.46875,false,1.583498e6,1.4106460257387985e6,false,7
207.887,use_adaptive_ngroute,0.10656158002761895,0,false,69.187,false,false,10.46875,false,1.583498e6,1.4147579511494255e6,false,3
102.543,use_SR3_cuts,0.10585924223501142,5,false,102.465,false,false,10.71875,false,1.583498e6,1.415870101639344e6,false,0
1374.429,use_adaptive_ngroute,0.10155333319019033,0,false,171.65999999999997,false,false,10.71875,false,1.583498e6,1.4226885e6,false,1
220.442,use_SR3_cuts,0.1012816927427358,5,false,110.152,false,false,10.78125,false,1.583498e6,1.4231186421052634e6,false,0
696.864,use_adaptive_ngroute,0.026546320496408593,0,false,348.187,false,false,10.78125,false,1.46496e6,1.4260707023255813e6,false,2
149.789,none,0.0265389358426541,0,false,NaN,false,false,10.875,true,1.46496e6,1.4260815205479455e6,false,0
