CG_time_taken,method,CG_LP_IP_gap,implemented_SR3_cuts_count,errored,CG_sp_time_taken_mean,converged,CGIP_artificial,ngroute_neighborhood_size,time_limit_reached,CGIP_objective,CGLP_objective,CGLP_artificial,cycles_lookup_length
194.407,use_adaptive_ngroute,0.17152729446752413,0,false,7.291880000000001,false,false,8.0625,false,1.630825e6,1.351094e6,false,14
74.452,use_adaptive_ngroute,0.1656460847386414,0,false,7.298399999999999,false,false,9.25,false,1.623167e6,1.3542957415730336e6,false,6
53.97,use_adaptive_ngroute,0.1656064964356716,0,false,7.607285714285715,false,false,9.96875,false,1.623167e6,1.3543600000000002e6,false,2
30.797,use_adaptive_ngroute,0.16552012406169625,0,false,10.195333333333332,false,false,10.4375,false,1.623167e6,1.3545001967871487e6,false,4
55.179,use_SR3_cuts,0.1653624775926733,5,false,10.967399999999998,false,false,10.875,false,1.623167e6,1.3547560833333333e6,false,0
184.382,use_adaptive_ngroute,0.16221370465331142,0,false,30.624333333333336,false,false,10.875,false,1.623167e6,1.3598670676589985e6,false,5
61.359,use_SR3_cuts,0.16213656271049492,5,false,30.5805,false,false,11.25,false,1.623167e6,1.359992281914894e6,false,0
323.909,use_adaptive_ngroute,0.11206158373274377,0,false,80.00574999999999,false,false,11.25,false,1.544795e6,1.3716828257575762e6,false,6
162.779,use_adaptive_ngroute,0.11130758608036939,0,false,54.18633333333334,false,false,11.6875,false,1.544795e6,1.3728475975609757e6,false,5
250.311,use_SR3_cuts,0.11124234147781831,5,false,83.352,false,false,11.90625,false,1.544795e6,1.3729483870967736e6,false,0
1092.321,use_adaptive_ngroute,0.031705492526739376,0,false,181.6415,false,false,11.90625,false,1.422806e6,1.377695235e6,false,5
590.825,use_SR3_cuts,0.031398911727951506,5,false,195.44300000000004,false,false,12.125,false,1.422806e6,1.3781314400000002e6,false,0
476.583,none,0.02731040058355705,0,false,313.437,false,false,12.125,true,1.422806e6,1.3839485981873116e6,false,0
