CG_time_taken,method,CG_LP_IP_gap,implemented_SR3_cuts_count,errored,CG_sp_time_taken_mean,converged,CGIP_artificial,ngroute_neighborhood_size,time_limit_reached,CGIP_objective,CGLP_objective,CGLP_artificial,cycles_lookup_length
137.4,use_adaptive_ngroute,0.04670226929348231,0,false,4.731518518518518,false,false,8.0625,false,1.403829e6,1.338267e6,false,9
47.636,use_adaptive_ngroute,0.04456168761416257,0,false,5.789124999999999,false,false,9.4375,false,1.403829e6,1.3412720106382978e6,false,6
29.016,use_SR3_cuts,0.04454068123681709,5,false,5.7026,false,false,10.09375,false,1.403829e6,1.3413015000000002e6,false,0
252.936,use_adaptive_ngroute,0.029194874241172508,0,false,35.54657142857143,false,false,10.09375,false,1.403829e6,1.362844388888889e6,false,2
130.369,use_SR3_cuts,0.029013980097766012,5,false,32.08724999999999,false,false,10.46875,false,1.403829e6,1.3630983333333333e6,false,0
242.813,use_adaptive_ngroute,0.0055009069498052066,0,false,48.21960000000001,false,false,10.46875,false,1.383746e6,1.3761341420118348e6,false,10
206.387,use_SR3_cuts,0.005347079594087312,5,false,68.386,false,false,11.562499999999998,false,1.383746e6,1.376347e6,false,0
455.516,use_SR3_cuts,0.003892694179423062,4,false,113.65625,false,false,11.562499999999998,false,1.383746e6,1.3783595e6,false,0
360.208,use_SR3_cuts,0.003892694179423062,1,false,119.77066666666668,false,false,11.562499999999998,false,1.383746e6,1.3783595e6,false,0
506.995,use_SR3_cuts,0.003892694179423284,1,false,126.62275,false,false,11.562499999999998,false,1.383746e6,1.3783594999999998e6,false,0
211.618,use_SR3_cuts,0.003668845293861689,2,false,105.61,false,false,11.562499999999998,false,1.383746e6,1.37866925e6,false,0
314.604,use_SR3_cuts,0.0035443643558863425,5,false,157.19400000000002,false,false,11.562499999999998,false,1.383746e6,1.3788414999999998e6,false,0
686.613,use_SR3_cuts,0.0035265684598184688,1,false,228.71066666666664,false,false,11.562499999999998,false,1.383746e6,1.378866125e6,false,0
1.348,none,0.0034207144952902446,0,false,NaN,false,false,11.562499999999998,true,1.383746e6,1.3790126e6,false,0
