CG_time_taken,method,CG_LP_IP_gap,implemented_SR3_cuts_count,errored,CG_sp_time_taken_mean,converged,CGIP_artificial,ngroute_neighborhood_size,time_limit_reached,CGIP_objective,CGLP_objective,CGLP_artificial,cycles_lookup_length
86.753,use_adaptive_ngroute,0.1159546280582825,0,false,3.032,false,false,8.0625,false,1.513799e6,1.338267e6,false,9
24.563,use_adaptive_ngroute,0.11396954903636614,0,false,3.974666666666667,false,false,9.4375,false,1.513799e6,1.341272010638298e6,false,6
20.42,use_SR3_cuts,0.11395006866829749,8,false,3.8976000000000006,false,false,10.09375,false,1.513799e6,1.3413015e6,false,0
78.837,use_adaptive_ngroute,0.09944340915361527,0,false,19.27525,false,false,10.09375,false,1.513799e6,1.3632616666666663e6,false,3
87.731,use_SR3_cuts,0.029917732770941563,3,false,17.3602,false,false,10.625,false,1.405663e6,1.36360875e6,false,0
73.162,use_SR3_cuts,0.014106289959819107,4,false,23.878666666666668,false,false,10.625,false,1.384985e6,1.365448e6,false,0
474.871,use_adaptive_ngroute,0.007355902022481153,0,false,78.6495,false,false,10.625,false,1.383746e6,1.3735672999999998e6,false,1
156.911,use_SR3_cuts,0.007270915326945793,3,false,78.383,false,false,10.71875,false,1.383746e6,1.3736849000000001e6,false,0
90.501,use_SR3_cuts,0.00665172654519075,10,false,90.387,false,false,10.71875,false,1.383746e6,1.3745416999999986e6,false,0
892.171,use_SR3_cuts,0.004213923653618834,10,false,222.77775,false,false,10.71875,false,1.383746e6,1.3779149999999995e6,false,0
1028.201,use_SR3_cuts,0.003892694179423062,10,false,256.67175,false,false,10.71875,false,1.383746e6,1.3783595e6,false,0
573.344,none,0.003526568459819468,0,false,331.111,false,false,10.71875,true,1.383746e6,1.3788661249999986e6,false,0
