CG_time_taken,method,CG_LP_IP_gap,implemented_SR3_cuts_count,errored,CG_sp_time_taken_mean,converged,CGIP_artificial,ngroute_neighborhood_size,time_limit_reached,CGIP_objective,CGLP_objective,CGLP_artificial,cycles_lookup_length
73.776,use_adaptive_ngroute,0.12638955216855152,0,false,3.076681818181819,false,false,8.0625,false,1.540063e6,1.345415127118644e6,false,13
63.32,use_adaptive_ngroute,0.11464200391941304,0,false,6.241899999999999,false,false,9.125,false,1.540063e6,1.363507091517857e6,false,7
24.925,use_adaptive_ngroute,0.11260964943996055,0,false,6.167249999999999,false,false,10.3125,false,1.540063e6,1.366637045454546e6,false,4
26.92,use_adaptive_ngroute,0.1100388252975727,0,false,5.3032,false,false,10.5,false,1.540063e6,1.3705962765957443e6,false,1
12.895,use_adaptive_ngroute,0.11003448547299366,0,false,6.3995,false,false,10.53125,false,1.540063e6,1.370602960199005e6,false,5
27.948,use_SR3_cuts,0.11003448547299355,5,false,6.946999999999999,false,false,11.437499999999998,false,1.540063e6,1.3706029601990052e6,false,0
128.239,use_SR3_cuts,0.10153169109796256,5,false,31.673000000000002,false,false,11.437499999999998,false,1.540063e6,1.3836977992125985e6,false,0
156.326,use_SR3_cuts,0.08454099582863484,5,false,51.98733333333334,false,false,11.437499999999998,false,1.514772e6,1.3867116666666672e6,false,0
201.034,use_adaptive_ngroute,0.08320828346917664,0,false,66.94466666666666,false,false,11.437499999999998,false,1.514772e6,1.3887304220328284e6,false,4
132.986,use_SR3_cuts,0.08315918073381234,5,false,66.40249999999999,false,false,11.71875,false,1.514772e6,1.3888048014814816e6,false,0
262.524,use_adaptive_ngroute,0.08246515848159197,0,false,87.42533333333331,false,false,11.71875,false,1.514772e6,1.389856086956522e6,false,4
169.508,use_SR3_cuts,0.08242047573710065,5,false,84.687,false,false,11.84375,false,1.514772e6,1.3899237711267606e6,false,0
285.57,use_SR3_cuts,0.08164202598856896,5,false,142.66899999999998,false,false,11.84375,false,1.514772e6,1.3911029450092434e6,false,0
640.814,use_SR3_cuts,0.08051653693898897,5,false,213.36100000000002,false,false,11.84375,false,1.514772e6,1.3928078043078538e6,false,0
603.701,use_adaptive_ngroute,0.07940907718565315,0,false,301.74499999999995,false,false,11.84375,false,1.514772e6,1.3944853533333337e6,false,4
319.038,use_SR3_cuts,0.07940761014683329,5,false,318.93,false,false,12.3125,false,1.514772e6,1.394487575562661e6,false,0
431.929,none,0.0783442438736246,0,false,420.531,false,false,12.3125,true,1.514772e6,1.396098333019062e6,false,0
