CG_time_taken,method,CG_LP_IP_gap,implemented_SR3_cuts_count,errored,CG_sp_time_taken_mean,converged,CGIP_artificial,ngroute_neighborhood_size,time_limit_reached,CGIP_objective,CGLP_objective,CGLP_artificial,cycles_lookup_length
173.935,use_adaptive_ngroute,0.15406955019984858,0,false,6.71428,false,false,8.0625,false,1.602664e6,1.3557422783985098e6,false,14
160.427,use_adaptive_ngroute,0.15068724506361642,0,false,19.943875000000002,false,false,10.75,false,1.602664e6,1.3611629770773642e6,false,5
74.105,use_SR3_cuts,0.15016222254651845,5,false,18.47225,false,false,10.90625,false,1.602664e6,1.3620044117647065e6,false,0
547.968,use_SR3_cuts,0.0864450294310376,5,false,91.05550000000001,false,false,10.90625,false,1.50857e6,1.3781616219512196e6,false,0
1124.986,use_SR3_cuts,0.07735155304888175,5,false,224.5764,false,false,10.90625,false,1.507219e6,1.3906332695652174e6,false,0
1505.907,none,0.0276214602516468,0,false,434.144,false,false,10.90625,true,1.445171e6,1.4052532666666673e6,false,0
