CG_time_taken,method,CG_LP_IP_gap,implemented_SR3_cuts_count,errored,CG_sp_time_taken_mean,converged,CGIP_artificial,ngroute_neighborhood_size,time_limit_reached,CGIP_objective,CGLP_objective,CGLP_artificial,cycles_lookup_length
81.65,use_adaptive_ngroute,0.12246504999488339,0,false,2.8114999999999997,false,false,8.0625,false,1.474662e6,1.2940674444444452e6,false,10
37.824,use_adaptive_ngroute,0.11862700872164855,0,false,4.010666666666666,false,false,9.21875,false,1.474662e6,1.2997272580645164e6,false,6
21.578,use_adaptive_ngroute,0.11862700872164889,0,false,5.29825,false,false,10.21875,false,1.474662e6,1.299727258064516e6,false,3
28.642,use_SR3_cuts,0.11857316004164575,5,false,7.026,false,false,10.5,false,1.474662e6,1.2998066666666665e6,false,0
104.568,use_SR3_cuts,0.03246478182034207,10,false,20.6034,false,false,10.5,false,1.355053e6,1.3110615e6,false,0
238.06,use_adaptive_ngroute,0.025360705448420395,0,false,33.84728571428572,false,false,10.5,false,1.355053e6,1.3206879000000015e6,false,4
105.778,use_SR3_cuts,0.025247720937852658,10,false,52.738,false,false,11.281250000000002,false,1.355053e6,1.320841e6,false,0
313.076,use_adaptive_ngroute,0.022438885259750907,0,false,103.90233333333335,false,false,11.281250000000002,false,1.355053e6,1.3246471212121188e6,false,1
268.603,use_adaptive_ngroute,0.02207900765177151,0,false,133.5675,false,false,11.312500000000002,false,1.355053e6,1.325134774444444e6,false,3
237.061,use_adaptive_ngroute,0.021884020855341912,0,false,118.44300000000001,false,false,11.468749999999998,false,1.355053e6,1.3253989918879063e6,false,1
141.196,use_SR3_cuts,0.021880561129343112,9,false,141.089,false,false,11.499999999999998,false,1.355053e6,1.3254036800000002e6,false,0
907.443,use_SR3_cuts,0.021270448732156,2,false,222.6405,false,false,11.499999999999998,false,1.355053e6,1.3262304146341458e6,false,0
1094.359,none,0.021172078050665233,0,false,466.31850000000003,false,false,11.499999999999998,true,1.355053e6,1.326363712121212e6,false,0
