CG_time_taken,method,CG_LP_IP_gap,implemented_SR3_cuts_count,errored,CG_sp_time_taken_mean,converged,CGIP_artificial,ngroute_neighborhood_size,time_limit_reached,CGIP_objective,CGLP_objective,CGLP_artificial,cycles_lookup_length
98.616,use_adaptive_ngroute,0.045006029694451555,0,false,3.6502400000000006,false,false,8.0625,false,1.355053e6,1.2940674444444443e6,false,8
45.577,use_adaptive_ngroute,0.04082920884680086,0,false,5.54675,false,false,8.78125,false,1.355053e6,1.299727258064516e6,false,6
23.761,use_adaptive_ngroute,0.04082915330003101,0,false,7.855666666666666,false,false,10.125,false,1.355053e6,1.299727333333333e6,false,2
46.715,use_SR3_cuts,0.040770607004547266,5,false,11.57225,false,false,10.21875,false,1.355053e6,1.2998066666666672e6,false,0
160.474,use_adaptive_ngroute,0.031458216025498364,0,false,22.678714285714285,false,false,10.21875,false,1.355053e6,1.3124254500000004e6,false,4
100.725,use_SR3_cuts,0.03143147595664075,5,false,33.491,false,false,10.53125,false,1.355053e6,1.312461684210526e6,false,0
113.272,use_adaptive_ngroute,0.027617719516660477,0,false,28.2025,false,false,10.53125,false,1.355053e6,1.3176295263157906e6,false,1
74.429,use_SR3_cuts,0.027617719516661365,5,false,37.0815,false,false,10.5625,false,1.355053e6,1.3176295263157894e6,false,0
228.845,use_SR3_cuts,0.022841563696597178,5,false,56.91075000000001,false,false,10.5625,false,1.355053e6,1.324101470588235e6,false,0
284.645,use_SR3_cuts,0.021930282237552556,5,false,94.71099999999998,false,false,10.5625,false,1.355053e6,1.3253363052631577e6,false,0
628.723,use_adaptive_ngroute,0.020002941319013923,0,false,156.37525,false,false,10.5625,false,1.355053e6,1.3279479543568462e6,false,4
348.043,use_SR3_cuts,0.019826902886667996,5,false,173.8355,false,false,11.0,false,1.355053e6,1.3281864957627119e6,false,0
1015.293,use_adaptive_ngroute,0.018030500107230285,0,false,337.925,false,false,11.0,false,1.355053e6,1.3306207167381973e6,false,1
416.971,none,0.017971326814139044,0,false,233.492,false,false,11.03125,true,1.355053e6,1.3307008996865205e6,false,0
