CG_time_taken,method,CG_LP_IP_gap,implemented_SR3_cuts_count,errored,CG_sp_time_taken_mean,converged,CGIP_artificial,ngroute_neighborhood_size,time_limit_reached,CGIP_objective,CGLP_objective,CGLP_artificial,cycles_lookup_length
20.622,use_adaptive_ngroute,0.9999749997231884,0,false,0.6056086956521739,false,true,6.0,false,6.0e10,1.500016608695652e6,false,31
19.381,use_adaptive_ngroute,0.019209209446301778,0,false,1.6420000000000001,false,false,8.34375,false,1.634927e6,1.603521344827586e6,false,13
21.551,use_adaptive_ngroute,0.009351586128677813,0,false,2.6359999999999997,false,false,9.40625,false,1.629376e6,1.6141387499999995e6,false,2
12.066,use_adaptive_ngroute,0.007611809674378467,0,false,2.98525,false,false,9.46875,false,1.629376e6,1.6169735e6,false,2
10.176,use_adaptive_ngroute,0.0073844220118621795,0,false,1.6694999999999998,false,false,9.53125,false,1.629376e6,1.617344e6,false,2
3.885,use_adaptive_ngroute,0.006611733571624923,0,false,1.2653333333333334,false,false,9.59375,false,1.629376e6,1.618603e6,false,2
7.518,use_adaptive_ngroute,0.006539313209474096,0,false,2.4836666666666667,false,false,9.71875,false,1.629376e6,1.618721e6,false,2
13.834,use_SR3_cuts,0.005320318944184832,3,false,2.7407999999999997,false,false,9.78125,false,1.629376e6,1.6207072e6,false,0
8.895,use_adaptive_ngroute,0.003160044090498193,0,false,2.178,false,false,9.78125,false,1.629376e6,1.6242271000000003e6,false,2
4.077,use_SR3_cuts,0.0027453388224629727,5,false,2.0075,false,false,9.90625,false,1.629376e6,1.6249028108108107e6,false,0
14.089,none,0.0,0,false,3.47925,true,false,9.90625,false,1.629376e6,1.629376e6,false,0
