CG_time_taken,method,CG_LP_IP_gap,implemented_SR3_cuts_count,errored,CG_sp_time_taken_mean,converged,CGIP_artificial,ngroute_neighborhood_size,time_limit_reached,CGIP_objective,CGLP_objective,CGLP_artificial,cycles_lookup_length
78.672,use_adaptive_ngroute,0.0173502764533624,0,false,3.389142857142857,false,false,8.0625,false,1.324274e6,1.30129748e6,false,10
25.587,use_SR3_cuts,0.01727659636028578,5,false,3.505571428571429,false,false,9.375,false,1.324274e6,1.3013950526315789e6,false,0
71.49,use_adaptive_ngroute,0.01058504508885627,0,false,14.146,false,false,9.375,false,1.324274e6,1.3102565e6,false,3
49.778,use_adaptive_ngroute,0.009858231755663804,0,false,16.486666666666665,false,false,9.875,false,1.324274e6,1.311219e6,false,2
59.913,use_adaptive_ngroute,0.008172024822657775,0,false,14.83325,false,false,9.9375,false,1.324274e6,1.3134519999999998e6,false,1
52.788,use_adaptive_ngroute,0.007346333782532799,0,false,13.04075,false,false,9.96875,false,1.324274e6,1.3145454411764701e6,false,2
26.148,use_SR3_cuts,0.007333326285446362,5,false,13.0175,false,false,10.03125,false,1.324274e6,1.3145626666666667e6,false,0
65.33,use_SR3_cuts,0.0038363775882783724,5,false,16.2085,false,false,10.03125,false,1.324274e6,1.3191935849056602e6,false,0
109.858,use_adaptive_ngroute,0.0005440115732585626,0,false,36.385,false,false,10.03125,false,1.324274e6,1.3235535796178346e6,false,7
57.795,use_SR3_cuts,6.83523510837114e-5,5,false,28.7865,false,false,10.4375,false,1.324274e6,1.324183482758621e6,false,0
100.915,none,0.0,0,false,33.54266666666667,true,false,10.4375,false,1.324274e6,1.324274e6,false,0
