CG_time_taken,method,CG_LP_IP_gap,implemented_SR3_cuts_count,errored,CG_sp_time_taken_mean,converged,CGIP_artificial,ngroute_neighborhood_size,time_limit_reached,CGIP_objective,CGLP_objective,CGLP_artificial,cycles_lookup_length
108.846,use_adaptive_ngroute,0.06132545796635247,0,false,4.1875,false,false,8.0625,false,1.391782e6,1.306430331460674e6,false,14
60.549,use_adaptive_ngroute,0.053516261668113074,0,false,9.898499999999999,false,false,10.1875,false,1.391782e6,1.3172990303030303e6,false,7
52.2,use_SR3_cuts,0.05111504531600475,5,false,12.907999999999998,false,false,10.6875,false,1.391782e6,1.3206410000000002e6,false,0
144.32,use_SR3_cuts,0.03783050107162089,5,false,35.88025,false,false,10.6875,false,1.378286e6,1.32614475e6,false,0
58.014,use_adaptive_ngroute,0.036386834022492764,0,false,28.9435,false,false,10.6875,false,1.378286e6,1.3281345360824745e6,false,2
70.994,use_SR3_cuts,0.036326220127695374,5,false,35.446999999999996,false,false,11.312500000000002,false,1.378286e6,1.3282180793650793e6,false,0
160.515,use_SR3_cuts,0.030889274996051652,5,false,40.008250000000004,false,false,11.312500000000002,false,1.373827e6,1.3313904799999993e6,false,0
507.591,use_SR3_cuts,0.0012093560969400619,5,false,101.4144,false,false,11.312500000000002,false,1.335208e6,1.3335932580645168e6,false,0
591.066,none,0.0,0,false,147.58724999999998,true,false,11.312500000000002,false,1.335208e6,1.335208e6,false,0
