CG_time_taken,method,CG_LP_IP_gap,implemented_SR3_cuts_count,errored,CG_sp_time_taken_mean,converged,CGIP_artificial,ngroute_neighborhood_size,time_limit_reached,CGIP_objective,CGLP_objective,CGLP_artificial,cycles_lookup_length
68.49,use_SR3_cuts,0.09109167041482702,6,false,2.5575,false,false,8.0625,false,1.407357e6,1.2791585000000002e6,false,0
145.962,use_adaptive_ngroute,0.07970820883427387,0,false,28.608199999999997,false,false,8.0625,false,1.407357e6,1.2951790943396229e6,false,3
40.844,use_SR3_cuts,0.079621998164352,6,false,10.12525,false,false,8.34375,false,1.407357e6,1.2953004235294121e6,false,0
585.73,use_adaptive_ngroute,0.03512951785399976,0,false,82.37385714285715,false,false,8.34375,false,1.352246e6,1.3047422500000002e6,false,1
390.139,use_SR3_cuts,0.03245508490412152,3,false,97.2585,false,false,8.625,false,1.352246e6,1.3083587412587414e6,false,0
398.412,use_adaptive_ngroute,0.03196271487091351,0,false,198.653,false,false,8.625,false,1.352246e6,1.3090245466666666e6,false,2
685.372,use_SR3_cuts,0.03193538749606206,2,false,342.5745,false,false,8.71875,false,1.352246e6,1.3090615e6,false,0
929.972,use_SR3_cuts,0.03175669545835513,2,false,231.22425,false,false,8.71875,false,1.352246e6,1.309303135593221e6,false,0
343.356,none,0.03155017652113545,0,false,242.397,false,false,8.71875,true,1.352246e6,1.3095824000000006e6,false,0
