CG_time_taken,method,CG_LP_IP_gap,implemented_SR3_cuts_count,errored,CG_sp_time_taken_mean,converged,CGIP_artificial,ngroute_neighborhood_size,time_limit_reached,CGIP_objective,CGLP_objective,CGLP_artificial,cycles_lookup_length
229.443,use_adaptive_ngroute,0.16008057857363633,0,false,7.888142857142858,false,false,8.0625,false,1.653169e6,1.3885287500000002e6,false,8
99.391,use_adaptive_ngroute,0.10091266750993644,0,false,12.278250000000002,false,false,8.65625,false,1.555057e6,1.3981320500000007e6,false,11
173.921,use_adaptive_ngroute,0.09797169584688636,0,false,24.70842857142857,false,false,9.6875,false,1.555057e6,1.4027054285714284e6,false,7
86.32,use_adaptive_ngroute,0.07524388001013194,0,false,21.4835,false,false,9.90625,false,1.523739e6,1.4090869655172415e6,false,2
21.092,use_SR3_cuts,0.07519857403400454,5,false,5.2177500000000006,false,false,9.96875,false,1.523739e6,1.409156e6,false,0
269.039,use_adaptive_ngroute,0.05423059545631426,0,false,67.13025,false,false,9.96875,false,1.493149e6,1.4121746406249998e6,false,1
270.573,use_adaptive_ngroute,0.05415331283902736,0,false,44.99416666666667,false,false,10.03125,false,1.493149e6,1.412290035087719e6,false,1
113.29,use_adaptive_ngroute,0.054142440419027715,0,false,56.592,false,false,10.0625,false,1.493149e6,1.4123062692307692e6,false,1
51.363,use_SR3_cuts,0.05412304800123757,5,false,51.288000000000004,false,false,10.09375,false,1.493149e6,1.412335225e6,false,0
870.64,use_adaptive_ngroute,0.04891941834507063,0,false,174.00979999999998,false,false,10.09375,false,1.493149e6,1.4201050194174761e6,false,5
586.449,use_adaptive_ngroute,0.04849615137746499,0,false,195.40566666666666,false,false,10.96875,false,1.493149e6,1.4207370200668895e6,false,2
262.743,use_SR3_cuts,0.04830114263003982,5,false,131.29149999999998,false,false,11.03125,false,1.493149e6,1.4210281971830986e6,false,0
544.038,none,0.008092325156333069,0,false,419.296,false,false,11.03125,true,1.437429e6,1.4257968571428573e6,false,0
