CG_time_taken,method,CG_LP_IP_gap,implemented_SR3_cuts_count,errored,CG_sp_time_taken_mean,converged,CGIP_artificial,ngroute_neighborhood_size,time_limit_reached,CGIP_objective,CGLP_objective,CGLP_artificial,cycles_lookup_length
74.214,use_adaptive_ngroute,0.09264471773022154,0,false,2.6692000000000005,false,false,8.0625,false,1.5715e6,1.4259088260869568e6,false,8
15.567,use_adaptive_ngroute,0.09073526354862671,0,false,3.792,false,false,9.34375,false,1.5715e6,1.4289095333333332e6,false,9
28.773,use_SR3_cuts,0.09045033407572367,5,false,5.6064,false,false,10.1875,false,1.5715e6,1.4293573000000003e6,false,0
87.944,use_SR3_cuts,0.08855085374907201,5,false,12.105142857142855,false,false,10.1875,false,1.5715e6,1.4323423333333333e6,false,0
44.232,use_adaptive_ngroute,0.08702640789055038,0,false,14.603666666666667,false,false,10.1875,false,1.5715e6,1.434738e6,false,2
54.763,use_adaptive_ngroute,0.03594153864481031,0,false,18.18933333333333,false,false,10.375,false,1.488613e6,1.435109958333333e6,false,2
43.257,use_SR3_cuts,0.03570446113261139,5,false,14.346666666666668,false,false,10.4375,false,1.488613e6,1.435462875e6,false,0
227.015,use_adaptive_ngroute,0.03202599177375698,0,false,55.7315,false,false,10.4375,false,1.488613e6,1.4409386923076923e6,false,4
215.781,use_adaptive_ngroute,0.030825803823889886,0,false,71.73066666666665,false,false,10.59375,false,1.488613e6,1.4427253076923077e6,false,5
119.405,use_SR3_cuts,0.030734650308710143,5,false,39.69633333333334,false,false,10.75,false,1.488613e6,1.442861e6,false,0
817.199,use_adaptive_ngroute,0.025254750563108108,0,false,161.522,false,false,10.75,false,1.488613e6,1.45101845e6,false,2
675.589,use_SR3_cuts,0.024664094473625164,5,false,166.55225000000002,false,false,10.8125,false,1.488613e6,1.4518977083333335e6,false,0
835.562,use_SR3_cuts,0.023157966509764427,3,false,278.1383333333334,false,false,10.8125,false,1.488613e6,1.45413975e6,false,0
329.46,none,0.02249997686740335,0,false,NaN,false,false,10.8125,true,1.488613e6,1.455119241935484e6,false,0
