CG_time_taken,method,CG_LP_IP_gap,implemented_SR3_cuts_count,errored,CG_sp_time_taken_mean,converged,CGIP_artificial,ngroute_neighborhood_size,time_limit_reached,CGIP_objective,CGLP_objective,CGLP_artificial,cycles_lookup_length
106.763,use_adaptive_ngroute,0.17503032511185845,0,false,4.231916666666668,false,false,8.0625,false,1.575427e6,1.2996795000000002e6,false,2
16.57,use_SR3_cuts,0.17428363412404568,5,false,5.476333333333334,false,false,8.15625,false,1.575427e6,1.300855857142857e6,false,0
248.746,use_adaptive_ngroute,0.1059674296106442,0,false,34.760714285714286,false,false,8.15625,false,1.485736e6,1.328296375e6,false,18
302.066,use_adaptive_ngroute,0.10392949414235841,0,false,50.095666666666666,false,false,10.34375,false,1.485736e6,1.331324209090909e6,false,3
174.118,use_SR3_cuts,0.059009728696340136,5,false,57.937666666666665,false,false,10.4375,false,1.414854e6,1.3313638493150685e6,false,0
108.569,use_SR3_cuts,0.057521364984184364,5,false,54.1965,false,false,10.4375,false,1.414854e6,1.3334696666666667e6,false,0
476.793,use_adaptive_ngroute,0.05443694019357781,0,false,118.98199999999999,false,false,10.4375,false,1.414854e6,1.3378336774193556e6,false,3
439.157,use_SR3_cuts,0.05440923529529784,5,false,109.61425,false,false,10.59375,false,1.414854e6,1.3378728758055067e6,false,0
997.131,use_adaptive_ngroute,0.03782057400282712,0,false,248.23950000000002,false,false,10.59375,false,1.396332e6,1.3435219222614844e6,false,6
684.433,none,0.037642170874788716,0,false,290.60999999999996,false,false,11.15625,true,1.396332e6,1.3437710322580645e6,false,0
