CG_time_taken,method,CG_LP_IP_gap,implemented_SR3_cuts_count,errored,CG_sp_time_taken_mean,converged,CGIP_artificial,ngroute_neighborhood_size,time_limit_reached,CGIP_objective,CGLP_objective,CGLP_artificial,cycles_lookup_length
141.396,use_adaptive_ngroute,0.04425677604904821,0,false,5.5512500000000005,false,false,8.0625,false,1.348389e6,1.28871365e6,false,6
131.45,use_adaptive_ngroute,0.043128189953401286,0,false,14.449666666666667,false,false,8.78125,false,1.348389e6,1.2902354230769232e6,false,3
76.502,use_SR3_cuts,0.0398380780623282,5,false,15.2164,false,false,9.15625,false,1.344119e6,1.2905718823529414e6,false,0
539.671,use_SR3_cuts,0.003843400837471145,5,false,76.7067142857143,false,false,9.15625,false,1.311541e6,1.3065002222222222e6,false,0
646.745,use_adaptive_ngroute,0.0026840055578385424,0,false,107.36900000000003,false,false,9.15625,false,1.311541e6,1.308020816666667e6,false,2
747.829,use_SR3_cuts,0.0023524314869513008,5,false,186.81375,false,false,9.9375,false,1.311541e6,1.3084556896551724e6,false,0
469.321,use_SR3_cuts,0.0011090770322850219,5,false,234.25,false,false,9.9375,false,1.311541e6,1.3100864e6,false,0
836.979,none,0.0,0,false,NaN,true,false,9.9375,true,1.311541e6,1.311541e6,false,0
