CG_time_taken,method,CG_LP_IP_gap,implemented_SR3_cuts_count,errored,CG_sp_time_taken_mean,converged,CGIP_artificial,ngroute_neighborhood_size,time_limit_reached,CGIP_objective,CGLP_objective,CGLP_artificial,cycles_lookup_length
105.913,use_adaptive_ngroute,0.09924383274783999,0,false,4.099625,false,false,8.0625,false,1.430702e6,1.28871365e6,false,6
46.955,use_adaptive_ngroute,0.09818017792879075,0,false,9.299999999999999,false,false,8.78125,false,1.430702e6,1.2902354230769232e6,false,3
49.887,use_adaptive_ngroute,0.09794500716924881,0,false,9.9116,false,false,9.15625,false,1.430702e6,1.2905718823529414e6,false,1
37.615,use_SR3_cuts,0.09794500716924892,5,false,9.3395,false,false,9.59375,false,1.430702e6,1.2905718823529412e6,false,0
352.662,use_adaptive_ngroute,0.01164957862544913,0,false,50.010285714285715,false,false,9.59375,false,1.311541e6,1.2962620999999999e6,false,4
243.758,use_SR3_cuts,0.01164957862544913,4,false,40.559333333333335,false,false,10.03125,false,1.311541e6,1.2962620999999999e6,false,0
430.206,use_SR3_cuts,0.007719836705784466,3,false,107.461,false,false,10.03125,false,1.311541e6,1.3014161176470588e6,false,0
895.094,use_SR3_cuts,0.006053250068543181,1,false,178.74960000000002,false,false,10.03125,false,1.311541e6,1.3036019143518528e6,false,0
1109.746,use_SR3_cuts,0.005714397542026184,10,false,369.774,false,false,10.03125,false,1.311541e6,1.3040463333333335e6,false,0
318.089,none,-2.220446049250313e-16,0,false,NaN,true,false,10.03125,true,1.311541e6,1.3115410000000002e6,false,0
