CG_time_taken,method,CG_LP_IP_gap,implemented_SR3_cuts_count,errored,CG_sp_time_taken_mean,converged,CGIP_artificial,ngroute_neighborhood_size,time_limit_reached,CGIP_objective,CGLP_objective,CGLP_artificial,cycles_lookup_length
92.292,use_adaptive_ngroute,0.009026245091929397,0,false,3.8879545454545457,false,false,8.0625,false,1.462433e6,1.4492327213114745e6,false,13
20.43,use_adaptive_ngroute,0.006750240624963544,0,false,4.0165999999999995,false,false,9.46875,false,1.462433e6,1.4525612253521127e6,false,14
39.418,use_adaptive_ngroute,0.005970376078767159,0,false,6.430666666666667,false,false,10.6875,false,1.462433e6,1.4537017250000003e6,false,2
31.178,use_SR3_cuts,0.005764516741755044,5,false,6.1514,false,false,11.0625,false,1.462433e6,1.454002780487805e6,false,0
136.713,use_SR3_cuts,0.00016657173354284183,5,false,22.494833333333332,false,false,11.0625,false,1.462433e6,1.4621893999999997e6,false,0
115.386,none,0.0,0,false,28.717750000000002,true,false,11.0625,false,1.462433e6,1.462433e6,false,0
