CG_time_taken,method,CG_LP_IP_gap,implemented_SR3_cuts_count,errored,CG_sp_time_taken_mean,converged,CGIP_artificial,ngroute_neighborhood_size,time_limit_reached,CGIP_objective,CGLP_objective,CGLP_artificial,cycles_lookup_length
128.328,use_adaptive_ngroute,0.13402074188591018,0,false,4.666461538461538,false,false,8.0625,false,1.521366e6,1.3174714000000004e6,false,4
13.521,use_adaptive_ngroute,0.13305427490820754,0,false,4.447333333333333,false,false,8.59375,false,1.521366e6,1.31894175e6,false,4
14.035,use_adaptive_ngroute,0.13268682369805962,0,false,4.616999999999999,false,false,8.8125,false,1.521366e6,1.3195007777777778e6,false,3
12.31,use_SR3_cuts,0.13258901608990303,5,false,4.039,false,false,9.0,false,1.521366e6,1.3196495789473685e6,false,0
177.992,use_adaptive_ngroute,0.06652228330224796,0,false,35.431000000000004,false,false,9.0,false,1.42618e6,1.33130725e6,false,3
42.708,use_adaptive_ngroute,0.06577746147050179,0,false,14.178333333333335,false,false,9.28125,false,1.42618e6,1.3323694999999998e6,false,3
74.64,use_adaptive_ngroute,0.06479336409148928,0,false,14.8592,false,false,9.5,false,1.42618e6,1.3337729999999998e6,false,3
73.103,use_adaptive_ngroute,0.06409148915284169,0,false,18.22875,false,false,9.59375,false,1.42618e6,1.3347740000000002e6,false,1
46.678,use_adaptive_ngroute,0.0637528222244037,0,false,15.528333333333334,false,false,9.625,false,1.42618e6,1.335257e6,false,2
71.086,use_adaptive_ngroute,0.06306251665287688,0,false,17.72475,false,false,9.78125,false,1.42618e6,1.3362415e6,false,1
36.905,use_SR3_cuts,0.06305340139393345,5,false,18.3995,false,false,9.90625,false,1.42618e6,1.3362545e6,false,0
154.464,use_adaptive_ngroute,0.05969498288972985,0,false,38.444500000000005,false,false,9.90625,false,1.42618e6,1.341044209302325e6,false,5
77.217,use_SR3_cuts,0.05900166879356039,5,false,38.5555,false,false,10.15625,false,1.42618e6,1.342033e6,false,0
656.508,use_SR3_cuts,0.05642674298313821,5,false,163.69175,false,false,10.15625,false,1.42618e6,1.345705307692308e6,false,0
1115.917,use_adaptive_ngroute,0.02757998125440042,0,false,223.09220000000002,false,false,10.15625,false,1.387743e6,1.3494690740740746e6,false,1
881.934,none,0.02736564060526836,0,false,314.3905,false,false,10.1875,true,1.387743e6,1.349766523809523e6,false,0
