CG_time_taken,method,CG_LP_IP_gap,implemented_SR3_cuts_count,errored,CG_sp_time_taken_mean,converged,CGIP_artificial,ngroute_neighborhood_size,time_limit_reached,CGIP_objective,CGLP_objective,CGLP_artificial,cycles_lookup_length
88.009,use_adaptive_ngroute,0.11688481516733895,0,false,3.512173913043478,false,false,8.0625,false,1.640534e6,1.4487804866342647e6,false,10
31.41,use_adaptive_ngroute,0.10180851453589557,0,false,5.121166666666666,false,false,9.03125,false,1.625232e6,1.4597695443037974e6,false,3
46.159,use_adaptive_ngroute,0.10014715542281216,0,false,6.529857142857143,false,false,9.125,false,1.625232e6,1.4624696382978722e6,false,4
5.298,use_adaptive_ngroute,0.10007938074146472,0,false,5.261,false,false,9.5,false,1.625232e6,1.4625797878787878e6,false,1
18.303,use_SR3_cuts,0.09999551771946247,6,false,9.056000000000001,false,false,9.53125,false,1.625232e6,1.4627160847457626e6,false,0
162.455,use_adaptive_ngroute,0.0023041147674988105,0,false,22.827714285714286,false,false,9.53125,false,1.479821e6,1.476411322580645e6,false,3
58.049,use_SR3_cuts,0.0016162099960316256,5,false,14.423,false,false,9.75,false,1.479821e6,1.4774292985074625e6,false,0
187.093,none,0.0,0,false,37.1698,true,false,9.75,false,1.479821e6,1.479821e6,false,0
