CG_time_taken,method,CG_LP_IP_gap,implemented_SR3_cuts_count,errored,CG_sp_time_taken_mean,converged,CGIP_artificial,ngroute_neighborhood_size,time_limit_reached,CGIP_objective,CGLP_objective,CGLP_artificial,cycles_lookup_length
5.318,use_adaptive_ngroute,0.2065213204831179,0,false,0.13449999999999998,false,false,6.0,false,1.884743e6,1.4955033868686869e6,false,25
4.278,use_adaptive_ngroute,0.1066334992134933,0,false,0.29775,false,false,8.8125,false,1.72144e6,1.5378768291139242e6,false,11
2.338,use_adaptive_ngroute,0.10363825218811884,0,false,0.4162,false,false,9.28125,false,1.72144e6,1.5430329671532847e6,false,6
1.72,use_SR3_cuts,0.100814777163305,7,false,0.5376666666666667,false,false,9.53125,false,1.72144e6,1.5478934100000001e6,false,0
10.508,use_adaptive_ngroute,0.031937267034226835,0,false,2.47525,false,false,9.53125,false,1.620052e6,1.5683119666666668e6,false,8
19.199,use_adaptive_ngroute,0.03048401581521698,0,false,2.361875,false,false,10.09375,false,1.620052e6,1.570666309210526e6,false,2
5.15,use_SR3_cuts,0.03048401581521676,6,false,2.5315,false,false,10.15625,false,1.620052e6,1.5706663092105265e6,false,0
16.89,use_adaptive_ngroute,0.02893408496901473,0,false,3.3206,false,false,10.15625,false,1.620052e6,1.5731772777777778e6,false,2
6.697,use_SR3_cuts,0.02893408496901473,10,false,3.3195,false,false,10.28125,false,1.620052e6,1.5731772777777778e6,false,0
22.406,use_SR3_cuts,0.026667199571371758,10,false,5.5322499999999994,false,false,10.28125,false,1.620052e6,1.57684975e6,false,0
46.308,use_adaptive_ngroute,0.023469789049070378,0,false,11.36125,false,false,10.28125,false,1.620052e6,1.5820297213114754e6,false,3
14.9,use_SR3_cuts,0.023448945853532743,4,false,7.3635,false,false,10.46875,false,1.620052e6,1.5820634883720926e6,false,0
43.829,use_SR3_cuts,0.02326069657745289,2,false,14.465666666666666,false,false,10.46875,false,1.620052e6,1.5823684619883043e6,false,0
27.714,use_SR3_cuts,0.02325121174692124,10,false,13.7795,false,false,10.46875,false,1.620052e6,1.5823838279069767e6,false,0
53.331,use_adaptive_ngroute,0.020261304691145732,0,false,17.483333333333334,false,false,10.46875,false,1.620052e6,1.5872276328125e6,false,1
45.229,use_SR3_cuts,0.020143797853401813,1,false,15.009666666666668,false,false,10.5,false,1.620052e6,1.5874180000000007e6,false,0
51.514,use_SR3_cuts,0.02012623569311134,10,false,25.678,false,false,10.5,false,1.620052e6,1.5874464516129035e6,false,0
10.384,use_SR3_cuts,0.01930267258910978,10,false,10.253,false,false,10.5,false,1.620052e6,1.5887806666666674e6,false,0
60.597,use_adaptive_ngroute,0.018534732693290423,0,false,19.998666666666665,false,false,10.5,false,1.620052e6,1.5900247692307695e6,false,3
47.375,use_SR3_cuts,0.018531744204349554,10,false,23.5995,false,false,10.65625,false,1.620052e6,1.590029610738255e6,false,0
42.004,use_adaptive_ngroute,0.017155120638103094,0,false,20.835,false,false,10.65625,false,1.620052e6,1.5922598124999998e6,false,1
48.402,use_SR3_cuts,0.016996967390239592,10,false,24.072,false,false,10.6875,false,1.620052e6,1.5925160289855076e6,false,0
71.093,use_SR3_cuts,0.016643488649234595,10,false,35.43900000000001,false,false,10.6875,false,1.620052e6,1.5930886829268301e6,false,0
142.829,use_SR3_cuts,0.016312184411932384,10,false,47.506,false,false,10.6875,false,1.620052e6,1.5936254130190802e6,false,0
156.558,use_adaptive_ngroute,0.016279656932078335,0,false,52.042333333333325,false,false,10.6875,false,1.620052e6,1.5936781092278727e6,false,1
41.472,use_SR3_cuts,0.01622702246719232,10,false,41.28,false,false,10.75,false,1.620052e6,1.5937633797979802e6,false,0
155.16,use_SR3_cuts,0.01619705316623654,4,false,77.43950000000001,false,false,10.75,false,1.620052e6,1.5938119316239322e6,false,0
117.26,use_SR3_cuts,0.01619104036315211,8,false,58.4825,false,false,10.75,false,1.620052e6,1.5938216726775947e6,false,0
45.6,use_SR3_cuts,0.016187640350854515,1,false,45.408,false,false,10.75,false,1.620052e6,1.5938271808743174e6,false,0
90.868,none,0.016185752484338622,0,false,90.673,false,false,10.75,false,1.620052e6,1.5938302393162423e6,false,0
