CG_time_taken,method,CG_LP_IP_gap,implemented_SR3_cuts_count,errored,CG_sp_time_taken_mean,converged,CGIP_artificial,ngroute_neighborhood_size,time_limit_reached,CGIP_objective,CGLP_objective,CGLP_artificial,cycles_lookup_length
5.441,use_adaptive_ngroute,0.2065213204831179,0,false,0.14404999999999998,false,false,6.0,false,1.884743e6,1.4955033868686869e6,false,25
6.594,use_adaptive_ngroute,0.11496950606865175,0,false,0.5832,false,false,8.8125,false,1.731226e6,1.5321878018867923e6,false,9
5.902,use_adaptive_ngroute,0.1084767086678502,0,false,0.7979999999999999,false,false,9.1875,false,1.731226e6,1.5434283015597924e6,false,12
3.709,use_adaptive_ngroute,0.10183540472350083,0,false,0.5966666666666667,false,false,9.75,false,1.722917e6,1.54746305e6,false,3
0.528,use_adaptive_ngroute,0.10158561904026708,0,false,0.504,false,false,9.84375,false,1.722917e6,1.5478934100000001e6,false,1
1.541,use_SR3_cuts,0.10158561904026697,5,false,0.748,false,false,9.875,false,1.722917e6,1.5478934100000004e6,false,0
10.698,use_adaptive_ngroute,0.034181467974827795,0,false,2.0852,false,false,9.875,false,1.620052e6,1.5646762444444443e6,false,2
12.166,use_adaptive_ngroute,0.03379931951098758,0,false,2.412,false,false,9.9375,false,1.620052e6,1.5652953448275856e6,false,5
8.661,use_adaptive_ngroute,0.03272339943140856,0,false,2.8609999999999998,false,false,10.34375,false,1.620052e6,1.5670383913043477e6,false,4
4.599,use_SR3_cuts,0.03260854692730031,5,false,2.278,false,false,10.5,false,1.620052e6,1.5672244583333333e6,false,0
13.287,use_SR3_cuts,0.0264651998824732,5,false,3.22025,false,false,10.5,false,1.620052e6,1.5771769999999995e6,false,0
6.956,use_adaptive_ngroute,0.024831731112441635,0,false,3.291,false,false,10.5,false,1.620052e6,1.5798233043478266e6,false,4
7.679,use_SR3_cuts,0.024110337199052756,2,false,2.5076666666666663,false,false,10.625,false,1.620052e6,1.5809920000000002e6,false,0
5.573,use_SR3_cuts,0.0240401234034463,5,false,2.684,false,false,10.625,false,1.620052e6,1.58110575e6,false,0
32.003,use_adaptive_ngroute,0.0218102052691318,0,false,7.94175,false,false,10.625,false,1.620052e6,1.5847183333333326e6,false,1
12.75,use_SR3_cuts,0.021807864809277877,5,false,6.334999999999999,false,false,10.65625,false,1.620052e6,1.5847221249999998e6,false,0
28.999,use_adaptive_ngroute,0.02024814313128165,0,false,7.20825,false,false,10.65625,false,1.620052e6,1.587248955223881e6,false,3
14.195,use_SR3_cuts,0.020246634058659896,5,false,7.068,false,false,10.84375,false,1.620052e6,1.5872514e6,false,0
39.326,use_adaptive_ngroute,0.019292224822047288,0,false,13.052333333333332,false,false,10.84375,false,1.620052e6,1.5887975925925926e6,false,1
13.982,use_SR3_cuts,0.019282011977988844,5,false,13.938,false,false,10.875,false,1.620052e6,1.5888141379310351e6,false,0
40.924,use_SR3_cuts,0.01845558043815887,5,false,13.594333333333333,false,false,10.875,false,1.620052e6,1.5901529999999998e6,false,0
52.755,use_adaptive_ngroute,0.017636866844277677,0,false,17.53,false,false,10.875,false,1.620052e6,1.5914793585951943e6,false,4
19.62,use_SR3_cuts,0.017621287503027938,5,false,19.556,false,false,11.0625,false,1.620052e6,1.5915045979381446e6,false,0
73.556,use_SR3_cuts,0.017239477958898464,5,false,24.435999999999996,false,false,11.0625,false,1.620052e6,1.5921231492537307e6,false,0
43.836,use_SR3_cuts,0.017060610250520747,5,false,21.858,false,false,11.0625,false,1.620052e6,1.5924129242424234e6,false,0
97.265,use_SR3_cuts,0.01675547577882186,5,false,32.32666666666667,false,false,11.0625,false,1.620052e6,1.5929072579535681e6,false,0
36.555,use_SR3_cuts,0.016708069778295642,5,false,36.468,false,false,11.0625,false,1.620052e6,1.5929840581395326e6,false,0
117.98,use_SR3_cuts,0.016433239028367796,5,false,39.24866666666667,false,false,11.0625,false,1.620052e6,1.5934292982456146e6,false,0
100.575,use_SR3_cuts,0.016355952136688612,5,false,50.222500000000004,false,false,11.0625,false,1.620052e6,1.5935545070290533e6,false,0
103.991,use_SR3_cuts,0.016350827619925457,5,false,51.910500000000006,false,false,11.0625,false,1.620052e6,1.5935628090126845e6,false,0
115.763,use_SR3_cuts,0.01629596036329939,5,false,57.7385,false,false,11.0625,false,1.620052e6,1.5936516968215161e6,false,0
123.838,use_SR3_cuts,0.016276293100692785,5,false,61.7135,false,false,11.0625,false,1.620052e6,1.5936835588096364e6,false,0
117.985,use_SR3_cuts,0.016228989860046728,5,false,58.77250000000001,false,false,11.0625,false,1.620052e6,1.5937601925192515e6,false,0
166.726,use_SR3_cuts,0.016221047756624363,1,false,83.0755,false,false,11.0625,false,1.620052e6,1.5937730591397851e6,false,0
299.53,use_SR3_cuts,0.016191403173687946,5,false,99.056,false,false,11.0625,false,1.620052e6,1.5938210849056605e6,false,0
168.782,none,0.01618575248434062,0,false,84.2865,false,false,11.0625,false,1.620052e6,1.593830239316239e6,false,0
