CG_time_taken,method,CG_LP_IP_gap,implemented_SR3_cuts_count,errored,CG_sp_time_taken_mean,converged,CGIP_artificial,ngroute_neighborhood_size,time_limit_reached,CGIP_objective,CGLP_objective,CGLP_artificial,cycles_lookup_length
123.066,use_adaptive_ngroute,0.05750581366582552,0,false,4.697,false,false,8.0625,false,1.509088e6,1.4223066666666667e6,false,3
18.518,use_SR3_cuts,0.05717376985305034,5,false,6.0616666666666665,false,false,8.3125,false,1.509088e6,1.42280775e6,false,0
167.454,use_adaptive_ngroute,0.05327575330265688,0,false,41.60750000000001,false,false,8.3125,false,1.509088e6,1.4286902000000002e6,false,5
236.082,use_SR3_cuts,0.053246066498441436,5,false,39.293,false,false,8.8125,false,1.509088e6,1.428735e6,false,0
303.127,use_adaptive_ngroute,0.04795268879292047,0,false,60.535799999999995,false,false,8.8125,false,1.509088e6,1.4367231727748693e6,false,1
174.396,use_adaptive_ngroute,0.04758645719477694,0,false,58.079,false,false,8.84375,false,1.509088e6,1.4372758484848484e6,false,3
312.379,use_SR3_cuts,0.04755764187818523,5,false,156.1115,false,false,9.53125,false,1.509088e6,1.4373193333333333e6,false,0
1186.77,use_adaptive_ngroute,0.04408048658085795,0,false,237.00599999999997,false,false,9.53125,false,1.509088e6,1.4425666666666663e6,false,1
211.901,use_SR3_cuts,0.04374058014866267,5,false,211.856,false,false,9.625,false,1.509088e6,1.443079615384615e6,false,0
861.418,none,0.04082463050531193,0,false,NaN,false,false,9.625,true,1.509088e6,1.4474800399999998e6,false,0
