CG_time_taken,method,CG_LP_IP_gap,implemented_SR3_cuts_count,errored,CG_sp_time_taken_mean,converged,CGIP_artificial,ngroute_neighborhood_size,time_limit_reached,CGIP_objective,CGLP_objective,CGLP_artificial,cycles_lookup_length
404.052,use_adaptive_ngroute,0.1460132389889306,0,false,12.682580645161295,false,false,8.0625,false,1.400322e6,1.1958564491525427e6,false,12
129.373,use_adaptive_ngroute,0.137588354678424,0,false,15.945999999999998,false,false,9.9375,false,1.400322e6,1.207654e6,false,1
62.788,use_adaptive_ngroute,0.08296888595098251,0,false,20.708333333333336,false,false,9.96875,false,1.318947e6,1.2095154367816094e6,false,7
129.255,use_adaptive_ngroute,0.07617277267395872,0,false,21.395333333333333,false,false,11.125,false,1.318947e6,1.2184791500000001e6,false,6
95.07,use_lmSR3_cuts,0.07474485328068525,2,false,23.661250000000003,false,false,11.78125,false,1.318947e6,1.2203625e6,false,0
199.221,use_adaptive_ngroute,0.0721675131752827,0,false,49.71125000000001,false,false,11.78125,false,1.318947e6,1.2237618750000005e6,false,4
166.464,use_lmSR3_cuts,0.0715778908814717,5,false,41.535,false,false,11.90625,false,1.318947e6,1.2245395555555555e6,false,0
325.581,use_adaptive_ngroute,0.06436467625592213,0,false,65.0044,false,false,11.90625,false,1.312024e6,1.227576e6,false,1
257.655,use_adaptive_ngroute,0.06418701182295439,0,false,85.81733333333334,false,false,11.9375,false,1.312024e6,1.2278091e6,false,4
540.685,use_lmSR3_cuts,0.06402410829883198,5,false,90.02083333333334,false,false,12.1875,false,1.312024e6,1.2280228333333333e6,false,0
425.858,use_lmSR3_cuts,0.06402410829883176,5,false,85.0066,false,false,12.1875,false,1.312024e6,1.2280228333333335e6,false,0
568.56,use_adaptive_ngroute,0.0631706252358909,0,false,113.58320000000002,false,false,12.1875,false,1.312024e6,1.2291426235955055e6,false,3
262.478,none,0.06309278328875012,0,false,87.71000000000001,false,false,12.40625,true,1.312024e6,1.229244754098361e6,false,0
