CG_time_taken,method,CG_LP_IP_gap,implemented_SR3_cuts_count,errored,CG_sp_time_taken_mean,converged,CGIP_artificial,ngroute_neighborhood_size,time_limit_reached,CGIP_objective,CGLP_objective,CGLP_artificial,cycles_lookup_length
107.567,use_adaptive_ngroute,0.19864507307371293,0,false,4.288173913043479,false,false,8.0625,false,1.576764e6,1.2635476e6,false,10
27.53,use_adaptive_ngroute,0.19168309271393813,0,false,3.765857142857142,false,false,8.90625,false,1.576764e6,1.274525e6,false,12
29.579,use_lmSR3_cuts,0.18967178981762645,5,false,7.309,false,false,10.125,false,1.576764e6,1.27769635e6,false,0
215.657,use_adaptive_ngroute,0.06509752455995532,0,false,19.320545454545453,false,false,10.125,false,1.390732e6,1.3001987894736843e6,false,2
196.481,use_adaptive_ngroute,0.06242503382865772,0,false,24.422375,false,false,10.25,false,1.390732e6,1.3039155078534032e6,false,4
100.537,use_adaptive_ngroute,0.05911625628326167,0,false,25.05925,false,false,10.375,false,1.390732e6,1.308517130666667e6,false,6
95.207,use_adaptive_ngroute,0.05911049849188621,0,false,23.7555,false,false,10.625,false,1.390732e6,1.308525138211382e6,false,3
30.033,use_lmSR3_cuts,0.059081221855349475,5,false,29.994,false,false,10.71875,false,1.390732e6,1.308565854166666e6,false,0
305.644,use_adaptive_ngroute,0.051309505288647084,0,false,37.982749999999996,false,false,10.71875,false,1.390732e6,1.3193742290909092e6,false,4
37.892,use_lmSR3_cuts,0.051286279878679175,5,false,37.841,false,false,10.9375,false,1.390732e6,1.3194065294117648e6,false,0
368.265,use_adaptive_ngroute,0.04712458379232409,0,false,40.615,false,false,10.9375,false,1.390732e6,1.3251943333333335e6,false,10
232.72,use_lmSR3_cuts,0.046487304781180794,5,false,46.34080000000001,false,false,11.6875,false,1.390732e6,1.3260806176470588e6,false,0
237.693,use_adaptive_ngroute,0.04479026153133814,0,false,47.412200000000006,false,false,11.6875,false,1.390732e6,1.328440749999999e6,false,5
143.922,use_adaptive_ngroute,0.044581287543830284,0,false,47.873,false,false,13.03125,false,1.390732e6,1.3287313768115938e6,false,5
228.081,use_adaptive_ngroute,0.04397399244537281,0,false,56.91,false,false,13.1875,false,1.390732e6,1.3295759615384617e6,false,1
227.041,use_adaptive_ngroute,0.043962966301087314,0,false,56.60625,false,false,13.21875,false,1.390732e6,1.3295912959501562e6,false,4
52.36,use_lmSR3_cuts,0.04395653648924602,5,false,52.287,false,false,13.53125,false,1.390732e6,1.3296002380952379e6,false,0
439.917,use_adaptive_ngroute,0.04285717527819255,0,false,109.77825000000001,false,false,13.53125,false,1.390732e6,1.3311291549110087e6,false,1
204.429,use_adaptive_ngroute,0.042720457946456514,0,false,102.14949999999999,false,false,13.59375,false,1.390732e6,1.3313192920792087e6,false,2
258.725,use_lmSR3_cuts,0.042696387627622956,5,false,129.2665,false,false,13.8125,false,1.390732e6,1.3313527674418606e6,false,0
14.774,none,0.04188292796656423,0,false,NaN,false,false,13.8125,true,1.390732e6,1.3324840718232042e6,false,0
