CG_time_taken,method,CG_LP_IP_gap,implemented_SR3_cuts_count,errored,CG_sp_time_taken_mean,converged,CGIP_artificial,ngroute_neighborhood_size,time_limit_reached,CGIP_objective,CGLP_objective,CGLP_artificial,cycles_lookup_length
157.778,use_adaptive_ngroute,0.16577193042089078,0,false,5.58848148148148,false,false,8.0625,false,1.647506e6,1.37439575e6,false,2
57.208,use_adaptive_ngroute,0.16525569557865039,0,false,6.249888888888889,false,false,8.125,false,1.647506e6,1.37524625e6,false,2
53.817,use_adaptive_ngroute,0.16348650627068995,0,false,10.6786,false,false,8.1875,false,1.647506e6,1.3781610000000007e6,false,12
59.373,use_adaptive_ngroute,0.16230380951571677,0,false,8.397428571428572,false,false,9.15625,false,1.647506e6,1.3801094999999995e6,false,2
41.795,use_adaptive_ngroute,0.16169890309563562,0,false,10.36425,false,false,9.21875,false,1.647506e6,1.3811060869565217e6,false,4
43.522,use_adaptive_ngroute,0.16002243110219505,0,false,10.799499999999998,false,false,9.375,false,1.646932e6,1.3833859374999998e6,false,2
62.346,use_lmSR3_cuts,0.125987335768581,5,false,12.394400000000001,false,false,9.46875,false,1.583498e6,1.3839973057851235e6,false,0
159.999,use_adaptive_ngroute,0.1169691601960291,0,false,19.899875,false,false,9.46875,false,1.583498e6,1.3982775687679083e6,false,7
80.141,use_lmSR3_cuts,0.11569045240347609,5,false,26.617333333333335,false,false,10.25,false,1.583498e6,1.4003024000000004e6,false,0
337.55,use_adaptive_ngroute,0.1070648970059005,0,false,42.034499999999994,false,false,10.25,false,1.583498e6,1.4139609497209506e6,false,6
131.88,use_adaptive_ngroute,0.10665608285977168,0,false,43.847333333333324,false,false,10.625,false,1.583498e6,1.4146083061037173e6,false,5
102.83,use_lmSR3_cuts,0.10644662758437873,5,false,51.371,false,false,11.0,false,1.583498e6,1.4149399781133914e6,false,0
391.683,use_adaptive_ngroute,0.094108719136895,0,false,55.809428571428576,false,false,11.0,false,1.569148e6,1.4214774915837795e6,false,8
568.577,use_adaptive_ngroute,0.05450766166136012,0,false,81.09857142857143,false,false,12.03125,false,1.503964e6,1.4219864391371342e6,false,1
123.595,use_lmSR3_cuts,0.054409404178483056,5,false,61.724000000000004,false,false,12.25,false,1.503964e6,1.422134214854112e6,false,0
637.919,use_adaptive_ngroute,0.032607373766644576,0,false,106.19900000000001,false,false,12.25,false,1.473521e6,1.42547335e6,false,1
127.643,use_adaptive_ngroute,0.03258745052356016,0,false,63.768499999999996,false,false,12.3125,false,1.473521e6,1.4255027073170731e6,false,3
217.395,use_lmSR3_cuts,0.03258097180416608,5,false,72.40533333333335,false,false,12.40625,false,1.473521e6,1.4255122538461534e6,false,0
213.428,none,0.009040154710306947,0,false,66.52766666666666,false,false,12.40625,true,1.440628e6,1.4276045e6,false,0
