CG_time_taken,method,CG_LP_IP_gap,implemented_SR3_cuts_count,errored,CG_sp_time_taken_mean,converged,CGIP_artificial,ngroute_neighborhood_size,time_limit_reached,CGIP_objective,CGLP_objective,CGLP_artificial,cycles_lookup_length
117.398,use_adaptive_ngroute,0.10042951153258706,0,false,4.456,false,false,8.0625,false,1.448244e6,1.3027975625e6,false,9
60.664,use_adaptive_ngroute,0.09902992865843052,0,false,5.8721000000000005,false,false,9.25,false,1.448244e6,1.3048245e6,false,2
76.523,use_adaptive_ngroute,0.0903009165803268,0,false,8.343222222222222,false,false,9.6875,false,1.439081e6,1.3091306666666667e6,false,3
47.141,use_adaptive_ngroute,0.08860168399138058,0,false,9.2872,false,false,9.8125,false,1.439081e6,1.311576e6,false,3
41.464,use_lmSR3_cuts,0.08607472407737982,5,false,10.263,false,false,10.375,false,1.439081e6,1.3152125000000002e6,false,0
132.895,use_adaptive_ngroute,0.03697756662951179,0,false,16.4795,false,false,10.375,false,1.373232e6,1.3224532222222222e6,false,2
92.193,use_lmSR3_cuts,0.03652969782236337,5,false,18.2832,false,false,10.53125,false,1.373232e6,1.3230682500000002e6,false,0
168.268,use_adaptive_ngroute,0.012400320632419914,0,false,23.84185714285714,false,false,10.53125,false,1.350664e6,1.3339153333333333e6,false,1
158.474,use_adaptive_ngroute,0.01149582723756648,0,false,26.261666666666667,false,false,10.5625,false,1.350664e6,1.3351369999999995e6,false,5
79.718,use_lmSR3_cuts,0.010605976846285614,5,false,26.446333333333335,false,false,10.71875,false,1.350664e6,1.3363388888888885e6,false,0
79.168,use_adaptive_ngroute,0.009122087358514164,0,false,19.603249999999996,false,false,10.71875,false,1.350664e6,1.3383431249999998e6,false,6
136.465,use_adaptive_ngroute,0.008833371339331375,0,false,27.1786,false,false,11.281250000000002,false,1.350664e6,1.3387330833333333e6,false,4
113.959,use_lmSR3_cuts,0.008290386139274908,5,false,37.86866666666667,false,false,11.625,false,1.350664e6,1.3394664738955824e6,false,0
246.234,use_adaptive_ngroute,0.005283230213035117,0,false,40.92883333333333,false,false,11.625,false,1.350664e6,1.343528131147541e6,false,1
204.32,use_lmSR3_cuts,0.00499155038366883,5,false,40.74080000000001,false,false,11.65625,false,1.350664e6,1.3439220925925924e6,false,0
261.877,use_lmSR3_cuts,0.0024819142718429665,5,false,52.230000000000004,false,false,11.65625,false,1.350664e6,1.3473117677419356e6,false,0
250.412,use_lmSR3_cuts,0.0016209241851883327,5,false,62.416999999999994,false,false,11.65625,false,1.350664e6,1.3484746760563368e6,false,0
462.423,use_lmSR3_cuts,0.00029229150300835727,5,false,92.23120000000002,false,false,11.65625,false,1.350664e6,1.3502692123893807e6,false,0
201.989,none,-1.1102230246251565e-15,0,false,67.16633333333334,true,false,11.65625,false,1.350664e6,1.3506640000000016e6,false,0
