CG_time_taken,method,CG_LP_IP_gap,implemented_SR3_cuts_count,errored,CG_sp_time_taken_mean,converged,CGIP_artificial,ngroute_neighborhood_size,time_limit_reached,CGIP_objective,CGLP_objective,CGLP_artificial,cycles_lookup_length
170.426,use_adaptive_ngroute,0.17152729446752413,0,false,6.35444,false,false,8.0625,false,1.630825e6,1.351094e6,false,14
61.354,use_adaptive_ngroute,0.1656460847386414,0,false,5.992099999999999,false,false,9.25,false,1.623167e6,1.3542957415730336e6,false,6
27.035,use_adaptive_ngroute,0.1656064964356717,0,false,5.3266,false,false,9.96875,false,1.623167e6,1.35436e6,false,2
25.395,use_adaptive_ngroute,0.16552012406169614,0,false,6.271,false,false,10.4375,false,1.623167e6,1.354500196787149e6,false,4
20.332,use_lmSR3_cuts,0.1653624775926732,5,false,6.664333333333333,false,false,10.875,false,1.623167e6,1.3547560833333335e6,false,0
76.433,use_lmSR3_cuts,0.16268902162426357,5,false,25.378666666666668,false,false,10.875,false,1.623167e6,1.359095548837209e6,false,0
264.428,use_adaptive_ngroute,0.11519887419354213,0,false,29.222777777777775,false,false,10.875,false,1.544795e6,1.366836355140187e6,false,6
70.734,use_lmSR3_cuts,0.11484729196304988,5,false,23.49666666666667,false,false,11.437499999999998,false,1.544795e6,1.3673794776119404e6,false,0
274.764,use_adaptive_ngroute,0.0315433749174403,0,false,45.531666666666666,false,false,11.437499999999998,false,1.422806e6,1.3779258969072164e6,false,7
134.174,use_adaptive_ngroute,0.030673089857243596,0,false,44.63666666666666,false,false,12.0,false,1.422806e6,1.3791641437125746e6,false,2
246.203,use_adaptive_ngroute,0.030638666818169513,0,false,61.46875,false,false,12.125,false,1.422806e6,1.3792131210191075e6,false,3
132.836,use_lmSR3_cuts,0.03063577653360061,5,false,66.34349999999999,false,false,12.25,false,1.422806e6,1.3792172333333339e6,false,0
367.078,use_adaptive_ngroute,0.029231065008254564,0,false,73.29360000000001,false,false,12.25,false,1.422806e6,1.3812158653198653e6,false,8
308.264,use_lmSR3_cuts,0.0291670351036607,5,false,77.00274999999999,false,false,12.843749999999998,false,1.422806e6,1.381306967452301e6,false,0
186.401,use_adaptive_ngroute,0.027724801671777155,0,false,46.51025,false,false,12.843749999999998,false,1.422806e6,1.3833589858325855e6,false,1
101.539,use_lmSR3_cuts,0.02770875849231824,5,false,50.687000000000005,false,false,13.0,false,1.422806e6,1.3833818121645786e6,false,0
139.713,use_lmSR3_cuts,0.026243404039113738,5,false,46.46133333333333,false,false,13.0,false,1.422806e6,1.3854667272727247e6,false,0
170.786,use_adaptive_ngroute,0.025427821209802914,0,false,56.85333333333333,false,false,13.0,false,1.422806e6,1.3866271434157651e6,false,2
135.403,use_lmSR3_cuts,0.025383197941227675,5,false,67.6075,false,false,13.0625,false,1.422806e6,1.3866906336700337e6,false,0
333.388,use_lmSR3_cuts,0.017899402774171014,5,false,83.224,false,false,13.0625,false,1.41365e6,1.3883465092682932e6,false,0
305.714,none,0.01648979060698763,0,false,92.10433333333334,false,false,13.0625,true,1.41365e6,1.390339207508432e6,false,0
