CG_time_taken,method,CG_LP_IP_gap,implemented_SR3_cuts_count,errored,CG_sp_time_taken_mean,converged,CGIP_artificial,ngroute_neighborhood_size,time_limit_reached,CGIP_objective,CGLP_objective,CGLP_artificial,cycles_lookup_length
133.296,use_adaptive_ngroute,0.04670226929348231,0,false,4.594777777777778,false,false,8.0625,false,1.403829e6,1.338267e6,false,9
45.773,use_adaptive_ngroute,0.04456168761416257,0,false,5.5649999999999995,false,false,9.4375,false,1.403829e6,1.3412720106382978e6,false,6
28.538,use_lmSR3_cuts,0.04454068123681709,5,false,5.5926,false,false,10.09375,false,1.403829e6,1.3413015000000002e6,false,0
93.281,use_lmSR3_cuts,0.032522924800670205,5,false,13.013714285714284,false,false,10.09375,false,1.403829e6,1.358172375e6,false,0
115.873,use_adaptive_ngroute,0.014609216050345597,0,false,16.360857142857142,false,false,10.09375,false,1.391131e6,1.3708076666666667e6,false,5
242.757,use_adaptive_ngroute,0.012887337775158825,0,false,26.816000000000003,false,false,10.8125,false,1.389969e6,1.3720560000000002e6,false,3
154.378,use_lmSR3_cuts,0.012832660296740905,5,false,30.774199999999997,false,false,11.343750000000002,false,1.389969e6,1.3721319999999993e6,false,0
149.083,use_lmSR3_cuts,0.009827077678231322,5,false,29.650000000000002,false,false,11.343750000000002,false,1.389969e6,1.3763096666666665e6,false,0
164.746,use_lmSR3_cuts,0.005374059497431749,5,false,27.192,false,false,11.343750000000002,false,1.383746e6,1.3763096666666667e6,false,0
49.461,use_lmSR3_cuts,0.004807481527197344,3,false,24.657,false,false,11.343750000000002,false,1.383746e6,1.3770936666666667e6,false,0
83.87,use_lmSR3_cuts,0.0038926941794220626,1,false,27.76966666666667,false,false,11.343750000000002,false,1.383746e6,1.3783595000000014e6,false,0
101.168,use_lmSR3_cuts,0.003892694179423062,2,false,33.59033333333333,false,false,11.343750000000002,false,1.383746e6,1.3783595e6,false,0
60.202,use_adaptive_ngroute,0.003889216301257603,0,false,30.002000000000002,false,false,11.343750000000002,false,1.383746e6,1.3783643125e6,false,1
105.317,use_lmSR3_cuts,0.0038858287575906925,5,false,34.96666666666666,false,false,11.437499999999998,false,1.383746e6,1.3783689999999988e6,false,0
65.473,use_lmSR3_cuts,0.0038808377765873203,5,false,32.5975,false,false,11.437499999999998,false,1.383746e6,1.3783759062499984e6,false,0
72.919,use_lmSR3_cuts,0.0037238484051225207,5,false,36.364999999999995,false,false,11.437499999999998,false,1.383746e6,1.3785931396648053e6,false,0
134.157,use_lmSR3_cuts,0.003572433398565278,5,false,44.535333333333334,false,false,11.437499999999998,false,1.383746e6,1.3788026595744689e6,false,0
275.394,none,0.003331455981727016,0,false,45.79266666666667,false,false,11.437499999999998,false,1.383746e6,1.3791361111111091e6,false,0
