CG_time_taken,method,CG_LP_IP_gap,implemented_SR3_cuts_count,errored,CG_sp_time_taken_mean,converged,CGIP_artificial,ngroute_neighborhood_size,time_limit_reached,CGIP_objective,CGLP_objective,CGLP_artificial,cycles_lookup_length
80.155,use_adaptive_ngroute,0.12638955216855152,0,false,3.3718181818181816,false,false,8.0625,false,1.540063e6,1.345415127118644e6,false,13
69.229,use_adaptive_ngroute,0.11464200391941282,0,false,7.587333333333334,false,false,9.125,false,1.540063e6,1.3635070915178573e6,false,7
37.649,use_adaptive_ngroute,0.11260964943996099,0,false,7.4676,false,false,10.3125,false,1.540063e6,1.3666370454545454e6,false,4
28.057,use_adaptive_ngroute,0.11003882529757258,0,false,9.247,false,false,10.5,false,1.540063e6,1.3705962765957445e6,false,1
21.226,use_adaptive_ngroute,0.11003448547299377,0,false,7.0040000000000004,false,false,10.53125,false,1.540063e6,1.3706029601990047e6,false,4
9.256,use_lmSR3_cuts,0.11003448547299355,5,false,9.188,false,false,11.343750000000002,false,1.540063e6,1.3706029601990052e6,false,0
77.019,use_adaptive_ngroute,0.10648475585618222,0,false,15.314200000000003,false,false,11.343750000000002,false,1.540063e6,1.3760697674418604e6,false,3
144.643,use_lmSR3_cuts,0.10615399067007902,5,false,18.020125,false,false,11.531249999999998,false,1.540063e6,1.376579166666666e6,false,0
124.621,use_adaptive_ngroute,0.10141256684660571,0,false,24.7992,false,false,11.531249999999998,false,1.540063e6,1.383881258064516e6,false,3
85.302,use_lmSR3_cuts,0.10107078111114343,5,false,28.376,false,false,11.78125,false,1.540063e6,1.3844076296296292e6,false,0
156.046,use_adaptive_ngroute,0.09878452833346663,0,false,38.932,false,false,11.78125,false,1.540063e6,1.3879286029411764e6,false,8
210.041,use_adaptive_ngroute,0.09777846233807286,0,false,52.4415,false,false,12.5,false,1.540063e6,1.3894780079562406e6,false,7
100.153,use_lmSR3_cuts,0.09769660938113123,5,false,49.997499999999995,false,false,12.750000000000002,false,1.540063e6,1.389604066666667e6,false,0
195.858,use_lmSR3_cuts,0.0971460258443968,5,false,65.22366666666666,false,false,12.750000000000002,false,1.540063e6,1.3904520000000007e6,false,0
451.126,use_lmSR3_cuts,0.09661093523859288,5,false,75.09716666666667,false,false,12.750000000000002,false,1.540063e6,1.3912760732436469e6,false,0
359.373,use_lmSR3_cuts,0.09634656132013153,5,false,89.71249999999999,false,false,12.750000000000002,false,1.540063e6,1.3916832257336343e6,false,0
369.205,use_lmSR3_cuts,0.08032302625722398,5,false,92.15700000000001,false,false,12.750000000000002,false,1.514772e6,1.3931009288702924e6,false,0
237.636,use_adaptive_ngroute,0.07968397413967743,0,false,79.09833333333334,false,false,12.750000000000002,false,1.514772e6,1.3940689471244926e6,false,4
280.975,use_lmSR3_cuts,0.07958390406886007,5,false,93.55966666666666,false,false,12.906249999999998,false,1.514772e6,1.3942205304658047e6,false,0
413.434,use_adaptive_ngroute,0.07853417344879177,0,false,103.18900000000001,false,false,12.906249999999998,false,1.514772e6,1.3958106330166268e6,false,6
100.558,none,0.07848259103175803,0,false,NaN,false,false,13.15625,true,1.514772e6,1.3958887686176419e6,false,0
