CG_time_taken,method,CG_LP_IP_gap,implemented_SR3_cuts_count,errored,CG_sp_time_taken_mean,converged,CGIP_artificial,ngroute_neighborhood_size,time_limit_reached,CGIP_objective,CGLP_objective,CGLP_artificial,cycles_lookup_length
111.01,use_adaptive_ngroute,0.1210821053705805,0,false,4.281458333333334,false,false,8.0625,false,1.542513e6,1.3557422783985098e6,false,14
58.995,use_adaptive_ngroute,0.117213237197197,0,false,9.730833333333333,false,false,10.75,false,1.542513e6,1.36171005785124e6,false,2
52.039,use_adaptive_ngroute,0.1175520575340867,0,false,12.893,false,false,11.15625,false,1.542513e6,1.3611874230769232e6,false,4
68.495,use_lmSR3_cuts,0.11702240968814781,7,false,11.3545,false,false,11.281250000000002,false,1.542513e6,1.362004411764706e6,false,0
224.248,use_adaptive_ngroute,0.10237051157074495,0,false,17.091076923076923,false,false,11.281250000000002,false,1.542513e6,1.3846051550854754e6,false,8
78.302,use_lmSR3_cuts,0.1014064387139687,4,false,19.49725,false,false,11.75,false,1.542513e6,1.38609225e6,false,0
79.95,use_adaptive_ngroute,0.10089127287744049,0,false,19.925500000000003,false,false,11.75,false,1.542513e6,1.3868869000000006e6,false,2
109.074,use_adaptive_ngroute,0.10020518170968096,0,false,27.2055,false,false,11.84375,false,1.542513e6,1.3879452045454548e6,false,2
57.032,use_lmSR3_cuts,0.1000680468546421,4,false,28.4475,false,false,12.125,false,1.542513e6,1.3881567368421054e6,false,0
70.823,use_lmSR3_cuts,0.09965813546608349,2,false,23.548,false,false,12.125,false,1.542513e6,1.3887890304878051e6,false,0
142.754,use_lmSR3_cuts,0.09930366763577447,1,false,35.626000000000005,false,false,12.125,false,1.542513e6,1.3893358017241387e6,false,0
145.695,use_lmSR3_cuts,0.09930366763577503,10,false,36.35175,false,false,12.125,false,1.542513e6,1.3893358017241377e6,false,0
249.759,use_lmSR3_cuts,0.09078394209291285,5,false,35.58671428571429,false,false,12.125,false,1.542513e6,1.4024775891304347e6,false,0
166.844,use_adaptive_ngroute,0.08725950110098235,0,false,55.51133333333333,false,false,12.125,false,1.542513e6,1.4079140851782204e6,false,3
251.072,use_lmSR3_cuts,0.08765548920222643,1,false,62.69050000000001,false,false,12.656250000000002,false,1.542513e6,1.407303268384206e6,false,0
95.029,use_adaptive_ngroute,0.08734518892528298,0,false,47.3535,false,false,12.656250000000002,false,1.542513e6,1.407781910595295e6,false,1
119.4,use_lmSR3_cuts,0.08736776756518916,1,false,59.623,false,false,12.718750000000002,false,1.542513e6,1.4077470827497174e6,false,0
460.115,use_lmSR3_cuts,0.08828024706610249,10,false,65.64871428571428,false,false,12.718750000000002,false,1.542513e6,1.4063395712573251e6,false,0
314.166,use_adaptive_ngroute,0.08477712295244166,0,false,78.44975000000001,false,false,12.718750000000002,false,1.542513e6,1.4117431857432604e6,false,1
216.331,use_lmSR3_cuts,0.0847656928836148,6,false,108.0705,false,false,12.750000000000002,false,1.542513e6,1.4117608167730167e6,false,0
81.251,use_lmSR3_cuts,0.08393096661120514,2,false,81.143,false,false,12.750000000000002,false,1.542513e6,1.4130483928996501e6,false,0
98.817,use_lmSR3_cuts,0.08375586397912849,10,false,98.674,false,false,12.750000000000002,false,1.542513e6,1.4133184909859626e6,false,0
263.786,none,0.07968328523927592,0,false,193.169,false,false,12.750000000000002,true,1.542513e6,1.4196004966357087e6,false,0
