CG_time_taken,method,CG_LP_IP_gap,implemented_SR3_cuts_count,errored,CG_sp_time_taken_mean,converged,CGIP_artificial,ngroute_neighborhood_size,time_limit_reached,CGIP_objective,CGLP_objective,CGLP_artificial,cycles_lookup_length
98.889,use_adaptive_ngroute,0.045006029694451555,0,false,3.66876,false,false,8.0625,false,1.355053e6,1.2940674444444443e6,false,8
41.605,use_adaptive_ngroute,0.04082920884680086,0,false,5.046875000000001,false,false,8.78125,false,1.355053e6,1.299727258064516e6,false,6
21.907,use_adaptive_ngroute,0.04082915330003101,0,false,7.235333333333334,false,false,10.125,false,1.355053e6,1.299727333333333e6,false,2
41.527,use_lmSR3_cuts,0.040770607004547266,5,false,10.282000000000002,false,false,10.21875,false,1.355053e6,1.2998066666666672e6,false,0
88.171,use_adaptive_ngroute,0.03427024625605102,0,false,12.479714285714287,false,false,10.21875,false,1.355053e6,1.3086149999999993e6,false,4
59.018,use_adaptive_ngroute,0.03262375667581896,0,false,8.360857142857142,false,false,10.375,false,1.355053e6,1.3108460806451614e6,false,4
57.511,use_adaptive_ngroute,0.032190793104941884,0,false,19.111666666666665,false,false,10.625,false,1.355053e6,1.3114327692307692e6,false,3
48.334,use_lmSR3_cuts,0.03216598151961392,5,false,16.055,false,false,10.90625,false,1.355053e6,1.3114663902439026e6,false,0
101.811,use_lmSR3_cuts,0.028332963114112153,5,false,20.180600000000002,false,false,10.90625,false,1.355053e6,1.316660333333333e6,false,0
128.285,use_adaptive_ngroute,0.024629048949868726,0,false,21.2675,false,false,10.90625,false,1.355053e6,1.3216793333333335e6,false,5
90.592,use_lmSR3_cuts,0.023963314825203086,5,false,22.582,false,false,11.468749999999998,false,1.355053e6,1.3225814383561641e6,false,0
45.098,use_lmSR3_cuts,0.023448652315936847,5,false,22.374,false,false,11.468749999999998,false,1.355053e6,1.3232788333333328e6,false,0
110.203,use_adaptive_ngroute,0.023032251643844814,0,false,27.4385,false,false,11.468749999999998,false,1.355053e6,1.3238430783132531e6,false,1
66.823,use_lmSR3_cuts,0.022990121665597774,5,false,33.3345,false,false,11.499999999999998,false,1.355053e6,1.3239001666666667e6,false,0
153.696,use_lmSR3_cuts,0.02217749079821707,5,false,38.29225,false,false,11.499999999999998,false,1.355053e6,1.3250013245614036e6,false,0
64.674,use_adaptive_ngroute,0.02169634484509564,0,false,31.9565,false,false,11.499999999999998,false,1.355053e6,1.3256533028286186e6,false,4
99.972,use_adaptive_ngroute,0.02168954277065216,0,false,33.239999999999995,false,false,11.75,false,1.355053e6,1.3256625199999996e6,false,1
32.769,use_lmSR3_cuts,0.021688201895776915,5,false,32.635,false,false,12.03125,false,1.355053e6,1.3256643369565217e6,false,0
372.602,use_adaptive_ngroute,0.02093041387757888,0,false,53.04228571428571,false,false,12.03125,false,1.355053e6,1.326691179883945e6,false,4
87.189,use_lmSR3_cuts,0.020832013223386237,5,false,43.5145,false,false,12.15625,false,1.355053e6,1.3268245179856108e6,false,0
228.94,use_adaptive_ngroute,0.020418548393056457,0,false,57.10475,false,false,12.15625,false,1.355053e6,1.3273847847443437e6,false,2
105.069,use_lmSR3_cuts,0.020410309775057978,5,false,52.4515,false,false,12.53125,false,1.355053e6,1.3273959485083784e6,false,0
685.8,use_lmSR3_cuts,0.018335184940559746,5,false,85.57575000000001,false,false,12.53125,false,1.355053e6,1.3302078526407396e6,false,0
497.007,use_adaptive_ngroute,0.017577896323880515,0,false,99.21100000000001,false,false,12.53125,false,1.355053e6,1.3312340188526367e6,false,1
221.415,none,0.017540446655370245,0,false,120.503,false,false,12.656250000000002,true,1.355053e6,1.3312847651383006e6,false,0
