CG_time_taken,method,CG_LP_IP_gap,implemented_SR3_cuts_count,errored,CG_sp_time_taken_mean,converged,CGIP_artificial,ngroute_neighborhood_size,time_limit_reached,CGIP_objective,CGLP_objective,CGLP_artificial,cycles_lookup_length
11.161,use_adaptive_ngroute,0.9999790486484817,0,false,0.24348275862068963,false,true,6.0,false,6.0e10,1.2570810910958902e6,false,24
8.825,use_adaptive_ngroute,0.14937889988600006,0,false,0.6375,false,false,6.9375,false,1.659931e6,1.411972333333332e6,false,8
4.597,use_adaptive_ngroute,0.14347608295131697,0,false,0.8724,false,false,7.28125,false,1.659931e6,1.4217706021505375e6,false,8
3.927,use_adaptive_ngroute,0.14184266683434132,0,false,0.9572499999999999,false,false,7.718750000000001,false,1.659931e6,1.424481960199005e6,false,6
2.131,use_SR3_cuts,0.14083492942355746,5,false,1.031,false,false,7.9375,false,1.659931e6,1.4261547347670249e6,false,0
39.858,use_adaptive_ngroute,0.05035843310322785,0,false,6.284166666666668,false,false,7.9375,false,1.539622e6,1.4620890485087421e6,false,11
22.428,use_adaptive_ngroute,0.04890247240180834,0,false,5.55625,false,false,8.71875,false,1.539622e6,1.464330677635783e6,false,3
17.287,use_adaptive_ngroute,0.04740169472865541,0,false,4.28725,false,false,8.8125,false,1.539622e6,1.466641307958478e6,false,2
19.569,use_SR3_cuts,0.04737006875713645,5,false,6.4783333333333335,false,false,9.03125,false,1.539622e6,1.46669e6,false,0
40.634,use_SR3_cuts,0.04154810450719426,5,false,8.0206,false,false,9.03125,false,1.539622e6,1.4756536242424245e6,false,0
30.207,use_SR3_cuts,0.03855628199649008,5,false,10.013000000000002,false,false,9.03125,false,1.539622e6,1.4802599e6,false,0
96.261,use_adaptive_ngroute,0.03535481436352572,0,false,19.086599999999997,false,false,9.03125,false,1.539622e6,1.4851889499999997e6,false,1
35.384,use_SR3_cuts,0.03520561107423337,4,false,17.638499999999997,false,false,9.0625,false,1.539622e6,1.4854186666666667e6,false,0
82.397,use_SR3_cuts,0.02657436151021464,5,false,20.534,false,false,9.0625,false,1.528842e6,1.4882140000000005e6,false,0
146.601,use_SR3_cuts,0.024559291190370924,5,false,36.50875,false,false,9.0625,false,1.528842e6,1.491294724137931e6,false,0
120.535,use_SR3_cuts,0.02407214087525067,5,false,30.081500000000002,false,false,9.0625,false,1.528842e6,1.4920395e6,false,0
28.145,use_SR3_cuts,0.023801401300600822,5,false,28.09,false,false,9.0625,false,1.528842e6,1.4924534180327868e6,false,0
119.26,use_SR3_cuts,0.023006000973638807,5,false,39.67733333333334,false,false,9.0625,false,1.528842e6,1.49366945945946e6,false,0
149.452,use_SR3_cuts,0.02220363350668486,5,false,74.345,false,false,9.0625,false,1.528842e6,1.494896152542373e6,false,0
183.063,use_SR3_cuts,0.021965208526017244,1,false,91.43749999999999,false,false,9.0625,false,1.528842e6,1.4952606666666667e6,false,0
304.811,use_SR3_cuts,0.02149047009991878,5,false,101.52233333333334,false,false,9.0625,false,1.528842e6,1.4959864667115e6,false,0
380.329,use_SR3_cuts,0.020992249907664684,5,false,126.70866666666667,false,false,9.0625,false,1.528842e6,1.496748166666666e6,false,0
545.809,use_SR3_cuts,0.020508388758345708,5,false,181.69166666666666,false,false,9.0625,false,1.528842e6,1.4974879139139133e6,false,0
446.174,use_SR3_cuts,0.020175069786115385,5,false,222.9535,false,false,9.0625,false,1.528842e6,1.4979975059580558e6,false,0
480.357,use_SR3_cuts,0.019889990488354603,5,false,240.0475,false,false,9.0625,false,1.528842e6,1.498433347161803e6,false,0
253.003,none,0.01906188793512975,0,false,NaN,false,false,9.0625,true,1.528842e6,1.4996993851254804e6,false,0
