CG_time_taken,method,CG_LP_IP_gap,implemented_SR3_cuts_count,errored,CG_sp_time_taken_mean,converged,CGIP_artificial,ngroute_neighborhood_size,time_limit_reached,CGIP_objective,CGLP_objective,CGLP_artificial,cycles_lookup_length
80.354,use_adaptive_ngroute,0.0173502764533624,0,false,3.4526666666666666,false,false,8.0625,false,1.324274e6,1.30129748e6,false,10
27.22,use_lmSR3_cuts,0.01727659636028578,5,false,3.734,false,false,9.375,false,1.324274e6,1.3013950526315789e6,false,0
57.591,use_adaptive_ngroute,0.01192111759874237,0,false,9.499166666666666,false,false,9.375,false,1.324274e6,1.308487173913043e6,false,4
26.6,use_adaptive_ngroute,0.010159780629487192,0,false,8.762000000000002,false,false,9.8125,false,1.324274e6,1.3108196666666665e6,false,7
16.079,use_adaptive_ngroute,0.008401631762006923,0,false,7.931500000000001,false,false,10.28125,false,1.324274e6,1.3131479375e6,false,2
18.787,use_adaptive_ngroute,0.008308905439403547,0,false,9.31,false,false,10.53125,false,1.324274e6,1.3132707325581394e6,false,8
50.932,use_lmSR3_cuts,0.00828577771669603,5,false,8.421333333333333,false,false,10.84375,false,1.324274e6,1.31330136e6,false,0
46.311,use_adaptive_ngroute,0.005648800499766127,0,false,11.453750000000001,false,false,10.84375,false,1.324274e6,1.3167934403669727e6,false,3
23.205,use_lmSR3_cuts,0.005532465335723713,5,false,11.548,false,false,11.0,false,1.324274e6,1.3169474999999998e6,false,0
70.259,use_lmSR3_cuts,0.004322081381949783,5,false,13.9288,false,false,11.0,false,1.324274e6,1.31855038e6,false,0
44.173,use_adaptive_ngroute,0.0025922636090250917,0,false,14.594666666666665,false,false,11.0,false,1.324274e6,1.3208411327014219e6,false,2
33.277,use_adaptive_ngroute,0.0025865104980933307,0,false,16.5645,false,false,11.25,false,1.324274e6,1.320848751396648e6,false,2
16.255,use_lmSR3_cuts,0.002582417078763277,5,false,16.188,false,false,11.375000000000002,false,1.324274e6,1.320854172205438e6,false,0
49.972,use_adaptive_ngroute,6.996179189300289e-5,0,false,16.554333333333332,false,false,11.375000000000002,false,1.324274e6,1.3241813514180027e6,false,2
57.414,use_adaptive_ngroute,4.0494269931468097e-5,0,false,19.006333333333334,false,false,11.531249999999998,false,1.324274e6,1.3242203744911808e6,false,1
61.404,none,0.0,0,false,20.426666666666666,true,false,11.562499999999998,false,1.324274e6,1.324274e6,false,0
