CG_time_taken,method,CG_LP_IP_gap,implemented_SR3_cuts_count,errored,CG_sp_time_taken_mean,converged,CGIP_artificial,ngroute_neighborhood_size,time_limit_reached,CGIP_objective,CGLP_objective,CGLP_artificial,cycles_lookup_length
132.206,use_adaptive_ngroute,0.073409636159538,0,false,4.411925925925926,false,false,8.0625,false,1.409933e6,1.306430331460674e6,false,14
62.387,use_adaptive_ngroute,0.06385983116455429,0,false,7.6365,false,false,10.1875,false,1.409933e6,1.3198949166666665e6,false,2
22.051,use_lmSR3_cuts,0.04867484217108031,2,false,7.248666666666667,false,false,10.34375,false,1.388212e6,1.3206410000000002e6,false,0
54.664,use_adaptive_ngroute,0.047914151440845654,0,false,10.757600000000002,false,false,10.34375,false,1.388212e6,1.3216970000000007e6,false,1
29.443,use_adaptive_ngroute,0.047470415181542824,0,false,14.670499999999999,false,false,10.375,false,1.388212e6,1.322313e6,false,4
13.678,use_lmSR3_cuts,0.047470415181542824,3,false,13.633,false,false,10.75,false,1.388212e6,1.322313e6,false,0
64.701,use_lmSR3_cuts,0.04717555147676755,2,false,12.812600000000002,false,false,10.75,false,1.388212e6,1.3227223333333335e6,false,0
80.345,use_lmSR3_cuts,0.04528024072400694,1,false,19.84925,false,false,10.75,false,1.38733e6,1.3245113636363635e6,false,0
29.864,use_lmSR3_cuts,0.04504727786467544,3,false,14.838499999999998,false,false,10.75,false,1.38733e6,1.3248345599999998e6,false,0
10.917,use_adaptive_ngroute,0.0445510440918887,0,false,10.821,false,false,10.75,false,1.38733e6,1.325523e6,false,1
67.244,use_lmSR3_cuts,0.044473737322771045,10,false,16.733500000000003,false,false,10.875,false,1.38733e6,1.32563025e6,false,0
98.708,use_lmSR3_cuts,0.004431254949658681,3,false,24.41375,false,false,10.875,false,1.335208e6,1.3292913529411762e6,false,0
67.426,use_lmSR3_cuts,0.003624747163770148,2,false,22.324,false,false,10.875,false,1.335208e6,1.3303682085889569e6,false,0
93.76,use_lmSR3_cuts,0.0032805750115340038,10,false,23.324,false,false,10.875,false,1.335208e6,1.3308277499999998e6,false,0
214.151,use_lmSR3_cuts,0.00023621710155352638,1,false,35.50366666666666,false,false,10.875,false,1.335208e6,1.334892601036269e6,false,0
75.013,none,0.0,0,false,37.397999999999996,true,false,10.875,false,1.335208e6,1.335208e6,false,0
