CG_time_taken,method,CG_LP_IP_gap,implemented_SR3_cuts_count,errored,CG_sp_time_taken_mean,converged,CGIP_artificial,ngroute_neighborhood_size,time_limit_reached,CGIP_objective,CGLP_objective,CGLP_artificial,cycles_lookup_length
103.869,use_adaptive_ngroute,0.06132545796635247,0,false,4.002458333333333,false,false,8.0625,false,1.391782e6,1.306430331460674e6,false,14
53.817,use_adaptive_ngroute,0.053516261668113074,0,false,8.779333333333334,false,false,10.1875,false,1.391782e6,1.3172990303030303e6,false,7
50.306,use_adaptive_ngroute,0.05111504531600497,0,false,12.4305,false,false,10.6875,false,1.391782e6,1.320641e6,false,1
52.374,use_lmSR3_cuts,0.05111504531600497,5,false,13.02225,false,false,10.71875,false,1.391782e6,1.320641e6,false,0
121.159,use_lmSR3_cuts,0.03993379625686666,5,false,24.1122,false,false,10.71875,false,1.378286e6,1.3232458076923082e6,false,0
149.082,use_lmSR3_cuts,0.0070932768527450785,5,false,29.699799999999996,false,false,10.71875,false,1.335208e6,1.325737e6,false,0
181.23,use_lmSR3_cuts,0.0051073690391311155,5,false,30.112500000000004,false,false,10.71875,false,1.335208e6,1.3283885999999999e6,false,0
95.712,use_adaptive_ngroute,0.003918134545452201,0,false,31.830666666666666,false,false,10.71875,false,1.335208e6,1.3299764754098358e6,false,5
59.843,use_lmSR3_cuts,0.0037209558360941086,5,false,29.866999999999997,false,false,11.09375,false,1.335208e6,1.3302397500000005e6,false,0
215.046,use_lmSR3_cuts,0.0014043096315675685,5,false,42.9024,false,false,11.09375,false,1.335208e6,1.333332954545454e6,false,0
222.957,none,0.0,0,false,44.4814,true,false,11.09375,false,1.335208e6,1.335208e6,false,0
