CG_time_taken,method,CG_LP_IP_gap,implemented_SR3_cuts_count,errored,CG_sp_time_taken_mean,converged,CGIP_artificial,ngroute_neighborhood_size,time_limit_reached,CGIP_objective,CGLP_objective,CGLP_artificial,cycles_lookup_length
98.715,use_adaptive_ngroute,0.09109167041482724,0,false,4.0951818181818185,false,false,8.0625,false,1.407357e6,1.2791585e6,false,1
12.374,use_lmSR3_cuts,0.09109167041482735,5,false,4.071,false,false,8.375,false,1.407357e6,1.2791584999999998e6,false,0
34.336,use_adaptive_ngroute,0.082916620100149,0,false,8.434999999999999,false,false,8.375,false,1.407357e6,1.2906637142857146e6,false,6
61.22,use_lmSR3_cuts,0.08157556875221994,5,false,12.088,false,false,9.0,false,1.407357e6,1.292551052287582e6,false,0
63.742,use_adaptive_ngroute,0.05712526790177397,0,false,12.5912,false,false,9.0,false,1.383641e6,1.3046001371951215e6,false,5
43.09,use_lmSR3_cuts,0.05701440077303277,5,false,14.312999999999999,false,false,9.5625,false,1.383641e6,1.3047535375e6,false,0
175.445,use_adaptive_ngroute,0.02633708385826128,0,false,24.89,false,false,9.5625,false,1.342775e6,1.3074102222222232e6,false,1
135.559,use_lmSR3_cuts,0.025664353009925533,5,false,33.733,false,false,9.84375,false,1.342775e6,1.3083135483870972e6,false,0
127.871,use_adaptive_ngroute,0.023049057603859224,0,false,31.836250000000003,false,false,9.84375,false,1.342775e6,1.311825301675978e6,false,5
114.807,use_lmSR3_cuts,0.02243789912680827,5,false,28.55075,false,false,10.1875,false,1.342775e6,1.31264595e6,false,0
176.37,use_adaptive_ngroute,0.019862724034207968,0,false,35.14000000000001,false,false,10.1875,false,1.342775e6,1.3161038307349663e6,false,5
144.818,use_adaptive_ngroute,0.019717547972362803,0,false,48.22233333333333,false,false,10.71875,false,1.342775e6,1.3162987695214106e6,false,3
144.358,use_lmSR3_cuts,0.019703551978458078,5,false,48.066,false,false,11.0,false,1.342775e6,1.316317562992126e6,false,0
92.318,use_lmSR3_cuts,0.019336527164385497,5,false,45.998000000000005,false,false,11.0,false,1.342775e6,1.3168103947368423e6,false,0
429.356,use_adaptive_ngroute,0.018877403335002874,0,false,71.395,false,false,11.0,false,1.342775e6,1.3174268947368416e6,false,1
135.38,use_lmSR3_cuts,0.018844995055234737,5,false,67.62700000000001,false,false,11.03125,false,1.342775e6,1.3174704117647072e6,false,0
299.656,use_adaptive_ngroute,0.017819613453555982,0,false,74.79375,false,false,11.03125,false,1.342775e6,1.3188472685449014e6,false,4
194.847,use_lmSR3_cuts,0.017786971939989238,5,false,97.3225,false,false,11.281250000000002,false,1.342775e6,1.318891098753281e6,false,0
394.11,use_adaptive_ngroute,0.01646334686876616,0,false,98.404,false,false,11.281250000000002,false,1.342775e6,1.3206684294082925e6,false,1
182.085,use_lmSR3_cuts,0.01646039904128893,5,false,90.962,false,false,11.312500000000002,false,1.342775e6,1.3206723876773333e6,false,0
280.287,use_lmSR3_cuts,0.016254821531868857,5,false,93.312,false,false,11.312500000000002,false,1.342775e6,1.3209484320175448e6,false,0
208.191,none,0.015055097093705005,0,false,128.47500000000002,false,false,11.312500000000002,true,1.342775e6,1.3225593920000002e6,false,0
