CG_time_taken,method,CG_LP_IP_gap,implemented_SR3_cuts_count,errored,CG_sp_time_taken_mean,converged,CGIP_artificial,ngroute_neighborhood_size,time_limit_reached,CGIP_objective,CGLP_objective,CGLP_artificial,cycles_lookup_length
78.175,use_adaptive_ngroute,0.09264471773022154,0,false,2.8235599999999996,false,false,8.0625,false,1.5715e6,1.4259088260869568e6,false,8
16.311,use_adaptive_ngroute,0.09073526354862671,0,false,3.9819999999999998,false,false,9.34375,false,1.5715e6,1.4289095333333332e6,false,9
29.434,use_lmSR3_cuts,0.09045033407572367,5,false,5.7432,false,false,10.1875,false,1.5715e6,1.4293573000000003e6,false,0
56.322,use_lmSR3_cuts,0.03780073576320142,5,false,7.8870000000000005,false,false,10.1875,false,1.488613e6,1.4323423333333335e6,false,0
31.064,use_adaptive_ngroute,0.036647915634462236,0,false,7.65775,false,false,10.1875,false,1.488613e6,1.4340584363636363e6,false,2
43.023,use_adaptive_ngroute,0.03662500229774601,0,false,14.198333333333336,false,false,10.4375,false,1.488613e6,1.4340925454545454e6,false,2
29.193,use_lmSR3_cuts,0.03631609498984034,5,false,14.5215,false,false,10.5,false,1.488613e6,1.4345523888888888e6,false,0
65.697,use_adaptive_ngroute,0.03356513748032586,0,false,13.0484,false,false,10.5,false,1.488613e6,1.4386474999999998e6,false,2
32.616,use_adaptive_ngroute,0.033383424704742204,0,false,16.225,false,false,10.5625,false,1.488613e6,1.4389179999999995e6,false,2
25.5,use_lmSR3_cuts,0.03325725478561714,5,false,8.262666666666666,false,false,10.625,false,1.488613e6,1.4391058181818181e6,false,0
117.728,use_adaptive_ngroute,0.01806993391778855,0,false,23.3088,false,false,10.625,false,1.468642e6,1.4421037361111112e6,false,3
137.996,use_adaptive_ngroute,0.017689170555880596,0,false,27.4658,false,false,10.78125,false,1.468642e6,1.4426629411764704e6,false,1
76.229,use_lmSR3_cuts,0.017605847783190187,5,false,18.96375,false,false,10.8125,false,1.468642e6,1.4427853125e6,false,0
225.548,use_adaptive_ngroute,0.01360463158028602,0,false,44.8276,false,false,10.8125,false,1.468642e6,1.4486616666666656e6,false,2
254.504,use_adaptive_ngroute,0.011808094577414718,0,false,42.3055,false,false,10.875,false,1.468642e6,1.4513001363636365e6,false,1
190.877,use_adaptive_ngroute,0.011768312155038485,0,false,47.6175,false,false,10.90625,false,1.468642e6,1.4513585625e6,false,1
188.82,use_adaptive_ngroute,0.011708666039564108,0,false,62.87866666666667,false,false,10.9375,false,1.468642e6,1.4514461612903224e6,false,1
84.374,use_lmSR3_cuts,0.011680731246961451,5,false,42.0985,false,false,10.96875,false,1.468642e6,1.4514871875e6,false,0
184.991,use_lmSR3_cuts,0.011299962822798104,5,false,46.12625,false,false,10.96875,false,1.468642e6,1.4520464000000001e6,false,0
266.56,use_lmSR3_cuts,0.01089907210303509,5,false,66.526,false,false,10.96875,false,1.468642e6,1.4526351649484544e6,false,0
205.097,use_lmSR3_cuts,0.010511658822478953,5,false,68.18166666666667,false,false,10.96875,false,1.468642e6,1.453204136363637e6,false,0
496.733,use_adaptive_ngroute,0.009817913419335689,0,false,99.205,false,false,10.96875,false,1.468642e6,1.454223e6,false,2
353.593,use_lmSR3_cuts,0.009681960160020986,5,false,176.6795,false,false,11.15625,false,1.468642e6,1.4544226666666665e6,false,0
232.112,use_adaptive_ngroute,0.008993895608476965,0,false,115.882,false,false,11.15625,false,1.468642e6,1.455433187165775e6,false,4
136.086,none,0.00883425360459189,0,false,NaN,false,false,11.343750000000002,true,1.468642e6,1.455667644117645e6,false,0
