CG_time_taken,method,CG_LP_IP_gap,implemented_SR3_cuts_count,errored,CG_sp_time_taken_mean,converged,CGIP_artificial,ngroute_neighborhood_size,time_limit_reached,CGIP_objective,CGLP_objective,CGLP_artificial,cycles_lookup_length
124.958,use_adaptive_ngroute,0.17503032511185845,0,false,4.977250000000001,false,false,8.0625,false,1.575427e6,1.2996795000000002e6,false,2
18.865,use_lmSR3_cuts,0.17428363412404568,5,false,6.232000000000001,false,false,8.15625,false,1.575427e6,1.300855857142857e6,false,0
203.478,use_adaptive_ngroute,0.1433904062621979,0,false,18.209545454545456,false,false,8.15625,false,1.548253e6,1.3262483733333333e6,false,13
126.902,use_adaptive_ngroute,0.1429808844764605,0,false,25.2314,false,false,9.84375,false,1.548253e6,1.3268824166666665e6,false,6
84.983,use_adaptive_ngroute,0.06174548524030987,0,false,28.192000000000004,false,false,10.59375,false,1.414854e6,1.3274931532258065e6,false,3
57.001,use_lmSR3_cuts,0.06171215709019606,5,false,28.406999999999996,false,false,10.6875,false,1.414854e6,1.3275403076923077e6,false,0
230.455,use_lmSR3_cuts,0.059232106176991484,5,false,38.30466666666666,false,false,10.6875,false,1.414854e6,1.331049217647059e6,false,0
129.907,use_adaptive_ngroute,0.05482483840356467,0,false,32.313,false,false,10.6875,false,1.413447e6,1.3359549966329967e6,false,3
220.636,use_adaptive_ngroute,0.05472407585026062,0,false,55.06275000000001,false,false,11.09375,false,1.413447e6,1.3360974191616767e6,false,2
175.533,use_lmSR3_cuts,0.054683268710064015,5,false,58.34966666666667,false,false,11.1875,false,1.413447e6,1.336155097891566e6,false,0
315.24,use_adaptive_ngroute,0.051940522203772654,0,false,62.92100000000001,false,false,11.1875,false,1.413447e6,1.340031824712644e6,false,6
370.798,use_lmSR3_cuts,0.051741104373156155,5,false,92.617,false,false,11.531249999999998,false,1.413447e6,1.3403136912470756e6,false,0
782.23,use_lmSR3_cuts,0.050288346175722975,5,false,97.677125,false,false,11.531249999999998,false,1.413447e6,1.342367087962963e6,false,0
732.27,none,0.048465165003261035,0,false,113.79766666666667,false,false,11.531249999999998,true,1.413447e6,1.3449440579216357e6,false,0
