CG_time_taken,method,CG_LP_IP_gap,implemented_SR3_cuts_count,errored,CG_sp_time_taken_mean,converged,CGIP_artificial,ngroute_neighborhood_size,time_limit_reached,CGIP_objective,CGLP_objective,CGLP_artificial,cycles_lookup_length
143.957,use_adaptive_ngroute,0.04425677604904821,0,false,5.674833333333334,false,false,8.0625,false,1.348389e6,1.28871365e6,false,6
129.379,use_adaptive_ngroute,0.043128189953401286,0,false,14.22511111111111,false,false,8.78125,false,1.348389e6,1.2902354230769232e6,false,3
73.63,use_lmSR3_cuts,0.0398380780623282,5,false,14.641400000000003,false,false,9.15625,false,1.344119e6,1.2905718823529414e6,false,0
333.982,use_lmSR3_cuts,0.0038434008374708117,5,false,36.93844444444445,false,false,9.15625,false,1.311541e6,1.3065002222222227e6,false,0
267.785,use_adaptive_ngroute,0.0027802019435224645,0,false,44.444,false,false,9.15625,false,1.311541e6,1.3078946511627906e6,false,2
159.283,use_lmSR3_cuts,0.002407854577172741,5,false,79.5445,false,false,9.9375,false,1.311541e6,1.3083830000000002e6,false,0
265.007,use_lmSR3_cuts,0.0011090770322839116,5,false,88.20033333333333,false,false,9.9375,false,1.311541e6,1.3100864000000013e6,false,0
860.868,none,2.220446049250313e-16,0,false,143.317,true,false,9.9375,false,1.311541e6,1.3115409999999998e6,false,0
