CG_time_taken,method,CG_LP_IP_gap,implemented_SR3_cuts_count,errored,CG_sp_time_taken_mean,converged,CGIP_artificial,ngroute_neighborhood_size,time_limit_reached,CGIP_objective,CGLP_objective,CGLP_artificial,cycles_lookup_length
104.061,use_adaptive_ngroute,0.021794667030610726,0,false,4.438318181818181,false,false,8.0625,false,1.481522e6,1.4492327213114756e6,false,17
44.565,use_adaptive_ngroute,0.006750240624963877,0,false,4.858555555555555,false,false,9.875,false,1.462433e6,1.4525612253521122e6,false,10
30.953,use_adaptive_ngroute,0.005918970346658892,0,false,6.0878000000000005,false,false,10.6875,false,1.462433e6,1.4537769024390245e6,false,1
19.962,use_lmSR3_cuts,0.005764516741755377,6,false,4.9215,false,false,11.0,false,1.462433e6,1.4540027804878044e6,false,0
40.353,use_adaptive_ngroute,0.003011171358712872,0,false,7.946199999999999,false,false,11.0,false,1.462433e6,1.4580293636363635e6,false,8
41.241,use_lmSR3_cuts,0.002697435152118066,4,false,8.156400000000001,false,false,11.499999999999998,false,1.462433e6,1.4584881818181826e6,false,0
50.186,use_lmSR3_cuts,0.0020668297282677717,2,false,8.220500000000001,false,false,11.499999999999998,false,1.462433e6,1.4594104000000001e6,false,0
30.376,use_lmSR3_cuts,0.002028235067683015,10,false,10.024333333333335,false,false,11.499999999999998,false,1.462433e6,1.4594668421052631e6,false,0
53.111,use_lmSR3_cuts,0.0003047433056191373,1,false,10.4368,false,false,11.499999999999998,false,1.462433e6,1.4619873333333335e6,false,0
38.304,none,0.0,0,false,9.5055,true,false,11.499999999999998,false,1.462433e6,1.462433e6,false,0
