CG_time_taken,method,CG_LP_IP_gap,implemented_SR3_cuts_count,errored,CG_sp_time_taken_mean,converged,CGIP_artificial,ngroute_neighborhood_size,time_limit_reached,CGIP_objective,CGLP_objective,CGLP_artificial,cycles_lookup_length
101.728,use_adaptive_ngroute,0.009026245091929397,0,false,4.321136363636364,false,false,8.0625,false,1.462433e6,1.4492327213114745e6,false,13
25.237,use_adaptive_ngroute,0.006750240624963544,0,false,4.9654,false,false,9.46875,false,1.462433e6,1.4525612253521127e6,false,14
49.692,use_adaptive_ngroute,0.00597037607876727,0,false,6.995285714285715,false,false,10.6875,false,1.462433e6,1.453701725e6,false,2
35.726,use_lmSR3_cuts,0.005764516741755377,5,false,8.81675,false,false,11.0625,false,1.462433e6,1.4540027804878044e6,false,0
93.089,use_adaptive_ngroute,0.0028049890334334027,0,false,15.369,false,false,11.0625,false,1.462433e6,1.4583308914728689e6,false,8
62.331,use_adaptive_ngroute,0.0020062284450259593,0,false,15.45,false,false,11.562499999999998,false,1.462433e6,1.4594990253164554e6,false,3
50.797,use_lmSR3_cuts,0.0012367898031722113,5,false,16.853666666666665,false,false,11.84375,false,1.462433e6,1.4606242777777775e6,false,0
184.609,none,0.0,0,false,22.9925,true,false,11.84375,false,1.462433e6,1.462433e6,false,0
