CG_time_taken,method,CG_LP_IP_gap,implemented_SR3_cuts_count,errored,CG_sp_time_taken_mean,converged,CGIP_artificial,ngroute_neighborhood_size,time_limit_reached,CGIP_objective,CGLP_objective,CGLP_artificial,cycles_lookup_length
148.775,use_adaptive_ngroute,0.13402074188591018,0,false,5.4424230769230775,false,false,8.0625,false,1.521366e6,1.3174714000000004e6,false,4
16.811,use_adaptive_ngroute,0.13305427490820754,0,false,5.554666666666667,false,false,8.59375,false,1.521366e6,1.31894175e6,false,4
16.659,use_adaptive_ngroute,0.13268682369805962,0,false,5.487666666666668,false,false,8.8125,false,1.521366e6,1.3195007777777778e6,false,3
15.191,use_lmSR3_cuts,0.13258901608990303,5,false,5.002,false,false,9.0,false,1.521366e6,1.3196495789473685e6,false,0
177.07,use_adaptive_ngroute,0.12670160797501617,0,false,16.004636363636365,false,false,9.0,false,1.521366e6,1.3286064814814816e6,false,3
39.222,use_adaptive_ngroute,0.12585663147460902,0,false,9.7215,false,false,9.28125,false,1.521366e6,1.329892e6,false,3
73.19,use_lmSR3_cuts,0.12568901894744589,5,false,12.1485,false,false,9.46875,false,1.521366e6,1.330147e6,false,0
90.761,use_adaptive_ngroute,0.12202121822360545,0,false,14.979333333333333,false,false,9.46875,false,1.518139e6,1.3328938297872338e6,false,11
98.311,use_lmSR3_cuts,0.12137121502049553,5,false,19.582,false,false,10.3125,false,1.518139e6,1.333880625e6,false,0
107.181,use_adaptive_ngroute,0.10305075605195502,0,false,26.698249999999998,false,false,10.3125,false,1.494136e6,1.340164155555556e6,false,2
86.414,use_adaptive_ngroute,0.10299307872018781,0,false,28.720666666666666,false,false,10.8125,false,1.494136e6,1.3402503333333335e6,false,3
28.476,use_lmSR3_cuts,0.10274338654084558,5,false,28.391,false,false,11.0,false,1.494136e6,1.3406234074074072e6,false,0
105.502,use_lmSR3_cuts,0.09967436290419074,5,false,35.068,false,false,11.0,false,1.494136e6,1.345208946107784e6,false,0
232.986,use_adaptive_ngroute,0.012215906661349085,0,false,33.216857142857144,false,false,11.0,false,1.364195e6,1.3475301212121209e6,false,3
206.734,use_adaptive_ngroute,0.011498537241341644,0,false,41.2656,false,false,11.125,false,1.364195e6,1.348508752988048e6,false,1
121.52,use_lmSR3_cuts,0.011484250240439753,5,false,40.434,false,false,11.15625,false,1.364195e6,1.3485282432432433e6,false,0
265.026,use_adaptive_ngroute,0.009087760380829812,0,false,44.07316666666667,false,false,11.15625,false,1.364195e6,1.3517975227272739e6,false,1
73.15,use_lmSR3_cuts,0.008892423737076216,5,false,36.4825,false,false,11.1875,false,1.364195e6,1.3520639999999993e6,false,0
238.124,use_lmSR3_cuts,0.007648854754463086,5,false,59.412000000000006,false,false,11.1875,false,1.364195e6,1.3537604705882352e6,false,0
185.716,none,0.0,0,false,61.78466666666667,true,false,11.1875,false,1.354024e6,1.354024e6,false,0
