CG_time_taken,method,CG_LP_IP_gap,implemented_SR3_cuts_count,errored,CG_sp_time_taken_mean,converged,CGIP_artificial,ngroute_neighborhood_size,time_limit_reached,CGIP_objective,CGLP_objective,CGLP_artificial,cycles_lookup_length
101.41,use_adaptive_ngroute,0.11215315770569578,0,false,4.603190476190476,false,false,8.0625,false,1.631791e6,1.448780486634265e6,false,10
44.569,use_adaptive_ngroute,0.10568479664368813,0,false,7.346,false,false,8.96875,false,1.631791e6,1.4593354999999995e6,false,4
46.279,use_adaptive_ngroute,0.10407776894630927,0,false,9.1862,false,false,9.09375,false,1.631791e6,1.461957833333333e6,false,5
25.163,use_lmSR3_cuts,0.10361309460233425,5,false,8.337666666666667,false,false,9.34375,false,1.631791e6,1.4627160847457624e6,false,0
102.764,use_adaptive_ngroute,0.04713197860131879,0,false,14.525714285714287,false,false,9.34375,false,1.549219e6,1.4762012432432435e6,false,8
48.537,use_adaptive_ngroute,0.04609439710555685,0,false,16.096666666666668,false,false,9.875,false,1.549219e6,1.4778086842105263e6,false,1
70.672,use_lmSR3_cuts,0.04596942751561672,5,false,17.4355,false,false,10.03125,false,1.549219e6,1.4780022894736838e6,false,0
87.471,use_adaptive_ngroute,3.541661890860137e-5,0,false,21.75775,false,false,10.03125,false,1.479821e6,1.47976858974359e6,false,2
56.584,none,0.0,0,false,18.811,true,false,10.3125,false,1.479821e6,1.479821e6,false,0
