CG_time_taken,method,CG_LP_IP_gap,implemented_SR3_cuts_count,errored,CG_sp_time_taken_mean,converged,CGIP_artificial,ngroute_neighborhood_size,time_limit_reached,CGIP_objective,CGLP_objective,CGLP_artificial,cycles_lookup_length
74.158,use_adaptive_ngroute,0.11688481516733895,0,false,2.901304347826087,false,false,8.0625,false,1.640534e6,1.4487804866342647e6,false,10
28.217,use_adaptive_ngroute,0.10180851453589557,0,false,4.5865,false,false,9.03125,false,1.625232e6,1.4597695443037974e6,false,3
42.703,use_adaptive_ngroute,0.10014715542281216,0,false,6.033428571428572,false,false,9.125,false,1.625232e6,1.4624696382978722e6,false,4
5.146,use_adaptive_ngroute,0.10007938074146472,0,false,5.081,false,false,9.5,false,1.625232e6,1.4625797878787878e6,false,1
17.817,use_lmSR3_cuts,0.09999551771946247,6,false,8.808499999999999,false,false,9.53125,false,1.625232e6,1.4627160847457626e6,false,0
66.177,use_adaptive_ngroute,0.00020997925243482207,0,false,10.809666666666665,false,false,9.53125,false,1.479821e6,1.4795102682926827e6,false,5
38.943,use_lmSR3_cuts,8.478370416586944e-5,6,false,9.653500000000001,false,false,9.90625,false,1.479821e6,1.4796955352941176e6,false,0
43.481,none,0.0,0,false,8.5804,true,false,9.90625,false,1.479821e6,1.479821e6,false,0
