CG_time_taken,method,CG_LP_IP_gap,implemented_SR3_cuts_count,errored,CG_sp_time_taken_mean,converged,CGIP_artificial,ngroute_neighborhood_size,time_limit_reached,CGIP_objective,CGLP_objective,CGLP_artificial,cycles_lookup_length
12.34,use_adaptive_ngroute,0.36351119547955035,0,false,0.33305000000000007,false,false,6.0,false,2.076578e6,1.3217186487134662e6,false,26
25.6,use_adaptive_ngroute,0.050736879326566675,0,false,2.4417,false,false,7.718750000000001,false,1.497916e6,1.4219164166666665e6,false,9
18.451,use_adaptive_ngroute,0.030121187497643254,0,false,2.5975714285714284,false,false,8.4375,false,1.495893e6,1.450834926470588e6,false,5
6.596,use_adaptive_ngroute,0.02893803138430373,0,false,2.167,false,false,8.625,false,1.495893e6,1.4526048014184397e6,false,10
14.107,use_SR3_cuts,0.02876007842806938,5,false,2.8028,false,false,9.15625,false,1.495893e6,1.452871e6,false,0
32.253,use_adaptive_ngroute,0.022770930140056822,0,false,5.319166666666667,false,false,9.15625,false,1.495893e6,1.461830125e6,false,1
27.503,use_SR3_cuts,0.022643739298941035,5,false,6.843,false,false,9.1875,false,1.495893e6,1.4620203888888892e6,false,0
23.081,use_SR3_cuts,0.01536063781850383,5,false,5.69925,false,false,9.1875,false,1.495893e6,1.472915129411765e6,false,0
39.953,use_adaptive_ngroute,0.014550840200468929,0,false,13.243666666666666,false,false,9.1875,false,1.495893e6,1.4741265e6,false,1
51.468,use_SR3_cuts,0.014521723441746626,5,false,17.123,false,false,9.28125,false,1.495893e6,1.4741700555555553e6,false,0
23.813,use_SR3_cuts,0.003958921153000894,5,false,11.8665,false,false,9.28125,false,1.481109e6,1.47524540625e6,false,0
14.869,none,0.00394825769068996,0,false,14.839,false,false,9.28125,false,1.481109e6,1.4752612e6,false,0
