CG_time_taken,method,CG_LP_IP_gap,implemented_SR3_cuts_count,errored,CG_sp_time_taken_mean,converged,CGIP_artificial,ngroute_neighborhood_size,time_limit_reached,CGIP_objective,CGLP_objective,CGLP_artificial,cycles_lookup_length
125.712,use_adaptive_ngroute,0.05750581366582552,0,false,4.784079999999999,false,false,8.0625,false,1.509088e6,1.4223066666666667e6,false,3
18.457,use_lmSR3_cuts,0.05717376985305034,5,false,6.0953333333333335,false,false,8.3125,false,1.509088e6,1.42280775e6,false,0
62.314,use_adaptive_ngroute,0.054545858160690464,0,false,10.318833333333332,false,false,8.3125,false,1.509088e6,1.4267735e6,false,3
44.74,use_lmSR3_cuts,0.05402998367225764,5,false,8.9016,false,false,8.625,false,1.509088e6,1.427552e6,false,0
82.134,use_adaptive_ngroute,0.05136476480600938,0,false,16.3492,false,false,8.625,false,1.509088e6,1.4315740498084289e6,false,4
49.258,use_adaptive_ngroute,0.05119930523790328,0,false,16.372999999999998,false,false,9.4375,false,1.509088e6,1.431823742857143e6,false,5
61.612,use_lmSR3_cuts,0.05119184567102775,5,false,20.451333333333334,false,false,9.90625,false,1.509088e6,1.431835e6,false,0
207.315,use_adaptive_ngroute,0.04910971700482969,0,false,25.841874999999998,false,false,9.90625,false,1.509088e6,1.4349771153846155e6,false,4
130.992,use_adaptive_ngroute,0.04781389097170774,0,false,26.154799999999998,false,false,10.09375,false,1.509088e6,1.4369326309012875e6,false,6
65.719,use_adaptive_ngroute,0.04726720315087085,0,false,32.821999999999996,false,false,10.375,false,1.509088e6,1.4377576309314587e6,false,2
67.877,use_lmSR3_cuts,0.04708727055775186,5,false,33.8965,false,false,10.875,false,1.509088e6,1.4380291650485434e6,false,0
144.727,use_adaptive_ngroute,0.04592140323596272,0,false,48.175333333333334,false,false,10.875,false,1.509088e6,1.4397885614334475e6,false,9
164.841,use_lmSR3_cuts,0.045786303879319035,5,false,54.894000000000005,false,false,12.0625,false,1.509088e6,1.4399924382513661e6,false,0
194.369,use_adaptive_ngroute,0.044730744978221604,0,false,48.527249999999995,false,false,12.0625,false,1.509088e6,1.4415853695223054e6,false,3
124.451,use_lmSR3_cuts,0.04461015332361229,5,false,62.1905,false,false,12.21875,false,1.509088e6,1.4417673529411766e6,false,0
423.577,use_lmSR3_cuts,0.042402082373069305,5,false,84.63459999999999,false,false,12.21875,false,1.509088e6,1.4450995263157897e6,false,0
383.765,use_adaptive_ngroute,0.04146681481391146,0,false,95.86824999999999,false,false,12.21875,false,1.509088e6,1.446510927366104e6,false,3
296.316,use_lmSR3_cuts,0.041320208394183044,5,false,98.70966666666668,false,false,12.3125,false,1.509088e6,1.446732169354839e6,false,0
363.511,use_adaptive_ngroute,0.041066725316416974,0,false,121.10600000000001,false,false,12.3125,false,1.509088e6,1.447114697625699e6,false,1
446.524,use_lmSR3_cuts,0.041048790357271936,5,false,148.7866666666667,false,false,12.375,false,1.509088e6,1.4471417630573253e6,false,0
129.718,none,0.04083428308736248,0,false,NaN,false,false,12.375,true,1.509088e6,1.4474654734042583e6,false,0
