CG_time_taken,method,CG_LP_IP_gap,implemented_SR3_cuts_count,errored,CG_sp_time_taken_mean,converged,CGIP_artificial,ngroute_neighborhood_size,time_limit_reached,CGIP_objective,CGLP_objective,CGLP_artificial,cycles_lookup_length
356.476,use_adaptive_ngroute,0.18149723559176167,0,false,14.391583333333335,false,false,7.833333333333333,false,1.837423e6,1.5039358048872785e6,false,17
232.121,use_adaptive_ngroute,0.14921774543283894,0,false,38.549499999999995,false,false,9.527777777777777,false,1.779036e6,1.513572259036144e6,false,10
168.765,use_adaptive_ngroute,0.14903406552947063,0,false,42.0625,false,false,10.416666666666666,false,1.779036e6,1.5138990321967127e6,false,7
169.68,use_SR3_cuts,0.1489635439341741,5,false,56.489000000000004,false,false,10.944444444444445,false,1.779036e6,1.5140244926535226e6,false,0
1139.38,use_adaptive_ngroute,0.08453845197511978,0,false,189.513,false,false,10.944444444444445,false,1.660589e6,1.5202053765730879e6,false,4
827.691,use_SR3_cuts,0.08452400515241631,5,false,206.82850000000002,false,false,11.5,false,1.660589e6,1.5202293668079542e6,false,0
682.093,none,0.08087869048589247,0,false,369.483,false,false,11.5,true,1.660589e6,1.5262827362447223e6,false,0
