CG_time_taken,method,CG_LP_IP_gap,implemented_SR3_cuts_count,errored,CG_sp_time_taken_mean,converged,CGIP_artificial,ngroute_neighborhood_size,time_limit_reached,CGIP_objective,CGLP_objective,CGLP_artificial,cycles_lookup_length
247.958,use_adaptive_ngroute,0.18937223530592084,0,false,10.41195652173913,false,false,7.833333333333333,false,1.855273e6,1.5039358048872782e6,false,21
172.507,use_adaptive_ngroute,0.18400201361378465,0,false,28.618,false,false,10.0,false,1.855273e6,1.513899032196713e6,false,7
68.691,use_adaptive_ngroute,0.18393438989651512,0,false,34.268499999999996,false,false,10.527777777777777,false,1.855273e6,1.5140244926535226e6,false,2
62.557,use_SR3_cuts,0.1706320335436542,10,false,31.2225,false,false,10.75,false,1.825516e6,1.5140244926535226e6,false,0
1419.534,use_adaptive_ngroute,0.15149176249865104,0,false,353.8955,false,false,10.75,false,1.794835e6,1.5229322824557337e6,false,6
536.517,use_SR3_cuts,0.15145229385662728,10,false,266.0845,false,false,11.63888888888889,false,1.794835e6,1.5230031221558403e6,false,0
1054.916,none,0.10156228734043393,0,false,741.418,false,false,11.63888888888889,true,1.697255e6,1.5248779000000118e6,false,0
