CG_time_taken,method,CG_LP_IP_gap,implemented_SR3_cuts_count,errored,CG_sp_time_taken_mean,converged,CGIP_artificial,ngroute_neighborhood_size,time_limit_reached,CGIP_objective,CGLP_objective,CGLP_artificial,cycles_lookup_length
932.947,use_adaptive_ngroute,0.1396157933400839,0,false,25.966914285714285,false,false,7.833333333333333,false,1.604813e6,1.3807557598425199e6,false,20
1019.944,use_adaptive_ngroute,0.10950138042839164,0,false,84.73858333333332,false,false,10.25,false,1.560531e6,1.3896507012987016e6,false,10
1235.085,use_adaptive_ngroute,0.09984164836496101,0,false,154.13850000000002,false,false,10.666666666666666,false,1.560531e6,1.404725012635379e6,false,11
399.854,none,0.08796455911313528,0,false,NaN,false,false,11.833333333333332,true,1.560531e6,1.42325957860262e6,false,0
