CG_time_taken,method,CG_LP_IP_gap,implemented_SR3_cuts_count,errored,CG_sp_time_taken_mean,converged,CGIP_artificial,ngroute_neighborhood_size,time_limit_reached,CGIP_objective,CGLP_objective,CGLP_artificial,cycles_lookup_length
185.913,use_adaptive_ngroute,0.1516725788684956,0,false,5.745033333333335,false,false,7.833333333333333,false,1.508759e6,1.2799216315789474e6,false,5
40.861,use_adaptive_ngroute,0.15164460769855703,0,false,10.081999999999999,false,false,8.61111111111111,false,1.508759e6,1.2799638333333328e6,false,1
34.941,use_adaptive_ngroute,0.15156816960163944,0,false,8.636750000000001,false,false,8.777777777777777,false,1.508759e6,1.2800791600000001e6,false,1
14.564,use_SR3_cuts,0.15156816960163944,5,false,7.23,false,false,9.083333333333334,false,1.508759e6,1.2800791600000001e6,false,0
196.357,use_SR3_cuts,0.1464929758791117,5,false,24.414375,false,false,9.083333333333334,false,1.508759e6,1.2877364042056073e6,false,0
330.606,use_SR3_cuts,0.14254858214598887,5,false,65.8676,false,false,9.083333333333334,false,1.508759e6,1.29368754375e6,false,0
1015.224,use_adaptive_ngroute,0.0827291209633223,0,false,196.28059999999996,false,false,9.083333333333334,false,1.415358e6,1.298266676811594e6,false,1
1077.383,use_adaptive_ngroute,0.07125683377557102,0,false,358.63199999999995,false,false,9.444444444444445,false,1.398355e6,1.2987126502057614e6,false,2
455.377,use_SR3_cuts,0.07119446430637066,5,false,227.5445,false,false,9.63888888888889,false,1.398355e6,1.298799864864865e6,false,0
176.185,none,0.06821663602881545,0,false,NaN,false,false,9.63888888888889,true,1.398355e6,1.3029639259259258e6,false,0
