CG_time_taken,method,CG_LP_IP_gap,implemented_SR3_cuts_count,errored,CG_sp_time_taken_mean,converged,CGIP_artificial,ngroute_neighborhood_size,time_limit_reached,CGIP_objective,CGLP_objective,CGLP_artificial,cycles_lookup_length
104.934,use_adaptive_ngroute,0.1742901074166463,0,false,4.222130434782608,false,false,7.833333333333333,false,1.652378e6,1.3643848608870967e6,false,9
73.219,use_adaptive_ngroute,0.17377424640236927,0,false,9.003375,false,false,8.666666666666666,false,1.652378e6,1.365237258278146e6,false,2
25.512,use_adaptive_ngroute,0.1734472983784583,0,false,6.29025,false,false,8.777777777777777,false,1.652378e6,1.3657774999999998e6,false,3
19.406,use_SR3_cuts,0.17344729837845818,5,false,6.4236666666666675,false,false,9.583333333333332,false,1.652378e6,1.3657775e6,false,0
215.156,use_adaptive_ngroute,0.1478817193910542,0,false,35.570166666666665,false,false,9.583333333333332,false,1.616909e6,1.37779771698113e6,false,4
76.333,use_SR3_cuts,0.14774068865857604,5,false,38.112500000000004,false,false,9.694444444444445,false,1.616909e6,1.3780257508417505e6,false,0
750.122,use_adaptive_ngroute,0.09679339774636253,0,false,145.48299999999998,false,false,9.694444444444445,false,1.556275e6,1.4056378549222797e6,false,1
314.652,use_SR3_cuts,0.09678355123101812,5,false,104.792,false,false,9.722222222222221,false,1.556275e6,1.4056531788079473e6,false,0
1229.972,use_SR3_cuts,0.09293835419070651,5,false,307.13825,false,false,9.722222222222221,false,1.556275e6,1.4116373628318582e6,false,0
753.428,none,0.08919025608550801,0,false,526.3620000000001,false,false,9.722222222222221,true,1.556275e6,1.417470434210526e6,false,0
