CG_time_taken,method,CG_LP_IP_gap,implemented_SR3_cuts_count,errored,CG_sp_time_taken_mean,converged,CGIP_artificial,ngroute_neighborhood_size,time_limit_reached,CGIP_objective,CGLP_objective,CGLP_artificial,cycles_lookup_length
128.912,use_adaptive_ngroute,0.02209826818668248,0,false,5.146869565217392,false,false,7.833333333333333,false,1.446844e6,1.4148712532637075e6,false,11
61.911,use_adaptive_ngroute,0.02095030707315826,0,false,8.650571428571428,false,false,9.88888888888889,false,1.446844e6,1.4165321739130435e6,false,2
24.527,use_adaptive_ngroute,0.020768282909035984,0,false,6.08675,false,false,9.944444444444445,false,1.446844e6,1.4167955344827587e6,false,3
31.757,use_SR3_cuts,0.020762251583747005,5,false,10.354333333333335,false,false,10.055555555555555,false,1.446844e6,1.4168042608695652e6,false,0
206.048,use_SR3_cuts,0.008558364399906426,5,false,33.96933333333334,false,false,10.055555555555555,false,1.446844e6,1.4344613818181818e6,false,0
231.67,use_SR3_cuts,0.006128617029740546,5,false,57.7725,false,false,10.055555555555555,false,1.446844e6,1.437976847222222e6,false,0
274.837,use_SR3_cuts,0.00459599734074323,5,false,91.479,false,false,10.055555555555555,false,1.446844e6,1.4401943088235296e6,false,0
363.562,use_SR3_cuts,0.0038071946019503367,5,false,180.666,false,false,10.055555555555555,false,1.446844e6,1.4413355833333358e6,false,0
351.809,use_adaptive_ngroute,0.003323786116540828,0,false,175.6575,false,false,10.055555555555555,false,1.446844e6,1.4420349999999995e6,false,2
529.465,use_SR3_cuts,0.0032616349261428423,5,false,176.29700000000003,false,false,10.277777777777779,false,1.446844e6,1.4421249230769197e6,false,0
868.807,use_SR3_cuts,0.0030093085363732675,5,false,217.08925,false,false,10.277777777777779,false,1.446844e6,1.4424899999999995e6,false,0
506.161,none,0.0023593644877693,0,false,435.682,false,false,10.277777777777779,true,1.446844e6,1.4434303676470579e6,false,0
