CG_time_taken,method,CG_LP_IP_gap,implemented_SR3_cuts_count,errored,CG_sp_time_taken_mean,converged,CGIP_artificial,ngroute_neighborhood_size,time_limit_reached,CGIP_objective,CGLP_objective,CGLP_artificial,cycles_lookup_length
120.922,use_adaptive_ngroute,0.0825490369635219,0,false,3.5360967741935485,false,false,7.833333333333333,false,1.477077e6,1.355145716129032e6,false,8
57.59,use_adaptive_ngroute,0.08058686175466834,0,false,8.127142857142857,false,false,9.166666666666666,false,1.477077e6,1.3580439999999998e6,false,1
14.161,use_SR3_cuts,0.08055662185067769,8,false,7.0235,false,false,9.305555555555555,false,1.477077e6,1.3580886666666665e6,false,0
374.953,use_adaptive_ngroute,0.07465970782491516,0,false,61.15683333333334,false,false,9.305555555555555,false,1.477077e6,1.3667988627450978e6,false,5
88.611,use_adaptive_ngroute,0.07375765334734219,0,false,44.2085,false,false,10.11111111111111,false,1.477077e6,1.3681312666666678e6,false,3
82.626,use_SR3_cuts,0.07374593071549307,8,false,41.17,false,false,10.25,false,1.477077e6,1.3681485818965517e6,false,0
1854.865,use_SR3_cuts,0.07054277081999127,2,false,460.61975,false,false,10.25,false,1.477077e6,1.3728798957055197e6,false,0
990.611,none,0.06965967000064444,0,false,NaN,false,false,10.25,true,1.477077e6,1.374184303614458e6,false,0
