CG_time_taken,method,CG_LP_IP_gap,implemented_SR3_cuts_count,errored,CG_sp_time_taken_mean,converged,CGIP_artificial,ngroute_neighborhood_size,time_limit_reached,CGIP_objective,CGLP_objective,CGLP_artificial,cycles_lookup_length
162.527,use_adaptive_ngroute,0.1602221031476404,0,false,6.505434782608695,false,false,7.833333333333333,false,1.699418e6,1.4271336739130432e6,false,7
73.762,use_adaptive_ngroute,0.11028694188608734,0,false,12.101333333333333,false,false,9.166666666666666,false,1.607109e6,1.4298658631123921e6,false,8
53.611,use_adaptive_ngroute,0.10793978504258206,0,false,13.22975,false,false,10.027777777777779,false,1.607109e6,1.433638000000001e6,false,4
85.365,use_adaptive_ngroute,0.10771811027963374,0,false,16.978,false,false,10.13888888888889,false,1.607109e6,1.4339942555066082e6,false,4
27.972,use_SR3_cuts,0.10752259947112042,5,false,13.9125,false,false,10.555555555555555,false,1.607109e6,1.434308462686567e6,false,0
535.061,use_adaptive_ngroute,0.08611279524511462,0,false,88.87950000000001,false,false,10.555555555555555,false,1.575539e6,1.4398649326923073e6,false,10
211.617,use_SR3_cuts,0.08551903757848478,5,false,70.48533333333333,false,false,11.333333333333332,false,1.575539e6,1.4408004210526317e6,false,0
528.826,use_SR3_cuts,0.08044714513733442,5,false,132.06625000000003,false,false,11.333333333333332,false,1.571668e6,1.445231796296296e6,false,0
1897.051,none,0.07762050679066268,0,false,542.0706666666666,false,false,11.333333333333332,true,1.571668e6,1.4496743333333328e6,false,0
