CG_time_taken,method,CG_LP_IP_gap,implemented_SR3_cuts_count,errored,CG_sp_time_taken_mean,converged,CGIP_artificial,ngroute_neighborhood_size,time_limit_reached,CGIP_objective,CGLP_objective,CGLP_artificial,cycles_lookup_length
9.169,use_adaptive_ngroute,0.16846489292374023,0,false,0.2166190476190476,false,false,6.0,false,1.841546e6,1.5313101502958578e6,false,30
7.623,use_adaptive_ngroute,0.06217340625294843,0,false,0.57625,false,false,8.78125,false,1.672776e6,1.568773818181818e6,false,5
4.847,use_adaptive_ngroute,0.06053653258029146,0,false,0.7813333333333333,false,false,9.03125,false,1.672776e6,1.5715119411764704e6,false,2
3.765,use_SR3_cuts,0.05835132737437643,5,false,0.7168,false,false,9.34375,false,1.672776e6,1.5751673e6,false,0
5.607,use_adaptive_ngroute,0.05368407280558085,0,false,1.8209999999999997,false,false,9.34375,false,1.672776e6,1.5829745714285716e6,false,7
8.193,use_SR3_cuts,0.05286667856970162,5,false,2.0022499999999996,false,false,9.71875,false,1.672776e6,1.5843418888888888e6,false,0
6.274,use_SR3_cuts,0.050970004352046905,5,false,2.064333333333333,false,false,9.71875,false,1.672776e6,1.5875146000000003e6,false,0
21.306,use_adaptive_ngroute,0.02096826236786753,0,false,3.4886666666666666,false,false,9.71875,false,1.627059e6,1.5929424e6,false,1
8.831,use_SR3_cuts,0.020802578285251228,5,false,4.381,false,false,9.75,false,1.627059e6,1.5932119777777775e6,false,0
17.042,use_adaptive_ngroute,0.018779345396310876,0,false,5.651666666666667,false,false,9.75,false,1.627059e6,1.5965038970588238e6,false,5
14.993,use_SR3_cuts,0.018649432671296817,5,false,4.959666666666667,false,false,10.125,false,1.627059e6,1.5967152727272725e6,false,0
29.77,use_adaptive_ngroute,0.01699824335047828,0,false,7.3015,false,false,10.125,false,1.627059e6,1.599401855172414e6,false,5
14.535,use_SR3_cuts,0.016978794253926566,5,false,7.2284999999999995,false,false,10.375,false,1.627059e6,1.5994335000000005e6,false,0
29.589,none,0.0,0,false,9.816333333333334,true,false,10.375,false,1.60132e6,1.60132e6,false,0
