CG_time_taken,method,CG_LP_IP_gap,implemented_SR3_cuts_count,errored,CG_sp_time_taken_mean,converged,CGIP_artificial,ngroute_neighborhood_size,time_limit_reached,CGIP_objective,CGLP_objective,CGLP_artificial,cycles_lookup_length
192.565,use_adaptive_ngroute,0.18828127241597203,0,false,6.910461538461537,false,false,7.833333333333333,false,1.79571e6,1.4576114363099148e6,false,11
61.32,use_adaptive_ngroute,0.16160437059967847,0,false,9.985000000000001,false,false,9.222222222222223,false,1.742734e6,1.46110056880734e6,false,7
72.229,use_adaptive_ngroute,0.1615504920528985,0,false,17.95575,false,false,9.722222222222221,false,1.742734e6,1.4611944647826839e6,false,4
56.762,use_adaptive_ngroute,0.16153367516104078,0,false,18.851,false,false,9.88888888888889,false,1.742734e6,1.4612237721518988e6,false,2
58.358,use_adaptive_ngroute,0.16153367516104078,0,false,19.343666666666664,false,false,9.944444444444445,false,1.742734e6,1.4612237721518988e6,false,1
91.47,use_SR3_cuts,0.16153151149246014,5,false,18.246199999999998,false,false,9.972222222222221,false,1.742734e6,1.461227542850699e6,false,0
483.685,use_adaptive_ngroute,0.09964758910905624,0,false,59.860375,false,false,9.972222222222221,false,1.636341e6,1.4732835643896977e6,false,9
199.005,use_SR3_cuts,0.09911469443242404,5,false,49.5635,false,false,10.944444444444445,false,1.636341e6,1.4741555617977527e6,false,0
575.98,use_SR3_cuts,0.09708917812416518,5,false,95.68616666666667,false,false,10.944444444444445,false,1.636341e6,1.4774699971791254e6,false,0
456.644,use_SR3_cuts,0.09515432448408989,5,false,152.02700000000002,false,false,10.944444444444445,false,1.636341e6,1.4806360775193798e6,false,0
879.519,use_adaptive_ngroute,0.0767104662819682,0,false,292.72766666666666,false,false,10.944444444444445,false,1.607123e6,1.4838398452975245e6,false,7
407.176,none,0.07654932895851274,0,false,365.14500000000004,false,false,11.472222222222221,true,1.607123e6,1.484098812796208e6,false,0
