CG_time_taken,method,CG_LP_IP_gap,implemented_SR3_cuts_count,errored,CG_sp_time_taken_mean,converged,CGIP_artificial,ngroute_neighborhood_size,time_limit_reached,CGIP_objective,CGLP_objective,CGLP_artificial,cycles_lookup_length
181.164,use_adaptive_ngroute,0.14383261472745035,0,false,6.164428571428571,false,false,7.833333333333333,false,1.629159e6,1.3948328012232417e6,false,4
40.11,use_adaptive_ngroute,0.14348515092756442,0,false,9.94025,false,false,8.277777777777779,false,1.629159e6,1.395398875e6,false,3
47.815,use_adaptive_ngroute,0.14335262317319308,0,false,11.86325,false,false,8.805555555555555,false,1.629159e6,1.395614783783784e6,false,6
40.906,use_adaptive_ngroute,0.1432086832017495,0,false,13.572000000000001,false,false,9.416666666666668,false,1.629159e6,1.395849284883721e6,false,5
55.879,use_SR3_cuts,0.14318599893304385,5,false,18.555333333333337,false,false,9.86111111111111,false,1.629159e6,1.3958862411642412e6,false,0
535.314,use_adaptive_ngroute,0.020146414912649346,0,false,66.39874999999999,false,false,9.86111111111111,false,1.448678e6,1.419492331937173e6,false,5
159.323,use_adaptive_ngroute,0.01978448476893202,0,false,52.98933333333333,false,false,10.305555555555555,false,1.448678e6,1.420016652173913e6,false,1
169.62,use_adaptive_ngroute,0.019784484768932242,0,false,56.47533333333333,false,false,10.527777777777777,false,1.448678e6,1.4200166521739129e6,false,1
133.809,use_SR3_cuts,0.01976071078372421,5,false,66.84150000000001,false,false,10.555555555555555,false,1.448678e6,1.420051093023256e6,false,0
842.969,use_adaptive_ngroute,0.0167136953221243,0,false,140.32833333333335,false,false,10.555555555555555,false,1.448678e6,1.4244652372881356e6,false,1
293.581,use_SR3_cuts,0.016577182783199862,5,false,146.72799999999998,false,false,10.583333333333332,false,1.448678e6,1.4246629999999995e6,false,0
1079.35,none,0.015345460091740648,0,false,326.3606666666667,false,false,10.583333333333332,true,1.448678e6,1.4264473695652173e6,false,0
