CG_time_taken,method,CG_LP_IP_gap,implemented_SR3_cuts_count,errored,CG_sp_time_taken_mean,converged,CGIP_artificial,ngroute_neighborhood_size,time_limit_reached,CGIP_objective,CGLP_objective,CGLP_artificial,cycles_lookup_length
169.164,use_adaptive_ngroute,0.1587464958808369,0,false,4.8100000000000005,false,false,7.833333333333333,false,1.658041e6,1.3948328012232413e6,false,4
24.636,use_adaptive_ngroute,0.15840508467522807,0,false,8.116333333333335,false,false,8.277777777777779,false,1.658041e6,1.3953988750000002e6,false,3
31.416,use_adaptive_ngroute,0.15827486546847536,0,false,7.7780000000000005,false,false,8.694444444444445,false,1.658041e6,1.3956147837837837e6,false,6
27.721,use_adaptive_ngroute,0.1581464060584299,0,false,9.163333333333334,false,false,9.38888888888889,false,1.658041e6,1.3958277747524749e6,false,4
24.899,use_SR3_cuts,0.15811114371463597,14,false,12.348,false,false,9.805555555555555,false,1.658041e6,1.3958862411642412e6,false,0
3311.903,none,0.013947543898644166,0,false,1514.213,false,false,9.805555555555555,true,1.448678e6,1.4284725e6,false,0
