CG_time_taken,method,CG_LP_IP_gap,implemented_SR3_cuts_count,errored,CG_sp_time_taken_mean,converged,CGIP_artificial,ngroute_neighborhood_size,time_limit_reached,CGIP_objective,CGLP_objective,CGLP_artificial,cycles_lookup_length
107.978,use_adaptive_ngroute,0.08739151957757518,0,false,3.923166666666666,false,false,7.833333333333333,false,1.558648e6,1.4224353827934517e6,false,25
92.637,use_adaptive_ngroute,0.07399853811852453,0,false,11.32775,false,false,11.694444444444445,false,1.558648e6,1.443310326558638e6,false,8
85.867,use_adaptive_ngroute,0.0738602652402165,0,false,17.075000000000003,false,false,12.722222222222221,false,1.558648e6,1.443525845303867e6,false,4
51.638,use_adaptive_ngroute,0.07344331110377567,0,false,17.145333333333333,false,false,13.027777777777777,false,1.558648e6,1.4441757300347222e6,false,5
38.072,use_adaptive_ngroute,0.07325861566814718,0,false,18.980500000000003,false,false,13.888888888888888,false,1.558648e6,1.4444636052060737e6,false,3
95.393,use_SR3_cuts,0.07304751546538257,10,false,23.774,false,false,14.027777777777779,false,1.558648e6,1.4447926361149123e6,false,0
716.124,none,0.0653287518657305,0,false,118.37766666666667,false,false,14.027777777777779,false,1.552341e6,1.4509285e6,false,0
