CG_time_taken,method,CG_LP_IP_gap,implemented_SR3_cuts_count,errored,CG_sp_time_taken_mean,converged,CGIP_artificial,ngroute_neighborhood_size,time_limit_reached,CGIP_objective,CGLP_objective,CGLP_artificial,cycles_lookup_length
169.937,use_adaptive_ngroute,0.11150098954649723,0,false,6.304800000000001,false,false,7.833333333333333,false,1.600942e6,1.4224353827934517e6,false,25
248.1,use_adaptive_ngroute,0.09846182650049917,0,false,18.901846153846154,false,false,11.694444444444445,false,1.600942e6,1.443310326558638e6,false,8
125.252,use_adaptive_ngroute,0.09832720654223037,0,false,24.968800000000005,false,false,12.61111111111111,false,1.600942e6,1.4435258453038686e6,false,4
80.04,use_adaptive_ngroute,0.09792126758200959,0,false,26.617,false,false,12.972222222222221,false,1.600942e6,1.4441757300347225e6,false,5
57.149,use_adaptive_ngroute,0.09774145146665325,0,false,28.511,false,false,13.833333333333332,false,1.600942e6,1.4444636052060733e6,false,3
63.382,use_adaptive_ngroute,0.09756815647214168,0,false,31.627999999999997,false,false,13.916666666666668,false,1.600942e6,1.4447410404411766e6,false,1
100.586,use_SR3_cuts,0.09753592815048218,5,false,33.42400000000001,false,false,13.972222222222223,false,1.600942e6,1.4447926361149107e6,false,0
440.121,none,0.08804105840218934,0,false,73.09250000000002,false,false,13.972222222222223,false,1.591002e6,1.4509285e6,false,0
