CG_time_taken,method,CG_LP_IP_gap,implemented_SR3_cuts_count,errored,CG_sp_time_taken_mean,converged,CGIP_artificial,ngroute_neighborhood_size,time_limit_reached,CGIP_objective,CGLP_objective,CGLP_artificial,cycles_lookup_length
169.916,use_adaptive_ngroute,0.12084834397642807,0,false,5.199466666666665,false,false,7.833333333333333,false,1.598723e6,1.405519972972973e6,false,13
23.662,use_adaptive_ngroute,0.11878656789313613,0,false,7.734999999999999,false,false,9.944444444444445,false,1.598723e6,1.4088161818181816e6,false,2
36.765,use_SR3_cuts,0.11878656789313602,5,false,12.169333333333334,false,false,10.361111111111112,false,1.598723e6,1.4088161818181819e6,false,0
268.41,use_adaptive_ngroute,0.05301146317517913,0,false,29.041,false,false,10.361111111111112,false,1.507016e6,1.4271268768115942e6,false,10
95.276,use_adaptive_ngroute,0.052749764521700326,0,false,31.616,false,false,11.166666666666668,false,1.507016e6,1.4275212608695652e6,false,8
134.297,use_SR3_cuts,0.05266384121794254,5,false,33.48075,false,false,11.527777777777777,false,1.507016e6,1.427650748663101e6,false,0
710.719,use_SR3_cuts,0.017006195184839368,5,false,100.65685714285715,false,false,11.527777777777777,false,1.469636e6,1.4446430833333335e6,false,0
508.59,use_SR3_cuts,0.015413245184521474,5,false,169.01266666666663,false,false,11.527777777777777,false,1.469636e6,1.4469841400000006e6,false,0
1390.885,use_adaptive_ngroute,0.005416312761232223,0,false,462.52000000000004,false,false,11.527777777777777,false,1.458723e6,1.450822099999997e6,false,1
237.862,none,0.0054108542197529585,0,false,NaN,false,false,11.555555555555555,true,1.458723e6,1.4508300624999993e6,false,0
