CG_time_taken,method,CG_LP_IP_gap,implemented_SR3_cuts_count,errored,CG_sp_time_taken_mean,converged,CGIP_artificial,ngroute_neighborhood_size,time_limit_reached,CGIP_objective,CGLP_objective,CGLP_artificial,cycles_lookup_length
117.469,use_adaptive_ngroute,0.13462927920178913,0,false,3.900851851851852,false,false,7.833333333333333,false,1.62764e6,1.408512e6,false,14
29.443,use_adaptive_ngroute,0.13157604722174432,0,false,4.760833333333333,false,false,9.61111111111111,false,1.62764e6,1.4134815625e6,false,5
37.814,use_adaptive_ngroute,0.1305497018177647,0,false,7.462600000000001,false,false,10.277777777777779,false,1.62764e6,1.4151520833333335e6,false,2
32.129,use_SR3_cuts,0.1305497018177647,5,false,7.96575,false,false,10.666666666666666,false,1.62764e6,1.4151520833333335e6,false,0
262.413,use_adaptive_ngroute,0.11591199528151175,0,false,26.039000000000005,false,false,10.666666666666666,false,1.62764e6,1.4389770000000002e6,false,6
139.592,use_adaptive_ngroute,0.11550480161099375,0,false,27.812200000000004,false,false,11.027777777777779,false,1.62764e6,1.4396397647058822e6,false,3
117.177,use_SR3_cuts,0.11550480161099363,5,false,29.140500000000003,false,false,11.166666666666668,false,1.62764e6,1.4396397647058824e6,false,0
263.417,use_adaptive_ngroute,0.11097804655348087,0,false,65.56675,false,false,11.166666666666668,false,1.62764e6,1.4470076923076925e6,false,2
255.651,use_SR3_cuts,0.11025073111990369,2,false,63.7505,false,false,11.555555555555555,false,1.62764e6,1.4481915e6,false,0
403.905,use_adaptive_ngroute,0.0322087412669112,0,false,100.85849999999999,false,false,11.555555555555555,false,1.497895e6,1.4496496875e6,false,4
375.333,use_adaptive_ngroute,0.03219341265699649,0,false,124.91333333333334,false,false,12.083333333333334,false,1.497895e6,1.4496726481481483e6,false,3
508.501,use_SR3_cuts,0.03209489742452498,5,false,169.32466666666667,false,false,12.666666666666666,false,1.497895e6,1.449820213622291e6,false,0
240.16,use_SR3_cuts,0.03045220828316797,5,false,120.00800000000001,false,false,12.666666666666666,false,1.497895e6,1.452280789473684e6,false,0
557.261,use_SR3_cuts,0.006675243539750131,5,false,185.58466666666672,false,false,12.666666666666666,false,1.464099e6,1.4543257826086953e6,false,0
211.935,none,0.005658694452279289,0,false,NaN,false,false,12.666666666666666,true,1.464099e6,1.4558141111111124e6,false,0
