CG_time_taken,method,CG_LP_IP_gap,implemented_SR3_cuts_count,errored,CG_sp_time_taken_mean,converged,CGIP_artificial,ngroute_neighborhood_size,time_limit_reached,CGIP_objective,CGLP_objective,CGLP_artificial,cycles_lookup_length
79.265,use_adaptive_ngroute,0.163906225328469,0,false,2.6982,false,false,7.833333333333333,false,1.684634e6,1.408512e6,false,14
36.482,use_adaptive_ngroute,0.11847371258687533,0,false,4.405875,false,false,9.555555555555555,false,1.603448e6,1.4134815625e6,false,5
34.84,use_adaptive_ngroute,0.11743188221050305,0,false,6.873599999999999,false,false,10.222222222222223,false,1.603448e6,1.4151520833333333e6,false,2
19.826,use_SR3_cuts,0.11743188221050327,10,false,6.538333333333333,false,false,10.61111111111111,false,1.603448e6,1.415152083333333e6,false,0
343.776,use_adaptive_ngroute,0.03544282196160198,0,false,55.265666666666675,false,false,10.61111111111111,false,1.490377e6,1.4375538333333335e6,false,5
227.353,use_SR3_cuts,0.03371495936934077,2,false,45.2206,false,false,10.805555555555555,false,1.490377e6,1.440129e6,false,0
306.105,use_adaptive_ngroute,0.011390024372924579,0,false,60.988800000000005,false,false,10.805555555555555,false,1.458996e6,1.4423780000000005e6,false,2
321.869,use_SR3_cuts,0.011390024372924912,3,false,64.1014,false,false,11.305555555555555,false,1.458996e6,1.442378e6,false,0
564.043,use_SR3_cuts,0.007929907761024535,2,false,112.38340000000002,false,false,11.305555555555555,false,1.458996e6,1.4474262962962962e6,false,0
1645.971,none,0.0050242838718831395,0,false,431.70933333333335,false,false,11.305555555555555,true,1.458996e6,1.451665589928058e6,false,0
