CG_time_taken,method,CG_LP_IP_gap,implemented_SR3_cuts_count,errored,CG_sp_time_taken_mean,converged,CGIP_artificial,ngroute_neighborhood_size,time_limit_reached,CGIP_objective,CGLP_objective,CGLP_artificial,cycles_lookup_length
183.903,use_adaptive_ngroute,0.2391276454455754,0,false,6.71996153846154,false,false,7.833333333333333,false,1.865801e6,1.4196364e6,false,10
66.786,use_adaptive_ngroute,0.2106404133749914,0,false,10.975166666666668,false,false,9.61111111111111,false,1.805818e6,1.4254397499999998e6,false,5
70.536,use_adaptive_ngroute,0.20687013331355653,0,false,13.9904,false,false,9.916666666666666,false,1.80117e6,1.4285617219796213e6,false,8
78.562,use_adaptive_ngroute,0.2064489331934244,0,false,19.564249999999998,false,false,10.361111111111112,false,1.80117e6,1.4293203749999998e6,false,1
78.053,use_SR3_cuts,0.2064489331934236,5,false,25.939333333333334,false,false,10.38888888888889,false,1.80117e6,1.4293203750000012e6,false,0
502.325,use_adaptive_ngroute,0.15549117336238516,0,false,83.42733333333334,false,false,10.38888888888889,false,1.714804e6,1.4481671139534884e6,false,4
278.644,use_SR3_cuts,0.15515974853827752,5,false,92.79166666666666,false,false,10.527777777777777,false,1.714804e6,1.4487354425675676e6,false,0
741.09,use_adaptive_ngroute,0.1530102048768468,0,false,148.0344,false,false,10.527777777777777,false,1.714804e6,1.4524214886363635e6,false,5
554.457,use_SR3_cuts,0.15298605310483493,5,false,110.82440000000001,false,false,11.083333333333334,false,1.714804e6,1.4524629041916167e6,false,0
991.519,none,0.11650349912162195,0,false,702.523,false,false,11.083333333333334,true,1.653799e6,1.4611256296561607e6,false,0
