CG_time_taken,method,CG_LP_IP_gap,implemented_SR3_cuts_count,errored,CG_sp_time_taken_mean,converged,CGIP_artificial,ngroute_neighborhood_size,time_limit_reached,CGIP_objective,CGLP_objective,CGLP_artificial,cycles_lookup_length
112.488,use_adaptive_ngroute,0.1353486825558543,0,false,4.675227272727272,false,false,7.833333333333333,false,1.642081e6,1.4198275000000002e6,false,10
74.696,use_adaptive_ngroute,0.13193091571000204,0,false,7.382200000000001,false,false,9.527777777777777,false,1.642081e6,1.4254397500000042e6,false,4
39.918,use_adaptive_ngroute,0.13005545825686526,0,false,7.8557999999999995,false,false,9.777777777777777,false,1.642081e6,1.4285194030501083e6,false,9
72.326,use_adaptive_ngroute,0.12973148096835652,0,false,17.982,false,false,10.277777777777779,false,1.642081e6,1.4290514000000001e6,false,3
44.339,use_SR3_cuts,0.12956767966988225,8,false,14.652333333333331,false,false,10.444444444444445,false,1.642081e6,1.429320375e6,false,0
1207.65,use_adaptive_ngroute,0.11288977350929286,0,false,198.59033333333335,false,false,10.444444444444445,false,1.642081e6,1.456706847826087e6,false,5
687.691,use_SR3_cuts,0.1127109949712185,6,false,171.46649999999997,false,false,11.0,false,1.642081e6,1.4570004166666665e6,false,0
1339.587,none,0.11060779805403231,0,false,292.4615,false,false,11.0,true,1.642081e6,1.4604540363636366e6,false,0
