CG_time_taken,method,CG_LP_IP_gap,implemented_SR3_cuts_count,errored,CG_sp_time_taken_mean,converged,CGIP_artificial,ngroute_neighborhood_size,time_limit_reached,CGIP_objective,CGLP_objective,CGLP_artificial,cycles_lookup_length
104.682,use_adaptive_ngroute,0.12994890635391176,0,false,3.230620689655172,false,false,7.833333333333333,false,1.655948e6,1.4407593684210526e6,false,16
45.553,use_adaptive_ngroute,0.07825404206610387,0,false,4.901555555555556,false,false,10.583333333333332,false,1.565536e6,1.44302648e6,false,11
30.156,use_SR3_cuts,0.07807388827763828,13,false,7.4025,false,false,11.305555555555555,false,1.565536e6,1.4433085172413792e6,false,0
645.62,use_SR3_cuts,0.00038409054039867385,3,false,89.34871428571428,false,false,11.305555555555555,false,1.467102e6,1.4665385e6,false,0
384.152,none,0.0,0,false,75.4682,true,false,11.305555555555555,false,1.467102e6,1.467102e6,false,0
