CG_time_taken,method,CG_LP_IP_gap,implemented_SR3_cuts_count,errored,CG_sp_time_taken_mean,converged,CGIP_artificial,ngroute_neighborhood_size,time_limit_reached,CGIP_objective,CGLP_objective,CGLP_artificial,cycles_lookup_length
90.396,use_adaptive_ngroute,0.17471777952811818,0,false,3.382083333333333,false,false,7.833333333333333,false,1.74538e6,1.4404310819672132e6,false,17
55.052,use_adaptive_ngroute,0.13286560333804398,0,false,5.946000000000001,false,false,10.5,false,1.664208e6,1.4430920000000005e6,false,12
41.25,use_SR3_cuts,0.13273550106634535,5,false,8.120000000000001,false,false,11.222222222222223,false,1.664208e6,1.4433085172413795e6,false,0
258.675,use_SR3_cuts,0.006310854096488683,5,false,25.443099999999998,false,false,11.222222222222223,false,1.467102e6,1.4578433333333333e6,false,0
735.101,use_SR3_cuts,0.00038409054039867385,2,false,73.05520000000001,false,false,11.222222222222223,false,1.467102e6,1.4665385e6,false,0
236.701,none,0.0,0,false,46.8214,true,false,11.222222222222223,false,1.467102e6,1.467102e6,false,0
