CG_time_taken,method,CG_LP_IP_gap,implemented_SR3_cuts_count,errored,CG_sp_time_taken_mean,converged,CGIP_artificial,ngroute_neighborhood_size,time_limit_reached,CGIP_objective,CGLP_objective,CGLP_artificial,cycles_lookup_length
208.247,use_adaptive_ngroute,0.21853177590231487,0,false,6.761,false,false,7.833333333333333,false,1.802122e6,1.4083010789473685e6,false,10
82.054,use_adaptive_ngroute,0.21614493975336335,0,false,13.466333333333333,false,false,8.916666666666666,false,1.802122e6,1.4126024488817893e6,false,5
95.905,use_adaptive_ngroute,0.20287272134553969,0,false,15.867333333333333,false,false,9.555555555555555,false,1.77317e6,1.4134421766917293e6,false,7
44.353,use_SR3_cuts,0.2028266308169543,5,false,14.686,false,false,10.13888888888889,false,1.77317e6,1.4135239030343012e6,false,0
794.47,use_SR3_cuts,0.05244012717066604,5,false,87.62188888888889,false,false,10.13888888888889,false,1.513855e6,1.4344682512820514e6,false,0
1396.792,use_adaptive_ngroute,0.045602003777489686,0,false,348.82,false,false,10.13888888888889,false,1.513855e6,1.4448201785714284e6,false,2
950.272,none,0.045503726456254556,0,false,278.6693333333333,false,false,10.194444444444445,true,1.513855e6,1.4449689561855667e6,false,0
