CG_time_taken,method,CG_LP_IP_gap,implemented_SR3_cuts_count,errored,CG_sp_time_taken_mean,converged,CGIP_artificial,ngroute_neighborhood_size,time_limit_reached,CGIP_objective,CGLP_objective,CGLP_artificial,cycles_lookup_length
12.671,use_adaptive_ngroute,0.3444916209409521,0,false,0.3191818181818182,false,false,6.0,false,2.080295e6,1.363650803414642e6,false,20
8.694,use_adaptive_ngroute,0.14200508011821777,0,false,0.6763636363636364,false,false,7.031250000000001,false,1.682198e6,1.4433173382352942e6,false,16
7.123,use_adaptive_ngroute,0.0272836172014832,0,false,0.8676250000000001,false,false,7.875,false,1.537438e6,1.495491130136986e6,false,10
2.567,use_SR3_cuts,0.0258305574579365,5,false,0.8386666666666666,false,false,8.53125,false,1.537438e6,1.497725119402985e6,false,0
12.728,use_SR3_cuts,0.020937483874688634,5,false,2.0208333333333335,false,false,8.53125,false,1.537438e6,1.5052479166666665e6,false,0
7.617,use_SR3_cuts,0.020583106440715038,5,false,1.8689999999999998,false,false,8.53125,false,1.537438e6,1.50579275e6,false,0
37.984,use_adaptive_ngroute,0.014850049434858348,0,false,6.2265,false,false,8.53125,false,1.537438e6,1.5146069696969702e6,false,3
19.27,use_SR3_cuts,0.014556662133524467,5,false,6.38,false,false,8.6875,false,1.537438e6,1.5150580344827585e6,false,0
18.951,use_SR3_cuts,0.012334661806055136,5,false,9.435,false,false,8.6875,false,1.537438e6,1.5184742222222222e6,false,0
33.899,use_adaptive_ngroute,0.011598557145068744,0,false,8.423250000000001,false,false,8.6875,false,1.537438e6,1.5196059374999998e6,false,2
18.28,use_SR3_cuts,0.011406728551677792,5,false,9.1155,false,false,8.75,false,1.537438e6,1.5199008620689656e6,false,0
41.525,use_SR3_cuts,0.010877186592239796,5,false,13.792333333333335,false,false,8.75,false,1.537438e6,1.520715e6,false,0
33.376,use_adaptive_ngroute,0.01001591173422467,0,false,16.6355,false,false,8.75,false,1.537438e6,1.522039156695157e6,false,1
15.952,use_SR3_cuts,0.010011225399765622,5,false,15.915000000000001,false,false,8.78125,false,1.537438e6,1.5220463616438352e6,false,0
96.409,use_SR3_cuts,0.00977742310140739,5,false,24.047250000000002,false,false,8.78125,false,1.537438e6,1.5224058181818184e6,false,0
61.847,use_SR3_cuts,0.009748319932250782,5,false,20.56833333333333,false,false,8.78125,false,1.537438e6,1.5224505625000002e6,false,0
78.067,use_adaptive_ngroute,0.009605252374404682,0,false,25.935,false,false,8.78125,false,1.537438e6,1.52267052e6,false,1
22.61,use_SR3_cuts,0.009599953064990174,5,false,22.569,false,false,8.8125,false,1.537438e6,1.5226786673596676e6,false,0
109.209,use_SR3_cuts,0.009274172123476476,5,false,36.31733333333333,false,false,8.8125,false,1.537438e6,1.5231795353588266e6,false,0
111.925,use_SR3_cuts,0.009224961107632046,5,false,55.903,false,false,8.8125,false,1.537438e6,1.5232551942446043e6,false,0
97.703,use_SR3_cuts,0.00919155723162357,3,false,48.7785,false,false,8.8125,false,1.537438e6,1.523306550632927e6,false,0
198.142,use_SR3_cuts,0.009187224219036505,5,false,65.97733333333333,false,false,8.8125,false,1.537438e6,1.523313212371133e6,false,0
243.526,none,0.009186514319622252,0,false,81.10433333333333,false,false,8.8125,false,1.537438e6,1.5233143037974685e6,false,0
