CG_time_taken,method,CG_LP_IP_gap,implemented_SR3_cuts_count,errored,CG_sp_time_taken_mean,converged,CGIP_artificial,ngroute_neighborhood_size,time_limit_reached,CGIP_objective,CGLP_objective,CGLP_artificial,cycles_lookup_length
295.673,use_adaptive_ngroute,0.18068279621306305,0,false,10.441740740740741,false,false,7.833333333333333,false,1.829975e6,1.49933e6,false,4
109.102,use_adaptive_ngroute,0.1799142520161935,0,false,13.486500000000001,false,false,8.36111111111111,false,1.829975e6,1.5007364166666663e6,false,4
85.535,use_adaptive_ngroute,0.1794864046412291,0,false,16.9916,false,false,8.472222222222223,false,1.829975e6,1.5015193666666667e6,false,4
80.326,use_adaptive_ngroute,0.17810509192278456,0,false,16.0052,false,false,8.666666666666666,false,1.829975e6,1.5040471344086023e6,false,2
32.33,use_adaptive_ngroute,0.17809316991276425,0,false,16.107499999999998,false,false,8.75,false,1.829975e6,1.5040689513888892e6,false,1
11.517,use_SR3_cuts,0.17809284910365542,5,false,11.447999999999999,false,false,8.86111111111111,false,1.829975e6,1.5040695384615383e6,false,0
1345.355,use_adaptive_ngroute,0.15710814733399991,0,false,133.43500000000003,false,false,8.86111111111111,false,1.819174e6,1.5333669431818181e6,false,7
642.237,use_SR3_cuts,0.09423243891346589,5,false,106.89133333333334,false,false,9.13888888888889,false,1.69309e6,1.533546e6,false,0
961.051,none,0.08805270492874984,0,false,310.7845,false,false,9.13888888888889,true,1.69309e6,1.5440088458121829e6,false,0
