CG_time_taken,method,CG_LP_IP_gap,implemented_SR3_cuts_count,errored,CG_sp_time_taken_mean,converged,CGIP_artificial,ngroute_neighborhood_size,time_limit_reached,CGIP_objective,CGLP_objective,CGLP_artificial,cycles_lookup_length
245.448,use_adaptive_ngroute,0.18937223530592084,0,false,10.309826086956523,false,false,7.833333333333333,false,1.855273e6,1.5039358048872782e6,false,21
172.851,use_adaptive_ngroute,0.18400201361378465,0,false,28.65966666666667,false,false,10.0,false,1.855273e6,1.513899032196713e6,false,7
68.218,use_adaptive_ngroute,0.18393438989651512,0,false,34.001999999999995,false,false,10.527777777777777,false,1.855273e6,1.5140244926535226e6,false,2
62.734,use_lmSR3_cuts,0.1706320335436542,10,false,31.2795,false,false,10.75,false,1.825516e6,1.5140244926535226e6,false,0
196.496,use_adaptive_ngroute,0.16339963230706744,0,false,32.55683333333334,false,false,10.75,false,1.825516e6,1.5272273568293315e6,false,1
80.237,use_lmSR3_cuts,0.16338255509399402,9,false,40.06699999999999,false,false,11.083333333333334,false,1.825516e6,1.5272585315550324e6,false,0
242.485,use_adaptive_ngroute,0.1619251352289538,0,false,40.1475,false,false,11.083333333333334,false,1.825516e6,1.5299190748373813e6,false,2
188.425,use_adaptive_ngroute,0.0980198368317351,0,false,47.030499999999996,false,false,11.13888888888889,false,1.696037e6,1.5297917299994144e6,false,1
84.154,use_lmSR3_cuts,0.0980000717132351,1,false,42.0,false,false,11.166666666666668,false,1.696037e6,1.5298252523716998e6,false,0
44.901,use_lmSR3_cuts,0.09740944587141609,2,false,44.799,false,false,11.166666666666668,false,1.696037e6,1.530826975652581e6,false,0
162.669,use_adaptive_ngroute,0.09725277091043072,0,false,40.591499999999996,false,false,11.166666666666668,false,1.696037e6,1.5310927021833858e6,false,2
92.141,use_lmSR3_cuts,0.0972525721934413,1,false,46.01499999999999,false,false,11.277777777777779,false,1.696037e6,1.5310930392147524e6,false,0
43.764,use_adaptive_ngroute,0.09721930882033591,0,false,43.65,false,false,11.277777777777779,false,1.696037e6,1.531149455126284e6,false,1
144.518,use_adaptive_ngroute,0.09729914948670548,0,false,48.10266666666667,false,false,11.305555555555555,false,1.696037e6,1.5310140424020165e6,false,3
136.511,use_lmSR3_cuts,0.09719287034355362,10,false,45.39633333333334,false,false,11.416666666666666,false,1.696037e6,1.5311942957611303e6,false,0
352.5,use_adaptive_ngroute,0.09641907140429418,0,false,70.39219999999999,false,false,11.416666666666666,false,1.696037e6,1.532506687392675e6,false,3
72.118,use_lmSR3_cuts,0.09626842557237492,10,false,71.98,false,false,11.5,false,1.696037e6,1.532762188297506e6,false,0
257.266,use_adaptive_ngroute,0.0921844989660866,0,false,64.15125,false,false,11.5,false,1.696037e6,1.5396886789270553e6,false,3
88.171,use_adaptive_ngroute,0.09205672008519039,0,false,88.056,false,false,11.75,false,1.696037e6,1.539905396636874e6,false,1
88.958,use_lmSR3_cuts,0.09205512776831182,2,false,88.828,false,false,11.805555555555555,false,1.696037e6,1.5399080972652158e6,false,0
219.809,use_lmSR3_cuts,0.09131848002822507,10,false,73.172,false,false,11.805555555555555,false,1.696037e6,1.5411574790883693e6,false,0
310.62,use_lmSR3_cuts,0.0891077034880251,3,false,103.29566666666665,false,false,11.805555555555555,false,1.696037e6,1.5449070378992804e6,false,0
134.478,none,0.08912142737043283,0,false,91.744,false,false,11.805555555555555,true,1.696037e6,1.5448837616869332e6,false,0
