CG_time_taken,method,CG_LP_IP_gap,implemented_SR3_cuts_count,errored,CG_sp_time_taken_mean,converged,CGIP_artificial,ngroute_neighborhood_size,time_limit_reached,CGIP_objective,CGLP_objective,CGLP_artificial,cycles_lookup_length
341.225,use_adaptive_ngroute,0.18149723559176167,0,false,13.772958333333333,false,false,7.833333333333333,false,1.837423e6,1.5039358048872785e6,false,17
208.777,use_adaptive_ngroute,0.14921774543283894,0,false,34.65866666666667,false,false,9.527777777777777,false,1.779036e6,1.513572259036144e6,false,10
153.265,use_adaptive_ngroute,0.14903406552947063,0,false,38.209250000000004,false,false,10.416666666666666,false,1.779036e6,1.5138990321967127e6,false,7
155.565,use_lmSR3_cuts,0.1489635439341741,5,false,51.800333333333334,false,false,10.944444444444445,false,1.779036e6,1.5140244926535226e6,false,0
592.834,use_lmSR3_cuts,0.08561835716125299,5,false,84.51328571428571,false,false,10.944444444444445,false,1.660589e6,1.518412097899952e6,false,0
690.821,use_adaptive_ngroute,0.08465164092415811,0,false,115.04166666666667,false,false,10.944444444444445,false,1.660589e6,1.5200174162493933e6,false,2
393.512,use_lmSR3_cuts,0.08457813505332068,5,false,131.09199999999998,false,false,11.388888888888888,false,1.660589e6,1.5201394792899413e6,false,0
686.635,use_adaptive_ngroute,0.08285782262742414,0,false,137.24120000000002,false,false,11.388888888888888,false,1.660589e6,1.5229962111809484e6,false,2
288.664,use_lmSR3_cuts,0.08285096240841916,5,false,144.2725,false,false,11.444444444444445,false,1.660589e6,1.5230076031851657e6,false,0
61.29,none,0.07395740039675802,0,false,NaN,false,false,11.444444444444445,true,1.660589e6,1.537776154432548e6,false,0
