CG_time_taken,method,CG_LP_IP_gap,implemented_SR3_cuts_count,errored,CG_sp_time_taken_mean,converged,CGIP_artificial,ngroute_neighborhood_size,time_limit_reached,CGIP_objective,CGLP_objective,CGLP_artificial,cycles_lookup_length
932.966,use_adaptive_ngroute,0.1396157933400839,0,false,25.970114285714285,false,false,7.833333333333333,false,1.604813e6,1.3807557598425199e6,false,20
924.934,use_adaptive_ngroute,0.10950138042839164,0,false,76.84091666666667,false,false,10.25,false,1.560531e6,1.3896507012987016e6,false,10
1111.597,use_adaptive_ngroute,0.09984164836496101,0,false,138.7195,false,false,10.666666666666666,false,1.560531e6,1.404725012635379e6,false,11
618.683,none,0.09005511959230728,0,false,199.35800000000003,false,false,11.833333333333332,true,1.560531e6,1.419997194167497e6,false,0
