CG_time_taken,method,CG_LP_IP_gap,implemented_SR3_cuts_count,errored,CG_sp_time_taken_mean,converged,CGIP_artificial,ngroute_neighborhood_size,time_limit_reached,CGIP_objective,CGLP_objective,CGLP_artificial,cycles_lookup_length
245.581,use_adaptive_ngroute,0.06542442947966876,0,false,7.868066666666667,false,false,7.833333333333333,false,1.468313e6,1.3722494596774192e6,false,10
49.416,use_lmSR3_cuts,0.06337358784305347,5,false,9.800799999999999,false,false,8.972222222222221,false,1.468313e6,1.3752607371134027e6,false,0
141.611,use_lmSR3_cuts,0.06238588093955444,5,false,23.47483333333333,false,false,8.972222222222221,false,1.468313e6,1.376711e6,false,0
110.762,use_adaptive_ngroute,0.05737523826267177,0,false,18.376166666666666,false,false,8.972222222222221,false,1.468313e6,1.3840681917808217e6,false,5
107.169,use_adaptive_ngroute,0.05691531710200759,0,false,17.814166666666665,false,false,9.277777777777779,false,1.468313e6,1.3847435e6,false,6
77.238,use_lmSR3_cuts,0.05667888827848622,5,false,25.672,false,false,9.444444444444445,false,1.468313e6,1.3850906515151511e6,false,0
160.545,use_adaptive_ngroute,0.05088301093886516,0,false,31.9494,false,false,9.444444444444445,false,1.468313e6,1.3936008135593222e6,false,6
203.069,use_lmSR3_cuts,0.050655196847729234,5,false,33.783833333333334,false,false,9.88888888888889,false,1.468313e6,1.39393531595092e6,false,0
267.275,use_adaptive_ngroute,0.04753003427274338,0,false,44.437666666666665,false,false,9.88888888888889,false,1.468313e6,1.3985240327868853e6,false,1
289.286,use_lmSR3_cuts,0.047471410311622275,5,false,48.139,false,false,9.944444444444445,false,1.468313e6,1.398610111111111e6,false,0
325.618,use_adaptive_ngroute,0.04522166292579022,0,false,54.01066666666666,false,false,9.944444444444445,false,1.468313e6,1.4019134444444443e6,false,1
179.32,use_lmSR3_cuts,0.04517287299551764,5,false,59.71233333333333,false,false,9.972222222222221,false,1.468313e6,1.4019850833333326e6,false,0
294.886,use_lmSR3_cuts,0.04398380999146623,5,false,73.56225,false,false,9.972222222222221,false,1.468313e6,1.4037310000000002e6,false,0
718.438,use_lmSR3_cuts,0.0423313196106575,5,false,119.5535,false,false,9.972222222222221,false,1.468313e6,1.4061573731085167e6,false,0
404.894,none,0.03722833240899304,0,false,133.2185,false,false,9.972222222222221,true,1.468313e6,1.4136501555555542e6,false,0
