CG_time_taken,method,CG_LP_IP_gap,implemented_SR3_cuts_count,errored,CG_sp_time_taken_mean,converged,CGIP_artificial,ngroute_neighborhood_size,time_limit_reached,CGIP_objective,CGLP_objective,CGLP_artificial,cycles_lookup_length
185.106,use_adaptive_ngroute,0.1516725788684956,0,false,5.746199999999999,false,false,7.833333333333333,false,1.508759e6,1.2799216315789474e6,false,5
41.278,use_adaptive_ngroute,0.15164460769855703,0,false,10.182500000000001,false,false,8.61111111111111,false,1.508759e6,1.2799638333333328e6,false,1
26.696,use_adaptive_ngroute,0.15156816960163944,0,false,13.2095,false,false,8.777777777777777,false,1.508759e6,1.2800791600000001e6,false,1
18.11,use_lmSR3_cuts,0.1515681696016391,5,false,8.992999999999999,false,false,9.083333333333334,false,1.508759e6,1.2800791600000006e6,false,0
74.731,use_lmSR3_cuts,0.1464929758791116,5,false,12.212,false,false,9.083333333333334,false,1.508759e6,1.2877364042056075e6,false,0
113.773,use_lmSR3_cuts,0.14262598571629626,5,false,18.516666666666666,false,false,9.083333333333334,false,1.508759e6,1.2935707604166665e6,false,0
144.613,use_lmSR3_cuts,0.07192029582127413,5,false,23.71483333333333,false,false,9.083333333333334,false,1.398355e6,1.2977848947368423e6,false,0
175.874,use_adaptive_ngroute,0.06960731977280288,0,false,34.8968,false,false,9.083333333333334,false,1.398355e6,1.3010192563591022e6,false,1
182.78,use_adaptive_ngroute,0.06958761367809363,0,false,44.95275,false,false,9.305555555555555,false,1.398355e6,1.3010468124751693e6,false,2
74.801,use_lmSR3_cuts,0.06958149389579837,5,false,37.308,false,false,9.63888888888889,false,1.398355e6,1.3010553701033408e6,false,0
125.654,use_adaptive_ngroute,0.058342343253277584,0,false,31.187250000000002,false,false,9.63888888888889,false,1.382122e6,1.3014857638580934e6,false,2
286.031,use_lmSR3_cuts,0.05833170569771007,5,false,71.353,false,false,10.361111111111112,false,1.382122e6,1.3015004662576695e6,false,0
363.323,use_adaptive_ngroute,0.05390198246315925,0,false,60.30499999999999,false,false,10.361111111111112,false,1.382122e6,1.3076228841940535e6,false,9
261.765,use_lmSR3_cuts,0.05379728797764394,5,false,65.27425,false,false,11.11111111111111,false,1.382122e6,1.3077675847457629e6,false,0
564.341,use_lmSR3_cuts,0.05180214249878201,5,false,112.6472,false,false,11.11111111111111,false,1.382122e6,1.3105251192052984e6,false,0
829.578,use_adaptive_ngroute,0.040808054520039216,0,false,118.13499999999999,false,false,11.11111111111111,false,1.369662e6,1.313768758429974e6,false,5
37.071,none,0.04080798803038432,0,false,NaN,false,false,11.25,true,1.369662e6,1.3137688494983278e6,false,0
