CG_time_taken,method,CG_LP_IP_gap,implemented_SR3_cuts_count,errored,CG_sp_time_taken_mean,converged,CGIP_artificial,ngroute_neighborhood_size,time_limit_reached,CGIP_objective,CGLP_objective,CGLP_artificial,cycles_lookup_length
116.395,use_adaptive_ngroute,0.1742901074166463,0,false,4.696695652173913,false,false,7.833333333333333,false,1.652378e6,1.3643848608870967e6,false,9
81.443,use_adaptive_ngroute,0.17377424640236927,0,false,10.016625,false,false,8.666666666666666,false,1.652378e6,1.365237258278146e6,false,2
28.331,use_adaptive_ngroute,0.1734472983784583,0,false,6.968999999999999,false,false,8.777777777777777,false,1.652378e6,1.3657774999999998e6,false,3
21.734,use_lmSR3_cuts,0.17344729837845818,5,false,7.189333333333334,false,false,9.583333333333332,false,1.652378e6,1.3657775e6,false,0
171.649,use_lmSR3_cuts,0.15376337794743478,5,false,24.304571428571432,false,false,9.583333333333332,false,1.623685e6,1.3740217096774194e6,false,0
460.716,use_lmSR3_cuts,0.0661471026580589,5,false,38.16233333333333,false,false,9.583333333333332,false,1.492883e6,1.394133114942529e6,false,0
328.516,use_adaptive_ngroute,0.06073392903307118,0,false,32.65879999999999,false,false,9.583333333333332,false,1.492883e6,1.4022143498233217e6,false,4
67.58,use_adaptive_ngroute,0.06022262997287331,0,false,33.7095,false,false,9.694444444444445,false,1.492883e6,1.402977659498207e6,false,4
224.924,use_lmSR3_cuts,0.06016004542278863,5,false,32.040571428571425,false,false,9.88888888888889,false,1.492883e6,1.403071090909091e6,false,0
159.567,use_adaptive_ngroute,0.05796491594239972,0,false,39.806,false,false,9.88888888888889,false,1.492883e6,1.4063481623931625e6,false,4
70.719,use_lmSR3_cuts,0.057924060144600276,5,false,35.263,false,false,10.166666666666668,false,1.492883e6,1.4064091553191487e6,false,0
655.802,use_adaptive_ngroute,0.013310400034273195,0,false,72.75355555555555,false,false,10.166666666666668,false,1.433838e6,1.4147530426356578e6,false,1
151.204,use_lmSR3_cuts,0.013133134450365236,5,false,75.529,false,false,10.194444444444445,false,1.433838e6,1.4150072127659572e6,false,0
444.917,use_adaptive_ngroute,0.005248373501617776,0,false,74.05033333333331,false,false,10.194444444444445,false,1.427062e6,1.4195722456140344e6,false,3
226.504,use_adaptive_ngroute,0.0052427534036018075,0,false,75.415,false,false,10.5,false,1.427062e6,1.4195802658423493e6,false,4
214.174,use_lmSR3_cuts,0.005242643731501628,5,false,71.312,false,false,10.916666666666666,false,1.427062e6,1.4195804223512358e6,false,0
133.65,none,0.002822090555821055,0,false,79.34800000000001,false,false,10.916666666666666,true,1.427062e6,1.4230347018072288e6,false,0
