CG_time_taken,method,CG_LP_IP_gap,implemented_SR3_cuts_count,errored,CG_sp_time_taken_mean,converged,CGIP_artificial,ngroute_neighborhood_size,time_limit_reached,CGIP_objective,CGLP_objective,CGLP_artificial,cycles_lookup_length
131.5,use_adaptive_ngroute,0.11523156261590906,0,false,5.166956521739131,false,false,7.833333333333333,false,1.599143e6,1.4148712532637073e6,false,10
37.966,use_adaptive_ngroute,0.1140282423255714,0,false,5.193714285714285,false,false,9.88888888888889,false,1.599143e6,1.4167955344827587e6,false,3
49.448,use_lmSR3_cuts,0.11402278541095734,6,false,6.884571428571428,false,false,10.055555555555555,false,1.599143e6,1.4168042608695654e6,false,0
34.117,use_adaptive_ngroute,0.1053597760719942,0,false,11.188,false,false,10.055555555555555,false,1.599143e6,1.430657651612903e6,false,2
27.625,use_lmSR3_cuts,0.1053381030475612,5,false,6.814,false,false,10.11111111111111,false,1.599143e6,1.4306923098782138e6,false,0
25.526,use_lmSR3_cuts,0.006724034089628739,1,false,6.206500000000001,false,false,10.11111111111111,false,1.446844e6,1.4371153716216253e6,false,0
19.084,use_lmSR3_cuts,0.0064869663753509554,10,false,6.275,false,false,10.11111111111111,false,1.446844e6,1.4374583716216218e6,false,0
15.331,use_adaptive_ngroute,0.003434088191272222,0,false,7.44,false,false,10.11111111111111,false,1.446844e6,1.441875410104987e6,false,4
33.989,use_adaptive_ngroute,0.0033646606795222356,0,false,8.419499999999998,false,false,10.38888888888889,false,1.446844e6,1.4419758608837973e6,false,2
22.185,use_lmSR3_cuts,0.003390540432535616,2,false,11.003499999999999,false,false,10.444444444444445,false,1.446844e6,1.4419384169184284e6,false,0
20.244,use_lmSR3_cuts,0.0030375549812102776,1,false,10.027,false,false,10.444444444444445,false,1.446844e6,1.4424491318007659e6,false,0
11.116,use_lmSR3_cuts,0.0030215516921177077,3,false,11.009,false,false,10.444444444444445,false,1.446844e6,1.4424722860635696e6,false,0
22.034,use_adaptive_ngroute,0.00205798568683635,0,false,10.8975,false,false,10.444444444444445,false,1.446844e6,1.443866415756915e6,false,2
41.775,use_lmSR3_cuts,0.0023319559854563243,2,false,13.821333333333333,false,false,10.5,false,1.446844e6,1.4434700234741785e6,false,0
47.995,use_lmSR3_cuts,0.002029491851304077,1,false,15.596666666666666,false,false,10.5,false,1.446844e6,1.4439076418918918e6,false,0
25.873,use_lmSR3_cuts,0.001991744854088262,2,false,12.7885,false,false,10.5,false,1.446844e6,1.4439622559083316e6,false,0
45.837,use_lmSR3_cuts,0.0019905730944964617,10,false,15.155666666666669,false,false,10.5,false,1.446844e6,1.4439639512616664e6,false,0
101.742,use_adaptive_ngroute,0.0014617108655787803,0,false,25.158499999999997,false,false,10.5,false,1.446844e6,1.4447291324044026e6,false,4
110.682,use_adaptive_ngroute,0.0010374119422322803,0,false,36.70466666666667,false,false,10.805555555555555,false,1.446844e6,1.4453430267558529e6,false,5
85.698,use_lmSR3_cuts,0.0010287641549754367,4,false,42.738,false,false,11.0,false,1.446844e6,1.4453555387549587e6,false,0
131.588,use_lmSR3_cuts,0.000711042262872108,2,false,43.714666666666666,false,false,11.0,false,1.446844e6,1.445815232768217e6,false,0
123.2,use_lmSR3_cuts,0.0007302202595547147,10,false,40.93933333333333,false,false,11.0,false,1.446844e6,1.4457874851987849e6,false,0
113.01,none,9.992007221626409e-16,0,false,27.89825,true,false,11.0,false,1.446844e6,1.4468439999999986e6,false,0
