CG_time_taken,method,CG_LP_IP_gap,implemented_SR3_cuts_count,errored,CG_sp_time_taken_mean,converged,CGIP_artificial,ngroute_neighborhood_size,time_limit_reached,CGIP_objective,CGLP_objective,CGLP_artificial,cycles_lookup_length
140.13,use_adaptive_ngroute,0.02209826818668248,0,false,5.653043478260869,false,false,7.833333333333333,false,1.446844e6,1.4148712532637075e6,false,11
69.5,use_adaptive_ngroute,0.02095030707315826,0,false,9.744142857142858,false,false,9.88888888888889,false,1.446844e6,1.4165321739130435e6,false,2
27.747,use_adaptive_ngroute,0.020768282909035984,0,false,6.88525,false,false,9.944444444444445,false,1.446844e6,1.4167955344827587e6,false,3
35.007,use_lmSR3_cuts,0.020762251583747005,5,false,11.441666666666668,false,false,10.055555555555555,false,1.446844e6,1.4168042608695652e6,false,0
161.316,use_adaptive_ngroute,0.010811198048481296,0,false,15.973199999999999,false,false,10.055555555555555,false,1.446844e6,1.431201882970743e6,false,8
120.786,use_lmSR3_cuts,0.010277247163132719,5,false,20.070666666666664,false,false,10.75,false,1.446844e6,1.4319744266055045e6,false,0
144.359,use_adaptive_ngroute,0.009133386257525578,0,false,28.801199999999998,false,false,10.75,false,1.446844e6,1.4336294148936167e6,false,2
26.627,use_lmSR3_cuts,0.009081144891916582,5,false,26.569,false,false,10.805555555555555,false,1.446844e6,1.4337049999999998e6,false,0
42.234,use_lmSR3_cuts,0.007239959686745512,5,false,20.985,false,false,10.805555555555555,false,1.446844e6,1.4363689077669904e6,false,0
110.029,use_lmSR3_cuts,0.0062257863135439795,5,false,21.894599999999997,false,false,10.805555555555555,false,1.446844e6,1.4378362584269668e6,false,0
55.508,use_lmSR3_cuts,0.004599505314095587,5,false,27.631,false,false,10.805555555555555,false,1.446844e6,1.4401892333333327e6,false,0
121.58,use_lmSR3_cuts,0.003990653075946926,5,false,30.25375,false,false,10.805555555555555,false,1.446844e6,1.4410701475409847e6,false,0
81.848,use_lmSR3_cuts,0.00372900550278199,5,false,40.823499999999996,false,false,10.805555555555555,false,1.446844e6,1.441448710762333e6,false,0
69.519,use_lmSR3_cuts,0.003557441900906677,5,false,34.65599999999999,false,false,10.805555555555555,false,1.446844e6,1.4416969365303246e6,false,0
161.091,use_lmSR3_cuts,0.003118287454867419,5,false,40.120999999999995,false,false,10.805555555555555,false,1.446844e6,1.4423323245056497e6,false,0
106.069,use_adaptive_ngroute,0.002995403146017206,0,false,52.933,false,false,10.805555555555555,false,1.446844e6,1.4425101189306038e6,false,2
121.361,use_lmSR3_cuts,0.0029878293449220328,5,false,60.5805,false,false,11.027777777777779,false,1.446844e6,1.4425210770392756e6,false,0
275.154,use_lmSR3_cuts,0.0027217285807362712,5,false,68.66775,false,false,11.027777777777779,false,1.446844e6,1.4429060833333333e6,false,0
150.261,use_lmSR3_cuts,0.002454055328658278,5,false,75.0115,false,false,11.027777777777779,false,1.446844e6,1.4432933647720627e6,false,0
213.122,use_lmSR3_cuts,0.001909102760720982,5,false,70.89166666666667,false,false,11.027777777777779,false,1.446844e6,1.4440818261252674e6,false,0
421.25,use_adaptive_ngroute,0.0014993115471622076,0,false,83.6482,false,false,11.027777777777779,false,1.446844e6,1.4446747300838577e6,false,1
194.087,use_lmSR3_cuts,0.0014912791362806654,5,false,96.88250000000001,false,false,11.083333333333334,false,1.446844e6,1.4446863517293471e6,false,0
678.958,use_adaptive_ngroute,0.0009847260764247467,0,false,112.88683333333333,false,false,11.083333333333334,false,1.446844e6,1.4454192549846813e6,false,9
42.545,none,0.0009736268283609961,0,false,NaN,false,false,11.833333333333332,true,1.446844e6,1.4454353138651468e6,false,0
