CG_time_taken,method,CG_LP_IP_gap,implemented_SR3_cuts_count,errored,CG_sp_time_taken_mean,converged,CGIP_artificial,ngroute_neighborhood_size,time_limit_reached,CGIP_objective,CGLP_objective,CGLP_artificial,cycles_lookup_length
167.431,use_adaptive_ngroute,0.12032714071562478,0,false,5.960153846153847,false,false,7.833333333333333,false,1.540511e6,1.3551457161290322e6,false,8
89.857,use_adaptive_ngroute,0.1184457624775157,0,false,12.761142857142856,false,false,9.166666666666666,false,1.540511e6,1.3580439999999998e6,false,1
46.867,use_lmSR3_cuts,0.11841676776948251,5,false,11.4785,false,false,9.305555555555555,false,1.540511e6,1.3580886666666667e6,false,0
170.532,use_lmSR3_cuts,0.11699583774474864,5,false,28.182333333333336,false,false,9.305555555555555,false,1.540511e6,1.3602776249999995e6,false,0
349.206,use_adaptive_ngroute,0.11183437642829419,0,false,34.746,false,false,9.305555555555555,false,1.540511e6,1.368228912934072e6,false,6
135.777,use_adaptive_ngroute,0.11178510324474733,0,false,45.144000000000005,false,false,10.38888888888889,false,1.540511e6,1.368304818815331e6,false,4
147.223,use_lmSR3_cuts,0.11176335195069864,5,false,48.949333333333335,false,false,10.583333333333332,false,1.540511e6,1.3683383269230772e6,false,0
374.826,use_adaptive_ngroute,0.0863378463062181,0,false,74.81,false,false,10.583333333333332,false,1.501906e6,1.3722346706056132e6,false,2
370.949,use_lmSR3_cuts,0.029431987080653754,5,false,92.61625000000001,false,false,10.805555555555555,false,1.413881e6,1.3722676726744182e6,false,0
761.954,use_adaptive_ngroute,0.026080994399277357,0,false,84.465,false,false,10.805555555555555,false,1.413881e6,1.3770055775577554e6,false,7
387.431,use_adaptive_ngroute,0.02562509964751558,0,false,129.03666666666666,false,false,11.722222222222221,false,1.413881e6,1.377650158485271e6,false,1
309.821,use_lmSR3_cuts,0.02560201308853971,5,false,154.8235,false,false,11.805555555555555,false,1.413881e6,1.3776828001323624e6,false,0
246.872,none,0.018028513950843594,0,false,153.17999999999998,false,false,11.805555555555555,true,1.413881e6,1.3883908266666674e6,false,0
