CG_time_taken,method,CG_LP_IP_gap,implemented_SR3_cuts_count,errored,CG_sp_time_taken_mean,converged,CGIP_artificial,ngroute_neighborhood_size,time_limit_reached,CGIP_objective,CGLP_objective,CGLP_artificial,cycles_lookup_length
130.79,use_adaptive_ngroute,0.0825490369635219,0,false,3.8586129032258056,false,false,7.833333333333333,false,1.477077e6,1.355145716129032e6,false,8
65.376,use_adaptive_ngroute,0.08058686175466834,0,false,9.229999999999999,false,false,9.166666666666666,false,1.477077e6,1.3580439999999998e6,false,1
23.169,use_lmSR3_cuts,0.08055662185067758,9,false,7.65,false,false,9.305555555555555,false,1.477077e6,1.3580886666666667e6,false,0
61.039,use_adaptive_ngroute,0.07288020335510437,0,false,9.992833333333333,false,false,9.305555555555555,false,1.477077e6,1.3694273278688525e6,false,3
24.677,use_adaptive_ngroute,0.07246305492842409,0,false,8.147,false,false,9.444444444444445,false,1.477077e6,1.3700434882154881e6,false,4
26.257,use_lmSR3_cuts,0.07242099268264024,6,false,13.055,false,false,10.13888888888889,false,1.477077e6,1.3701056173913039e6,false,0
69.621,use_adaptive_ngroute,0.06974377498662954,0,false,13.799800000000001,false,false,10.13888888888889,false,1.477077e6,1.3740600740740742e6,false,6
66.463,use_lmSR3_cuts,0.06997581484693538,4,false,13.175200000000002,false,false,10.555555555555555,false,1.477077e6,1.3737173333333333e6,false,0
22.525,use_adaptive_ngroute,0.06816993150054118,0,false,11.0935,false,false,10.555555555555555,false,1.477077e6,1.3763847620889752e6,false,3
41.702,use_lmSR3_cuts,0.06827157177388365,2,false,13.807333333333332,false,false,10.833333333333334,false,1.477077e6,1.3762346315789472e6,false,0
27.955,use_lmSR3_cuts,0.06804922269051394,3,false,13.871,false,false,10.833333333333334,false,1.477077e6,1.3765630582959638e6,false,0
69.02,use_lmSR3_cuts,0.06646551386162092,1,false,13.695199999999998,false,false,10.833333333333334,false,1.477077e6,1.3789023181818186e6,false,0
44.575,use_adaptive_ngroute,0.06559123471274964,0,false,14.738333333333333,false,false,10.833333333333334,false,1.477077e6,1.380193695804196e6,false,1
33.709,use_lmSR3_cuts,0.06543899373205131,3,false,16.751,false,false,10.88888888888889,false,1.477077e6,1.3804185674552429e6,false,0
70.261,use_lmSR3_cuts,0.06490506095976867,10,false,17.455,false,false,10.88888888888889,false,1.477077e6,1.3812072272727278e6,false,0
89.127,use_lmSR3_cuts,0.0611624569100786,1,false,17.681399999999996,false,false,10.88888888888889,false,1.477077e6,1.3867353416346319e6,false,0
82.732,use_lmSR3_cuts,0.061208883367421585,2,false,27.484333333333332,false,false,10.88888888888889,false,1.477077e6,1.386666766182299e6,false,0
72.451,use_lmSR3_cuts,0.06118927975845356,10,false,24.055,false,false,10.88888888888889,false,1.477077e6,1.3866957222222227e6,false,0
152.373,use_lmSR3_cuts,0.05940037806870235,10,false,25.017666666666667,false,false,10.88888888888889,false,1.477077e6,1.3893380677634154e6,false,0
236.952,use_adaptive_ngroute,0.05492784872994416,0,false,47.2038,false,false,10.88888888888889,false,1.477077e6,1.3959443379815202e6,false,4
296.194,use_lmSR3_cuts,0.05630606689589346,6,false,49.236333333333334,false,false,11.194444444444445,false,1.477077e6,1.3939086036276144e6,false,0
86.168,use_adaptive_ngroute,0.055060943871582,0,false,42.886,false,false,11.194444444444445,false,1.477077e6,1.3957477462089953e6,false,1
109.073,use_lmSR3_cuts,0.05505311245819011,1,false,54.403000000000006,false,false,11.333333333333332,false,1.477077e6,1.395759313809594e6,false,0
95.659,use_lmSR3_cuts,0.05480149577582538,10,false,47.6965,false,false,11.333333333333332,false,1.477077e6,1.3961309710239312e6,false,0
366.965,use_lmSR3_cuts,0.05267590465002936,1,false,61.01466666666667,false,false,11.333333333333332,false,1.477077e6,1.3992706327872486e6,false,0
120.256,use_lmSR3_cuts,0.05259768871356052,10,false,59.990500000000004,false,false,11.333333333333332,false,1.477077e6,1.39938616374804e6,false,0
213.14,use_adaptive_ngroute,0.04979049826161652,0,false,70.822,false,false,11.333333333333332,false,1.477077e6,1.4035326001992263e6,false,5
677.187,use_adaptive_ngroute,0.051063681468097144,0,false,96.6057142857143,false,false,11.777777777777777,false,1.477077e6,1.4016520105681475e6,false,1
135.011,none,0.05106367877382911,0,false,NaN,false,false,11.888888888888888,true,1.477077e6,1.4016520145477888e6,false,0
