CG_time_taken,method,CG_LP_IP_gap,implemented_SR3_cuts_count,errored,CG_sp_time_taken_mean,converged,CGIP_artificial,ngroute_neighborhood_size,time_limit_reached,CGIP_objective,CGLP_objective,CGLP_artificial,cycles_lookup_length
7.442,use_adaptive_ngroute,0.9999746948834827,0,false,0.1885238095238095,false,true,6.0,false,6.0e10,1.5183069910419844e6,false,29
5.523,use_adaptive_ngroute,0.06359795699793158,0,false,0.633375,false,false,7.25,false,1.690066e6,1.5825812552083337e6,false,17
3.681,use_adaptive_ngroute,0.021715869285335976,0,false,0.5875,false,false,8.4375,false,1.628655e6,1.593287340909091e6,false,6
1.438,use_SR3_cuts,0.01896611007242177,9,false,0.7094999999999999,false,false,8.65625,false,1.628655e6,1.59776575e6,false,0
9.063,use_adaptive_ngroute,0.009339608449917436,0,false,1.478,false,false,8.65625,false,1.628655e6,1.6134439999999998e6,false,4
3.231,use_adaptive_ngroute,0.00908308111874645,0,false,1.0563333333333336,false,false,8.96875,false,1.628655e6,1.613861794520548e6,false,3
3.275,use_SR3_cuts,0.008976962585691917,2,false,1.079,false,false,9.125,false,1.628655e6,1.614034625e6,false,0
3.016,use_adaptive_ngroute,0.008906407505751335,0,false,0.9816666666666667,false,false,9.125,false,1.628655e6,1.6141495348837206e6,false,1
1.329,use_SR3_cuts,0.008892076590806486,1,false,1.311,false,false,9.28125,false,1.628655e6,1.614172875e6,false,0
5.8,use_SR3_cuts,0.008675133776029798,10,false,1.9143333333333334,false,false,9.28125,false,1.628655e6,1.6145262000000002e6,false,0
12.419,use_SR3_cuts,0.00393269292759979,3,false,4.114666666666667,false,false,9.28125,false,1.628655e6,1.62225e6,false,0
14.92,use_SR3_cuts,0.0035673607977134703,10,false,4.947333333333334,false,false,9.28125,false,1.628655e6,1.622845e6,false,0
40.302,use_adaptive_ngroute,0.0007677091424108662,0,false,7.998199999999998,false,false,9.28125,false,1.628655e6,1.6274046666666667e6,false,3
29.55,use_SR3_cuts,0.000506271534896241,1,false,9.768,false,false,9.46875,false,1.628655e6,1.6278304583333335e6,false,0
31.938,use_SR3_cuts,0.00039928652784049223,10,false,15.8965,false,false,9.46875,false,1.628655e6,1.6280047e6,false,0
15.87,none,0.0,0,false,7.884499999999999,true,false,9.46875,false,1.628655e6,1.628655e6,false,0
