CG_time_taken,method,CG_LP_IP_gap,implemented_SR3_cuts_count,errored,CG_sp_time_taken_mean,converged,CGIP_artificial,ngroute_neighborhood_size,time_limit_reached,CGIP_objective,CGLP_objective,CGLP_artificial,cycles_lookup_length
8.225,use_adaptive_ngroute,0.9999746948834827,0,false,0.22004761904761896,false,true,6.0,false,6.0e10,1.5183069910419844e6,false,29
9.28,use_adaptive_ngroute,0.12471675451773234,0,false,0.8762999999999999,false,false,7.25,false,1.808079e6,1.582581255208333e6,false,18
5.426,use_adaptive_ngroute,0.11879550566701413,0,false,0.8861666666666667,false,false,8.5,false,1.808079e6,1.5932873409090908e6,false,6
2.065,use_adaptive_ngroute,0.1166387487616537,0,false,1.0105,false,false,8.71875,false,1.808079e6,1.597186927777778e6,false,4
2.267,use_adaptive_ngroute,0.11633668114742746,0,false,1.1234999999999997,false,false,8.9375,false,1.808079e6,1.5977330898876404e6,false,2
1.092,use_SR3_cuts,0.11631861771526564,5,false,1.079,false,false,9.0,false,1.808079e6,1.5977657500000002e6,false,0
12.388,use_adaptive_ngroute,0.013318277221313846,0,false,2.3906,false,false,9.0,false,1.628655e6,1.606964121212121e6,false,1
6.597,use_SR3_cuts,0.013318277221314179,5,false,2.183,false,false,9.15625,false,1.628655e6,1.6069641212121206e6,false,0
5.5,use_SR3_cuts,0.012277308576709056,5,false,1.34675,false,false,9.15625,false,1.628655e6,1.6086595e6,false,0
20.057,use_SR3_cuts,0.008709640777205707,5,false,3.9657999999999998,false,false,9.15625,false,1.628655e6,1.61447e6,false,0
49.081,use_adaptive_ngroute,0.0030062828105799078,0,false,16.27166666666667,false,false,9.15625,false,1.628655e6,1.623758802469135e6,false,3
27.922,use_adaptive_ngroute,0.0025198706908460267,0,false,13.943000000000001,false,false,9.46875,false,1.628655e6,1.6245510000000002e6,false,1
10.252,use_SR3_cuts,0.0024694732770293992,5,false,10.228,false,false,9.5,false,1.628655e6,1.6246330799999996e6,false,0
55.023,none,0.0,0,false,10.9602,true,false,9.5,false,1.628655e6,1.628655e6,false,0
