CG_time_taken,method,CG_LP_IP_gap,implemented_SR3_cuts_count,errored,CG_sp_time_taken_mean,converged,CGIP_artificial,ngroute_neighborhood_size,time_limit_reached,CGIP_objective,CGLP_objective,CGLP_artificial,cycles_lookup_length
159.015,use_adaptive_ngroute,0.14383261472745035,0,false,5.376892857142858,false,false,7.833333333333333,false,1.629159e6,1.3948328012232417e6,false,4
35.565,use_adaptive_ngroute,0.14348515092756442,0,false,8.79475,false,false,8.277777777777779,false,1.629159e6,1.395398875e6,false,3
38.117,use_adaptive_ngroute,0.1433526231731932,0,false,9.421499999999998,false,false,8.805555555555555,false,1.629159e6,1.3956147837837837e6,false,6
11.567,use_adaptive_ngroute,0.14320868320174962,0,false,11.498,false,false,9.416666666666668,false,1.629159e6,1.3958492848837208e6,false,5
49.707,use_lmSR3_cuts,0.1431859989330435,5,false,16.50466666666667,false,false,9.86111111111111,false,1.629159e6,1.3958862411642417e6,false,0
207.593,use_adaptive_ngroute,0.02132388226672255,0,false,20.493599999999997,false,false,9.86111111111111,false,1.448678e6,1.417786560885609e6,false,8
91.497,use_lmSR3_cuts,0.02130587994748434,5,false,22.763749999999998,false,false,10.5,false,1.448678e6,1.4178126404494382e6,false,0
141.005,use_adaptive_ngroute,0.02013394280854708,0,false,28.116199999999996,false,false,10.5,false,1.448678e6,1.4195103999999997e6,false,1
191.493,use_lmSR3_cuts,0.019863109676546475,5,false,31.855833333333326,false,false,10.527777777777777,false,1.448678e6,1.41990275e6,false,0
246.423,use_adaptive_ngroute,0.0169500642703303,0,false,40.98533333333333,false,false,10.527777777777777,false,1.448678e6,1.4241228147929865e6,false,5
139.007,use_adaptive_ngroute,0.01684587090677192,0,false,46.254333333333335,false,false,10.916666666666666,false,1.448678e6,1.4242737574265194e6,false,1
43.693,use_lmSR3_cuts,0.016845737388967552,5,false,43.635999999999996,false,false,10.944444444444445,false,1.448678e6,1.4242739508508253e6,false,0
689.507,use_adaptive_ngroute,0.01399239082114867,0,false,62.53063636363636,false,false,10.944444444444445,false,1.448678e6,1.42840753125e6,false,2
199.207,use_lmSR3_cuts,0.013959710163335304,5,false,66.29133333333333,false,false,11.055555555555555,false,1.448678e6,1.4284548749999998e6,false,0
678.129,use_lmSR3_cuts,0.013947543898644166,1,false,96.7452857142857,false,false,11.055555555555555,false,1.448678e6,1.4284725e6,false,0
644.717,use_adaptive_ngroute,0.009960983341875784,0,false,91.95485714285715,false,false,11.055555555555555,false,1.448678e6,1.434247742574258e6,false,8
0.672,none,0.0099596535502815,0,false,NaN,false,false,11.833333333333332,true,1.448678e6,1.4342496690140853e6,false,0
