CG_time_taken,method,CG_LP_IP_gap,implemented_SR3_cuts_count,errored,CG_sp_time_taken_mean,converged,CGIP_artificial,ngroute_neighborhood_size,time_limit_reached,CGIP_objective,CGLP_objective,CGLP_artificial,cycles_lookup_length
281.213,use_adaptive_ngroute,0.13550314801969732,0,false,10.299423076923079,false,false,7.833333333333333,false,1.718353e6,1.485510759090909e6,false,9
69.141,use_adaptive_ngroute,0.13438814828954104,0,false,13.685399999999998,false,false,8.305555555555555,false,1.718353e6,1.4874267222222222e6,false,3
27.196,use_adaptive_ngroute,0.13416351739642296,0,false,13.5195,false,false,8.86111111111111,false,1.718353e6,1.4878127173913044e6,false,4
38.048,use_lmSR3_cuts,0.13408597304856562,14,false,18.968000000000004,false,false,9.38888888888889,false,1.718353e6,1.4879459659540781e6,false,0
200.613,use_adaptive_ngroute,0.10140749845464181,0,false,24.668125,false,false,9.38888888888889,false,1.692159e6,1.5205613888224917e6,false,15
308.607,use_adaptive_ngroute,0.08934082593572579,0,false,38.457499999999996,false,false,11.472222222222221,false,1.670599e6,1.5213463055326024e6,false,8
80.355,use_adaptive_ngroute,0.08826411481337126,0,false,40.076,false,false,12.194444444444445,false,1.670599e6,1.5231450580568968e6,false,1
149.647,use_adaptive_ngroute,0.0883501922070643,0,false,49.79066666666667,false,false,12.25,false,1.670599e6,1.5230012572490706e6,false,2
82.824,use_lmSR3_cuts,0.08833458252056203,13,false,41.3445,false,false,12.305555555555557,false,1.670599e6,1.5230273347757317e6,false,0
405.84,use_adaptive_ngroute,0.08403044883532973,0,false,50.435125000000006,false,false,12.305555555555557,false,1.670599e6,1.530217816206147e6,false,7
201.833,use_lmSR3_cuts,0.08397458232442667,7,false,67.14833333333333,false,false,12.749999999999998,false,1.670599e6,1.5303111467433951e6,false,0
163.285,use_adaptive_ngroute,0.07840482204191579,0,false,54.17166666666667,false,false,12.749999999999998,false,1.670599e6,1.5396159827015975e6,false,1
68.33,use_lmSR3_cuts,0.07835211783156226,1,false,68.18,false,false,12.777777777777779,false,1.670599e6,1.53970403030271e6,false,0
106.356,use_lmSR3_cuts,0.07839479099771807,1,false,53.040499999999994,false,false,12.777777777777779,false,1.670599e6,1.5396327405540033e6,false,0
115.948,use_lmSR3_cuts,0.07835435976487615,10,false,57.81,false,false,12.777777777777779,false,1.670599e6,1.5397002849311577e6,false,0
293.646,use_adaptive_ngroute,0.07635430743684568,0,false,97.72266666666667,false,false,12.777777777777779,false,1.670599e6,1.543041570350313e6,false,2
262.197,use_lmSR3_cuts,0.07677401022110975,10,false,87.26366666666667,false,false,12.88888888888889,false,1.670599e6,1.5423404152986242e6,false,0
436.29,use_lmSR3_cuts,0.07725807324194667,2,false,108.82025,false,false,12.88888888888889,false,1.670599e6,1.5415317401000771e6,false,0
177.308,none,0.07697708077398657,0,false,112.847,false,false,12.88888888888889,true,1.670599e6,1.5420011658360588e6,false,0
