CG_time_taken,method,CG_LP_IP_gap,implemented_SR3_cuts_count,errored,CG_sp_time_taken_mean,converged,CGIP_artificial,ngroute_neighborhood_size,time_limit_reached,CGIP_objective,CGLP_objective,CGLP_artificial,cycles_lookup_length
291.057,use_adaptive_ngroute,0.12509201919076407,0,false,10.643038461538461,false,false,7.833333333333333,false,1.697598e6,1.4852420384057972e6,false,11
94.824,use_adaptive_ngroute,0.12385408369715312,0,false,18.8234,false,false,9.0,false,1.697598e6,1.4873435552238803e6,false,6
70.998,use_adaptive_ngroute,0.12359191023412464,0,false,23.593666666666667,false,false,9.63888888888889,false,1.697598e6,1.4877886203703706e6,false,2
54.234,use_lmSR3_cuts,0.12349922304687111,5,false,27.024500000000003,false,false,9.75,false,1.697598e6,1.4879459659540777e6,false,0
342.272,use_adaptive_ngroute,0.11532359763362843,0,false,42.50175,false,false,9.75,false,1.697598e6,1.5018248913043477e6,false,10
251.47,use_adaptive_ngroute,0.11458676728738681,0,false,83.71866666666666,false,false,11.25,false,1.697598e6,1.5030757330264668e6,false,2
244.351,use_lmSR3_cuts,0.1145811284714654,5,false,81.37633333333333,false,false,11.333333333333332,false,1.697598e6,1.5030853054690973e6,false,0
606.277,use_adaptive_ngroute,0.11080915808962977,0,false,100.83766666666665,false,false,11.333333333333332,false,1.697598e6,1.5094885948453606e6,false,1
192.545,use_lmSR3_cuts,0.11080810454929124,5,false,96.175,false,false,11.416666666666666,false,1.697598e6,1.5094903833333324e6,false,0
1339.338,use_adaptive_ngroute,0.01767223130565332,0,false,133.6834,false,false,11.416666666666666,false,1.544669e6,1.5173712521413278e6,false,12
69.719,none,0.015905964954557983,0,false,NaN,false,false,12.25,true,1.544669e6,1.520099549019608e6,false,0
