CG_time_taken,method,CG_LP_IP_gap,implemented_SR3_cuts_count,errored,CG_sp_time_taken_mean,converged,CGIP_artificial,ngroute_neighborhood_size,time_limit_reached,CGIP_objective,CGLP_objective,CGLP_artificial,cycles_lookup_length
245.667,use_adaptive_ngroute,0.12084834397642807,0,false,7.691733333333334,false,false,7.833333333333333,false,1.598723e6,1.405519972972973e6,false,13
33.059,use_adaptive_ngroute,0.11878656789313613,0,false,10.869,false,false,9.944444444444445,false,1.598723e6,1.4088161818181816e6,false,2
51.611,use_lmSR3_cuts,0.11878656789313602,5,false,17.104666666666667,false,false,10.361111111111112,false,1.598723e6,1.4088161818181819e6,false,0
166.407,use_adaptive_ngroute,0.10830482894950022,0,false,23.373714285714282,false,false,10.361111111111112,false,1.598723e6,1.425573578947368e6,false,7
73.892,use_adaptive_ngroute,0.05368552118487113,0,false,18.19025,false,false,10.694444444444445,false,1.507016e6,1.4261110606060603e6,false,11
132.017,use_lmSR3_cuts,0.05327282523874999,5,false,26.2324,false,false,11.666666666666666,false,1.507016e6,1.426733e6,false,0
484.967,use_adaptive_ngroute,0.042089075064289716,0,false,43.786272727272724,false,false,11.666666666666666,false,1.500023e6,1.436888419354839e6,false,1
230.495,use_lmSR3_cuts,0.04207243488933188,5,false,38.205,false,false,11.694444444444445,false,1.500023e6,1.4369133799999997e6,false,0
494.542,use_lmSR3_cuts,0.013794087314681014,5,false,70.37614285714285,false,false,11.694444444444445,false,1.463847e6,1.4436545666666662e6,false,0
464.583,use_adaptive_ngroute,0.011731802148903903,0,false,92.6954,false,false,11.694444444444445,false,1.463847e6,1.4466734366197335e6,false,3
384.429,use_lmSR3_cuts,0.011412000176400316,5,false,95.93325,false,false,11.833333333333332,false,1.463847e6,1.4471415777777769e6,false,0
302.763,use_lmSR3_cuts,0.009107137545687816,5,false,100.68733333333334,false,false,11.833333333333332,false,1.463847e6,1.4505155440251576e6,false,0
500.966,none,0.00855428845468531,0,false,144.14633333333336,false,false,11.833333333333332,true,1.463847e6,1.4513248305084743e6,false,0
