CG_time_taken,method,CG_LP_IP_gap,implemented_SR3_cuts_count,errored,CG_sp_time_taken_mean,converged,CGIP_artificial,ngroute_neighborhood_size,time_limit_reached,CGIP_objective,CGLP_objective,CGLP_artificial,cycles_lookup_length
115.774,use_adaptive_ngroute,0.13462927920178913,0,false,3.8434074074074074,false,false,7.833333333333333,false,1.62764e6,1.408512e6,false,14
28.842,use_adaptive_ngroute,0.13157604722174432,0,false,4.653833333333333,false,false,9.61111111111111,false,1.62764e6,1.4134815625e6,false,5
36.344,use_adaptive_ngroute,0.1305497018177647,0,false,7.167,false,false,10.277777777777779,false,1.62764e6,1.4151520833333335e6,false,2
30.31,use_lmSR3_cuts,0.1305497018177647,5,false,7.506499999999999,false,false,10.666666666666666,false,1.62764e6,1.4151520833333335e6,false,0
89.487,use_lmSR3_cuts,0.04972876765331791,5,false,10.994499999999999,false,false,10.666666666666666,false,1.507625e6,1.4326526666666665e6,false,0
66.725,use_adaptive_ngroute,0.024513307992813593,0,false,13.172,false,false,10.666666666666666,false,1.473563e6,1.4374410963341857e6,false,5
52.189,use_adaptive_ngroute,0.023927669081709624,0,false,12.9725,false,false,10.86111111111111,false,1.473563e6,1.4383040721649488e6,false,2
39.887,use_adaptive_ngroute,0.023745910584138996,0,false,13.219,false,false,11.25,false,1.473563e6,1.4385719047619044e6,false,2
43.671,use_lmSR3_cuts,0.023741890942573063,5,false,14.511999999999999,false,false,11.36111111111111,false,1.473563e6,1.4385778279569892e6,false,0
58.159,use_adaptive_ngroute,0.011506405051183166,0,false,14.44,false,false,11.36111111111111,false,1.464099e6,1.4472524838709678e6,false,7
134.36,use_lmSR3_cuts,0.011314651011146815,5,false,22.272999999999996,false,false,12.166666666666666,false,1.464099e6,1.447533230769231e6,false,0
208.872,use_adaptive_ngroute,0.009422945442897013,0,false,23.039222222222225,false,false,12.166666666666666,false,1.464099e6,1.450302875e6,false,2
79.518,use_lmSR3_cuts,0.008994041158874033,5,false,26.389333333333333,false,false,12.222222222222221,false,1.464099e6,1.4509308333333337e6,false,0
163.425,use_lmSR3_cuts,0.006550103510759908,5,false,32.56700000000001,false,false,12.222222222222221,false,1.464099e6,1.454509e6,false,0
171.85,use_adaptive_ngroute,0.0014804701315166424,0,false,34.23239999999999,false,false,12.222222222222221,false,1.458996e6,1.4568359999999977e6,false,1
167.785,use_lmSR3_cuts,0.0011382827643119375,5,false,33.4898,false,false,12.25,false,1.458996e6,1.45733525e6,false,0
114.544,use_adaptive_ngroute,0.0008825455702775598,0,false,38.047999999999995,false,false,12.25,false,1.458996e6,1.4577083695431473e6,false,1
107.07,use_lmSR3_cuts,0.0008789355040145219,5,false,35.57,false,false,12.277777777777777,false,1.458996e6,1.4577136366153848e6,false,0
167.223,use_lmSR3_cuts,0.0004519366960403781,5,false,41.6855,false,false,12.277777777777777,false,1.458996e6,1.4583366261682238e6,false,0
229.499,none,4.440892098500626e-16,0,false,45.75220000000001,true,false,12.277777777777777,false,1.458996e6,1.4589959999999993e6,false,0
