CG_time_taken,method,CG_LP_IP_gap,implemented_SR3_cuts_count,errored,CG_sp_time_taken_mean,converged,CGIP_artificial,ngroute_neighborhood_size,time_limit_reached,CGIP_objective,CGLP_objective,CGLP_artificial,cycles_lookup_length
72.441,use_adaptive_ngroute,0.163906225328469,0,false,2.4086,false,false,7.833333333333333,false,1.684634e6,1.408512e6,false,14
29.217,use_adaptive_ngroute,0.11847371258687533,0,false,3.47925,false,false,9.555555555555555,false,1.603448e6,1.4134815625e6,false,5
27.907,use_adaptive_ngroute,0.11743188221050305,0,false,5.511599999999999,false,false,10.222222222222223,false,1.603448e6,1.4151520833333333e6,false,2
42.063,use_lmSR3_cuts,0.11743188221050294,10,false,5.933285714285714,false,false,10.61111111111111,false,1.603448e6,1.4151520833333335e6,false,0
110.011,use_adaptive_ngroute,0.10435923778701384,0,false,7.177533333333335,false,false,10.61111111111111,false,1.603448e6,1.4361133888888883e6,false,2
36.434,use_adaptive_ngroute,0.10415395201039623,0,false,8.9695,false,false,10.666666666666666,false,1.603448e6,1.4364425539568341e6,false,1
14.922,use_lmSR3_cuts,0.10410893329223347,6,false,7.393,false,false,10.694444444444445,false,1.603448e6,1.4365147391304348e6,false,0
71.021,use_lmSR3_cuts,0.098729321645188,2,false,8.726999999999999,false,false,10.694444444444445,false,1.603448e6,1.4451406666666665e6,false,0
50.788,use_adaptive_ngroute,0.09736943969079948,0,false,10.0534,false,false,10.694444444444445,false,1.603448e6,1.447321166666667e6,false,3
34.483,use_lmSR3_cuts,0.09718535722185373,3,false,8.5255,false,false,10.833333333333334,false,1.603448e6,1.447616333333333e6,false,0
42.513,use_lmSR3_cuts,0.09636967628877302,1,false,10.53825,false,false,10.833333333333334,false,1.603448e6,1.4489242352941195e6,false,0
64.519,use_adaptive_ngroute,0.09522869882070761,0,false,12.765400000000001,false,false,10.833333333333334,false,1.603448e6,1.450753733333334e6,false,1
52.021,use_adaptive_ngroute,0.09502559719651815,0,false,12.856000000000002,false,false,10.88888888888889,false,1.603448e6,1.4510793962264373e6,false,3
42.591,use_lmSR3_cuts,0.09502559719653114,3,false,14.026666666666667,false,false,11.055555555555555,false,1.603448e6,1.4510793962264166e6,false,0
40.974,use_lmSR3_cuts,0.09448396518003732,1,false,13.559999999999999,false,false,11.055555555555555,false,1.603448e6,1.4519478749999995e6,false,0
8.623,use_lmSR3_cuts,0.0944146614046748,10,false,8.479000000000001,false,false,11.055555555555555,false,1.603448e6,1.452058999999997e6,false,0
49.521,use_adaptive_ngroute,0.08711479602365979,0,false,9.701999999999998,false,false,11.055555555555555,false,1.603448e6,1.4637639545454548e6,false,4
48.998,use_adaptive_ngroute,0.08687202782018022,0,false,12.15075,false,false,11.916666666666666,false,1.603448e6,1.4641532207357876e6,false,4
73.364,use_adaptive_ngroute,0.08686048063884222,0,false,18.2205,false,false,12.194444444444445,false,1.603448e6,1.4641717360406097e6,false,2
65.164,use_lmSR3_cuts,0.08692825729210285,4,false,12.932400000000001,false,false,12.25,false,1.603448e6,1.4640630597014923e6,false,0
73.259,use_adaptive_ngroute,0.08545057251392574,0,false,18.182499999999997,false,false,12.25,false,1.603448e6,1.4664324504036908e6,false,1
56.974,use_adaptive_ngroute,0.08509366027377518,0,false,18.833333333333332,false,false,12.277777777777777,false,1.603448e6,1.4670047406213358e6,false,2
72.362,use_lmSR3_cuts,0.08560458792574066,4,false,18.00225,false,false,12.61111111111111,false,1.603448e6,1.466185494699647e6,false,0
88.579,use_adaptive_ngroute,0.08481966197780388,0,false,22.02875,false,false,12.61111111111111,false,1.603448e6,1.4674440826410144e6,false,2
92.179,use_lmSR3_cuts,0.08491898479360172,4,false,30.593666666666667,false,false,12.666666666666666,false,1.603448e6,1.467284823670669e6,false,0
51.44,use_lmSR3_cuts,0.08420143182046724,2,false,25.582,false,false,12.666666666666666,false,1.603448e6,1.4684353825503355e6,false,0
130.948,use_lmSR3_cuts,0.08454938011560609,1,false,26.071400000000004,false,false,12.666666666666666,false,1.603448e6,1.4678774655523917e6,false,0
161.281,use_adaptive_ngroute,0.04478234912741752,0,false,32.117399999999996,false,false,12.666666666666666,false,1.536178e6,1.467384340482142e6,false,1
117.687,use_lmSR3_cuts,0.044642646585480894,10,false,23.421,false,false,12.777777777777779,false,1.536178e6,1.4675989484536091e6,false,0
111.27,use_adaptive_ngroute,0.04095247079398745,0,false,22.110599999999998,false,false,12.777777777777779,false,1.536178e6,1.473267715320634e6,false,2
73.148,use_lmSR3_cuts,0.04094742154424302,1,false,24.238333333333337,false,false,13.055555555555555,false,1.536178e6,1.473275471867008e6,false,0
96.414,use_lmSR3_cuts,0.04114067799020149,10,false,23.939,false,false,13.055555555555555,false,1.536178e6,1.4729785955663682e6,false,0
99.77,use_lmSR3_cuts,0.04145231890502066,10,false,33.022333333333336,false,false,13.055555555555555,false,1.536178e6,1.4724998596491232e6,false,0
77.053,use_adaptive_ngroute,0.03914676854470989,0,false,38.37400000000001,false,false,13.055555555555555,false,1.536178e6,1.4760415953905247e6,false,2
35.423,use_lmSR3_cuts,0.03910486582457151,3,false,35.207,false,false,13.166666666666668,false,1.536178e6,1.4761059654273414e6,false,0
66.88,use_adaptive_ngroute,0.038952654808096066,0,false,21.94633333333333,false,false,13.166666666666668,false,1.536178e6,1.4763397886422086e6,false,3
59.404,use_lmSR3_cuts,0.03893847784032156,10,false,29.493499999999997,false,false,13.527777777777779,false,1.536178e6,1.4763615669882104e6,false,0
111.285,use_lmSR3_cuts,0.03713093480252927,10,false,36.89166666666667,false,false,13.527777777777779,false,1.536178e6,1.4791382748369202e6,false,0
136.859,use_adaptive_ngroute,0.034784940536898734,0,false,45.285000000000004,false,false,13.527777777777779,false,1.536178e6,1.482742139615908e6,false,2
96.767,use_lmSR3_cuts,0.03494775435082642,3,false,48.19350000000001,false,false,13.63888888888889,false,1.536178e6,1.482492028616856e6,false,0
198.97,use_lmSR3_cuts,0.03489120796404288,5,false,49.5565,false,false,13.63888888888889,false,1.536178e6,1.4825788939322126e6,false,0
49.258,use_lmSR3_cuts,0.034835759135111166,10,false,48.988,false,false,13.63888888888889,false,1.536178e6,1.4826640732033432e6,false,0
233.985,use_adaptive_ngroute,0.03398430171402933,0,false,58.20100000000001,false,false,13.63888888888889,false,1.536178e6,1.4839720633615458e6,false,1
131.703,none,0.033984085934392616,0,false,76.562,false,false,13.666666666666666,true,1.536178e6,1.4839723948374765e6,false,0
