CG_time_taken,method,CG_LP_IP_gap,implemented_SR3_cuts_count,errored,CG_sp_time_taken_mean,converged,CGIP_artificial,ngroute_neighborhood_size,time_limit_reached,CGIP_objective,CGLP_objective,CGLP_artificial,cycles_lookup_length
97.872,use_adaptive_ngroute,0.17471777952811818,0,false,3.7072499999999997,false,false,7.833333333333333,false,1.74538e6,1.4404310819672132e6,false,17
61.779,use_adaptive_ngroute,0.13286560333804398,0,false,6.703222222222222,false,false,10.5,false,1.664208e6,1.4430920000000005e6,false,12
47.915,use_lmSR3_cuts,0.13273550106634535,5,false,9.458199999999998,false,false,11.222222222222223,false,1.664208e6,1.4433085172413795e6,false,0
187.301,use_lmSR3_cuts,0.006310854096488683,5,false,18.506500000000003,false,false,11.222222222222223,false,1.467102e6,1.4578433333333333e6,false,0
111.637,use_lmSR3_cuts,0.00038409054039867385,2,false,13.811125,false,false,11.222222222222223,false,1.467102e6,1.4665385e6,false,0
85.507,use_lmSR3_cuts,0.0003387630853211032,5,false,16.9926,false,false,11.222222222222223,false,1.467102e6,1.4666049999999993e6,false,0
161.999,none,0.0,0,false,20.093375,true,false,11.222222222222223,false,1.467102e6,1.467102e6,false,0
