CG_time_taken,method,CG_LP_IP_gap,implemented_SR3_cuts_count,errored,CG_sp_time_taken_mean,converged,CGIP_artificial,ngroute_neighborhood_size,time_limit_reached,CGIP_objective,CGLP_objective,CGLP_artificial,cycles_lookup_length
175.141,use_adaptive_ngroute,0.21853177590231487,0,false,5.638896551724139,false,false,7.833333333333333,false,1.802122e6,1.4083010789473685e6,false,10
75.68,use_adaptive_ngroute,0.20334629568411988,0,false,10.593,false,false,8.916666666666666,false,1.77317e6,1.412602448881789e6,false,5
45.28,use_adaptive_ngroute,0.20287272134554002,0,false,11.26425,false,false,9.555555555555555,false,1.77317e6,1.4134421766917289e6,false,7
13.24,use_lmSR3_cuts,0.2028266308169544,5,false,13.171999999999999,false,false,10.13888888888889,false,1.77317e6,1.413523903034301e6,false,0
506.324,use_adaptive_ngroute,0.06259271394910848,0,false,33.534800000000004,false,false,10.13888888888889,false,1.529367e6,1.4336397688457938e6,false,2
78.129,use_lmSR3_cuts,0.06233535376317367,5,false,25.970666666666666,false,false,10.277777777777779,false,1.529367e6,1.4340333670212764e6,false,0
262.87,use_adaptive_ngroute,0.055772504511328314,0,false,37.203,false,false,10.277777777777779,false,1.529367e6,1.4440703720930233e6,false,4
108.707,use_lmSR3_cuts,0.05570109793962519,5,false,35.99633333333333,false,false,10.5,false,1.529367e6,1.4441795789473692e6,false,0
460.3,use_adaptive_ngroute,0.05362542102662782,0,false,65.617,false,false,10.5,false,1.529367e6,1.4473540507207692e6,false,4
254.588,use_adaptive_ngroute,0.05354580284910937,0,false,63.47775,false,false,11.277777777777779,false,1.529367e6,1.447475816134066e6,false,2
161.475,use_lmSR3_cuts,0.0534880303553692,5,false,53.74733333333333,false,false,11.61111111111111,false,1.529367e6,1.4475641714795001e6,false,0
764.038,use_adaptive_ngroute,0.05027701119303063,0,false,76.22099999999999,false,false,11.61111111111111,false,1.529367e6,1.4524749982227483e6,false,5
173.234,use_lmSR3_cuts,0.05007440019141063,5,false,86.52600000000001,false,false,11.999999999999998,false,1.529367e6,1.452784864802463e6,false,0
468.618,none,0.049086750153440994,0,false,142.93866666666665,false,false,11.999999999999998,true,1.529367e6,1.4542953441780824e6,false,0
