CG_time_taken,method,CG_LP_IP_gap,implemented_SR3_cuts_count,errored,CG_sp_time_taken_mean,converged,CGIP_artificial,ngroute_neighborhood_size,time_limit_reached,CGIP_objective,CGLP_objective,CGLP_artificial,cycles_lookup_length
105.221,use_adaptive_ngroute,0.09901145905445508,0,false,3.3535185185185186,false,false,7.833333333333333,false,1.575959e6,1.419921e6,false,10
55.628,use_lmSR3_cuts,0.0841853970541867,2,false,4.852636363636364,false,false,9.13888888888889,false,1.55407e6,1.42324e6,false,0
36.177,use_lmSR3_cuts,0.0032610132643917655,2,false,5.809500000000001,false,false,9.13888888888889,false,1.429617e6,1.424955e6,false,0
42.136,none,0.0,0,false,5.878714285714285,true,false,9.13888888888889,false,1.429617e6,1.429617e6,false,0
