CG_time_taken,method,CG_LP_IP_gap,implemented_SR3_cuts_count,errored,CG_sp_time_taken_mean,converged,CGIP_artificial,ngroute_neighborhood_size,time_limit_reached,CGIP_objective,CGLP_objective,CGLP_artificial,cycles_lookup_length
1.226,use_adaptive_ngroute,0.22979463260561173,0,false,0.0555,false,false,5.0,false,1.464134e6,1.1276838653846153e6,false,19
1.018,use_adaptive_ngroute,0.06173792110112308,0,false,0.06592307692307692,false,false,7.35,false,1.270073e6,1.1916613333333333e6,false,6
0.468,use_adaptive_ngroute,0.05586514136770704,0,false,0.07166666666666667,false,false,7.75,false,1.270073e6,1.1991201923076923e6,false,3
0.403,use_SR3_cuts,0.045927281345245485,2,false,0.09025,false,false,8.0,false,1.270073e6,1.211742e6,false,0
0.445,use_SR3_cuts,0.045348574452019674,2,false,0.21550000000000002,false,false,8.0,false,1.270073e6,1.212477e6,false,0
0.353,use_adaptive_ngroute,0.044945546437094586,0,false,0.16999999999999998,false,false,8.0,false,1.270073e6,1.212988875e6,false,4
0.711,use_SR3_cuts,0.04481120376545289,1,false,0.22966666666666669,false,false,8.45,false,1.270073e6,1.2131595e6,false,0
0.413,use_adaptive_ngroute,0.04275403854739057,0,false,0.1995,false,false,8.45,false,1.270073e6,1.21577225e6,false,2
0.436,use_SR3_cuts,0.04204718941352226,1,false,0.21,false,false,8.55,false,1.270073e6,1.2166699999999995e6,false,0
0.212,use_SR3_cuts,0.041889109738359576,2,false,0.20400000000000001,false,false,8.55,false,1.270073e6,1.2168707727272725e6,false,0
0.261,use_SR3_cuts,0.04179641642645737,10,false,0.252,false,false,8.55,false,1.270073e6,1.2169885e6,false,0
0.556,use_SR3_cuts,0.04179641642645737,1,false,0.2685,false,false,8.55,false,1.270073e6,1.2169885e6,false,0
0.689,use_SR3_cuts,0.04064635129896732,8,false,0.33699999999999997,false,false,8.55,false,1.270073e6,1.2184491666666667e6,false,0
1.935,none,0.04064635129896732,0,false,0.6313333333333333,false,false,8.55,false,1.270073e6,1.2184491666666667e6,false,0
