CG_time_taken,method,CG_LP_IP_gap,implemented_SR3_cuts_count,errored,CG_sp_time_taken_mean,converged,CGIP_artificial,ngroute_neighborhood_size,time_limit_reached,CGIP_objective,CGLP_objective,CGLP_artificial,cycles_lookup_length
1.388,use_adaptive_ngroute,0.22979463260561173,0,false,0.07125000000000002,false,false,5.0,false,1.464134e6,1.1276838653846153e6,false,19
1.0,use_adaptive_ngroute,0.06173792110112308,0,false,0.0931111111111111,false,false,7.35,false,1.270073e6,1.1916613333333333e6,false,6
0.639,use_adaptive_ngroute,0.05650334884512753,0,false,0.1206,false,false,7.75,false,1.270073e6,1.1983096222222224e6,false,6
0.651,use_SR3_cuts,0.045927281345245485,5,false,0.12080000000000002,false,false,8.25,false,1.270073e6,1.211742e6,false,0
1.019,use_SR3_cuts,0.04481120376545289,1,false,0.248,false,false,8.25,false,1.270073e6,1.2131595e6,false,0
0.507,use_SR3_cuts,0.043053037108890635,5,false,0.247,false,false,8.25,false,1.270073e6,1.2153925e6,false,0
1.558,use_adaptive_ngroute,0.04079322928455886,0,false,0.5023333333333333,false,false,8.25,false,1.267931e6,1.216208e6,false,2
0.349,use_SR3_cuts,0.04017765950986296,1,false,0.339,false,false,8.35,false,1.267931e6,1.2169885e6,false,0
0.611,use_SR3_cuts,0.04017765950986296,1,false,0.2975,false,false,8.35,false,1.267931e6,1.2169885e6,false,0
0.885,none,0.03902565150101467,0,false,0.4345,false,false,8.35,false,1.267931e6,1.218449166666667e6,false,0
