CG_time_taken,method,CG_LP_IP_gap,implemented_SR3_cuts_count,errored,CG_sp_time_taken_mean,converged,CGIP_artificial,ngroute_neighborhood_size,time_limit_reached,CGIP_objective,CGLP_objective,CGLP_artificial,cycles_lookup_length
7.2,use_adaptive_ngroute,0.9999751294158173,0,false,0.18136000000000002,false,true,6.0,false,6.0e10,1.4922350509592327e6,false,22
8.444,use_adaptive_ngroute,0.10014120190089593,0,false,0.6056153846153847,false,false,7.093749999999999,false,1.734691e6,1.560976958333333e6,false,7
2.549,use_SR3_cuts,0.0875194382274318,5,false,0.5945,false,false,7.781249999999999,false,1.734691e6,1.5828718181818181e6,false,0
10.743,use_adaptive_ngroute,0.08244724853014151,0,false,1.309875,false,false,7.781249999999999,false,1.734691e6,1.5916705000000002e6,false,2
2.081,use_SR3_cuts,0.08153681653861244,5,false,1.0115,false,false,7.875,false,1.734691e6,1.593249818181818e6,false,0
6.806,use_adaptive_ngroute,0.04672567505518743,0,false,2.2206666666666663,false,false,7.875,false,1.682562e6,1.6039431547277938e6,false,6
4.48,use_SR3_cuts,0.046703995704795775,5,false,2.211,false,false,8.4375,false,1.682562e6,1.6039796315789474e6,false,0
12.575,use_SR3_cuts,0.041944368171871194,5,false,4.168666666666667,false,false,8.4375,false,1.682562e6,1.611988e6,false,0
9.125,use_SR3_cuts,0.04117130999638685,5,false,4.5415,false,false,8.4375,false,1.682562e6,1.6132887183098593e6,false,0
20.613,use_adaptive_ngroute,0.03944211685366972,0,false,6.836666666666667,false,false,8.4375,false,1.682562e6,1.6161981929824557e6,false,3
23.692,use_adaptive_ngroute,0.014207316515370216,0,false,7.8693333333333335,false,false,8.75,false,1.639715e6,1.6164190499999998e6,false,1
18.027,use_adaptive_ngroute,0.014174617743530904,0,false,8.9755,false,false,8.8125,false,1.639715e6,1.6164726666666663e6,false,1
8.312,use_adaptive_ngroute,0.014104689620415556,0,false,8.29,false,false,8.84375,false,1.639715e6,1.6165873288590603e6,false,1
14.481,use_SR3_cuts,0.014102542210079005,5,false,7.2055,false,false,8.875,false,1.639715e6,1.6165908500000003e6,false,0
31.286,use_adaptive_ngroute,0.013395273589912104,0,false,10.405666666666667,false,false,8.875,false,1.639715e6,1.6177505689655172e6,false,1
19.661,use_adaptive_ngroute,0.013385124765628476,0,false,9.813500000000001,false,false,8.9375,false,1.639715e6,1.6177672101449275e6,false,4
19.413,use_SR3_cuts,0.01336901534717927,5,false,9.686,false,false,9.09375,false,1.639715e6,1.617793625e6,false,0
30.568,use_SR3_cuts,0.013187047749151581,3,false,10.164666666666665,false,false,9.09375,false,1.639715e6,1.618092e6,false,0
25.514,use_adaptive_ngroute,0.012933654232177405,0,false,12.740499999999999,false,false,9.09375,false,1.639715e6,1.6185074931506852e6,false,2
12.977,use_SR3_cuts,0.012879771200623114,5,false,12.952,false,false,9.1875,false,1.639715e6,1.6185958459657703e6,false,0
33.96,use_SR3_cuts,0.012398124654431797,5,false,16.9355,false,false,9.1875,false,1.639715e6,1.6193856090322584e6,false,0
79.47,none,0.01091987437085662,0,false,26.419333333333334,false,false,9.1875,false,1.637412e6,1.619531666666667e6,false,0
