CG_time_taken,method,CG_LP_IP_gap,implemented_SR3_cuts_count,errored,CG_sp_time_taken_mean,converged,CGIP_artificial,ngroute_neighborhood_size,time_limit_reached,CGIP_objective,CGLP_objective,CGLP_artificial,cycles_lookup_length
318.191,use_adaptive_ngroute,0.18068279621306305,0,false,11.270333333333332,false,false,7.833333333333333,false,1.829975e6,1.49933e6,false,4
154.493,use_adaptive_ngroute,0.17991425201619338,0,false,16.999666666666666,false,false,8.36111111111111,false,1.829975e6,1.5007364166666665e6,false,4
75.031,use_adaptive_ngroute,0.179486404641229,0,false,24.904,false,false,8.472222222222223,false,1.829975e6,1.501519366666667e6,false,4
79.704,use_adaptive_ngroute,0.17810509192278456,0,false,15.874799999999997,false,false,8.666666666666666,false,1.829975e6,1.5040471344086023e6,false,2
55.606,use_adaptive_ngroute,0.1780931699127647,0,false,18.474666666666664,false,false,8.75,false,1.829975e6,1.5040689513888885e6,false,1
16.884,use_lmSR3_cuts,0.1780928491036552,5,false,16.799,false,false,8.86111111111111,false,1.829975e6,1.5040695384615385e6,false,0
406.5,use_adaptive_ngroute,0.0939226705409808,0,false,44.784555555555556,false,false,8.86111111111111,false,1.688729e6,1.5301190625e6,false,5
241.126,use_lmSR3_cuts,0.09059465212185713,5,false,30.048375000000004,false,false,9.0,false,1.683808e6,1.531264e6,false,0
254.266,use_adaptive_ngroute,0.0889166230273527,0,false,42.298166666666674,false,false,9.0,false,1.683808e6,1.5340894788135593e6,false,11
610.921,use_lmSR3_cuts,0.08713413875247922,5,false,55.44518181818183,false,false,9.666666666666666,false,1.683808e6,1.5370908400954655e6,false,0
626.498,use_adaptive_ngroute,0.08381193850753155,0,false,89.38414285714286,false,false,9.666666666666666,false,1.683808e6,1.5426847874455103e6,false,1
299.57,use_lmSR3_cuts,0.08368190715169033,5,false,74.82050000000001,false,false,9.694444444444445,false,1.683808e6,1.5429037352827266e6,false,0
414.793,none,0.08046486100470085,0,false,104.96533333333333,false,false,9.694444444444445,true,1.683808e6,1.5483206233213968e6,false,0
