CG_time_taken,method,CG_LP_IP_gap,implemented_SR3_cuts_count,errored,CG_sp_time_taken_mean,converged,CGIP_artificial,ngroute_neighborhood_size,time_limit_reached,CGIP_objective,CGLP_objective,CGLP_artificial,cycles_lookup_length
551.901,use_adaptive_ngroute,0.1430632393565362,0,false,17.5201,false,false,8.924999999999999,false,1.757189e6,1.5057998494983276e6,false,9
223.707,use_adaptive_ngroute,0.1401554372921089,0,false,24.676333333333336,false,false,9.525,false,1.757189e6,1.5109094073001165e6,false,9
246.171,use_SR3_cuts,0.14003313099464754,5,false,30.4755,false,false,10.700000000000001,false,1.757189e6,1.5111243225806463e6,false,0
537.823,use_adaptive_ngroute,0.11906656985554165,0,false,107.12120000000002,false,false,10.700000000000001,false,1.720341e6,1.5155058981481476e6,false,1
403.382,use_SR3_cuts,0.11897009235934852,5,false,100.54025000000001,false,false,10.725,false,1.720341e6,1.515671872340426e6,false,0
830.716,use_SR3_cuts,0.08722429229691464,5,false,165.97359999999998,false,false,10.725,false,1.665377e6,1.5201156697674412e6,false,0
760.579,none,0.07692249166581999,0,false,NaN,false,false,10.725,true,1.665377e6,1.5372720515970518e6,false,0
