CG_time_taken,method,CG_LP_IP_gap,implemented_SR3_cuts_count,errored,CG_sp_time_taken_mean,converged,CGIP_artificial,ngroute_neighborhood_size,time_limit_reached,CGIP_objective,CGLP_objective,CGLP_artificial,cycles_lookup_length
336.202,use_adaptive_ngroute,0.13750277220874885,0,false,10.776724137931035,false,false,8.924999999999999,false,1.691081e6,1.4585526744704568e6,false,15
134.954,use_adaptive_ngroute,0.13480372987206968,0,false,19.112142857142857,false,false,10.65,false,1.691081e6,1.4631169736842106e6,false,9
113.328,use_SR3_cuts,0.1338469553072198,5,false,28.212250000000004,false,false,10.95,false,1.691081e6,1.4647349569721115e6,false,0
805.435,use_adaptive_ngroute,0.1264830092663236,0,false,89.204,false,false,10.95,false,1.691081e6,1.4771879862068961e6,false,4
526.447,use_SR3_cuts,0.12533180928607823,5,false,105.17639999999999,false,false,11.125,false,1.691081e6,1.4791347586206896e6,false,0
198.924,use_adaptive_ngroute,0.12381790718133412,0,false,99.36299999999999,false,false,11.125,false,1.691081e6,1.4816948897058824e6,false,5
187.226,use_SR3_cuts,0.12375186673823191,5,false,62.32733333333333,false,false,11.299999999999999,false,1.691081e6,1.481806569444444e6,false,0
1271.179,none,0.11991692695981127,0,false,292.58324999999996,false,false,11.299999999999999,true,1.691081e6,1.4882917632398754e6,false,0
