CG_time_taken,method,CG_LP_IP_gap,implemented_SR3_cuts_count,errored,CG_sp_time_taken_mean,converged,CGIP_artificial,ngroute_neighborhood_size,time_limit_reached,CGIP_objective,CGLP_objective,CGLP_artificial,cycles_lookup_length
535.122,use_adaptive_ngroute,0.12488783852289231,0,false,17.252166666666668,false,false,8.924999999999999,false,1.724786e6,1.5093812045454546e6,false,15
726.604,use_adaptive_ngroute,0.039983411448856976,0,false,60.2465,false,false,12.025,false,1.580712e6,1.5175097417218543e6,false,3
535.167,use_SR3_cuts,0.03894925684900685,5,false,89.11466666666668,false,false,12.4,false,1.580712e6,1.5191444423076927e6,false,0
902.959,use_adaptive_ngroute,0.029106359176380936,0,false,128.7232857142857,false,false,12.4,false,1.580712e6,1.5347032287735846e6,false,10
841.644,use_adaptive_ngroute,0.027932135804406788,0,false,167.82260000000002,false,false,12.95,false,1.580712e6,1.5365593377483445e6,false,6
41.244,none,0.02775423353526818,0,false,NaN,false,false,13.55,true,1.580712e6,1.536840549999999e6,false,0
