CG_time_taken,method,CG_LP_IP_gap,implemented_SR3_cuts_count,errored,CG_sp_time_taken_mean,converged,CGIP_artificial,ngroute_neighborhood_size,time_limit_reached,CGIP_objective,CGLP_objective,CGLP_artificial,cycles_lookup_length
392.42,use_adaptive_ngroute,0.2057842157451072,0,false,12.270366666666666,false,false,8.924999999999999,false,1.788073e6,1.4201157999999989e6,false,10
361.156,use_adaptive_ngroute,0.19986603999247987,0,false,32.43036363636364,false,false,10.275,false,1.788073e6,1.4306979302725266e6,false,3
107.657,use_adaptive_ngroute,0.18157982613941115,0,false,26.739999999999995,false,false,10.600000000000001,false,1.749545e6,1.431862923076924e6,false,2
42.065,use_adaptive_ngroute,0.18147118250745198,0,false,20.9075,false,false,10.675,false,1.749545e6,1.432053e6,false,2
80.673,use_SR3_cuts,0.18146132875986865,14,false,26.708666666666666,false,false,10.8,false,1.749545e6,1.4320702395748156e6,false,0
2562.681,none,0.1552839243073718,0,false,NaN,false,false,10.8,true,1.749545e6,1.4778687866476593e6,false,0
