CG_time_taken,method,CG_LP_IP_gap,implemented_SR3_cuts_count,errored,CG_sp_time_taken_mean,converged,CGIP_artificial,ngroute_neighborhood_size,time_limit_reached,CGIP_objective,CGLP_objective,CGLP_artificial,cycles_lookup_length
851.433,use_adaptive_ngroute,0.15709406670801462,0,false,24.129676470588237,false,false,8.924999999999999,false,1.684781e6,1.4201119011976044e6,false,8
470.964,use_adaptive_ngroute,0.15081074022527197,0,false,51.78433333333333,false,false,9.95,false,1.684781e6,1.430697930272526e6,false,1
91.111,use_adaptive_ngroute,0.15011925996499065,0,false,45.3955,false,false,10.125,false,1.684781e6,1.431862923076923e6,false,2
123.933,use_adaptive_ngroute,0.15000644000614904,0,false,41.202000000000005,false,false,10.175,false,1.684781e6,1.4320530000000002e6,false,2
122.151,use_SR3_cuts,0.147683777876089,5,false,30.4555,false,false,10.3,false,1.68021e6,1.4320702395748165e6,false,0
864.043,use_adaptive_ngroute,0.12964241119424347,0,false,171.41559999999998,false,false,10.3,false,1.665965e6,1.4499852804347822e6,false,2
336.288,use_SR3_cuts,0.12963989628094996,5,false,111.91266666666668,false,false,10.45,false,1.665965e6,1.4499894701923071e6,false,0
667.982,none,0.12136618840600111,0,false,NaN,false,false,10.45,true,1.665965e6,1.4637731779321963e6,false,0
