CG_time_taken,method,CG_LP_IP_gap,implemented_SR3_cuts_count,errored,CG_sp_time_taken_mean,converged,CGIP_artificial,ngroute_neighborhood_size,time_limit_reached,CGIP_objective,CGLP_objective,CGLP_artificial,cycles_lookup_length
538.858,use_adaptive_ngroute,0.11937787203959027,0,false,15.619545454545454,false,false,8.924999999999999,false,1.7507e6,1.5417051594202893e6,false,24
630.199,use_adaptive_ngroute,0.09700354086603435,0,false,52.200583333333334,false,false,11.525,false,1.722518e6,1.5554276547945202e6,false,6
748.249,use_adaptive_ngroute,0.09467055150208048,0,false,93.411625,false,false,12.025,false,1.722518e6,1.5594462709677394e6,false,4
331.764,use_SR3_cuts,0.09463062126101573,5,false,110.46366666666667,false,false,12.625,false,1.722518e6,1.5595150515267176e6,false,0
1332.186,none,0.028342732381309244,0,false,240.5702,false,false,12.625,true,1.607473e6,1.5619128229508197e6,false,0
