CG_time_taken,method,CG_LP_IP_gap,implemented_SR3_cuts_count,errored,CG_sp_time_taken_mean,converged,CGIP_artificial,ngroute_neighborhood_size,time_limit_reached,CGIP_objective,CGLP_objective,CGLP_artificial,cycles_lookup_length
487.114,use_adaptive_ngroute,0.21979385782506156,0,false,16.289413793103446,false,false,8.924999999999999,false,1.974371e6,1.5404163811320753e6,false,12
228.456,use_adaptive_ngroute,0.2164424180325445,0,false,32.36142857142857,false,false,10.475,false,1.974371e6,1.5470333666666672e6,false,1
129.495,use_adaptive_ngroute,0.2164235896945912,0,false,43.038666666666664,false,false,10.825,false,1.974371e6,1.5470705407911004e6,false,1
98.509,use_SR3_cuts,0.21638923231753315,5,false,32.74766666666667,false,false,10.85,false,1.974371e6,1.5471383749999998e6,false,0
938.74,use_adaptive_ngroute,0.09765222923057693,0,false,93.0664,false,false,10.85,false,1.736532e6,1.5669557790697678e6,false,2
378.734,use_adaptive_ngroute,0.09763448591267487,0,false,94.4905,false,false,10.924999999999999,false,1.736532e6,1.5669865909090908e6,false,1
399.911,use_SR3_cuts,0.09763448591267598,5,false,79.8532,false,false,10.95,false,1.736532e6,1.566986590909089e6,false,0
891.354,none,0.0,0,false,264.23766666666666,true,false,10.95,true,1.576519e6,1.576519e6,false,0
