CG_time_taken,method,CG_LP_IP_gap,implemented_SR3_cuts_count,errored,CG_sp_time_taken_mean,converged,CGIP_artificial,ngroute_neighborhood_size,time_limit_reached,CGIP_objective,CGLP_objective,CGLP_artificial,cycles_lookup_length
785.988,use_adaptive_ngroute,0.17538034386040546,0,false,22.4684705882353,false,false,8.924999999999999,false,1.799994e6,1.4843104333333333e6,false,12
286.843,use_adaptive_ngroute,0.17149181755442466,0,false,35.57875,false,false,10.65,false,1.799994e6,1.491309757352941e6,false,5
303.823,use_adaptive_ngroute,0.17112675097805896,0,false,33.61088888888888,false,false,11.075000000000001,false,1.799994e6,1.4919668749999998e6,false,8
119.832,use_SR3_cuts,0.17109981534696284,5,false,39.836333333333336,false,false,11.674999999999999,false,1.799994e6,1.492015358974359e6,false,0
1025.261,use_adaptive_ngroute,0.05847722517257681,0,false,169.40599999999998,false,false,11.674999999999999,false,1.602461e6,1.5087535272727273e6,false,2
455.669,use_SR3_cuts,0.0584772251725767,5,false,151.7903333333333,false,false,11.85,false,1.602461e6,1.5087535272727276e6,false,0
581.581,none,0.056755723722742846,0,false,228.54250000000002,false,false,11.85,true,1.602461e6,1.5115121662075298e6,false,0
