CG_time_taken,method,CG_LP_IP_gap,implemented_SR3_cuts_count,errored,CG_sp_time_taken_mean,converged,CGIP_artificial,ngroute_neighborhood_size,time_limit_reached,CGIP_objective,CGLP_objective,CGLP_artificial,cycles_lookup_length
18.429,use_adaptive_ngroute,0.3444225532836146,0,false,0.3257407407407407,false,false,6.0,false,1.826321e6,1.1972948580645157e6,false,29
21.834,use_adaptive_ngroute,0.14392233883754502,0,false,1.383357142857143,false,false,10.0,false,1.507765e6,1.2907639347826089e6,false,15
15.623,use_adaptive_ngroute,0.13897351377701428,0,false,2.5534999999999997,false,false,10.5,false,1.507765e6,1.2982256e6,false,2
12.924,use_adaptive_ngroute,0.11188205984038113,0,false,2.5489999999999995,false,false,10.5625,false,1.463861e6,1.3000812159999998e6,false,3
6.518,use_adaptive_ngroute,0.11219811872591956,0,false,2.1446666666666667,false,false,10.75,false,1.463861e6,1.2996185497237567e6,false,3
6.1,use_lmSR3_cuts,0.11175273244294837,7,false,2.014,false,false,10.84375,false,1.463861e6,1.3002705333333332e6,false,0
18.022,use_adaptive_ngroute,0.06430702662066157,0,false,3.5543999999999993,false,false,10.84375,false,1.397256e6,1.3074026212121209e6,false,5
7.131,use_adaptive_ngroute,0.06394171036770513,0,false,3.537,false,false,11.21875,false,1.397256e6,1.3079130615384618e6,false,1
6.691,use_adaptive_ngroute,0.06387678718212242,0,false,3.322,false,false,11.25,false,1.397256e6,1.3080037758490564e6,false,3
6.489,use_lmSR3_cuts,0.06387614269422637,7,false,3.2249999999999996,false,false,11.406250000000002,false,1.397256e6,1.308004676363636e6,false,0
28.692,use_lmSR3_cuts,0.06090940313798221,7,false,7.085999999999999,false,false,11.406250000000002,false,1.397256e6,1.3121499710090356e6,false,0
24.281,use_adaptive_ngroute,0.060181911091192974,0,false,11.999500000000001,false,false,11.406250000000002,false,1.397256e6,1.313166463636364e6,false,2
18.394,use_lmSR3_cuts,0.060178879356720394,10,false,9.158,false,false,11.468749999999998,false,1.397256e6,1.3131706997455463e6,false,0
18.635,use_adaptive_ngroute,0.058080495379639885,0,false,9.2365,false,false,11.468749999999998,false,1.397256e6,1.316102679347826e6,false,2
19.007,use_lmSR3_cuts,0.05802856649881227,10,false,9.460999999999999,false,false,11.531249999999998,false,1.397256e6,1.3161752372881356e6,false,0
43.229,use_lmSR3_cuts,0.05388923019712277,2,false,8.533199999999999,false,false,11.531249999999998,false,1.397256e6,1.321958949771689e6,false,0
28.719,use_adaptive_ngroute,0.053932499348499974,0,false,9.503666666666666,false,false,11.531249999999998,false,1.397256e6,1.3218984916903123e6,false,1
25.13,use_lmSR3_cuts,0.05392490666488148,2,false,8.336,false,false,11.625,false,1.397256e6,1.3219091006130544e6,false,0
19.624,use_lmSR3_cuts,0.05366645895014277,10,false,9.7355,false,false,11.625,false,1.397256e6,1.3222702182331593e6,false,0
34.308,use_adaptive_ngroute,0.05249880237161464,0,false,11.383000000000001,false,false,11.625,false,1.397256e6,1.3239017333934472e6,false,5
10.254,use_lmSR3_cuts,0.052484082184947045,1,false,10.18,false,false,11.84375,false,1.397256e6,1.3239223012625896e6,false,0
9.99,use_lmSR3_cuts,0.05242982896280346,10,false,9.91,false,false,11.84375,false,1.397256e6,1.323998106902749e6,false,0
93.029,use_adaptive_ngroute,0.051167759568989224,0,false,18.545199999999998,false,false,11.84375,false,1.397256e6,1.3257615409356724e6,false,5
13.085,use_lmSR3_cuts,0.051148075628912104,1,false,13.006,false,false,12.0,false,1.397256e6,1.3257890444390487e6,false,0
15.943,use_lmSR3_cuts,0.051144403421505724,10,false,15.83,false,false,12.0,false,1.397256e6,1.3257941754528806e6,false,0
170.401,use_adaptive_ngroute,0.04783523011680024,0,false,24.22542857142857,false,false,12.0,false,1.397256e6,1.33041793770792e6,false,1
74.232,use_lmSR3_cuts,0.04761867976979994,2,false,24.668,false,false,12.0625,false,1.397256e6,1.3307205139795684e6,false,0
18.418,use_lmSR3_cuts,0.04758897916926197,10,false,18.272000000000002,false,false,12.0625,false,1.397256e6,1.3307620133218737e6,false,0
40.662,use_lmSR3_cuts,0.047504568032521455,10,false,20.2405,false,false,12.0625,false,1.397256e6,1.3308799572891511e6,false,0
106.613,use_lmSR3_cuts,0.045823534812640676,3,false,35.44866666666667,false,false,12.0625,false,1.397256e6,1.333228791041829e6,false,0
94.484,use_adaptive_ngroute,0.04564003845971354,0,false,31.27,false,false,12.0625,false,1.397256e6,1.3334851824219346e6,false,5
40.323,use_lmSR3_cuts,0.045639197588562275,1,false,40.184999999999995,false,false,12.4375,false,1.397256e6,1.3334863573341959e6,false,0
35.894,use_lmSR3_cuts,0.045639181489783076,10,false,35.754,false,false,12.4375,false,1.397256e6,1.3334863798283117e6,false,0
306.487,use_lmSR3_cuts,0.045394624544170425,10,false,50.98683333333333,false,false,12.4375,false,1.397256e6,1.3338280884879106e6,false,0
143.46,use_lmSR3_cuts,0.04442758250730772,10,false,47.63433333333333,false,false,12.4375,false,1.397256e6,1.3351792937761692e6,false,0
112.596,use_lmSR3_cuts,0.04368696990102339,10,false,37.29299999999999,false,false,12.4375,false,1.397256e6,1.3362141191839757e6,false,0
71.429,use_lmSR3_cuts,0.04293372863557465,1,false,35.5835,false,false,12.4375,false,1.397256e6,1.3372665900615714e6,false,0
70.857,use_lmSR3_cuts,0.04286973618936896,1,false,35.309,false,false,12.4375,false,1.397256e6,1.337356003890987e6,false,0
71.163,use_lmSR3_cuts,0.04285427472831416,1,false,35.454499999999996,false,false,12.4375,false,1.397256e6,1.3373776075102147e6,false,0
61.241,use_lmSR3_cuts,0.04285426560988981,1,false,30.3135,false,false,12.4375,false,1.397256e6,1.3373776202509878e6,false,0
32.256,use_lmSR3_cuts,0.04285404624315681,10,false,32.033,false,false,12.4375,false,1.397256e6,1.3373779267624717e6,false,0
190.293,use_lmSR3_cuts,0.042940003548252004,10,false,47.400999999999996,false,false,12.4375,false,1.397256e6,1.3372578224021837e6,false,0
177.003,use_lmSR3_cuts,0.04276190148010539,10,false,58.854,false,false,12.4375,false,1.397256e6,1.3375066765855139e6,false,0
157.038,use_lmSR3_cuts,0.042444777363492725,10,false,78.33500000000001,false,false,12.4375,false,1.397256e6,1.3379497801601957e6,false,0
221.354,use_lmSR3_cuts,0.04137513434567153,10,false,73.637,false,false,12.4375,false,1.397256e6,1.3394443452847044e6,false,0
365.22,use_adaptive_ngroute,0.04141505489483033,0,false,91.1665,false,false,12.4375,false,1.397256e6,1.339388566057869e6,false,2
87.379,use_lmSR3_cuts,0.041274270515300304,10,false,87.164,false,false,12.59375,false,1.397256e6,1.3395852778768735e6,false,0
257.325,none,0.041369177181625694,0,false,126.9295,false,false,12.59375,true,1.397256e6,1.3394526689679103e6,false,0
