CG_time_taken,method,CG_LP_IP_gap,implemented_SR3_cuts_count,errored,CG_sp_time_taken_mean,converged,CGIP_artificial,ngroute_neighborhood_size,time_limit_reached,CGIP_objective,CGLP_objective,CGLP_artificial,cycles_lookup_length
238.434,use_adaptive_ngroute,0.14769241441787007,0,false,8.919960000000001,false,false,8.924999999999999,false,1.715399e6,1.46204758e6,false,16
351.383,use_adaptive_ngroute,0.08721023285564011,0,false,43.75,false,false,12.175,false,1.612401e6,1.471783133333333e6,false,5
257.603,use_SR3_cuts,0.08718183317921535,5,false,51.4252,false,false,12.424999999999999,false,1.612401e6,1.471828925e6,false,0
1839.032,use_SR3_cuts,0.08063807741787976,5,false,306.19533333333334,false,false,12.424999999999999,false,1.612401e6,1.4823800833333333e6,false,0
898.469,none,0.062101229951455617,0,false,275.01,false,false,12.424999999999999,true,1.593921e6,1.4949365454545459e6,false,0
