CG_time_taken,method,CG_LP_IP_gap,implemented_SR3_cuts_count,errored,CG_sp_time_taken_mean,converged,CGIP_artificial,ngroute_neighborhood_size,time_limit_reached,CGIP_objective,CGLP_objective,CGLP_artificial,cycles_lookup_length
699.836,use_adaptive_ngroute,0.2315447123956612,0,false,24.227428571428575,false,false,8.924999999999999,false,2.090858e6,1.6067308857298326e6,false,15
269.099,use_adaptive_ngroute,0.2282386811856082,0,false,53.675,false,false,10.725,false,2.083704e6,1.6081221470588234e6,false,7
300.994,use_adaptive_ngroute,0.2080105481468132,0,false,75.152,false,false,11.725,false,2.030511e6,1.6081432938718663e6,false,2
114.932,use_SR3_cuts,0.20801054814681286,5,false,57.396,false,false,11.975,false,2.030511e6,1.6081432938718668e6,false,0
1436.227,use_adaptive_ngroute,0.18659592833365402,0,false,239.05599999999998,false,false,11.975,false,1.983569e6,1.6134431010311423e6,false,3
655.26,use_adaptive_ngroute,0.18631341073968466,0,false,218.33399999999997,false,false,12.125,false,1.983569e6,1.6140034941724944e6,false,4
55.422,none,0.1859151756263977,0,false,NaN,false,false,12.475,true,1.983569e6,1.6147934209979218e6,false,0
