CG_time_taken,method,CG_LP_IP_gap,implemented_SR3_cuts_count,errored,CG_sp_time_taken_mean,converged,CGIP_artificial,ngroute_neighborhood_size,time_limit_reached,CGIP_objective,CGLP_objective,CGLP_artificial,cycles_lookup_length
632.432,use_adaptive_ngroute,0.14430321278984737,0,false,21.896821428571425,false,false,8.924999999999999,false,1.759842e6,1.5058911453974894e6,false,21
541.11,use_adaptive_ngroute,0.14150265714134325,0,false,67.44824999999999,false,false,11.175,false,1.759842e6,1.5108196808510642e6,false,2
366.428,use_adaptive_ngroute,0.14084138748881736,0,false,73.12599999999999,false,false,11.325,false,1.759842e6,1.5119834109589048e6,false,2
61.88,use_SR3_cuts,0.1408350312504334,5,false,61.791,false,false,11.4,false,1.759842e6,1.511994596934175e6,false,0
1275.801,use_adaptive_ngroute,0.13476079075878222,0,false,141.09955555555558,false,false,11.4,false,1.759842e6,1.5226843004694832e6,false,8
700.056,none,0.1336002238631515,0,false,431.099,false,false,12.625,true,1.759842e6,1.5247267148362237e6,false,0
