CG_time_taken,method,CG_LP_IP_gap,implemented_SR3_cuts_count,errored,CG_sp_time_taken_mean,converged,CGIP_artificial,ngroute_neighborhood_size,time_limit_reached,CGIP_objective,CGLP_objective,CGLP_artificial,cycles_lookup_length
392.852,use_adaptive_ngroute,0.06453564531520262,0,false,13.806777777777778,false,false,8.924999999999999,false,1.639526e6,1.5337181315789472e6,false,18
169.601,use_adaptive_ngroute,0.062325575112604836,0,false,28.01683333333333,false,false,11.55,false,1.639526e6,1.5373415991379314e6,false,8
203.228,use_adaptive_ngroute,0.061664258555468976,0,false,33.7525,false,false,11.925,false,1.639526e6,1.538425844827586e6,false,1
113.964,use_adaptive_ngroute,0.061652575195513815,0,false,37.899,false,false,12.225,false,1.639526e6,1.538445e6,false,5
114.221,use_adaptive_ngroute,0.06097947757674371,0,false,28.487,false,false,12.549999999999999,false,1.639526e6,1.5395485610465116e6,false,4
126.671,use_SR3_cuts,0.06078114603292051,5,false,31.584249999999997,false,false,12.875,false,1.639526e6,1.53987373076923e6,false,0
632.301,use_SR3_cuts,0.03462738346994776,5,false,105.10650000000001,false,false,12.875,false,1.602076e6,1.5466003e6,false,0
1434.561,use_adaptive_ngroute,0.02296297921068058,0,false,284.765,false,false,12.875,false,1.588244e6,1.5517731860465119e6,false,7
392.32,none,0.022479613403929455,0,false,168.077,false,false,13.55,true,1.588244e6,1.5525408888888895e6,false,0
