CG_time_taken,method,CG_LP_IP_gap,implemented_SR3_cuts_count,errored,CG_sp_time_taken_mean,converged,CGIP_artificial,ngroute_neighborhood_size,time_limit_reached,CGIP_objective,CGLP_objective,CGLP_artificial,cycles_lookup_length
526.617,use_adaptive_ngroute,0.1112656535602512,0,false,13.296289473684212,false,false,8.924999999999999,false,1.663333e6,1.4782611666666667e6,false,6
92.384,use_SR3_cuts,0.110874051527866,5,false,15.161000000000001,false,false,9.7,false,1.663333e6,1.47891253125e6,false,0
229.391,use_SR3_cuts,0.10867034575892065,5,false,37.689499999999995,false,false,9.7,false,1.663333e6,1.4825780277777773e6,false,0
644.025,use_adaptive_ngroute,0.07166357498419662,0,false,105.6345,false,false,9.7,false,1.618974e6,1.5029525353535353e6,false,3
537.054,use_adaptive_ngroute,0.07049442873848921,0,false,133.97275,false,false,10.424999999999999,false,1.617322e6,1.5033098095238092e6,false,1
114.779,use_SR3_cuts,0.07049442873848755,5,false,114.619,false,false,10.45,false,1.617322e6,1.5033098095238118e6,false,0
1046.924,use_SR3_cuts,0.06608640703582835,5,false,172.1238333333333,false,false,10.45,false,1.617322e6,1.510439e6,false,0
369.557,none,0.06303263202998566,0,false,NaN,false,false,10.45,true,1.617322e6,1.5153779374999995e6,false,0
