CG_time_taken,method,CG_LP_IP_gap,implemented_SR3_cuts_count,errored,CG_sp_time_taken_mean,converged,CGIP_artificial,ngroute_neighborhood_size,time_limit_reached,CGIP_objective,CGLP_objective,CGLP_artificial,cycles_lookup_length
366.657,use_adaptive_ngroute,0.18090109915735297,0,false,11.873999999999999,false,false,8.924999999999999,false,1.932021e6,1.5825162775049116e6,false,21
357.188,use_adaptive_ngroute,0.1691653548396047,0,false,29.518000000000004,false,false,11.475,false,1.916166e6,1.592017098678414e6,false,5
103.735,use_adaptive_ngroute,0.16911393485377735,0,false,34.48466666666667,false,false,11.825000000000001,false,1.916166e6,1.592115627906977e6,false,4
106.114,use_adaptive_ngroute,0.1690795973613849,0,false,52.993,false,false,12.549999999999999,false,1.916166e6,1.5921814242424245e6,false,2
221.867,use_adaptive_ngroute,0.1690563797481649,0,false,73.86399999999999,false,false,12.7,false,1.916166e6,1.5922259130434778e6,false,4
81.234,use_adaptive_ngroute,0.16905415675788493,0,false,40.5755,false,false,12.975,false,1.916166e6,1.5922301726618707e6,false,3
59.725,use_adaptive_ngroute,0.16904499783329896,0,false,59.653999999999996,false,false,13.150000000000002,false,1.916166e6,1.592247722681759e6,false,3
242.146,use_SR3_cuts,0.16904053070415193,5,false,80.63466666666667,false,false,13.3,false,1.916166e6,1.592256282442748e6,false,0
1851.431,use_adaptive_ngroute,0.07793328179841286,0,false,230.47787499999998,false,false,13.3,false,1.738352e6,1.6028765237191655e6,false,6
156.317,none,0.07771253211788198,0,false,NaN,false,false,13.799999999999999,true,1.738352e6,1.6032602643678156e6,false,0
