CG_time_taken,method,CG_LP_IP_gap,implemented_SR3_cuts_count,errored,CG_sp_time_taken_mean,converged,CGIP_artificial,ngroute_neighborhood_size,time_limit_reached,CGIP_objective,CGLP_objective,CGLP_artificial,cycles_lookup_length
1349.343,use_adaptive_ngroute,0.0885234091002074,0,false,34.754131578947366,false,false,8.924999999999999,false,1.693293e6,1.5433969310344825e6,false,13
569.68,use_adaptive_ngroute,0.08496092568784075,0,false,70.7705,false,false,10.875,false,1.693293e6,1.549429259259259e6,false,10
667.831,use_adaptive_ngroute,0.0837786057587957,0,false,74.05833333333332,false,false,11.325,false,1.693293e6,1.5514312733188716e6,false,10
276.137,use_adaptive_ngroute,0.08348958187472777,0,false,91.867,false,false,11.9,false,1.693293e6,1.5519206754385966e6,false,4
253.361,use_adaptive_ngroute,0.08348958187472733,0,false,84.22633333333333,false,false,12.65,false,1.693293e6,1.5519206754385973e6,false,2
87.44,use_SR3_cuts,0.08347871081181257,5,false,87.322,false,false,12.7,false,1.693293e6,1.5519390833333335e6,false,0
375.975,none,0.061558787479154886,0,false,NaN,false,false,12.7,true,1.693293e6,1.5890559360730594e6,false,0
