CG_time_taken,method,CG_LP_IP_gap,implemented_SR3_cuts_count,errored,CG_sp_time_taken_mean,converged,CGIP_artificial,ngroute_neighborhood_size,time_limit_reached,CGIP_objective,CGLP_objective,CGLP_artificial,cycles_lookup_length
284.257,use_adaptive_ngroute,0.17802362360771784,0,false,10.489346153846153,false,false,8.924999999999999,false,2.007558e6,1.650165250237337e6,false,12
75.592,use_adaptive_ngroute,0.175911930621792,0,false,14.919799999999999,false,false,10.049999999999999,false,2.005269e6,1.6525182587939699e6,false,6
55.107,use_adaptive_ngroute,0.17583095493439893,0,false,18.266333333333336,false,false,10.625,false,2.005269e6,1.6526806368296528e6,false,4
34.168,use_adaptive_ngroute,0.17578962613239302,0,false,16.98,false,false,11.275,false,2.005269e6,1.6527635121951224e6,false,2
16.033,use_SR3_cuts,0.17578962613239313,5,false,15.957999999999998,false,false,11.5,false,2.005269e6,1.6527635121951222e6,false,0
450.124,use_adaptive_ngroute,0.10053460986455331,0,false,63.52071428571429,false,false,11.5,false,1.856771e6,1.6701012519071836e6,false,2
118.714,use_SR3_cuts,0.10053447688356787,5,false,59.25,false,false,11.55,false,1.856771e6,1.6701014988224208e6,false,0
487.584,use_adaptive_ngroute,0.08042827643154382,0,false,97.36720000000001,false,false,11.55,false,1.825033e6,1.6782487413793104e6,false,3
248.521,use_adaptive_ngroute,0.08038725792177925,0,false,124.16799999999999,false,false,11.85,false,1.825033e6,1.6783236015132414e6,false,2
204.145,use_adaptive_ngroute,0.08025934553174996,0,false,102.02650000000001,false,false,11.975,false,1.825033e6,1.6785570458461537e6,false,3
206.104,use_SR3_cuts,0.08024951388689539,5,false,102.9925,false,false,12.049999999999999,false,1.825033e6,1.6785749889224577e6,false,0
709.516,use_adaptive_ngroute,0.07445423860385991,0,false,140.8108,false,false,12.049999999999999,false,1.825033e6,1.6891515575580818e6,false,6
398.429,use_adaptive_ngroute,0.07421861389926665,0,false,132.706,false,false,12.4,false,1.825033e6,1.6895815804195798e6,false,2
236.97,none,0.0741554297195266,0,false,150.034,false,false,12.45,true,1.825033e6,1.6896968936326832e6,false,0
