CG_time_taken,method,CG_LP_IP_gap,implemented_SR3_cuts_count,errored,CG_sp_time_taken_mean,converged,CGIP_artificial,ngroute_neighborhood_size,time_limit_reached,CGIP_objective,CGLP_objective,CGLP_artificial,cycles_lookup_length
575.796,use_adaptive_ngroute,0.08103396647570171,0,false,18.069032258064517,false,false,8.924999999999999,false,1.594383e6,1.4651838214285714e6,false,18
384.909,use_adaptive_ngroute,0.08013852380513342,0,false,76.75180000000002,false,false,12.0,false,1.594383e6,1.4666115e6,false,7
757.262,use_adaptive_ngroute,0.07928143328450221,0,false,108.08657142857143,false,false,12.175,false,1.594383e6,1.4679780305555556e6,false,1
689.389,use_SR3_cuts,0.07915700641931944,5,false,114.76683333333332,false,false,12.225,false,1.594383e6,1.4681764146341463e6,false,0
1182.112,none,0.07302244723348617,0,false,889.377,false,false,12.225,true,1.594383e6,1.4779572515125326e6,false,0
