CG_time_taken,method,CG_LP_IP_gap,implemented_SR3_cuts_count,errored,CG_sp_time_taken_mean,converged,CGIP_artificial,ngroute_neighborhood_size,time_limit_reached,CGIP_objective,CGLP_objective,CGLP_artificial,cycles_lookup_length
12.299,use_adaptive_ngroute,0.9999786347970188,0,false,0.2559444444444444,false,true,6.0,false,6.0e10,1.2819121788732393e6,false,28
19.881,use_adaptive_ngroute,0.13595260236093965,0,false,1.5820833333333333,false,false,8.53125,false,1.553573e6,1.342360707692308e6,false,11
20.227,use_adaptive_ngroute,0.0667448983167751,0,false,2.47025,false,false,9.15625,false,1.464827e6,1.3670572708333333e6,false,7
13.064,use_lmSR3_cuts,0.05378215171157097,5,false,2.1499999999999995,false,false,9.8125,false,1.464827e6,1.3860454520547946e6,false,0
22.648,use_adaptive_ngroute,0.04806926626209729,0,false,4.4254,false,false,9.8125,false,1.464827e6,1.3944138409090908e6,false,11
23.318,use_lmSR3_cuts,0.04736949663479628,5,false,4.628,false,false,10.3125,false,1.464827e6,1.3954388823529412e6,false,0
40.989,use_lmSR3_cuts,0.033169901064539875,5,false,5.027375,false,false,10.3125,false,1.464827e6,1.4162388333333333e6,false,0
27.319,use_lmSR3_cuts,0.029278030784522624,4,false,5.385599999999999,false,false,10.3125,false,1.464827e6,1.42193975e6,false,0
16.118,use_adaptive_ngroute,0.025704558128182176,0,false,5.288666666666667,false,false,10.3125,false,1.464827e6,1.4271742692307692e6,false,6
22.123,use_lmSR3_cuts,0.025092020252221015,5,false,7.2876666666666665,false,false,10.5,false,1.464827e6,1.4280715312499998e6,false,0
36.377,use_adaptive_ngroute,0.024275306913376093,0,false,9.021,false,false,10.5,false,1.464827e6,1.429267875e6,false,1
24.099,use_lmSR3_cuts,0.024033384147069903,5,false,7.953666666666665,false,false,10.53125,false,1.464827e6,1.42962225e6,false,0
72.957,use_lmSR3_cuts,0.023399008893200346,5,false,10.360142857142858,false,false,10.53125,false,1.464827e6,1.4305515e6,false,0
51.96,use_lmSR3_cuts,0.023160072827712708,1,false,12.9335,false,false,10.53125,false,1.464827e6,1.4309015e6,false,0
45.916,use_lmSR3_cuts,0.02281839425406551,5,false,11.42025,false,false,10.53125,false,1.464827e6,1.431402e6,false,0
32.163,use_lmSR3_cuts,0.02253299839806666,5,false,10.649333333333333,false,false,10.53125,false,1.464827e6,1.4318200555555553e6,false,0
47.428,use_lmSR3_cuts,0.022100092707193375,4,false,11.7325,false,false,10.53125,false,1.464827e6,1.4324541875e6,false,0
74.885,use_lmSR3_cuts,0.021333273864801328,4,false,12.428166666666666,false,false,10.53125,false,1.464827e6,1.4335774444444447e6,false,0
39.517,use_lmSR3_cuts,0.02120796517267909,3,false,13.046000000000001,false,false,10.53125,false,1.464827e6,1.433761e6,false,0
25.751,use_lmSR3_cuts,0.021089365998355203,3,false,12.8215,false,false,10.53125,false,1.464827e6,1.4339347272727273e6,false,0
30.535,use_lmSR3_cuts,0.020971418467846337,2,false,15.1285,false,false,10.53125,false,1.464827e6,1.4341075e6,false,0
14.847,use_adaptive_ngroute,0.02091023972177597,0,false,14.785,false,false,10.53125,false,1.464827e6,1.43419711627907e6,false,2
30.586,use_lmSR3_cuts,0.0209024455902751,5,false,15.244,false,false,10.65625,false,1.464827e6,1.4342085333333341e6,false,0
35.379,use_adaptive_ngroute,0.02070653197503991,0,false,17.561,false,false,10.65625,false,1.464827e6,1.4344955128865982e6,false,1
32.676,use_lmSR3_cuts,0.020703894314780258,5,false,16.294,false,false,10.71875,false,1.464827e6,1.4344993766025633e6,false,0
60.565,use_lmSR3_cuts,0.02055447503357055,1,false,14.9895,false,false,10.71875,false,1.464827e6,1.43471825e6,false,0
30.836,use_lmSR3_cuts,0.020196070935338928,5,false,15.355500000000001,false,false,10.71875,false,1.464827e6,1.4352432500000002e6,false,0
73.707,none,0.020190097533702378,0,false,18.367749999999997,false,false,10.71875,false,1.464827e6,1.4352519999999993e6,false,0
