CG_time_taken,method,CG_LP_IP_gap,implemented_SR3_cuts_count,errored,CG_sp_time_taken_mean,converged,CGIP_artificial,ngroute_neighborhood_size,time_limit_reached,CGIP_objective,CGLP_objective,CGLP_artificial,cycles_lookup_length
514.258,use_adaptive_ngroute,0.2330665434647915,0,false,15.413375,false,false,8.924999999999999,false,1.990296e6,1.5264245908081993e6,false,11
162.854,use_adaptive_ngroute,0.22949910428035303,0,false,20.2405,false,false,9.6,false,1.990296e6,1.5335248507472305e6,false,12
194.849,use_SR3_cuts,0.18669642233071726,16,false,32.239666666666665,false,false,10.424999999999999,false,1.890581e6,1.5376162911735703e6,false,0
2696.556,none,0.14038821877262597,0,false,NaN,false,false,10.424999999999999,true,1.890581e6,1.62516570096463e6,false,0
