CG_time_taken,method,CG_LP_IP_gap,implemented_SR3_cuts_count,errored,CG_sp_time_taken_mean,converged,CGIP_artificial,ngroute_neighborhood_size,time_limit_reached,CGIP_objective,CGLP_objective,CGLP_artificial,cycles_lookup_length
694.1,use_adaptive_ngroute,0.1430632393565362,0,false,22.2259,false,false,8.924999999999999,false,1.757189e6,1.5057998494983276e6,false,9
309.729,use_adaptive_ngroute,0.1401554372921089,0,false,34.202555555555556,false,false,9.525,false,1.757189e6,1.5109094073001165e6,false,9
295.29,use_lmSR3_cuts,0.1400331309946482,5,false,41.918285714285716,false,false,10.700000000000001,false,1.757189e6,1.511124322580645e6,false,0
395.112,use_adaptive_ngroute,0.13611873756508008,0,false,65.55199999999999,false,false,10.700000000000001,false,1.757189e6,1.5180026516567545e6,false,4
243.293,use_lmSR3_cuts,0.13611011218439972,5,false,60.73925,false,false,10.8,false,1.757189e6,1.5180178080808069e6,false,0
650.537,use_adaptive_ngroute,0.03968649316020212,0,false,80.97262500000001,false,false,10.8,false,1.587586e6,1.5245802790697673e6,false,12
749.048,use_adaptive_ngroute,0.039432675773155235,0,false,187.12675,false,false,11.9,false,1.587586e6,1.5249832359999996e6,false,1
214.462,none,0.03941727798783068,0,false,167.868,false,false,11.925,true,1.587586e6,1.5250076813084118e6,false,0
