CG_time_taken,method,CG_LP_IP_gap,implemented_SR3_cuts_count,errored,CG_sp_time_taken_mean,converged,CGIP_artificial,ngroute_neighborhood_size,time_limit_reached,CGIP_objective,CGLP_objective,CGLP_artificial,cycles_lookup_length
295.786,use_adaptive_ngroute,0.13750277220874885,0,false,9.383034482758625,false,false,8.924999999999999,false,1.691081e6,1.4585526744704568e6,false,15
125.71,use_adaptive_ngroute,0.1348037298720698,0,false,17.834,false,false,10.65,false,1.691081e6,1.4631169736842103e6,false,9
139.124,use_lmSR3_cuts,0.13384695530721968,5,false,23.094833333333334,false,false,10.95,false,1.691081e6,1.4647349569721117e6,false,0
434.388,use_adaptive_ngroute,0.1272498260922419,0,false,33.26992307692308,false,false,10.95,false,1.691081e6,1.4758912368421054e6,false,7
212.994,use_adaptive_ngroute,0.126418122563266,0,false,42.523599999999995,false,false,11.25,false,1.691081e6,1.4772977148775896e6,false,4
264.983,use_lmSR3_cuts,0.12584559447477706,5,false,44.060166666666674,false,false,11.35,false,1.691081e6,1.4782659062499995e6,false,0
608.066,use_adaptive_ngroute,0.1207477409575981,0,false,67.44333333333333,false,false,11.35,false,1.691081e6,1.486886789473684e6,false,1
239.397,use_lmSR3_cuts,0.12072447391796703,5,false,79.67399999999999,false,false,11.575,false,1.691081e6,1.4869261359223304e6,false,0
430.659,use_lmSR3_cuts,0.11960727640638824,5,false,71.69216666666667,false,false,11.575,false,1.691081e6,1.4888154074074086e6,false,0
808.228,none,0.11856546197373163,0,false,147.78619999999998,false,false,11.575,true,1.691081e6,1.4905772e6,false,0
