CG_time_taken,method,CG_LP_IP_gap,implemented_SR3_cuts_count,errored,CG_sp_time_taken_mean,converged,CGIP_artificial,ngroute_neighborhood_size,time_limit_reached,CGIP_objective,CGLP_objective,CGLP_artificial,cycles_lookup_length
314.776,use_adaptive_ngroute,0.08903604799007847,0,false,8.888484848484849,false,false,8.924999999999999,false,1.601796e6,1.4591784144736843e6,false,13
58.842,use_adaptive_ngroute,0.08573591613027598,0,false,6.428111111111111,false,false,10.524999999999999,false,1.601796e6,1.4644645524861885e6,false,5
72.195,use_adaptive_ngroute,0.08556722112358961,0,false,11.927000000000001,false,false,10.725,false,1.601796e6,1.4647347674731186e6,false,3
26.855,use_lmSR3_cuts,0.0855671028195154,13,false,8.858999999999998,false,false,10.85,false,1.601796e6,1.4647349569721115e6,false,0
212.996,use_adaptive_ngroute,0.07362831519174062,0,false,23.521777777777782,false,false,10.85,false,1.601796e6,1.4838584592391306e6,false,7
132.162,use_adaptive_ngroute,0.07344411712262633,0,false,21.954500000000003,false,false,11.55,false,1.601796e6,1.4841535069694456e6,false,3
66.692,use_lmSR3_cuts,0.07338619089543519,10,false,22.134333333333334,false,false,11.9,false,1.601796e6,1.4842462929684555e6,false,0
138.001,use_adaptive_ngroute,0.06759143102590737,0,false,27.3216,false,false,11.9,false,1.601796e6,1.4935283161484257e6,false,3
85.82,use_lmSR3_cuts,0.06742107279390197,6,false,28.548999999999996,false,false,12.125,false,1.601796e6,1.493801195283019e6,false,0
286.185,use_adaptive_ngroute,0.06623409970600602,0,false,47.51983333333333,false,false,12.125,false,1.601796e6,1.4957024840273184e6,false,1
155.944,use_adaptive_ngroute,0.0662411374142512,0,false,38.866,false,false,12.149999999999999,false,1.601796e6,1.4956912110544022e6,false,3
105.47,use_lmSR3_cuts,0.0662374304215847,2,false,52.653499999999994,false,false,12.275,false,1.601796e6,1.4956971489004274e6,false,0
114.438,use_adaptive_ngroute,0.06624684679605053,0,false,57.097,false,false,12.275,false,1.601796e6,1.4956820657894735e6,false,1
180.519,use_adaptive_ngroute,0.06618412374692717,0,false,60.096000000000004,false,false,12.375,false,1.601796e6,1.495782535318667e6,false,3
133.729,use_adaptive_ngroute,0.06618407109787883,0,false,66.77000000000001,false,false,12.45,false,1.601796e6,1.495782619651702e6,false,1
116.479,use_lmSR3_cuts,0.06618396283447359,10,false,58.1415,false,false,12.475,false,1.601796e6,1.4957827930675915e6,false,0
360.121,use_adaptive_ngroute,0.06156322890439658,0,false,119.887,false,false,12.475,false,1.601796e6,1.5031842661938532e6,false,1
101.358,use_lmSR3_cuts,0.06156184896343242,2,false,101.24199999999999,false,false,12.5,false,1.601796e6,1.5031864765777697e6,false,0
317.535,use_adaptive_ngroute,0.061474660833808925,0,false,105.73266666666666,false,false,12.5,false,1.601796e6,1.5033261341750482e6,false,1
127.093,use_lmSR3_cuts,0.061446888232698726,1,false,126.97200000000001,false,false,12.549999999999999,false,1.601796e6,1.5033706202164162e6,false,0
236.54,use_lmSR3_cuts,0.061433247645768074,10,false,118.14500000000001,false,false,12.549999999999999,false,1.601796e6,1.5033924696539992e6,false,0
197.812,none,0.05813469017477524,0,false,NaN,false,false,12.549999999999999,true,1.601796e6,1.5086760858168057e6,false,0
