CG_time_taken,method,CG_LP_IP_gap,implemented_SR3_cuts_count,errored,CG_sp_time_taken_mean,converged,CGIP_artificial,ngroute_neighborhood_size,time_limit_reached,CGIP_objective,CGLP_objective,CGLP_artificial,cycles_lookup_length
566.959,use_adaptive_ngroute,0.12488783852289231,0,false,18.303133333333328,false,false,8.924999999999999,false,1.724786e6,1.5093812045454546e6,false,15
848.321,use_adaptive_ngroute,0.039983411448856976,0,false,70.40166666666667,false,false,12.025,false,1.580712e6,1.5175097417218543e6,false,3
636.29,use_lmSR3_cuts,0.03894925684900685,5,false,105.97749999999999,false,false,12.4,false,1.580712e6,1.5191444423076927e6,false,0
1071.199,use_adaptive_ngroute,0.032527035285364936,0,false,152.65171428571426,false,false,12.4,false,1.580712e6,1.5292961250000002e6,false,7
465.118,none,0.03222360064799168,0,false,178.5185,false,false,13.024999999999999,true,1.580712e6,1.5297757677725118e6,false,0
