CG_time_taken,method,CG_LP_IP_gap,implemented_SR3_cuts_count,errored,CG_sp_time_taken_mean,converged,CGIP_artificial,ngroute_neighborhood_size,time_limit_reached,CGIP_objective,CGLP_objective,CGLP_artificial,cycles_lookup_length
611.731,use_adaptive_ngroute,0.11937787203959027,0,false,17.820848484848483,false,false,8.924999999999999,false,1.7507e6,1.5417051594202893e6,false,24
723.356,use_adaptive_ngroute,0.09700354086603435,0,false,59.95850000000001,false,false,11.525,false,1.722518e6,1.5554276547945202e6,false,6
944.898,use_adaptive_ngroute,0.09467055150208048,0,false,117.99037499999997,false,false,12.025,false,1.722518e6,1.5594462709677394e6,false,4
423.962,use_lmSR3_cuts,0.09463062126101573,5,false,141.196,false,false,12.625,false,1.722518e6,1.5595150515267176e6,false,0
877.011,none,0.028655349110063066,0,false,152.5208,false,false,12.625,true,1.607473e6,1.5614102999999996e6,false,0
