CG_time_taken,method,CG_LP_IP_gap,implemented_SR3_cuts_count,errored,CG_sp_time_taken_mean,converged,CGIP_artificial,ngroute_neighborhood_size,time_limit_reached,CGIP_objective,CGLP_objective,CGLP_artificial,cycles_lookup_length
433.36,use_adaptive_ngroute,0.21979385782506156,0,false,14.404517241379311,false,false,8.924999999999999,false,1.974371e6,1.5404163811320753e6,false,12
214.616,use_adaptive_ngroute,0.2164424180325445,0,false,30.37742857142857,false,false,10.475,false,1.974371e6,1.5470333666666672e6,false,1
116.314,use_adaptive_ngroute,0.2164235896945912,0,false,38.64266666666666,false,false,10.825,false,1.974371e6,1.5470705407911004e6,false,1
87.757,use_lmSR3_cuts,0.21638923231753315,5,false,29.171000000000003,false,false,10.85,false,1.974371e6,1.5471383749999998e6,false,0
395.755,use_adaptive_ngroute,0.1195090961355082,0,false,39.1541,false,false,10.85,false,1.778931e6,1.5663325641025642e6,false,2
215.23,use_adaptive_ngroute,0.11931819628490026,0,false,42.8596,false,false,10.924999999999999,false,1.778931e6,1.566672161764706e6,false,5
199.702,use_lmSR3_cuts,0.1193171249657422,5,false,49.809749999999994,false,false,11.225,false,1.778931e6,1.5666740675675673e6,false,0
524.143,none,0.0,0,false,57.90833333333333,true,false,11.225,false,1.576519e6,1.576519e6,false,0
