CG_time_taken,method,CG_LP_IP_gap,implemented_SR3_cuts_count,errored,CG_sp_time_taken_mean,converged,CGIP_artificial,ngroute_neighborhood_size,time_limit_reached,CGIP_objective,CGLP_objective,CGLP_artificial,cycles_lookup_length
367.883,use_adaptive_ngroute,0.19264077082380493,0,false,12.13179310344828,false,false,8.924999999999999,false,1.907969e6,1.5404163811320758e6,false,12
216.034,use_adaptive_ngroute,0.18917269270796833,0,false,23.78944444444445,false,false,10.25,false,1.907969e6,1.5470333666666704e6,false,1
92.189,use_adaptive_ngroute,0.18915568620870715,0,false,18.3216,false,false,10.600000000000001,false,1.907969e6,1.5470658145400593e6,false,4
99.064,use_lmSR3_cuts,0.18911765599965202,13,false,24.586499999999997,false,false,10.85,false,1.907969e6,1.547138375e6,false,0
313.292,use_adaptive_ngroute,0.10702722269106202,0,false,25.6445,false,false,10.85,false,1.785182e6,1.5941189285419246e6,false,7
161.979,use_adaptive_ngroute,0.10700966172917059,0,false,32.245200000000004,false,false,11.25,false,1.785182e6,1.5941502780549957e6,false,7
71.203,use_lmSR3_cuts,0.10697711427287593,12,false,35.4415,false,false,11.75,false,1.785182e6,1.5942083811881188e6,false,0
464.442,use_adaptive_ngroute,0.09756913610805673,0,false,45.9605,false,false,11.75,false,1.785182e6,1.611003334464347e6,false,14
303.875,use_adaptive_ngroute,0.09725384615850763,0,false,75.80425,false,false,12.899999999999999,false,1.785182e6,1.611566184407063e6,false,2
925.658,use_adaptive_ngroute,0.10115848926502946,0,false,102.67033333333333,false,false,13.0,false,1.785182e6,1.6045956858168761e6,false,2
188.021,use_lmSR3_cuts,0.09733167921983543,2,false,93.887,false,false,13.075,false,1.785182e6,1.6114272382269758e6,false,0
84.756,use_adaptive_ngroute,0.09722862688854528,0,false,84.59400000000001,false,false,13.075,false,1.785182e6,1.611611205393853e6,false,1
239.872,none,0.0972281915707548,0,false,95.64,false,false,13.099999999999998,true,1.785182e6,1.6116119825153367e6,false,0
