CG_time_taken,method,CG_LP_IP_gap,implemented_SR3_cuts_count,errored,CG_sp_time_taken_mean,converged,CGIP_artificial,ngroute_neighborhood_size,time_limit_reached,CGIP_objective,CGLP_objective,CGLP_artificial,cycles_lookup_length
620.717,use_adaptive_ngroute,0.17538034386040546,0,false,17.61405882352941,false,false,8.924999999999999,false,1.799994e6,1.4843104333333333e6,false,12
233.052,use_adaptive_ngroute,0.17149181755442466,0,false,28.856,false,false,10.65,false,1.799994e6,1.491309757352941e6,false,5
242.563,use_adaptive_ngroute,0.17112675097805896,0,false,26.80555555555555,false,false,11.075000000000001,false,1.799994e6,1.4919668749999998e6,false,8
98.1,use_lmSR3_cuts,0.17109981534696284,5,false,32.579,false,false,11.674999999999999,false,1.799994e6,1.492015358974359e6,false,0
441.308,use_adaptive_ngroute,0.09257350965028721,0,false,54.803,false,false,11.674999999999999,false,1.660302e6,1.5066020167806088e6,false,2
234.256,use_lmSR3_cuts,0.0925687317978997,5,false,77.94166666666665,false,false,12.075,false,1.660302e6,1.5066099494584836e6,false,0
431.869,use_adaptive_ngroute,0.09044800283321941,0,false,61.480285714285706,false,false,12.075,false,1.660302e6,1.5101310000000002e6,false,2
280.953,use_adaptive_ngroute,0.09025655838777036,0,false,93.514,false,false,12.175,false,1.660302e6,1.510448855595668e6,false,2
338.479,use_adaptive_ngroute,0.09023152458802308,0,false,112.694,false,false,12.35,false,1.660302e6,1.510490419263456e6,false,4
521.867,use_lmSR3_cuts,0.09022375992195164,5,false,130.2075,false,false,12.625,false,1.660302e6,1.510503310954064e6,false,0
93.307,none,0.0890382998944198,0,false,NaN,false,false,12.625,true,1.660302e6,1.512471532608695e6,false,0
