CG_time_taken,method,CG_LP_IP_gap,implemented_SR3_cuts_count,errored,CG_sp_time_taken_mean,converged,CGIP_artificial,ngroute_neighborhood_size,time_limit_reached,CGIP_objective,CGLP_objective,CGLP_artificial,cycles_lookup_length
549.218,use_adaptive_ngroute,0.13754706508547432,0,false,16.52478125,false,false,8.924999999999999,false,1.689947e6,1.457499749999998e6,false,17
209.758,use_adaptive_ngroute,0.098831675429908,0,false,20.6636,false,false,10.4,false,1.631294e6,1.4700704808612436e6,false,7
117.518,use_adaptive_ngroute,0.09758611779207182,0,false,29.262750000000004,false,false,11.125,false,1.631294e6,1.4721023515625e6,false,8
130.214,use_adaptive_ngroute,0.09729642659329174,0,false,43.27666666666667,false,false,12.549999999999999,false,1.631294e6,1.4725749230769228e6,false,6
179.636,use_adaptive_ngroute,0.09722467766897547,0,false,44.81175,false,false,12.8,false,1.631294e6,1.4726919666666663e6,false,7
117.978,use_lmSR3_cuts,0.09721981962401316,5,false,58.886,false,false,13.350000000000001,false,1.631294e6,1.4726998915662651e6,false,0
476.112,use_adaptive_ngroute,0.0950161224071524,0,false,79.15066666666667,false,false,13.350000000000001,false,1.631294e6,1.4762947696139468e6,false,3
338.331,use_adaptive_ngroute,0.09445670441527632,0,false,84.4365,false,false,13.7,false,1.631294e6,1.4772073448275863e6,false,2
283.794,use_adaptive_ngroute,0.09445670441527654,0,false,94.50566666666668,false,false,14.05,false,1.631294e6,1.4772073448275859e6,false,2
217.231,use_lmSR3_cuts,0.0944486883735769,5,false,108.49300000000001,false,false,14.100000000000001,false,1.631294e6,1.4772204213483143e6,false,0
925.946,use_lmSR3_cuts,0.052807014154304,5,false,92.2831,false,false,14.100000000000001,false,1.572956e6,1.4898928902439026e6,false,0
9.544,none,0.046371290741762605,0,false,NaN,false,false,14.100000000000001,true,1.572956e6,1.500016e6,false,0
