CG_time_taken,method,CG_LP_IP_gap,implemented_SR3_cuts_count,errored,CG_sp_time_taken_mean,converged,CGIP_artificial,ngroute_neighborhood_size,time_limit_reached,CGIP_objective,CGLP_objective,CGLP_artificial,cycles_lookup_length
15.272,use_adaptive_ngroute,0.28461849804090944,0,false,0.27515384615384614,false,false,6.0,false,1.952069e6,1.39647405314778e6,false,14
5.122,use_adaptive_ngroute,0.12081198177088504,0,false,0.36140000000000005,false,false,6.90625,false,1.737155e6,1.5272858618067983e6,false,21
3.491,use_lmSR3_cuts,0.09085244641600232,5,false,0.4671428571428571,false,false,8.21875,false,1.691571e6,1.5378876363636365e6,false,0
4.801,use_lmSR3_cuts,0.08177928900661613,5,false,0.7666666666666667,false,false,8.21875,false,1.691571e6,1.5532355263157894e6,false,0
6.482,use_adaptive_ngroute,0.07658374738857898,0,false,1.0266666666666668,false,false,8.21875,false,1.691571e6,1.562024153846154e6,false,1
9.636,use_adaptive_ngroute,0.07546320174344667,0,false,1.8906000000000003,false,false,8.25,false,1.691571e6,1.5639196363636362e6,false,1
5.902,use_adaptive_ngroute,0.07507016186251114,0,false,1.9313333333333333,false,false,8.28125,false,1.691571e6,1.56458449122807e6,false,1
5.812,use_lmSR3_cuts,0.07495945206799925,5,false,1.9059999999999997,false,false,8.3125,false,1.691571e6,1.5647717647058824e6,false,0
9.127,use_lmSR3_cuts,0.07339449541284404,5,false,2.9829999999999997,false,false,8.3125,false,1.691571e6,1.567419e6,false,0
7.729,use_lmSR3_cuts,0.07256967635411082,5,false,2.504666666666667,false,false,8.3125,false,1.691571e6,1.5688142400000005e6,false,0
24.143,use_adaptive_ngroute,0.06978856204812467,0,false,2.982375,false,false,8.3125,false,1.691571e6,1.5735186923076918e6,false,1
9.241,use_adaptive_ngroute,0.0697675529024614,0,false,3.0496666666666665,false,false,8.34375,false,1.691571e6,1.5735542307692305e6,false,1
3.255,use_lmSR3_cuts,0.06953772558172266,5,false,3.227,false,false,8.375,false,1.691571e6,1.5739429999999998e6,false,0
11.354,use_adaptive_ngroute,0.06815250330322387,0,false,3.74,false,false,8.375,false,1.691571e6,1.5762862018348624e6,false,5
12.622,use_adaptive_ngroute,0.06794264628950408,0,false,4.173666666666667,false,false,8.84375,false,1.691571e6,1.5766411898734174e6,false,5
8.745,use_adaptive_ngroute,0.06788078774109985,0,false,4.3285,false,false,9.03125,false,1.691571e6,1.576745828e6,false,3
4.774,use_adaptive_ngroute,0.06776354406144436,0,false,4.745,false,false,9.15625,false,1.691571e6,1.5769441540084386e6,false,1
4.027,use_lmSR3_cuts,0.06776354406144391,5,false,3.9789999999999996,false,false,9.1875,false,1.691571e6,1.5769441540084393e6,false,0
24.957,use_adaptive_ngroute,0.02015740139662492,0,false,4.9238,false,false,9.1875,false,1.612702e6,1.5801941184528603e6,false,4
19.54,use_adaptive_ngroute,0.020109528110500374,0,false,6.479,false,false,9.40625,false,1.612702e6,1.5802713237971398e6,false,2
11.891,use_lmSR3_cuts,0.02010047923080538,5,false,5.9245,false,false,9.5,false,1.612702e6,1.5802859169435217e6,false,0
34.282,use_adaptive_ngroute,0.01816171163500524,0,false,6.8166,false,false,9.5,false,1.612702e6,1.5834125713228039e6,false,3
22.497,use_adaptive_ngroute,0.018060210779262564,0,false,7.473666666666667,false,false,9.71875,false,1.612702e6,1.5835762619558617e6,false,1
6.809,use_adaptive_ngroute,0.017989015037992884,0,false,6.7780000000000005,false,false,9.75,false,1.612702e6,1.5836910794701988e6,false,1
14.709,use_lmSR3_cuts,0.01798901503799255,5,false,7.317,false,false,9.78125,false,1.612702e6,1.5836910794701993e6,false,0
29.789,use_lmSR3_cuts,0.016908723286260585,5,false,7.4072499999999994,false,false,9.78125,false,1.612702e6,1.585433268138801e6,false,0
27.617,use_lmSR3_cuts,0.016790501349914,5,false,9.183,false,false,9.78125,false,1.612702e6,1.585623924891991e6,false,0
65.704,use_lmSR3_cuts,0.015587456998827576,5,false,10.903833333333333,false,false,9.78125,false,1.612702e6,1.5875640769230768e6,false,0
56.542,use_lmSR3_cuts,0.015121639129971665,5,false,14.096749999999998,false,false,9.78125,false,1.612702e6,1.5883153023318164e6,false,0
28.968,use_lmSR3_cuts,0.014728281380544495,5,false,14.452000000000002,false,false,9.78125,false,1.612702e6,1.5889496711610332e6,false,0
73.359,use_lmSR3_cuts,0.014355795743268063,5,false,14.6276,false,false,9.78125,false,1.612702e6,1.58955037949324e6,false,0
75.887,use_lmSR3_cuts,0.014176813635829233,5,false,15.1418,false,false,9.78125,false,1.612702e6,1.589839024295871e6,false,0
17.536,use_lmSR3_cuts,0.014033395282412986,5,false,17.492,false,false,9.78125,false,1.612702e6,1.590070315361262e6,false,0
70.235,use_adaptive_ngroute,0.013812296870712615,0,false,17.506,false,false,9.78125,false,1.612702e6,1.590426881212008e6,false,1
52.358,use_adaptive_ngroute,0.013809610367661929,0,false,25.845499999999998,false,false,9.875,false,1.612702e6,1.5904312137408508e6,false,1
17.685,use_lmSR3_cuts,0.013808947365167135,5,false,17.637,false,false,9.90625,false,1.612702e6,1.5904322829663001e6,false,0
55.009,use_lmSR3_cuts,0.013498655620614697,5,false,18.283,false,false,9.90625,false,1.612702e6,1.5909326910833234e6,false,0
59.389,use_lmSR3_cuts,0.013379562385105404,5,false,19.736000000000004,false,false,9.90625,false,1.612702e6,1.5911247529824157e6,false,0
98.858,use_lmSR3_cuts,0.0031251726264966972,5,false,19.701800000000002,false,false,9.90625,false,1.596553e6,1.5915634962676489e6,false,0
70.313,use_adaptive_ngroute,0.0025466545381391814,0,false,17.48425,false,false,9.90625,false,1.596553e6,1.5924871310571702e6,false,4
39.252,use_lmSR3_cuts,0.0025240649337554544,5,false,19.5645,false,false,10.03125,false,1.596553e6,1.592523196557818e6,false,0
115.286,use_lmSR3_cuts,5.0213767061046966e-5,5,false,22.989600000000003,false,false,10.03125,false,1.593151e6,1.593071001886793e6,false,0
107.848,none,-2.220446049250313e-16,0,false,26.90775,true,false,10.03125,false,1.593151e6,1.5931510000000002e6,false,0
