CG_time_taken,method,CG_LP_IP_gap,implemented_SR3_cuts_count,errored,CG_sp_time_taken_mean,converged,CGIP_artificial,ngroute_neighborhood_size,time_limit_reached,CGIP_objective,CGLP_objective,CGLP_artificial,cycles_lookup_length
184.157,use_adaptive_ngroute,0.14769241441787007,0,false,6.7661999999999995,false,false,8.924999999999999,false,1.715399e6,1.46204758e6,false,16
218.098,use_adaptive_ngroute,0.12927542713893903,0,false,24.025444444444442,false,false,12.175,false,1.690297e6,1.4717831333333328e6,false,5
246.413,use_lmSR3_cuts,0.12924833623913445,5,false,35.09057142857143,false,false,12.424999999999999,false,1.690297e6,1.4718289249999998e6,false,0
309.108,use_lmSR3_cuts,0.12714451957259587,5,false,61.637,false,false,12.424999999999999,false,1.690297e6,1.475385e6,false,0
606.087,use_adaptive_ngroute,0.07265691405603392,0,false,75.58062500000001,false,false,12.424999999999999,false,1.598625e6,1.4824738407671729e6,false,2
482.224,use_lmSR3_cuts,0.07248396558741377,5,false,96.293,false,false,12.5,false,1.598625e6,1.4827503205128207e6,false,0
564.956,use_lmSR3_cuts,0.06553372255671142,5,false,70.3995,false,false,12.5,false,1.598625e6,1.4938611527777773e6,false,0
742.17,use_adaptive_ngroute,0.020996667898433352,0,false,105.81871428571428,false,false,12.5,false,1.532293e6,1.500119952755906e6,false,1
208.907,none,0.02071270890399457,0,false,177.405,false,false,12.625,true,1.532293e6,1.5005550611353714e6,false,0
