CG_time_taken,method,CG_LP_IP_gap,implemented_SR3_cuts_count,errored,CG_sp_time_taken_mean,converged,CGIP_artificial,ngroute_neighborhood_size,time_limit_reached,CGIP_objective,CGLP_objective,CGLP_artificial,cycles_lookup_length
544.763,use_adaptive_ngroute,0.13893967209682523,0,false,19.589296296296293,false,false,8.924999999999999,false,1.748978e6,1.505975570175439e6,false,21
508.006,use_adaptive_ngroute,0.13616999136006058,0,false,45.97990909090909,false,false,11.075000000000001,false,1.748978e6,1.510819680851064e6,false,2
169.449,use_adaptive_ngroute,0.1354982648449371,0,false,33.805600000000005,false,false,11.225,false,1.748978e6,1.5119945157480317e6,false,3
89.918,use_lmSR3_cuts,0.1354982184257464,13,false,44.8735,false,false,11.625,false,1.748978e6,1.511994596934175e6,false,0
1048.532,use_adaptive_ngroute,0.09805907788774493,0,false,61.395941176470586,false,false,11.625,false,1.693811e6,1.527717455223881e6,false,6
416.345,use_adaptive_ngroute,0.097452919323746,0,false,103.8865,false,false,12.075,false,1.693811e6,1.5287441732673266e6,false,8
257.987,use_adaptive_ngroute,0.09740235193518654,0,false,128.90150000000003,false,false,12.65,false,1.693811e6,1.5288298248663098e6,false,1
195.255,use_lmSR3_cuts,0.09739842165474077,7,false,97.50250000000001,false,false,12.675,false,1.693811e6,1.5288364820185618e6,false,0
342.776,none,0.08788195627636408,0,false,92.569,false,false,12.675,true,1.693811e6,1.5449555757575755e6,false,0
