CG_time_taken,method,CG_LP_IP_gap,implemented_SR3_cuts_count,errored,CG_sp_time_taken_mean,converged,CGIP_artificial,ngroute_neighborhood_size,time_limit_reached,CGIP_objective,CGLP_objective,CGLP_artificial,cycles_lookup_length
601.745,use_adaptive_ngroute,0.14430321278984737,0,false,20.759321428571425,false,false,8.924999999999999,false,1.759842e6,1.5058911453974894e6,false,21
522.004,use_adaptive_ngroute,0.14150265714134325,0,false,65.057375,false,false,11.175,false,1.759842e6,1.5108196808510642e6,false,2
331.268,use_adaptive_ngroute,0.14084138748881736,0,false,66.0904,false,false,11.325,false,1.759842e6,1.5119834109589048e6,false,2
54.661,use_lmSR3_cuts,0.1408350312504334,5,false,54.566,false,false,11.4,false,1.759842e6,1.511994596934175e6,false,0
819.973,use_adaptive_ngroute,0.06624585424113272,0,false,102.20725,false,false,11.4,false,1.629376e6,1.5214365950000002e6,false,3
319.236,use_adaptive_ngroute,0.06615038884261781,0,false,106.31866666666667,false,false,12.049999999999999,false,1.629376e6,1.5215921440291707e6,false,5
351.361,use_lmSR3_cuts,0.06613849578092668,5,false,175.629,false,false,12.825,false,1.629376e6,1.5216115222984569e6,false,0
583.058,none,0.061432502336806194,0,false,172.19466666666665,false,false,12.825,true,1.629376e6,1.529279355072464e6,false,0
