CG_time_taken,method,CG_LP_IP_gap,implemented_SR3_cuts_count,errored,CG_sp_time_taken_mean,converged,CGIP_artificial,ngroute_neighborhood_size,time_limit_reached,CGIP_objective,CGLP_objective,CGLP_artificial,cycles_lookup_length
393.986,use_adaptive_ngroute,0.06453564531520262,0,false,13.834,false,false,8.924999999999999,false,1.639526e6,1.5337181315789472e6,false,18
174.736,use_adaptive_ngroute,0.062325575112604836,0,false,28.872000000000003,false,false,11.55,false,1.639526e6,1.5373415991379314e6,false,8
210.072,use_adaptive_ngroute,0.061664258555468976,0,false,34.89283333333333,false,false,11.925,false,1.639526e6,1.538425844827586e6,false,1
117.73,use_adaptive_ngroute,0.061652575195513815,0,false,39.156666666666666,false,false,12.225,false,1.639526e6,1.538445e6,false,5
116.537,use_adaptive_ngroute,0.06097947757674371,0,false,29.063750000000002,false,false,12.549999999999999,false,1.639526e6,1.5395485610465116e6,false,4
130.7,use_lmSR3_cuts,0.06078114603292051,5,false,32.6045,false,false,12.875,false,1.639526e6,1.53987373076923e6,false,0
309.476,use_lmSR3_cuts,0.03462738346994787,5,false,61.5826,false,false,12.875,false,1.602076e6,1.5466002999999998e6,false,0
609.469,use_adaptive_ngroute,0.023214365628377087,0,false,101.079,false,false,12.875,false,1.588244e6,1.551373923076924e6,false,7
695.417,use_adaptive_ngroute,0.02269537929940224,0,false,86.78025,false,false,13.674999999999999,false,1.588244e6,1.5521982000000002e6,false,1
480.332,use_lmSR3_cuts,0.0224796134039299,5,false,119.8985,false,false,13.774999999999999,false,1.588244e6,1.5525408888888888e6,false,0
334.344,none,0.022125721896112505,0,false,153.52149999999997,false,false,13.774999999999999,true,1.588244e6,1.5531029549528307e6,false,0
