CG_time_taken,method,CG_LP_IP_gap,implemented_SR3_cuts_count,errored,CG_sp_time_taken_mean,converged,CGIP_artificial,ngroute_neighborhood_size,time_limit_reached,CGIP_objective,CGLP_objective,CGLP_artificial,cycles_lookup_length
421.034,use_adaptive_ngroute,0.1112656535602512,0,false,10.485763157894736,false,false,8.924999999999999,false,1.663333e6,1.4782611666666667e6,false,6
70.452,use_lmSR3_cuts,0.110874051527866,5,false,11.499333333333334,false,false,9.7,false,1.663333e6,1.47891253125e6,false,0
241.016,use_lmSR3_cuts,0.1086703457589202,5,false,29.858125,false,false,9.7,false,1.663333e6,1.482578027777778e6,false,0
219.864,use_lmSR3_cuts,0.07580328253853552,5,false,27.043625000000006,false,false,9.7,false,1.618946e6,1.496224578947368e6,false,0
304.501,use_adaptive_ngroute,0.05573747877603108,0,false,50.404833333333336,false,false,9.7,false,1.589987e6,1.5013651333333347e6,false,3
463.841,use_adaptive_ngroute,0.055486239824602546,0,false,76.94083333333333,false,false,10.149999999999999,false,1.589987e6,1.5017645999999996e6,false,1
140.151,use_adaptive_ngroute,0.05535516718823552,0,false,46.562000000000005,false,false,10.175,false,1.589987e6,1.501973003787879e6,false,1
209.785,use_adaptive_ngroute,0.055306764317948676,0,false,69.78233333333334,false,false,10.225,false,1.589987e6,1.5020499637223978e6,false,5
300.927,use_lmSR3_cuts,0.05523370253696014,5,false,59.976600000000005,false,false,10.775,false,1.589987e6,1.5021661310043663e6,false,0
506.825,use_adaptive_ngroute,0.05108463150956577,0,false,63.076375000000006,false,false,10.775,false,1.589987e6,1.5087631e6,false,1
353.325,use_lmSR3_cuts,0.05101629453451095,5,false,70.4166,false,false,10.85,false,1.589987e6,1.5088717549019565e6,false,0
308.209,none,0.04739559386929071,0,false,78.956,false,false,10.85,true,1.589987e6,1.5146286218905482e6,false,0
