CG_time_taken,method,CG_LP_IP_gap,implemented_SR3_cuts_count,errored,CG_sp_time_taken_mean,converged,CGIP_artificial,ngroute_neighborhood_size,time_limit_reached,CGIP_objective,CGLP_objective,CGLP_artificial,cycles_lookup_length
376.019,use_adaptive_ngroute,0.18090109915735297,0,false,12.192965517241378,false,false,8.924999999999999,false,1.932021e6,1.5825162775049116e6,false,21
352.45,use_adaptive_ngroute,0.1691653548396047,0,false,29.136166666666664,false,false,11.475,false,1.916166e6,1.592017098678414e6,false,5
102.755,use_adaptive_ngroute,0.16911393485377735,0,false,34.17,false,false,11.825000000000001,false,1.916166e6,1.592115627906977e6,false,4
107.31,use_adaptive_ngroute,0.1690795973613849,0,false,53.574,false,false,12.549999999999999,false,1.916166e6,1.5921814242424245e6,false,2
224.089,use_adaptive_ngroute,0.1690563797481649,0,false,74.61399999999999,false,false,12.7,false,1.916166e6,1.5922259130434778e6,false,4
82.125,use_adaptive_ngroute,0.16905415675788493,0,false,40.99999999999999,false,false,12.975,false,1.916166e6,1.5922301726618707e6,false,3
60.288,use_adaptive_ngroute,0.16904499783329896,0,false,60.216,false,false,13.150000000000002,false,1.916166e6,1.592247722681759e6,false,3
206.855,use_lmSR3_cuts,0.16904053070415204,5,false,103.33149999999999,false,false,13.3,false,1.916166e6,1.5922562824427478e6,false,0
766.75,use_adaptive_ngroute,0.13394568481798297,0,false,127.57533333333333,false,false,13.3,false,1.846124e6,1.598843656561086e6,false,1
547.468,use_adaptive_ngroute,0.13369907522807278,0,false,136.7825,false,false,13.325000000000001,false,1.846124e6,1.5992989284436493e6,false,5
368.731,use_lmSR3_cuts,0.13367827641921193,5,false,184.2965,false,false,13.525,false,1.846124e6,1.5993373256238587e6,false,0
337.143,none,0.11999256558990445,0,false,230.025,false,false,13.525,true,1.826566e6,1.6073916594407107e6,false,0
