CG_time_taken,method,CG_LP_IP_gap,implemented_SR3_cuts_count,errored,CG_sp_time_taken_mean,converged,CGIP_artificial,ngroute_neighborhood_size,time_limit_reached,CGIP_objective,CGLP_objective,CGLP_artificial,cycles_lookup_length
230.047,use_adaptive_ngroute,0.13437710349304488,0,false,7.4879999999999995,false,false,8.924999999999999,false,1.828197e6,1.5825291825253258e6,false,20
239.696,use_adaptive_ngroute,0.12918733666097537,0,false,21.53254545454546,false,false,11.375,false,1.828197e6,1.5920170986784147e6,false,5
50.693,use_adaptive_ngroute,0.12909745271301465,0,false,25.2525,false,false,11.75,false,1.828197e6,1.5921814242424248e6,false,2
127.875,use_adaptive_ngroute,0.1290747519285378,0,false,21.212333333333333,false,false,11.9,false,1.828197e6,1.592222925748503e6,false,5
68.128,use_adaptive_ngroute,0.12907202688655417,0,false,33.9925,false,false,12.4,false,1.828197e6,1.5922279076620822e6,false,6
86.806,use_lmSR3_cuts,0.12905650625028497,19,false,28.85,false,false,12.899999999999999,false,1.828197e6,1.5922562824427478e6,false,0
530.352,use_adaptive_ngroute,0.11496095956257457,0,false,65.938125,false,false,12.899999999999999,false,1.828197e6,1.6180257186105798e6,false,8
531.307,use_lmSR3_cuts,0.1145983578976858,5,false,106.12439999999998,false,false,13.350000000000001,false,1.828197e6,1.6186886258865246e6,false,0
325.829,use_adaptive_ngroute,0.1130103009445339,0,false,64.762,false,false,13.350000000000001,false,1.828197e6,1.621591906844106e6,false,5
476.696,use_lmSR3_cuts,0.11274843465993944,5,false,95.234,false,false,13.55,false,1.828197e6,1.6220706500000027e6,false,0
588.723,use_adaptive_ngroute,0.11178653708126385,0,false,147.0535,false,false,13.55,false,1.828197e6,1.6238291882676447e6,false,6
255.907,none,0.11177616013955038,0,false,192.678,false,false,14.175,true,1.828197e6,1.6238481593613543e6,false,0
