CG_time_taken,method,CG_LP_IP_gap,implemented_SR3_cuts_count,errored,CG_sp_time_taken_mean,converged,CGIP_artificial,ngroute_neighborhood_size,time_limit_reached,CGIP_objective,CGLP_objective,CGLP_artificial,cycles_lookup_length
260.311,use_adaptive_ngroute,0.18135728277632523,0,false,7.178088235294117,false,false,8.924999999999999,false,1.705151e6,1.3959094479166663e6,false,13
134.235,use_adaptive_ngroute,0.17965200099969247,0,false,11.039916666666667,false,false,10.049999999999999,false,1.705151e6,1.3988172108433733e6,false,5
76.199,use_adaptive_ngroute,0.17944246856552937,0,false,15.095400000000001,false,false,10.65,false,1.705151e6,1.399174495283019e6,false,4
81.324,use_lmSR3_cuts,0.17871340035770056,5,false,16.1906,false,false,10.775,false,1.705151e6,1.4004176666666665e6,false,0
263.71,use_adaptive_ngroute,0.11669571029037695,0,false,16.23175,false,false,10.775,false,1.605513e6,1.418156520084566e6,false,7
147.175,use_adaptive_ngroute,0.11645879106246748,0,false,24.291166666666665,false,false,11.35,false,1.605513e6,1.4185368969849246e6,false,5
53.875,use_lmSR3_cuts,0.11623020037903742,5,false,26.826999999999998,false,false,11.875,false,1.605513e6,1.4189039022988505e6,false,0
238.673,use_lmSR3_cuts,0.05260563445780664,5,false,23.672500000000003,false,false,11.875,false,1.505238e6,1.426054e6,false,0
140.891,use_adaptive_ngroute,0.052569647499377536,0,false,28.048000000000002,false,false,11.875,false,1.505238e6,1.426108168937332e6,false,2
60.367,use_lmSR3_cuts,0.05255229986885768,5,false,30.0795,false,false,11.95,false,1.505238e6,1.4261342812500005e6,false,0
474.11,use_lmSR3_cuts,0.03202919323215536,5,false,39.36225000000001,false,false,11.95,false,1.483153e6,1.435648805970149e6,false,0
266.114,use_lmSR3_cuts,0.03141379026512392,5,false,37.907000000000004,false,false,11.95,false,1.483153e6,1.4365615427269107e6,false,0
251.944,use_lmSR3_cuts,0.030322970853304043,5,false,41.746500000000005,false,false,11.95,false,1.483153e6,1.4381793948100095e6,false,0
374.231,use_adaptive_ngroute,0.0285343717801958,0,false,46.428875,false,false,11.95,false,1.483153e6,1.4408321608910873e6,false,3
138.881,use_lmSR3_cuts,0.02832004029290902,5,false,46.136,false,false,12.125,false,1.483153e6,1.441150047279451e6,false,0
164.954,use_lmSR3_cuts,0.02813698761095418,5,false,54.81366666666666,false,false,12.125,false,1.483153e6,1.4414215424138505e6,false,0
411.105,none,0.027894300550786122,0,false,67.6705,false,false,12.125,true,1.483153e6,1.4417814844552e6,false,0
