CG_time_taken,method,CG_LP_IP_gap,implemented_SR3_cuts_count,errored,CG_sp_time_taken_mean,converged,CGIP_artificial,ngroute_neighborhood_size,time_limit_reached,CGIP_objective,CGLP_objective,CGLP_artificial,cycles_lookup_length
1446.764,use_adaptive_ngroute,0.0885234091002074,0,false,37.33792105263157,false,false,8.924999999999999,false,1.693293e6,1.5433969310344825e6,false,13
695.442,use_adaptive_ngroute,0.08496092568784075,0,false,86.4855,false,false,10.875,false,1.693293e6,1.549429259259259e6,false,10
811.014,use_adaptive_ngroute,0.0837786057587957,0,false,89.94844444444445,false,false,11.325,false,1.693293e6,1.5514312733188716e6,false,10
333.886,use_adaptive_ngroute,0.08348958187472777,0,false,111.091,false,false,11.9,false,1.693293e6,1.5519206754385966e6,false,4
298.892,none,0.08348958187472733,0,false,106.90499999999999,false,false,12.65,true,1.693293e6,1.5519206754385973e6,false,0
