CG_time_taken,method,CG_LP_IP_gap,implemented_SR3_cuts_count,errored,CG_sp_time_taken_mean,converged,CGIP_artificial,ngroute_neighborhood_size,time_limit_reached,CGIP_objective,CGLP_objective,CGLP_artificial,cycles_lookup_length
151.058,use_adaptive_ngroute,0.15485659990140455,0,false,5.623799999999999,false,false,8.924999999999999,false,1.952552e6,1.6501864361493126e6,false,13
56.513,use_adaptive_ngroute,0.15366235634494252,0,false,9.267333333333335,false,false,10.175,false,1.952552e6,1.6525182587939699e6,false,8
36.338,use_adaptive_ngroute,0.15357919439295198,0,false,12.042,false,false,11.175,false,1.952552e6,1.6526806368296528e6,false,3
36.617,use_lmSR3_cuts,0.15353674975359288,15,false,12.049333333333333,false,false,11.8,false,1.952552e6,1.6527635121951227e6,false,0
182.637,use_adaptive_ngroute,0.061782548871214704,0,false,11.1451875,false,false,11.8,false,1.793239e6,1.6824481238447318e6,false,7
95.41,use_adaptive_ngroute,0.06172524503122012,0,false,15.777500000000003,false,false,12.35,false,1.793239e6,1.68255088332546e6,false,4
54.966,use_adaptive_ngroute,0.061572934319870654,0,false,13.65325,false,false,12.575000000000001,false,1.793239e6,1.6828240128331694e6,false,4
57.635,use_lmSR3_cuts,0.061363194065537585,12,false,19.13733333333333,false,false,12.875,false,1.7932389753988893e6,1.6832001041456014e6,false,0
223.331,use_adaptive_ngroute,0.05002507972306447,0,false,44.3132,false,false,12.875,false,1.793239e6,1.7035320760624916e6,false,6
118.948,use_adaptive_ngroute,0.04977042392858444,0,false,39.541666666666664,false,false,13.225000000000001,false,1.793239e6,1.7039887347647292e6,false,1
78.121,use_lmSR3_cuts,0.049714813027121996,9,false,38.955999999999996,false,false,13.250000000000002,false,1.793239e6,1.7040884584020567e6,false,0
257.81,use_adaptive_ngroute,0.050114849572337916,0,false,32.01725,false,false,13.250000000000002,false,1.793239e6,1.7033710972677504e6,false,3
72.773,use_adaptive_ngroute,0.05017703266289586,0,false,36.2315,false,false,13.325000000000001,false,1.793239e6,1.7032595881246212e6,false,3
137.307,use_lmSR3_cuts,0.05012346689980207,2,false,34.195499999999996,false,false,13.4,false,1.793239e6,1.7033556443400658e6,false,0
82.895,use_lmSR3_cuts,0.05007460922652707,10,false,41.350500000000004,false,false,13.4,false,1.793239e6,1.7034432578252319e6,false,0
295.093,use_adaptive_ngroute,0.04514796575547764,0,false,73.56425,false,false,13.4,false,1.793239e6,1.712277907036613e6,false,1
276.84,use_adaptive_ngroute,0.04545953264843816,0,false,69.075,false,false,13.475,false,1.793239e6,1.7117191931330473e6,false,3
137.051,use_lmSR3_cuts,0.045420097438378826,1,false,68.3855,false,false,13.65,false,1.793239e6,1.711789909889699e6,false,0
175.575,use_adaptive_ngroute,0.0458207867622199,0,false,58.324000000000005,false,false,13.65,false,1.793239e6,1.7110713781673035e6,false,5
58.401,use_lmSR3_cuts,0.045803189574705305,10,false,58.229,false,false,13.774999999999999,false,1.793239e6,1.7111029341302451e6,false,0
943.88,none,0.041038530257245465,0,false,142.52566666666667,false,false,13.774999999999999,true,1.793239e6,1.7196471070400274e6,false,0
