CG_time_taken,method,CG_LP_IP_gap,implemented_SR3_cuts_count,errored,CG_sp_time_taken_mean,converged,CGIP_artificial,ngroute_neighborhood_size,time_limit_reached,CGIP_objective,CGLP_objective,CGLP_artificial,cycles_lookup_length
288.977,use_adaptive_ngroute,0.17802362360771784,0,false,10.657,false,false,8.924999999999999,false,2.007558e6,1.650165250237337e6,false,12
76.998,use_adaptive_ngroute,0.175911930621792,0,false,15.2018,false,false,10.049999999999999,false,2.005269e6,1.6525182587939699e6,false,6
56.113,use_adaptive_ngroute,0.17583095493439893,0,false,18.60666666666667,false,false,10.625,false,2.005269e6,1.6526806368296528e6,false,4
34.845,use_adaptive_ngroute,0.17578962613239302,0,false,17.323999999999998,false,false,11.275,false,2.005269e6,1.6527635121951224e6,false,2
16.194,use_lmSR3_cuts,0.17578962613239313,5,false,16.12,false,false,11.5,false,2.005269e6,1.6527635121951222e6,false,0
220.721,use_adaptive_ngroute,0.10547081360604116,0,false,27.294874999999998,false,false,11.5,false,1.866844e6,1.6699464444444438e6,false,5
131.146,use_lmSR3_cuts,0.08908702198767404,5,false,32.6725,false,false,11.775,false,1.833293e6,1.6699703861991512e6,false,0
201.367,use_adaptive_ngroute,0.08336893764724373,0,false,40.1384,false,false,11.775,false,1.833293e6,1.6804533101938716e6,false,2
86.657,use_adaptive_ngroute,0.08329188923974518,0,false,43.253,false,false,12.0,false,1.833293e6,1.6805945624999998e6,false,2
133.991,use_adaptive_ngroute,0.08329188923974506,0,false,44.588,false,false,12.049999999999999,false,1.833293e6,1.6805945625e6,false,2
43.736,use_adaptive_ngroute,0.08327761067128303,0,false,43.656,false,false,12.149999999999999,false,1.833293e6,1.6806207392996114e6,false,3
137.573,use_adaptive_ngroute,0.08327709345969248,0,false,45.79466666666667,false,false,12.275,false,1.833293e6,1.6806216875e6,false,4
45.633,use_lmSR3_cuts,0.08325713944669355,5,false,45.547999999999995,false,false,12.375,false,1.833293e6,1.6806582690523528e6,false,0
506.934,use_adaptive_ngroute,0.06272191062690802,0,false,56.154888888888884,false,false,12.375,false,1.801289e6,1.6883087123287674e6,false,5
247.882,use_adaptive_ngroute,0.06252817316995829,0,false,61.86200000000001,false,false,12.5,false,1.801289e6,1.688657689478859e6,false,3
131.603,use_lmSR3_cuts,0.06251976539049142,5,false,65.6015,false,false,12.65,false,1.801289e6,1.688672834319527e6,false,0
576.259,use_adaptive_ngroute,0.05936948002477538,0,false,82.15528571428571,false,false,12.65,false,1.801289e6,1.6943474086956524e6,false,1
165.145,use_lmSR3_cuts,0.05936469458010607,5,false,82.493,false,false,12.675,false,1.801289e6,1.6943560286644953e6,false,0
429.173,none,0.057545733988457304,0,false,96.05625,false,false,12.675,true,1.801289e6,1.6976325023696658e6,false,0
