CG_time_taken,method,CG_LP_IP_gap,implemented_SR3_cuts_count,errored,CG_sp_time_taken_mean,converged,CGIP_artificial,ngroute_neighborhood_size,time_limit_reached,CGIP_objective,CGLP_objective,CGLP_artificial,cycles_lookup_length
502.526,use_adaptive_ngroute,0.08103396647570171,0,false,15.688419354838707,false,false,8.924999999999999,false,1.594383e6,1.4651838214285714e6,false,18
330.493,use_adaptive_ngroute,0.08013852380513342,0,false,65.87020000000001,false,false,12.0,false,1.594383e6,1.4666115e6,false,7
661.251,use_adaptive_ngroute,0.07928143328450221,0,false,94.37128571428572,false,false,12.175,false,1.594383e6,1.4679780305555556e6,false,1
616.699,use_lmSR3_cuts,0.07915700641931944,5,false,102.65766666666667,false,false,12.225,false,1.594383e6,1.4681764146341463e6,false,0
1480.3,none,0.07364714737025213,0,false,339.86575,false,false,12.225,true,1.594383e6,1.4769612402343752e6,false,0
