CG_time_taken,method,CG_LP_IP_gap,implemented_SR3_cuts_count,errored,CG_sp_time_taken_mean,converged,CGIP_artificial,ngroute_neighborhood_size,time_limit_reached,CGIP_objective,CGLP_objective,CGLP_artificial,cycles_lookup_length
9.655,use_adaptive_ngroute,0.26875713222919406,0,false,0.22665217391304346,false,false,6.0,false,1.822002e6,1.332325967564144e6,false,30
9.022,use_adaptive_ngroute,0.12132889733090124,0,false,0.9961249999999999,false,false,8.9375,false,1.629481e6,1.4317778670483457e6,false,12
12.252,use_adaptive_ngroute,0.0888627447771263,0,false,1.9548333333333334,false,false,9.6875,false,1.577149e6,1.4369992109375e6,false,6
6.398,use_adaptive_ngroute,0.08226820540419766,0,false,2.1069999999999998,false,false,9.90625,false,1.577149e6,1.4473997821149752e6,false,6
6.161,use_lmSR3_cuts,0.08170530777018803,5,false,2.013666666666667,false,false,10.28125,false,1.577149e6,1.4482875555555557e6,false,0
20.65,use_adaptive_ngroute,0.03304104101322025,0,false,3.3686666666666674,false,false,10.28125,false,1.508192e6,1.4583597662721893e6,false,2
11.729,use_lmSR3_cuts,0.03297038219713855,5,false,3.872,false,false,10.34375,false,1.508192e6,1.4584663333333333e6,false,0
10.744,use_lmSR3_cuts,0.031775013788857054,5,false,3.5356666666666663,false,false,10.34375,false,1.508192e6,1.460269178403756e6,false,0
19.221,use_lmSR3_cuts,0.031021612082421268,5,false,4.728249999999999,false,false,10.34375,false,1.508192e6,1.461405452830189e6,false,0
17.505,use_lmSR3_cuts,0.029504442164103306,5,false,4.30775,false,false,10.34375,false,1.508192e6,1.4636936363636367e6,false,0
15.941,use_adaptive_ngroute,0.027781585578148804,0,false,5.2603333333333335,false,false,10.34375,false,1.508192e6,1.4662920348837206e6,false,4
18.615,use_lmSR3_cuts,0.027352423925100067,5,false,6.156333333333333,false,false,10.875,false,1.508192e6,1.4669392930555556e6,false,0
20.129,use_adaptive_ngroute,0.024122302172332466,0,false,6.616666666666667,false,false,10.875,false,1.508192e6,1.4718109368421056e6,false,1
16.768,use_lmSR3_cuts,0.02409870473004405,5,false,8.356000000000002,false,false,10.9375,false,1.508192e6,1.4718465263157855e6,false,0
49.497,use_adaptive_ngroute,0.02301253676702486,0,false,9.859,false,false,10.9375,false,1.508192e6,1.4734846761482672e6,false,4
21.506,use_lmSR3_cuts,0.022990589408764528,5,false,10.703,false,false,11.21875,false,1.508192e6,1.4735177769784166e6,false,0
51.472,use_lmSR3_cuts,0.019472396119454616,5,false,12.7925,false,false,11.21875,false,1.508192e6,1.4788238879518076e6,false,0
41.634,use_lmSR3_cuts,0.018878995529058917,5,false,13.793666666666667,false,false,11.21875,false,1.508192e6,1.4797188499750376e6,false,0
64.433,use_adaptive_ngroute,0.017442712650259318,0,false,16.0235,false,false,11.21875,false,1.508192e6,1.4818850403225801e6,false,1
30.591,use_adaptive_ngroute,0.01730341948353964,0,false,15.257000000000001,false,false,11.281250000000002,false,1.508192e6,1.4820951211622814e6,false,1
15.413,use_adaptive_ngroute,0.017298629452275338,0,false,15.354000000000001,false,false,11.375000000000002,false,1.508192e6,1.482102345449114e6,false,1
32.675,use_lmSR3_cuts,0.01728107721094696,5,false,16.279999999999998,false,false,11.468749999999998,false,1.508192e6,1.4821288175990675e6,false,0
33.639,use_lmSR3_cuts,0.016801458118004153,5,false,16.766,false,false,11.468749999999998,false,1.508192e6,1.482852175278091e6,false,0
54.107,use_adaptive_ngroute,0.015743658097907676,0,false,17.930333333333333,false,false,11.468749999999998,false,1.508192e6,1.4844475408060004e6,false,1
17.46,use_lmSR3_cuts,0.015743344849900587,5,false,17.368000000000002,false,false,11.562499999999998,false,1.508192e6,1.4844480132441388e6,false,0
37.061,use_lmSR3_cuts,0.014903365295379722,5,false,18.451,false,false,11.562499999999998,false,1.508192e6,1.4857148636884307e6,false,0
80.948,use_adaptive_ngroute,0.014324072492173823,0,false,20.151750000000003,false,false,11.562499999999998,false,1.508192e6,1.4865885484598833e6,false,1
43.727,use_lmSR3_cuts,0.014268982737125069,5,false,21.77,false,false,11.59375,false,1.508192e6,1.48667163438773e6,false,0
106.569,use_lmSR3_cuts,0.013792386281155866,5,false,21.221999999999998,false,false,11.59375,false,1.508192e6,1.487390433349851e6,false,0
62.166,use_adaptive_ngroute,0.013255438169132105,0,false,20.56266666666667,false,false,11.59375,false,1.508192e6,1.4882002541968203e6,false,4
66.483,use_lmSR3_cuts,0.013250934049191976,5,false,22.096666666666664,false,false,11.78125,false,1.508192e6,1.488207047274481e6,false,0
48.987,use_adaptive_ngroute,0.013073962513182158,0,false,24.3855,false,false,11.78125,false,1.508192e6,1.4884739543293188e6,false,1
49.986,use_lmSR3_cuts,0.013071687341337901,5,false,24.912499999999998,false,false,11.84375,false,1.508192e6,1.4884773857252928e6,false,0
89.267,use_lmSR3_cuts,0.012819511993520716,5,false,29.647333333333332,false,false,11.84375,false,1.508192e6,1.488857714567468e6,false,0
87.85,none,0.012642952621415682,0,false,29.193666666666665,false,false,11.84375,false,1.508192e6,1.4891240000000019e6,false,0
