CG_time_taken,method,CG_LP_IP_gap,implemented_SR3_cuts_count,errored,CG_sp_time_taken_mean,converged,CGIP_artificial,ngroute_neighborhood_size,time_limit_reached,CGIP_objective,CGLP_objective,CGLP_artificial,cycles_lookup_length
789.425,use_adaptive_ngroute,0.23051175849821182,0,false,24.858806451612903,false,false,8.924999999999999,false,1.983688e6,1.5264245908081993e6,false,11
241.757,use_adaptive_ngroute,0.22693243557090137,0,false,40.17133333333333,false,false,9.6,false,1.983688e6,1.5335248507472298e6,false,12
243.865,use_lmSR3_cuts,0.2168053519226828,5,false,40.482666666666674,false,false,10.424999999999999,false,1.963262e6,1.5376162911735699e6,false,0
819.914,use_adaptive_ngroute,0.1970879355626055,0,false,68.14891666666666,false,false,10.424999999999999,false,1.934632e6,1.5533393730466454e6,false,5
681.617,use_adaptive_ngroute,0.1962857572664598,0,false,85.09,false,false,10.75,false,1.934632e6,1.5548912928480743e6,false,5
365.931,use_lmSR3_cuts,0.1959651423284433,5,false,91.39150000000001,false,false,11.425,false,1.934632e6,1.5555115647668391e6,false,0
407.174,none,0.17886452648538054,0,false,113.29633333333334,false,false,11.425,true,1.897077e6,1.5577572206886937e6,false,0
