CG_time_taken,method,CG_LP_IP_gap,implemented_SR3_cuts_count,errored,CG_sp_time_taken_mean,converged,CGIP_artificial,ngroute_neighborhood_size,time_limit_reached,CGIP_objective,CGLP_objective,CGLP_artificial,cycles_lookup_length
28.101,use_adaptive_ngroute,0.20419167160889296,0,false,0.7317499999999999,false,false,6.0,false,1.811075e6,1.441268568340924e6,false,25
10.277,use_adaptive_ngroute,0.1424062592592309,0,false,0.8294999999999998,false,false,7.625,false,1.752807e6,1.5031963119266052e6,false,12
5.975,use_adaptive_ngroute,0.13977394857189207,0,false,1.1286,false,false,8.125,false,1.752807e6,1.5078102445255476e6,false,8
8.773,use_adaptive_ngroute,0.13418460788894626,0,false,2.1475000000000004,false,false,8.5,false,1.752807e6,1.5176072799999998e6,false,3
2.875,use_adaptive_ngroute,0.12942037204662826,0,false,1.4034999999999997,false,false,8.65625,false,1.752807e6,1.5259580659340657e6,false,6
4.898,use_lmSR3_cuts,0.12914968834434004,5,false,1.561,false,false,8.875,false,1.752807e6,1.5264325222222223e6,false,0
12.629,use_adaptive_ngroute,0.12359834180812668,0,false,2.0696666666666665,false,false,8.875,false,1.752807e6,1.536162961290323e6,false,6
7.538,use_adaptive_ngroute,0.12195439462968716,0,false,2.4839999999999995,false,false,9.125,false,1.752807e6,1.539044483412322e6,false,1
7.09,use_adaptive_ngroute,0.1215857945673321,0,false,2.332,false,false,9.3125,false,1.752807e6,1.5396905681818184e6,false,1
3.665,use_lmSR3_cuts,0.12153717202313374,5,false,1.7850000000000001,false,false,9.34375,false,1.752807e6,1.539775794117647e6,false,0
8.901,use_adaptive_ngroute,0.09839782927294005,0,false,2.918,false,false,9.34375,false,1.717779e6,1.5487532752293583e6,false,1
2.066,use_lmSR3_cuts,0.09838959467163988,5,false,2.007,false,false,9.375,false,1.717779e6,1.5487674204545452e6,false,0
10.246,use_adaptive_ngroute,0.09326805136167104,0,false,2.5212499999999998,false,false,9.375,false,1.717779e6,1.5575651e6,false,1
6.899,use_lmSR3_cuts,0.0930734775645713,5,false,3.397,false,false,9.40625,false,1.717779e6,1.5578993347826083e6,false,0
2.815,use_adaptive_ngroute,0.09293953607148187,0,false,2.762,false,false,9.40625,false,1.717779e6,1.558129416666666e6,false,2
6.216,use_lmSR3_cuts,0.09293953607148142,5,false,3.0660000000000003,false,false,9.5625,false,1.717779e6,1.5581294166666667e6,false,0
12.627,use_lmSR3_cuts,0.06644014735280457,5,false,4.176,false,false,9.5625,false,1.670277e6,1.5593035499999996e6,false,0
19.298,use_lmSR3_cuts,0.06542639186845323,5,false,4.784,false,false,9.5625,false,1.670277e6,1.5609968024691355e6,false,0
10.153,use_lmSR3_cuts,0.06517331556382566,5,false,4.9955,false,false,9.5625,false,1.670277e6,1.56141951e6,false,0
7.907,use_lmSR3_cuts,0.06491810483608673,5,false,3.9199999999999995,false,false,9.5625,false,1.670277e6,1.5618457826086956e6,false,0
10.039,use_adaptive_ngroute,0.06418767728895691,0,false,4.936999999999999,false,false,9.5625,false,1.670277e6,1.563065798940833e6,false,1
12.217,use_lmSR3_cuts,0.06418587345984728,5,false,6.0395,false,false,9.59375,false,1.670277e6,1.5630688118351067e6,false,0
15.184,use_lmSR3_cuts,0.06388419053704641,5,false,4.987666666666666,false,false,9.59375,false,1.670277e6,1.5635727058823537e6,false,0
12.587,use_adaptive_ngroute,0.06362388148904707,0,false,6.2410000000000005,false,false,9.59375,false,1.670277e6,1.564007494098119e6,false,3
14.264,use_lmSR3_cuts,0.0635333127888148,5,false,7.1065000000000005,false,false,9.71875,false,1.670277e6,1.5641587689150367e6,false,0
12.883,use_lmSR3_cuts,0.03954015889856077,5,false,6.4155,false,false,9.71875,false,1.628683e6,1.5642846153846153e6,false,0
11.245,use_lmSR3_cuts,0.039433666319827476,5,false,5.594,false,false,9.71875,false,1.628683e6,1.5644580580372245e6,false,0
23.561,use_lmSR3_cuts,0.03922144009478179,5,false,7.816666666666667,false,false,9.71875,false,1.628683e6,1.5648037072821106e6,false,0
16.133,use_lmSR3_cuts,0.03915117480331409,5,false,8.014,false,false,9.71875,false,1.628683e6,1.564918147167814e6,false,0
16.514,use_adaptive_ngroute,0.039037671132202356,0,false,8.202499999999999,false,false,9.71875,false,1.628683e6,1.5651030086673913e6,false,1
17.772,use_adaptive_ngroute,0.03901410635234104,0,false,8.835500000000001,false,false,9.75,false,1.628683e6,1.56514138822375e6,false,1
18.11,use_lmSR3_cuts,0.03901298108334594,5,false,8.9925,false,false,9.78125,false,1.628683e6,1.565143220930233e6,false,0
25.242,use_lmSR3_cuts,0.03897110446624519,5,false,8.362333333333334,false,false,9.78125,false,1.628683e6,1.5652114246646024e6,false,0
34.71,use_lmSR3_cuts,0.038821333619062925,5,false,11.520666666666667,false,false,9.78125,false,1.628683e6,1.5654553538973038e6,false,0
34.21,use_lmSR3_cuts,0.03880450443156147,5,false,11.356333333333335,false,false,9.78125,false,1.628683e6,1.565482763308891e6,false,0
36.345,use_lmSR3_cuts,0.038776468466085845,5,false,12.036,false,false,9.78125,false,1.628683e6,1.56552842500925e6,false,0
23.988,use_lmSR3_cuts,0.03876448449534853,5,false,11.956500000000002,false,false,9.78125,false,1.628683e6,1.5655479430986622e6,false,0
54.404,use_lmSR3_cuts,0.03873617888898795,5,false,18.067,false,false,9.78125,false,1.628683e6,1.5655940439585464e6,false,0
45.089,use_lmSR3_cuts,0.038704288802067444,5,false,14.985999999999999,false,false,9.78125,false,1.628683e6,1.5656459828009824e6,false,0
42.939,use_lmSR3_cuts,0.03868717876812655,5,false,14.246999999999998,false,false,9.78125,false,1.628683e6,1.5656738496223914e6,false,0
28.1,use_lmSR3_cuts,0.03868353572084693,5,false,13.975,false,false,9.78125,false,1.628683e6,1.565679782991564e6,false,0
33.045,use_lmSR3_cuts,0.03867056083378784,5,false,16.373500000000003,false,false,9.78125,false,1.628683e6,1.565700914969544e6,false,0
32.396,use_lmSR3_cuts,0.03866918932784991,5,false,16.125999999999998,false,false,9.78125,false,1.628683e6,1.5657031487179494e6,false,0
34.422,use_lmSR3_cuts,0.03866460409092143,5,false,17.143,false,false,9.78125,false,1.628683e6,1.5657106166153857e6,false,0
70.079,use_lmSR3_cuts,0.03866304935569531,5,false,23.285,false,false,9.78125,false,1.628683e6,1.5657131487862181e6,false,0
34.66,none,0.03866258142862411,0,false,17.229000000000003,false,false,9.78125,false,1.628683e6,1.5657139108910842e6,false,0
