CG_time_taken,method,CG_LP_IP_gap,implemented_SR3_cuts_count,errored,CG_sp_time_taken_mean,converged,CGIP_artificial,ngroute_neighborhood_size,time_limit_reached,CGIP_objective,CGLP_objective,CGLP_artificial,cycles_lookup_length
7.321,use_adaptive_ngroute,0.9999775644770093,0,false,0.19765,false,true,6.0,false,6.0e10,1.3461313794463929e6,false,23
12.576,use_adaptive_ngroute,0.06266178392254995,0,false,0.7263124999999999,false,false,8.0,false,1.538586e6,1.4421754565217395e6,false,7
7.168,use_adaptive_ngroute,0.054386220423212284,0,false,0.86825,false,false,8.90625,false,1.538026e6,1.4543785789473685e6,false,10
7.774,use_adaptive_ngroute,0.05121592272499076,0,false,1.2355,false,false,9.40625,false,1.538026e6,1.4592545792349733e6,false,2
3.415,use_lmSR3_cuts,0.051053141379618805,5,false,1.1166666666666667,false,false,9.5625,false,1.538026e6,1.4595049411764704e6,false,0
11.733,use_adaptive_ngroute,0.04752404850257552,0,false,2.2796,false,false,9.5625,false,1.538026e6,1.4649327777777778e6,false,2
6.931,use_adaptive_ngroute,0.047371335249561164,0,false,2.2746666666666666,false,false,9.625,false,1.538026e6,1.4651676547314585e6,false,1
4.625,use_adaptive_ngroute,0.04735566449672712,0,false,2.2965,false,false,9.65625,false,1.538026e6,1.4651917567567567e6,false,1
2.263,use_lmSR3_cuts,0.047355305819788196,5,false,2.245,false,false,9.6875,false,1.538026e6,1.4651923084112145e6,false,0
17.827,use_adaptive_ngroute,0.03892611184272776,0,false,2.897,false,false,9.6875,false,1.538026e6,1.4781566279069767e6,false,3
2.612,use_lmSR3_cuts,0.038286311457513156,5,false,2.589,false,false,9.84375,false,1.538026e6,1.4791406575342468e6,false,0
13.312,use_lmSR3_cuts,0.03636734050935253,5,false,3.21625,false,false,9.84375,false,1.538026e6,1.4820920847457626e6,false,0
23.445,use_adaptive_ngroute,0.03292159299055841,0,false,4.6084,false,false,9.84375,false,1.538026e6,1.4873917340191035e6,false,3
10.547,use_adaptive_ngroute,0.03286360887635187,0,false,5.232,false,false,10.0,false,1.538026e6,1.48748091509434e6,false,3
21.586,use_adaptive_ngroute,0.032597329303926004,0,false,7.175666666666667,false,false,10.09375,false,1.538026e6,1.48789046e6,false,2
13.237,use_lmSR3_cuts,0.03258815030428153,5,false,6.595000000000001,false,false,10.21875,false,1.538026e6,1.487904577540107e6,false,0
18.749,use_lmSR3_cuts,0.02808842850077542,5,false,9.309000000000001,false,false,10.21875,false,1.538026e6,1.4948252666666664e6,false,0
25.411,use_lmSR3_cuts,0.027175636363831246,5,false,8.412333333333333,false,false,10.21875,false,1.538026e6,1.496229164705882e6,false,0
42.834,use_adaptive_ngroute,0.025049742573858058,0,false,10.625000000000002,false,false,10.21875,false,1.538026e6,1.4994988446280994e6,false,1
46.368,use_adaptive_ngroute,0.024609256369114596,0,false,11.56225,false,false,10.25,false,1.538026e6,1.5001763238636362e6,false,2
21.236,use_adaptive_ngroute,0.024589646177317737,0,false,10.594000000000001,false,false,10.3125,false,1.538026e6,1.5002064848484846e6,false,2
24.444,use_lmSR3_cuts,0.024574934941859472,5,false,12.194,false,false,10.4375,false,1.538026e6,1.5002291111111117e6,false,0
36.602,use_lmSR3_cuts,0.023118946325056178,5,false,12.093333333333334,false,false,10.4375,false,1.538026e6,1.5024684594594592e6,false,0
49.791,use_adaptive_ngroute,0.02187757285121905,0,false,12.39775,false,false,10.4375,false,1.538026e6,1.504377724137931e6,false,1
27.275,use_lmSR3_cuts,0.02187757285121905,5,false,13.597,false,false,10.46875,false,1.538026e6,1.504377724137931e6,false,0
59.242,use_lmSR3_cuts,0.021429032051931696,5,false,14.771499999999998,false,false,10.46875,false,1.538026e6,1.5050675915492957e6,false,0
28.116,use_lmSR3_cuts,0.020937304553984903,5,false,13.9775,false,false,10.46875,false,1.538026e6,1.5058238812260528e6,false,0
32.37,use_lmSR3_cuts,0.020875228093905518,5,false,16.144500000000004,false,false,10.46875,false,1.538026e6,1.5059193564356428e6,false,0
62.212,use_adaptive_ngroute,0.02047166860630545,0,false,20.668333333333333,false,false,10.46875,false,1.538026e6,1.5065400414201184e6,false,3
17.932,use_lmSR3_cuts,0.020465944899100363,5,false,17.867,false,false,10.625,false,1.538026e6,1.5065488446306163e6,false,0
37.091,use_lmSR3_cuts,0.020195184834785107,5,false,18.408,false,false,10.625,false,1.538026e6,1.5069652806492948e6,false,0
56.895,use_lmSR3_cuts,0.02000655641954663,5,false,18.898999999999997,false,false,10.625,false,1.538026e6,1.5072553960562705e6,false,0
97.102,use_lmSR3_cuts,0.019353038348178142,5,false,24.192249999999998,false,false,10.625,false,1.538026e6,1.508260523841505e6,false,0
88.109,use_lmSR3_cuts,0.019177770597872512,5,false,21.97975,false,false,10.625,false,1.538026e6,1.5085300901984365e6,false,0
50.027,use_lmSR3_cuts,0.018902013017581765,5,false,24.883,false,false,10.625,false,1.538026e6,1.5089542125266208e6,false,0
72.572,use_lmSR3_cuts,0.018755445704791596,5,false,24.110000000000003,false,false,10.625,false,1.538026e6,1.5091796368644421e6,false,0
54.385,use_lmSR3_cuts,0.018644113372220605,5,false,27.035,false,false,10.625,false,1.538026e6,1.509350868886577e6,false,0
58.007,use_lmSR3_cuts,0.018545856701294383,5,false,28.919,false,false,10.625,false,1.538026e6,1.509501990201135e6,false,0
64.074,use_lmSR3_cuts,0.01844119730133209,5,false,31.974,false,false,10.625,false,1.538026e6,1.5096629590794214e6,false,0
73.0,use_adaptive_ngroute,0.018386836207393675,0,false,36.415499999999994,false,false,10.625,false,1.538026e6,1.509746567855287e6,false,1
36.989,use_adaptive_ngroute,0.018386724517168607,0,false,36.895,false,false,10.75,false,1.538026e6,1.5097467396377572e6,false,1
74.129,use_lmSR3_cuts,0.018386724517169273,5,false,36.981,false,false,10.875,false,1.538026e6,1.5097467396377563e6,false,0
44.281,use_lmSR3_cuts,0.018372819755313685,5,false,44.168,false,false,10.875,false,1.538026e6,1.509768125523014e6,false,0
77.285,use_lmSR3_cuts,0.01835807392072686,5,false,38.548500000000004,false,false,10.875,false,1.538026e6,1.5097908050000002e6,false,0
94.378,use_lmSR3_cuts,0.018322080884146552,5,false,47.116,false,false,10.875,false,1.538026e6,1.5098461632260797e6,false,0
195.064,use_lmSR3_cuts,0.01829230800408843,5,false,48.6005,false,false,10.875,false,1.538026e6,1.5098919546897039e6,false,0
49.681,use_lmSR3_cuts,0.01828310903415309,5,false,49.552,false,false,10.875,false,1.538026e6,1.5099061029446376e6,false,0
98.775,use_lmSR3_cuts,0.01826416018346777,5,false,49.30350000000001,false,false,10.875,false,1.538026e6,1.5099352467696618e6,false,0
191.234,use_lmSR3_cuts,0.01826036259672148,5,false,47.70524999999999,false,false,10.875,false,1.538026e6,1.5099410875568148e6,false,0
51.812,use_lmSR3_cuts,0.01825423460798603,5,false,51.657000000000004,false,false,10.875,false,1.538026e6,1.5099505125628177e6,false,0
97.536,use_lmSR3_cuts,0.01825028545224683,5,false,48.674,false,false,10.875,false,1.538026e6,1.5099565864670225e6,false,0
46.184,use_lmSR3_cuts,0.018249038757619185,5,false,46.017,false,false,10.875,false,1.538026e6,1.509958503915774e6,false,0
101.287,use_lmSR3_cuts,0.018247701518868453,5,false,50.486000000000004,false,false,10.875,false,1.538026e6,1.5099605606237408e6,false,0
108.033,use_lmSR3_cuts,0.01824489649870986,4,false,53.90050000000001,false,false,10.875,false,1.538026e6,1.5099648748176752e6,false,0
52.25,use_lmSR3_cuts,0.0182433874166551,5,false,52.007,false,false,10.875,false,1.538026e6,1.5099671958251116e6,false,0
98.667,use_lmSR3_cuts,0.018243287727575774,3,false,49.207,false,false,10.875,false,1.538026e6,1.5099673491495075e6,false,0
51.077,none,0.018242739989362322,0,false,50.885000000000005,false,false,10.875,false,1.538026e6,1.509968191585121e6,false,0
