CG_time_taken,method,CG_LP_IP_gap,implemented_SR3_cuts_count,errored,CG_sp_time_taken_mean,converged,CGIP_artificial,ngroute_neighborhood_size,time_limit_reached,CGIP_objective,CGLP_objective,CGLP_artificial,cycles_lookup_length
7.761,use_adaptive_ngroute,0.28853801819961933,0,false,0.1766521739130435,false,false,6.0,false,1.948555e6,1.3863228019470407e6,false,23
3.765,use_adaptive_ngroute,0.07125413883484277,0,false,0.3468888888888889,false,false,7.625,false,1.588545e6,1.4753545940246047e6,false,12
2.606,use_adaptive_ngroute,0.024479045212202566,0,false,0.39249999999999996,false,false,8.78125,false,1.521877e6,1.4846229041095888e6,false,5
3.512,use_adaptive_ngroute,0.01709039483056729,0,false,0.4822857142857143,false,false,9.09375,false,1.521877e6,1.4958675211864407e6,false,1
1.825,use_adaptive_ngroute,0.016859639458813747,0,false,0.591,false,false,9.125,false,1.521877e6,1.496218702479339e6,false,3
0.564,use_adaptive_ngroute,0.016781641441476314,0,false,0.546,false,false,9.28125,false,1.521877e6,1.4963374058679703e6,false,1
1.268,use_lmSR3_cuts,0.016766804215209374,8,false,0.6205,false,false,9.3125,false,1.521877e6,1.4963599863013697e6,false,0
4.173,use_lmSR3_cuts,0.011077329727259944,5,false,1.00925,false,false,9.3125,false,1.521877e6,1.5050186666666667e6,false,0
1.87,use_adaptive_ngroute,0.008468695236211632,0,false,0.9195000000000001,false,false,9.3125,false,1.521877e6,1.5089886875e6,false,3
2.244,use_lmSR3_cuts,0.0084369564038288,4,false,1.0905,false,false,9.4375,false,1.521877e6,1.5090369900990103e6,false,0
2.361,use_adaptive_ngroute,0.008505623985061606,0,false,1.1535,false,false,9.4375,false,1.521877e6,1.5089324864864864e6,false,4
1.061,use_lmSR3_cuts,0.008359447103366224,10,false,1.029,false,false,9.5625,false,1.521877e6,1.5091549497206702e6,false,0
1.956,use_lmSR3_cuts,0.007584087031374587,2,false,1.9309999999999998,false,false,9.5625,false,1.521877e6,1.5103349523809527e6,false,0
4.443,use_lmSR3_cuts,0.007563709418191844,10,false,2.203,false,false,9.5625,false,1.521877e6,1.5103659646017705e6,false,0
5.79,use_lmSR3_cuts,0.0075413699354041075,10,false,1.896,false,false,9.5625,false,1.521877e6,1.510399962546817e6,false,0
8.576,use_adaptive_ngroute,0.006081499090698106,0,false,2.10375,false,false,9.5625,false,1.521877e6,1.5126217064083456e6,false,2
12.768,use_lmSR3_cuts,0.006343551590015428,10,false,2.5170000000000003,false,false,9.65625,false,1.521877e6,1.512222894736842e6,false,0
3.074,use_lmSR3_cuts,0.005078718221787293,1,false,3.0260000000000002,false,false,9.65625,false,1.521877e6,1.514147815548781e6,false,0
3.163,use_lmSR3_cuts,0.0050713231042702756,10,false,3.122,false,false,9.65625,false,1.521877e6,1.5141590700080425e6,false,0
7.937,use_lmSR3_cuts,0.0036332131194486417,10,false,2.5653333333333332,false,false,9.65625,false,1.521877e6,1.5163476965174128e6,false,0
3.394,use_lmSR3_cuts,0.0029179620209667245,1,false,3.2739999999999996,false,false,9.65625,false,1.521877e6,1.5174362207134173e6,false,0
7.285,use_adaptive_ngroute,0.002836567364236209,0,false,3.5885,false,false,9.65625,false,1.521877e6,1.5175600933694183e6,false,3
3.542,use_lmSR3_cuts,0.0028098053301139903,10,false,3.479,false,false,9.84375,false,1.521877e6,1.5176008218936222e6,false,0
16.656,use_lmSR3_cuts,0.0025208462879275917,1,false,5.478333333333333,false,false,9.84375,false,1.521877e6,1.5180405820138676e6,false,0
13.468,use_lmSR3_cuts,0.0023295313048776745,10,false,4.439333333333333,false,false,9.84375,false,1.521877e6,1.5183317398863267e6,false,0
12.526,use_lmSR3_cuts,0.0018873997332918835,10,false,4.082666666666666,false,false,9.84375,false,1.521877e6,1.519004609756097e6,false,0
13.162,use_lmSR3_cuts,0.0011657450992408336,1,false,6.486000000000001,false,false,9.84375,false,1.521877e6,1.5201028793456026e6,false,0
7.911,use_lmSR3_cuts,0.0011612592578085223,10,false,7.782,false,false,9.84375,false,1.521877e6,1.520109706244504e6,false,0
25.057,use_adaptive_ngroute,0.00091134098471779,0,false,8.194333333333331,false,false,9.84375,false,1.521877e6,1.5204900511162006e6,false,2
11.057,use_lmSR3_cuts,0.0009100392777616761,10,false,10.962,false,false,9.90625,false,1.521877e6,1.520492032154078e6,false,0
7.654,use_lmSR3_cuts,0.0007845934673443855,10,false,7.558,false,false,9.90625,false,1.521877e6,1.5206829452476983e6,false,0
17.103,use_adaptive_ngroute,0.0007558228828301594,0,false,8.455,false,false,9.90625,false,1.521877e6,1.520726730538547e6,false,2
11.327,use_lmSR3_cuts,0.00075503781296693,10,false,11.234,false,false,10.0625,false,1.521877e6,1.5207279253183154e6,false,0
22.071,use_lmSR3_cuts,0.0007237182921827623,1,false,10.847,false,false,10.0625,false,1.521877e6,1.5207755897766477e6,false,0
10.712,use_lmSR3_cuts,0.0007209150073931303,6,false,10.603,false,false,10.0625,false,1.521877e6,1.5207798560312935e6,false,0
23.032,none,0.0007185110707478293,0,false,11.341,false,false,10.0625,false,1.521877e6,1.5207835145271835e6,false,0
