CG_time_taken,method,CG_LP_IP_gap,implemented_SR3_cuts_count,errored,CG_sp_time_taken_mean,converged,CGIP_artificial,ngroute_neighborhood_size,time_limit_reached,CGIP_objective,CGLP_objective,CGLP_artificial,cycles_lookup_length
6.171,use_adaptive_ngroute,0.25916903596363483,0,false,0.1702857142857143,false,false,6.0,false,1.74454e6,1.2924092500000005e6,false,30
14.666,use_adaptive_ngroute,0.06342503830665358,0,false,1.0352307692307692,false,false,9.34375,false,1.515185e6,1.419084333333333e6,false,4
3.924,use_adaptive_ngroute,0.05946116590823314,0,false,1.2513333333333332,false,false,9.5625,false,1.515185e6,1.4250903333333337e6,false,6
4.321,use_lmSR3_cuts,0.0483770572966602,5,false,1.418,false,false,9.78125,false,1.505224e6,1.432405692307692e6,false,0
12.677,use_lmSR3_cuts,0.046919262515080606,5,false,2.5020000000000002,false,false,9.78125,false,1.505224e6,1.4346000000000002e6,false,0
7.086,use_lmSR3_cuts,0.044873758871456615,5,false,2.29,false,false,9.78125,false,1.505224e6,1.4376789411764706e6,false,0
15.462,use_lmSR3_cuts,0.04197359772808995,3,false,2.1587142857142854,false,false,9.78125,false,1.505224e6,1.4420443333333335e6,false,0
25.541,use_lmSR3_cuts,0.03808270396964175,5,false,2.7928888888888888,false,false,9.78125,false,1.505224e6,1.447901e6,false,0
11.117,use_lmSR3_cuts,0.037890174485658124,5,false,2.7419999999999995,false,false,9.78125,false,1.505224e6,1.4481907999999998e6,false,0
16.506,use_adaptive_ngroute,0.03750546430298718,0,false,3.2096,false,false,9.78125,false,1.505224e6,1.4487698750000005e6,false,2
10.311,use_lmSR3_cuts,0.037112186522506585,5,false,3.388,false,false,10.03125,false,1.505224e6,1.4493618461538465e6,false,0
19.874,use_lmSR3_cuts,0.03353919416644968,5,false,3.9048000000000007,false,false,10.03125,false,1.505224e6,1.45474e6,false,0
11.276,use_adaptive_ngroute,0.03241660862851692,0,false,3.6646666666666667,false,false,10.03125,false,1.5052239914025506e6,1.456429734375e6,false,5
18.801,use_adaptive_ngroute,0.03186994876822702,0,false,4.663,false,false,10.1875,false,1.505224e6,1.4572525882352942e6,false,1
12.968,use_lmSR3_cuts,0.031844761975626246,5,false,4.285333333333333,false,false,10.21875,false,1.505224e6,1.4572905e6,false,0
7.0,use_lmSR3_cuts,0.03172189358896471,5,false,3.4695,false,false,10.21875,false,1.505224e6,1.4574754444444443e6,false,0
18.924,use_adaptive_ngroute,0.03106281819873269,0,false,4.6545,false,false,10.21875,false,1.505223999443069e6,1.4584674999999998e6,false,2
24.009,use_lmSR3_cuts,0.031050417302230793,5,false,5.94775,false,false,10.34375,false,1.505224e6,1.458486166666667e6,false,0
24.854,use_adaptive_ngroute,0.030682395967565834,0,false,6.11475,false,false,10.34375,false,1.505224e6,1.4590401212121167e6,false,3
5.406,use_lmSR3_cuts,0.03064770869097677,5,false,5.365,false,false,10.4375,false,1.505224e6,1.4590923333333333e6,false,0
19.408,use_lmSR3_cuts,0.030264840074542554,5,false,6.392,false,false,10.4375,false,1.505224e6,1.4596686363636367e6,false,0
20.328,use_lmSR3_cuts,0.029807966566203103,4,false,6.724333333333333,false,false,10.4375,false,1.505224e6,1.4603563333333535e6,false,0
37.126,use_lmSR3_cuts,0.0297867294170171,3,false,7.3626,false,false,10.4375,false,1.505224e6,1.4603882999999998e6,false,0
17.358,use_lmSR3_cuts,0.02968482597938915,5,false,8.639499999999998,false,false,10.4375,false,1.505224e6,1.4605416875e6,false,0
37.525,use_lmSR3_cuts,0.029070091893314,2,false,9.28175,false,false,10.4375,false,1.505224e6,1.4614669999999783e6,false,0
22.798,use_lmSR3_cuts,0.0289068603742606,5,false,7.541666666666667,false,false,10.4375,false,1.505224e6,1.461712700000014e6,false,0
32.306,use_adaptive_ngroute,0.028480970943324024,0,false,8.0085,false,false,10.4375,false,1.505224e6,1.462353758992806e6,false,3
19.378,use_adaptive_ngroute,0.028365135257570118,0,false,9.6375,false,false,10.53125,false,1.505224e6,1.4625281176470593e6,false,1
27.778,use_lmSR3_cuts,0.028321968961036448,4,false,9.198333333333334,false,false,10.5625,false,1.505224e6,1.4625930925925928e6,false,0
29.578,use_lmSR3_cuts,0.028230822868365313,5,false,9.823,false,false,10.5625,false,1.505224e6,1.4627302878787876e6,false,0
17.741,use_lmSR3_cuts,0.028165561090980118,5,false,8.818499999999998,false,false,10.5625,false,1.505224e6,1.4628285214723905e6,false,0
34.168,use_lmSR3_cuts,0.028165399498093047,5,false,11.326999999999998,false,false,10.5625,false,1.505224e6,1.4628287647058824e6,false,0
25.882,use_lmSR3_cuts,0.01675756468214229,5,false,12.836,false,false,10.5625,false,1.487815e6,1.4628828439024384e6,false,0
54.747,use_adaptive_ngroute,0.016721635418382452,0,false,13.60075,false,false,10.5625,false,1.487815e6,1.4629362999999993e6,false,3
28.996,use_lmSR3_cuts,0.01671795824768607,5,false,14.4415,false,false,10.65625,false,1.487815e6,1.462941770949719e6,false,0
44.111,use_lmSR3_cuts,0.01666358908375254,5,false,14.654666666666666,false,false,10.65625,false,1.487815e6,1.4630226622073567e6,false,0
46.539,use_adaptive_ngroute,0.01661068122693632,0,false,15.442,false,false,10.65625,false,1.487815e6,1.4631013793103457e6,false,1
15.117,use_lmSR3_cuts,0.016604031598494107,5,false,15.039,false,false,10.6875,false,1.487815e6,1.4631112727272864e6,false,0
77.46,use_lmSR3_cuts,0.016575561088605584,2,false,15.4222,false,false,10.6875,false,1.487815e6,1.4631536315789563e6,false,0
33.091,use_lmSR3_cuts,0.016574999127974777,5,false,16.496499999999997,false,false,10.6875,false,1.487815e6,1.4631544676724123e6,false,0
48.429,use_lmSR3_cuts,0.016545598393405414,2,false,16.067,false,false,10.6875,false,1.487815e6,1.4631982105263155e6,false,0
34.574,use_lmSR3_cuts,0.016530830904257776,5,false,17.212,false,false,10.6875,false,1.487815e6,1.4632201818181816e6,false,0
48.67,none,0.016530355663245677,0,false,16.165,false,false,10.6875,false,1.487815e6,1.463220888888888e6,false,0
