CG_time_taken,method,CG_LP_IP_gap,implemented_SR3_cuts_count,errored,CG_sp_time_taken_mean,converged,CGIP_artificial,ngroute_neighborhood_size,time_limit_reached,CGIP_objective,CGLP_objective,CGLP_artificial,cycles_lookup_length
0.961,use_adaptive_ngroute,0.29415983356237585,0,false,0.049153846153846166,false,false,5.0,false,1.5281e6,1.0785943583333334e6,false,20
0.898,use_adaptive_ngroute,0.027084648446291326,0,false,0.11757142857142858,false,false,6.45,false,1.275239e6,1.2406995999999999e6,false,9
0.791,use_adaptive_ngroute,0.02060305463677503,0,false,0.1538,false,false,7.1,false,1.275239e6,1.2489651812080536e6,false,7
0.564,use_adaptive_ngroute,0.011074699635824303,0,false,0.138,false,false,7.8500000000000005,false,1.275239e6,1.261116111111111e6,false,3
0.309,use_adaptive_ngroute,0.00978287207339168,0,false,0.1515,false,false,8.1,false,1.275239e6,1.2627635e6,false,1
0.156,use_adaptive_ngroute,0.00937494853905807,0,false,0.152,false,false,8.149999999999999,false,1.275239e6,1.2632837000000002e6,false,1
0.175,use_SR3_cuts,0.009215396747851434,5,false,0.171,false,false,8.200000000000001,false,1.275239e6,1.2634871666666667e6,false,0
0.225,use_SR3_cuts,0.007303885781410502,5,false,0.197,false,false,8.200000000000001,false,1.275239e6,1.2659247999999998e6,false,0
0.797,use_SR3_cuts,0.0008350316717157247,3,false,0.262,false,false,8.200000000000001,false,1.27085e6,1.2697888e6,false,0
0.657,none,0.0,0,false,0.325,true,false,8.200000000000001,false,1.27085e6,1.27085e6,false,0
