CG_time_taken,method,CG_LP_IP_gap,implemented_SR3_cuts_count,errored,CG_sp_time_taken_mean,converged,CGIP_artificial,ngroute_neighborhood_size,time_limit_reached,CGIP_objective,CGLP_objective,CGLP_artificial,cycles_lookup_length
6.296,use_adaptive_ngroute,0.39226895815744856,0,false,0.1441818181818182,false,false,6.0,false,2.156203e6,1.310391495614035e6,false,14
4.077,use_adaptive_ngroute,0.14256403448228605,0,false,0.27536363636363637,false,false,7.3125,false,1.690731e6,1.44969356741573e6,false,18
1.741,use_adaptive_ngroute,0.09218507874174309,0,false,0.5206666666666667,false,false,8.3125,false,1.615313e6,1.4664052439024388e6,false,4
2.395,use_lmSR3_cuts,0.09185427220606746,5,false,0.56225,false,false,8.4375,false,1.615313e6,1.4669396000000006e6,false,0
3.769,none,0.08667050905923501,0,false,0.914,false,false,8.4375,false,1.615313e6,1.475313e6,false,0
