CG_time_taken,method,CG_LP_IP_gap,implemented_SR3_cuts_count,errored,CG_sp_time_taken_mean,converged,CGIP_artificial,ngroute_neighborhood_size,time_limit_reached,CGIP_objective,CGLP_objective,CGLP_artificial,cycles_lookup_length
6.627,use_adaptive_ngroute,0.39226895815744856,0,false,0.1627727272727273,false,false,6.0,false,2.156203e6,1.310391495614035e6,false,14
4.75,use_adaptive_ngroute,0.09817926421466383,0,false,0.36379999999999996,false,false,7.3125,false,1.597421e6,1.4405873815789474e6,false,12
3.722,use_adaptive_ngroute,0.08380950990985325,0,false,0.5691666666666666,false,false,8.0,false,1.597421e6,1.4635419288702924e6,false,21
4.578,use_adaptive_ngroute,0.08182569714340926,0,false,0.8429999999999999,false,false,9.125,false,1.597421e6,1.466710913043478e6,false,1
3.069,use_lmSR3_cuts,0.08168253703939043,5,false,0.7480000000000001,false,false,9.15625,false,1.597421e6,1.4669395999999999e6,false,0
5.649,use_adaptive_ngroute,0.07854451409490648,0,false,1.0908,false,false,9.15625,false,1.597421e6,1.4719523437500005e6,false,4
4.236,use_adaptive_ngroute,0.0782264036844389,0,false,1.374,false,false,9.375,false,1.597421e6,1.4724605e6,false,2
1.232,use_adaptive_ngroute,0.07725794758545701,0,false,1.2029999999999998,false,false,9.4375,false,1.597421e6,1.4740075321100918e6,false,2
1.212,use_lmSR3_cuts,0.0772295646797978,5,false,1.182,false,false,9.53125,false,1.597421e6,1.4740528715596327e6,false,0
11.813,none,0.07644071287406384,0,false,1.6222857142857143,false,false,9.53125,false,1.597421e6,1.475313e6,false,0
