CG_time_taken,method,CG_LP_IP_gap,implemented_SR3_cuts_count,errored,CG_sp_time_taken_mean,converged,CGIP_artificial,ngroute_neighborhood_size,time_limit_reached,CGIP_objective,CGLP_objective,CGLP_artificial,cycles_lookup_length
9.024,use_adaptive_ngroute,0.9999786764831378,0,false,0.23115000000000002,false,true,6.0,false,6.0e10,1.279411011734814e6,false,25
12.152,use_adaptive_ngroute,0.08908962020144906,0,false,0.7008000000000002,false,false,7.5,false,1.549933e6,1.4118500576923075e6,false,13
4.984,use_adaptive_ngroute,0.08186740975255058,0,false,0.9598000000000001,false,false,8.65625,false,1.549933e6,1.423044e6,false,3
6.515,use_lmSR3_cuts,0.0255073070615367,1,false,0.8957142857142858,false,false,8.75,false,1.471134e6,1.4336093333333333e6,false,0
5.531,use_lmSR3_cuts,0.0255073070615367,1,false,1.359,false,false,8.75,false,1.471134e6,1.4336093333333333e6,false,0
3.834,use_lmSR3_cuts,0.02530746122832228,10,false,1.233,false,false,8.75,false,1.471134e6,1.4339033333333333e6,false,0
7.096,use_adaptive_ngroute,0.022357884764028668,0,false,1.7315,false,false,8.75,false,1.471134e6,1.4382425555555555e6,false,6
8.289,use_adaptive_ngroute,0.021789320781314125,0,false,2.03175,false,false,9.09375,false,1.471134e6,1.4390789893617022e6,false,2
2.045,use_lmSR3_cuts,0.021786081132548873,7,false,2.019,false,false,9.4375,false,1.471134e6,1.4390837553191488e6,false,0
12.925,use_adaptive_ngroute,0.017828723848449468,0,false,3.09175,false,false,9.4375,false,1.471134e6,1.4449055581699351e6,false,5
6.198,use_adaptive_ngroute,0.017438336980031943,0,false,3.0515,false,false,9.78125,false,1.471134e6,1.4454798695652178e6,false,5
16.72,use_lmSR3_cuts,0.017967371948922395,4,false,3.3140000000000005,false,false,10.0625,false,1.471134e6,1.444701588235294e6,false,0
5.704,use_lmSR3_cuts,0.016313225599029257,2,false,2.7765,false,false,10.0625,false,1.471134e6,1.4471350591715977e6,false,0
13.176,use_lmSR3_cuts,0.016296408077034585,1,false,3.23725,false,false,10.0625,false,1.471134e6,1.4471597999999998e6,false,0
11.49,use_lmSR3_cuts,0.01616270169814593,1,false,3.789,false,false,10.0625,false,1.471134e6,1.4473564999999998e6,false,0
12.013,use_lmSR3_cuts,0.016714387789736884,10,false,3.948666666666666,false,false,10.0625,false,1.471134e6,1.4465448958333333e6,false,0
20.984,use_lmSR3_cuts,0.010978273377036163,4,false,5.188,false,false,10.0625,false,1.471134e6,1.4549834887737473e6,false,0
18.11,use_adaptive_ngroute,0.011356891266016356,0,false,4.46525,false,false,10.0625,false,1.471134e6,1.4544264911242602e6,false,1
5.125,use_lmSR3_cuts,0.010997909817211382,10,false,5.092,false,false,10.09375,false,1.471134e6,1.4549546009389665e6,false,0
40.743,use_lmSR3_cuts,0.009527547807954728,1,false,6.713166666666666,false,false,10.09375,false,1.471134e6,1.4571177004830923e6,false,0
39.602,use_lmSR3_cuts,0.00965644132277299,1,false,7.8386,false,false,10.09375,false,1.471134e6,1.4569280808510636e6,false,0
7.809,use_lmSR3_cuts,0.00961506419862912,10,false,7.724,false,false,10.09375,false,1.471134e6,1.456988952145214e6,false,0
19.099,use_adaptive_ngroute,0.006600876025133706,0,false,9.471,false,false,10.09375,false,1.471134e6,1.461423226849641e6,false,3
8.052,use_adaptive_ngroute,0.006134009508426019,0,false,7.983,false,false,10.1875,false,1.471134e6,1.4621100500558312e6,false,1
12.357,use_lmSR3_cuts,0.006133590849420001,3,false,12.296999999999999,false,false,10.28125,false,1.471134e6,1.4621106659593293e6,false,0
35.642,use_lmSR3_cuts,0.006017772025511237,1,false,8.831000000000001,false,false,10.28125,false,1.471134e6,1.4622810509690216e6,false,0
9.829,use_lmSR3_cuts,0.005655545042428156,1,false,9.728,false,false,10.28125,false,1.471134e6,1.4628139353995526e6,false,0
11.037,use_lmSR3_cuts,0.005476814090765503,10,false,10.948,false,false,10.28125,false,1.471134e6,1.4630768725793958e6,false,0
39.473,use_lmSR3_cuts,0.0018066364297083526,10,false,9.76125,false,false,10.28125,false,1.471134e6,1.4684761957226174e6,false,0
26.917,use_adaptive_ngroute,0.0004654991400885322,0,false,13.342,false,false,10.28125,false,1.471134e6,1.470449188388045e6,false,2
40.187,none,0.0,0,false,13.317333333333332,true,false,10.34375,false,1.471134e6,1.471134e6,false,0
