CG_time_taken,method,CG_LP_IP_gap,implemented_SR3_cuts_count,errored,CG_sp_time_taken_mean,converged,CGIP_artificial,ngroute_neighborhood_size,time_limit_reached,CGIP_objective,CGLP_objective,CGLP_artificial,cycles_lookup_length
9.416,use_adaptive_ngroute,0.9999786764831378,0,false,0.26145,false,true,6.0,false,6.0e10,1.279411011734814e6,false,25
14.734,use_adaptive_ngroute,0.08908962020144884,0,false,0.9377142857142857,false,false,7.5,false,1.549933e6,1.4118500576923077e6,false,14
7.563,use_adaptive_ngroute,0.08186740975255058,0,false,1.4609999999999999,false,false,8.75,false,1.549933e6,1.423044e6,false,3
7.508,use_adaptive_ngroute,0.07615990497653768,0,false,1.8205000000000002,false,false,8.84375,false,1.549933e6,1.43189025e6,false,1
2.961,use_lmSR3_cuts,0.07505077101182245,5,false,1.454,false,false,8.875,false,1.549933e6,1.433609333333333e6,false,0
12.575,use_adaptive_ngroute,0.01484347275639486,0,false,2.4884,false,false,8.875,false,1.459682e6,1.43801525e6,false,1
5.336,use_adaptive_ngroute,0.014722353799464516,0,false,2.652,false,false,8.90625,false,1.459682e6,1.43819204516129e6,false,5
9.532,use_lmSR3_cuts,0.014438487286956958,5,false,3.1409999999999996,false,false,9.53125,false,1.459682e6,1.4386064000000001e6,false,0
11.842,use_lmSR3_cuts,0.012623552856961817,5,false,2.9335,false,false,9.53125,false,1.459682e6,1.4412556271186443e6,false,0
20.781,use_adaptive_ngroute,0.008441915993012805,0,false,4.1014,false,false,9.53125,false,1.459682e6,1.447359487179487e6,false,4
12.726,use_adaptive_ngroute,0.0049099914963943725,0,false,4.205666666666667,false,false,9.875,false,1.457029e6,1.449875e6,false,1
8.015,use_lmSR3_cuts,0.0048955786055047135,2,false,3.9705,false,false,9.90625,false,1.457029e6,1.449896e6,false,0
4.505,use_lmSR3_cuts,0.004643126930373498,5,false,4.477,false,false,9.90625,false,1.457029e6,1.4502638294117649e6,false,0
31.816,use_adaptive_ngroute,0.0006183705463443934,0,false,6.321000000000001,false,false,9.90625,false,1.457029e6,1.4561280161812303e6,false,1
17.029,use_lmSR3_cuts,0.0006183705463449485,5,false,5.640333333333333,false,false,9.9375,false,1.457029e6,1.4561280161812296e6,false,0
23.542,none,1.1102230246251565e-16,0,false,5.834999999999999,true,false,9.9375,false,1.457029e6,1.4570289999999998e6,false,0
