CG_time_taken,method,CG_LP_IP_gap,implemented_SR3_cuts_count,errored,CG_sp_time_taken_mean,converged,CGIP_artificial,ngroute_neighborhood_size,time_limit_reached,CGIP_objective,CGLP_objective,CGLP_artificial,cycles_lookup_length
6.927,use_adaptive_ngroute,0.2385096149364423,0,false,0.15652173913043477,false,false,6.0,false,1.752128e6,1.3342286254006412e6,false,30
8.576,use_adaptive_ngroute,0.1647558046158626,0,false,0.5477142857142857,false,false,7.90625,false,1.708203e6,1.4267666402877697e6,false,7
6.047,use_lmSR3_cuts,0.13215609117642058,3,false,0.6255555555555555,false,false,8.4375,false,1.647268e6,1.4295715e6,false,0
9.463,use_lmSR3_cuts,0.02870643338442025,10,false,1.2731428571428571,false,false,8.4375,false,1.493527e6,1.450653166666667e6,false,0
14.163,use_adaptive_ngroute,0.02091961270888054,0,false,1.7218749999999998,false,false,8.4375,false,1.493527e6,1.4622829935897437e6,false,8
11.134,use_lmSR3_cuts,0.019620892915450105,6,false,1.8273333333333333,false,false,9.0625,false,1.493527e6,1.4642226666666665e6,false,0
3.193,use_adaptive_ngroute,0.015015808319176926,0,false,1.5570000000000002,false,false,9.0625,false,1.493527e6,1.4711004848484846e6,false,5
7.481,use_lmSR3_cuts,0.014541431977189267,6,false,1.8275,false,false,9.21875,false,1.493527e6,1.4718089787234045e6,false,0
3.699,use_adaptive_ngroute,0.01431521080379139,0,false,1.7905,false,false,9.21875,false,1.493527e6,1.4721468461538458e6,false,3
3.269,use_lmSR3_cuts,0.014296663824204248,7,false,1.6025,false,false,9.40625,false,1.493527e6,1.4721745465686277e6,false,0
8.798,use_adaptive_ngroute,0.011412834612578138,0,false,2.15675,false,false,9.40625,false,1.493527e6,1.47648162335958e6,false,3
10.401,use_lmSR3_cuts,0.012381490866312461,2,false,2.0478000000000005,false,false,9.5,false,1.493527e6,1.475034909090909e6,false,0
7.253,use_adaptive_ngroute,0.011682773820355097,0,false,1.767,false,false,9.5,false,1.493527e6,1.4760784618644065e6,false,1
3.973,use_lmSR3_cuts,0.011670909966097431,10,false,1.9535,false,false,9.5625,false,1.493527e6,1.4760961808510644e6,false,0
9.325,use_lmSR3_cuts,0.008269873123918692,2,false,3.068333333333334,false,false,9.5625,false,1.493527e6,1.4811757212028531e6,false,0
9.414,use_lmSR3_cuts,0.007763209946907157,10,false,3.0976666666666666,false,false,9.5625,false,1.493527e6,1.4819324363376256e6,false,0
13.055,use_adaptive_ngroute,0.005555871339972263,0,false,4.3036666666666665,false,false,9.5625,false,1.493527e6,1.4852291561452253e6,false,2
16.172,use_lmSR3_cuts,0.0051251789056948605,2,false,4.00975,false,false,9.625,false,1.493527e6,1.4858724069245143e6,false,0
9.111,use_lmSR3_cuts,0.005106450552482267,1,false,4.513000000000001,false,false,9.625,false,1.493527e6,1.4859003782257028e6,false,0
4.982,use_lmSR3_cuts,0.005060493781115838,1,false,4.912999999999999,false,false,9.625,false,1.493527e6,1.4859690159045714e6,false,0
9.863,use_lmSR3_cuts,0.005060267233140681,10,false,4.871,false,false,9.625,false,1.493527e6,1.485969354260089e6,false,0
25.958,use_lmSR3_cuts,0.004205139268758984,1,false,6.407749999999999,false,false,9.625,false,1.493527e6,1.4872465109633482e6,false,0
14.176,use_lmSR3_cuts,0.003908053908958764,2,false,6.99,false,false,9.625,false,1.493527e6,1.4876902159695146e6,false,0
7.094,use_lmSR3_cuts,0.0039037924877001196,10,false,6.972,false,false,9.625,false,1.493527e6,1.4876965805172226e6,false,0
24.216,use_lmSR3_cuts,0.0033523297569379995,10,false,7.999666666666666,false,false,9.625,false,1.493527e6,1.4885202049951097e6,false,0
26.295,use_lmSR3_cuts,0.0015904395087761314,4,false,8.693,false,false,9.625,false,1.493527e6,1.491151635651776e6,false,0
18.9,use_lmSR3_cuts,0.00157806147319417,10,false,9.365499999999999,false,false,9.625,false,1.493527e6,1.4911701225821248e6,false,0
19.217,use_lmSR3_cuts,0.0004543443937574665,10,false,9.4245,false,false,9.625,false,1.493527e6,1.4928484243806247e6,false,0
67.68,none,-1.4876988529977098e-14,0,false,9.58457142857143,true,false,9.625,false,1.493527e6,1.4935270000000221e6,false,0
