CG_time_taken,method,CG_LP_IP_gap,implemented_SR3_cuts_count,errored,CG_sp_time_taken_mean,converged,CGIP_artificial,ngroute_neighborhood_size,time_limit_reached,CGIP_objective,CGLP_objective,CGLP_artificial,cycles_lookup_length
7.476,use_adaptive_ngroute,0.2385096149364423,0,false,0.17347826086956522,false,false,6.0,false,1.752128e6,1.3342286254006412e6,false,30
10.044,use_adaptive_ngroute,0.149926572930135,0,false,0.75475,false,false,7.90625,false,1.678404e6,1.4267666402877697e6,false,7
7.743,use_lmSR3_cuts,0.12734268841923546,5,false,1.0582857142857143,false,false,8.5,false,1.638182e6,1.4295715e6,false,0
11.465,use_lmSR3_cuts,0.11556067015545246,2,false,1.8659999999999999,false,false,8.5,false,1.633233e6,1.4444955e6,false,0
18.586,use_adaptive_ngroute,0.02429079510001053,0,false,2.607428571428571,false,false,8.5,false,1.493527e6,1.4572480416666665e6,false,3
5.503,use_lmSR3_cuts,0.023443053479001996,3,false,2.7344999999999997,false,false,8.59375,false,1.493527e6,1.4585141666666665e6,false,0
12.059,use_adaptive_ngroute,0.01916142125318132,0,false,2.9805,false,false,8.59375,false,1.493527e6,1.4649089e6,false,13
13.822,use_lmSR3_cuts,0.015956342792790346,5,false,3.40425,false,false,9.1875,false,1.493527e6,1.4696957712177122e6,false,0
6.164,use_lmSR3_cuts,0.014567655248734823,5,false,3.0444999999999998,false,false,9.1875,false,1.493527e6,1.4717698135593229e6,false,0
18.602,none,0.0004810494935947318,0,false,3.04,false,false,9.1875,false,1.476979e6,1.4762685e6,false,0
