CG_time_taken,method,CG_LP_IP_gap,implemented_SR3_cuts_count,errored,CG_sp_time_taken_mean,converged,CGIP_artificial,ngroute_neighborhood_size,time_limit_reached,CGIP_objective,CGLP_objective,CGLP_artificial,cycles_lookup_length
20.88,use_adaptive_ngroute,0.9999749997231884,0,false,0.6294347826086956,false,true,6.0,false,6.0e10,1.500016608695652e6,false,31
20.347,use_adaptive_ngroute,0.019209209446301778,0,false,1.729272727272727,false,false,8.34375,false,1.634927e6,1.603521344827586e6,false,13
21.271,use_adaptive_ngroute,0.009351586128677813,0,false,2.5967499999999997,false,false,9.40625,false,1.629376e6,1.6141387499999995e6,false,2
12.021,use_adaptive_ngroute,0.007611809674378467,0,false,2.9747500000000002,false,false,9.46875,false,1.629376e6,1.6169735e6,false,2
9.901,use_adaptive_ngroute,0.0073844220118621795,0,false,1.6263333333333332,false,false,9.53125,false,1.629376e6,1.617344e6,false,2
3.81,use_adaptive_ngroute,0.006611733571624923,0,false,1.2386666666666666,false,false,9.59375,false,1.629376e6,1.618603e6,false,2
7.49,use_adaptive_ngroute,0.006539313209474096,0,false,2.466,false,false,9.71875,false,1.629376e6,1.618721e6,false,2
13.581,use_lmSR3_cuts,0.005320318944184832,3,false,2.6879999999999997,false,false,9.78125,false,1.629376e6,1.6207072e6,false,0
8.054,use_lmSR3_cuts,0.004391497113005349,5,false,1.9865,false,false,9.78125,false,1.629376e6,1.6222205999999999e6,false,0
8.102,use_adaptive_ngroute,0.0028554489571465114,0,false,1.9344999999999999,false,false,9.78125,false,1.629376e6,1.6247234000000004e6,false,2
3.362,use_lmSR3_cuts,0.0023501941847676733,5,false,1.6620000000000001,false,false,9.90625,false,1.629376e6,1.62554665e6,false,0
14.72,use_lmSR3_cuts,2.3628677480957982e-5,5,false,3.6372500000000008,false,false,9.90625,false,1.629376e6,1.6293375000000007e6,false,0
6.207,use_lmSR3_cuts,1.772150811107931e-5,3,false,3.068,false,false,9.90625,false,1.629376e6,1.629347125e6,false,0
7.868,none,0.0,0,false,2.5563333333333333,true,false,9.90625,false,1.629376e6,1.629376e6,false,0
