CG_time_taken,method,CG_LP_IP_gap,implemented_SR3_cuts_count,errored,CG_sp_time_taken_mean,converged,CGIP_artificial,ngroute_neighborhood_size,time_limit_reached,CGIP_objective,CGLP_objective,CGLP_artificial,cycles_lookup_length
18.474,use_adaptive_ngroute,0.9999749997231884,0,false,0.532913043478261,false,true,6.0,false,6.0e10,1.500016608695652e6,false,31
13.123,use_adaptive_ngroute,0.019209209446302,0,false,0.9981666666666666,false,false,8.34375,false,1.634927e6,1.6035213448275859e6,false,12
6.274,use_adaptive_ngroute,0.012715093701431313,0,false,0.987,false,false,9.1875,false,1.634927e6,1.61413875e6,false,2
4.724,use_adaptive_ngroute,0.010981224238146403,0,false,1.141,false,false,9.25,false,1.634927e6,1.6169735e6,false,2
6.57,use_adaptive_ngroute,0.010754608615552885,0,false,1.2644,false,false,9.3125,false,1.634927e6,1.617344e6,false,2
3.849,use_adaptive_ngroute,0.009984543652407751,0,false,1.256,false,false,9.375,false,1.634927e6,1.618603e6,false,2
3.539,use_lmSR3_cuts,0.008697513711621307,2,false,1.7495,false,false,9.5,false,1.634927e6,1.6207072000000002e6,false,0
6.159,use_adaptive_ngroute,0.005381201146941961,0,false,2.027,false,false,9.5,false,1.629376e6,1.6206080000000002e6,false,2
5.725,use_lmSR3_cuts,0.004391497113005127,2,false,2.8415,false,false,9.5625,false,1.629376e6,1.6222206e6,false,0
9.319,use_lmSR3_cuts,0.004101938410777994,10,false,2.30025,false,false,9.5625,false,1.629376e6,1.6226924000000001e6,false,0
4.249,none,0.0,0,false,2.0145,true,false,9.5625,false,1.629376e6,1.629376e6,false,0
