CG_time_taken,method,CG_LP_IP_gap,implemented_SR3_cuts_count,errored,CG_sp_time_taken_mean,converged,CGIP_artificial,ngroute_neighborhood_size,time_limit_reached,CGIP_objective,CGLP_objective,CGLP_artificial,cycles_lookup_length
6.038,use_adaptive_ngroute,0.2065213204831179,0,false,0.1666,false,false,6.0,false,1.884743e6,1.4955033868686869e6,false,25
7.421,use_adaptive_ngroute,0.11496950606865175,0,false,0.6587000000000001,false,false,8.8125,false,1.731226e6,1.5321878018867923e6,false,9
6.15,use_adaptive_ngroute,0.1084767086678502,0,false,0.8334285714285714,false,false,9.1875,false,1.731226e6,1.5434283015597924e6,false,12
3.63,use_adaptive_ngroute,0.10183540472350083,0,false,0.5831666666666666,false,false,9.75,false,1.722917e6,1.54746305e6,false,3
0.512,use_adaptive_ngroute,0.10158561904026708,0,false,0.437,false,false,9.84375,false,1.722917e6,1.5478934100000001e6,false,1
1.54,use_lmSR3_cuts,0.10158561904026697,5,false,0.7469999999999999,false,false,9.875,false,1.722917e6,1.5478934100000004e6,false,0
6.944,use_lmSR3_cuts,0.08804738508210785,5,false,1.3164000000000002,false,false,9.875,false,1.698256e6,1.5487289999999998e6,false,0
6.772,use_adaptive_ngroute,0.050059458176127225,0,false,1.0731666666666668,false,false,9.875,false,1.646365e6,1.5639488601398603e6,false,5
8.227,use_adaptive_ngroute,0.04763938627328579,0,false,1.6054,false,false,10.34375,false,1.646365e6,1.5679331818181819e6,false,1
5.711,use_lmSR3_cuts,0.047611191928885854,5,false,1.862,false,false,10.375,false,1.646365e6,1.5679795999999999e6,false,0
5.499,use_adaptive_ngroute,0.027584024330614354,0,false,1.3230000000000002,false,false,10.375,false,1.620052e6,1.5753644462151395e6,false,7
13.92,use_adaptive_ngroute,0.025862441452496387,0,false,2.2516666666666665,false,false,10.71875,false,1.620052e6,1.5781535000000002e6,false,1
7.522,use_adaptive_ngroute,0.025233789935046547,0,false,2.467,false,false,10.75,false,1.620052e6,1.579171948148148e6,false,1
4.391,use_lmSR3_cuts,0.02514061962894465,5,false,2.174,false,false,10.78125,false,1.620052e6,1.579322888888889e6,false,0
4.184,use_lmSR3_cuts,0.02476541547404998,5,false,2.026,false,false,10.78125,false,1.620052e6,1.5799307391304343e6,false,0
7.248,use_lmSR3_cuts,0.024110337199052867,2,false,1.7780000000000002,false,false,10.78125,false,1.620052e6,1.580992e6,false,0
11.256,use_adaptive_ngroute,0.022929186028726622,0,false,2.1925999999999997,false,false,10.78125,false,1.620052e6,1.5829055263157894e6,false,4
7.29,use_adaptive_ngroute,0.022884656377285095,0,false,2.3970000000000002,false,false,10.90625,false,1.620052e6,1.5829776666666665e6,false,1
5.635,use_lmSR3_cuts,0.022738981385635904,5,false,2.7815000000000003,false,false,10.9375,false,1.620052e6,1.5832136677282378e6,false,0
23.851,use_lmSR3_cuts,0.021425169617326323,5,false,4.721799999999999,false,false,10.9375,false,1.620052e6,1.5853421111111112e6,false,0
24.341,use_adaptive_ngroute,0.02083159686724112,0,false,5.9944999999999995,false,false,10.9375,false,1.620052e6,1.5863037298320322e6,false,2
22.303,use_lmSR3_cuts,0.020802068207310564,5,false,11.115499999999999,false,false,11.0,false,1.620052e6,1.58635156779661e6,false,0
39.68,use_lmSR3_cuts,0.020275908971885248,5,false,13.173333333333332,false,false,11.0,false,1.620052e6,1.5872039731182794e6,false,0
72.488,use_adaptive_ngroute,0.0196299902032967,0,false,14.435599999999997,false,false,11.0,false,1.620052e6,1.5882503951111687e6,false,3
13.562,use_lmSR3_cuts,0.019620276969458228,5,false,13.508999999999999,false,false,11.15625,false,1.620052e6,1.5882661310550752e6,false,0
58.122,use_lmSR3_cuts,0.019462200449369638,5,false,14.463249999999999,false,false,11.15625,false,1.620052e6,1.5885222232375978e6,false,0
76.81,use_adaptive_ngroute,0.018883456151113753,0,false,19.15075,false,false,11.15625,false,1.620052e6,1.5894598190954758e6,false,2
44.815,use_lmSR3_cuts,0.018859233025741995,5,false,22.334000000000003,false,false,11.21875,false,1.620052e6,1.5894990618181806e6,false,0
36.161,use_lmSR3_cuts,0.018464427890792612,5,false,17.961,false,false,11.21875,false,1.620052e6,1.5901386666666656e6,false,0
79.024,use_lmSR3_cuts,0.018205426497423627,5,false,26.264000000000003,false,false,11.21875,false,1.620052e6,1.5905582623919959e6,false,0
132.062,use_adaptive_ngroute,0.01760384571269691,0,false,26.336199999999998,false,false,11.21875,false,1.620052e6,1.591532854545454e6,false,2
44.704,use_lmSR3_cuts,0.017602719534714928,5,false,22.293,false,false,11.281250000000002,false,1.620052e6,1.591534679012346e6,false,0
69.68,use_lmSR3_cuts,0.01735772317272133,5,false,23.138333333333332,false,false,11.281250000000002,false,1.620052e6,1.5919315858585865e6,false,0
38.33,use_lmSR3_cuts,0.017090181808310123,5,false,19.009999999999998,false,false,11.281250000000002,false,1.620052e6,1.5923650167810835e6,false,0
109.318,use_adaptive_ngroute,0.0169226486534515,0,false,27.2555,false,false,11.281250000000002,false,1.620052e6,1.5926364292036786e6,false,1
53.818,use_adaptive_ngroute,0.016910288461986278,0,false,26.817,false,false,11.312500000000002,false,1.620052e6,1.5926564533565822e6,false,1
24.775,use_adaptive_ngroute,0.016910173023524377,0,false,24.65,false,false,11.343750000000002,false,1.620052e6,1.5926566403728933e6,false,3
50.784,use_lmSR3_cuts,0.01690966269722949,5,false,25.32,false,false,11.437499999999998,false,1.620052e6,1.592657467128028e6,false,0
127.996,use_lmSR3_cuts,0.016769046743930538,5,false,31.89425,false,false,11.437499999999998,false,1.620052e6,1.5928852722844018e6,false,0
59.653,use_lmSR3_cuts,0.016550343701639103,5,false,29.6635,false,false,11.437499999999998,false,1.620052e6,1.5932395825854721e6,false,0
107.859,use_lmSR3_cuts,0.016388105847990775,5,false,35.882,false,false,11.437499999999998,false,1.620052e6,1.593502416344751e6,false,0
147.334,use_lmSR3_cuts,0.016287020073704528,5,false,36.75,false,false,11.437499999999998,false,1.620052e6,1.5936661805555548e6,false,0
85.9,use_lmSR3_cuts,0.016285090995127205,5,false,42.7915,false,false,11.437499999999998,false,1.620052e6,1.5936693057631622e6,false,0
84.45,use_lmSR3_cuts,0.016227126119505497,5,false,42.1175,false,false,11.437499999999998,false,1.620052e6,1.593763211875843e6,false,0
110.8,use_lmSR3_cuts,0.016211259954709734,2,false,36.82666666666667,false,false,11.437499999999998,false,1.620052e6,1.5937889158878527e6,false,0
36.958,use_lmSR3_cuts,0.016204766514108737,5,false,36.823,false,false,11.437499999999998,false,1.620052e6,1.5937994355992852e6,false,0
43.861,use_lmSR3_cuts,0.016204766514109292,5,false,43.692,false,false,11.437499999999998,false,1.620052e6,1.5937994355992842e6,false,0
74.406,use_lmSR3_cuts,0.016201852587307775,5,false,36.944,false,false,11.437499999999998,false,1.620052e6,1.5938041563122268e6,false,0
97.688,use_lmSR3_cuts,0.01619864741844168,5,false,48.733,false,false,11.437499999999998,false,1.620052e6,1.5938093488524586e6,false,0
148.632,use_lmSR3_cuts,0.01619640369933184,3,false,49.39533333333333,false,false,11.437499999999998,false,1.620052e6,1.59381298379409e6,false,0
129.041,use_lmSR3_cuts,0.016190737027897417,5,false,42.867999999999995,false,false,11.437499999999998,false,1.620052e6,1.5938221640964807e6,false,0
116.042,use_lmSR3_cuts,0.01618764035085485,1,false,38.550999999999995,false,false,11.437499999999998,false,1.620052e6,1.593827180874317e6,false,0
48.012,none,0.01618575248434051,0,false,47.883,false,false,11.437499999999998,false,1.620052e6,1.5938302393162393e6,false,0
