CG_time_taken,method,CG_LP_IP_gap,implemented_SR3_cuts_count,errored,CG_sp_time_taken_mean,converged,CGIP_artificial,ngroute_neighborhood_size,time_limit_reached,CGIP_objective,CGLP_objective,CGLP_artificial,cycles_lookup_length
12.11,use_adaptive_ngroute,0.9999790486484817,0,false,0.27279310344827584,false,true,6.0,false,6.0e10,1.2570810910958902e6,false,24
8.951,use_adaptive_ngroute,0.14937889988600006,0,false,0.6503333333333333,false,false,6.9375,false,1.659931e6,1.411972333333332e6,false,8
4.593,use_adaptive_ngroute,0.14347608295131697,0,false,0.8682000000000001,false,false,7.28125,false,1.659931e6,1.4217706021505375e6,false,8
3.899,use_adaptive_ngroute,0.14184266683434132,0,false,0.9520000000000001,false,false,7.718750000000001,false,1.659931e6,1.424481960199005e6,false,6
2.156,use_lmSR3_cuts,0.14083492942355746,5,false,1.0424999999999998,false,false,7.9375,false,1.659931e6,1.4261547347670249e6,false,0
15.816,use_adaptive_ngroute,0.05429228590532886,0,false,2.1787142857142854,false,false,7.9375,false,1.544746e6,1.460878208516887e6,false,9
14.068,use_adaptive_ngroute,0.05303629449345382,0,false,2.317,false,false,8.59375,false,1.544746e6,1.4628183962264152e6,false,3
8.721,use_adaptive_ngroute,0.052960984372993125,0,false,2.1657500000000005,false,false,8.6875,false,1.544746e6,1.4629347312337563e6,false,2
2.438,use_lmSR3_cuts,0.052893242271206065,5,false,2.4149999999999996,false,false,8.90625,false,1.544746e6,1.4630393755745236e6,false,0
12.645,use_adaptive_ngroute,0.047756960233506396,0,false,2.4543999999999997,false,false,8.90625,false,1.544746e6,1.470973626707132e6,false,1
14.276,use_adaptive_ngroute,0.040862964492006326,0,false,2.7682,false,false,9.03125,false,1.534295e6,1.471599157894737e6,false,1
2.551,use_lmSR3_cuts,0.0408463968417051,5,false,2.5260000000000002,false,false,9.0625,false,1.534295e6,1.471624577557756e6,false,0
17.822,use_lmSR3_cuts,0.03777911193595185,5,false,4.40275,false,false,9.0625,false,1.534295e6,1.4763306974522287e6,false,0
25.283,use_adaptive_ngroute,0.03518056037020956,0,false,5.0078,false,false,9.0625,false,1.534295e6,1.4803176421267893e6,false,6
20.252,use_adaptive_ngroute,0.034510343287615264,0,false,4.9952499999999995,false,false,9.40625,false,1.534295e6,1.4813459528455283e6,false,2
9.183,use_lmSR3_cuts,0.03440914797671735,5,false,4.5655,false,false,9.46875,false,1.534295e6,1.4815012163050624e6,false,0
22.603,use_lmSR3_cuts,0.02964669949567711,5,false,3.712,false,false,9.46875,false,1.530963e6,1.4855749999999998e6,false,0
21.107,use_adaptive_ngroute,0.026196256865776646,0,false,5.2170000000000005,false,false,9.46875,false,1.530963e6,1.4908575e6,false,1
19.322,use_lmSR3_cuts,0.02603563232380035,5,false,6.404333333333334,false,false,9.5,false,1.5309629736999897e6,1.4911033846153847e6,false,0
22.249,use_lmSR3_cuts,0.025785404350072483,3,false,7.307333333333333,false,false,9.5,false,1.530963e6,1.4914865e6,false,0
26.008,use_lmSR3_cuts,0.02482751052768717,5,false,6.4505,false,false,9.5,false,1.530963e6,1.4929530000000005e6,false,0
26.805,use_lmSR3_cuts,0.024318272224735926,5,false,6.633,false,false,9.5,false,1.530963e6,1.4937326250000016e6,false,0
39.463,use_lmSR3_cuts,0.02401086446768419,5,false,9.799999999999999,false,false,9.5,false,1.530963e6,1.4942032549019607e6,false,0
14.844,use_lmSR3_cuts,0.023840658896829514,5,false,7.363999999999999,false,false,9.5,false,1.530963e6,1.4944638333333333e6,false,0
8.933,use_lmSR3_cuts,0.023802556517258933,5,false,8.886000000000001,false,false,9.5,false,1.530963e6,1.4945221666666677e6,false,0
15.398,use_lmSR3_cuts,0.023716193914950945,5,false,7.648000000000001,false,false,9.5,false,1.530963e6,1.494654384615385e6,false,0
45.764,use_adaptive_ngroute,0.023444890830553677,0,false,11.350499999999998,false,false,9.5,false,1.530963e6,1.495069739599383e6,false,1
22.625,use_lmSR3_cuts,0.023434125880910317,5,false,11.2455,false,false,9.53125,false,1.530963e6,1.495086220338984e6,false,0
40.114,use_adaptive_ngroute,0.023095659007350555,0,false,9.942999999999998,false,false,9.53125,false,1.530963e6,1.4956044005991295e6,false,4
20.219,use_lmSR3_cuts,0.023084090184209538,5,false,10.046499999999998,false,false,10.09375,false,1.530963e6,1.495622112039312e6,false,0
47.743,use_lmSR3_cuts,0.02244997528940129,5,false,9.452799999999998,false,false,10.09375,false,1.530963e6,1.4965929184810123e6,false,0
49.314,use_lmSR3_cuts,0.022404199187047502,1,false,12.238,false,false,10.09375,false,1.530963e6,1.4966630000000002e6,false,0
24.899,use_lmSR3_cuts,0.02217388180997859,5,false,12.352,false,false,10.09375,false,1.530963e6,1.4970156073825497e6,false,0
25.192,use_lmSR3_cuts,0.021743674877001795,5,false,12.5085,false,false,10.09375,false,1.530963e6,1.4976742382792807e6,false,0
52.398,use_lmSR3_cuts,0.021707257470785613,5,false,13.020500000000002,false,false,10.09375,false,1.530963e6,1.4977299919807536e6,false,0
38.552,use_lmSR3_cuts,0.021401942447864752,5,false,12.731333333333334,false,false,10.09375,false,1.530963e6,1.4981974179841897e6,false,0
40.986,use_lmSR3_cuts,0.02125674555338808,5,false,13.581666666666665,false,false,10.09375,false,1.530963e6,1.4984197090573483e6,false,0
75.159,use_lmSR3_cuts,0.021040567663231702,5,false,14.841800000000001,false,false,10.09375,false,1.530963e6,1.498750669408596e6,false,0
46.831,use_adaptive_ngroute,0.020910462945530672,0,false,15.505333333333335,false,false,10.09375,false,1.530963e6,1.4989498549175216e6,false,1
13.336,use_lmSR3_cuts,0.0209062149488487,5,false,13.198,false,false,10.125,false,1.530963e6,1.4989563584432658e6,false,0
31.332,use_adaptive_ngroute,0.020713629417777102,0,false,15.5195,false,false,10.125,false,1.530963e6,1.4992511997656717e6,false,3
50.745,use_lmSR3_cuts,0.02070242397011879,5,false,16.828333333333333,false,false,10.21875,false,1.530963e6,1.499268354891435e6,false,0
52.169,use_adaptive_ngroute,0.020568426539374407,0,false,17.261333333333333,false,false,10.21875,false,1.530963e6,1.4994734999999998e6,false,3
35.81,use_lmSR3_cuts,0.020567507751277136,5,false,17.826500000000003,false,false,10.46875,false,1.530963e6,1.4994749066305815e6,false,0
37.502,use_adaptive_ngroute,0.020507162351909525,0,false,18.6195,false,false,10.46875,false,1.530963e6,1.4995672932042335e6,false,2
17.773,use_lmSR3_cuts,0.020506221854216244,5,false,17.643,false,false,10.65625,false,1.530963e6,1.4995687330714036e6,false,0
79.181,use_adaptive_ngroute,0.020464779058623983,0,false,19.68875,false,false,10.65625,false,1.530963e6,1.4996321804580719e6,false,1
21.269,use_lmSR3_cuts,0.020461327328054835,5,false,21.107,false,false,10.6875,false,1.530963e6,1.4996374649298592e6,false,0
65.295,use_lmSR3_cuts,0.020435623612546694,5,false,21.628333333333334,false,false,10.6875,false,1.530963e6,1.4996768163672646e6,false,0
37.603,use_lmSR3_cuts,0.02042606830826843,5,false,18.7105,false,false,10.6875,false,1.530963e6,1.4996914451845684e6,false,0
40.196,use_lmSR3_cuts,0.020421199609292895,3,false,19.996,false,false,10.6875,false,1.530963e6,1.4996988989825582e6,false,0
40.99,use_lmSR3_cuts,0.020420304653403387,5,false,20.41,false,false,10.6875,false,1.530963e6,1.4997002691269116e6,false,0
43.958,use_lmSR3_cuts,0.020419797447901455,5,false,21.854,false,false,10.6875,false,1.530963e6,1.4997010456397685e6,false,0
43.381,use_lmSR3_cuts,0.0204194548557034,1,false,21.6065,false,false,10.6875,false,1.530963e6,1.4997015701357478e6,false,0
44.171,use_lmSR3_cuts,0.020418854287574506,2,false,21.9955,false,false,10.6875,false,1.530963e6,1.499702489583332e6,false,0
43.896,use_lmSR3_cuts,0.020418745760044876,5,false,21.825499999999998,false,false,10.6875,false,1.530963e6,1.4997026557349644e6,false,0
43.446,use_lmSR3_cuts,0.020418691280467582,5,false,21.5675,false,false,10.6875,false,1.530963e6,1.4997027391411816e6,false,0
41.466,none,0.020418643051591023,0,false,20.64,false,false,10.6875,false,1.530963e6,1.4997028129778071e6,false,0
