CG_time_taken,method,CG_LP_IP_gap,implemented_SR3_cuts_count,errored,CG_sp_time_taken_mean,converged,CGIP_artificial,ngroute_neighborhood_size,time_limit_reached,CGIP_objective,CGLP_objective,CGLP_artificial,cycles_lookup_length
13.212,use_adaptive_ngroute,0.36351119547955035,0,false,0.36355000000000004,false,false,6.0,false,2.076578e6,1.3217186487134662e6,false,26
24.973,use_adaptive_ngroute,0.050736879326566675,0,false,2.3744,false,false,7.718750000000001,false,1.497916e6,1.4219164166666665e6,false,9
16.443,use_adaptive_ngroute,0.030121187497643254,0,false,2.305,false,false,8.4375,false,1.495893e6,1.450834926470588e6,false,5
5.81,use_adaptive_ngroute,0.02893803138430373,0,false,1.901,false,false,8.625,false,1.495893e6,1.4526048014184397e6,false,10
12.18,use_lmSR3_cuts,0.02876007842806938,5,false,2.4104000000000005,false,false,9.15625,false,1.495893e6,1.452871e6,false,0
16.57,use_lmSR3_cuts,0.023181582283402835,5,false,2.0319999999999996,false,false,9.15625,false,1.495893e6,1.4612158333333337e6,false,0
24.975,use_adaptive_ngroute,0.017887503763081125,0,false,4.121,false,false,9.15625,false,1.495893e6,1.4691352083333333e6,false,2
22.667,use_adaptive_ngroute,0.017677683548838696,0,false,4.4942,false,false,9.28125,false,1.495893e6,1.469449076923077e6,false,1
3.86,use_lmSR3_cuts,0.01759016186318141,5,false,3.838,false,false,9.375,false,1.495893e6,1.46958e6,false,0
19.758,use_lmSR3_cuts,0.005437904975258201,5,false,4.879,false,false,9.375,false,1.481109e6,1.4730548700000003e6,false,0
17.771,use_lmSR3_cuts,0.00497652971235496,5,false,5.855666666666666,false,false,9.375,false,1.481109e6,1.4737382170542637e6,false,0
35.055,use_lmSR3_cuts,0.0042318289876034365,5,false,4.9678571428571425,false,false,9.375,false,1.481109e6,1.4748411999999997e6,false,0
10.788,none,0.003948257690689405,0,false,5.3735,false,false,9.375,false,1.481109e6,1.4752612000000007e6,false,0
