CG_time_taken,method,CG_LP_IP_gap,implemented_SR3_cuts_count,errored,CG_sp_time_taken_mean,converged,CGIP_artificial,ngroute_neighborhood_size,time_limit_reached,CGIP_objective,CGLP_objective,CGLP_artificial,cycles_lookup_length
9.733,use_adaptive_ngroute,0.16846489292374023,0,false,0.24371428571428574,false,false,6.0,false,1.841546e6,1.5313101502958578e6,false,30
7.676,use_adaptive_ngroute,0.06217340625294843,0,false,0.5825833333333332,false,false,8.78125,false,1.672776e6,1.568773818181818e6,false,5
4.98,use_adaptive_ngroute,0.06053653258029146,0,false,0.7863333333333333,false,false,9.03125,false,1.672776e6,1.5715119411764704e6,false,2
3.791,use_lmSR3_cuts,0.05835132737437643,5,false,0.7212,false,false,9.34375,false,1.672776e6,1.5751673e6,false,0
5.505,use_adaptive_ngroute,0.05552981355180797,0,false,1.32925,false,false,9.34375,false,1.672776e6,1.5798870606060608e6,false,6
5.712,use_lmSR3_cuts,0.05498398013418471,5,false,1.1025999999999998,false,false,9.59375,false,1.672776e6,1.580800117647059e6,false,0
4.15,use_adaptive_ngroute,0.05209197796137455,0,false,1.3663333333333334,false,false,9.59375,false,1.672776e6,1.5856377894736838e6,false,4
5.608,use_lmSR3_cuts,0.05207697586802773,5,false,1.8403333333333334,false,false,9.75,false,1.672776e6,1.585662884615384e6,false,0
14.885,use_adaptive_ngroute,0.017039068456673245,0,false,2.4099999999999997,false,false,9.75,false,1.617455e6,1.5898950735294116e6,false,6
13.6,use_lmSR3_cuts,0.016806237783019262,5,false,2.6778,false,false,10.15625,false,1.617455e6,1.5902716666666665e6,false,0
6.332,use_adaptive_ngroute,0.015709671407961423,0,false,3.1279999999999997,false,false,10.15625,false,1.617455e6,1.5920453134328357e6,false,1
9.455,use_lmSR3_cuts,0.015591346951434715,5,false,3.116333333333334,false,false,10.1875,false,1.617455e6,1.5922366979166672e6,false,0
13.601,use_lmSR3_cuts,0.014578568364853384,5,false,3.333,false,false,10.1875,false,1.617455e6,1.593874821705426e6,false,0
21.389,use_lmSR3_cuts,0.013651805965657071,5,false,3.5131666666666663,false,false,10.1875,false,1.617455e6,1.5953738181818181e6,false,0
15.674,use_adaptive_ngroute,0.012151156779373062,0,false,3.8644999999999996,false,false,10.1875,false,1.617455e6,1.5978010507114192e6,false,1
3.849,use_lmSR3_cuts,0.012151156779373284,5,false,3.8099999999999996,false,false,10.34375,false,1.617455e6,1.5978010507114187e6,false,0
14.798,use_adaptive_ngroute,0.011053622795189955,0,false,4.888000000000001,false,false,10.34375,false,1.617455e6,1.599576262541806e6,false,2
14.649,use_lmSR3_cuts,0.011021938553461563,5,false,4.838333333333333,false,false,10.4375,false,1.617455e6,1.5996275103770108e6,false,0
14.849,use_adaptive_ngroute,0.01038750697773283,0,false,4.896333333333334,false,false,10.4375,false,1.617455e6,1.600653674901331e6,false,2
12.857,use_adaptive_ngroute,0.010309477650457644,0,false,6.328499999999999,false,false,10.5,false,1.617455e6,1.600779883826879e6,false,2
6.315,use_lmSR3_cuts,0.010293631494445399,5,false,6.276,false,false,10.5625,false,1.617455e6,1.6008055142711517e6,false,0
27.865,none,0.0,0,false,5.5234,true,false,10.5625,false,1.60132e6,1.60132e6,false,0
