CG_time_taken,method,CG_LP_IP_gap,implemented_SR3_cuts_count,errored,CG_sp_time_taken_mean,converged,CGIP_artificial,ngroute_neighborhood_size,time_limit_reached,CGIP_objective,CGLP_objective,CGLP_artificial,cycles_lookup_length
11.773,use_adaptive_ngroute,0.3444916209409521,0,false,0.28590909090909095,false,false,6.0,false,2.080295e6,1.363650803414642e6,false,20
6.379,use_adaptive_ngroute,0.11857124252457629,0,false,0.4043846153846154,false,false,7.031250000000001,false,1.639372e6,1.4449896250000002e6,false,10
3.359,use_adaptive_ngroute,0.05393995001624585,0,false,0.5086666666666666,false,false,7.625,false,1.581006e6,1.4957266153846153e6,false,5
1.607,use_lmSR3_cuts,0.05267587890053227,8,false,0.5173333333333333,false,false,8.0625,false,1.581006e6,1.497725119402985e6,false,0
7.517,use_adaptive_ngroute,0.048950943345651754,0,false,1.0170000000000001,false,false,8.0625,false,1.581006e6,1.5036142648648645e6,false,3
2.147,use_lmSR3_cuts,0.04886071484443022,3,false,1.0199999999999998,false,false,8.1875,false,1.581006e6,1.5037569166666667e6,false,0
2.973,use_adaptive_ngroute,0.04856669443007666,0,false,0.9243333333333335,false,false,8.1875,false,1.581006e6,1.5042217647058822e6,false,2
1.106,use_adaptive_ngroute,0.04844228197839773,0,false,1.0819999999999999,false,false,8.25,false,1.581006e6,1.5044184615384613e6,false,4
3.733,use_lmSR3_cuts,0.048322204755815945,3,false,1.156666666666667,false,false,8.375,false,1.581006e6,1.5046083043478264e6,false,0
4.594,use_lmSR3_cuts,0.048186965990604014,10,false,1.0825,false,false,8.375,false,1.581006e6,1.504822117647059e6,false,0
6.154,use_adaptive_ngroute,0.043717417897212396,0,false,1.48225,false,false,8.375,false,1.581006e6,1.5118884999999998e6,false,3
4.386,use_lmSR3_cuts,0.04322671767216557,4,false,1.42,false,false,8.625,false,1.581006e6,1.5126643000000003e6,false,0
2.998,use_lmSR3_cuts,0.041959992561698245,10,false,1.452,false,false,8.625,false,1.581006e6,1.5146669999999998e6,false,0
11.905,use_adaptive_ngroute,0.036247412654387356,0,false,1.6504285714285714,false,false,8.625,false,1.573117e6,1.516095578947368e6,false,3
5.261,use_lmSR3_cuts,0.03612496718298752,2,false,1.7143333333333333,false,false,8.71875,false,1.573117e6,1.5162882000000002e6,false,0
3.336,use_lmSR3_cuts,0.03612496718298752,10,false,1.6255,false,false,8.71875,false,1.573117e6,1.5162882000000002e6,false,0
1.514,use_adaptive_ngroute,0.03450369414740717,0,false,1.46,false,false,8.71875,false,1.573117e6,1.5188386521739133e6,false,1
6.779,use_lmSR3_cuts,0.03461053068600972,2,false,1.6475000000000002,false,false,8.8125,false,1.573117e6,1.5186705857988165e6,false,0
5.092,use_lmSR3_cuts,0.034459784445322494,1,false,1.6483333333333332,false,false,8.8125,false,1.573117e6,1.5189077272727275e6,false,0
6.632,use_lmSR3_cuts,0.0343088187130387,10,false,2.1130000000000004,false,false,8.8125,false,1.573117e6,1.5191452140326006e6,false,0
8.482,use_lmSR3_cuts,0.03359572110656739,10,false,2.0055,false,false,8.8125,false,1.573117e6,1.520267e6,false,0
4.445,use_lmSR3_cuts,0.03343612038988031,1,false,2.1635,false,false,8.8125,false,1.573117e6,1.5205180706006326e6,false,0
7.056,use_lmSR3_cuts,0.03343612038988053,10,false,2.312,false,false,8.8125,false,1.573117e6,1.5205180706006323e6,false,0
13.697,use_adaptive_ngroute,0.014696740989885382,0,false,3.327,false,false,8.8125,false,1.545299e6,1.522588140845071e6,false,1
6.83,use_lmSR3_cuts,0.014435631444784769,2,false,3.3674999999999997,false,false,8.84375,false,1.545299e6,1.5229916331640056e6,false,0
4.115,use_lmSR3_cuts,0.014417523170527469,10,false,4.056,false,false,8.84375,false,1.545299e6,1.5230196158621071e6,false,0
12.443,use_adaptive_ngroute,0.013523202921251531,0,false,3.02775,false,false,8.84375,false,1.545299e6,1.524401608048993e6,false,1
13.918,use_adaptive_ngroute,0.013489900106614883,0,false,3.43225,false,false,8.90625,false,1.545299e6,1.5244530708551481e6,false,1
3.425,use_lmSR3_cuts,0.01348177523799976,3,false,3.334,false,false,9.0,false,1.545299e6,1.5244656262064942e6,false,0
6.96,use_lmSR3_cuts,0.013457354386684273,1,false,3.401,false,false,9.0,false,1.545299e6,1.5245033637236112e6,false,0
8.375,use_lmSR3_cuts,0.013456889668422956,10,false,4.1055,false,false,9.0,false,1.545299e6,1.5245040818522756e6,false,0
22.152,use_adaptive_ngroute,0.013030930893227488,0,false,4.3298,false,false,9.0,false,1.545299e6,1.5251623155216265e6,false,1
8.219,use_lmSR3_cuts,0.013027856904440527,10,false,4.0535,false,false,9.03125,false,1.545299e6,1.525167065753425e6,false,0
18.995,use_lmSR3_cuts,0.01287380244716918,2,false,4.671250000000001,false,false,9.03125,false,1.545299e6,1.525405125952192e6,false,0
9.481,use_lmSR3_cuts,0.012873487250966598,10,false,4.6355,false,false,9.03125,false,1.545299e6,1.5254056130245687e6,false,0
16.068,use_lmSR3_cuts,0.012720371771272165,1,false,5.259666666666667,false,false,9.03125,false,1.545299e6,1.5256422222222248e6,false,0
14.022,none,0.012720371771267835,0,false,4.589999999999999,false,false,9.03125,false,1.545299e6,1.5256422222222316e6,false,0
