CG_time_taken,method,CG_LP_IP_gap,implemented_SR3_cuts_count,errored,CG_sp_time_taken_mean,converged,CGIP_artificial,ngroute_neighborhood_size,time_limit_reached,CGIP_objective,CGLP_objective,CGLP_artificial,cycles_lookup_length
8.664,use_adaptive_ngroute,0.9999746948834827,0,false,0.23961904761904762,false,true,6.0,false,6.0e10,1.5183069910419844e6,false,29
10.187,use_adaptive_ngroute,0.12471675451773234,0,false,0.9611999999999999,false,false,7.25,false,1.808079e6,1.582581255208333e6,false,18
6.178,use_adaptive_ngroute,0.11879550566701413,0,false,1.0016666666666667,false,false,8.5,false,1.808079e6,1.5932873409090908e6,false,6
2.415,use_adaptive_ngroute,0.1166387487616537,0,false,1.175,false,false,8.71875,false,1.808079e6,1.597186927777778e6,false,4
2.548,use_adaptive_ngroute,0.11633668114742746,0,false,1.2474999999999998,false,false,8.9375,false,1.808079e6,1.5977330898876404e6,false,2
1.222,use_lmSR3_cuts,0.11631861771526564,5,false,1.21,false,false,9.0,false,1.808079e6,1.5977657500000002e6,false,0
11.006,use_lmSR3_cuts,0.013318277221313513,5,false,1.5218571428571428,false,false,9.0,false,1.628655e6,1.6069641212121216e6,false,0
10.058,use_adaptive_ngroute,0.00915820215093921,0,false,1.9596,false,false,9.0,false,1.628655e6,1.613739448275862e6,false,3
4.506,use_adaptive_ngroute,0.008655619234189782,0,false,2.2205,false,false,9.125,false,1.628655e6,1.6145579824561407e6,false,4
4.987,use_lmSR3_cuts,0.008558486553510991,5,false,2.4665,false,false,9.3125,false,1.628655e6,1.6147161780821916e6,false,0
17.009,use_adaptive_ngroute,0.0026253118510223272,0,false,2.384142857142857,false,false,9.3125,false,1.628655e6,1.6243792727272732e6,false,2
11.221,use_lmSR3_cuts,0.002271199241091537,5,false,3.7140000000000004,false,false,9.375,false,1.628655e6,1.624956e6,false,0
6.385,use_lmSR3_cuts,0.0005721429826526236,5,false,2.102666666666667,false,false,9.375,false,1.628655e6,1.627723176470588e6,false,0
12.61,none,0.0,0,false,4.185,true,false,9.375,false,1.628655e6,1.628655e6,false,0
