CG_time_taken,method,CG_LP_IP_gap,implemented_SR3_cuts_count,errored,CG_sp_time_taken_mean,converged,CGIP_artificial,ngroute_neighborhood_size,time_limit_reached,CGIP_objective,CGLP_objective,CGLP_artificial,cycles_lookup_length
9.363,use_adaptive_ngroute,0.36924148174700644,0,false,0.21313043478260865,false,false,5.999999999999999,false,2.222038e6,1.4015693963818452e6,false,29
15.976,use_adaptive_ngroute,0.15102470098905107,0,false,0.8363529411764706,false,false,7.583333333333334,false,1.799098e6,1.5273897625000002e6,false,12
4.998,use_adaptive_ngroute,0.1443980824668044,0,false,0.9645999999999999,false,false,8.416666666666668,false,1.799098e6,1.5393116986301371e6,false,7
6.111,use_adaptive_ngroute,0.14283192285029012,0,false,1.4735000000000003,false,false,8.694444444444445,false,1.799098e6,1.5421293732638888e6,false,5
1.362,use_SR3_cuts,0.14203341615326004,14,false,1.305,false,false,8.88888888888889,false,1.799098e6,1.543565965065502e6,false,0
45.33,use_adaptive_ngroute,0.029212802994607268,0,false,6.223142857142858,false,false,8.88888888888889,false,1.604484e6,1.5576125250000006e6,false,1
12.345,use_SR3_cuts,0.027514964312514212,2,false,6.114,false,false,8.944444444444445,false,1.604484e6,1.56033668e6,false,0
40.904,use_SR3_cuts,0.02707891602533896,1,false,10.00975,false,false,8.944444444444445,false,1.604484e6,1.5610363125e6,false,0
16.478,use_SR3_cuts,0.026060823830831525,2,false,8.185,false,false,8.944444444444445,false,1.604484e6,1.5626698251366122e6,false,0
20.336,use_SR3_cuts,0.02589633178018602,1,false,10.137500000000001,false,false,8.944444444444445,false,1.604484e6,1.56293375e6,false,0
13.855,use_SR3_cuts,0.02567096984286521,10,false,13.818999999999999,false,false,8.944444444444445,false,1.604484e6,1.5632953396226403e6,false,0
45.417,use_adaptive_ngroute,0.017269631425137155,0,false,11.27975,false,false,8.944444444444445,false,1.597869e6,1.5702743913043474e6,false,1
17.432,use_adaptive_ngroute,0.016799371733540402,0,false,8.681,false,false,9.027777777777779,false,1.597869e6,1.5710258046874995e6,false,2
49.247,use_SR3_cuts,0.016760837763873493,5,false,16.371666666666666,false,false,9.194444444444445,false,1.597869e6,1.5710873769230773e6,false,0
209.033,use_adaptive_ngroute,0.014977343783084351,0,false,52.077,false,false,9.194444444444445,false,1.597869e6,1.5739371666666667e6,false,2
36.482,use_SR3_cuts,0.014268225877060892,2,false,18.166999999999998,false,false,9.25,false,1.597869e6,1.5750702441860465e6,false,0
83.204,use_SR3_cuts,0.014120890594494173,10,false,27.485333333333333,false,false,9.25,false,1.597869e6,1.5753056666666663e6,false,0
115.99,use_SR3_cuts,0.013571533920073042,1,false,38.553999999999995,false,false,9.25,false,1.597869e6,1.5761834666666668e6,false,0
87.843,use_SR3_cuts,0.013418188250885477,10,false,43.8535,false,false,9.25,false,1.597869e6,1.576428492957746e6,false,0
145.993,use_SR3_cuts,0.013027111121923673,10,false,48.58133333333333,false,false,9.25,false,1.597869e6,1.577053382978723e6,false,0
299.595,use_SR3_cuts,0.012229920503428637,1,false,99.76566666666665,false,false,9.25,false,1.597869e6,1.578327189155107e6,false,0
572.597,use_SR3_cuts,0.0121964606101308,10,false,186.38866666666667,false,false,9.25,false,1.597869e6,1.5783806536813509e6,false,0
224.778,use_SR3_cuts,0.011809051916976676,1,false,112.09349999999999,false,false,9.25,false,1.597869e6,1.5789996820224724e6,false,0
596.313,use_SR3_cuts,0.011809051916978675,10,false,297.933,false,false,9.25,false,1.597869e6,1.5789996820224691e6,false,0
408.123,use_adaptive_ngroute,0.011398874701648576,0,false,135.8156666666667,false,false,9.25,false,1.597869e6,1.5796550914793515e6,false,3
471.393,none,0.011375610413158932,0,false,219.922,false,false,9.36111111111111,true,1.597869e6,1.5796922647647362e6,false,0
