CG_time_taken,method,CG_LP_IP_gap,implemented_SR3_cuts_count,errored,CG_sp_time_taken_mean,converged,CGIP_artificial,ngroute_neighborhood_size,time_limit_reached,CGIP_objective,CGLP_objective,CGLP_artificial,cycles_lookup_length
8.201,use_adaptive_ngroute,0.20744765388310538,0,false,0.19058333333333333,false,false,5.999999999999999,false,1.766324e6,1.3999042302025778e6,false,27
9.962,use_adaptive_ngroute,0.08833427115218051,0,false,0.9052,false,false,7.694444444444444,false,1.64899e6,1.503327670212766e6,false,11
5.156,use_adaptive_ngroute,0.03990124314312171,0,false,0.985,false,false,8.666666666666666,false,1.572144e6,1.5094135e6,false,1
4.949,use_SR3_cuts,0.039901243143121934,7,false,1.2035,false,false,8.694444444444445,false,1.572144e6,1.5094134999999998e6,false,0
11.913,use_adaptive_ngroute,0.012233367181870847,0,false,2.8655,false,false,8.694444444444445,false,1.543507e6,1.5246247121212122e6,false,3
11.861,use_SR3_cuts,0.011770014648459726,3,false,2.9145,false,false,9.277777777777779,false,1.543507e6,1.5253399e6,false,0
10.95,use_SR3_cuts,0.011451195232674682,1,false,3.5840000000000005,false,false,9.277777777777779,false,1.543507e6,1.525832e6,false,0
8.115,use_SR3_cuts,0.010796141514097246,4,false,4.007,false,false,9.277777777777779,false,1.543507e6,1.5268430800000003e6,false,0
19.415,use_SR3_cuts,0.009814986261805103,3,false,6.407,false,false,9.277777777777779,false,1.543507e6,1.5283575e6,false,0
19.48,use_SR3_cuts,0.009798897359497905,10,false,9.6805,false,false,9.277777777777779,false,1.543507e6,1.5283823333333335e6,false,0
69.826,use_SR3_cuts,0.0061133509598594316,10,false,9.758857142857142,false,false,9.277777777777779,false,1.543507e6,1.5340710000000002e6,false,0
34.918,use_SR3_cuts,0.00393830413467533,1,false,11.578999999999999,false,false,9.277777777777779,false,1.543507e6,1.5374281999999997e6,false,0
13.358,use_SR3_cuts,0.0036634951670339033,1,false,13.272,false,false,9.277777777777779,false,1.543507e6,1.537852369565217e6,false,0
45.903,use_SR3_cuts,0.003604556075382903,1,false,15.250000000000002,false,false,9.277777777777779,false,1.543507e6,1.537943342465754e6,false,0
33.814,use_SR3_cuts,0.0035994811324626674,10,false,16.8335,false,false,9.277777777777779,false,1.543507e6,1.537951175675676e6,false,0
56.95,use_SR3_cuts,0.0013477145853905137,3,false,14.135250000000001,false,false,9.277777777777779,false,1.543507e6,1.5414267931034476e6,false,0
49.262,use_SR3_cuts,0.0007340426703602576,10,false,24.5295,false,false,9.277777777777779,false,1.543507e6,1.5423740000000002e6,false,0
108.325,use_SR3_cuts,0.0005894265461704462,1,false,36.01133333333333,false,false,9.277777777777779,false,1.543507e6,1.542597216e6,false,0
60.955,use_SR3_cuts,0.0004908219761639021,10,false,30.389,false,false,9.277777777777779,false,1.543507e6,1.5427494128440372e6,false,0
139.177,use_SR3_cuts,0.0001230637031578441,10,false,46.29833333333334,false,false,9.277777777777779,false,1.543507e6,1.54331705031273e6,false,0
179.086,none,0.0,0,false,59.57566666666666,true,false,9.277777777777779,false,1.543507e6,1.543507e6,false,0
