CG_time_taken,method,CG_LP_IP_gap,implemented_SR3_cuts_count,errored,CG_sp_time_taken_mean,converged,CGIP_artificial,ngroute_neighborhood_size,time_limit_reached,CGIP_objective,CGLP_objective,CGLP_artificial,cycles_lookup_length
15.752,use_adaptive_ngroute,0.9999748022096648,0,false,0.27475862068965523,false,true,5.999999999999999,false,6.0e10,1.5118674201118806e6,false,26
8.384,use_adaptive_ngroute,0.13870916512689757,0,false,0.4537333333333333,false,false,8.194444444444445,false,1.841679e6,1.5862212434782605e6,false,8
1.829,use_adaptive_ngroute,0.13592105213146288,0,false,0.572,false,false,8.61111111111111,false,1.841679e6,1.5913560526315796e6,false,1
2.107,use_SR3_cuts,0.1358734411142739,5,false,0.6583333333333334,false,false,8.638888888888888,false,1.841679e6,1.5914437368421052e6,false,0
11.034,use_adaptive_ngroute,0.02856880521282834,0,false,1.9160000000000001,false,false,8.638888888888888,false,1.650187e6,1.6030431290322584e6,false,4
10.376,use_SR3_cuts,0.02818890752987413,4,false,2.0212000000000003,false,false,8.75,false,1.650187e6,1.6036700312499995e6,false,0
16.016,use_SR3_cuts,0.028018945731605016,2,false,3.1321999999999997,false,false,8.75,false,1.650187e6,1.6039505e6,false,0
10.015,use_SR3_cuts,0.02790960206328119,10,false,3.2723333333333335,false,false,8.75,false,1.650187e6,1.6041309375000002e6,false,0
24.406,use_adaptive_ngroute,0.01907177813207439,0,false,5.892,false,false,8.75,false,1.639904e6,1.6086281147540987e6,false,4
24.752,use_SR3_cuts,0.019026316987660885,2,false,8.204333333333334,false,false,8.972222222222221,false,1.639904e6,1.608702666666667e6,false,0
23.527,use_SR3_cuts,0.01898541012156807,10,false,11.664499999999999,false,false,8.972222222222221,false,1.639904e6,1.60876975e6,false,0
84.377,use_adaptive_ngroute,0.01206697355743458,0,false,16.768199999999997,false,false,8.972222222222221,false,1.634675e6,1.6149494200000006e6,false,7
76.244,use_SR3_cuts,0.011746534429874611,3,false,18.959500000000002,false,false,9.63888888888889,false,1.634675e6,1.6154732338308448e6,false,0
99.924,use_SR3_cuts,0.010690732467583008,2,false,33.07633333333333,false,false,9.63888888888889,false,1.634675e6,1.6171991269035537e6,false,0
123.445,use_adaptive_ngroute,0.010541027054838725,0,false,41.020333333333326,false,false,9.63888888888889,false,1.634675e6,1.6174438465991316e6,false,1
93.816,use_SR3_cuts,0.010526484197505348,5,false,46.741,false,false,9.666666666666666,false,1.634675e6,1.617467619444443e6,false,0
222.171,use_SR3_cuts,0.009572047960602625,10,false,73.95166666666667,false,false,9.666666666666666,false,1.634675e6,1.6190278125000019e6,false,0
277.572,use_SR3_cuts,0.007903444109685243,1,false,91.6,false,false,9.666666666666666,false,1.634675e6,1.6217554375000002e6,false,0
308.21,use_SR3_cuts,0.007887578668282158,10,false,153.986,false,false,9.666666666666666,false,1.634675e6,1.6217813723404258e6,false,0
231.706,use_SR3_cuts,0.007256410198003382,1,false,115.521,false,false,9.666666666666666,false,1.634675e6,1.6228131276595788e6,false,0
101.933,use_SR3_cuts,0.007217160421313706,10,false,50.8335,false,false,9.666666666666666,false,1.634675e6,1.622877288288289e6,false,0
443.877,use_SR3_cuts,0.0068414390700097805,10,false,147.817,false,false,9.666666666666666,false,1.634675e6,1.6234914705882317e6,false,0
1242.622,use_SR3_cuts,0.006346215608607819,10,false,413.94899999999996,false,false,9.666666666666666,false,1.634675e6,1.624300999999999e6,false,0
90.464,none,0.0060950876829954925,0,false,NaN,false,false,9.666666666666666,true,1.634675e6,1.6247115125417993e6,false,0
