CG_time_taken,method,CG_LP_IP_gap,implemented_SR3_cuts_count,errored,CG_sp_time_taken_mean,converged,CGIP_artificial,ngroute_neighborhood_size,time_limit_reached,CGIP_objective,CGLP_objective,CGLP_artificial,cycles_lookup_length
10.822,use_adaptive_ngroute,0.9999749289138734,0,false,0.24350000000000008,false,true,5.999999999999999,false,6.0e10,1.5042651675934177e6,false,31
13.416,use_adaptive_ngroute,0.13485373356983088,0,false,1.0223333333333333,false,false,8.416666666666668,false,1.826958e6,1.5805858926247288e6,false,6
5.511,use_adaptive_ngroute,0.11866953165287875,0,false,1.346,false,false,9.0,false,1.801037e6,1.5873087827204943e6,false,5
2.615,use_SR3_cuts,0.11759063127397051,20,false,1.291,false,false,9.13888888888889,false,1.801037e6,1.589251922222222e6,false,0
146.066,use_adaptive_ngroute,0.02114310928084684,0,false,26.983400000000003,false,false,9.13888888888889,false,1.645294e6,1.6105073691588785e6,false,4
21.48,use_SR3_cuts,0.019559624804644904,3,false,7.1049999999999995,false,false,9.277777777777779,false,1.645294e6,1.6131126666666665e6,false,0
65.989,use_SR3_cuts,0.010947943210384947,2,false,16.40425,false,false,9.277777777777779,false,1.631742e6,1.61387778125e6,false,0
78.625,use_SR3_cuts,0.00905470422191157,4,false,39.180499999999995,false,false,9.277777777777779,false,1.631742e6,1.6169670588235296e6,false,0
56.264,use_SR3_cuts,0.008597112307441646,10,false,28.033,false,false,9.277777777777779,false,1.631742e6,1.6177137307692305e6,false,0
242.507,use_SR3_cuts,0.004177662674037519,1,false,60.1825,false,false,9.277777777777779,false,1.631742e6,1.6249251323529407e6,false,0
132.744,use_SR3_cuts,0.0041731474706172555,10,false,66.2285,false,false,9.277777777777779,false,1.631742e6,1.6249325e6,false,0
555.22,use_SR3_cuts,0.0008971278050584619,3,false,138.57774999999998,false,false,9.277777777777779,false,1.631742e6,1.6302781188811183e6,false,0
314.851,use_adaptive_ngroute,0.00029509232150914944,0,false,78.592,false,false,9.277777777777779,false,1.631742e6,1.631260485465116e6,false,2
671.643,use_SR3_cuts,0.0002848031066432499,1,false,223.77666666666667,false,false,9.333333333333334,false,1.631742e6,1.6312772748091598e6,false,0
515.895,use_SR3_cuts,0.00023906948708263265,2,false,171.8236666666667,false,false,9.333333333333334,false,1.631742e6,1.6313519002770088e6,false,0
272.828,use_SR3_cuts,0.0002233180794141143,10,false,136.1195,false,false,9.333333333333334,false,1.631742e6,1.6313776025104607e6,false,0
213.114,none,0.0,0,false,70.90366666666667,true,false,9.333333333333334,false,1.631742e6,1.631742e6,false,0
