CG_time_taken,method,CG_LP_IP_gap,implemented_SR3_cuts_count,errored,CG_sp_time_taken_mean,converged,CGIP_artificial,ngroute_neighborhood_size,time_limit_reached,CGIP_objective,CGLP_objective,CGLP_artificial,cycles_lookup_length
13.767,use_adaptive_ngroute,0.9999747019008713,0,false,0.2709545454545455,false,true,5.999999999999999,false,6.0e10,1.5178859477179202e6,false,34
27.3,use_adaptive_ngroute,0.10016098025358633,0,false,1.762,false,false,9.805555555555555,false,1.81048e6,1.6291405484704871e6,false,11
27.812,use_adaptive_ngroute,0.0802620899776828,0,false,2.9935555555555555,false,false,10.472222222222221,false,1.783075e6,1.6399616739130432e6,false,5
15.994,use_adaptive_ngroute,0.07813208081544543,0,false,3.1258,false,false,10.777777777777779,false,1.783075e6,1.6437596399999997e6,false,3
26.957,use_adaptive_ngroute,0.07787328230496593,0,false,3.7921428571428577,false,false,10.86111111111111,false,1.783075e6,1.644221097154073e6,false,2
11.4,use_SR3_cuts,0.07785503957528639,16,false,3.7446666666666664,false,false,10.944444444444445,false,1.783075e6,1.6442536253092962e6,false,0
124.196,none,0.0,0,false,17.060285714285715,true,false,10.944444444444445,false,1.66103e6,1.66103e6,false,0
