CG_time_taken,method,CG_LP_IP_gap,implemented_SR3_cuts_count,errored,CG_sp_time_taken_mean,converged,CGIP_artificial,ngroute_neighborhood_size,time_limit_reached,CGIP_objective,CGLP_objective,CGLP_artificial,cycles_lookup_length
6.938,use_adaptive_ngroute,0.20431616088007964,0,false,0.16536363636363638,false,false,5.999999999999999,false,1.9913809937311262e6,1.5845096742424245e6,false,30
4.965,use_adaptive_ngroute,0.17727404541531966,0,false,0.4815555555555556,false,false,8.555555555555555,false,1.978011e6,1.627360988153998e6,false,8
4.995,use_adaptive_ngroute,0.15420916811602792,0,false,0.6798571428571428,false,false,8.833333333333332,false,1.93942e6,1.6403436551724132e6,false,7
2.178,use_SR3_cuts,0.15332347967475857,13,false,0.6943333333333334,false,false,9.11111111111111,false,1.93942e6,1.6420613770491797e6,false,0
39.191,use_SR3_cuts,0.022051175369253162,3,false,4.003222222222222,false,false,9.11111111111111,false,1.716099e6,1.678257e6,false,0
13.976,use_adaptive_ngroute,0.020932844394952466,0,false,3.41875,false,false,9.11111111111111,false,1.716099e6,1.6801761666666665e6,false,2
18.473,use_SR3_cuts,0.016271393220714914,4,false,4.54575,false,false,9.166666666666666,false,1.711108e6,1.683265888888889e6,false,0
11.874,use_SR3_cuts,0.014734548848912565,1,false,5.8105,false,false,9.166666666666666,false,1.711108e6,1.685895595588235e6,false,0
19.515,use_SR3_cuts,0.005972010862895116,10,false,6.418666666666667,false,false,9.166666666666666,false,1.696891e6,1.686757148514851e6,false,0
48.816,use_adaptive_ngroute,0.004908388340794989,0,false,12.124500000000001,false,false,9.166666666666666,false,1.696891e6,1.688562e6,false,3
43.136,use_adaptive_ngroute,0.004583107278442133,0,false,10.69275,false,false,9.305555555555555,false,1.696891e6,1.689113966507177e6,false,2
22.28,use_SR3_cuts,0.0044140836093773395,10,false,11.0525,false,false,9.583333333333332,false,1.696891e6,1.68940078125e6,false,0
32.781,use_SR3_cuts,0.0019535961046275307,3,false,16.2605,false,false,9.583333333333332,false,1.696891e6,1.6935759603524224e6,false,0
42.356,use_SR3_cuts,0.0019036564638864606,10,false,14.000666666666667,false,false,9.583333333333332,false,1.696891e6,1.6936607024793392e6,false,0
76.799,none,0.0017614566875538973,0,false,18.8255,false,false,9.583333333333332,false,1.696891e6,1.693902e6,false,0
