CG_time_taken,method,CG_LP_IP_gap,implemented_SR3_cuts_count,errored,CG_sp_time_taken_mean,converged,CGIP_artificial,ngroute_neighborhood_size,time_limit_reached,CGIP_objective,CGLP_objective,CGLP_artificial,cycles_lookup_length
8.278,use_adaptive_ngroute,0.22056253842472617,0,false,0.19318181818181818,false,false,5.999999999999999,false,1.936368e6,1.5092777585955898e6,false,26
7.521,use_adaptive_ngroute,0.14369793489979266,0,false,0.5565,false,false,7.805555555555555,false,1.833286e6,1.5698465877192987e6,false,5
4.302,use_adaptive_ngroute,0.14009392275549304,0,false,0.6691666666666667,false,false,8.0,false,1.833286e6,1.5764537727272732e6,false,4
1.714,use_adaptive_ngroute,0.13938578050560613,0,false,0.5290000000000001,false,false,8.194444444444445,false,1.833286e6,1.5777519999999993e6,false,3
2.171,use_SR3_cuts,0.13890064070745078,6,false,0.708,false,false,8.277777777777779,false,1.833286e6,1.5786414000000004e6,false,0
13.687,use_SR3_cuts,0.028816299299477155,3,false,1.4555555555555555,false,false,8.277777777777779,false,1.636782e6,1.5896160000000033e6,false,0
3.67,use_SR3_cuts,0.02681925876506419,6,false,1.8019999999999998,false,false,8.277777777777779,false,1.636782e6,1.5928847200000007e6,false,0
17.588,use_SR3_cuts,0.013919845460175995,10,false,3.4694000000000007,false,false,8.277777777777779,false,1.616153e6,1.5936564000000001e6,false,0
22.751,none,0.0,0,false,5.5584999999999996,true,false,8.277777777777779,false,1.603329e6,1.603329e6,false,0
