CG_time_taken,method,CG_LP_IP_gap,implemented_SR3_cuts_count,errored,CG_sp_time_taken_mean,converged,CGIP_artificial,ngroute_neighborhood_size,time_limit_reached,CGIP_objective,CGLP_objective,CGLP_artificial,cycles_lookup_length
7.811,use_adaptive_ngroute,0.9998541426356178,0,false,0.16175000000000003,false,true,5.999999999999999,false,1.0001713215e10,1.4588235288461538e6,false,20
5.908,use_adaptive_ngroute,0.1285202805150445,0,false,0.449,false,false,7.138888888888888,false,1.725297e6,1.5035613455882352e6,false,10
4.709,use_adaptive_ngroute,0.11866532211116376,0,false,0.6164285714285714,false,false,7.861111111111111,false,1.725297e6,1.5205640757575755e6,false,6
2.637,use_adaptive_ngroute,0.11839309195855074,0,false,0.638,false,false,8.166666666666666,false,1.725297e6,1.5210337536231882e6,false,2
1.557,use_lmSR3_cuts,0.11834704668106488,9,false,0.763,false,false,8.277777777777779,false,1.725297e6,1.5211131954022988e6,false,0
16.695,use_adaptive_ngroute,0.09789587964476809,0,false,1.755222222222222,false,false,8.277777777777779,false,1.725297e6,1.5563975325365206e6,false,2
10.233,use_adaptive_ngroute,0.09804250301529915,0,false,1.6651666666666667,false,false,8.333333333333334,false,1.725297e6,1.5561445636752134e6,false,5
3.033,use_lmSR3_cuts,0.09783951581771821,3,false,1.481,false,false,8.666666666666666,false,1.725297e6,1.5564947768782382e6,false,0
8.128,use_adaptive_ngroute,0.06113344561233436,0,false,1.98325,false,false,8.666666666666666,false,1.662934e6,1.5612731147540985e6,false,3
4.416,use_lmSR3_cuts,0.061090718773765706,1,false,2.169,false,false,8.75,false,1.662934e6,1.5613441666666667e6,false,0
5.744,use_lmSR3_cuts,0.06075115829411537,10,false,1.867,false,false,8.75,false,1.662934e6,1.5619088333333335e6,false,0
24.89,use_adaptive_ngroute,0.05514677802842061,0,false,3.4708571428571426,false,false,8.75,false,1.662934e6,1.5712285478260864e6,false,9
13.453,use_lmSR3_cuts,0.054408571618815516,2,false,4.414,false,false,9.25,false,1.662934e6,1.5724561363636367e6,false,0
13.901,use_adaptive_ngroute,0.05390403138949196,0,false,4.583333333333332,false,false,9.25,false,1.662934e6,1.5732951534653467e6,false,1
4.427,use_lmSR3_cuts,0.05373716071859658,4,false,4.392,false,false,9.277777777777779,false,1.662934e6,1.5735726483775813e6,false,0
16.053,use_lmSR3_cuts,0.05377635822152815,1,false,5.3036666666666665,false,false,9.277777777777779,false,1.662934e6,1.5735074655172413e6,false,0
14.307,use_lmSR3_cuts,0.05378177804849604,1,false,4.731333333333333,false,false,9.277777777777779,false,1.662934e6,1.5734984527027023e6,false,0
4.771,use_lmSR3_cuts,0.05375764576797071,10,false,4.673,false,false,9.277777777777779,false,1.662934e6,1.5735385830924853e6,false,0
8.376,use_lmSR3_cuts,0.051783192888680385,2,false,3.9905,false,false,9.277777777777779,false,1.662934e6,1.5768219679168551e6,false,0
8.672,use_lmSR3_cuts,0.05172664984834807,1,false,4.282500000000001,false,false,9.277777777777779,false,1.662934e6,1.576915995261087e6,false,0
4.284,use_lmSR3_cuts,0.051663625267337476,10,false,4.207999999999999,false,false,9.277777777777779,false,1.662934e6,1.5770208009796855e6,false,0
30.323,use_lmSR3_cuts,0.04728590150501011,1,false,4.958833333333334,false,false,9.277777777777779,false,1.662934e6,1.5843006666666674e6,false,0
14.09,use_lmSR3_cuts,0.047258189441072074,10,false,4.614333333333333,false,false,9.277777777777779,false,1.662934e6,1.5843467500000002e6,false,0
12.774,use_adaptive_ngroute,0.03741236041239071,0,false,4.128666666666667,false,false,9.277777777777779,false,1.647163e6,1.5855387441860454e6,false,2
9.335,use_lmSR3_cuts,0.03740208199273298,10,false,4.609999999999999,false,false,9.416666666666668,false,1.647163e6,1.585555674418604e6,false,0
20.811,use_lmSR3_cuts,0.036234235657120695,1,false,5.097499999999999,false,false,9.416666666666668,false,1.647163e6,1.58747930769231e6,false,0
17.296,use_lmSR3_cuts,0.03631017041468787,10,false,5.675333333333333,false,false,9.416666666666668,false,1.647163e6,1.5873542307692314e6,false,0
27.437,none,-1.7763568394002505e-15,0,false,6.7829999999999995,true,false,9.416666666666668,false,1.588909e6,1.5889090000000028e6,false,0
