CG_time_taken,method,CG_LP_IP_gap,implemented_SR3_cuts_count,errored,CG_sp_time_taken_mean,converged,CGIP_artificial,ngroute_neighborhood_size,time_limit_reached,CGIP_objective,CGLP_objective,CGLP_artificial,cycles_lookup_length
15.321,use_adaptive_ngroute,0.9999748022096648,0,false,0.26882758620689656,false,true,5.999999999999999,false,6.0e10,1.5118674201118806e6,false,26
8.095,use_adaptive_ngroute,0.13870916512689757,0,false,0.4344,false,false,8.194444444444445,false,1.841679e6,1.5862212434782605e6,false,8
1.757,use_adaptive_ngroute,0.13592105213146288,0,false,0.5483333333333333,false,false,8.61111111111111,false,1.841679e6,1.5913560526315796e6,false,1
2.012,use_lmSR3_cuts,0.1358734411142739,5,false,0.6276666666666667,false,false,8.638888888888888,false,1.841679e6,1.5914437368421052e6,false,0
6.159,use_adaptive_ngroute,0.13090355774993,0,false,0.827,false,false,8.638888888888888,false,1.841679e6,1.6005966666666667e6,false,1
5.286,use_adaptive_ngroute,0.13068437369740693,0,false,1.0192,false,false,8.666666666666666,false,1.841679e6,1.6010003333333333e6,false,1
8.457,use_adaptive_ngroute,0.130534555696188,0,false,1.3706666666666665,false,false,8.694444444444445,false,1.841679e6,1.6012762500000002e6,false,3
5.419,use_lmSR3_cuts,0.130534555696188,4,false,1.7539999999999998,false,false,8.88888888888889,false,1.841679e6,1.6012762500000002e6,false,0
6.637,use_lmSR3_cuts,0.08485365892624619,10,false,1.5795,false,false,8.88888888888889,false,1.752618e6,1.6039019500000002e6,false,0
6.664,use_adaptive_ngroute,0.08177610437818339,0,false,1.5652499999999998,false,false,8.88888888888889,false,1.752618e6,1.609295727496917e6,false,3
5.621,use_adaptive_ngroute,0.08177221422206926,0,false,1.841,false,false,9.11111111111111,false,1.752618e6,1.6093025454545454e6,false,1
1.673,use_lmSR3_cuts,0.08177221422206926,7,false,1.6,false,false,9.194444444444445,false,1.752618e6,1.6093025454545454e6,false,0
4.948,use_adaptive_ngroute,0.08130676224679956,0,false,1.5736666666666665,false,false,9.194444444444445,false,1.752618e6,1.6101183049645387e6,false,2
10.989,use_adaptive_ngroute,0.07735784117279099,0,false,2.1350000000000002,false,false,9.305555555555555,false,1.743546e6,1.608669045454545e6,false,2
6.795,use_lmSR3_cuts,0.07732274203018263,10,false,2.2023333333333333,false,false,9.38888888888889,false,1.743546e6,1.6087302424242431e6,false,0
6.999,use_adaptive_ngroute,0.0743690349054934,0,false,2.286,false,false,9.38888888888889,false,1.743546e6,1.6138801666666665e6,false,1
5.404,use_adaptive_ngroute,0.07436903490549307,0,false,2.6374999999999997,false,false,9.583333333333332,false,1.743546e6,1.6138801666666672e6,false,1
4.696,use_adaptive_ngroute,0.07406642349089454,0,false,2.2815000000000003,false,false,9.61111111111111,false,1.743546e6,1.6144077835881447e6,false,2
2.816,use_lmSR3_cuts,0.0740112376091614,2,false,2.747,false,false,9.75,false,1.743546e6,1.614504002711497e6,false,0
1.94,use_lmSR3_cuts,0.07396184821930951,10,false,1.873,false,false,9.75,false,1.743546e6,1.6145901153846157e6,false,0
7.91,use_lmSR3_cuts,0.07194561127645671,1,false,2.3240000000000003,false,false,9.75,false,1.743546e6,1.618105517241379e6,false,0
3.237,use_lmSR3_cuts,0.07194561127645716,10,false,3.137,false,false,9.75,false,1.743546e6,1.6181055172413783e6,false,0
31.144,use_lmSR3_cuts,0.009252100126865836,4,false,5.087833333333334,false,false,9.75,false,1.634675e6,1.6195508232251157e6,false,0
9.797,use_lmSR3_cuts,0.007876310980101775,4,false,4.7749999999999995,false,false,9.75,false,1.634675e6,1.6217997913486022e6,false,0
15.511,use_adaptive_ngroute,0.007615203620733646,0,false,5.064,false,false,9.75,false,1.634675e6,1.6222266170212773e6,false,2
17.704,use_lmSR3_cuts,0.007614727821093958,2,false,5.399666666666667,false,false,9.916666666666666,false,1.634675e6,1.6222273947990532e6,false,0
4.968,use_adaptive_ngroute,0.007571858134086451,0,false,4.839,false,false,9.916666666666666,false,1.634675e6,1.6222974728046623e6,false,2
6.093,use_lmSR3_cuts,0.007568541480008184,10,false,5.995,false,false,10.027777777777779,false,1.634675e6,1.6223028944561677e6,false,0
14.763,use_adaptive_ngroute,0.006390473952550546,0,false,7.2575,false,false,10.027777777777779,false,1.634675e6,1.6242286519916144e6,false,1
14.652,use_lmSR3_cuts,0.006401796774806123,1,false,7.2299999999999995,false,false,10.055555555555555,false,1.634675e6,1.624210142857144e6,false,0
17.099,use_lmSR3_cuts,0.0064017967748072335,10,false,8.4355,false,false,10.055555555555555,false,1.634675e6,1.624210142857142e6,false,0
50.471,use_lmSR3_cuts,0.004454140596380829,3,false,9.9974,false,false,10.055555555555555,false,1.634675e6,1.6273939277206112e6,false,0
33.818,use_lmSR3_cuts,0.004460926432354295,10,false,11.158333333333333,false,false,10.055555555555555,false,1.634675e6,1.6273828350841913e6,false,0
68.965,use_adaptive_ngroute,0.0032365148998976245,0,false,16.967499999999998,false,false,10.055555555555555,false,1.634675e6,1.62938435000601e6,false,3
78.111,use_adaptive_ngroute,0.0033083672651009755,0,false,19.39825,false,false,10.13888888888889,false,1.634675e6,1.629266894740921e6,false,1
16.499,use_lmSR3_cuts,0.0032772846887194618,2,false,16.336,false,false,10.166666666666668,false,1.634675e6,1.6293177046514675e6,false,0
51.971,use_lmSR3_cuts,0.0032424611596832964,1,false,12.7765,false,false,10.166666666666668,false,1.634675e6,1.6293746298037947e6,false,0
14.669,use_adaptive_ngroute,0.0032315094795652977,0,false,14.508000000000001,false,false,10.166666666666668,false,1.634675e6,1.6293925322414916e6,false,1
30.129,use_lmSR3_cuts,0.003207592105840096,10,false,14.93,false,false,10.194444444444445,false,1.634675e6,1.6294316293743858e6,false,0
88.15,use_adaptive_ngroute,0.002841398129581063,0,false,14.547333333333333,false,false,10.194444444444445,false,1.634675e6,1.630030237512527e6,false,1
37.22,use_lmSR3_cuts,0.0028408134713709954,10,false,18.477,false,false,10.222222222222223,false,1.634675e6,1.6300311932386865e6,false,0
40.055,use_lmSR3_cuts,0.0024129197817516213,1,false,13.241666666666667,false,false,10.222222222222223,false,1.634675e6,1.6307306603557651e6,false,0
27.191,use_lmSR3_cuts,0.0024108840220796734,10,false,13.447000000000001,false,false,10.222222222222223,false,1.634675e6,1.630733988161207e6,false,0
36.807,use_lmSR3_cuts,0.0018408514317045377,10,false,18.2455,false,false,10.222222222222223,false,1.634675e6,1.6316658061858783e6,false,0
44.06,use_adaptive_ngroute,0.0015688893947838345,0,false,21.767500000000002,false,false,10.222222222222223,false,1.634675e6,1.6321103757285818e6,false,2
21.024,use_lmSR3_cuts,0.001540937024721245,10,false,20.86,false,false,10.333333333333334,false,1.634675e6,1.6321560687691139e6,false,0
118.806,use_lmSR3_cuts,0.0006358951986206174,10,false,29.51275,false,false,10.333333333333334,false,1.634675e6,1.633635518016195e6,false,0
228.974,none,0.0005909431538378973,0,false,45.6272,false,false,10.333333333333334,false,1.634675e6,1.633709e6,false,0
