CG_time_taken,method,CG_LP_IP_gap,implemented_SR3_cuts_count,errored,CG_sp_time_taken_mean,converged,CGIP_artificial,ngroute_neighborhood_size,time_limit_reached,CGIP_objective,CGLP_objective,CGLP_artificial,cycles_lookup_length
12.706,use_adaptive_ngroute,0.9999757213937586,0,false,0.254,false,true,5.999999999999999,false,6.0e10,1.456716374485016e6,false,34
16.409,use_adaptive_ngroute,0.09066389813385267,0,false,1.3284545454545453,false,false,8.916666666666666,false,1.689814e6,1.536608875638842e6,false,15
22.8,use_adaptive_ngroute,0.019896005841406716,0,false,1.998727272727273,false,false,9.75,false,1.582329e6,1.5508469729729728e6,false,1
4.521,use_lmSR3_cuts,0.019874719370994276,6,false,2.235,false,false,9.777777777777777,false,1.582329e6,1.550880655172414e6,false,0
17.493,use_adaptive_ngroute,0.018800372741698768,0,false,3.4554,false,false,9.777777777777777,false,1.582329e6,1.5525806250000005e6,false,3
6.833,use_lmSR3_cuts,0.01853080701506038,3,false,3.3865,false,false,10.027777777777779,false,1.582329e6,1.5530071666666665e6,false,0
14.344,use_lmSR3_cuts,0.015376229245830153,2,false,3.5635,false,false,10.027777777777779,false,1.577695e6,1.553436e6,false,0
8.316,use_lmSR3_cuts,0.014647767583353621,1,false,4.0835,false,false,10.027777777777779,false,1.577695e6,1.5545852903225808e6,false,0
3.327,use_lmSR3_cuts,0.014647767583353954,10,false,3.2560000000000002,false,false,10.027777777777779,false,1.577695e6,1.5545852903225804e6,false,0
9.074,use_lmSR3_cuts,0.012657230960356758,1,false,4.4959999999999996,false,false,10.027777777777779,false,1.577695e6,1.55772575e6,false,0
8.306,use_adaptive_ngroute,0.012410862400879297,0,false,4.0985000000000005,false,false,10.027777777777779,false,1.577695e6,1.5581144444444447e6,false,1
10.831,use_adaptive_ngroute,0.012410388378176762,0,false,3.4430000000000005,false,false,10.055555555555555,false,1.577695e6,1.5581151923076925e6,false,1
4.836,use_lmSR3_cuts,0.012402989379035612,3,false,4.797,false,false,10.083333333333334,false,1.577695e6,1.5581268656716424e6,false,0
10.286,use_adaptive_ngroute,0.012311206131862762,0,false,5.1055,false,false,10.083333333333334,false,1.577695e6,1.5582716716417908e6,false,2
5.316,use_adaptive_ngroute,0.012311206131862651,0,false,5.275,false,false,10.13888888888889,false,1.577695e6,1.558271671641791e6,false,1
8.965,use_lmSR3_cuts,0.012311206131862651,1,false,4.456499999999999,false,false,10.166666666666668,false,1.577695e6,1.558271671641791e6,false,0
13.055,use_lmSR3_cuts,0.012307772663540661,10,false,4.292666666666667,false,false,10.166666666666668,false,1.577695e6,1.5582770886075953e6,false,0
25.175,use_adaptive_ngroute,0.010016194511613508,0,false,6.2475000000000005,false,false,10.166666666666668,false,1.577695e6,1.5618925e6,false,5
12.671,use_lmSR3_cuts,0.00991696693755273,4,false,6.297000000000001,false,false,10.38888888888889,false,1.577695e6,1.5620490508474577e6,false,0
22.239,use_adaptive_ngroute,0.008482374603456355,0,false,7.217999999999999,false,false,10.38888888888889,false,1.577695e6,1.5643124e6,false,1
15.122,use_adaptive_ngroute,0.008137351807073534,0,false,7.515500000000001,false,false,10.416666666666666,false,1.577695e6,1.564856740740739e6,false,5
15.652,use_adaptive_ngroute,0.008067199709171247,0,false,7.7795,false,false,10.833333333333334,false,1.577695e6,1.564967419354839e6,false,1
12.641,use_lmSR3_cuts,0.008065274643236364,10,false,6.290000000000001,false,false,10.86111111111111,false,1.577695e6,1.5649704565217393e6,false,0
24.445,use_lmSR3_cuts,0.006376478430963228,1,false,8.082666666666666,false,false,10.86111111111111,false,1.577695e6,1.5676348618618615e6,false,0
49.715,use_lmSR3_cuts,0.006970769708246394,3,false,8.227,false,false,10.86111111111111,false,1.577695e6,1.5666972514851482e6,false,0
16.784,use_adaptive_ngroute,0.0069650351968023605,0,false,8.314,false,false,10.86111111111111,false,1.577695e6,1.5667062987951809e6,false,1
37.239,use_lmSR3_cuts,0.006963747336994119,10,false,7.397,false,false,10.88888888888889,false,1.577695e6,1.566708330645161e6,false,0
15.225,use_lmSR3_cuts,0.0059139075971889055,10,false,7.489999999999999,false,false,10.88888888888889,false,1.577695e6,1.568364657553453e6,false,0
52.633,use_adaptive_ngroute,0.0043019899283450735,0,false,7.385714285714286,false,false,10.88888888888889,false,1.577695e6,1.5709077719999996e6,false,2
15.332,use_adaptive_ngroute,0.004261010823827682,0,false,7.600999999999999,false,false,10.944444444444445,false,1.577695e6,1.5709724245283012e6,false,3
10.617,use_lmSR3_cuts,0.004209334023248745,4,false,10.541,false,false,11.333333333333332,false,1.577695e6,1.5710539547581905e6,false,0
21.8,use_lmSR3_cuts,0.004165264550914705,2,false,10.786,false,false,11.333333333333332,false,1.577695e6,1.5711234829443446e6,false,0
32.083,use_lmSR3_cuts,0.004024931077529326,2,false,10.595333333333333,false,false,11.333333333333332,false,1.577695e6,1.5713448863636374e6,false,0
21.487,use_lmSR3_cuts,0.003970125029766791,10,false,10.588999999999999,false,false,11.333333333333332,false,1.577695e6,1.571431353591162e6,false,0
27.909,use_adaptive_ngroute,0.0027325367634687403,0,false,13.850999999999999,false,false,11.333333333333332,false,1.577695e6,1.5733838904109593e6,false,2
12.368,use_lmSR3_cuts,0.0027325367634696285,10,false,12.279,false,false,11.416666666666666,false,1.577695e6,1.5733838904109579e6,false,0
33.888,use_lmSR3_cuts,0.00226007128478789,10,false,16.8205,false,false,11.416666666666666,false,1.577695e6,1.5741292968343466e6,false,0
35.377,use_lmSR3_cuts,0.0017489455490716788,10,false,17.5875,false,false,11.416666666666666,false,1.577695e6,1.5749356973519574e6,false,0
80.551,use_lmSR3_cuts,0.0016552628993563578,10,false,15.9822,false,false,11.416666666666666,false,1.577695e6,1.5750835e6,false,0
32.331,use_adaptive_ngroute,0.00037048365591918486,0,false,16.032999999999998,false,false,11.416666666666666,false,1.577695e6,1.5771104897884745e6,false,1
16.127,use_lmSR3_cuts,0.00036046801180456,10,false,16.009,false,false,11.444444444444445,false,1.577695e6,1.577126291420116e6,false,0
44.797,none,-1.5543122344752192e-15,0,false,14.825999999999999,true,false,11.444444444444445,false,1.577695e6,1.5776950000000023e6,false,0
