CG_time_taken,method,CG_LP_IP_gap,implemented_SR3_cuts_count,errored,CG_sp_time_taken_mean,converged,CGIP_artificial,ngroute_neighborhood_size,time_limit_reached,CGIP_objective,CGLP_objective,CGLP_artificial,cycles_lookup_length
14.344,use_adaptive_ngroute,0.9999747019008713,0,false,0.2964090909090909,false,true,5.999999999999999,false,6.0e10,1.5178859477179202e6,false,34
31.275,use_adaptive_ngroute,0.10016098025358633,0,false,2.0465714285714287,false,false,9.805555555555555,false,1.81048e6,1.6291405484704871e6,false,11
31.952,use_adaptive_ngroute,0.0802620899776828,0,false,3.457666666666667,false,false,10.472222222222221,false,1.783075e6,1.6399616739130432e6,false,5
17.882,use_adaptive_ngroute,0.07813208081544543,0,false,3.5151999999999997,false,false,10.777777777777779,false,1.783075e6,1.6437596399999997e6,false,3
30.184,use_adaptive_ngroute,0.07787328230496593,0,false,4.256857142857143,false,false,10.86111111111111,false,1.783075e6,1.644221097154073e6,false,2
12.725,use_lmSR3_cuts,0.07785503957528639,16,false,4.199,false,false,10.944444444444445,false,1.783075e6,1.6442536253092962e6,false,0
66.728,none,0.0,0,false,6.5322,true,false,10.944444444444445,false,1.66103e6,1.66103e6,false,0
