CG_time_taken,method,CG_LP_IP_gap,implemented_SR3_cuts_count,errored,CG_sp_time_taken_mean,converged,CGIP_artificial,ngroute_neighborhood_size,time_limit_reached,CGIP_objective,CGLP_objective,CGLP_artificial,cycles_lookup_length
14.675,use_adaptive_ngroute,0.9999744786041564,0,false,0.321423076923077,false,true,5.999999999999999,false,6.0e10,1.5312837506123802e6,false,29
23.655,use_adaptive_ngroute,0.19543206417849635,0,false,1.2205000000000001,false,false,7.277777777777778,false,2.0307e6,1.6338361072727274e6,false,15
16.006,use_adaptive_ngroute,0.11184362269653625,0,false,2.2408571428571427,false,false,8.38888888888889,false,1.849946e6,1.6430413375670335e6,false,7
8.224,use_adaptive_ngroute,0.10995202087240341,0,false,1.6076,false,false,8.666666666666666,false,1.849946e6,1.6465406987951808e6,false,3
7.821,use_lmSR3_cuts,0.1097199256086393,12,false,1.9180000000000001,false,false,8.777777777777777,false,1.849946e6,1.6469700625000002e6,false,0
22.366,use_adaptive_ngroute,0.08133944862653619,0,false,2.381111111111111,false,false,8.777777777777777,false,1.849946e6,1.699472412371134e6,false,1
4.074,use_lmSR3_cuts,0.08133565659471309,8,false,2.017,false,false,8.86111111111111,false,1.849946e6,1.699479427425237e6,false,0
17.166,use_adaptive_ngroute,0.07663347773954454,0,false,2.4029999999999996,false,false,8.86111111111111,false,1.849946e6,1.7081782043896406e6,false,4
19.7,use_adaptive_ngroute,0.07812863004066806,0,false,2.7642857142857142,false,false,9.027777777777779,false,1.849946e6,1.7054122533707863e6,false,4
6.482,use_lmSR3_cuts,0.07773962742193463,4,false,3.2020000000000004,false,false,9.222222222222223,false,1.849946e6,1.7061318872093018e6,false,0
9.991,use_lmSR3_cuts,0.07649230348471203,1,false,3.2663333333333333,false,false,9.222222222222223,false,1.849946e6,1.7084393691376708e6,false,0
6.119,use_lmSR3_cuts,0.07648965180329415,10,false,2.9265,false,false,9.222222222222223,false,1.849946e6,1.7084442746051033e6,false,0
17.619,use_adaptive_ngroute,0.0719808782331266,0,false,4.34475,false,false,9.222222222222223,false,1.849946e6,1.7167852622361404e6,false,1
7.337,use_adaptive_ngroute,0.07157838153801521,0,false,3.6289999999999996,false,false,9.25,false,1.849946e6,1.7175298593872748e6,false,1
9.506,use_adaptive_ngroute,0.07164165996739014,0,false,4.713,false,false,9.444444444444445,false,1.849946e6,1.7174127977099665e6,false,1
10.028,use_lmSR3_cuts,0.07161927518045341,2,false,4.962,false,false,9.472222222222223,false,1.849946e6,1.717454208357021e6,false,0
27.026,use_lmSR3_cuts,0.07861015042240893,10,false,4.4558333333333335,false,false,9.472222222222223,false,1.849946e6,1.7045214666666663e6,false,0
14.359,use_lmSR3_cuts,0.07629963046302779,1,false,3.55,false,false,9.472222222222223,false,1.849946e6,1.7087958038234436e6,false,0
6.599,use_lmSR3_cuts,0.07612326723686214,10,false,3.2369999999999997,false,false,9.472222222222223,false,1.849946e6,1.709122066268236e6,false,0
23.596,use_adaptive_ngroute,0.07556728921911637,0,false,5.8382499999999995,false,false,9.472222222222223,false,1.849946e6,1.7101505955782526e6,false,1
16.457,use_lmSR3_cuts,0.07551977857248315,2,false,8.169500000000001,false,false,9.5,false,1.849946e6,1.710238487708949e6,false,0
43.556,use_adaptive_ngroute,0.07551597145599998,0,false,8.655000000000001,false,false,9.5,false,1.849946e6,1.7102455306688587e6,false,1
8.632,use_lmSR3_cuts,0.0755159714558643,1,false,8.55,false,false,9.527777777777777,false,1.8499459999997288e6,1.710245530668859e6,false,0
20.421,use_lmSR3_cuts,0.07551590501455563,10,false,10.128500000000003,false,false,9.527777777777777,false,1.849946e6,1.710245653581943e6,false,0
34.127,use_adaptive_ngroute,0.07209161684695187,0,false,8.443999999999999,false,false,9.527777777777777,false,1.849946e6,1.7165804017804489e6,false,1
16.05,use_adaptive_ngroute,0.07198782481362742,0,false,7.959,false,false,9.555555555555555,false,1.849946e6,1.7167724114373291e6,false,1
8.267,use_lmSR3_cuts,0.0719854541361965,10,false,8.215,false,false,9.583333333333332,false,1.849946e6,1.7167767970625598e6,false,0
17.168,use_adaptive_ngroute,0.07060629023098042,0,false,8.5,false,false,9.583333333333332,false,1.849946e6,1.7193281758123587e6,false,2
9.217,use_lmSR3_cuts,0.07060598757282321,10,false,9.122,false,false,9.63888888888889,false,1.849946e6,1.719328735713606e6,false,0
47.822,use_lmSR3_cuts,0.07007365489643724,1,false,11.85575,false,false,9.63888888888889,false,1.849946e6,1.7203135224189556e6,false,0
16.523,use_lmSR3_cuts,0.07004101593835177,10,false,16.4,false,false,9.63888888888889,false,1.849946e6,1.7203739027289099e6,false,0
26.818,use_lmSR3_cuts,0.06935146641231549,1,false,13.3605,false,false,9.63888888888889,false,1.849946e6,1.7216495321164026e6,false,0
12.264,use_lmSR3_cuts,0.06933964378505297,10,false,12.164,false,false,9.63888888888889,false,1.849946e6,1.7216714033384165e6,false,0
51.248,use_adaptive_ngroute,0.0687720265784112,0,false,16.997666666666667,false,false,9.63888888888889,false,1.849946e6,1.7227214645193745e6,false,1
15.041,use_lmSR3_cuts,0.0687445021393418,10,false,14.956,false,false,9.666666666666666,false,1.849946e6,1.722772383245333e6,false,0
53.948,use_lmSR3_cuts,0.06842335831116764,10,false,17.89866666666667,false,false,9.666666666666666,false,1.849946e6,1.7233664819856887e6,false,0
47.575,use_lmSR3_cuts,0.06869426882330765,1,false,15.756333333333334,false,false,9.666666666666666,false,1.849946e6,1.7228653121673972e6,false,0
29.232,use_adaptive_ngroute,0.0686503445663903,0,false,14.536,false,false,9.666666666666666,false,1.849946e6,1.7229465696707845e6,false,1
14.297,use_lmSR3_cuts,0.06864446343751407,10,false,14.196,false,false,9.944444444444445,false,1.849946e6,1.7229574494416246e6,false,0
66.783,use_lmSR3_cuts,0.06866968779033433,10,false,16.6235,false,false,9.944444444444445,false,1.849946e6,1.7229107857510222e6,false,0
84.737,use_lmSR3_cuts,0.06825771831707261,1,false,16.865000000000002,false,false,9.944444444444445,false,1.849946e6,1.7236729070302048e6,false,0
16.793,use_lmSR3_cuts,0.06821920207732945,10,false,16.655,false,false,9.944444444444445,false,1.849946e6,1.7237441599938527e6,false,0
20.85,use_lmSR3_cuts,0.06765626764687227,1,false,20.733999999999998,false,false,9.944444444444445,false,1.849946e6,1.7247855582917393e6,false,0
44.322,use_lmSR3_cuts,0.06765101073135094,1,false,22.023,false,false,9.944444444444445,false,1.849946e6,1.7247952833015802e6,false,0
45.442,use_lmSR3_cuts,0.06759977367064451,10,false,22.6325,false,false,9.944444444444445,false,1.849946e6,1.7248900690970859e6,false,0
109.382,use_adaptive_ngroute,0.06814910839087318,0,false,21.788800000000002,false,false,9.944444444444445,false,1.849946e6,1.7238738295287378e6,false,1
75.403,use_lmSR3_cuts,0.06808762903941556,1,false,25.063333333333336,false,false,9.972222222222221,false,1.849946e6,1.7239875630090493e6,false,0
22.738,use_lmSR3_cuts,0.0680577830143202,10,false,22.576999999999998,false,false,9.972222222222221,false,1.849946e6,1.7240427765437905e6,false,0
86.992,use_lmSR3_cuts,0.06763415820154739,10,false,28.910333333333334,false,false,9.972222222222221,false,1.849946e6,1.7248264595716803e6,false,0
98.229,use_lmSR3_cuts,0.06730437496917985,10,false,32.60966666666667,false,false,9.972222222222221,false,1.849946e6,1.7254365407432655e6,false,0
44.146,use_adaptive_ngroute,0.05945357431522291,0,false,21.989,false,false,9.972222222222221,false,1.835204e6,1.7260945626024057e6,false,1
44.434,use_lmSR3_cuts,0.059452493073263724,10,false,22.122499999999995,false,false,10.0,false,1.835204e6,1.7260965469019741e6,false,0
88.769,use_lmSR3_cuts,0.05942615787808081,10,false,29.486333333333338,false,false,10.0,false,1.835204e6,1.7261448773575146e6,false,0
73.364,use_lmSR3_cuts,0.059259000132647066,10,false,36.5695,false,false,10.0,false,1.835204e6,1.7264516459205656e6,false,0
131.105,use_lmSR3_cuts,0.059038960050335265,1,false,43.571,false,false,10.0,false,1.835204e6,1.7268554643597845e6,false,0
71.728,use_adaptive_ngroute,0.05903269735491945,0,false,35.711499999999994,false,false,10.0,false,1.835204e6,1.7268669576834624e6,false,1
42.413,use_lmSR3_cuts,0.05903220490123684,10,false,42.256,false,false,10.055555555555555,false,1.835204e6,1.7268678614364306e6,false,0
154.362,use_lmSR3_cuts,0.058943848689806844,10,false,51.294000000000004,false,false,10.055555555555555,false,1.835204e6,1.7270300131090716e6,false,0
114.926,use_adaptive_ngroute,0.05887666914248135,0,false,57.266999999999996,false,false,10.055555555555555,false,1.835204e6,1.7271533012830417e6,false,1
126.001,use_lmSR3_cuts,0.05888274163792362,10,false,62.856,false,false,10.083333333333334,false,1.835204e6,1.727142157015116e6,false,0
67.91,use_lmSR3_cuts,0.05881003170618515,10,false,67.693,false,false,10.083333333333334,false,1.835204e6,1.7272755945726822e6,false,0
112.512,use_lmSR3_cuts,0.058797272938344136,10,false,56.123999999999995,false,false,10.083333333333334,false,1.835204e6,1.7272990095144592e6,false,0
119.812,use_lmSR3_cuts,0.05881322391405008,10,false,59.7335,false,false,10.083333333333334,false,1.835204e6,1.7272697362200397e6,false,0
126.53,use_lmSR3_cuts,0.058810331835475016,9,false,63.121,false,false,10.083333333333334,false,1.835204e6,1.727275043774209e6,false,0
154.176,none,0.05880729673527896,0,false,76.94699999999999,false,false,10.083333333333334,false,1.835204e6,1.727280613802229e6,false,0
