CG_time_taken,method,CG_LP_IP_gap,implemented_SR3_cuts_count,errored,CG_sp_time_taken_mean,converged,CGIP_artificial,ngroute_neighborhood_size,time_limit_reached,CGIP_objective,CGLP_objective,CGLP_artificial,cycles_lookup_length
23.834,use_adaptive_ngroute,0.9999749432624989,0,false,0.46517391304347827,false,true,7.000000000000001,false,6.0e10,1.5034042500633232e6,false,33
47.965,use_adaptive_ngroute,0.19461189695724568,0,false,2.530823529411764,false,false,8.95,false,1.975869e6,1.591341385770984e6,false,12
17.772,use_adaptive_ngroute,0.18763570963001241,0,false,2.878166666666666,false,false,9.875,false,1.975869e6,1.605125418049057e6,false,7
14.265,use_SR3_cuts,0.18743795966867438,15,false,3.51675,false,false,10.3,false,1.975869e6,1.605516146067416e6,false,0
112.16,use_adaptive_ngroute,0.10224445340919863,0,false,17.32166666666667,false,false,10.3,false,1.81216e6,1.6268766913099866e6,false,4
26.777,use_adaptive_ngroute,0.10197796293986239,0,false,13.27,false,false,10.4,false,1.81216e6,1.627359614678899e6,false,2
44.468,use_SR3_cuts,0.10189124549522077,2,false,14.731333333333334,false,false,10.600000000000001,false,1.81216e6,1.6275167605633808e6,false,0
67.844,use_SR3_cuts,0.10182361940493379,2,false,16.82725,false,false,10.600000000000001,false,1.81216e6,1.6276393098591552e6,false,0
140.272,use_SR3_cuts,0.07772041559018172,1,false,34.86,false,false,10.600000000000001,false,1.765778e6,1.628541e6,false,0
253.912,use_SR3_cuts,0.07690946427014067,2,false,63.317,false,false,10.600000000000001,false,1.765778e6,1.6299729599999995e6,false,0
171.067,use_SR3_cuts,0.07684290186886922,1,false,85.44,false,false,10.600000000000001,false,1.765778e6,1.6300904944237918e6,false,0
299.739,use_adaptive_ngroute,0.07683934042248886,0,false,98.77966666666667,false,false,10.600000000000001,false,1.765778e6,1.6300967831474585e6,false,1
198.859,use_adaptive_ngroute,0.07683934042248808,0,false,99.35449999999999,false,false,10.8,false,1.765778e6,1.6300967831474598e6,false,1
101.106,use_adaptive_ngroute,0.07683430407299385,0,false,100.96300000000001,false,false,10.825,false,1.765778e6,1.630105676222597e6,false,1
272.481,use_SR3_cuts,0.07683340674511774,2,false,136.12400000000002,false,false,10.875,false,1.765778e6,1.6301072607044196e6,false,0
246.856,use_adaptive_ngroute,0.07682209112751759,0,false,123.31949999999999,false,false,10.875,false,1.765778e6,1.6301272415730343e6,false,1
160.224,use_SR3_cuts,0.07682209112751759,2,false,159.977,false,false,11.15,false,1.765778e6,1.6301272415730343e6,false,0
107.909,use_SR3_cuts,0.07681993727041725,10,false,107.74600000000001,false,false,11.15,false,1.765778e6,1.6301310448065172e6,false,0
1049.675,use_adaptive_ngroute,0.07086790311177615,0,false,348.65333333333336,false,false,11.15,false,1.765778e6,1.640641015779094e6,false,2
109.812,none,0.07074053597088914,0,false,NaN,false,false,11.2,true,1.765778e6,1.6408659178743954e6,false,0
