CG_time_taken,method,CG_LP_IP_gap,implemented_SR3_cuts_count,errored,CG_sp_time_taken_mean,converged,CGIP_artificial,ngroute_neighborhood_size,time_limit_reached,CGIP_objective,CGLP_objective,CGLP_artificial,cycles_lookup_length
18.334,use_adaptive_ngroute,0.2544502519044124,0,false,0.30600000000000005,false,false,7.000000000000001,false,2.011296e6,1.499521226145663e6,false,31
34.253,use_adaptive_ngroute,0.080345684748939,0,false,2.3555384615384614,false,false,9.15,false,1.700468e6,1.5638427341463412e6,false,18
13.652,use_adaptive_ngroute,0.06645627766857554,0,false,2.6018000000000003,false,false,10.549999999999999,false,1.692579e6,1.5800965e6,false,6
12.919,use_SR3_cuts,0.06590169991080663,5,false,2.5424,false,false,10.700000000000001,false,1.692579e6,1.5810351666666667e6,false,0
34.604,use_adaptive_ngroute,0.05910831599708055,0,false,6.746600000000001,false,false,10.700000000000001,false,1.692579e6,1.5925335056179774e6,false,4
49.919,use_adaptive_ngroute,0.05870808841785624,0,false,12.353499999999999,false,false,10.95,false,1.692579e6,1.5932109224137934e6,false,2
17.363,use_SR3_cuts,0.05740296048488469,8,false,8.627500000000001,false,false,11.0,false,1.692579e6,1.5954199545454544e6,false,0
21.9,use_SR3_cuts,0.05549076291269106,3,false,7.214333333333333,false,false,11.0,false,1.692579e6,1.5986565000000002e6,false,0
90.015,use_SR3_cuts,0.052469651535518524,3,false,17.86,false,false,11.0,false,1.692425e6,1.60362405e6,false,0
63.676,use_adaptive_ngroute,0.05137748595457203,0,false,21.168666666666667,false,false,11.0,false,1.692425e6,1.6054724583333335e6,false,4
124.491,use_SR3_cuts,0.05133951447052487,1,false,31.064999999999998,false,false,11.35,false,1.692425e6,1.605536722222222e6,false,0
154.17,use_adaptive_ngroute,0.05053325849003654,0,false,38.48075000000001,false,false,11.35,false,1.692425e6,1.60690125e6,false,3
108.821,use_SR3_cuts,0.05038217741038653,2,false,36.190000000000005,false,false,11.425,false,1.692425e6,1.6071569433962265e6,false,0
30.267,use_SR3_cuts,0.050371212904560037,10,false,30.206,false,false,11.425,false,1.692425e6,1.6071755e6,false,0
234.454,use_SR3_cuts,0.007373078709787095,3,false,78.01366666666667,false,false,11.425,false,1.628242e6,1.616236843575419e6,false,0
393.56,use_SR3_cuts,0.007260122903743338,2,false,131.058,false,false,11.425,false,1.628242e6,1.6164207629629632e6,false,0
544.605,use_SR3_cuts,0.006722718592173327,10,false,135.16299999999998,false,false,11.425,false,1.628242e6,1.6172957872340425e6,false,0
664.127,use_SR3_cuts,0.0005689573415312843,10,false,219.565,false,false,11.425,false,1.618897e6,1.617975916666667e6,false,0
148.497,none,8.881784197001252e-16,0,false,74.123,true,false,11.425,false,1.618897e6,1.6188969999999986e6,false,0
