CG_time_taken,method,CG_LP_IP_gap,implemented_SR3_cuts_count,errored,CG_sp_time_taken_mean,converged,CGIP_artificial,ngroute_neighborhood_size,time_limit_reached,CGIP_objective,CGLP_objective,CGLP_artificial,cycles_lookup_length
18.698,use_adaptive_ngroute,0.9999727482673025,0,false,0.3338400000000001,false,true,7.000000000000001,false,6.0e10,1.635103961850479e6,false,32
10.793,use_adaptive_ngroute,0.19250442569930604,0,false,0.8628181818181817,false,false,9.4,false,2.125179e6,1.7160726370967745e6,false,11
5.976,use_adaptive_ngroute,0.11926566803994032,0,false,1.1409999999999998,false,false,9.725,false,1.954897e6,1.7217449033457248e6,false,15
5.321,use_adaptive_ngroute,0.11798573380347632,0,false,1.7266666666666666,false,false,10.325,false,1.954897e6,1.7242470429447854e6,false,2
5.606,use_SR3_cuts,0.1178134788778693,16,false,1.8350000000000002,false,false,10.375,false,1.954897e6,1.72458378358209e6,false,0
101.228,use_adaptive_ngroute,0.0716839744809209,0,false,19.4926,false,false,10.375,false,1.876609e6,1.7420862083333335e6,false,3
159.844,use_SR3_cuts,0.0707595455419856,3,false,26.4155,false,false,10.65,false,1.876609e6,1.743821e6,false,0
135.418,use_SR3_cuts,0.06680606123557453,2,false,33.73825,false,false,10.65,false,1.876609e6,1.7512401442307697e6,false,0
176.88,use_SR3_cuts,0.06634458393148834,10,false,57.56366666666667,false,false,10.65,false,1.876609e6,1.7521061566929135e6,false,0
205.501,use_adaptive_ngroute,0.06378092080577036,0,false,68.25133333333333,false,false,10.65,false,1.876609e6,1.756917149987604e6,false,3
195.737,use_SR3_cuts,0.06377464027874391,2,false,97.771,false,false,10.725,false,1.876609e6,1.7569289360811466e6,false,0
564.268,use_SR3_cuts,0.06278405450152535,1,false,139.214,false,false,10.725,false,1.876609e6,1.758787878265947e6,false,0
195.23,use_SR3_cuts,0.06276827589454215,10,false,97.4315,false,false,10.725,false,1.876609e6,1.7588174885418192e6,false,0
411.134,use_SR3_cuts,0.04252652875196816,2,false,136.39600000000002,false,false,10.725,false,1.844192e6,1.7657649158878503e6,false,0
203.944,use_SR3_cuts,0.04249382566095783,10,false,100.3115,false,false,10.725,false,1.844192e6,1.7658252266666668e6,false,0
341.988,use_adaptive_ngroute,0.0410491550842379,0,false,170.1625,false,false,10.725,false,1.844192e6,1.7684894765868892e6,false,2
213.147,use_adaptive_ngroute,0.04101663133719036,0,false,106.4105,false,false,10.775,false,1.844192e6,1.7685494566210043e6,false,1
402.084,use_SR3_cuts,0.04101454904142621,2,false,200.881,false,false,10.8,false,1.844192e6,1.768553296774194e6,false,0
142.104,none,0.040826246014243894,0,false,122.188,false,false,10.8,true,1.844192e6,1.7689005637104996e6,false,0
