CG_time_taken,method,CG_LP_IP_gap,implemented_SR3_cuts_count,errored,CG_sp_time_taken_mean,converged,CGIP_artificial,ngroute_neighborhood_size,time_limit_reached,CGIP_objective,CGLP_objective,CGLP_artificial,cycles_lookup_length
22.41,use_adaptive_ngroute,0.9999717123707317,0,false,0.35644000000000003,false,true,7.000000000000001,false,6.0e10,1.6972577561019373e6,false,29
16.234,use_adaptive_ngroute,0.19148643874230875,0,false,1.3771000000000004,false,false,9.375,false,2.175572e6,1.758979465492518e6,false,15
6.393,use_adaptive_ngroute,0.1842649424751226,0,false,2.0050000000000003,false,false,10.049999999999999,false,2.160466e6,1.762367856790542e6,false,5
7.095,use_adaptive_ngroute,0.18361878756127747,0,false,2.265,false,false,10.275,false,2.160466e6,1.7637638525126372e6,false,6
11.635,use_adaptive_ngroute,0.1622032742143601,0,false,3.827,false,false,10.45,false,2.107469e6,1.7656306278947368e6,false,3
3.072,use_SR3_cuts,0.16215884714360718,17,false,3.0389999999999997,false,false,10.600000000000001,false,2.107469e6,1.7657242565691094e6,false,0
206.822,use_adaptive_ngroute,0.08823449034695197,0,false,22.563111111111105,false,false,10.600000000000001,false,1.956857e6,1.7841947199231347e6,false,8
88.737,use_SR3_cuts,0.08757444750289556,4,false,29.51666666666667,false,false,10.8,false,1.956857e6,1.7854863293828263e6,false,0
135.688,use_SR3_cuts,0.07034501050745379,2,false,33.837,false,false,10.8,false,1.924055e6,1.788707330808081e6,false,0
138.973,use_SR3_cuts,0.07033331313417157,1,false,46.275000000000006,false,false,10.8,false,1.924055e6,1.7887298371976316e6,false,0
40.498,use_SR3_cuts,0.07033175432151206,10,false,40.372,false,false,10.8,false,1.924055e6,1.7887328364389231e6,false,0
148.692,use_adaptive_ngroute,0.06985864574553136,0,false,49.413333333333334,false,false,10.8,false,1.924055e6,1.7896431233600816e6,false,1
81.055,use_SR3_cuts,0.06977699684313432,10,false,40.44050000000001,false,false,10.825,false,1.924055e6,1.7898002203389832e6,false,0
256.627,use_SR3_cuts,0.0682598119228166,10,false,63.71625,false,false,10.825,false,1.924055e6,1.7927193675708452e6,false,0
186.931,use_adaptive_ngroute,0.06749218741787466,0,false,93.36099999999999,false,false,10.825,false,1.924055e6,1.7941963193377012e6,false,1
75.849,use_SR3_cuts,0.06745756334254038,1,false,75.718,false,false,10.975000000000001,false,1.924055e6,1.7942629379629684e6,false,0
74.536,use_SR3_cuts,0.06745381251759064,10,false,74.393,false,false,10.975000000000001,false,1.924055e6,1.794270154756467e6,false,0
269.851,use_SR3_cuts,0.0623364493209031,2,false,67.32925000000002,false,false,10.975000000000001,false,1.915494e6,1.796088905344506e6,false,0
71.719,use_SR3_cuts,0.06232044584777097,10,false,71.56500000000001,false,false,10.975000000000001,false,1.915494e6,1.7961195599012699e6,false,0
645.273,use_SR3_cuts,0.05996270007448756,4,false,161.04125000000002,false,false,10.975000000000001,false,1.915494e6,1.8006358077835196e6,false,0
564.127,use_SR3_cuts,0.059677598045054125,10,false,185.20533333333333,false,false,10.975000000000001,false,1.915494e6,1.8011819190102872e6,false,0
386.025,none,0.059029135332532845,0,false,182.01,false,false,10.975000000000001,true,1.915494e6,1.8024240454453453e6,false,0
