CG_time_taken,method,CG_LP_IP_gap,implemented_SR3_cuts_count,errored,CG_sp_time_taken_mean,converged,CGIP_artificial,ngroute_neighborhood_size,time_limit_reached,CGIP_objective,CGLP_objective,CGLP_artificial,cycles_lookup_length
26.162,use_adaptive_ngroute,0.9999738402342577,0,false,0.44155555555555565,false,true,7.000000000000001,false,6.0e10,1.5695859445374475e6,false,34
50.001,use_adaptive_ngroute,0.12375258057981653,0,false,2.9575624999999994,false,false,8.924999999999999,false,1.874299e6,1.6423496619718305e6,false,9
32.444,use_adaptive_ngroute,0.1023612532061734,0,false,5.324000000000001,false,false,9.875,false,1.846775e6,1.657736796610169e6,false,11
36.044,use_adaptive_ngroute,0.10079228413512376,0,false,5.952333333333335,false,false,10.35,false,1.846775e6,1.660634329466357e6,false,1
12.834,use_SR3_cuts,0.10073993854151164,8,false,6.3614999999999995,false,false,10.375,false,1.846775e6,1.6607309999999998e6,false,0
76.171,use_adaptive_ngroute,0.027636018382351524,0,false,12.459499999999998,false,false,10.375,false,1.728517e6,1.680747672413793e6,false,2
26.804,use_adaptive_ngroute,0.027224305575241248,0,false,8.858999999999998,false,false,10.524999999999999,false,1.728517e6,1.6814593250000007e6,false,1
31.004,use_adaptive_ngroute,0.027222291967301637,0,false,10.265333333333334,false,false,10.549999999999999,false,1.728517e6,1.6814628055555557e6,false,2
57.31,use_adaptive_ngroute,0.026954056832848905,0,false,11.3986,false,false,10.600000000000001,false,1.728517e6,1.6819264545454546e6,false,2
28.434,use_SR3_cuts,0.02692179599696287,11,false,9.438666666666666,false,false,10.65,false,1.728517e6,1.6819822179487178e6,false,0
85.014,use_SR3_cuts,0.02631470599749175,2,false,13.988333333333333,false,false,10.65,false,1.728517e6,1.6830315833333335e6,false,0
102.165,use_SR3_cuts,0.02226919251990589,2,false,25.3945,false,false,10.65,false,1.723687e6,1.685301882352941e6,false,0
67.605,use_SR3_cuts,0.021579376597427924,1,false,33.7235,false,false,10.65,false,1.723687e6,1.6864909090909092e6,false,0
34.169,use_SR3_cuts,0.021540829082556057,10,false,34.071999999999996,false,false,10.65,false,1.723687e6,1.6865573529411762e6,false,0
429.416,use_SR3_cuts,0.02041081424435842,2,false,106.95524999999999,false,false,10.65,false,1.723687e6,1.6885051448275845e6,false,0
355.671,use_SR3_cuts,0.0202772254923419,2,false,118.46333333333334,false,false,10.65,false,1.723687e6,1.6887354100227817e6,false,0
287.009,use_adaptive_ngroute,0.0202334502842606,0,false,143.386,false,false,10.65,false,1.723687e6,1.6888108647798738e6,false,3
313.457,use_SR3_cuts,0.020233006088241856,1,false,156.6335,false,false,10.725,false,1.723687e6,1.6888116304347767e6,false,0
315.323,use_SR3_cuts,0.020232873063086187,10,false,157.559,false,false,10.725,false,1.723687e6,1.6888118597285082e6,false,0
958.379,use_SR3_cuts,0.019069445743450597,10,false,318.806,false,false,10.725,false,1.723687e6,1.6908172442748088e6,false,0
229.792,none,0.018390378191605605,0,false,NaN,false,false,10.725,true,1.723687e6,1.6919877441860458e6,false,0
