CG_time_taken,method,CG_LP_IP_gap,implemented_SR3_cuts_count,errored,CG_sp_time_taken_mean,converged,CGIP_artificial,ngroute_neighborhood_size,time_limit_reached,CGIP_objective,CGLP_objective,CGLP_artificial,cycles_lookup_length
15.26,use_adaptive_ngroute,0.9999721029168295,0,false,0.2647037037037038,false,true,7.000000000000001,false,6.0e10,1.6738249902298846e6,false,26
12.046,use_adaptive_ngroute,0.24923485132205725,0,false,0.7640714285714286,false,false,8.575000000000001,false,2.318148e6,1.7403847278774756e6,false,13
10.857,use_adaptive_ngroute,0.24771984011863368,0,false,1.4974285714285713,false,false,9.8,false,2.318148e6,1.7438967480686696e6,false,8
7.931,use_adaptive_ngroute,0.24708555277747601,0,false,1.92925,false,false,10.275,false,2.318148e6,1.7453671199999996e6,false,6
4.975,use_adaptive_ngroute,0.24673528650273302,0,false,1.6239999999999999,false,false,10.475,false,2.318148e6,1.7461790890642623e6,false,2
1.888,use_SR3_cuts,0.2467261397267312,14,false,1.835,false,false,10.65,false,2.318148e6,1.7462002926447575e6,false,0
58.11,use_adaptive_ngroute,0.08123505527549402,0,false,9.365499999999999,false,false,10.65,false,1.930257e6,1.7734524659090908e6,false,5
27.137,use_SR3_cuts,0.08099691514933738,9,false,8.954,false,false,10.8,false,1.930257e6,1.7739121375545855e6,false,0
49.896,use_SR3_cuts,0.08077139037271552,10,false,16.550666666666665,false,false,10.8,false,1.930257e6,1.7743474583333333e6,false,0
96.853,use_SR3_cuts,0.07393373653417235,1,false,24.1355,false,false,10.8,false,1.921871e6,1.7797798958333337e6,false,0
83.177,use_adaptive_ngroute,0.07391078346216284,0,false,27.65,false,false,10.8,false,1.921871e6,1.7798240086767897e6,false,1
55.467,use_SR3_cuts,0.07391078346216284,10,false,27.687,false,false,10.9,false,1.921871e6,1.7798240086767897e6,false,0
120.905,use_adaptive_ngroute,0.07330380990344976,0,false,60.3295,false,false,10.9,false,1.921871e6,1.7809905335570471e6,false,2
102.347,use_SR3_cuts,0.07327978636250598,1,false,51.0995,false,false,11.025,false,1.921871e6,1.7810367037037043e6,false,0
127.225,use_SR3_cuts,0.0731758586325828,10,false,63.534,false,false,11.025,false,1.921871e6,1.7812364393939395e6,false,0
221.976,use_adaptive_ngroute,0.06983272425216913,0,false,73.91566666666667,false,false,11.025,false,1.921871e6,1.7876615124087594e6,false,1
175.296,use_SR3_cuts,0.06978137767327008,7,false,87.57600000000001,false,false,11.125,false,1.921871e6,1.7877601939096947e6,false,0
412.161,use_SR3_cuts,0.0689191844465441,10,false,137.11566666666664,false,false,11.125,false,1.921871e6,1.789417218068536e6,false,0
459.04,use_SR3_cuts,0.03127762724993288,3,false,229.33149999999998,false,false,11.125,false,1.852879e6,1.7949253412987716e6,false,0
1103.729,use_SR3_cuts,0.03087313055272778,3,false,367.66499999999996,false,false,11.125,false,1.852879e6,1.7956748247345923e6,false,0
344.151,none,0.03038653306395711,0,false,NaN,false,false,11.125,true,1.852879e6,1.7965764310029882e6,false,0
