CG_time_taken,method,CG_LP_IP_gap,implemented_SR3_cuts_count,errored,CG_sp_time_taken_mean,converged,CGIP_artificial,ngroute_neighborhood_size,time_limit_reached,CGIP_objective,CGLP_objective,CGLP_artificial,cycles_lookup_length
21.93,use_adaptive_ngroute,0.9999723290496165,0,false,0.4153076923076922,false,true,7.000000000000001,false,6.0e10,1.6602570230089566e6,false,29
27.589,use_adaptive_ngroute,0.11464087205986428,0,false,1.8893846153846159,false,false,9.35,false,1.931573e6,1.7101357868327117e6,false,21
31.719,use_adaptive_ngroute,0.10912751898621953,0,false,3.0464000000000007,false,false,10.65,false,1.931573e6,1.720785230769231e6,false,6
18.999,use_adaptive_ngroute,0.10847307129355455,0,false,3.7372,false,false,10.85,false,1.931573e6,1.722049344262295e6,false,4
13.491,use_SR3_cuts,0.10080512460331159,6,false,3.3130000000000006,false,false,11.175,false,1.916187e6,1.7230255307017541e6,false,0
39.143,use_adaptive_ngroute,0.09853391135625067,0,false,6.269833333333334,false,false,11.175,false,1.916187e6,1.7273776e6,false,1
9.245,use_SR3_cuts,0.09853391135625078,4,false,4.569000000000001,false,false,11.25,false,1.916187e6,1.7273775999999999e6,false,0
20.05,use_adaptive_ngroute,0.09664654589489963,0,false,9.866499999999998,false,false,11.25,false,1.916187e6,1.73099414516129e6,false,10
45.338,use_SR3_cuts,0.09634632515384778,2,false,11.238,false,false,11.674999999999999,false,1.916187e6,1.7315694242424238e6,false,0
44.491,use_SR3_cuts,0.09572569069410974,2,false,14.777,false,false,11.674999999999999,false,1.916187e6,1.7327586759259258e6,false,0
54.941,use_SR3_cuts,0.09569678394297298,1,false,18.104666666666667,false,false,11.674999999999999,false,1.916187e6,1.7328140666666664e6,false,0
35.464,use_SR3_cuts,0.09548675166996878,1,false,11.639666666666667,false,false,11.674999999999999,false,1.916187e6,1.7332165277777775e6,false,0
35.455,use_SR3_cuts,0.0953653909196217,10,false,11.766666666666667,false,false,11.674999999999999,false,1.916187e6,1.733449077669903e6,false,0
138.128,use_adaptive_ngroute,0.06142349213866116,0,false,27.323799999999995,false,false,11.674999999999999,false,1.855623e6,1.7416441552471812e6,false,1
63.655,use_adaptive_ngroute,0.061166172369500726,0,false,31.676000000000002,false,false,11.75,false,1.855623e6,1.7421216437291899e6,false,2
71.975,use_adaptive_ngroute,0.061161627111657624,0,false,35.8985,false,false,11.825000000000001,false,1.855623e6,1.7421300780141845e6,false,1
40.877,use_SR3_cuts,0.06116162711165796,2,false,40.773,false,false,11.85,false,1.855623e6,1.742130078014184e6,false,0
83.782,use_SR3_cuts,0.06114856431125326,10,false,41.787,false,false,11.85,false,1.855623e6,1.7421543176470592e6,false,0
315.141,use_adaptive_ngroute,0.05895001301449743,0,false,104.78733333333334,false,false,11.85,false,1.855623e6,1.7462339999999993e6,false,1
209.083,use_SR3_cuts,0.058864754282871856,8,false,104.342,false,false,11.875,false,1.855623e6,1.7463922080633545e6,false,0
357.505,use_adaptive_ngroute,0.05455142577615413,0,false,172.3915,false,false,11.875,false,1.848077e6,1.7472617647058824e6,false,2
343.352,use_adaptive_ngroute,0.05446190072358592,0,false,171.5245,false,false,11.975,false,1.848077e6,1.7474272138964576e6,false,1
146.285,use_SR3_cuts,0.05445902178097106,2,false,146.066,false,false,12.049999999999999,false,1.848077e6,1.7474325344040883e6,false,0
636.028,use_SR3_cuts,0.05434264222651142,10,false,305.841,false,false,12.049999999999999,false,1.848077e6,1.7476476127819554e6,false,0
630.206,none,0.05147323406979376,0,false,NaN,false,false,12.049999999999999,true,1.848077e6,1.7529504999999977e6,false,0
