CG_time_taken,method,CG_LP_IP_gap,implemented_SR3_cuts_count,errored,CG_sp_time_taken_mean,converged,CGIP_artificial,ngroute_neighborhood_size,time_limit_reached,CGIP_objective,CGLP_objective,CGLP_artificial,cycles_lookup_length
22.196,use_adaptive_ngroute,0.2786691570441596,0,false,0.4667777777777778,false,false,7.000000000000001,false,2.23818e6,1.614468266086903e6,false,26
22.557,use_adaptive_ngroute,0.064258912248638,0,false,1.7560833333333334,false,false,9.25,false,1.773359e6,1.6594048796336676e6,false,16
12.866,use_adaptive_ngroute,0.062154970833924295,0,false,3.1605000000000003,false,false,10.125,false,1.773359e6,1.6631359230769228e6,false,2
6.429,use_adaptive_ngroute,0.062127657416991444,0,false,3.182,false,false,10.424999999999999,false,1.773359e6,1.6631843595706616e6,false,1
11.719,use_adaptive_ngroute,0.062107889158667495,0,false,5.817,false,false,10.475,false,1.773359e6,1.6632194157894745e6,false,1
4.877,use_lmSR3_cuts,0.062105566457676065,14,false,4.8469999999999995,false,false,10.5,false,1.773359e6,1.663223534772182e6,false,0
38.725,use_adaptive_ngroute,0.054059421527923424,0,false,7.6496,false,false,10.5,false,1.773359e6,1.6774922382986632e6,false,1
17.674,use_adaptive_ngroute,0.054358188418603515,0,false,8.799999999999999,false,false,10.524999999999999,false,1.773359e6,1.6769624173441736e6,false,2
8.1,use_lmSR3_cuts,0.05434392899895246,9,false,8.068,false,false,10.600000000000001,false,1.773359e6,1.6769877044143467e6,false,0
29.085,use_lmSR3_cuts,0.05284965754478543,5,false,7.1555,false,false,10.600000000000001,false,1.773359e6,1.6796375841460368e6,false,0
28.112,use_adaptive_ngroute,0.04849856929587282,0,false,6.97725,false,false,10.600000000000001,false,1.773359e6,1.6873536256520404e6,false,3
33.093,use_adaptive_ngroute,0.04833637383587652,0,false,8.225999999999999,false,false,10.75,false,1.773359e6,1.6876412564307838e6,false,5
10.082,use_lmSR3_cuts,0.048305298532728025,4,false,4.973000000000001,false,false,10.95,false,1.773359e6,1.6876963640993e6,false,0
21.861,use_lmSR3_cuts,0.048465088005305135,10,false,7.2540000000000004,false,false,10.95,false,1.773359e6,1.687413e6,false,0
19.739,use_lmSR3_cuts,0.046295114466480713,3,false,9.817499999999999,false,false,10.95,false,1.773359e6,1.6912611421048362e6,false,0
44.125,use_lmSR3_cuts,0.04613267987648395,2,false,10.969249999999999,false,false,10.95,false,1.773359e6,1.6915491969469183e6,false,0
29.9,use_lmSR3_cuts,0.046018566642675895,1,false,9.910333333333334,false,false,10.95,false,1.773359e6,1.691751560677111e6,false,0
23.758,use_lmSR3_cuts,0.04600843574021518,10,false,11.81,false,false,10.95,false,1.773359e6,1.6917695264041678e6,false,0
85.011,use_adaptive_ngroute,0.04040664727426413,0,false,14.044833333333333,false,false,10.95,false,1.770461e6,1.698922606860159e6,false,2
26.792,use_lmSR3_cuts,0.04060842963254885,10,false,13.328000000000001,false,false,11.0,false,1.770461e6,1.698565359064328e6,false,0
72.354,use_adaptive_ngroute,0.037507131357454315,0,false,17.98125,false,false,11.0,false,1.770461e6,1.7040560867097501e6,false,2
55.904,use_adaptive_ngroute,0.037374041828330595,0,false,27.883,false,false,11.125,false,1.770461e6,1.704291716530572e6,false,5
36.45,use_lmSR3_cuts,0.03733637802017742,1,false,36.327999999999996,false,false,11.425,false,1.770461e6,1.7043583988340187e6,false,0
40.243,use_adaptive_ngroute,0.03730111096955513,0,false,40.119,false,false,11.425,false,1.770461e6,1.7044208377717305e6,false,4
95.035,use_adaptive_ngroute,0.03731327851990851,0,false,47.426,false,false,11.625,false,1.770461e6,1.7043992955983642e6,false,1
47.826,use_lmSR3_cuts,0.03728732092610654,10,false,47.708,false,false,11.65,false,1.770461e6,1.7044452525058445e6,false,0
159.21,use_lmSR3_cuts,0.03563490781611511,10,false,39.6265,false,false,11.65,false,1.770461e6,1.707370785472973e6,false,0
429.957,use_adaptive_ngroute,0.03359389912594202,0,false,71.3965,false,false,11.65,false,1.770461e6,1.7109843117595855e6,false,2
222.148,use_lmSR3_cuts,0.03361015360660036,3,false,73.96366666666667,false,false,11.7,false,1.770461e6,1.7109555338355047e6,false,0
192.893,use_lmSR3_cuts,0.033572995393492566,10,false,96.299,false,false,11.7,false,1.770461e6,1.7110213210026417e6,false,0
354.95,use_adaptive_ngroute,0.03174653489157153,0,false,88.58525,false,false,11.7,false,1.770461e6,1.7142549980893333e6,false,1
68.417,use_lmSR3_cuts,0.03170769560197095,1,false,68.267,false,false,11.725,false,1.770461e6,1.714323761536839e6,false,0
66.677,use_lmSR3_cuts,0.03169574837782696,10,false,66.536,false,false,11.725,false,1.770461e6,1.714344913631244e6,false,0
266.002,use_lmSR3_cuts,0.030654052328084047,2,false,88.50933333333334,false,false,11.725,false,1.770461e6,1.716189195861168e6,false,0
430.438,use_adaptive_ngroute,0.030385742149169892,0,false,85.89779999999999,false,false,11.725,false,1.770461e6,1.7166642285688384e6,false,3
177.684,use_lmSR3_cuts,0.03036411238252945,1,false,88.6965,false,false,11.825000000000001,false,1.770461e6,1.7167025232271145e6,false,0
167.862,use_lmSR3_cuts,0.030307887308026804,2,false,83.7245,false,false,11.825000000000001,false,1.770461e6,1.7168020675287435e6,false,0
78.693,none,0.030270135987556346,0,false,NaN,false,false,11.825000000000001,true,1.770461e6,1.716868904769335e6,false,0
