CG_time_taken,method,CG_LP_IP_gap,implemented_SR3_cuts_count,errored,CG_sp_time_taken_mean,converged,CGIP_artificial,ngroute_neighborhood_size,time_limit_reached,CGIP_objective,CGLP_objective,CGLP_artificial,cycles_lookup_length
32.507,use_adaptive_ngroute,0.9999738348740318,0,false,0.5402222222222223,false,true,7.000000000000001,false,6.0e10,1.5699075580902249e6,false,33
23.244,use_adaptive_ngroute,0.11059216789205617,0,false,1.728,false,false,9.725,false,1.838361e6,1.6350526716417917e6,false,9
15.328,use_adaptive_ngroute,0.1057170715133472,0,false,2.0097142857142853,false,false,10.3,false,1.838361e6,1.6440148586956516e6,false,1
6.069,use_lmSR3_cuts,0.10571707151334686,13,false,1.35,false,false,10.35,false,1.838361e6,1.644014858695652e6,false,0
48.76,use_adaptive_ngroute,0.0071420348425773605,0,false,4.080727272727272,false,false,10.35,false,1.680861e6,1.6688562321724705e6,false,14
27.222,use_lmSR3_cuts,0.005089270468487728,10,false,3.2535000000000003,false,false,11.2,false,1.680791e6,1.672237e6,false,0
20.771,none,0.0,0,false,5.040500000000001,true,false,11.2,false,1.680791e6,1.680791e6,false,0
