CG_time_taken,method,CG_LP_IP_gap,implemented_SR3_cuts_count,errored,CG_sp_time_taken_mean,converged,CGIP_artificial,ngroute_neighborhood_size,time_limit_reached,CGIP_objective,CGLP_objective,CGLP_artificial,cycles_lookup_length
18.044,use_adaptive_ngroute,0.2544502519044124,0,false,0.30956,false,false,7.000000000000001,false,2.011296e6,1.499521226145663e6,false,31
35.13,use_adaptive_ngroute,0.080345684748939,0,false,2.426307692307692,false,false,9.15,false,1.700468e6,1.5638427341463412e6,false,18
14.222,use_adaptive_ngroute,0.06645627766857554,0,false,2.7208,false,false,10.549999999999999,false,1.692579e6,1.5800965e6,false,6
13.841,use_lmSR3_cuts,0.06590169991080663,5,false,2.7046000000000006,false,false,10.700000000000001,false,1.692579e6,1.5810351666666667e6,false,0
31.845,use_adaptive_ngroute,0.05954857449292872,0,false,7.829,false,false,10.700000000000001,false,1.692579e6,1.5917883333333333e6,false,2
20.74,use_adaptive_ngroute,0.059499398074765786,0,false,6.863666666666667,false,false,10.75,false,1.692579e6,1.591871568306011e6,false,3
9.086,use_lmSR3_cuts,0.059484659119890426,8,false,9.023,false,false,10.975000000000001,false,1.692579e6,1.591896515151515e6,false,0
32.06,use_lmSR3_cuts,0.054626645198457946,2,false,6.3642,false,false,10.975000000000001,false,1.692425e6,1.5999734999999998e6,false,0
26.191,use_lmSR3_cuts,0.055228838304011374,4,false,8.653666666666668,false,false,10.975000000000001,false,1.692425e6,1.5989543333333335e6,false,0
16.924,use_lmSR3_cuts,0.012403661718709436,10,false,8.385,false,false,10.975000000000001,false,1.620332e6,1.6002339500000002e6,false,0
47.019,use_adaptive_ngroute,0.00973347205097086,0,false,11.60925,false,false,10.975000000000001,false,1.620332e6,1.6045605437647062e6,false,10
55.598,use_adaptive_ngroute,0.009558130224111894,0,false,18.483999999999998,false,false,11.475,false,1.620332e6,1.6048446557377044e6,false,2
41.601,use_lmSR3_cuts,0.009556916888954436,6,false,20.3845,false,false,11.525,false,1.620332e6,1.6048466217434867e6,false,0
41.492,use_lmSR3_cuts,0.008824605874608205,2,false,20.664,false,false,11.525,false,1.620332e6,1.6060332087139843e6,false,0
34.376,use_lmSR3_cuts,0.008781666492908902,10,false,17.089499999999997,false,false,11.525,false,1.620332e6,1.606102784768212e6,false,0
47.258,use_lmSR3_cuts,0.0068078343645978645,10,false,23.523500000000002,false,false,11.525,false,1.620332e6,1.6093010481283425e6,false,0
137.388,use_lmSR3_cuts,0.004810327679051318,1,false,34.23375,false,false,11.525,false,1.620332e6,1.6125376721311475e6,false,0
175.161,use_lmSR3_cuts,0.0038418936427078165,10,false,34.937599999999996,false,false,11.525,false,1.620332e6,1.614106856790124e6,false,0
30.39,use_lmSR3_cuts,0.0029657708557027096,10,false,30.301,false,false,11.525,false,1.620332e6,1.6155264665778375e6,false,0
211.319,none,-6.661338147750939e-16,0,false,42.142199999999995,true,false,11.525,false,1.620332e6,1.6203320000000012e6,false,0
