CG_time_taken,method,CG_LP_IP_gap,implemented_SR3_cuts_count,errored,CG_sp_time_taken_mean,converged,CGIP_artificial,ngroute_neighborhood_size,time_limit_reached,CGIP_objective,CGLP_objective,CGLP_artificial,cycles_lookup_length
22.558,use_adaptive_ngroute,0.9999717123707317,0,false,0.37276000000000004,false,true,7.000000000000001,false,6.0e10,1.6972577561019373e6,false,29
17.798,use_adaptive_ngroute,0.19148643874230875,0,false,1.5164,false,false,9.375,false,2.175572e6,1.758979465492518e6,false,15
6.15,use_adaptive_ngroute,0.18992896728283803,0,false,1.944666666666667,false,false,10.049999999999999,false,2.175572e6,1.7623678567905414e6,false,5
11.132,use_adaptive_ngroute,0.18928729892063445,0,false,2.69575,false,false,10.275,false,2.175572e6,1.7637638525126374e6,false,6
21.465,use_adaptive_ngroute,0.16220327421435987,0,false,4.251,false,false,10.45,false,2.107469e6,1.7656306278947373e6,false,3
5.608,use_lmSR3_cuts,0.16215884714360707,17,false,2.779,false,false,10.600000000000001,false,2.107469e6,1.7657242565691096e6,false,0
58.911,use_adaptive_ngroute,0.1536088675391727,0,false,6.432333333333332,false,false,10.600000000000001,false,2.107469e6,1.7837430735360873e6,false,9
32.095,use_adaptive_ngroute,0.1528515449035277,0,false,7.9715,false,false,11.075000000000001,false,2.107469e6,1.7853391075137074e6,false,2
37.565,use_adaptive_ngroute,0.1520739694161649,0,false,9.31675,false,false,11.125,false,2.107469e6,1.7869778237484843e6,false,3
5.825,use_lmSR3_cuts,0.1520685428900974,6,false,5.777,false,false,11.225,false,2.107469e6,1.7869892599839494e6,false,0
30.345,use_lmSR3_cuts,0.15145832797490166,1,false,10.052999999999999,false,false,11.225,false,2.107469e6,1.788275269001062e6,false,0
43.58,use_lmSR3_cuts,0.15058866631954404,1,false,8.6394,false,false,11.225,false,2.107469e6,1.7901080539802168e6,false,0
23.494,use_adaptive_ngroute,0.1505662871640452,0,false,7.73,false,false,11.225,false,2.107469e6,1.790155217356677e6,false,2
18.455,use_lmSR3_cuts,0.1505634745155925,10,false,9.153,false,false,11.299999999999999,false,2.107469e6,1.7901611449260989e6,false,0
32.925,use_lmSR3_cuts,0.09718926388293281,5,false,10.88,false,false,11.299999999999999,false,1.986306e6,1.7932583820137472e6,false,0
26.014,use_adaptive_ngroute,0.09693297034390891,0,false,12.931,false,false,11.299999999999999,false,1.986306e6,1.7937674594080716e6,false,1
30.242,use_lmSR3_cuts,0.09692018621725063,10,false,15.078,false,false,11.325,false,1.986306e6,1.7937928525955577e6,false,0
58.386,use_lmSR3_cuts,0.09578737259431114,10,false,19.380333333333333,false,false,11.325,false,1.986306e6,1.7960429670916842e6,false,0
102.162,use_lmSR3_cuts,0.0653461769132706,3,false,20.328200000000002,false,false,11.325,false,1.926708e6,1.8008049981717863e6,false,0
61.211,use_lmSR3_cuts,0.06529092758243882,10,false,20.318,false,false,11.325,false,1.926708e6,1.8009114474994945e6,false,0
59.452,use_adaptive_ngroute,0.0643306352811499,0,false,19.750999999999998,false,false,11.325,false,1.926708e6,1.8027616503587263e6,false,1
21.182,use_lmSR3_cuts,0.0643274626697713,10,false,21.088,false,false,11.35,false,1.926708e6,1.8027677630544503e6,false,0
64.319,use_lmSR3_cuts,0.06291469058054366,10,false,21.342,false,false,11.35,false,1.926708e6,1.805489762340942e6,false,0
87.934,use_lmSR3_cuts,0.06223884978269845,10,false,21.82575,false,false,11.35,false,1.926708e6,1.8067919102128767e6,false,0
166.744,use_lmSR3_cuts,0.06123593515567893,10,false,41.574,false,false,11.35,false,1.926708e6,1.8087242338480721e6,false,0
278.887,use_adaptive_ngroute,0.05963369928378881,0,false,55.666,false,false,11.35,false,1.926708e6,1.81181127452033e6,false,1
55.532,use_lmSR3_cuts,0.059498657239898334,3,false,55.426,false,false,11.4,false,1.926708e6,1.81207146110663e6,false,0
131.618,use_adaptive_ngroute,0.05930904445708052,0,false,65.6795,false,false,11.4,false,1.926708e6,1.8124367895721872e6,false,1
64.009,use_lmSR3_cuts,0.05930901246267006,1,false,63.876000000000005,false,false,11.425,false,1.926708e6,1.8124368512160738e6,false,0
119.031,use_lmSR3_cuts,0.05932414925057683,10,false,59.38499999999999,false,false,11.425,false,1.926708e6,1.8124076870457197e6,false,0
160.509,use_lmSR3_cuts,0.05864928552425119,10,false,80.13000000000001,false,false,11.425,false,1.926708e6,1.813707952386141e6,false,0
195.03,use_lmSR3_cuts,0.058299510677416566,1,false,97.3025,false,false,11.425,false,1.926708e6,1.814381866381736e6,false,0
100.186,use_lmSR3_cuts,0.05829655772346054,10,false,100.038,false,false,11.425,false,1.926708e6,1.814387555861747e6,false,0
213.15,use_lmSR3_cuts,0.05815297833151245,2,false,70.953,false,false,11.425,false,1.926708e6,1.8146641914248483e6,false,0
76.92,use_lmSR3_cuts,0.058114388127812666,10,false,76.736,false,false,11.425,false,1.926708e6,1.8147385434790384e6,false,0
106.834,use_lmSR3_cuts,0.05729355528394753,10,false,106.652,false,false,11.425,false,1.926708e6,1.816320048685976e6,false,0
166.633,use_lmSR3_cuts,0.0571329479505257,10,false,83.188,false,false,11.425,false,1.926708e6,1.8166294921201386e6,false,0
307.855,use_lmSR3_cuts,0.05657219206869346,10,false,76.827,false,false,11.425,false,1.926708e6,1.8177099049637117e6,false,0
268.973,none,0.0560912690921711,0,false,97.355,false,false,11.425,true,1.926708e6,1.8186365031099613e6,false,0
