CG_time_taken,method,CG_LP_IP_gap,implemented_SR3_cuts_count,errored,CG_sp_time_taken_mean,converged,CGIP_artificial,ngroute_neighborhood_size,time_limit_reached,CGIP_objective,CGLP_objective,CGLP_artificial,cycles_lookup_length
25.25,use_adaptive_ngroute,0.9999746017161972,0,false,0.3623448275862069,false,true,7.000000000000001,false,6.0e10,1.5238970281649868e6,false,34
14.253,use_adaptive_ngroute,0.09407278832777888,0,false,0.9141538461538462,false,false,9.299999999999999,false,1.782368e6,1.6146956724137934e6,false,10
7.933,use_adaptive_ngroute,0.01963462819478723,0,false,1.5070000000000003,false,false,9.775,false,1.654863e6,1.6223703802816898e6,false,2
3.454,use_adaptive_ngroute,0.019399871268296454,0,false,1.6875,false,false,9.9,false,1.654863e6,1.622758870833333e6,false,1
3.177,use_lmSR3_cuts,0.01914499456284624,10,false,1.5350000000000001,false,false,9.925,false,1.654863e6,1.6231806568627446e6,false,0
10.122,use_adaptive_ngroute,0.017121986331597783,0,false,2.423,false,false,9.925,false,1.654863e6,1.626528458333333e6,false,6
6.28,use_lmSR3_cuts,0.016697594162918383,10,false,2.021,false,false,10.149999999999999,false,1.654863e6,1.6272307692307704e6,false,0
17.264,use_adaptive_ngroute,0.012386165677561567,0,false,4.18975,false,false,10.149999999999999,false,1.654863e6,1.6343655927083334e6,false,10
20.04,use_adaptive_ngroute,0.012449642191320276,0,false,4.907500000000001,false,false,10.675,false,1.654863e6,1.6342605477743451e6,false,5
10.547,use_lmSR3_cuts,0.012343601392241665,4,false,5.218,false,false,10.85,false,1.654863e6,1.6344360307692308e6,false,0
15.036,use_lmSR3_cuts,0.012077060023350183,4,false,4.945333333333333,false,false,10.85,false,1.654863e6,1.6348771202185787e6,false,0
11.51,use_lmSR3_cuts,0.011950903750784558,2,false,5.689,false,false,10.85,false,1.654863e6,1.6350858915662654e6,false,0
34.27,use_lmSR3_cuts,0.011780919443064364,10,false,5.569166666666666,false,false,10.85,false,1.654863e6,1.6353671923076923e6,false,0
21.328,use_adaptive_ngroute,0.01124618010284395,0,false,7.006666666666666,false,false,10.85,false,1.654863e6,1.6362521126564674e6,false,5
40.928,use_lmSR3_cuts,0.010913536030924709,10,false,10.154500000000002,false,false,11.0,false,1.654863e6,1.636802593023256e6,false,0
28.881,use_lmSR3_cuts,0.010421896362182936,2,false,9.526666666666666,false,false,11.0,false,1.654863e6,1.637616189320389e6,false,0
20.656,use_lmSR3_cuts,0.010130952903552704,1,false,10.212,false,false,11.0,false,1.654863e6,1.638097660885168e6,false,0
10.145,use_lmSR3_cuts,0.010109557782740364,10,false,10.032,false,false,11.0,false,1.654863e6,1.638133066878981e6,false,0
54.57,use_adaptive_ngroute,0.00932667974581547,0,false,10.775999999999998,false,false,11.0,false,1.654863e6,1.6394286227758005e6,false,6
15.653,use_lmSR3_cuts,0.009156523338746947,2,false,15.555,false,false,11.175,false,1.654863e6,1.6397102083180712e6,false,0
40.051,use_lmSR3_cuts,0.00911877763428015,10,false,13.249666666666666,false,false,11.175,false,1.654863e6,1.6397726722878022e6,false,0
31.876,none,0.008716532224520512,0,false,10.486666666666668,false,false,11.175,false,1.654863e6,1.6404383333333333e6,false,0
