CG_time_taken,method,CG_LP_IP_gap,implemented_SR3_cuts_count,errored,CG_sp_time_taken_mean,converged,CGIP_artificial,ngroute_neighborhood_size,time_limit_reached,CGIP_objective,CGLP_objective,CGLP_artificial,cycles_lookup_length
13.557,use_adaptive_ngroute,0.9999721029168295,0,false,0.2231111111111111,false,true,7.000000000000001,false,6.0e10,1.6738249902298846e6,false,26
10.701,use_adaptive_ngroute,0.24923485132205725,0,false,0.6745,false,false,8.575000000000001,false,2.318148e6,1.7403847278774756e6,false,13
10.552,use_adaptive_ngroute,0.24771984011863368,0,false,1.4635714285714287,false,false,9.8,false,2.318148e6,1.7438967480686696e6,false,8
8.583,use_adaptive_ngroute,0.24708555277747601,0,false,2.094,false,false,10.275,false,2.318148e6,1.7453671199999996e6,false,6
5.533,use_adaptive_ngroute,0.24673528650273302,0,false,1.8043333333333333,false,false,10.475,false,2.318148e6,1.7461790890642623e6,false,2
2.091,use_lmSR3_cuts,0.2467261397267312,14,false,2.049,false,false,10.65,false,2.318148e6,1.7462002926447575e6,false,0
39.772,use_adaptive_ngroute,0.14791922247229716,0,false,4.330555555555555,false,false,10.65,false,2.074856e6,1.7679449137380193e6,false,2
8.588,use_adaptive_ngroute,0.14730532815525088,0,false,4.252,false,false,10.725,false,2.074856e6,1.7692186560451088e6,false,1
5.057,use_lmSR3_cuts,0.14730120809875236,6,false,4.989000000000001,false,false,10.775,false,2.074856e6,1.769227204569055e6,false,0
20.965,use_lmSR3_cuts,0.14638078045143565,4,false,5.11575,false,false,10.775,false,2.074856e6,1.7711369593956561e6,false,0
14.828,use_adaptive_ngroute,0.14618293169941965,0,false,4.887666666666667,false,false,10.775,false,2.074856e6,1.771547467065869e6,false,1
17.926,use_lmSR3_cuts,0.1461999197442706,10,false,5.942,false,false,10.875,false,2.074856e6,1.7715122193190816e6,false,0
24.575,use_adaptive_ngroute,0.14253412051891712,0,false,6.07575,false,false,10.875,false,2.074856e6,1.7791182248366016e6,false,4
56.409,use_lmSR3_cuts,0.1422207057193844,4,false,9.3035,false,false,10.975000000000001,false,2.074856e6,1.779768515413901e6,false,0
31.751,use_adaptive_ngroute,0.14222546059525887,0,false,7.891,false,false,10.975000000000001,false,2.074856e6,1.7797586497311636e6,false,3
8.138,use_lmSR3_cuts,0.14214374765240734,2,false,8.054,false,false,11.1,false,2.074856e6,1.7799281923209168e6,false,0
45.495,use_lmSR3_cuts,0.1416638073895904,1,false,7.4925,false,false,11.1,false,2.073778e6,1.77999871283923e6,false,0
26.343,use_lmSR3_cuts,0.14166041664689843,10,false,6.5302500000000006,false,false,11.1,false,2.073778e6,1.7800057444868283e6,false,0
22.766,use_lmSR3_cuts,0.138830317693043,2,false,7.518666666666666,false,false,11.1,false,2.073778e6,1.7858747414351567e6,false,0
33.49,use_lmSR3_cuts,0.13894744435000927,1,false,8.3035,false,false,11.1,false,2.073778e6,1.7856318467507265e6,false,0
22.478,use_lmSR3_cuts,0.13878152735669846,1,false,11.160999999999998,false,false,11.1,false,2.073778e6,1.7859759217612806e6,false,0
34.375,use_adaptive_ngroute,0.10519786237570183,0,false,8.516250000000001,false,false,11.1,false,1.999879e6,1.789496004189944e6,false,1
30.59,use_lmSR3_cuts,0.10563589027639775,2,false,10.164333333333335,false,false,11.125,false,1.999879e6,1.788620001389928e6,false,0
30.058,use_lmSR3_cuts,0.10568036233144873,10,false,7.46725,false,false,11.125,false,1.999879e6,1.7885310626609446e6,false,0
35.181,use_lmSR3_cuts,0.10439883402523009,2,false,11.661333333333333,false,false,11.125,false,1.999879e6,1.791093964208457e6,false,0
23.748,use_adaptive_ngroute,0.1043754234212233,0,false,11.776499999999999,false,false,11.125,false,1.999879e6,1.7911407825837873e6,false,1
27.891,use_lmSR3_cuts,0.10436539632768715,1,false,9.245666666666667,false,false,11.175,false,1.999879e6,1.7911608355575814e6,false,0
38.419,use_lmSR3_cuts,0.10429830506694016,10,false,12.706,false,false,11.175,false,1.999879e6,1.7912950099610328e6,false,0
65.154,use_lmSR3_cuts,0.10172903830035762,1,false,16.189999999999998,false,false,11.175,false,1.999879e6,1.796433232612919e6,false,0
47.828,use_lmSR3_cuts,0.10177027193200905,10,false,15.876666666666667,false,false,11.175,false,1.999879e6,1.7963507703388857e6,false,0
86.455,use_adaptive_ngroute,0.0999788341355734,0,false,21.51175,false,false,11.175,false,1.999879e6,1.7999334291677836e6,false,4
23.212,use_lmSR3_cuts,0.09993836997396632,2,false,23.09,false,false,11.425,false,1.999879e6,1.8000143525948343e6,false,0
46.929,use_lmSR3_cuts,0.09985158238950165,10,false,23.394,false,false,11.425,false,1.999879e6,1.800187917262466e6,false,0
47.614,use_adaptive_ngroute,0.098913212082134,0,false,15.788333333333332,false,false,11.425,false,1.999879e6,1.802064544334394e6,false,1
14.568,use_lmSR3_cuts,0.0989099399640061,1,false,14.451,false,false,11.450000000000001,false,1.999879e6,1.8020710881747236e6,false,0
32.481,use_lmSR3_cuts,0.09890843651295733,10,false,16.1535,false,false,11.450000000000001,false,1.999879e6,1.8020740948949035e6,false,0
72.373,use_lmSR3_cuts,0.096987676564665,1,false,18.00975,false,false,11.450000000000001,false,1.999879e6,1.8059153823795344e6,false,0
50.456,use_adaptive_ngroute,0.09625734063734548,0,false,16.724,false,false,11.450000000000001,false,1.999879e6,1.807375965863526e6,false,1
18.211,use_lmSR3_cuts,0.0962572074480822,1,false,18.1,false,false,11.475,false,1.999879e6,1.8073762322259368e6,false,0
32.353,use_lmSR3_cuts,0.09630164326231871,1,false,16.100500000000004,false,false,11.475,false,1.999879e6,1.8072873659741974e6,false,0
32.671,use_adaptive_ngroute,0.09628381926203422,0,false,16.227500000000003,false,false,11.475,false,1.999879e6,1.8073230118180623e6,false,2
20.546,use_lmSR3_cuts,0.09628339010857878,10,false,20.389999999999997,false,false,11.6,false,1.999879e6,1.8073238700730456e6,false,0
33.167,use_lmSR3_cuts,0.09552910872476483,2,false,16.4815,false,false,11.6,false,1.999879e6,1.808832341572626e6,false,0
31.495,use_lmSR3_cuts,0.09552796334178759,10,false,15.653,false,false,11.6,false,1.999879e6,1.8088346321999892e6,false,0
69.856,use_lmSR3_cuts,0.09460964723743592,1,false,23.197666666666667,false,false,11.6,false,1.999879e6,1.8106711532924438e6,false,0
53.382,use_lmSR3_cuts,0.09460097039995019,10,false,26.5505,false,false,11.6,false,1.999879e6,1.810688505917518e6,false,0
66.626,use_lmSR3_cuts,0.09428748876939785,10,false,33.1615,false,false,11.6,false,1.999879e6,1.8113154312473454e6,false,0
111.312,use_adaptive_ngroute,0.09340694561619478,0,false,36.992,false,false,11.6,false,1.999879e6,1.81307641100803e6,false,2
44.563,use_lmSR3_cuts,0.09340363795930373,10,false,44.381,false,false,11.85,false,1.999879e6,1.8130830259215855e6,false,0
210.872,use_adaptive_ngroute,0.09186136390210209,0,false,42.0886,false,false,11.85,false,1.999879e6,1.816167387420828e6,false,2
153.243,use_lmSR3_cuts,0.09200200736438957,10,false,38.21325,false,false,11.9,false,1.999879e6,1.815886117514112e6,false,0
71.003,use_adaptive_ngroute,0.0661496202612395,0,false,35.366,false,false,11.9,false,1.94551e6,1.816815252285556e6,false,1
42.061,use_lmSR3_cuts,0.06612771078378443,10,false,41.875,false,false,11.925,false,1.94551e6,1.8168578773930396e6,false,0
204.759,use_lmSR3_cuts,0.06467582070541067,10,false,51.08925,false,false,11.925,false,1.94551e6,1.8196825440594165e6,false,0
167.618,use_lmSR3_cuts,0.06255355628622772,10,false,33.36,false,false,11.925,false,1.94551e6,1.8238114307095811e6,false,0
484.109,use_adaptive_ngroute,0.04912316335033062,0,false,60.39750000000001,false,false,11.925,false,1.921514e6,1.8271231538980529e6,false,2
67.163,none,0.04907673940401036,0,false,61.45099999999999,false,false,12.0,true,1.921514e6,1.8272123581608424e6,false,0
