CG_time_taken,method,CG_LP_IP_gap,implemented_SR3_cuts_count,errored,CG_sp_time_taken_mean,converged,CGIP_artificial,ngroute_neighborhood_size,time_limit_reached,CGIP_objective,CGLP_objective,CGLP_artificial,cycles_lookup_length
5.479,use_adaptive_ngroute,0.3657506897164231,0,false,0.19521052631578947,false,false,5.0,false,1.457337e6,924314.9871007372,false,18
7.605,use_adaptive_ngroute,0.09088147772209387,0,false,0.6608181818181819,false,false,6.45,false,1.125691e6,1.0233865384615384e6,false,7
3.955,use_SR3_cuts,0.084377506793605,3,false,0.774,false,false,7.75,false,1.125691e6,1.030708e6,false,0
10.515,use_adaptive_ngroute,0.016094658023091624,0,false,2.5905,false,false,7.75,false,1.066534e6,1.0493685e6,false,3
3.501,use_SR3_cuts,0.013144353578976475,5,false,1.72,false,false,7.8999999999999995,false,1.066534e6,1.0525150999999999e6,false,0
11.409,use_SR3_cuts,0.01228980979509331,1,false,3.770666666666666,false,false,7.8999999999999995,false,1.066534e6,1.0534265e6,false,0
9.116,use_SR3_cuts,0.010612882477258112,1,false,4.534999999999999,false,false,7.8999999999999995,false,1.066534e6,1.055215e6,false,0
15.283,use_SR3_cuts,0.006796314041558893,10,false,7.605,false,false,7.8999999999999995,false,1.066534e6,1.0592855e6,false,0
35.888,none,0.0,0,false,11.897666666666666,true,false,7.8999999999999995,false,1.066534e6,1.066534e6,false,0
