CG_time_taken,method,CG_LP_IP_gap,implemented_SR3_cuts_count,errored,CG_sp_time_taken_mean,converged,CGIP_artificial,ngroute_neighborhood_size,time_limit_reached,CGIP_objective,CGLP_objective,CGLP_artificial,cycles_lookup_length
4.787,use_adaptive_ngroute,0.49079127973836434,0,false,0.22073333333333336,false,false,5.0,false,1.778861e6,905811.5333333334,false,20
4.459,use_adaptive_ngroute,0.13357515128760988,0,false,0.37254545454545446,false,false,7.3,false,1.155966e6,1.0015576666666667e6,false,10
4.752,use_adaptive_ngroute,0.09499237001780325,0,false,0.6597142857142858,false,false,8.0,false,1.155966e6,1.04615805e6,false,11
2.662,use_adaptive_ngroute,0.0773731666848333,0,false,0.6569999999999999,false,false,9.05,false,1.155966e6,1.06652525e6,false,3
4.682,use_adaptive_ngroute,0.07245455316159821,0,false,0.7703333333333334,false,false,9.2,false,1.155966e6,1.072211e6,false,5
2.788,use_SR3_cuts,0.07213576359452567,1,false,0.69125,false,false,9.45,false,1.15598e6,1.0725925000000002e6,false,0
8.288,use_SR3_cuts,0.06365585146967989,1,false,1.5989999999999998,false,false,9.45,false,1.155966e6,1.082382e6,false,0
6.277,use_adaptive_ngroute,0.06004318669661668,0,false,1.5422500000000001,false,false,9.45,false,1.155966e6,1.0865581176470588e6,false,2
5.139,use_SR3_cuts,0.05959662020047862,3,false,1.6796666666666666,false,false,9.549999999999999,false,1.155966e6,1.0870743333333335e6,false,0
4.985,use_SR3_cuts,0.05937054665390984,1,false,1.5806666666666669,false,false,9.549999999999999,false,1.155966e6,1.0873356666666665e6,false,0
14.763,use_SR3_cuts,0.05592359790666679,1,false,2.4081666666666663,false,false,9.549999999999999,false,1.155966e6,1.091320222222222e6,false,0
11.827,use_SR3_cuts,0.05546421780571398,10,false,3.9213333333333336,false,false,9.549999999999999,false,1.155966e6,1.09185125e6,false,0
15.161,use_SR3_cuts,0.04199316127521635,10,false,7.526,false,false,9.549999999999999,false,1.155966e6,1.1074233333333333e6,false,0
40.931,none,0.04099601545374176,0,false,13.513666666666666,false,false,9.549999999999999,false,1.155966e6,1.108576e6,false,0
