CG_time_taken,method,CG_LP_IP_gap,implemented_SR3_cuts_count,errored,CG_sp_time_taken_mean,converged,CGIP_artificial,ngroute_neighborhood_size,time_limit_reached,CGIP_objective,CGLP_objective,CGLP_artificial,cycles_lookup_length
2.395,use_adaptive_ngroute,0.3953554564672389,0,false,0.09853846153846155,false,false,5.0,false,1.506176e6,910701.1,false,20
2.024,use_adaptive_ngroute,0.02801048245048765,0,false,0.15366666666666667,false,false,7.2,false,1.140573e6,1.108625e6,false,2
0.586,use_adaptive_ngroute,0.015240877465390823,0,false,0.18300000000000002,false,false,7.3,false,1.140573e6,1.1231896666666667e6,false,2
0.909,use_SR3_cuts,0.0138579468390011,1,false,0.14033333333333334,false,false,7.4,false,1.140573e6,1.124767e6,false,0
0.717,use_SR3_cuts,0.006730535149145678,1,false,0.22833333333333336,false,false,7.4,false,1.140573e6,1.1328963333333335e6,false,0
0.504,use_SR3_cuts,0.006625178747874938,2,false,0.241,false,false,7.4,false,1.140573e6,1.1330165e6,false,0
1.144,use_adaptive_ngroute,0.0015220419911745608,0,false,0.278,false,false,7.4,false,1.140573e6,1.138837e6,false,2
0.795,none,0.0,0,false,0.381,true,false,7.6499999999999995,false,1.140573e6,1.140573e6,false,0
