CG_time_taken,method,CG_LP_IP_gap,implemented_SR3_cuts_count,errored,CG_sp_time_taken_mean,converged,CGIP_artificial,ngroute_neighborhood_size,time_limit_reached,CGIP_objective,CGLP_objective,CGLP_artificial,cycles_lookup_length
6.968,use_adaptive_ngroute,0.2952467537131379,0,false,0.258125,false,false,5.0,false,1.412607e6,995539.3689775454,false,18
1.674,use_adaptive_ngroute,0.11610972596397873,0,false,0.183625,false,false,7.4,false,1.254981e6,1.1092655e6,false,6
1.453,use_SR3_cuts,0.11310529800849578,4,false,0.27820000000000006,false,false,8.149999999999999,false,1.254981e6,1.113036e6,false,0
7.68,none,0.0,0,false,1.1993333333333334,true,false,8.149999999999999,false,1.141714e6,1.141714e6,false,0
