CG_time_taken,method,CG_LP_IP_gap,implemented_SR3_cuts_count,errored,CG_sp_time_taken_mean,converged,CGIP_artificial,ngroute_neighborhood_size,time_limit_reached,CGIP_objective,CGLP_objective,CGLP_artificial,cycles_lookup_length
1.78,use_adaptive_ngroute,0.28506584851336025,0,false,0.08323076923076925,false,false,5.0,false,1.430919e6,1.023012861111111e6,false,15
1.085,use_adaptive_ngroute,0.1052382280526275,0,false,0.09344444444444445,false,false,6.2,false,1.273706e6,1.1396634375e6,false,17
0.753,use_SR3_cuts,0.05440221709653814,2,false,0.11033333333333331,false,false,7.6,false,1.224552e6,1.15793365625e6,false,0
1.765,use_SR3_cuts,0.04784167220715452,2,false,0.28550000000000003,false,false,7.6,false,1.224552e6,1.1659673846153845e6,false,0
1.127,use_SR3_cuts,0.0455276275473977,10,false,0.2745,false,false,7.6,false,1.224552e6,1.168801052631579e6,false,0
1.171,use_SR3_cuts,0.021482108226696495,10,false,0.5685,false,false,7.6,false,1.201977e6,1.176156e6,false,0
1.104,use_SR3_cuts,0.018790292992295177,1,false,0.5359999999999999,false,false,7.6,false,1.201977e6,1.1793915e6,false,0
0.536,use_SR3_cuts,0.01863887578547696,10,false,0.523,false,false,7.6,false,1.201977e6,1.1795734999999998e6,false,0
1.577,use_SR3_cuts,0.015007774691196296,10,false,0.5093333333333334,false,false,7.6,false,1.201977e6,1.183938e6,false,0
1.286,use_adaptive_ngroute,0.013959889970163175,0,false,0.6315000000000001,false,false,7.6,false,1.201977e6,1.1851975333333332e6,false,2
1.548,use_adaptive_ngroute,0.013904758576911203,0,false,0.7625000000000001,false,false,7.75,false,1.201977e6,1.1852638e6,false,2
1.618,none,0.013885381409885045,0,false,0.7985000000000001,false,false,7.8500000000000005,false,1.201977e6,1.1852870909090906e6,false,0
