CG_time_taken,method,CG_LP_IP_gap,implemented_SR3_cuts_count,errored,CG_sp_time_taken_mean,converged,CGIP_artificial,ngroute_neighborhood_size,time_limit_reached,CGIP_objective,CGLP_objective,CGLP_artificial,cycles_lookup_length
3.201,use_adaptive_ngroute,0.37765415622839027,0,false,0.12233333333333332,false,false,5.0,false,1.416884e6,881791.8685064935,false,17
1.999,use_adaptive_ngroute,0.003944051326855269,0,false,0.1619090909090909,false,false,5.949999999999999,false,1.049587e6,1.045447375e6,false,6
0.887,use_adaptive_ngroute,0.0020824857777392847,0,false,0.1648,false,false,6.7,false,1.049587e6,1.04740125e6,false,4
0.71,use_SR3_cuts,0.0009337005888983008,10,false,0.169,false,false,7.1,false,1.049587e6,1.048607e6,false,0
2.177,none,0.0,0,false,0.4246000000000001,true,false,7.1,false,1.049587e6,1.049587e6,false,0
