CG_time_taken,method,CG_LP_IP_gap,implemented_SR3_cuts_count,errored,CG_sp_time_taken_mean,converged,CGIP_artificial,ngroute_neighborhood_size,time_limit_reached,CGIP_objective,CGLP_objective,CGLP_artificial,cycles_lookup_length
1.606,use_adaptive_ngroute,0.3333933311363504,0,false,0.07007142857142859,false,false,5.0,false,1.477084e6,984634.044871795,false,17
1.794,use_adaptive_ngroute,0.14174532368498627,0,false,0.15079999999999996,false,false,6.75,false,1.258523e6,1.08013325e6,false,7
0.844,use_adaptive_ngroute,0.13060494987642912,0,false,0.1558,false,false,7.95,false,1.258523e6,1.0941536666666667e6,false,3
0.342,use_adaptive_ngroute,0.13060494987642912,0,false,0.164,false,false,8.7,false,1.258523e6,1.0941536666666667e6,false,2
0.649,use_lmSR3_cuts,0.1302261388223267,5,false,0.20199999999999999,false,false,8.8,false,1.258523e6,1.094630409090909e6,false,0
2.632,use_adaptive_ngroute,0.09299426464479255,0,false,0.248,false,false,8.8,false,1.234702e6,1.1198817954545454e6,false,1
0.95,use_adaptive_ngroute,0.09299174070771243,0,false,0.3076666666666667,false,false,8.85,false,1.234702e6,1.119884911764706e6,false,1
0.668,use_lmSR3_cuts,0.09299174070771266,1,false,0.3245,false,false,8.9,false,1.234702e6,1.1198849117647058e6,false,0
1.21,use_adaptive_ngroute,0.09222153402197453,0,false,0.3936666666666666,false,false,8.9,false,1.234702e6,1.1208358875e6,false,3
1.241,use_adaptive_ngroute,0.09221846095804376,0,false,0.4066666666666667,false,false,9.350000000000001,false,1.234702e6,1.1208396818181814e6,false,1
0.956,use_adaptive_ngroute,0.09220489660495723,0,false,0.47000000000000003,false,false,9.4,false,1.234702e6,1.120856429752066e6,false,3
0.841,use_lmSR3_cuts,0.09219348102605818,3,false,0.41050000000000003,false,false,9.549999999999999,false,1.234702e6,1.120870524590164e6,false,0
2.816,use_lmSR3_cuts,0.09100535999779702,10,false,0.5434000000000001,false,false,9.549999999999999,false,1.234702e6,1.1223375e6,false,0
2.003,use_lmSR3_cuts,0.08804411914777821,10,false,0.6576666666666667,false,false,9.549999999999999,false,1.234702e6,1.12599375e6,false,0
1.377,use_lmSR3_cuts,0.08769343154797593,10,false,0.6765,false,false,9.549999999999999,false,1.234702e6,1.126426744680851e6,false,0
1.862,use_lmSR3_cuts,0.08708882791151207,10,false,0.9075,false,false,9.549999999999999,false,1.234702e6,1.1271732500000002e6,false,0
1.852,use_adaptive_ngroute,0.086880743794859,0,false,0.9085,false,false,9.549999999999999,false,1.234702e6,1.127430171875e6,false,3
1.811,use_lmSR3_cuts,0.0868794575533206,10,false,0.8845,false,false,9.700000000000001,false,1.234702e6,1.12743176e6,false,0
1.862,use_adaptive_ngroute,0.08666197702207579,0,false,0.9115,false,false,9.700000000000001,false,1.234702e6,1.127700283646889e6,false,2
0.947,use_lmSR3_cuts,0.08665825136678307,10,false,0.927,false,false,9.799999999999999,false,1.234702e6,1.1277048837209302e6,false,0
1.798,use_lmSR3_cuts,0.08631171732126419,10,false,0.867,false,false,9.799999999999999,false,1.234702e6,1.1281327500000005e6,false,0
0.948,use_adaptive_ngroute,0.08624323925935184,0,false,0.925,false,false,9.799999999999999,false,1.234702e6,1.1282172999999998e6,false,1
2.765,use_lmSR3_cuts,0.08620387903465931,1,false,0.8983333333333333,false,false,9.85,false,1.234702e6,1.128265898148148e6,false,0
1.788,none,0.08620015193949637,0,false,0.8714999999999999,false,false,9.85,false,1.234702e6,1.1282705e6,false,0
