CG_time_taken,method,CG_LP_IP_gap,implemented_SR3_cuts_count,errored,CG_sp_time_taken_mean,converged,CGIP_artificial,ngroute_neighborhood_size,time_limit_reached,CGIP_objective,CGLP_objective,CGLP_artificial,cycles_lookup_length
2.143,use_adaptive_ngroute,0.20843355947581688,0,false,0.092,false,false,5.0,false,1.357846e6,1.074825325e6,false,17
1.776,use_adaptive_ngroute,0.043561141961117156,0,false,0.10914285714285715,false,false,6.75,false,1.187466e6,1.135738625e6,false,6
0.738,use_adaptive_ngroute,0.03286922741366882,0,false,0.17174999999999999,false,false,7.5,false,1.187466e6,1.1484349100000004e6,false,7
1.194,use_lmSR3_cuts,0.02502682182058269,6,false,0.19316666666666668,false,false,8.1,false,1.187466e6,1.1577475e6,false,0
1.973,use_adaptive_ngroute,0.014160742286516093,0,false,0.3736,false,false,8.1,false,1.187466e6,1.1706505999999999e6,false,2
0.473,use_lmSR3_cuts,0.013254695292328367,10,false,0.458,false,false,8.200000000000001,false,1.187466e6,1.1717265e6,false,0
0.553,use_lmSR3_cuts,0.008228216448072811,3,false,0.54,false,false,8.200000000000001,false,1.187466e6,1.1776952727272727e6,false,0
1.262,use_adaptive_ngroute,0.009122366450913133,0,false,0.40499999999999997,false,false,8.200000000000001,false,1.187466e6,1.1766335e6,false,1
0.873,use_lmSR3_cuts,0.009122366450913133,10,false,0.4245,false,false,8.45,false,1.187466e6,1.1766335e6,false,0
0.881,use_adaptive_ngroute,0.005319783892759888,0,false,0.426,false,false,8.45,false,1.187466e6,1.1811489375e6,false,2
1.258,use_lmSR3_cuts,0.005219570497176362,1,false,0.616,false,false,8.9,false,1.187466e6,1.1812679375e6,false,0
1.056,use_lmSR3_cuts,0.003498626486989953,10,false,0.517,false,false,8.9,false,1.187466e6,1.1833115e6,false,0
2.029,use_adaptive_ngroute,0.00029001002907047546,0,false,0.6556666666666667,false,false,8.9,false,1.187466e6,1.1871216229508198e6,false,5
1.405,none,0.0,0,false,0.679,true,false,9.15,false,1.187466e6,1.187466e6,false,0
