CG_time_taken,method,CG_LP_IP_gap,implemented_SR3_cuts_count,errored,CG_sp_time_taken_mean,converged,CGIP_artificial,ngroute_neighborhood_size,time_limit_reached,CGIP_objective,CGLP_objective,CGLP_artificial,cycles_lookup_length
1.797,use_adaptive_ngroute,0.28506584851336025,0,false,0.08623076923076922,false,false,5.0,false,1.430919e6,1.023012861111111e6,false,15
1.13,use_adaptive_ngroute,0.1052382280526275,0,false,0.09855555555555554,false,false,6.2,false,1.273706e6,1.1396634375e6,false,17
0.796,use_lmSR3_cuts,0.05440221709653814,2,false,0.11733333333333332,false,false,7.6,false,1.224552e6,1.15793365625e6,false,0
0.828,use_lmSR3_cuts,0.04827174890626662,2,false,0.19575,false,false,7.6,false,1.224552e6,1.1654407333333334e6,false,0
0.376,use_adaptive_ngroute,0.04675938628984322,0,false,0.1795,false,false,7.6,false,1.224552e6,1.1672927e6,false,3
0.427,use_lmSR3_cuts,0.0457738830200759,1,false,0.20600000000000002,false,false,7.95,false,1.224552e6,1.1684995e6,false,0
0.322,use_lmSR3_cuts,0.045126027042270755,10,false,0.314,false,false,7.95,false,1.224552e6,1.1692928333333333e6,false,0
1.075,use_adaptive_ngroute,0.039266212066550565,0,false,0.348,false,false,7.95,false,1.224552e6,1.1764684814814813e6,false,3
1.027,use_lmSR3_cuts,0.0364873541079086,10,false,0.3353333333333333,false,false,8.149999999999999,false,1.221108e6,1.176553e6,false,0
1.346,use_lmSR3_cuts,0.03311234550916076,2,false,0.32625,false,false,8.149999999999999,false,1.221108e6,1.1806742499999998e6,false,0
1.446,use_adaptive_ngroute,0.032095358376494465,0,false,0.3534999999999999,false,false,8.149999999999999,false,1.221108e6,1.1819161011235956e6,false,2
0.424,use_lmSR3_cuts,0.03206246854668493,10,false,0.413,false,false,8.45,false,1.221108e6,1.1819562631578946e6,false,0
2.116,use_lmSR3_cuts,0.03029804317268825,10,false,0.513,false,false,8.45,false,1.220968e6,1.1839750588235292e6,false,0
1.081,use_adaptive_ngroute,0.027333401114922995,0,false,0.519,false,false,8.45,false,1.220968e6,1.1875947919075147e6,false,3
1.095,use_adaptive_ngroute,0.02688943488681428,0,false,0.532,false,false,8.8,false,1.220968e6,1.188136860465116e6,false,4
2.493,use_adaptive_ngroute,0.02685681565774023,0,false,0.61025,false,false,9.2,false,1.220968e6,1.1881766875000002e6,false,2
1.341,use_lmSR3_cuts,0.026771424502181174,10,false,0.6585000000000001,false,false,9.299999999999999,false,1.220968e6,1.188280947368421e6,false,0
1.379,use_lmSR3_cuts,0.025924540596280132,10,false,0.6795,false,false,9.299999999999999,false,1.220968e6,1.189314965517241e6,false,0
2.893,use_lmSR3_cuts,0.024242062963592215,2,false,0.7065,false,false,9.299999999999999,false,1.220968e6,1.1913692168674688e6,false,0
2.186,use_lmSR3_cuts,0.024150750570156365,10,false,0.7106666666666669,false,false,9.299999999999999,false,1.220968e6,1.1914807063778574e6,false,0
1.568,use_lmSR3_cuts,0.02342097034414381,1,false,0.7665,false,false,9.299999999999999,false,1.220968e6,1.1923717446808515e6,false,0
2.099,use_lmSR3_cuts,0.023480983458833316,10,false,0.6793333333333335,false,false,9.299999999999999,false,1.220968e6,1.1922984705882352e6,false,0
1.58,use_adaptive_ngroute,0.022526709156702518,0,false,0.7759999999999999,false,false,9.299999999999999,false,1.220968e6,1.1934636089743592e6,false,1
1.575,use_lmSR3_cuts,0.02251652208835675,5,false,0.7705,false,false,9.350000000000001,false,1.220968e6,1.1934760470588233e6,false,0
1.687,use_lmSR3_cuts,0.022375504517728184,10,false,0.829,false,false,9.350000000000001,false,1.220968e6,1.1936482249999985e6,false,0
3.771,none,0.0220943091419622,0,false,1.2163333333333333,false,false,9.350000000000001,false,1.220968e6,1.1939915555555567e6,false,0
