CG_time_taken,method,CG_LP_IP_gap,implemented_SR3_cuts_count,errored,CG_sp_time_taken_mean,converged,CGIP_artificial,ngroute_neighborhood_size,time_limit_reached,CGIP_objective,CGLP_objective,CGLP_artificial,cycles_lookup_length
3.925,use_adaptive_ngroute,0.37765415622839027,0,false,0.16473333333333334,false,false,5.0,false,1.416884e6,881791.8685064935,false,17
2.663,use_adaptive_ngroute,0.003944051326855269,0,false,0.22236363636363637,false,false,5.949999999999999,false,1.049587e6,1.045447375e6,false,6
1.046,use_adaptive_ngroute,0.0020824857777392847,0,false,0.19680000000000003,false,false,6.7,false,1.049587e6,1.04740125e6,false,4
0.86,use_lmSR3_cuts,0.0009337005888983008,10,false,0.20825000000000002,false,false,7.1,false,1.049587e6,1.048607e6,false,0
3.949,none,0.0,0,false,0.483375,true,false,7.1,false,1.049587e6,1.049587e6,false,0
