CG_time_taken,method,CG_LP_IP_gap,implemented_SR3_cuts_count,errored,CG_sp_time_taken_mean,converged,CGIP_artificial,ngroute_neighborhood_size,time_limit_reached,CGIP_objective,CGLP_objective,CGLP_artificial,cycles_lookup_length
5.722,use_adaptive_ngroute,0.2933787332327422,0,false,0.2432666666666667,false,false,5.0,false,1.434265e6,1.013482151179941e6,false,19
1.599,use_adaptive_ngroute,0.1271574139625249,0,false,0.20700000000000002,false,false,7.550000000000001,false,1.245846e6,1.0874274444444443e6,false,10
1.567,use_adaptive_ngroute,0.10090877027176914,0,false,0.1855,false,false,8.4,false,1.210657e6,1.0884910909090908e6,false,4
1.306,use_lmSR3_cuts,0.10032436933004141,3,false,0.253,false,false,8.65,false,1.210657e6,1.0891986e6,false,0
2.062,use_adaptive_ngroute,0.09756658897858228,0,false,0.40179999999999993,false,false,8.65,false,1.210657e6,1.0925373260869565e6,false,2
0.831,use_lmSR3_cuts,0.09589768200241688,1,false,0.409,false,false,8.8,false,1.210657e6,1.0945578e6,false,0
1.553,use_lmSR3_cuts,0.040343932391876725,10,false,0.38225,false,false,8.8,false,1.140573e6,1.0945578e6,false,0
2.438,use_lmSR3_cuts,0.03728389151768452,10,false,0.4664,false,false,8.8,false,1.140573e6,1.098048e6,false,0
2.398,use_adaptive_ngroute,0.02739311183939963,0,false,0.768,false,false,8.8,false,1.140573e6,1.1093291562500005e6,false,4
1.677,use_lmSR3_cuts,0.025507091610970756,4,false,0.8260000000000001,false,false,9.15,false,1.140573e6,1.1114803000000003e6,false,0
3.029,use_lmSR3_cuts,0.024348580348064974,10,false,0.9876666666666667,false,false,9.15,false,1.140573e6,1.1128016666666665e6,false,0
4.348,none,0.021535666721902103,0,false,0.8250000000000001,false,false,9.15,false,1.140573e6,1.11601e6,false,0
