CG_time_taken,method,CG_LP_IP_gap,implemented_SR3_cuts_count,errored,CG_sp_time_taken_mean,converged,CGIP_artificial,ngroute_neighborhood_size,time_limit_reached,CGIP_objective,CGLP_objective,CGLP_artificial,cycles_lookup_length
3.56,use_adaptive_ngroute,0.33919202821974237,0,false,0.15485714285714286,false,false,5.0,false,1.372539e6,906984.7127793031,false,19
1.53,use_adaptive_ngroute,0.11652371870486944,0,false,0.14988888888888888,false,false,6.6,false,1.269926e6,1.1219495e6,false,3
0.624,use_adaptive_ngroute,0.11393632384879115,0,false,0.19933333333333333,false,false,7.05,false,1.269926e6,1.1252353e6,false,3
0.757,use_adaptive_ngroute,0.1092874702935448,0,false,0.24333333333333337,false,false,7.45,false,1.269926e6,1.1311389999999998e6,false,4
0.481,use_adaptive_ngroute,0.10924337323592082,0,false,0.2335,false,false,7.7,false,1.269926e6,1.131195e6,false,4
0.515,use_lmSR3_cuts,0.10922289960202403,7,false,0.2515,false,false,7.8999999999999995,false,1.269926e6,1.131221e6,false,0
2.586,use_adaptive_ngroute,0.06636807614556928,0,false,0.41533333333333333,false,false,7.8999999999999995,false,1.238643e6,1.1564366470588236e6,false,1
0.958,use_adaptive_ngroute,0.06553925290992257,0,false,0.4705,false,false,8.0,false,1.238643e6,1.1574632631578948e6,false,5
1.196,use_lmSR3_cuts,0.06721035753553584,4,false,0.588,false,false,8.45,false,1.238643e6,1.1553933611111112e6,false,0
2.06,use_lmSR3_cuts,0.0649829423543884,10,false,0.497,false,false,8.45,false,1.238643e6,1.1581523333333333e6,false,0
2.284,use_adaptive_ngroute,0.06010892565493042,0,false,0.7473333333333333,false,false,8.45,false,1.238643e6,1.1641895e6,false,2
3.589,use_adaptive_ngroute,0.05787377087382739,0,false,0.8867499999999999,false,false,8.6,false,1.238643e6,1.1669580588235299e6,false,2
1.848,use_adaptive_ngroute,0.05765126298161216,0,false,0.901,false,false,8.75,false,1.238643e6,1.167233666666667e6,false,2
2.931,use_lmSR3_cuts,0.0574515820942757,1,false,0.951,false,false,8.85,false,1.238643e6,1.167481e6,false,0
2.397,use_lmSR3_cuts,0.05662224708814401,1,false,0.7883333333333333,false,false,8.85,false,1.238643e6,1.16850825e6,false,0
1.78,use_adaptive_ngroute,0.055812107170564174,0,false,0.878,false,false,8.85,false,1.238643e6,1.169511724137931e6,false,1
2.95,use_lmSR3_cuts,0.055801389100814336,10,false,0.9626666666666667,false,false,8.9,false,1.238643e6,1.169525e6,false,0
5.371,use_lmSR3_cuts,0.05521506196700743,10,false,1.3167499999999999,false,false,8.9,false,1.238643e6,1.17025125e6,false,0
3.886,use_lmSR3_cuts,0.05358380098220383,10,false,1.2656666666666667,false,false,8.9,false,1.238643e6,1.1722718e6,false,0
6.512,none,0.053156559234581735,0,false,1.2582000000000002,false,false,8.9,false,1.238643e6,1.172801e6,false,0
