CG_time_taken,method,CG_LP_IP_gap,implemented_SR3_cuts_count,errored,CG_sp_time_taken_mean,converged,CGIP_artificial,ngroute_neighborhood_size,time_limit_reached,CGIP_objective,CGLP_objective,CGLP_artificial,cycles_lookup_length
4.728,use_adaptive_ngroute,0.31496464683691094,0,false,0.18353333333333338,false,false,5.0,false,1.531054e6,1.0488261176017602e6,false,23
3.17,use_adaptive_ngroute,0.0409503620454692,0,false,0.20064285714285712,false,false,6.875,false,1.196811e6,1.14780115625e6,false,4
1.16,use_SR3_cuts,0.04088506230949773,8,false,0.27875000000000005,false,false,7.166666666666666,false,1.196811e6,1.1478793076923077e6,false,0
14.296,use_SR3_cuts,0.020340304358833827,3,false,2.2215,false,false,7.166666666666666,false,1.196811e6,1.1724674999999998e6,false,0
6.681,use_adaptive_ngroute,0.017743820870630533,0,false,2.1390000000000002,false,false,7.166666666666666,false,1.196811e6,1.1755749999999998e6,false,4
9.462,use_SR3_cuts,0.01759453525521848,2,false,3.022,false,false,7.458333333333333,false,1.196811e6,1.1757536666666667e6,false,0
6.752,use_SR3_cuts,0.01712551104560367,10,false,2.225,false,false,7.458333333333333,false,1.196811e6,1.176315e6,false,0
15.261,use_adaptive_ngroute,0.010241776816762416,0,false,5.048333333333334,false,false,7.458333333333333,false,1.196811e6,1.1845535288461538e6,false,1
4.907,use_SR3_cuts,0.009489577526635595,1,false,4.8709999999999996,false,false,7.5,false,1.196811e6,1.1854537692307697e6,false,0
15.462,use_SR3_cuts,0.009009776815219417,1,false,5.102666666666666,false,false,7.5,false,1.196811e6,1.1860280000000005e6,false,0
14.386,use_SR3_cuts,0.008986214197563402,10,false,7.1555,false,false,7.5,false,1.196811e6,1.1860562e6,false,0
20.873,use_adaptive_ngroute,0.005658671252186109,0,false,10.3885,false,false,7.5,false,1.196811e6,1.19003864e6,false,3
37.287,use_SR3_cuts,0.0056276828398742484,1,false,12.378333333333332,false,false,7.708333333333333,false,1.196811e6,1.1900757272727273e6,false,0
34.685,use_SR3_cuts,0.005551753785685953,10,false,17.2995,false,false,7.708333333333333,false,1.196811e6,1.1901665999999994e6,false,0
74.166,use_SR3_cuts,0.004217040117445614,1,false,24.660999999999998,false,false,7.708333333333333,false,1.196811e6,1.1917639999999998e6,false,0
44.782,use_SR3_cuts,0.004080144786572704,10,false,22.348,false,false,7.708333333333333,false,1.196811e6,1.1919278378378372e6,false,0
62.217,use_SR3_cuts,0.0038157076188841677,2,false,31.042,false,false,7.708333333333333,false,1.196811e6,1.1922443191489356e6,false,0
73.22,use_adaptive_ngroute,0.003731915744597303,0,false,36.538500000000006,false,false,7.708333333333333,false,1.196811e6,1.1923446021857928e6,false,1
93.269,use_SR3_cuts,0.0036831266980714705,10,false,46.580999999999996,false,false,7.75,false,1.196811e6,1.1924029934533543e6,false,0
71.733,use_adaptive_ngroute,0.003144618346788697,0,false,35.793,false,false,7.75,false,1.196811e6,1.1930474861717615e6,false,3
73.529,use_SR3_cuts,0.00312690320752107,1,false,36.703,false,false,8.0,false,1.196811e6,1.1930686878453034e6,false,0
124.209,use_SR3_cuts,0.00299552284261817,10,false,41.32566666666666,false,false,8.0,false,1.196811e6,1.1932259253112033e6,false,0
94.446,use_SR3_cuts,0.0027709502299584354,10,false,47.147000000000006,false,false,8.0,false,1.196811e6,1.1934946962843332e6,false,0
157.057,use_adaptive_ngroute,0.002450238275745975,0,false,78.4195,false,false,8.0,false,1.196811e6,1.1938785278789662e6,false,1
143.301,use_SR3_cuts,0.0024460737743884353,10,false,71.591,false,false,8.041666666666666,false,1.196811e6,1.1938835120000003e6,false,0
127.153,use_SR3_cuts,0.002318958545286409,10,false,63.48350000000001,false,false,8.041666666666666,false,1.196811e6,1.1940356449044573e6,false,0
193.679,use_SR3_cuts,0.002017026915691278,10,false,96.7785,false,false,8.041666666666666,false,1.196811e6,1.1943970000000047e6,false,0
287.34,use_SR3_cuts,0.0018302684589193152,9,false,143.4355,false,false,8.041666666666666,false,1.196811e6,1.1946205145754123e6,false,0
462.512,use_SR3_cuts,0.0017348334508213714,10,false,154.07733333333334,false,false,8.041666666666666,false,1.196811e6,1.194734732242889e6,false,0
400.507,none,0.001720269622221715,0,false,133.29633333333334,false,false,8.041666666666666,false,1.196811e6,1.1947521623931592e6,false,0
