CG_time_taken,method,CG_LP_IP_gap,implemented_SR3_cuts_count,errored,CG_sp_time_taken_mean,converged,CGIP_artificial,ngroute_neighborhood_size,time_limit_reached,CGIP_objective,CGLP_objective,CGLP_artificial,cycles_lookup_length
2.171,use_adaptive_ngroute,0.2981714692083962,0,false,0.07566666666666667,false,false,5.0,false,1.635844e6,1.1480819911242602e6,false,21
1.751,use_adaptive_ngroute,0.12971491451510997,0,false,0.1723333333333333,false,false,7.291666666666667,false,1.374044e6,1.1958100000000002e6,false,5
1.21,use_adaptive_ngroute,0.12280199591789809,0,false,0.191,false,false,7.583333333333334,false,1.374044e6,1.2053086543209876e6,false,4
0.523,use_SR3_cuts,0.1160646157538543,7,false,0.2555,false,false,7.916666666666667,false,1.374044e6,1.214566111111111e6,false,0
6.227,use_adaptive_ngroute,0.054512251702074854,0,false,1.0090000000000001,false,false,7.916666666666667,false,1.297534e6,1.2268025e6,false,1
4.207,use_adaptive_ngroute,0.040990085305709245,0,false,1.3736666666666668,false,false,7.958333333333333,false,1.281196e6,1.2286796666666665e6,false,1
1.587,use_adaptive_ngroute,0.0407096182004939,0,false,0.7865,false,false,8.0,false,1.281196e6,1.229039e6,false,2
3.043,use_SR3_cuts,0.0407096182004939,1,false,0.9963333333333333,false,false,8.458333333333334,false,1.281196e6,1.229039e6,false,0
6.012,use_adaptive_ngroute,0.035581268554825574,0,false,1.9413333333333334,false,false,8.458333333333334,false,1.281196e6,1.2356094210526317e6,false,1
3.57,use_SR3_cuts,0.03440184015560466,1,false,1.776,false,false,8.5,false,1.281196e6,1.2371205e6,false,0
7.552,use_SR3_cuts,0.03440184015560466,10,false,2.4883333333333333,false,false,8.5,false,1.281196e6,1.2371205e6,false,0
26.38,use_adaptive_ngroute,0.024415612587913915,0,false,6.545249999999999,false,false,8.5,false,1.281196e6,1.249914814814815e6,false,1
12.268,use_adaptive_ngroute,0.02342437107695927,0,false,6.1015,false,false,8.541666666666666,false,1.281196e6,1.251184789473684e6,false,1
12.011,use_SR3_cuts,0.023034726927027238,1,false,5.981,false,false,8.583333333333332,false,1.281196e6,1.2516840000000005e6,false,0
15.477,use_SR3_cuts,0.022434859187705714,2,false,7.722,false,false,8.583333333333332,false,1.281196e6,1.2524525481481482e6,false,0
16.528,use_SR3_cuts,0.022021430937006925,1,false,8.2415,false,false,8.583333333333332,false,1.281196e6,1.2529822307692305e6,false,0
25.052,use_SR3_cuts,0.021908435555527572,10,false,8.327666666666666,false,false,8.583333333333332,false,1.281196e6,1.2531270000000002e6,false,0
28.153,use_SR3_cuts,0.016570194308026864,1,false,9.318,false,false,8.583333333333332,false,1.281196e6,1.2599663333333333e6,false,0
25.616,use_SR3_cuts,0.016248459672416837,10,false,12.767,false,false,8.583333333333332,false,1.281196e6,1.2603785384615383e6,false,0
101.783,use_SR3_cuts,0.004713858432039086,10,false,25.406000000000002,false,false,8.583333333333332,false,1.272383e6,1.2663851666666667e6,false,0
58.004,use_SR3_cuts,0.00338498706757262,10,false,28.9445,false,false,8.583333333333332,false,1.272383e6,1.2680760000000007e6,false,0
262.436,none,0.0027947559814930356,0,false,52.4448,false,false,8.583333333333332,false,1.272383e6,1.268827e6,false,0
