CG_time_taken,method,CG_LP_IP_gap,implemented_SR3_cuts_count,errored,CG_sp_time_taken_mean,converged,CGIP_artificial,ngroute_neighborhood_size,time_limit_reached,CGIP_objective,CGLP_objective,CGLP_artificial,cycles_lookup_length
7.305,use_adaptive_ngroute,0.2636488443609517,0,false,0.2911176470588235,false,false,5.0,false,1.402338e6,1.0326132068965517e6,false,23
4.758,use_adaptive_ngroute,0.0499574935623619,0,false,0.28713333333333335,false,false,6.916666666666666,false,1.20946e6,1.1490384098360657e6,false,8
3.505,use_SR3_cuts,0.03448026391943515,1,false,0.3781111111111111,false,false,7.333333333333334,false,1.20946e6,1.1677575e6,false,0
2.607,use_adaptive_ngroute,0.03247675271057615,0,false,0.5062000000000001,false,false,7.333333333333334,false,1.20946e6,1.1701806666666665e6,false,7
1.779,use_SR3_cuts,0.03247675271057604,2,false,0.5803333333333333,false,false,7.75,false,1.20946e6,1.1701806666666667e6,false,0
1.214,use_SR3_cuts,0.031602808967087226,1,false,0.5915,false,false,7.75,false,1.20946e6,1.1712376666666667e6,false,0
4.829,use_SR3_cuts,0.030728865223598523,1,false,0.7811666666666666,false,false,7.75,false,1.20946e6,1.1722946666666665e6,false,0
4.056,use_SR3_cuts,0.029611837789867645,10,false,1.3039999999999998,false,false,7.75,false,1.20946e6,1.1736456666666667e6,false,0
4.436,use_SR3_cuts,0.027726974572674146,10,false,1.424,false,false,7.75,false,1.20946e6,1.1759253333333335e6,false,0
6.076,use_SR3_cuts,0.025736003395454787,10,false,1.9909999999999999,false,false,7.75,false,1.20946e6,1.1783333333333333e6,false,0
7.431,use_SR3_cuts,0.022271739270234625,10,false,2.4346666666666663,false,false,7.75,false,1.20946e6,1.182523222222222e6,false,0
6.117,none,0.020583786703707974,0,false,3.0284999999999997,false,false,7.75,false,1.20946e6,1.1845647333333334e6,false,0
