CG_time_taken,method,CG_LP_IP_gap,implemented_SR3_cuts_count,errored,CG_sp_time_taken_mean,converged,CGIP_artificial,ngroute_neighborhood_size,time_limit_reached,CGIP_objective,CGLP_objective,CGLP_artificial,cycles_lookup_length
2.464,use_adaptive_ngroute,0.3669243056470419,0,false,0.09294117647058825,false,false,5.0,false,1.544998e6,978100.6816239315,false,17
2.651,use_adaptive_ngroute,0.08826815409346644,0,false,0.2722222222222222,false,false,6.05,false,1.184169e6,1.079644588235294e6,false,5
1.83,use_adaptive_ngroute,0.04914860208769667,0,false,0.45175000000000004,false,false,6.8500000000000005,false,1.147034e6,1.090658882352941e6,false,1
0.495,use_SR3_cuts,0.04893030831930645,5,false,0.489,false,false,7.0,false,1.147034e6,1.0909092727272727e6,false,0
2.745,use_SR3_cuts,0.0481899403156314,1,false,0.9039999999999999,false,false,7.0,false,1.147034e6,1.0917585e6,false,0
8.903,use_SR3_cuts,0.037224158133063234,3,false,2.1932500000000004,false,false,7.0,false,1.147034e6,1.104336625e6,false,0
12.245,use_SR3_cuts,0.0316328438114486,4,false,4.074333333333334,false,false,7.0,false,1.147034e6,1.1107500526315789e6,false,0
16.312,use_adaptive_ngroute,0.028179555696876024,0,false,5.428,false,false,7.0,false,1.144759e6,1.1125002e6,false,1
12.026,use_SR3_cuts,0.02808180004117289,1,false,6.005,false,false,7.05,false,1.144759e6,1.112612106666667e6,false,0
14.108,use_SR3_cuts,0.028081310855239572,10,false,7.0455,false,false,7.05,false,1.144759e6,1.1126126666666667e6,false,0
21.86,use_SR3_cuts,0.02268836871840585,2,false,7.276666666666667,false,false,7.05,false,1.144759e6,1.1187862857142864e6,false,0
15.798,use_SR3_cuts,0.022594071474141386,10,false,7.890499999999999,false,false,7.05,false,1.144759e6,1.1188942333333334e6,false,0
33.69,use_adaptive_ngroute,0.01969415767494298,0,false,16.718,false,false,7.05,false,1.144759e6,1.12221393575419e6,false,2
30.676,use_SR3_cuts,0.019531456425601834,1,false,15.322000000000001,false,false,7.15,false,1.144759e6,1.1224001894736844e6,false,0
28.784,use_SR3_cuts,0.018726346633793023,10,false,14.3795,false,false,7.15,false,1.144759e6,1.1233218461538458e6,false,0
50.624,use_adaptive_ngroute,0.014632962990444698,0,false,16.852333333333334,false,false,7.15,false,1.144759e6,1.1280077839200215e6,false,1
24.021,use_adaptive_ngroute,0.014596940049934504,0,false,11.977,false,false,7.2,false,1.144759e6,1.128049021505377e6,false,1
23.676,use_adaptive_ngroute,0.01459694004993517,0,false,11.8255,false,false,7.6,false,1.144759e6,1.1280490215053763e6,false,1
11.688,use_SR3_cuts,0.014594546231114336,2,false,11.67,false,false,7.6499999999999995,false,1.144759e6,1.1280517618510157e6,false,0
36.151,use_SR3_cuts,0.014274292667714295,10,false,18.059499999999996,false,false,7.6499999999999995,false,1.144759e6,1.128418375e6,false,0
81.854,use_SR3_cuts,0.010561719725585283,1,false,27.219666666666665,false,false,7.6499999999999995,false,1.144759e6,1.1326683762886587e6,false,0
27.58,use_SR3_cuts,0.01055733657530411,10,false,27.558,false,false,7.6499999999999995,false,1.144759e6,1.1326733939393915e6,false,0
120.484,use_SR3_cuts,0.008259569487705787,10,false,30.06175,false,false,7.6499999999999995,false,1.144759e6,1.1353037834928234e6,false,0
25.643,use_SR3_cuts,0.007467400332623608,10,false,25.608,false,false,7.6499999999999995,false,1.144759e6,1.1362106262626261e6,false,0
42.631,use_SR3_cuts,0.007063733700517605,5,false,21.2735,false,false,7.6499999999999995,false,1.144759e6,1.1366727272727292e6,false,0
48.727,use_SR3_cuts,0.0070424375832032204,10,false,24.334000000000003,false,false,7.6499999999999995,false,1.144759e6,1.1366971061946899e6,false,0
74.818,none,0.0069720885453707915,0,false,37.357499999999995,false,false,7.6499999999999995,false,1.144759e6,1.13677763888889e6,false,0
