CG_time_taken,method,CG_LP_IP_gap,implemented_SR3_cuts_count,errored,CG_sp_time_taken_mean,converged,CGIP_artificial,ngroute_neighborhood_size,time_limit_reached,CGIP_objective,CGLP_objective,CGLP_artificial,cycles_lookup_length
0.852,use_adaptive_ngroute,0.37775250120048653,0,false,0.045181818181818184,false,false,5.0,false,1.504174e6,935968.5092592593,false,20
1.009,use_adaptive_ngroute,0.033252087051298895,0,false,0.08399999999999999,false,false,6.949999999999999,false,1.168874e6,1.1300065e6,false,4
0.478,use_adaptive_ngroute,0.010053614904549812,0,false,0.08520000000000001,false,false,7.15,false,1.163652e6,1.1519530909090908e6,false,2
0.45,use_lmSR3_cuts,0.0030258187155609573,3,false,0.08319999999999998,false,false,7.25,false,1.163652e6,1.160131e6,false,0
0.349,none,0.0,0,false,0.16449999999999998,true,false,7.25,false,1.163652e6,1.163652e6,false,0
