CG_time_taken,method,CG_LP_IP_gap,implemented_SR3_cuts_count,errored,CG_sp_time_taken_mean,converged,CGIP_artificial,ngroute_neighborhood_size,time_limit_reached,CGIP_objective,CGLP_objective,CGLP_artificial,cycles_lookup_length
4.877,use_adaptive_ngroute,0.31496464683691094,0,false,0.1852,false,false,5.0,false,1.531054e6,1.0488261176017602e6,false,23
3.242,use_adaptive_ngroute,0.0409503620454692,0,false,0.20507142857142857,false,false,6.875,false,1.196811e6,1.14780115625e6,false,4
1.206,use_lmSR3_cuts,0.04088506230949773,8,false,0.28925,false,false,7.166666666666666,false,1.196811e6,1.1478793076923077e6,false,0
6.013,use_adaptive_ngroute,0.018581804390782497,0,false,0.9625,false,false,7.166666666666666,false,1.196811e6,1.1745720921052631e6,false,6
3.002,use_lmSR3_cuts,0.018404883199324318,3,false,0.9743333333333334,false,false,7.583333333333334,false,1.196811e6,1.1747838333333335e6,false,0
7.819,use_lmSR3_cuts,0.02067640588196462,10,false,0.8447777777777776,false,false,7.583333333333334,false,1.196811e6,1.17206525e6,false,0
3.988,use_lmSR3_cuts,0.014966987885058902,3,false,0.97,false,false,7.583333333333334,false,1.196811e6,1.1788983442622947e6,false,0
0.929,use_lmSR3_cuts,0.014357042729943537,10,false,0.907,false,false,7.583333333333334,false,1.196811e6,1.1796283333333335e6,false,0
2.058,use_lmSR3_cuts,0.011803839969085739,1,false,1.009,false,false,7.583333333333334,false,1.196811e6,1.1826840344827585e6,false,0
2.272,use_lmSR3_cuts,0.011709017949769085,1,false,1.0959999999999999,false,false,7.583333333333334,false,1.196811e6,1.182797518518519e6,false,0
2.206,use_lmSR3_cuts,0.01170075287041128,10,false,1.066,false,false,7.583333333333334,false,1.196811e6,1.1828074102564103e6,false,0
4.685,use_adaptive_ngroute,0.008373178806010184,0,false,1.5223333333333333,false,false,7.583333333333334,false,1.196811e6,1.1867898875000002e6,false,1
4.428,use_lmSR3_cuts,0.008159714744965574,10,false,1.06825,false,false,7.625,false,1.196811e6,1.187045363636363e6,false,0
3.185,use_lmSR3_cuts,0.0062332737858460385,1,false,1.5645,false,false,7.625,false,1.196811e6,1.1893509493670878e6,false,0
2.614,use_lmSR3_cuts,0.006051707412449758,10,false,1.268,false,false,7.625,false,1.196811e6,1.1895682499999986e6,false,0
4.475,use_adaptive_ngroute,0.0047241721345043786,0,false,2.169,false,false,7.625,false,1.196811e6,1.1911570588235317e6,false,3
10.042,use_lmSR3_cuts,0.004360396876320949,1,false,3.306666666666666,false,false,7.916666666666667,false,1.196811e6,1.1915924290540535e6,false,0
6.598,use_lmSR3_cuts,0.004357562619026423,10,false,3.2394999999999996,false,false,7.916666666666667,false,1.196811e6,1.1915958211243604e6,false,0
6.588,use_adaptive_ngroute,0.0019250055093033014,0,false,3.2464999999999997,false,false,7.916666666666667,false,1.196811e6,1.1945071322314052e6,false,2
2.963,use_lmSR3_cuts,0.0018685553544707245,6,false,2.927,false,false,8.083333333333334,false,1.196811e6,1.1945746923976606e6,false,0
9.553,use_adaptive_ngroute,0.0022138877752689856,0,false,3.128333333333333,false,false,8.083333333333334,false,1.196811e6,1.1941613947577926e6,false,1
6.643,use_lmSR3_cuts,0.0013282273788528531,10,false,3.294,false,false,8.166666666666666,false,1.196811e6,1.1952213628624878e6,false,0
17.124,use_lmSR3_cuts,0.00030767666735442845,1,false,4.23225,false,false,8.166666666666666,false,1.196811e6,1.1964427691800669e6,false,0
16.498,use_lmSR3_cuts,0.0004662923634394245,10,false,4.06725,false,false,8.166666666666666,false,1.196811e6,1.1962529361702197e6,false,0
28.264,use_lmSR3_cuts,0.00023347327925404837,1,false,5.5878000000000005,false,false,8.166666666666666,false,1.196811e6,1.1965315766111827e6,false,0
11.803,use_adaptive_ngroute,0.00014101423207679709,0,false,5.830500000000001,false,false,8.166666666666666,false,1.196811e6,1.196642232615894e6,false,1
11.616,use_lmSR3_cuts,0.00012978529371865388,1,false,5.766,false,false,8.208333333333334,false,1.196811e6,1.1966556715328393e6,false,0
10.919,use_lmSR3_cuts,0.00012245476381433917,10,false,5.39,false,false,8.208333333333334,false,1.196811e6,1.1966644447916646e6,false,0
14.213,none,2.220446049250313e-16,0,false,7.033,true,false,8.208333333333334,false,1.196811e6,1.1968109999999998e6,false,0
