CG_time_taken,method,CG_LP_IP_gap,implemented_SR3_cuts_count,errored,CG_sp_time_taken_mean,converged,CGIP_artificial,ngroute_neighborhood_size,time_limit_reached,CGIP_objective,CGLP_objective,CGLP_artificial,cycles_lookup_length
3.749,use_adaptive_ngroute,0.27408412152926354,0,false,0.13429411764705884,false,false,5.0,false,1.570464e6,1.1400247541666667e6,false,20
4.152,use_adaptive_ngroute,0.13563986956185348,0,false,0.2984166666666666,false,false,6.375,false,1.417479e6,1.2252123333333335e6,false,4
2.175,use_adaptive_ngroute,0.08262883954423983,0,false,0.3353333333333333,false,false,6.541666666666667,false,1.352344e6,1.2406013846153845e6,false,3
0.624,use_adaptive_ngroute,0.08119531716782125,0,false,0.303,false,false,6.666666666666666,false,1.352344e6,1.24254e6,false,1
0.69,use_lmSR3_cuts,0.08088240368821342,4,false,0.336,false,false,6.708333333333334,false,1.352344e6,1.2429631666666667e6,false,0
3.448,use_lmSR3_cuts,0.037771673122711014,3,false,0.5611666666666667,false,false,6.708333333333334,false,1.296785e6,1.2478032608695652e6,false,0
2.764,use_lmSR3_cuts,0.033348627567407085,1,false,0.68025,false,false,6.708333333333334,false,1.296785e6,1.253539e6,false,0
2.457,use_lmSR3_cuts,0.03218266713449047,1,false,0.6022500000000001,false,false,6.708333333333334,false,1.296785e6,1.2550509999999998e6,false,0
1.945,use_lmSR3_cuts,0.029685408600957808,5,false,0.607,false,false,6.708333333333334,false,1.296785e6,1.258289407407407e6,false,0
1.871,use_adaptive_ngroute,0.02992188046801303,0,false,0.6053333333333334,false,false,6.708333333333334,false,1.296785e6,1.2579827542372877e6,false,3
1.821,use_adaptive_ngroute,0.028878710241766692,0,false,0.594,false,false,6.833333333333333,false,1.296785e6,1.2593355217391306e6,false,6
1.631,use_lmSR3_cuts,0.028844076726470158,1,false,0.7999999999999999,false,false,7.375,false,1.296785e6,1.2593804339622643e6,false,0
3.694,use_lmSR3_cuts,0.028215653607680857,1,false,0.728,false,false,7.375,false,1.296785e6,1.2601953636363635e6,false,0
1.346,use_lmSR3_cuts,0.02819505546409007,1,false,0.663,false,false,7.375,false,1.296785e6,1.260222075e6,false,0
1.962,use_lmSR3_cuts,0.028165231707646066,10,false,0.6426666666666667,false,false,7.375,false,1.296785e6,1.2602607500000002e6,false,0
4.357,use_adaptive_ngroute,0.017588467482222758,0,false,0.8498000000000001,false,false,7.375,false,1.295476e6,1.2726905625e6,false,2
1.534,use_lmSR3_cuts,0.017362086728481718,1,false,0.7525000000000001,false,false,7.583333333333334,false,1.295476e6,1.2729838333333335e6,false,0
2.641,use_lmSR3_cuts,0.017362086728481718,1,false,0.8666666666666667,false,false,7.583333333333334,false,1.295476e6,1.2729838333333335e6,false,0
3.026,use_lmSR3_cuts,0.016932965180366133,10,false,0.995,false,false,7.583333333333334,false,1.295476e6,1.27353975e6,false,0
3.465,none,0.016680355328851593,0,false,1.1446666666666667,false,false,7.583333333333334,false,1.295476e6,1.2738670000000007e6,false,0
