CG_time_taken,method,CG_LP_IP_gap,implemented_SR3_cuts_count,errored,CG_sp_time_taken_mean,converged,CGIP_artificial,ngroute_neighborhood_size,time_limit_reached,CGIP_objective,CGLP_objective,CGLP_artificial,cycles_lookup_length
3.769,use_adaptive_ngroute,0.24297001800328044,0,false,0.12762500000000002,false,false,5.0,false,1.319507e6,998906.3604545455,false,21
1.786,use_adaptive_ngroute,0.030227648907333315,0,false,0.16888888888888892,false,false,6.583333333333333,false,1.167236e6,1.1319532e6,false,2
1.276,use_adaptive_ngroute,0.02569446110298179,0,false,0.19566666666666668,false,false,7.208333333333333,false,1.167236e6,1.1372445e6,false,2
1.096,use_adaptive_ngroute,0.022938805862738776,0,false,0.20659999999999998,false,false,7.541666666666667,false,1.167236e6,1.1404610000000002e6,false,2
1.175,use_lmSR3_cuts,0.022391073156299846,2,false,0.22700000000000004,false,false,7.666666666666667,false,1.167236e6,1.1411003333333333e6,false,0
0.814,use_adaptive_ngroute,0.02101074675558323,0,false,0.39549999999999996,false,false,7.666666666666667,false,1.167236e6,1.1427115e6,false,2
0.751,use_lmSR3_cuts,0.01900986604251409,2,false,0.359,false,false,7.833333333333334,false,1.167236e6,1.145047e6,false,0
0.942,use_lmSR3_cuts,0.016433274679603538,5,false,0.4605,false,false,7.833333333333334,false,1.167236e6,1.1480544901960783e6,false,0
1.425,use_lmSR3_cuts,0.015404322690526828,4,false,0.44699999999999995,false,false,7.833333333333334,false,1.167236e6,1.1492555200000003e6,false,0
0.834,use_lmSR3_cuts,0.01373220777351547,10,false,0.4045,false,false,7.833333333333334,false,1.167236e6,1.151207272727273e6,false,0
0.718,use_lmSR3_cuts,0.009212660585270815,3,false,0.702,false,false,7.833333333333334,false,1.167236e6,1.1564826509090909e6,false,0
3.546,use_lmSR3_cuts,0.011111077794036528,10,false,0.5705,false,false,7.833333333333334,false,1.167236e6,1.15426675e6,false,0
2.519,use_lmSR3_cuts,0.009565332117926428,10,false,0.8190000000000001,false,false,7.833333333333334,false,1.167236e6,1.156071e6,false,0
1.839,use_adaptive_ngroute,0.007968711268900974,0,false,0.8985,false,false,7.833333333333334,false,1.167236e6,1.157934633333333e6,false,1
2.151,use_lmSR3_cuts,0.00783702353251614,10,false,1.0355,false,false,8.041666666666666,false,1.167236e6,1.158088344e6,false,0
4.554,use_adaptive_ngroute,0.005376572953710634,0,false,1.4663333333333335,false,false,8.041666666666666,false,1.167236e6,1.1609602704918026e6,false,2
3.215,use_lmSR3_cuts,0.005238570601207138,2,false,1.5685,false,false,8.208333333333334,false,1.167236e6,1.1611213518057293e6,false,0
1.603,use_lmSR3_cuts,0.005209648292155533,10,false,1.547,false,false,8.208333333333334,false,1.167236e6,1.1611551109660575e6,false,0
5.507,use_adaptive_ngroute,0.0018473995442904734,0,false,1.315,false,false,8.208333333333334,false,1.167236e6,1.1650796487455205e6,false,2
6.583,use_adaptive_ngroute,0.0018795383937519894,0,false,1.60525,false,false,8.541666666666666,false,1.167236e6,1.1650421351234305e6,false,1
5.438,use_lmSR3_cuts,0.0018122492393919387,1,false,1.779,false,false,8.666666666666668,false,1.167236e6,1.1651206774468091e6,false,0
3.574,use_lmSR3_cuts,0.0017901107191630183,10,false,1.7265000000000001,false,false,8.666666666666668,false,1.167236e6,1.165146518324607e6,false,0
8.852,none,-6.661338147750939e-16,0,false,2.17225,true,false,8.666666666666668,false,1.167236e6,1.1672360000000007e6,false,0
