CG_time_taken,method,CG_LP_IP_gap,implemented_SR3_cuts_count,errored,CG_sp_time_taken_mean,converged,CGIP_artificial,ngroute_neighborhood_size,time_limit_reached,CGIP_objective,CGLP_objective,CGLP_artificial,cycles_lookup_length
3.615,use_adaptive_ngroute,0.44114231584790065,0,false,0.17192307692307696,false,false,5.0,false,2.034627e6,1.1370669333333333e6,false,22
3.777,use_adaptive_ngroute,0.027325335370843695,0,false,0.34700000000000003,false,false,6.916666666666666,false,1.269926e6,1.235224846153846e6,false,11
1.967,use_adaptive_ngroute,0.018483476248870923,0,false,0.379,false,false,8.208333333333334,false,1.269926e6,1.2464533529411764e6,false,5
1.732,use_lmSR3_cuts,0.0184481877946695,13,false,0.5706666666666665,false,false,8.416666666666666,false,1.269926e6,1.2464981666666665e6,false,0
6.656,use_lmSR3_cuts,0.0040128322437683606,3,false,1.2956,false,false,8.416666666666666,false,1.269926e6,1.2648300000000002e6,false,0
3.127,use_lmSR3_cuts,0.003461619023470641,10,false,1.0213333333333332,false,false,8.416666666666666,false,1.269926e6,1.26553e6,false,0
6.804,none,0.0,0,false,1.313,true,false,8.416666666666666,false,1.269926e6,1.269926e6,false,0
