CG_time_taken,method,CG_LP_IP_gap,implemented_SR3_cuts_count,errored,CG_sp_time_taken_mean,converged,CGIP_artificial,ngroute_neighborhood_size,time_limit_reached,CGIP_objective,CGLP_objective,CGLP_artificial,cycles_lookup_length
3.565,use_adaptive_ngroute,0.23751192438407231,0,false,0.11368421052631579,false,false,5.0,false,1.548526e6,1.18073260978123e6,false,23
3.599,use_adaptive_ngroute,0.057513860232006664,0,false,0.28136363636363637,false,false,7.291666666666667,false,1.294531e6,1.2200775250000001e6,false,9
1.446,use_lmSR3_cuts,0.056698526338882616,4,false,0.2722,false,false,8.041666666666666,false,1.294531e6,1.221133e6,false,0
3.852,use_lmSR3_cuts,0.005977107508917889,10,false,0.5104285714285716,false,false,8.041666666666666,false,1.240232e6,1.2328189999999998e6,false,0
2.15,none,-2.220446049250313e-16,0,false,0.6976666666666667,true,false,8.041666666666666,false,1.240232e6,1.2402320000000002e6,false,0
