CG_time_taken,method,CG_LP_IP_gap,implemented_SR3_cuts_count,errored,CG_sp_time_taken_mean,converged,CGIP_artificial,ngroute_neighborhood_size,time_limit_reached,CGIP_objective,CGLP_objective,CGLP_artificial,cycles_lookup_length
6.417,use_adaptive_ngroute,0.2636488443609517,0,false,0.24041176470588235,false,false,5.0,false,1.402338e6,1.0326132068965517e6,false,23
4.247,use_adaptive_ngroute,0.0499574935623619,0,false,0.25326666666666664,false,false,6.916666666666666,false,1.20946e6,1.1490384098360657e6,false,8
3.077,use_lmSR3_cuts,0.03448026391943515,1,false,0.3302222222222222,false,false,7.333333333333334,false,1.20946e6,1.1677575e6,false,0
1.879,use_adaptive_ngroute,0.03247675271057615,0,false,0.45749999999999996,false,false,7.333333333333334,false,1.20946e6,1.1701806666666665e6,false,2
3.529,use_adaptive_ngroute,0.03247675271057615,0,false,0.579,false,false,7.416666666666667,false,1.20946e6,1.1701806666666665e6,false,5
2.083,use_lmSR3_cuts,0.03247675271057615,2,false,0.5122500000000001,false,false,7.75,false,1.20946e6,1.1701806666666665e6,false,0
2.904,use_lmSR3_cuts,0.031602808967087226,1,false,0.7134999999999999,false,false,7.75,false,1.20946e6,1.1712376666666667e6,false,0
1.415,use_lmSR3_cuts,0.030728865223598523,1,false,0.698,false,false,7.75,false,1.20946e6,1.1722946666666665e6,false,0
0.624,use_lmSR3_cuts,0.030170351506732973,10,false,0.614,false,false,7.75,false,1.20946e6,1.1729701666666667e6,false,0
0.491,use_lmSR3_cuts,0.025736003395454787,10,false,0.48,false,false,7.75,false,1.20946e6,1.1783333333333333e6,false,0
1.748,use_lmSR3_cuts,0.025736003395454565,1,false,0.8595,false,false,7.75,false,1.20946e6,1.1783333333333335e6,false,0
2.163,use_adaptive_ngroute,0.024866184224706878,0,false,1.0585,false,false,7.75,false,1.20946e6,1.179385344827586e6,false,2
2.236,use_lmSR3_cuts,0.024412933595709063,2,false,1.0825,false,false,7.875,false,1.20946e6,1.1799335333333337e6,false,0
2.193,use_lmSR3_cuts,0.024119947010327714,10,false,0.9749999999999999,false,false,7.875,false,1.20946e6,1.180287888888889e6,false,0
4.047,use_lmSR3_cuts,0.02348916734189932,2,false,1.3136666666666668,false,false,7.875,false,1.20946e6,1.1810507916666665e6,false,0
4.969,use_lmSR3_cuts,0.023137805301539527,10,false,1.21225,false,false,7.875,false,1.20946e6,1.18147575e6,false,0
6.417,use_lmSR3_cuts,0.02300420573368822,1,false,1.511,false,false,7.875,false,1.20946e6,1.1816373333333335e6,false,0
4.327,use_lmSR3_cuts,0.022151020565652213,3,false,1.4133333333333333,false,false,7.875,false,1.20946e6,1.1826692266666663e6,false,0
4.027,use_lmSR3_cuts,0.021893930624686586,10,false,1.3126666666666666,false,false,7.875,false,1.20946e6,1.1829801666666665e6,false,0
2.989,use_lmSR3_cuts,0.021211945827063095,10,false,1.4485,false,false,7.875,false,1.20946e6,1.1838050000000002e6,false,0
2.854,use_adaptive_ngroute,0.021321912258363218,0,false,1.3955,false,false,7.875,false,1.20946e6,1.183672e6,false,4
1.147,use_lmSR3_cuts,0.02088749378672672,10,false,1.1179999999999999,false,false,8.166666666666666,false,1.20946e6,1.1841974117647056e6,false,0
3.64,use_adaptive_ngroute,0.020862754176795173,0,false,1.784,false,false,8.166666666666666,false,1.20946e6,1.1842273333333333e6,false,2
1.731,none,0.02053960720762471,0,false,1.702,false,false,8.291666666666666,false,1.20946e6,1.1846181666666663e6,false,0
