CG_time_taken,method,CG_LP_IP_gap,implemented_SR3_cuts_count,errored,CG_sp_time_taken_mean,converged,CGIP_artificial,ngroute_neighborhood_size,time_limit_reached,CGIP_objective,CGLP_objective,CGLP_artificial,cycles_lookup_length
11.044,use_adaptive_ngroute,0.4251891139236993,0,false,0.5603333333333335,false,false,5.0,false,1.680777e6,966128.9166666665,false,24
7.17,use_adaptive_ngroute,0.07003458502732296,0,false,0.552,false,false,7.250000000000001,false,1.224181e6,1.1384459916666667e6,false,12
1.977,use_adaptive_ngroute,0.06881940354408378,0,false,0.4785,false,false,8.458333333333334,false,1.224181e6,1.13993359375e6,false,4
0.612,use_lmSR3_cuts,0.06878901558050077,11,false,0.601,false,false,8.666666666666668,false,1.224181e6,1.139970794117647e6,false,0
6.454,use_adaptive_ngroute,0.031007343690570233,0,false,1.0028333333333332,false,false,8.666666666666668,false,1.196265e6,1.159172e6,false,5
6.337,use_lmSR3_cuts,0.029345504549577073,10,false,0.8862857142857143,false,false,8.875,false,1.196265e6,1.1611600000000002e6,false,0
4.194,use_lmSR3_cuts,0.019373853751380232,3,false,1.3443333333333334,false,false,8.875,false,1.196265e6,1.1730887368421052e6,false,0
2.923,use_lmSR3_cuts,0.013249363644343037,7,false,1.4315,false,false,8.875,false,1.196265e6,1.18041525e6,false,0
11.603,use_adaptive_ngroute,0.01110864428278091,0,false,1.6027142857142858,false,false,8.875,false,1.196265e6,1.182976117647059e6,false,5
4.771,use_adaptive_ngroute,0.01047831889576789,0,false,1.5500000000000003,false,false,9.291666666666666,false,1.196265e6,1.1837301538461542e6,false,3
13.086,use_lmSR3_cuts,0.011915813459589364,1,false,1.5880000000000003,false,false,9.416666666666666,false,1.196265e6,1.1820105294117643e6,false,0
2.843,use_lmSR3_cuts,0.011379167659339662,1,false,1.3875,false,false,9.416666666666666,false,1.196265e6,1.1826525e6,false,0
1.316,use_lmSR3_cuts,0.011373087413820926,2,false,1.285,false,false,9.416666666666666,false,1.196265e6,1.1826597735849055e6,false,0
6.494,use_lmSR3_cuts,0.011627301085740838,10,false,1.5797500000000002,false,false,9.416666666666666,false,1.196265e6,1.1823556666666663e6,false,0
8.394,use_lmSR3_cuts,0.004782157738183912,10,false,1.3391666666666666,false,false,9.416666666666666,false,1.174313e6,1.16869725e6,false,0
7.648,none,0.004500503698758318,0,false,1.4828,false,false,9.416666666666666,false,1.174313e6,1.169028e6,false,0
