CG_time_taken,method,CG_LP_IP_gap,implemented_SR3_cuts_count,errored,CG_sp_time_taken_mean,converged,CGIP_artificial,ngroute_neighborhood_size,time_limit_reached,CGIP_objective,CGLP_objective,CGLP_artificial,cycles_lookup_length
7.681,use_adaptive_ngroute,0.9999816763093996,0,false,0.24626315789473677,false,true,6.0,false,6.0e10,1.0994214360269362e6,false,25
8.764,use_adaptive_ngroute,0.08414835824822642,0,false,0.5930769230769231,false,false,8.357142857142856,false,1.398628e6,1.2809357499999995e6,false,9
14.579,use_adaptive_ngroute,0.07439290504694596,0,false,1.1675833333333332,false,false,10.0,false,1.398628e6,1.29458e6,false,2
4.661,use_adaptive_ngroute,0.07216143248955387,0,false,1.121,false,false,10.214285714285715,false,1.398628e6,1.2977010000000002e6,false,1
2.925,use_SR3_cuts,0.07209315128826255,3,false,0.9523333333333334,false,false,10.321428571428571,false,1.398628e6,1.2977965e6,false,0
10.14,none,0.0,0,false,1.9814000000000003,true,false,10.321428571428571,false,1.299725e6,1.299725e6,false,0
