CG_time_taken,method,CG_LP_IP_gap,implemented_SR3_cuts_count,errored,CG_sp_time_taken_mean,converged,CGIP_artificial,ngroute_neighborhood_size,time_limit_reached,CGIP_objective,CGLP_objective,CGLP_artificial,cycles_lookup_length
19.586,use_adaptive_ngroute,0.31256216106227974,0,false,0.4321304347826086,false,false,6.0,false,1.621795e6,1.11488325e6,false,10
9.426,use_adaptive_ngroute,0.12967103999640273,0,false,0.6594166666666667,false,false,7.178571428571429,false,1.332072e6,1.1593408384099118e6,false,21
10.838,use_adaptive_ngroute,0.12167921922841307,0,false,0.9911000000000001,false,false,8.535714285714286,false,1.332072e6,1.1699865190839693e6,false,6
4.222,use_SR3_cuts,0.12136169879205727,11,false,1.01325,false,false,9.428571428571429,false,1.332072e6,1.1704094791666667e6,false,0
81.066,none,0.0,0,false,11.348571428571429,true,false,9.428571428571429,false,1.186822e6,1.186822e6,false,0
