CG_time_taken,method,CG_LP_IP_gap,implemented_SR3_cuts_count,errored,CG_sp_time_taken_mean,converged,CGIP_artificial,ngroute_neighborhood_size,time_limit_reached,CGIP_objective,CGLP_objective,CGLP_artificial,cycles_lookup_length
11.625,use_adaptive_ngroute,0.4452714940142217,0,false,0.33209999999999995,false,false,6.0,false,1.926358e6,1.0686056953337518e6,false,28
36.605,use_adaptive_ngroute,0.1470862027289045,0,false,2.4948571428571427,false,false,10.428571428571429,false,1.361059e6,1.160866e6,false,3
19.609,use_adaptive_ngroute,0.14248413367826085,0,false,3.234333333333333,false,false,10.535714285714285,false,1.361059e6,1.1671296875e6,false,1
20.383,use_adaptive_ngroute,0.14105352229984525,0,false,5.06375,false,false,10.571428571428571,false,1.361059e6,1.169076833992095e6,false,11
29.476,use_SR3_cuts,0.11017016277363734,8,false,7.3187500000000005,false,false,11.178571428571427,false,1.316798e6,1.17172615e6,false,0
249.672,use_SR3_cuts,0.06524956208599997,4,false,30.84675,false,false,11.178571428571427,false,1.268981e6,1.1861805454545456e6,false,0
378.154,use_adaptive_ngroute,0.06228690281920324,0,false,125.85533333333333,false,false,11.178571428571427,false,1.268981e6,1.1899401037735846e6,false,5
581.616,use_SR3_cuts,0.06182598478621826,4,false,145.30050000000003,false,false,11.428571428571429,false,1.268981e6,1.190525e6,false,0
2264.588,none,0.059229026915234906,0,false,600.6213333333334,false,false,11.428571428571429,true,1.268981e6,1.1938204901960783e6,false,0
