CG_time_taken,method,CG_LP_IP_gap,implemented_SR3_cuts_count,errored,CG_sp_time_taken_mean,converged,CGIP_artificial,ngroute_neighborhood_size,time_limit_reached,CGIP_objective,CGLP_objective,CGLP_artificial,cycles_lookup_length
20.248,use_adaptive_ngroute,0.3050522455815692,0,false,0.49168181818181816,false,false,6.0,false,1.605898e6,1.1160152089250493e6,false,28
23.887,use_adaptive_ngroute,0.11779974475314015,0,false,1.6087857142857143,false,false,8.571428571428571,false,1.422001e6,1.25448964516129e6,false,6
5.717,use_SR3_cuts,0.11702017087189132,6,false,1.8653333333333333,false,false,9.035714285714286,false,1.422001e6,1.2555981999999997e6,false,0
17.323,use_SR3_cuts,0.11486735944630133,2,false,4.2147499999999996,false,false,9.035714285714286,false,1.422001e6,1.2586595e6,false,0
53.597,use_SR3_cuts,0.1107574467247211,1,false,10.5858,false,false,9.035714285714286,false,1.422001e6,1.2645037999999998e6,false,0
16.745,use_SR3_cuts,0.11047390262032164,10,false,5.526333333333333,false,false,9.035714285714286,false,1.422001e6,1.264907e6,false,0
161.595,use_adaptive_ngroute,0.1054212299004168,0,false,40.31575,false,false,9.035714285714286,false,1.422001e6,1.2720919056603773e6,false,4
97.364,use_SR3_cuts,0.10383129125788138,6,false,48.6555,false,false,9.535714285714285,false,1.422001e6,1.2743528000000014e6,false,0
918.856,none,0.07942322169284632,0,false,229.41225,false,false,9.535714285714285,false,1.385489e6,1.275449e6,false,0
