CG_time_taken,method,CG_LP_IP_gap,implemented_SR3_cuts_count,errored,CG_sp_time_taken_mean,converged,CGIP_artificial,ngroute_neighborhood_size,time_limit_reached,CGIP_objective,CGLP_objective,CGLP_artificial,cycles_lookup_length
11.006,use_adaptive_ngroute,0.481576634196351,0,false,0.33181818181818185,false,false,6.0,false,2.278808e6,1.1813873133802817e6,false,19
10.174,use_adaptive_ngroute,0.025329480123854164,0,false,0.5842000000000002,false,false,7.357142857142857,false,1.331785e6,1.298051578313253e6,false,18
6.937,use_adaptive_ngroute,0.011972767012056407,0,false,0.9380000000000002,false,false,8.321428571428571,false,1.331785e6,1.3158398484848484e6,false,5
5.03,use_adaptive_ngroute,0.009578416906481757,0,false,0.9794,false,false,8.5,false,1.331785e6,1.3190286080402012e6,false,8
4.573,use_adaptive_ngroute,0.005660467285431459,0,false,0.8884,false,false,8.964285714285714,false,1.331785e6,1.3242464745762716e6,false,3
5.125,use_adaptive_ngroute,0.005154508699542815,0,false,1.2495,false,false,9.178571428571429,false,1.331785e6,1.3249203026315793e6,false,1
1.188,use_SR3_cuts,0.004937806142767953,5,false,1.172,false,false,9.214285714285714,false,1.331785e6,1.3252089038461538e6,false,0
18.749,use_SR3_cuts,0.0016243550322814215,4,false,4.65925,false,false,9.214285714285714,false,1.331785e6,1.329621708333333e6,false,0
29.977,use_adaptive_ngroute,0.0004678917120315429,0,false,7.43575,false,false,9.214285714285714,false,1.331785e6,1.331161868836292e6,false,2
15.646,use_adaptive_ngroute,0.0003665620337978126,0,false,7.799,false,false,9.285714285714285,false,1.331785e6,1.3312968181818186e6,false,1
7.822,use_SR3_cuts,0.00033878283464372494,1,false,7.8020000000000005,false,false,9.321428571428571,false,1.331785e6,1.331333814102564e6,false,0
17.65,use_SR3_cuts,6.115101161219272e-5,10,false,8.7765,false,false,9.321428571428571,false,1.331785e6,1.33170356e6,false,0
67.711,none,0.0,0,false,16.85275,true,false,9.321428571428571,false,1.331785e6,1.331785e6,false,0
