CG_time_taken,method,CG_LP_IP_gap,implemented_SR3_cuts_count,errored,CG_sp_time_taken_mean,converged,CGIP_artificial,ngroute_neighborhood_size,time_limit_reached,CGIP_objective,CGLP_objective,CGLP_artificial,cycles_lookup_length
6.543,use_adaptive_ngroute,0.9999790257573437,0,false,0.164,false,true,6.0,false,6.0e10,1.2584545593835446e6,false,24
5.248,use_adaptive_ngroute,0.09898242768292953,0,false,0.41872727272727267,false,false,8.0,false,1.508059e6,1.358787659090909e6,false,11
3.223,use_adaptive_ngroute,0.09566419322640274,0,false,0.78075,false,false,8.857142857142858,false,1.508059e6,1.3637917524271843e6,false,3
1.659,use_adaptive_ngroute,0.09373662802134475,0,false,0.8124999999999999,false,false,8.964285714285714,false,1.508059e6,1.3666986344827588e6,false,6
2.865,use_SR3_cuts,0.09327862283018562,4,false,0.934,false,false,9.25,false,1.508059e6,1.367389333333333e6,false,0
15.473,use_adaptive_ngroute,0.052843859649443714,0,false,3.0010000000000003,false,false,9.25,false,1.452381e6,1.3756315822784812e6,false,4
10.283,use_adaptive_ngroute,0.04006400524380305,0,false,2.53675,false,false,9.392857142857142,false,1.452381e6,1.3941928e6,false,2
4.097,use_SR3_cuts,0.0395566392845641,2,false,2.0084999999999997,false,false,9.464285714285714,false,1.452381e6,1.3949296886792455e6,false,0
15.713,use_SR3_cuts,0.03716063484719234,3,false,5.065333333333333,false,false,9.464285714285714,false,1.452381e6,1.3984095999999999e6,false,0
14.73,use_SR3_cuts,0.03571115292750349,1,false,4.882666666666666,false,false,9.464285714285714,false,1.452381e6,1.4005147999999996e6,false,0
10.241,use_SR3_cuts,0.03555351522775363,1,false,5.1035,false,false,9.464285714285714,false,1.452381e6,1.40074375e6,false,0
10.013,use_SR3_cuts,0.03555351522775341,10,false,4.9655000000000005,false,false,9.464285714285714,false,1.452381e6,1.4007437500000002e6,false,0
28.907,use_SR3_cuts,0.009275702087754967,2,false,9.573,false,false,9.464285714285714,false,1.41827e6,1.4051145499999998e6,false,0
47.051,use_SR3_cuts,0.008513125928850562,10,false,15.606,false,false,9.464285714285714,false,1.41827e6,1.4061960888888892e6,false,0
78.167,use_adaptive_ngroute,0.00612185973051671,0,false,25.980666666666664,false,false,9.464285714285714,false,1.41827e6,1.40958755e6,false,1
45.37,use_SR3_cuts,0.006102053287471376,3,false,22.626499999999997,false,false,9.535714285714285,false,1.41827e6,1.409615640883978e6,false,0
232.81,use_SR3_cuts,0.005673598429385307,1,false,57.870999999999995,false,false,9.535714285714285,false,1.41827e6,1.4102233055555557e6,false,0
86.456,use_SR3_cuts,0.0056510613417950495,10,false,43.1465,false,false,9.535714285714285,false,1.41827e6,1.4102552692307723e6,false,0
169.837,use_SR3_cuts,0.004692010371373234,10,false,56.535333333333334,false,false,9.535714285714285,false,1.41827e6,1.4116154624505925e6,false,0
178.284,use_SR3_cuts,0.003558982904672381,1,false,88.9585,false,false,9.535714285714285,false,1.41827e6,1.4132224013157904e6,false,0
257.84,use_SR3_cuts,0.003400140626769077,2,false,128.85350000000003,false,false,9.535714285714285,false,1.41827e6,1.4134476825532722e6,false,0
318.581,use_SR3_cuts,0.003292332466501513,10,false,159.1155,false,false,9.535714285714285,false,1.41827e6,1.4136005836327348e6,false,0
522.964,use_adaptive_ngroute,0.002305163199810445,0,false,174.15233333333333,false,false,9.535714285714285,false,1.41827e6,1.415000656188605e6,false,1
725.861,use_adaptive_ngroute,0.0021914846012518474,0,false,241.88,false,false,9.571428571428571,false,1.41827e6,1.4151618831345825e6,false,1
253.066,use_SR3_cuts,0.002187564102804185,2,false,252.978,false,false,9.642857142857142,false,1.41827e6,1.415167443459916e6,false,0
480.365,use_SR3_cuts,0.0021761394859454164,10,false,240.082,false,false,9.642857142857142,false,1.41827e6,1.4151836466512682e6,false,0
48.731,none,0.0019692155304315007,0,false,NaN,false,false,9.642857142857142,true,1.41827e6,1.415477120689655e6,false,0
