CG_time_taken,method,CG_LP_IP_gap,implemented_SR3_cuts_count,errored,CG_sp_time_taken_mean,converged,CGIP_artificial,ngroute_neighborhood_size,time_limit_reached,CGIP_objective,CGLP_objective,CGLP_artificial,cycles_lookup_length
18.868,use_adaptive_ngroute,0.4211030049335176,0,false,0.42568181818181816,false,false,6.0,false,1.844451e6,1.0677471414473685e6,false,20
16.537,use_adaptive_ngroute,0.08664273395980726,0,false,1.3450909090909093,false,false,7.178571428571429,false,1.32594e6,1.211056933333333e6,false,19
11.184,use_adaptive_ngroute,0.05938987921538608,0,false,1.778833333333333,false,false,8.857142857142858,false,1.302973e6,1.2255895909090908e6,false,3
9.501,use_SR3_cuts,0.05895056919828734,6,false,2.31725,false,false,9.285714285714285,false,1.302973e6,1.226162e6,false,0
35.403,use_SR3_cuts,0.05090819226492049,1,false,5.843666666666666,false,false,9.285714285714285,false,1.302973e6,1.2366409999999998e6,false,0
54.938,use_SR3_cuts,0.02695041694591216,3,false,7.761,false,false,9.285714285714285,false,1.274266e6,1.2399240000000002e6,false,0
93.382,use_SR3_cuts,0.022272822158010963,1,false,13.083714285714287,false,false,9.285714285714285,false,1.274266e6,1.2458845e6,false,0
42.17,use_adaptive_ngroute,0.01971969222543235,0,false,14.019333333333336,false,false,9.285714285714285,false,1.274266e6,1.2491378666666672e6,false,3
46.561,use_SR3_cuts,0.019560018604174112,4,false,15.434333333333331,false,false,9.464285714285714,false,1.274266e6,1.2493413333333335e6,false,0
35.755,use_SR3_cuts,0.017064568936156266,10,false,17.805500000000002,false,false,9.464285714285714,false,1.274266e6,1.2525212e6,false,0
110.499,none,0.015650578450653208,0,false,36.61566666666667,false,false,9.464285714285714,false,1.274266e6,1.254323e6,false,0
