CG_time_taken,method,CG_LP_IP_gap,implemented_SR3_cuts_count,errored,CG_sp_time_taken_mean,converged,CGIP_artificial,ngroute_neighborhood_size,time_limit_reached,CGIP_objective,CGLP_objective,CGLP_artificial,cycles_lookup_length
8.422,use_adaptive_ngroute,0.2559106771849451,0,false,0.1886,false,false,6.0,false,1.538852e6,1.1450433425925928e6,false,26
6.583,use_adaptive_ngroute,0.09355410497266892,0,false,0.43692307692307697,false,false,7.392857142857142,false,1.31901e6,1.1956112e6,false,1
2.197,use_adaptive_ngroute,0.0933580551575297,0,false,0.42100000000000004,false,false,7.5,false,1.31901e6,1.1958697916666667e6,false,4
1.351,use_SR3_cuts,0.09258857021554023,4,false,0.43066666666666664,false,false,8.035714285714285,false,1.31901e6,1.1968847500000002e6,false,0
12.025,use_SR3_cuts,0.07777372184406606,10,false,1.6092857142857142,false,false,8.035714285714285,false,1.303988e6,1.202572e6,false,0
4.211,use_adaptive_ngroute,0.07518269595527982,0,false,1.3666666666666665,false,false,8.035714285714285,false,1.303988e6,1.2059506666666665e6,false,6
6.632,use_adaptive_ngroute,0.07248128542217647,0,false,2.097666666666667,false,false,8.571428571428571,false,1.303988e6,1.209473273584907e6,false,1
4.664,use_adaptive_ngroute,0.07225866597954378,0,false,2.307,false,false,8.642857142857142,false,1.303988e6,1.2097635666666667e6,false,4
6.507,use_SR3_cuts,0.07215371334776455,4,false,2.129666666666667,false,false,8.857142857142858,false,1.3039879924853835e6,1.2099004166666663e6,false,0
11.997,use_SR3_cuts,0.0696841198673307,3,false,3.9340000000000006,false,false,8.857142857142858,false,1.303988e6,1.2131207439024393e6,false,0
26.373,none,0.06943698868394499,0,false,6.4799999999999995,false,false,8.857142857142858,false,1.303988e6,1.213443e6,false,0
