CG_time_taken,method,CG_LP_IP_gap,implemented_SR3_cuts_count,errored,CG_sp_time_taken_mean,converged,CGIP_artificial,ngroute_neighborhood_size,time_limit_reached,CGIP_objective,CGLP_objective,CGLP_artificial,cycles_lookup_length
6.165,use_adaptive_ngroute,0.2945206861028874,0,false,0.14843478260869564,false,false,6.0,false,1.734228973927217e6,1.2234626666666667e6,false,17
6.177,use_adaptive_ngroute,0.10986360602561696,0,false,0.6251111111111111,false,false,7.928571428571429,false,1.487234e6,1.3238411097560977e6,false,7
3.679,use_adaptive_ngroute,0.08711344246579955,0,false,0.5778333333333334,false,false,8.214285714285714,false,1.456777e6,1.329872140625e6,false,1
2.082,use_adaptive_ngroute,0.08565315450102895,0,false,0.682,false,false,8.25,false,1.456777e6,1.3319994545454546e6,false,6
2.735,use_adaptive_ngroute,0.08506392747614977,0,false,0.9009999999999999,false,false,8.642857142857142,false,1.456777e6,1.332857826923077e6,false,4
2.121,use_SR3_cuts,0.08499154805050213,9,false,1.0310000000000001,false,false,8.892857142857142,false,1.456777e6,1.3329632676056337e6,false,0
32.575,use_adaptive_ngroute,0.022987945399751797,0,false,6.3152,false,false,8.892857142857142,false,1.382045e6,1.350274625e6,false,2
6.057,use_adaptive_ngroute,0.022107697892133182,0,false,2.993,false,false,9.25,false,1.382045e6,1.3514911666666667e6,false,2
8.421,use_adaptive_ngroute,0.021787569518468164,0,false,4.174,false,false,9.392857142857142,false,1.382045e6,1.3519335984848486e6,false,1
7.691,use_SR3_cuts,0.02171152169430124,6,false,3.8095,false,false,9.428571428571429,false,1.382045e6,1.3520386999999995e6,false,0
28.476,use_SR3_cuts,0.01421733735153341,1,false,9.399666666666665,false,false,9.428571428571429,false,1.382045e6,1.362396e6,false,0
64.6,use_adaptive_ngroute,0.012179181878560374,0,false,12.7634,false,false,9.428571428571429,false,1.382045e6,1.365212822580645e6,false,1
34.065,use_SR3_cuts,0.01212420257544955,10,false,16.9815,false,false,9.464285714285714,false,1.382045e6,1.3652888064516129e6,false,0
150.638,none,0.0,0,false,37.5575,true,false,9.464285714285714,false,1.3664e6,1.3664e6,false,0
