CG_time_taken,method,CG_LP_IP_gap,implemented_SR3_cuts_count,errored,CG_sp_time_taken_mean,converged,CGIP_artificial,ngroute_neighborhood_size,time_limit_reached,CGIP_objective,CGLP_objective,CGLP_artificial,cycles_lookup_length
7.006,use_adaptive_ngroute,0.39654555159644544,0,false,0.20057894736842102,false,false,6.0,false,2.048585e6,1.2362277311827957e6,false,28
13.112,use_adaptive_ngroute,0.09965281624540334,0,false,0.8545714285714286,false,false,8.321428571428571,false,1.514135e6,1.3632471830742662e6,false,13
13.463,use_adaptive_ngroute,0.01680083651883113,0,false,1.633125,false,false,9.714285714285715,false,1.40742e6,1.3837741666666667e6,false,8
5.998,use_SR3_cuts,0.016375134862153584,9,false,1.4625,false,false,10.357142857142858,false,1.40742e6,1.3843733076923077e6,false,0
18.83,use_adaptive_ngroute,0.009457334249057148,0,false,4.60725,false,false,10.357142857142858,false,1.406538e6,1.3932358999999997e6,false,2
5.277,use_SR3_cuts,0.009457334249056815,3,false,5.257,false,false,10.571428571428571,false,1.406538e6,1.3932359000000001e6,false,0
44.805,use_SR3_cuts,0.00723521156200535,2,false,11.12725,false,false,10.571428571428571,false,1.406538e6,1.3963614000000001e6,false,0
34.811,use_SR3_cuts,0.004631996029522689,1,false,11.544333333333332,false,false,10.571428571428571,false,1.406538e6,1.4000229215686272e6,false,0
53.792,use_SR3_cuts,0.004129998620726938,10,false,13.407,false,false,10.571428571428571,false,1.406538e6,1.400729e6,false,0
26.65,use_SR3_cuts,0.0029401158129995775,1,false,13.281999999999998,false,false,10.571428571428571,false,1.406538e6,1.4024026153846153e6,false,0
22.327,use_SR3_cuts,0.0028821134468699494,1,false,10.989500000000001,false,false,10.571428571428571,false,1.406538e6,1.4024841979166665e6,false,0
72.414,use_SR3_cuts,0.0026604020095716274,10,false,17.957250000000002,false,false,10.571428571428571,false,1.406538e6,1.4027960434782612e6,false,0
41.385,none,3.3306690738754696e-16,0,false,20.628,true,false,10.571428571428571,false,1.406538e6,1.4065379999999995e6,false,0
