CG_time_taken,method,CG_LP_IP_gap,implemented_SR3_cuts_count,errored,CG_sp_time_taken_mean,converged,CGIP_artificial,ngroute_neighborhood_size,time_limit_reached,CGIP_objective,CGLP_objective,CGLP_artificial,cycles_lookup_length
10.868,use_adaptive_ngroute,0.9999799137821547,0,false,0.28635000000000005,false,true,6.0,false,6.0e10,1.2051730707206554e6,false,28
11.637,use_adaptive_ngroute,0.0969274786229023,0,false,0.8634999999999999,false,false,7.892857142857143,false,1.539615e6,1.3903840000000002e6,false,13
11.207,use_adaptive_ngroute,0.07445451616607879,0,false,1.5548571428571427,false,false,9.5,false,1.530578e6,1.4166195555555555e6,false,7
5.759,use_adaptive_ngroute,0.07050741021306384,0,false,1.40875,false,false,10.0,false,1.530578e6,1.4226609090909092e6,false,2
3.473,use_SR3_cuts,0.06961067645568297,11,false,1.7194999999999998,false,false,10.071428571428573,false,1.530578e6,1.4240334300518136e6,false,0
63.01,use_adaptive_ngroute,0.058888934738736354,0,false,15.458750000000002,false,false,10.071428571428573,false,1.530578e6,1.4404438920454544e6,false,2
23.283,use_SR3_cuts,0.058888934738736354,2,false,11.4535,false,false,10.142857142857144,false,1.530578e6,1.4404438920454544e6,false,0
25.873,use_SR3_cuts,0.05867047176513296,10,false,8.570333333333334,false,false,10.142857142857144,false,1.530578e6,1.4407782666666664e6,false,0
25.813,use_SR3_cuts,0.05857199045066619,10,false,12.806,false,false,10.142857142857144,false,1.530578e6,1.4409290000000002e6,false,0
192.063,use_SR3_cuts,0.05716245758138416,10,false,47.7025,false,false,10.142857142857144,false,1.530578e6,1.4430864000000001e6,false,0
178.054,use_SR3_cuts,0.05471506248560409,1,false,59.29399999999999,false,false,10.142857142857144,false,1.530578e6,1.446832329090909e6,false,0
164.097,use_SR3_cuts,0.053618175617315855,1,false,40.95475,false,false,10.142857142857144,false,1.530578e6,1.4485112e6,false,0
181.349,use_SR3_cuts,0.053391842820163404,10,false,45.27675,false,false,10.142857142857144,false,1.530578e6,1.4488576199999999e6,false,0
246.769,use_adaptive_ngroute,0.052395753140551116,0,false,82.11300000000001,false,false,10.142857142857144,false,1.530578e6,1.4503822129496415e6,false,2
287.938,use_SR3_cuts,0.05224730264281496,2,false,95.89166666666668,false,false,10.214285714285715,false,1.530578e6,1.4506094280155655e6,false,0
727.106,use_SR3_cuts,0.05224243140994611,10,false,242.0583333333333,false,false,10.214285714285715,false,1.530578e6,1.4506168838174276e6,false,0
470.608,none,0.05127126266460591,0,false,156.78466666666668,false,false,10.214285714285715,false,1.530578e6,1.4521033333333328e6,false,0
