CG_time_taken,method,CG_LP_IP_gap,implemented_SR3_cuts_count,errored,CG_sp_time_taken_mean,converged,CGIP_artificial,ngroute_neighborhood_size,time_limit_reached,CGIP_objective,CGLP_objective,CGLP_artificial,cycles_lookup_length
6.644,use_adaptive_ngroute,0.9999816763093996,0,false,0.20473684210526316,false,true,6.0,false,6.0e10,1.0994214360269362e6,false,25
8.146,use_adaptive_ngroute,0.08414835824822642,0,false,0.537923076923077,false,false,8.357142857142856,false,1.398628e6,1.2809357499999995e6,false,9
14.365,use_adaptive_ngroute,0.07439290504694596,0,false,1.1614166666666665,false,false,10.0,false,1.398628e6,1.29458e6,false,2
4.776,use_adaptive_ngroute,0.07216143248955387,0,false,1.15425,false,false,10.214285714285715,false,1.398628e6,1.2977010000000002e6,false,1
3.105,use_lmSR3_cuts,0.07209315128826255,3,false,1.013,false,false,10.321428571428571,false,1.398628e6,1.2977965e6,false,0
5.114,none,0.0,0,false,1.6606666666666665,true,false,10.321428571428571,false,1.299725e6,1.299725e6,false,0
