CG_time_taken,method,CG_LP_IP_gap,implemented_SR3_cuts_count,errored,CG_sp_time_taken_mean,converged,CGIP_artificial,ngroute_neighborhood_size,time_limit_reached,CGIP_objective,CGLP_objective,CGLP_artificial,cycles_lookup_length
18.382,use_adaptive_ngroute,0.31256216106227974,0,false,0.3605652173913043,false,false,6.0,false,1.621795e6,1.11488325e6,false,10
9.407,use_adaptive_ngroute,0.12967103999640273,0,false,0.6539166666666666,false,false,7.178571428571429,false,1.332072e6,1.1593408384099118e6,false,21
10.319,use_adaptive_ngroute,0.12167921922841307,0,false,0.9557000000000001,false,false,8.535714285714286,false,1.332072e6,1.1699865190839693e6,false,6
3.924,use_lmSR3_cuts,0.12136169879205727,11,false,0.95875,false,false,9.428571428571429,false,1.332072e6,1.1704094791666667e6,false,0
22.235,use_adaptive_ngroute,0.06687712386498301,0,false,2.1474,false,false,9.428571428571429,false,1.27421e6,1.1889945e6,false,2
12.048,use_adaptive_ngroute,0.06535489602888522,0,false,2.98225,false,false,9.5,false,1.27421e6,1.1909341379310342e6,false,1
7.48,use_adaptive_ngroute,0.06502801066026365,0,false,2.458333333333333,false,false,9.535714285714285,false,1.27421e6,1.1913506585365855e6,false,4
10.083,use_lmSR3_cuts,0.06481985986325922,7,false,3.329333333333333,false,false,9.75,false,1.27421e6,1.1916158863636365e6,false,0
26.654,use_adaptive_ngroute,1.0800702681112995e-5,0,false,3.750285714285714,false,false,9.75,false,1.201942e6,1.201929018181818e6,false,3
13.968,none,0.0,0,false,4.632000000000001,true,false,9.857142857142858,false,1.201942e6,1.201942e6,false,0
