CG_time_taken,method,CG_LP_IP_gap,implemented_SR3_cuts_count,errored,CG_sp_time_taken_mean,converged,CGIP_artificial,ngroute_neighborhood_size,time_limit_reached,CGIP_objective,CGLP_objective,CGLP_artificial,cycles_lookup_length
22.064,use_adaptive_ngroute,0.3050522455815692,0,false,0.6010454545454544,false,false,6.0,false,1.605898e6,1.1160152089250493e6,false,28
27.9,use_adaptive_ngroute,0.11779974475314015,0,false,1.8915,false,false,8.571428571428571,false,1.422001e6,1.25448964516129e6,false,6
6.498,use_lmSR3_cuts,0.11702017087189132,6,false,2.122666666666667,false,false,9.035714285714286,false,1.422001e6,1.2555981999999997e6,false,0
17.862,use_lmSR3_cuts,0.11267309235366219,1,false,2.8966666666666665,false,false,9.035714285714286,false,1.422001e6,1.26177975e6,false,0
9.581,use_lmSR3_cuts,0.11267309235366219,10,false,3.133,false,false,9.035714285714286,false,1.422001e6,1.26177975e6,false,0
40.843,use_adaptive_ngroute,0.11125524176189083,0,false,5.763142857142858,false,false,9.035714285714286,false,1.422001e6,1.2637959349593495e6,false,3
12.579,use_lmSR3_cuts,0.11059778907797302,2,false,4.169333333333333,false,false,9.25,false,1.422001e6,1.2647308333333333e6,false,0
19.06,use_adaptive_ngroute,0.10897992850053728,0,false,6.278,false,false,9.25,false,1.422001e6,1.2670314326923075e6,false,1
3.934,use_lmSR3_cuts,0.10897536874681035,3,false,3.902,false,false,9.321428571428571,false,1.422001e6,1.267037916666667e6,false,0
30.406,use_lmSR3_cuts,0.10862969749074625,2,false,7.546000000000001,false,false,9.321428571428571,false,1.422001e6,1.2675294615384613e6,false,0
11.642,use_lmSR3_cuts,0.10796325740980484,2,false,11.581000000000001,false,false,9.321428571428571,false,1.422001e6,1.2684771400000001e6,false,0
44.235,use_adaptive_ngroute,0.10800908172513435,0,false,11.00525,false,false,9.321428571428571,false,1.422001e6,1.2684119777777772e6,false,2
26.448,use_lmSR3_cuts,0.10777254908145073,2,false,13.179499999999999,false,false,9.464285714285714,false,1.422001e6,1.268748327433628e6,false,0
25.801,use_lmSR3_cuts,0.10775277295740582,10,false,12.845,false,false,9.464285714285714,false,1.422001e6,1.268776449101796e6,false,0
108.712,use_adaptive_ngroute,0.10455196585656323,0,false,21.632200000000005,false,false,9.464285714285714,false,1.422001e6,1.2733280000000012e6,false,1
85.899,use_adaptive_ngroute,0.10435233586628889,0,false,28.557,false,false,9.5,false,1.422001e6,1.2736118740458013e6,false,3
39.645,use_lmSR3_cuts,0.10422549211336363,1,false,39.577,false,false,9.857142857142858,false,1.422001e6,1.2737922459893047e6,false,0
82.445,use_adaptive_ngroute,0.10373234617978433,0,false,41.185500000000005,false,false,9.857142857142858,false,1.422001e6,1.2744935000000005e6,false,1
117.026,use_lmSR3_cuts,0.1035699605696484,10,false,38.966,false,false,10.142857142857144,false,1.422001e6,1.2747244124999994e6,false,0
400.448,use_adaptive_ngroute,0.10069706936446121,0,false,80.014,false,false,10.142857142857144,false,1.422001e6,1.2788096666666667e6,false,4
194.24,use_adaptive_ngroute,0.10064212437343967,0,false,97.049,false,false,10.75,false,1.422001e6,1.2788877984988445e6,false,1
231.214,use_adaptive_ngroute,0.10059681307922574,0,false,115.527,false,false,10.964285714285714,false,1.422001e6,1.278952231204528e6,false,2
118.317,use_lmSR3_cuts,0.10059642736002017,1,false,118.275,false,false,11.107142857142856,false,1.422001e6,1.278952779697624e6,false,0
252.846,use_lmSR3_cuts,0.10033345481608313,2,false,126.344,false,false,11.107142857142856,false,1.422001e6,1.279326726918075e6,false,0
371.687,use_lmSR3_cuts,0.10023759232359175,10,false,123.82433333333333,false,false,11.107142857142856,false,1.422001e6,1.2794630434782603e6,false,0
154.697,use_lmSR3_cuts,0.09824489927134794,2,false,154.58399999999997,false,false,11.107142857142856,false,1.422001e6,1.282296654991244e6,false,0
229.191,use_lmSR3_cuts,0.09823224663075181,10,false,114.5345,false,false,11.107142857142856,false,1.422001e6,1.2823146470588243e6,false,0
369.49,use_adaptive_ngroute,0.09530954712456019,0,false,73.7454,false,false,11.107142857142856,false,1.422001e6,1.2864707286793282e6,false,5
415.63,use_adaptive_ngroute,0.09608746871472629,0,false,103.81700000000001,false,false,12.107142857142858,false,1.422001e6,1.2853645234001905e6,false,1
73.835,none,0.0960750609630413,0,false,NaN,false,false,12.142857142857142,true,1.422001e6,1.2853821672354944e6,false,0
