CG_time_taken,method,CG_LP_IP_gap,implemented_SR3_cuts_count,errored,CG_sp_time_taken_mean,converged,CGIP_artificial,ngroute_neighborhood_size,time_limit_reached,CGIP_objective,CGLP_objective,CGLP_artificial,cycles_lookup_length
11.517,use_adaptive_ngroute,0.481576634196351,0,false,0.3621363636363636,false,false,6.0,false,2.278808e6,1.1813873133802817e6,false,19
11.172,use_adaptive_ngroute,0.025329480123854164,0,false,0.6569333333333335,false,false,7.357142857142857,false,1.331785e6,1.298051578313253e6,false,18
7.76,use_adaptive_ngroute,0.011972767012056407,0,false,1.0535714285714286,false,false,8.321428571428571,false,1.331785e6,1.3158398484848484e6,false,5
5.799,use_adaptive_ngroute,0.009578416906481757,0,false,1.1085999999999998,false,false,8.5,false,1.331785e6,1.3190286080402012e6,false,8
5.127,use_adaptive_ngroute,0.005660467285431459,0,false,1.0036,false,false,8.964285714285714,false,1.331785e6,1.3242464745762716e6,false,3
5.557,use_adaptive_ngroute,0.005154508699542815,0,false,1.36075,false,false,9.178571428571429,false,1.331785e6,1.3249203026315793e6,false,1
1.302,use_lmSR3_cuts,0.004937806142767953,5,false,1.2859999999999998,false,false,9.214285714285714,false,1.331785e6,1.3252089038461538e6,false,0
18.133,use_adaptive_ngroute,0.0009953308279236905,0,false,2.985666666666667,false,false,9.214285714285714,false,1.331785e6,1.3304594333333336e6,false,2
2.703,use_lmSR3_cuts,0.0009753150169958813,3,false,2.6839999999999997,false,false,9.285714285714285,false,1.331785e6,1.3304860900900902e6,false,0
13.277,none,0.0,0,false,3.235,true,false,9.285714285714285,false,1.331785e6,1.331785e6,false,0
