CG_time_taken,method,CG_LP_IP_gap,implemented_SR3_cuts_count,errored,CG_sp_time_taken_mean,converged,CGIP_artificial,ngroute_neighborhood_size,time_limit_reached,CGIP_objective,CGLP_objective,CGLP_artificial,cycles_lookup_length
1.012,use_adaptive_ngroute,0.29415983356237585,0,false,0.05692307692307693,false,false,5.0,false,1.5281e6,1.0785943583333334e6,false,20
0.89,use_adaptive_ngroute,0.027084648446291326,0,false,0.099,false,false,6.45,false,1.275239e6,1.2406995999999999e6,false,9
0.581,use_adaptive_ngroute,0.02060305463677503,0,false,0.11159999999999998,false,false,7.1,false,1.275239e6,1.2489651812080536e6,false,7
0.523,use_adaptive_ngroute,0.011074699635824303,0,false,0.127,false,false,7.8500000000000005,false,1.275239e6,1.261116111111111e6,false,3
0.22,use_adaptive_ngroute,0.00978287207339168,0,false,0.10600000000000001,false,false,8.1,false,1.275239e6,1.2627635e6,false,1
0.105,use_adaptive_ngroute,0.009374948539058181,0,false,0.101,false,false,8.149999999999999,false,1.275239e6,1.2632837e6,false,1
0.142,use_lmSR3_cuts,0.009215396747851434,2,false,0.139,false,false,8.200000000000001,false,1.275239e6,1.2634871666666667e6,false,0
0.158,use_lmSR3_cuts,0.008417637791817811,10,false,0.154,false,false,8.200000000000001,false,1.275239e6,1.2645045e6,false,0
0.561,use_lmSR3_cuts,0.006437295996351122,3,false,0.21000000000000002,false,false,8.200000000000001,false,1.275239e6,1.2670299090909092e6,false,0
0.373,use_lmSR3_cuts,0.005007767171486988,1,false,0.1725,false,false,8.200000000000001,false,1.275239e6,1.2688529000000001e6,false,0
0.347,use_lmSR3_cuts,0.0042271161196709706,1,false,0.1695,false,false,8.200000000000001,false,1.275239e6,1.269848416666667e6,false,0
0.325,use_lmSR3_cuts,0.0042271161196709706,10,false,0.1585,false,false,8.200000000000001,false,1.275239e6,1.269848416666667e6,false,0
0.725,none,0.0,0,false,0.19,true,false,8.200000000000001,false,1.27085e6,1.27085e6,false,0
