CG_time_taken,method,CG_LP_IP_gap,implemented_SR3_cuts_count,errored,CG_sp_time_taken_mean,converged,CGIP_artificial,ngroute_neighborhood_size,time_limit_reached,CGIP_objective,CGLP_objective,CGLP_artificial,cycles_lookup_length
18.28,use_adaptive_ngroute,0.4211030049335176,0,false,0.4201818181818182,false,false,6.0,false,1.844451e6,1.0677471414473685e6,false,20
15.974,use_adaptive_ngroute,0.08664273395980726,0,false,1.2888181818181819,false,false,7.178571428571429,false,1.32594e6,1.211056933333333e6,false,19
10.615,use_adaptive_ngroute,0.05938987921538608,0,false,1.6566666666666667,false,false,8.857142857142858,false,1.302973e6,1.2255895909090908e6,false,3
8.308,use_lmSR3_cuts,0.05895056919828734,6,false,2.01975,false,false,9.285714285714285,false,1.302973e6,1.226162e6,false,0
18.274,use_adaptive_ngroute,0.052310370207210743,0,false,3.6142000000000003,false,false,9.285714285714285,false,1.302973e6,1.234814e6,false,2
16.263,use_adaptive_ngroute,0.05220077468988227,0,false,3.2102,false,false,9.357142857142858,false,1.302973e6,1.2349568e6,false,3
12.916,use_lmSR3_cuts,0.05149982002696907,3,false,4.253333333333334,false,false,9.535714285714285,false,1.302973e6,1.235870125e6,false,0
13.759,use_adaptive_ngroute,0.05069964821011086,0,false,3.3985000000000003,false,false,9.535714285714285,false,1.302973e6,1.2369127272727273e6,false,2
13.234,use_lmSR3_cuts,0.03326009408146691,6,false,3.2649999999999997,false,false,9.678571428571429,false,1.280734e6,1.2381366666666665e6,false,0
12.179,use_adaptive_ngroute,0.021205273633465027,0,false,2.3874,false,false,9.678571428571429,false,1.280734e6,1.2535756850783178e6,false,10
11.566,use_lmSR3_cuts,0.020197534981847842,7,false,2.834,false,false,11.035714285714285,false,1.280734e6,1.254866330232558e6,false,0
18.998,use_lmSR3_cuts,0.01962027473400141,1,false,3.113666666666666,false,false,11.035714285714285,false,1.280734e6,1.2556056470588234e6,false,0
21.875,use_lmSR3_cuts,0.01947617538068014,2,false,2.6747499999999995,false,false,11.035714285714285,false,1.280734e6,1.2557902e6,false,0
6.424,use_lmSR3_cuts,0.019476175380680583,10,false,3.154,false,false,11.035714285714285,false,1.280734e6,1.2557901999999995e6,false,0
16.736,use_lmSR3_cuts,0.014599254727962307,3,false,4.111000000000001,false,false,11.035714285714285,false,1.280734e6,1.2620362380952379e6,false,0
26.124,use_adaptive_ngroute,0.01192202859330771,0,false,8.656333333333334,false,false,11.035714285714285,false,1.280734e6,1.2654650526315786e6,false,1
24.875,use_lmSR3_cuts,0.012440532661657566,10,false,8.237333333333334,false,false,11.249999999999998,false,1.280734e6,1.2648009868421047e6,false,0
7.751,use_lmSR3_cuts,0.009842586313596913,1,false,7.675999999999999,false,false,11.249999999999998,false,1.280734e6,1.2681282650602418e6,false,0
8.62,use_lmSR3_cuts,0.009837237129622589,1,false,8.536999999999999,false,false,11.249999999999998,false,1.280734e6,1.26813511594203e6,false,0
30.623,none,0.003991949752300106,0,false,7.534,false,false,11.249999999999998,false,1.266048e6,1.260994e6,false,0
