CG_time_taken,method,CG_LP_IP_gap,implemented_SR3_cuts_count,errored,CG_sp_time_taken_mean,converged,CGIP_artificial,ngroute_neighborhood_size,time_limit_reached,CGIP_objective,CGLP_objective,CGLP_artificial,cycles_lookup_length
6.428,use_adaptive_ngroute,0.9998760958297397,0,false,0.1471739130434783,false,true,6.0,false,1.0001888663e10,1.2392757158245202e6,false,27
15.137,use_adaptive_ngroute,0.10562404538843062,0,false,0.7762777777777776,false,false,8.107142857142858,false,1.484035e6,1.3272852198019803e6,false,5
7.067,use_adaptive_ngroute,0.10261786278625507,0,false,0.9939999999999999,false,false,8.535714285714286,false,1.484035e6,1.3317465e6,false,4
3.278,use_lmSR3_cuts,0.10245148592121556,8,false,1.0706666666666664,false,false,9.214285714285714,false,1.484035e6,1.331993409090909e6,false,0
16.48,use_adaptive_ngroute,0.0862274607662904,0,false,1.447,false,false,9.214285714285714,false,1.482943e6,1.355072590648855e6,false,6
2.857,use_adaptive_ngroute,0.08486211966390811,0,false,1.403,false,false,9.821428571428571,false,1.482943e6,1.357097313679245e6,false,3
4.819,use_lmSR3_cuts,0.0854432887047718,9,false,1.5833333333333333,false,false,10.071428571428573,false,1.482943e6,1.3562354731182796e6,false,0
10.802,use_lmSR3_cuts,0.07977616132245158,1,false,1.493285714285714,false,false,10.071428571428573,false,1.482943e6,1.3646394999999998e6,false,0
5.81,use_adaptive_ngroute,0.07802591048865526,0,false,1.8873333333333335,false,false,10.071428571428573,false,1.482943e6,1.367235022222222e6,false,1
1.748,use_lmSR3_cuts,0.07799977091885124,3,false,1.7249999999999999,false,false,10.107142857142858,false,1.482943e6,1.367273785714286e6,false,0
5.481,use_adaptive_ngroute,0.07736969401645666,0,false,1.7933333333333332,false,false,10.107142857142858,false,1.482943e6,1.3682081538461538e6,false,1
6.789,use_lmSR3_cuts,0.07730543040089877,2,false,2.230666666666666,false,false,10.142857142857144,false,1.482943e6,1.368303453125e6,false,0
4.012,use_adaptive_ngroute,0.07692261547926438,0,false,1.9715000000000003,false,false,10.142857142857144,false,1.482943e6,1.3688711458333333e6,false,1
2.233,use_lmSR3_cuts,0.07689765031971207,1,false,2.21,false,false,10.178571428571429,false,1.482943e6,1.3689081677419352e6,false,0
9.243,use_lmSR3_cuts,0.0771696010691646,10,false,2.26225,false,false,10.178571428571429,false,1.482943e6,1.3685048802816898e6,false,0
19.433,use_adaptive_ngroute,0.06050726294210007,0,false,3.8486,false,false,10.178571428571429,false,1.464372e6,1.375766858350951e6,false,1
12.534,use_lmSR3_cuts,0.04775329268198891,3,false,4.148000000000001,false,false,10.25,false,1.443834e6,1.3748861724137932e6,false,0
9.73,use_adaptive_ngroute,0.04744271612485007,0,false,4.8405,false,false,10.25,false,1.443834e6,1.3753345934065932e6,false,1
4.035,use_lmSR3_cuts,0.04741974103324864,10,false,4.0,false,false,10.285714285714286,false,1.443834e6,1.3753677656250005e6,false,0
12.017,use_adaptive_ngroute,0.04594595555186298,0,false,3.9506666666666663,false,false,10.285714285714286,false,1.443834e6,1.3774956672117314e6,false,5
13.438,use_lmSR3_cuts,0.04505345562341734,3,false,6.696999999999999,false,false,10.892857142857142,false,1.443834e6,1.3787842889534188e6,false,0
27.238,use_adaptive_ngroute,0.04600502568381515,0,false,5.3866000000000005,false,false,10.892857142857142,false,1.443834e6,1.3774103797468345e6,false,1
8.975,use_adaptive_ngroute,0.04504397678280969,0,false,4.465000000000001,false,false,11.035714285714285,false,1.443834e6,1.3787979748257687e6,false,3
4.583,use_lmSR3_cuts,0.045026237997261465,10,false,4.529999999999999,false,false,11.249999999999998,false,1.443834e6,1.378823586687462e6,false,0
22.465,use_lmSR3_cuts,0.04448037711638131,10,false,7.449666666666666,false,false,11.249999999999998,false,1.443834e6,1.3796117191865467e6,false,0
29.184,use_lmSR3_cuts,0.02785776975688803,3,false,7.22,false,false,11.249999999999998,false,1.425592e6,1.3858781862967385e6,false,0
8.077,use_lmSR3_cuts,0.02738462517344631,1,false,8.005,false,false,11.249999999999998,false,1.425592e6,1.3865526974297364e6,false,0
21.563,use_lmSR3_cuts,0.02728861503713098,10,false,10.7495,false,false,11.249999999999998,false,1.425592e6,1.3866895687119863e6,false,0
18.575,use_lmSR3_cuts,0.024929866095697473,1,false,9.2295,false,false,11.249999999999998,false,1.425592e6,1.3900521823329024e6,false,0
25.136,use_lmSR3_cuts,0.025414220096985907,10,false,8.330666666666666,false,false,11.249999999999998,false,1.425592e6,1.3893616911434976e6,false,0
100.13,use_adaptive_ngroute,0.02122192300550374,0,false,16.631333333333334,false,false,11.249999999999998,false,1.425592e6,1.3953381963387378e6,false,1
15.524,use_lmSR3_cuts,0.021211139337809826,2,false,15.471,false,false,11.285714285714286,false,1.425592e6,1.395353569449133e6,false,0
46.357,use_lmSR3_cuts,0.021750418388631343,10,false,15.375666666666667,false,false,11.285714285714286,false,1.425592e6,1.3945847775485143e6,false,0
34.965,use_adaptive_ngroute,0.020587875780796017,0,false,17.383,false,false,11.285714285714286,false,1.425592e6,1.3962420889899035e6,false,1
31.338,use_lmSR3_cuts,0.02054338287908619,1,false,15.605,false,false,11.321428571428573,false,1.425592e6,1.3963055177146378e6,false,0
50.007,use_lmSR3_cuts,0.02067305097429517,10,false,16.59766666666667,false,false,11.321428571428573,false,1.425592e6,1.3961206639154525e6,false,0
62.762,use_adaptive_ngroute,0.019378811712467914,0,false,15.616999999999999,false,false,11.321428571428573,false,1.425592e6,1.3979657210531994e6,false,1
36.591,use_lmSR3_cuts,0.01934330427272457,2,false,18.238500000000002,false,false,11.428571428571429,false,1.425592e6,1.398016340175238e6,false,0
37.361,use_lmSR3_cuts,0.019338963705327616,10,false,18.582,false,false,11.428571428571429,false,1.425592e6,1.3980225280533945e6,false,0
42.442,use_lmSR3_cuts,0.01833697128688283,10,false,21.124000000000002,false,false,11.428571428571429,false,1.425592e6,1.3994509604291902e6,false,0
17.774,use_adaptive_ngroute,0.01705765724971331,0,false,17.624000000000002,false,false,11.428571428571429,false,1.425592e6,1.4012747402860667e6,false,1
18.875,use_lmSR3_cuts,0.01705546737088215,1,false,18.771,false,false,11.464285714285715,false,1.425592e6,1.4012778621598093e6,false,0
30.175,use_lmSR3_cuts,0.01703397170180554,10,false,14.944,false,false,11.464285714285715,false,1.425592e6,1.4013085062136797e6,false,0
130.177,use_adaptive_ngroute,0.015636120027687994,0,false,25.927200000000003,false,false,11.464285714285715,false,1.425592e6,1.4033012723774882e6,false,1
91.727,use_lmSR3_cuts,0.015584496269439141,1,false,22.85175,false,false,11.5,false,1.425592e6,1.4033748667942577e6,false,0
43.056,use_adaptive_ngroute,0.015597755833873905,0,false,21.4375,false,false,11.5,false,1.425592e6,1.403355964065276e6,false,1
22.784,use_lmSR3_cuts,0.015594561771927418,10,false,22.69,false,false,11.642857142857142,false,1.425592e6,1.4033605174944345e6,false,0
270.818,use_adaptive_ngroute,0.016362451302819325,0,false,29.99377777777778,false,false,11.642857142857142,false,1.425592e6,1.4022658203223113e6,false,1
89.752,use_lmSR3_cuts,0.016336322915392,1,false,29.825333333333333,false,false,11.678571428571429,false,1.425592e6,1.4023030687424005e6,false,0
32.346,use_lmSR3_cuts,0.016309151304419456,10,false,32.132,false,false,11.678571428571429,false,1.425592e6,1.40234180437363e6,false,0
72.058,use_lmSR3_cuts,0.015718448466274126,10,false,23.901,false,false,11.678571428571429,false,1.425592e6,1.4031839056140673e6,false,0
92.847,use_adaptive_ngroute,0.015033176007563154,0,false,23.043499999999998,false,false,11.678571428571429,false,1.425592e6,1.404160824549026e6,false,2
52.984,use_lmSR3_cuts,0.015033161047582455,10,false,26.3935,false,false,11.75,false,1.425592e6,1.4041608458758548e6,false,0
60.626,use_lmSR3_cuts,0.014487181661138271,10,false,30.1275,false,false,11.75,false,1.425592e6,1.4049391897213345e6,false,0
73.748,use_lmSR3_cuts,0.014099418520462259,10,false,36.754000000000005,false,false,11.75,false,1.425592e6,1.4054919817525772e6,false,0
100.494,use_lmSR3_cuts,0.013984137799706309,10,false,50.119499999999995,false,false,11.75,false,1.425592e6,1.4056563250258411e6,false,0
298.87,use_lmSR3_cuts,0.014466201267386958,10,false,42.562428571428576,false,false,11.75,false,1.425592e6,1.4049690992028234e6,false,0
81.104,use_lmSR3_cuts,0.014242492149841413,10,false,40.4285,false,false,11.75,false,1.425592e6,1.4052880171311232e6,false,0
99.618,use_lmSR3_cuts,0.0142035769802219,10,false,49.6415,false,false,11.75,false,1.425592e6,1.4053434942856114e6,false,0
192.096,use_lmSR3_cuts,0.014161030732840474,10,false,47.89775,false,false,11.75,false,1.425592e6,1.4054041478755085e6,false,0
63.867,use_lmSR3_cuts,0.014150570226337922,10,false,63.565,false,false,11.75,false,1.425592e6,1.4054190602898945e6,false,0
79.598,use_lmSR3_cuts,0.01414205138340563,10,false,79.379,false,false,11.75,false,1.425592e6,1.405431204684228e6,false,0
135.284,none,0.014140634845710487,0,false,67.46900000000001,false,false,11.75,false,1.425592e6,1.405433224089034e6,false,0
