CG_time_taken,method,CG_LP_IP_gap,implemented_SR3_cuts_count,errored,CG_sp_time_taken_mean,converged,CGIP_artificial,ngroute_neighborhood_size,time_limit_reached,CGIP_objective,CGLP_objective,CGLP_artificial,cycles_lookup_length
12.832,use_adaptive_ngroute,0.2710810526724301,0,false,0.28152173913043477,false,false,6.0,false,1.776313e6,1.2947882020842778e6,false,29
16.144,use_adaptive_ngroute,0.13975165568729575,0,false,1.1334615384615385,false,false,9.28125,false,1.611393e6,1.3861981602870815e6,false,15
29.971,use_adaptive_ngroute,0.13259542106322497,0,false,2.639545454545454,false,false,10.8125,false,1.611393e6,1.3977296666666667e6,false,5
19.126,use_adaptive_ngroute,0.1293030545850935,0,false,2.6714285714285717,false,false,11.281250000000002,false,1.611393e6,1.4030349629629625e6,false,2
27.128,use_adaptive_ngroute,0.10365980600341429,0,false,3.8301428571428575,false,false,11.375000000000002,false,1.572417e6,1.4094205588235294e6,false,1
8.01,use_adaptive_ngroute,0.10085629320975287,0,false,2.629,false,false,11.406250000000002,false,1.572417e6,1.41382885e6,false,5
6.825,use_SR3_cuts,0.10064728376760135,5,false,3.3755,false,false,11.65625,false,1.572417e6,1.4141574999999995e6,false,0
27.46,use_adaptive_ngroute,0.09552453647047254,0,false,6.78175,false,false,11.65625,false,1.572417e6,1.422212594936709e6,false,1
10.387,use_adaptive_ngroute,0.09552453647047277,0,false,5.1365,false,false,11.6875,false,1.572417e6,1.4222125949367087e6,false,2
12.451,use_SR3_cuts,0.09552453647047277,3,false,6.165499999999999,false,false,11.875,false,1.572417e6,1.4222125949367087e6,false,0
29.039,use_SR3_cuts,0.09468394834194738,2,false,9.598666666666668,false,false,11.875,false,1.572417e6,1.42353435e6,false,0
7.703,use_SR3_cuts,0.09457428311085136,10,false,7.625,false,false,11.875,false,1.572417e6,1.4237067894736845e6,false,0
31.359,use_SR3_cuts,0.06322847780657193,3,false,15.5215,false,false,11.875,false,1.525412e6,1.4289625212121215e6,false,0
66.18,use_adaptive_ngroute,0.06291201418325698,0,false,21.887666666666668,false,false,11.875,false,1.525412e6,1.4294452586206896e6,false,1
16.039,use_SR3_cuts,0.0628013835948189,1,false,15.963,false,false,11.90625,false,1.525412e6,1.4296140158478601e6,false,0
207.744,use_SR3_cuts,0.06239689260999637,10,false,69.14066666666668,false,false,11.90625,false,1.525412e6,1.4302310312500002e6,false,0
148.441,use_adaptive_ngroute,0.061505792708528184,0,false,74.14200000000001,false,false,11.90625,false,1.525412e6,1.4315903257328987e6,false,2
172.538,use_adaptive_ngroute,0.06139003996836534,0,false,86.1665,false,false,12.03125,false,1.525412e6,1.4317668963517759e6,false,2
56.104,use_SR3_cuts,0.061389043298350265,3,false,56.019999999999996,false,false,12.15625,false,1.525412e6,1.431768416684177e6,false,0
142.75,use_SR3_cuts,0.06111757168006193,1,false,71.2785,false,false,12.15625,false,1.525412e6,1.4321825227483734e6,false,0
350.626,use_SR3_cuts,0.06108906970706918,10,false,116.801,false,false,12.15625,false,1.525412e6,1.4322260000000002e6,false,0
399.049,use_SR3_cuts,0.060805774814093105,1,false,199.409,false,false,12.15625,false,1.525412e6,1.4326581414292846e6,false,0
575.349,use_SR3_cuts,0.060801339352312356,10,false,191.69899999999998,false,false,12.15625,false,1.525412e6,1.4326649073359105e6,false,0
688.289,use_adaptive_ngroute,0.04557652666542755,0,false,136.6188,false,false,12.15625,false,1.502326e6,1.433855199000835e6,false,2
360.165,use_SR3_cuts,0.04557648304370476,1,false,179.9645,false,false,12.28125,false,1.502326e6,1.4338552645348832e6,false,0
110.755,none,0.045554818538282804,0,false,NaN,false,false,12.28125,true,1.502326e6,1.4338878116846557e6,false,0
