CG_time_taken,method,CG_LP_IP_gap,implemented_SR3_cuts_count,errored,CG_sp_time_taken_mean,converged,CGIP_artificial,ngroute_neighborhood_size,time_limit_reached,CGIP_objective,CGLP_objective,CGLP_artificial,cycles_lookup_length
10.974,use_adaptive_ngroute,0.3613890909590779,0,false,0.2685217391304348,false,false,6.0,false,1.935374e6,1.2359509494741657e6,false,32
22.793,use_adaptive_ngroute,0.13490006394477982,0,false,1.4928571428571429,false,false,10.59375,false,1.552439e6,1.34301487962963e6,false,11
14.755,use_SR3_cuts,0.12222448079872672,6,false,2.3921666666666668,false,false,11.15625,false,1.535149e6,1.3475162105263155e6,false,0
21.209,use_SR3_cuts,0.11430656918945037,5,false,6.986999999999999,false,false,11.15625,false,1.535149e6,1.3596713846153845e6,false,0
65.246,use_adaptive_ngroute,0.043212332905926076,0,false,12.7166,false,false,11.15625,false,1.424871e6,1.3632990000000002e6,false,1
53.229,use_adaptive_ngroute,0.043056529327916926,0,false,10.5184,false,false,11.1875,false,1.424871e6,1.3635210000000016e6,false,4
17.898,use_SR3_cuts,0.04297652208515723,10,false,8.905,false,false,11.312500000000002,false,1.424871e6,1.363635e6,false,0
105.122,use_SR3_cuts,0.02145173702726455,1,false,26.10075,false,false,11.312500000000002,false,1.400784e6,1.3707347500000002e6,false,0
124.284,use_adaptive_ngroute,0.02025395190458057,0,false,30.878750000000004,false,false,11.312500000000002,false,1.400784e6,1.372412588235294e6,false,3
42.003,use_adaptive_ngroute,0.02025395190458046,0,false,13.903333333333332,false,false,11.75,false,1.400784e6,1.3724125882352942e6,false,2
120.095,use_SR3_cuts,0.02005238177731583,1,false,29.949,false,false,11.8125,false,1.400784e6,1.3726949444444445e6,false,0
54.289,use_SR3_cuts,0.019693305082487345,10,false,27.017,false,false,11.8125,false,1.400784e6,1.373197933333333e6,false,0
400.536,use_SR3_cuts,0.016987487007276147,10,false,79.91259999999998,false,false,11.8125,false,1.400784e6,1.3769881999999997e6,false,0
274.71,use_adaptive_ngroute,0.01691719303856487,0,false,68.57574999999999,false,false,11.8125,false,1.400784e6,1.377086666666667e6,false,1
83.704,use_SR3_cuts,0.016917193038565315,10,false,41.770999999999994,false,false,11.9375,false,1.400784e6,1.3770866666666663e6,false,0
428.47,use_adaptive_ngroute,0.015158916033882086,0,false,142.716,false,false,11.9375,false,1.400784e6,1.3795496329623945e6,false,1
201.473,use_SR3_cuts,0.014884790560691474,1,false,100.64699999999999,false,false,12.0,false,1.400784e6,1.3799336235392324e6,false,0
319.419,use_SR3_cuts,0.01478736086541288,2,false,159.57000000000002,false,false,12.0,false,1.400784e6,1.3800701014975035e6,false,0
165.852,use_SR3_cuts,0.014752277273478831,10,false,165.667,false,false,12.0,false,1.400784e6,1.3801192460317472e6,false,0
1033.615,use_SR3_cuts,0.0014755754322592907,10,false,343.9723333333334,false,false,12.0,false,1.383641e6,1.3815993333333333e6,false,0
11.786,none,0.0013086968850050118,0,false,NaN,false,false,12.0,true,1.383641e6,1.3818302333333348e6,false,0
