CG_time_taken,method,CG_LP_IP_gap,implemented_SR3_cuts_count,errored,CG_sp_time_taken_mean,converged,CGIP_artificial,ngroute_neighborhood_size,time_limit_reached,CGIP_objective,CGLP_objective,CGLP_artificial,cycles_lookup_length
1.334,use_adaptive_ngroute,0.3325014690852539,0,false,0.05635714285714286,false,false,5.0,false,1.579214e6,1.054123025e6,false,20
0.704,use_adaptive_ngroute,0.11956145487878533,0,false,0.09116666666666666,false,false,7.15,false,1.389829e6,1.2236590227272727e6,false,8
1.139,use_adaptive_ngroute,0.041942775982160785,0,false,0.1765,false,false,8.149999999999999,false,1.316287e6,1.2610782692307695e6,false,4
0.159,use_adaptive_ngroute,0.034786148883606316,0,false,0.151,false,false,8.35,false,1.316287e6,1.2704984444444445e6,false,2
0.325,use_lmSR3_cuts,0.034786148883606316,4,false,0.148,false,false,8.5,false,1.316287e6,1.2704984444444445e6,false,0
1.45,use_adaptive_ngroute,0.01635982390573798,0,false,0.26780000000000004,false,false,8.5,false,1.316287e6,1.2947527764705878e6,false,5
0.269,use_lmSR3_cuts,0.01629190152437754,1,false,0.26,false,false,8.75,false,1.316287e6,1.2948421818181816e6,false,0
0.276,use_lmSR3_cuts,0.0159612192892169,10,false,0.266,false,false,8.75,false,1.316287e6,1.2952774545454546e6,false,0
2.482,use_adaptive_ngroute,0.007642482224621383,0,false,0.4446,false,false,8.75,false,1.316287e6,1.3062272999999998e6,false,1
0.433,use_lmSR3_cuts,0.007343552144952081,2,false,0.424,false,false,8.8,false,1.316287e6,1.3066207777777775e6,false,0
1.177,use_lmSR3_cuts,0.006514536723374209,1,false,0.385,false,false,8.8,false,1.316287e6,1.307712e6,false,0
1.092,use_lmSR3_cuts,0.006514536723374209,10,false,0.35633333333333334,false,false,8.8,false,1.316287e6,1.307712e6,false,0
1.858,none,0.0,0,false,0.5783333333333334,true,false,8.8,false,1.316287e6,1.316287e6,false,0
