CG_time_taken,method,CG_LP_IP_gap,implemented_SR3_cuts_count,errored,CG_sp_time_taken_mean,converged,CGIP_artificial,ngroute_neighborhood_size,time_limit_reached,CGIP_objective,CGLP_objective,CGLP_artificial,cycles_lookup_length
12.761,use_adaptive_ngroute,0.26832355833899824,0,false,0.2554347826086956,false,false,6.0,false,1.728475e6,1.2646844375e6,false,14
5.724,use_adaptive_ngroute,0.10472160547841647,0,false,0.35091666666666665,false,false,7.656250000000001,false,1.512714e6,1.3543001612903227e6,false,7
3.322,use_adaptive_ngroute,0.017641859452731223,0,false,0.5866,false,false,8.09375,false,1.380904e6,1.3565422857142857e6,false,13
5.999,use_adaptive_ngroute,0.015976021035025934,0,false,0.8294285714285713,false,false,8.6875,false,1.380904e6,1.3588426486486485e6,false,6
4.348,use_SR3_cuts,0.015594771506882932,5,false,1.026,false,false,9.53125,false,1.380904e6,1.3593691176470593e6,false,0
20.002,use_adaptive_ngroute,0.0034484190591413943,0,false,4.61175,false,false,9.53125,false,1.370502e6,1.3657759347826086e6,false,1
8.178,use_SR3_cuts,0.0031658715808757787,7,false,2.6496666666666666,false,false,9.5625,false,1.370502e6,1.3661631666666665e6,false,0
17.246,use_adaptive_ngroute,0.0020896048982838034,0,false,5.640666666666667,false,false,9.5625,false,1.370502e6,1.3676381923076923e6,false,1
16.888,use_SR3_cuts,0.0020179018064464538,3,false,8.358,false,false,9.59375,false,1.370502e6,1.3677364615384615e6,false,0
93.153,use_SR3_cuts,0.0008890258932170436,10,false,22.593,false,false,9.59375,false,1.370502e6,1.3692835882352942e6,false,0
40.048,none,0.0,0,false,13.266,true,false,9.59375,false,1.370502e6,1.370502e6,false,0
