CG_time_taken,method,CG_LP_IP_gap,implemented_SR3_cuts_count,errored,CG_sp_time_taken_mean,converged,CGIP_artificial,ngroute_neighborhood_size,time_limit_reached,CGIP_objective,CGLP_objective,CGLP_artificial,cycles_lookup_length
23.444,use_adaptive_ngroute,0.306009788049859,0,false,0.4934444444444444,false,false,6.0,false,1.755621e6,1.2183837898941184e6,false,25
25.149,use_adaptive_ngroute,0.09684174885376473,0,false,1.4254666666666669,false,false,7.375,false,1.471505e6,1.329001882352941e6,false,15
20.551,use_adaptive_ngroute,0.018404056713254957,0,false,2.483,false,false,9.46875,false,1.38733e6,1.3617975e6,false,5
16.436,use_adaptive_ngroute,0.014044123123794106,0,false,2.643333333333333,false,false,9.6875,false,1.38733e6,1.3678461666666667e6,false,8
13.506,use_SR3_cuts,0.013051448946297395,3,false,3.3155,false,false,10.375,false,1.38733e6,1.3692233333333333e6,false,0
17.805,use_adaptive_ngroute,0.011889717326419413,0,false,5.752666666666667,false,false,10.375,false,1.38733e6,1.3708350384615385e6,false,1
8.951,use_SR3_cuts,0.011889717326419413,4,false,4.434,false,false,10.75,false,1.38733e6,1.3708350384615385e6,false,0
30.006,use_SR3_cuts,0.010944043594530495,2,false,5.8574,false,false,10.75,false,1.38733e6,1.372147e6,false,0
25.053,use_SR3_cuts,0.010415258085675339,1,false,6.18575,false,false,10.75,false,1.38733e6,1.3728806e6,false,0
27.318,use_SR3_cuts,0.010415258085675339,10,false,9.039333333333333,false,false,10.75,false,1.38733e6,1.3728806e6,false,0
56.033,use_adaptive_ngroute,0.001517867132330153,0,false,18.415666666666667,false,false,10.75,false,1.38733e6,1.3852242173913044e6,false,3
32.511,use_SR3_cuts,0.0015086022315226044,4,false,16.15,false,false,11.03125,false,1.38733e6,1.3852370708661417e6,false,0
103.314,use_SR3_cuts,0.0007938510183833625,10,false,34.30866666666667,false,false,11.03125,false,1.38733e6,1.3862286666666663e6,false,0
210.052,none,0.0,0,false,69.82833333333333,true,false,11.03125,false,1.38733e6,1.38733e6,false,0
