CG_time_taken,method,CG_LP_IP_gap,implemented_SR3_cuts_count,errored,CG_sp_time_taken_mean,converged,CGIP_artificial,ngroute_neighborhood_size,time_limit_reached,CGIP_objective,CGLP_objective,CGLP_artificial,cycles_lookup_length
14.49,use_adaptive_ngroute,0.1789494015605526,0,false,0.2535909090909091,false,false,6.0,false,1.56184e6,1.2823496666666665e6,false,15
12.167,use_adaptive_ngroute,0.1486736029878204,0,false,0.7178461538461538,false,false,6.78125,false,1.56184e6,1.3296356199095026e6,false,17
9.928,use_adaptive_ngroute,0.14362645621747316,0,false,1.0166666666666664,false,false,8.21875,false,1.56184e6,1.3375184556213017e6,false,4
4.093,use_SR3_cuts,0.1424454255901051,9,false,1.3096666666666668,false,false,8.65625,false,1.56184e6,1.3393630364963503e6,false,0
29.857,use_SR3_cuts,0.135113111778415,7,false,6.94775,false,false,8.65625,false,1.56184e6,1.3508149375000002e6,false,0
128.868,use_adaptive_ngroute,0.11919484720165774,0,false,24.988200000000003,false,false,8.65625,false,1.540959e6,1.3572846274509807e6,false,1
83.427,use_SR3_cuts,0.08165626320908503,2,false,27.711333333333336,false,false,8.6875,false,1.478064e6,1.357370816976127e6,false,0
97.22,use_SR3_cuts,0.08121881928199726,1,false,32.157666666666664,false,false,8.6875,false,1.478064e6,1.358017387096774e6,false,0
55.419,use_adaptive_ngroute,0.08104558897025471,0,false,27.281000000000002,false,false,8.6875,false,1.478064e6,1.3582734325842694e6,false,4
54.214,use_SR3_cuts,0.08101678953008784,10,false,27.06,false,false,8.96875,false,1.478064e6,1.3583160000000002e6,false,0
285.221,use_SR3_cuts,0.07732877263772042,2,false,94.77199999999999,false,false,8.96875,false,1.478064e6,1.3637671250000005e6,false,0
167.971,use_SR3_cuts,0.076938343871644,10,false,83.87149999999998,false,false,8.96875,false,1.478064e6,1.3643442037037024e6,false,0
297.163,use_adaptive_ngroute,0.07455334926066948,0,false,98.17233333333333,false,false,8.96875,false,1.478064e6,1.3678693783783778e6,false,3
453.789,use_SR3_cuts,0.07450006057200798,1,false,150.32166666666666,false,false,9.09375,false,1.478064e6,1.3679481424706955e6,false,0
112.541,use_adaptive_ngroute,0.07449316393716221,0,false,112.38199999999999,false,false,9.09375,false,1.478064e6,1.3679583361383823e6,false,5
266.129,use_SR3_cuts,0.07449313121023826,10,false,132.934,false,false,9.34375,false,1.478064e6,1.3679583845108703e6,false,0
1479.594,none,0.017756071448322364,0,false,425.6476666666666,false,false,9.34375,true,1.398243e6,1.3734156973898835e6,false,0
