CG_time_taken,method,CG_LP_IP_gap,implemented_SR3_cuts_count,errored,CG_sp_time_taken_mean,converged,CGIP_artificial,ngroute_neighborhood_size,time_limit_reached,CGIP_objective,CGLP_objective,CGLP_artificial,cycles_lookup_length
28.396,use_adaptive_ngroute,0.9999797801542071,0,false,0.3629615384615385,false,true,6.0,false,6.0e10,1.2131907475771918e6,false,29
17.474,use_adaptive_ngroute,0.1366270368163499,0,false,1.1355384615384616,false,false,8.625,false,1.491973e6,1.28812915e6,false,9
15.105,use_adaptive_ngroute,0.11266356696803514,0,false,1.736625,false,false,9.0,false,1.491973e6,1.3238819999999998e6,false,9
17.899,use_adaptive_ngroute,0.11095269794537199,0,false,2.8808333333333334,false,false,9.46875,false,1.491973e6,1.3264345703883495e6,false,11
18.067,use_adaptive_ngroute,0.10773913626650145,0,false,3.5212000000000003,false,false,10.59375,false,1.491973e6,1.331229117647059e6,false,1
15.015,use_lmSR3_cuts,0.10743927671613374,6,false,2.9514,false,false,10.625,false,1.491973e6,1.3316764999999998e6,false,0
33.48,use_adaptive_ngroute,0.09831777357380689,0,false,6.6078,false,false,10.625,false,1.491973e6,1.3452855364077666e6,false,2
17.176,use_lmSR3_cuts,0.094487634829853,1,false,4.237,false,false,10.6875,false,1.491973e6,1.3509999999999998e6,false,0
18.005,use_lmSR3_cuts,0.09448763482985278,10,false,4.412999999999999,false,false,10.6875,false,1.491973e6,1.351e6,false,0
42.916,use_lmSR3_cuts,0.08826490525721942,9,false,7.05,false,false,10.6875,false,1.491973e6,1.3602841445086705e6,false,0
22.028,use_lmSR3_cuts,0.08756374947804035,2,false,7.277333333333333,false,false,10.6875,false,1.491973e6,1.3613302499999998e6,false,0
17.643,use_adaptive_ngroute,0.08730570191283604,0,false,5.7746666666666675,false,false,10.6875,false,1.491973e6,1.3617152500000002e6,false,5
20.25,use_lmSR3_cuts,0.08729356688077694,2,false,4.9902500000000005,false,false,10.84375,false,1.491973e6,1.3617333551401866e6,false,0
26.141,use_lmSR3_cuts,0.08726335460864065,10,false,8.618666666666666,false,false,10.84375,false,1.491973e6,1.3617784310344825e6,false,0
64.876,use_adaptive_ngroute,0.029705011579024276,0,false,12.8378,false,false,10.84375,false,1.411956e6,1.3700138306709272e6,false,4
40.117,use_lmSR3_cuts,0.029704296260636753,5,false,13.301666666666666,false,false,11.0625,false,1.411956e6,1.3700148406690164e6,false,0
52.997,use_adaptive_ngroute,0.028775625608022604,0,false,13.107750000000001,false,false,11.0625,false,1.411956e6,1.3713260827689988e6,false,1
37.755,use_lmSR3_cuts,0.028697018372192407,3,false,12.508,false,false,11.09375,false,1.411956e6,1.3714370727272728e6,false,0
25.797,use_lmSR3_cuts,0.02862212641885087,10,false,12.8055,false,false,11.09375,false,1.411956e6,1.371542816870145e6,false,0
94.861,use_adaptive_ngroute,0.023205108021876475,0,false,15.677000000000001,false,false,11.09375,false,1.411956e6,1.3791914084978634e6,false,8
48.808,use_lmSR3_cuts,0.023285451242477384,4,false,16.199,false,false,11.468749999999998,false,1.411956e6,1.3790779674054766e6,false,0
67.153,use_lmSR3_cuts,0.02280712673260643,4,false,22.252666666666666,false,false,11.468749999999998,false,1.411956e6,1.379753340567136e6,false,0
68.997,use_adaptive_ngroute,0.02190093110686786,0,false,22.866000000000003,false,false,11.468749999999998,false,1.411956e6,1.3810328489180712e6,false,1
24.29,use_lmSR3_cuts,0.021866813687072217,1,false,24.177000000000003,false,false,11.531249999999998,false,1.411956e6,1.3810810212136563e6,false,0
26.501,use_lmSR3_cuts,0.021865371318879667,10,false,26.342,false,false,11.531249999999998,false,1.411956e6,1.38108305777408e6,false,0
153.307,use_lmSR3_cuts,0.018384836316287845,10,false,38.165,false,false,11.531249999999998,false,1.411956e6,1.3859974200541994e6,false,0
219.713,use_lmSR3_cuts,0.01446867054933254,1,false,43.824000000000005,false,false,11.531249999999998,false,1.411956e6,1.3915268738058466e6,false,0
43.885,use_lmSR3_cuts,0.014451660190417881,10,false,43.698,false,false,11.531249999999998,false,1.411956e6,1.3915508916841783e6,false,0
585.703,use_adaptive_ngroute,0.013516606460611369,0,false,64.932,false,false,11.531249999999998,false,1.411956e6,1.392871146408301e6,false,3
173.151,use_lmSR3_cuts,0.01348214481431298,2,false,86.4365,false,false,12.125,false,1.411956e6,1.3929198047365618e6,false,0
85.318,use_lmSR3_cuts,0.013455442958400177,10,false,85.125,false,false,12.125,false,1.411956e6,1.3929575065822292e6,false,0
161.607,use_lmSR3_cuts,0.012579824046484167,2,false,80.66149999999999,false,false,12.125,false,1.411956e6,1.3941938419586224e6,false,0
115.11,use_lmSR3_cuts,0.012070660478954887,10,false,57.4065,false,false,12.125,false,1.411956e6,1.3949127585127768e6,false,0
402.403,use_adaptive_ngroute,0.011343243203231546,0,false,100.45,false,false,12.125,false,1.411956e6,1.395939839699738e6,false,1
99.508,use_lmSR3_cuts,0.011341194175763514,10,false,99.31,false,false,12.1875,false,1.411956e6,1.3959427328363657e6,false,0
235.643,use_lmSR3_cuts,0.01063584680329277,2,false,117.604,false,false,12.1875,false,1.411956e6,1.39693865229101e6,false,0
311.022,use_adaptive_ngroute,0.010560218961661372,0,false,103.54999999999998,false,false,12.1875,false,1.411956e6,1.3970454354757685e6,false,1
67.013,none,0.010557708727368165,0,false,NaN,false,false,12.21875,true,1.411956e6,1.3970489798161401e6,false,0
