CG_time_taken,method,CG_LP_IP_gap,implemented_SR3_cuts_count,errored,CG_sp_time_taken_mean,converged,CGIP_artificial,ngroute_neighborhood_size,time_limit_reached,CGIP_objective,CGLP_objective,CGLP_artificial,cycles_lookup_length
13.429,use_adaptive_ngroute,0.2710810526724301,0,false,0.31100000000000005,false,false,6.0,false,1.776313e6,1.2947882020842778e6,false,29
16.633,use_adaptive_ngroute,0.13975165568729575,0,false,1.1800000000000002,false,false,9.28125,false,1.611393e6,1.3861981602870815e6,false,15
28.162,use_adaptive_ngroute,0.13259542106322497,0,false,2.4713636363636367,false,false,10.8125,false,1.611393e6,1.3977296666666667e6,false,5
18.086,use_adaptive_ngroute,0.1293030545850935,0,false,2.5177142857142853,false,false,11.281250000000002,false,1.611393e6,1.4030349629629625e6,false,2
26.4,use_adaptive_ngroute,0.10365980600341429,0,false,3.7195714285714283,false,false,11.375000000000002,false,1.572417e6,1.4094205588235294e6,false,1
8.359,use_adaptive_ngroute,0.10085629320975287,0,false,2.7353333333333336,false,false,11.406250000000002,false,1.572417e6,1.41382885e6,false,5
6.584,use_lmSR3_cuts,0.10064728376760135,5,false,3.2595,false,false,11.65625,false,1.572417e6,1.4141574999999995e6,false,0
28.691,use_adaptive_ngroute,0.09515609472689424,0,false,4.704833333333333,false,false,11.65625,false,1.572417e6,1.4227919389978212e6,false,2
9.971,use_adaptive_ngroute,0.09496005194550816,0,false,4.922,false,false,11.84375,false,1.572417e6,1.4231002e6,false,2
9.91,use_lmSR3_cuts,0.06707158459485052,5,false,4.9045000000000005,false,false,11.90625,false,1.525412e6,1.4231002e6,false,0
13.245,use_lmSR3_cuts,0.06517778433562504,5,false,4.3533333333333335,false,false,11.90625,false,1.525412e6,1.4259890256410255e6,false,0
9.953,use_adaptive_ngroute,0.06469593699110088,0,false,4.9235,false,false,11.90625,false,1.525412e6,1.4267240413625308e6,false,1
10.441,use_lmSR3_cuts,0.0646838726557517,10,false,5.162,false,false,11.9375,false,1.525412e6,1.4267424444444445e6,false,0
17.621,use_lmSR3_cuts,0.06333794066857423,10,false,5.745333333333333,false,false,11.9375,false,1.525412e6,1.4287955452488689e6,false,0
37.433,use_adaptive_ngroute,0.0614117642852019,0,false,7.412,false,false,11.9375,false,1.525412e6,1.4317337578181815e6,false,2
7.602,use_lmSR3_cuts,0.06140908686845026,6,false,7.554,false,false,12.03125,false,1.525412e6,1.4317378419818236e6,false,0
6.893,use_lmSR3_cuts,0.06049835990480279,1,false,6.7829999999999995,false,false,12.03125,false,1.525412e6,1.433127075820895e6,false,0
7.403,use_lmSR3_cuts,0.06041419036413265,10,false,7.3180000000000005,false,false,12.03125,false,1.525412e6,1.4332554690482677e6,false,0
17.46,use_adaptive_ngroute,0.05802875034979338,0,false,8.626999999999999,false,false,12.03125,false,1.525412e6,1.436894247871421e6,false,4
23.95,use_adaptive_ngroute,0.05714141701534203,0,false,11.879000000000001,false,false,12.28125,false,1.525412e6,1.438247796787793e6,false,5
25.879,use_lmSR3_cuts,0.05706767049576267,2,false,12.892500000000002,false,false,12.59375,false,1.525412e6,1.4383602906137176e6,false,0
13.954,use_lmSR3_cuts,0.0569034245611465,10,false,13.839,false,false,12.59375,false,1.525412e6,1.4386108333333323e6,false,0
54.64,use_lmSR3_cuts,0.055721928599600457,10,false,18.136666666666667,false,false,12.59375,false,1.525412e6,1.4404131014510263e6,false,0
31.847,use_adaptive_ngroute,0.05500303859446287,0,false,15.815500000000002,false,false,12.59375,false,1.525412e6,1.4415097048915431e6,false,2
17.107,use_lmSR3_cuts,0.05497950689711084,10,false,17.012,false,false,12.718750000000002,false,1.525412e6,1.4415456004250643e6,false,0
79.724,use_adaptive_ngroute,0.053804509965981295,0,false,26.487,false,false,12.718750000000002,false,1.525412e6,1.4433379548437726e6,false,1
57.078,use_lmSR3_cuts,0.053803907836585285,1,false,28.435000000000002,false,false,12.750000000000002,false,1.525412e6,1.4433388733391787e6,false,0
27.335,use_lmSR3_cuts,0.05377447312299144,10,false,27.196,false,false,12.750000000000002,false,1.525412e6,1.4433837734045114e6,false,0
130.346,use_adaptive_ngroute,0.05147722412583511,0,false,32.416500000000006,false,false,12.750000000000002,false,1.523508e6,1.4450820372264972e6,false,1
34.662,use_lmSR3_cuts,0.05147656774146714,1,false,34.544000000000004,false,false,12.781249999999998,false,1.523508e6,1.4450830372333329e6,false,0
36.567,use_adaptive_ngroute,0.051472744145947935,0,false,36.39,false,false,12.781249999999998,false,1.523508e6,1.4450888625116951e6,false,1
64.943,use_lmSR3_cuts,0.051472078561466184,1,false,32.388,false,false,12.843749999999998,false,1.523508e6,1.4450898765349777e6,false,0
34.476,use_lmSR3_cuts,0.05147205979549985,10,false,34.325,false,false,12.843749999999998,false,1.523508e6,1.4450899051250776e6,false,0
114.329,use_lmSR3_cuts,0.05070067080473539,2,false,37.909000000000006,false,false,12.843749999999998,false,1.523508e6,1.4462651224236193e6,false,0
81.836,use_lmSR3_cuts,0.05067204233452893,10,false,40.801500000000004,false,false,12.843749999999998,false,1.523508e6,1.4463087381270065e6,false,0
248.093,use_adaptive_ngroute,0.05005840583188481,0,false,49.4974,false,false,12.843749999999998,false,1.523508e6,1.4472436182478769e6,false,2
108.318,use_lmSR3_cuts,0.04974674143909874,2,false,54.068000000000005,false,false,12.96875,false,1.523508e6,1.4477184414436016e6,false,0
185.37,use_lmSR3_cuts,0.049760935872425915,10,false,46.02675,false,false,12.96875,false,1.523508e6,1.4476968161108722e6,false,0
178.317,use_adaptive_ngroute,0.04887114386043134,0,false,59.31533333333333,false,false,12.96875,false,1.523508e6,1.449052421359482e6,false,1
143.487,use_lmSR3_cuts,0.04886509023363128,10,false,71.6315,false,false,13.0,false,1.523508e6,1.4490616441083408e6,false,0
189.18,use_lmSR3_cuts,0.04768851129165386,1,false,94.40849999999999,false,false,13.0,false,1.523508e6,1.450854171539075e6,false,0
240.002,use_lmSR3_cuts,0.04774769259040956,10,false,79.88166666666666,false,false,13.0,false,1.523508e6,1.4507640083569703e6,false,0
259.598,use_adaptive_ngroute,0.04920692374323876,0,false,64.74375,false,false,13.0,false,1.523508e6,1.4485408580217857e6,false,1
79.384,use_lmSR3_cuts,0.0491481487062726,1,false,79.23,false,false,13.03125,false,1.523508e6,1.448630402260804e6,false,0
68.175,use_lmSR3_cuts,0.04895319958164357,10,false,67.99,false,false,13.03125,false,1.523508e6,1.4489274088117694e6,false,0
321.602,use_lmSR3_cuts,0.048345517782019676,10,false,107.05566666666667,false,false,13.03125,false,1.523508e6,1.4498532168949507e6,false,0
271.044,none,0.04763286057051108,0,false,115.63,false,false,13.03125,true,1.523508e6,1.4509389558579419e6,false,0
