CG_time_taken,method,CG_LP_IP_gap,implemented_SR3_cuts_count,errored,CG_sp_time_taken_mean,converged,CGIP_artificial,ngroute_neighborhood_size,time_limit_reached,CGIP_objective,CGLP_objective,CGLP_artificial,cycles_lookup_length
10.34,use_adaptive_ngroute,0.3613890909590779,0,false,0.23213043478260872,false,false,6.0,false,1.935374e6,1.2359509494741657e6,false,32
21.126,use_adaptive_ngroute,0.13490006394477982,0,false,1.3743571428571426,false,false,10.59375,false,1.552439e6,1.34301487962963e6,false,11
14.165,use_lmSR3_cuts,0.12222448079872672,6,false,2.2971666666666666,false,false,11.15625,false,1.535149e6,1.3475162105263155e6,false,0
29.27,use_adaptive_ngroute,0.09140782293669647,0,false,4.096,false,false,11.15625,false,1.496173e6,1.359411083333334e6,false,4
3.728,use_lmSR3_cuts,0.09103597740941116,7,false,3.661,false,false,11.281250000000002,false,1.496173e6,1.359967428571429e6,false,0
8.712,use_lmSR3_cuts,0.08799049307800633,1,false,2.8316666666666666,false,false,11.281250000000002,false,1.496173e6,1.364524e6,false,0
16.36,use_lmSR3_cuts,0.08784077777101951,10,false,3.98975,false,false,11.281250000000002,false,1.496173e6,1.3647480000000005e6,false,0
18.92,use_lmSR3_cuts,0.07403941335220698,4,false,4.658999999999999,false,false,11.281250000000002,false,1.486366e6,1.3763163333333335e6,false,0
16.219,use_adaptive_ngroute,0.07233519019386359,0,false,3.9934999999999996,false,false,11.281250000000002,false,1.486366e6,1.3788494326923077e6,false,1
15.65,use_lmSR3_cuts,0.07251732714128556,1,false,5.1803333333333335,false,false,11.406250000000002,false,1.486366e6,1.378578710526316e6,false,0
9.053,use_adaptive_ngroute,0.07246534330838461,0,false,4.4639999999999995,false,false,11.406250000000002,false,1.486366e6,1.3786559775280897e6,false,2
6.992,use_lmSR3_cuts,0.0724554980999893,1,false,6.9430000000000005,false,false,11.468749999999998,false,1.486366e6,1.3786706111111112e6,false,0
5.196,use_lmSR3_cuts,0.07238723395657343,2,false,5.137,false,false,11.468749999999998,false,1.486366e6,1.3787720766129037e6,false,0
9.375,use_lmSR3_cuts,0.07235464695740279,10,false,4.635,false,false,11.468749999999998,false,1.486366e6,1.378820512820513e6,false,0
39.012,use_adaptive_ngroute,0.07013732097998426,0,false,7.7395999999999985,false,false,11.468749999999998,false,1.486366e6,1.3821162707642647e6,false,10
30.843,use_adaptive_ngroute,0.06871300262488444,0,false,10.200333333333333,false,false,12.15625,false,1.486366e6,1.384233329140461e6,false,1
31.36,use_lmSR3_cuts,0.06868053125408546,3,false,10.392333333333335,false,false,12.1875,false,1.486366e6,1.38428159348199e6,false,0
31.759,use_lmSR3_cuts,0.02517321198829614,10,false,10.500333333333334,false,false,12.1875,false,1.421063e6,1.385290279852276e6,false,0
70.643,use_adaptive_ngroute,0.023896263731034706,0,false,14.001199999999999,false,false,12.1875,false,1.421063e6,1.3871049037735846e6,false,3
50.657,use_lmSR3_cuts,0.023502741257777182,1,false,16.813333333333333,false,false,12.28125,false,1.421063e6,1.3876641239999994e6,false,0
14.36,use_lmSR3_cuts,0.023487693875627214,10,false,14.259,false,false,12.28125,false,1.421063e6,1.3876855072780196e6,false,0
69.498,use_adaptive_ngroute,0.022339855331349523,0,false,13.791400000000001,false,false,12.28125,false,1.421063e6,1.3893166581632665e6,false,5
27.32,use_adaptive_ngroute,0.022194687484177744,0,false,13.568999999999999,false,false,12.874999999999998,false,1.421063e6,1.3895229508196719e6,false,2
35.634,use_lmSR3_cuts,0.022187826855432857,2,false,17.7525,false,false,12.96875,false,1.421063e6,1.389532700205338e6,false,0
59.825,use_adaptive_ngroute,0.02210371063835781,0,false,19.862666666666666,false,false,12.96875,false,1.421063e6,1.3896522346491234e6,false,5
23.736,use_lmSR3_cuts,0.022089548478760324,2,false,23.642,false,false,13.28125,false,1.421063e6,1.3896723599701275e6,false,0
62.581,use_lmSR3_cuts,0.02200296043512817,10,false,20.795999999999996,false,false,13.28125,false,1.421063e6,1.3897954070351755e6,false,0
159.167,use_lmSR3_cuts,0.022686233420122548,3,false,22.576999999999998,false,false,13.28125,false,1.421063e6,1.3888244330773004e6,false,0
64.225,use_lmSR3_cuts,0.022195796015077707,1,false,21.32133333333333,false,false,13.28125,false,1.421063e6,1.3895213755274257e6,false,0
103.246,use_lmSR3_cuts,0.02219576003816026,10,false,25.70725,false,false,13.28125,false,1.421063e6,1.3895214266528918e6,false,0
167.404,none,0.02051140589826006,0,false,23.810857142857138,false,false,13.28125,false,1.421063e6,1.391915000000001e6,false,0
