CG_time_taken,method,CG_LP_IP_gap,implemented_SR3_cuts_count,errored,CG_sp_time_taken_mean,converged,CGIP_artificial,ngroute_neighborhood_size,time_limit_reached,CGIP_objective,CGLP_objective,CGLP_artificial,cycles_lookup_length
13.062,use_adaptive_ngroute,0.26832355833899824,0,false,0.2624782608695652,false,false,6.0,false,1.728475e6,1.2646844375e6,false,14
5.528,use_adaptive_ngroute,0.10472160547841647,0,false,0.33333333333333337,false,false,7.656250000000001,false,1.512714e6,1.3543001612903227e6,false,7
3.092,use_adaptive_ngroute,0.017641859452731223,0,false,0.5438000000000001,false,false,8.09375,false,1.380904e6,1.3565422857142857e6,false,13
5.838,use_adaptive_ngroute,0.015976021035025934,0,false,0.8064285714285714,false,false,8.6875,false,1.380904e6,1.3588426486486485e6,false,6
4.184,use_lmSR3_cuts,0.015594771506882932,5,false,0.99325,false,false,9.53125,false,1.380904e6,1.3593691176470593e6,false,0
11.35,use_adaptive_ngroute,0.010708808470344389,0,false,2.1706,false,false,9.53125,false,1.379847e6,1.3650704827586208e6,false,2
8.101,use_adaptive_ngroute,0.010239797721534938,0,false,1.9945,false,false,9.59375,false,1.379847e6,1.3657176458333333e6,false,4
3.869,use_adaptive_ngroute,0.010236173243248436,0,false,1.9095,false,false,9.75,false,1.379847e6,1.3657226470588234e6,false,1
2.125,use_lmSR3_cuts,0.01023551091127528,4,false,2.095,false,false,9.78125,false,1.379847e6,1.3657235609756096e6,false,0
2.113,use_lmSR3_cuts,0.009719996269374476,2,false,2.058,false,false,9.78125,false,1.379847e6,1.3664348923076924e6,false,0
4.834,use_adaptive_ngroute,0.00959836851477014,0,false,2.3595,false,false,9.78125,false,1.379847e6,1.36660272e6,false,2
4.883,use_lmSR3_cuts,0.00959836851477014,1,false,2.4044999999999996,false,false,9.90625,false,1.379847e6,1.36660272e6,false,0
8.183,use_lmSR3_cuts,0.009583475603708203,4,false,2.6893333333333334,false,false,9.90625,false,1.379847e6,1.36662326993865e6,false,0
4.745,use_lmSR3_cuts,0.009545406121113431,10,false,2.314,false,false,9.90625,false,1.379847e6,1.3666758e6,false,0
20.357,use_adaptive_ngroute,0.008336250323405459,0,false,2.857142857142857,false,false,9.90625,false,1.379847e6,1.36834425e6,false,2
30.731,use_adaptive_ngroute,0.0057201813774439,0,false,5.023000000000001,false,false,10.375,false,1.379847e6,1.3719540248868782e6,false,5
16.034,use_lmSR3_cuts,0.00562342989347131,4,false,5.263,false,false,10.71875,false,1.379847e6,1.3720875271317833e6,false,0
23.572,use_adaptive_ngroute,0.004753454061096618,0,false,5.827749999999999,false,false,10.71875,false,1.379847e6,1.373287960674158e6,false,2
18.017,use_lmSR3_cuts,0.0047406259255833305,2,false,5.969666666666666,false,false,10.78125,false,1.379847e6,1.3733056615384617e6,false,0
12.845,use_adaptive_ngroute,0.0044759334088381175,0,false,6.374,false,false,10.78125,false,1.379847e6,1.373670896713615e6,false,2
6.814,use_lmSR3_cuts,0.004465877211551006,10,false,6.771,false,false,10.96875,false,1.379847e6,1.373684772727273e6,false,0
16.766,use_adaptive_ngroute,0.0027658765794464912,0,false,8.293499999999998,false,false,10.96875,false,1.379847e6,1.3760305134994804e6,false,4
33.444,use_adaptive_ngroute,0.002753860653625928,0,false,11.116333333333333,false,false,11.59375,false,1.379847e6,1.3760470936386762e6,false,3
24.558,use_lmSR3_cuts,0.0026954229538465047,4,false,12.2345,false,false,11.6875,false,1.379847e6,1.3761277287234038e6,false,0
13.078,use_lmSR3_cuts,0.002387943896839273,1,false,13.026,false,false,11.6875,false,1.379847e6,1.376552002777778e6,false,0
21.59,use_adaptive_ngroute,0.002368113755970347,0,false,10.606000000000002,false,false,11.6875,false,1.379847e6,1.3765793653381655e6,false,2
23.801,use_lmSR3_cuts,0.002395570738673247,1,false,11.8545,false,false,11.75,false,1.379847e6,1.376541478902954e6,false,0
12.612,use_lmSR3_cuts,0.002317713660859866,10,false,12.536,false,false,11.75,false,1.379847e6,1.3766489097582034e6,false,0
25.121,none,-1.9984014443252818e-15,0,false,25.028000000000002,true,false,11.75,false,1.379847e6,1.3798470000000028e6,false,0
