CG_time_taken,method,CG_LP_IP_gap,implemented_SR3_cuts_count,errored,CG_sp_time_taken_mean,converged,CGIP_artificial,ngroute_neighborhood_size,time_limit_reached,CGIP_objective,CGLP_objective,CGLP_artificial,cycles_lookup_length
15.699,use_adaptive_ngroute,0.1789494015605526,0,false,0.31413636363636366,false,false,6.0,false,1.56184e6,1.2823496666666665e6,false,15
13.807,use_adaptive_ngroute,0.1486736029878204,0,false,0.8542307692307692,false,false,6.78125,false,1.56184e6,1.3296356199095026e6,false,17
11.103,use_adaptive_ngroute,0.14362645621747316,0,false,1.140777777777778,false,false,8.21875,false,1.56184e6,1.3375184556213017e6,false,4
4.588,use_lmSR3_cuts,0.1424454255901051,9,false,1.4753333333333334,false,false,8.65625,false,1.56184e6,1.3393630364963503e6,false,0
7.588,use_lmSR3_cuts,0.1383940644502092,6,false,2.4456666666666664,false,false,8.65625,false,1.56184e6,1.3456906143790854e6,false,0
10.461,use_adaptive_ngroute,0.1335716286274623,0,false,2.54625,false,false,8.65625,false,1.56184e6,1.3532224875444842e6,false,1
6.533,use_lmSR3_cuts,0.13355465348563234,4,false,2.0526666666666666,false,false,8.6875,false,1.56184e6,1.353249e6,false,0
7.229,use_lmSR3_cuts,0.13216603359925871,3,false,3.5465,false,false,8.6875,false,1.56184e6,1.3554178020833337e6,false,0
9.236,use_lmSR3_cuts,0.1318250671780391,1,false,3.0316666666666663,false,false,8.6875,false,1.56184e6,1.3559503370786514e6,false,0
7.582,use_adaptive_ngroute,0.13163494604948722,0,false,3.739,false,false,8.6875,false,1.56184e6,1.3562472758620689e6,false,2
4.421,use_lmSR3_cuts,0.13163354088815526,1,false,4.388999999999999,false,false,8.75,false,1.56184e6,1.3562494704992436e6,false,0
4.168,use_adaptive_ngroute,0.13162578663925295,0,false,4.109,false,false,8.75,false,1.56184e6,1.3562615813953492e6,false,1
8.85,use_lmSR3_cuts,0.13160525192507988,1,false,4.3755,false,false,8.90625,false,1.56184e6,1.3562936533333333e6,false,0
8.681,use_lmSR3_cuts,0.13164217715017656,10,false,4.2844999999999995,false,false,8.90625,false,1.56184e6,1.3562359820397682e6,false,0
50.234,use_adaptive_ngroute,0.11220329770045157,0,false,6.16625,false,false,8.90625,false,1.545901e6,1.3724458098815742e6,false,8
25.871,use_adaptive_ngroute,0.11140316218765622,0,false,8.558666666666667,false,false,9.21875,false,1.545901e6,1.37368274017094e6,false,5
28.328,use_adaptive_ngroute,0.11183359905124834,0,false,9.396666666666668,false,false,9.53125,false,1.545901e6,1.3730173273930761e6,false,1
7.454,use_lmSR3_cuts,0.11141165827526767,3,false,7.417999999999999,false,false,9.5625,false,1.545901e6,1.3736696060606055e6,false,0
10.23,use_lmSR3_cuts,0.11065640983607916,1,false,10.171000000000001,false,false,9.5625,false,1.545901e6,1.3748371453779954e6,false,0
17.169,use_lmSR3_cuts,0.11059660541913052,10,false,8.495,false,false,9.5625,false,1.545901e6,1.3749295970859607e6,false,0
37.682,use_adaptive_ngroute,0.07139661903299954,0,false,9.27375,false,false,9.5625,false,1.489943e6,1.3835661072481156e6,false,3
56.103,use_lmSR3_cuts,0.07440805617680957,1,false,11.151600000000002,false,false,9.71875,false,1.489943e6,1.3790792375557558e6,false,0
45.75,use_lmSR3_cuts,0.07394475479844442,1,false,11.37575,false,false,9.71875,false,1.489943e6,1.3797695302013413e6,false,0
11.889,use_lmSR3_cuts,0.0739256907913659,10,false,11.798,false,false,9.71875,false,1.489943e6,1.37979793448524e6,false,0
32.258,use_adaptive_ngroute,0.07157882846505015,0,false,16.0535,false,false,9.71875,false,1.489943e6,1.3832946255802978e6,false,2
48.623,use_lmSR3_cuts,0.07142226665718099,2,false,16.12,false,false,9.8125,false,1.489943e6,1.3835278937499998e6,false,0
56.331,use_adaptive_ngroute,0.07013908778343636,0,false,14.01,false,false,9.8125,false,1.489943e6,1.3854397571306834e6,false,1
32.872,use_adaptive_ngroute,0.07016067166000572,0,false,16.3525,false,false,9.96875,false,1.489943e6,1.385407598384876e6,false,1
16.521,use_lmSR3_cuts,0.07007262974566797,10,false,16.457,false,false,10.0,false,1.489943e6,1.3855387758188501e6,false,0
87.007,use_adaptive_ngroute,0.06919585772591097,0,false,28.899,false,false,10.0,false,1.489943e6,1.386845116152283e6,false,2
131.555,use_adaptive_ngroute,0.0693188587000152,0,false,32.836,false,false,10.25,false,1.489943e6,1.3866618517119233e6,false,3
40.51,use_lmSR3_cuts,0.06922893172331601,1,false,40.437999999999995,false,false,10.53125,false,1.489943e6,1.3867958377813674e6,false,0
145.521,use_adaptive_ngroute,0.06969125782081187,0,false,36.28375,false,false,10.53125,false,1.489943e6,1.386106998248686e6,false,1
72.181,use_lmSR3_cuts,0.06966703367850757,10,false,35.986,false,false,10.5625,false,1.489943e6,1.3861430908399434e6,false,0
227.958,use_adaptive_ngroute,0.06861525442898753,0,false,25.23111111111111,false,false,10.5625,false,1.489943e6,1.387710181970311e6,false,2
26.256,use_lmSR3_cuts,0.0685875273963078,1,false,26.131,false,false,10.625,false,1.489943e6,1.387751493668563e6,false,0
57.407,use_lmSR3_cuts,0.06755724055261925,1,false,28.6035,false,false,10.625,false,1.489943e6,1.389286562339309e6,false,0
69.142,use_lmSR3_cuts,0.06746810655142899,10,false,22.955,false,false,10.625,false,1.489943e6,1.3894193669204442e6,false,0
178.828,use_adaptive_ngroute,0.06628171018839513,0,false,44.577749999999995,false,false,10.625,false,1.489943e6,1.391187029876772e6,false,4
130.127,use_lmSR3_cuts,0.06645200112614524,10,false,43.309333333333335,false,false,10.75,false,1.489943e6,1.3909333060861079e6,false,0
131.058,use_adaptive_ngroute,0.06433482575956384,0,false,32.643750000000004,false,false,10.75,false,1.489943e6,1.394087776703318e6,false,1
87.731,use_lmSR3_cuts,0.06421605561665478,2,false,43.761500000000005,false,false,10.78125,false,1.489943e6,1.3942647374463545e6,false,0
370.017,use_lmSR3_cuts,0.0639761268795106,10,false,46.146125,false,false,10.78125,false,1.489943e6,1.3946222175887614e6,false,0
299.469,use_lmSR3_cuts,0.06356995946544308,10,false,49.74083333333333,false,false,10.78125,false,1.489943e6,1.3952273838841794e6,false,0
308.329,use_lmSR3_cuts,0.06281951389644347,10,false,51.29783333333333,false,false,10.78125,false,1.489943e6,1.3963455050065913e6,false,0
297.85,use_adaptive_ngroute,0.06317078569204493,0,false,49.46999999999999,false,false,10.78125,false,1.489943e6,1.3958221300536375e6,false,1
89.021,use_lmSR3_cuts,0.0631669286414992,1,false,44.3925,false,false,10.8125,false,1.489943e6,1.3958278768390988e6,false,0
39.258,use_adaptive_ngroute,0.06316305519240628,0,false,39.098,false,false,10.8125,false,1.489943e6,1.3958336480574606e6,false,1
40.584,use_lmSR3_cuts,0.06316294662711974,10,false,40.425000000000004,false,false,10.84375,false,1.489943e6,1.3958338098135493e6,false,0
7.891,none,0.062373695336634394,0,false,NaN,false,false,10.84375,true,1.489943e6,1.397009749249049e6,false,0
