CG_time_taken,method,CG_LP_IP_gap,implemented_SR3_cuts_count,errored,CG_sp_time_taken_mean,converged,CGIP_artificial,ngroute_neighborhood_size,time_limit_reached,CGIP_objective,CGLP_objective,CGLP_artificial,cycles_lookup_length
20.438,use_adaptive_ngroute,0.9999801010888189,0,false,0.45904761904761915,false,true,6.0,false,6.0e10,1.193934670870114e6,false,29
16.24,use_adaptive_ngroute,0.14081444918106367,0,false,1.0405714285714285,false,false,8.21875,false,1.55995e6,1.3402864999999998e6,false,5
11.612,use_adaptive_ngroute,0.13961441071829228,0,false,1.602,false,false,8.90625,false,1.55995e6,1.3421585e6,false,6
4.525,use_adaptive_ngroute,0.04177319325087547,0,false,1.48,false,false,9.3125,false,1.401841e6,1.3432816249999995e6,false,2
6.322,use_lmSR3_cuts,0.04163306501949937,12,false,1.553,false,false,9.375,false,1.401841e6,1.3434780625e6,false,0
17.552,use_adaptive_ngroute,0.021604676057880634,0,false,2.3750000000000004,false,false,9.375,false,1.401841e6,1.3715546793103446e6,false,2
23.832,use_adaptive_ngroute,0.021109312682394132,0,false,1.9225833333333333,false,false,9.4375,false,1.401841e6,1.3722490999999999e6,false,2
4.098,use_lmSR3_cuts,0.02105158029438925,8,false,2.009,false,false,9.78125,false,1.401841e6,1.372330031628533e6,false,0
16.405,use_adaptive_ngroute,0.013550888153879281,0,false,2.6588333333333334,false,false,9.78125,false,1.401841e6,1.3828448093994777e6,false,4
5.465,use_lmSR3_cuts,0.012178764917258667,2,false,2.684,false,false,10.03125,false,1.401841e6,1.3847683080096252e6,false,0
16.147,use_adaptive_ngroute,0.010988084855332647,0,false,3.95575,false,false,10.03125,false,1.401841e6,1.3864374521383157e6,false,6
10.603,use_lmSR3_cuts,0.010883853107839792,2,false,3.4836666666666667,false,false,10.3125,false,1.401841e6,1.3865835684754527e6,false,0
10.538,use_lmSR3_cuts,0.010849196510052117,10,false,3.450666666666667,false,false,10.3125,false,1.401841e6,1.386632151515152e6,false,0
89.541,none,-2.220446049250313e-16,0,false,5.170588235294117,true,false,10.3125,false,1.401841e6,1.4018410000000005e6,false,0
