CG_time_taken,method,CG_LP_IP_gap,implemented_SR3_cuts_count,errored,CG_sp_time_taken_mean,converged,CGIP_artificial,ngroute_neighborhood_size,time_limit_reached,CGIP_objective,CGLP_objective,CGLP_artificial,cycles_lookup_length
16.168,use_adaptive_ngroute,0.9999760304310829,0,false,0.41705,false,true,6.0,false,6.0e10,1.4381741350261618e6,false,31
27.524,use_adaptive_ngroute,0.13557716171544487,0,false,1.6112499999999998,false,false,7.749999999999999,false,1.736917e6,1.5014307230046946e6,false,15
10.143,use_adaptive_ngroute,0.07538088662833053,0,false,2.0036,false,false,8.875,false,1.63163e6,1.508636283950617e6,false,9
6.599,use_adaptive_ngroute,0.07461152344587918,0,false,2.1863333333333332,false,false,9.40625,false,1.63163e6,1.5098916e6,false,1
4.452,use_adaptive_ngroute,0.07458921446651523,0,false,2.2135000000000002,false,false,9.46875,false,1.63163e6,1.5099279999999998e6,false,2
3.817,use_lmSR3_cuts,0.07455516109657212,7,false,1.8965,false,false,9.53125,false,1.63163e6,1.5099835625e6,false,0
24.106,use_adaptive_ngroute,0.05808521744104567,0,false,2.3362,false,false,9.53125,false,1.63163e6,1.5368564166666667e6,false,5
23.081,use_adaptive_ngroute,0.027984288810923186,0,false,3.804666666666667,false,false,9.78125,false,1.582049e6,1.5377764838709678e6,false,5
22.795,use_lmSR3_cuts,0.027164685566859026,2,false,4.521800000000001,false,false,9.9375,false,1.582049e6,1.5390731363636362e6,false,0
13.141,use_lmSR3_cuts,0.024550325673742268,2,false,3.24725,false,false,9.9375,false,1.582049e6,1.5432091818181816e6,false,0
9.311,use_adaptive_ngroute,0.02406491834323743,0,false,4.6305,false,false,9.9375,false,1.582049e6,1.5439771199999996e6,false,4
10.143,use_lmSR3_cuts,0.024010634310315138,10,false,5.047499999999999,false,false,10.25,false,1.582049e6,1.5440630000000002e6,false,0
25.962,use_adaptive_ngroute,0.02279598941063088,0,false,6.447,false,false,10.25,false,1.582049e6,1.5459846277489008e6,false,4
16.626,use_lmSR3_cuts,0.022791652102221116,4,false,8.290999999999999,false,false,10.59375,false,1.582049e6,1.5459914895833333e6,false,0
24.642,use_adaptive_ngroute,0.022705439368223557,0,false,6.11725,false,false,10.59375,false,1.582049e6,1.5461278823529412e6,false,1
15.584,use_lmSR3_cuts,0.022633905377406838,10,false,7.721,false,false,10.6875,false,1.582049e6,1.5462410526315789e6,false,0
23.963,use_lmSR3_cuts,0.021857052507651686,3,false,7.948333333333333,false,false,10.6875,false,1.582049e6,1.5474700719373222e6,false,0
17.343,use_lmSR3_cuts,0.02142350787850822,1,false,8.626,false,false,10.6875,false,1.582049e6,1.548155960784314e6,false,0
37.041,use_lmSR3_cuts,0.02104886342542689,10,false,9.208,false,false,10.6875,false,1.582049e6,1.5487486666666667e6,false,0
33.224,use_adaptive_ngroute,0.019204149318249764,0,false,11.014666666666665,false,false,10.6875,false,1.582049e6,1.5516670947752122e6,false,2
25.338,use_lmSR3_cuts,0.01904294205710111,5,false,12.623499999999998,false,false,10.75,false,1.582049e6,1.5519221325615053e6,false,0
26.96,use_adaptive_ngroute,0.01892193703792233,0,false,13.426,false,false,10.75,false,1.582049e6,1.552113568431092e6,false,2
23.281,use_adaptive_ngroute,0.01891398127793209,0,false,11.600999999999999,false,false,10.84375,false,1.582049e6,1.5521261548332288e6,false,3
24.433,use_lmSR3_cuts,0.019310599409834595,10,false,12.1465,false,false,11.25,false,1.582049e6,1.5514986855142706e6,false,0
64.519,use_lmSR3_cuts,0.01739654706840199,4,false,16.058,false,false,11.25,false,1.582049e6,1.5545268101069818e6,false,0
55.688,use_lmSR3_cuts,0.017438777180732168,1,false,13.823,false,false,11.25,false,1.582049e6,1.5544599999999998e6,false,0
17.569,use_adaptive_ngroute,0.01688833061419226,0,false,17.488,false,false,11.25,false,1.582049e6,1.5553308334401478e6,false,1
38.337,use_lmSR3_cuts,0.01686247008315378,2,false,19.1215,false,false,11.281250000000002,false,1.582049e6,1.5553717460674166e6,false,0
18.434,use_lmSR3_cuts,0.01685997234215897,10,false,18.363,false,false,11.281250000000002,false,1.582049e6,1.5553756976160598e6,false,0
20.843,use_lmSR3_cuts,0.01642574492530502,10,false,20.767,false,false,11.281250000000002,false,1.582049e6,1.556062666666666e6,false,0
68.581,use_lmSR3_cuts,0.015349404006614997,10,false,22.776999999999994,false,false,11.281250000000002,false,1.582049e6,1.5577654907407388e6,false,0
47.247,use_lmSR3_cuts,0.014864916634343195,1,false,23.5295,false,false,11.281250000000002,false,1.582049e6,1.558531973503554e6,false,0
22.154,use_lmSR3_cuts,0.014854861769640793,10,false,22.047,false,false,11.281250000000002,false,1.582049e6,1.5585478807922015e6,false,0
182.609,use_lmSR3_cuts,0.014535633578368956,10,false,26.003428571428568,false,false,11.281250000000002,false,1.582049e6,1.559052915432975e6,false,0
26.837,use_lmSR3_cuts,0.013939431342944952,10,false,26.694,false,false,11.281250000000002,false,1.582049e6,1.5599961365833252e6,false,0
106.147,use_adaptive_ngroute,0.01277091294253152,0,false,35.188333333333325,false,false,11.281250000000002,false,1.582049e6,1.561844789950181e6,false,4
32.561,use_lmSR3_cuts,0.012757475401506513,10,false,32.45,false,false,11.499999999999998,false,1.582049e6,1.561866048798522e6,false,0
96.494,use_lmSR3_cuts,0.012415379780858271,1,false,32.05566666666667,false,false,11.499999999999998,false,1.582049e6,1.562407260833073e6,false,0
69.851,use_lmSR3_cuts,0.012380543423480606,10,false,34.806,false,false,11.499999999999998,false,1.582049e6,1.5624623736574259e6,false,0
145.185,use_lmSR3_cuts,0.011926631397560117,1,false,36.076499999999996,false,false,11.499999999999998,false,1.582049e6,1.5631804847241214e6,false,0
193.642,use_lmSR3_cuts,0.0118192492499396,2,false,38.6266,false,false,11.499999999999998,false,1.582049e6,1.5633503685433823e6,false,0
32.116,use_lmSR3_cuts,0.011811390578659542,10,false,31.961000000000002,false,false,11.499999999999998,false,1.582049e6,1.5633628013464222e6,false,0
132.533,use_lmSR3_cuts,0.011724823432902931,10,false,44.032666666666664,false,false,11.499999999999998,false,1.582049e6,1.5634997548127994e6,false,0
193.9,use_lmSR3_cuts,0.011153767282748639,10,false,48.3605,false,false,11.499999999999998,false,1.582049e6,1.5644031936240948e6,false,0
269.712,use_adaptive_ngroute,0.010557091562767962,0,false,53.763200000000005,false,false,11.499999999999998,false,1.582049e6,1.5653471638502146e6,false,2
141.076,use_lmSR3_cuts,0.010909595994640142,10,false,46.89533333333333,false,false,11.562499999999998,false,1.582049e6,1.5647894845662755e6,false,0
136.181,use_adaptive_ngroute,0.010590621026386415,0,false,45.227333333333334,false,false,11.562499999999998,false,1.582049e6,1.5652941185958264e6,false,3
332.878,use_lmSR3_cuts,0.012452669550237938,10,false,41.483125,false,false,11.65625,false,1.582049e6,1.5623482665907156e6,false,0
38.92,use_lmSR3_cuts,0.012053092055599457,10,false,38.736,false,false,11.65625,false,1.582049e6,1.562980417766531e6,false,0
161.427,use_lmSR3_cuts,0.011734383646218371,1,false,53.666,false,false,11.65625,false,1.582049e6,1.563484630086884e6,false,0
114.15,use_lmSR3_cuts,0.011717299816966897,10,false,56.9095,false,false,11.65625,false,1.582049e6,1.5635116575418673e6,false,0
186.979,use_lmSR3_cuts,0.01147979291822221,10,false,46.56199999999999,false,false,11.65625,false,1.582049e6,1.5638874050935195e6,false,0
68.34,none,0.01103097272908049,0,false,50.885,false,false,11.65625,true,1.582049e6,1.564597460624931e6,false,0
