CG_time_taken,method,CG_LP_IP_gap,implemented_SR3_cuts_count,errored,CG_sp_time_taken_mean,converged,CGIP_artificial,ngroute_neighborhood_size,time_limit_reached,CGIP_objective,CGLP_objective,CGLP_artificial,cycles_lookup_length
1.703,use_adaptive_ngroute,0.4403957326651218,0,false,0.08086666666666667,false,false,5.0,false,1.737057e6,972064.5098039216,false,17
1.542,use_adaptive_ngroute,0.0252376425855515,0,false,0.15233333333333335,false,false,6.550000000000001,false,1.207696e6,1.1772165999999999e6,false,5
0.938,use_adaptive_ngroute,0.01147639803394207,0,false,0.14666666666666667,false,false,7.0,false,1.207696e6,1.1938360000000002e6,false,5
0.582,use_lmSR3_cuts,0.005987433923768881,2,false,0.187,false,false,7.5,false,1.207696e6,1.200465e6,false,0
0.908,use_adaptive_ngroute,0.0036786299421928126,0,false,0.2966666666666667,false,false,7.5,false,1.207696e6,1.2032533333333335e6,false,3
0.311,use_lmSR3_cuts,0.0004018671365420001,5,false,0.305,false,false,7.6499999999999995,false,1.207696e6,1.2072106666666667e6,false,0
0.685,none,0.0,0,false,0.336,true,false,7.6499999999999995,false,1.207696e6,1.207696e6,false,0
