CG_time_taken,method,CG_LP_IP_gap,implemented_SR3_cuts_count,errored,CG_sp_time_taken_mean,converged,CGIP_artificial,ngroute_neighborhood_size,time_limit_reached,CGIP_objective,CGLP_objective,CGLP_artificial,cycles_lookup_length
20.721,use_adaptive_ngroute,0.9999775785817602,0,false,0.35613333333333336,false,true,5.999999999999999,false,6.0e10,1.3452850943883825e6,false,29
37.227,use_adaptive_ngroute,0.18533680079108583,0,false,1.37568,false,false,7.138888888888888,false,1.752079e6,1.4273542834067552e6,false,11
10.731,use_adaptive_ngroute,0.17148970992370183,0,false,2.0428,false,false,8.027777777777777,false,1.734838e6,1.437331134615385e6,false,5
16.075,use_SR3_cuts,0.1709071394562489,8,false,2.5670000000000006,false,false,8.88888888888889,false,1.734838e6,1.4383418e6,false,0
217.635,use_SR3_cuts,0.07253215180578887,14,false,30.465285714285717,false,false,8.88888888888889,false,1.570975e6,1.457028802816901e6,false,0
398.635,use_adaptive_ngroute,0.054776635461768364,0,false,65.57000000000001,false,false,8.88888888888889,false,1.547875e6,1.4630876153846153e6,false,2
197.929,use_SR3_cuts,0.05477661955907298,2,false,48.98675,false,false,8.972222222222221,false,1.547875e6,1.46308764e6,false,0
109.558,use_SR3_cuts,0.054538335663919635,2,false,54.640499999999996,false,false,8.972222222222221,false,1.547875e6,1.4634564736842103e6,false,0
120.716,use_SR3_cuts,0.05429333650689716,1,false,60.228,false,false,8.972222222222221,false,1.547875e6,1.4638357017543865e6,false,0
154.784,use_adaptive_ngroute,0.05425617434357999,0,false,51.50033333333333,false,false,8.972222222222221,false,1.547875e6,1.4638932241379311e6,false,1
146.443,use_SR3_cuts,0.05425566575877494,10,false,71.99499999999999,false,false,9.0,false,1.547875e6,1.4638940113636362e6,false,0
429.13,use_adaptive_ngroute,0.051345092926939784,0,false,142.48333333333332,false,false,9.0,false,1.547875e6,1.4683992142857132e6,false,5
187.264,use_SR3_cuts,0.05122294590409704,1,false,93.455,false,false,9.194444444444445,false,1.547875e6,1.4685882826086958e6,false,0
415.979,use_SR3_cuts,0.05109097708396859,10,false,207.8005,false,false,9.194444444444445,false,1.547875e6,1.468792553846152e6,false,0
1095.649,none,0.04886577476289289,0,false,316.2183333333333,false,false,9.194444444444445,true,1.547875e6,1.4722368888888871e6,false,0
