CG_time_taken,method,CG_LP_IP_gap,implemented_SR3_cuts_count,errored,CG_sp_time_taken_mean,converged,CGIP_artificial,ngroute_neighborhood_size,time_limit_reached,CGIP_objective,CGLP_objective,CGLP_artificial,cycles_lookup_length
17.877,use_adaptive_ngroute,0.20627428088926258,0,false,0.3209200000000001,false,false,5.999999999999999,false,1.73719e6,1.378852381981982e6,false,28
16.227,use_adaptive_ngroute,0.12099977444208676,0,false,1.036857142857143,false,false,7.25,false,1.617364e6,1.4216633208092488e6,false,12
8.618,use_adaptive_ngroute,0.11611225067056541,0,false,1.3976666666666666,false,false,8.5,false,1.617364e6,1.4295682258064516e6,false,6
8.228,use_adaptive_ngroute,0.11477944358845626,0,false,1.619,false,false,8.88888888888889,false,1.617364e6,1.43172386e6,false,1
3.748,use_SR3_cuts,0.11477944358845604,12,false,1.8575000000000002,false,false,8.916666666666666,false,1.617364e6,1.4317238600000003e6,false,0
271.829,use_adaptive_ngroute,0.07631996705053579,0,false,31.979875,false,false,8.916666666666666,false,1.591723e6,1.47024275308642e6,false,4
67.409,use_adaptive_ngroute,0.07630157522522585,0,false,16.779500000000002,false,false,9.083333333333334,false,1.591723e6,1.4702720277777778e6,false,1
60.78,use_SR3_cuts,0.0762944241828446,4,false,20.139666666666667,false,false,9.11111111111111,false,1.591723e6,1.47028341025641e6,false,0
426.206,use_adaptive_ngroute,0.03812267754004495,0,false,84.5904,false,false,9.11111111111111,false,1.537305e6,1.4786988172043012e6,false,4
103.429,use_SR3_cuts,0.038095910499645,2,false,51.629,false,false,9.25,false,1.537305e6,1.4787399663093432e6,false,0
292.054,use_adaptive_ngroute,0.037451625688182166,0,false,97.18266666666668,false,false,9.25,false,1.537305e6,1.479730428571429e6,false,4
315.918,use_SR3_cuts,0.03734980660600484,10,false,105.20666666666668,false,false,9.5,false,1.537305e6,1.4798869555555556e6,false,0
746.943,use_SR3_cuts,0.033928503112918396,2,false,186.34475,false,false,9.5,false,1.537305e6,1.485146542521995e6,false,0
748.075,use_SR3_cuts,0.03377455855189926,10,false,249.19733333333335,false,false,9.5,false,1.537305e6,1.4853832022653725e6,false,0
475.545,none,0.03204832496427523,0,false,251.903,false,false,9.5,true,1.537305e6,1.4880369497907949e6,false,0
