CG_time_taken,method,CG_LP_IP_gap,implemented_SR3_cuts_count,errored,CG_sp_time_taken_mean,converged,CGIP_artificial,ngroute_neighborhood_size,time_limit_reached,CGIP_objective,CGLP_objective,CGLP_artificial,cycles_lookup_length
20.277,use_adaptive_ngroute,0.9999771710395837,0,false,0.4251904761904762,false,true,5.999999999999999,false,6.0e10,1.3697376249774166e6,false,33
36.589,use_adaptive_ngroute,0.14612191079578407,0,false,1.745111111111111,false,false,9.972222222222221,false,1.714762e6,1.4641976999999997e6,false,16
21.1,use_adaptive_ngroute,0.10689066033397132,0,false,2.53525,false,false,10.75,false,1.646631e6,1.4706215250836124e6,false,4
21.66,use_adaptive_ngroute,0.10402342331001124,0,false,3.020428571428571,false,false,10.944444444444445,false,1.646631e6,1.4753428064516129e6,false,8
7.096,use_SR3_cuts,0.10301054698958079,7,false,3.4755,false,false,11.333333333333332,false,1.646631e6,1.4770106399999997e6,false,0
111.288,use_adaptive_ngroute,0.05291247923001707,0,false,14.984428571428571,false,false,11.333333333333332,false,1.569974e6,1.4869027833333332e6,false,4
58.66,use_adaptive_ngroute,0.0521940317019729,0,false,14.488000000000001,false,false,11.444444444444445,false,1.569974e6,1.4880307272727268e6,false,2
90.785,use_SR3_cuts,0.05194202395622083,2,false,15.021,false,false,11.63888888888889,false,1.569974e6,1.4884263728813562e6,false,0
132.087,use_SR3_cuts,0.05054142218278779,1,false,32.839,false,false,11.63888888888889,false,1.569974e6,1.49062528125e6,false,0
120.307,use_SR3_cuts,0.05011414201763842,10,false,29.36375,false,false,11.63888888888889,false,1.569974e6,1.4912961e6,false,0
729.406,use_adaptive_ngroute,0.04526869354205898,0,false,121.14666666666666,false,false,11.63888888888889,false,1.569974e6,1.4989033281249995e6,false,2
364.642,use_SR3_cuts,0.043988148848324915,1,false,121.435,false,false,11.694444444444445,false,1.569974e6,1.50091375e6,false,0
250.448,use_SR3_cuts,0.043988148848325026,10,false,125.14450000000001,false,false,11.694444444444445,false,1.569974e6,1.5009137499999998e6,false,0
377.086,use_SR3_cuts,0.040729973872179026,4,false,125.48599999999999,false,false,11.694444444444445,false,1.569974e6,1.5060289999999995e6,false,0
367.017,use_SR3_cuts,0.04056270796867745,2,false,183.3035,false,false,11.694444444444445,false,1.569974e6,1.5062916031195836e6,false,0
765.268,use_SR3_cuts,0.040519323372125715,1,false,250.20499999999998,false,false,11.694444444444445,false,1.569974e6,1.5063597158081704e6,false,0
58.376,none,0.04020806147815814,0,false,NaN,false,false,11.694444444444445,true,1.569974e6,1.5068483888888902e6,false,0
