CG_time_taken,method,CG_LP_IP_gap,implemented_SR3_cuts_count,errored,CG_sp_time_taken_mean,converged,CGIP_artificial,ngroute_neighborhood_size,time_limit_reached,CGIP_objective,CGLP_objective,CGLP_artificial,cycles_lookup_length
21.404,use_adaptive_ngroute,0.28478348509237217,0,false,0.3784230769230769,false,false,5.999999999999999,false,1.870659e6,1.3379262105605882e6,false,32
12.335,use_adaptive_ngroute,0.10216760605230024,0,false,0.6819285714285714,false,false,8.38888888888889,false,1.615712e6,1.4506385728900258e6,false,22
8.429,use_SR3_cuts,0.09262645477829368,12,false,1.5804,false,false,10.916666666666666,false,1.602671e6,1.4542212670940172e6,false,0
104.261,use_SR3_cuts,0.04856418155864339,2,false,13.596142857142858,false,false,10.916666666666666,false,1.549604e6,1.47434875e6,false,0
54.511,use_SR3_cuts,0.045489944527763115,10,false,10.5208,false,false,10.916666666666666,false,1.549604e6,1.4791126e6,false,0
60.724,use_SR3_cuts,0.04439134127170552,10,false,14.5965,false,false,10.916666666666666,false,1.549604e6,1.480815e6,false,0
100.525,use_SR3_cuts,0.04439134127170552,8,false,24.84525,false,false,10.916666666666666,false,1.549604e6,1.480815e6,false,0
75.693,use_SR3_cuts,0.04252897734152916,3,false,18.749000000000002,false,false,10.916666666666666,false,1.548911e6,1.4830373991769548e6,false,0
429.744,use_SR3_cuts,0.012200413394306886,10,false,140.05300000000003,false,false,10.916666666666666,false,1.502144e6,1.4838172222222222e6,false,0
281.481,use_SR3_cuts,0.011759783941415636,10,false,93.54100000000001,false,false,10.916666666666666,false,1.502144e6,1.4844791111111061e6,false,0
342.624,use_adaptive_ngroute,0.011431160496292225,0,false,171.154,false,false,10.916666666666666,false,1.502144e6,1.4849727508474577e6,false,7
412.829,use_SR3_cuts,0.011248595919942206,2,false,136.937,false,false,11.11111111111111,false,1.502144e6,1.4852469891304343e6,false,0
262.234,use_adaptive_ngroute,0.01122367455091533,0,false,130.92999999999998,false,false,11.11111111111111,false,1.502144e6,1.48528442461539e6,false,2
161.525,use_SR3_cuts,0.011223639207022074,2,false,161.363,false,false,11.166666666666668,false,1.502144e6,1.485284477707007e6,false,0
393.558,use_SR3_cuts,0.011209728768742377,2,false,196.5805,false,false,11.166666666666668,false,1.502144e6,1.4853053731884062e6,false,0
545.327,use_SR3_cuts,0.011206149343874428,10,false,272.4805,false,false,11.166666666666668,false,1.502144e6,1.485310749999995e6,false,0
293.609,none,0.01117003429764385,0,false,NaN,false,false,11.166666666666668,true,1.502144e6,1.485365e6,false,0
