CG_time_taken,method,CG_LP_IP_gap,implemented_SR3_cuts_count,errored,CG_sp_time_taken_mean,converged,CGIP_artificial,ngroute_neighborhood_size,time_limit_reached,CGIP_objective,CGLP_objective,CGLP_artificial,cycles_lookup_length
17.96,use_adaptive_ngroute,0.9999765642731497,0,false,0.2494375,false,true,5.999999999999999,false,6.0e10,1.4061436110165466e6,false,28
18.647,use_adaptive_ngroute,0.05940485448058508,0,false,1.0589333333333333,false,false,8.055555555555555,false,1.573208e6,1.4797518076923077e6,false,8
8.724,use_SR3_cuts,0.05818064108496779,3,false,1.3684999999999998,false,false,8.583333333333334,false,1.573208e6,1.48167775e6,false,0
16.84,use_adaptive_ngroute,0.05632836525652363,0,false,3.274,false,false,8.583333333333334,false,1.573208e6,1.484591765151515e6,false,8
7.717,use_SR3_cuts,0.052042546185882554,1,false,2.5113333333333334,false,false,9.166666666666666,false,1.573208e6,1.49133425e6,false,0
12.977,use_adaptive_ngroute,0.050626268109493444,0,false,3.1845000000000003,false,false,9.166666666666666,false,1.573208e6,1.49356235e6,false,4
7.307,use_SR3_cuts,0.05050156211922485,5,false,3.6114999999999995,false,false,9.38888888888889,false,1.573208e6,1.4937585384615385e6,false,0
20.419,use_SR3_cuts,0.05030241815873471,4,false,6.744333333333333,false,false,9.38888888888889,false,1.573208e6,1.4940718333333333e6,false,0
85.279,use_SR3_cuts,0.0492649414444879,10,false,16.669800000000002,false,false,9.38888888888889,false,1.573208e6,1.495704e6,false,0
178.182,use_adaptive_ngroute,0.04588745520484905,0,false,44.33525000000001,false,false,9.38888888888889,false,1.573208e6,1.5010174883720898e6,false,5
170.694,use_SR3_cuts,0.04576542143936646,4,false,56.71366666666667,false,false,9.527777777777777,false,1.573208e6,1.5012094728682172e6,false,0
242.318,use_SR3_cuts,0.04527610674070648,10,false,60.433499999999995,false,false,9.527777777777777,false,1.573208e6,1.5019792666666666e6,false,0
754.959,use_adaptive_ngroute,0.04382414361822029,0,false,147.5366,false,false,9.527777777777777,false,1.573208e6,1.5042635066666668e6,false,2
394.79,use_SR3_cuts,0.04372116889096822,2,false,131.42733333333334,false,false,9.583333333333332,false,1.573208e6,1.5044255073313776e6,false,0
368.898,use_adaptive_ngroute,0.04356535015990615,0,false,184.27200000000002,false,false,9.583333333333332,false,1.573208e6,1.5046706426056344e6,false,2
125.413,use_SR3_cuts,0.04354618891205442,1,false,125.266,false,false,9.63888888888889,false,1.573208e6,1.5047007872340446e6,false,0
453.247,use_SR3_cuts,0.04352990325487782,10,false,226.05899999999997,false,false,9.63888888888889,false,1.573208e6,1.5047264079602002e6,false,0
435.748,use_SR3_cuts,0.04251914657086453,10,false,217.637,false,false,9.63888888888889,false,1.573208e6,1.5063165384615434e6,false,0
248.601,none,0.04076302700891843,0,false,NaN,false,false,9.63888888888889,true,1.573208e6,1.5090792798053534e6,false,0
