CG_time_taken,method,CG_LP_IP_gap,implemented_SR3_cuts_count,errored,CG_sp_time_taken_mean,converged,CGIP_artificial,ngroute_neighborhood_size,time_limit_reached,CGIP_objective,CGLP_objective,CGLP_artificial,cycles_lookup_length
24.399,use_adaptive_ngroute,0.27672776928636544,0,false,0.4378888888888889,false,false,5.999999999999999,false,1.947988e6,1.4089256261633916e6,false,32
30.199,use_adaptive_ngroute,0.13024898204303215,0,false,1.5681176470588234,false,false,8.38888888888889,false,1.71045e6,1.4876656286644957e6,false,11
18.09,use_adaptive_ngroute,0.12651932292882817,0,false,2.8416666666666663,false,false,9.416666666666668,false,1.71045e6,1.4940450240963858e6,false,10
17.419,use_adaptive_ngroute,0.12571978539817386,0,false,4.261750000000001,false,false,10.305555555555555,false,1.71045e6,1.4954125930656935e6,false,7
16.278,use_lmSR3_cuts,0.12555635381602226,8,false,4.0055,false,false,10.722222222222221,false,1.71045e6,1.4956921346153847e6,false,0
36.509,use_adaptive_ngroute,0.049544103781065774,0,false,5.948666666666667,false,false,10.722222222222221,false,1.583316e6,1.504872027777778e6,false,6
21.299,use_lmSR3_cuts,0.049470775785334764,4,false,7.032999999999999,false,false,11.166666666666668,false,1.583316e6,1.504988129166667e6,false,0
19.447,use_lmSR3_cuts,0.048964068587912246,1,false,6.285333333333333,false,false,11.166666666666668,false,1.583316e6,1.505790406779661e6,false,0
43.986,use_lmSR3_cuts,0.048779213429857915,5,false,7.253,false,false,11.166666666666668,false,1.583316e6,1.506083090909091e6,false,0
31.613,use_lmSR3_cuts,0.04728066113948637,3,false,10.373,false,false,11.166666666666668,false,1.583316e6,1.508455772727273e6,false,0
39.11,use_lmSR3_cuts,0.04647953564091478,2,false,12.969,false,false,11.166666666666668,false,1.583316e6,1.5097242075471694e6,false,0
40.008,use_adaptive_ngroute,0.04534354304100596,0,false,13.268000000000002,false,false,11.166666666666668,false,1.583316e6,1.5115228428064866e6,false,2
37.328,use_lmSR3_cuts,0.045338148160904534,2,false,12.359333333333334,false,false,11.25,false,1.583316e6,1.5115313846064692e6,false,0
24.167,use_lmSR3_cuts,0.04527246359742376,1,false,12.000499999999999,false,false,11.25,false,1.583316e6,1.5116353840267814e6,false,0
65.844,use_lmSR3_cuts,0.04522114077644401,1,false,16.3365,false,false,11.25,false,1.583316e6,1.5117166442704038e6,false,0
15.286,use_lmSR3_cuts,0.04521958489655409,10,false,15.193000000000001,false,false,11.25,false,1.583316e6,1.5117191077199276e6,false,0
43.964,use_adaptive_ngroute,0.041171322833459034,0,false,14.553,false,false,11.25,false,1.583316e6,1.518128785816619e6,false,1
36.252,use_lmSR3_cuts,0.04116935694522461,3,false,18.046499999999998,false,false,11.36111111111111,false,1.5833159812857225e6,1.518131880495092e6,false,0
92.958,use_adaptive_ngroute,0.04103618281446497,0,false,18.3944,false,false,11.36111111111111,false,1.583316e6,1.5183427551709325e6,false,1
31.993,use_lmSR3_cuts,0.04102703542871189,1,false,15.897499999999999,false,false,11.388888888888888,false,1.583316e6,1.5183572383731536e6,false,0
16.865,use_lmSR3_cuts,0.0410052363999337,10,false,16.756999999999998,false,false,11.388888888888888,false,1.583316e6,1.5183917531242026e6,false,0
112.427,use_adaptive_ngroute,0.039431596470615005,0,false,18.580333333333332,false,false,11.388888888888888,false,1.583316e6,1.5208833224025317e6,false,9
75.499,use_lmSR3_cuts,0.0394449367311841,2,false,25.093333333333337,false,false,11.999999999999998,false,1.583316e6,1.5208622005545285e6,false,0
58.485,use_lmSR3_cuts,0.03925560336376277,1,false,19.404333333333337,false,false,11.999999999999998,false,1.583316e6,1.5211619751045005e6,false,0
36.765,use_adaptive_ngroute,0.03930471377212852,0,false,18.265499999999996,false,false,11.999999999999998,false,1.583316e6,1.5210842178091686e6,false,4
85.079,use_adaptive_ngroute,0.03992450687761151,0,false,21.18125,false,false,12.11111111111111,false,1.583316e6,1.5201028894685677e6,false,1
19.164,use_lmSR3_cuts,0.039876620290799525,4,false,19.063999999999997,false,false,12.13888888888889,false,1.583316e6,1.5201787090676525e6,false,0
112.209,use_lmSR3_cuts,0.040009143872230535,10,false,22.344800000000003,false,false,12.13888888888889,false,1.583316e6,1.5199688823607955e6,false,0
155.166,use_adaptive_ngroute,0.03960945768381807,0,false,30.927799999999998,false,false,12.13888888888889,false,1.583316e6,1.520601711897888e6,false,2
37.438,use_lmSR3_cuts,0.03942307782733889,10,false,37.315999999999995,false,false,12.25,false,1.583316e6,1.5208968101067292e6,false,0
197.031,use_lmSR3_cuts,0.03756354959610009,10,false,39.2062,false,false,12.25,false,1.583316e6,1.5238410309077012e6,false,0
135.868,use_lmSR3_cuts,0.03629619374808901,4,false,67.631,false,false,12.25,false,1.583316e6,1.5258476556995506e6,false,0
114.808,use_adaptive_ngroute,0.03614469569694023,0,false,57.2805,false,false,12.25,false,1.583316e6,1.5260875249879034e6,false,3
161.178,use_adaptive_ngroute,0.03620645954282031,0,false,80.422,false,false,12.38888888888889,false,1.583316e6,1.5259897333024999e6,false,1
135.205,use_adaptive_ngroute,0.03613361853033492,0,false,67.46499999999999,false,false,12.416666666666668,false,1.583316e6,1.5261050636430243e6,false,1
66.061,use_lmSR3_cuts,0.03612573728191293,10,false,65.888,false,false,12.472222222222223,false,1.583316e6,1.5261175421497507e6,false,0
791.764,use_adaptive_ngroute,0.034967680980221516,0,false,98.82987500000002,false,false,12.472222222222223,false,1.583316e6,1.5279511112211195e6,false,6
491.025,none,0.035036716228152964,0,false,111.733,false,false,12.694444444444443,true,1.583316e6,1.5278418066085058e6,false,0
