CG_time_taken,method,CG_LP_IP_gap,implemented_SR3_cuts_count,errored,CG_sp_time_taken_mean,converged,CGIP_artificial,ngroute_neighborhood_size,time_limit_reached,CGIP_objective,CGLP_objective,CGLP_artificial,cycles_lookup_length
25.243,use_adaptive_ngroute,0.9999768814534803,0,false,0.42886363636363634,false,true,5.999999999999999,false,6.0e10,1.38711279118259e6,false,32
41.413,use_adaptive_ngroute,0.0689946921486726,0,false,2.7486428571428574,false,false,9.222222222222223,false,1.562953e6,1.4551175389221557e6,false,25
65.381,use_adaptive_ngroute,0.061227639651943,0,false,8.081,false,false,11.583333333333334,false,1.562953e6,1.4672570769230768e6,false,5
37.311,use_lmSR3_cuts,0.06028690562032246,3,false,9.25775,false,false,12.222222222222221,false,1.562953e6,1.4687274000000001e6,false,0
96.242,use_adaptive_ngroute,0.05620931379574434,0,false,19.128200000000003,false,false,12.222222222222221,false,1.562953e6,1.475100484375e6,false,5
35.704,use_adaptive_ngroute,0.05619707832344445,0,false,17.7785,false,false,12.555555555555555,false,1.562953e6,1.4751196078431376e6,false,1
20.915,use_lmSR3_cuts,0.05619707832344467,10,false,20.884,false,false,12.63888888888889,false,1.562953e6,1.475119607843137e6,false,0
145.138,use_lmSR3_cuts,0.05433624683531746,2,false,28.9204,false,false,12.63888888888889,false,1.562953e6,1.478028e6,false,0
77.962,use_lmSR3_cuts,0.053807120239700135,1,false,25.941000000000003,false,false,12.63888888888889,false,1.562953e6,1.478855e6,false,0
29.486,use_adaptive_ngroute,0.05378369784113257,0,false,29.411,false,false,12.63888888888889,false,1.562953e6,1.4788916081081084e6,false,4
101.671,use_lmSR3_cuts,0.05378344710301586,10,false,33.788,false,false,13.027777777777777,false,1.562953e6,1.478892e6,false,0
102.223,use_lmSR3_cuts,0.053725143682456844,6,false,34.013333333333335,false,false,13.027777777777777,false,1.562953e6,1.478983125506073e6,false,0
109.14,use_lmSR3_cuts,0.05346242407645052,2,false,27.22775,false,false,13.027777777777777,false,1.562953e6,1.4793937439024395e6,false,0
92.305,use_lmSR3_cuts,0.053344854259853025,3,false,30.714000000000002,false,false,13.027777777777777,false,1.562953e6,1.4795775e6,false,0
91.052,use_lmSR3_cuts,0.05311800100475861,2,false,30.278666666666666,false,false,13.027777777777777,false,1.562953e6,1.4799320609756096e6,false,0
65.164,use_lmSR3_cuts,0.05280889670349065,10,false,32.465,false,false,13.027777777777777,false,1.562953e6,1.4804151764705891e6,false,0
101.686,use_lmSR3_cuts,0.05206109363414091,3,false,33.82933333333333,false,false,13.027777777777777,false,1.562953e6,1.4815839575212386e6,false,0
118.061,use_adaptive_ngroute,0.051462935674072896,0,false,29.420500000000004,false,false,13.027777777777777,false,1.562953e6,1.4825188502994007e6,false,2
90.908,use_adaptive_ngroute,0.0514491536461501,0,false,30.25133333333333,false,false,13.111111111111112,false,1.562953e6,1.4825403909612887e6,false,2
54.283,use_lmSR3_cuts,0.051511425229929686,10,false,27.078000000000003,false,false,13.166666666666668,false,1.562953e6,1.4824430634026057e6,false,0
235.233,use_adaptive_ngroute,0.050235712227223894,0,false,39.0965,false,false,13.166666666666668,false,1.562953e6,1.4844369428673238e6,false,4
78.03,use_lmSR3_cuts,0.050230632317735835,3,false,38.941,false,false,13.333333333333334,false,1.562953e6,1.4844448825270978e6,false,0
103.717,use_lmSR3_cuts,0.049778624726595555,1,false,34.43099999999999,false,false,13.333333333333334,false,1.562953e6,1.4851513491476933e6,false,0
78.583,use_adaptive_ngroute,0.049694517164630136,0,false,39.173,false,false,13.333333333333334,false,1.562953e6,1.4852828053139898e6,false,2
45.007,use_lmSR3_cuts,0.049662801564088754,10,false,44.873999999999995,false,false,13.416666666666666,false,1.562953e6,1.4853323753070028e6,false,0
167.643,use_adaptive_ngroute,0.048949495305488866,0,false,55.74233333333333,false,false,13.416666666666666,false,1.562953e6,1.4864472394638003e6,false,1
59.134,use_lmSR3_cuts,0.048949495305489976,1,false,58.982,false,false,13.444444444444446,false,1.562953e6,1.4864472394637985e6,false,0
183.083,use_lmSR3_cuts,0.04886925761797489,10,false,60.95166666666666,false,false,13.444444444444446,false,1.562953e6,1.4865726471982133e6,false,0
227.221,use_adaptive_ngroute,0.04716624360441113,0,false,56.69825000000001,false,false,13.444444444444446,false,1.562953e6,1.4892343780597548e6,false,1
137.449,use_lmSR3_cuts,0.047201345205702405,3,false,68.62499999999999,false,false,13.500000000000002,false,1.562953e6,1.4891795159067118e6,false,0
231.227,use_lmSR3_cuts,0.0470530466662783,1,false,57.66525,false,false,13.500000000000002,false,1.562953e6,1.4894112995538004e6,false,0
219.864,use_adaptive_ngroute,0.047360548379613454,0,false,73.14099999999999,false,false,13.500000000000002,false,1.562953e6,1.488930688828438e6,false,2
156.688,use_lmSR3_cuts,0.04733515577900271,10,false,78.21249999999999,false,false,13.555555555555557,false,1.5629529940106806e6,1.4889703705639264e6,false,0
74.15,none,0.04596566486238329,0,false,NaN,false,false,13.555555555555557,true,1.562953e6,1.4911108262063435e6,false,0
