CG_time_taken,method,CG_LP_IP_gap,implemented_SR3_cuts_count,errored,CG_sp_time_taken_mean,converged,CGIP_artificial,ngroute_neighborhood_size,time_limit_reached,CGIP_objective,CGLP_objective,CGLP_artificial,cycles_lookup_length
18.613,use_adaptive_ngroute,0.9999771710395837,0,false,0.3857142857142857,false,true,5.999999999999999,false,6.0e10,1.3697376249774166e6,false,33
31.585,use_adaptive_ngroute,0.14612191079578407,0,false,1.4942777777777778,false,false,9.972222222222221,false,1.714762e6,1.4641976999999997e6,false,16
18.487,use_adaptive_ngroute,0.10689066033397132,0,false,2.215375,false,false,10.75,false,1.646631e6,1.4706215250836124e6,false,4
18.814,use_adaptive_ngroute,0.10402342331001124,0,false,2.6354285714285712,false,false,10.944444444444445,false,1.646631e6,1.4753428064516129e6,false,8
6.173,use_lmSR3_cuts,0.10301054698958079,7,false,3.0225,false,false,11.333333333333332,false,1.646631e6,1.4770106399999997e6,false,0
58.031,use_adaptive_ngroute,0.08992724867724877,0,false,7.065875,false,false,11.333333333333332,false,1.63296e6,1.4861124e6,false,6
61.856,use_adaptive_ngroute,0.08852191002557475,0,false,10.222000000000001,false,false,11.63888888888889,false,1.631308e6,1.4869014999999998e6,false,2
31.403,use_lmSR3_cuts,0.0881960133028008,2,false,7.7865,false,false,11.694444444444445,false,1.631308e6,1.4874331379310347e6,false,0
29.831,use_adaptive_ngroute,0.08872299270142592,0,false,5.8912,false,false,11.694444444444445,false,1.631308e6,1.4865734722222222e6,false,1
21.561,use_lmSR3_cuts,0.0883362798441496,2,false,7.103333333333333,false,false,11.722222222222221,false,1.631308e6,1.48720432e6,false,0
7.995,use_lmSR3_cuts,0.08746614599095381,10,false,7.915,false,false,11.722222222222221,false,1.631308e6,1.4886237763157892e6,false,0
58.735,use_lmSR3_cuts,0.08170763325470942,5,false,14.484,false,false,11.722222222222221,false,1.631308e6,1.4980176842105265e6,false,0
75.883,use_lmSR3_cuts,0.08100044054627697,2,false,12.529833333333332,false,false,11.722222222222221,false,1.631308e6,1.499171333333334e6,false,0
52.869,use_lmSR3_cuts,0.08081177803333284,10,false,13.102,false,false,11.722222222222221,false,1.631308e6,1.4994790999999999e6,false,0
35.362,use_lmSR3_cuts,0.0800096149838041,3,false,11.671,false,false,11.722222222222221,false,1.631308e6,1.5007876750000005e6,false,0
57.422,use_lmSR3_cuts,0.07981884633719905,10,false,13.956750000000001,false,false,11.722222222222221,false,1.631308e6,1.5010988774193565e6,false,0
127.827,use_adaptive_ngroute,0.07696650500240632,0,false,25.3894,false,false,11.722222222222221,false,1.631308e6,1.5057519246575346e6,false,1
77.823,use_lmSR3_cuts,0.0769753335835256,1,false,25.810000000000006,false,false,11.75,false,1.631308e6,1.505737522522526e6,false,0
84.031,use_lmSR3_cuts,0.07685408441638042,1,false,27.916333333333334,false,false,11.75,false,1.631308e6,1.5059353172588833e6,false,0
36.193,use_lmSR3_cuts,0.07682808985914391,10,false,17.980999999999998,false,false,11.75,false,1.631308e6,1.5059777223880596e6,false,0
95.23,use_lmSR3_cuts,0.07440073662236868,3,false,23.652749999999997,false,false,11.75,false,1.631308e6,1.509937483142037e6,false,0
56.79,use_lmSR3_cuts,0.07421322974350031,4,false,28.237,false,false,11.75,false,1.631308e6,1.51024336461359e6,false,0
97.276,use_lmSR3_cuts,0.07371783163787693,10,false,24.129999999999995,false,false,11.75,false,1.631308e6,1.5110515115064783e6,false,0
128.394,use_adaptive_ngroute,0.07213476316899059,0,false,31.8705,false,false,11.75,false,1.631308e6,1.5136339837643204e6,false,4
28.123,use_lmSR3_cuts,0.07211388871585656,10,false,27.928,false,false,11.944444444444443,false,1.631308e6,1.5136680364267135e6,false,0
32.076,use_adaptive_ngroute,0.07148422798625698,0,false,31.838,false,false,11.944444444444443,false,1.631308e6,1.5146952070121951e6,false,7
122.969,use_lmSR3_cuts,0.07146526942523135,1,false,30.56525,false,false,12.166666666666666,false,1.631308e6,1.5147261342644647e6,false,0
103.411,use_lmSR3_cuts,0.0714640281278972,10,false,34.22566666666667,false,false,12.166666666666666,false,1.631308e6,1.5147281592027363e6,false,0
199.579,use_adaptive_ngroute,0.07109899093574612,0,false,49.58375000000001,false,false,12.166666666666666,false,1.631308e6,1.5153236472945898e6,false,4
218.789,use_lmSR3_cuts,0.07126298285325161,1,false,36.3435,false,false,12.38888888888889,false,1.631308e6,1.5150561259676279e6,false,0
74.613,use_lmSR3_cuts,0.07126298285325161,10,false,37.080999999999996,false,false,12.38888888888889,false,1.631308e6,1.5150561259676279e6,false,0
66.768,use_adaptive_ngroute,0.07046264929733204,0,false,33.17,false,false,12.38888888888889,false,1.631308e6,1.5163617165000679e6,false,1
33.735,use_lmSR3_cuts,0.07045951143650353,10,false,33.513999999999996,false,false,12.472222222222223,false,1.631308e6,1.5163668353175402e6,false,0
126.586,use_lmSR3_cuts,0.0699948365022226,1,false,42.038000000000004,false,false,12.472222222222223,false,1.631308e6,1.5171248632552323e6,false,0
143.184,use_lmSR3_cuts,0.0699762438711874,10,false,47.504333333333335,false,false,12.472222222222223,false,1.631308e6,1.517155193562981e6,false,0
83.122,use_lmSR3_cuts,0.06960771132402654,1,false,41.300000000000004,false,false,12.472222222222223,false,1.631308e6,1.517756383655425e6,false,0
47.435,use_lmSR3_cuts,0.06959419771162889,10,false,47.117000000000004,false,false,12.472222222222223,false,1.631308e6,1.517778428519438e6,false,0
89.072,use_lmSR3_cuts,0.06905411102914794,1,false,44.3255,false,false,12.472222222222223,false,1.631308e6,1.5186594762452627e6,false,0
46.239,use_lmSR3_cuts,0.06905258729666253,10,false,45.95,false,false,12.472222222222223,false,1.631308e6,1.518661961922256e6,false,0
109.047,use_lmSR3_cuts,0.06868120961276225,1,false,54.319,false,false,12.472222222222223,false,1.631308e6,1.519267793309024e6,false,0
96.895,use_lmSR3_cuts,0.06869461856092474,10,false,48.21,false,false,12.472222222222223,false,1.631308e6,1.519245919184615e6,false,0
227.514,none,0.06840444267786361,0,false,64.63833333333334,false,false,12.472222222222223,true,1.631308e6,1.5197192854240597e6,false,0
