CG_time_taken,method,CG_LP_IP_gap,implemented_SR3_cuts_count,errored,CG_sp_time_taken_mean,converged,CGIP_artificial,ngroute_neighborhood_size,time_limit_reached,CGIP_objective,CGLP_objective,CGLP_artificial,cycles_lookup_length
21.105,use_adaptive_ngroute,0.28478348509237217,0,false,0.3488076923076923,false,false,5.999999999999999,false,1.870659e6,1.3379262105605882e6,false,32
11.883,use_adaptive_ngroute,0.10216760605230024,0,false,0.6479285714285713,false,false,8.38888888888889,false,1.615712e6,1.4506385728900258e6,false,22
8.403,use_lmSR3_cuts,0.09262645477829368,12,false,1.5738,false,false,10.916666666666666,false,1.602671e6,1.4542212670940172e6,false,0
20.418,use_adaptive_ngroute,0.08391597442686294,0,false,2.843714285714286,false,false,10.916666666666666,false,1.602671e6,1.468181301349325e6,false,5
23.557,use_adaptive_ngroute,0.0828422671499307,0,false,3.857833333333333,false,false,11.13888888888889,false,1.602671e6,1.4699021008645534e6,false,2
12.018,use_adaptive_ngroute,0.08282642503293713,0,false,3.871,false,false,11.305555555555555,false,1.602671e6,1.4699274905660376e6,false,6
9.652,use_lmSR3_cuts,0.0828214043699318,7,false,4.7635000000000005,false,false,11.5,false,1.602671e6,1.469935537037037e6,false,0
36.317,use_lmSR3_cuts,0.07593029743115454,5,false,5.0718571428571435,false,false,11.5,false,1.602671e6,1.480979714285714e6,false,0
24.526,use_adaptive_ngroute,0.07443726407007101,0,false,4.7588,false,false,11.5,false,1.602671e6,1.4833725555555553e6,false,2
69.856,use_lmSR3_cuts,0.07564776955874697,2,false,6.246818181818181,false,false,11.666666666666666,false,1.602671e6,1.4814325135135134e6,false,0
22.341,use_lmSR3_cuts,0.07540769582324003,1,false,5.490749999999999,false,false,11.666666666666666,false,1.602671e6,1.481817272727272e6,false,0
23.463,use_lmSR3_cuts,0.07532303119969663,10,false,7.755999999999999,false,false,11.666666666666666,false,1.602671e6,1.481952962264151e6,false,0
19.273,use_lmSR3_cuts,0.07250913435676254,1,false,6.352666666666666,false,false,11.666666666666666,false,1.602671e6,1.486462713131313e6,false,0
24.818,use_lmSR3_cuts,0.07184454930750683,10,false,8.181333333333335,false,false,11.666666666666666,false,1.602671e6,1.4875278243167887e6,false,0
20.668,use_lmSR3_cuts,0.07007187792545544,1,false,6.771,false,false,11.666666666666666,false,1.602671e6,1.4903688333333323e6,false,0
8.193,use_lmSR3_cuts,0.07005950275092843,10,false,8.059,false,false,11.666666666666666,false,1.602671e6,1.4903886666666667e6,false,0
33.767,use_adaptive_ngroute,0.06824298246555249,0,false,11.149333333333335,false,false,11.666666666666666,false,1.602671e6,1.4932999510489504e6,false,1
23.501,use_lmSR3_cuts,0.06814846480049663,3,false,11.674,false,false,11.722222222222221,false,1.602671e6,1.4934514317697233e6,false,0
30.303,use_lmSR3_cuts,0.06807408511726043,10,false,10.006333333333334,false,false,11.722222222222221,false,1.602671e6,1.4935706379310351e6,false,0
35.489,use_adaptive_ngroute,0.06694131359795519,0,false,8.557750000000002,false,false,11.722222222222221,false,1.602671e6,1.4953860979946516e6,false,1
54.247,use_adaptive_ngroute,0.06825328078787518,0,false,13.444999999999999,false,false,11.833333333333332,false,1.602671e6,1.4932834462264152e6,false,1
38.71,use_lmSR3_cuts,0.06744735370404709,1,false,12.812,false,false,11.86111111111111,false,1.602671e6,1.4945750821917811e6,false,0
48.71,use_adaptive_ngroute,0.06728797787670127,0,false,16.11733333333333,false,false,11.86111111111111,false,1.602671e6,1.4948305092083693e6,false,2
31.599,use_lmSR3_cuts,0.06721046486944582,1,false,15.691499999999998,false,false,11.916666666666666,false,1.602671e6,1.4949547370572204e6,false,0
60.223,use_lmSR3_cuts,0.06709548530413745,2,false,14.95025,false,false,11.916666666666666,false,1.602671e6,1.4951390114721328e6,false,0
22.271,use_adaptive_ngroute,0.06699035159608668,0,false,22.099,false,false,11.916666666666666,false,1.602671e6,1.4953075062171482e6,false,4
67.572,use_lmSR3_cuts,0.06700070495408639,1,false,22.406,false,false,12.027777777777779,false,1.602671e6,1.4952909131905294e6,false,0
42.767,use_lmSR3_cuts,0.06700070495408561,10,false,21.278,false,false,12.027777777777779,false,1.602671e6,1.4952909131905306e6,false,0
151.914,use_adaptive_ngroute,0.06526324021279672,0,false,21.51028571428571,false,false,12.027777777777779,false,1.602671e6,1.4980754975449168e6,false,2
42.63,use_adaptive_ngroute,0.0652345247647943,0,false,21.167499999999997,false,false,12.11111111111111,false,1.602671e6,1.4981215189606824e6,false,2
26.539,use_lmSR3_cuts,0.06523251602132696,1,false,26.375,false,false,12.166666666666666,false,1.602671e6,1.498124738315584e6,false,0
50.657,use_lmSR3_cuts,0.06515248783234406,10,false,25.2115,false,false,12.166666666666666,false,1.602671e6,1.4982529971732493e6,false,0
111.961,use_adaptive_ngroute,0.06218988967052208,0,false,37.08333333333333,false,false,12.166666666666666,false,1.602671e6,1.5030010673318547e6,false,2
82.743,use_lmSR3_cuts,0.06215919099109002,5,false,41.219500000000004,false,false,12.333333333333332,false,1.602671e6,1.5030502672151187e6,false,0
34.559,use_lmSR3_cuts,0.06213653165110111,1,false,34.347,false,false,12.333333333333332,false,1.602671e6,1.5030865826821981e6,false,0
142.139,use_lmSR3_cuts,0.03936238992100283,10,false,35.388,false,false,12.333333333333332,false,1.564661e6,1.5030722036238138e6,false,0
179.599,use_lmSR3_cuts,0.03844803258369622,2,false,44.72175,false,false,12.333333333333332,false,1.564661e6,1.5045028628895613e6,false,0
44.835,use_lmSR3_cuts,0.03843431558238186,10,false,44.618,false,false,12.333333333333332,false,1.564661e6,1.5045243253465549e6,false,0
514.24,use_adaptive_ngroute,0.03643372431292469,0,false,64.134875,false,false,12.333333333333332,false,1.564661e6,1.507654572482815e6,false,3
208.397,use_lmSR3_cuts,0.036444621880622585,1,false,69.36000000000001,false,false,12.527777777777779,false,1.564661e6,1.5076375214836432e6,false,0
71.002,use_lmSR3_cuts,0.03644343033022368,10,false,70.761,false,false,12.527777777777779,false,1.564661e6,1.507639385856082e6,false,0
330.579,use_adaptive_ngroute,0.03618720530223607,0,false,82.50850000000001,false,false,12.527777777777779,false,1.564661e6,1.508040291164598e6,false,5
163.79,use_lmSR3_cuts,0.03620390697067577,2,false,81.7095,false,false,12.88888888888889,false,1.564661e6,1.5080141587153554e6,false,0
260.311,use_adaptive_ngroute,0.03619297201912841,0,false,86.60833333333335,false,false,12.88888888888889,false,1.564661e6,1.5080312682075785e6,false,1
79.135,use_lmSR3_cuts,0.0361929215075677,1,false,78.91900000000001,false,false,12.944444444444445,false,1.564661e6,1.5080313472410475e6,false,0
18.681,none,0.036180530181018966,0,false,NaN,false,false,12.944444444444445,true,1.564661e6,1.5080507354664367e6,false,0
