CG_time_taken,method,CG_LP_IP_gap,implemented_SR3_cuts_count,errored,CG_sp_time_taken_mean,converged,CGIP_artificial,ngroute_neighborhood_size,time_limit_reached,CGIP_objective,CGLP_objective,CGLP_artificial,cycles_lookup_length
13.018,use_adaptive_ngroute,0.2683213096996242,0,false,0.28582608695652184,false,false,5.999999999999999,false,2.007341e6,1.4687286338662466e6,false,36
37.741,use_adaptive_ngroute,0.11563226271353189,0,false,1.8339473684210525,false,false,9.694444444444445,false,1.705354e6,1.5081600582524275e6,false,7
9.387,use_adaptive_ngroute,0.114914557329446,0,false,1.4960000000000002,false,false,10.055555555555555,false,1.705354e6,1.509384e6,false,6
7.755,use_lmSR3_cuts,0.11459248343745643,7,false,2.5159999999999996,false,false,10.75,false,1.705354e6,1.50993325e6,false,0
53.414,use_adaptive_ngroute,0.05976488499441457,0,false,4.697545454545454,false,false,10.75,false,1.634108e6,1.5364457233115472e6,false,11
21.626,use_lmSR3_cuts,0.05850514156329123,8,false,5.3255,false,false,11.444444444444445,false,1.634108e6,1.5385042801302932e6,false,0
27.467,use_lmSR3_cuts,0.05622618986423589,10,false,4.434333333333333,false,false,11.444444444444445,false,1.634108e6,1.5422283333333333e6,false,0
54.955,use_adaptive_ngroute,0.052974960791401515,0,false,5.3841,false,false,11.444444444444445,false,1.634108e6,1.5475411927710844e6,false,8
22.452,use_lmSR3_cuts,0.05228078560291005,5,false,7.372999999999999,false,false,11.666666666666666,false,1.634108e6,1.5486755499999998e6,false,0
60.765,use_adaptive_ngroute,0.05288229109667697,0,false,8.568714285714286,false,false,11.666666666666666,false,1.634108e6,1.5476926250605914e6,false,5
65.527,use_lmSR3_cuts,0.05301664067899259,1,false,9.237857142857141,false,false,11.833333333333332,false,1.634108e6,1.5474730833333328e6,false,0
18.522,use_lmSR3_cuts,0.052820376621372844,10,false,9.193,false,false,11.833333333333332,false,1.634108e6,1.5477938000000017e6,false,0
32.916,use_adaptive_ngroute,0.05129811351034996,0,false,10.858999999999996,false,false,11.833333333333332,false,1.634108e6,1.550281342327829e6,false,2
45.011,use_adaptive_ngroute,0.05119187972134209,0,false,14.895000000000001,false,false,11.916666666666666,false,1.634108e6,1.550454939812317e6,false,3
13.466,use_lmSR3_cuts,0.05118892286684018,2,false,13.347,false,false,12.11111111111111,false,1.634108e6,1.5504597716319135e6,false,0
59.556,use_lmSR3_cuts,0.05199028177388321,1,false,11.752200000000002,false,false,12.11111111111111,false,1.634108e6,1.5491502646310432e6,false,0
10.336,use_lmSR3_cuts,0.05198094496765204,10,false,10.219999999999999,false,false,12.11111111111111,false,1.634108e6,1.5491655219808e6,false,0
28.272,use_lmSR3_cuts,0.04981918280626607,2,false,9.276,false,false,12.11111111111111,false,1.634108e6,1.5526980748228182e6,false,0
64.522,use_lmSR3_cuts,0.049800704554993636,1,false,12.8168,false,false,12.11111111111111,false,1.634108e6,1.5527282702810485e6,false,0
34.108,use_adaptive_ngroute,0.04986536605566716,0,false,11.283666666666667,false,false,12.11111111111111,false,1.634108e6,1.552622606405506e6,false,2
23.804,use_lmSR3_cuts,0.049636562352547764,10,false,11.7655,false,false,12.166666666666666,false,1.634108e6,1.5529964963672028e6,false,0
48.424,use_lmSR3_cuts,0.04773037014038006,10,false,16.020333333333333,false,false,12.166666666666666,false,1.634108e6,1.5561114203106437e6,false,0
128.953,use_adaptive_ngroute,0.04508677866609101,0,false,25.660800000000002,false,false,12.166666666666666,false,1.634108e6,1.5604313342875114e6,false,4
83.202,use_adaptive_ngroute,0.04497487180538329,0,false,27.50333333333333,false,false,12.61111111111111,false,1.634108e6,1.5606142021838487e6,false,4
32.877,use_lmSR3_cuts,0.04497475326818812,1,false,32.679,false,false,12.86111111111111,false,1.634108e6,1.5606143958864277e6,false,0
163.616,use_lmSR3_cuts,0.04496931954592398,1,false,32.5818,false,false,12.86111111111111,false,1.634108e6,1.5606232751754492e6,false,0
75.211,use_lmSR3_cuts,0.044968326059859676,10,false,37.4525,false,false,12.86111111111111,false,1.634108e6,1.5606248986389749e6,false,0
234.321,use_adaptive_ngroute,0.04546014594635439,0,false,46.7112,false,false,12.86111111111111,false,1.634108e6,1.5598212118278947e6,false,1
192.282,use_lmSR3_cuts,0.04556611002958322,3,false,47.936499999999995,false,false,12.88888888888889,false,1.634108e6,1.559648055071778e6,false,0
143.536,use_adaptive_ngroute,0.045188537143240004,0,false,47.72,false,false,12.88888888888889,false,1.634108e6,1.5602650499459344e6,false,2
191.157,use_lmSR3_cuts,0.04532156689546096,1,false,47.642,false,false,12.944444444444445,false,1.634108e6,1.560047664963592e6,false,0
45.088,use_lmSR3_cuts,0.045277832353466274,10,false,44.872,false,false,12.944444444444445,false,1.634108e6,1.560119131928542e6,false,0
220.853,use_adaptive_ngroute,0.044931442367458496,0,false,55.017999999999994,false,false,12.944444444444445,false,1.634108e6,1.560685170575797e6,false,5
465.08,use_adaptive_ngroute,0.04574216620991345,0,false,57.98075,false,false,13.083333333333332,false,1.634108e6,1.5593603602590507e6,false,1
69.474,use_lmSR3_cuts,0.04573195409646891,10,false,69.25999999999999,false,false,13.111111111111112,false,1.634108e6,1.5593770479553274e6,false,0
253.497,use_lmSR3_cuts,0.0459915585162608,1,false,63.07299999999999,false,false,13.111111111111112,false,1.634108e6,1.5589528262961102e6,false,0
133.797,use_lmSR3_cuts,0.04599033546296105,1,false,66.72149999999999,false,false,13.111111111111112,false,1.634108e6,1.5589548248972916e6,false,0
123.145,use_lmSR3_cuts,0.045990250683357714,10,false,61.428000000000004,false,false,13.111111111111112,false,1.634108e6,1.5589549634363197e6,false,0
110.536,none,0.04506922278934811,0,false,53.788999999999994,false,false,13.111111111111112,true,1.634108e6,1.560460022486144e6,false,0
