CG_time_taken,method,CG_LP_IP_gap,implemented_SR3_cuts_count,errored,CG_sp_time_taken_mean,converged,CGIP_artificial,ngroute_neighborhood_size,time_limit_reached,CGIP_objective,CGLP_objective,CGLP_artificial,cycles_lookup_length
51.159,use_adaptive_ngroute,0.29557571989692677,0,false,0.6259999999999999,false,false,7.000000000000001,false,1.995266e6,1.4055138156641384e6,false,33
98.485,use_adaptive_ngroute,0.15295621727329844,0,false,6.377866666666665,false,false,9.5,false,1.744946e6,1.478045660493827e6,false,12
53.816,use_adaptive_ngroute,0.13658177508504044,0,false,5.3019,false,false,10.075,false,1.726543e6,1.490728692299349e6,false,13
42.621,use_adaptive_ngroute,0.13555785469361548,0,false,7.033,false,false,11.325,false,1.726543e6,1.492496534883721e6,false,1
41.611,use_adaptive_ngroute,0.11989798089431514,0,false,6.8535,false,false,11.375,false,1.697311e6,1.4938068381502891e6,false,2
12.257,use_SR3_cuts,0.11989349951514827,9,false,6.0915,false,false,11.475,false,1.697311e6,1.4938144444444443e6,false,0
186.747,use_adaptive_ngroute,0.009916419409191524,0,false,30.883833333333335,false,false,11.475,false,1.518608e6,1.5035488461538465e6,false,1
120.925,use_SR3_cuts,0.009825416777561435,7,false,30.176750000000002,false,false,11.674999999999999,false,1.518608e6,1.503687043478261e6,false,0
374.9,use_adaptive_ngroute,0.008763875794077114,0,false,74.7118,false,false,11.674999999999999,false,1.518608e6,1.5052991081081082e6,false,1
114.455,use_SR3_cuts,0.008653596293939803,3,false,57.16250000000001,false,false,11.7,false,1.518608e6,1.5054665794392526e6,false,0
389.271,use_adaptive_ngroute,0.00698275632701717,0,false,129.60633333333334,false,false,11.7,false,1.518608e6,1.5080039303797411e6,false,1
269.908,use_SR3_cuts,0.006953273722678288,3,false,89.90799999999999,false,false,11.8,false,1.518608e6,1.508048702898551e6,false,0
281.767,use_SR3_cuts,0.0068280541947312035,10,false,93.847,false,false,11.8,false,1.518608e6,1.5082388622754477e6,false,0
447.65,use_SR3_cuts,0.004789864029665081,10,false,149.02666666666667,false,false,11.8,false,1.517684e6,1.5104145000000019e6,false,0
1083.97,none,0.002988952991127669,0,false,827.062,false,false,11.8,true,1.517684e6,1.5131477138686134e6,false,0
