CG_time_taken,method,CG_LP_IP_gap,implemented_SR3_cuts_count,errored,CG_sp_time_taken_mean,converged,CGIP_artificial,ngroute_neighborhood_size,time_limit_reached,CGIP_objective,CGLP_objective,CGLP_artificial,cycles_lookup_length
2.11,use_adaptive_ngroute,0.18773484718868272,0,false,0.057,false,false,5.0,false,1.279999e6,1.0396985833333334e6,false,11
1.294,use_adaptive_ngroute,0.05329970503834125,0,false,0.10911111111111112,false,false,5.625,false,1.225357e6,1.1600458333333333e6,false,14
1.233,use_SR3_cuts,0.03891151721498309,2,false,0.140875,false,false,6.916666666666666,false,1.225357e6,1.1776765e6,false,0
0.948,use_adaptive_ngroute,0.025245975934632292,0,false,0.21325,false,false,6.916666666666666,false,1.225357e6,1.1944216666666667e6,false,4
1.346,use_adaptive_ngroute,0.0245614135309139,0,false,0.25880000000000003,false,false,7.125,false,1.225357e6,1.1952605e6,false,5
0.604,use_adaptive_ngroute,0.022432319723966088,0,false,0.2935,false,false,7.416666666666667,false,1.225357e6,1.1978694000000001e6,false,1
0.285,use_SR3_cuts,0.022241518186128628,2,false,0.277,false,false,7.5,false,1.225357e6,1.1981032e6,false,0
1.003,use_adaptive_ngroute,0.021103808930785006,0,false,0.32266666666666666,false,false,7.5,false,1.225357e6,1.1994973e6,false,2
0.495,use_SR3_cuts,0.019871351777482005,10,false,0.484,false,false,7.583333333333334,false,1.225357e6,1.2010075e6,false,0
1.863,none,0.0,0,false,0.4545,true,false,7.583333333333334,false,1.202341e6,1.202341e6,false,0
