CG_time_taken,method,CG_LP_IP_gap,implemented_SR3_cuts_count,errored,CG_sp_time_taken_mean,converged,CGIP_artificial,ngroute_neighborhood_size,time_limit_reached,CGIP_objective,CGLP_objective,CGLP_artificial,cycles_lookup_length
41.835,use_adaptive_ngroute,0.9999760939702323,0,false,0.60968,false,true,7.000000000000001,false,6.0e10,1.4343617860606217e6,false,37
76.169,use_adaptive_ngroute,0.16397532670370296,0,false,4.7958,false,false,9.9,false,1.770335e6,1.48004374e6,false,10
65.727,use_adaptive_ngroute,0.16053825744844874,0,false,9.22657142857143,false,false,11.0,false,1.770335e6,1.4861285040000004e6,false,4
65.713,use_SR3_cuts,0.1593200692167538,8,false,10.866499999999998,false,false,11.15,false,1.770335e6,1.4882851052631582e6,false,0
344.832,use_adaptive_ngroute,0.015219227516847789,0,false,48.38885714285714,false,false,11.15,false,1.532293e6,1.5089726842105268e6,false,1
232.2,use_SR3_cuts,0.015185085359001205,2,false,46.212199999999996,false,false,11.175,false,1.532293e6,1.509025e6,false,0
304.988,use_SR3_cuts,0.013879117766641191,3,false,75.77475,false,false,11.175,false,1.532293e6,1.511026125e6,false,0
602.474,use_SR3_cuts,0.012499796629752424,2,false,149.36899999999997,false,false,11.175,false,1.532293e6,1.5131396491228067e6,false,0
501.523,use_SR3_cuts,0.012447140766594367,1,false,167.01399999999998,false,false,11.175,false,1.532293e6,1.5132203333333328e6,false,0
361.738,use_SR3_cuts,0.012377727729328547,1,false,180.71,false,false,11.175,false,1.532293e6,1.513326694444444e6,false,0
261.442,use_SR3_cuts,0.012362246210961825,10,false,128.21650000000002,false,false,11.175,false,1.532293e6,1.5133504166666667e6,false,0
641.265,use_SR3_cuts,0.010221989745651028,10,false,212.86333333333334,false,false,11.175,false,1.532293e6,1.5166299166666672e6,false,0
65.727,none,0.00996209351204036,0,false,NaN,false,false,11.175,true,1.532293e6,1.5170281538461552e6,false,0
