CG_time_taken,method,CG_LP_IP_gap,implemented_SR3_cuts_count,errored,CG_sp_time_taken_mean,converged,CGIP_artificial,ngroute_neighborhood_size,time_limit_reached,CGIP_objective,CGLP_objective,CGLP_artificial,cycles_lookup_length
66.721,use_adaptive_ngroute,0.9999734041059262,0,false,0.8644333333333335,false,true,7.000000000000001,false,6.0e10,1.5957536444283596e6,false,36
68.923,use_adaptive_ngroute,0.1445874503689294,0,false,4.052133333333334,false,false,9.375,false,1.963388e6,1.6795067349950485e6,false,14
24.09,use_adaptive_ngroute,0.14421238651051538,0,false,4.691,false,false,10.8,false,1.963388e6,1.6802431308738922e6,false,3
16.314,use_adaptive_ngroute,0.14399156026155457,0,false,5.346333333333334,false,false,10.9,false,1.963388e6,1.680676698481187e6,false,7
45.358,use_adaptive_ngroute,0.14351847170843657,0,false,11.230500000000001,false,false,11.65,false,1.963388e6,1.681605554869316e6,false,1
12.893,use_adaptive_ngroute,0.1434672707036745,0,false,12.809999999999999,false,false,11.674999999999999,false,1.963388e6,1.681706082307654e6,false,2
24.891,use_SR3_cuts,0.1434401585025128,15,false,12.378,false,false,11.875,false,1.963388e6,1.6817593140780684e6,false,0
282.626,use_adaptive_ngroute,0.11539905807661188,0,false,54.2996,false,false,11.875,false,1.913037e6,1.6922743321342927e6,false,3
106.039,use_SR3_cuts,0.11519382592610594,3,false,52.845,false,false,12.125,false,1.913037e6,1.6926669488318001e6,false,0
310.683,use_SR3_cuts,0.08198993488908723,6,false,102.20466666666667,false,false,12.125,false,1.847083e6,1.69564078509526e6,false,0
295.183,use_adaptive_ngroute,0.08168529049309614,0,false,98.22966666666667,false,false,12.125,false,1.847083e6,1.6962034885801405e6,false,1
349.623,use_SR3_cuts,0.0816340929552345,4,false,116.42333333333332,false,false,12.3,false,1.847083e6,1.6962980546819665e6,false,0
485.055,use_SR3_cuts,0.08077772556711027,10,false,161.51600000000002,false,false,12.3,false,1.847083e6,1.6978798363263253e6,false,0
380.811,use_adaptive_ngroute,0.07843468017611765,0,false,189.6435,false,false,12.3,false,1.847083e6,1.702207635636256e6,false,3
442.934,use_SR3_cuts,0.078315829707715,1,false,221.3325,false,false,12.475,false,1.847083e6,1.7024271623159847e6,false,0
185.253,use_SR3_cuts,0.07831582970771533,10,false,185.027,false,false,12.475,false,1.847083e6,1.702427162315984e6,false,0
342.254,none,0.07809677710935914,0,false,288.686,false,false,12.475,true,1.847083e6,1.7028317706465137e6,false,0
