CG_time_taken,method,CG_LP_IP_gap,implemented_SR3_cuts_count,errored,CG_sp_time_taken_mean,converged,CGIP_artificial,ngroute_neighborhood_size,time_limit_reached,CGIP_objective,CGLP_objective,CGLP_artificial,cycles_lookup_length
18.91,use_adaptive_ngroute,0.9999726520144891,0,false,0.33100000000000007,false,true,7.000000000000001,false,6.0e10,1.6408791306510149e6,false,31
22.0,use_adaptive_ngroute,0.1114933393452866,0,false,1.5090000000000001,false,false,9.7,false,1.910104e6,1.6971401265432106e6,false,13
23.735,use_adaptive_ngroute,0.10449851357744178,0,false,3.2582857142857145,false,false,10.475,false,1.910104e6,1.7105009712216742e6,false,14
15.619,use_adaptive_ngroute,0.10358190075622453,0,false,3.8525,false,false,11.075000000000001,false,1.910104e6,1.7122517970379326e6,false,1
17.105,use_adaptive_ngroute,0.10346341587121044,0,false,3.3748000000000005,false,false,11.1,false,1.910104e6,1.7124781154907374e6,false,4
6.931,use_SR3_cuts,0.1033906431920455,18,false,3.415,false,false,11.275,false,1.910104e6,1.7126171188763012e6,false,0
208.257,use_SR3_cuts,0.055189691605632585,3,false,20.171200000000002,false,false,11.275,false,1.834091e6,1.7328680833333337e6,false,0
137.343,use_SR3_cuts,0.05391589984720846,1,false,27.307599999999997,false,false,11.275,false,1.834091e6,1.7352043333333335e6,false,0
111.2,use_SR3_cuts,0.05391589984720868,10,false,27.517750000000003,false,false,11.275,false,1.834091e6,1.7352043333333333e6,false,0
435.612,use_adaptive_ngroute,0.042882276314977985,0,false,53.86875,false,false,11.275,false,1.816304e6,1.7384167500000002e6,false,2
323.33,use_SR3_cuts,0.04255276099155203,2,false,80.7255,false,false,11.325,false,1.816304e6,1.73901525e6,false,0
478.096,use_adaptive_ngroute,0.0418396084993824,0,false,159.10933333333332,false,false,11.325,false,1.816304e6,1.7403105517241377e6,false,1
747.65,use_adaptive_ngroute,0.041811457263305485,0,false,186.7985,false,false,11.35,false,1.816304e6,1.7403616829268292e6,false,1
219.992,use_SR3_cuts,0.041811457263305485,3,false,109.522,false,false,11.450000000000001,false,1.816304e6,1.7403616829268292e6,false,0
791.737,none,0.040704364467622156,0,false,256.5763333333333,false,false,11.450000000000001,true,1.816304e6,1.7423725e6,false,0
