CG_time_taken,method,CG_LP_IP_gap,implemented_SR3_cuts_count,errored,CG_sp_time_taken_mean,converged,CGIP_artificial,ngroute_neighborhood_size,time_limit_reached,CGIP_objective,CGLP_objective,CGLP_artificial,cycles_lookup_length
36.081,use_adaptive_ngroute,0.9999756961028395,0,false,0.5573214285714285,false,true,7.000000000000001,false,6.0e10,1.4582338296296294e6,false,39
62.494,use_adaptive_ngroute,0.15411482817856625,0,false,3.1769999999999996,false,false,10.675,false,1.809787e6,1.5308719874551971e6,false,11
15.744,use_lmSR3_cuts,0.14600599154335547,8,false,3.0136000000000003,false,false,11.525,false,1.793911e6,1.5319892457044676e6,false,0
63.87,use_lmSR3_cuts,0.08494747595472196,4,false,12.5092,false,false,11.525,false,1.686783e6,1.5434950416666663e6,false,0
130.567,use_adaptive_ngroute,0.08470976572186417,0,false,14.338666666666668,false,false,11.525,false,1.686783e6,1.5438960072463767e6,false,1
46.322,use_lmSR3_cuts,0.08448634848918712,2,false,15.297666666666668,false,false,11.575,false,1.686783e6,1.5442728636363635e6,false,0
81.629,use_adaptive_ngroute,0.08391543251265876,0,false,16.1982,false,false,11.575,false,1.686783e6,1.545235875e6,false,2
30.473,use_adaptive_ngroute,0.08384246535435291,0,false,15.167,false,false,11.625,false,1.686783e6,1.5453589547621885e6,false,7
35.406,use_lmSR3_cuts,0.08382012326088029,5,false,17.603500000000004,false,false,11.95,false,1.686783e6,1.5453966410256426e6,false,0
77.399,use_lmSR3_cuts,0.08360833776900611,10,false,19.2025,false,false,11.95,false,1.686783e6,1.5457538771929825e6,false,0
59.602,use_adaptive_ngroute,0.07824532534142503,0,false,29.5655,false,false,11.95,false,1.686783e6,1.554800115384615e6,false,5
86.933,use_adaptive_ngroute,0.07782534871956548,0,false,43.389500000000005,false,false,12.225,false,1.686783e6,1.5555085248107652e6,false,4
44.725,use_lmSR3_cuts,0.07781957370322257,5,false,44.632999999999996,false,false,12.375,false,1.686783e6,1.555518266010157e6,false,0
116.03,use_lmSR3_cuts,0.07690295787367896,4,false,38.553666666666665,false,false,12.375,false,1.686783e6,1.5570643980089622e6,false,0
128.338,use_adaptive_ngroute,0.07672273960127995,0,false,42.68566666666667,false,false,12.375,false,1.686783e6,1.5573683871271343e6,false,1
53.562,use_lmSR3_cuts,0.07671704731589168,1,false,53.432,false,false,12.45,false,1.686783e6,1.5573779887773583e6,false,0
210.839,use_adaptive_ngroute,0.07684736764203404,0,false,52.6085,false,false,12.45,false,1.686783e6,1.557158166666667e6,false,2
53.468,use_lmSR3_cuts,0.07683023977344272,10,false,53.338,false,false,12.575000000000001,false,1.686783e6,1.557187057664233e6,false,0
264.022,use_adaptive_ngroute,0.07378861974350148,0,false,65.8445,false,false,12.575000000000001,false,1.686783e6,1.5623176106231974e6,false,1
147.14,use_lmSR3_cuts,0.07387665814796818,4,false,73.4565,false,false,12.600000000000001,false,1.686783e6,1.5621691089391958e6,false,0
375.027,use_adaptive_ngroute,0.06590757788859491,0,false,53.409142857142854,false,false,12.600000000000001,false,1.668863e6,1.5588722818421058e6,false,6
413.118,use_adaptive_ngroute,0.0657370021520125,0,false,58.90614285714287,false,false,13.150000000000002,false,1.668863e6,1.559156949377586e6,false,1
206.735,use_lmSR3_cuts,0.06570771216179605,2,false,68.766,false,false,13.175,false,1.668863e6,1.5592058303585285e6,false,0
303.89,use_lmSR3_cuts,0.06567544881192244,2,false,60.528400000000005,false,false,13.175,false,1.668863e6,1.5592596734693886e6,false,0
50.253,use_lmSR3_cuts,0.06559218832790337,3,false,50.077,false,false,13.175,false,1.668863e6,1.5593986238105302e6,false,0
126.544,use_adaptive_ngroute,0.06378349719435461,0,false,42.04266666666667,false,false,13.175,false,1.668863e6,1.5624170815217379e6,false,3
97.942,use_lmSR3_cuts,0.06367980115231875,1,false,48.8425,false,false,13.250000000000002,false,1.668863e6,1.5625901360095378e6,false,0
95.376,use_lmSR3_cuts,0.06363785866334348,10,false,47.544999999999995,false,false,13.250000000000002,false,1.668863e6,1.5626601322775166e6,false,0
33.255,none,0.0621804566680948,0,false,NaN,false,false,13.250000000000002,true,1.668863e6,1.5650923365435132e6,false,0
