CG_time_taken,method,CG_LP_IP_gap,implemented_SR3_cuts_count,errored,CG_sp_time_taken_mean,converged,CGIP_artificial,ngroute_neighborhood_size,time_limit_reached,CGIP_objective,CGLP_objective,CGLP_artificial,cycles_lookup_length
55.545,use_adaptive_ngroute,0.28745420891494167,0,false,0.7008214285714285,false,false,7.000000000000001,false,1.901739e6,1.3550761201923077e6,false,29
39.041,use_adaptive_ngroute,0.1970235525024534,0,false,1.5846842105263157,false,false,9.175,false,1.78325e6,1.43190775e6,false,8
15.032,use_adaptive_ngroute,0.1931802158979392,0,false,1.7719999999999998,false,false,9.575,false,1.78325e6,1.43876138e6,false,4
15.445,use_lmSR3_cuts,0.1931802158979392,13,false,1.8667500000000001,false,false,10.0,false,1.78325e6,1.43876138e6,false,0
35.687,use_adaptive_ngroute,0.10976851836458668,0,false,4.701142857142857,false,false,10.0,false,1.667708e6,1.484646163775232e6,false,3
12.948,use_adaptive_ngroute,0.10958499941617439,0,false,4.215666666666667,false,false,10.200000000000001,false,1.667708e6,1.4849522197936506e6,false,2
14.344,use_lmSR3_cuts,0.10933463071440641,16,false,4.692333333333333,false,false,10.275,false,1.667708e6,1.4853697616805388e6,false,0
55.612,use_adaptive_ngroute,0.058526092129957075,0,false,6.7,false,false,10.275,false,1.585325e6,1.4925421229940758e6,false,3
26.54,use_adaptive_ngroute,0.057127354618703996,0,false,6.53775,false,false,10.35,false,1.585325e6,1.4947595765391032e6,false,1
39.568,use_lmSR3_cuts,0.05773426612912247,4,false,7.801400000000001,false,false,10.375,false,1.585325e6,1.493797424548849e6,false,0
31.133,use_lmSR3_cuts,0.057019245363726934,1,false,7.68575,false,false,10.375,false,1.585325e6,1.4949309648437495e6,false,0
15.433,use_lmSR3_cuts,0.05700355635892074,1,false,7.61,false,false,10.375,false,1.585325e6,1.494955837015294e6,false,0
13.238,use_lmSR3_cuts,0.05696906725081807,1,false,6.523000000000001,false,false,10.375,false,1.585325e6,1.4950105134605968e6,false,0
18.168,use_lmSR3_cuts,0.05695497906202218,10,false,5.998333333333334,false,false,10.375,false,1.585325e6,1.4950328478184997e6,false,0
47.823,use_adaptive_ngroute,0.055562442301242965,0,false,9.361599999999997,false,false,10.375,false,1.585325e6,1.497240471158782e6,false,3
37.515,use_adaptive_ngroute,0.05441726942572178,0,false,12.401333333333332,false,false,10.475,false,1.585325e6,1.4990559423476676e6,false,1
25.179,use_lmSR3_cuts,0.053911551205291564,3,false,12.4465,false,false,10.5,false,1.585325e6,1.4998576700854711e6,false,0
10.178,use_adaptive_ngroute,0.05333724285744679,0,false,10.008,false,false,10.5,false,1.585325e6,1.5007681354670182e6,false,1
37.471,use_lmSR3_cuts,0.053322981041021844,2,false,12.397666666666668,false,false,10.524999999999999,false,1.585325e6,1.500790745081142e6,false,0
25.396,use_lmSR3_cuts,0.053169109027843,10,false,12.522,false,false,10.524999999999999,false,1.585325e6,1.5010346822304348e6,false,0
95.416,use_lmSR3_cuts,0.04938679749944863,10,false,13.466714285714286,false,false,10.524999999999999,false,1.585325e6,1.5070308752541866e6,false,0
42.611,use_adaptive_ngroute,0.046184410009928456,0,false,14.038666666666668,false,false,10.524999999999999,false,1.585325e6,1.51210770020101e6,false,2
30.449,use_lmSR3_cuts,0.04613805384521097,4,false,10.043,false,false,10.65,false,1.585325e6,1.512181189787841e6,false,0
65.066,use_adaptive_ngroute,0.045139128811873985,0,false,16.078,false,false,10.65,false,1.585325e6,1.5137648106163158e6,false,2
15.948,use_lmSR3_cuts,0.045111562600549826,10,false,15.76,false,false,10.75,false,1.585325e6,1.5138085120202834e6,false,0
126.304,use_adaptive_ngroute,0.041864364448770286,0,false,25.133399999999998,false,false,10.75,false,1.585325e6,1.5189563764302533e6,false,3
111.518,use_lmSR3_cuts,0.0418402348029816,2,false,37.04633333333333,false,false,10.975000000000001,false,1.585325e6,1.5189946297609631e6,false,0
121.842,use_lmSR3_cuts,0.0422149648669673,1,false,30.336499999999997,false,false,10.975000000000001,false,1.585325e6,1.518400560822275e6,false,0
132.484,use_lmSR3_cuts,0.04213414401213411,10,false,32.976749999999996,false,false,10.975000000000001,false,1.585325e6,1.5185286881439635e6,false,0
195.807,use_adaptive_ngroute,0.04345858779677514,0,false,38.8928,false,false,10.975000000000001,false,1.585325e6,1.5164290143010775e6,false,3
85.546,use_adaptive_ngroute,0.04275277135507738,0,false,42.5715,false,false,11.075000000000001,false,1.585325e6,1.517547962751512e6,false,1
71.889,use_lmSR3_cuts,0.04275172800604965,2,false,35.788000000000004,false,false,11.1,false,1.585325e6,1.5175496167988093e6,false,0
117.41,use_adaptive_ngroute,0.042055318390181506,0,false,38.98633333333333,false,false,11.1,false,1.585325e6,1.5186536523730855e6,false,7
39.569,use_lmSR3_cuts,0.042041375537286374,1,false,39.367,false,false,11.275,false,1.585325e6,1.5186757563263515e6,false,0
90.676,use_lmSR3_cuts,0.04198700270894418,2,false,45.1805,false,false,11.275,false,1.585325e6,1.518761954930443e6,false,0
149.374,use_lmSR3_cuts,0.04197523592215391,1,false,49.663333333333334,false,false,11.275,false,1.585325e6,1.5187806091117114e6,false,0
201.188,use_adaptive_ngroute,0.041981990199005836,0,false,50.15925,false,false,11.275,false,1.585325e6,1.518769901387761e6,false,1
50.261,use_lmSR3_cuts,0.041975232485061964,10,false,50.054,false,false,11.299999999999999,false,1.585325e6,1.5187806145606192e6,false,0
272.79,use_adaptive_ngroute,0.0405963770478559,0,false,54.364599999999996,false,false,11.299999999999999,false,1.585325e6,1.520966548556608e6,false,1
161.965,use_lmSR3_cuts,0.0405551684050135,10,false,53.83733333333334,false,false,11.325,false,1.585325e6,1.521031877648322e6,false,0
103.704,use_lmSR3_cuts,0.03943067386007404,10,false,51.5955,false,false,11.325,false,1.585325e6,1.522814566962778e6,false,0
129.379,use_adaptive_ngroute,0.03820374354969147,0,false,64.505,false,false,11.325,false,1.585325e6,1.5247596502570854e6,false,1
138.246,use_lmSR3_cuts,0.038187548127738946,2,false,68.96600000000001,false,false,11.35,false,1.585325e6,1.5247853252643922e6,false,0
137.184,use_lmSR3_cuts,0.03815373417787671,1,false,68.4305,false,false,11.35,false,1.585325e6,1.5248389313644576e6,false,0
117.243,none,0.03814822722741573,0,false,60.048,false,false,11.35,true,1.585325e6,1.5248476616706972e6,false,0
