CG_time_taken,method,CG_LP_IP_gap,implemented_SR3_cuts_count,errored,CG_sp_time_taken_mean,converged,CGIP_artificial,ngroute_neighborhood_size,time_limit_reached,CGIP_objective,CGLP_objective,CGLP_artificial,cycles_lookup_length
38.539,use_adaptive_ngroute,0.9999746310760654,0,false,0.6541875000000001,false,true,7.000000000000001,false,6.0e10,1.5221354360766876e6,false,35
126.361,use_adaptive_ngroute,0.2024517125444406,0,false,6.474315789473684,false,false,8.600000000000001,false,1.972005e6,1.5727692106038004e6,false,17
75.644,use_adaptive_ngroute,0.19705806104563728,0,false,9.37125,false,false,9.575,false,1.972005e6,1.583405518327698e6,false,5
25.754,use_adaptive_ngroute,0.19596752529438977,0,false,8.532333333333332,false,false,9.7,false,1.972005e6,1.585556060281837e6,false,2
48.403,use_adaptive_ngroute,0.19585604336442963,0,false,9.601600000000001,false,false,9.825000000000001,false,1.972005e6,1.585775903205128e6,false,4
24.001,use_adaptive_ngroute,0.19585138434920213,0,false,7.941999999999999,false,false,9.95,false,1.972005e6,1.5857850908064516e6,false,2
17.32,use_lmSR3_cuts,0.19585073445918444,20,false,8.622499999999999,false,false,10.125,false,1.972005e6,1.585786372392816e6,false,0
113.737,use_adaptive_ngroute,0.10296593047299829,0,false,12.388222222222222,false,false,10.125,false,1.814603e6,1.6277607136659059e6,false,1
16.65,use_adaptive_ngroute,0.1026475589945054,0,false,8.266,false,false,10.175,false,1.814603e6,1.6283384315058936e6,false,1
56.215,use_adaptive_ngroute,0.10299202084653636,0,false,9.310666666666668,false,false,10.200000000000001,false,1.814603e6,1.6277133699958127e6,false,4
12.41,use_lmSR3_cuts,0.10271667901052095,9,false,12.341999999999999,false,false,10.4,false,1.814603e6,1.6282130061174717e6,false,0
58.408,use_lmSR3_cuts,0.10075985943895172,4,false,14.48075,false,false,10.4,false,1.814603e6,1.6317638567825e6,false,0
65.309,use_adaptive_ngroute,0.09774515684239371,0,false,16.207500000000003,false,false,10.4,false,1.814603e6,1.6372343451583218e6,false,1
40.47,use_lmSR3_cuts,0.09751152026616183,2,false,20.174999999999997,false,false,10.424999999999999,false,1.814603e6,1.637658302790462e6,false,0
21.457,use_lmSR3_cuts,0.09740230326679478,10,false,21.358999999999998,false,false,10.424999999999999,false,1.814603e6,1.6378564882851643e6,false,0
173.068,use_adaptive_ngroute,0.09435340498725409,0,false,21.46125,false,false,10.424999999999999,false,1.814603e6,1.6433890282499138e6,false,1
45.897,use_lmSR3_cuts,0.09435025053329693,2,false,22.895,false,false,10.475,false,1.814603e6,1.6433947523315279e6,false,0
53.219,use_lmSR3_cuts,0.09415416925802256,2,false,26.529,false,false,10.475,false,1.814603e6,1.6437505620018844e6,false,0
58.019,use_lmSR3_cuts,0.09402849181878448,10,false,28.918999999999997,false,false,10.475,false,1.814603e6,1.6439786166601581e6,false,0
69.317,use_lmSR3_cuts,0.09269700056879704,1,false,34.5625,false,false,10.475,false,1.814603e6,1.6463947446768591e6,false,0
64.994,use_lmSR3_cuts,0.09266509513102772,10,false,32.379,false,false,10.475,false,1.814603e6,1.6464526403799518e6,false,0
508.439,use_adaptive_ngroute,0.08876782650384807,0,false,84.59183333333334,false,false,10.475,false,1.814603e6,1.6535246357226379e6,false,1
204.537,use_lmSR3_cuts,0.08884739312113266,2,false,102.1575,false,false,10.524999999999999,false,1.814603e6,1.6533802539002134e6,false,0
290.63,use_lmSR3_cuts,0.0889889508440439,10,false,72.543,false,false,10.524999999999999,false,1.814603e6,1.6531233828315453e6,false,0
850.068,use_lmSR3_cuts,0.0874936192825011,2,false,121.30157142857144,false,false,10.524999999999999,false,1.814603e6,1.6558368159691156e6,false,0
102.881,use_lmSR3_cuts,0.08732246330482252,10,false,102.767,false,false,10.524999999999999,false,1.814603e6,1.656147396119679e6,false,0
291.249,none,0.0842941889562927,0,false,103.08250000000001,false,false,10.524999999999999,true,1.814603e6,1.6616425118373444e6,false,0
