CG_time_taken,method,CG_LP_IP_gap,implemented_SR3_cuts_count,errored,CG_sp_time_taken_mean,converged,CGIP_artificial,ngroute_neighborhood_size,time_limit_reached,CGIP_objective,CGLP_objective,CGLP_artificial,cycles_lookup_length
8.568,use_adaptive_ngroute,0.4827400692335967,0,false,0.24127272727272728,false,false,5.0,false,1.71962e6,889490.5221445224,false,17
7.142,use_adaptive_ngroute,0.1256021281917562,0,false,0.7034444444444444,false,false,6.35,false,1.144759e6,1.0009748333333334e6,false,8
4.81,use_adaptive_ngroute,0.11874944857389202,0,false,1.1722499999999998,false,false,8.4,false,1.144759e6,1.0088195e6,false,1
0.665,use_SR3_cuts,0.11721506448082086,4,false,0.422,false,false,8.45,false,1.144759e6,1.010576e6,false,0
16.296,use_SR3_cuts,0.0021959074423885117,3,false,4.0009999999999994,false,false,8.45,false,1.033893e6,1.0316226666666666e6,false,0
11.45,use_SR3_cuts,0.00031144422101703206,10,false,2.8307499999999997,false,false,8.45,false,1.033893e6,1.033571e6,false,0
25.906,none,0.0,0,false,6.43125,true,false,8.45,false,1.033893e6,1.033893e6,false,0
