CG_time_taken,method,CG_LP_IP_gap,implemented_SR3_cuts_count,errored,CG_sp_time_taken_mean,converged,CGIP_artificial,ngroute_neighborhood_size,time_limit_reached,CGIP_objective,CGLP_objective,CGLP_artificial,cycles_lookup_length
9.066,use_adaptive_ngroute,0.5356765757661803,0,false,0.3476666666666667,false,false,5.0,false,1.878086e6,872039.3225255973,false,20
8.893,use_adaptive_ngroute,0.12328753683240035,0,false,0.7500000000000001,false,false,7.6499999999999995,false,1.138151e6,997831.1666666667,false,13
5.349,use_adaptive_ngroute,0.027131337546807077,0,false,1.2912499999999998,false,false,9.45,false,1.059933e6,1.0311756000000001e6,false,10
5.628,use_adaptive_ngroute,0.02170384826210714,0,false,1.3935,false,false,10.3,false,1.059933e6,1.036928375e6,false,6
4.127,use_SR3_cuts,0.019015667342495712,2,false,1.3506666666666667,false,false,10.85,false,1.059933e6,1.0397776666666665e6,false,0
8.333,use_SR3_cuts,0.017628236879123516,10,false,2.7536666666666667,false,false,10.85,false,1.059933e6,1.04124825e6,false,0
19.247,use_SR3_cuts,0.003048934854058216,1,false,4.769500000000001,false,false,10.85,false,1.059933e6,1.0567013333333335e6,false,0
23.847,none,0.0,0,false,7.906999999999999,true,false,10.85,false,1.059933e6,1.059933e6,false,0
