CG_time_taken,method,CG_LP_IP_gap,implemented_SR3_cuts_count,errored,CG_sp_time_taken_mean,converged,CGIP_artificial,ngroute_neighborhood_size,time_limit_reached,CGIP_objective,CGLP_objective,CGLP_artificial,cycles_lookup_length
3.891,use_adaptive_ngroute,0.4198239148805688,0,false,0.17192857142857143,false,false,5.0,false,1.552138e6,900513.3484051038,false,20
3.398,use_adaptive_ngroute,0.04263878370345031,0,false,0.23975,false,false,7.3,false,1.146124e6,1.0972546666666667e6,false,10
2.132,use_adaptive_ngroute,0.024622990182562976,0,false,0.21622222222222226,false,false,8.1,false,1.146124e6,1.1179030000000002e6,false,4
0.953,use_SR3_cuts,0.024118681748222737,2,false,0.161,false,false,8.5,false,1.146124e6,1.118481e6,false,0
1.09,use_SR3_cuts,0.016038210618697812,2,false,0.5265,false,false,8.5,false,1.140573e6,1.12228025e6,false,0
2.36,use_adaptive_ngroute,0.013213533899189223,0,false,0.772,false,false,8.5,false,1.140573e6,1.125502e6,false,1
1.804,use_SR3_cuts,0.013057033613806612,10,false,0.591,false,false,8.55,false,1.140573e6,1.1256804999999998e6,false,0
2.665,use_SR3_cuts,0.009117931659496148,10,false,0.8656666666666667,false,false,8.55,false,1.140573e6,1.1301733333333335e6,false,0
2.414,use_SR3_cuts,0.00723430240764944,1,false,1.1775,false,false,8.55,false,1.140573e6,1.13232175e6,false,0
4.604,none,0.006619041481781496,0,false,1.4636666666666664,false,false,8.55,false,1.140573e6,1.1330235e6,false,0
