CG_time_taken,method,CG_LP_IP_gap,implemented_SR3_cuts_count,errored,CG_sp_time_taken_mean,converged,CGIP_artificial,ngroute_neighborhood_size,time_limit_reached,CGIP_objective,CGLP_objective,CGLP_artificial,cycles_lookup_length
3.976,use_adaptive_ngroute,0.28305299856626387,0,false,0.10760000000000002,false,false,5.0,false,1.283646e6,920306.1506024096,false,13
1.646,use_adaptive_ngroute,0.13055266665503074,0,false,0.1346,false,false,6.0,false,1.134014e6,985965.448275862,false,7
1.286,use_SR3_cuts,0.11744093694316526,3,false,0.13649999999999998,false,false,6.6499999999999995,false,1.134014e6,1.0008343333333334e6,false,0
1.845,use_adaptive_ngroute,0.08054728667501232,0,false,0.29183333333333333,false,false,6.6499999999999995,false,1.099168e6,1.010633e6,false,1
1.784,use_SR3_cuts,0.02870652942623453,2,false,0.284,false,false,6.75,false,1.040704e6,1.010829e6,false,0
1.001,use_adaptive_ngroute,0.01968343063925959,0,false,0.4905,false,false,6.75,false,1.040704e6,1.020219375e6,false,4
1.869,use_adaptive_ngroute,0.019192416863968997,0,false,0.9,false,false,7.15,false,1.040704e6,1.020730375e6,false,3
0.912,use_SR3_cuts,0.01912743681200424,1,false,0.4445,false,false,7.3,false,1.040704e6,1.0207979999999999e6,false,0
1.637,use_SR3_cuts,0.018646416272062094,10,false,0.8009999999999999,false,false,7.3,false,1.040704e6,1.0212985999999999e6,false,0
3.586,none,0.016163097287989703,0,false,0.882,false,false,7.3,false,1.040704e6,1.023883e6,false,0
