CG_time_taken,method,CG_LP_IP_gap,implemented_SR3_cuts_count,errored,CG_sp_time_taken_mean,converged,CGIP_artificial,ngroute_neighborhood_size,time_limit_reached,CGIP_objective,CGLP_objective,CGLP_artificial,cycles_lookup_length
4.06,use_adaptive_ngroute,0.3615906522130031,0,false,0.16492857142857145,false,false,5.0,false,1.48638e6,948918.8863636364,false,20
2.738,use_adaptive_ngroute,0.13961746893689553,0,false,0.29525,false,false,7.95,false,1.227912e6,1.0564740344827587e6,false,13
2.548,use_adaptive_ngroute,0.12501173035702395,0,false,0.34385714285714286,false,false,9.4,false,1.227912e6,1.074408596153846e6,false,6
1.505,use_adaptive_ngroute,0.1245651154154368,0,false,0.48933333333333334,false,false,10.1,false,1.227912e6,1.0749570000000002e6,false,2
0.994,use_adaptive_ngroute,0.12409752991569922,0,false,0.49,false,false,10.45,false,1.227912e6,1.075531153846154e6,false,7
0.607,use_SR3_cuts,0.12379780284931496,10,false,0.595,false,false,11.2,false,1.227912e6,1.075899192307692e6,false,0
29.234,none,0.0,0,false,5.4643999999999995,true,false,11.2,false,1.101072e6,1.101072e6,false,0
