CG_time_taken,method,CG_LP_IP_gap,implemented_SR3_cuts_count,errored,CG_sp_time_taken_mean,converged,CGIP_artificial,ngroute_neighborhood_size,time_limit_reached,CGIP_objective,CGLP_objective,CGLP_artificial,cycles_lookup_length
2.773,use_adaptive_ngroute,0.26720881529759466,0,false,0.10822222222222222,false,false,5.0,false,1.379511e6,1.0108934999999999e6,false,20
2.369,use_adaptive_ngroute,0.04697010805454627,0,false,0.20510000000000003,false,false,6.550000000000001,false,1.186808e6,1.1310635e6,false,4
0.79,use_adaptive_ngroute,0.041356521021091885,0,false,0.1374,false,false,7.0,false,1.186808e6,1.13772575e6,false,5
0.974,use_adaptive_ngroute,0.04094954702024256,0,false,0.18739999999999998,false,false,7.35,false,1.186808e6,1.13820875e6,false,2
0.384,use_adaptive_ngroute,0.03842323273857273,0,false,0.1855,false,false,7.45,false,1.186808e6,1.141207e6,false,3
0.359,use_SR3_cuts,0.03834312127734474,4,false,0.1725,false,false,7.6499999999999995,false,1.186808e6,1.141302076923077e6,false,0
0.794,use_SR3_cuts,0.03283218515547581,10,false,0.38599999999999995,false,false,7.6499999999999995,false,1.186808e6,1.1478425e6,false,0
1.701,use_SR3_cuts,0.03152573963101024,10,false,0.5586666666666665,false,false,7.6499999999999995,false,1.186808e6,1.149393e6,false,0
1.924,use_adaptive_ngroute,0.0285560090595951,0,false,0.629,false,false,7.6499999999999995,false,1.186808e6,1.1529175e6,false,6
4.947,use_SR3_cuts,0.006504785857745166,1,false,1.1665,false,false,8.149999999999999,false,1.160607e6,1.1530575e6,false,0
2.502,none,0.005542789247350743,0,false,1.2225,false,false,8.149999999999999,false,1.160607e6,1.154174e6,false,0
