CG_time_taken,method,CG_LP_IP_gap,implemented_SR3_cuts_count,errored,CG_sp_time_taken_mean,converged,CGIP_artificial,ngroute_neighborhood_size,time_limit_reached,CGIP_objective,CGLP_objective,CGLP_artificial,cycles_lookup_length
2.142,use_adaptive_ngroute,0.27873937534910864,0,false,0.09885714285714287,false,false,5.0,false,1.600417e6,1.1543177651219056e6,false,14
1.068,use_adaptive_ngroute,0.12721381822248812,0,false,0.12599999999999997,false,false,6.05,false,1.42674e6,1.2452389569892474e6,false,6
0.634,use_adaptive_ngroute,0.11990817899882955,0,false,0.14925,false,false,7.0,false,1.424738e6,1.2539002608695657e6,false,3
0.812,use_adaptive_ngroute,0.11349025128787715,0,false,0.15560000000000002,false,false,7.15,false,1.416422e6,1.2556719112903224e6,false,2
0.481,none,0.0,0,false,0.15366666666666667,true,false,7.3,false,1.260525e6,1.260525e6,false,0
