CG_time_taken,method,CG_LP_IP_gap,implemented_SR3_cuts_count,errored,CG_sp_time_taken_mean,converged,CGIP_artificial,ngroute_neighborhood_size,time_limit_reached,CGIP_objective,CGLP_objective,CGLP_artificial,cycles_lookup_length
5.483,use_adaptive_ngroute,0.4789549616571992,0,false,0.21729999999999997,false,false,5.0,false,1.728475e6,900613.3226495726,false,14
7.064,use_adaptive_ngroute,0.03309654921885896,0,false,0.5160769230769231,false,false,6.3,false,1.108464e6,1.0717776666666667e6,false,3
1.191,use_adaptive_ngroute,0.031434263990531064,0,false,0.23160000000000003,false,false,6.45,false,1.108464e6,1.07362025e6,false,4
1.434,use_adaptive_ngroute,0.030928383781521074,0,false,0.34574999999999995,false,false,7.25,false,1.108464e6,1.074181e6,false,3
2.035,use_adaptive_ngroute,0.028379285810514854,0,false,0.3978,false,false,7.550000000000001,false,1.108464e6,1.0770065833333335e6,false,3
0.788,use_SR3_cuts,0.028379285810515076,3,false,0.3805,false,false,7.7,false,1.108464e6,1.0770065833333333e6,false,0
3.051,use_SR3_cuts,0.027917235020713305,1,false,1.0013333333333332,false,false,7.7,false,1.108464e6,1.07751875e6,false,0
4.548,use_SR3_cuts,0.025797484928092862,1,false,1.11525,false,false,7.7,false,1.108464e6,1.0798684166666665e6,false,0
6.345,use_SR3_cuts,0.02495232141052839,10,false,1.5435,false,false,7.7,false,1.108464e6,1.08080525e6,false,0
68.58,use_adaptive_ngroute,0.01485930079822173,0,false,13.6512,false,false,7.7,false,1.108464e6,1.091993e6,false,1
34.436,use_SR3_cuts,0.013796459594428767,8,false,11.43,false,false,7.799999999999999,false,1.108464e6,1.093171121212121e6,false,0
165.814,use_adaptive_ngroute,0.0074392891519492466,0,false,55.09733333333333,false,false,7.799999999999999,false,1.108464e6,1.1002178157894737e6,false,4
127.335,use_adaptive_ngroute,0.0037209648266026685,0,false,63.614,false,false,8.05,false,1.108464e6,1.1043394444444447e6,false,1
150.647,use_SR3_cuts,0.0036606736889969183,1,false,75.28299999999999,false,false,8.1,false,1.108464e6,1.1044062749999997e6,false,0
164.17,use_SR3_cuts,0.0036185207638682604,10,false,82.045,false,false,8.1,false,1.108464e6,1.1044529999999995e6,false,0
205.014,use_SR3_cuts,0.0027462551783367095,1,false,68.29566666666666,false,false,8.1,false,1.108464e6,1.1054198750000002e6,false,0
196.488,use_SR3_cuts,0.00271125930416638,10,false,98.18900000000001,false,false,8.1,false,1.108464e6,1.1054586666666665e6,false,0
175.553,use_SR3_cuts,0.0023949808022633023,10,false,87.7465,false,false,8.1,false,1.108464e6,1.10580925e6,false,0
305.344,use_adaptive_ngroute,0.0013956249368495266,0,false,101.71799999999999,false,false,8.1,false,1.108464e6,1.106917e6,false,1
323.797,use_SR3_cuts,0.0009141027584080863,10,false,161.848,false,false,8.149999999999999,false,1.108464e6,1.107450750000004e6,false,0
570.667,none,2.1094237467877974e-15,0,false,190.18633333333332,true,false,8.149999999999999,false,1.108464e6,1.1084639999999977e6,false,0
