CG_time_taken,method,CG_LP_IP_gap,implemented_SR3_cuts_count,errored,CG_sp_time_taken_mean,converged,CGIP_artificial,ngroute_neighborhood_size,time_limit_reached,CGIP_objective,CGLP_objective,CGLP_artificial,cycles_lookup_length
2.433,use_adaptive_ngroute,0.2690291126830626,0,false,0.09653846153846155,false,false,5.0,false,1.323399e6,967366.1413043477,false,9
1.037,use_adaptive_ngroute,0.03625138877512646,0,false,0.0835,false,false,6.05,false,1.110991e6,1.0707160333333334e6,false,10
0.641,use_lmSR3_cuts,0.026754792193036225,4,false,0.09633333333333333,false,false,7.05,false,1.110991e6,1.0812666666666665e6,false,0
0.728,use_lmSR3_cuts,0.01735207575938935,1,false,0.168,false,false,7.05,false,1.110991e6,1.0917130000000002e6,false,0
0.798,use_lmSR3_cuts,0.01704124215827718,1,false,0.187,false,false,7.05,false,1.110991e6,1.0920583333333335e6,false,0
0.635,use_adaptive_ngroute,0.016475230972468058,0,false,0.205,false,false,7.05,false,1.110991e6,1.0926871666666667e6,false,2
1.461,use_lmSR3_cuts,0.016475230972468058,1,false,0.23683333333333334,false,false,7.35,false,1.110991e6,1.0926871666666667e6,false,0
0.676,none,0.016132893965837725,0,false,0.21866666666666668,false,false,7.35,false,1.110991e6,1.0930675e6,false,0
