CG_time_taken,method,CG_LP_IP_gap,implemented_SR3_cuts_count,errored,CG_sp_time_taken_mean,converged,CGIP_artificial,ngroute_neighborhood_size,time_limit_reached,CGIP_objective,CGLP_objective,CGLP_artificial,cycles_lookup_length
8.298,use_adaptive_ngroute,0.3500307628587076,0,false,0.3284705882352941,false,false,5.0,false,1.541253e6,1.0017670366517283e6,false,19
9.007,use_adaptive_ngroute,0.1369524472027024,0,false,0.7596363636363636,false,false,7.2,false,1.227667e6,1.059535e6,false,9
6.575,use_adaptive_ngroute,0.12029923787036612,0,false,0.9177142857142857,false,false,8.05,false,1.227667e6,1.0799795955414013e6,false,6
3.424,use_adaptive_ngroute,0.11452152741745103,0,false,0.8357500000000001,false,false,8.45,false,1.227667e6,1.0870727000000002e6,false,3
1.373,use_lmSR3_cuts,0.11354377642179914,5,false,0.6785,false,false,8.6,false,1.227667e6,1.088273052631579e6,false,0
7.593,use_lmSR3_cuts,0.10951551660147885,3,false,1.865,false,false,8.6,false,1.225945e6,1.091685e6,false,0
14.375,use_lmSR3_cuts,0.10688677525688983,7,false,2.7604,false,false,8.6,false,1.225945e6,1.0949076923076923e6,false,0
4.331,use_lmSR3_cuts,0.07925000962421702,3,false,2.1065,false,false,8.6,false,1.193773e6,1.0991664782608696e6,false,0
6.413,use_lmSR3_cuts,0.0786004068430608,10,false,2.098333333333333,false,false,8.6,false,1.193773e6,1.0999419565217388e6,false,0
17.58,use_adaptive_ngroute,0.06993364735171592,0,false,3.4421999999999997,false,false,8.6,false,1.193773e6,1.1102881e6,false,4
27.042,use_adaptive_ngroute,0.06685364879449651,0,false,6.70375,false,false,9.0,false,1.193773e6,1.1139649191176475e6,false,6
18.32,use_lmSR3_cuts,0.0665513460264221,1,false,9.122000000000002,false,false,9.5,false,1.193773e6,1.1143258e6,false,0
22.449,use_lmSR3_cuts,0.06562728788249483,5,false,7.450333333333334,false,false,9.5,false,1.193773e6,1.1154289156626505e6,false,0
17.424,use_adaptive_ngroute,0.06205239584701172,0,false,8.65,false,false,9.5,false,1.193773e6,1.1196965252525252e6,false,4
18.655,use_lmSR3_cuts,0.062007866198763306,1,false,9.280500000000002,false,false,9.899999999999999,false,1.193773e6,1.1197496835443038e6,false,0
23.755,use_lmSR3_cuts,0.061795754677209325,1,false,11.831,false,false,9.899999999999999,false,1.193773e6,1.1200028965517238e6,false,0
39.089,use_adaptive_ngroute,0.06293969826616996,0,false,9.71425,false,false,9.899999999999999,false,1.193773e6,1.1186372875816994e6,false,2
21.179,use_lmSR3_cuts,0.0617656184714972,10,false,10.556,false,false,10.1,false,1.193773e6,1.1200388723404254e6,false,0
126.21,use_adaptive_ngroute,0.05796794100412439,0,false,17.958857142857145,false,false,10.1,false,1.193773e6,1.1245724371636834e6,false,6
44.265,use_lmSR3_cuts,0.057341606992890815,10,false,22.078999999999997,false,false,10.4,false,1.193773e6,1.1253201377952758e6,false,0
84.889,use_lmSR3_cuts,0.05645620933993423,1,false,42.330000000000005,false,false,10.4,false,1.193773e6,1.1263771016076386e6,false,0
78.442,use_adaptive_ngroute,0.056398526801699655,0,false,39.163,false,false,10.4,false,1.193773e6,1.1264459614643545e6,false,2
71.425,use_lmSR3_cuts,0.05643481343524703,2,false,35.6585,false,false,10.5,false,1.193773e6,1.1264026434609648e6,false,0
43.929,use_adaptive_ngroute,0.056106861633009264,0,false,43.849000000000004,false,false,10.5,false,1.193773e6,1.1267941434677776e6,false,1
105.671,use_lmSR3_cuts,0.05604019620765732,10,false,35.172666666666665,false,false,10.55,false,1.193773e6,1.1268737268525963e6,false,0
230.815,use_lmSR3_cuts,0.056987019455884025,1,false,32.885285714285715,false,false,10.55,false,1.193773e6,1.125743434823091e6,false,0
89.545,use_lmSR3_cuts,0.05679777403955033,10,false,29.78533333333333,false,false,10.55,false,1.193773e6,1.125969350891484e6,false,0
171.993,use_adaptive_ngroute,0.05316293741770162,0,false,34.3138,false,false,10.55,false,1.193773e6,1.130308520710058e6,false,3
217.457,use_adaptive_ngroute,0.05331175266818933,0,false,43.43,false,false,10.85,false,1.193773e6,1.1301308690820376e6,false,1
41.093,use_lmSR3_cuts,0.05172427374908428,10,false,41.032,false,false,10.9,false,1.193773e6,1.1320259585537345e6,false,0
117.608,use_lmSR3_cuts,0.050195168277154534,10,false,58.5895,false,false,10.9,false,1.193773e6,1.1338513633802764e6,false,0
177.68,use_adaptive_ngroute,0.05097412179956351,0,false,44.3005,false,false,10.9,false,1.193773e6,1.1329214696969697e6,false,2
110.062,use_adaptive_ngroute,0.05052878562339602,0,false,54.964999999999996,false,false,11.100000000000001,false,1.193773e6,1.1334531000000017e6,false,1
60.935,use_lmSR3_cuts,0.05048977805364607,1,false,60.856,false,false,11.15,false,1.193773e6,1.1334996661835648e6,false,0
67.63,use_lmSR3_cuts,0.050485303110022195,10,false,67.514,false,false,11.15,false,1.193773e6,1.1335050082504395e6,false,0
266.722,use_lmSR3_cuts,0.05003922747487055,1,false,66.58324999999999,false,false,11.15,false,1.193773e6,1.1340375212996413e6,false,0
137.173,use_lmSR3_cuts,0.05000777829711667,10,false,68.5,false,false,11.15,false,1.193773e6,1.134075064478916e6,false,0
316.075,use_lmSR3_cuts,0.049440691329232234,1,false,63.1012,false,false,11.15,false,1.193773e6,1.1347520375898285e6,false,0
180.629,use_adaptive_ngroute,0.04927808282644952,0,false,60.10266666666667,false,false,11.15,false,1.193773e6,1.1349461552300209e6,false,1
193.426,use_adaptive_ngroute,0.04918945865736257,0,false,64.34133333333334,false,false,11.25,false,1.193773e6,1.1350519523702243e6,false,1
147.235,use_lmSR3_cuts,0.04913170961301083,10,false,73.5025,false,false,11.299999999999999,false,1.193773e6,1.1351208916201473e6,false,0
215.243,none,0.04852274234657472,0,false,75.119,false,false,11.299999999999999,true,1.193773e6,1.1358478603007025e6,false,0
