CG_time_taken,method,CG_LP_IP_gap,implemented_SR3_cuts_count,errored,CG_sp_time_taken_mean,converged,CGIP_artificial,ngroute_neighborhood_size,time_limit_reached,CGIP_objective,CGLP_objective,CGLP_artificial,cycles_lookup_length
9.648,use_adaptive_ngroute,0.5356765757661803,0,false,0.3768,false,false,5.0,false,1.878086e6,872039.3225255973,false,20
9.657,use_adaptive_ngroute,0.12328753683240035,0,false,0.8119090909090909,false,false,7.6499999999999995,false,1.138151e6,997831.1666666667,false,13
5.939,use_adaptive_ngroute,0.027131337546807077,0,false,1.42,false,false,9.45,false,1.059933e6,1.0311756000000001e6,false,10
5.859,use_adaptive_ngroute,0.02170384826210714,0,false,1.4265,false,false,10.3,false,1.059933e6,1.036928375e6,false,6
4.301,use_lmSR3_cuts,0.019015667342495712,2,false,1.4236666666666669,false,false,10.85,false,1.059933e6,1.0397776666666665e6,false,0
5.601,use_lmSR3_cuts,0.01886899926693475,1,false,2.774,false,false,10.85,false,1.059933e6,1.039933125e6,false,0
7.982,use_lmSR3_cuts,0.017628236879123516,10,false,2.6276666666666664,false,false,10.85,false,1.059933e6,1.04124825e6,false,0
22.619,none,0.0,0,false,5.5775,true,false,10.85,false,1.059933e6,1.059933e6,false,0
