CG_time_taken,method,CG_LP_IP_gap,implemented_SR3_cuts_count,errored,CG_sp_time_taken_mean,converged,CGIP_artificial,ngroute_neighborhood_size,time_limit_reached,CGIP_objective,CGLP_objective,CGLP_artificial,cycles_lookup_length
11.934,use_adaptive_ngroute,0.4225900818448012,0,false,0.5180666666666667,false,false,5.0,false,1.648388e6,951795.5801680118,false,19
3.959,use_adaptive_ngroute,0.16367867304850348,0,false,0.3151818181818182,false,false,7.3,false,1.269436e6,1.0616564e6,false,7
2.338,use_lmSR3_cuts,0.009638104313003382,10,false,0.36866666666666664,false,false,7.95,false,1.087247e6,1.076768e6,false,0
4.345,none,0.0,0,false,0.7078333333333334,true,false,7.95,false,1.087247e6,1.087247e6,false,0
