CG_time_taken,method,CG_LP_IP_gap,implemented_SR3_cuts_count,errored,CG_sp_time_taken_mean,converged,CGIP_artificial,ngroute_neighborhood_size,time_limit_reached,CGIP_objective,CGLP_objective,CGLP_artificial,cycles_lookup_length
5.984,use_adaptive_ngroute,0.3098395620891461,0,false,0.21347058823529413,false,false,5.0,false,1.249731e6,862514.8942307694,false,16
4.911,use_adaptive_ngroute,0.014765355729185359,0,false,0.2942666666666667,false,false,6.15,false,1.049587e6,1.0340894745762715e6,false,10
1.589,use_lmSR3_cuts,0.010457446595661168,10,false,0.3074,false,false,7.8500000000000005,false,1.049587e6,1.0386109999999998e6,false,0
2.381,use_lmSR3_cuts,0.008476667489212386,10,false,0.7816666666666668,false,false,7.8500000000000005,false,1.049587e6,1.04069e6,false,0
4.615,use_adaptive_ngroute,0.00047129648772947785,0,false,0.8968,false,false,7.8500000000000005,false,1.049587e6,1.0490923333333335e6,false,2
11.368,none,0.0,0,false,1.6048571428571428,true,false,8.05,false,1.049587e6,1.049587e6,false,0
