CG_time_taken,method,CG_LP_IP_gap,implemented_SR3_cuts_count,errored,CG_sp_time_taken_mean,converged,CGIP_artificial,ngroute_neighborhood_size,time_limit_reached,CGIP_objective,CGLP_objective,CGLP_artificial,cycles_lookup_length
7.042,use_adaptive_ngroute,0.38145713541802506,0,false,0.2079473684210526,false,false,5.0,false,1.761536e6,1.0895855235042737e6,false,21
9.537,use_adaptive_ngroute,0.0652844038618613,0,false,0.48644444444444446,false,false,6.708333333333334,false,1.28555e6,1.2016236346153843e6,false,4
5.892,use_SR3_cuts,0.056012341424187206,1,false,0.5178181818181818,false,false,6.875,false,1.279593e6,1.20792e6,false,0
4.09,use_adaptive_ngroute,0.05275867665213341,0,false,0.9940000000000001,false,false,6.875,false,1.279593e6,1.2120833666666667e6,false,1
2.598,use_SR3_cuts,0.052722232772451916,4,false,1.271,false,false,6.916666666666666,false,1.279593e6,1.21213e6,false,0
10.518,use_SR3_cuts,0.05248661097708407,1,false,1.4761428571428568,false,false,6.916666666666666,false,1.279593e6,1.2124315e6,false,0
5.503,use_SR3_cuts,0.05248661097708407,1,false,1.3447500000000001,false,false,6.916666666666666,false,1.279593e6,1.2124315e6,false,0
8.804,use_adaptive_ngroute,0.05248661097708407,0,false,1.4356666666666666,false,false,6.916666666666666,false,1.279593e6,1.2124315e6,false,3
6.227,use_SR3_cuts,0.049304153742635304,10,false,2.0456666666666665,false,false,7.083333333333333,false,1.279593e6,1.21650375e6,false,0
26.292,use_SR3_cuts,0.032987694938477974,2,false,4.342666666666666,false,false,7.083333333333333,false,1.279593e6,1.2373821764705882e6,false,0
9.604,use_SR3_cuts,0.029730547134909302,4,false,4.758,false,false,7.083333333333333,false,1.279593e6,1.24155e6,false,0
4.508,use_SR3_cuts,0.02966783188091837,1,false,4.489,false,false,7.083333333333333,false,1.279593e6,1.24163025e6,false,0
17.314,use_SR3_cuts,0.029450379925491932,10,false,5.735333333333334,false,false,7.083333333333333,false,1.279593e6,1.2419085e6,false,0
121.792,use_SR3_cuts,0.027559642011172336,1,false,30.3405,false,false,7.083333333333333,false,1.279593e6,1.244327874999998e6,false,0
57.159,none,0.027089863730109243,0,false,28.5315,false,false,7.083333333333333,false,1.279593e6,1.2449289999999984e6,false,0
