CG_time_taken,method,CG_LP_IP_gap,implemented_SR3_cuts_count,errored,CG_sp_time_taken_mean,converged,CGIP_artificial,ngroute_neighborhood_size,time_limit_reached,CGIP_objective,CGLP_objective,CGLP_artificial,cycles_lookup_length
10.141,use_adaptive_ngroute,0.3572739716582076,0,false,0.3297142857142857,false,false,5.0,false,1.667855e6,1.07197382e6,false,24
8.965,use_adaptive_ngroute,0.09413496815029831,0,false,0.7557272727272727,false,false,9.208333333333334,false,1.3104e6,1.1870455377358492e6,false,7
6.439,use_adaptive_ngroute,0.08395619658119657,0,false,0.8848571428571428,false,false,9.875,false,1.3104e6,1.2003838e6,false,8
8.064,use_SR3_cuts,0.08217147435897432,5,false,1.3185,false,false,11.291666666666668,false,1.3104e6,1.2027225e6,false,0
26.704,use_adaptive_ngroute,0.057537655236622576,0,false,5.1004000000000005,false,false,11.291666666666668,false,1.290464e6,1.216213727272727e6,false,4
10.365,use_SR3_cuts,0.057283271753415854,4,false,2.56275,false,false,11.458333333333334,false,1.290464e6,1.216542e6,false,0
41.214,use_SR3_cuts,0.05435254296129144,10,false,6.606333333333334,false,false,11.458333333333334,false,1.290464e6,1.220324e6,false,0
20.948,use_SR3_cuts,0.05435254296129122,10,false,5.0835,false,false,11.458333333333334,false,1.290464e6,1.2203240000000002e6,false,0
106.963,use_SR3_cuts,0.02959047937069248,10,false,26.314999999999998,false,false,11.458333333333334,false,1.278739e6,1.2409005e6,false,0
50.015,use_SR3_cuts,0.024545144344024106,3,false,24.8225,false,false,11.458333333333334,false,1.278739e6,1.247352166666667e6,false,0
155.271,use_SR3_cuts,0.024012233388005733,3,false,38.667249999999996,false,false,11.458333333333334,false,1.278739e6,1.248033620689655e6,false,0
130.581,use_SR3_cuts,0.023499781391280172,1,false,65.0735,false,false,11.458333333333334,false,1.278739e6,1.2486889130434957e6,false,0
344.739,use_SR3_cuts,0.02160986331065229,10,false,114.81566666666667,false,false,11.458333333333334,false,1.278739e6,1.2511056249999998e6,false,0
536.348,use_SR3_cuts,0.0199222306767316,10,false,133.558,false,false,11.458333333333334,false,1.278739e6,1.253263666666667e6,false,0
375.871,use_SR3_cuts,0.019558428264094374,10,false,125.18266666666668,false,false,11.458333333333334,false,1.278739e6,1.2537288750000002e6,false,0
179.326,use_SR3_cuts,0.019400239373811412,10,false,89.557,false,false,11.458333333333334,false,1.278739e6,1.2539311573033717e6,false,0
656.374,none,0.01934288388795613,0,false,218.4563333333333,false,false,11.458333333333334,false,1.278739e6,1.2540044999999988e6,false,0
