CG_time_taken,method,CG_LP_IP_gap,implemented_SR3_cuts_count,errored,CG_sp_time_taken_mean,converged,CGIP_artificial,ngroute_neighborhood_size,time_limit_reached,CGIP_objective,CGLP_objective,CGLP_artificial,cycles_lookup_length
2.906,use_adaptive_ngroute,0.4024118263407136,0,false,0.09142105263157896,false,false,5.0,false,1.808989e6,1.0810304326797388e6,false,24
3.682,use_adaptive_ngroute,0.05901333319056057,0,false,0.20675,false,false,7.333333333333334,false,1.307439e6,1.2302826666666667e6,false,2
1.367,use_SR3_cuts,0.05775693295569928,2,false,0.21266666666666667,false,false,7.75,false,1.307439e6,1.2319253333333335e6,false,0
1.929,use_adaptive_ngroute,0.050789979494263116,0,false,0.3045,false,false,7.75,false,1.307439e6,1.2410342000000002e6,false,1
0.687,use_SR3_cuts,0.049588546769677055,5,false,0.325,false,false,7.791666666666666,false,1.307439e6,1.2426050000000002e6,false,0
5.088,use_adaptive_ngroute,0.03502713480725517,0,false,0.986,false,false,7.791666666666666,false,1.307439e6,1.261643157894737e6,false,4
3.861,use_adaptive_ngroute,0.03230215711784634,0,false,1.271,false,false,8.25,false,1.307439e6,1.2652059000000001e6,false,5
6.203,use_SR3_cuts,0.030022433168966245,1,false,2.056333333333333,false,false,8.458333333333334,false,1.307439e6,1.2681865e6,false,0
5.476,use_SR3_cuts,0.02980559704888719,1,false,1.8143333333333334,false,false,8.458333333333334,false,1.307439e6,1.26847e6,false,0
3.875,use_adaptive_ngroute,0.029101076496066858,0,false,1.9260000000000002,false,false,8.458333333333334,false,1.307439e6,1.2693911176470588e6,false,3
4.608,use_adaptive_ngroute,0.028035863866828103,0,false,2.294,false,false,8.583333333333332,false,1.307439e6,1.2707838181818181e6,false,1
4.333,use_SR3_cuts,0.02790802359539435,1,false,2.1510000000000002,false,false,8.625,false,1.307439e6,1.2709509615384613e6,false,0
6.296,use_SR3_cuts,0.02777011185434053,2,false,2.074333333333333,false,false,8.625,false,1.307439e6,1.271131272727273e6,false,0
5.225,use_adaptive_ngroute,0.027218801853794328,0,false,2.596,false,false,8.625,false,1.307439e6,1.271852076923077e6,false,1
5.509,use_SR3_cuts,0.027185122127218908,10,false,2.7249999999999996,false,false,8.666666666666668,false,1.307439e6,1.271896111111111e6,false,0
19.46,use_SR3_cuts,0.019468453071091574,2,false,4.8302499999999995,false,false,8.666666666666668,false,1.307439e6,1.2819851851851852e6,false,0
32.139,use_SR3_cuts,0.016946412031459746,2,false,7.99275,false,false,8.666666666666668,false,1.307439e6,1.2852826000000003e6,false,0
48.954,use_SR3_cuts,0.016214884956753828,10,false,12.185749999999999,false,false,8.666666666666668,false,1.307439e6,1.2862390270270268e6,false,0
24.99,use_SR3_cuts,0.016136890516498248,8,false,12.461,false,false,8.666666666666668,false,1.307439e6,1.286341e6,false,0
37.417,use_SR3_cuts,0.014198750381471004,10,false,12.429333333333332,false,false,8.666666666666668,false,1.307439e6,1.288875e6,false,0
34.667,use_SR3_cuts,0.013860886173573728,10,false,17.2805,false,false,8.666666666666668,false,1.307439e6,1.289316736842109e6,false,0
30.455,use_SR3_cuts,0.01369039014439688,10,false,15.191,false,false,8.666666666666668,false,1.307439e6,1.28953965e6,false,0
28.218,none,0.013677388659318668,0,false,14.084,false,false,8.666666666666668,false,1.307439e6,1.289556648648649e6,false,0
