CG_time_taken,method,CG_LP_IP_gap,implemented_SR3_cuts_count,errored,CG_sp_time_taken_mean,converged,CGIP_artificial,ngroute_neighborhood_size,time_limit_reached,CGIP_objective,CGLP_objective,CGLP_artificial,cycles_lookup_length
15.216,use_adaptive_ngroute,0.2904888180513848,0,false,0.4123181818181818,false,false,5.0,false,1.499393e6,1.06383609963548e6,false,24
9.875,use_adaptive_ngroute,0.09584692764763181,0,false,0.8082727272727274,false,false,7.625,false,1.259965e6,1.1392012258064516e6,false,12
7.53,use_adaptive_ngroute,0.07452215574934096,0,false,0.7843333333333332,false,false,8.541666666666666,false,1.242612e6,1.150009875e6,false,3
4.326,use_SR3_cuts,0.07422691073319754,5,false,1.03925,false,false,9.083333333333334,false,1.242612e6,1.15037675e6,false,0
22.766,use_SR3_cuts,0.06749321187949253,2,false,4.4990000000000006,false,false,9.083333333333334,false,1.242612e6,1.158744125e6,false,0
54.047,use_adaptive_ngroute,0.05630250620533728,0,false,10.737799999999998,false,false,9.083333333333334,false,1.237278e6,1.1676161477272727e6,false,2
21.323,use_adaptive_ngroute,0.053942129623585244,0,false,10.611500000000001,false,false,9.291666666666666,false,1.237278e6,1.1705365897435897e6,false,6
40.246,use_SR3_cuts,0.05351182191876036,3,false,13.380666666666665,false,false,9.75,false,1.237278e6,1.171069e6,false,0
77.187,use_SR3_cuts,0.05126545933896831,3,false,19.25175,false,false,9.75,false,1.237278e6,1.173848375e6,false,0
129.995,use_adaptive_ngroute,0.050744961924482634,0,false,42.04566666666667,false,false,9.75,false,1.237278e6,1.174492375e6,false,4
62.348,use_adaptive_ngroute,0.05031720168520504,0,false,31.127499999999998,false,false,9.916666666666666,false,1.237278e6,1.1750216333333328e6,false,3
78.572,use_SR3_cuts,0.05018016822558746,10,false,39.2525,false,false,10.25,false,1.237278e6,1.1751911818181816e6,false,0
99.377,use_SR3_cuts,0.04522783077044923,1,false,33.022000000000006,false,false,10.25,false,1.237278e6,1.1813186e6,false,0
105.485,use_SR3_cuts,0.04522783077044923,10,false,52.67700000000001,false,false,10.25,false,1.237278e6,1.1813186e6,false,0
285.595,use_adaptive_ngroute,0.04140036258019619,0,false,94.8823333333333,false,false,10.25,false,1.237278e6,1.1860542421875e6,false,1
148.452,use_SR3_cuts,0.041390345287286356,10,false,74.152,false,false,10.291666666666668,false,1.237278e6,1.186066636363637e6,false,0
936.971,use_SR3_cuts,0.03884533061524831,2,false,312.04766666666666,false,false,10.291666666666668,false,1.237278e6,1.1892155270270268e6,false,0
714.886,use_adaptive_ngroute,0.03861471393608518,0,false,357.3195,false,false,10.291666666666668,false,1.237278e6,1.1895008639705884e6,false,2
603.877,use_SR3_cuts,0.038605369095414455,10,false,301.84349999999995,false,false,10.416666666666666,false,1.237278e6,1.1895124261363638e6,false,0
164.519,none,0.03798843034694466,0,false,NaN,false,false,10.416666666666666,true,1.237278e6,1.190275750877193e6,false,0
