CG_time_taken,method,CG_LP_IP_gap,implemented_SR3_cuts_count,errored,CG_sp_time_taken_mean,converged,CGIP_artificial,ngroute_neighborhood_size,time_limit_reached,CGIP_objective,CGLP_objective,CGLP_artificial,cycles_lookup_length
4.581,use_adaptive_ngroute,0.33658262983445275,0,false,0.1955333333333333,false,false,5.0,false,1.883385e6,1.2494703237092393e6,false,23
11.617,use_adaptive_ngroute,0.1033610418906068,0,false,0.9081666666666667,false,false,8.458333333333334,false,1.493653e6,1.3392674696969695e6,false,15
12.831,use_adaptive_ngroute,0.07675857296198996,0,false,1.5672499999999996,false,false,10.291666666666668,false,1.471323e6,1.358386346153846e6,false,10
10.001,use_adaptive_ngroute,0.07555041122330552,0,false,1.9598,false,false,10.916666666666666,false,1.471323e6,1.3601639423076925e6,false,1
6.256,use_adaptive_ngroute,0.07542721557499554,0,false,2.067,false,false,10.958333333333334,false,1.471323e6,1.3603452028985508e6,false,1
2.095,use_SR3_cuts,0.0754086628157109,8,false,2.082,false,false,11.0,false,1.471323e6,1.3603724999999998e6,false,0
44.58,use_SR3_cuts,0.024694542268075437,1,false,14.493666666666666,false,false,11.0,false,1.41127e6,1.3764193333333333e6,false,0
34.304,use_adaptive_ngroute,0.02365160458310589,0,false,11.308,false,false,11.0,false,1.41127e6,1.3778912000000002e6,false,2
18.016,use_SR3_cuts,0.023153613412033147,1,false,8.975,false,false,11.083333333333332,false,1.41127e6,1.378594e6,false,0
44.16,use_SR3_cuts,0.023153613412033258,10,false,14.667000000000002,false,false,11.083333333333332,false,1.41127e6,1.3785939999999998e6,false,0
42.84,use_SR3_cuts,0.016751568790158378,2,false,21.338,false,false,11.083333333333332,false,1.41127e6,1.3876290135135131e6,false,0
94.736,use_SR3_cuts,0.015806580555936756,1,false,22.77725,false,false,11.083333333333332,false,1.41127e6,1.3889626470588231e6,false,0
104.991,use_SR3_cuts,0.015725455537468402,10,false,33.034333333333336,false,false,11.083333333333332,false,1.41127e6,1.389077136363637e6,false,0
94.213,use_SR3_cuts,0.014051189236688355,1,false,46.9805,false,false,11.083333333333332,false,1.41127e6,1.3914399781659388e6,false,0
109.473,use_SR3_cuts,0.01397437564542392,1,false,54.642999999999994,false,false,11.083333333333332,false,1.41127e6,1.3915483828828826e6,false,0
113.173,use_SR3_cuts,0.013973994492847419,10,false,56.497,false,false,11.083333333333332,false,1.41127e6,1.3915489207920793e6,false,0
404.026,use_SR3_cuts,0.007318739542665598,1,false,134.41899999999998,false,false,11.083333333333332,false,1.405712e6,1.3954239600000004e6,false,0
261.679,use_SR3_cuts,0.0072198288127317545,10,false,130.64350000000002,false,false,11.083333333333332,false,1.405712e6,1.3955629999999972e6,false,0
471.253,use_adaptive_ngroute,0.005881847577919763,0,false,156.948,false,false,11.083333333333332,false,1.405712e6,1.3974438162775473e6,false,2
463.52,use_SR3_cuts,0.005820901883106133,3,false,231.458,false,false,11.166666666666666,false,1.405712e6,1.3975294883720952e6,false,0
1233.307,none,0.005564111610777522,0,false,486.22400000000005,false,false,11.166666666666666,true,1.405712e6,1.3978904615393907e6,false,0
