CG_time_taken,method,CG_LP_IP_gap,implemented_SR3_cuts_count,errored,CG_sp_time_taken_mean,converged,CGIP_artificial,ngroute_neighborhood_size,time_limit_reached,CGIP_objective,CGLP_objective,CGLP_artificial,cycles_lookup_length
9.087,use_adaptive_ngroute,0.288638748875235,0,false,0.2846470588235294,false,false,5.0,false,1.586998e6,1.1289288828124998e6,false,23
12.074,use_adaptive_ngroute,0.16010798519510172,0,false,0.8988333333333334,false,false,7.833333333333334,false,1.422232e6,1.1945213e6,false,17
8.897,use_adaptive_ngroute,0.07660090547857212,0,false,1.4316666666666666,false,false,9.625,false,1.301454e6,1.2017614451612905e6,false,9
8.599,use_adaptive_ngroute,0.074414942825486,0,false,2.1045,false,false,10.416666666666666,false,1.301454e6,1.204606375e6,false,2
8.24,use_SR3_cuts,0.07176738276452421,8,false,2.0362500000000003,false,false,10.583333333333332,false,1.301454e6,1.2080520526315789e6,false,0
67.712,use_adaptive_ngroute,0.06619832510407586,0,false,11.152333333333335,false,false,10.583333333333332,false,1.301454e6,1.215299925e6,false,2
5.924,use_SR3_cuts,0.06619532205261713,6,false,5.895,false,false,10.708333333333334,false,1.301454e6,1.2153038333333333e6,false,0
140.493,use_SR3_cuts,0.06487196243586024,2,false,27.870000000000005,false,false,10.708333333333334,false,1.301454e6,1.217026125e6,false,0
48.973,use_SR3_cuts,0.06465518566157558,2,false,24.418000000000003,false,false,10.708333333333334,false,1.301454e6,1.2173082499999998e6,false,0
54.445,use_SR3_cuts,0.0645693869752767,10,false,27.1445,false,false,10.708333333333334,false,1.301454e6,1.2174199130434783e6,false,0
175.721,use_adaptive_ngroute,0.06211717817149143,0,false,58.434999999999995,false,false,10.708333333333334,false,1.301454e6,1.2206113499999999e6,false,2
254.58,use_SR3_cuts,0.06162596814706356,3,false,63.6055,false,false,10.916666666666666,false,1.3014539869442983e6,1.221250625e6,false,0
203.953,use_SR3_cuts,0.06137683314200881,2,false,101.90700000000001,false,false,10.916666666666666,false,1.301454e6,1.221574875e6,false,0
256.714,use_SR3_cuts,0.06084425573243468,1,false,128.2685,false,false,10.916666666666666,false,1.301454e6,1.222268e6,false,0
644.819,use_SR3_cuts,0.06083940908222074,1,false,213.31699999999998,false,false,10.916666666666666,false,1.301454e6,1.2222743076923075e6,false,0
149.08,use_SR3_cuts,0.060828437880326214,10,false,148.977,false,false,10.916666666666666,false,1.301454e6,1.2222885862068979e6,false,0
1535.175,none,0.05714140713293492,0,false,427.84399999999994,false,false,10.916666666666666,true,1.301454e6,1.2270870871212133e6,false,0
