CG_time_taken,method,CG_LP_IP_gap,implemented_SR3_cuts_count,errored,CG_sp_time_taken_mean,converged,CGIP_artificial,ngroute_neighborhood_size,time_limit_reached,CGIP_objective,CGLP_objective,CGLP_artificial,cycles_lookup_length
24.644,use_adaptive_ngroute,0.500948018638401,0,false,1.075125,false,false,5.0,false,1.890434e6,943424.8333333331,false,24
14.804,use_adaptive_ngroute,0.018390338739400547,0,false,1.003923076923077,false,false,9.083333333333334,false,1.105363e6,1.085035e6,false,1
4.152,use_SR3_cuts,0.015189127915445022,1,false,0.495875,false,false,9.125,false,1.105363e6,1.0885735e6,false,0
9.622,use_SR3_cuts,0.0113419754415518,1,false,1.5551666666666666,false,false,9.125,false,1.105363e6,1.092826e6,false,0
6.044,use_SR3_cuts,0.0021309741686668104,10,false,0.9713333333333334,false,false,9.125,false,1.105363e6,1.1030075e6,false,0
13.835,use_SR3_cuts,0.0009150840040782482,1,false,1.9220000000000004,false,false,9.125,false,1.105363e6,1.1043515e6,false,0
4.834,none,0.0,0,false,1.5450000000000002,true,false,9.125,false,1.105363e6,1.105363e6,false,0
