CG_time_taken,method,CG_LP_IP_gap,implemented_SR3_cuts_count,errored,CG_sp_time_taken_mean,converged,CGIP_artificial,ngroute_neighborhood_size,time_limit_reached,CGIP_objective,CGLP_objective,CGLP_artificial,cycles_lookup_length
3.918,use_adaptive_ngroute,0.07181411664221216,0,false,0.10859999999999999,false,false,5.0,false,1.255814e6,1.165628826923077e6,false,17
2.001,use_adaptive_ngroute,0.025912627962231594,0,false,0.14800000000000002,false,false,6.666666666666666,false,1.21926e6,1.1876657692307695e6,false,5
1.759,use_lmSR3_cuts,0.020603207409958912,3,false,0.22228571428571428,false,false,7.041666666666667,false,1.21926e6,1.1941393333333335e6,false,0
2.666,use_lmSR3_cuts,0.01805565124201003,2,false,0.3687142857142857,false,false,7.041666666666667,false,1.21926e6,1.1972454666666668e6,false,0
1.181,use_adaptive_ngroute,0.017916168893514328,0,false,0.381,false,false,7.041666666666667,false,1.21926e6,1.1974155319148938e6,false,3
2.29,use_lmSR3_cuts,0.017612584682512367,1,false,0.44339999999999996,false,false,7.458333333333333,false,1.21926e6,1.19778568e6,false,0
2.274,use_lmSR3_cuts,0.01761258468251259,10,false,0.44160000000000005,false,false,7.458333333333333,false,1.21926e6,1.1977856799999997e6,false,0
2.168,use_lmSR3_cuts,0.01440400096962291,1,false,0.41359999999999997,false,false,7.458333333333333,false,1.21926e6,1.2016977777777775e6,false,0
2.011,use_lmSR3_cuts,0.01365210171617337,10,false,0.485,false,false,7.458333333333333,false,1.21926e6,1.2026145384615385e6,false,0
2.257,use_adaptive_ngroute,0.007130784246182298,0,false,0.541,false,false,7.458333333333333,false,1.21926e6,1.2105657199999997e6,false,7
3.222,use_lmSR3_cuts,0.00692715253514431,2,false,0.7797500000000002,false,false,8.583333333333332,false,1.21926e6,1.210814e6,false,0
1.391,use_adaptive_ngroute,0.007759214605580489,0,false,0.6705,false,false,8.583333333333332,false,1.21926e6,1.2097995e6,false,1
1.331,use_lmSR3_cuts,0.007758640486852486,10,false,0.6459999999999999,false,false,8.708333333333334,false,1.21926e6,1.2098002000000002e6,false,0
8.214,use_adaptive_ngroute,0.0055808509914934135,0,false,1.1159999999999999,false,false,8.708333333333334,false,1.21926e6,1.2124554916201117e6,false,4
4.708,use_lmSR3_cuts,0.004828338500401652,10,false,1.1455,false,false,9.0,false,1.21926e6,1.2133730000000002e6,false,0
6.075,use_lmSR3_cuts,0.004091552799783238,10,false,2.002,false,false,9.0,false,1.21926e6,1.2142713333333363e6,false,0
6.007,use_lmSR3_cuts,0.004713195800002623,1,false,1.9549999999999998,false,false,9.0,false,1.21926e6,1.2135133888888888e6,false,0
8.532,use_lmSR3_cuts,0.004666225501749555,2,false,2.0839999999999996,false,false,9.0,false,1.21926e6,1.2135706578947369e6,false,0
4.872,use_lmSR3_cuts,0.0042998912399802025,10,false,2.3950000000000005,false,false,9.0,false,1.21926e6,1.2140173146067418e6,false,0
6.599,use_lmSR3_cuts,0.002887407115791163,10,false,2.1573333333333333,false,false,9.0,false,1.21926e6,1.2157395000000005e6,false,0
2.587,use_adaptive_ngroute,0.0026382963689215444,0,false,2.538,false,false,9.0,false,1.21926e6,1.2160432307692287e6,false,1
5.701,use_lmSR3_cuts,0.002631671922061374,1,false,2.7944999999999998,false,false,9.041666666666668,false,1.21926e6,1.2160513076923075e6,false,0
7.148,use_lmSR3_cuts,0.002622132718584913,10,false,2.2176666666666662,false,false,9.041666666666668,false,1.21926e6,1.2160629384615382e6,false,0
12.496,use_lmSR3_cuts,0.001465533739041458,10,false,3.06225,false,false,9.041666666666668,false,1.21926e6,1.2174731333333363e6,false,0
10.046,use_lmSR3_cuts,0.0013243005320160428,1,false,3.3033333333333332,false,false,9.041666666666668,false,1.21926e6,1.2176453333333342e6,false,0
10.952,use_lmSR3_cuts,0.001305515770133936,10,false,3.5323333333333333,false,false,9.041666666666668,false,1.21926e6,1.2176682368421066e6,false,0
6.69,use_lmSR3_cuts,0.0011300007429724257,10,false,3.285,false,false,9.041666666666668,false,1.21926e6,1.2178822352941234e6,false,0
7.763,use_lmSR3_cuts,0.0010391744917269685,10,false,3.82,false,false,9.041666666666668,false,1.21926e6,1.217992976109217e6,false,0
3.32,use_lmSR3_cuts,0.001019194257745215,6,false,3.218,false,false,9.041666666666668,false,1.21926e6,1.2180173372093015e6,false,0
7.453,none,0.0010013839283001813,0,false,3.6795,false,false,9.041666666666668,false,1.21926e6,1.2180390526315807e6,false,0
