CG_time_taken,method,CG_LP_IP_gap,implemented_SR3_cuts_count,errored,CG_sp_time_taken_mean,converged,CGIP_artificial,ngroute_neighborhood_size,time_limit_reached,CGIP_objective,CGLP_objective,CGLP_artificial,cycles_lookup_length
7.552,use_adaptive_ngroute,0.27419042417220185,0,false,0.20052631578947366,false,false,5.0,false,1.488879e6,1.0806426354489163e6,false,19
4.373,use_adaptive_ngroute,0.19795501426160422,0,false,0.2845384615384615,false,false,6.166666666666667,false,1.418494e6,1.137696e6,false,5
0.909,use_adaptive_ngroute,0.1970572898675167,0,false,0.4245,false,false,6.958333333333333,false,1.418494e6,1.1389694166666667e6,false,1
2.007,use_adaptive_ngroute,0.19652039416451528,0,false,0.48124999999999996,false,false,7.0,false,1.418494e6,1.139731e6,false,3
2.445,use_adaptive_ngroute,0.19620681761670278,0,false,0.59225,false,false,7.458333333333333,false,1.418494e6,1.1401758064516129e6,false,2
0.551,use_lmSR3_cuts,0.19618225592859495,12,false,0.509,false,false,7.541666666666667,false,1.418494e6,1.1402106470588236e6,false,0
7.9,use_adaptive_ngroute,0.06270001350302123,0,false,0.8197777777777778,false,false,7.541666666666667,false,1.244166e6,1.1661567750000001e6,false,1
1.299,use_lmSR3_cuts,0.06269340264884282,3,false,0.32633333333333336,false,false,7.583333333333334,false,1.244166e6,1.1661649999999998e6,false,0
3.382,use_adaptive_ngroute,0.060401213635187356,0,false,0.6606,false,false,7.583333333333334,false,1.244166e6,1.1690168636363635e6,false,2
1.593,use_lmSR3_cuts,0.060117982648617674,10,false,0.5163333333333333,false,false,7.666666666666667,false,1.244166e6,1.16936925e6,false,0
4.778,use_lmSR3_cuts,0.05415239003477024,1,false,0.9188000000000001,false,false,7.666666666666667,false,1.244166e6,1.1767914375e6,false,0
2.053,use_adaptive_ngroute,0.05410065266447606,0,false,0.981,false,false,7.666666666666667,false,1.244166e6,1.1768558073770495e6,false,3
1.116,use_lmSR3_cuts,0.054075167500546306,10,false,1.093,false,false,8.291666666666666,false,1.244166e6,1.1768875151515154e6,false,0
6.376,use_lmSR3_cuts,0.05337226181102206,2,false,1.549,false,false,8.291666666666666,false,1.244166e6,1.177762046511628e6,false,0
3.132,use_lmSR3_cuts,0.05322517617862477,10,false,1.5195,false,false,8.291666666666666,false,1.244166e6,1.1779450454545452e6,false,0
17.936,use_adaptive_ngroute,0.050355373349628696,0,false,2.498,false,false,8.291666666666666,false,1.244166e6,1.1815155565610859e6,false,4
2.501,use_lmSR3_cuts,0.0503092616641847,3,false,2.472,false,false,8.833333333333332,false,1.244166e6,1.181572927152318e6,false,0
11.635,use_lmSR3_cuts,0.05023130463966741,10,false,2.85825,false,false,8.833333333333332,false,1.244166e6,1.1816699186316836e6,false,0
6.877,use_lmSR3_cuts,0.04816721656640399,2,false,3.3874999999999997,false,false,8.833333333333332,false,1.244166e6,1.1842379868334434e6,false,0
2.54,use_lmSR3_cuts,0.0479458854185727,10,false,2.473,false,false,8.833333333333332,false,1.244166e6,1.1845133595223161e6,false,0
13.767,none,0.04675702438420637,0,false,3.3729999999999998,false,false,8.833333333333332,false,1.244166e6,1.1859924999999995e6,false,0
