CG_time_taken,method,CG_LP_IP_gap,implemented_SR3_cuts_count,errored,CG_sp_time_taken_mean,converged,CGIP_artificial,ngroute_neighborhood_size,time_limit_reached,CGIP_objective,CGLP_objective,CGLP_artificial,cycles_lookup_length
6.334,use_adaptive_ngroute,0.25471376311180927,0,false,0.228,false,false,5.0,false,1.550892e6,1.1558584625e6,false,23
8.485,use_adaptive_ngroute,0.0814461418790563,0,false,0.461,false,false,7.208333333333333,false,1.302105e6,1.1960535714285714e6,false,12
1.411,use_adaptive_ngroute,0.05389617531414115,0,false,0.34099999999999997,false,false,7.791666666666666,false,1.272915e6,1.20430975e6,false,7
1.524,use_lmSR3_cuts,0.053711952487008,6,false,0.37300000000000005,false,false,8.25,false,1.272915e6,1.2045442500000002e6,false,0
2.298,use_adaptive_ngroute,0.04868108424595596,0,false,0.56175,false,false,8.25,false,1.272915e6,1.210948117647059e6,false,1
2.985,use_adaptive_ngroute,0.004078326852048675,0,false,0.713,false,false,8.375,false,1.218637e6,1.213667e6,false,1
2.16,use_adaptive_ngroute,0.003541251414490132,0,false,0.7103333333333334,false,false,8.5,false,1.218637e6,1.2143215e6,false,1
0.416,use_lmSR3_cuts,0.0033737145132910484,3,false,0.406,false,false,8.666666666666668,false,1.218637e6,1.2145256666666665e6,false,0
1.191,use_lmSR3_cuts,0.0031104422399779175,10,false,0.587,false,false,8.666666666666668,false,1.218637e6,1.2148465e6,false,0
2.888,use_lmSR3_cuts,0.0026107035975437842,6,false,0.71,false,false,8.666666666666668,false,1.218637e6,1.2154555e6,false,0
4.817,none,0.0,0,false,0.9375999999999998,true,false,8.666666666666668,false,1.218637e6,1.218637e6,false,0
