CG_time_taken,method,CG_LP_IP_gap,implemented_SR3_cuts_count,errored,CG_sp_time_taken_mean,converged,CGIP_artificial,ngroute_neighborhood_size,time_limit_reached,CGIP_objective,CGLP_objective,CGLP_artificial,cycles_lookup_length
11.184,use_adaptive_ngroute,0.31874572204605367,0,false,0.3653809523809524,false,false,5.0,false,1.436659e6,978730.0897110385,false,22
8.099,use_adaptive_ngroute,0.1169799981166878,0,false,0.43776470588235283,false,false,6.416666666666666,false,1.263731e6,1.11589975e6,false,9
10.464,use_lmSR3_cuts,0.06597208173174163,10,false,0.6998571428571428,false,false,6.916666666666666,false,1.211035e6,1.1311405000000002e6,false,0
10.474,use_lmSR3_cuts,0.06137105863992365,10,false,1.455,false,false,6.916666666666666,false,1.211035e6,1.1367125e6,false,0
4.354,use_adaptive_ngroute,0.06129727287579878,0,false,1.4213333333333331,false,false,6.916666666666666,false,1.211035e6,1.136801857142857e6,false,1
2.697,use_lmSR3_cuts,0.06118826045490011,10,false,1.3355,false,false,7.041666666666667,false,1.211035e6,1.136933875e6,false,0
6.981,use_adaptive_ngroute,0.05826035856381817,0,false,1.709,false,false,7.041666666666667,false,1.211035e6,1.1404796666666665e6,false,1
6.677,use_lmSR3_cuts,0.05781785369080494,1,false,2.1716666666666664,false,false,7.125,false,1.211035e6,1.141015555555556e6,false,0
7.67,use_adaptive_ngroute,0.05677089476401642,0,false,2.5253333333333337,false,false,7.125,false,1.211035e6,1.1422834594594594e6,false,4
7.916,use_lmSR3_cuts,0.05660819051472499,2,false,2.6100000000000003,false,false,8.0,false,1.211035e6,1.1424805e6,false,0
5.072,use_lmSR3_cuts,0.05648639386970644,10,false,2.5215,false,false,8.0,false,1.211035e6,1.142628e6,false,0
26.423,use_lmSR3_cuts,0.05194141787809603,1,false,3.252125,false,false,8.0,false,1.211035e6,1.148132125e6,false,0
15.077,use_lmSR3_cuts,0.04890971359209295,10,false,2.9692,false,false,8.0,false,1.211035e6,1.1518036249999998e6,false,0
8.391,use_adaptive_ngroute,0.048578517319666226,0,false,2.7569999999999997,false,false,8.0,false,1.211035e6,1.152204715277778e6,false,1
7.282,use_lmSR3_cuts,0.0478778069997976,10,false,3.596,false,false,8.166666666666666,false,1.211035e6,1.1530533e6,false,0
39.982,use_adaptive_ngroute,0.04549644069470116,0,false,4.9277500000000005,false,false,8.166666666666666,false,1.211035e6,1.1559372179432926e6,false,10
23.539,use_adaptive_ngroute,0.04432106971860217,0,false,5.83525,false,false,9.0,false,1.211035e6,1.1573606333333326e6,false,3
14.839,use_adaptive_ngroute,0.044056481585148966,0,false,4.890333333333333,false,false,9.625,false,1.211035e6,1.1576810588235292e6,false,1
14.746,use_adaptive_ngroute,0.04405126894183298,0,false,4.855666666666666,false,false,9.666666666666668,false,1.211035e6,1.1576873715170273e6,false,5
5.161,use_lmSR3_cuts,0.04400651903752295,2,false,5.13,false,false,10.25,false,1.211035e6,1.1577415652173935e6,false,0
19.185,use_lmSR3_cuts,0.043164379441903655,2,false,4.75475,false,false,10.25,false,1.211035e6,1.1587614257425743e6,false,0
16.65,use_lmSR3_cuts,0.04283078173428134,2,false,5.521,false,false,10.25,false,1.211035e6,1.1591654242424245e6,false,0
16.486,use_lmSR3_cuts,0.042458021444466865,10,false,5.44,false,false,10.25,false,1.211035e6,1.15961685e6,false,0
17.579,none,0.04239761856593738,0,false,5.821333333333334,false,false,10.25,false,1.211035e6,1.15969e6,false,0
