CG_time_taken,method,CG_LP_IP_gap,implemented_SR3_cuts_count,errored,CG_sp_time_taken_mean,converged,CGIP_artificial,ngroute_neighborhood_size,time_limit_reached,CGIP_objective,CGLP_objective,CGLP_artificial,cycles_lookup_length
16.181,use_adaptive_ngroute,0.34598036377919283,0,false,0.3078928571428571,false,false,6.0,false,1.711591e6,1.1194141231788076e6,false,25
25.982,use_adaptive_ngroute,0.12075623693128545,0,false,1.3428888888888888,false,false,7.892857142857143,false,1.348375e6,1.185550309027778e6,false,22
16.38,use_adaptive_ngroute,0.04403379553236442,0,false,1.7523333333333333,false,false,10.714285714285715,false,1.253441e6,1.1982472352941176e6,false,2
15.07,use_SR3_cuts,0.04241086875180411,4,false,2.9794,false,false,10.892857142857142,false,1.253441e6,1.2002814782608699e6,false,0
79.396,use_adaptive_ngroute,0.027083205352306128,0,false,11.206,false,false,10.892857142857142,false,1.253441e6,1.2194938e6,false,1
64.633,use_adaptive_ngroute,0.020470737808134243,0,false,10.681833333333334,false,false,10.964285714285714,false,1.253441e6,1.2277821379310344e6,false,4
81.724,use_SR3_cuts,0.019875686210998333,2,false,10.119874999999999,false,false,11.249999999999998,false,1.253441e6,1.228528e6,false,0
32.597,use_SR3_cuts,0.018390175524815255,10,false,10.727666666666668,false,false,11.249999999999998,false,1.253441e6,1.23039e6,false,0
124.708,use_adaptive_ngroute,0.013228384902041701,0,false,24.7762,false,false,11.249999999999998,false,1.253441e6,1.23686e6,false,6
89.632,use_adaptive_ngroute,0.00959772057128172,0,false,29.80266666666667,false,false,11.821428571428571,false,1.253441e6,1.241410823529412e6,false,6
209.935,use_SR3_cuts,0.009594322865662641,6,false,41.915,false,false,12.357142857142856,false,1.253441e6,1.241415082352941e6,false,0
325.357,use_SR3_cuts,0.0003417791503548262,10,false,80.95349999999999,false,false,12.357142857142856,false,1.253441e6,1.2530126e6,false,0
683.36,none,0.0,0,false,113.73783333333333,true,false,12.357142857142856,false,1.253441e6,1.253441e6,false,0
