CG_time_taken,method,CG_LP_IP_gap,implemented_SR3_cuts_count,errored,CG_sp_time_taken_mean,converged,CGIP_artificial,ngroute_neighborhood_size,time_limit_reached,CGIP_objective,CGLP_objective,CGLP_artificial,cycles_lookup_length
17.564,use_adaptive_ngroute,0.9999821568847057,0,false,0.4292727272727273,false,true,6.0,false,6.0e10,1.0705869176570803e6,false,26
23.766,use_adaptive_ngroute,0.013877632066069068,0,false,1.2233333333333332,false,false,8.642857142857142,false,1.255331e6,1.2379099782608694e6,false,8
14.748,use_SR3_cuts,0.0019126429603029127,2,false,1.5803333333333334,false,false,10.0,false,1.255331e6,1.25293e6,false,0
27.115,none,0.0,0,false,3.8204285714285713,true,false,10.0,false,1.255331e6,1.255331e6,false,0
