CG_time_taken,method,CG_LP_IP_gap,implemented_SR3_cuts_count,errored,CG_sp_time_taken_mean,converged,CGIP_artificial,ngroute_neighborhood_size,time_limit_reached,CGIP_objective,CGLP_objective,CGLP_artificial,cycles_lookup_length
31.958,use_adaptive_ngroute,0.31519772081217734,0,false,0.8020454545454544,false,false,6.0,false,1.567545e6,1.0734583887294754e6,false,26
56.006,use_adaptive_ngroute,0.08723033496466437,0,false,4.178153846153847,false,false,7.821428571428572,false,1.323728e6,1.2082587631578948e6,false,12
42.741,use_SR3_cuts,0.04498701126892679,4,false,6.042714285714285,false,false,8.785714285714286,false,1.269912e6,1.2127824545454546e6,false,0
67.839,use_SR3_cuts,0.04151232526348281,10,false,13.470599999999997,false,false,8.785714285714286,false,1.269912e6,1.217195e6,false,0
90.612,use_adaptive_ngroute,0.03677970925595264,0,false,22.426499999999997,false,false,8.785714285714286,false,1.267763e6,1.2211350454545456e6,false,1
109.097,use_SR3_cuts,0.03600904703797159,3,false,27.211,false,false,8.821428571428571,false,1.267763e6,1.2221120625e6,false,0
234.862,use_adaptive_ngroute,0.0338470203026906,0,false,58.62875,false,false,8.821428571428571,false,1.267763e6,1.224853e6,false,1
247.342,use_adaptive_ngroute,0.033302422414417054,0,false,49.397000000000006,false,false,8.892857142857142,false,1.267763e6,1.2255434210526315e6,false,1
93.308,use_SR3_cuts,0.03245580540745319,10,false,46.600500000000004,false,false,8.928571428571429,false,1.267763e6,1.226616730769231e6,false,0
357.341,use_SR3_cuts,0.0260892611631669,1,false,89.15525,false,false,8.928571428571429,false,1.267763e6,1.234688e6,false,0
310.978,use_adaptive_ngroute,0.025387030047207215,0,false,155.29549999999998,false,false,8.928571428571429,false,1.267763e6,1.2355782626262624e6,false,6
403.921,use_SR3_cuts,0.02525506485171869,2,false,201.909,false,false,9.25,false,1.267763e6,1.2357455632183906e6,false,0
1544.475,none,0.024526198590608117,0,false,413.66766666666666,false,false,9.25,true,1.267763e6,1.2366695928961749e6,false,0
