CG_time_taken,method,CG_LP_IP_gap,implemented_SR3_cuts_count,errored,CG_sp_time_taken_mean,converged,CGIP_artificial,ngroute_neighborhood_size,time_limit_reached,CGIP_objective,CGLP_objective,CGLP_artificial,cycles_lookup_length
21.294,use_adaptive_ngroute,0.9999826240996339,0,false,0.6190526315789473,false,true,6.0,false,6.0e10,1.0425540219680464e6,false,26
26.586,use_adaptive_ngroute,0.04272901615757274,0,false,1.5917333333333334,false,false,8.607142857142858,false,1.227639e6,1.1751831933333336e6,false,13
17.57,use_SR3_cuts,0.04177350000918678,8,false,2.7793333333333337,false,false,10.392857142857142,false,1.227639e6,1.176356222222222e6,false,0
484.993,use_adaptive_ngroute,0.02808996238579342,0,false,53.39922222222222,false,false,10.392857142857142,false,1.227639e6,1.193154666666667e6,false,4
415.073,use_SR3_cuts,0.027201400411684507,3,false,82.954,false,false,11.214285714285714,false,1.227639e6,1.1942455e6,false,0
371.853,use_SR3_cuts,0.026204262816673762,2,false,92.865,false,false,11.214285714285714,false,1.227639e6,1.1954696250000014e6,false,0
444.727,use_SR3_cuts,0.025966916984553223,10,false,146.97899999999998,false,false,11.214285714285714,false,1.227639e6,1.195761e6,false,0
384.156,use_SR3_cuts,0.023580629158897692,10,false,95.84450000000001,false,false,11.214285714285714,false,1.227639e6,1.1986905e6,false,0
518.018,use_adaptive_ngroute,0.018328077412221644,0,false,258.775,false,false,11.214285714285714,false,1.227639e6,1.2051387373737376e6,false,9
380.028,use_SR3_cuts,0.017687610119913266,10,false,189.88400000000001,false,false,11.785714285714285,false,1.227639e6,1.2059249999999998e6,false,0
526.434,none,0.014997765715542899,0,false,387.835,false,false,11.785714285714285,true,1.227639e6,1.2092271578947366e6,false,0
