CG_time_taken,method,CG_LP_IP_gap,implemented_SR3_cuts_count,errored,CG_sp_time_taken_mean,converged,CGIP_artificial,ngroute_neighborhood_size,time_limit_reached,CGIP_objective,CGLP_objective,CGLP_artificial,cycles_lookup_length
11.785,use_adaptive_ngroute,0.28618666933496717,0,false,0.23663636363636367,false,false,6.0,false,1.670116e6,1.1921510645569619e6,false,24
10.967,use_adaptive_ngroute,0.019032641904136893,0,false,0.6949285714285716,false,false,9.0,false,1.303736e6,1.2789224595744682e6,false,20
15.863,use_adaptive_ngroute,0.012477986340793112,0,false,1.92525,false,false,10.535714285714285,false,1.303736e6,1.2874679999999998e6,false,3
6.267,use_adaptive_ngroute,0.012296776341222615,0,false,2.063333333333333,false,false,10.714285714285715,false,1.303736e6,1.2877042499999998e6,false,1
3.64,use_adaptive_ngroute,0.012296776341222504,0,false,1.7890000000000001,false,false,10.821428571428571,false,1.303736e6,1.28770425e6,false,1
1.955,use_SR3_cuts,0.012174030802418967,10,false,1.94,false,false,10.857142857142858,false,1.303736e6,1.2878642777777775e6,false,0
98.031,none,-4.440892098500626e-16,0,false,13.776285714285715,true,false,10.857142857142858,false,1.303736e6,1.3037360000000005e6,false,0
