CG_time_taken,method,CG_LP_IP_gap,implemented_SR3_cuts_count,errored,CG_sp_time_taken_mean,converged,CGIP_artificial,ngroute_neighborhood_size,time_limit_reached,CGIP_objective,CGLP_objective,CGLP_artificial,cycles_lookup_length
13.372,use_adaptive_ngroute,0.3727517090757687,0,false,0.3042307692307692,false,false,6.0,false,1.939161e6,1.2163354230769232e6,false,17
8.604,use_adaptive_ngroute,0.06455025758036192,0,false,0.5712307692307692,false,false,7.857142857142858,false,1.428098e6,1.3359139062500002e6,false,20
10.906,use_adaptive_ngroute,0.06381098029220222,0,false,1.0512000000000001,false,false,9.392857142857142,false,1.428098e6,1.3369696666666665e6,false,1
5.573,use_adaptive_ngroute,0.061639016058810614,0,false,1.078,false,false,9.464285714285714,false,1.428098e6,1.3400714444444447e6,false,3
10.393,use_adaptive_ngroute,0.05945731665473952,0,false,3.409333333333333,false,false,9.607142857142858,false,1.428098e6,1.3431871249999998e6,false,6
9.33,use_adaptive_ngroute,0.05875577166272905,0,false,2.2905,false,false,10.071428571428573,false,1.428098e6,1.344189e6,false,2
10.793,use_SR3_cuts,0.05868829263351194,6,false,3.5683333333333334,false,false,10.357142857142858,false,1.428098e6,1.344285366666667e6,false,0
45.68,none,0.0,0,false,5.596374999999999,true,false,10.357142857142858,false,1.357853e6,1.357853e6,false,0
