CG_time_taken,method,CG_LP_IP_gap,implemented_SR3_cuts_count,errored,CG_sp_time_taken_mean,converged,CGIP_artificial,ngroute_neighborhood_size,time_limit_reached,CGIP_objective,CGLP_objective,CGLP_artificial,cycles_lookup_length
16.493,use_adaptive_ngroute,0.20991515996288512,0,false,0.2669259259259259,false,false,6.0,false,1.452066e6,1.1472553333333333e6,false,17
9.854,use_adaptive_ngroute,0.05570613652086143,0,false,0.6146363636363636,false,false,8.392857142857144,false,1.234478e6,1.16571e6,false,1
4.237,use_adaptive_ngroute,0.026016044804359373,0,false,0.6243333333333333,false,false,8.464285714285715,false,1.202383e6,1.17110175e6,false,7
4.221,use_SR3_cuts,0.02349667285715118,1,false,0.6143333333333334,false,false,8.714285714285715,false,1.202383e6,1.174131e6,false,0
2.544,use_SR3_cuts,0.021454686235583886,2,false,1.2125,false,false,8.714285714285715,false,1.202383e6,1.17658625e6,false,0
8.451,use_adaptive_ngroute,0.017357697173030595,0,false,1.9662500000000003,false,false,8.714285714285715,false,1.202383e6,1.1815124e6,false,9
19.123,use_SR3_cuts,0.01708573724013074,2,false,2.486571428571428,false,false,9.75,false,1.202383e6,1.1818394e6,false,0
23.524,use_SR3_cuts,0.016104962672736756,10,false,3.703333333333333,false,false,9.75,false,1.202383e6,1.1830186666666667e6,false,0
29.344,use_SR3_cuts,0.015919636255668945,1,false,6.80825,false,false,9.75,false,1.202383e6,1.1832415e6,false,0
26.034,use_SR3_cuts,0.015919636255668945,1,false,8.432333333333334,false,false,9.75,false,1.202383e6,1.1832415e6,false,0
79.623,use_adaptive_ngroute,0.009342696960952246,0,false,15.5036,false,false,9.75,false,1.202383e6,1.1911494999999993e6,false,2
66.963,use_adaptive_ngroute,0.008585949734818299,0,false,33.3,false,false,9.821428571428571,false,1.202383e6,1.1920594e6,false,1
67.176,use_adaptive_ngroute,0.008549078510480146,0,false,33.520500000000006,false,false,9.857142857142858,false,1.202383e6,1.1921037333333334e6,false,1
66.575,use_SR3_cuts,0.008501728096066752,2,false,33.213,false,false,9.892857142857142,false,1.202383e6,1.192160666666667e6,false,0
97.777,use_SR3_cuts,0.00802175531608651,2,false,24.332,false,false,9.892857142857142,false,1.202383e6,1.192737777777778e6,false,0
78.954,use_SR3_cuts,0.0078448381256222,10,false,39.381,false,false,9.892857142857142,false,1.202383e6,1.1929505e6,false,0
153.849,use_SR3_cuts,0.0026680350603759395,1,false,38.35875,false,false,9.892857142857142,false,1.202383e6,1.199175e6,false,0
165.52,use_adaptive_ngroute,0.00016221574535357774,0,false,41.137750000000004,false,false,9.892857142857142,false,1.202383e6,1.2021879545454546e6,false,6
189.946,none,0.0,0,false,94.7945,true,false,11.214285714285714,false,1.202383e6,1.202383e6,false,0
