CG_time_taken,method,CG_LP_IP_gap,implemented_SR3_cuts_count,errored,CG_sp_time_taken_mean,converged,CGIP_artificial,ngroute_neighborhood_size,time_limit_reached,CGIP_objective,CGLP_objective,CGLP_artificial,cycles_lookup_length
9.712,use_adaptive_ngroute,0.9999798847637166,0,false,0.2732380952380953,false,true,6.0,false,6.0e10,1.2069141770024167e6,false,24
12.929,use_adaptive_ngroute,0.2012023098627933,0,false,0.9748333333333332,false,false,8.392857142857144,false,1.643096e6,1.3125012894736838e6,false,11
13.404,use_lmSR3_cuts,0.1853419261819872,3,false,1.6150000000000002,false,false,10.214285714285715,false,1.611883e6,1.3131335e6,false,0
10.736,use_adaptive_ngroute,0.18916137213432982,0,false,2.0711999999999997,false,false,10.214285714285715,false,1.611883e6,1.306977e6,false,5
6.469,use_lmSR3_cuts,0.17547069531053483,2,false,2.110333333333333,false,false,10.464285714285714,false,1.611883e6,1.3290447692307692e6,false,0
17.394,use_lmSR3_cuts,0.058937833368500114,1,false,2.8555,false,false,10.464285714285714,false,1.426537e6,1.34246e6,false,0
5.899,use_lmSR3_cuts,0.044820424446779805,10,false,2.9309999999999996,false,false,10.464285714285714,false,1.405453e6,1.34246e6,false,0
6.355,use_lmSR3_cuts,0.044257616583407655,1,false,3.0954999999999995,false,false,10.464285714285714,false,1.405453e6,1.343251e6,false,0
8.151,use_lmSR3_cuts,0.0431805261364131,3,false,2.684333333333333,false,false,10.464285714285714,false,1.405453e6,1.3447647999999998e6,false,0
3.788,use_adaptive_ngroute,0.042357517469456485,0,false,3.749,false,false,10.464285714285714,false,1.405453e6,1.3459215e6,false,4
16.832,use_adaptive_ngroute,0.04234952775605694,0,false,4.13675,false,false,10.892857142857142,false,1.405453e6,1.3459327291666665e6,false,2
9.056,use_adaptive_ngroute,0.04228462282267709,0,false,4.495,false,false,11.214285714285714,false,1.405453e6,1.34602395e6,false,1
5.638,use_lmSR3_cuts,0.04228462282267642,1,false,5.607,false,false,11.357142857142858,false,1.405453e6,1.346023950000001e6,false,0
11.254,use_lmSR3_cuts,0.04217264929569908,10,false,5.5725,false,false,11.357142857142858,false,1.405453e6,1.3461813235294118e6,false,0
23.187,use_lmSR3_cuts,0.03974711160579991,10,false,7.660666666666667,false,false,11.357142857142858,false,1.405453e6,1.3495903027522936e6,false,0
34.618,use_lmSR3_cuts,0.039881162870618825,2,false,6.856200000000001,false,false,11.357142857142858,false,1.405453e6,1.3494019000000001e6,false,0
6.358,use_lmSR3_cuts,0.03970350300394809,1,false,6.317,false,false,11.357142857142858,false,1.405453e6,1.3496515925925921e6,false,0
11.834,use_lmSR3_cuts,0.03900806359230791,1,false,5.8445,false,false,11.357142857142858,false,1.405453e6,1.350629e6,false,0
11.774,use_lmSR3_cuts,0.03900090397900158,10,false,5.839499999999999,false,false,11.357142857142858,false,1.405453e6,1.3506390625000002e6,false,0
14.835,use_adaptive_ngroute,0.03639589242789809,0,false,7.345,false,false,11.357142857142858,false,1.405453e6,1.3543002837995333e6,false,10
28.254,use_lmSR3_cuts,0.03630238599035074,10,false,9.320666666666668,false,false,11.892857142857144,false,1.405453e6,1.3544317027027037e6,false,0
27.675,use_adaptive_ngroute,0.03469476863805976,0,false,13.726999999999999,false,false,11.892857142857144,false,1.405453e6,1.356691133333333e6,false,3
33.08,use_lmSR3_cuts,0.034665651755154014,10,false,16.492,false,false,12.107142857142858,false,1.405453e6,1.3567320557437635e6,false,0
45.626,none,0.033743568799526,0,false,15.125666666666666,false,false,12.107142857142858,false,1.405453e6,1.3580279999999998e6,false,0
