CG_time_taken,method,CG_LP_IP_gap,implemented_SR3_cuts_count,errored,CG_sp_time_taken_mean,converged,CGIP_artificial,ngroute_neighborhood_size,time_limit_reached,CGIP_objective,CGLP_objective,CGLP_artificial,cycles_lookup_length
9.046,use_adaptive_ngroute,0.21188598470062403,0,false,0.24999999999999997,false,false,6.0,false,1.701119e6,1.340675725592059e6,false,27
10.246,use_adaptive_ngroute,0.02529964369930282,0,false,0.75225,false,false,9.0,false,1.444814e6,1.4082607205882354e6,false,12
6.326,use_lmSR3_cuts,0.018485770486720066,2,false,1.0161666666666667,false,false,9.714285714285715,false,1.444814e6,1.4181055e6,false,0
4.293,use_adaptive_ngroute,0.011266049433315217,0,false,2.1065,false,false,9.714285714285715,false,1.444814e6,1.428536654054054e6,false,4
6.203,use_adaptive_ngroute,0.01119569223075989,0,false,2.0383333333333336,false,false,10.214285714285715,false,1.444814e6,1.428638307125307e6,false,1
8.011,use_lmSR3_cuts,0.011177035021197157,7,false,1.9622499999999998,false,false,10.25,false,1.444814e6,1.428665263322884e6,false,0
6.095,use_adaptive_ngroute,0.003314294062445544,0,false,1.4565,false,false,10.25,false,1.444814e6,1.4400254615384617e6,false,6
11.65,use_lmSR3_cuts,0.0014950598023920625,4,false,2.2811999999999997,false,false,11.035714285714285,false,1.444814e6,1.4426539166666667e6,false,0
6.288,use_lmSR3_cuts,4.5175552195741986e-5,5,false,2.0690000000000004,false,false,11.035714285714285,false,1.444814e6,1.44474872972973e6,false,0
4.032,none,0.0,0,false,1.979,true,false,11.035714285714285,false,1.444814e6,1.444814e6,false,0
