CG_time_taken,method,CG_LP_IP_gap,implemented_SR3_cuts_count,errored,CG_sp_time_taken_mean,converged,CGIP_artificial,ngroute_neighborhood_size,time_limit_reached,CGIP_objective,CGLP_objective,CGLP_artificial,cycles_lookup_length
1.77,use_adaptive_ngroute,0.1678760233204175,0,false,0.0584,false,false,5.0,false,1.605422e6,1.3359101388888888e6,false,16
1.022,use_adaptive_ngroute,0.06350908474139116,0,false,0.11485714285714287,false,false,6.375,false,1.479632e6,1.3856619259259258e6,false,3
0.645,use_adaptive_ngroute,0.0605576251392238,0,false,0.11399999999999999,false,false,6.5,false,1.479632e6,1.390029e6,false,3
0.289,use_SR3_cuts,0.06015725531753835,7,false,0.136,false,false,6.875,false,1.479632e6,1.3906214000000001e6,false,0
1.037,use_SR3_cuts,0.050475219514041325,2,false,0.322,false,false,6.875,false,1.479632e6,1.40494725e6,false,0
1.342,use_adaptive_ngroute,0.03309953839821067,0,false,0.4106666666666666,false,false,6.875,false,1.456497e6,1.4082876216216213e6,false,3
1.516,use_SR3_cuts,0.03237539566965586,3,false,0.4943333333333334,false,false,7.0,false,1.456497e6,1.4093423333333333e6,false,0
1.348,use_SR3_cuts,0.0323511365511453,10,false,0.6559999999999999,false,false,7.0,false,1.456497e6,1.4093776666666665e6,false,0
2.66,use_SR3_cuts,0.031722344776542455,10,false,0.8606666666666667,false,false,7.0,false,1.456497e6,1.4102935000000002e6,false,0
0.89,use_adaptive_ngroute,0.02967352490255759,0,false,0.873,false,false,7.0,false,1.456497e6,1.4132775999999996e6,false,2
5.609,use_SR3_cuts,0.029372185455926125,10,false,1.087,false,false,7.125,false,1.456497e6,1.4137165e6,false,0
4.885,use_SR3_cuts,0.02797843043960957,8,false,1.19575,false,false,7.125,false,1.456497e6,1.4157465e6,false,0
3.319,none,0.02797843043960957,0,false,1.083,false,false,7.125,false,1.456497e6,1.4157465e6,false,0
