CG_time_taken,method,CG_LP_IP_gap,implemented_SR3_cuts_count,errored,CG_sp_time_taken_mean,converged,CGIP_artificial,ngroute_neighborhood_size,time_limit_reached,CGIP_objective,CGLP_objective,CGLP_artificial,cycles_lookup_length
12.354,use_adaptive_ngroute,0.2632179339161791,0,false,0.20395833333333335,false,false,6.0,false,1.528324e6,1.1260417143654895e6,false,26
16.236,use_adaptive_ngroute,0.11829264812207452,0,false,0.8362941176470589,false,false,8.357142857142856,false,1.33784e6,1.1795833636363638e6,false,4
8.121,use_lmSR3_cuts,0.1178971326915027,2,false,0.8573333333333334,false,false,8.535714285714286,false,1.33784e6,1.1801125e6,false,0
18.364,use_adaptive_ngroute,0.11506579635830905,0,false,2.219125,false,false,8.535714285714286,false,1.33784e6,1.1839003749999998e6,false,1
12.631,use_lmSR3_cuts,0.11493302637086666,2,false,2.477,false,false,8.571428571428571,false,1.33784e6,1.1840779999999998e6,false,0
4.189,use_lmSR3_cuts,0.11484843728198701,2,false,2.055,false,false,8.571428571428571,false,1.33784e6,1.1841911666666665e6,false,0
4.729,use_adaptive_ngroute,0.11327234779777662,0,false,2.3225000000000002,false,false,8.571428571428571,false,1.33784e6,1.1862997222222225e6,false,7
7.804,use_lmSR3_cuts,0.11318085496023367,4,false,2.5596666666666663,false,false,9.25,false,1.33784e6,1.186422125000001e6,false,0
24.106,use_lmSR3_cuts,0.111508639859774,4,false,3.9163333333333337,false,false,9.25,false,1.33784e6,1.18865928125e6,false,0
25.457,use_adaptive_ngroute,0.060669831246042305,0,false,4.187166666666666,false,false,9.25,false,1.26707e6,1.1901970769230772e6,false,1
4.421,use_lmSR3_cuts,0.06056589091704112,1,false,4.392,false,false,9.321428571428571,false,1.26707e6,1.1903287765957448e6,false,0
10.961,use_adaptive_ngroute,0.06036984287398883,0,false,3.5973333333333337,false,false,9.321428571428571,false,1.26707e6,1.190577183189655e6,false,2
3.798,use_lmSR3_cuts,0.06027672056344524,1,false,3.77,false,false,9.464285714285714,false,1.26707e6,1.1906951756756755e6,false,0
3.532,use_lmSR3_cuts,0.06026227020281627,10,false,3.465,false,false,9.464285714285714,false,1.26707e6,1.1907134852941176e6,false,0
9.334,use_adaptive_ngroute,0.053297754490273186,0,false,4.549499999999999,false,false,9.464285714285714,false,1.26707e6,1.1995380142180095e6,false,1
21.368,use_adaptive_ngroute,0.05379604646861291,0,false,5.27275,false,false,9.5,false,1.26707e6,1.1989066434010146e6,false,1
15.486,use_lmSR3_cuts,0.05371975129960305,4,false,5.112333333333333,false,false,9.535714285714285,false,1.26707e6,1.199003314720812e6,false,0
4.722,use_lmSR3_cuts,0.053216632553027776,10,false,4.676,false,false,9.535714285714285,false,1.26707e6,1.199640801391035e6,false,0
36.502,use_adaptive_ngroute,0.04911117847007718,0,false,9.003,false,false,9.535714285714285,false,1.26707e6,1.2048426990959193e6,false,1
28.774,use_lmSR3_cuts,0.04910905964007517,4,false,9.547,false,false,9.607142857142858,false,1.26707e6,1.20484538380185e6,false,0
44.715,use_adaptive_ngroute,0.04840571946461747,0,false,11.090749999999998,false,false,9.607142857142858,false,1.26707e6,1.2057365650379672e6,false,6
29.931,use_lmSR3_cuts,0.04831818172519353,3,false,14.9085,false,false,10.035714285714285,false,1.26707e6,1.205847481481459e6,false,0
95.03,use_adaptive_ngroute,0.04797109533992294,0,false,15.706,false,false,10.035714285714285,false,1.26707e6,1.2062872642276438e6,false,1
27.384,use_adaptive_ngroute,0.04794099314388722,0,false,13.619,false,false,10.071428571428573,false,1.26707e6,1.2063254058171748e6,false,1
77.315,use_lmSR3_cuts,0.04834940058560022,2,false,15.413600000000002,false,false,10.107142857142858,false,1.26707e6,1.2058079250000035e6,false,0
14.167,use_adaptive_ngroute,0.04821880401240641,0,false,14.071,false,false,10.107142857142858,false,1.26707e6,1.2059734000000001e6,false,2
12.424,use_adaptive_ngroute,0.04821091574614256,0,false,12.367,false,false,10.178571428571429,false,1.26707e6,1.2059833949855352e6,false,1
11.083,use_lmSR3_cuts,0.048208457104657265,1,false,11.014,false,false,10.428571428571429,false,1.26707e6,1.205986510256402e6,false,0
34.577,use_lmSR3_cuts,0.04820690892364732,10,false,17.2105,false,false,10.428571428571429,false,1.26707e6,1.2059884719101142e6,false,0
60.12,use_lmSR3_cuts,0.045032156636880316,1,false,19.898666666666667,false,false,10.428571428571429,false,1.26707e6,1.2100111052901081e6,false,0
46.034,use_lmSR3_cuts,0.04499419816035488,3,false,22.9385,false,false,10.428571428571429,false,1.26707e6,1.2100592013369591e6,false,0
41.72,use_lmSR3_cuts,0.04499253796399261,10,false,20.793,false,false,10.428571428571429,false,1.26707e6,1.210061304921964e6,false,0
153.457,use_lmSR3_cuts,0.04357657968847606,2,false,25.480333333333334,false,false,10.428571428571429,false,1.26707e6,1.2118554231741226e6,false,0
122.522,use_adaptive_ngroute,0.04331088743875544,0,false,30.558,false,false,10.428571428571429,false,1.26707e6,1.212192073852976e6,false,1
76.456,use_lmSR3_cuts,0.0433004789592607,1,false,25.406333333333333,false,false,10.464285714285714,false,1.26707e6,1.2122052621250895e6,false,0
24.459,use_adaptive_ngroute,0.043288315689853696,0,false,24.356,false,false,10.464285714285714,false,1.26707e6,1.212220673838857e6,false,3
62.914,use_lmSR3_cuts,0.0432871344315362,10,false,31.402,false,false,10.714285714285715,false,1.26707e6,1.2122221705758334e6,false,0
213.788,use_adaptive_ngroute,0.04175039137066772,0,false,53.339999999999996,false,false,10.714285714285715,false,1.26707e6,1.214169331605968e6,false,2
120.155,use_adaptive_ngroute,0.04180450728857443,0,false,59.988,false,false,10.785714285714286,false,1.26707e6,1.214100762949866e6,false,3
124.888,use_lmSR3_cuts,0.0417981997002318,10,false,62.355999999999995,false,false,10.892857142857142,false,1.26707e6,1.2141087551058272e6,false,0
415.71,use_adaptive_ngroute,0.0410906351313004,0,false,69.1925,false,false,10.892857142857142,false,1.26707e6,1.2150052889441832e6,false,3
355.545,use_lmSR3_cuts,0.04145489268967539,10,false,59.17366666666667,false,false,11.071428571428571,false,1.26707e6,1.214543749119693e6,false,0
363.305,use_lmSR3_cuts,0.040872630218060646,2,false,90.71874999999999,false,false,11.071428571428571,false,1.26707e6,1.215281516429602e6,false,0
182.366,use_lmSR3_cuts,0.04093352294620667,10,false,91.05799999999999,false,false,11.071428571428571,false,1.26707e6,1.21520436108055e6,false,0
498.424,use_lmSR3_cuts,0.0393504631430982,10,false,99.56700000000001,false,false,11.071428571428571,false,1.26707e6,1.2172102086652745e6,false,0
52.466,none,0.03864793544194789,0,false,NaN,false,false,11.071428571428571,true,1.26707e6,1.218100360439571e6,false,0
