CG_time_taken,method,CG_LP_IP_gap,implemented_SR3_cuts_count,errored,CG_sp_time_taken_mean,converged,CGIP_artificial,ngroute_neighborhood_size,time_limit_reached,CGIP_objective,CGLP_objective,CGLP_artificial,cycles_lookup_length
23.193,use_adaptive_ngroute,0.3346433622146343,0,false,0.4939583333333334,false,false,6.0,false,1.647429e6,1.0961278204301072e6,false,24
52.834,use_adaptive_ngroute,0.23658873975541772,0,false,4.631272727272727,false,false,8.928571428571429,false,1.535205e6,1.171992783783784e6,false,13
66.673,use_lmSR3_cuts,0.14229285134037373,8,false,7.33988888888889,false,false,9.821428571428571,false,1.37872e6,1.182538e6,false,0
39.576,use_adaptive_ngroute,0.13487357839155156,0,false,9.672250000000002,false,false,9.821428571428571,false,1.37872e6,1.1927671e6,false,5
19.093,use_lmSR3_cuts,0.13443540906446183,10,false,9.503,false,false,10.0,false,1.37872e6,1.1933712128146451e6,false,0
22.216,use_lmSR3_cuts,0.13252563972380182,10,false,5.4334999999999996,false,false,10.0,false,1.37872e6,1.19600425e6,false,0
50.376,use_adaptive_ngroute,0.11866874268249472,0,false,12.410250000000001,false,false,10.0,false,1.37872e6,1.2151090310887909e6,false,9
144.346,use_adaptive_ngroute,0.1212948892125828,0,false,23.939333333333334,false,false,11.607142857142858,false,1.37872e6,1.2114883103448278e6,false,1
77.198,use_adaptive_ngroute,0.12130180078047315,0,false,25.642666666666667,false,false,11.642857142857142,false,1.37872e6,1.211478781227946e6,false,1
84.98,use_lmSR3_cuts,0.12129257221122469,5,false,42.4475,false,false,11.714285714285714,false,1.37872e6,1.2114915048409402e6,false,0
144.856,use_adaptive_ngroute,0.12034031840944381,0,false,48.146333333333324,false,false,11.714285714285714,false,1.37872e6,1.2128043962025316e6,false,3
43.896,use_lmSR3_cuts,0.12022081640942339,1,false,43.818,false,false,11.892857142857144,false,1.37872e6,1.2129691559999997e6,false,0
170.142,use_adaptive_ngroute,0.11995845184101794,0,false,56.61633333333333,false,false,11.892857142857144,false,1.37872e6,1.2133308832777517e6,false,1
48.143,use_lmSR3_cuts,0.11988975578591476,10,false,48.068999999999996,false,false,11.928571428571429,false,1.37872e6,1.2134255959028436e6,false,0
295.82,use_adaptive_ngroute,0.11262308672419785,0,false,73.813,false,false,11.928571428571429,false,1.37872e6,1.2234442978716139e6,false,2
260.979,use_lmSR3_cuts,0.11232277555722148,4,false,130.4055,false,false,12.035714285714286,false,1.37872e6,1.2238583428837475e6,false,0
550.399,use_lmSR3_cuts,0.10945835319082209,2,false,137.50674999999998,false,false,12.035714285714286,false,1.37872e6,1.2278075792887497e6,false,0
98.589,use_lmSR3_cuts,0.10930063914646049,1,false,98.478,false,false,12.035714285714286,false,1.37872e6,1.228025022795992e6,false,0
197.494,use_lmSR3_cuts,0.1092808437741154,10,false,98.659,false,false,12.035714285714286,false,1.37872e6,1.2280523150717516e6,false,0
1168.835,none,0.10111685573667817,0,false,213.3344,false,false,12.035714285714286,true,1.37872e6,1.239308168658727e6,false,0
