CG_time_taken,method,CG_LP_IP_gap,implemented_SR3_cuts_count,errored,CG_sp_time_taken_mean,converged,CGIP_artificial,ngroute_neighborhood_size,time_limit_reached,CGIP_objective,CGLP_objective,CGLP_artificial,cycles_lookup_length
22.746,use_adaptive_ngroute,0.9999828752225257,0,false,0.4668571428571428,false,true,6.0,false,6.0e10,1.0274866484589565e6,false,28
40.039,use_adaptive_ngroute,0.009302996826950127,0,false,1.75615,false,false,9.357142857142858,false,1.201823e6,1.1906424444444443e6,false,5
10.834,use_adaptive_ngroute,0.008916986699274654,0,false,2.0787999999999998,false,false,9.678571428571429,false,1.201823e6,1.1911063602941176e6,false,6
10.385,use_lmSR3_cuts,0.008436821426895724,7,false,1.996,false,false,10.071428571428573,false,1.201823e6,1.1916834339622639e6,false,0
16.882,none,0.006669035290554404,0,false,1.97825,false,false,10.071428571428573,false,1.201823e6,1.193808e6,false,0
