CG_time_taken,method,CG_LP_IP_gap,implemented_SR3_cuts_count,errored,CG_sp_time_taken_mean,converged,CGIP_artificial,ngroute_neighborhood_size,time_limit_reached,CGIP_objective,CGLP_objective,CGLP_artificial,cycles_lookup_length
17.88,use_adaptive_ngroute,0.9999804472813321,0,false,0.4467,false,true,6.0,false,6.0e10,1.1731631200755124e6,false,25
31.391,use_adaptive_ngroute,0.13482859959985838,0,false,1.9378666666666662,false,false,8.035714285714285,false,1.543731e6,1.335591911111111e6,false,14
24.43,use_adaptive_ngroute,0.12238872186928951,0,false,2.9545000000000003,false,false,10.142857142857144,false,1.543731e6,1.3547957359999998e6,false,12
30.475,use_adaptive_ngroute,0.11643246135499008,0,false,4.2871428571428565,false,false,10.785714285714286,false,1.543731e6,1.3639905999999999e6,false,6
15.265,use_lmSR3_cuts,0.11432622728731279,7,false,5.03,false,false,11.642857142857142,false,1.543731e6,1.3672420588235294e6,false,0
36.719,use_adaptive_ngroute,0.10671317304202177,0,false,9.082749999999999,false,false,11.642857142857142,false,1.543731e6,1.3789945666666667e6,false,2
27.024,use_lmSR3_cuts,0.10711524972870734,5,false,8.940999999999999,false,false,11.964285714285715,false,1.543731e6,1.3783738684210528e6,false,0
59.44,use_lmSR3_cuts,0.1022058198517416,2,false,11.8114,false,false,11.964285714285715,false,1.543731e6,1.3859527075144511e6,false,0
26.422,use_lmSR3_cuts,0.10216186466424526,10,false,8.757,false,false,11.964285714285715,false,1.543731e6,1.3860205625e6,false,0
71.349,use_adaptive_ngroute,0.02021637350887906,0,false,17.75375,false,false,11.964285714285715,false,1.419033e6,1.3903452988505748e6,false,3
21.965,use_lmSR3_cuts,0.02005131939643645,10,false,21.928,false,false,12.178571428571429,false,1.419033e6,1.3905795160829166e6,false,0
87.087,use_lmSR3_cuts,0.017368052703638615,1,false,28.961666666666666,false,false,12.178571428571429,false,1.419033e6,1.3943871600677976e6,false,0
188.237,use_adaptive_ngroute,0.017946432282382907,0,false,26.833000000000006,false,false,12.178571428571429,false,1.419033e6,1.3935664203590334e6,false,2
142.862,use_lmSR3_cuts,0.01760652097413673,2,false,35.651250000000005,false,false,12.392857142857142,false,1.419033e6,1.3940487657225078e6,false,0
80.221,use_lmSR3_cuts,0.017196598244390682,1,false,40.0245,false,false,12.392857142857142,false,1.419033e6,1.3946304596034675e6,false,0
47.892,use_lmSR3_cuts,0.017048448270821748,1,false,47.843,false,false,12.392857142857142,false,1.419033e6,1.394840689304911e6,false,0
194.924,use_adaptive_ngroute,0.016963084405006157,0,false,48.66225000000001,false,false,12.392857142857142,false,1.419033e6,1.3949618234475108e6,false,1
109.644,use_lmSR3_cuts,0.01688248303571438,1,false,54.7635,false,false,12.464285714285714,false,1.419033e6,1.395076199450381e6,false,0
53.315,use_lmSR3_cuts,0.016882441862642983,10,false,53.223,false,false,12.464285714285714,false,1.419033e6,1.3950762578763282e6,false,0
199.773,use_adaptive_ngroute,0.015241906098364622,0,false,99.8135,false,false,12.464285714285714,false,1.419033e6,1.3974042322635194e6,false,3
130.773,use_lmSR3_cuts,0.0152042138483226,10,false,65.14,false,false,12.607142857142858,false,1.419033e6,1.3974577188101732e6,false,0
575.701,use_adaptive_ngroute,0.013983768039397382,0,false,115.0614,false,false,12.607142857142858,false,1.419033e6,1.3991895716877498e6,false,3
318.597,use_adaptive_ngroute,0.013659266398606595,0,false,159.2075,false,false,13.0,false,1.419033e6,1.3996500502245862e6,false,1
157.252,use_lmSR3_cuts,0.013654607024992105,2,false,157.178,false,false,13.035714285714285,false,1.419033e6,1.3996566620295043e6,false,0
293.784,use_lmSR3_cuts,0.01356870295828183,10,false,146.7975,false,false,13.035714285714285,false,1.419033e6,1.3997785627350004e6,false,0
505.096,use_adaptive_ngroute,0.011838367468761546,0,false,168.274,false,false,13.035714285714285,false,1.419033e6,1.402233965895701e6,false,2
117.109,none,0.011795454882257195,0,false,NaN,false,false,13.107142857142858,true,1.419033e6,1.402294860272066e6,false,0
