CG_time_taken,method,CG_LP_IP_gap,implemented_SR3_cuts_count,errored,CG_sp_time_taken_mean,converged,CGIP_artificial,ngroute_neighborhood_size,time_limit_reached,CGIP_objective,CGLP_objective,CGLP_artificial,cycles_lookup_length
59.056,use_adaptive_ngroute,0.9999817056335284,0,false,0.8773823529411765,false,true,6.0,false,6.0e10,1.0976619882952175e6,false,30
111.766,use_adaptive_ngroute,0.1652322870742463,0,false,4.570260869565217,false,false,10.0625,false,1.435336e6,1.1981721499999997e6,false,13
73.084,use_adaptive_ngroute,0.15352493234690834,0,false,7.1596,false,false,11.343750000000002,false,1.435336e6,1.214976137704918e6,false,7
70.162,use_adaptive_ngroute,0.11380587777188611,0,false,9.948714285714287,false,false,11.96875,false,1.375941e6,1.2193508267326732e6,false,4
33.806,use_SR3_cuts,0.11307061858030254,2,false,6.719799999999999,false,false,12.15625,false,1.375941e6,1.2203625e6,false,0
161.892,use_adaptive_ngroute,0.0657914072728244,0,false,26.88566666666667,false,false,12.15625,false,1.309945e6,1.223761875e6,false,4
95.996,use_SR3_cuts,0.06519773306852161,4,false,31.919333333333327,false,false,12.28125,false,1.309945e6,1.2245395555555555e6,false,0
150.207,use_SR3_cuts,0.06452293798594577,1,false,37.21525,false,false,12.28125,false,1.309945e6,1.2254235000000002e6,false,0
509.394,use_SR3_cuts,0.06272477088732731,4,false,84.72766666666668,false,false,12.28125,false,1.309945e6,1.227779e6,false,0
971.29,use_adaptive_ngroute,0.05899071858478733,0,false,242.655,false,false,12.28125,false,1.306165e6,1.2291133880597013e6,false,1
491.252,use_SR3_cuts,0.05893897880436216,1,false,163.66533333333334,false,false,12.3125,false,1.306165e6,1.2291809687500002e6,false,0
601.829,use_adaptive_ngroute,0.05887644363460942,0,false,200.44199999999998,false,false,12.3125,false,1.306165e6,1.2292626500000004e6,false,2
250.453,none,0.05886477423842884,0,false,237.601,false,false,12.40625,true,1.306165e6,1.2292778921568627e6,false,0
