CG_time_taken,method,CG_LP_IP_gap,implemented_SR3_cuts_count,errored,CG_sp_time_taken_mean,converged,CGIP_artificial,ngroute_neighborhood_size,time_limit_reached,CGIP_objective,CGLP_objective,CGLP_artificial,cycles_lookup_length
53.572,use_adaptive_ngroute,0.9999802872494444,0,false,0.7231200000000001,false,true,6.0,false,6.0e10,1.1827650333333334e6,false,28
47.197,use_adaptive_ngroute,0.1561271852870071,0,false,2.7680624999999996,false,false,8.96875,false,1.49135e6,1.258509722222222e6,false,15
49.832,use_adaptive_ngroute,0.14350569767138632,0,false,3.684076923076923,false,false,9.875,false,1.49135e6,1.277332777777778e6,false,6
10.06,use_SR3_cuts,0.14326191034968316,12,false,3.232666666666667,false,false,10.0625,false,1.49135e6,1.27769635e6,false,0
842.222,use_SR3_cuts,0.0696601322236291,2,false,111.68014285714287,false,false,10.0625,false,1.398691e6,1.301258e6,false,0
173.434,use_adaptive_ngroute,0.06471771694769912,0,false,42.69950000000001,false,false,10.0625,false,1.398691e6,1.3081709117647058e6,false,2
258.429,use_adaptive_ngroute,0.06471771694769912,0,false,85.22833333333332,false,false,10.40625,false,1.398691e6,1.3081709117647058e6,false,4
190.096,use_adaptive_ngroute,0.0646351774806877,0,false,94.6685,false,false,11.03125,false,1.398691e6,1.3082863589743595e6,false,1
105.362,use_SR3_cuts,0.06462104567770866,2,false,105.155,false,false,11.09375,false,1.398691e6,1.308306125e6,false,0
596.325,use_adaptive_ngroute,0.05975893174403779,0,false,198.489,false,false,11.09375,false,1.398691e6,1.31510672e6,false,6
465.352,use_SR3_cuts,0.05924776809173693,6,false,154.767,false,false,11.375000000000002,false,1.398691e6,1.3158216800000004e6,false,0
772.612,none,0.05474201711934101,0,false,NaN,false,false,11.375000000000002,true,1.398691e6,1.3221238333333319e6,false,0
