CG_time_taken,method,CG_LP_IP_gap,implemented_SR3_cuts_count,errored,CG_sp_time_taken_mean,converged,CGIP_artificial,ngroute_neighborhood_size,time_limit_reached,CGIP_objective,CGLP_objective,CGLP_artificial,cycles_lookup_length
24.416,use_adaptive_ngroute,0.9999797481228125,0,false,0.4291666666666666,false,true,6.0,false,6.0e10,1.2151126312499999e6,false,27
45.676,use_adaptive_ngroute,0.035692589461312374,0,false,2.436352941176471,false,false,8.625,false,1.350664e6,1.302455304347826e6,false,18
74.602,use_adaptive_ngroute,0.0339384924748124,0,false,4.4625,false,false,10.15625,false,1.350664e6,1.3048245e6,false,2
61.186,use_adaptive_ngroute,0.03016407578050495,0,false,5.484272727272728,false,false,10.53125,false,1.350664e6,1.30992246875e6,false,7
17.911,use_SR3_cuts,0.026247460508312948,3,false,4.362749999999999,false,false,11.09375,false,1.350664e6,1.3152125e6,false,0
214.303,use_SR3_cuts,0.01734110037729608,1,false,26.317125000000004,false,false,11.09375,false,1.350664e6,1.3272419999999998e6,false,0
118.819,use_SR3_cuts,0.01734110037729575,1,false,14.667874999999999,false,false,11.09375,false,1.350664e6,1.3272420000000002e6,false,0
170.547,use_SR3_cuts,0.01734110037729586,1,false,24.16371428571429,false,false,11.09375,false,1.350664e6,1.327242e6,false,0
168.418,use_SR3_cuts,0.016836657130616328,1,false,33.607200000000006,false,false,11.09375,false,1.350664e6,1.3279233333333333e6,false,0
240.618,use_adaptive_ngroute,0.014317032215265812,0,false,59.93375,false,false,11.09375,false,1.350664e6,1.3313265000000002e6,false,1
149.811,use_adaptive_ngroute,0.014039172248208942,0,false,49.835666666666675,false,false,11.125,false,1.350664e6,1.3317017954545452e6,false,5
128.149,use_SR3_cuts,0.013640698204734902,10,false,42.579666666666675,false,false,11.75,false,1.350664e6,1.33224e6,false,0
477.541,use_adaptive_ngroute,0.0065540413398949005,0,false,119.23675000000001,false,false,11.75,false,1.350664e6,1.3418116923076923e6,false,2
380.98,use_adaptive_ngroute,0.005664788434763701,0,false,126.91799999999999,false,false,11.8125,false,1.350664e6,1.3430127741935484e6,false,1
155.837,use_adaptive_ngroute,0.005043561183047163,0,false,155.75799999999998,false,false,11.84375,false,1.350664e6,1.3438518434782608e6,false,10
1061.018,use_adaptive_ngroute,0.004825484869406704,0,false,265.03550000000007,false,false,12.4375,false,1.350664e6,1.3441463913043477e6,false,6
98.192,none,0.004536822053614276,0,false,NaN,false,false,12.812499999999998,true,1.350664e6,1.344536277777777e6,false,0
