CG_time_taken,method,CG_LP_IP_gap,implemented_SR3_cuts_count,errored,CG_sp_time_taken_mean,converged,CGIP_artificial,ngroute_neighborhood_size,time_limit_reached,CGIP_objective,CGLP_objective,CGLP_artificial,cycles_lookup_length
23.244,use_adaptive_ngroute,0.999880736285317,0,false,0.4627600000000001,false,true,6.0,false,1.0001790922e10,1.1928507388405795e6,false,32
29.692,use_adaptive_ngroute,0.07956440297320955,0,false,1.7474000000000003,false,false,9.34375,false,1.408848e6,1.2967538499999996e6,false,8
12.133,use_adaptive_ngroute,0.04817377428905256,0,false,2.3145999999999995,false,false,9.8125,false,1.365287e6,1.2995159722222222e6,false,4
14.154,use_adaptive_ngroute,0.04803781183004019,0,false,3.4885,false,false,10.53125,false,1.365287e6,1.2997015999999999e6,false,4
16.264,use_adaptive_ngroute,0.04801901866456182,0,false,3.1728,false,false,10.75,false,1.365287e6,1.2997272580645164e6,false,4
9.564,use_SR3_cuts,0.04796085609350509,5,false,4.728,false,false,11.15625,false,1.365287e6,1.2998066666666667e6,false,0
129.538,use_SR3_cuts,0.023913009490158066,10,false,14.138000000000002,false,false,11.15625,false,1.343181e6,1.3110615e6,false,0
80.682,use_adaptive_ngroute,0.017319301709336155,0,false,19.61375,false,false,11.15625,false,1.343181e6,1.3199180430107522e6,false,1
20.28,use_SR3_cuts,0.017319301709335266,5,false,20.211000000000002,false,false,11.1875,false,1.343181e6,1.3199180430107533e6,false,0
439.567,use_SR3_cuts,0.016616896754793276,1,false,61.826428571428565,false,false,11.1875,false,1.343181e6,1.3208615e6,false,0
180.058,use_SR3_cuts,0.015806686797468217,10,false,35.327000000000005,false,false,11.1875,false,1.343181e6,1.3219497586206899e6,false,0
245.534,use_adaptive_ngroute,0.014730330461791619,0,false,81.594,false,false,11.1875,false,1.343181e6,1.3233955000000002e6,false,1
358.751,use_SR3_cuts,0.014464406352884818,1,false,71.5076,false,false,11.281250000000002,false,1.343181e6,1.3237526842105258e6,false,0
240.987,use_SR3_cuts,0.014461193242018888,10,false,120.1545,false,false,11.281250000000002,false,1.343181e6,1.3237569999999919e6,false,0
362.681,use_SR3_cuts,0.011677949583861258,2,false,120.52066666666666,false,false,11.281250000000002,false,1.343181e6,1.3274953999999997e6,false,0
428.191,use_adaptive_ngroute,0.011311117918188396,0,false,142.57166666666666,false,false,11.281250000000002,false,1.343181e6,1.3279881213235299e6,false,3
370.287,use_SR3_cuts,0.011180657328556887,5,false,123.20666666666668,false,false,11.406250000000002,false,1.343181e6,1.3281633535087716e6,false,0
617.714,none,0.010740158331743688,0,false,NaN,false,false,11.406250000000002,true,1.343181e6,1.3287550233918102e6,false,0
