CG_time_taken,method,CG_LP_IP_gap,implemented_SR3_cuts_count,errored,CG_sp_time_taken_mean,converged,CGIP_artificial,ngroute_neighborhood_size,time_limit_reached,CGIP_objective,CGLP_objective,CGLP_artificial,cycles_lookup_length
30.836,use_adaptive_ngroute,0.3067159159426408,0,false,0.5310833333333332,false,false,6.0,false,1.784412e6,1.2371044390009604e6,false,30
36.138,use_SR3_cuts,0.09109167041482724,6,false,1.8916470588235295,false,false,9.78125,false,1.407357e6,1.2791585e6,false,0
59.655,use_adaptive_ngroute,0.06402973061207884,0,false,11.7248,false,false,9.78125,false,1.383641e6,1.2950468395061726e6,false,3
64.297,use_SR3_cuts,0.06384645762201913,6,false,12.73,false,false,9.90625,false,1.383641e6,1.295300423529412e6,false,0
302.692,use_adaptive_ngroute,0.057022558597208395,0,false,60.11699999999999,false,false,9.90625,false,1.383641e6,1.30474225e6,false,1
327.238,use_SR3_cuts,0.05440880888992072,3,false,81.60675,false,false,10.0,false,1.383641e6,1.3083587412587411e6,false,0
272.342,use_adaptive_ngroute,0.05388789433097152,0,false,135.9975,false,false,10.0,false,1.383641e6,1.3090795000000002e6,false,2
242.914,use_SR3_cuts,0.05387566619170814,3,false,121.3385,false,false,10.0625,false,1.383641e6,1.3090964193548388e6,false,0
542.729,use_SR3_cuts,0.05362556206110458,1,false,270.344,false,false,10.0625,false,1.383641e6,1.3094424736842113e6,false,0
1039.668,use_SR3_cuts,0.05352443299959875,10,false,258.89349999999996,false,false,10.0625,false,1.383641e6,1.3095824000000022e6,false,0
668.615,none,0.047181566605788205,0,false,NaN,false,false,10.0625,true,1.383641e6,1.3183586500000006e6,false,0
