CG_time_taken,method,CG_LP_IP_gap,implemented_SR3_cuts_count,errored,CG_sp_time_taken_mean,converged,CGIP_artificial,ngroute_neighborhood_size,time_limit_reached,CGIP_objective,CGLP_objective,CGLP_artificial,cycles_lookup_length
85.357,use_adaptive_ngroute,0.3579858720086073,0,false,2.3246249999999997,false,false,6.0,false,2.044427e6,1.312551017647059e6,false,32
112.905,use_adaptive_ngroute,0.16986019514505357,0,false,5.488947368421052,false,false,8.8125,false,1.668548e6,1.3851281111111112e6,false,10
52.286,use_adaptive_ngroute,0.08280949946810745,0,false,5.608444444444444,false,false,9.59375,false,1.520043e6,1.3941689999999995e6,false,10
54.018,use_adaptive_ngroute,0.07663977269064126,0,false,6.554625,false,false,10.03125,false,1.520043e6,1.4035472499999995e6,false,10
30.064,use_SR3_cuts,0.019669145397790078,3,false,3.6382499999999998,false,false,10.40625,false,1.437429e6,1.409156e6,false,0
45.787,use_adaptive_ngroute,0.018352760013666147,0,false,9.035199999999998,false,false,10.40625,false,1.437429e6,1.411048210526316e6,false,2
49.558,use_SR3_cuts,0.01835276001366626,4,false,12.289250000000001,false,false,10.5,false,1.437429e6,1.4110482105263157e6,false,0
445.096,use_SR3_cuts,0.013154968581636672,1,false,63.07657142857143,false,false,10.5,false,1.437429e6,1.4185196666666665e6,false,0
70.873,use_adaptive_ngroute,0.012620101584147614,0,false,35.2115,false,false,10.5,false,1.437429e6,1.4192885000000002e6,false,3
97.258,use_SR3_cuts,0.012218056151152012,3,false,32.301,false,false,10.78125,false,1.437429e6,1.4198664117647058e6,false,0
417.119,use_adaptive_ngroute,0.010430428215932763,0,false,138.83333333333334,false,false,10.78125,false,1.437429e6,1.422436e6,false,3
96.349,use_SR3_cuts,0.010374828948073622,3,false,47.948,false,false,11.375000000000002,false,1.437429e6,1.4225159199999995e6,false,0
433.603,use_adaptive_ngroute,0.009120867564474056,0,false,143.72,false,false,11.375000000000002,false,1.437429e6,1.4243184004576656e6,false,1
161.833,use_SR3_cuts,0.009098970897123637,1,false,80.8145,false,false,11.406250000000002,false,1.437429e6,1.4243498753623185e6,false,0
402.667,use_SR3_cuts,0.008803260222565612,2,false,200.452,false,false,11.406250000000002,false,1.437429e6,1.4247749384615377e6,false,0
304.178,use_SR3_cuts,0.008650444648048428,10,false,151.42,false,false,11.406250000000002,false,1.437429e6,1.4249946000000003e6,false,0
720.626,none,0.007115902188326362,0,false,705.784,false,false,11.406250000000002,true,1.437429e6,1.4272003958333363e6,false,0
