CG_time_taken,method,CG_LP_IP_gap,implemented_SR3_cuts_count,errored,CG_sp_time_taken_mean,converged,CGIP_artificial,ngroute_neighborhood_size,time_limit_reached,CGIP_objective,CGLP_objective,CGLP_artificial,cycles_lookup_length
25.463,use_adaptive_ngroute,0.9999797481228125,0,false,0.45875000000000005,false,true,6.0,false,6.0e10,1.2151126312499999e6,false,27
55.042,use_adaptive_ngroute,0.035692589461312374,0,false,2.9804117647058828,false,false,8.625,false,1.350664e6,1.302455304347826e6,false,18
81.954,use_adaptive_ngroute,0.0339384924748124,0,false,4.931187500000001,false,false,10.15625,false,1.350664e6,1.3048245e6,false,2
63.827,use_adaptive_ngroute,0.03016407578050495,0,false,5.723999999999998,false,false,10.53125,false,1.350664e6,1.30992246875e6,false,7
30.163,use_lmSR3_cuts,0.026247460508312948,3,false,5.895,false,false,11.09375,false,1.350664e6,1.3152125e6,false,0
83.491,use_lmSR3_cuts,0.018224739831667947,1,false,10.2725,false,false,11.09375,false,1.350664e6,1.3260485e6,false,0
50.243,use_adaptive_ngroute,0.017796662586261003,0,false,9.939,false,false,11.09375,false,1.350664e6,1.3266266885245903e6,false,6
66.324,use_lmSR3_cuts,0.019285884572328826,3,false,10.9555,false,false,11.437499999999998,false,1.350664e6,1.32461525e6,false,0
19.777,use_lmSR3_cuts,0.017508672277734005,10,false,6.493333333333333,false,false,11.437499999999998,false,1.350664e6,1.3270156666666667e6,false,0
43.524,use_adaptive_ngroute,0.008090714990391934,0,false,14.431333333333331,false,false,11.437499999999998,false,1.350664e6,1.3397361625282173e6,false,17
76.927,use_adaptive_ngroute,0.006883079969333239,0,false,19.16175,false,false,13.53125,false,1.350664e6,1.3413672716763006e6,false,3
90.045,use_adaptive_ngroute,0.005917374899114591,0,false,22.44375,false,false,13.625,false,1.350664e6,1.3426716147492623e6,false,5
113.922,use_lmSR3_cuts,0.00554721524958901,9,false,37.809,false,false,14.000000000000002,false,1.350664e6,1.343171576062129e6,false,0
249.693,use_adaptive_ngroute,0.0009178395821283214,0,false,41.229666666666674,false,false,14.000000000000002,false,1.350664e6,1.3494243071186442e6,false,2
106.081,use_lmSR3_cuts,0.0007211888900335861,4,false,35.29333333333334,false,false,14.062500000000002,false,1.350664e6,1.3496899161290317e6,false,0
65.87,use_adaptive_ngroute,9.10795174157153e-5,0,false,32.753,false,false,14.062500000000002,false,1.350664e6,1.3505409821746892e6,false,1
137.064,use_adaptive_ngroute,5.019219642499184e-5,0,false,34.061499999999995,false,false,14.093750000000002,false,1.350664e6,1.3505962072072078e6,false,4
142.082,none,-8.881784197001252e-16,0,false,35.408750000000005,true,false,14.218749999999998,false,1.350664e6,1.3506640000000012e6,false,0
