CG_time_taken,method,CG_LP_IP_gap,implemented_SR3_cuts_count,errored,CG_sp_time_taken_mean,converged,CGIP_artificial,ngroute_neighborhood_size,time_limit_reached,CGIP_objective,CGLP_objective,CGLP_artificial,cycles_lookup_length
87.144,use_adaptive_ngroute,0.3579858720086073,0,false,2.3659166666666667,false,false,6.0,false,2.044427e6,1.312551017647059e6,false,32
114.622,use_adaptive_ngroute,0.16986019514505357,0,false,5.592315789473684,false,false,8.8125,false,1.668548e6,1.3851281111111112e6,false,10
55.379,use_adaptive_ngroute,0.08280949946810745,0,false,5.951,false,false,9.59375,false,1.520043e6,1.3941689999999995e6,false,10
40.619,use_adaptive_ngroute,0.05142588834168316,0,false,4.351888888888889,false,false,10.03125,false,1.479639e6,1.4035472500000002e6,false,10
28.626,use_lmSR3_cuts,0.04763526779167082,3,false,3.443125,false,false,10.40625,false,1.479639e6,1.409156e6,false,0
30.687,use_adaptive_ngroute,0.046356435234326976,0,false,7.602499999999999,false,false,10.40625,false,1.479639e6,1.4110482105263157e6,false,2
16.605,use_lmSR3_cuts,0.04635643523432664,5,false,8.2175,false,false,10.5,false,1.479639e6,1.4110482105263162e6,false,0
69.942,use_adaptive_ngroute,0.04281501868264559,0,false,23.20966666666667,false,false,10.5,false,1.479639e6,1.416288228571429e6,false,1
220.135,use_adaptive_ngroute,0.042760857560746435,0,false,54.942499999999995,false,false,10.53125,false,1.479639e6,1.4163683674796748e6,false,3
87.091,use_lmSR3_cuts,0.04273989492343433,7,false,43.4435,false,false,10.8125,false,1.479639e6,1.4163993846153845e6,false,0
223.565,use_adaptive_ngroute,0.04038625969284404,0,false,44.37540000000001,false,false,10.8125,false,1.479639e6,1.41988191509434e6,false,1
209.934,use_adaptive_ngroute,0.04039742084953091,0,false,41.8908,false,false,10.84375,false,1.479639e6,1.4198654006116209e6,false,3
99.185,use_lmSR3_cuts,0.04038020145914023,10,false,49.543,false,false,10.9375,false,1.479639e6,1.4198908790931993e6,false,0
239.24,use_adaptive_ngroute,0.037233455101151613,0,false,59.72525,false,false,10.9375,false,1.479639e6,1.424546927727587e6,false,2
248.562,use_adaptive_ngroute,0.03654007447281016,0,false,62.061,false,false,11.21875,false,1.479639e6,1.4255728807471257e6,false,3
289.934,use_adaptive_ngroute,0.037127438414338965,0,false,72.393,false,false,11.562499999999998,false,1.479639e6,1.4247037941520459e6,false,5
297.334,use_lmSR3_cuts,0.03671745833499407,3,false,74.22824999999999,false,false,11.78125,false,1.479639e6,1.4253104166666677e6,false,0
138.774,use_adaptive_ngroute,0.0340958139539389,0,false,46.099000000000004,false,false,11.78125,false,1.479639e6,1.4291895039370079e6,false,1
135.763,use_lmSR3_cuts,0.033831436248977886,1,false,67.7995,false,false,11.8125,false,1.479639e6,1.4295806874999986e6,false,0
125.462,use_lmSR3_cuts,0.033717007999926496,3,false,62.6425,false,false,11.8125,false,1.479639e6,1.4297499999999967e6,false,0
237.127,use_adaptive_ngroute,0.03718831104230169,0,false,78.87933333333332,false,false,11.8125,false,1.479639e6,1.4246137246376798e6,false,1
277.296,use_adaptive_ngroute,0.03732960966254106,0,false,92.33566666666667,false,false,11.84375,false,1.479639e6,1.4244046536885274e6,false,1
80.012,use_lmSR3_cuts,0.037303613847542105,1,false,79.894,false,false,12.15625,false,1.479639e6,1.4244431181102367e6,false,0
190.656,use_lmSR3_cuts,0.037194457474433174,10,false,95.22749999999999,false,false,12.15625,false,1.479639e6,1.4246046301369872e6,false,0
20.899,none,0.03485153304285726,0,false,NaN,false,false,12.15625,true,1.479639e6,1.4280713124999998e6,false,0
