CG_time_taken,method,CG_LP_IP_gap,implemented_SR3_cuts_count,errored,CG_sp_time_taken_mean,converged,CGIP_artificial,ngroute_neighborhood_size,time_limit_reached,CGIP_objective,CGLP_objective,CGLP_artificial,cycles_lookup_length
29.744,use_adaptive_ngroute,0.9999807100906588,0,false,0.7190833333333333,false,true,6.0,false,6.0e10,1.157394560474663e6,false,30
38.341,use_adaptive_ngroute,0.1798844544144904,0,false,2.0001176470588238,false,false,8.0625,false,1.584058e6,1.299110590909091e6,false,12
13.698,use_lmSR3_cuts,0.16707056984649793,6,false,2.6100000000000003,false,false,9.09375,false,1.561784e6,1.300855857142857e6,false,0
44.812,use_adaptive_ngroute,0.10078767487717266,0,false,4.758555555555555,false,false,9.09375,false,1.464512e6,1.316907240690282e6,false,10
25.321,use_adaptive_ngroute,0.10040656858887254,0,false,4.956999999999999,false,false,9.84375,false,1.464512e6,1.3174653754227732e6,false,1
14.072,use_lmSR3_cuts,0.10035561333741205,12,false,4.630333333333334,false,false,9.90625,false,1.464512e6,1.31754e6,false,0
81.03,use_adaptive_ngroute,0.09208298258554859,0,false,8.781,false,false,9.90625,false,1.464512e6,1.329655367007673e6,false,8
29.234,use_adaptive_ngroute,0.09218597440883003,0,false,7.211250000000001,false,false,10.5,false,1.464512e6,1.3295045342465756e6,false,2
14.252,use_lmSR3_cuts,0.09216495974633465,6,false,7.076499999999999,false,false,10.5625,false,1.464512e6,1.329535310471976e6,false,0
93.487,use_lmSR3_cuts,0.03601416940430968,2,false,5.927333333333333,false,false,10.5625,false,1.380974e6,1.3312393684210528e6,false,0
90.698,use_adaptive_ngroute,0.03146853577962361,0,false,9.989333333333333,false,false,10.5625,false,1.380974e6,1.33751677027027e6,false,5
48.276,use_lmSR3_cuts,0.030571113607844147,1,false,9.544799999999999,false,false,10.71875,false,1.380974e6,1.338756086956521e6,false,0
10.724,use_lmSR3_cuts,0.030304842813839716,10,false,10.612,false,false,10.71875,false,1.380974e6,1.3391238000000005e6,false,0
40.398,use_adaptive_ngroute,0.024218094492386988,0,false,13.315333333333333,false,false,10.71875,false,1.380974e6,1.3475294411764704e6,false,3
40.049,use_adaptive_ngroute,0.024648168895400002,0,false,13.239333333333333,false,false,11.0,false,1.380974e6,1.3469355196078438e6,false,5
49.257,use_lmSR3_cuts,0.02491772321902186,5,false,12.21725,false,false,11.21875,false,1.380974e6,1.3465632720953345e6,false,0
49.576,use_lmSR3_cuts,0.024323736545852293,3,false,12.19575,false,false,11.21875,false,1.380974e6,1.3473835522473282e6,false,0
25.866,use_adaptive_ngroute,0.02486494985225196,0,false,12.811,false,false,11.21875,false,1.380974e6,1.3466361507427362e6,false,3
10.823,use_lmSR3_cuts,0.024860884737630595,10,false,10.716999999999999,false,false,11.65625,false,1.380974e6,1.3466417645603353e6,false,0
95.869,use_adaptive_ngroute,0.01879071896957396,0,false,31.639333333333333,false,false,11.65625,false,1.380974e6,1.3550245056617116e6,false,4
216.245,use_adaptive_ngroute,0.019639304555949755,0,false,53.924,false,false,11.78125,false,1.380974e6,1.3538526310301519e6,false,3
81.832,use_lmSR3_cuts,0.019624651181229247,3,false,81.668,false,false,12.25,false,1.380974e6,1.353872866959653e6,false,0
91.399,use_lmSR3_cuts,0.019104256572418876,1,false,45.582499999999996,false,false,12.25,false,1.380974e6,1.3545915183841605e6,false,0
91.051,use_lmSR3_cuts,0.01907754169564979,10,false,45.337,false,false,12.25,false,1.380974e6,1.3546284109343917e6,false,0
178.431,use_lmSR3_cuts,0.01624076744918934,1,false,59.287333333333336,false,false,12.25,false,1.380974e6,1.3585459224126232e6,false,0
71.01,use_lmSR3_cuts,0.016092075121554528,10,false,70.814,false,false,12.25,false,1.380974e6,1.3587512626510863e6,false,0
187.74,use_adaptive_ngroute,0.014703332374195077,0,false,93.4965,false,false,12.25,false,1.380974e6,1.3606690802778783e6,false,1
242.733,use_adaptive_ngroute,0.014868169948063947,0,false,121.1505,false,false,12.34375,false,1.380974e6,1.3604414438741424e6,false,5
91.527,use_lmSR3_cuts,0.01479008613076982,1,false,91.32100000000001,false,false,12.750000000000002,false,1.380974e6,1.3605492755956464e6,false,0
167.34,use_adaptive_ngroute,0.014699983255139215,0,false,167.164,false,false,12.750000000000002,false,1.380974e6,1.3606737053242174e6,false,1
136.098,use_lmSR3_cuts,0.014693324059271262,10,false,135.939,false,false,12.781249999999998,false,1.380974e6,1.360682901500572e6,false,0
373.07,use_adaptive_ngroute,0.01318975600118888,0,false,124.17333333333332,false,false,12.781249999999998,false,1.380974e6,1.3627592898960141e6,false,3
213.389,use_lmSR3_cuts,0.013182662133707779,1,false,106.498,false,false,13.0,false,1.380974e6,1.362769086342565e6,false,0
307.307,use_adaptive_ngroute,0.013260446572980644,0,false,102.31633333333333,false,false,13.0,false,1.380974e6,1.3626616680543246e6,false,2
119.609,use_lmSR3_cuts,0.013260277764078454,1,false,119.40299999999999,false,false,13.28125,false,1.380974e6,1.3626619011750296e6,false,0
109.871,none,0.013257704028629025,0,false,NaN,false,false,13.28125,true,1.380974e6,1.362665455436768e6,false,0
