CG_time_taken,method,CG_LP_IP_gap,implemented_SR3_cuts_count,errored,CG_sp_time_taken_mean,converged,CGIP_artificial,ngroute_neighborhood_size,time_limit_reached,CGIP_objective,CGLP_objective,CGLP_artificial,cycles_lookup_length
20.345,use_adaptive_ngroute,0.9999770603613305,0,false,0.4616250000000001,false,true,6.0,false,6.0e10,1.3763783201680542e6,false,31
42.736,use_adaptive_ngroute,0.06224310996464799,0,false,2.099,false,false,9.25,false,1.509088e6,1.4151576696696694e6,false,8
13.133,use_adaptive_ngroute,0.057505813665825634,0,false,1.5925,false,false,10.59375,false,1.509088e6,1.4223066666666665e6,false,3
10.113,use_adaptive_ngroute,0.05717376985305034,0,false,1.9896,false,false,10.75,false,1.509088e6,1.42280775e6,false,1
4.267,use_lmSR3_cuts,0.05717376985305045,6,false,2.0975,false,false,10.78125,false,1.509088e6,1.4228077499999998e6,false,0
29.199,use_adaptive_ngroute,0.049993402932396735,0,false,4.087714285714286,false,false,10.78125,false,1.509088e6,1.4336435555555553e6,false,7
15.869,use_adaptive_ngroute,0.04917298635756384,0,false,5.188333333333333,false,false,11.375000000000002,false,1.509088e6,1.4348816363636367e6,false,5
43.914,use_adaptive_ngroute,0.04849560594630753,0,false,7.269833333333334,false,false,11.65625,false,1.509088e6,1.4359038630136987e6,false,3
46.948,use_lmSR3_cuts,0.048444141579067956,7,false,7.806500000000001,false,false,11.8125,false,1.509088e6,1.4359815272727276e6,false,0
32.946,use_lmSR3_cuts,0.04807590800673611,1,false,8.06175,false,false,11.8125,false,1.509088e6,1.4365372241379307e6,false,0
13.767,use_adaptive_ngroute,0.04781433767273757,0,false,6.840999999999999,false,false,11.8125,false,1.509088e6,1.4369319567901238e6,false,1
10.259,use_lmSR3_cuts,0.047807397580525546,10,false,10.229999999999999,false,false,11.84375,false,1.509088e6,1.43694243e6,false,0
90.109,use_adaptive_ngroute,0.04243947705869755,0,false,14.943000000000001,false,false,11.84375,false,1.509088e6,1.4450430944444442e6,false,3
119.093,use_adaptive_ngroute,0.042016942259165635,0,false,19.778,false,false,11.9375,false,1.509088e6,1.4456807366400003e6,false,2
27.396,use_lmSR3_cuts,0.04199014759989872,3,false,27.365,false,false,12.15625,false,1.509088e6,1.445721172138764e6,false,0
59.955,use_adaptive_ngroute,0.041162344075509116,0,false,29.912499999999998,false,false,12.15625,false,1.509088e6,1.4469704005037781e6,false,1
58.739,use_lmSR3_cuts,0.04116015856399746,1,false,29.3085,false,false,12.1875,false,1.509088e6,1.4469736986329742e6,false,0
144.524,use_lmSR3_cuts,0.04108910858860071,10,false,48.11533333333334,false,false,12.1875,false,1.509088e6,1.4470809192982458e6,false,0
465.012,use_lmSR3_cuts,0.039217519837080106,1,false,116.172,false,false,12.1875,false,1.509088e6,1.4499053114241005e6,false,0
105.072,use_adaptive_ngroute,0.03918809890103381,0,false,105.02300000000001,false,false,12.1875,false,1.509088e6,1.4499497102056367e6,false,1
128.485,use_lmSR3_cuts,0.03918588446619897,1,false,128.44500000000002,false,false,12.25,false,1.509088e6,1.4499530519826727e6,false,0
207.639,use_lmSR3_cuts,0.03918548533785393,10,false,103.757,false,false,12.25,false,1.509088e6,1.4499536543024688e6,false,0
699.597,use_lmSR3_cuts,0.037714723779296966,3,false,174.80925,false,false,12.25,false,1.509088e6,1.4521731629213484e6,false,0
645.257,use_adaptive_ngroute,0.037403532308040055,0,false,215.002,false,false,12.25,false,1.509088e6,1.4526427782363244e6,false,2
462.733,use_adaptive_ngroute,0.03747275919359616,0,false,231.3015,false,false,12.375,false,1.509088e6,1.4525383087740543e6,false,3
71.888,none,0.03738463152606264,0,false,NaN,false,false,12.53125,true,1.509088e6,1.4526713011795972e6,false,0
