CG_time_taken,method,CG_LP_IP_gap,implemented_SR3_cuts_count,errored,CG_sp_time_taken_mean,converged,CGIP_artificial,ngroute_neighborhood_size,time_limit_reached,CGIP_objective,CGLP_objective,CGLP_artificial,cycles_lookup_length
39.75,use_adaptive_ngroute,0.37844304706056686,0,false,0.6087812499999999,false,false,5.999999999999999,false,2.069844e6,1.286525929699968e6,false,30
61.785,use_adaptive_ngroute,0.13427612779615727,0,false,2.8596999999999997,false,false,7.777777777777778,false,1.58298e6,1.370423575221239e6,false,9
39.022,use_adaptive_ngroute,0.13142970763468198,0,false,3.74,false,false,8.13888888888889,false,1.58298e6,1.3749294014084511e6,false,7
10.771,use_adaptive_ngroute,0.1312203962694396,0,false,5.294999999999999,false,false,8.666666666666666,false,1.58298e6,1.3752607371134025e6,false,1
7.86,use_SR3_cuts,0.13122039626943993,13,false,3.8685,false,false,8.694444444444445,false,1.58298e6,1.375260737113402e6,false,0
1580.91,use_adaptive_ngroute,0.030653803725250506,0,false,171.23555555555555,false,false,8.694444444444445,false,1.437443e6,1.3933799044117648e6,false,5
493.283,use_adaptive_ngroute,0.029538330679315106,0,false,122.64425,false,false,8.916666666666666,false,1.437443e6,1.3949833333333333e6,false,1
343.758,use_SR3_cuts,0.02784814771785704,5,false,171.742,false,false,8.944444444444445,false,1.437443e6,1.3974128750000005e6,false,0
615.029,use_SR3_cuts,0.021079981371177836,10,false,203.945,false,false,8.944444444444445,false,1.427895e6,1.397795000000002e6,false,0
386.518,none,0.01730035619234127,0,false,NaN,false,false,8.944444444444445,true,1.427895e6,1.4031919078947369e6,false,0
