CG_time_taken,method,CG_LP_IP_gap,implemented_SR3_cuts_count,errored,CG_sp_time_taken_mean,converged,CGIP_artificial,ngroute_neighborhood_size,time_limit_reached,CGIP_objective,CGLP_objective,CGLP_artificial,cycles_lookup_length
41.521,use_adaptive_ngroute,0.34862033693488337,0,false,0.6150689655172412,false,false,5.999999999999999,false,2.057986e6,1.340530227272727e6,false,16
14.289,use_adaptive_ngroute,0.27703156764425985,0,false,0.8060769230769231,false,false,6.777777777777779,false,1.877939e6,1.3576906148897063e6,false,22
26.443,use_adaptive_ngroute,0.27309019409043644,0,false,1.260263157894737,false,false,8.555555555555555,false,1.877939e6,1.365092274e6,false,2
14.945,use_adaptive_ngroute,0.27272531216402673,0,false,1.588111111111111,false,false,8.61111111111111,false,1.877939e6,1.3657774999999998e6,false,3
5.393,use_SR3_cuts,0.2727253121640264,10,false,1.738666666666667,false,false,9.194444444444445,false,1.877939e6,1.3657775000000005e6,false,0
1033.59,use_adaptive_ngroute,0.047729702658467654,0,false,104.92711111111112,false,false,9.194444444444445,false,1.473675e6,1.4033369304347828e6,false,8
94.187,use_SR3_cuts,0.04656527180218184,3,false,23.35725,false,false,9.722222222222221,false,1.473675e6,1.4050529230769197e6,false,0
286.694,use_SR3_cuts,0.04321988234871332,8,false,57.1544,false,false,9.722222222222221,false,1.473675e6,1.40998293987976e6,false,0
1829.493,use_SR3_cuts,0.007713908697627336,6,false,271.73033333333336,false,false,9.722222222222221,false,1.429281e6,1.4182556568627465e6,false,0
224.355,none,0.005580671558698791,0,false,NaN,false,false,9.722222222222221,true,1.429281e6,1.4213046521739115e6,false,0
