CG_time_taken,method,CG_LP_IP_gap,implemented_SR3_cuts_count,errored,CG_sp_time_taken_mean,converged,CGIP_artificial,ngroute_neighborhood_size,time_limit_reached,CGIP_objective,CGLP_objective,CGLP_artificial,cycles_lookup_length
33.693,use_adaptive_ngroute,0.9999775865918693,0,false,0.58556,false,true,5.999999999999999,false,6.0e10,1.3448044878389153e6,false,36
125.216,use_adaptive_ngroute,0.1712442458594755,0,false,6.0314000000000005,false,false,10.305555555555555,false,1.709204e6,1.416512650000001e6,false,4
26.53,use_SR3_cuts,0.17107363376778606,5,false,5.2424,false,false,10.666666666666666,false,1.709204e6,1.416804260869565e6,false,0
162.814,use_adaptive_ngroute,0.018360387712715864,0,false,26.69466666666667,false,false,10.666666666666666,false,1.457127e6,1.4303735833333335e6,false,2
37.087,use_adaptive_ngroute,0.01822784290681745,0,false,18.483,false,false,10.722222222222221,false,1.457127e6,1.4305667179487178e6,false,2
41.15,use_adaptive_ngroute,0.018013316615504427,0,false,20.5315,false,false,10.833333333333334,false,1.457127e6,1.4308793099999998e6,false,5
98.248,use_SR3_cuts,0.017982385477027907,7,false,24.4505,false,false,11.027777777777779,false,1.457127e6,1.4309243805970147e6,false,0
436.684,use_SR3_cuts,0.011906134468718355,1,false,107.4125,false,false,11.027777777777779,false,1.457127e6,1.4397782499999998e6,false,0
733.821,use_SR3_cuts,0.011823156114738054,4,false,146.64339999999999,false,false,11.027777777777779,false,1.457127e6,1.4398991600000001e6,false,0
923.644,use_SR3_cuts,0.011484166369087445,3,false,230.034,false,false,11.027777777777779,false,1.457127e6,1.4403931111111108e6,false,0
722.376,use_SR3_cuts,0.011484166369086113,10,false,240.56400000000002,false,false,11.027777777777779,false,1.457127e6,1.4403931111111126e6,false,0
238.095,none,0.010155000216180432,0,false,152.473,false,false,11.027777777777779,true,1.457127e6,1.4423298749999977e6,false,0
