CG_time_taken,method,CG_LP_IP_gap,implemented_SR3_cuts_count,errored,CG_sp_time_taken_mean,converged,CGIP_artificial,ngroute_neighborhood_size,time_limit_reached,CGIP_objective,CGLP_objective,CGLP_artificial,cycles_lookup_length
41.558,use_adaptive_ngroute,0.3004733125474599,0,false,0.733576923076923,false,false,5.999999999999999,false,1.926799e6,1.3478473218568668e6,false,27
40.667,use_adaptive_ngroute,0.14387716317492594,0,false,2.6472142857142855,false,false,7.666666666666667,false,1.629159e6,1.3947602247191009e6,false,8
19.572,use_adaptive_ngroute,0.14347848121291973,0,false,3.8548,false,false,8.38888888888889,false,1.629159e6,1.3954097410256409e6,false,4
10.407,use_adaptive_ngroute,0.1432590273237001,0,false,3.4216666666666664,false,false,8.833333333333332,false,1.629159e6,1.3957672663043481e6,false,9
21.145,use_SR3_cuts,0.14318599893304385,14,false,5.22375,false,false,9.777777777777777,false,1.629159e6,1.3958862411642412e6,false,0
1427.806,use_SR3_cuts,0.015494264425911064,2,false,163.24000000000004,false,false,9.777777777777777,false,1.448678e6,1.4262318e6,false,0
576.052,use_SR3_cuts,0.014654464277085832,1,false,142.803,false,false,9.777777777777777,false,1.448678e6,1.4274484e6,false,0
546.179,use_SR3_cuts,0.01394754389864572,1,false,181.72433333333333,false,false,9.777777777777777,false,1.448678e6,1.4284724999999977e6,false,0
341.259,use_SR3_cuts,0.013562192564531284,1,false,170.432,false,false,9.777777777777777,false,1.448678e6,1.42903075e6,false,0
559.111,none,0.012142795017249908,0,false,316.31399999999996,false,false,9.777777777777777,true,1.448678e6,1.4310870000000005e6,false,0
