CG_time_taken,method,CG_LP_IP_gap,implemented_SR3_cuts_count,errored,CG_sp_time_taken_mean,converged,CGIP_artificial,ngroute_neighborhood_size,time_limit_reached,CGIP_objective,CGLP_objective,CGLP_artificial,cycles_lookup_length
41.975,use_adaptive_ngroute,0.3305843425353817,0,false,0.5325333333333333,false,false,5.999999999999999,false,1.959433e6,1.3116751299528694e6,false,28
25.073,use_adaptive_ngroute,0.15759634661659783,0,false,0.8846190476190475,false,false,7.666666666666667,false,1.670571e6,1.4072951136363635e6,false,16
13.785,use_adaptive_ngroute,0.09528077613570729,0,false,1.6320000000000003,false,false,9.444444444444445,false,1.563541e6,1.4145656e6,false,3
18.111,use_adaptive_ngroute,0.09509657174892683,0,false,2.490571428571429,false,false,9.86111111111111,false,1.563541e6,1.4148536111111112e6,false,1
11.572,use_SR3_cuts,0.09490567670861638,9,false,2.2496,false,false,9.972222222222221,false,1.563541e6,1.4151520833333333e6,false,0
62.371,use_adaptive_ngroute,0.07965125314910193,0,false,12.154,false,false,9.972222222222221,false,1.563541e6,1.439003e6,false,3
39.296,use_SR3_cuts,0.07855034290603302,3,false,7.470600000000001,false,false,10.11111111111111,false,1.562673e6,1.4399245000000007e6,false,0
53.843,use_adaptive_ngroute,0.07698027674375896,0,false,17.52766666666667,false,false,10.11111111111111,false,1.562673e6,1.442378e6,false,2
82.961,use_SR3_cuts,0.07698027674375896,3,false,20.38,false,false,10.277777777777779,false,1.562673e6,1.442378e6,false,0
258.643,use_SR3_cuts,0.07374972480084052,2,false,51.4492,false,false,10.277777777777779,false,1.562673e6,1.4474262962962962e6,false,0
257.486,use_SR3_cuts,0.02650005839122449,3,false,63.507749999999994,false,false,10.277777777777779,false,1.491182e6,1.451665589928057e6,false,0
375.662,use_SR3_cuts,0.025359892161513575,1,false,124.53766666666668,false,false,10.277777777777779,false,1.490377e6,1.4525812e6,false,0
642.822,use_SR3_cuts,0.02523213925067369,10,false,320.81850000000003,false,false,10.277777777777779,false,1.490377e6,1.4527715999999987e6,false,0
1036.888,use_SR3_cuts,0.00979932983017584,2,false,207.177,false,false,10.277777777777779,false,1.470672e6,1.4562603999999957e6,false,0
502.721,use_SR3_cuts,0.0018552209875808412,10,false,167.40499999999997,false,false,10.277777777777779,false,1.458996e6,1.4562892400000035e6,false,0
140.699,none,-2.220446049250313e-16,0,false,NaN,true,false,10.277777777777779,true,1.458996e6,1.4589960000000005e6,false,0
