CG_time_taken,method,CG_LP_IP_gap,implemented_SR3_cuts_count,errored,CG_sp_time_taken_mean,converged,CGIP_artificial,ngroute_neighborhood_size,time_limit_reached,CGIP_objective,CGLP_objective,CGLP_artificial,cycles_lookup_length
28.9,use_adaptive_ngroute,0.33817238216630796,0,false,0.43975000000000003,false,false,5.999999999999999,false,2.056243e6,1.3608784063772045e6,false,31
42.947,use_adaptive_ngroute,0.009678533519179688,0,false,2.1275000000000004,false,false,9.25,false,1.435196e6,1.4213054074074074e6,false,11
9.355,use_SR3_cuts,0.008330569483192551,2,false,1.062625,false,false,9.75,false,1.435196e6,1.42324e6,false,0
31.093,none,0.0,0,false,3.7328750000000004,true,false,9.75,false,1.429617e6,1.429617e6,false,0
