CG_time_taken,method,CG_LP_IP_gap,implemented_SR3_cuts_count,errored,CG_sp_time_taken_mean,converged,CGIP_artificial,ngroute_neighborhood_size,time_limit_reached,CGIP_objective,CGLP_objective,CGLP_artificial,cycles_lookup_length
39.646,use_adaptive_ngroute,0.9999764454347331,0,false,0.8350000000000001,false,true,5.999999999999999,false,6.0e10,1.4132739160170343e6,false,36
135.539,use_adaptive_ngroute,0.2028399275330116,0,false,9.431357142857141,false,false,10.083333333333334,false,1.883602e6,1.5015323068189642e6,false,24
235.069,use_adaptive_ngroute,0.1880272638240268,0,false,23.3444,false,false,11.583333333333334,false,1.863239e6,1.512899268979784e6,false,5
94.868,use_lmSR3_cuts,0.18742335650256225,10,false,23.631249999999998,false,false,11.972222222222223,false,1.863239e6,1.5140244926535224e6,false,0
118.674,use_adaptive_ngroute,0.11840510560029993,0,false,29.507250000000003,false,false,11.972222222222223,false,1.729539e6,1.5247527520651629e6,false,6
94.808,use_adaptive_ngroute,0.11808978327330999,0,false,31.53333333333333,false,false,12.555555555555555,false,1.729539e6,1.5252981143272626e6,false,3
77.687,use_lmSR3_cuts,0.11797703172915386,10,false,38.772,false,false,12.916666666666666,false,1.729539e6,1.525493122520191e6,false,0
192.71,use_adaptive_ngroute,0.11641627978010971,0,false,38.45120000000001,false,false,12.916666666666666,false,1.729539e6,1.5281925038853888e6,false,3
85.795,use_adaptive_ngroute,0.11622855991004677,0,false,42.819500000000005,false,false,13.027777777777777,false,1.729539e6,1.5285171727217375e6,false,1
140.306,use_lmSR3_cuts,0.11610434451649332,2,false,46.557,false,false,13.166666666666668,false,1.729539e6,1.5287320080892886e6,false,0
323.963,use_lmSR3_cuts,0.1156210022555525,10,false,46.02700000000001,false,false,13.166666666666668,false,1.729539e6,1.529567967379934e6,false,0
96.656,use_lmSR3_cuts,0.11230381428095892,4,false,48.2255,false,false,13.166666666666668,false,1.729539e6,1.5353051733523246e6,false,0
165.398,use_adaptive_ngroute,0.11160061371000973,0,false,82.5895,false,false,13.166666666666668,false,1.729539e6,1.5365213861646035e6,false,1
207.997,use_adaptive_ngroute,0.11214083589170265,0,false,69.25266666666667,false,false,13.222222222222223,false,1.729539e6,1.5355870508327004e6,false,1
166.934,use_lmSR3_cuts,0.11154383810260782,10,false,83.39949999999999,false,false,13.277777777777779,false,1.729539e6,1.5366195817918538e6,false,0
744.462,use_adaptive_ngroute,0.10947001113731436,0,false,106.25742857142858,false,false,13.277777777777779,false,1.729539e6,1.5402063464075804e6,false,2
108.969,use_lmSR3_cuts,0.10944566710601478,4,false,108.85,false,false,13.333333333333334,false,1.729539e6,1.5402484503591303e6,false,0
484.069,none,0.10622628612233187,0,false,105.3815,false,false,13.333333333333334,true,1.723232e6,1.5401794645128418e6,false,0
