CG_time_taken,method,CG_LP_IP_gap,implemented_SR3_cuts_count,errored,CG_sp_time_taken_mean,converged,CGIP_artificial,ngroute_neighborhood_size,time_limit_reached,CGIP_objective,CGLP_objective,CGLP_artificial,cycles_lookup_length
33.984,use_adaptive_ngroute,0.3527100514012863,0,false,0.5866399999999999,false,false,5.999999999999999,false,1.945909e6,1.2595673365877743e6,false,33
85.275,use_adaptive_ngroute,0.10160126435104333,0,false,3.862523809523809,false,false,9.222222222222223,false,1.498091e6,1.3458830602870812e6,false,17
79.856,use_adaptive_ngroute,0.0949621942022052,0,false,7.185000000000001,false,false,10.972222222222223,false,1.498091e6,1.3558289915254242e6,false,4
51.158,use_lmSR3_cuts,0.0934538244561468,9,false,10.174,false,false,11.36111111111111,false,1.498091e6,1.3580886666666665e6,false,0
74.705,use_lmSR3_cuts,0.0865219785425776,7,false,12.273,false,false,11.36111111111111,false,1.498091e6,1.3684732026431714e6,false,0
107.284,use_adaptive_ngroute,0.028617354817396468,0,false,11.796000000000001,false,false,11.36111111111111,false,1.413881e6,1.3734194657534247e6,false,3
74.205,use_adaptive_ngroute,0.028206241629820994,0,false,14.7742,false,false,11.666666666666666,false,1.413881e6,1.374000730878187e6,false,1
42.108,use_adaptive_ngroute,0.02820025284993366,0,false,13.959333333333333,false,false,11.694444444444445,false,1.413881e6,1.374009198300283e6,false,3
27.801,use_lmSR3_cuts,0.02819469736325464,7,false,13.788499999999999,false,false,11.833333333333332,false,1.413881e6,1.3740170530973442e6,false,0
58.42,use_adaptive_ngroute,0.02629493480859424,0,false,9.561666666666667,false,false,11.833333333333332,false,1.413881e6,1.37670309127789e6,false,2
44.216,use_lmSR3_cuts,0.0262886833687348,4,false,11.00675,false,false,12.166666666666666,false,1.413881e6,1.37671193006993e6,false,0
41.955,use_lmSR3_cuts,0.025646680900804908,10,false,13.872,false,false,12.166666666666666,false,1.413881e6,1.377619645161289e6,false,0
112.576,use_adaptive_ngroute,0.020471539272046257,0,false,15.894571428571426,false,false,12.166666666666666,false,1.413881e6,1.3849366795825e6,false,5
67.928,use_lmSR3_cuts,0.020390723995984406,3,false,22.498666666666665,false,false,12.527777777777779,false,1.413881e6,1.3850509427658336e6,false,0
98.398,use_lmSR3_cuts,0.020330506362745138,10,false,24.450750000000003,false,false,12.527777777777779,false,1.413881e6,1.3851360833333356e6,false,0
171.104,use_lmSR3_cuts,0.01901847356535602,3,false,28.415000000000003,false,false,12.527777777777779,false,1.413881e6,1.386991141576941e6,false,0
64.114,use_lmSR3_cuts,0.018968002555476593,10,false,21.287666666666667,false,false,12.527777777777779,false,1.413881e6,1.3870625015788602e6,false,0
208.609,use_adaptive_ngroute,0.018351260735567143,0,false,29.681571428571434,false,false,12.527777777777779,false,1.413881e6,1.3879345011199357e6,false,3
154.736,use_lmSR3_cuts,0.01747046093538185,10,false,30.8594,false,false,12.61111111111111,false,1.413881e6,1.3891798472222213e6,false,0
443.658,use_lmSR3_cuts,0.015046466072934361,1,false,49.154777777777774,false,false,12.61111111111111,false,1.413881e6,1.3926070875023336e6,false,0
176.809,use_lmSR3_cuts,0.01503674520699172,10,false,44.046499999999995,false,false,12.61111111111111,false,1.413881e6,1.3926208316499933e6,false,0
482.574,use_adaptive_ngroute,0.012669746713103947,0,false,68.77857142857142,false,false,12.61111111111111,false,1.413881e6,1.39596748584753e6,false,4
125.098,use_lmSR3_cuts,0.012568325481783993,2,false,41.58433333333333,false,false,12.916666666666666,false,1.413881e6,1.3961108833994898e6,false,0
200.311,use_lmSR3_cuts,0.012367518381618536,10,false,49.9625,false,false,12.916666666666666,false,1.413881e6,1.3963948007430788e6,false,0
147.408,use_adaptive_ngroute,0.010777266267730568,0,false,49.02366666666667,false,false,12.916666666666666,false,1.413881e6,1.3986432279921148e6,false,1
94.001,use_lmSR3_cuts,0.010774690681846666,1,false,46.8545,false,false,12.944444444444445,false,1.413881e6,1.39864686956406e6,false,0
46.709,use_lmSR3_cuts,0.010759292892124517,10,false,46.512,false,false,12.944444444444445,false,1.413881e6,1.39866864020639e6,false,0
177.397,use_adaptive_ngroute,0.011312514856226308,0,false,58.80166666666666,false,false,12.944444444444445,false,1.413881e6,1.3978864501825639e6,false,1
36.157,none,0.010519163404997256,0,false,NaN,false,false,13.111111111111112,true,1.413881e6,1.399008154725779e6,false,0
