CG_time_taken,method,CG_LP_IP_gap,implemented_SR3_cuts_count,errored,CG_sp_time_taken_mean,converged,CGIP_artificial,ngroute_neighborhood_size,time_limit_reached,CGIP_objective,CGLP_objective,CGLP_artificial,cycles_lookup_length
41.627,use_adaptive_ngroute,0.3004733125474599,0,false,0.7072307692307693,false,false,5.999999999999999,false,1.926799e6,1.3478473218568668e6,false,27
39.472,use_adaptive_ngroute,0.14387716317492594,0,false,2.553642857142857,false,false,7.666666666666667,false,1.629159e6,1.3947602247191009e6,false,8
19.11,use_adaptive_ngroute,0.14347848121291973,0,false,3.7552,false,false,8.38888888888889,false,1.629159e6,1.3954097410256409e6,false,4
10.126,use_adaptive_ngroute,0.1432590273237001,0,false,3.3323333333333336,false,false,8.833333333333332,false,1.629159e6,1.3957672663043481e6,false,9
20.425,use_lmSR3_cuts,0.14318599893304385,14,false,5.052249999999999,false,false,9.777777777777777,false,1.629159e6,1.3958862411642412e6,false,0
97.309,use_adaptive_ngroute,0.10216167741483606,0,false,6.6765,false,false,9.777777777777777,false,1.604281e6,1.4403849619952494e6,false,5
67.789,use_adaptive_ngroute,0.09709996689216616,0,false,9.591285714285716,false,false,10.166666666666668,false,1.604281e6,1.4485053680142688e6,false,4
60.658,use_lmSR3_cuts,0.0962345215858117,11,false,10.012000000000002,false,false,10.694444444444445,false,1.604281e6,1.4498937854757924e6,false,0
123.235,use_adaptive_ngroute,0.09131355018568033,0,false,12.141,false,false,10.694444444444445,false,1.604281e6,1.4577884063945666e6,false,8
54.539,use_adaptive_ngroute,0.09073323610928408,0,false,13.563500000000001,false,false,11.055555555555555,false,1.604281e6,1.4587193932413617e6,false,3
36.336,use_lmSR3_cuts,0.09072270202940613,5,false,18.095000000000002,false,false,11.416666666666666,false,1.604281e6,1.4587362928655623e6,false,0
99.778,use_lmSR3_cuts,0.08993655288195235,10,false,19.865599999999997,false,false,11.416666666666666,false,1.604281e6,1.4599974970059886e6,false,0
251.076,use_adaptive_ngroute,0.07874999237947133,0,false,27.703,false,false,11.416666666666666,false,1.604281e6,1.4779438834754694e6,false,6
154.314,use_adaptive_ngroute,0.07861645817752183,0,false,30.731399999999997,false,false,11.694444444444445,false,1.604281e6,1.478158109858507e6,false,3
120.441,use_lmSR3_cuts,0.0784571695469376,4,false,40.07566666666666,false,false,11.86111111111111,false,1.604281e6,1.4784136535820693e6,false,0
75.416,use_lmSR3_cuts,0.07775284069131738,1,false,37.648999999999994,false,false,11.86111111111111,false,1.604281e6,1.4795435949828927e6,false,0
58.573,use_adaptive_ngroute,0.07808477986907691,0,false,29.143,false,false,11.86111111111111,false,1.604281e6,1.4790110712668574e6,false,1
113.533,use_adaptive_ngroute,0.07795252290771848,0,false,37.768333333333324,false,false,11.888888888888888,false,1.604281e6,1.4792232485970824e6,false,1
157.146,use_lmSR3_cuts,0.07799772064391008,1,false,39.20375,false,false,11.999999999999998,false,1.604281e6,1.4791507387276674e6,false,0
113.465,use_adaptive_ngroute,0.07782551995399878,0,false,37.74033333333333,false,false,11.999999999999998,false,1.604281e6,1.4794269970226788e6,false,1
42.995,use_lmSR3_cuts,0.07781533495240822,10,false,42.868,false,false,12.11111111111111,false,1.604281e6,1.4794433366272156e6,false,0
282.206,use_adaptive_ngroute,0.07222899062879085,0,false,56.20559999999999,false,false,12.11111111111111,false,1.604281e6,1.4884054026850527e6,false,5
256.081,use_adaptive_ngroute,0.0717787052146257,0,false,85.21733333333334,false,false,12.444444444444445,false,1.604281e6,1.489127787019575e6,false,4
216.471,use_adaptive_ngroute,0.07166633407851108,0,false,108.1005,false,false,12.555555555555555,false,1.604281e6,1.4893080618981922e6,false,1
197.592,use_lmSR3_cuts,0.07165804835551193,1,false,98.70150000000001,false,false,12.583333333333334,false,1.604281e6,1.489321354526171e6,false,0
203.725,use_adaptive_ngroute,0.07138936803334317,0,false,101.7405,false,false,12.583333333333334,false,1.604281e6,1.4897523932621002e6,false,3
383.791,use_lmSR3_cuts,0.07143817529243479,10,false,95.85000000000001,false,false,12.86111111111111,false,1.604281e6,1.4896740927036775e6,false,0
213.457,none,0.06973131968700275,0,false,97.039,false,false,12.86111111111111,true,1.604281e6,1.4924123687212155e6,false,0
