CG_time_taken,method,CG_LP_IP_gap,implemented_SR3_cuts_count,errored,CG_sp_time_taken_mean,converged,CGIP_artificial,ngroute_neighborhood_size,time_limit_reached,CGIP_objective,CGLP_objective,CGLP_artificial,cycles_lookup_length
40.212,use_adaptive_ngroute,0.9999771921360947,0,false,0.6074137931034481,false,true,5.999999999999999,false,6.0e10,1.368471834319526e6,false,28
91.381,use_adaptive_ngroute,0.255725329683415,0,false,4.1696,false,false,8.61111111111111,false,1.910545e6,1.42197025e6,false,12
34.553,use_adaptive_ngroute,0.25252097114066774,0,false,5.5905000000000005,false,false,9.38888888888889,false,1.910545e6,1.428092321192053e6,false,9
40.7,use_lmSR3_cuts,0.25187819444190007,9,false,7.6404,false,false,9.777777777777777,false,1.910545e6,1.429320375e6,false,0
125.586,use_adaptive_ngroute,0.18993835400109627,0,false,13.475111111111111,false,false,9.777777777777777,false,1.804264e6,1.461565065656566e6,false,8
84.885,use_adaptive_ngroute,0.18967881454495739,0,false,12.03,false,false,10.75,false,1.804264e6,1.462033343353857e6,false,7
33.192,use_lmSR3_cuts,0.18957345781250678,9,false,16.5145,false,false,10.972222222222223,false,1.804264e6,1.4622234347133753e6,false,0
117.93,use_lmSR3_cuts,0.18322645924062075,10,false,16.462857142857143,false,false,10.972222222222223,false,1.804264e6,1.4736750957446806e6,false,0
119.607,use_adaptive_ngroute,0.1407730587324626,0,false,19.7725,false,false,10.972222222222223,false,1.718577e6,1.4766476590427407e6,false,9
40.631,use_lmSR3_cuts,0.1405452140213841,1,false,20.220499999999998,false,false,11.277777777777779,false,1.718577e6,1.4770392277227717e6,false,0
66.653,use_adaptive_ngroute,0.14014392974049905,0,false,22.063666666666666,false,false,11.277777777777779,false,1.718577e6,1.4777288656583624e6,false,4
93.331,use_lmSR3_cuts,0.1399893626317794,4,false,31.008666666666667,false,false,12.055555555555555,false,1.718577e6,1.4779945011363644e6,false,0
94.419,use_adaptive_ngroute,0.14013103496916968,0,false,31.313000000000002,false,false,12.055555555555555,false,1.718577e6,1.4777510263157892e6,false,4
76.209,use_lmSR3_cuts,0.1400803308666786,10,false,25.292333333333332,false,false,12.222222222222221,false,1.718577e6,1.477838165220136e6,false,0
266.323,use_adaptive_ngroute,0.13530838679735246,0,false,53.10060000000001,false,false,12.222222222222221,false,1.718577e6,1.4860391185429664e6,false,9
132.862,use_adaptive_ngroute,0.13519689946283409,0,false,66.31599999999999,false,false,12.527777777777779,false,1.718577e6,1.486230718111861e6,false,2
203.675,use_lmSR3_cuts,0.13520537232698504,4,false,67.77033333333334,false,false,12.88888888888889,false,1.718577e6,1.486216156842407e6,false,0
485.233,use_adaptive_ngroute,0.13520289042430977,0,false,69.15557142857143,false,false,12.88888888888889,false,1.718577e6,1.486220422183261e6,false,2
106.972,use_adaptive_ngroute,0.13494843644159116,0,false,53.36800000000001,false,false,12.944444444444445,false,1.718577e6,1.4866577209455196e6,false,1
91.315,use_adaptive_ngroute,0.13491137522658447,0,false,91.176,false,false,12.972222222222221,false,1.718577e6,1.4867214134972221e6,false,1
231.49,use_adaptive_ngroute,0.13490999136037307,0,false,76.95566666666666,false,false,13.027777777777777,false,1.718577e6,1.486723791777864e6,false,3
76.536,use_lmSR3_cuts,0.1349099507106808,7,false,76.374,false,false,13.166666666666668,false,1.718577e6,1.4867238616374903e6,false,0
253.367,use_adaptive_ngroute,0.13455908939313133,0,false,63.17875,false,false,13.166666666666668,false,1.718577e6,1.4873268438280206e6,false,4
204.908,use_lmSR3_cuts,0.13400785069292187,1,false,68.18166666666667,false,false,13.305555555555555,false,1.718577e6,1.4882741899797104e6,false,0
226.138,use_lmSR3_cuts,0.13407762428536907,10,false,75.24399999999999,false,false,13.305555555555555,false,1.718577e6,1.4881542786885232e6,false,0
82.978,none,0.12902624698226595,0,false,NaN,false,false,13.305555555555555,true,1.718577e6,1.4968354595399583e6,false,0
