CG_time_taken,method,CG_LP_IP_gap,implemented_SR3_cuts_count,errored,CG_sp_time_taken_mean,converged,CGIP_artificial,ngroute_neighborhood_size,time_limit_reached,CGIP_objective,CGLP_objective,CGLP_artificial,cycles_lookup_length
31.535,use_adaptive_ngroute,0.9999777776842192,0,false,0.5962399999999999,false,true,5.999999999999999,false,6.0e10,1.3333389468463028e6,false,32
65.13,use_adaptive_ngroute,0.1466932789263855,0,false,3.01265,false,false,9.666666666666666,false,1.648059e6,1.40629982142586e6,false,18
47.809,use_adaptive_ngroute,0.1430514941220019,0,false,5.82,false,false,10.722222222222221,false,1.648059e6,1.4123016976487876e6,false,6
39.884,use_adaptive_ngroute,0.1423557124293121,0,false,6.552166666666666,false,false,11.0,false,1.648059e6,1.4134483869294603e6,false,4
13.332,use_lmSR3_cuts,0.142309891190606,17,false,6.607,false,false,11.11111111111111,false,1.648059e6,1.413523903034301e6,false,0
203.294,use_adaptive_ngroute,0.10746986030219308,0,false,15.283923076923077,false,false,11.11111111111111,false,1.631693e6,1.4563351812339337e6,false,15
80.051,use_adaptive_ngroute,0.1070773295181533,0,false,15.8942,false,false,11.583333333333334,false,1.631693e6,1.4569756709665358e6,false,5
40.346,use_lmSR3_cuts,0.10692391223766551,7,false,13.349333333333332,false,false,11.777777777777777,false,1.631693e6,1.4572260008691868e6,false,0
108.007,use_lmSR3_cuts,0.10097810146058916,2,false,21.271600000000003,false,false,11.777777777777777,false,1.631693e6,1.4669277386934669e6,false,0
73.255,use_adaptive_ngroute,0.10097538667275008,0,false,24.318333333333335,false,false,11.777777777777777,false,1.631693e6,1.4669321683937805e6,false,1
66.364,use_adaptive_ngroute,0.10093446978245857,0,false,21.994000000000003,false,false,11.805555555555555,false,1.631693e6,1.466998932197251e6,false,5
136.528,use_adaptive_ngroute,0.10097463933189643,0,false,27.227399999999996,false,false,12.361111111111112,false,1.631693e6,1.46693338782462e6,false,2
66.487,use_lmSR3_cuts,0.10097032331905698,2,false,22.067666666666668,false,false,12.5,false,1.631693e6,1.466940430232558e6,false,0
46.505,use_lmSR3_cuts,0.10093546395953334,1,false,23.071,false,false,12.5,false,1.631693e6,1.4669973100054772e6,false,0
142.855,use_lmSR3_cuts,0.10093563529733707,10,false,28.475199999999997,false,false,12.5,false,1.631693e6,1.4669970304347822e6,false,0
466.531,use_adaptive_ngroute,0.09687144345851284,0,false,51.68455555555556,false,false,12.5,false,1.631693e6,1.4736285438088488e6,false,4
253.077,use_lmSR3_cuts,0.0967382046209988,1,false,50.4782,false,false,12.749999999999998,false,1.631693e6,1.4738459486873485e6,false,0
168.169,use_lmSR3_cuts,0.09735462956882401,1,false,55.946666666666665,false,false,12.749999999999998,false,1.631693e6,1.4728401324149568e6,false,0
93.91,use_lmSR3_cuts,0.0973093280419779,10,false,46.779,false,false,12.749999999999998,false,1.631693e6,1.472914050599201e6,false,0
342.274,use_adaptive_ngroute,0.09648948052052897,0,false,68.2318,false,false,12.749999999999998,false,1.631693e6,1.4742517900610166e6,false,1
120.641,use_adaptive_ngroute,0.09648465121616223,0,false,60.080999999999996,false,false,12.777777777777779,false,1.631693e6,1.4742596700031466e6,false,1
314.124,use_lmSR3_cuts,0.09655776520641368,1,false,62.7374,false,false,12.805555555555554,false,1.631693e6,1.4741403704170513e6,false,0
223.057,use_lmSR3_cuts,0.0965537836028384,10,false,74.217,false,false,12.805555555555554,false,1.631693e6,1.4741468671717339e6,false,0
347.794,use_adaptive_ngroute,0.09463549931397208,0,false,86.78999999999999,false,false,12.805555555555554,true,1.631693e6,1.477276918217887e6,false,5
