CG_time_taken,method,CG_LP_IP_gap,implemented_SR3_cuts_count,errored,CG_sp_time_taken_mean,converged,CGIP_artificial,ngroute_neighborhood_size,time_limit_reached,CGIP_objective,CGLP_objective,CGLP_artificial,cycles_lookup_length
26.972,use_adaptive_ngroute,0.33817238216630796,0,false,0.4040357142857142,false,false,5.999999999999999,false,2.056243e6,1.3608784063772045e6,false,31
41.816,use_adaptive_ngroute,0.009678533519179688,0,false,2.0756111111111113,false,false,9.25,false,1.435196e6,1.4213054074074074e6,false,11
8.618,use_lmSR3_cuts,0.008330569483192551,2,false,0.9868750000000001,false,false,9.75,false,1.435196e6,1.42324e6,false,0
24.366,use_lmSR3_cuts,0.007135610745849341,10,false,2.9526249999999994,false,false,9.75,false,1.435196e6,1.424955e6,false,0
28.54,none,0.0,0,false,3.462875,true,false,9.75,false,1.429617e6,1.429617e6,false,0
