CG_time_taken,method,CG_LP_IP_gap,implemented_SR3_cuts_count,errored,CG_sp_time_taken_mean,converged,CGIP_artificial,ngroute_neighborhood_size,time_limit_reached,CGIP_objective,CGLP_objective,CGLP_artificial,cycles_lookup_length
78.957,use_adaptive_ngroute,0.999977270463735,0,false,1.2014285714285715,false,true,7.000000000000001,false,6.0e10,1.363772175904125e6,false,36
369.094,use_adaptive_ngroute,0.13575325233305202,0,false,14.481916666666667,false,false,10.600000000000001,false,1.649011e6,1.4251523936170216e6,false,13
144.302,use_adaptive_ngroute,0.13191542506534948,0,false,15.719222222222223,false,false,11.450000000000001,false,1.649011e6,1.431481012997563e6,false,9
106.123,use_adaptive_ngroute,0.131558107063388,0,false,15.041857142857143,false,false,11.925,false,1.649011e6,1.4320702343132955e6,false,3
65.847,use_SR3_cuts,0.13155810387267497,14,false,21.85,false,false,12.149999999999999,false,1.649011e6,1.4320702395748163e6,false,0
2812.456,none,0.042275334136855136,0,false,906.428,false,false,12.149999999999999,true,1.519112e6,1.4548910326086937e6,false,0
