CG_time_taken,method,CG_LP_IP_gap,implemented_SR3_cuts_count,errored,CG_sp_time_taken_mean,converged,CGIP_artificial,ngroute_neighborhood_size,time_limit_reached,CGIP_objective,CGLP_objective,CGLP_artificial,cycles_lookup_length
56.099,use_adaptive_ngroute,0.9999768200167516,0,false,0.719357142857143,false,true,7.000000000000001,false,6.0e10,1.3907989949051843e6,false,40
733.707,use_adaptive_ngroute,0.08299118409743722,0,false,45.363,false,false,11.425,false,1.604463e6,1.4713067157894736e6,false,4
127.834,use_adaptive_ngroute,0.08269425138919806,0,false,25.4134,false,false,11.875,false,1.604463e6,1.471783133333333e6,false,4
110.32,use_adaptive_ngroute,0.08268993870624419,0,false,27.483999999999998,false,false,12.3,false,1.604463e6,1.4717900528735633e6,false,1
77.857,use_SR3_cuts,0.08266571120680255,11,false,19.34375,false,false,12.35,false,1.604463e6,1.471828925e6,false,0
1498.153,use_adaptive_ngroute,0.022880351436723845,0,false,294.1326,false,false,12.35,false,1.527596e6,1.4926440666666664e6,false,6
983.304,none,0.022197523746362524,0,false,353.37350000000004,false,false,12.8,true,1.527596e6,1.4936871515151516e6,false,0
