CG_time_taken,method,CG_LP_IP_gap,implemented_SR3_cuts_count,errored,CG_sp_time_taken_mean,converged,CGIP_artificial,ngroute_neighborhood_size,time_limit_reached,CGIP_objective,CGLP_objective,CGLP_artificial,cycles_lookup_length
88.264,use_adaptive_ngroute,0.3467126775623576,0,false,1.172121212121212,false,false,7.000000000000001,false,2.2302e6,1.45696138650043e6,false,40
82.817,use_adaptive_ngroute,0.1885397834232463,0,false,5.449214285714285,false,false,11.85,false,1.88265e6,1.5276955767382253e6,false,26
93.753,use_adaptive_ngroute,0.14269423716443486,0,false,11.574499999999999,false,false,13.325000000000001,false,1.790838e6,1.5352957377049178e6,false,18
108.661,use_adaptive_ngroute,0.1409463922322477,0,false,21.621399999999998,false,false,14.375,false,1.790838e6,1.538425844827586e6,false,1
77.99,use_adaptive_ngroute,0.14093569602610623,0,false,25.91433333333333,false,false,14.674999999999999,false,1.790838e6,1.538445e6,false,5
51.666,use_adaptive_ngroute,0.14040214692786268,0,false,25.7525,false,false,14.975000000000001,false,1.790838e6,1.5394005000000002e6,false,4
83.228,use_adaptive_ngroute,0.140171249437414,0,false,27.609333333333332,false,false,15.2,false,1.790838e6,1.5398140000000005e6,false,3
122.722,use_adaptive_ngroute,0.1401712494374142,0,false,30.609750000000002,false,false,15.375,false,1.790838e6,1.539814e6,false,3
35.914,use_SR3_cuts,0.14013789590726222,14,false,17.812500000000004,false,false,15.45,false,1.790838e6,1.5398737307692303e6,false,0
2790.495,use_adaptive_ngroute,0.03631261409717279,0,false,394.3018571428572,false,false,15.45,false,1.606045e6,1.547725307692306e6,false,4
6.413,none,0.036075576960795,0,false,NaN,false,false,15.700000000000001,true,1.606045e6,1.548106e6,false,0
