CG_time_taken,method,CG_LP_IP_gap,implemented_SR3_cuts_count,errored,CG_sp_time_taken_mean,converged,CGIP_artificial,ngroute_neighborhood_size,time_limit_reached,CGIP_objective,CGLP_objective,CGLP_artificial,cycles_lookup_length
73.734,use_adaptive_ngroute,0.9999778876128473,0,false,1.07490625,false,true,7.000000000000001,false,6.0e10,1.3267432291564376e6,false,34
90.717,use_adaptive_ngroute,0.22366275764867116,0,false,2.663103448275862,false,false,9.15,false,1.797894e6,1.39577207e6,false,8
20.737,use_adaptive_ngroute,0.13669786182860932,0,false,3.3600000000000003,false,false,9.85,false,1.620871e6,1.3993014000000001e6,false,6
41.852,use_SR3_cuts,0.1360091786041785,11,false,3.1043846153846153,false,false,10.025,false,1.620871e6,1.4004176666666665e6,false,0
990.95,use_adaptive_ngroute,0.09773172924665219,0,false,115.42387500000001,false,false,10.025,false,1.58207e6,1.427451563110749e6,false,8
180.907,use_adaptive_ngroute,0.09716025993772581,0,false,44.701750000000004,false,false,10.325,false,1.58207e6,1.4283556675603222e6,false,4
114.196,use_SR3_cuts,0.0968387910240055,6,false,56.945499999999996,false,false,10.625,false,1.58207e6,1.4288642538846517e6,false,0
1527.988,use_SR3_cuts,0.054815804213943276,3,false,190.19474999999997,false,false,10.625,false,1.516424e6,1.4332999989106753e6,false,0
505.999,none,0.0542004752024825,0,false,NaN,false,false,10.625,true,1.516424e6,1.4342330985915507e6,false,0
