CG_time_taken,method,CG_LP_IP_gap,implemented_SR3_cuts_count,errored,CG_sp_time_taken_mean,converged,CGIP_artificial,ngroute_neighborhood_size,time_limit_reached,CGIP_objective,CGLP_objective,CGLP_artificial,cycles_lookup_length
3.53,use_adaptive_ngroute,0.22518338042652752,0,false,0.114875,false,false,5.0,false,1.483937e6,1.14977905e6,false,17
3.265,use_adaptive_ngroute,0.1262999728968368,0,false,0.22800000000000004,false,false,6.291666666666667,false,1.402618e6,1.2254673846153845e6,false,12
2.325,use_adaptive_ngroute,0.11090827793169444,0,false,0.3028571428571428,false,false,7.875,false,1.397221e6,1.242257625e6,false,9
0.988,use_adaptive_ngroute,0.11027831421842949,0,false,0.48450000000000004,false,false,8.875,false,1.397221e6,1.2431378235294118e6,false,3
0.508,use_lmSR3_cuts,0.11009083800574893,7,false,0.497,false,false,9.083333333333334,false,1.397221e6,1.2433997692307695e6,false,0
2.7,use_adaptive_ngroute,0.006316357548790563,0,false,0.5035999999999999,false,false,9.083333333333334,false,1.271144e6,1.2631150000000002e6,false,1
0.593,use_lmSR3_cuts,0.004716617472135365,2,false,0.58,false,false,9.208333333333334,false,1.271144e6,1.2651485e6,false,0
1.152,use_lmSR3_cuts,0.003622373880165508,5,false,0.5650000000000001,false,false,9.208333333333334,false,1.271144e6,1.2665394411764708e6,false,0
2.497,use_adaptive_ngroute,0.0018848792100272238,0,false,0.6055,false,false,9.208333333333334,false,1.271144e6,1.2687480471014492e6,false,3
3.127,use_adaptive_ngroute,0.002910828018695688,0,false,0.7695000000000001,false,false,9.416666666666666,false,1.271144e6,1.267443918429003e6,false,4
1.651,use_lmSR3_cuts,0.0009699923848126568,10,false,0.813,false,false,9.791666666666666,false,1.271144e6,1.2699109999999998e6,false,0
4.964,none,0.0,0,false,1.1784999999999999,true,false,9.791666666666666,false,1.271144e6,1.271144e6,false,0
