CG_time_taken,method,CG_LP_IP_gap,implemented_SR3_cuts_count,errored,CG_sp_time_taken_mean,converged,CGIP_artificial,ngroute_neighborhood_size,time_limit_reached,CGIP_objective,CGLP_objective,CGLP_artificial,cycles_lookup_length
90.325,use_adaptive_ngroute,0.9999755286370583,0,false,1.1396578947368419,false,true,7.000000000000001,false,6.0e10,1.4682817765050326e6,false,30
108.381,use_adaptive_ngroute,0.27914035929477454,0,false,5.375736842105263,false,false,9.025,false,2.117703e6,1.526566623700378e6,false,13
102.728,use_adaptive_ngroute,0.261676316568315,0,false,14.499714285714287,false,false,9.775,false,2.07879e6,1.5348198898809524e6,false,6
92.928,use_SR3_cuts,0.2603311103220769,17,false,15.413166666666667,false,false,10.025,false,2.07879e6,1.5376162911735699e6,false,0
3179.832,none,0.19509812725417774,0,false,NaN,false,false,10.025,true,2.07879e6,1.6732219640452878e6,false,0
