CG_time_taken,method,CG_LP_IP_gap,implemented_SR3_cuts_count,errored,CG_sp_time_taken_mean,converged,CGIP_artificial,ngroute_neighborhood_size,time_limit_reached,CGIP_objective,CGLP_objective,CGLP_artificial,cycles_lookup_length
180.295,use_adaptive_ngroute,0.9999777485094752,0,false,1.980675675675676,false,true,7.000000000000001,false,6.0e10,1.3350894314871796e6,false,39
502.299,use_adaptive_ngroute,0.19574937922107982,0,false,18.502692307692307,false,false,10.575000000000001,false,1.756902e6,1.4129895241477264e6,false,16
148.931,use_adaptive_ngroute,0.18904768165782726,0,false,21.019714285714286,false,false,12.200000000000001,false,1.756902e6,1.42476375e6,false,4
202.53,use_adaptive_ngroute,0.18899812472940047,0,false,33.585166666666666,false,false,12.3,false,1.756902e6,1.424850816666667e6,false,3
181.182,use_lmSR3_cuts,0.13901717029868232,12,false,45.141999999999996,false,false,12.45,false,1.654912e6,1.4248508166666671e6,false,0
966.142,use_adaptive_ngroute,0.12273631901297677,0,false,87.25845454545453,false,false,12.45,false,1.654912e6,1.4517941928295966e6,false,2
554.575,use_adaptive_ngroute,0.1221921788574527,0,false,110.7666,false,false,12.7,false,1.654912e6,1.4526946969026553e6,false,2
503.295,use_lmSR3_cuts,0.1221848164831606,7,false,83.74849999999999,false,false,12.75,false,1.654912e6,1.4527068809842197e6,false,0
306.158,none,0.11697977150738659,0,false,109.9815,false,false,12.75,true,1.654912e6,1.4613207723751678e6,false,0
