CG_time_taken,method,CG_LP_IP_gap,implemented_SR3_cuts_count,errored,CG_sp_time_taken_mean,converged,CGIP_artificial,ngroute_neighborhood_size,time_limit_reached,CGIP_objective,CGLP_objective,CGLP_artificial,cycles_lookup_length
72.716,use_adaptive_ngroute,0.999977270463735,0,false,1.070142857142857,false,true,7.000000000000001,false,6.0e10,1.363772175904125e6,false,36
365.978,use_adaptive_ngroute,0.13575325233305202,0,false,14.385499999999997,false,false,10.600000000000001,false,1.649011e6,1.4251523936170216e6,false,13
153.832,use_adaptive_ngroute,0.13191542506534948,0,false,16.807333333333336,false,false,11.450000000000001,false,1.649011e6,1.431481012997563e6,false,9
117.841,use_adaptive_ngroute,0.131558107063388,0,false,16.718285714285713,false,false,11.925,false,1.649011e6,1.4320702343132955e6,false,3
79.307,use_adaptive_ngroute,0.1315581038726754,0,false,26.339333333333336,false,false,12.149999999999999,false,1.649011e6,1.4320702395748156e6,false,2
36.562,use_lmSR3_cuts,0.13155810387267497,14,false,18.177,false,false,12.4,false,1.649011e6,1.4320702395748163e6,false,0
446.345,use_adaptive_ngroute,0.11623728784734866,0,false,73.99366666666666,false,false,12.4,false,1.649011e6,1.4573344337295557e6,false,2
143.261,use_lmSR3_cuts,0.11613070793027724,12,false,71.5405,false,false,12.45,false,1.649011e6,1.4575101851851856e6,false,0
299.259,use_adaptive_ngroute,0.11463594512445485,0,false,74.01125,false,false,12.45,false,1.649011e6,1.4599750654943776e6,false,8
216.431,use_lmSR3_cuts,0.11442734997350335,4,false,107.808,false,false,12.75,false,1.649011e6,1.4603190411928433e6,false,0
263.981,use_lmSR3_cuts,0.11196975456563041,4,false,87.66566666666667,false,false,12.75,false,1.649011e6,1.4643716430539752e6,false,0
180.89,use_adaptive_ngroute,0.11181633830060089,0,false,90.2965,false,false,12.75,false,1.649011e6,1.4646246281625878e6,false,4
193.019,use_lmSR3_cuts,0.11194602639512918,4,false,96.15299999999999,false,false,13.0,false,1.649011e6,1.4644107710681416e6,false,0
555.859,use_adaptive_ngroute,0.1119922433545607,0,false,138.76375,false,false,13.0,false,1.649011e6,1.4643345587936526e6,false,9
390.494,none,0.11173848043195611,0,false,187.138,false,false,13.725,true,1.649011e6,1.4647530166444196e6,false,0
