CG_time_taken,method,CG_LP_IP_gap,implemented_SR3_cuts_count,errored,CG_sp_time_taken_mean,converged,CGIP_artificial,ngroute_neighborhood_size,time_limit_reached,CGIP_objective,CGLP_objective,CGLP_artificial,cycles_lookup_length
84.82,use_adaptive_ngroute,0.26196649950190154,0,false,1.1496333333333335,false,false,7.000000000000001,false,1.919813e6,1.4168863086917559e6,false,32
154.998,use_adaptive_ngroute,0.11761277332225895,0,false,8.097722222222222,false,false,9.75,false,1.688624e6,1.4900202482614738e6,false,15
79.756,use_adaptive_ngroute,0.11646841667319896,0,false,11.123999999999999,false,false,10.975000000000001,false,1.688624e6,1.491952636363636e6,false,5
65.224,use_lmSR3_cuts,0.044740905300763356,6,false,9.226285714285714,false,false,11.15,false,1.561896e6,1.492015358974359e6,false,0
236.953,use_adaptive_ngroute,0.033786482769782133,0,false,29.063625,false,false,11.15,false,1.561896e6,1.5091250277078084e6,false,8
148.605,use_adaptive_ngroute,0.032320744379448985,0,false,24.6555,false,false,11.75,false,1.561896e6,1.5114143586367161e6,false,5
193.175,use_lmSR3_cuts,0.03193410850356404,6,false,48.191500000000005,false,false,12.675,false,1.561896e6,1.5120182436647173e6,false,0
158.353,use_adaptive_ngroute,0.0291246024063061,0,false,31.492399999999996,false,false,12.675,false,1.561896e6,1.5164064000000001e6,false,2
168.181,use_lmSR3_cuts,0.02908316433922653,2,false,41.7395,false,false,12.725,false,1.561896e6,1.5164711219512194e6,false,0
273.651,use_adaptive_ngroute,0.027831607018441562,0,false,54.5314,false,false,12.725,false,1.561896e6,1.5184259243243241e6,false,4
445.32,use_adaptive_ngroute,0.025740446580624465,0,false,63.392714285714284,false,false,12.899999999999999,false,1.561896e6,1.521692099447509e6,false,4
302.398,use_adaptive_ngroute,0.025919905519255493,0,false,60.4,false,false,13.425,false,1.561896e6,1.521411803249097e6,false,4
148.719,use_adaptive_ngroute,0.024842347243797303,0,false,74.29599999999999,false,false,13.6,false,1.561896e6,1.523094837209302e6,false,2
240.948,use_adaptive_ngroute,0.02608513916896682,0,false,60.10525,false,false,13.65,false,1.561896e6,1.5211537254725473e6,false,2
202.778,use_lmSR3_cuts,0.024877601600666654,1,false,101.31099999999999,false,false,13.7,false,1.561896e6,1.5230397735703252e6,false,0
145.659,use_adaptive_ngroute,0.025001070456961316,0,false,48.42333333333333,false,false,13.7,false,1.561896e6,1.522846928057554e6,false,7
289.406,use_lmSR3_cuts,0.024744398612449148,1,false,96.38866666666667,false,false,14.200000000000001,false,1.561896e6,1.52324782278481e6,false,0
227.712,none,0.024722954508182626,0,false,94.80399999999999,false,false,14.200000000000001,true,1.561896e6,1.5232813162454877e6,false,0
