CG_time_taken,method,CG_LP_IP_gap,implemented_SR3_cuts_count,errored,CG_sp_time_taken_mean,converged,CGIP_artificial,ngroute_neighborhood_size,time_limit_reached,CGIP_objective,CGLP_objective,CGLP_artificial,cycles_lookup_length
2.52,use_adaptive_ngroute,0.27461115330655894,0,false,0.07235,false,false,5.0,false,1.600396e6,1.1609094086927962e6,false,18
1.222,use_adaptive_ngroute,0.13528298222681368,0,false,0.127125,false,false,6.875,false,1.429813e6,1.2363836333333328e6,false,8
0.734,use_adaptive_ngroute,0.1297429294031066,0,false,0.1386,false,false,7.541666666666667,false,1.429813e6,1.244304872881356e6,false,1
0.371,use_lmSR3_cuts,0.12968779833446753,9,false,0.16799999999999998,false,false,7.583333333333334,false,1.429813e6,1.2443837e6,false,0
1.561,use_adaptive_ngroute,0.06928675858939792,0,false,0.2804,false,false,7.583333333333334,false,1.388485e6,1.2922813749999998e6,false,3
1.456,use_adaptive_ngroute,0.06503743288548347,0,false,0.28400000000000003,false,false,7.708333333333333,false,1.388485e6,1.2981814999999995e6,false,1
0.568,use_lmSR3_cuts,0.06354176142248247,3,false,0.2755,false,false,7.791666666666666,false,1.388485e6,1.3002582173913044e6,false,0
1.986,use_lmSR3_cuts,0.062323863779587096,10,false,0.31933333333333336,false,false,7.791666666666666,false,1.388485e6,1.30194925e6,false,0
0.936,use_adaptive_ngroute,0.06158638131968752,0,false,0.30266666666666664,false,false,7.791666666666666,false,1.388485e6,1.3029732333333336e6,false,2
0.652,use_lmSR3_cuts,0.06155474364886493,3,false,0.30300000000000005,false,false,8.125,false,1.388485e6,1.3030171617647058e6,false,0
1.282,use_adaptive_ngroute,0.06051511614060101,0,false,0.41233333333333344,false,false,8.125,false,1.388485e6,1.3044606689655175e6,false,1
0.82,use_lmSR3_cuts,0.06036764634012726,4,false,0.3995,false,false,8.25,false,1.388485e6,1.3046654285714284e6,false,0
0.552,use_lmSR3_cuts,0.060324502365287525,1,false,0.498,false,false,8.25,false,1.388485e6,1.3047253333333337e6,false,0
1.353,use_adaptive_ngroute,0.06027139072530108,0,false,0.44099999999999995,false,false,8.25,false,1.388485e6,1.3047990780487803e6,false,2
0.83,use_lmSR3_cuts,0.06025052997596847,4,false,0.39,false,false,8.416666666666666,false,1.388485e6,1.3048280428863175e6,false,0
1.461,use_lmSR3_cuts,0.017666270002158813,10,false,0.464,false,false,8.416666666666666,false,1.329419e6,1.305933125e6,false,0
1.653,use_adaptive_ngroute,0.016183098166806853,0,false,0.5373333333333334,false,false,8.416666666666666,false,1.329419e6,1.3079048818181818e6,false,2
0.651,use_lmSR3_cuts,0.016168813524537362,3,false,0.626,false,false,8.625,false,1.329419e6,1.307923872093023e6,false,0
1.243,use_lmSR3_cuts,0.01583316193747175,1,false,0.5765,false,false,8.625,false,1.329419e6,1.3083700936902482e6,false,0
1.114,use_lmSR3_cuts,0.01610107491215962,10,false,0.5425000000000001,false,false,8.625,false,1.329419e6,1.3080139250913516e6,false,0
1.229,use_lmSR3_cuts,0.015507027613456348,2,false,0.58,false,false,8.625,false,1.329419e6,1.3088036628571465e6,false,0
1.084,use_adaptive_ngroute,0.015434099157141556,0,false,0.5265000000000001,false,false,8.625,false,1.329419e6,1.308900615332612e6,false,1
0.561,use_lmSR3_cuts,0.015431209170826521,10,false,0.531,false,false,8.666666666666668,false,1.329419e6,1.308904457335329e6,false,0
2.098,use_lmSR3_cuts,0.014943201203735268,10,false,0.6816666666666668,false,false,8.666666666666668,false,1.329419e6,1.3095532243989315e6,false,0
2.912,use_adaptive_ngroute,0.013867267878658995,0,false,0.9300000000000002,false,false,8.666666666666668,false,1.329419e6,1.310983590604021e6,false,2
3.843,use_lmSR3_cuts,0.014046110575907322,10,false,0.9334999999999999,false,false,8.75,false,1.329419e6,1.3107458337242878e6,false,0
3.242,use_lmSR3_cuts,0.013127006358918725,10,false,1.013,false,false,8.75,false,1.329419e6,1.3119677083333326e6,false,0
1.129,use_lmSR3_cuts,0.013058584380606586,10,false,1.087,false,false,8.75,false,1.329419e6,1.3120586698113184e6,false,0
1.146,use_lmSR3_cuts,0.012777569175304704,10,false,1.111,false,false,8.75,false,1.329419e6,1.3124322567645356e6,false,0
1.288,use_lmSR3_cuts,0.012531790203089255,1,false,1.237,false,false,8.75,false,1.329419e6,1.3127589999999993e6,false,0
1.3,use_lmSR3_cuts,0.012527674246428422,10,false,1.244,false,false,8.75,false,1.329419e6,1.3127644718309874e6,false,0
2.71,use_lmSR3_cuts,0.01258416765440351,4,false,1.2745,false,false,8.75,false,1.329419e6,1.3126893684210505e6,false,0
3.75,use_lmSR3_cuts,0.012546458264849458,7,false,1.1903333333333332,false,false,8.75,false,1.329419e6,1.312739500000002e6,false,0
1.388,use_lmSR3_cuts,0.012518845952001034,7,false,1.333,false,false,8.75,false,1.329419e6,1.3127762083333367e6,false,0
1.351,none,0.012518845952006807,0,false,1.292,false,false,8.75,false,1.329419e6,1.312776208333329e6,false,0
