CG_time_taken,method,CG_LP_IP_gap,implemented_SR3_cuts_count,errored,CG_sp_time_taken_mean,converged,CGIP_artificial,ngroute_neighborhood_size,time_limit_reached,CGIP_objective,CGLP_objective,CGLP_artificial,cycles_lookup_length
103.363,use_adaptive_ngroute,0.9999758861425345,0,false,1.676290322580645,false,true,7.000000000000001,false,6.0e10,1.44683144792699e6,false,38
396.823,use_adaptive_ngroute,0.1534375359154122,0,false,19.45695,false,false,10.45,false,1.778959e6,1.5059999145454543e6,false,21
343.769,use_adaptive_ngroute,0.150331943014819,0,false,26.27,false,false,11.325,false,1.778959e6,1.5115246369863006e6,false,3
87.741,use_adaptive_ngroute,0.1500678117100891,0,false,21.87875,false,false,11.4,false,1.778959e6,1.5119945157480317e6,false,3
59.519,use_lmSR3_cuts,0.15006776607320638,13,false,29.705499999999997,false,false,11.775,false,1.778959e6,1.511994596934175e6,false,0
553.395,use_adaptive_ngroute,0.10143178824136789,0,false,39.26021428571429,false,false,11.775,false,1.699551e6,1.527162502862595e6,false,13
438.847,use_adaptive_ngroute,0.10081123367345513,0,false,73.01333333333334,false,false,12.625,false,1.699551e6,1.5282171669990458e6,false,2
240.662,use_adaptive_ngroute,0.10078750727745533,0,false,80.10766666666667,false,false,12.7,false,1.699551e6,1.5282574912190936e6,false,9
518.118,use_lmSR3_cuts,0.06170271326101373,6,false,129.261,false,false,13.175,false,1.628571e6,1.5280837505617975e6,false,0
546.76,use_adaptive_ngroute,0.056015948562935125,0,false,109.2124,false,false,13.175,false,1.628571e6,1.5373450506329122e6,false,3
278.19,none,0.056326293903147695,0,false,115.768,false,false,13.325000000000001,true,1.628571e6,1.5368396312118568e6,false,0
