CG_time_taken,method,CG_LP_IP_gap,implemented_SR3_cuts_count,errored,CG_sp_time_taken_mean,converged,CGIP_artificial,ngroute_neighborhood_size,time_limit_reached,CGIP_objective,CGLP_objective,CGLP_artificial,cycles_lookup_length
91.153,use_adaptive_ngroute,0.3467126775623576,0,false,1.1915454545454545,false,false,7.000000000000001,false,2.2302e6,1.45696138650043e6,false,40
88.577,use_adaptive_ngroute,0.1885397834232463,0,false,5.854714285714286,false,false,11.85,false,1.88265e6,1.5276955767382253e6,false,26
106.943,use_adaptive_ngroute,0.14269423716443486,0,false,13.206750000000001,false,false,13.325000000000001,false,1.790838e6,1.5352957377049178e6,false,18
129.084,use_adaptive_ngroute,0.1409463922322477,0,false,25.698000000000004,false,false,14.375,false,1.790838e6,1.538425844827586e6,false,1
93.938,use_adaptive_ngroute,0.14093569602610623,0,false,31.22133333333333,false,false,14.674999999999999,false,1.790838e6,1.538445e6,false,5
60.696,use_adaptive_ngroute,0.14040214692786268,0,false,30.275,false,false,14.975000000000001,false,1.790838e6,1.5394005000000002e6,false,4
97.711,use_adaptive_ngroute,0.140171249437414,0,false,32.43666666666667,false,false,15.2,false,1.790838e6,1.5398140000000005e6,false,3
141.439,use_adaptive_ngroute,0.1401712494374142,0,false,35.28575000000001,false,false,15.375,false,1.790838e6,1.539814e6,false,3
40.846,use_lmSR3_cuts,0.14013789590726222,14,false,20.3615,false,false,15.45,false,1.790838e6,1.5398737307692303e6,false,0
551.602,use_adaptive_ngroute,0.03625863534334339,0,false,54.89510000000001,false,false,15.45,false,1.606045e6,1.547812e6,false,3
468.786,use_adaptive_ngroute,0.036130603438882525,0,false,51.93566666666667,false,false,15.524999999999999,false,1.606045e6,1.548017625e6,false,3
172.069,use_lmSR3_cuts,0.036075576960795,3,false,42.866,false,false,15.725000000000001,false,1.606045e6,1.548106e6,false,0
219.658,use_lmSR3_cuts,0.035142850916381585,3,false,43.736,false,false,15.725000000000001,false,1.606045e6,1.549604e6,false,0
326.627,use_adaptive_ngroute,0.031823995735343225,0,false,54.199999999999996,false,false,15.725000000000001,false,1.606045e6,1.5549342307692308e6,false,3
280.797,use_lmSR3_cuts,0.031343299845272066,1,false,93.45833333333333,false,false,15.875,false,1.606045e6,1.55570625e6,false,0
593.543,use_lmSR3_cuts,0.03102687983051,3,false,73.898625,false,false,15.875,false,1.606045e6,1.5562144347826086e6,false,0
69.582,none,0.030825205188313998,0,false,NaN,false,false,15.875,true,1.606045e6,1.5565383333333342e6,false,0
