CG_time_taken,method,CG_LP_IP_gap,implemented_SR3_cuts_count,errored,CG_sp_time_taken_mean,converged,CGIP_artificial,ngroute_neighborhood_size,time_limit_reached,CGIP_objective,CGLP_objective,CGLP_artificial,cycles_lookup_length
62.22,use_adaptive_ngroute,0.9999743620939997,0,false,0.67115625,false,true,7.000000000000001,false,6.0e10,1.538274360020086e6,false,36
94.439,use_adaptive_ngroute,0.18594836458094677,0,false,4.980470588235293,false,false,9.7,false,1.946966e6,1.5849308564052924e6,false,23
171.147,use_adaptive_ngroute,0.18293532799074785,0,false,16.9752,false,false,11.7,false,1.946966e6,1.5907971362031656e6,false,12
124.064,use_adaptive_ngroute,0.18230387923849445,0,false,41.237,false,false,12.600000000000001,false,1.946966e6,1.5920265454545454e6,false,3
108.651,use_adaptive_ngroute,0.18227773132892156,0,false,54.237,false,false,12.7,false,1.946966e6,1.5920774545454548e6,false,2
45.734,use_adaptive_ngroute,0.1821992923030653,0,false,45.647,false,false,12.775,false,1.946966e6,1.5922301726618703e6,false,3
118.693,use_adaptive_ngroute,0.18219027826795187,0,false,59.2975,false,false,13.024999999999999,false,1.946966e6,1.592247722681759e6,false,2
188.986,use_lmSR3_cuts,0.18218588180648865,21,false,62.915333333333336,false,false,13.175,false,1.946966e6,1.592256282442748e6,false,0
1047.361,use_adaptive_ngroute,0.11981457598015854,0,false,94.83527272727274,false,false,13.175,false,1.834525e6,1.6147221649999996e6,false,8
1225.2,use_adaptive_ngroute,0.11907902739899556,0,false,153.0375,false,false,13.55,false,1.834525e6,1.6160715472608577e6,false,6
329.374,use_lmSR3_cuts,0.11907196685790622,6,false,164.599,false,false,13.7,false,1.834525e6,1.6160844999999995e6,false,0
12.262,none,0.11795322162081201,0,false,NaN,false,false,13.7,true,1.834525e6,1.61813686610608e6,false,0
