CG_time_taken,method,CG_LP_IP_gap,implemented_SR3_cuts_count,errored,CG_sp_time_taken_mean,converged,CGIP_artificial,ngroute_neighborhood_size,time_limit_reached,CGIP_objective,CGLP_objective,CGLP_artificial,cycles_lookup_length
2.714,use_SR3_cuts,0.027114444126274506,9,false,0.16153333333333333,false,false,7.75,false,1.128932e6,1.0983216363636367e6,false,0
3.117,use_SR3_cuts,0.014280194397052304,4,false,0.7495,false,false,7.75,false,1.128932e6,1.112810631578947e6,false,0
2.537,use_SR3_cuts,0.011039046934034569,10,false,0.8360000000000001,false,false,7.75,false,1.128932e6,1.1164696666666665e6,false,0
7.231,none,0.0,0,false,2.3863333333333334,true,false,7.75,false,1.128932e6,1.128932e6,false,0
