CG_time_taken,method,CG_LP_IP_gap,implemented_SR3_cuts_count,errored,CG_sp_time_taken_mean,converged,CGIP_artificial,ngroute_neighborhood_size,time_limit_reached,CGIP_objective,CGLP_objective,CGLP_artificial,cycles_lookup_length
2.294,use_adaptive_ngroute,0.17522504474835865,0,false,0.14207142857142857,false,false,7.75,false,1.432641e6,1.1816064166666667e6,false,7
1.22,use_adaptive_ngroute,0.1418504473525155,0,false,0.16714285714285715,false,false,8.65,false,1.409779e6,1.209801218181818e6,false,4
0.487,use_adaptive_ngroute,0.13645386972000584,0,false,0.2385,false,false,9.0,false,1.409779e6,1.2174092e6,false,1
0.194,use_SR3_cuts,0.13349293645425164,3,false,0.188,false,false,9.05,false,1.409779e6,1.2215834615384615e6,false,0
2.356,use_adaptive_ngroute,0.11320540402292811,0,false,0.7703333333333333,false,false,9.05,false,1.395849e6,1.2378313499999999e6,false,1
1.271,use_adaptive_ngroute,0.11266206188140282,0,false,0.629,false,false,9.1,false,1.395849e6,1.2385897735849058e6,false,1
0.598,use_SR3_cuts,0.11256575747090125,3,false,0.591,false,false,9.15,false,1.395849e6,1.2387242e6,false,0
2.386,use_SR3_cuts,0.11101328633843788,2,false,0.7893333333333333,false,false,9.15,false,1.395849e6,1.2408912152777778e6,false,0
1.896,use_SR3_cuts,0.11097414946427309,10,false,0.9275,false,false,9.15,false,1.395849e6,1.240945844444444e6,false,0
4.121,use_adaptive_ngroute,0.09070247450356983,0,false,1.3613333333333333,false,false,9.15,false,1.395849e6,1.2692420416666665e6,false,1
2.63,use_SR3_cuts,0.09038850825609313,2,false,1.3074999999999999,false,false,9.2,false,1.395849e6,1.2696802911392406e6,false,0
1.349,use_SR3_cuts,0.09036723508771427,1,false,1.337,false,false,9.2,false,1.395849e6,1.2697099852700492e6,false,0
3.238,use_SR3_cuts,0.09010407033324375,10,false,1.609,false,false,9.2,false,1.395849e6,1.270077323529412e6,false,0
7.496,use_SR3_cuts,0.0877819923573393,2,false,2.482,false,false,9.2,false,1.395849e6,1.2733185937500002e6,false,0
2.398,use_SR3_cuts,0.08770003059070142,1,false,2.3850000000000002,false,false,9.2,false,1.395849e6,1.273433e6,false,0
2.381,use_SR3_cuts,0.08759710152776212,1,false,2.3320000000000003,false,false,9.2,false,1.395849e6,1.2735766734295748e6,false,0
2.755,use_SR3_cuts,0.08750495470325792,10,false,2.742,false,false,9.2,false,1.395849e6,1.2737052964824121e6,false,0
8.747,use_SR3_cuts,0.0846045498557807,10,false,2.9046666666666665,false,false,9.2,false,1.395849e6,1.2777538236883583e6,false,0
17.378,use_SR3_cuts,0.060510653957389526,1,false,5.711999999999999,false,false,9.2,false,1.362963e6,1.2804892175502745e6,false,0
5.056,use_SR3_cuts,0.06051064941286555,10,false,5.034999999999999,false,false,9.2,false,1.362963e6,1.2804892237442925e6,false,0
17.63,use_SR3_cuts,0.06003169010030107,10,false,5.862333333333335,false,false,9.2,false,1.362963e6,1.2811420275658234e6,false,0
13.419,use_SR3_cuts,0.0597095853277827,10,false,6.684,false,false,9.2,false,1.362963e6,1.2815810444528894e6,false,0
26.976,use_SR3_cuts,0.05807339667317246,1,false,8.967333333333332,false,false,9.2,false,1.362963e6,1.2838111090501428e6,false,0
15.64,use_SR3_cuts,0.05807253462376483,10,false,7.786,false,false,9.2,false,1.362963e6,1.2838122839915897e6,false,0
31.04,use_SR3_cuts,0.05791857993332583,10,false,10.319333333333331,false,false,9.2,false,1.362963e6,1.2840221185383345e6,false,0
32.091,use_SR3_cuts,0.05777854198099308,7,false,10.656333333333333,false,false,9.2,false,1.362963e6,1.2842129850859598e6,false,0
12.76,use_SR3_cuts,0.05775153653541609,2,false,12.676,false,false,9.2,false,1.362963e6,1.2842497925090797e6,false,0
24.653,use_SR3_cuts,0.05774485643617466,1,false,12.2755,false,false,9.2,false,1.362963e6,1.2842588972371821e6,false,0
12.895,none,0.057744856436173886,0,false,12.839,false,false,9.2,false,1.362963e6,1.284258897237183e6,false,0
