CG_time_taken,method,CG_LP_IP_gap,implemented_SR3_cuts_count,errored,CG_sp_time_taken_mean,converged,CGIP_artificial,ngroute_neighborhood_size,time_limit_reached,CGIP_objective,CGLP_objective,CGLP_artificial,cycles_lookup_length
1.437,use_SR3_cuts,0.085472767206216,1,false,0.07928571428571428,false,false,7.75,false,1.137801e6,1.0405500000000002e6,false,0
0.908,use_adaptive_ngroute,0.054726715050444685,0,false,0.169,false,false,7.75,false,1.137801e6,1.075532888888889e6,false,5
0.719,use_SR3_cuts,0.05449942476759995,1,false,0.17200000000000001,false,false,8.3,false,1.137801e6,1.0757915e6,false,0
0.384,use_SR3_cuts,0.04723536404383921,2,false,0.1845,false,false,8.3,false,1.137801e6,1.0840565555555557e6,false,0
0.858,use_SR3_cuts,0.041651395982249984,10,false,0.271,false,false,8.3,false,1.137801e6,1.09041e6,false,0
1.51,use_adaptive_ngroute,0.024788825110893753,0,false,0.4896666666666667,false,false,8.3,false,1.137801e6,1.10959625e6,false,1
0.992,use_SR3_cuts,0.023367355099881193,3,false,0.47650000000000003,false,false,8.55,false,1.137801e6,1.1112136e6,false,0
1.424,use_adaptive_ngroute,0.011153926083217192,0,false,0.6855,false,false,8.55,false,1.134014e6,1.1213652916666665e6,false,1
1.342,use_SR3_cuts,0.01115392608321697,1,false,0.66,false,false,8.8,false,1.134014e6,1.1213652916666667e6,false,0
1.163,use_SR3_cuts,0.010867835650863023,10,false,0.5660000000000001,false,false,8.8,false,1.134014e6,1.1216897222222222e6,false,0
2.956,use_SR3_cuts,0.00795607461636283,2,false,0.9713333333333334,false,false,8.8,false,1.134014e6,1.1249917e6,false,0
3.978,use_adaptive_ngroute,0.005795607461636321,0,false,1.3103333333333333,false,false,8.8,false,1.134014e6,1.1274417e6,false,1
1.706,use_SR3_cuts,0.005795401702859193,1,false,0.8439999999999999,false,false,8.9,false,1.134014e6,1.1274419333333338e6,false,0
3.464,use_adaptive_ngroute,0.004951104856043886,0,false,1.1453333333333333,false,false,8.9,false,1.134014e6,1.1283993777777783e6,false,1
2.592,use_SR3_cuts,0.004947469784323699,5,false,1.285,false,false,8.95,false,1.134014e6,1.1284035e6,false,0
2.911,use_SR3_cuts,0.004638268411032431,10,false,1.4389999999999998,false,false,8.95,false,1.134014e6,1.1287541386861315e6,false,0
3.923,use_SR3_cuts,0.0036206960407899613,10,false,1.9485,false,false,8.95,false,1.134014e6,1.1299080799999996e6,false,0
4.41,use_SR3_cuts,0.0035769105731224826,6,false,2.1665,false,false,8.95,false,1.134014e6,1.129957733333331e6,false,0
4.381,none,0.0032098369155931783,0,false,2.1630000000000003,false,false,8.95,false,1.134014e6,1.1303740000000005e6,false,0
