CG_time_taken,method,CG_LP_IP_gap,implemented_SR3_cuts_count,errored,CG_sp_time_taken_mean,converged,CGIP_artificial,ngroute_neighborhood_size,time_limit_reached,CGIP_objective,CGLP_objective,CGLP_artificial,cycles_lookup_length
2.444,use_adaptive_ngroute,0.0977594861790998,0,false,0.16115384615384615,false,false,7.75,false,1.338456e6,1.2076092291666667e6,false,7
0.728,use_adaptive_ngroute,0.09279657677900865,0,false,0.2346666666666667,false,false,8.65,false,1.338456e6,1.2142518650306752e6,false,2
0.264,use_SR3_cuts,0.09109712982720386,6,false,0.257,false,false,8.85,false,1.338456e6,1.2165265e6,false,0
3.931,use_adaptive_ngroute,0.02024567079056283,0,false,0.9289999999999999,false,false,8.85,false,1.280825e6,1.2548938387096773e6,false,2
3.353,use_SR3_cuts,0.017264653641207772,10,false,0.8300000000000001,false,false,8.95,false,1.280825e6,1.258712e6,false,0
2.873,use_adaptive_ngroute,0.014001305582122647,0,false,1.424,false,false,8.95,false,1.280825e6,1.2628917777777778e6,false,1
2.676,use_SR3_cuts,0.01371225577264612,2,false,1.3285,false,false,9.0,false,1.280825e6,1.2632620000000005e6,false,0
4.773,use_SR3_cuts,0.013579778658286745,1,false,1.5796666666666668,false,false,9.0,false,1.280825e6,1.26343168e6,false,0
1.651,use_SR3_cuts,0.0135660062850117,10,false,1.64,false,false,9.0,false,1.280825e6,1.2634493199999998e6,false,0
7.132,use_SR3_cuts,0.012237886447477808,10,false,2.3533333333333335,false,false,9.0,false,1.280825e6,1.2651504090909092e6,false,0
6.906,use_SR3_cuts,0.011099589388829267,10,false,3.428,false,false,9.0,false,1.280825e6,1.2666083684210528e6,false,0
13.516,use_adaptive_ngroute,0.010484023968926226,0,false,4.4736666666666665,false,false,9.0,false,1.280825e6,1.2673968e6,false,2
7.696,use_SR3_cuts,0.005711864872137151,10,false,3.8305000000000002,false,false,9.25,false,1.274763e6,1.2674817259999998e6,false,0
21.461,use_SR3_cuts,0.005375901245957659,5,false,5.323250000000001,false,false,9.25,false,1.274763e6,1.2679099999999993e6,false,0
12.005,none,0.005322985884078424,0,false,5.8945,false,false,9.25,false,1.274763e6,1.2679774545454546e6,false,0
