CG_time_taken,method,CG_LP_IP_gap,implemented_SR3_cuts_count,errored,CG_sp_time_taken_mean,converged,CGIP_artificial,ngroute_neighborhood_size,time_limit_reached,CGIP_objective,CGLP_objective,CGLP_artificial,cycles_lookup_length
1.512,use_lmSR3_cuts,0.0416515500836776,10,false,0.07423529411764705,false,false,7.75,false,1.196258e6,1.146432e6,false,0
0.599,use_adaptive_ngroute,0.016264215839286944,0,false,0.11100000000000002,false,false,7.75,false,1.188551e6,1.1692201499999997e6,false,5
0.401,use_lmSR3_cuts,0.012039660056657242,10,false,0.122,false,false,8.1,false,1.188551e6,1.17424125e6,false,0
0.778,use_adaptive_ngroute,0.0035391133124842433,0,false,0.1446,false,false,8.1,false,1.188551e6,1.1843445833333335e6,false,2
0.51,use_lmSR3_cuts,0.0024529868722501513,2,false,0.16033333333333336,false,false,8.3,false,1.188551e6,1.1856355000000002e6,false,0
0.662,use_lmSR3_cuts,0.00030429208899451776,1,false,0.15625,false,false,8.3,false,1.188551e6,1.1881893333333335e6,false,0
0.141,none,0.0,0,false,0.132,true,false,8.3,false,1.188551e6,1.188551e6,false,0
