CG_time_taken,method,CG_LP_IP_gap,implemented_SR3_cuts_count,errored,CG_sp_time_taken_mean,converged,CGIP_artificial,ngroute_neighborhood_size,time_limit_reached,CGIP_objective,CGLP_objective,CGLP_artificial,cycles_lookup_length
1.749,use_adaptive_ngroute,0.2159192355575139,0,false,0.08057142857142857,false,false,5.0,false,1.561504e6,1.2243452499999998e6,false,21
1.845,use_adaptive_ngroute,0.09370784276187738,0,false,0.20862499999999998,false,false,6.916666666666666,false,1.4154e6,1.2827659193548388e6,false,6
1.848,use_adaptive_ngroute,0.04944116221761685,0,false,0.2905,false,false,7.666666666666667,false,1.357818e6,1.2906859e6,false,6
0.583,use_lmSR3_cuts,0.04731046428902841,4,false,0.279,false,false,8.208333333333334,false,1.357818e6,1.293579e6,false,0
1.481,use_adaptive_ngroute,0.04370431088702609,0,false,0.45933333333333337,false,false,8.208333333333334,false,1.357818e6,1.2984755e6,false,5
0.855,use_adaptive_ngroute,0.03233195068196926,0,false,0.418,false,false,8.416666666666666,false,1.346688e6,1.3031469500000002e6,false,2
0.879,use_adaptive_ngroute,0.03231219851962719,0,false,0.4335,false,false,8.5,false,1.346688e6,1.3031735500000003e6,false,3
0.876,use_lmSR3_cuts,0.03233701867099137,7,false,0.432,false,false,8.625,false,1.346688e6,1.303140125e6,false,0
3.44,use_lmSR3_cuts,0.03026090675791271,10,false,0.6412,false,false,8.625,false,1.346688e6,1.305936e6,false,0
1.299,use_lmSR3_cuts,0.028887482127942676,4,false,0.6045,false,false,8.625,false,1.346688e6,1.307785574468085e6,false,0
1.152,use_adaptive_ngroute,0.027408352936983404,0,false,0.564,false,false,8.625,false,1.346688e6,1.3097774999999998e6,false,1
1.959,use_lmSR3_cuts,0.027443136840673787,4,false,0.643,false,false,8.833333333333332,false,1.346688e6,1.3097306569343067e6,false,0
2.608,use_lmSR3_cuts,0.02628402050066536,10,false,0.8606666666666667,false,false,8.833333333333332,false,1.346688e6,1.311291625e6,false,0
2.855,use_adaptive_ngroute,0.024586244178310013,0,false,0.9156666666666666,false,false,8.833333333333332,false,1.346688e6,1.313578e6,false,1
1.869,use_lmSR3_cuts,0.0241145313539588,10,false,0.925,false,false,9.083333333333334,false,1.346688e6,1.31421325e6,false,0
3.154,none,0.0,0,false,1.0413333333333334,true,false,9.083333333333334,false,1.312969e6,1.312969e6,false,0
