CG_time_taken,method,CG_LP_IP_gap,implemented_SR3_cuts_count,errored,CG_sp_time_taken_mean,converged,CGIP_artificial,ngroute_neighborhood_size,time_limit_reached,CGIP_objective,CGLP_objective,CGLP_artificial,cycles_lookup_length
2.303,use_adaptive_ngroute,0.12447189940275949,0,false,0.13664285714285712,false,false,7.291666666666667,false,1.493919e6,1.307968064516129e6,false,11
1.744,use_adaptive_ngroute,0.10975885428717225,0,false,0.23514285714285715,false,false,8.5,false,1.493919e6,1.329948162162162e6,false,3
0.467,use_SR3_cuts,0.10853614969500791,3,false,0.225,false,false,8.625,false,1.493919e6,1.3317747837837834e6,false,0
2.118,use_SR3_cuts,0.10296073615771673,2,false,0.413,false,false,8.625,false,1.493919e6,1.340104e6,false,0
1.349,use_adaptive_ngroute,0.10256674363178064,0,false,0.43966666666666665,false,false,8.625,false,1.493919e6,1.3406925929203539e6,false,1
1.683,use_SR3_cuts,0.10208896665730038,10,false,0.5529999999999999,false,false,8.666666666666668,false,1.493443e6,1.3409789473684214e6,false,0
1.161,use_SR3_cuts,0.09389945842518843,5,false,0.5654999999999999,false,false,8.666666666666668,false,1.493443e6,1.3532095111111114e6,false,0
1.497,use_SR3_cuts,0.09278693595939047,2,false,0.736,false,false,8.666666666666668,false,1.493443e6,1.354871e6,false,0
1.483,use_SR3_cuts,0.09170787118147083,1,false,0.709,false,false,8.666666666666668,false,1.493443e6,1.3564825217391306e6,false,0
2.871,use_SR3_cuts,0.09091863566269354,10,false,0.9413333333333332,false,false,8.666666666666668,false,1.493443e6,1.3576612e6,false,0
4.612,use_adaptive_ngroute,0.08317456444139937,0,false,0.8983999999999999,false,false,8.666666666666668,false,1.491686e6,1.3676156666666667e6,false,1
9.585,use_SR3_cuts,0.0823987085753971,10,false,1.5453333333333332,false,false,8.708333333333334,false,1.491686e6,1.3687730000000002e6,false,0
5.615,use_SR3_cuts,0.08136944817251524,10,false,1.39,false,false,8.708333333333334,false,1.491686e6,1.3703083333333335e6,false,0
4.31,use_SR3_cuts,0.05212054056552706,10,false,2.137,false,false,8.708333333333334,false,1.449371e6,1.3738290000000014e6,false,0
7.339,use_SR3_cuts,0.05095175769350968,10,false,2.4166666666666665,false,false,8.708333333333334,false,1.449371e6,1.3755230000000002e6,false,0
4.857,use_SR3_cuts,0.049516997373343474,8,false,2.3885,false,false,8.708333333333334,false,1.449371e6,1.3776024999999998e6,false,0
10.456,use_adaptive_ngroute,0.0485105687236721,0,false,3.388666666666666,false,false,8.708333333333334,false,1.449371e6,1.3790611884984027e6,false,1
8.379,use_SR3_cuts,0.0485105687236721,10,false,4.167,false,false,8.833333333333332,false,1.449371e6,1.3790611884984027e6,false,0
8.751,use_SR3_cuts,0.048279250415901864,1,false,4.337999999999999,false,false,8.833333333333332,false,1.449371e6,1.379396454545454e6,false,0
4.439,use_SR3_cuts,0.04812270101086691,1,false,4.398000000000001,false,false,8.833333333333332,false,1.449371e6,1.3796233527131788e6,false,0
9.754,use_SR3_cuts,0.048115509199652906,6,false,4.85,false,false,8.833333333333332,false,1.449371e6,1.37963377631579e6,false,0
10.587,none,0.048106915424651175,0,false,5.255,false,false,8.833333333333332,false,1.449371e6,1.3796462318840579e6,false,0
