CG_time_taken,method,CG_LP_IP_gap,implemented_SR3_cuts_count,errored,CG_sp_time_taken_mean,converged,CGIP_artificial,ngroute_neighborhood_size,time_limit_reached,CGIP_objective,CGLP_objective,CGLP_artificial,cycles_lookup_length
4.694,use_adaptive_ngroute,0.051737966640946986,0,false,0.256125,false,false,7.291666666666667,false,1.364727e6,1.2941188000000003e6,false,5
1.079,use_SR3_cuts,0.040682495473453706,5,false,0.34700000000000003,false,false,7.833333333333334,false,1.364727e6,1.3092065e6,false,0
3.791,use_SR3_cuts,0.012481255832975102,2,false,0.7428,false,false,7.833333333333334,false,1.335082e6,1.3184185e6,false,0
2.336,use_SR3_cuts,0.011734693283092401,1,false,0.748,false,false,7.833333333333334,false,1.335082e6,1.3194152222222225e6,false,0
2.285,use_SR3_cuts,0.01150923896642897,10,false,0.75,false,false,7.833333333333334,false,1.335082e6,1.319716222222222e6,false,0
5.069,use_SR3_cuts,0.010172970648993807,2,false,1.6386666666666667,false,false,7.833333333333334,false,1.335082e6,1.32150025e6,false,0
1.939,use_adaptive_ngroute,0.007405375199823538,0,false,1.9209999999999998,false,false,7.833333333333334,false,1.335082e6,1.3251952168674693e6,false,3
4.448,use_SR3_cuts,0.007104563614819148,5,false,2.2025,false,false,8.25,false,1.335082e6,1.325596825e6,false,0
16.012,use_SR3_cuts,0.005280699362785968,1,false,3.9415,false,false,8.25,false,1.335082e6,1.328031833333333e6,false,0
9.021,use_SR3_cuts,0.0052733724335919385,10,false,4.481,false,false,8.25,false,1.335082e6,1.3280416153846153e6,false,0
13.377,none,0.0025166993488040523,0,false,4.420333333333333,false,false,8.25,false,1.335082e6,1.331722e6,false,0
