CG_time_taken,method,CG_LP_IP_gap,implemented_SR3_cuts_count,errored,CG_sp_time_taken_mean,converged,CGIP_artificial,ngroute_neighborhood_size,time_limit_reached,CGIP_objective,CGLP_objective,CGLP_artificial,cycles_lookup_length
5.532,use_adaptive_ngroute,0.07889475221054809,0,false,0.2533157894736842,false,false,7.291666666666667,false,1.334473e6,1.2291900833333333e6,false,6
1.931,use_SR3_cuts,0.05775693295569928,1,false,0.25999999999999995,false,false,8.208333333333334,false,1.307439e6,1.2319253333333335e6,false,0
3.184,use_SR3_cuts,0.04958854676967739,4,false,0.618,false,false,8.208333333333334,false,1.307439e6,1.2426049999999998e6,false,0
5.859,use_adaptive_ngroute,0.03376992051721783,0,false,1.4295,false,false,8.208333333333334,false,1.307439e6,1.2632868888888892e6,false,4
3.185,use_SR3_cuts,0.03300581588058071,4,false,1.5715,false,false,8.833333333333332,false,1.307439e6,1.2642859090909094e6,false,0
3.861,use_SR3_cuts,0.03225002275440769,1,false,1.9064999999999999,false,false,8.833333333333332,false,1.307439e6,1.2652740625e6,false,0
7.705,use_SR3_cuts,0.032244193258326725,1,false,2.55,false,false,8.833333333333332,false,1.307439e6,1.2652816842105265e6,false,0
2.617,use_SR3_cuts,0.03198917481950769,10,false,2.601,false,false,8.833333333333332,false,1.307439e6,1.2656151052631577e6,false,0
11.497,use_SR3_cuts,0.022952504858735123,10,false,2.8265000000000002,false,false,8.833333333333332,false,1.307439e6,1.2774300000000002e6,false,0
14.155,use_SR3_cuts,0.021106453150013027,10,false,4.6866666666666665,false,false,8.833333333333332,false,1.307439e6,1.2798436e6,false,0
23.232,use_SR3_cuts,0.018318339219734914,1,false,7.292333333333334,false,false,8.833333333333332,false,1.307439e6,1.283488888888889e6,false,0
29.683,use_SR3_cuts,0.016768659952777765,10,false,9.797666666666666,false,false,8.833333333333332,false,1.307439e6,1.2855150000000002e6,false,0
33.203,use_SR3_cuts,0.01484950210435676,1,false,10.972666666666667,false,false,8.833333333333332,false,1.307439e6,1.2880241818181819e6,false,0
39.655,use_SR3_cuts,0.013958602147658872,10,false,13.121666666666666,false,false,8.833333333333332,false,1.307439e6,1.289188979166667e6,false,0
35.073,use_SR3_cuts,0.013773452312458967,10,false,17.4745,false,false,8.833333333333332,false,1.307439e6,1.289431051282051e6,false,0
43.549,none,0.01367738865931889,0,false,14.438666666666666,false,false,8.833333333333332,false,1.307439e6,1.2895566486486488e6,false,0
