CG_time_taken,method,CG_LP_IP_gap,implemented_SR3_cuts_count,errored,CG_sp_time_taken_mean,converged,CGIP_artificial,ngroute_neighborhood_size,time_limit_reached,CGIP_objective,CGLP_objective,CGLP_artificial,cycles_lookup_length
2.053,use_adaptive_ngroute,0.23401422767341062,0,false,0.0817142857142857,false,false,5.0,false,1.523256e6,1.1667924236111112e6,false,18
2.057,use_adaptive_ngroute,0.14970703832928334,0,false,0.18999999999999997,false,false,6.583333333333333,false,1.480626e6,1.2589658666666665e6,false,8
1.681,use_lmSR3_cuts,0.02893892979344681,1,false,0.1955,false,false,7.125,false,1.30249e6,1.2647973333333335e6,false,0
1.104,use_lmSR3_cuts,0.022933424099652044,5,false,0.3186666666666667,false,false,7.125,false,1.30249e6,1.2726194444444443e6,false,0
1.387,use_adaptive_ngroute,0.022289998387703513,0,false,0.33799999999999997,false,false,7.125,false,1.30249e6,1.2734575e6,false,1
0.405,use_lmSR3_cuts,0.02182153669765874,10,false,0.395,false,false,7.166666666666666,false,1.30249e6,1.2740676666666665e6,false,0
3.116,use_adaptive_ngroute,0.012611333955451887,0,false,0.655,false,false,7.166666666666666,false,1.30249e6,1.2860638636363635e6,false,2
0.692,use_adaptive_ngroute,0.011088772390970836,0,false,0.673,false,false,7.291666666666667,false,1.30249e6,1.2880469848484844e6,false,1
1.286,use_lmSR3_cuts,0.010678852766569769,7,false,0.632,false,false,7.333333333333334,false,1.30249e6,1.2885809010600706e6,false,0
4.648,use_adaptive_ngroute,0.008332641185868295,0,false,0.7585,false,false,7.333333333333334,false,1.30249e6,1.2916368181818184e6,false,1
0.839,use_lmSR3_cuts,0.0064409662397768574,3,false,0.825,false,false,7.416666666666667,false,1.30249e6,1.294100705882353e6,false,0
0.866,use_lmSR3_cuts,0.005046487880905004,10,false,0.851,false,false,7.416666666666667,false,1.30249e6,1.295917e6,false,0
2.666,none,0.0,0,false,0.8733333333333333,true,false,7.416666666666667,false,1.289344e6,1.289344e6,false,0
