CG_time_taken,method,CG_LP_IP_gap,implemented_SR3_cuts_count,errored,CG_sp_time_taken_mean,converged,CGIP_artificial,ngroute_neighborhood_size,time_limit_reached,CGIP_objective,CGLP_objective,CGLP_artificial,cycles_lookup_length
3.982,use_adaptive_ngroute,0.14113613119112078,0,false,0.1706315789473684,false,false,7.291666666666667,false,1.402814e6,1.204826259259259e6,false,4
0.343,use_lmSR3_cuts,0.13833694274508235,6,false,0.162,false,false,7.625,false,1.402814e6,1.208753e6,false,0
2.682,use_adaptive_ngroute,0.07277481503148053,0,false,0.4166666666666667,false,false,7.625,false,1.330343e6,1.233527534246575e6,false,1
0.79,use_adaptive_ngroute,0.07274291022185708,0,false,0.3845,false,false,7.666666666666667,false,1.330343e6,1.233569978586724e6,false,2
0.442,use_lmSR3_cuts,0.07272810830532728,7,false,0.428,false,false,7.958333333333333,false,1.330343e6,1.233589670212766e6,false,0
1.923,use_lmSR3_cuts,0.07116641110007371,10,false,0.46375,false,false,7.958333333333333,false,1.330343e6,1.2356672631578946e6,false,0
2.926,use_adaptive_ngroute,0.05757988729222463,0,false,0.5496,false,false,7.958333333333333,false,1.330343e6,1.253742e6,false,3
2.175,use_lmSR3_cuts,0.05695258911488965,1,false,0.7113333333333335,false,false,8.333333333333332,false,1.330343e6,1.2545765217391304e6,false,0
2.11,use_lmSR3_cuts,0.056820692805511164,3,false,0.6926666666666665,false,false,8.333333333333332,false,1.330343e6,1.2547519890710379e6,false,0
0.778,use_lmSR3_cuts,0.05665353339623502,10,false,0.761,false,false,8.333333333333332,false,1.330343e6,1.2549743684210526e6,false,0
2.948,use_adaptive_ngroute,0.05379762521218001,0,false,0.705,false,false,8.333333333333332,false,1.330343e6,1.2587737058823528e6,false,5
1.741,use_adaptive_ngroute,0.053162249906247294,0,false,0.852,false,false,8.875,false,1.330343e6,1.2596189729729732e6,false,1
1.825,use_adaptive_ngroute,0.053028614495472026,0,false,0.8989999999999999,false,false,8.916666666666666,false,1.330343e6,1.2597967539062502e6,false,2
0.887,use_lmSR3_cuts,0.05286276764956521,1,false,0.867,false,false,9.0,false,1.330343e6,1.2600173870967745e6,false,0
0.919,use_lmSR3_cuts,0.0527145569679891,10,false,0.901,false,false,9.0,false,1.330343e6,1.2602145581395344e6,false,0
4.254,use_lmSR3_cuts,0.05287583728406897,1,false,0.8382,false,false,9.0,false,1.330343e6,1.2599999999999998e6,false,0
1.003,use_lmSR3_cuts,0.05282731178684352,10,false,0.972,false,false,9.0,false,1.330343e6,1.2600645555555553e6,false,0
1.274,use_lmSR3_cuts,0.05108052123503937,2,false,1.091,false,false,9.0,false,1.330343e6,1.262388386138614e6,false,0
2.076,use_lmSR3_cuts,0.050683690076688825,10,false,1.018,false,false,9.0,false,1.330343e6,1.2629163076923075e6,false,0
1.058,use_lmSR3_cuts,0.05010221048255992,5,false,1.021,false,false,9.0,false,1.330343e6,1.2636898749999998e6,false,0
1.128,use_lmSR3_cuts,0.04989284534963989,10,false,1.101,false,false,9.0,false,1.330343e6,1.263968402439024e6,false,0
3.084,use_lmSR3_cuts,0.05019272750660564,1,false,1.0,false,false,9.0,false,1.330343e6,1.2635694563106797e6,false,0
4.329,use_adaptive_ngroute,0.05015716042609131,0,false,1.06325,false,false,9.0,false,1.330343e6,1.2636167727272725e6,false,1
2.541,use_lmSR3_cuts,0.050134925157745536,2,false,1.2515,false,false,9.041666666666668,false,1.330343e6,1.2636463532608694e6,false,0
2.187,use_lmSR3_cuts,0.05013480239713697,1,false,1.0685,false,false,9.041666666666668,false,1.330343e6,1.2636465165745856e6,false,0
2.268,use_lmSR3_cuts,0.050132954915406036,10,false,1.1155000000000002,false,false,9.041666666666668,false,1.330343e6,1.263648974358974e6,false,0
3.841,none,0.05018630533629298,0,false,1.254,false,false,9.041666666666668,false,1.330343e6,1.263578e6,false,0
