CG_time_taken,method,CG_LP_IP_gap,implemented_SR3_cuts_count,errored,CG_sp_time_taken_mean,converged,CGIP_artificial,ngroute_neighborhood_size,time_limit_reached,CGIP_objective,CGLP_objective,CGLP_artificial,cycles_lookup_length
3.619,use_adaptive_ngroute,0.09996418097378579,0,false,0.21764285714285717,false,false,7.291666666666667,false,1.423359e6,1.2810740833333333e6,false,3
0.949,use_adaptive_ngroute,0.09608100606093217,0,false,0.30633333333333335,false,false,7.625,false,1.423359e6,1.2866012352941176e6,false,6
0.969,use_adaptive_ngroute,0.09523180729527836,0,false,0.314,false,false,8.5,false,1.423359e6,1.28780995e6,false,5
0.368,use_lmSR3_cuts,0.09421633380381667,9,false,0.358,false,false,8.875,false,1.423359e6,1.2892553333333333e6,false,0
5.806,use_adaptive_ngroute,0.05610051346878031,0,false,0.6027777777777779,false,false,8.875,false,1.405859e6,1.326989588235294e6,false,3
2.168,use_adaptive_ngroute,0.05010219730428156,0,false,0.7046666666666668,false,false,9.0,false,1.405859e6,1.335422375e6,false,2
1.301,use_lmSR3_cuts,0.04898198712805524,9,false,0.638,false,false,9.083333333333334,false,1.405859e6,1.3369972325581394e6,false,0
1.343,use_adaptive_ngroute,0.009581410557704229,0,false,0.6525,false,false,9.083333333333334,false,1.368031e6,1.3549233333333333e6,false,3
1.351,use_lmSR3_cuts,0.009522445032313032,1,false,0.6554999999999999,false,false,9.25,false,1.368031e6,1.3550039999999998e6,false,0
2.507,use_lmSR3_cuts,0.00864277442055994,10,false,0.608,false,false,9.25,false,1.368031e6,1.356207416666667e6,false,0
1.476,use_lmSR3_cuts,0.006259178337333027,2,false,0.681,false,false,9.25,false,1.368031e6,1.35946825e6,false,0
1.444,use_adaptive_ngroute,0.005985985759465073,0,false,0.709,false,false,9.25,false,1.368031e6,1.3598419859154932e6,false,2
0.806,use_lmSR3_cuts,0.005983660701645799,10,false,0.785,false,false,9.416666666666666,false,1.368031e6,1.3598451666666667e6,false,0
4.893,use_adaptive_ngroute,0.0033905664418422132,0,false,0.7895,false,false,9.416666666666666,false,1.368031e6,1.3633926e6,false,1
2.745,use_lmSR3_cuts,0.003091852450711974,10,false,0.8986666666666665,false,false,9.458333333333332,false,1.368031e6,1.36380125e6,false,0
2.564,use_lmSR3_cuts,0.0025895063781449235,2,false,0.836,false,false,9.458333333333332,false,1.368031e6,1.364488475e6,false,0
2.648,use_adaptive_ngroute,0.002251468462107553,0,false,0.8556666666666666,false,false,9.458333333333332,false,1.368031e6,1.3649509213483145e6,false,3
2.291,use_lmSR3_cuts,0.002162359945495629,10,false,1.123,false,false,9.625,false,1.368031e6,1.3650728245614036e6,false,0
8.008,use_adaptive_ngroute,0.0012129760867175543,0,false,1.2983333333333333,false,false,9.625,false,1.368031e6,1.3663716111111117e6,false,1
1.356,use_lmSR3_cuts,0.0012129760867178874,4,false,1.3199999999999998,false,false,9.791666666666666,false,1.368031e6,1.3663716111111112e6,false,0
3.466,use_lmSR3_cuts,0.0011393241594902515,10,false,1.1256666666666666,false,false,9.791666666666666,false,1.368031e6,1.3664723692307684e6,false,0
6.816,none,0.0005475022130346785,0,false,1.3155999999999999,false,false,9.791666666666666,false,1.368031e6,1.367282e6,false,0
