CG_time_taken,method,CG_LP_IP_gap,implemented_SR3_cuts_count,errored,CG_sp_time_taken_mean,converged,CGIP_artificial,ngroute_neighborhood_size,time_limit_reached,CGIP_objective,CGLP_objective,CGLP_artificial,cycles_lookup_length
3.423,use_adaptive_ngroute,0.05498640466817173,0,false,0.18033333333333332,false,false,7.291666666666667,false,1.234002e6,1.1661486666666667e6,false,4
0.8,use_lmSR3_cuts,0.045644577561462674,2,false,0.184,false,false,7.583333333333334,false,1.234002e6,1.1776765e6,false,0
1.555,use_adaptive_ngroute,0.036905421252448334,0,false,0.3725,false,false,7.583333333333334,false,1.234002e6,1.1884606363636362e6,false,5
1.019,use_adaptive_ngroute,0.03445310461409301,0,false,0.24475,false,false,7.875,false,1.234002e6,1.1914868e6,false,1
0.885,use_lmSR3_cuts,0.008693374009536292,10,false,0.28700000000000003,false,false,7.916666666666667,false,1.202341e6,1.1918886e6,false,0
1.817,use_lmSR3_cuts,0.004573744054307549,1,false,0.40325,false,false,7.916666666666667,false,1.202341e6,1.1968417999999998e6,false,0
1.664,none,0.0,0,false,0.39549999999999996,true,false,7.916666666666667,false,1.202341e6,1.202341e6,false,0
