CG_time_taken,method,CG_LP_IP_gap,implemented_SR3_cuts_count,errored,CG_sp_time_taken_mean,converged,CGIP_artificial,ngroute_neighborhood_size,time_limit_reached,CGIP_objective,CGLP_objective,CGLP_artificial,cycles_lookup_length
6.225,use_adaptive_ngroute,0.07889475221054809,0,false,0.2896315789473684,false,false,7.291666666666667,false,1.334473e6,1.2291900833333333e6,false,6
2.121,use_lmSR3_cuts,0.05775693295569928,1,false,0.287,false,false,8.208333333333334,false,1.307439e6,1.2319253333333335e6,false,0
2.568,use_lmSR3_cuts,0.04958854676967739,4,false,0.49380000000000007,false,false,8.208333333333334,false,1.307439e6,1.2426049999999998e6,false,0
3.622,use_adaptive_ngroute,0.04009638945551841,0,false,0.5738333333333333,false,false,8.208333333333334,false,1.307439e6,1.2550154166666665e6,false,4
1.425,use_lmSR3_cuts,0.04000064247739288,2,false,0.6990000000000001,false,false,8.75,false,1.307439e6,1.2551405999999999e6,false,0
4.256,use_lmSR3_cuts,0.03350921151961961,1,false,0.8276,false,false,8.75,false,1.307439e6,1.26362775e6,false,0
1.622,use_adaptive_ngroute,0.03341661203175206,0,false,0.797,false,false,8.75,false,1.307439e6,1.2637488181818181e6,false,2
2.253,use_lmSR3_cuts,0.033143980968391995,1,false,0.7256666666666666,false,false,8.833333333333332,false,1.307439e6,1.2641052666666666e6,false,0
1.771,use_lmSR3_cuts,0.03314398096839177,10,false,0.8725,false,false,8.833333333333332,false,1.307439e6,1.2641052666666668e6,false,0
3.467,use_adaptive_ngroute,0.026261263431793025,0,false,1.1263333333333332,false,false,8.833333333333332,false,1.307439e6,1.273104e6,false,2
2.686,use_lmSR3_cuts,0.025442614658631846,4,false,1.3150000000000002,false,false,8.916666666666666,false,1.307439e6,1.274174333333333e6,false,0
1.939,use_lmSR3_cuts,0.021954880240429575,10,false,0.9555,false,false,8.916666666666666,false,1.307439e6,1.278734333333333e6,false,0
2.882,use_adaptive_ngroute,0.021060039696979338,0,false,1.371,false,false,8.916666666666666,false,1.307439e6,1.279904282758621e6,false,2
3.097,use_lmSR3_cuts,0.020620847320601543,10,false,1.532,false,false,9.25,false,1.307439e6,1.2804785e6,false,0
3.848,use_lmSR3_cuts,0.020313954540331358,2,false,1.9004999999999999,false,false,9.25,false,1.307439e6,1.2808797435897437e6,false,0
1.919,use_lmSR3_cuts,0.020124059913487202,10,false,1.889,false,false,9.25,false,1.307439e6,1.2811280192307702e6,false,0
6.665,use_adaptive_ngroute,0.017724279297160583,0,false,2.1590000000000003,false,false,9.25,false,1.307439e6,1.2842655859999997e6,false,4
5.224,use_lmSR3_cuts,0.017709761000385016,3,false,2.5749999999999997,false,false,9.708333333333334,false,1.307439e6,1.2842845677874177e6,false,0
4.915,use_lmSR3_cuts,0.01728013079495272,10,false,2.435,false,false,9.708333333333334,false,1.307439e6,1.2848462830735778e6,false,0
10.987,use_adaptive_ngroute,0.015088859486965589,0,false,2.6494999999999997,false,false,9.708333333333334,false,1.307439e6,1.2877112366412212e6,false,2
2.927,use_lmSR3_cuts,0.014743380556727415,1,false,2.886,false,false,9.916666666666666,false,1.307439e6,1.2881629292682928e6,false,0
10.221,use_adaptive_ngroute,0.014461398372248913,0,false,3.3713333333333333,false,false,9.916666666666666,false,1.307439e6,1.2885316037735853e6,false,3
7.525,use_lmSR3_cuts,0.014380073291424544,10,false,3.7255000000000003,false,false,10.041666666666666,false,1.307439e6,1.2886379313559332e6,false,0
6.287,use_lmSR3_cuts,0.0130420874555226,10,false,3.0655,false,false,10.041666666666666,false,1.307439e6,1.290387266219239e6,false,0
15.329,use_lmSR3_cuts,0.012451670785404989,10,false,3.7415,false,false,10.041666666666666,false,1.307439e6,1.291159200000001e6,false,0
10.621,use_lmSR3_cuts,0.012102651208312776,10,false,3.484,false,false,10.041666666666666,false,1.307439e6,1.2916155218068548e6,false,0
9.997,use_lmSR3_cuts,0.011971227720757427,10,false,3.2809999999999997,false,false,10.041666666666666,false,1.307439e6,1.2917873500000006e6,false,0
7.045,use_lmSR3_cuts,0.011795195149885362,1,false,3.4819999999999998,false,false,10.041666666666666,false,1.307439e6,1.292017501848429e6,false,0
11.147,use_lmSR3_cuts,0.011789463835550462,10,false,3.6313333333333335,false,false,10.041666666666666,false,1.307439e6,1.2920249951923117e6,false,0
8.825,use_lmSR3_cuts,0.011557122895660465,10,false,2.879,false,false,10.041666666666666,false,1.307439e6,1.2923287667984206e6,false,0
6.853,use_lmSR3_cuts,0.011546759315912758,1,false,3.3754999999999997,false,false,10.041666666666666,false,1.307439e6,1.2923423165467624e6,false,0
12.693,use_lmSR3_cuts,0.011546004963212009,2,false,3.1010000000000004,false,false,10.041666666666666,false,1.307439e6,1.292343302816903e6,false,0
8.084,use_lmSR3_cuts,0.011544944980801608,10,false,3.9825000000000004,false,false,10.041666666666666,false,1.307439e6,1.2923446886792458e6,false,0
4.13,use_lmSR3_cuts,0.01152627687761243,10,false,4.061,false,false,10.041666666666666,false,1.307439e6,1.2923690960854113e6,false,0
12.577,use_lmSR3_cuts,0.011596313952909276,2,false,4.111999999999999,false,false,10.041666666666666,false,1.307439e6,1.2922775268817223e6,false,0
3.836,none,0.01156495860353357,0,false,3.728,false,false,10.041666666666666,false,1.307439e6,1.2923185220883547e6,false,0
