CG_time_taken,method,CG_LP_IP_gap,implemented_SR3_cuts_count,errored,CG_sp_time_taken_mean,converged,CGIP_artificial,ngroute_neighborhood_size,time_limit_reached,CGIP_objective,CGLP_objective,CGLP_artificial,cycles_lookup_length
4.455,use_adaptive_ngroute,0.10067326318912406,0,false,0.2948461538461538,false,false,7.291666666666667,false,1.423338e6,1.2800459189189186e6,false,6
2.546,use_adaptive_ngroute,0.036952926341511816,0,false,0.49279999999999996,false,false,8.291666666666666,false,1.340633e6,1.2910926875e6,false,3
1.216,use_lmSR3_cuts,0.014768056214581105,2,false,0.39566666666666667,false,false,8.541666666666666,false,1.312969e6,1.2935789999999977e6,false,0
1.913,use_adaptive_ngroute,0.0074859916723091224,0,false,0.6000000000000001,false,false,8.541666666666666,false,1.312969e6,1.303140125e6,false,3
1.277,use_lmSR3_cuts,0.0074859916723091224,7,false,0.628,false,false,8.958333333333332,false,1.312969e6,1.303140125e6,false,0
2.905,use_lmSR3_cuts,0.0053565621122814155,10,false,0.69875,false,false,8.958333333333332,false,1.312969e6,1.305936e6,false,0
1.57,use_adaptive_ngroute,0.0023531591378014305,0,false,0.7315,false,false,8.958333333333332,false,1.312969e6,1.309879375e6,false,2
1.906,use_lmSR3_cuts,0.002811116706418204,3,false,0.6253333333333333,false,false,9.041666666666668,false,1.312969e6,1.3092780909090908e6,false,0
1.925,use_adaptive_ngroute,0.0022791855710225795,0,false,0.6313333333333333,false,false,9.041666666666668,false,1.312969e6,1.3099765e6,false,1
0.667,use_lmSR3_cuts,0.0021978812904188683,10,false,0.654,false,false,9.333333333333334,false,1.312969e6,1.31008325e6,false,0
1.97,use_lmSR3_cuts,0.0005430440474986087,1,false,0.9684999999999999,false,false,9.333333333333334,false,1.312969e6,1.3122559999999998e6,false,0
2.755,none,0.0,0,false,0.9103333333333333,true,false,9.333333333333334,false,1.312969e6,1.312969e6,false,0
