CG_time_taken,method,CG_LP_IP_gap,implemented_SR3_cuts_count,errored,CG_sp_time_taken_mean,converged,CGIP_artificial,ngroute_neighborhood_size,time_limit_reached,CGIP_objective,CGLP_objective,CGLP_artificial,cycles_lookup_length
12.296,use_adaptive_ngroute,0.15368990568975693,0,false,0.4476666666666666,false,false,8.357142857142856,false,1.505987e6,1.274532e6,false,4
3.594,use_SR3_cuts,0.15337615796152293,5,false,0.7022,false,false,9.214285714285714,false,1.505987e6,1.2750045e6,false,0
19.456,use_adaptive_ngroute,0.03687554347746125,0,false,1.8818999999999995,false,false,9.214285714285714,false,1.359302e6,1.309177e6,false,3
8.274,use_adaptive_ngroute,0.03191012740362331,0,false,1.6287999999999998,false,false,9.357142857142858,false,1.359302e6,1.3159265e6,false,3
11.61,use_adaptive_ngroute,0.03142519714775194,0,false,2.87675,false,false,9.714285714285715,false,1.359302e6,1.3165856666666665e6,false,2
3.475,use_adaptive_ngroute,0.030342615384791105,0,false,1.1453333333333333,false,false,9.857142857142858,false,1.359302e6,1.3180572222222227e6,false,4
1.859,use_SR3_cuts,0.03021158408261504,2,false,1.84,false,false,10.0,false,1.359302e6,1.3182353333333333e6,false,0
4.316,use_adaptive_ngroute,0.02805900871672873,0,false,2.1385,false,false,10.0,false,1.359302e6,1.3211613333333333e6,false,1
8.722,use_SR3_cuts,0.02793770462912437,2,false,2.8873333333333333,false,false,10.071428571428573,false,1.359302e6,1.321326222222222e6,false,0
8.135,use_adaptive_ngroute,0.027828225782764338,0,false,4.051,false,false,10.071428571428573,false,1.359302e6,1.3214750370370368e6,false,2
3.089,use_SR3_cuts,0.027819261486982105,2,false,3.071,false,false,10.285714285714286,false,1.359302e6,1.3214872222222222e6,false,0
3.011,use_SR3_cuts,0.027750455748612124,10,false,2.9810000000000003,false,false,10.285714285714286,false,1.359302e6,1.32158075e6,false,0
117.17,use_SR3_cuts,0.008152407142292928,4,false,23.333599999999997,false,false,10.285714285714286,false,1.359302e6,1.348220416666667e6,false,0
86.874,use_SR3_cuts,0.0065805352913542725,10,false,21.51175,false,false,10.285714285714286,false,1.359302e6,1.3503570652173916e6,false,0
249.075,none,-2.220446049250313e-16,0,false,62.15650000000001,true,false,10.285714285714286,false,1.359302e6,1.3593020000000002e6,false,0
