CG_time_taken,method,CG_LP_IP_gap,implemented_SR3_cuts_count,errored,CG_sp_time_taken_mean,converged,CGIP_artificial,ngroute_neighborhood_size,time_limit_reached,CGIP_objective,CGLP_objective,CGLP_artificial,cycles_lookup_length
9.744,use_adaptive_ngroute,0.10454376606278659,0,false,0.38372727272727275,false,false,8.357142857142856,false,1.492883e6,1.336811388888889e6,false,11
3.818,use_adaptive_ngroute,0.08986276580233388,0,false,0.6085,false,false,9.5,false,1.488277e6,1.3545363125e6,false,4
2.397,use_adaptive_ngroute,0.08536234888587302,0,false,0.58675,false,false,9.892857142857142,false,1.488277e6,1.3612341794871795e6,false,1
2.504,use_adaptive_ngroute,0.08523029116977687,0,false,0.614,false,false,9.928571428571427,false,1.488277e6,1.361430717948718e6,false,3
0.746,use_adaptive_ngroute,0.08517208527414943,0,false,0.732,false,false,10.178571428571429,false,1.488277e6,1.3615173444444446e6,false,4
2.554,use_SR3_cuts,0.08457268595384715,5,false,0.8406666666666667,false,false,10.571428571428571,false,1.488277e6,1.3624094166666663e6,false,0
3.024,use_SR3_cuts,0.0825192487688784,1,false,0.9956666666666666,false,false,10.571428571428571,false,1.488277e6,1.3654655e6,false,0
5.843,use_SR3_cuts,0.043608827177744725,1,false,1.4327500000000002,false,false,10.571428571428571,false,1.427727e6,1.3654655e6,false,0
5.25,use_SR3_cuts,0.043608827177744725,10,false,1.28925,false,false,10.571428571428571,false,1.427727e6,1.3654655e6,false,0
16.204,use_SR3_cuts,0.0032881413472218846,10,false,4.00675,false,false,10.571428571428571,false,1.388373e6,1.3838078333333335e6,false,0
6.379,none,0.0,0,false,3.169,true,false,10.571428571428571,false,1.388373e6,1.388373e6,false,0
