CG_time_taken,method,CG_LP_IP_gap,implemented_SR3_cuts_count,errored,CG_sp_time_taken_mean,converged,CGIP_artificial,ngroute_neighborhood_size,time_limit_reached,CGIP_objective,CGLP_objective,CGLP_artificial,cycles_lookup_length
23.29,use_adaptive_ngroute,0.10530153706516543,0,false,1.150105263157895,false,false,8.357142857142856,false,1.377929e6,1.2328309583333337e6,false,9
11.646,use_adaptive_ngroute,0.10030315422637881,0,false,2.2922000000000002,false,false,9.642857142857142,false,1.377929e6,1.239718375e6,false,4
11.403,use_SR3_cuts,0.09932502569677648,6,false,3.784333333333333,false,false,9.785714285714285,false,1.377929e6,1.2410661666666665e6,false,0
87.595,use_adaptive_ngroute,0.009487115390886647,0,false,14.455333333333334,false,false,9.785714285714285,false,1.288126e6,1.2759053999999987e6,false,3
55.872,use_SR3_cuts,0.008279390660528407,11,false,13.933499999999999,false,false,9.964285714285714,false,1.288126e6,1.2774611016260162e6,false,0
120.139,use_adaptive_ngroute,0.0058536231148507145,0,false,39.952666666666666,false,false,9.964285714285714,false,1.288126e6,1.2805857958715598e6,false,5
98.505,use_SR3_cuts,0.005543104371273366,5,false,49.217,false,false,10.285714285714286,false,1.288126e6,1.280985783138649e6,false,0
246.704,use_SR3_cuts,0.004607207774811828,1,false,82.17366666666668,false,false,10.285714285714286,false,1.288126e6,1.2821913358778628e6,false,0
82.324,use_SR3_cuts,0.003936685827643838,10,false,82.284,false,false,10.285714285714286,false,1.288126e6,1.2830550526315805e6,false,0
176.344,use_SR3_cuts,0.002623543855722832,1,false,58.742,false,false,10.285714285714286,false,1.288126e6,1.2847465449473031e6,false,0
158.053,use_adaptive_ngroute,0.002420071881907293,0,false,78.99249999999999,false,false,10.285714285714286,false,1.288126e6,1.2850086424870463e6,false,1
156.838,use_SR3_cuts,0.002420071881907071,1,false,78.3805,false,false,10.321428571428571,false,1.288126e6,1.2850086424870465e6,false,0
304.466,use_SR3_cuts,0.002264446215242022,10,false,101.45033333333335,false,false,10.321428571428571,false,1.288126e6,1.2852091079545452e6,false,0
595.905,use_SR3_cuts,0.0004250639853728977,10,false,148.86675,false,false,10.321428571428571,false,1.288126e6,1.2875784640287776e6,false,0
297.286,none,3.3306690738754696e-16,0,false,74.21724999999999,true,false,10.321428571428571,false,1.288126e6,1.2881259999999995e6,false,0
