CG_time_taken,method,CG_LP_IP_gap,implemented_SR3_cuts_count,errored,CG_sp_time_taken_mean,converged,CGIP_artificial,ngroute_neighborhood_size,time_limit_reached,CGIP_objective,CGLP_objective,CGLP_artificial,cycles_lookup_length
17.136,use_adaptive_ngroute,0.04246441214129704,0,false,0.912,false,false,8.357142857142856,false,1.558095e6,1.4919314117647058e6,false,8
10.862,use_adaptive_ngroute,0.03162729418073462,0,false,1.78,false,false,9.214285714285714,false,1.548792e6,1.4998078997912316e6,false,4
4.48,use_SR3_cuts,0.02976849900745493,8,false,1.4716666666666665,false,false,9.428571428571429,false,1.548792e6,1.502686786885246e6,false,0
24.514,use_adaptive_ngroute,0.0030802756104046924,0,false,6.052,false,false,9.428571428571429,false,1.538572e6,1.5338327741935484e6,false,1
24.062,use_adaptive_ngroute,0.0014874588254563115,0,false,5.973249999999999,false,false,9.5,false,1.538572e6,1.5362834375e6,false,1
15.342,use_SR3_cuts,0.0013758936887091622,1,false,5.081333333333333,false,false,9.535714285714285,false,1.538572e6,1.5364550884955754e6,false,0
14.501,use_SR3_cuts,0.0006566695177954163,10,false,7.231,false,false,9.535714285714285,false,1.538572e6,1.5375616666666665e6,false,0
38.627,none,1.1102230246251565e-16,0,false,9.608249999999998,true,false,9.535714285714285,false,1.538572e6,1.5385719999999998e6,false,0
