CG_time_taken,method,CG_LP_IP_gap,implemented_SR3_cuts_count,errored,CG_sp_time_taken_mean,converged,CGIP_artificial,ngroute_neighborhood_size,time_limit_reached,CGIP_objective,CGLP_objective,CGLP_artificial,cycles_lookup_length
9.85,use_adaptive_ngroute,0.10454376606278659,0,false,0.3922727272727273,false,false,8.357142857142856,false,1.492883e6,1.336811388888889e6,false,11
3.793,use_adaptive_ngroute,0.08986276580233388,0,false,0.6036666666666667,false,false,9.5,false,1.488277e6,1.3545363125e6,false,4
2.406,use_adaptive_ngroute,0.08536234888587302,0,false,0.58075,false,false,9.892857142857142,false,1.488277e6,1.3612341794871795e6,false,1
2.497,use_adaptive_ngroute,0.08523029116977687,0,false,0.61225,false,false,9.928571428571427,false,1.488277e6,1.361430717948718e6,false,3
0.763,use_adaptive_ngroute,0.08517208527414943,0,false,0.746,false,false,10.178571428571429,false,1.488277e6,1.3615173444444446e6,false,4
2.577,use_lmSR3_cuts,0.08457268595384715,5,false,0.8483333333333332,false,false,10.571428571428571,false,1.488277e6,1.3624094166666663e6,false,0
2.495,use_lmSR3_cuts,0.0825192487688784,1,false,0.8193333333333335,false,false,10.571428571428571,false,1.488277e6,1.3654655e6,false,0
4.508,use_lmSR3_cuts,0.08144589940147529,2,false,1.11175,false,false,10.571428571428571,false,1.488277e6,1.3670629411764706e6,false,0
5.488,use_lmSR3_cuts,0.08114584852147799,10,false,1.0859999999999999,false,false,10.571428571428571,false,1.488277e6,1.3675095000000002e6,false,0
7.758,use_lmSR3_cuts,0.01945813760506354,7,false,1.9155,false,false,10.571428571428571,false,1.406139e6,1.3787781538461535e6,false,0
15.055,use_lmSR3_cuts,0.01705521289147094,10,false,2.4976666666666665,false,false,10.571428571428571,false,1.406139e6,1.382157e6,false,0
14.138,use_lmSR3_cuts,0.015450001742359776,10,false,2.322833333333333,false,false,10.571428571428571,false,1.406139e6,1.38441415e6,false,0
21.129,use_adaptive_ngroute,0.011585913162088568,0,false,2.9711428571428575,false,false,10.571428571428571,false,1.406139e6,1.389847595652174e6,false,1
11.516,use_lmSR3_cuts,0.010906586383414463,3,false,2.85175,false,false,10.642857142857142,false,1.406139e6,1.390802823529412e6,false,0
7.917,use_lmSR3_cuts,0.010574464307345544,8,false,2.6056666666666666,false,false,10.642857142857142,false,1.406139e6,1.3912698333333335e6,false,0
9.815,use_lmSR3_cuts,0.006570077073347225,3,false,3.2430000000000003,false,false,10.642857142857142,false,1.406139e6,1.3969005583941606e6,false,0
6.303,use_lmSR3_cuts,0.006540279209002131,10,false,3.094,false,false,10.642857142857142,false,1.406139e6,1.396942458333333e6,false,0
16.288,use_lmSR3_cuts,0.004581589623679938,2,false,3.2220000000000004,false,false,10.642857142857142,false,1.406139e6,1.3996966481481483e6,false,0
3.171,use_lmSR3_cuts,0.0028393218110553953,10,false,3.1189999999999998,false,false,10.642857142857142,false,1.406139e6,1.4021465188679243e6,false,0
15.658,use_lmSR3_cuts,0.002151203337003249,10,false,5.180666666666666,false,false,10.642857142857142,false,1.406139e6,1.4031141090909096e6,false,0
13.0,use_lmSR3_cuts,4.978170721470221e-5,10,false,4.282666666666666,false,false,10.642857142857142,false,1.406139e6,1.4060689999999988e6,false,0
8.779,none,-8.881784197001252e-16,0,false,4.3385,true,false,10.642857142857142,false,1.406139e6,1.4061390000000012e6,false,0
