CG_time_taken,method,CG_LP_IP_gap,implemented_SR3_cuts_count,errored,CG_sp_time_taken_mean,converged,CGIP_artificial,ngroute_neighborhood_size,time_limit_reached,CGIP_objective,CGLP_objective,CGLP_artificial,cycles_lookup_length
23.993,use_adaptive_ngroute,0.06761582064609517,0,false,1.222888888888889,false,false,8.357142857142856,false,1.454509e6,1.3561611803278688e6,false,2
9.64,use_lmSR3_cuts,0.06579375132658205,9,false,2.371,false,false,8.785714285714286,false,1.454509e6,1.3588113965517245e6,false,0
18.835,use_lmSR3_cuts,0.05851162269754362,1,false,3.6962,false,false,8.785714285714286,false,1.454509e6,1.3694033181818186e6,false,0
7.343,use_lmSR3_cuts,0.058228137467695396,1,false,3.6439999999999997,false,false,8.785714285714286,false,1.454509e6,1.36981565e6,false,0
3.623,use_lmSR3_cuts,0.0581453223987215,10,false,3.603,false,false,8.785714285714286,false,1.454509e6,1.369936105263158e6,false,0
28.537,use_lmSR3_cuts,0.05010054025244082,1,false,5.6414,false,false,8.785714285714286,false,1.444695e6,1.372315e6,false,0
11.425,use_lmSR3_cuts,0.049821934733628725,1,false,5.641,false,false,8.785714285714286,false,1.444695e6,1.3727175000000002e6,false,0
15.426,use_lmSR3_cuts,0.05205320154080961,10,false,5.099666666666667,false,false,8.785714285714286,false,1.444695e6,1.369494e6,false,0
28.782,use_adaptive_ngroute,0.04517608676341145,0,false,5.7076,false,false,8.785714285714286,false,1.444695e6,1.3794293333333333e6,false,2
11.43,use_lmSR3_cuts,0.04517097226596445,1,false,5.6905,false,false,8.857142857142858,false,1.444695e6,1.3794367222222225e6,false,0
5.531,use_lmSR3_cuts,0.044936258988399036,10,false,5.492,false,false,8.857142857142858,false,1.444695e6,1.379775811320755e6,false,0
33.73,use_adaptive_ngroute,0.03944126320412322,0,false,6.708200000000001,false,false,8.857142857142858,false,1.444695e6,1.3877144042553192e6,false,3
15.503,use_lmSR3_cuts,0.03713125146368823,1,false,7.7075,false,false,9.107142857142858,false,1.444695e6,1.391051666666667e6,false,0
8.525,use_lmSR3_cuts,0.0369863031800689,2,false,8.479999999999999,false,false,9.107142857142858,false,1.444695e6,1.3912610727272704e6,false,0
21.58,use_lmSR3_cuts,0.03696328060017273,10,false,7.143999999999999,false,false,9.107142857142858,false,1.444695e6,1.3912943333333335e6,false,0
20.064,none,0.03485960704508562,0,false,9.963000000000001,false,false,9.107142857142858,false,1.444695e6,1.3943335e6,false,0
