CG_time_taken,method,CG_LP_IP_gap,implemented_SR3_cuts_count,errored,CG_sp_time_taken_mean,converged,CGIP_artificial,ngroute_neighborhood_size,time_limit_reached,CGIP_objective,CGLP_objective,CGLP_artificial,cycles_lookup_length
10.711,use_adaptive_ngroute,0.036448074063051616,0,false,0.4924736842105263,false,false,8.357142857142856,false,1.469349e6,1.4157940588235292e6,false,5
2.281,use_adaptive_ngroute,0.02934997263493999,0,false,0.7376666666666667,false,false,8.785714285714286,false,1.469349e6,1.4262236470588236e6,false,5
4.31,use_adaptive_ngroute,0.024863816076147516,0,false,0.7053333333333334,false,false,9.071428571428571,false,1.469349e6,1.4328153767123288e6,false,2
0.664,use_lmSR3_cuts,0.02440366447998432,7,false,0.651,false,false,9.214285714285714,false,1.469349e6,1.4334914999999995e6,false,0
5.856,use_adaptive_ngroute,0.020468588470132,0,false,1.396,false,false,9.214285714285714,false,1.469349e6,1.4392735e6,false,3
5.96,use_lmSR3_cuts,0.020468588470132,10,false,1.4700000000000002,false,false,9.785714285714285,false,1.469349e6,1.4392735e6,false,0
6.753,use_adaptive_ngroute,0.016317186500053427,0,false,1.1078333333333332,false,false,9.785714285714285,false,1.469349e6,1.445373358333333e6,false,1
2.366,use_lmSR3_cuts,0.014353975808334196,10,false,1.1715,false,false,9.821428571428571,false,1.469349e6,1.448258e6,false,0
2.822,use_lmSR3_cuts,0.01415561956658773,2,false,1.391,false,false,9.821428571428571,false,1.469349e6,1.448549454545454e6,false,0
3.732,use_lmSR3_cuts,0.013225481818716078,1,false,1.2273333333333332,false,false,9.821428571428571,false,1.469349e6,1.4499161515151514e6,false,0
1.267,use_lmSR3_cuts,0.013225481818716078,10,false,1.248,false,false,9.821428571428571,false,1.469349e6,1.4499161515151514e6,false,0
4.943,use_lmSR3_cuts,0.011201219043263544,1,false,1.5993333333333333,false,false,9.821428571428571,false,1.469349e6,1.4528904999999998e6,false,0
2.737,use_lmSR3_cuts,0.011088427072648566,10,false,1.3385000000000002,false,false,9.821428571428571,false,1.469349e6,1.453056230769231e6,false,0
8.593,use_lmSR3_cuts,0.009104398248161782,1,false,2.11675,false,false,9.821428571428571,false,1.469349e6,1.4559714615384617e6,false,0
4.704,use_lmSR3_cuts,0.008618631637396956,10,false,2.325,false,false,9.821428571428571,false,1.469349e6,1.4566852222222225e6,false,0
10.312,use_adaptive_ngroute,0.005078878184055946,0,false,2.53775,false,false,9.821428571428571,false,1.469349e6,1.4618863554191357e6,false,1
2.155,use_lmSR3_cuts,0.00490962444125953,4,false,2.1199999999999997,false,false,9.928571428571427,false,1.469349e6,1.4621350482368597e6,false,0
12.641,use_lmSR3_cuts,0.0033486815844548934,1,false,3.122,false,false,9.928571428571427,false,1.469349e6,1.4644286180625628e6,false,0
3.185,use_lmSR3_cuts,0.003259258511962404,10,false,3.1060000000000003,false,false,9.928571428571427,false,1.469349e6,1.4645600117647066e6,false,0
10.307,use_lmSR3_cuts,0.0012991252825133026,1,false,5.117,false,false,9.928571428571427,false,1.469349e6,1.4674401315652644e6,false,0
5.826,use_adaptive_ngroute,0.0011964797068483302,0,false,5.787,false,false,9.928571428571427,false,1.469349e6,1.4675909537392221e6,false,1
5.758,use_lmSR3_cuts,0.0011827584821496595,10,false,5.712,false,false,10.0,false,1.469349e6,1.467611115007012e6,false,0
14.372,none,9.992007221626409e-16,0,false,4.757000000000001,true,false,10.0,false,1.469349e6,1.4693489999999986e6,false,0
