CG_time_taken,method,CG_LP_IP_gap,implemented_SR3_cuts_count,errored,CG_sp_time_taken_mean,converged,CGIP_artificial,ngroute_neighborhood_size,time_limit_reached,CGIP_objective,CGLP_objective,CGLP_artificial,cycles_lookup_length
6.882,use_adaptive_ngroute,0.027590122903358383,0,false,0.3173157894736843,false,false,8.357142857142856,false,1.561525e6,1.5184423333333333e6,false,2
1.312,use_adaptive_ngroute,0.021169579048095244,0,false,0.4253333333333334,false,false,8.464285714285715,false,1.561525e6,1.528468173076923e6,false,2
1.488,use_lmSR3_cuts,0.021156820317416614,6,false,0.47600000000000003,false,false,8.857142857142858,false,1.561525e6,1.528488096153846e6,false,0
4.513,use_adaptive_ngroute,0.013546116776868788,0,false,0.6134285714285715,false,false,8.857142857142858,false,1.561525e6,1.5403724e6,false,1
0.67,use_lmSR3_cuts,0.01354611677686901,2,false,0.654,false,false,9.107142857142858,false,1.561525e6,1.5403723999999997e6,false,0
2.129,use_lmSR3_cuts,0.013546116776868677,1,false,0.697,false,false,9.107142857142858,false,1.561525e6,1.5403724000000001e6,false,0
2.228,use_adaptive_ngroute,0.01192424072621312,0,false,0.7270000000000001,false,false,9.107142857142858,false,1.561525e6,1.542905e6,false,1
2.128,use_lmSR3_cuts,0.01192424072621312,1,false,0.6913333333333334,false,false,9.285714285714285,false,1.561525e6,1.542905e6,false,0
1.507,use_lmSR3_cuts,0.0110530837909526,1,false,0.7394999999999999,false,false,9.285714285714285,false,1.561525e6,1.5442653333333328e6,false,0
2.386,use_lmSR3_cuts,0.010952370279054047,10,false,0.7823333333333334,false,false,9.285714285714285,false,1.561525e6,1.5444226e6,false,0
5.939,use_lmSR3_cuts,0.009872613844372324,1,false,0.9388333333333333,false,false,9.285714285714285,false,1.561525e6,1.5461086666666665e6,false,0
3.693,use_adaptive_ngroute,0.008772273898912886,0,false,0.9065,false,false,9.285714285714285,false,1.561525e6,1.547826875e6,false,1
2.006,use_adaptive_ngroute,0.008694253449446854,0,false,0.9865,false,false,9.357142857142858,false,1.561525e6,1.5479487058823525e6,false,1
1.864,use_lmSR3_cuts,0.00863427506036496,10,false,0.912,false,false,9.392857142857142,false,1.561525e6,1.5480423636363635e6,false,0
3.263,use_lmSR3_cuts,0.007292016885203201,10,false,1.0613333333333335,false,false,9.392857142857142,false,1.561525e6,1.550138333333333e6,false,0
1.07,use_lmSR3_cuts,0.005365908326796176,10,false,1.044,false,false,9.392857142857142,false,1.561525e6,1.5531459999999995e6,false,0
2.372,use_adaptive_ngroute,0.005230348537487606,0,false,1.165,false,false,9.392857142857142,false,1.561525e6,1.5533576799999997e6,false,2
2.267,use_adaptive_ngroute,0.005200513179925648,0,false,1.1019999999999999,false,false,9.5,false,1.561525e6,1.5534042686567167e6,false,4
1.195,use_lmSR3_cuts,0.0051919389479857525,2,false,1.137,false,false,9.714285714285715,false,1.561525e6,1.5534176575342466e6,false,0
2.602,use_lmSR3_cuts,0.005180267781213388,10,false,1.2805000000000002,false,false,9.714285714285715,false,1.561525e6,1.5534358823529407e6,false,0
2.495,use_adaptive_ngroute,0.004135169024716667,0,false,1.214,false,false,9.714285714285715,false,1.561525e6,1.5550678301886793e6,false,3
2.592,use_lmSR3_cuts,0.004200807970840104,2,false,1.2705,false,false,9.857142857142858,false,1.561525e6,1.554965333333334e6,false,0
1.188,use_adaptive_ngroute,0.00404503838966952,0,false,1.162,false,false,9.857142857142858,false,1.561525e6,1.5552085714285714e6,false,1
3.342,use_lmSR3_cuts,0.004740109828532901,10,false,1.0733333333333333,false,false,9.892857142857142,false,1.561525e6,1.5541232000000002e6,false,0
2.504,use_lmSR3_cuts,0.004383615375994632,10,false,1.1869999999999998,false,false,9.892857142857142,false,1.561525e6,1.554679875e6,false,0
2.749,use_lmSR3_cuts,0.004278829989913802,6,false,1.301,false,false,9.892857142857142,false,1.561525e6,1.5548434999999998e6,false,0
1.463,use_lmSR3_cuts,0.003820339447370702,10,false,1.4249999999999998,false,false,9.892857142857142,false,1.561525e6,1.5555594444444445e6,false,0
4.303,use_lmSR3_cuts,0.003681497254286681,1,false,1.3980000000000001,false,false,9.892857142857142,false,1.561525e6,1.55577625e6,false,0
6.553,use_lmSR3_cuts,0.0036059621203631265,2,false,1.6022499999999997,false,false,9.892857142857142,false,1.561525e6,1.5558942e6,false,0
3.452,use_lmSR3_cuts,0.003602550213556488,3,false,1.696,false,false,9.892857142857142,false,1.561525e6,1.5558995277777761e6,false,0
1.484,use_lmSR3_cuts,0.0036001131372643824,1,false,1.41,false,false,9.892857142857142,false,1.561525e6,1.5559033333333333e6,false,0
3.352,use_lmSR3_cuts,0.0035060455502017307,10,false,1.6360000000000001,false,false,9.892857142857142,false,1.561525e6,1.5560502222222213e6,false,0
3.907,none,0.003411284196894959,0,false,1.91,false,false,9.892857142857142,false,1.561525e6,1.5561981944444436e6,false,0
