CG_time_taken,method,CG_LP_IP_gap,implemented_SR3_cuts_count,errored,CG_sp_time_taken_mean,converged,CGIP_artificial,ngroute_neighborhood_size,time_limit_reached,CGIP_objective,CGLP_objective,CGLP_artificial,cycles_lookup_length
12.873,use_adaptive_ngroute,0.05003404749282481,0,false,0.7900714285714285,false,false,8.357142857142856,false,1.39244e6,1.322770590909091e6,false,10
10.277,use_lmSR3_cuts,0.0171979875056536,14,false,1.4370000000000003,false,false,9.464285714285714,false,1.355333e6,1.332024e6,false,0
12.722,use_adaptive_ngroute,0.001641109601846935,0,false,2.041,false,false,9.464285714285714,false,1.355333e6,1.35310875e6,false,3
13.265,use_lmSR3_cuts,5.35259265032062e-5,8,false,2.1878333333333337,false,false,9.714285714285715,false,1.355333e6,1.3552604545454546e6,false,0
5.249,none,0.0,0,false,1.6980000000000002,true,false,9.714285714285715,false,1.355333e6,1.355333e6,false,0
