CG_time_taken,method,CG_LP_IP_gap,implemented_SR3_cuts_count,errored,CG_sp_time_taken_mean,converged,CGIP_artificial,ngroute_neighborhood_size,time_limit_reached,CGIP_objective,CGLP_objective,CGLP_artificial,cycles_lookup_length
9.846,use_adaptive_ngroute,0.12097167764808836,0,false,0.5996666666666667,false,false,8.357142857142856,false,1.670508e6,1.4684238447154472e6,false,9
7.413,use_adaptive_ngroute,0.05294601955088041,0,false,1.2038333333333333,false,false,9.035714285714286,false,1.57752e6,1.4939965952380951e6,false,4
5.663,use_lmSR3_cuts,0.04379693802509299,3,false,1.38025,false,false,9.25,false,1.570555e6,1.5017695e6,false,0
8.468,use_adaptive_ngroute,0.03930693289951637,0,false,1.665,false,false,9.25,false,1.570555e6,1.5088213e6,false,1
2.65,use_lmSR3_cuts,0.03861416293390996,1,false,1.3155,false,false,9.285714285714285,false,1.570555e6,1.509909333333333e6,false,0
6.386,use_lmSR3_cuts,0.037912924624310174,1,false,1.242,false,false,9.285714285714285,false,1.570555e6,1.5110106666666665e6,false,0
1.623,use_lmSR3_cuts,0.037557848446356235,3,false,1.609,false,false,9.285714285714285,false,1.570555e6,1.511568333333333e6,false,0
3.039,use_lmSR3_cuts,0.036827876887830735,4,false,1.4945,false,false,9.285714285714285,false,1.570555e6,1.512714793814433e6,false,0
7.024,use_lmSR3_cuts,0.03153622464453287,1,false,1.6965000000000001,false,false,9.285714285714285,false,1.569484e6,1.5199884e6,false,0
4.105,use_lmSR3_cuts,0.03115881926332653,3,false,2.039,false,false,9.285714285714285,false,1.569484e6,1.5205807317073173e6,false,0
4.514,use_lmSR3_cuts,0.030806970005191392,10,false,2.244,false,false,9.285714285714285,false,1.569484e6,1.5211329534883723e6,false,0
6.048,use_adaptive_ngroute,0.02958891711148748,0,false,2.9774999999999996,false,false,9.285714285714285,false,1.569484e6,1.5230446680161941e6,false,1
5.351,use_lmSR3_cuts,0.029580813947469697,1,false,2.642,false,false,9.5,false,1.569484e6,1.5230573858024694e6,false,0
5.137,use_lmSR3_cuts,0.02953167339640883,10,false,2.5315,false,false,9.5,false,1.569484e6,1.5231345111111107e6,false,0
8.431,use_lmSR3_cuts,0.02758644621552886,1,false,4.1285,false,false,9.5,false,1.569484e6,1.526187514047867e6,false,0
12.988,use_lmSR3_cuts,0.02758644621552897,10,false,4.290666666666667,false,false,9.5,false,1.569484e6,1.5261875140478667e6,false,0
19.668,use_adaptive_ngroute,0.02745375882341261,0,false,3.889,false,false,9.5,false,1.569484e6,1.526395764786795e6,false,1
4.253,use_lmSR3_cuts,0.02744866264460477,10,false,4.229,false,false,9.571428571428571,false,1.569484e6,1.526403763157895e6,false,0
12.22,use_lmSR3_cuts,0.02665429857560253,1,false,6.0025,false,false,9.571428571428571,false,1.569484e6,1.527650504854369e6,false,0
5.638,use_lmSR3_cuts,0.02663624432575995,10,false,5.566999999999999,false,false,9.571428571428571,false,1.569484e6,1.527678840710629e6,false,0
11.453,use_lmSR3_cuts,0.026534623268964275,10,false,5.685500000000001,false,false,9.571428571428571,false,1.569484e6,1.5278383333333328e6,false,0
11.69,use_lmSR3_cuts,0.025691150121060602,1,false,5.784,false,false,9.571428571428571,false,1.569484e6,1.5291621509433973e6,false,0
5.048,use_lmSR3_cuts,0.025632866491010042,10,false,4.986000000000001,false,false,9.571428571428571,false,1.569484e6,1.5292536261682236e6,false,0
8.875,use_lmSR3_cuts,0.02507547467281701,10,false,4.3745,false,false,9.571428571428571,false,1.569484e6,1.5301284437086084e6,false,0
18.844,use_lmSR3_cuts,0.024829787053325614,1,false,6.231333333333333,false,false,9.571428571428571,false,1.569484e6,1.5305140464963983e6,false,0
6.386,use_lmSR3_cuts,0.024827095012829425,1,false,6.348,false,false,9.571428571428571,false,1.569484e6,1.5305182716108845e6,false,0
13.07,use_lmSR3_cuts,0.02482000496613268,10,false,6.4765,false,false,9.571428571428571,false,1.569484e6,1.5305293993257342e6,false,0
12.858,use_lmSR3_cuts,0.024826193222407533,10,false,6.372,false,false,9.571428571428571,false,1.569484e6,1.530519686956523e6,false,0
10.72,use_lmSR3_cuts,0.024744437039561196,10,false,5.296,false,false,9.571428571428571,false,1.569484e6,1.5306480019774013e6,false,0
6.43,use_lmSR3_cuts,0.02473753290275371,7,false,6.374,false,false,9.571428571428571,false,1.569484e6,1.5306588379096545e6,false,0
18.074,use_lmSR3_cuts,0.025150388170088855,3,false,5.966666666666666,false,false,9.571428571428571,false,1.569484e6,1.5300108681732563e6,false,0
24.301,none,0.025082030880114736,0,false,6.02,false,false,9.571428571428571,false,1.569484e6,1.530118153846154e6,false,0
