CG_time_taken,method,CG_LP_IP_gap,implemented_SR3_cuts_count,errored,CG_sp_time_taken_mean,converged,CGIP_artificial,ngroute_neighborhood_size,time_limit_reached,CGIP_objective,CGLP_objective,CGLP_artificial,cycles_lookup_length
11.993,use_adaptive_ngroute,0.024249751546861487,0,false,0.47286363636363626,false,false,8.357142857142856,false,1.301916e6,1.2703448604651163e6,false,5
2.113,use_adaptive_ngroute,0.023057491164304333,0,false,0.645,false,false,8.607142857142858,false,1.301916e6,1.2718970833333335e6,false,5
2.164,use_lmSR3_cuts,0.02271344695049471,7,false,0.705,false,false,8.928571428571429,false,1.301916e6,1.2723449999999998e6,false,0
3.069,use_adaptive_ngroute,0.017007683291395237,0,false,0.9803333333333334,false,false,8.928571428571429,false,1.301916e6,1.2797734249999998e6,false,9
2.049,use_lmSR3_cuts,0.016584719570775563,1,false,1.0065,false,false,9.714285714285715,false,1.301916e6,1.2803240882352942e6,false,0
1.286,use_adaptive_ngroute,0.01638976708174733,0,false,1.269,false,false,9.714285714285715,false,1.301916e6,1.2805779e6,false,1
2.313,use_adaptive_ngroute,0.016002297428423518,0,false,1.1424999999999998,false,false,9.75,false,1.301916e6,1.2810823529411766e6,false,1
2.477,use_lmSR3_cuts,0.0158464524592985,1,false,1.2059999999999997,false,false,9.785714285714285,false,1.301916e6,1.28128525e6,false,0
4.564,use_lmSR3_cuts,0.0158464524592985,10,false,1.5073333333333332,false,false,9.785714285714285,false,1.301916e6,1.28128525e6,false,0
5.993,use_lmSR3_cuts,0.015332978471729541,3,false,1.40325,false,false,9.785714285714285,false,1.301916e6,1.2819537499999998e6,false,0
5.214,use_lmSR3_cuts,0.01533197567619149,1,false,1.7073333333333334,false,false,9.785714285714285,false,1.301916e6,1.2819550555555555e6,false,0
2.47,use_lmSR3_cuts,0.015229605187021655,10,false,1.1729999999999998,false,false,9.785714285714285,false,1.301916e6,1.2820883333333335e6,false,0
3.68,use_lmSR3_cuts,0.013727767382841982,2,false,1.1966666666666668,false,false,9.785714285714285,false,1.301916e6,1.2840435999999999e6,false,0
1.451,use_lmSR3_cuts,0.01350233739420148,2,false,1.4249999999999998,false,false,9.785714285714285,false,1.301916e6,1.2843370909090908e6,false,0
1.257,use_lmSR3_cuts,0.013488773469255921,10,false,1.232,false,false,9.785714285714285,false,1.301916e6,1.2843547500000002e6,false,0
4.091,use_lmSR3_cuts,0.013229049424933081,2,false,1.2846666666666668,false,false,9.785714285714285,false,1.301916e6,1.2846928888888888e6,false,0
3.998,use_lmSR3_cuts,0.01285099784320154,3,false,1.2323333333333333,false,false,9.785714285714285,false,1.301916e6,1.2851850802919704e6,false,0
4.658,use_adaptive_ngroute,0.012560248809361685,0,false,1.5176666666666667,false,false,9.785714285714285,false,1.301916e6,1.285563611111111e6,false,1
1.352,use_lmSR3_cuts,0.012519400893247767,10,false,1.321,false,false,9.821428571428571,false,1.301916e6,1.2856167916666665e6,false,0
4.236,none,0.00978288921865711,0,false,2.0740000000000003,false,false,9.821428571428571,false,1.301916e6,1.2891795000000028e6,false,0
