CG_time_taken,method,CG_LP_IP_gap,implemented_SR3_cuts_count,errored,CG_sp_time_taken_mean,converged,CGIP_artificial,ngroute_neighborhood_size,time_limit_reached,CGIP_objective,CGLP_objective,CGLP_artificial,cycles_lookup_length
16.169,use_adaptive_ngroute,0.04246441214129704,0,false,0.854,false,false,8.357142857142856,false,1.558095e6,1.4919314117647058e6,false,8
10.334,use_adaptive_ngroute,0.03162729418073462,0,false,1.6936666666666664,false,false,9.214285714285714,false,1.548792e6,1.4998078997912316e6,false,4
4.298,use_lmSR3_cuts,0.02976849900745493,8,false,1.3973333333333333,false,false,9.428571428571429,false,1.548792e6,1.502686786885246e6,false,0
11.039,use_adaptive_ngroute,0.0022650873667270366,0,false,1.7933333333333334,false,false,9.428571428571429,false,1.538572e6,1.535087e6,false,1
10.656,use_adaptive_ngroute,0.0008278427348047401,0,false,2.6405,false,false,9.5,false,1.538572e6,1.537298304347826e6,false,1
2.47,use_adaptive_ngroute,0.0006562305142279179,0,false,2.452,false,false,9.535714285714285,false,1.538572e6,1.5375623421052634e6,false,1
2.461,use_lmSR3_cuts,0.0006562305142279179,2,false,2.444,false,false,9.571428571428571,false,1.538572e6,1.5375623421052634e6,false,0
5.586,use_adaptive_ngroute,0.0004985484147500552,0,false,2.7795,false,false,9.571428571428571,false,1.538572e6,1.5378049473684211e6,false,2
5.329,use_lmSR3_cuts,0.0004565597190120396,10,false,2.6355,false,false,9.714285714285715,false,1.538572e6,1.5378695500000003e6,false,0
9.26,none,0.0,0,false,3.0119999999999996,true,false,9.714285714285715,false,1.538572e6,1.538572e6,false,0
