CG_time_taken,method,CG_LP_IP_gap,implemented_SR3_cuts_count,errored,CG_sp_time_taken_mean,converged,CGIP_artificial,ngroute_neighborhood_size,time_limit_reached,CGIP_objective,CGLP_objective,CGLP_artificial,cycles_lookup_length
12.768,use_adaptive_ngroute,0.06946241996335067,0,false,0.6076842105263157,false,false,8.357142857142856,false,1.492771e6,1.389079513888889e6,false,3
3.498,use_adaptive_ngroute,0.05988613396891351,0,false,0.6856,false,false,8.642857142857142,false,1.492771e6,1.403374715909091e6,false,2
2.708,use_lmSR3_cuts,0.05976743757815195,11,false,0.8903333333333333,false,false,8.821428571428571,false,1.492771e6,1.4035519024390245e6,false,0
3.092,use_lmSR3_cuts,0.04414592057321587,1,false,1.0059999999999998,false,false,8.821428571428571,false,1.492771e6,1.42687125e6,false,0
3.505,use_adaptive_ngroute,0.042207495322457156,0,false,1.1543333333333332,false,false,8.821428571428571,false,1.492771e6,1.4297648750000002e6,false,1
4.585,use_adaptive_ngroute,0.04220749532245738,0,false,1.09725,false,false,8.964285714285714,false,1.492771e6,1.429764875e6,false,1
3.952,use_lmSR3_cuts,0.04198616887259854,3,false,1.2886666666666668,false,false,9.0,false,1.492771e6,1.4300952647058822e6,false,0
3.788,use_adaptive_ngroute,0.041438455730986146,0,false,1.2139999999999997,false,false,9.0,false,1.492771e6,1.430912875e6,false,2
1.094,use_adaptive_ngroute,0.041357835714773694,0,false,1.075,false,false,9.071428571428571,false,1.492771e6,1.4310332222222215e6,false,1
2.741,use_lmSR3_cuts,0.041253112500175826,10,false,1.3475,false,false,9.107142857142858,false,1.492771e6,1.43118955e6,false,0
3.462,use_lmSR3_cuts,0.039180506460484765,1,false,1.704,false,false,9.107142857142858,false,1.492771e6,1.4342834761904757e6,false,0
2.922,use_lmSR3_cuts,0.03910835338405794,10,false,1.4355,false,false,9.107142857142858,false,1.492771e6,1.4343911842105265e6,false,0
5.269,use_lmSR3_cuts,0.03793751775442411,10,false,1.6616666666666664,false,false,9.107142857142858,false,1.492771e6,1.4361389736842106e6,false,0
8.637,use_adaptive_ngroute,0.03623450559324626,0,false,2.1232499999999996,false,false,9.107142857142858,false,1.492771e6,1.4386811808510642e6,false,2
9.821,use_adaptive_ngroute,0.035853927621739,0,false,2.43525,false,false,9.428571428571429,false,1.492771e6,1.439249296610169e6,false,1
6.567,use_adaptive_ngroute,0.039855614074796986,0,false,2.1519999999999997,false,false,9.464285714285714,false,1.492771e6,1.4332756951219512e6,false,2
1.714,use_lmSR3_cuts,0.038074575944346156,1,false,1.69,false,false,9.535714285714285,false,1.492771e6,1.4359343771929825e6,false,0
4.578,use_lmSR3_cuts,0.03767628424998126,10,false,2.244,false,false,9.535714285714285,false,1.492771e6,1.4365289354838713e6,false,0
5.314,use_adaptive_ngroute,0.035606664010484956,0,false,2.5925,false,false,9.535714285714285,false,1.492771e6,1.4396184045584043e6,false,1
2.392,use_lmSR3_cuts,0.035600464120439046,10,false,2.367,false,false,9.607142857142858,false,1.492771e6,1.4396276595744682e6,false,0
9.405,use_lmSR3_cuts,0.03441335547606217,1,false,2.3045,false,false,9.607142857142858,false,1.492771e6,1.4413997409326432e6,false,0
4.35,use_lmSR3_cuts,0.03441250809243113,10,false,2.1275,false,false,9.607142857142858,false,1.492771e6,1.4414010058823535e6,false,0
3.107,use_adaptive_ngroute,0.03293656855762184,0,false,3.034,false,false,9.607142857142858,false,1.492771e6,1.4436042456176702e6,false,5
3.54,use_lmSR3_cuts,0.03292023509618747,2,false,3.508,false,false,10.142857142857144,false,1.492771e6,1.4436286277352292e6,false,0
3.795,use_lmSR3_cuts,0.03282762234419656,1,false,3.6679999999999997,false,false,10.142857142857144,false,1.492771e6,1.4437668773656313e6,false,0
15.708,use_lmSR3_cuts,0.03337408295262956,10,false,3.87825,false,false,10.142857142857144,false,1.492771e6,1.4429511368167202e6,false,0
6.598,use_lmSR3_cuts,0.03140570071522342,1,false,3.2135,false,false,10.142857142857144,false,1.492771e6,1.4458894807376352e6,false,0
6.352,use_adaptive_ngroute,0.03152358373153752,0,false,3.1105,false,false,10.142857142857144,false,1.492771e6,1.445713508389489e6,false,1
3.283,use_lmSR3_cuts,0.03132208441855633,1,false,3.247,false,false,10.178571428571429,false,1.492771e6,1.4460143007204272e6,false,0
8.589,use_lmSR3_cuts,0.030587126305598678,10,false,4.2335,false,false,10.178571428571429,false,1.492771e6,1.4471114248776652e6,false,0
9.557,use_lmSR3_cuts,0.029634476920701536,10,false,4.673000000000001,false,false,10.178571428571429,false,1.492771e6,1.4485335122526074e6,false,0
24.564,use_lmSR3_cuts,0.014417638211629447,1,false,4.859000000000001,false,false,10.178571428571429,false,1.471624e6,1.450406657584449e6,false,0
4.709,use_lmSR3_cuts,0.014416674088775228,10,false,4.641,false,false,10.178571428571429,false,1.471624e6,1.4504080764107802e6,false,0
31.447,use_adaptive_ngroute,0.013581252184232895,0,false,6.2326,false,false,10.178571428571429,false,1.471624e6,1.4516375033356305e6,false,1
14.504,use_lmSR3_cuts,0.013575958541661493,1,false,7.197499999999999,false,false,10.285714285714286,false,1.471624e6,1.451645293587086e6,false,0
12.042,use_adaptive_ngroute,0.013484341714845471,0,false,5.9525,false,false,10.285714285714286,false,1.471624e6,1.4517801191082322e6,false,1
5.837,use_lmSR3_cuts,0.013483705909077992,3,false,5.785,false,false,10.321428571428571,false,1.471624e6,1.451781054775259e6,false,0
24.134,use_lmSR3_cuts,0.013415184811615743,1,false,5.9725,false,false,10.321428571428571,false,1.471624e6,1.4518818920667907e6,false,0
19.293,use_lmSR3_cuts,0.013412766446266655,10,false,6.366666666666666,false,false,10.321428571428571,false,1.471624e6,1.4518854509912792e6,false,0
38.355,use_lmSR3_cuts,0.014827438741272347,10,false,7.589799999999999,false,false,10.321428571428571,false,1.471624e6,1.4498035852898138e6,false,0
14.882,use_adaptive_ngroute,0.013128612705880727,0,false,7.3580000000000005,false,false,10.321428571428571,false,1.471624e6,1.452303618455321e6,false,1
22.781,use_lmSR3_cuts,0.012965566363620229,10,false,7.5376666666666665,false,false,10.357142857142858,false,1.471624e6,1.4525435613657038e6,false,0
38.659,use_adaptive_ngroute,0.014298721228967137,0,false,9.585500000000001,false,false,10.357142857142858,false,1.471624e6,1.4505816586701425e6,false,1
17.64,use_lmSR3_cuts,0.013435229550400551,10,false,8.745,false,false,10.392857142857142,false,1.471624e6,1.4518523937481213e6,false,0
8.648,use_lmSR3_cuts,0.012482455146616056,1,false,8.537999999999998,false,false,10.392857142857142,false,1.471624e6,1.4532545194273163e6,false,0
9.98,use_lmSR3_cuts,0.01246597284424289,1,false,9.903,false,false,10.392857142857142,false,1.471624e6,1.453278775179064e6,false,0
9.761,use_lmSR3_cuts,0.0124549973786231,10,false,9.673,false,false,10.392857142857142,false,1.471624e6,1.4532949269376812e6,false,0
22.536,use_adaptive_ngroute,0.012186095495474336,0,false,11.199499999999999,false,false,10.392857142857142,false,1.471624e6,1.4536906494025681e6,false,1
10.915,use_lmSR3_cuts,0.012181738812001686,10,false,10.822,false,false,10.464285714285714,false,1.471624e6,1.4536970608025268e6,false,0
34.717,use_lmSR3_cuts,0.012064547082022092,10,false,11.492666666666667,false,false,10.464285714285714,false,1.471624e6,1.4538695229649663e6,false,0
39.568,use_lmSR3_cuts,0.011442981810880992,1,false,9.841750000000001,false,false,10.464285714285714,false,1.471624e6,1.4547842333355441e6,false,0
10.048,use_lmSR3_cuts,0.01143606305406919,10,false,9.912,false,false,10.464285714285714,false,1.471624e6,1.4547944151441185e6,false,0
24.338,use_adaptive_ngroute,0.011285613625459212,0,false,12.0685,false,false,10.464285714285714,false,1.471624e6,1.4550158201340472e6,false,4
23.434,use_lmSR3_cuts,0.01133603695274188,10,false,11.6395,false,false,10.642857142857142,false,1.471624e6,1.4549416159554583e6,false,0
19.004,use_lmSR3_cuts,0.0112410467802323,10,false,9.405999999999999,false,false,10.642857142857142,false,1.471624e6,1.4550814057730874e6,false,0
9.987,use_lmSR3_cuts,0.011204966451583864,1,false,9.771999999999998,false,false,10.642857142857142,false,1.471624e6,1.4551345024506543e6,false,0
10.186,use_lmSR3_cuts,0.011204830461965631,10,false,10.067,false,false,10.642857142857142,false,1.471624e6,1.4551347025762403e6,false,0
11.793,use_lmSR3_cuts,0.01117722985726921,7,false,11.638,false,false,10.642857142857142,false,1.471624e6,1.4551753202885261e6,false,0
37.017,use_lmSR3_cuts,0.011151586125975554,10,false,12.238999999999997,false,false,10.642857142857142,false,1.471624e6,1.4552130582189474e6,false,0
26.665,use_lmSR3_cuts,0.0111452329953593,10,false,13.217,false,false,10.642857142857142,false,1.471624e6,1.4552224076384373e6,false,0
23.405,use_lmSR3_cuts,0.011204460476076594,10,false,11.598,false,false,10.642857142857142,false,1.471624e6,1.4551352470563543e6,false,0
26.238,use_lmSR3_cuts,0.011141334557050575,9,false,13.0055,false,false,10.642857142857142,false,1.471624e6,1.455228144673815e6,false,0
13.465,use_lmSR3_cuts,0.011141232666993517,2,false,13.299,false,false,10.642857142857142,false,1.471624e6,1.4552282946176683e6,false,0
32.953,none,0.011141183921162923,0,false,16.349,false,false,10.642857142857142,false,1.471624e6,1.4552283663532026e6,false,0
