CG_time_taken,method,CG_LP_IP_gap,implemented_SR3_cuts_count,errored,CG_sp_time_taken_mean,converged,CGIP_artificial,ngroute_neighborhood_size,time_limit_reached,CGIP_objective,CGLP_objective,CGLP_artificial,cycles_lookup_length
17.299,use_adaptive_ngroute,0.13381093619842033,0,false,0.8183888888888888,false,false,8.0625,false,1.771021e6,1.5340390219629374e6,false,6
6.296,use_SR3_cuts,0.13163783130542395,8,false,1.2124000000000001,false,false,8.59375,false,1.771021e6,1.5378876363636367e6,false,0
17.259,use_SR3_cuts,0.03121630997598157,4,false,4.11325,false,false,8.59375,false,1.593151e6,1.543418704545455e6,false,0
11.752,use_adaptive_ngroute,0.028090494874622784,0,false,3.886333333333333,false,false,8.59375,false,1.593151e6,1.5483985999999999e6,false,4
13.892,use_SR3_cuts,0.027705707117529732,9,false,3.43075,false,false,8.71875,false,1.593151e6,1.5490116250000005e6,false,0
90.16,use_SR3_cuts,0.02222736684980753,2,false,17.8246,false,false,8.71875,false,1.593151e6,1.5577394482758623e6,false,0
107.327,use_SR3_cuts,0.020060988656934953,3,false,35.690666666666665,false,false,8.71875,false,1.593151e6,1.5611908158602153e6,false,0
83.432,use_adaptive_ngroute,0.019980883047644338,0,false,41.63850000000001,false,false,8.71875,false,1.593151e6,1.5613184361917623e6,false,1
140.255,use_adaptive_ngroute,0.01997660855379102,0,false,45.769666666666666,false,false,8.96875,false,1.593151e6,1.5613252461059194e6,false,1
39.886,use_SR3_cuts,0.019970201494877937,3,false,39.836000000000006,false,false,9.0,false,1.593151e6,1.5613354535182337e6,false,0
145.873,use_SR3_cuts,0.0199561601320829,10,false,48.55533333333334,false,false,9.0,false,1.593151e6,1.561357823529412e6,false,0
179.707,use_adaptive_ngroute,0.011633958306079273,0,false,44.72449999999999,false,false,9.0,false,1.593151e6,1.5746163476907115e6,false,2
195.802,use_adaptive_ngroute,0.01023135998245428,0,false,48.75875,false,false,9.125,false,1.593151e6,1.576850898612593e6,false,4
91.053,use_adaptive_ngroute,0.009922683620908646,0,false,30.229333333333333,false,false,9.25,false,1.593151e6,1.5773426666666658e6,false,2
84.6,use_adaptive_ngroute,0.00987236817373005,0,false,28.118666666666662,false,false,9.375,false,1.593151e6,1.5774228267716537e6,false,1
44.809,use_adaptive_ngroute,0.009632358031269828,0,false,22.3515,false,false,9.46875,false,1.593151e6,1.5778051991701245e6,false,3
26.378,use_SR3_cuts,0.00956378415327963,1,false,26.322000000000003,false,false,9.8125,false,1.593151e6,1.5779144477124184e6,false,0
57.333,use_SR3_cuts,0.009563784153279742,10,false,28.5675,false,false,9.8125,false,1.593151e6,1.5779144477124182e6,false,0
235.467,use_adaptive_ngroute,0.0067207722915704204,0,false,58.740750000000006,false,false,9.8125,false,1.593151e6,1.5824437949029123e6,false,1
64.357,use_SR3_cuts,0.006720772291570087,1,false,64.297,false,false,10.03125,false,1.593151e6,1.5824437949029128e6,false,0
82.789,use_SR3_cuts,0.006343560654324731,10,false,82.71,false,false,10.03125,false,1.593151e6,1.5830447500000019e6,false,0
261.86,use_adaptive_ngroute,0.0048233903482011176,0,false,64.99575,false,false,10.03125,false,1.593151e6,1.585466610843373e6,false,2
167.128,use_SR3_cuts,0.004706819078572733,2,false,83.444,false,false,10.09375,false,1.593151e6,1.5856523264781528e6,false,0
76.93,use_SR3_cuts,0.0045792897220663376,10,false,38.363,false,false,10.09375,false,1.593151e6,1.5858555000000002e6,false,0
213.443,use_adaptive_ngroute,0.0032438499910822927,0,false,70.99666666666667,false,false,10.09375,false,1.593151e6,1.5879830571428572e6,false,1
182.27,use_SR3_cuts,0.0032108799755504736,1,false,90.96700000000001,false,false,10.15625,false,1.593151e6,1.5880355833560717e6,false,0
78.998,use_SR3_cuts,0.0031305708543276634,10,false,78.856,false,false,10.15625,false,1.593151e6,1.588163527912857e6,false,0
435.027,use_SR3_cuts,0.002117186277947658,10,false,144.85033333333334,false,false,10.15625,false,1.593151e6,1.5897780025641015e6,false,0
408.273,none,0.0010228381004161458,0,false,231.071,false,false,10.15625,true,1.593151e6,1.591521464457484e6,false,0
