CG_time_taken,method,CG_LP_IP_gap,implemented_SR3_cuts_count,errored,CG_sp_time_taken_mean,converged,CGIP_artificial,ngroute_neighborhood_size,time_limit_reached,CGIP_objective,CGLP_objective,CGLP_artificial,cycles_lookup_length
24.976,use_adaptive_ngroute,0.12779771752520064,0,false,0.943625,false,false,8.0625,false,1.653617e6,1.4422885217391304e6,false,5
9.774,use_adaptive_ngroute,0.12180027176788832,0,false,1.5636666666666665,false,false,8.75,false,1.653617e6,1.4522059999999998e6,false,1
8.419,use_adaptive_ngroute,0.11781422179380097,0,false,1.6432000000000002,false,false,8.78125,false,1.653617e6,1.4587974000000001e6,false,4
4.767,use_adaptive_ngroute,0.11753774953028873,0,false,1.5503333333333331,false,false,9.0,false,1.653617e6,1.4592545792349726e6,false,4
3.15,use_SR3_cuts,0.1173863469131784,7,false,1.5105,false,false,9.46875,false,1.653617e6,1.4595049411764706e6,false,0
23.684,use_adaptive_ngroute,0.03685842064610445,0,false,5.739250000000001,false,false,9.46875,false,1.53188e6,1.4754173225806456e6,false,3
11.739,use_SR3_cuts,0.03479503497781722,4,false,5.8255,false,false,9.875,false,1.53188e6,1.4785781818181814e6,false,0
24.41,use_SR3_cuts,0.03343386340096288,10,false,8.097333333333333,false,false,9.875,false,1.53188e6,1.480663333333333e6,false,0
82.993,use_adaptive_ngroute,0.026587720392840186,0,false,20.557000000000002,false,false,9.875,false,1.53188e6,1.491150802884616e6,false,2
99.268,use_SR3_cuts,0.024934933602472786,3,false,24.74625,false,false,10.0625,false,1.53188e6,1.493682673913044e6,false,0
56.992,use_SR3_cuts,0.0240627855967831,10,false,28.416500000000003,false,false,10.0625,false,1.53188e6,1.4950187e6,false,0
85.789,use_SR3_cuts,0.022872524734433464,2,false,42.804500000000004,false,false,10.0625,false,1.53188e6,1.496842036809816e6,false,0
74.845,use_SR3_cuts,0.02278185167053781,10,false,37.36450000000001,false,false,10.0625,false,1.53188e6,1.4969809370629366e6,false,0
95.895,use_SR3_cuts,0.022518227421352677,10,false,47.83,false,false,10.0625,false,1.53188e6,1.4973847777777782e6,false,0
221.376,use_adaptive_ngroute,0.02007982307845968,0,false,110.2075,false,false,10.0625,false,1.53188e6,1.5011201206225692e6,false,3
259.979,use_SR3_cuts,0.020026841130704742,10,false,86.59433333333334,false,false,10.21875,false,1.53188e6,1.501201282608696e6,false,0
643.763,use_SR3_cuts,0.0192725786470076,2,false,160.81074999999998,false,false,10.21875,false,1.53188e6,1.502356722222222e6,false,0
347.152,use_SR3_cuts,0.01922673223447169,10,false,173.464,false,false,10.21875,false,1.53188e6,1.5024269534246575e6,false,0
489.566,use_SR3_cuts,0.01654588861820283,3,false,162.68266666666668,false,false,10.21875,false,1.53188e6,1.5065336841435474e6,false,0
180.624,use_SR3_cuts,0.01619660140450807,1,false,180.439,false,false,10.21875,false,1.53188e6,1.5070687502404621e6,false,0
371.604,use_SR3_cuts,0.0161937389775082,10,false,185.67200000000003,false,false,10.21875,false,1.53188e6,1.5070731351351347e6,false,0
440.204,none,0.01575525277861578,0,false,256.683,false,false,10.21875,true,1.53188e6,1.507744843373494e6,false,0
