CG_time_taken,method,CG_LP_IP_gap,implemented_SR3_cuts_count,errored,CG_sp_time_taken_mean,converged,CGIP_artificial,ngroute_neighborhood_size,time_limit_reached,CGIP_objective,CGLP_objective,CGLP_artificial,cycles_lookup_length
18.304,use_adaptive_ngroute,0.06384668559026208,0,false,0.8057500000000001,false,false,8.0625,false,1.516382e6,1.4195660352112672e6,false,9
5.892,use_adaptive_ngroute,0.048569360219254176,0,false,1.4164999999999999,false,false,8.875,false,1.505224e6,1.4321162333333334e6,false,6
2.992,use_SR3_cuts,0.048377057296659864,5,false,1.4695,false,false,9.3125,false,1.505224e6,1.4324056923076925e6,false,0
25.3,use_SR3_cuts,0.046869768220543895,10,false,3.0793749999999998,false,false,9.3125,false,1.505224e6,1.4346745e6,false,0
48.866,use_SR3_cuts,0.041063655641950914,1,false,7.9673333333333325,false,false,9.3125,false,1.505224e6,1.443414e6,false,0
15.882,use_adaptive_ngroute,0.03797890546523275,0,false,7.882,false,false,9.3125,false,1.505224e6,1.4480572400000005e6,false,5
26.035,use_adaptive_ngroute,0.03787808326202613,0,false,8.597333333333333,false,false,9.78125,false,1.505224e6,1.448209e6,false,2
15.521,use_SR3_cuts,0.03739767303736863,1,false,7.6875,false,false,10.03125,false,1.505224e6,1.4489321249999998e6,false,0
58.49,use_SR3_cuts,0.02509350960972967,10,false,11.610800000000001,false,false,10.03125,false,1.487815e6,1.4504805e6,false,0
31.121,use_adaptive_ngroute,0.020427529373870046,0,false,10.319666666666667,false,false,10.03125,false,1.487815e6,1.4574226153846155e6,false,3
22.131,use_SR3_cuts,0.02028857556808017,1,false,10.9815,false,false,10.15625,false,1.487815e6,1.4576293529411769e6,false,0
14.309,use_SR3_cuts,0.020056929120892075,10,false,14.221,false,false,10.15625,false,1.487815e6,1.457974e6,false,0
53.108,use_SR3_cuts,0.01981907099411606,10,false,17.60666666666667,false,false,10.15625,false,1.487815e6,1.4583278888888892e6,false,0
85.707,use_adaptive_ngroute,0.017514092483404964,0,false,21.338,false,false,10.15625,false,1.487815e6,1.4617572704918028e6,false,6
47.884,use_SR3_cuts,0.017404813674510522,10,false,23.901500000000002,false,false,10.375,false,1.487815e6,1.4619198571428582e6,false,0
70.254,use_SR3_cuts,0.017348518709407013,2,false,23.331333333333333,false,false,10.375,false,1.487815e6,1.4620036136363635e6,false,0
48.159,use_SR3_cuts,0.017311964189096085,1,false,23.958000000000002,false,false,10.375,false,1.487815e6,1.462058e6,false,0
62.561,use_adaptive_ngroute,0.017369790251314132,0,false,31.2025,false,false,10.375,false,1.487815e6,1.461971965517241e6,false,1
33.044,use_SR3_cuts,0.01724711415835667,10,false,32.971,false,false,10.40625,false,1.487815e6,1.4621544848484846e6,false,0
58.791,use_SR3_cuts,0.017162012750241873,1,false,29.339,false,false,10.40625,false,1.487815e6,1.462281099999999e6,false,0
75.025,use_SR3_cuts,0.017095561349157795,1,false,37.4065,false,false,10.40625,false,1.487815e6,1.4623799673913028e6,false,0
32.417,use_SR3_cuts,0.017094762285636,1,false,32.335,false,false,10.40625,false,1.487815e6,1.4623811562499965e6,false,0
30.279,use_SR3_cuts,0.0170877841253525,10,false,30.193,false,false,10.40625,false,1.487815e6,1.4623915384615387e6,false,0
32.022,use_SR3_cuts,0.016903871337050735,10,false,31.936,false,false,10.40625,false,1.487815e6,1.4626651666666658e6,false,0
147.97,use_SR3_cuts,0.016793471599202858,1,false,73.8425,false,false,10.40625,false,1.487815e6,1.462829421052632e6,false,0
226.455,use_SR3_cuts,0.016690309630739253,1,false,74.39666666666666,false,false,10.40625,false,1.487815e6,1.4629829069767417e6,false,0
226.069,use_SR3_cuts,0.016690309630738254,10,false,75.257,false,false,10.40625,false,1.487815e6,1.4629829069767431e6,false,0
224.521,use_SR3_cuts,0.016678490788122557,10,false,111.92899999999999,false,false,10.40625,false,1.487815e6,1.4630004912280694e6,false,0
562.713,use_SR3_cuts,0.01661436401702987,8,false,140.48425,false,false,10.40625,false,1.487815e6,1.4630959000000027e6,false,0
429.791,none,0.016530355663244678,0,false,143.12533333333332,false,false,10.40625,false,1.487815e6,1.4632208888888897e6,false,0
