CG_time_taken,method,CG_LP_IP_gap,implemented_SR3_cuts_count,errored,CG_sp_time_taken_mean,converged,CGIP_artificial,ngroute_neighborhood_size,time_limit_reached,CGIP_objective,CGLP_objective,CGLP_artificial,cycles_lookup_length
8.238,use_adaptive_ngroute,0.3124599645107091,0,false,0.31735294117647067,false,false,6.0,false,1.731856e6,1.1907203357023413e6,false,14
7.277,use_adaptive_ngroute,0.07241398656439901,0,false,0.7590000000000001,false,false,6.821428571428571,false,1.448342e6,1.3434617818713451e6,false,14
7.417,use_SR3_cuts,0.06181592707266359,8,false,1.2155,false,false,8.25,false,1.448342e6,1.3588113965517243e6,false,0
23.97,use_SR3_cuts,0.04561188520988546,1,false,3.9355,false,false,8.25,false,1.433782e6,1.3683845e6,false,0
15.707,use_SR3_cuts,0.04227490650600996,10,false,5.203,false,false,8.25,false,1.433782e6,1.373169e6,false,0
13.78,use_SR3_cuts,0.03708513567613503,1,false,6.854,false,false,8.25,false,1.433782e6,1.3806099999999998e6,false,0
23.838,use_adaptive_ngroute,0.03678619526216975,0,false,7.899000000000001,false,false,8.25,false,1.433782e6,1.3810386153846157e6,false,3
11.566,use_SR3_cuts,0.03677186164516888,1,false,5.746,false,false,8.571428571428571,false,1.433782e6,1.3810591666666665e6,false,0
4.537,use_SR3_cuts,0.03664746146083275,10,false,4.5200000000000005,false,false,8.571428571428571,false,1.433782e6,1.3812375294117643e6,false,0
58.291,use_adaptive_ngroute,0.030798615131170437,0,false,14.53725,false,false,8.571428571428571,false,1.433782e6,1.3896235000000002e6,false,1
68.942,use_SR3_cuts,0.030798615131170548,10,false,22.930666666666667,false,false,8.607142857142858,false,1.433782e6,1.3896235e6,false,0
85.457,use_SR3_cuts,0.030052337105641036,1,false,21.31225,false,false,8.607142857142858,false,1.433782e6,1.3906934999999998e6,false,0
19.22,use_SR3_cuts,0.030052337105642812,1,false,19.195,false,false,8.607142857142858,false,1.433782e6,1.3906934999999972e6,false,0
30.572,use_SR3_cuts,0.029910753517619515,10,false,15.246,false,false,8.607142857142858,false,1.433782e6,1.3908965000000005e6,false,0
76.046,none,0.027955435345122237,0,false,25.30166666666667,false,false,8.607142857142858,false,1.433782e6,1.3937e6,false,0
