CG_time_taken,method,CG_LP_IP_gap,implemented_SR3_cuts_count,errored,CG_sp_time_taken_mean,converged,CGIP_artificial,ngroute_neighborhood_size,time_limit_reached,CGIP_objective,CGLP_objective,CGLP_artificial,cycles_lookup_length
20.301,use_adaptive_ngroute,0.11000926915083764,0,false,0.9054499999999999,false,false,8.0625,false,1.755481e6,1.5623618181818184e6,false,14
11.151,use_adaptive_ngroute,0.09458403418830941,0,false,1.0775000000000001,false,false,9.375,false,1.739542e6,1.5750090999999999e6,false,1
4.671,use_SR3_cuts,0.07057547984189083,4,false,0.9021999999999999,false,false,9.6875,false,1.694777e6,1.5751672999999998e6,false,0
15.949,use_SR3_cuts,0.027003899651083962,1,false,3.1102000000000003,false,false,9.6875,false,1.625701e6,1.5818007333333332e6,false,0
15.316,use_adaptive_ngroute,0.026561403357689972,0,false,3.7462500000000003,false,false,9.6875,false,1.625701e6,1.5825201e6,false,3
5.071,use_SR3_cuts,0.02656140335768975,10,false,2.5054999999999996,false,false,9.90625,false,1.625701e6,1.5825201000000003e6,false,0
23.124,use_adaptive_ngroute,0.0071088996505419555,0,false,5.45475,false,false,9.90625,false,1.60132e6,1.5899363768115942e6,false,3
27.514,use_adaptive_ngroute,0.007064172058052209,0,false,5.4168,false,false,10.03125,false,1.60132e6,1.5900079999999998e6,false,1
10.571,use_SR3_cuts,0.007064172058052098,1,false,5.2425,false,false,10.15625,false,1.60132e6,1.590008e6,false,0
10.255,use_SR3_cuts,0.006618727050183515,1,false,5.071,false,false,10.15625,false,1.60132e6,1.5907213e6,false,0
12.365,use_SR3_cuts,0.006618727050183515,10,false,6.096,false,false,10.15625,false,1.60132e6,1.5907213e6,false,0
44.454,use_SR3_cuts,0.005566532610596253,10,false,8.843,false,false,10.15625,false,1.60132e6,1.5924062e6,false,0
21.675,use_adaptive_ngroute,0.0031048709139284147,0,false,10.778,false,false,10.15625,false,1.60132e6,1.5963481081081082e6,false,2
97.712,use_SR3_cuts,0.0017551145305123583,2,false,18.932600000000004,false,false,10.21875,false,1.60132e6,1.5985095e6,false,0
84.953,none,0.0,0,false,28.134,true,false,10.21875,false,1.60132e6,1.60132e6,false,0
