CG_time_taken,method,CG_LP_IP_gap,implemented_SR3_cuts_count,errored,CG_sp_time_taken_mean,converged,CGIP_artificial,ngroute_neighborhood_size,time_limit_reached,CGIP_objective,CGLP_objective,CGLP_artificial,cycles_lookup_length
5.783,use_adaptive_ngroute,0.38043473069705236,0,false,0.15781818181818186,false,false,6.0,false,2.07641e6,1.2864715208333335e6,false,20
4.148,use_adaptive_ngroute,0.0548088383536629,0,false,0.3539,false,false,6.964285714285714,false,1.523074e6,1.4395960833333333e6,false,4
2.271,use_adaptive_ngroute,0.03906802952450128,0,false,0.3653333333333333,false,false,7.107142857142857,false,1.523074e6,1.4635704999999998e6,false,4
1.311,use_adaptive_ngroute,0.03730352102951362,0,false,0.42333333333333334,false,false,7.321428571428571,false,1.523074e6,1.4662579770114946e6,false,5
2.798,use_adaptive_ngroute,0.03541913928624163,0,false,0.5488,false,false,7.642857142857142,false,1.523074e6,1.4691280298507467e6,false,4
1.008,use_SR3_cuts,0.03386551422355499,2,false,0.495,false,false,8.035714285714285,false,1.523074e6,1.4714943157894732e6,false,0
1.561,use_SR3_cuts,0.032775918963884765,2,false,0.7649999999999999,false,false,8.035714285714285,false,1.523074e6,1.47315385e6,false,0
0.845,use_SR3_cuts,0.031864748242841356,10,false,0.828,false,false,8.035714285714285,false,1.523074e6,1.4745416304347827e6,false,0
5.617,use_SR3_cuts,0.0268651721198645,3,false,1.8146666666666667,false,false,8.035714285714285,false,1.523074e6,1.4821563548387096e6,false,0
4.821,use_adaptive_ngroute,0.02504014340689298,0,false,2.3945,false,false,8.035714285714285,false,1.523074e6,1.4849360086206899e6,false,1
8.91,use_adaptive_ngroute,0.02535768124201454,0,false,2.958,false,false,8.071428571428571,false,1.523074e6,1.484452375e6,false,3
5.66,use_SR3_cuts,0.025002451183155583,3,false,2.8185000000000002,false,false,8.178571428571429,false,1.523074e6,1.4849934166666665e6,false,0
9.238,use_adaptive_ngroute,0.02382911382997288,0,false,4.5885,false,false,8.178571428571429,false,1.523074e6,1.486780496282528e6,false,2
8.614,use_adaptive_ngroute,0.023753371005640234,0,false,4.293,false,false,8.464285714285715,false,1.523074e6,1.4868958582089555e6,false,3
8.618,use_SR3_cuts,0.023747179562323306,10,false,4.281000000000001,false,false,8.607142857142858,false,1.523074e6,1.486905288235294e6,false,0
11.362,use_SR3_cuts,0.02193438992239083,10,false,5.6615,false,false,8.607142857142858,false,1.523074e6,1.4896663010033446e6,false,0
22.955,use_SR3_cuts,0.020419943951696218,1,false,5.709249999999999,false,false,8.607142857142858,false,1.523074e6,1.4919729142857143e6,false,0
5.311,use_SR3_cuts,0.020376984742945914,1,false,5.289,false,false,8.607142857142858,false,1.523074e6,1.4920383443396224e6,false,0
12.369,use_SR3_cuts,0.020376984742945914,10,false,6.142,false,false,8.607142857142858,false,1.523074e6,1.4920383443396224e6,false,0
37.668,use_SR3_cuts,0.01741271018600965,10,false,12.483333333333336,false,false,8.607142857142858,false,1.523074e6,1.4965531538461535e6,false,0
33.152,use_adaptive_ngroute,0.01605852589694201,0,false,11.007,false,false,8.607142857142858,false,1.523074e6,1.498615676728041e6,false,4
20.954,use_adaptive_ngroute,0.01581382591835745,0,false,10.44,false,false,8.857142857142858,false,1.523074e6,1.4989883729032236e6,false,3
23.144,use_SR3_cuts,0.015709324067495478,10,false,11.538,false,false,8.964285714285714,false,1.523074e6,1.4991475369552234e6,false,0
43.918,use_SR3_cuts,0.011477211882658822,4,false,14.594666666666667,false,false,8.964285714285714,false,1.517922e6,1.5005004875846507e6,false,0
32.314,use_SR3_cuts,0.011459172189418831,10,false,16.116500000000002,false,false,8.964285714285714,false,1.517922e6,1.500527870431893e6,false,0
98.298,use_SR3_cuts,0.010937183392113026,1,false,32.69899999999999,false,false,8.964285714285714,false,1.517922e6,1.501320208711077e6,false,0
45.466,use_SR3_cuts,0.010936532302104451,10,false,22.6795,false,false,8.964285714285714,false,1.517922e6,1.501321197014925e6,false,0
56.773,use_SR3_cuts,0.010555014813801389,1,false,28.335,false,false,8.964285714285714,false,1.517922e6,1.501900310803805e6,false,0
30.206,use_SR3_cuts,0.010555014813801056,7,false,30.161,false,false,8.964285714285714,false,1.517922e6,1.5019003108038055e6,false,0
117.683,use_SR3_cuts,0.010520181002288798,3,false,39.178333333333335,false,false,8.964285714285714,false,1.517922e6,1.5019531858126437e6,false,0
38.332,none,0.010515878614631102,0,false,38.281,false,false,8.964285714285714,false,1.517922e6,1.5019597165015219e6,false,0
