CG_time_taken,method,CG_LP_IP_gap,implemented_SR3_cuts_count,errored,CG_sp_time_taken_mean,converged,CGIP_artificial,ngroute_neighborhood_size,time_limit_reached,CGIP_objective,CGLP_objective,CGLP_artificial,cycles_lookup_length
17.523,use_adaptive_ngroute,0.06384668559026208,0,false,0.7681,false,false,8.0625,false,1.516382e6,1.4195660352112672e6,false,9
5.933,use_adaptive_ngroute,0.048569360219254176,0,false,1.4409999999999998,false,false,8.875,false,1.505224e6,1.4321162333333334e6,false,6
3.099,use_lmSR3_cuts,0.048377057296659864,5,false,1.5050000000000001,false,false,9.3125,false,1.505224e6,1.4324056923076925e6,false,0
14.676,use_adaptive_ngroute,0.04642157911380629,0,false,1.772375,false,false,9.3125,false,1.505224e6,1.435349125e6,false,1
6.722,use_lmSR3_cuts,0.04607453774321957,10,false,2.2116666666666664,false,false,9.46875,false,1.505224e6,1.4358715e6,false,0
10.789,use_adaptive_ngroute,0.04199219961060052,0,false,2.6395000000000004,false,false,9.46875,false,1.505224e6,1.4420163333333335e6,false,1
5.549,use_lmSR3_cuts,0.041865861825216566,4,false,2.725,false,false,9.5,false,1.505224e6,1.4422065000000002e6,false,0
8.595,use_lmSR3_cuts,0.03670392554837709,5,false,2.7963333333333336,false,false,9.5,false,1.505224e6,1.4499763703703696e6,false,0
7.121,use_adaptive_ngroute,0.03707651123384614,0,false,3.471,false,false,9.5,false,1.505224e6,1.4494155454545452e6,false,4
7.704,use_lmSR3_cuts,0.034884730334709846,1,false,3.8204999999999996,false,false,9.625,false,1.505224e6,1.4527146666666667e6,false,0
19.1,use_lmSR3_cuts,0.032648047732430574,2,false,3.7652000000000005,false,false,9.625,false,1.505224e6,1.456081375e6,false,0
6.473,use_lmSR3_cuts,0.03264804773243035,10,false,3.1414999999999997,false,false,9.625,false,1.505224e6,1.4560813750000002e6,false,0
5.469,use_adaptive_ngroute,0.030644729168669338,0,false,5.401,false,false,9.625,false,1.505224e6,1.4590968181818188e6,false,1
9.84,use_lmSR3_cuts,0.030545765621724952,1,false,4.873500000000001,false,false,9.65625,false,1.505224e6,1.4592457804878047e6,false,0
8.453,use_lmSR3_cuts,0.030374455894936814,3,false,4.1535,false,false,9.65625,false,1.505224e6,1.4595036399999997e6,false,0
10.069,use_lmSR3_cuts,0.030274453060363915,10,false,4.958,false,false,9.65625,false,1.505224e6,1.4596541666666667e6,false,0
17.611,use_adaptive_ngroute,0.026940194347668034,0,false,5.779999999999999,false,false,9.65625,false,1.505224e6,1.4646729729032258e6,false,2
11.975,use_lmSR3_cuts,0.026929362332807627,2,false,5.903,false,false,9.71875,false,1.505224e6,1.464689277511962e6,false,0
13.748,use_lmSR3_cuts,0.026851410487740868,1,false,6.816,false,false,9.71875,false,1.505224e6,1.4648066125000007e6,false,0
18.14,use_lmSR3_cuts,0.026647568733955906,10,false,5.992999999999999,false,false,9.71875,false,1.505224e6,1.46511344e6,false,0
24.82,use_adaptive_ngroute,0.023842913493164364,0,false,8.179333333333334,false,false,9.71875,false,1.505224e6,1.4693350743801652e6,false,1
28.605,use_lmSR3_cuts,0.023839177449470172,1,false,7.0905,false,false,9.75,false,1.505224e6,1.4693406979627986e6,false,0
24.549,use_lmSR3_cuts,0.023414077263239297,10,false,6.063,false,false,9.75,false,1.505224e6,1.469980568965518e6,false,0
14.219,use_adaptive_ngroute,0.022082360573238757,0,false,6.9905,false,false,9.75,false,1.505224e6,1.4719851008885072e6,false,1
8.74,use_lmSR3_cuts,0.02208233763954548,1,false,8.671,false,false,9.78125,false,1.505224e6,1.4719851354088527e6,false,0
9.059,use_lmSR3_cuts,0.0220685560447067,10,false,8.936,false,false,9.78125,false,1.505224e6,1.4720058797961625e6,false,0
31.777,use_adaptive_ngroute,0.021130924247199423,0,false,10.478666666666665,false,false,9.78125,false,1.505224e6,1.4734172256809336e6,false,1
31.248,use_lmSR3_cuts,0.021060874217613934,10,false,10.346333333333336,false,false,9.90625,false,1.505224e6,1.4735226666666663e6,false,0
44.078,use_adaptive_ngroute,0.019690652192442593,0,false,10.91675,false,false,9.90625,false,1.505224e6,1.4755851577442829e6,false,3
24.944,use_lmSR3_cuts,0.019550426248460928,1,false,12.3885,false,false,10.1875,false,1.5052239854527682e6,1.4757962149377593e6,false,0
27.692,use_lmSR3_cuts,0.01955043572401216,10,false,13.7555,false,false,10.1875,false,1.505224e6,1.4757962149377596e6,false,0
16.249,use_adaptive_ngroute,0.01817028660046982,0,false,15.895999999999999,false,false,10.1875,false,1.505224e6,1.4778736485220944e6,false,1
12.927,use_lmSR3_cuts,0.018163161418338736,10,false,12.805,false,false,10.21875,false,1.505224e6,1.4778843735172425e6,false,0
46.792,use_adaptive_ngroute,0.01809843374571829,0,false,15.433333333333334,false,false,10.21875,false,1.505224e6,1.477981803163535e6,false,3
17.379,use_lmSR3_cuts,0.0180984337457184,1,false,17.279,false,false,10.4375,false,1.505224e6,1.4779818031635347e6,false,0
17.785,use_lmSR3_cuts,0.018087382494179516,1,false,17.638,false,false,10.4375,false,1.505224e6,1.4779984377725811e6,false,0
18.027,use_lmSR3_cuts,0.018087104356083294,10,false,17.902,false,false,10.4375,false,1.505224e6,1.477998856432719e6,false,0
20.721,use_lmSR3_cuts,0.01766183147765077,10,false,20.531,false,false,10.4375,false,1.505224e6,1.4786389873758845e6,false,0
63.876,use_adaptive_ngroute,0.01674981246988394,0,false,21.175333333333334,false,false,10.4375,false,1.505224e6,1.4800117802748315e6,false,2
22.245,use_lmSR3_cuts,0.01673949521947926,1,false,22.131,false,false,10.625,false,1.505224e6,1.4800273100477546e6,false,0
21.63,use_lmSR3_cuts,0.016739093693774465,10,false,21.476,false,false,10.625,false,1.505224e6,1.480027914433882e6,false,0
63.024,use_adaptive_ngroute,0.017940924676895675,0,false,20.88066666666667,false,false,10.625,false,1.505224e6,1.4782188895941444e6,false,1
89.672,none,0.0221145379912433,0,false,17.8242,false,false,10.78125,false,1.505224e6,1.4719366666666688e6,false,0
