CG_time_taken,method,CG_LP_IP_gap,implemented_SR3_cuts_count,errored,CG_sp_time_taken_mean,converged,CGIP_artificial,ngroute_neighborhood_size,time_limit_reached,CGIP_objective,CGLP_objective,CGLP_artificial,cycles_lookup_length
30.364,use_adaptive_ngroute,0.02121738660531869,0,false,1.5590555555555556,false,false,8.0625,false,1.632939e6,1.5982923019340974e6,false,14
17.55,use_adaptive_ngroute,0.008997800384932475,0,false,2.4504285714285716,false,false,9.5625,false,1.629376e6,1.6147152000000002e6,false,10
27.349,use_adaptive_ngroute,0.006611733571624923,0,false,2.9964444444444442,false,false,10.15625,false,1.629376e6,1.618603e6,false,2
8.535,use_lmSR3_cuts,0.00532031894418461,3,false,2.0987500000000003,false,false,10.28125,false,1.629376e6,1.6207072000000002e6,false,0
19.784,use_adaptive_ngroute,0.005875869044345783,0,false,4.89675,false,false,10.28125,false,1.629376e6,1.619802e6,false,2
4.041,use_lmSR3_cuts,0.004391497113005349,2,false,2.0010000000000003,false,false,10.34375,false,1.629376e6,1.6222205999999999e6,false,0
5.96,use_lmSR3_cuts,0.004101938410778216,10,false,1.9573333333333336,false,false,10.34375,false,1.629376e6,1.6226924e6,false,0
11.572,none,0.0,0,false,3.8230000000000004,true,false,10.34375,false,1.629376e6,1.629376e6,false,0
