CG_time_taken,method,CG_LP_IP_gap,implemented_SR3_cuts_count,errored,CG_sp_time_taken_mean,converged,CGIP_artificial,ngroute_neighborhood_size,time_limit_reached,CGIP_objective,CGLP_objective,CGLP_artificial,cycles_lookup_length
22.061,use_adaptive_ngroute,0.0959002724168676,0,false,0.8625217391304348,false,false,8.0625,false,1.566936e6,1.4166664107402032e6,false,9
5.173,use_adaptive_ngroute,0.09061196191885945,0,false,1.0173999999999999,false,false,8.71875,false,1.566936e6,1.42495285483871e6,false,3
6.363,use_lmSR3_cuts,0.08984493638092095,15,false,1.2508,false,false,8.8125,false,1.566936e6,1.4261547347670253e6,false,0
11.409,use_adaptive_ngroute,0.06777953224546307,0,false,1.2066666666666668,false,false,8.8125,false,1.566936e6,1.4607298108614231e6,false,4
4.018,use_adaptive_ngroute,0.06722316348878266,0,false,1.2826666666666668,false,false,9.09375,false,1.566936e6,1.4616016050955409e6,false,2
3.502,use_lmSR3_cuts,0.06718637620959411,10,false,1.1256666666666666,false,false,9.15625,false,1.566936e6,1.4616592484076435e6,false,0
11.356,use_adaptive_ngroute,0.05175386869661558,0,false,1.8079999999999998,false,false,9.15625,false,1.566936e6,1.485841e6,false,2
7.131,use_adaptive_ngroute,0.05122434270874299,0,false,1.7189999999999999,false,false,9.21875,false,1.566936e6,1.4866707333333332e6,false,3
4.886,use_lmSR3_cuts,0.050675934213122775,4,false,1.5913333333333333,false,false,9.3125,false,1.566936e6,1.4875300543478262e6,false,0
4.483,use_lmSR3_cuts,0.04934958344749807,1,false,2.2055,false,false,9.3125,false,1.566936e6,1.4896083611111112e6,false,0
12.016,use_adaptive_ngroute,0.0497418935019448,0,false,1.963666666666667,false,false,9.3125,false,1.566936e6,1.4889936363636367e6,false,2
8.664,use_lmSR3_cuts,0.04968208946980268,10,false,2.818666666666667,false,false,9.4375,false,1.566936e6,1.4890873454545452e6,false,0
10.385,use_adaptive_ngroute,0.044389554172765466,0,false,2.4895,false,false,9.4375,false,1.566936e6,1.4973804095427436e6,false,7
7.478,use_adaptive_ngroute,0.04402131936133935,0,false,2.408,false,false,9.96875,false,1.566936e6,1.4979574099252203e6,false,2
14.038,use_lmSR3_cuts,0.044498334656848604,4,false,2.7479999999999998,false,false,10.03125,false,1.566936e6,1.4972099574861364e6,false,0
9.669,use_adaptive_ngroute,0.04347096893784941,0,false,3.1616666666666666,false,false,10.03125,false,1.566936e6,1.498819773816402e6,false,1
6.361,use_lmSR3_cuts,0.043441627898427315,1,false,3.1529999999999996,false,false,10.0625,false,1.566936e6,1.4988657493473499e6,false,0
5.266,use_lmSR3_cuts,0.04342307315943761,2,false,2.594,false,false,10.0625,false,1.566936e6,1.4988948234358435e6,false,0
6.729,use_adaptive_ngroute,0.043129419165925054,0,false,3.3145,false,false,10.0625,false,1.566936e6,1.499354960449822e6,false,3
3.618,use_lmSR3_cuts,0.04312912241003086,10,false,3.575,false,false,10.28125,false,1.566936e6,1.499355425447316e6,false,0
22.017,use_lmSR3_cuts,0.03711144228464147,3,false,4.332599999999999,false,false,10.28125,false,1.566936e6,1.508784745072273e6,false,0
3.927,use_lmSR3_cuts,0.03705852193497161,10,false,3.844,false,false,10.28125,false,1.566936e6,1.5088676678733034e6,false,0
32.687,use_lmSR3_cuts,0.03630591519862536,3,false,6.4092,false,false,10.28125,false,1.566936e6,1.5100469544623268e6,false,0
20.966,use_adaptive_ngroute,0.03442232061726169,0,false,6.905666666666667,false,false,10.28125,false,1.566936e6,1.5129984266212704e6,false,4
14.32,use_lmSR3_cuts,0.034391624758137285,10,false,7.102,false,false,10.46875,false,1.566936e6,1.5130465250679834e6,false,0
35.722,use_lmSR3_cuts,0.03345263315391922,10,false,8.876750000000001,false,false,10.46875,false,1.566936e6,1.5145178648163304e6,false,0
54.748,use_lmSR3_cuts,0.03155924856567249,2,false,9.033333333333331,false,false,10.46875,false,1.566936e6,1.5174846772894994e6,false,0
18.554,use_lmSR3_cuts,0.03139026977739967,10,false,9.177499999999998,false,false,10.46875,false,1.566936e6,1.5177494562360805e6,false,0
60.151,use_lmSR3_cuts,0.031565249137415874,1,false,9.941166666666666,false,false,10.46875,false,1.566936e6,1.517475274777614e6,false,0
19.508,use_lmSR3_cuts,0.03151551109956496,10,false,9.598500000000001,false,false,10.46875,false,1.566936e6,1.5175532110996922e6,false,0
38.134,use_lmSR3_cuts,0.029756677616018745,1,false,12.609000000000002,false,false,10.46875,false,1.566936e6,1.520309190603066e6,false,0
25.446,use_lmSR3_cuts,0.029753843341728148,10,false,12.613500000000002,false,false,10.46875,false,1.566936e6,1.520313631729486e6,false,0
49.458,use_lmSR3_cuts,0.02884730795873769,10,false,12.2745,false,false,10.46875,false,1.566936e6,1.5217341146563673e6,false,0
31.867,use_lmSR3_cuts,0.02791940116517555,10,false,10.485666666666667,false,false,10.46875,false,1.566936e6,1.5231880852158444e6,false,0
24.161,use_lmSR3_cuts,0.027519008931977895,1,false,11.974499999999999,false,false,10.46875,false,1.566936e6,1.5238154742201623e6,false,0
12.965,use_lmSR3_cuts,0.027518642991555153,10,false,12.806,false,false,10.46875,false,1.566936e6,1.5238160476253845e6,false,0
53.422,use_lmSR3_cuts,0.02735227905129667,10,false,13.237000000000002,false,false,10.46875,false,1.566936e6,1.5240767292724773e6,false,0
82.291,use_adaptive_ngroute,0.02767682717955411,0,false,16.329800000000002,false,false,10.46875,false,1.5669359803922267e6,1.5235681640614858e6,false,3
18.938,use_lmSR3_cuts,0.027584119587954148,2,false,18.782,false,false,10.75,false,1.566936e6,1.5237134499893296e6,false,0
19.088,use_lmSR3_cuts,0.027574891884788233,10,false,18.888,false,false,10.75,false,1.566936e6,1.5237279092096174e6,false,0
18.249,use_lmSR3_cuts,0.027322488945535017,10,false,18.079,false,false,10.75,false,1.566936e6,1.5241234084616392e6,false,0
99.389,use_lmSR3_cuts,0.027177566034702005,10,false,19.7488,false,false,10.75,false,1.566936e6,1.5243504933878481e6,false,0
45.557,use_lmSR3_cuts,0.02693313291390831,10,false,15.053,false,false,10.75,false,1.566936e6,1.5247335044444122e6,false,0
37.695,use_lmSR3_cuts,0.02686743238898981,10,false,18.692,false,false,10.75,false,1.5669359802287791e6,1.524836433722107e6,false,0
59.48,use_lmSR3_cuts,0.02681351492213302,1,false,19.67166666666667,false,false,10.75,false,1.566936e6,1.5249209381819726e6,false,0
20.253,use_lmSR3_cuts,0.02681282424863385,10,false,20.012999999999998,false,false,10.75,false,1.566936e6,1.5249220204231427e6,false,0
79.299,use_lmSR3_cuts,0.02691443141166494,10,false,19.68475,false,false,10.75,false,1.566936e6,1.5247628085015314e6,false,0
82.567,use_lmSR3_cuts,0.02689049714335978,10,false,20.50425,false,false,10.75,false,1.566936e6,1.5248003119681724e6,false,0
23.957,use_lmSR3_cuts,0.026868597796826932,3,false,23.718,false,false,10.75,false,1.5669359698679156e6,1.5248345975201537e6,false,0
40.498,use_lmSR3_cuts,0.026887989844383453,1,false,20.0825,false,false,10.75,false,1.566936e6,1.5248042407452012e6,false,0
24.672,none,0.026885801355517103,0,false,24.445999999999998,false,false,10.75,false,1.566936e6,1.5248076699671915e6,false,0
