CG_time_taken,method,CG_LP_IP_gap,implemented_SR3_cuts_count,errored,CG_sp_time_taken_mean,converged,CGIP_artificial,ngroute_neighborhood_size,time_limit_reached,CGIP_objective,CGLP_objective,CGLP_artificial,cycles_lookup_length
3.835,use_adaptive_ngroute,0.24548896249249852,0,false,0.12055555555555557,false,false,6.0,false,1.752478e6,1.322263993989071e6,false,14
2.724,use_adaptive_ngroute,0.061121805229658155,0,false,0.33342857142857146,false,false,7.321428571428571,false,1.494591e6,1.4032389e6,false,7
2.961,use_adaptive_ngroute,0.05133890244117745,0,false,0.39742857142857146,false,false,7.892857142857143,false,1.494591e6,1.417860338461538e6,false,13
1.798,use_adaptive_ngroute,0.030810810109594744,0,false,0.42750000000000005,false,false,9.035714285714286,false,1.478365e6,1.432815376712329e6,false,2
1.033,use_adaptive_ngroute,0.030415019294964263,0,false,0.505,false,false,9.142857142857142,false,1.478365e6,1.4334005000000002e6,false,1
1.426,use_SR3_cuts,0.030353464807405528,6,false,0.4653333333333334,false,false,9.178571428571429,false,1.478365e6,1.4334915e6,false,0
10.564,use_SR3_cuts,0.02644238736712512,10,false,1.2842500000000001,false,false,9.178571428571429,false,1.478365e6,1.4392735e6,false,0
11.164,use_SR3_cuts,0.013346386733172344,1,false,3.6746666666666665,false,false,9.178571428571429,false,1.469349e6,1.4497385e6,false,0
4.47,use_SR3_cuts,0.013346386733172344,10,false,2.2215000000000003,false,false,9.178571428571429,false,1.469349e6,1.4497385e6,false,0
16.954,use_SR3_cuts,0.0019592009794812126,2,false,5.604333333333332,false,false,9.178571428571429,false,1.469349e6,1.4664702500000002e6,false,0
7.273,use_SR3_cuts,0.0013651615335618095,4,false,7.254,false,false,9.178571428571429,false,1.469349e6,1.4673431012658225e6,false,0
16.839,use_SR3_cuts,0.0012288888934262054,10,false,8.370000000000001,false,false,9.178571428571429,false,1.469349e6,1.467543333333333e6,false,0
47.821,use_SR3_cuts,0.0007877481272838827,1,false,15.827666666666666,false,false,9.178571428571429,false,1.469349e6,1.4681915230769236e6,false,0
29.327,use_SR3_cuts,0.0007580435338876423,3,false,14.594,false,false,9.178571428571429,false,1.469349e6,1.4682351694915257e6,false,0
24.986,use_SR3_cuts,0.000594608564745136,10,false,12.4685,false,false,9.178571428571429,false,1.469349e6,1.4684753125000002e6,false,0
31.478,use_SR3_cuts,0.0003970012116476518,10,false,15.71,false,false,9.178571428571429,false,1.469349e6,1.4687656666666667e6,false,0
20.32,none,0.00039700121164754076,0,false,10.114999999999998,false,false,9.178571428571429,false,1.469349e6,1.468765666666667e6,false,0
