CG_time_taken,method,CG_LP_IP_gap,implemented_SR3_cuts_count,errored,CG_sp_time_taken_mean,converged,CGIP_artificial,ngroute_neighborhood_size,time_limit_reached,CGIP_objective,CGLP_objective,CGLP_artificial,cycles_lookup_length
51.074,use_adaptive_ngroute,0.13611830200665842,0,false,2.055826086956522,false,false,7.833333333333333,false,1.963094e6,1.6958809780405408e6,false,12
22.822,use_adaptive_ngroute,0.11589458818554321,0,false,3.7453333333333334,false,false,9.222222222222223,false,1.92934e6,1.705739935230104e6,false,4
26.034,use_adaptive_ngroute,0.11567035335925269,0,false,5.1613999999999995,false,false,9.583333333333332,false,1.92934e6,1.7061725604498594e6,false,3
14.629,use_SR3_cuts,0.11556870684226761,10,false,4.817666666666667,false,false,9.666666666666666,false,1.92934e6,1.7063686711409395e6,false,0
65.229,use_adaptive_ngroute,0.10778017173616639,0,false,12.8712,false,false,9.666666666666666,false,1.92934e6,1.7213954034625448e6,false,3
45.259,use_adaptive_ngroute,0.10755092948634093,0,false,15.004333333333333,false,false,9.75,false,1.92934e6,1.721837689704823e6,false,3
42.281,use_adaptive_ngroute,0.1074596195449643,0,false,14.048666666666666,false,false,9.86111111111111,false,1.92934e6,1.7220138576271185e6,false,2
14.042,use_SR3_cuts,0.10745354467071666,6,false,13.969999999999999,false,false,10.0,false,1.92934e6,1.7220255781249995e6,false,0
185.825,use_SR3_cuts,0.10223546648977389,4,false,46.35824999999999,false,false,10.0,false,1.924881e6,1.7280898930276975e6,false,0
76.917,use_SR3_cuts,0.10167447873708024,1,false,38.3955,false,false,10.0,false,1.924881e6,1.7291697276940902e6,false,0
40.405,use_SR3_cuts,0.10165556315895163,1,false,40.318,false,false,10.0,false,1.924881e6,1.729206137931034e6,false,0
166.713,use_SR3_cuts,0.10049548517544704,10,false,41.605999999999995,false,false,10.0,false,1.924881e6,1.7314391500000004e6,false,0
409.861,use_adaptive_ngroute,0.036172613845131374,0,false,102.3035,false,false,10.0,false,1.805181e6,1.739882884766432e6,false,1
85.517,use_SR3_cuts,0.035961348617387645,3,false,85.46499999999999,false,false,10.222222222222223,false,1.805181e6,1.7402642567415156e6,false,0
197.327,use_adaptive_ngroute,0.03540805755704579,0,false,98.57849999999999,false,false,10.222222222222223,false,1.805181e6,1.7412630472511146e6,false,1
380.306,use_SR3_cuts,0.03539379201016479,10,false,126.70366666666666,false,false,10.277777777777779,false,1.805181e6,1.7412887991452988e6,false,0
469.436,use_SR3_cuts,0.027522888772385734,3,false,156.017,false,false,10.277777777777779,false,1.803592e6,1.7539519379932352e6,false,0
327.286,use_SR3_cuts,0.027494290536829502,1,false,163.54800000000003,false,false,10.277777777777779,false,1.803592e6,1.7540035175420986e6,false,0
511.201,use_SR3_cuts,0.027436124981473742,10,false,169.55999999999997,false,false,10.277777777777779,false,1.803592e6,1.7541084244724137e6,false,0
375.625,use_adaptive_ngroute,0.025174529325131645,0,false,187.7285,false,false,10.277777777777779,false,1.803592e6,1.7581874203054272e6,false,2
24.519,none,0.025071021259678528,0,false,NaN,false,false,10.555555555555555,true,1.803592e6,1.758374106624214e6,false,0
