CG_time_taken,method,CG_LP_IP_gap,implemented_SR3_cuts_count,errored,CG_sp_time_taken_mean,converged,CGIP_artificial,ngroute_neighborhood_size,time_limit_reached,CGIP_objective,CGLP_objective,CGLP_artificial,cycles_lookup_length
40.238,use_adaptive_ngroute,0.0284923098883062,0,false,1.2871071428571432,false,false,7.833333333333333,false,1.634675e6,1.588099333333333e6,false,7
10.324,use_SR3_cuts,0.02644639647507596,4,false,1.9747999999999997,false,false,8.444444444444445,false,1.634675e6,1.5914437368421052e6,false,0
15.446,use_adaptive_ngroute,0.01917869052008847,0,false,3.7912500000000002,false,false,8.444444444444445,false,1.634675e6,1.6033240740740744e6,false,4
13.985,use_adaptive_ngroute,0.018987624047362872,0,false,2.7157999999999993,false,false,8.833333333333332,false,1.634675e6,1.6036364056603771e6,false,4
9.388,use_SR3_cuts,0.018967053848624293,5,false,4.654000000000001,false,false,9.027777777777779,false,1.634675e6,1.60367003125e6,false,0
29.218,use_SR3_cuts,0.01879547922369873,2,false,4.8004999999999995,false,false,9.027777777777779,false,1.634675e6,1.6039505000000002e6,false,0
12.792,use_SR3_cuts,0.018685097955250862,10,false,6.3505,false,false,9.027777777777779,false,1.634675e6,1.6041309375000002e6,false,0
121.572,use_SR3_cuts,0.014778098942535456,2,false,23.999799999999997,false,false,9.027777777777779,false,1.634675e6,1.6105176111111108e6,false,0
77.134,use_SR3_cuts,0.01378635299086517,2,false,25.598666666666666,false,false,9.027777777777779,false,1.634675e6,1.6121387934246575e6,false,0
45.839,use_SR3_cuts,0.013568909503636761,1,false,22.82,false,false,9.027777777777779,false,1.634675e6,1.6124942428571426e6,false,0
67.434,use_SR3_cuts,0.013472917718905242,1,false,33.647000000000006,false,false,9.027777777777779,false,1.634675e6,1.6126511582278486e6,false,0
64.491,use_SR3_cuts,0.013426230222190694,1,false,32.163500000000006,false,false,9.027777777777779,false,1.634675e6,1.6127274771115405e6,false,0
72.912,use_SR3_cuts,0.013426230222190472,1,false,36.012,false,false,9.027777777777779,false,1.634675e6,1.6127274771115407e6,false,0
122.272,use_adaptive_ngroute,0.013262193684627555,0,false,61.019000000000005,false,false,9.027777777777779,false,1.634675e6,1.6129956235385814e6,false,1
45.397,use_SR3_cuts,0.013254877371139173,10,false,45.334,false,false,9.083333333333334,false,1.634675e6,1.613007583333333e6,false,0
213.886,use_adaptive_ngroute,0.01171594519513941,0,false,71.10266666666666,false,false,9.083333333333334,false,1.634675e6,1.6155232372881356e6,false,3
187.82,use_SR3_cuts,0.01167960322767958,2,false,62.515,false,false,9.166666666666666,false,1.634675e6,1.615582644593793e6,false,0
269.194,use_adaptive_ngroute,0.011609460856033649,0,false,89.622,false,false,9.166666666666666,false,1.634675e6,1.6156973045751632e6,false,4
85.488,use_SR3_cuts,0.011575236667838329,10,false,85.4,false,false,9.694444444444445,false,1.634675e6,1.6157532500000014e6,false,0
326.811,use_adaptive_ngroute,0.009979601831578977,0,false,108.83733333333332,false,false,9.694444444444445,false,1.634675e6,1.6183615943759636e6,false,3
99.0,use_SR3_cuts,0.009967990471640653,2,false,98.918,false,false,9.916666666666666,false,1.634675e6,1.6183805751757708e6,false,0
256.38,use_SR3_cuts,0.007875255178316776,10,false,127.9205,false,false,9.916666666666666,false,1.634675e6,1.621801517241385e6,false,0
402.362,use_SR3_cuts,0.0066633914705086505,10,false,201.0435,false,false,9.916666666666666,false,1.634675e6,1.6237825205479462e6,false,0
498.855,use_SR3_cuts,0.0064655347393215434,10,false,249.21849999999998,false,false,9.916666666666666,false,1.634675e6,1.6241059519999996e6,false,0
460.379,none,0.006218208512394852,0,false,340.653,false,false,9.916666666666666,true,1.634675e6,1.624510250000001e6,false,0
