CG_time_taken,method,CG_LP_IP_gap,implemented_SR3_cuts_count,errored,CG_sp_time_taken_mean,converged,CGIP_artificial,ngroute_neighborhood_size,time_limit_reached,CGIP_objective,CGLP_objective,CGLP_artificial,cycles_lookup_length
39.797,use_adaptive_ngroute,0.09347443379369225,0,false,1.5426086956521738,false,false,7.833333333333333,false,1.76722e6,1.6020301111111112e6,false,10
6.948,use_adaptive_ngroute,0.09166957141725374,0,false,1.2864000000000002,false,false,8.722222222222221,false,1.76722e6,1.605219700000001e6,false,13
8.497,use_adaptive_ngroute,0.09015685653172789,0,false,1.3745000000000003,false,false,9.527777777777777,false,1.76722e6,1.6078929999999998e6,false,2
4.515,use_SR3_cuts,0.09002936108690485,5,false,1.095,false,false,9.583333333333332,false,1.76722e6,1.6081183125e6,false,0
52.947,use_SR3_cuts,0.007810816406728649,1,false,7.313857142857143,false,false,9.583333333333332,false,1.656613e6,1.6436735e6,false,0
19.435,use_SR3_cuts,0.007810816406728649,10,false,6.396999999999999,false,false,9.583333333333332,false,1.656613e6,1.6436735e6,false,0
32.42,use_adaptive_ngroute,0.006674582416050345,0,false,8.027249999999999,false,false,9.583333333333332,false,1.656613e6,1.6455557999999996e6,false,5
16.472,use_SR3_cuts,0.006553274138519138,6,false,8.121,false,false,10.194444444444445,false,1.656613e6,1.6457567608695654e6,false,0
41.577,use_adaptive_ngroute,0.005748355228408553,0,false,8.124600000000001,false,false,10.194444444444445,false,1.656613e6,1.6470902000000004e6,false,3
68.952,use_SR3_cuts,0.005618773565904456,10,false,8.53775,false,false,10.361111111111112,false,1.656613e6,1.6473048666666662e6,false,0
49.516,none,0.005207210937819173,0,false,12.194749999999999,false,false,10.361111111111112,false,1.656613e6,1.6479866666666665e6,false,0
