CG_time_taken,method,CG_LP_IP_gap,implemented_SR3_cuts_count,errored,CG_sp_time_taken_mean,converged,CGIP_artificial,ngroute_neighborhood_size,time_limit_reached,CGIP_objective,CGLP_objective,CGLP_artificial,cycles_lookup_length
2.157,use_adaptive_ngroute,0.14688383867372012,0,false,0.07194117647058824,false,false,6.0,false,1.707419e6,1.4566267430555555e6,false,23
1.675,use_adaptive_ngroute,0.04877223530500796,0,false,0.18012499999999998,false,false,8.285714285714285,false,1.594894e6,1.5171074545454546e6,false,8
1.124,use_adaptive_ngroute,0.04320713476883109,0,false,0.2108,false,false,8.642857142857142,false,1.594894e6,1.5259832e6,false,1
0.912,use_adaptive_ngroute,0.04197507605791684,0,false,0.219,false,false,8.678571428571429,false,1.594894e6,1.5279482030456848e6,false,3
0.438,use_SR3_cuts,0.041636562584192904,6,false,0.20299999999999999,false,false,8.857142857142858,false,1.594894e6,1.5284880961538462e6,false,0
2.653,use_SR3_cuts,0.032075238003025364,5,false,0.49,false,false,8.857142857142858,false,1.590526e6,1.5395095e6,false,0
1.98,use_adaptive_ngroute,0.029755565140085705,0,false,0.6216666666666666,false,false,8.857142857142858,false,1.590526e6,1.543199e6,false,1
2.118,use_adaptive_ngroute,0.02970495295267095,0,false,0.6836666666666666,false,false,9.0,false,1.590526e6,1.5432795e6,false,3
1.119,use_SR3_cuts,0.029187278296613828,10,false,0.535,false,false,9.142857142857142,false,1.590526e6,1.544102875e6,false,0
2.668,use_SR3_cuts,0.026497313886517104,10,false,1.3135,false,false,9.142857142857142,false,1.590526e6,1.5483813333333335e6,false,0
4.528,use_SR3_cuts,0.02518127476207399,1,false,1.4623333333333333,false,false,9.142857142857142,false,1.590526e6,1.5504745277777775e6,false,0
4.357,use_SR3_cuts,0.024768687660113864,10,false,1.426,false,false,9.142857142857142,false,1.590274e6,1.550885e6,false,0
2.694,use_SR3_cuts,0.0237482136202104,10,false,1.331,false,false,9.142857142857142,false,1.590274e6,1.5525078333333335e6,false,0
4.933,use_adaptive_ngroute,0.0053288233675996555,0,false,2.2675,false,false,9.142857142857142,false,1.561525e6,1.553203909090909e6,false,1
3.883,use_SR3_cuts,0.005191359408270757,1,false,1.9175,false,false,9.285714285714285,false,1.561525e6,1.5534185625e6,false,0
2.514,use_SR3_cuts,0.004986151358447377,10,false,2.472,false,false,9.285714285714285,false,1.561525e6,1.5537390000000005e6,false,0
2.031,use_SR3_cuts,0.004593135486406497,10,false,1.994,false,false,9.285714285714285,false,1.561525e6,1.554352704109589e6,false,0
4.469,use_SR3_cuts,0.0044286834985031165,9,false,2.1944999999999997,false,false,9.285714285714285,false,1.561525e6,1.5546095e6,false,0
8.202,use_SR3_cuts,0.004383615375994632,4,false,2.6590000000000003,false,false,9.285714285714285,false,1.561525e6,1.554679875e6,false,0
20.053,use_adaptive_ngroute,0.004040961560008327,0,false,4.9675,false,false,9.285714285714285,false,1.561525e6,1.555214937500008e6,false,2
10.492,use_adaptive_ngroute,0.004005337066178116,0,false,4.9195,false,false,9.392857142857142,false,1.561525e6,1.5552705660377361e6,false,3
9.058,use_adaptive_ngroute,0.0039830607490563,0,false,4.4735,false,false,9.571428571428571,false,1.561525e6,1.5553053510638298e6,false,1
5.232,use_SR3_cuts,0.003944205574522575,4,false,5.181,false,false,9.607142857142858,false,1.561525e6,1.5553660243902437e6,false,0
17.887,use_adaptive_ngroute,0.0038423087117455124,0,false,5.928999999999999,false,false,9.607142857142858,false,1.561525e6,1.5555251388888916e6,false,1
12.825,use_SR3_cuts,0.0038230643665377873,10,false,6.3575,false,false,9.642857142857142,false,1.561525e6,1.555555189415042e6,false,0
16.035,use_SR3_cuts,0.0038177880140066733,2,false,5.289,false,false,9.642857142857142,false,1.561525e6,1.5555634285714282e6,false,0
30.669,none,0.003817788014004675,0,false,7.586499999999999,false,false,9.642857142857142,false,1.561525e6,1.5555634285714314e6,false,0
