CG_time_taken,method,CG_LP_IP_gap,implemented_SR3_cuts_count,errored,CG_sp_time_taken_mean,converged,CGIP_artificial,ngroute_neighborhood_size,time_limit_reached,CGIP_objective,CGLP_objective,CGLP_artificial,cycles_lookup_length
33.691,use_adaptive_ngroute,0.147989231529999,0,false,1.4165454545454543,false,false,7.833333333333333,false,1.859655e6,1.5844460856390798e6,false,5
14.019,use_adaptive_ngroute,0.14591143220156166,0,false,2.7672,false,false,8.416666666666668,false,1.859655e6,1.5883100755492048e6,false,3
10.986,use_SR3_cuts,0.14540496908178002,20,false,2.714,false,false,8.61111111111111,false,1.859655e6,1.5892519222222224e6,false,0
274.345,use_adaptive_ngroute,0.040590565429711845,0,false,33.48224999999999,false,false,8.61111111111111,false,1.680875e6,1.612647333333333e6,false,1
78.946,use_adaptive_ngroute,0.04106438069998708,0,false,26.186999999999998,false,false,8.75,false,1.680875e6,1.6118509090909092e6,false,3
89.121,use_SR3_cuts,0.04031372549019585,3,false,29.41833333333333,false,false,8.833333333333332,false,1.680875e6,1.613112666666667e6,false,0
133.183,use_SR3_cuts,0.03985853722019783,2,false,33.198,false,false,8.833333333333332,false,1.680875e6,1.61387778125e6,false,0
265.017,use_SR3_cuts,0.020018776493347934,4,false,88.23566666666667,false,false,8.833333333333332,false,1.649998e6,1.616967058823529e6,false,0
102.785,use_adaptive_ngroute,0.019585602443827343,0,false,51.291500000000006,false,false,8.833333333333332,false,1.649998e6,1.6176817951388897e6,false,1
183.191,use_SR3_cuts,0.008597112307441646,10,false,91.4255,false,false,8.86111111111111,false,1.631742e6,1.6177137307692305e6,false,0
226.149,use_adaptive_ngroute,0.003212349014857563,0,false,74.907,false,false,8.86111111111111,false,1.631742e6,1.6265002751937984e6,false,1
126.002,use_adaptive_ngroute,0.0030629661590597657,0,false,62.91,false,false,8.88888888888889,false,1.631742e6,1.6267440294736836e6,false,1
59.897,use_SR3_cuts,0.003051838774036253,2,false,59.79,false,false,8.916666666666666,false,1.631742e6,1.6267621864951765e6,false,0
150.838,use_SR3_cuts,0.0017991508461511208,1,false,75.31599999999999,false,false,8.916666666666666,false,1.631742e6,1.6288062499999998e6,false,0
256.71,use_SR3_cuts,0.0017489284457959942,10,false,128.264,false,false,8.916666666666666,false,1.631742e6,1.6288882e6,false,0
259.947,use_SR3_cuts,0.0008258045695948013,1,false,129.81650000000002,false,false,8.916666666666666,false,1.631742e6,1.6303945000000002e6,false,0
119.572,use_SR3_cuts,0.0007594899602182403,10,false,119.374,false,false,8.916666666666666,false,1.631742e6,1.6305027083333335e6,false,0
479.239,none,0.0,0,false,159.58999999999997,true,false,8.916666666666666,false,1.631742e6,1.631742e6,false,0
