CG_time_taken,method,CG_LP_IP_gap,implemented_SR3_cuts_count,errored,CG_sp_time_taken_mean,converged,CGIP_artificial,ngroute_neighborhood_size,time_limit_reached,CGIP_objective,CGLP_objective,CGLP_artificial,cycles_lookup_length
20.264,use_adaptive_ngroute,0.11550823634324225,0,false,0.8561000000000001,false,false,7.833333333333333,false,1.729602e6,1.5298187234042555e6,false,8
13.406,use_adaptive_ngroute,0.11485321390981773,0,false,1.2832999999999999,false,false,8.472222222222223,false,1.729602e6,1.5309516515151514e6,false,2
6.413,use_SR3_cuts,0.11400334935588152,11,false,1.233,false,false,8.527777777777779,false,1.729602e6,1.5324215789473685e6,false,0
26.455,use_adaptive_ngroute,0.03798758844344108,0,false,6.354750000000001,false,false,8.527777777777779,false,1.620283e6,1.558732356234096e6,false,10
29.542,use_SR3_cuts,0.024992902597431033,2,false,5.843999999999999,false,false,9.416666666666668,false,1.602699e6,1.5626429e6,false,0
23.986,use_SR3_cuts,0.021311425289464836,2,false,7.916333333333333,false,false,9.416666666666668,false,1.602699e6,1.5685432e6,false,0
54.027,use_adaptive_ngroute,0.020763403043315143,0,false,13.43275,false,false,9.416666666666668,false,1.602699e6,1.569421514705882e6,false,5
23.262,use_adaptive_ngroute,0.020731095409901035,0,false,11.588,false,false,9.88888888888889,false,1.602699e6,1.569473294117647e6,false,2
10.77,use_SR3_cuts,0.020714071109192767,5,false,10.732,false,false,9.944444444444445,false,1.602699e6,1.5695005789473678e6,false,0
51.857,use_adaptive_ngroute,0.020294580968023723,0,false,17.230333333333334,false,false,9.944444444444445,false,1.602699e6,1.5701728953771293e6,false,3
41.78,use_SR3_cuts,0.02028600009104997,3,false,20.6255,false,false,10.027777777777779,false,1.602699e6,1.5701866479400743e6,false,0
51.426,use_SR3_cuts,0.0200210902047111,10,false,25.6775,false,false,10.027777777777779,false,1.602699e6,1.5706112187499998e6,false,0
164.654,use_adaptive_ngroute,0.01592395078551856,0,false,41.006249999999994,false,false,10.027777777777779,false,1.602699e6,1.5771777000000002e6,false,4
112.998,use_SR3_cuts,0.015807771765003142,10,false,37.62133333333333,false,false,10.25,false,1.602699e6,1.5773639000000013e6,false,0
192.745,use_SR3_cuts,0.01357136606113385,3,false,48.04900000000001,false,false,10.25,false,1.602699e6,1.5809481851851868e6,false,0
63.077,use_SR3_cuts,0.01306160307195292,1,false,63.018,false,false,10.25,false,1.602699e6,1.5817651818181842e6,false,0
187.37,use_SR3_cuts,0.013061603071954586,10,false,62.35500000000001,false,false,10.25,false,1.602699e6,1.5817651818181814e6,false,0
143.231,use_SR3_cuts,0.012488700534927233,1,false,71.44600000000001,false,false,10.25,false,1.602699e6,1.5826833721413726e6,false,0
242.091,use_SR3_cuts,0.012477833146554929,10,false,80.57300000000001,false,false,10.25,false,1.602699e6,1.5827007892938496e6,false,0
358.658,use_SR3_cuts,0.009818533211350622,10,false,89.39224999999999,false,false,10.25,false,1.602699e6,1.5869628466407016e6,false,0
727.831,use_SR3_cuts,0.008520379971926784,1,false,181.745,false,false,10.25,false,1.602699e6,1.589043395539373e6,false,0
382.97,use_SR3_cuts,0.008444993311234161,2,false,191.3045,false,false,10.25,false,1.602699e6,1.5891642176650784e6,false,0
622.526,none,0.008444993311233828,0,false,222.4515,false,false,10.25,true,1.602699e6,1.5891642176650788e6,false,0
