CG_time_taken,method,CG_LP_IP_gap,implemented_SR3_cuts_count,errored,CG_sp_time_taken_mean,converged,CGIP_artificial,ngroute_neighborhood_size,time_limit_reached,CGIP_objective,CGLP_objective,CGLP_artificial,cycles_lookup_length
42.582,use_adaptive_ngroute,0.19241148127334295,0,false,1.7843181818181817,false,false,7.833333333333333,false,2.05268e6,1.6577208006198343e6,false,8
23.226,use_adaptive_ngroute,0.16301135915156384,0,false,3.8150000000000004,false,false,8.583333333333334,false,2.00655e6,1.6794595572944295e6,false,11
20.814,use_adaptive_ngroute,0.13298367024514401,0,false,5.14775,false,false,9.36111111111111,false,1.947484e6,1.6885004299363059e6,false,3
12.457,use_SR3_cuts,0.13172387049564116,15,false,4.109,false,false,9.5,false,1.947484e6,1.6909538697916667e6,false,0
140.591,use_adaptive_ngroute,0.01206099716893727,0,false,27.7636,false,false,9.5,false,1.73285e6,1.711950101055807e6,false,4
50.405,use_SR3_cuts,0.011795735191174606,5,false,25.1485,false,false,9.75,false,1.73285e6,1.712409760273973e6,false,0
158.617,use_SR3_cuts,0.008068362462519962,1,false,39.4965,false,false,9.75,false,1.729518e6,1.7155636218905475e6,false,0
129.351,use_adaptive_ngroute,0.007655515948130409,0,false,64.5795,false,false,9.75,false,1.729518e6,1.7162776473684213e6,false,1
56.756,use_SR3_cuts,0.007650744311420765,2,false,56.699,false,false,9.777777777777777,false,1.729518e6,1.7162859000000001e6,false,0
240.833,use_SR3_cuts,0.007493753401437986,10,false,80.18066666666667,false,false,9.777777777777777,false,1.729518e6,1.7165574186046517e6,false,0
513.825,none,0.005611679092094923,0,false,85.50266666666666,false,false,9.777777777777777,false,1.729518e6,1.7198124999999981e6,false,0
