CG_time_taken,method,CG_LP_IP_gap,implemented_SR3_cuts_count,errored,CG_sp_time_taken_mean,converged,CGIP_artificial,ngroute_neighborhood_size,time_limit_reached,CGIP_objective,CGLP_objective,CGLP_artificial,cycles_lookup_length
24.773,use_adaptive_ngroute,0.11844096827667105,0,false,0.9562173913043479,false,false,7.833333333333333,false,1.841133e6,1.6230674247538678e6,false,14
10.936,use_adaptive_ngroute,0.09557570230302448,0,false,1.495714285714286,false,false,8.972222222222221,false,1.814974e6,1.6415065852882704e6,false,3
4.641,use_adaptive_ngroute,0.09527002753252634,0,false,1.4973333333333334,false,false,9.13888888888889,false,1.814974e6,1.6420613770491804e6,false,1
4.49,use_SR3_cuts,0.09527002753252634,13,false,1.4596666666666667,false,false,9.222222222222223,false,1.814974e6,1.6420613770491804e6,false,0
41.241,use_adaptive_ngroute,0.05583450492066677,0,false,7.9166,false,false,9.222222222222223,false,1.777503e6,1.678257e6,false,3
13.576,use_SR3_cuts,0.05583450492066666,3,false,6.398,false,false,9.305555555555555,false,1.777503e6,1.6782570000000002e6,false,0
62.005,use_SR3_cuts,0.05301656937350396,4,false,10.263833333333334,false,false,9.305555555555555,false,1.777503e6,1.6832658888888885e6,false,0
23.778,use_SR3_cuts,0.05153713068938004,1,false,11.8085,false,false,9.305555555555555,false,1.777503e6,1.685895595588235e6,false,0
31.41,use_SR3_cuts,0.05105243225195599,10,false,15.625499999999999,false,false,9.305555555555555,false,1.777503e6,1.6867571485148515e6,false,0
40.851,use_SR3_cuts,0.04977297149391091,1,false,20.340500000000002,false,false,9.305555555555555,false,1.777503e6,1.6890313938506588e6,false,0
57.941,use_SR3_cuts,0.04977297149391091,10,false,28.865,false,false,9.305555555555555,false,1.777503e6,1.6890313938506588e6,false,0
101.275,use_SR3_cuts,0.0036786514088626987,2,false,33.54,false,false,9.305555555555555,false,1.696891e6,1.6906487295321636e6,false,0
94.867,use_adaptive_ngroute,0.003647152820340449,0,false,31.55533333333333,false,false,9.305555555555555,false,1.696891e6,1.6907021792035396e6,false,1
93.842,use_SR3_cuts,0.003642424657238963,1,false,31.17066666666667,false,false,9.36111111111111,false,1.696891e6,1.6907102023809531e6,false,0
64.257,use_SR3_cuts,0.003642424657238963,10,false,32.0325,false,false,9.36111111111111,false,1.696891e6,1.6907102023809531e6,false,0
132.332,use_adaptive_ngroute,0.0018621938592401355,0,false,32.948750000000004,false,false,9.36111111111111,false,1.696891e6,1.69373106e6,false,1
69.857,none,0.0017614566875538973,0,false,34.705,false,false,9.38888888888889,false,1.696891e6,1.693902e6,false,0
