CG_time_taken,method,CG_LP_IP_gap,implemented_SR3_cuts_count,errored,CG_sp_time_taken_mean,converged,CGIP_artificial,ngroute_neighborhood_size,time_limit_reached,CGIP_objective,CGLP_objective,CGLP_artificial,cycles_lookup_length
29.794,use_adaptive_ngroute,0.13783719244467108,0,false,1.177695652173913,false,false,7.833333333333333,false,1.827651e6,1.5757327173913044e6,false,5
9.664,use_adaptive_ngroute,0.1368480087281433,0,false,1.324,false,false,8.36111111111111,false,1.827651e6,1.5775406e6,false,5
7.327,use_SR3_cuts,0.13072226462221614,7,false,1.4184,false,false,8.638888888888888,false,1.816038e6,1.5786414e6,false,0
34.08,use_SR3_cuts,0.008552829768562753,3,false,4.185125,false,false,8.638888888888888,false,1.603329e6,1.589616e6,false,0
15.079,use_SR3_cuts,0.006514121555838082,5,false,4.973,false,false,8.638888888888888,false,1.603329e6,1.5928847199999997e6,false,0
34.702,use_SR3_cuts,0.0054282890993260224,1,false,8.56925,false,false,8.638888888888888,false,1.603329e6,1.5946256666666667e6,false,0
26.813,use_SR3_cuts,0.005428289099325689,10,false,5.305199999999999,false,false,8.638888888888888,false,1.603329e6,1.5946256666666672e6,false,0
42.53,none,0.0,0,false,10.561250000000001,true,false,8.638888888888888,false,1.603329e6,1.603329e6,false,0
