CG_time_taken,method,CG_LP_IP_gap,implemented_SR3_cuts_count,errored,CG_sp_time_taken_mean,converged,CGIP_artificial,ngroute_neighborhood_size,time_limit_reached,CGIP_objective,CGLP_objective,CGLP_artificial,cycles_lookup_length
47.902,use_adaptive_ngroute,0.13983242349653002,0,false,1.9272173913043478,false,false,7.833333333333333,false,1.772778e6,1.5248861559386684e6,false,18
40.989,use_adaptive_ngroute,0.06842925355912399,0,false,4.0405,false,false,9.472222222222223,false,1.65571e6,1.5424110005896229e6,false,6
8.362,use_lmSR3_cuts,0.06773168908474181,14,false,4.1465,false,false,9.63888888888889,false,1.65571e6,1.543565965065502e6,false,0
34.103,use_lmSR3_cuts,0.06160471905268172,5,false,3.3337,false,false,9.63888888888889,false,1.65571e6,1.5537104506172843e6,false,0
13.56,use_adaptive_ngroute,0.05870377785694314,0,false,4.472333333333332,false,false,9.63888888888889,false,1.65571e6,1.5585135679644807e6,false,5
6.487,use_lmSR3_cuts,0.057985037385774096,2,false,3.2095000000000002,false,false,9.916666666666666,false,1.65571e6,1.55970359375e6,false,0
16.646,use_adaptive_ngroute,0.05811947744472157,0,false,4.11675,false,false,9.916666666666666,false,1.65571e6,1.559481e6,false,4
9.176,use_lmSR3_cuts,0.05803669961843183,10,false,4.540500000000001,false,false,10.13888888888889,false,1.65571e6,1.5596180560747662e6,false,0
61.389,use_lmSR3_cuts,0.05237467038060273,6,false,7.6025,false,false,10.13888888888889,false,1.65571e6,1.5689927345041323e6,false,0
68.606,use_lmSR3_cuts,0.053066805177234944,1,false,7.573111111111111,false,false,10.13888888888889,false,1.65571e6,1.5678467600000002e6,false,0
24.284,use_adaptive_ngroute,0.051046385740375344,0,false,8.041,false,false,10.13888888888889,false,1.65571e6,1.571191988665803e6,false,1
19.811,use_lmSR3_cuts,0.05094552487769588,10,false,9.8415,false,false,10.166666666666668,false,1.65571e6,1.57135898500475e6,false,0
26.807,use_lmSR3_cuts,0.04838600818065386,10,false,8.862999999999998,false,false,10.166666666666668,false,1.65571e6,1.5755968023952097e6,false,0
44.919,use_adaptive_ngroute,0.040480976675775215,0,false,11.17025,false,false,10.166666666666668,false,1.65571e6,1.5886852421081522e6,false,4
42.122,use_adaptive_ngroute,0.04077497327356461,0,false,10.46925,false,false,10.277777777777779,false,1.65571e6,1.5881984690012264e6,false,1
28.488,use_lmSR3_cuts,0.041115681090055145,5,false,9.438999999999998,false,false,10.305555555555555,false,1.65571e6,1.5876343556623848e6,false,0
43.92,use_lmSR3_cuts,0.039660835102234504,4,false,14.572333333333333,false,false,10.305555555555555,false,1.65571e6,1.5900431587128793e6,false,0
64.629,use_adaptive_ngroute,0.036969632484835424,0,false,10.715499999999999,false,false,10.305555555555555,false,1.65571e6,1.594499009798533e6,false,3
36.986,use_adaptive_ngroute,0.03766355270400701,0,false,12.286333333333333,false,false,10.416666666666666,false,1.65571e6,1.5933500791524486e6,false,1
23.969,use_lmSR3_cuts,0.03764469752841204,3,false,11.944,false,false,10.444444444444445,false,1.65571e6,1.5933812978552328e6,false,0
43.807,use_lmSR3_cuts,0.037165920994271406,3,false,14.548333333333332,false,false,10.444444444444445,false,1.65571e6,1.594174012950575e6,false,0
80.508,use_lmSR3_cuts,0.03735250268414225,10,false,16.032799999999998,false,false,10.444444444444445,false,1.65571e6,1.5938650877808388e6,false,0
68.577,use_lmSR3_cuts,0.03554281006800153,10,false,17.0865,false,false,10.444444444444445,false,1.65571e6,1.596861413942309e6,false,0
67.865,use_lmSR3_cuts,0.03275258448856233,2,false,22.542,false,false,10.444444444444445,false,1.65571e6,1.6014812183364425e6,false,0
39.114,use_lmSR3_cuts,0.032682281263409885,10,false,19.445,false,false,10.444444444444445,false,1.65571e6,1.6015976200893596e6,false,0
109.305,use_adaptive_ngroute,0.03244042347731746,0,false,21.752399999999998,false,false,10.444444444444445,false,1.65571e6,1.6019980664443707e6,false,1
56.488,use_lmSR3_cuts,0.03236862875745039,1,false,28.152,false,false,10.472222222222221,false,1.65571e6,1.6021169376800018e6,false,0
21.754,use_lmSR3_cuts,0.03230049429334092,10,false,21.637,false,false,10.472222222222221,false,1.65571e6,1.6022297485935725e6,false,0
54.9,use_lmSR3_cuts,0.031057663298688976,10,false,18.200333333333333,false,false,10.472222222222221,false,1.65571e6,1.6042875162997276e6,false,0
65.675,use_lmSR3_cuts,0.030429625287207274,1,false,16.325,false,false,10.472222222222221,false,1.65571e6,1.605327365115718e6,false,0
44.357,use_lmSR3_cuts,0.030427570654266822,10,false,22.078500000000002,false,false,10.472222222222221,false,1.65571e6,1.605330766992024e6,false,0
179.935,use_adaptive_ngroute,0.030779532266520748,0,false,19.892333333333333,false,false,10.472222222222221,false,1.65571e6,1.604748020630999e6,false,1
65.564,use_lmSR3_cuts,0.030166324722390336,4,false,21.777666666666665,false,false,10.527777777777777,false,1.65571e6,1.605763314493891e6,false,0
56.125,use_lmSR3_cuts,0.029819565668964154,10,false,27.925,false,false,10.527777777777777,false,1.65571e6,1.6063374469262394e6,false,0
96.736,use_lmSR3_cuts,0.028455187563792617,10,false,32.115,false,false,10.527777777777777,false,1.65571e6,1.6085964613987529e6,false,0
118.738,use_adaptive_ngroute,0.028856106420500516,0,false,39.38766666666667,false,false,10.527777777777777,false,1.65571e6,1.6079326560385132e6,false,2
136.57,use_lmSR3_cuts,0.028037607977880352,2,false,34.039500000000004,false,false,10.722222222222221,false,1.65571e6,1.6092878520949436e6,false,0
152.658,use_lmSR3_cuts,0.027918410029285523,10,false,38.053000000000004,false,false,10.722222222222221,false,1.65571e6,1.6094852093304116e6,false,0
116.427,use_lmSR3_cuts,0.027322467603003164,10,false,38.687666666666665,false,false,10.722222222222221,false,1.65571e6,1.6104719171650317e6,false,0
204.962,use_lmSR3_cuts,0.02698154753426585,1,false,40.863400000000006,false,false,10.722222222222221,false,1.65571e6,1.6110363819320407e6,false,0
78.962,use_lmSR3_cuts,0.02698185285864474,10,false,39.276500000000006,false,false,10.722222222222221,false,1.65571e6,1.6110358764034132e6,false,0
119.633,use_lmSR3_cuts,0.025883619454245665,10,false,39.79366666666667,false,false,10.722222222222221,false,1.65571e6,1.6128542324334108e6,false,0
80.785,use_lmSR3_cuts,0.025269654526090868,10,false,40.261,false,false,10.722222222222221,false,1.65571e6,1.613870780304606e6,false,0
155.875,use_lmSR3_cuts,0.0249504616832823,10,false,51.843333333333334,false,false,10.722222222222221,false,1.65571e6,1.6143992710863727e6,false,0
176.416,use_lmSR3_cuts,0.024838587312401184,10,false,58.69533333333334,false,false,10.722222222222221,false,1.65571e6,1.6145845026009842e6,false,0
151.906,use_lmSR3_cuts,0.0245708686693199,10,false,50.534333333333336,false,false,10.722222222222221,false,1.65571e6,1.6150277670355204e6,false,0
137.418,use_lmSR3_cuts,0.024472656309780016,10,false,45.68333333333333,false,false,10.722222222222221,false,1.65571e6,1.6151903782213342e6,false,0
59.502,none,0.024241161947260004,0,false,NaN,false,false,10.722222222222221,true,1.65571e6,1.6155736657523022e6,false,0
