CG_time_taken,method,CG_LP_IP_gap,implemented_SR3_cuts_count,errored,CG_sp_time_taken_mean,converged,CGIP_artificial,ngroute_neighborhood_size,time_limit_reached,CGIP_objective,CGLP_objective,CGLP_artificial,cycles_lookup_length
25.181,use_adaptive_ngroute,0.16862049140217428,0,false,0.936782608695652,false,false,7.833333333333333,false,1.808646e6,1.5036712227074231e6,false,12
10.124,use_adaptive_ngroute,0.1590649165176602,0,false,1.3759999999999997,false,false,8.944444444444445,false,1.808646e6,1.520953875e6,false,1
3.365,use_adaptive_ngroute,0.13396959603085368,0,false,1.596,false,false,8.972222222222221,false,1.756314e6,1.5210213229166672e6,false,5
5.177,use_lmSR3_cuts,0.1339172862014999,8,false,1.6713333333333333,false,false,9.25,false,1.756314e6,1.5211131954022988e6,false,0
29.622,use_adaptive_ngroute,0.06339221298989228,0,false,3.6213749999999996,false,false,9.25,false,1.658209e6,1.5530914618902437e6,false,8
13.073,use_adaptive_ngroute,0.06304047234966004,0,false,4.312666666666667,false,false,9.666666666666666,false,1.658209e6,1.5536747213855425e6,false,1
11.041,use_adaptive_ngroute,0.063616148585534,0,false,3.645666666666667,false,false,9.722222222222221,false,1.658209e6,1.5527201298701302e6,false,1
7.983,use_lmSR3_cuts,0.06298876013524168,5,false,3.9705000000000004,false,false,9.75,false,1.658209e6,1.553760471044901e6,false,0
27.511,use_lmSR3_cuts,0.05952930449720906,4,false,3.011444444444445,false,false,9.75,false,1.658209e6,1.5594969715189876e6,false,0
18.063,use_lmSR3_cuts,0.05779571872567413,2,false,4.462,false,false,9.75,false,1.658209e6,1.5623716190476187e6,false,0
14.35,use_lmSR3_cuts,0.05803965603853323,1,false,4.739333333333333,false,false,9.75,false,1.658209e6,1.5619671199999999e6,false,0
13.525,use_lmSR3_cuts,0.05785761557676028,1,false,4.435333333333333,false,false,9.75,false,1.658209e6,1.562268981132076e6,false,0
12.863,use_lmSR3_cuts,0.057817550623924574,10,false,4.231333333333334,false,false,9.75,false,1.658209e6,1.5623354171974526e6,false,0
37.157,use_adaptive_ngroute,0.05155708797042857,0,false,6.075000000000001,false,false,9.75,false,1.658209e6,1.5727165727136435e6,false,2
11.705,use_lmSR3_cuts,0.05104312709777836,1,false,5.8095,false,false,10.0,false,1.658209e6,1.57356882725832e6,false,0
27.394,use_lmSR3_cuts,0.05055754063471274,1,false,6.79725,false,false,10.0,false,1.658209e6,1.5743740311016536e6,false,0
15.004,use_adaptive_ngroute,0.050552166884114125,0,false,7.325,false,false,10.0,false,1.658209e6,1.57438294190326e6,false,1
20.735,use_lmSR3_cuts,0.050553993655195084,10,false,6.883000000000001,false,false,10.027777777777779,false,1.658209e6,1.5743799127350126e6,false,0
15.714,use_adaptive_ngroute,0.04901387745184227,0,false,7.7299999999999995,false,false,10.027777777777779,false,1.658209e6,1.576933747284458e6,false,1
17.419,use_lmSR3_cuts,0.048767116868256855,3,false,8.619,false,false,10.083333333333334,false,1.658209e6,1.5773429279050047e6,false,0
44.351,use_adaptive_ngroute,0.049163807926672964,0,false,8.8102,false,false,10.083333333333334,false,1.658209e6,1.5766851312217196e6,false,1
30.393,use_lmSR3_cuts,0.030522194605759445,2,false,10.077666666666664,false,false,10.11111111111111,false,1.627248e6,1.5775808198721672e6,false,0
11.414,use_lmSR3_cuts,0.030521274053530778,10,false,11.308,false,false,10.11111111111111,false,1.627248e6,1.57758231783894e6,false,0
43.194,use_adaptive_ngroute,0.0279452742011842,0,false,10.71425,false,false,10.11111111111111,false,1.627248e6,1.5817741084466714e6,false,2
28.006,use_lmSR3_cuts,0.028034503520406928,1,false,9.276999999999997,false,false,10.222222222222223,false,1.627248e6,1.5816289102154248e6,false,0
20.477,use_lmSR3_cuts,0.028019777072938346,2,false,10.1625,false,false,10.222222222222223,false,1.627248e6,1.5816528737976153e6,false,0
9.329,use_lmSR3_cuts,0.02787215694867884,10,false,9.257,false,false,10.222222222222223,false,1.627248e6,1.5818930883495763e6,false,0
63.103,use_adaptive_ngroute,0.025522369678252166,0,false,12.550799999999999,false,false,10.222222222222223,false,1.627248e6,1.5857167749858035e6,false,1
67.583,use_lmSR3_cuts,0.025748002994966157,5,false,13.4412,false,false,10.25,false,1.627248e6,1.5853496136224472e6,false,0
35.406,use_adaptive_ngroute,0.025595706880165103,0,false,11.736666666666666,false,false,10.25,false,1.627248e6,1.585597437170665e6,false,2
24.241,use_lmSR3_cuts,0.025583441629038917,10,false,12.061000000000002,false,false,10.305555555555555,false,1.627248e6,1.5856173957760297e6,false,0
25.838,use_lmSR3_cuts,0.02274368745514399,1,false,12.7845,false,false,10.305555555555555,false,1.627248e6,1.5902383800759919e6,false,0
52.792,use_lmSR3_cuts,0.022800236310809963,10,false,10.4738,false,false,10.305555555555555,false,1.627248e6,1.5901463610637072e6,false,0
66.722,use_lmSR3_cuts,0.021990128343481463,10,false,13.265799999999999,false,false,10.305555555555555,false,1.627248e6,1.5914646076333264e6,false,0
61.521,use_lmSR3_cuts,0.02121841283072201,2,false,12.219000000000001,false,false,10.305555555555555,false,1.627248e6,1.5927203801580332e6,false,0
46.678,use_lmSR3_cuts,0.020769121885176545,1,false,15.466666666666667,false,false,10.305555555555555,false,1.627248e6,1.5934514879505902e6,false,0
31.201,use_lmSR3_cuts,0.020724966230948993,10,false,15.521,false,false,10.305555555555555,false,1.627248e6,1.5935233401506208e6,false,0
30.111,use_lmSR3_cuts,0.020215734690694265,1,false,14.855500000000001,false,false,10.305555555555555,false,1.627248e6,1.594351986156037e6,false,0
30.32,use_lmSR3_cuts,0.02015036498427547,1,false,15.045,false,false,10.305555555555555,false,1.627248e6,1.5944583588800677e6,false,0
17.448,use_lmSR3_cuts,0.02002151533935792,10,false,17.278,false,false,10.305555555555555,false,1.627248e6,1.5946680292070606e6,false,0
98.378,use_lmSR3_cuts,0.021562924483883417,1,false,16.279666666666664,false,false,10.305555555555555,false,1.627248e6,1.5921597742594497e6,false,0
65.876,use_lmSR3_cuts,0.02149990379742084,10,false,16.37275,false,false,10.305555555555555,false,1.627248e6,1.5922623245454545e6,false,0
14.892,use_lmSR3_cuts,0.01916653681677083,1,false,14.733,false,false,10.305555555555555,false,1.627248e6,1.5960592912979834e6,false,0
52.481,use_lmSR3_cuts,0.01916399807805591,10,false,17.41133333333333,false,false,10.305555555555555,false,1.627248e6,1.5960634224554796e6,false,0
31.784,use_adaptive_ngroute,0.01860307421601115,0,false,15.776500000000002,false,false,10.305555555555555,false,1.627248e6,1.5969761846881444e6,false,1
17.53,use_lmSR3_cuts,0.01860260279252879,10,false,17.365,false,false,10.361111111111112,false,1.627248e6,1.596976951811063e6,false,0
74.118,use_lmSR3_cuts,0.018395091662504193,1,false,18.39375,false,false,10.361111111111112,false,1.627248e6,1.5973146238823733e6,false,0
29.644,use_lmSR3_cuts,0.01827413393432753,10,false,14.7125,false,false,10.361111111111112,false,1.627248e6,1.5975114521036334e6,false,0
33.328,use_lmSR3_cuts,0.018418173784129244,1,false,16.5215,false,false,10.361111111111112,false,1.627248e6,1.5972770635461232e6,false,0
40.929,use_lmSR3_cuts,0.018415664133760168,10,false,20.331,false,false,10.361111111111112,false,1.627248e6,1.597281147369667e6,false,0
31.187,use_adaptive_ngroute,0.01806224230250486,0,false,15.359,false,false,10.361111111111112,false,1.627248e6,1.5978562523377335e6,false,1
18.275,use_lmSR3_cuts,0.01806149482193331,2,false,18.112000000000002,false,false,10.416666666666666,false,1.627248e6,1.5978574686739987e6,false,0
33.446,use_lmSR3_cuts,0.018059811021557737,10,false,16.595999999999997,false,false,10.416666666666666,false,1.627248e6,1.5978602086347921e6,false,0
16.62,use_lmSR3_cuts,0.017943756560776403,10,false,16.334999999999997,false,false,10.416666666666666,false,1.627248e6,1.5980490580239897e6,false,0
47.648,use_lmSR3_cuts,0.017859637387406035,10,false,23.663999999999998,false,false,10.416666666666666,false,1.627248e6,1.5981859407806182e6,false,0
72.109,use_lmSR3_cuts,0.017790195993147684,10,false,23.910999999999998,false,false,10.416666666666666,false,1.627248e6,1.5982989391505425e6,false,0
135.903,use_adaptive_ngroute,0.017988337725403758,0,false,27.0274,false,false,10.416666666666666,false,1.627248e6,1.5979765134130123e6,false,5
55.244,use_lmSR3_cuts,0.01797288328785318,10,false,27.503,false,false,10.75,false,1.627248e6,1.5980016616156076e6,false,0
53.222,use_lmSR3_cuts,0.017946316876851665,10,false,26.442,false,false,10.75,false,1.627248e6,1.598044891754777e6,false,0
92.368,use_lmSR3_cuts,0.017939707953620765,10,false,30.622,false,false,10.75,false,1.627248e6,1.5980556461118865e6,false,0
55.005,use_lmSR3_cuts,0.01793250237713373,10,false,27.3215,false,false,10.75,false,1.627248e6,1.5980673713718138e6,false,0
102.093,use_lmSR3_cuts,0.017949715024151547,10,false,33.83166666666666,false,false,10.75,false,1.627248e6,1.5980393621263795e6,false,0
32.744,use_lmSR3_cuts,0.017938788664889183,5,false,32.512,false,false,10.75,false,1.627248e6,1.5980571420226365e6,false,0
33.423,use_lmSR3_cuts,0.017937221144495474,1,false,33.181000000000004,false,false,10.75,false,1.627248e6,1.598059692767062e6,false,0
30.314,none,0.017937221144494364,0,false,30.076,false,false,10.75,false,1.627248e6,1.5980596927670639e6,false,0
