CG_time_taken,method,CG_LP_IP_gap,implemented_SR3_cuts_count,errored,CG_sp_time_taken_mean,converged,CGIP_artificial,ngroute_neighborhood_size,time_limit_reached,CGIP_objective,CGLP_objective,CGLP_artificial,cycles_lookup_length
4.253,use_adaptive_ngroute,0.1591657437527032,0,false,0.08957142857142857,false,false,6.0,false,1.389045e6,1.1679566194690263e6,false,21
2.581,use_adaptive_ngroute,0.08975211597710508,0,false,0.19527272727272726,false,false,7.357142857142857,false,1.342012e6,1.2215635833333333e6,false,7
1.941,use_adaptive_ngroute,0.08637895257947847,0,false,0.3063333333333334,false,false,7.7857142857142865,false,1.342012e6,1.226090409090909e6,false,2
1.507,use_adaptive_ngroute,0.08515199566024745,0,false,0.28819999999999996,false,false,7.857142857142858,false,1.342012e6,1.227737e6,false,1
2.049,use_SR3_cuts,0.08405601688608866,6,false,0.3988,false,false,7.892857142857143,false,1.342012e6,1.2292078166666664e6,false,0
2.019,use_SR3_cuts,0.08103131715662748,1,false,0.6529999999999999,false,false,7.892857142857143,false,1.342012e6,1.233267e6,false,0
3.325,use_adaptive_ngroute,0.077283213562919,0,false,0.6534,false,false,7.892857142857143,false,1.342012e6,1.238297e6,false,2
1.851,use_SR3_cuts,0.07710102443197231,10,false,0.893,false,false,8.071428571428571,false,1.342012e6,1.2385415e6,false,0
2.544,use_SR3_cuts,0.07582309249097618,10,false,1.255,false,false,8.071428571428571,false,1.342012e6,1.2402565e6,false,0
3.03,use_SR3_cuts,0.07506589608239977,6,false,1.4869999999999999,false,false,8.071428571428571,false,1.342012e6,1.2412726666666665e6,false,0
5.983,use_SR3_cuts,0.07309530275250897,2,false,1.44,false,false,8.071428571428571,false,1.342012e6,1.2439172265625e6,false,0
3.899,none,0.07272997558889194,0,false,1.8975,false,false,8.071428571428571,false,1.342012e6,1.2444075e6,false,0
