CG_time_taken,method,CG_LP_IP_gap,implemented_SR3_cuts_count,errored,CG_sp_time_taken_mean,converged,CGIP_artificial,ngroute_neighborhood_size,time_limit_reached,CGIP_objective,CGLP_objective,CGLP_artificial,cycles_lookup_length
57.154,use_adaptive_ngroute,0.09364999491754467,0,false,2.4096818181818187,false,false,7.833333333333333,false,1.792966e6,1.6250547432126696e6,false,24
59.438,use_adaptive_ngroute,0.08576639676008002,0,false,5.8468,false,false,10.222222222222223,false,1.792966e6,1.6391897666666664e6,false,10
27.531,use_adaptive_ngroute,0.08392463437678144,0,false,6.8125,false,false,10.86111111111111,false,1.792966e6,1.6424919839999997e6,false,7
22.251,use_lmSR3_cuts,0.0829421052550372,15,false,7.357666666666667,false,false,11.222222222222223,false,1.792966e6,1.644253625309297e6,false,0
68.356,none,0.0,0,false,9.629428571428573,true,false,11.222222222222223,false,1.66103e6,1.66103e6,false,0
