CG_time_taken,method,CG_LP_IP_gap,implemented_SR3_cuts_count,errored,CG_sp_time_taken_mean,converged,CGIP_artificial,ngroute_neighborhood_size,time_limit_reached,CGIP_objective,CGLP_objective,CGLP_artificial,cycles_lookup_length
40.385,use_adaptive_ngroute,0.19241148127334295,0,false,1.6864545454545457,false,false,7.833333333333333,false,2.05268e6,1.6577208006198343e6,false,8
22.296,use_adaptive_ngroute,0.16301135915156384,0,false,3.663666666666667,false,false,8.583333333333334,false,2.00655e6,1.6794595572944295e6,false,11
19.831,use_adaptive_ngroute,0.13298367024514401,0,false,4.90175,false,false,9.36111111111111,false,1.947484e6,1.6885004299363059e6,false,3
11.434,use_lmSR3_cuts,0.13172387049564116,15,false,3.776666666666667,false,false,9.5,false,1.947484e6,1.6909538697916667e6,false,0
34.799,use_lmSR3_cuts,0.12049166561013624,4,false,4.889,false,false,9.5,false,1.947484e6,1.7128284090909094e6,false,0
41.165,use_lmSR3_cuts,0.1059030681927966,4,false,6.79,false,false,9.5,false,1.923803e6,1.7200663597014933e6,false,0
47.421,use_adaptive_ngroute,0.10549973340975505,0,false,7.827500000000001,false,false,9.5,false,1.923803e6,1.720842296367113e6,false,2
30.623,use_adaptive_ngroute,0.06077873206796902,0,false,7.59025,false,false,9.583333333333332,false,1.831018e6,1.7197310475663715e6,false,2
23.22,use_lmSR3_cuts,0.060763446384391795,2,false,7.693666666666667,false,false,9.63888888888889,false,1.831018e6,1.7197590359281437e6,false,0
19.449,use_lmSR3_cuts,0.059295074317727736,3,false,6.423333333333334,false,false,9.63888888888889,false,1.831018e6,1.7224476516129028e6,false,0
17.313,use_lmSR3_cuts,0.059292736554875325,10,false,8.5905,false,false,9.63888888888889,false,1.831018e6,1.7224519320987654e6,false,0
29.637,use_adaptive_ngroute,0.05442080811943473,0,false,7.373750000000001,false,false,9.63888888888889,false,1.831018e6,1.7313725207587688e6,false,1
35.668,use_adaptive_ngroute,0.05441127714020566,0,false,8.879999999999999,false,false,9.694444444444445,false,1.831018e6,1.7313899721532948e6,false,3
17.402,use_lmSR3_cuts,0.05433237866296825,3,false,8.6525,false,false,9.777777777777777,false,1.831018e6,1.7315344366852893e6,false,0
16.439,use_lmSR3_cuts,0.05426276805690422,2,false,8.169500000000001,false,false,9.777777777777777,false,1.831018e6,1.7316618949579834e6,false,0
26.357,use_lmSR3_cuts,0.05368587879444431,3,false,8.735666666666665,false,false,9.777777777777777,false,1.831018e6,1.7327181895815542e6,false,0
9.164,use_lmSR3_cuts,0.0536175111891658,10,false,9.086,false,false,9.777777777777777,false,1.831018e6,1.732843371897436e6,false,0
40.491,use_lmSR3_cuts,0.05129152770138756,2,false,10.040249999999999,false,false,9.777777777777777,false,1.831018e6,1.7371022895312607e6,false,0
22.879,use_lmSR3_cuts,0.0513706022090582,10,false,11.3505,false,false,9.777777777777777,false,1.831018e6,1.7369575026843746e6,false,0
38.82,use_adaptive_ngroute,0.04931713876361343,0,false,12.873,false,false,9.777777777777777,false,1.831018e6,1.740717431215326e6,false,2
39.631,use_lmSR3_cuts,0.04940696847265791,10,false,13.152,false,false,9.88888888888889,false,1.831018e6,1.7405529514011308e6,false,0
33.229,use_adaptive_ngroute,0.04762046309319701,0,false,16.5165,false,false,9.88888888888889,false,1.831018e6,1.7438240749080207e6,false,1
18.882,use_lmSR3_cuts,0.04760347929419495,1,false,18.759999999999998,false,false,9.916666666666666,false,1.831018e6,1.7438551725497018e6,false,0
17.506,use_lmSR3_cuts,0.04759810927206609,10,false,17.384,false,false,9.916666666666666,false,1.831018e6,1.74386500515688e6,false,0
20.668,use_lmSR3_cuts,0.047166457851523846,10,false,20.522,false,false,9.916666666666666,false,1.831018e6,1.7446553666776186e6,false,0
52.6,use_lmSR3_cuts,0.04595803327837045,10,false,26.1945,false,false,9.916666666666666,false,1.831018e6,1.7468680138227048e6,false,0
76.305,use_lmSR3_cuts,0.04553505536604174,2,false,25.342666666666666,false,false,9.916666666666666,false,1.831018e6,1.747642493993781e6,false,0
28.854,use_lmSR3_cuts,0.045413639915747095,10,false,28.718,false,false,9.916666666666666,false,1.831018e6,1.7478648078687487e6,false,0
113.143,use_adaptive_ngroute,0.04574611478017798,0,false,28.15825,false,false,9.916666666666666,false,1.831018e6,1.747256040407428e6,false,3
23.89,use_lmSR3_cuts,0.045745723161937035,1,false,23.676,false,false,10.055555555555555,false,1.831018e6,1.7472567574674764e6,false,0
26.941,use_lmSR3_cuts,0.04544020582113606,1,false,26.773,false,false,10.055555555555555,false,1.831018e6,1.7478161652177952e6,false,0
22.571,use_adaptive_ngroute,0.04543079540267836,0,false,22.415,false,false,10.055555555555555,false,1.831018e6,1.7478333958633787e6,false,1
80.506,use_lmSR3_cuts,0.0454238229928241,1,false,26.758,false,false,10.083333333333334,false,1.831018e6,1.7478461624713251e6,false,0
26.605,use_lmSR3_cuts,0.04542328713347776,1,false,26.44,false,false,10.083333333333334,false,1.831018e6,1.747847143639434e6,false,0
26.829,use_lmSR3_cuts,0.045422990725107804,10,false,26.672,false,false,10.083333333333334,false,1.831018e6,1.7478476863684945e6,false,0
50.321,use_lmSR3_cuts,0.04503477270951517,10,false,25.0275,false,false,10.083333333333334,false,1.831018e6,1.748558520542969e6,false,0
48.507,use_lmSR3_cuts,0.0445513755302106,10,false,24.121,false,false,10.083333333333334,false,1.831018e6,1.7494436294794248e6,false,0
59.448,use_adaptive_ngroute,0.044397654589877766,0,false,29.584,false,false,10.083333333333334,false,1.831018e6,1.7497250952881512e6,false,1
59.796,use_lmSR3_cuts,0.04428581444175017,10,false,29.781999999999996,false,false,10.11111111111111,false,1.831018e6,1.7499298766124954e6,false,0
32.618,use_lmSR3_cuts,0.04416821514817282,10,false,32.418000000000006,false,false,10.11111111111111,false,1.831018e6,1.7501452030358228e6,false,0
36.282,use_lmSR3_cuts,0.04375587216410626,10,false,36.077,false,false,10.11111111111111,false,1.831018e6,1.7509002104618226e6,false,0
170.122,use_adaptive_ngroute,0.0438693475159192,0,false,42.4085,false,false,10.11111111111111,false,1.831018e6,1.7506924350500966e6,false,2
87.683,use_lmSR3_cuts,0.044149891681376285,10,false,43.6955,false,false,10.166666666666668,false,1.831018e6,1.7501787536333497e6,false,0
132.704,use_lmSR3_cuts,0.04375656676076045,10,false,44.08966666666667,false,false,10.166666666666668,false,1.831018e6,1.750898938642846e6,false,0
218.811,use_lmSR3_cuts,0.04367578817724593,6,false,54.566250000000004,false,false,10.166666666666668,false,1.831018e6,1.7510468456832755e6,false,0
52.014,use_lmSR3_cuts,0.043649510299910044,1,false,51.812000000000005,false,false,10.166666666666668,false,1.831018e6,1.7510949609496794e6,false,0
50.306,none,0.04364846220710772,0,false,50.13,false,false,10.166666666666668,false,1.831018e6,1.751096880026466e6,false,0
