CG_time_taken,method,CG_LP_IP_gap,implemented_SR3_cuts_count,errored,CG_sp_time_taken_mean,converged,CGIP_artificial,ngroute_neighborhood_size,time_limit_reached,CGIP_objective,CGLP_objective,CGLP_artificial,cycles_lookup_length
75.977,use_adaptive_ngroute,0.13616709420995543,0,false,2.4484285714285714,false,false,8.924999999999999,false,1.768242e6,1.527465625e6,false,6
26.197,use_adaptive_ngroute,0.016878854187388104,0,false,2.808777777777778,false,false,9.7,false,1.56751e6,1.5410522272727273e6,false,6
17.319,use_SR3_cuts,0.015541687134372317,2,false,2.412714285714286,false,false,10.25,false,1.56751e6,1.54314825e6,false,0
17.796,use_SR3_cuts,0.013501987228151657,1,false,5.849666666666667,false,false,10.25,false,1.56751e6,1.5463455e6,false,0
18.962,use_SR3_cuts,0.011530388960836024,2,false,6.256,false,false,10.25,false,1.56751e6,1.549436e6,false,0
26.346,use_SR3_cuts,0.011349528870629011,2,false,8.683333333333334,false,false,10.25,false,1.56751e6,1.5497195000000002e6,false,0
22.777,use_SR3_cuts,0.011349528870629233,2,false,7.525000000000001,false,false,10.25,false,1.56751e6,1.5497195e6,false,0
31.449,use_SR3_cuts,0.01029786093868601,1,false,10.421333333333333,false,false,10.25,false,1.56751e6,1.5513680000000002e6,false,0
49.813,use_SR3_cuts,0.010297860938686232,10,false,16.529666666666667,false,false,10.25,false,1.56751e6,1.551368e6,false,0
67.541,use_SR3_cuts,0.009058634394676912,10,false,22.401333333333337,false,false,10.25,false,1.56751e6,1.5533105e6,false,0
101.83,use_adaptive_ngroute,0.00667611784389377,0,false,33.86233333333334,false,false,10.25,false,1.56751e6,1.557045118518518e6,false,2
74.89,use_SR3_cuts,0.006670984416436321,5,false,37.36300000000001,false,false,10.375,false,1.56751e6,1.557053165217392e6,false,0
206.147,use_SR3_cuts,0.000692969894490747,1,false,68.54100000000001,false,false,10.375,false,1.559327e6,1.5582464333333333e6,false,0
190.794,use_adaptive_ngroute,0.0006671264543507416,0,false,63.51499999999999,false,false,10.375,false,1.559327e6,1.5582867317073166e6,false,1
145.689,use_SR3_cuts,0.0006226890854926781,2,false,72.784,false,false,10.4,false,1.559327e6,1.558356024096386e6,false,0
197.471,use_adaptive_ngroute,0.0006363757117381352,0,false,98.6405,false,false,10.4,false,1.559327e6,1.5583346821705424e6,false,1
124.951,use_SR3_cuts,0.0006151532976719221,10,false,62.0885,false,false,10.424999999999999,false,1.559327e6,1.5583677748538011e6,false,0
237.13,none,2.886579864025407e-15,0,false,78.93566666666668,true,false,10.424999999999999,false,1.559327e6,1.5593269999999956e6,false,0
