CG_time_taken,method,CG_LP_IP_gap,implemented_SR3_cuts_count,errored,CG_sp_time_taken_mean,converged,CGIP_artificial,ngroute_neighborhood_size,time_limit_reached,CGIP_objective,CGLP_objective,CGLP_artificial,cycles_lookup_length
59.602,use_adaptive_ngroute,0.028665417107321955,0,false,2.210875,false,false,8.924999999999999,false,1.60349e6,1.5575252903225804e6,false,18
51.665,use_adaptive_ngroute,0.022799153053868704,0,false,4.565909090909091,false,false,10.8,false,1.60349e6,1.566931786069652e6,false,5
21.486,use_SR3_cuts,0.022239086673373376,14,false,5.31175,false,false,11.375,false,1.60349e6,1.5678298469101125e6,false,0
215.925,use_adaptive_ngroute,0.009858027414359705,0,false,41.074799999999996,false,false,11.375,false,1.599864e6,1.5840924968287528e6,false,5
91.137,use_SR3_cuts,0.009356166870250648,6,false,45.418,false,false,11.65,false,1.599864e6,1.5848954054462933e6,false,0
189.836,use_SR3_cuts,0.008757020524755021,3,false,47.03450000000001,false,false,11.65,false,1.599864e6,1.5858539581151833e6,false,0
96.808,use_SR3_cuts,0.008711365466064658,10,false,48.2705,false,false,11.65,false,1.599864e6,1.585927e6,false,0
922.18,use_adaptive_ngroute,0.006235319267267614,0,false,178.61839999999998,false,false,11.65,false,1.599864e6,1.589888337175792e6,false,1
451.925,use_SR3_cuts,0.006019014905740749,5,false,225.78799999999998,false,false,11.85,false,1.599864e6,1.590234394736842e6,false,0
1316.54,use_adaptive_ngroute,0.005683714823076946,0,false,437.517,false,false,11.85,false,1.599864e6,1.5907708292682928e6,false,1
161.673,none,0.0056817149169212655,0,false,NaN,false,false,12.0,true,1.599864e6,1.5907740288461547e6,false,0
