CG_time_taken,method,CG_LP_IP_gap,implemented_SR3_cuts_count,errored,CG_sp_time_taken_mean,converged,CGIP_artificial,ngroute_neighborhood_size,time_limit_reached,CGIP_objective,CGLP_objective,CGLP_artificial,cycles_lookup_length
115.114,use_adaptive_ngroute,0.19392607571255638,0,false,4.3376,false,false,8.924999999999999,false,2.035488e6,1.6407538e6,false,11
91.172,use_adaptive_ngroute,0.09484859263524303,0,false,10.036111111111108,false,false,10.225,false,1.830213e6,1.656619872727274e6,false,7
25.128,use_adaptive_ngroute,0.09267694927205383,0,false,12.512500000000001,false,false,10.575000000000001,false,1.830213e6,1.6605944426419465e6,false,3
27.276,use_SR3_cuts,0.09260233644936422,8,false,13.572,false,false,10.875,false,1.830213e6,1.6607309999999998e6,false,0
109.271,use_adaptive_ngroute,0.027636018382351524,0,false,21.702599999999997,false,false,10.875,false,1.728517e6,1.680747672413793e6,false,2
72.286,use_adaptive_ngroute,0.02722430557524158,0,false,23.94066666666667,false,false,11.025,false,1.728517e6,1.6814593250000002e6,false,1
100.142,use_adaptive_ngroute,0.0269348104634074,0,false,24.95475,false,false,11.05,false,1.728517e6,1.6819597222222225e6,false,3
97.431,use_SR3_cuts,0.026921795996962983,10,false,32.431999999999995,false,false,11.35,false,1.728517e6,1.6819822179487175e6,false,0
157.424,use_SR3_cuts,0.02631470599749175,1,false,39.253,false,false,11.35,false,1.728517e6,1.6830315833333335e6,false,0
109.312,use_SR3_cuts,0.023021145950511857,1,false,54.5665,false,false,11.35,false,1.723687e6,1.68400575e6,false,0
92.131,use_SR3_cuts,0.02300185590539361,2,false,46.002500000000005,false,false,11.35,false,1.723687e6,1.6840389999999998e6,false,0
176.608,use_SR3_cuts,0.021895724107683145,10,false,87.95949999999999,false,false,11.35,false,1.723687e6,1.685945625e6,false,0
424.872,use_SR3_cuts,0.019845959401112778,10,false,141.34066666666666,false,false,11.35,false,1.723687e6,1.689478777777774e6,false,0
357.983,use_adaptive_ngroute,0.019407308287409664,0,false,178.86200000000002,false,false,11.35,false,1.723687e6,1.6902348749999998e6,false,2
492.26,use_SR3_cuts,0.019080119445209043,4,false,245.97549999999998,false,false,11.425,false,1.723687e6,1.690798846153846e6,false,0
1111.674,use_adaptive_ngroute,0.018545742323789027,0,false,555.5625,false,false,11.425,false,1.723687e6,1.691719945051135e6,false,4
10.864,none,0.018492769141213228,0,false,NaN,false,false,11.7,true,1.723687e6,1.6918112542372895e6,false,0
