CG_time_taken,method,CG_LP_IP_gap,implemented_SR3_cuts_count,errored,CG_sp_time_taken_mean,converged,CGIP_artificial,ngroute_neighborhood_size,time_limit_reached,CGIP_objective,CGLP_objective,CGLP_artificial,cycles_lookup_length
68.164,use_adaptive_ngroute,0.12286156471513943,0,false,2.07948275862069,false,false,8.924999999999999,false,1.712452e6,1.50205746778043e6,false,4
12.91,use_adaptive_ngroute,0.12183698612634852,0,false,2.5107999999999997,false,false,9.225,false,1.712452e6,1.5038120094339622e6,false,3
10.64,use_adaptive_ngroute,0.12043776519977933,0,false,2.58,false,false,9.299999999999999,false,1.712452e6,1.5062081081081075e6,false,2
12.884,use_adaptive_ngroute,0.11982386287987246,0,false,2.5045999999999995,false,false,9.375,false,1.712452e6,1.5072593863636367e6,false,1
7.742,use_SR3_cuts,0.11969302720881381,14,false,2.5273333333333334,false,false,9.4,false,1.712452e6,1.5074834361702125e6,false,0
251.167,use_adaptive_ngroute,0.07402656062988378,0,false,40.806666666666665,false,false,9.4,false,1.677956e6,1.5537426884317228e6,false,2
61.457,use_adaptive_ngroute,0.0737015115592381,0,false,30.663,false,false,9.6,false,1.677956e6,1.554288106470107e6,false,4
61.853,use_SR3_cuts,0.07370151155923854,7,false,30.8265,false,false,9.8,false,1.677956e6,1.5542881064701064e6,false,0
290.157,use_SR3_cuts,0.07260590965384683,10,false,72.11775,false,false,9.8,false,1.677956e6,1.5561264782608699e6,false,0
238.04,use_SR3_cuts,0.07097754550602475,10,false,79.01233333333333,false,false,9.8,false,1.677956e6,1.5588588016528927e6,false,0
106.584,use_SR3_cuts,0.07067840927777425,1,false,106.426,false,false,9.8,false,1.677956e6,1.5593607390819031e6,false,0
327.803,use_SR3_cuts,0.0706513988177283,10,false,109.15466666666667,false,false,9.8,false,1.677956e6,1.5594060614454e6,false,0
1258.697,use_adaptive_ngroute,0.06846077734624878,0,false,314.3555,false,false,9.8,false,1.677956e6,1.5630818278871977e6,false,3
581.237,use_SR3_cuts,0.06845964073900213,2,false,290.4895,false,false,10.149999999999999,false,1.677956e6,1.563083735064147e6,false,0
223.846,none,0.06842125823804612,0,false,NaN,false,false,10.149999999999999,true,1.677956e6,1.563148139211921e6,false,0
