CG_time_taken,method,CG_LP_IP_gap,implemented_SR3_cuts_count,errored,CG_sp_time_taken_mean,converged,CGIP_artificial,ngroute_neighborhood_size,time_limit_reached,CGIP_objective,CGLP_objective,CGLP_artificial,cycles_lookup_length
100.672,use_adaptive_ngroute,0.06243780677121846,0,false,3.80932,false,false,8.924999999999999,false,1.826055e6,1.7120401307563826e6,false,20
89.358,use_adaptive_ngroute,0.05774763480013345,0,false,7.982363636363636,false,false,10.775,false,1.826055e6,1.7206046427350424e6,false,7
53.805,use_SR3_cuts,0.05642188723682795,7,false,10.668999999999999,false,false,11.4,false,1.826055e6,1.7230255307017541e6,false,0
72.979,use_SR3_cuts,0.05403856948448971,5,false,18.153,false,false,11.4,false,1.826055e6,1.7273776e6,false,0
142.316,use_adaptive_ngroute,0.0518893680639414,0,false,35.1445,false,false,11.4,false,1.826055e6,1.7313021599999995e6,false,8
129.113,use_adaptive_ngroute,0.05174990562334836,0,false,25.6436,false,false,11.8,false,1.826055e6,1.7315568260869565e6,false,1
75.392,use_SR3_cuts,0.0517139656004586,3,false,37.614999999999995,false,false,11.875,false,1.826055e6,1.7316224545454546e6,false,0
101.665,use_SR3_cuts,0.051044174397549935,3,false,33.80633333333333,false,false,11.875,false,1.826055e6,1.732845530120482e6,false,0
66.93,use_SR3_cuts,0.050514953456129996,2,false,33.359500000000004,false,false,11.875,false,1.826055e6,1.7338119166666665e6,false,0
95.736,use_SR3_cuts,0.050206748062535334,10,false,47.8035,false,false,11.875,false,1.826055e6,1.734374716666667e6,false,0
567.459,use_SR3_cuts,0.04601123186322442,6,false,188.70000000000002,false,false,11.875,false,1.826055e6,1.7420359599999997e6,false,0
1052.049,use_adaptive_ngroute,0.044526024111854245,0,false,350.4923333333333,false,false,11.875,false,1.826055e6,1.744748031040428e6,false,5
698.321,use_SR3_cuts,0.0442943021324379,7,false,349.048,false,false,12.025,false,1.826055e6,1.7451711681195511e6,false,0
298.692,none,0.04314227317159858,0,false,NaN,false,false,12.025,true,1.826055e6,1.7472748363636367e6,false,0
