CG_time_taken,method,CG_LP_IP_gap,implemented_SR3_cuts_count,errored,CG_sp_time_taken_mean,converged,CGIP_artificial,ngroute_neighborhood_size,time_limit_reached,CGIP_objective,CGLP_objective,CGLP_artificial,cycles_lookup_length
6.283,use_adaptive_ngroute,0.9999812948054292,0,false,0.15355555555555556,false,true,6.0,false,6.0e10,1.1223116742504407e6,false,22
4.147,use_adaptive_ngroute,0.024321605834138338,0,false,0.312,false,false,7.749999999999999,false,1.355333e6,1.3223691249999998e6,false,9
2.246,use_adaptive_ngroute,0.019533441731160006,0,false,0.5045,false,false,8.535714285714286,false,1.355333e6,1.3288586818181816e6,false,7
1.538,use_adaptive_ngroute,0.017743683655603304,0,false,0.49,false,false,8.785714285714286,false,1.355333e6,1.3312844000000001e6,false,1
2.444,use_SR3_cuts,0.0171979875056536,13,false,0.58775,false,false,8.821428571428571,false,1.355333e6,1.332024e6,false,0
11.689,none,0.0,0,false,2.708,true,false,8.821428571428571,false,1.352953e6,1.352953e6,false,0
