CG_time_taken,method,CG_LP_IP_gap,implemented_SR3_cuts_count,errored,CG_sp_time_taken_mean,converged,CGIP_artificial,ngroute_neighborhood_size,time_limit_reached,CGIP_objective,CGLP_objective,CGLP_artificial,cycles_lookup_length
94.44,use_adaptive_ngroute,0.08000474242693667,0,false,3.366884615384615,false,false,8.924999999999999,false,1.771245e6,1.6295370000000005e6,false,9
25.697,use_lmSR3_cuts,0.08000474242693689,4,false,4.2145,false,false,9.65,false,1.771245e6,1.6295370000000002e6,false,0
37.584,use_lmSR3_cuts,0.07422239467411085,5,false,5.2365714285714295,false,false,9.65,false,1.771245e6,1.6397789545454546e6,false,0
35.326,use_adaptive_ngroute,0.07349776329736102,0,false,4.948714285714285,false,false,9.65,false,1.771245e6,1.6410624542483657e6,false,1
11.602,use_lmSR3_cuts,0.07349439344815467,2,false,3.81,false,false,9.9,false,1.771245e6,1.6410684230769232e6,false,0
11.814,use_adaptive_ngroute,0.05298753763072539,0,false,3.819000000000001,false,false,9.9,false,1.738128e6,1.6460288771929825e6,false,3
13.031,use_lmSR3_cuts,0.052008721906254274,1,false,4.279,false,false,9.975,false,1.738128e6,1.647730184210526e6,false,0
9.253,use_lmSR3_cuts,0.05166202355489302,10,false,4.5,false,false,9.975,false,1.738128e6,1.6483327903225808e6,false,0
34.022,use_adaptive_ngroute,0.020546156301691987,0,false,4.749285714285714,false,false,9.975,false,1.688491e6,1.6537989999999998e6,false,1
37.743,use_lmSR3_cuts,0.020557803782588424,1,false,4.627000000000001,false,false,10.0,false,1.688491e6,1.6537793333333335e6,false,0
19.065,use_adaptive_ngroute,0.02045570436992128,0,false,4.7,false,false,10.0,false,1.688491e6,1.6539517272727273e6,false,1
24.629,use_adaptive_ngroute,0.01996296747160098,0,false,6.11425,false,false,10.025,false,1.688491e6,1.654783709090909e6,false,2
18.803,use_adaptive_ngroute,0.02007105753006666,0,false,4.59975,false,false,10.25,false,1.688491e6,1.6546012000000002e6,false,3
13.761,use_lmSR3_cuts,0.01994085883440133,1,false,6.824,false,false,10.575000000000001,false,1.688491e6,1.6548210393258429e6,false,0
10.161,use_lmSR3_cuts,0.019900305953659103,10,false,4.964499999999999,false,false,10.575000000000001,false,1.688491e6,1.6548895125000002e6,false,0
14.119,use_lmSR3_cuts,0.019255872057752477,1,false,6.967,false,false,10.575000000000001,false,1.688491e6,1.6559776333333335e6,false,0
21.957,use_lmSR3_cuts,0.019236433267600828,10,false,7.234666666666667,false,false,10.575000000000001,false,1.688491e6,1.6560104555555554e6,false,0
17.3,use_adaptive_ngroute,0.018127103256236232,0,false,8.578000000000001,false,false,10.575000000000001,false,1.688491e6,1.6578835492957744e6,false,1
30.247,use_adaptive_ngroute,0.017975913549269307,0,false,10.012666666666666,false,false,10.625,false,1.688491e6,1.6581388317552807e6,false,8
56.208,use_lmSR3_cuts,0.017974780790098732,2,false,11.0618,false,false,11.025,false,1.688491e6,1.6581407444089453e6,false,0
58.246,use_lmSR3_cuts,0.01790720526764855,10,false,11.569399999999998,false,false,11.025,false,1.688491e6,1.6582548450704229e6,false,0
23.592,use_lmSR3_cuts,0.01749788574249067,10,false,11.693,false,false,11.025,false,1.688491e6,1.6589459774047763e6,false,0
33.464,use_lmSR3_cuts,0.01660534514776879,10,false,11.040000000000001,false,false,11.025,false,1.688491e6,1.6604530241660988e6,false,0
44.527,use_lmSR3_cuts,0.016061400729060815,1,false,14.756,false,false,11.025,false,1.688491e6,1.6613714694215874e6,false,0
31.013,use_lmSR3_cuts,0.016023348894373624,1,false,15.406,false,false,11.025,false,1.688491e6,1.6614357196019902e6,false,0
15.057,use_lmSR3_cuts,0.01601682816711969,10,false,14.873,false,false,11.025,false,1.688491e6,1.661446729791272e6,false,0
153.01,use_lmSR3_cuts,0.015419198076589313,10,false,19.026500000000002,false,false,11.025,false,1.688491e6,1.6624558228204616e6,false,0
95.889,use_adaptive_ngroute,0.014831322270300484,0,false,23.877499999999998,false,false,11.025,false,1.688491e6,1.663448445828498e6,false,2
26.525,use_lmSR3_cuts,0.014816581539644047,10,false,26.379,false,false,11.175,false,1.688491e6,1.663473335419545e6,false,0
76.236,use_adaptive_ngroute,0.014532985944655796,0,false,25.30766666666667,false,false,11.175,false,1.688491e6,1.6639521840293221e6,false,1
48.587,use_lmSR3_cuts,0.014526381495554186,2,false,24.1815,false,false,11.2,false,1.688491e6,1.6639633355821902e6,false,0
54.08,use_lmSR3_cuts,0.014506426252907212,10,false,26.903,false,false,11.2,false,1.688491e6,1.6639970298298025e6,false,0
120.506,use_lmSR3_cuts,0.014047818716930616,10,false,29.797250000000002,false,false,11.2,false,1.688491e6,1.664771384526831e6,false,0
61.04,use_lmSR3_cuts,0.014324578329155346,10,false,20.224666666666664,false,false,11.2,false,1.688491e6,1.6643040784124262e6,false,0
116.103,use_lmSR3_cuts,0.014099599984501165,10,false,28.9135,false,false,11.2,false,1.688491e6,1.6646839523225697e6,false,0
54.297,use_lmSR3_cuts,0.013858418893354041,1,false,26.987499999999997,false,false,11.2,false,1.688491e6,1.6650911844243417e6,false,0
58.049,use_lmSR3_cuts,0.013931783136579168,10,false,28.852,false,false,11.2,false,1.688491e6,1.6649673095599343e6,false,0
96.911,use_lmSR3_cuts,0.013693463341502676,10,false,32.01233333333334,false,false,11.2,false,1.688491e6,1.6653697103890427e6,false,0
61.652,use_lmSR3_cuts,0.013538990559491038,1,false,30.607,false,false,11.2,false,1.688491e6,1.6656305362912144e6,false,0
30.726,use_lmSR3_cuts,0.013530872617045775,10,false,30.497,false,false,11.2,false,1.688491e6,1.6656442433639718e6,false,0
93.726,use_lmSR3_cuts,0.013449861532084606,10,false,31.125666666666664,false,false,11.2,false,1.688491e6,1.665781029851829e6,false,0
102.33,use_adaptive_ngroute,0.013404796272226127,0,false,33.94133333333334,false,false,11.2,false,1.688491e6,1.6658571221375125e6,false,4
131.743,use_lmSR3_cuts,0.01340447781828269,10,false,32.754749999999994,false,false,11.299999999999999,false,1.688491e6,1.66585765984413e6,false,0
125.182,use_adaptive_ngroute,0.013840694954628585,0,false,41.427,false,false,11.299999999999999,false,1.688491e6,1.6651211111353643e6,false,1
129.279,use_lmSR3_cuts,0.013384004819225748,10,false,42.89733333333333,false,false,11.325,false,1.688491e6,1.6658922283187807e6,false,0
125.119,use_lmSR3_cuts,0.01329777079919825,10,false,41.51166666666667,false,false,11.325,false,1.688491e6,1.666037833685491e6,false,0
54.27,use_lmSR3_cuts,0.01325613271143844,6,false,54.007,false,false,11.325,false,1.688491e6,1.6661081392219306e6,false,0
97.291,use_lmSR3_cuts,0.01326156754787633,4,false,48.467,false,false,11.325,false,1.688491e6,1.6660989625495188e6,false,0
47.669,none,0.013260850172860383,0,false,47.452,false,false,11.325,false,1.688491e6,1.6661001738307767e6,false,0
