CG_time_taken,method,CG_LP_IP_gap,implemented_SR3_cuts_count,errored,CG_sp_time_taken_mean,converged,CGIP_artificial,ngroute_neighborhood_size,time_limit_reached,CGIP_objective,CGLP_objective,CGLP_artificial,cycles_lookup_length
90.613,use_adaptive_ngroute,0.17788197466399602,0,false,3.5277500000000006,false,false,8.924999999999999,false,2.134454e6,1.754773107650535e6,false,11
22.045,use_adaptive_ngroute,0.10920763344632434,0,false,5.40125,false,false,10.075,false,1.978438e6,1.762377468099721e6,false,1
35.14,use_adaptive_ngroute,0.10844232377710983,0,false,6.954200000000001,false,false,10.1,false,1.978438e6,1.7638915858310624e6,false,6
33.181,use_adaptive_ngroute,0.10756332627318288,0,false,8.242750000000001,false,false,10.325,false,1.978438e6,1.7656306278947366e6,false,3
18.348,use_lmSR3_cuts,0.10751600173009757,15,false,9.116,false,false,10.475,false,1.978438e6,1.7657242565691092e6,false,0
76.09,use_adaptive_ngroute,0.09846918493453938,0,false,15.0514,false,false,10.475,false,1.978438e6,1.7836228226964797e6,false,6
33.799,use_adaptive_ngroute,0.09785991817197337,0,false,11.193666666666667,false,false,10.625,false,1.978438e6,1.7848282192116773e6,false,3
25.774,use_lmSR3_cuts,0.09728234043493922,5,false,12.823500000000001,false,false,10.700000000000001,false,1.978438e6,1.7859709209545797e6,false,0
60.374,use_lmSR3_cuts,0.09559788657463864,3,false,14.977,false,false,10.700000000000001,false,1.978438e6,1.789303508481045e6,false,0
43.291,use_lmSR3_cuts,0.09525923629951205,3,false,14.357666666666669,false,false,10.700000000000001,false,1.978438e6,1.789973507054066e6,false,0
15.364,use_adaptive_ngroute,0.09492062287155756,0,false,15.267,false,false,10.700000000000001,false,1.978438e6,1.7906434327272414e6,false,1
11.852,use_lmSR3_cuts,0.09492062287155723,3,false,11.766,false,false,10.924999999999999,false,1.978438e6,1.7906434327272421e6,false,0
54.07,use_lmSR3_cuts,0.09485853440407144,1,false,13.453499999999998,false,false,10.924999999999999,false,1.978438e6,1.7907662709106777e6,false,0
12.553,use_lmSR3_cuts,0.09485316655412124,10,false,12.456999999999999,false,false,10.924999999999999,false,1.978438e6,1.7907768908689974e6,false,0
110.19,use_adaptive_ngroute,0.0915531247044018,0,false,15.624428571428574,false,false,10.924999999999999,false,1.978438e6,1.7973058190660728e6,false,1
22.175,use_lmSR3_cuts,0.09154211695654968,4,false,22.093,false,false,10.95,false,1.978438e6,1.7973275972127179e6,false,0
45.297,use_lmSR3_cuts,0.09144483729449837,10,false,22.546,false,false,10.95,false,1.978438e6,1.7975200589927472e6,false,0
139.788,use_lmSR3_cuts,0.0914543965739878,1,false,27.8934,false,false,10.95,false,1.978438e6,1.7975011465509527e6,false,0
77.533,use_lmSR3_cuts,0.09108822598409871,10,false,25.78,false,false,10.95,false,1.978438e6,1.7982255923604716e6,false,0
109.577,use_lmSR3_cuts,0.08939674562571909,10,false,27.343999999999998,false,false,10.95,false,1.978438e6,1.8015720813777435e6,false,0
160.923,use_adaptive_ngroute,0.08868993522461344,0,false,40.15525,false,false,10.95,false,1.978438e6,1.8029704619340862e6,false,1
47.223,use_lmSR3_cuts,0.08867321855116617,2,false,47.084,false,false,11.1,false,1.978438e6,1.8030035348360678e6,false,0
146.158,use_lmSR3_cuts,0.08862112447375048,10,false,48.65566666666667,false,false,11.1,false,1.978438e6,1.803106599738402e6,false,0
208.614,use_adaptive_ngroute,0.08613265386323687,0,false,41.6262,false,false,11.1,false,1.978438e6,1.8080298845561254e6,false,1
164.216,use_lmSR3_cuts,0.08613337469534632,1,false,40.97475000000001,false,false,11.125,false,1.978438e6,1.8080284584344884e6,false,0
43.135,use_lmSR3_cuts,0.08608636273767079,10,false,43.003,false,false,11.125,false,1.978438e6,1.808121468678008e6,false,0
237.883,use_lmSR3_cuts,0.08531407130980273,10,false,39.49783333333333,false,false,11.125,false,1.978438e6,1.8096493993859766e6,false,0
144.119,use_lmSR3_cuts,0.08466343057660075,1,false,47.927,false,false,11.125,false,1.978438e6,1.8109366517368911e6,false,0
143.184,use_adaptive_ngroute,0.08422353079695055,0,false,47.39766666666667,false,false,11.125,false,1.978438e6,1.8118069661771427e6,false,1
60.633,use_lmSR3_cuts,0.08422170940832352,10,false,60.447,false,false,11.375,false,1.978438e6,1.8118105696816153e6,false,0
137.748,use_adaptive_ngroute,0.08240657909680027,0,false,45.797333333333334,false,false,11.375,false,1.978438e6,1.8154016924648846e6,false,1
52.365,use_lmSR3_cuts,0.08237959164303255,10,false,52.181999999999995,false,false,11.425,false,1.978438e6,1.815455085468942e6,false,0
142.165,use_lmSR3_cuts,0.07667418764339218,10,false,70.9215,false,false,11.425,false,1.966734e6,1.8159362682393608e6,false,0
142.314,use_adaptive_ngroute,0.0770748171392115,0,false,47.23933333333334,false,false,11.425,false,1.966734e6,1.81514833658853e6,false,1
101.917,use_adaptive_ngroute,0.0766764341621965,0,false,50.8435,false,false,11.475,false,1.966734e6,1.8159318499344466e6,false,1
58.749,use_lmSR3_cuts,0.07667612660517908,2,false,58.580999999999996,false,false,11.525,false,1.966734e6,1.8159324548172897e6,false,0
52.974,use_lmSR3_cuts,0.07667448270506927,10,false,52.803000000000004,false,false,11.525,false,1.966734e6,1.8159356879315283e6,false,0
79.95,use_lmSR3_cuts,0.07537549332521565,10,false,79.67200000000001,false,false,11.525,false,1.966734e6,1.8184904545105253e6,false,0
81.22,none,0.07472737066181523,0,false,NaN,false,false,11.525,true,1.966734e6,1.8197651393888055e6,false,0
