CG_time_taken,method,CG_LP_IP_gap,implemented_SR3_cuts_count,errored,CG_sp_time_taken_mean,converged,CGIP_artificial,ngroute_neighborhood_size,time_limit_reached,CGIP_objective,CGLP_objective,CGLP_artificial,cycles_lookup_length
74.166,use_adaptive_ngroute,0.04854543543980472,0,false,2.9850000000000003,false,false,8.924999999999999,false,1.731996e6,1.6479155e6,false,11
18.676,use_adaptive_ngroute,0.047684803480428695,0,false,4.505249999999999,false,false,10.125,false,1.731996e6,1.6494061111111115e6,false,3
46.277,use_adaptive_ngroute,0.046781285869020306,0,false,5.686249999999999,false,false,10.200000000000001,false,1.731996e6,1.6509710000000002e6,false,2
12.873,use_adaptive_ngroute,0.030296308577966724,0,false,4.193666666666666,false,false,10.25,false,1.704108e6,1.6524798181818184e6,false,3
20.694,use_adaptive_ngroute,0.02832923930486464,0,false,5.08225,false,false,10.325,false,1.704108e6,1.6558319166666658e6,false,4
22.487,use_adaptive_ngroute,0.028091109903423672,0,false,4.443600000000001,false,false,10.424999999999999,false,1.704108e6,1.6562377148846965e6,false,7
21.446,use_lmSR3_cuts,0.027837796143854177,2,false,5.3155,false,false,10.700000000000001,false,1.704108e6,1.656669388888889e6,false,0
18.219,use_lmSR3_cuts,0.026289413581768395,4,false,5.979333333333333,false,false,10.700000000000001,false,1.704108e6,1.6593079999999998e6,false,0
28.498,use_adaptive_ngroute,0.026300093656035806,0,false,5.638199999999999,false,false,10.700000000000001,false,1.704108e6,1.6592898e6,false,2
10.339,use_lmSR3_cuts,0.025756051158145166,7,false,10.293999999999999,false,false,10.8,false,1.704108e6,1.6602169071729956e6,false,0
21.218,use_adaptive_ngroute,0.02583780964102833,0,false,6.867666666666666,false,false,10.8,false,1.704108e6,1.6600775818882466e6,false,8
13.701,use_adaptive_ngroute,0.02518887326364294,0,false,6.769,false,false,11.450000000000001,false,1.704108e6,1.66118343956044e6,false,3
11.584,use_lmSR3_cuts,0.02518991850106367,7,false,5.737,false,false,11.55,false,1.704108e6,1.6611816583629893e6,false,0
42.808,use_lmSR3_cuts,0.02330272707854386,1,false,10.5615,false,false,11.55,false,1.704108e6,1.6643976363636367e6,false,0
52.984,use_lmSR3_cuts,0.02330170014832611,10,false,10.4354,false,false,11.55,false,1.704108e6,1.6643993863636362e6,false,0
71.097,use_adaptive_ngroute,0.021911801283762022,0,false,10.041,false,false,11.55,false,1.704108e6,1.6667679241379309e6,false,1
56.405,use_adaptive_ngroute,0.021497915173668503,0,false,14.030000000000001,false,false,11.575,false,1.704108e6,1.66747323076923e6,false,1
27.173,use_adaptive_ngroute,0.02143297021080781,0,false,13.535,false,false,11.6,false,1.704108e6,1.6675839040000008e6,false,4
37.119,use_lmSR3_cuts,0.021360227277439692,3,false,12.196333333333332,false,false,11.875,false,1.704108e6,1.6677078658146968e6,false,0
44.867,use_adaptive_ngroute,0.009340010541613708,0,false,14.844999999999999,false,false,11.875,false,1.683584e6,1.6678593076923077e6,false,1
40.164,use_adaptive_ngroute,0.00933152643536106,0,false,13.318000000000001,false,false,11.9,false,1.683584e6,1.6678735913978491e6,false,2
28.038,use_lmSR3_cuts,0.009323333664738698,1,false,13.959999999999999,false,false,12.0,false,1.683584e6,1.6678873846153845e6,false,0
39.795,use_lmSR3_cuts,0.009211070056196258,1,false,19.817,false,false,12.0,false,1.683584e6,1.668076389830509e6,false,0
17.813,use_lmSR3_cuts,0.009211070056196258,10,false,17.732,false,false,12.0,false,1.683584e6,1.668076389830509e6,false,0
99.696,use_adaptive_ngroute,0.005955900715856721,0,false,24.7565,false,false,12.0,false,1.683584e6,1.673556740849195e6,false,1
54.563,use_lmSR3_cuts,0.006192555880786599,4,false,18.100333333333335,false,false,12.025,false,1.683584e6,1.6731583120000018e6,false,0
21.959,use_lmSR3_cuts,0.0061521783830856824,1,false,21.817,false,false,12.025,false,1.683584e6,1.673226290909091e6,false,0
36.606,use_lmSR3_cuts,0.0061521783830856824,1,false,18.19,false,false,12.025,false,1.683584e6,1.673226290909091e6,false,0
38.008,use_lmSR3_cuts,0.006149046739504893,1,false,18.848,false,false,12.025,false,1.683584e6,1.6732315632941173e6,false,0
87.997,use_lmSR3_cuts,0.006148805079370101,10,false,21.87925,false,false,12.025,false,1.683584e6,1.6732319701492537e6,false,0
122.376,use_lmSR3_cuts,0.0028810891081251233,1,false,24.300399999999996,false,false,12.025,false,1.683584e6,1.6787334444749863e6,false,0
53.623,use_lmSR3_cuts,0.0029127698308649697,10,false,26.664500000000004,false,false,12.025,false,1.683584e6,1.678680107317073e6,false,0
96.13,use_adaptive_ngroute,0.002181418778280264,0,false,31.886666666666667,false,false,12.025,false,1.683584e6,1.6799113982475877e6,false,2
116.784,use_lmSR3_cuts,0.0021333732454679177,10,false,38.824,false,false,12.3,false,1.683584e6,1.6799922869379022e6,false,0
324.422,use_adaptive_ngroute,0.0016477708262053747,0,false,53.93966666666666,false,false,12.3,false,1.683584e6,1.6808098394013338e6,false,3
123.498,use_lmSR3_cuts,0.001602111131222439,1,false,61.6335,false,false,12.424999999999999,false,1.683584e6,1.680886711333252e6,false,0
60.169,use_lmSR3_cuts,0.0015983969978123902,10,false,60.013,false,false,12.424999999999999,false,1.683584e6,1.680892964388835e6,false,0
501.965,none,-2.220446049250313e-16,0,false,62.596124999999994,true,false,12.424999999999999,false,1.677053e6,1.6770530000000005e6,false,0
