CG_time_taken,method,CG_LP_IP_gap,implemented_SR3_cuts_count,errored,CG_sp_time_taken_mean,converged,CGIP_artificial,ngroute_neighborhood_size,time_limit_reached,CGIP_objective,CGLP_objective,CGLP_artificial,cycles_lookup_length
3.984,use_adaptive_ngroute,0.1310299484152907,0,false,0.2268666666666667,false,false,7.75,false,1.243004e6,1.08013325e6,false,7
1.634,use_adaptive_ngroute,0.12025064845892441,0,false,0.3146,false,false,8.75,false,1.243004e6,1.0935319629629632e6,false,1
0.875,use_adaptive_ngroute,0.1197504861877624,0,false,0.2803333333333333,false,false,8.8,false,1.243004e6,1.0941536666666665e6,false,3
0.202,use_SR3_cuts,0.11936694564867922,6,false,0.193,false,false,9.549999999999999,false,1.243004e6,1.0946304090909092e6,false,0
4.906,use_SR3_cuts,0.048862185582366435,2,false,0.9412,false,false,9.549999999999999,false,1.173564e6,1.1162210980392157e6,false,0
4.195,use_SR3_cuts,0.04755618119013705,10,false,1.0130000000000001,false,false,9.549999999999999,false,1.173564e6,1.117753777777778e6,false,0
5.535,use_SR3_cuts,0.04494031287031086,10,false,1.3505,false,false,9.549999999999999,false,1.173564e6,1.1208236666666665e6,false,0
1.196,use_SR3_cuts,0.04494031287031064,10,false,1.1789999999999998,false,false,9.549999999999999,false,1.173564e6,1.1208236666666667e6,false,0
2.981,use_adaptive_ngroute,0.04410347454420893,0,false,1.4460000000000002,false,false,9.549999999999999,false,1.173564e6,1.12180575e6,false,3
5.38,use_SR3_cuts,0.04407865697993463,10,false,2.6425,false,false,9.950000000000001,false,1.173564e6,1.121834875e6,false,0
6.58,none,0.04401379047073706,0,false,2.162666666666667,false,false,9.950000000000001,false,1.173564e6,1.121911e6,false,0
