CG_time_taken,method,CG_LP_IP_gap,implemented_SR3_cuts_count,errored,CG_sp_time_taken_mean,converged,CGIP_artificial,ngroute_neighborhood_size,time_limit_reached,CGIP_objective,CGLP_objective,CGLP_artificial,cycles_lookup_length
5.104,use_SR3_cuts,0.0138579468390011,1,false,0.24384210526315794,false,false,7.75,false,1.140573e6,1.124767e6,false,0
0.993,use_adaptive_ngroute,0.007197478811088787,0,false,0.31966666666666665,false,false,7.75,false,1.140573e6,1.13236375e6,false,3
0.703,use_SR3_cuts,0.006730535149145678,1,false,0.345,false,false,8.1,false,1.140573e6,1.1328963333333335e6,false,0
1.701,use_SR3_cuts,0.006625178747874938,2,false,0.4165,false,false,8.1,false,1.140573e6,1.1330165e6,false,0
1.115,none,0.0,0,false,0.5415,true,false,8.1,false,1.140573e6,1.140573e6,false,0
