CG_time_taken,method,CG_LP_IP_gap,implemented_SR3_cuts_count,errored,CG_sp_time_taken_mean,converged,CGIP_artificial,ngroute_neighborhood_size,time_limit_reached,CGIP_objective,CGLP_objective,CGLP_artificial,cycles_lookup_length
4.265,use_adaptive_ngroute,0.061712871115526924,0,false,0.2601428571428572,false,false,7.75,false,1.182167e6,1.1092120802919709e6,false,6
1.02,use_adaptive_ngroute,0.056765240329860855,0,false,0.32933333333333337,false,false,8.7,false,1.182167e6,1.1150610061349694e6,false,1
0.336,use_SR3_cuts,0.056621338650783115,13,false,0.326,false,false,8.75,false,1.182167e6,1.1152311219512196e6,false,0
39.515,use_SR3_cuts,0.03262813891007699,2,false,7.747,false,false,8.75,false,1.182167e6,1.143595090909091e6,false,0
10.639,use_SR3_cuts,0.03237782817486867,10,false,3.487,false,false,8.75,false,1.182167e6,1.143891e6,false,0
17.115,none,0.02960072477069653,0,false,4.23525,false,false,8.75,false,1.182167e6,1.147174e6,false,0
