CG_time_taken,method,CG_LP_IP_gap,implemented_SR3_cuts_count,errored,CG_sp_time_taken_mean,converged,CGIP_artificial,ngroute_neighborhood_size,time_limit_reached,CGIP_objective,CGLP_objective,CGLP_artificial,cycles_lookup_length
3.113,use_adaptive_ngroute,0.061721971102815076,0,false,0.1806,false,false,7.75,false,1.224552e6,1.1489702368421056e6,false,4
0.876,use_SR3_cuts,0.05440221709653814,2,false,0.2095,false,false,8.3,false,1.224552e6,1.15793365625e6,false,0
1.304,use_SR3_cuts,0.04504672963141987,2,false,0.6439999999999999,false,false,8.3,false,1.220968e6,1.1659673846153845e6,false,0
1.837,use_SR3_cuts,0.04272589238081681,10,false,0.5966666666666667,false,false,8.3,false,1.220968e6,1.1688010526315789e6,false,0
6.185,use_SR3_cuts,0.02236853245815973,10,false,1.51825,false,false,8.3,false,1.201977e6,1.1750905384615385e6,false,0
4.06,use_SR3_cuts,0.020051132425994878,10,false,1.9945,false,false,8.3,false,1.201977e6,1.177876e6,false,0
8.753,use_SR3_cuts,0.016611798728261906,3,false,2.880333333333333,false,false,8.3,false,1.201977e6,1.18201e6,false,0
4.733,none,0.013885381409884712,0,false,2.3409999999999997,false,false,8.3,false,1.201977e6,1.185287090909091e6,false,0
