CG_time_taken,method,CG_LP_IP_gap,implemented_SR3_cuts_count,errored,CG_sp_time_taken_mean,converged,CGIP_artificial,ngroute_neighborhood_size,time_limit_reached,CGIP_objective,CGLP_objective,CGLP_artificial,cycles_lookup_length
4.273,use_adaptive_ngroute,0.078216126062577,0,false,0.26278571428571423,false,false,7.75,false,1.170974e6,1.07938495e6,false,10
1.591,use_adaptive_ngroute,0.05503054253145356,0,false,0.3066,false,false,9.350000000000001,false,1.152564e6,1.0891377777777778e6,false,3
1.463,use_SR3_cuts,0.054977771299467904,3,false,0.35875,false,false,9.6,false,1.152564e6,1.0891986e6,false,0
4.229,use_SR3_cuts,0.04154337633311456,10,false,0.8306,false,false,9.6,false,1.152564e6,1.1046826e6,false,0
7.788,none,0.031934018414595644,0,false,1.5084000000000002,false,false,9.6,false,1.152564e6,1.115758e6,false,0
