CG_time_taken,method,CG_LP_IP_gap,implemented_SR3_cuts_count,errored,CG_sp_time_taken_mean,converged,CGIP_artificial,ngroute_neighborhood_size,time_limit_reached,CGIP_objective,CGLP_objective,CGLP_artificial,cycles_lookup_length
6.04,use_adaptive_ngroute,0.04572586027940917,0,false,0.3468125,false,false,7.75,false,1.264214e6,1.206406727272727e6,false,1
1.066,use_adaptive_ngroute,0.04509182854345262,0,false,0.3456666666666667,false,false,7.799999999999999,false,1.264214e6,1.2072082790697676e6,false,3
0.392,use_lmSR3_cuts,0.04509182854345284,8,false,0.382,false,false,8.1,false,1.264214e6,1.2072082790697673e6,false,0
3.999,use_adaptive_ngroute,0.023701713840803884,0,false,0.7842000000000001,false,false,8.1,false,1.264214e6,1.234249961538462e6,false,5
5.389,use_lmSR3_cuts,0.02620600626159808,1,false,1.0441999999999998,false,false,9.350000000000001,false,1.264214e6,1.231084e6,false,0
0.721,use_lmSR3_cuts,0.026206006261597747,2,false,0.71,false,false,9.350000000000001,false,1.264214e6,1.2310840000000005e6,false,0
5.014,use_lmSR3_cuts,0.022386892986007156,1,false,1.221,false,false,9.350000000000001,false,1.264214e6,1.235912176470588e6,false,0
2.291,use_lmSR3_cuts,0.02187945695070137,1,false,1.1095,false,false,9.350000000000001,false,1.264214e6,1.236553684210526e6,false,0
2.542,use_lmSR3_cuts,0.021825994074363253,10,false,1.2389999999999999,false,false,9.350000000000001,false,1.264214e6,1.236621272727273e6,false,0
2.83,use_adaptive_ngroute,0.014084893854995895,0,false,1.3875,false,false,9.350000000000001,false,1.264214e6,1.2464076800000002e6,false,3
2.692,use_lmSR3_cuts,0.01327366252865414,2,false,1.31,false,false,9.75,false,1.264214e6,1.24743325e6,false,0
4.098,use_lmSR3_cuts,0.01322318320579674,1,false,2.025,false,false,9.75,false,1.264214e6,1.247497066666667e6,false,0
2.941,use_lmSR3_cuts,0.011698263196031844,3,false,1.456,false,false,9.75,false,1.264214e6,1.2494248918918918e6,false,0
9.19,use_lmSR3_cuts,0.012676862197908423,1,false,2.27325,false,false,9.75,false,1.264214e6,1.2481877333333334e6,false,0
8.711,use_adaptive_ngroute,0.012077284959091328,0,false,2.8843333333333336,false,false,9.75,false,1.264214e6,1.2489457272727273e6,false,1
5.047,use_adaptive_ngroute,0.011065694103534196,0,false,2.5020000000000002,false,false,10.05,false,1.264214e6,1.2502245945945946e6,false,1
5.26,use_adaptive_ngroute,0.011050881611248675,0,false,2.616,false,false,10.200000000000001,false,1.264214e6,1.2502433207547169e6,false,1
5.442,use_adaptive_ngroute,0.010948788686328648,0,false,2.693,false,false,10.3,false,1.264214e6,1.2503723880597018e6,false,2
2.825,use_lmSR3_cuts,0.010934656845009494,2,false,2.811,false,false,10.45,false,1.264214e6,1.2503902537313432e6,false,0
2.398,use_lmSR3_cuts,0.010737699471766615,10,false,2.384,false,false,10.45,false,1.264214e6,1.25063925e6,false,0
10.776,use_lmSR3_cuts,0.008793821874518604,1,false,3.554333333333333,false,false,10.45,false,1.264214e6,1.2530967272727273e6,false,0
14.868,use_adaptive_ngroute,0.008644633477138175,0,false,3.67725,false,false,10.45,false,1.264214e6,1.2532853333333333e6,false,2
11.94,use_adaptive_ngroute,0.008600797218240697,0,false,3.9466666666666663,false,false,10.6,false,1.264214e6,1.253340751745539e6,false,1
7.337,use_lmSR3_cuts,0.008558769568348668,10,false,3.6545,false,false,10.7,false,1.264214e6,1.2533938836889197e6,false,0
16.949,use_lmSR3_cuts,0.003247867845158958,10,false,4.20575,false,false,10.7,false,1.264214e6,1.2601080000000002e6,false,0
23.707,use_adaptive_ngroute,0.0005645708066491784,0,false,5.87275,false,false,10.7,false,1.264214e6,1.2635002616822429e6,false,2
12.841,use_lmSR3_cuts,0.0004749855114191126,4,false,6.385,false,false,11.100000000000001,false,1.264214e6,1.2636135166666668e6,false,0
12.298,use_lmSR3_cuts,0.0004134692810712215,1,false,6.119,false,false,11.100000000000001,false,1.264214e6,1.2636912863462998e6,false,0
13.405,use_lmSR3_cuts,0.00040175639931305795,10,false,6.670499999999999,false,false,11.100000000000001,false,1.264214e6,1.2637060939353989e6,false,0
41.625,none,0.0,0,false,6.872666666666667,true,false,11.100000000000001,false,1.264214e6,1.264214e6,false,0
