CG_time_taken,method,CG_LP_IP_gap,implemented_SR3_cuts_count,errored,CG_sp_time_taken_mean,converged,CGIP_artificial,ngroute_neighborhood_size,time_limit_reached,CGIP_objective,CGLP_objective,CGLP_artificial,cycles_lookup_length
7.76,use_adaptive_ngroute,0.11139588078972462,0,false,0.5167857142857143,false,false,7.75,false,1.275799e6,1.13368024668435e6,false,7
3.119,use_adaptive_ngroute,0.08162461393175169,0,false,1.0213333333333334,false,false,8.35,false,1.252181e6,1.1499722093023253e6,false,7
0.931,use_lmSR3_cuts,0.08089194629926122,12,false,0.922,false,false,9.25,false,1.252181e6,1.1508896417910447e6,false,0
13.49,use_adaptive_ngroute,0.07338979135251333,0,false,1.8907142857142858,false,false,9.25,false,1.252181e6,1.1602836976744186e6,false,3
5.514,use_lmSR3_cuts,0.07280933873636108,4,false,1.8116666666666665,false,false,9.5,false,1.252181e6,1.1610105294117646e6,false,0
7.993,use_lmSR3_cuts,0.06685984072767648,1,false,1.95525,false,false,9.5,false,1.252181e6,1.1684603777777774e6,false,0
6.31,use_adaptive_ngroute,0.06391708531359241,0,false,2.068,false,false,9.5,false,1.252181e6,1.1721452401949405e6,false,4
6.433,use_lmSR3_cuts,0.0635485462633506,3,false,2.1066666666666665,false,false,9.799999999999999,false,1.252181e6,1.1726067177914113e6,false,0
2.308,use_lmSR3_cuts,0.06297788987144592,10,false,2.292,false,false,9.799999999999999,false,1.252181e6,1.173321282882883e6,false,0
20.17,use_adaptive_ngroute,0.05653531580167881,0,false,3.9936,false,false,9.799999999999999,false,1.252181e6,1.181388551724138e6,false,1
7.953,use_lmSR3_cuts,0.056879007507700585,1,false,3.941,false,false,9.899999999999999,false,1.252181e6,1.1809581875e6,false,0
14.163,use_lmSR3_cuts,0.056759657305489264,10,false,3.51175,false,false,9.899999999999999,false,1.252181e6,1.181107635555555e6,false,0
21.733,use_adaptive_ngroute,0.05065757024964901,0,false,5.359249999999999,false,false,9.899999999999999,false,1.252181e6,1.1887485530272243e6,false,1
5.3,use_lmSR3_cuts,0.05063989252214962,3,false,5.279,false,false,10.0,false,1.252181e6,1.1887706887417221e6,false,0
9.013,use_lmSR3_cuts,0.04949715150617773,1,false,4.477,false,false,10.0,false,1.252181e6,1.1902016073298429e6,false,0
4.833,use_lmSR3_cuts,0.04949715150617773,10,false,4.811999999999999,false,false,10.0,false,1.252181e6,1.1902016073298429e6,false,0
21.854,use_lmSR3_cuts,0.04737685540308845,10,false,5.400499999999999,false,false,10.0,false,1.252181e6,1.1928566018245053e6,false,0
41.512,use_adaptive_ngroute,0.04737694831348538,0,false,5.873571428571429,false,false,10.0,false,1.252181e6,1.1928564854838715e6,false,2
20.26,use_adaptive_ngroute,0.04709127082134568,0,false,6.708666666666667,false,false,10.200000000000001,false,1.250837e6,1.1919334960796405e6,false,2
9.35,use_lmSR3_cuts,0.04708544704456896,1,false,9.317,false,false,10.3,false,1.250837e6,1.1919407806751125e6,false,0
25.95,use_lmSR3_cuts,0.047337076319041826,1,false,8.602333333333334,false,false,10.3,false,1.250837e6,1.1916260334683186e6,false,0
21.848,use_lmSR3_cuts,0.04998023889241543,10,false,7.231333333333332,false,false,10.3,false,1.250837e6,1.1883198679245277e6,false,0
32.877,use_lmSR3_cuts,0.04732106118742774,10,false,8.150250000000002,false,false,10.3,false,1.250837e6,1.1916460657875014e6,false,0
28.398,use_adaptive_ngroute,0.04474522558881544,0,false,9.367666666666665,false,false,10.3,false,1.250837e6,1.194868016260163e6,false,1
18.956,use_lmSR3_cuts,0.04472052503934698,2,false,9.4235,false,false,10.4,false,1.250837e6,1.1948989126213584e6,false,0
32.87,use_adaptive_ngroute,0.04460072860002939,0,false,10.910999999999998,false,false,10.4,false,1.250837e6,1.195048758440125e6,false,1
11.079,use_lmSR3_cuts,0.04460061446160479,1,false,11.027999999999999,false,false,10.45,false,1.250837e6,1.1950489012086897e6,false,0
12.35,use_lmSR3_cuts,0.04448457243262405,1,false,12.27,false,false,10.45,false,1.250837e6,1.1951940508720938e6,false,0
12.206,use_lmSR3_cuts,0.04448417920397396,10,false,12.153,false,false,10.45,false,1.250837e6,1.1951945427370388e6,false,0
29.41,use_lmSR3_cuts,0.042051385797083785,1,false,9.738666666666667,false,false,10.45,false,1.250837e6,1.198237570743733e6,false,0
29.244,use_lmSR3_cuts,0.04193661076851174,10,false,9.689333333333334,false,false,10.45,false,1.250837e6,1.198381135596147e6,false,0
33.153,use_lmSR3_cuts,0.03990679061753666,1,false,10.996,false,false,10.45,false,1.250837e6,1.2009201097443323e6,false,0
21.187,use_lmSR3_cuts,0.03989731176907363,10,false,10.504999999999999,false,false,10.45,false,1.250837e6,1.2009319662387073e6,false,0
25.434,use_adaptive_ngroute,0.03898896994178658,0,false,12.637,false,false,10.45,false,1.250837e6,1.2020681538049255e6,false,2
49.098,use_lmSR3_cuts,0.03894121670770756,10,false,16.307333333333336,false,false,10.65,false,1.250837e6,1.2021278853169812e6,false,0
32.458,use_lmSR3_cuts,0.03796065777638058,10,false,16.132,false,false,10.65,false,1.250837e6,1.2033544047089654e6,false,0
52.487,use_adaptive_ngroute,0.037001400030987175,0,false,17.377666666666666,false,false,10.65,false,1.250837e6,1.20455427978944e6,false,1
16.377,use_lmSR3_cuts,0.03697742685900118,2,false,16.303,false,false,10.75,false,1.250837e6,1.2045842663199676e6,false,0
16.976,use_lmSR3_cuts,0.036974740381655824,10,false,16.861,false,false,10.75,false,1.250837e6,1.2045876266652308e6,false,0
85.002,use_adaptive_ngroute,0.035736762674630995,0,false,21.1675,false,false,10.75,false,1.250837e6,1.2061361349863526e6,false,1
44.572,use_lmSR3_cuts,0.03573628422387032,10,false,22.2045,false,false,10.85,false,1.250837e6,1.2061367334502668e6,false,0
122.654,use_adaptive_ngroute,0.0346348512786383,0,false,24.4486,false,false,10.85,false,1.250837e6,1.207514446531182e6,false,1
25.381,use_lmSR3_cuts,0.034629462608799844,1,false,25.244,false,false,11.2,false,1.250837e6,1.2075211868787967e6,false,0
63.399,use_lmSR3_cuts,0.03462720056109059,10,false,21.049333333333333,false,false,11.2,false,1.250837e6,1.2075240163317672e6,false,0
62.028,use_adaptive_ngroute,0.033794883667204734,0,false,20.591,false,false,11.2,false,1.250837e6,1.2085651090983646e6,false,1
20.504,use_lmSR3_cuts,0.03379477513327778,10,false,20.412000000000003,false,false,11.350000000000001,false,1.250837e6,1.2085652448566162e6,false,0
79.129,use_lmSR3_cuts,0.033476182475241756,10,false,26.248666666666665,false,false,11.350000000000001,false,1.250837e6,1.208963752341216e6,false,0
46.488,use_adaptive_ngroute,0.03321520365700026,0,false,23.128000000000004,false,false,11.350000000000001,false,1.250837e6,1.2092901943032888e6,false,1
26.831,use_lmSR3_cuts,0.03321507215816433,10,false,26.689,false,false,11.4,false,1.250837e6,1.2092903587868982e6,false,0
87.846,use_adaptive_ngroute,0.032951462905036366,0,false,29.15533333333333,false,false,11.4,false,1.250837e6,1.209620090994253e6,false,1
28.527,use_lmSR3_cuts,0.03293969937398533,10,false,28.39,false,false,11.5,false,1.250837e6,1.2096348052541423e6,false,0
64.558,use_lmSR3_cuts,0.03273707790159741,10,false,32.169,false,false,11.5,false,1.250837e6,1.2098882516887996e6,false,0
76.725,use_lmSR3_cuts,0.03265883455596108,10,false,38.2675,false,false,11.5,false,1.250837e6,1.2099861213605253e6,false,0
41.092,use_adaptive_ngroute,0.032627060105741124,0,false,40.915000000000006,false,false,11.5,false,1.250837e6,1.210025866018515e6,false,1
116.029,use_lmSR3_cuts,0.032649793527671056,10,false,38.60533333333334,false,false,11.549999999999999,false,1.250837e6,1.2099974302132286e6,false,0
81.495,use_lmSR3_cuts,0.032617566419834154,10,false,40.61900000000001,false,false,11.549999999999999,false,1.250837e6,1.2100377410721139e6,false,0
93.632,use_lmSR3_cuts,0.032604532751292825,10,false,46.713,false,false,11.549999999999999,false,1.250837e6,1.2100540440669712e6,false,0
103.156,use_lmSR3_cuts,0.0325904224446556,5,false,51.4425,false,false,11.549999999999999,false,1.250837e6,1.2100716937605944e6,false,0
51.699,use_lmSR3_cuts,0.03258399460720074,1,false,51.555,false,false,11.549999999999999,false,1.250837e6,1.2100797339375129e6,false,0
104.528,use_lmSR3_cuts,0.032583802648341265,2,false,52.162000000000006,false,false,11.549999999999999,false,1.250837e6,1.2100799740467567e6,false,0
51.837,none,0.03258373980519358,0,false,51.669,false,false,11.549999999999999,false,1.250837e6,1.210080052653291e6,false,0
