CG_time_taken,method,CG_LP_IP_gap,implemented_SR3_cuts_count,errored,CG_sp_time_taken_mean,converged,CGIP_artificial,ngroute_neighborhood_size,time_limit_reached,CGIP_objective,CGLP_objective,CGLP_artificial,cycles_lookup_length
3.106,use_adaptive_ngroute,0.061721971102815076,0,false,0.18386666666666668,false,false,7.75,false,1.224552e6,1.1489702368421056e6,false,4
0.867,use_lmSR3_cuts,0.05440221709653814,2,false,0.207,false,false,8.3,false,1.224552e6,1.15793365625e6,false,0
2.085,use_lmSR3_cuts,0.04547806876729499,2,false,0.51375,false,false,8.3,false,1.220968e6,1.1654407333333334e6,false,0
0.81,use_lmSR3_cuts,0.044895150132244654,1,false,0.3975,false,false,8.3,false,1.220968e6,1.1661524583333335e6,false,0
0.389,use_adaptive_ngroute,0.04477731330114032,0,false,0.382,false,false,8.3,false,1.220968e6,1.1662963333333333e6,false,3
1.278,use_lmSR3_cuts,0.04324290235288719,10,false,0.41500000000000004,false,false,8.6,false,1.220968e6,1.1681698e6,false,0
2.609,use_lmSR3_cuts,0.03927670504059044,10,false,0.6387499999999999,false,false,8.6,false,1.220968e6,1.1730124000000004e6,false,0
4.941,use_lmSR3_cuts,0.035667555942862084,1,false,0.9690000000000001,false,false,8.6,false,1.220968e6,1.1774190555555555e6,false,0
1.944,use_lmSR3_cuts,0.03537395465455817,1,false,0.963,false,false,8.6,false,1.220968e6,1.1777775333333334e6,false,0
2.013,use_lmSR3_cuts,0.03537357244415906,10,false,0.986,false,false,8.6,false,1.220968e6,1.177778e6,false,0
2.956,use_lmSR3_cuts,0.03091190305105862,1,false,0.9739999999999999,false,false,8.6,false,1.220968e6,1.183225555555555e6,false,0
1.624,use_lmSR3_cuts,0.03075981516305093,10,false,0.8015,false,false,8.6,false,1.220968e6,1.18341125e6,false,0
1.774,use_lmSR3_cuts,0.028874084606094308,10,false,0.8694999999999999,false,false,8.6,false,1.220968e6,1.1857136666666663e6,false,0
2.035,use_adaptive_ngroute,0.02772445770541776,0,false,0.9854999999999999,false,false,8.6,false,1.220968e6,1.1871173243243315e6,false,3
1.949,use_lmSR3_cuts,0.027166780153754067,10,false,0.9585,false,false,8.85,false,1.220968e6,1.1877982307692312e6,false,0
2.017,use_adaptive_ngroute,0.02585381192856906,0,false,0.9805,false,false,8.85,false,1.220968e6,1.1894013229571988e6,false,1
0.961,use_lmSR3_cuts,0.025816629220173026,1,false,0.9400000000000001,false,false,8.9,false,1.220968e6,1.1894467218543037e6,false,0
1.046,use_lmSR3_cuts,0.02576398398647417,10,false,1.03,false,false,8.9,false,1.220968e6,1.1895110000000026e6,false,0
2.461,use_adaptive_ngroute,0.025226420283608664,0,false,1.194,false,false,8.9,false,1.220968e6,1.1901673480791629e6,false,1
2.736,use_lmSR3_cuts,0.025143828596679296,10,false,1.3250000000000002,false,false,8.95,false,1.220968e6,1.1902681898859697e6,false,0
3.329,use_lmSR3_cuts,0.0246166082232242,2,false,1.6235,false,false,8.95,false,1.220968e6,1.1909119090909064e6,false,0
3.233,use_lmSR3_cuts,0.024533649408060465,2,false,1.601,false,false,8.95,false,1.220968e6,1.1910131991495392e6,false,0
6.56,use_lmSR3_cuts,0.024403972505387173,1,false,1.6112500000000003,false,false,8.95,false,1.220968e6,1.1911715304980425e6,false,0
1.674,use_lmSR3_cuts,0.024402751725739247,10,false,1.6509999999999998,false,false,8.95,false,1.220968e6,1.1911730210309275e6,false,0
3.909,use_lmSR3_cuts,0.024185127428947628,6,false,1.9314999999999998,false,false,8.95,false,1.220968e6,1.1914387333333327e6,false,0
6.157,use_adaptive_ngroute,0.024091711316624354,0,false,2.027,false,false,8.95,false,1.220968e6,1.1915527914171638e6,false,1
4.427,use_lmSR3_cuts,0.024086676436362198,5,false,2.1855,false,false,9.0,false,1.220968e6,1.1915589388448477e6,false,0
4.115,use_lmSR3_cuts,0.02400126259238855,10,false,2.0124999999999997,false,false,9.0,false,1.220968e6,1.1916632264150965e6,false,0
4.563,use_lmSR3_cuts,0.023992510005602763,1,false,2.244,false,false,9.0,false,1.220968e6,1.1916739130434792e6,false,0
4.276,use_lmSR3_cuts,0.023934970722682025,10,false,2.0900000000000003,false,false,9.0,false,1.220968e6,1.1917441666666684e6,false,0
5.98,use_lmSR3_cuts,0.02387787804430741,6,false,1.9416666666666667,false,false,9.0,false,1.220968e6,1.1918138749999981e6,false,0
5.081,none,0.023816832962935686,0,false,2.492,false,false,9.0,false,1.220968e6,1.1918884090909103e6,false,0
