CG_time_taken,method,CG_LP_IP_gap,implemented_SR3_cuts_count,errored,CG_sp_time_taken_mean,converged,CGIP_artificial,ngroute_neighborhood_size,time_limit_reached,CGIP_objective,CGLP_objective,CGLP_artificial,cycles_lookup_length
4.2,use_adaptive_ngroute,0.11154916819477267,0,false,0.2635,false,false,7.75,false,1.267364e6,1.1259906e6,false,2
0.582,use_adaptive_ngroute,0.1079545495038674,0,false,0.2815,false,false,8.1,false,1.267364e6,1.1305462903225806e6,false,1
0.333,use_lmSR3_cuts,0.10742217705410595,7,false,0.326,false,false,8.5,false,1.267364e6,1.131221e6,false,0
3.338,use_lmSR3_cuts,0.08002928686718591,7,false,0.5398333333333333,false,false,8.5,false,1.249024e6,1.1490655e6,false,0
3.891,use_lmSR3_cuts,0.07360827333982378,1,false,0.7548,false,false,8.5,false,1.249024e6,1.1570855e6,false,0
0.601,use_lmSR3_cuts,0.07344347800095652,10,false,0.589,false,false,8.5,false,1.249024e6,1.1572913333333333e6,false,0
2.682,use_adaptive_ngroute,0.06804018827900848,0,false,0.6517499999999999,false,false,8.5,false,1.249024e6,1.1640401718749998e6,false,3
3.133,use_lmSR3_cuts,0.06635503011676558,1,false,0.7597499999999998,false,false,8.85,false,1.248142e6,1.1653215e6,false,0
2.347,use_lmSR3_cuts,0.06604750634676726,10,false,0.7703333333333333,false,false,8.85,false,1.248142e6,1.1657053333333333e6,false,0
2.554,use_lmSR3_cuts,0.06513083547384835,1,false,0.8296666666666667,false,false,8.85,false,1.248142e6,1.16684946875e6,false,0
0.794,use_lmSR3_cuts,0.06429817280405581,10,false,0.778,false,false,8.85,false,1.248142e6,1.1678887500000002e6,false,0
1.935,use_lmSR3_cuts,0.062883469989793,10,false,0.9335000000000001,false,false,8.85,false,1.248142e6,1.1696544999999998e6,false,0
2.72,use_lmSR3_cuts,0.06123995100683888,1,false,1.289,false,false,8.85,false,1.248142e6,1.1717058450704222e6,false,0
2.513,use_lmSR3_cuts,0.06116691850766964,10,false,1.228,false,false,8.85,false,1.248142e6,1.1717970000000002e6,false,0
3.329,none,0.06065696050609626,0,false,1.6289999999999998,false,false,8.85,false,1.248142e6,1.1724335e6,false,0
