CG_time_taken,method,CG_LP_IP_gap,implemented_SR3_cuts_count,errored,CG_sp_time_taken_mean,converged,CGIP_artificial,ngroute_neighborhood_size,time_limit_reached,CGIP_objective,CGLP_objective,CGLP_artificial,cycles_lookup_length
8.945,use_adaptive_ngroute,0.9999010111910736,0,false,0.3131052631578947,false,true,1.0,false,1.0001891092e10,990075.2862095303,false,19
10.011,use_adaptive_ngroute,0.055239832105005715,0,false,0.5706874999999999,false,false,3.0833333333333335,false,1.132656e6,1.0700882727272727e6,false,11
3.432,use_adaptive_ngroute,0.0352261184156224,0,false,0.5558333333333333,false,false,4.375,false,1.132656e6,1.0927569256198348e6,false,3
2.078,use_adaptive_ngroute,0.03290557441650099,0,false,0.50475,false,false,4.791666666666667,false,1.132656e6,1.0953853037037037e6,false,2
1.038,none,0.03234803859247637,0,false,0.5095,false,false,4.916666666666667,false,1.132656e6,1.0960168e6,false,0
