CG_time_taken,method,CG_LP_IP_gap,implemented_SR3_cuts_count,errored,CG_sp_time_taken_mean,converged,CGIP_artificial,ngroute_neighborhood_size,time_limit_reached,CGIP_objective,CGLP_objective,CGLP_artificial,cycles_lookup_length
30.291,use_adaptive_ngroute,0.9999766829220436,0,false,0.5447666666666667,false,true,5.999999999999999,false,6.0e10,1.3990246773898336e6,false,28
57.075,use_adaptive_ngroute,0.17058635083058704,0,false,3.1052352941176475,false,false,7.111111111111111,false,1.81006e6,1.5012884698155876e6,false,17
25.102,use_adaptive_ngroute,0.16581533973564677,0,false,4.944999999999999,false,false,8.444444444444445,false,1.81006e6,1.509924286158095e6,false,11
62.848,use_adaptive_ngroute,0.16424153472407377,0,false,7.7955000000000005,false,false,9.055555555555555,false,1.81006e6,1.512772967657343e6,false,3
24.379,none,0.1633755637157659,0,false,8.079333333333333,false,false,9.416666666666668,false,1.81006e6,1.5143404271406408e6,false,0
