CG_time_taken,method,CG_LP_IP_gap,implemented_SR3_cuts_count,errored,CG_sp_time_taken_mean,converged,CGIP_artificial,ngroute_neighborhood_size,time_limit_reached,CGIP_objective,CGLP_objective,CGLP_artificial,cycles_lookup_length
28.06,use_adaptive_ngroute,0.9999766829220436,0,false,0.47873333333333323,false,true,5.999999999999999,false,6.0e10,1.3990246773898336e6,false,28
45.902,use_adaptive_ngroute,0.1705863508305876,0,false,2.2944444444444443,false,false,7.111111111111111,false,1.81006e6,1.5012884698155867e6,false,17
33.072,use_adaptive_ngroute,0.16581533973564733,0,false,4.08175,false,false,8.444444444444445,false,1.81006e6,1.5099242861580942e6,false,10
32.031,use_adaptive_ngroute,0.13425622555904482,0,false,5.2924999999999995,false,false,9.027777777777779,false,1.747368e6,1.512772967657343e6,false,3
20.042,none,0.13335918527714752,0,false,6.653,false,false,9.38888888888889,false,1.747368e6,1.5143404271406413e6,false,0
