CG_time_taken,method,CG_LP_IP_gap,implemented_SR3_cuts_count,errored,CG_sp_time_taken_mean,converged,CGIP_artificial,ngroute_neighborhood_size,time_limit_reached,CGIP_objective,CGLP_objective,CGLP_artificial,cycles_lookup_length
6.369,use_adaptive_ngroute,0.06264913661001681,0,false,0.42123076923076924,false,false,7.75,false,1.082214e6,1.0144142272727273e6,false,2
2.162,use_adaptive_ngroute,0.05670730211105135,0,false,0.40639999999999993,false,false,7.8999999999999995,false,1.077699e6,1.016585597222222e6,false,3
3.518,use_adaptive_ngroute,0.0032034705504315752,0,false,0.566,false,false,8.5,false,1.023862e6,1.020582088235294e6,false,2
2.171,use_adaptive_ngroute,0.0012346227649169261,0,false,0.7110000000000001,false,false,9.05,false,1.023862e6,1.0225979166666666e6,false,4
3.063,none,0.0,0,false,0.7535000000000001,true,false,9.700000000000001,false,1.023862e6,1.023862e6,false,0
