CG_time_taken,method,CG_LP_IP_gap,implemented_SR3_cuts_count,errored,CG_sp_time_taken_mean,converged,CGIP_artificial,ngroute_neighborhood_size,time_limit_reached,CGIP_objective,CGLP_objective,CGLP_artificial,cycles_lookup_length
12.339,use_adaptive_ngroute,0.10055936654384967,0,false,0.5773157894736841,false,false,7.75,false,1.168405e6,1.0509109333333333e6,false,12
6.983,use_adaptive_ngroute,0.06701037270367038,0,false,0.9791428571428573,false,false,9.6,false,1.137794e6,1.06155e6,false,8
3.872,use_adaptive_ngroute,0.06517748170499038,0,false,1.2799999999999998,false,false,10.55,false,1.137794e6,1.0636354523809522e6,false,1
2.748,none,0.06430501132947264,0,false,1.365,false,false,10.65,false,1.137794e6,1.064628143939394e6,false,0
