CG_time_taken,method,CG_LP_IP_gap,implemented_SR3_cuts_count,errored,CG_sp_time_taken_mean,converged,CGIP_artificial,ngroute_neighborhood_size,time_limit_reached,CGIP_objective,CGLP_objective,CGLP_artificial,cycles_lookup_length
22.832,use_adaptive_ngroute,0.35360683256738323,0,false,0.6841818181818182,false,false,1.0,false,1.658874e6,1.0722848192316147e6,false,25
13.934,use_adaptive_ngroute,0.16525420004979985,0,false,0.9795000000000001,false,false,4.642857142857142,false,1.433733e6,1.1968026000000003e6,false,10
4.488,use_adaptive_ngroute,0.15970041144341385,0,false,0.8603999999999999,false,false,5.071428571428572,false,1.433733e6,1.20476525e6,false,3
3.002,none,0.1584447731899873,0,false,0.9536666666666667,false,false,5.357142857142858,false,1.433733e6,1.2065655e6,false,0
