CG_time_taken,method,CG_LP_IP_gap,implemented_SR3_cuts_count,errored,CG_sp_time_taken_mean,converged,CGIP_artificial,ngroute_neighborhood_size,time_limit_reached,CGIP_objective,CGLP_objective,CGLP_artificial,cycles_lookup_length
6.409,use_adaptive_ngroute,0.12121396300692899,0,false,0.3955,false,false,7.75,false,1.222949e6,1.0747105051546392e6,false,7
1.749,use_adaptive_ngroute,0.12101240525974488,0,false,0.5656666666666668,false,false,9.350000000000001,false,1.222949e6,1.0749570000000002e6,false,2
1.184,use_adaptive_ngroute,0.12025933167430924,0,false,0.5815,false,false,9.799999999999999,false,1.222949e6,1.0758779705882352e6,false,1
0.678,none,0.12024197876796827,0,false,0.632,false,false,9.85,false,1.222949e6,1.075899192307692e6,false,0
