CG_time_taken,method,CG_LP_IP_gap,implemented_SR3_cuts_count,errored,CG_sp_time_taken_mean,converged,CGIP_artificial,ngroute_neighborhood_size,time_limit_reached,CGIP_objective,CGLP_objective,CGLP_artificial,cycles_lookup_length
10.67,use_adaptive_ngroute,0.1469653986026649,0,false,0.6270625000000001,false,false,7.75,false,1.259111e6,1.07406525e6,false,1
2.252,use_adaptive_ngroute,0.14677380797168182,0,false,0.7296666666666667,false,false,7.799999999999999,false,1.259111e6,1.0743064838709678e6,false,4
1.332,use_adaptive_ngroute,0.1462571608063149,0,false,0.6525,false,false,8.0,false,1.259111e6,1.074957e6,false,2
0.766,use_adaptive_ngroute,0.1457937746986131,0,false,0.755,false,false,8.4,false,1.259111e6,1.0755404545454546e6,false,4
1.626,use_adaptive_ngroute,0.14552571569286965,0,false,0.8025,false,false,9.4,false,1.259111e6,1.0758779705882352e6,false,1
0.837,none,0.14550886116657513,0,false,0.826,false,false,9.45,false,1.259111e6,1.0758991923076925e6,false,0
