CG_time_taken,method,CG_LP_IP_gap,implemented_SR3_cuts_count,errored,CG_sp_time_taken_mean,converged,CGIP_artificial,ngroute_neighborhood_size,time_limit_reached,CGIP_objective,CGLP_objective,CGLP_artificial,cycles_lookup_length
18.153,use_adaptive_ngroute,0.16508147788751193,0,false,1.0014117647058824,false,false,7.75,false,1.096487e6,915477.3055555557,false,14
14.221,use_adaptive_ngroute,0.12125841598129339,0,false,2.339,false,false,10.9,false,1.06848e6,938917.8076923076,false,8
22.408,use_adaptive_ngroute,0.11880067069575473,0,false,5.5912500000000005,false,false,12.7,false,1.06848e6,941543.859375,false,1
21.086,none,0.11797513607601029,0,false,5.2597499999999995,false,false,12.75,false,1.06848e6,942425.9266055045,false,0
