CG_time_taken,method,CG_LP_IP_gap,implemented_SR3_cuts_count,errored,CG_sp_time_taken_mean,converged,CGIP_artificial,ngroute_neighborhood_size,time_limit_reached,CGIP_objective,CGLP_objective,CGLP_artificial,cycles_lookup_length
48.428,use_adaptive_ngroute,0.999982132681921,0,false,1.5293043478260868,false,true,1.0,false,6.0e10,1.0720390847356787e6,false,26
37.863,use_adaptive_ngroute,0.08034273624177768,0,false,1.8077894736842108,false,false,4.642857142857142,false,1.310162e6,1.2049e6,false,10
32.08,use_adaptive_ngroute,0.07739653569558569,0,false,3.9010000000000002,false,false,5.607142857142857,false,1.310162e6,1.20876e6,false,1
15.066,none,0.07637337978051573,0,false,3.7392499999999997,false,false,5.642857142857143,false,1.310162e6,1.2101005e6,false,0
