CG_time_taken,method,CG_LP_IP_gap,implemented_SR3_cuts_count,errored,CG_sp_time_taken_mean,converged,CGIP_artificial,ngroute_neighborhood_size,time_limit_reached,CGIP_objective,CGLP_objective,CGLP_artificial,cycles_lookup_length
35.338,use_adaptive_ngroute,0.999984829457837,0,false,0.9752380952380953,false,true,1.0,false,6.0e10,910232.5297803619,false,26
28.591,use_adaptive_ngroute,0.17564410846423406,0,false,1.4866666666666668,false,false,3.3214285714285716,false,1.38929e6,1.1452693965517243e6,false,19
20.826,use_adaptive_ngroute,0.03375489432995371,0,false,1.6835833333333337,false,false,5.214285714285714,false,1.214115e6,1.1731326764705882e6,false,9
17.731,use_adaptive_ngroute,0.030477673037562436,0,false,2.513571428571428,false,false,6.2857142857142865,false,1.214115e6,1.1771115999999999e6,false,4
11.713,use_adaptive_ngroute,0.030095826274814996,0,false,2.3274,false,false,6.428571428571429,false,1.214115e6,1.177575205882353e6,false,9
11.318,use_adaptive_ngroute,0.029696253375229298,0,false,2.8145000000000002,false,false,7.0,false,1.214115e6,1.1780603333333335e6,false,2
13.991,none,0.029686947629386506,0,false,3.47275,false,false,7.071428571428571,false,1.214115e6,1.1780716315789474e6,false,0
