CG_time_taken,method,CG_LP_IP_gap,implemented_SR3_cuts_count,errored,CG_sp_time_taken_mean,converged,CGIP_artificial,ngroute_neighborhood_size,time_limit_reached,CGIP_objective,CGLP_objective,CGLP_artificial,cycles_lookup_length
11.338,use_adaptive_ngroute,0.0838455723415863,0,false,0.6214999999999999,false,false,7.75,false,1.079365e6,988865.0238095237,false,10
4.755,use_adaptive_ngroute,0.0779328123480012,0,false,0.9245999999999999,false,false,9.45,false,1.079365e6,995247.0499999997,false,1
5.776,use_adaptive_ngroute,0.07793281234800087,0,false,1.41225,false,false,9.549999999999999,false,1.079365e6,995247.05,false,2
1.456,none,0.07780863142823646,0,false,1.4429999999999998,false,false,10.0,false,1.079365e6,995381.0865384615,false,0
