CG_time_taken,method,CG_LP_IP_gap,implemented_SR3_cuts_count,errored,CG_sp_time_taken_mean,converged,CGIP_artificial,ngroute_neighborhood_size,time_limit_reached,CGIP_objective,CGLP_objective,CGLP_artificial,cycles_lookup_length
11.135,use_adaptive_ngroute,0.09415740892809676,0,false,0.6593333333333333,false,false,7.75,false,1.193416e6,1.0810470416666665e6,false,8
10.624,use_adaptive_ngroute,0.058883005291774815,0,false,1.0162,false,false,9.0,false,1.155189e6,1.087168e6,false,6
3.65,use_adaptive_ngroute,0.05455167942215511,0,false,0.8905,false,false,9.85,false,1.155189e6,1.0921715e6,false,1
11.949,none,0.0,0,false,1.6768571428571428,true,false,9.899999999999999,false,1.09354e6,1.09354e6,false,0
