CG_time_taken,method,CG_LP_IP_gap,implemented_SR3_cuts_count,errored,CG_sp_time_taken_mean,converged,CGIP_artificial,ngroute_neighborhood_size,time_limit_reached,CGIP_objective,CGLP_objective,CGLP_artificial,cycles_lookup_length
8.299,use_adaptive_ngroute,0.08198039242654376,0,false,0.479625,false,false,7.75,false,1.187557e6,1.090200611111111e6,false,4
1.224,use_adaptive_ngroute,0.08155586075728016,0,false,0.595,false,false,8.149999999999999,false,1.187557e6,1.0907047666666666e6,false,4
2.833,use_adaptive_ngroute,0.013294100627976202,0,false,0.6942500000000001,false,false,8.9,false,1.106889e6,1.09217390625e6,false,1
1.363,none,0.013294100627976202,0,false,0.6655000000000001,false,false,9.15,false,1.106889e6,1.09217390625e6,false,0
