CG_time_taken,method,CG_LP_IP_gap,implemented_SR3_cuts_count,errored,CG_sp_time_taken_mean,converged,CGIP_artificial,ngroute_neighborhood_size,time_limit_reached,CGIP_objective,CGLP_objective,CGLP_artificial,cycles_lookup_length
3.98,use_adaptive_ngroute,0.08358936393361727,0,false,0.2440714285714286,false,false,7.75,false,1.13463e6,1.0397869999999999e6,false,3
1.072,use_adaptive_ngroute,0.048051169330211696,0,false,0.20220000000000002,false,false,7.8999999999999995,false,1.100288e6,1.047417875e6,false,5
1.057,use_adaptive_ngroute,0.04544832807410426,0,false,0.19740000000000002,false,false,9.05,false,1.100288e6,1.05028175e6,false,1
1.093,none,0.04544832807410448,0,false,0.267,false,false,9.1,false,1.100288e6,1.0502817499999998e6,false,0
