CG_time_taken,method,CG_LP_IP_gap,implemented_SR3_cuts_count,errored,CG_sp_time_taken_mean,converged,CGIP_artificial,ngroute_neighborhood_size,time_limit_reached,CGIP_objective,CGLP_objective,CGLP_artificial,cycles_lookup_length
14.086,use_adaptive_ngroute,0.121139681349553,0,false,0.6540000000000001,false,false,7.75,false,1.098706e6,965609.105263158,false,2
4.09,use_adaptive_ngroute,0.12103295728214492,0,false,0.8034,false,false,8.3,false,1.098706e6,965726.3636363636,false,5
3.565,use_adaptive_ngroute,0.11699250175785292,0,false,0.87975,false,false,9.350000000000001,false,1.098706e6,970165.6363636365,false,4
1.858,use_adaptive_ngroute,0.11661576840796761,0,false,0.9185,false,false,10.05,false,1.098706e6,970579.5555555555,false,2
1.264,none,0.1163439334797276,0,false,1.253,false,false,10.149999999999999,false,1.098706e6,970878.2222222224,false,0
