CG_time_taken,method,CG_LP_IP_gap,implemented_SR3_cuts_count,errored,CG_sp_time_taken_mean,converged,CGIP_artificial,ngroute_neighborhood_size,time_limit_reached,CGIP_objective,CGLP_objective,CGLP_artificial,cycles_lookup_length
16.843,use_adaptive_ngroute,0.02964881980426015,0,false,0.8765000000000001,false,false,7.75,false,1.145648e6,1.111680888888889e6,false,3
2.56,use_adaptive_ngroute,0.02793091769897904,0,false,1.2534999999999998,false,false,8.35,false,1.145648e6,1.113649e6,false,3
4.886,use_adaptive_ngroute,0.027788640140775978,0,false,1.5653333333333335,false,false,8.55,false,1.145648e6,1.1138120000000002e6,false,1
4.449,none,0.026370338009580552,0,false,1.4696666666666667,false,false,8.85,false,1.145648e6,1.115436875e6,false,0
