CG_time_taken,method,CG_LP_IP_gap,implemented_SR3_cuts_count,errored,CG_sp_time_taken_mean,converged,CGIP_artificial,ngroute_neighborhood_size,time_limit_reached,CGIP_objective,CGLP_objective,CGLP_artificial,cycles_lookup_length
11.992,use_adaptive_ngroute,0.02964881980426015,0,false,0.6552941176470588,false,false,7.75,false,1.145648e6,1.111680888888889e6,false,3
2.969,use_adaptive_ngroute,0.02793091769897893,0,false,0.9753333333333333,false,false,8.35,false,1.145648e6,1.1136490000000002e6,false,3
2.961,use_adaptive_ngroute,0.0277886401407762,0,false,0.9766666666666667,false,false,8.55,false,1.145648e6,1.113812e6,false,1
4.406,none,0.026370338009580552,0,false,0.87,false,false,8.85,false,1.145648e6,1.115436875e6,false,0
