CG_time_taken,method,CG_LP_IP_gap,implemented_SR3_cuts_count,errored,CG_sp_time_taken_mean,converged,CGIP_artificial,ngroute_neighborhood_size,time_limit_reached,CGIP_objective,CGLP_objective,CGLP_artificial,cycles_lookup_length
17.553,use_adaptive_ngroute,0.9999817639771952,0,false,0.408,false,true,1.0,false,6.0e10,1.0941613682884492e6,false,28
34.166,use_adaptive_ngroute,0.13840886249322204,0,false,1.8730588235294119,false,false,5.571428571428571,false,1.497468e6,1.2902051574999997e6,false,24
55.398,use_adaptive_ngroute,0.05198519686641567,0,false,3.624933333333334,false,false,8.357142857142856,false,1.37606e6,1.30452525e6,false,7
14.377,none,0.0512259639841286,0,false,4.774,false,false,8.892857142857142,false,1.37606e6,1.30557e6,false,0
