CG_time_taken,method,CG_LP_IP_gap,implemented_SR3_cuts_count,errored,CG_sp_time_taken_mean,converged,CGIP_artificial,ngroute_neighborhood_size,time_limit_reached,CGIP_objective,CGLP_objective,CGLP_artificial,cycles_lookup_length
34.346,use_adaptive_ngroute,0.05557554529533515,0,false,1.6453684210526316,false,false,7.291666666666667,false,1.099175e6,1.03808775e6,false,3
8.965,use_adaptive_ngroute,0.05557554529533515,0,false,1.435833333333333,false,false,8.0,false,1.099175e6,1.03808775e6,false,3
14.329,use_adaptive_ngroute,0.05326362636670945,0,false,2.0144285714285717,false,false,8.125,false,1.099175e6,1.0406289534883721e6,false,4
6.527,none,0.05325956588653624,0,false,2.1533333333333333,false,false,8.791666666666666,false,1.099175e6,1.0406334166666665e6,false,0
