CG_time_taken,method,CG_LP_IP_gap,implemented_SR3_cuts_count,errored,CG_sp_time_taken_mean,converged,CGIP_artificial,ngroute_neighborhood_size,time_limit_reached,CGIP_objective,CGLP_objective,CGLP_artificial,cycles_lookup_length
18.554,use_adaptive_ngroute,0.055117658508600176,0,false,0.993470588235294,false,false,7.291666666666667,false,1.366582e6,1.2912592000000002e6,false,8
10.857,use_adaptive_ngroute,0.052517887693530274,0,false,1.5137142857142858,false,false,8.875,false,1.366582e6,1.294812e6,false,3
2.425,use_adaptive_ngroute,0.05098612482098219,0,false,1.181,false,false,9.041666666666668,false,1.366582e6,1.2969052795698924e6,false,6
8.177,use_adaptive_ngroute,0.050738915695427766,0,false,1.5918,false,false,9.75,false,1.366582e6,1.297243111111111e6,false,2
9.584,use_adaptive_ngroute,0.050390222006707286,0,false,2.3567500000000003,false,false,9.875,false,1.366582e6,1.29771962962963e6,false,3
3.39,none,0.05000062331219701,0,false,1.6675,false,false,10.0,false,1.366582e6,1.2982520481927712e6,false,0
