CG_time_taken,method,CG_LP_IP_gap,implemented_SR3_cuts_count,errored,CG_sp_time_taken_mean,converged,CGIP_artificial,ngroute_neighborhood_size,time_limit_reached,CGIP_objective,CGLP_objective,CGLP_artificial,cycles_lookup_length
31.435,use_adaptive_ngroute,0.16787539221818437,0,false,1.5311052631578947,false,false,7.291666666666667,false,1.354157e6,1.1268273625e6,false,13
13.256,use_adaptive_ngroute,0.09517537507348162,0,false,2.1563333333333334,false,false,8.708333333333334,false,1.26406e6,1.1437526153846148e6,false,3
9.297,use_adaptive_ngroute,0.09184848820467384,0,false,1.8428000000000002,false,false,9.166666666666668,false,1.26406e6,1.147958e6,false,4
8.085,use_adaptive_ngroute,0.09104505851515499,0,false,2.676,false,false,9.791666666666666,false,1.26406e6,1.1489735833333333e6,false,2
9.054,none,0.09085881999272205,0,false,3.006333333333333,false,false,10.166666666666668,false,1.26406e6,1.1492089999999998e6,false,0
