CG_time_taken,method,CG_LP_IP_gap,implemented_SR3_cuts_count,errored,CG_sp_time_taken_mean,converged,CGIP_artificial,ngroute_neighborhood_size,time_limit_reached,CGIP_objective,CGLP_objective,CGLP_artificial,cycles_lookup_length
63.73,use_adaptive_ngroute,0.09486858053924796,0,false,3.1583684210526313,false,false,7.291666666666667,false,1.349677e6,1.2216350588235294e6,false,10
35.537,use_adaptive_ngroute,0.08529189766352552,0,false,4.3580000000000005,false,false,8.291666666666666,false,1.349677e6,1.2345604874371858e6,false,9
34.627,use_adaptive_ngroute,0.08316294593789175,0,false,8.599749999999998,false,false,9.583333333333334,false,1.349677e6,1.237433884615384e6,false,3
29.221,use_adaptive_ngroute,0.08286460262408102,0,false,9.698333333333334,false,false,9.875,false,1.349677e6,1.2378365517241382e6,false,1
21.883,none,0.0827359589705704,0,false,10.8805,false,false,9.916666666666666,false,1.349677e6,1.2380101791044774e6,false,0
