CG_time_taken,method,CG_LP_IP_gap,implemented_SR3_cuts_count,errored,CG_sp_time_taken_mean,converged,CGIP_artificial,ngroute_neighborhood_size,time_limit_reached,CGIP_objective,CGLP_objective,CGLP_artificial,cycles_lookup_length
12.366,use_adaptive_ngroute,0.9999816418530303,0,false,0.39994444444444444,false,true,1.0,false,6.0e10,1.1014888181818181e6,false,25
25.125,use_adaptive_ngroute,0.11362907012164425,0,false,1.5718666666666665,false,false,4.107142857142857,false,1.37312e6,1.2170936512345679e6,false,25
20.022,use_adaptive_ngroute,0.09437422934648565,0,false,1.9562999999999997,false,false,6.107142857142857,false,1.36248e6,1.2338970000000002e6,false,11
26.653,use_adaptive_ngroute,0.09109484175914517,0,false,2.926222222222222,false,false,7.107142857142857,false,1.36248e6,1.2383650999999999e6,false,6
18.487,use_adaptive_ngroute,0.08973922166699111,0,false,3.0645000000000002,false,false,7.321428571428571,false,1.36248e6,1.240212105263158e6,false,4
17.158,use_adaptive_ngroute,0.08930991188861459,0,false,4.2695,false,false,7.892857142857143,false,1.36248e6,1.2407970312500005e6,false,2
6.794,none,0.0892365392519523,0,false,3.3565,false,false,8.142857142857142,false,1.36248e6,1.240897e6,false,0
