CG_time_taken,method,CG_LP_IP_gap,implemented_SR3_cuts_count,errored,CG_sp_time_taken_mean,converged,CGIP_artificial,ngroute_neighborhood_size,time_limit_reached,CGIP_objective,CGLP_objective,CGLP_artificial,cycles_lookup_length
23.949,use_adaptive_ngroute,0.1069136364930664,0,false,1.2975625,false,false,7.291666666666667,false,1.229165e6,1.0977505e6,false,6
15.783,use_adaptive_ngroute,0.09481834356884566,0,false,1.893375,false,false,8.666666666666668,false,1.21961e6,1.1039686e6,false,1
3.031,use_adaptive_ngroute,0.09400013118947859,0,false,1.4674999999999998,false,false,8.708333333333334,false,1.21961e6,1.1049665e6,false,3
12.915,none,0.09372945393227738,0,false,1.7834285714285716,false,false,8.833333333333332,false,1.21961e6,1.1052966206896552e6,false,0
