CG_time_taken,method,CG_LP_IP_gap,implemented_SR3_cuts_count,errored,CG_sp_time_taken_mean,converged,CGIP_artificial,ngroute_neighborhood_size,time_limit_reached,CGIP_objective,CGLP_objective,CGLP_artificial,cycles_lookup_length
33.789,use_adaptive_ngroute,0.1075083090511747,0,false,1.6291052631578948,false,false,7.291666666666667,false,1.229984e6,1.0977505e6,false,6
15.171,use_adaptive_ngroute,0.0994032561087731,0,false,2.0898571428571424,false,false,8.666666666666668,false,1.225819e6,1.1039685999999999e6,false,1
10.92,use_adaptive_ngroute,0.09858918812646889,0,false,2.687,false,false,8.708333333333334,false,1.225819e6,1.1049665e6,false,3
11.044,none,0.09831988189964835,0,false,2.72475,false,false,8.833333333333332,false,1.225819e6,1.105296620689655e6,false,0
