CG_time_taken,method,CG_LP_IP_gap,implemented_SR3_cuts_count,errored,CG_sp_time_taken_mean,converged,CGIP_artificial,ngroute_neighborhood_size,time_limit_reached,CGIP_objective,CGLP_objective,CGLP_artificial,cycles_lookup_length
27.633,use_adaptive_ngroute,0.1559742780774891,0,false,1.3835263157894737,false,false,7.291666666666667,false,1.475824e6,1.2456334170305678e6,false,10
11.097,use_adaptive_ngroute,0.09116777293749034,0,false,1.5572857142857146,false,false,8.625,false,1.378706e6,1.2530124444444445e6,false,5
5.299,use_adaptive_ngroute,0.09104705168350324,0,false,1.7530000000000001,false,false,8.916666666666666,false,1.378706e6,1.253178883561644e6,false,2
6.887,none,0.0908996170740004,0,false,2.277333333333333,false,false,9.0,false,1.378706e6,1.2533821525423732e6,false,0
