CG_time_taken,method,CG_LP_IP_gap,implemented_SR3_cuts_count,errored,CG_sp_time_taken_mean,converged,CGIP_artificial,ngroute_neighborhood_size,time_limit_reached,CGIP_objective,CGLP_objective,CGLP_artificial,cycles_lookup_length
25.15,use_adaptive_ngroute,0.1540721759708471,0,false,1.0974,false,false,7.291666666666667,false,1.305787e6,1.1046015555555555e6,false,11
24.087,use_adaptive_ngroute,0.1502886764839899,0,false,2.3622,false,false,9.416666666666666,false,1.305787e6,1.1095420000000002e6,false,5
5.183,use_adaptive_ngroute,0.09496921639129074,0,false,1.7016666666666669,false,false,10.208333333333334,false,1.226505e6,1.11002478125e6,false,2
5.385,none,0.09423190794167169,0,false,2.6745,false,false,10.333333333333334,false,1.226505e6,1.11092909375e6,false,0
