CG_time_taken,method,CG_LP_IP_gap,implemented_SR3_cuts_count,errored,CG_sp_time_taken_mean,converged,CGIP_artificial,ngroute_neighborhood_size,time_limit_reached,CGIP_objective,CGLP_objective,CGLP_artificial,cycles_lookup_length
27.179,use_adaptive_ngroute,0.06056642921133526,0,false,1.3502222222222222,false,false,7.291666666666667,false,1.167705e6,1.0969812777777778e6,false,16
10.687,use_adaptive_ngroute,0.050706416743643734,0,false,2.0485999999999995,false,false,9.041666666666668,false,1.167705e6,1.1084948636363635e6,false,2
22.203,use_adaptive_ngroute,0.04980966939423892,0,false,3.136714285714286,false,false,9.541666666666666,false,1.167705e6,1.1095420000000002e6,false,5
13.172,none,0.0486217891076941,0,false,3.26875,false,false,10.5,false,1.167705e6,1.11092909375e6,false,0
