CG_time_taken,method,CG_LP_IP_gap,implemented_SR3_cuts_count,errored,CG_sp_time_taken_mean,converged,CGIP_artificial,ngroute_neighborhood_size,time_limit_reached,CGIP_objective,CGLP_objective,CGLP_artificial,cycles_lookup_length
33.391,use_adaptive_ngroute,0.12027148263996801,0,false,1.5784736842105263,false,false,7.291666666666667,false,1.058533e6,931221.6666666667,false,7
12.418,use_adaptive_ngroute,0.11902274185122241,0,false,2.366,false,false,8.666666666666668,false,1.058533e6,932543.5,false,1
20.412,use_adaptive_ngroute,0.1168461156203412,0,false,3.2369999999999997,false,false,8.708333333333334,false,1.056475e6,933030.0,false,1
15.247,use_adaptive_ngroute,0.003065754116127528,0,false,2.459,false,false,8.791666666666666,false,942998.0,940107.0,false,2
4.623,use_adaptive_ngroute,0.0010318155499799975,0,false,1.4893333333333334,false,false,8.875,false,942998.0,942025.0,false,4
16.374,use_adaptive_ngroute,0.0010318155499799975,0,false,2.6606666666666667,false,false,9.291666666666666,false,942998.0,942025.0,false,4
7.532,none,0.0010318155499799975,0,false,2.4783333333333335,false,false,9.458333333333332,false,942998.0,942025.0,false,0
