CG_time_taken,method,CG_LP_IP_gap,implemented_SR3_cuts_count,errored,CG_sp_time_taken_mean,converged,CGIP_artificial,ngroute_neighborhood_size,time_limit_reached,CGIP_objective,CGLP_objective,CGLP_artificial,cycles_lookup_length
20.791,use_adaptive_ngroute,0.13636115464388987,0,false,1.0527222222222221,false,false,7.291666666666667,false,1.366316e6,1.180003572631579e6,false,10
11.291,use_adaptive_ngroute,0.13167096739300121,0,false,2.2062000000000004,false,false,9.083333333333334,false,1.366316e6,1.186411850515464e6,false,3
7.113,use_adaptive_ngroute,0.13031470513897714,0,false,2.3543333333333334,false,false,9.208333333333334,false,1.366316e6,1.1882649333333333e6,false,1
4.732,none,0.13030943864211653,0,false,2.3485,false,false,9.25,false,1.366316e6,1.188272129032258e6,false,0
