CG_time_taken,method,CG_LP_IP_gap,implemented_SR3_cuts_count,errored,CG_sp_time_taken_mean,converged,CGIP_artificial,ngroute_neighborhood_size,time_limit_reached,CGIP_objective,CGLP_objective,CGLP_artificial,cycles_lookup_length
20.541,use_adaptive_ngroute,0.03028861216681944,0,false,1.0650588235294116,false,false,7.291666666666667,false,1.199037e6,1.1627198333333333e6,false,3
6.281,use_adaptive_ngroute,0.029651295164369373,0,false,1.2019999999999997,false,false,7.708333333333333,false,1.199037e6,1.163484e6,false,1
2.138,use_adaptive_ngroute,0.029469148992066208,0,false,1.0355,false,false,7.833333333333334,false,1.199037e6,1.1637024e6,false,1
2.357,none,0.029451679844870515,0,false,1.155,false,false,7.875,false,1.199037e6,1.163723346153846e6,false,0
