CG_time_taken,method,CG_LP_IP_gap,implemented_SR3_cuts_count,errored,CG_sp_time_taken_mean,converged,CGIP_artificial,ngroute_neighborhood_size,time_limit_reached,CGIP_objective,CGLP_objective,CGLP_artificial,cycles_lookup_length
21.505,use_adaptive_ngroute,0.3915943217271878,0,false,0.5771739130434782,false,false,1.0,false,1.713964e6,1.0427854299551822e6,false,26
110.808,use_adaptive_ngroute,0.10397534739402814,0,false,5.42625,false,false,4.178571428571428,false,1.237971e6,1.1092525352112676e6,false,16
34.952,use_adaptive_ngroute,0.09428627359913355,0,false,3.4164,false,false,6.821428571428571,false,1.237971e6,1.121247327586207e6,false,11
24.733,use_adaptive_ngroute,0.08255886305969173,0,false,4.8954,false,false,7.4642857142857135,false,1.237971e6,1.1357655217391304e6,false,6
28.394,use_adaptive_ngroute,0.08064890049928453,0,false,4.698833333333334,false,false,7.7857142857142865,false,1.237971e6,1.1381300000000002e6,false,7
17.504,use_adaptive_ngroute,0.08046708935582736,0,false,4.341,false,false,8.035714285714285,false,1.237971e6,1.138355076923077e6,false,6
24.098,use_adaptive_ngroute,0.07871363085863237,0,false,4.7622,false,false,8.535714285714286,false,1.237971e6,1.140525807692308e6,false,3
35.404,use_adaptive_ngroute,0.07851465185288309,0,false,7.026800000000001,false,false,9.142857142857142,false,1.237971e6,1.1407721379310344e6,false,2
22.532,none,0.07851465185288298,0,false,11.248,false,false,9.642857142857142,false,1.237971e6,1.1407721379310347e6,false,0
