CG_time_taken,method,CG_LP_IP_gap,implemented_SR3_cuts_count,errored,CG_sp_time_taken_mean,converged,CGIP_artificial,ngroute_neighborhood_size,time_limit_reached,CGIP_objective,CGLP_objective,CGLP_artificial,cycles_lookup_length
106.195,use_adaptive_ngroute,0.16036033163265329,0,false,4.701045454545454,false,false,7.291666666666667,false,1.37984e6,1.1585683999999997e6,false,12
69.742,use_adaptive_ngroute,0.13074255846734784,0,false,6.901600000000001,false,false,9.375,false,1.360674e6,1.182776e6,false,1
20.554,use_adaptive_ngroute,0.1148602963624874,0,false,5.10725,false,false,9.458333333333332,false,1.340269e6,1.1863253054545454e6,false,7
22.127,none,0.1137829590382774,0,false,7.337333333333334,false,false,10.083333333333332,false,1.340269e6,1.187769227272727e6,false,0
