CG_time_taken,method,CG_LP_IP_gap,implemented_SR3_cuts_count,errored,CG_sp_time_taken_mean,converged,CGIP_artificial,ngroute_neighborhood_size,time_limit_reached,CGIP_objective,CGLP_objective,CGLP_artificial,cycles_lookup_length
27.287,use_adaptive_ngroute,0.13529505239574557,0,false,1.3070000000000002,false,false,7.291666666666667,false,1.336209e6,1.1554265333333332e6,false,10
19.623,use_adaptive_ngroute,0.12400016538693481,0,false,2.3780000000000006,false,false,8.625,false,1.334865e6,1.1693415192307692e6,false,6
17.526,use_adaptive_ngroute,0.11488116305664475,0,false,2.8561666666666667,false,false,9.625,false,1.331694e6,1.1787074444444445e6,false,7
4.707,use_adaptive_ngroute,0.11468692103094613,0,false,2.316,false,false,10.75,false,1.331694e6,1.1789661153846153e6,false,3
5.966,none,0.07424522997063898,0,false,2.9685000000000006,false,false,10.875,false,1.273909e6,1.1793273333333333e6,false,0
