CG_time_taken,method,CG_LP_IP_gap,implemented_SR3_cuts_count,errored,CG_sp_time_taken_mean,converged,CGIP_artificial,ngroute_neighborhood_size,time_limit_reached,CGIP_objective,CGLP_objective,CGLP_artificial,cycles_lookup_length
19.446,use_adaptive_ngroute,0.06582117175100932,0,false,0.9085999999999999,false,false,7.291666666666667,false,1.354059e6,1.26493325e6,false,9
7.387,use_adaptive_ngroute,0.05871869611838798,0,false,1.214,false,false,8.583333333333332,false,1.354059e6,1.2745504210526317e6,false,7
7.093,use_adaptive_ngroute,0.05672527791527893,0,false,1.4074,false,false,9.791666666666666,false,1.354059e6,1.2772496269113154e6,false,2
3.065,none,0.056657389313661155,0,false,1.522,false,false,9.875,false,1.354059e6,1.2773415520833333e6,false,0
