CG_time_taken,method,CG_LP_IP_gap,implemented_SR3_cuts_count,errored,CG_sp_time_taken_mean,converged,CGIP_artificial,ngroute_neighborhood_size,time_limit_reached,CGIP_objective,CGLP_objective,CGLP_artificial,cycles_lookup_length
25.087,use_adaptive_ngroute,0.12903274835802225,0,false,1.3190000000000002,false,false,7.291666666666667,false,1.228143e6,1.0696723333333335e6,false,10
9.478,use_adaptive_ngroute,0.12473446280517919,0,false,1.8118,false,false,9.083333333333334,false,1.228143e6,1.0749512426470588e6,false,7
8.725,use_adaptive_ngroute,0.12404140525118446,0,false,2.1547499999999995,false,false,9.791666666666666,false,1.228143e6,1.0758024164305946e6,false,2
4.138,none,0.12403900470801521,0,false,2.04,false,false,9.875,false,1.228143e6,1.075805364640884e6,false,0
