CG_time_taken,method,CG_LP_IP_gap,implemented_SR3_cuts_count,errored,CG_sp_time_taken_mean,converged,CGIP_artificial,ngroute_neighborhood_size,time_limit_reached,CGIP_objective,CGLP_objective,CGLP_artificial,cycles_lookup_length
19.236,use_adaptive_ngroute,0.9999808674539937,0,false,0.56015,false,true,1.0,false,6.0e10,1.147952760375444e6,false,26
35.475,use_adaptive_ngroute,0.20982135168110416,0,false,1.7281111111111112,false,false,4.285714285714286,false,1.636901e6,1.293444219611849e6,false,13
18.876,use_adaptive_ngroute,0.20311574418970613,0,false,2.2377499999999997,false,false,5.571428571428571,false,1.636901e6,1.3044206352201258e6,false,20
29.271,use_adaptive_ngroute,0.19631773731021818,0,false,3.2183333333333337,false,false,8.142857142857142,false,1.636901e6,1.3155482994791665e6,false,3
15.174,none,0.13893889214111022,0,false,2.9979999999999998,false,false,8.464285714285715,false,1.537221e6,1.3236412172839504e6,false,0
