CG_time_taken,method,CG_LP_IP_gap,implemented_SR3_cuts_count,errored,CG_sp_time_taken_mean,converged,CGIP_artificial,ngroute_neighborhood_size,time_limit_reached,CGIP_objective,CGLP_objective,CGLP_artificial,cycles_lookup_length
18.818,use_adaptive_ngroute,0.14414352858933033,0,false,0.7150869565217391,false,false,7.291666666666667,false,1.255002e6,1.0741015833333333e6,false,6
5.803,use_adaptive_ngroute,0.14020376671584656,0,false,0.800142857142857,false,false,8.208333333333334,false,1.253406e6,1.0776737575757576e6,false,3
1.448,use_adaptive_ngroute,0.14007813731366991,0,false,0.6924999999999999,false,false,8.5,false,1.253406e6,1.0778312222222222e6,false,1
4.788,none,0.13992940606863002,0,false,1.1535,false,false,8.541666666666666,false,1.253406e6,1.0780176428571427e6,false,0
