CG_time_taken,method,CG_LP_IP_gap,implemented_SR3_cuts_count,errored,CG_sp_time_taken_mean,converged,CGIP_artificial,ngroute_neighborhood_size,time_limit_reached,CGIP_objective,CGLP_objective,CGLP_artificial,cycles_lookup_length
10.967,use_adaptive_ngroute,0.9999840102175926,0,false,0.35343750000000007,false,true,1.0,false,6.0e10,959386.9444444445,false,28
43.08,use_adaptive_ngroute,0.07361516886759378,0,false,2.304705882352941,false,false,6.571428571428572,false,1.19798e6,1.1097905e6,false,14
24.53,use_adaptive_ngroute,0.028505781648896278,0,false,2.079545454545454,false,false,7.892857142857143,false,1.165325e6,1.1321065e6,false,7
24.927,none,0.027133203183661192,0,false,4.058166666666668,false,false,8.607142857142858,false,1.165325e6,1.133706e6,false,0
