CG_time_taken,method,CG_LP_IP_gap,implemented_SR3_cuts_count,errored,CG_sp_time_taken_mean,converged,CGIP_artificial,ngroute_neighborhood_size,time_limit_reached,CGIP_objective,CGLP_objective,CGLP_artificial,cycles_lookup_length
11.575,use_adaptive_ngroute,0.9999840102175926,0,false,0.41293749999999996,false,true,1.0,false,6.0e10,959386.9444444445,false,28
38.375,use_adaptive_ngroute,0.08739962584544536,0,false,2.71876923076923,false,false,6.571428571428572,false,1.216075e6,1.1097905e6,false,14
24.885,use_adaptive_ngroute,0.039183127877617685,0,false,2.9632500000000004,false,false,7.892857142857143,false,1.178275e6,1.1321065e6,false,7
52.407,none,0.037825634932422414,0,false,6.5015,false,false,8.607142857142858,false,1.178275e6,1.133706e6,false,0
