CG_time_taken,method,CG_LP_IP_gap,implemented_SR3_cuts_count,errored,CG_sp_time_taken_mean,converged,CGIP_artificial,ngroute_neighborhood_size,time_limit_reached,CGIP_objective,CGLP_objective,CGLP_artificial,cycles_lookup_length
167.284,use_adaptive_ngroute,0.13522963076236294,0,false,6.760999999999999,false,false,7.291666666666667,false,1.163134e6,1.0058438186528498e6,false,16
207.593,use_adaptive_ngroute,0.12083939486198358,0,false,29.500714285714285,false,false,11.0,false,1.152151e6,1.0129257703703707e6,false,3
227.425,use_adaptive_ngroute,0.0429961485272754,0,false,37.8225,false,false,11.333333333333334,false,1.058645e6,1.0131273423423425e6,false,1
68.707,use_adaptive_ngroute,0.04299614852727518,0,false,34.296,false,false,11.458333333333334,false,1.058645e6,1.0131273423423427e6,false,1
57.297,use_adaptive_ngroute,0.042397776822678424,0,false,28.497999999999998,false,false,11.666666666666666,false,1.058645e6,1.0137608055555556e6,false,2
21.089,none,0.04193032917865125,0,false,21.063,false,false,11.749999999999998,false,1.058645e6,1.0142556666666667e6,false,0
