CG_time_taken,method,CG_LP_IP_gap,implemented_SR3_cuts_count,errored,CG_sp_time_taken_mean,converged,CGIP_artificial,ngroute_neighborhood_size,time_limit_reached,CGIP_objective,CGLP_objective,CGLP_artificial,cycles_lookup_length
23.534,use_adaptive_ngroute,0.05080578163323579,0,false,1.1849444444444446,false,false,7.291666666666667,false,1.201529e6,1.14048438e6,false,15
10.835,use_adaptive_ngroute,0.03823544833291603,0,false,1.7413333333333332,false,false,10.458333333333334,false,1.201529e6,1.1555879999999998e6,false,1
5.166,use_adaptive_ngroute,0.03530751234468743,0,false,1.27025,false,false,10.75,false,1.201529e6,1.159106e6,false,8
5.891,none,0.03433208853053071,0,false,1.43775,false,false,11.375,false,1.201529e6,1.160278e6,false,0
