CG_time_taken,method,CG_LP_IP_gap,implemented_SR3_cuts_count,errored,CG_sp_time_taken_mean,converged,CGIP_artificial,ngroute_neighborhood_size,time_limit_reached,CGIP_objective,CGLP_objective,CGLP_artificial,cycles_lookup_length
5.991,use_adaptive_ngroute,0.3705292871452339,0,false,0.21921052631578947,false,false,1.0,false,1.443099e6,908388.5562500001,false,19
5.969,use_adaptive_ngroute,0.14805426161225632,0,false,0.46175,false,false,3.8,false,1.263794e6,1.0766839125e6,false,10
6.429,use_adaptive_ngroute,0.1283917118585466,0,false,0.7,false,false,5.8500000000000005,false,1.253896e6,1.0929061460674158e6,false,6
0.966,use_adaptive_ngroute,0.12578213428686547,0,false,0.47750000000000004,false,false,6.6,false,1.253896e6,1.0961782849462365e6,false,3
1.2,use_adaptive_ngroute,0.12575827769596792,0,false,0.591,false,false,6.75,false,1.253896e6,1.0962081986301367e6,false,3
3.239,none,0.12537353086097958,0,false,0.79525,false,false,6.9,false,1.253896e6,1.096690631147541e6,false,0
