CG_time_taken,method,CG_LP_IP_gap,implemented_SR3_cuts_count,errored,CG_sp_time_taken_mean,converged,CGIP_artificial,ngroute_neighborhood_size,time_limit_reached,CGIP_objective,CGLP_objective,CGLP_artificial,cycles_lookup_length
21.568,use_adaptive_ngroute,0.5081536796009025,0,false,0.5740000000000001,false,false,1.0,false,2.400797e6,1.1808231704751921e6,false,28
23.81,use_adaptive_ngroute,0.15699899511298554,0,false,1.2428235294117644,false,false,6.642857142857143,false,1.630034e6,1.3741202999999998e6,false,10
28.294,use_adaptive_ngroute,0.11803918427321225,0,false,2.476363636363637,false,false,7.642857142857142,false,1.58256e6,1.3957559085365853e6,false,12
22.165,use_adaptive_ngroute,0.08164319959968802,0,false,3.0667142857142857,false,false,9.142857142857142,false,1.548127e6,1.4217329583333337e6,false,6
17.504,use_adaptive_ngroute,0.08139841814585558,0,false,3.4133999999999993,false,false,9.535714285714285,false,1.548127e6,1.422111911111111e6,false,3
13.776,none,0.08139721238775788,0,false,3.40925,false,false,10.178571428571429,false,1.548127e6,1.4221137777777775e6,false,0
