CG_time_taken,method,CG_LP_IP_gap,implemented_SR3_cuts_count,errored,CG_sp_time_taken_mean,converged,CGIP_artificial,ngroute_neighborhood_size,time_limit_reached,CGIP_objective,CGLP_objective,CGLP_artificial,cycles_lookup_length
22.756,use_adaptive_ngroute,0.5081536796009025,0,false,0.6545555555555556,false,false,1.0,false,2.400797e6,1.1808231704751921e6,false,28
32.701,use_adaptive_ngroute,0.09487456139137485,0,false,2.0329333333333333,false,false,6.642857142857143,false,1.518153e6,1.3741189000000001e6,false,11
38.409,use_adaptive_ngroute,0.08062236906518261,0,false,3.1239999999999997,false,false,7.678571428571428,false,1.518153e6,1.3957559085365857e6,false,12
31.839,use_adaptive_ngroute,0.06351141266174543,0,false,4.4637142857142855,false,false,9.107142857142858,false,1.518153e6,1.4217329583333333e6,false,7
23.851,use_adaptive_ngroute,0.0198300544488349,0,false,4.727800000000001,false,false,9.607142857142858,false,1.450883e6,1.422111911111111e6,false,3
24.089,none,0.019828767875991526,0,false,4.7936000000000005,false,false,10.25,false,1.450883e6,1.4221137777777778e6,false,0
