CG_time_taken,method,CG_LP_IP_gap,implemented_SR3_cuts_count,errored,CG_sp_time_taken_mean,converged,CGIP_artificial,ngroute_neighborhood_size,time_limit_reached,CGIP_objective,CGLP_objective,CGLP_artificial,cycles_lookup_length
36.414,use_adaptive_ngroute,0.03610563156220181,0,false,1.3561666666666667,false,false,8.357142857142856,false,1.210055e6,1.1663652e6,false,3
9.811,use_adaptive_ngroute,0.035231731890974616,0,false,1.17125,false,false,8.642857142857142,false,1.210055e6,1.1674226666666667e6,false,4
4.626,use_adaptive_ngroute,0.026622942758800283,0,false,1.5056666666666667,false,false,8.892857142857142,false,1.210055e6,1.177839775e6,false,1
3.699,none,0.026431334460873757,0,false,1.833,false,false,9.071428571428571,false,1.210055e6,1.1780716315789474e6,false,0
