CG_time_taken,method,CG_LP_IP_gap,implemented_SR3_cuts_count,errored,CG_sp_time_taken_mean,converged,CGIP_artificial,ngroute_neighborhood_size,time_limit_reached,CGIP_objective,CGLP_objective,CGLP_artificial,cycles_lookup_length
51.465,use_adaptive_ngroute,0.039328893885669625,0,false,1.91824,false,false,8.357142857142856,false,1.214115e6,1.1663652000000002e6,false,3
10.275,use_adaptive_ngroute,0.038457916534540226,0,false,2.017,false,false,8.642857142857142,false,1.214115e6,1.1674226666666667e6,false,4
17.939,use_adaptive_ngroute,0.0298779151892532,0,false,2.5337142857142854,false,false,8.892857142857142,false,1.214115e6,1.177839775e6,false,1
8.955,none,0.02968694762938673,0,false,2.962666666666667,false,false,9.071428571428571,false,1.214115e6,1.1780716315789472e6,false,0
