CG_time_taken,method,CG_LP_IP_gap,implemented_SR3_cuts_count,errored,CG_sp_time_taken_mean,converged,CGIP_artificial,ngroute_neighborhood_size,time_limit_reached,CGIP_objective,CGLP_objective,CGLP_artificial,cycles_lookup_length
55.16,use_adaptive_ngroute,0.0361452015114716,0,false,2.2124347826086956,false,false,8.357142857142856,false,1.285634e6,1.2391645000000007e6,false,3
13.781,use_adaptive_ngroute,0.0360127942534757,0,false,2.7066,false,false,8.785714285714286,false,1.285634e6,1.239334727272727e6,false,5
10.905,use_adaptive_ngroute,0.03487537569012644,0,false,2.69,false,false,9.285714285714285,false,1.285634e6,1.24079703125e6,false,2
9.885,none,0.03479761736232867,0,false,3.2539999999999996,false,false,9.428571428571429,false,1.285634e6,1.240897e6,false,0
