CG_time_taken,method,CG_LP_IP_gap,implemented_SR3_cuts_count,errored,CG_sp_time_taken_mean,converged,CGIP_artificial,ngroute_neighborhood_size,time_limit_reached,CGIP_objective,CGLP_objective,CGLP_artificial,cycles_lookup_length
70.195,use_adaptive_ngroute,0.18877306427074425,0,false,2.826826086956522,false,false,8.357142857142856,false,1.381709e6,1.1208795581395342e6,false,9
26.893,use_adaptive_ngroute,0.15364636341108517,0,false,2.8514444444444447,false,false,9.642857142857142,false,1.345554e6,1.1388145211267606e6,false,5
37.908,use_adaptive_ngroute,0.1273121784891058,0,false,5.360428571428571,false,false,10.5,false,1.307005e6,1.1406073461538462e6,false,4
29.49,none,0.1271860949797171,0,false,7.327,false,false,11.178571428571427,false,1.307005e6,1.140772137931035e6,false,0
