CG_time_taken,method,CG_LP_IP_gap,implemented_SR3_cuts_count,errored,CG_sp_time_taken_mean,converged,CGIP_artificial,ngroute_neighborhood_size,time_limit_reached,CGIP_objective,CGLP_objective,CGLP_artificial,cycles_lookup_length
101.758,use_adaptive_ngroute,0.13859045403385206,0,false,4.205130434782609,false,false,8.357142857142856,false,1.299837e6,1.1196919999999998e6,false,11
40.906,use_adaptive_ngroute,0.12395592678158873,0,false,3.9709999999999996,false,false,9.607142857142858,false,1.299837e6,1.1387145e6,false,3
19.441,use_adaptive_ngroute,0.1236497695130585,0,false,6.42,false,false,9.892857142857142,false,1.299837e6,1.1391124545454546e6,false,4
29.368,use_adaptive_ngroute,0.1224997086912849,0,false,5.8262,false,false,10.678571428571429,false,1.299837e6,1.1406073461538462e6,false,2
11.294,none,0.12237292988964432,0,false,5.600499999999999,false,false,10.75,false,1.299837e6,1.1407721379310344e6,false,0
