CG_time_taken,method,CG_LP_IP_gap,implemented_SR3_cuts_count,errored,CG_sp_time_taken_mean,converged,CGIP_artificial,ngroute_neighborhood_size,time_limit_reached,CGIP_objective,CGLP_objective,CGLP_artificial,cycles_lookup_length
159.131,use_adaptive_ngroute,0.9999849797908265,0,false,4.678375,false,true,1.0,false,6.0e10,901212.5504093566,false,22
39.716,use_adaptive_ngroute,0.26091441074699784,0,false,2.164066666666667,false,false,2.964285714285714,false,1.37564e6,1.0167157e6,false,10
18.222,use_adaptive_ngroute,0.09999139118457301,0,false,1.4883636363636366,false,false,4.678571428571429,false,1.138368e6,1.024541e6,false,3
18.944,none,0.09060573265118721,0,false,1.8179999999999998,false,false,4.821428571428571,false,1.138368e6,1.0352253333333333e6,false,0
