CG_time_taken,method,CG_LP_IP_gap,implemented_SR3_cuts_count,errored,CG_sp_time_taken_mean,converged,CGIP_artificial,ngroute_neighborhood_size,time_limit_reached,CGIP_objective,CGLP_objective,CGLP_artificial,cycles_lookup_length
153.635,use_adaptive_ngroute,0.9999849797908265,0,false,4.44525,false,true,1.0,false,6.0e10,901212.5504093566,false,22
35.881,use_adaptive_ngroute,0.10686553030303025,0,false,1.624823529411765,false,false,2.964285714285714,false,1.138368e6,1.0167157000000001e6,false,10
10.858,use_adaptive_ngroute,0.09999139118457301,0,false,0.8914,false,false,4.678571428571429,false,1.138368e6,1.024541e6,false,3
9.15,none,0.04571519523705059,0,false,1.227142857142857,false,false,4.821428571428571,false,1.084818e6,1.0352253333333333e6,false,0
