CG_time_taken,method,CG_LP_IP_gap,implemented_SR3_cuts_count,errored,CG_sp_time_taken_mean,converged,CGIP_artificial,ngroute_neighborhood_size,time_limit_reached,CGIP_objective,CGLP_objective,CGLP_artificial,cycles_lookup_length
33.999,use_adaptive_ngroute,0.01983489171611874,0,false,1.5402,false,false,8.357142857142856,false,1.278676e6,1.2533136e6,false,2
20.642,use_adaptive_ngroute,0.015712932752315667,0,false,2.263777777777778,false,false,8.821428571428571,false,1.278676e6,1.25858425e6,false,3
14.308,use_adaptive_ngroute,0.014396626832850035,0,false,2.831,false,false,9.321428571428571,false,1.278676e6,1.2602673787878787e6,false,5
11.91,none,0.01395975211859768,0,false,2.9325,false,false,9.5,false,1.278676e6,1.260826e6,false,0
