CG_time_taken,method,CG_LP_IP_gap,implemented_SR3_cuts_count,errored,CG_sp_time_taken_mean,converged,CGIP_artificial,ngroute_neighborhood_size,time_limit_reached,CGIP_objective,CGLP_objective,CGLP_artificial,cycles_lookup_length
52.371,use_adaptive_ngroute,0.10760799597686699,0,false,2.2026363636363633,false,false,8.357142857142856,false,1.39195e6,1.24216505e6,false,4
12.376,use_adaptive_ngroute,0.08238573704202934,0,false,2.021166666666667,false,false,8.821428571428571,false,1.371048e6,1.2580931999999997e6,false,6
14.688,use_adaptive_ngroute,0.052813904586673566,0,false,2.4191666666666665,false,false,9.5,false,1.331575e6,1.2612493250000002e6,false,5
10.851,none,0.052379492121902405,0,false,2.688,false,false,9.821428571428571,false,1.331575e6,1.2618277777777778e6,false,0
