CG_time_taken,method,CG_LP_IP_gap,implemented_SR3_cuts_count,errored,CG_sp_time_taken_mean,converged,CGIP_artificial,ngroute_neighborhood_size,time_limit_reached,CGIP_objective,CGLP_objective,CGLP_artificial,cycles_lookup_length
43.789,use_adaptive_ngroute,0.1089485248630625,0,false,2.2661111111111114,false,false,8.357142857142856,false,1.425746e6,1.270413076470588e6,false,17
21.667,use_adaptive_ngroute,0.08466626899986784,0,false,3.562666666666667,false,false,11.0,false,1.396479e6,1.2782443333333335e6,false,1
12.039,use_adaptive_ngroute,0.0843839849814878,0,false,3.976,false,false,11.035714285714285,false,1.396479e6,1.2786385370370368e6,false,5
8.893,use_adaptive_ngroute,0.0843049157520055,0,false,4.423,false,false,11.5,false,1.396479e6,1.2787489555555552e6,false,2
12.91,use_adaptive_ngroute,0.08421299939718763,0,false,4.277333333333334,false,false,11.571428571428571,false,1.396479e6,1.2788773148148148e6,false,4
9.862,none,0.08413967795672772,0,false,4.913499999999999,false,false,11.714285714285714,false,1.396479e6,1.2789797066666668e6,false,0
