CG_time_taken,method,CG_LP_IP_gap,implemented_SR3_cuts_count,errored,CG_sp_time_taken_mean,converged,CGIP_artificial,ngroute_neighborhood_size,time_limit_reached,CGIP_objective,CGLP_objective,CGLP_artificial,cycles_lookup_length
46.206,use_adaptive_ngroute,0.05217152386863955,0,false,2.355277777777778,false,false,8.357142857142856,false,1.310771e6,1.2423860794871794e6,false,13
30.323,use_adaptive_ngroute,0.038911756485903615,0,false,4.219142857142857,false,false,10.214285714285715,false,1.310771e6,1.2597665980392157e6,false,8
12.462,use_adaptive_ngroute,0.03806895652293674,0,false,4.106333333333334,false,false,10.821428571428571,false,1.310771e6,1.2608713157894737e6,false,1
18.718,use_adaptive_ngroute,0.03780261267685381,0,false,4.640749999999999,false,false,11.071428571428571,false,1.310771e6,1.2612204315789477e6,false,2
12.621,none,0.0377675302042334,0,false,6.289499999999999,false,false,11.464285714285715,false,1.310771e6,1.2612664166666667e6,false,0
