CG_time_taken,method,CG_LP_IP_gap,implemented_SR3_cuts_count,errored,CG_sp_time_taken_mean,converged,CGIP_artificial,ngroute_neighborhood_size,time_limit_reached,CGIP_objective,CGLP_objective,CGLP_artificial,cycles_lookup_length
105.15,use_adaptive_ngroute,0.1245589086037131,0,false,4.768952380952381,false,false,8.357142857142856,false,1.409744e6,1.2341478259493671e6,false,12
43.817,use_adaptive_ngroute,0.12089992540804895,0,false,8.6862,false,false,10.821428571428571,false,1.409744e6,1.2393060555555555e6,false,4
31.197,use_adaptive_ngroute,0.11901300283361127,0,false,10.340333333333334,false,false,11.035714285714285,false,1.409744e6,1.2419661333333335e6,false,1
6.928,none,0.11901300283361138,0,false,6.894,false,false,11.107142857142856,false,1.409744e6,1.2419661333333333e6,false,0
