CG_time_taken,method,CG_LP_IP_gap,implemented_SR3_cuts_count,errored,CG_sp_time_taken_mean,converged,CGIP_artificial,ngroute_neighborhood_size,time_limit_reached,CGIP_objective,CGLP_objective,CGLP_artificial,cycles_lookup_length
14.081,use_adaptive_ngroute,0.9999831058143683,0,false,0.3907777777777778,false,true,1.0,false,6.0e10,1.0136511379032258e6,false,28
33.727,use_adaptive_ngroute,0.05358441792659829,0,false,1.698294117647059,false,false,6.571428571428572,false,1.164415e6,1.1020205e6,false,8
21.86,use_adaptive_ngroute,0.03705551714809585,0,false,1.799,false,false,7.25,false,1.164415e6,1.121267e6,false,5
14.961,use_adaptive_ngroute,0.034442473974771404,0,false,1.5364444444444443,false,false,7.928571428571429,false,1.164415e6,1.1243096666666665e6,false,5
16.045,none,0.03130842526075328,0,false,2.566,false,false,8.107142857142858,false,1.164415e6,1.127959e6,false,0
