CG_time_taken,method,CG_LP_IP_gap,implemented_SR3_cuts_count,errored,CG_sp_time_taken_mean,converged,CGIP_artificial,ngroute_neighborhood_size,time_limit_reached,CGIP_objective,CGLP_objective,CGLP_artificial,cycles_lookup_length
101.107,use_adaptive_ngroute,0.0501933137400864,0,false,3.3732142857142864,false,false,8.357142857142856,false,1.278872e6,1.2146811764705882e6,false,9
18.214,use_adaptive_ngroute,0.04633086337212722,0,false,4.4872499999999995,false,false,10.25,false,1.278872e6,1.219620756097561e6,false,4
15.924,use_adaptive_ngroute,0.04612587663602219,0,false,5.254333333333334,false,false,10.5,false,1.278872e6,1.219882907894737e6,false,3
8.216,none,0.04606749000441246,0,false,4.071999999999999,false,false,10.714285714285715,false,1.278872e6,1.219957576923077e6,false,0
