CG_time_taken,method,CG_LP_IP_gap,implemented_SR3_cuts_count,errored,CG_sp_time_taken_mean,converged,CGIP_artificial,ngroute_neighborhood_size,time_limit_reached,CGIP_objective,CGLP_objective,CGLP_artificial,cycles_lookup_length
42.538,use_adaptive_ngroute,0.039472225797685945,0,false,1.4171153846153852,false,false,8.357142857142856,false,1.305192e6,1.2536731666666667e6,false,6
11.533,use_adaptive_ngroute,0.03853813589622557,0,false,1.5211428571428571,false,false,9.214285714285714,false,1.305192e6,1.2548923333333335e6,false,6
7.611,use_adaptive_ngroute,0.03818774044993645,0,false,1.84775,false,false,9.678571428571429,false,1.305192e6,1.2553496666666665e6,false,6
5.55,none,0.03794588586711134,0,false,1.8013333333333335,false,false,10.642857142857142,false,1.305192e6,1.2556653333333333e6,false,0
