CG_time_taken,method,CG_LP_IP_gap,implemented_SR3_cuts_count,errored,CG_sp_time_taken_mean,converged,CGIP_artificial,ngroute_neighborhood_size,time_limit_reached,CGIP_objective,CGLP_objective,CGLP_artificial,cycles_lookup_length
44.364,use_adaptive_ngroute,0.039472225797685945,0,false,2.062578947368421,false,false,8.357142857142856,false,1.305192e6,1.2536731666666667e6,false,6
14.997,use_adaptive_ngroute,0.03853813589622557,0,false,2.017714285714286,false,false,9.214285714285714,false,1.305192e6,1.2548923333333335e6,false,6
13.848,use_adaptive_ngroute,0.038187740449936336,0,false,2.7102000000000004,false,false,9.678571428571429,false,1.305192e6,1.2553496666666667e6,false,6
14.583,none,0.03794588586711112,0,false,2.8614,false,false,10.642857142857142,false,1.305192e6,1.2556653333333335e6,false,0
