CG_time_taken,method,CG_LP_IP_gap,implemented_SR3_cuts_count,errored,CG_sp_time_taken_mean,converged,CGIP_artificial,ngroute_neighborhood_size,time_limit_reached,CGIP_objective,CGLP_objective,CGLP_artificial,cycles_lookup_length
86.763,use_adaptive_ngroute,0.04510923482849616,0,false,3.455458333333333,false,false,8.357142857142856,false,1.3265e6,1.2666625999999999e6,false,6
41.338,use_adaptive_ngroute,0.04235356200527707,0,false,5.0478749999999994,false,false,9.714285714285715,false,1.3265e6,1.270318e6,false,6
15.347,use_adaptive_ngroute,0.04190765171503963,0,false,5.043,false,false,10.107142857142858,false,1.3265e6,1.2709095e6,false,1
27.584,use_adaptive_ngroute,0.040854629978640644,0,false,6.8572500000000005,false,false,10.285714285714286,false,1.3265e6,1.2723063333333333e6,false,4
23.935,none,0.039557207963540675,0,false,5.94325,false,false,10.535714285714285,false,1.3265e6,1.2740273636363633e6,false,0
