CG_time_taken,method,CG_LP_IP_gap,implemented_SR3_cuts_count,errored,CG_sp_time_taken_mean,converged,CGIP_artificial,ngroute_neighborhood_size,time_limit_reached,CGIP_objective,CGLP_objective,CGLP_artificial,cycles_lookup_length
96.222,use_adaptive_ngroute,0.08576907185914207,0,false,4.120772727272727,false,false,8.357142857142856,false,1.321502e6,1.208158e6,false,13
73.575,use_adaptive_ngroute,0.08174853851364372,0,false,7.275,false,false,9.321428571428571,false,1.321502e6,1.2134711428571427e6,false,5
43.193,use_adaptive_ngroute,0.0769359410731123,0,false,8.5608,false,false,9.678571428571429,false,1.321502e6,1.219831e6,false,4
22.106,none,0.07678168769033566,0,false,7.302333333333333,false,false,9.892857142857142,false,1.321502e6,1.220034846153846e6,false,0
