CG_time_taken,method,CG_LP_IP_gap,implemented_SR3_cuts_count,errored,CG_sp_time_taken_mean,converged,CGIP_artificial,ngroute_neighborhood_size,time_limit_reached,CGIP_objective,CGLP_objective,CGLP_artificial,cycles_lookup_length
292.643,use_adaptive_ngroute,0.0338304980330556,0,false,10.593555555555556,false,false,8.357142857142856,false,1.271697e6,1.2286748571428573e6,false,13
196.192,use_adaptive_ngroute,0.026735142097528142,0,false,21.698222222222224,false,false,10.642857142857142,false,1.271697e6,1.2376979999999998e6,false,1
87.45,use_adaptive_ngroute,0.02662975448299132,0,false,29.071666666666665,false,false,10.857142857142858,false,1.271697e6,1.2378320211132434e6,false,6
153.689,none,0.025972624839807668,0,false,38.350500000000004,false,false,11.214285714285714,false,1.271697e6,1.2386676909090912e6,false,0
