CG_time_taken,method,CG_LP_IP_gap,implemented_SR3_cuts_count,errored,CG_sp_time_taken_mean,converged,CGIP_artificial,ngroute_neighborhood_size,time_limit_reached,CGIP_objective,CGLP_objective,CGLP_artificial,cycles_lookup_length
12.726,use_adaptive_ngroute,0.9999833976473751,0,false,0.45345,false,true,1.0,false,6.0e10,996141.1574943438,false,23
19.7,use_adaptive_ngroute,0.05416198860048327,0,false,1.1234375,false,false,3.9642857142857144,false,1.301132e6,1.230660103448276e6,false,23
12.204,use_adaptive_ngroute,0.015712932752315667,0,false,1.2754444444444446,false,false,5.821428571428571,false,1.278676e6,1.25858425e6,false,3
10.314,use_adaptive_ngroute,0.01470777585565064,0,false,1.6765,false,false,6.464285714285714,false,1.278676e6,1.25986952e6,false,11
16.615,none,0.01395975211859768,0,false,1.8265555555555555,false,false,7.035714285714286,false,1.278676e6,1.260826e6,false,0
