CG_time_taken,method,CG_LP_IP_gap,implemented_SR3_cuts_count,errored,CG_sp_time_taken_mean,converged,CGIP_artificial,ngroute_neighborhood_size,time_limit_reached,CGIP_objective,CGLP_objective,CGLP_artificial,cycles_lookup_length
93.825,use_adaptive_ngroute,0.07618886504678879,0,false,3.5094400000000006,false,false,8.0625,false,1.420216e6,1.3120113548387098e6,false,16
53.968,use_adaptive_ngroute,0.011922057319389778,0,false,6.60575,false,false,10.0625,false,1.341396e6,1.3254037999999998e6,false,6
57.834,use_adaptive_ngroute,0.006860949339345002,0,false,9.481833333333334,false,false,10.6875,false,1.341396e6,1.33219275e6,false,1
24.205,none,0.0060916637095485004,0,false,6.015249999999999,false,false,10.75,false,1.341396e6,1.3332246666666665e6,false,0
