CG_time_taken,method,CG_LP_IP_gap,implemented_SR3_cuts_count,errored,CG_sp_time_taken_mean,converged,CGIP_artificial,ngroute_neighborhood_size,time_limit_reached,CGIP_objective,CGLP_objective,CGLP_artificial,cycles_lookup_length
123.885,use_adaptive_ngroute,0.021837807484128557,0,false,3.8453666666666666,false,false,8.0625,false,1.346289e6,1.316889e6,false,2
58.148,use_adaptive_ngroute,0.019655794558226303,0,false,5.158636363636363,false,false,8.1875,false,1.346289e6,1.31982662e6,false,5
19.202,use_adaptive_ngroute,0.01944630759071797,0,false,4.71025,false,false,8.90625,false,1.346289e6,1.32010865e6,false,3
14.697,none,0.01936193841432421,0,false,4.844,false,false,9.15625,false,1.346289e6,1.3202222352941178e6,false,0
