CG_time_taken,method,CG_LP_IP_gap,implemented_SR3_cuts_count,errored,CG_sp_time_taken_mean,converged,CGIP_artificial,ngroute_neighborhood_size,time_limit_reached,CGIP_objective,CGLP_objective,CGLP_artificial,cycles_lookup_length
13.614,use_adaptive_ngroute,0.4800209171323706,0,false,0.3264285714285714,false,false,1.0,false,2.160018e6,1.123164178617571e6,false,25
10.648,use_adaptive_ngroute,0.1340911320945707,0,false,0.617,false,false,4.071428571428571,false,1.388387e6,1.2022166153846153e6,false,4
6.226,use_adaptive_ngroute,0.12900761819291018,0,false,0.6276666666666665,false,false,4.214285714285714,false,1.388387e6,1.2092745e6,false,1
5.043,none,0.12900761819291018,0,false,0.57425,false,false,4.25,false,1.388387e6,1.2092745e6,false,0
