CG_time_taken,method,CG_LP_IP_gap,implemented_SR3_cuts_count,errored,CG_sp_time_taken_mean,converged,CGIP_artificial,ngroute_neighborhood_size,time_limit_reached,CGIP_objective,CGLP_objective,CGLP_artificial,cycles_lookup_length
12.783,use_adaptive_ngroute,0.4800209171323706,0,false,0.2978571428571428,false,false,1.0,false,2.160018e6,1.123164178617571e6,false,25
10.994,use_adaptive_ngroute,0.14837638708555279,0,false,0.54125,false,false,4.071428571428571,false,1.411676e6,1.2022166153846153e6,false,4
5.34,use_adaptive_ngroute,0.08994721537391748,0,false,0.46840000000000004,false,false,4.214285714285714,false,1.328796e6,1.2092745e6,false,1
4.112,none,0.08994721537391748,0,false,0.33872727272727277,false,false,4.25,false,1.328796e6,1.2092745e6,false,0
