CG_time_taken,method,CG_LP_IP_gap,implemented_SR3_cuts_count,errored,CG_sp_time_taken_mean,converged,CGIP_artificial,ngroute_neighborhood_size,time_limit_reached,CGIP_objective,CGLP_objective,CGLP_artificial,cycles_lookup_length
85.896,use_adaptive_ngroute,0.10538565614097828,0,false,3.0940799999999995,false,false,8.0625,false,1.56506e6,1.4001251250000005e6,false,19
103.502,use_adaptive_ngroute,0.0453377009720074,0,false,10.185500000000001,false,false,11.6875,false,1.489628e6,1.4220916911764706e6,false,10
87.941,use_adaptive_ngroute,0.04027063580079493,0,false,12.481999999999998,false,false,12.750000000000002,false,1.489628e6,1.4296397333333334e6,false,4
22.484,use_adaptive_ngroute,0.03918421937881633,0,false,7.4430000000000005,false,false,13.15625,false,1.489628e6,1.4312580896551725e6,false,2
49.357,none,0.03886220123921513,0,false,12.27225,false,false,13.34375,false,1.489628e6,1.4317377768924304e6,false,0
