CG_time_taken,method,CG_LP_IP_gap,implemented_SR3_cuts_count,errored,CG_sp_time_taken_mean,converged,CGIP_artificial,ngroute_neighborhood_size,time_limit_reached,CGIP_objective,CGLP_objective,CGLP_artificial,cycles_lookup_length
100.989,use_adaptive_ngroute,0.0763517538512688,0,false,3.991166666666667,false,false,8.0625,false,1.515864e6,1.4001251250000002e6,false,19
141.719,use_adaptive_ngroute,0.0636698101539166,0,false,15.580444444444446,false,false,11.6875,false,1.515654e6,1.4191525975609757e6,false,6
112.927,use_adaptive_ngroute,0.03900675953645327,0,false,13.992374999999997,false,false,12.0625,false,1.488697e6,1.4306277540983607e6,false,5
81.709,none,0.03826112574121521,0,false,20.37775,false,false,12.4375,false,1.488697e6,1.4317377768924301e6,false,0
