CG_time_taken,method,CG_LP_IP_gap,implemented_SR3_cuts_count,errored,CG_sp_time_taken_mean,converged,CGIP_artificial,ngroute_neighborhood_size,time_limit_reached,CGIP_objective,CGLP_objective,CGLP_artificial,cycles_lookup_length
324.142,use_adaptive_ngroute,0.06749416220552285,0,false,9.94916129032258,false,false,8.0625,false,1.388373e6,1.2946659275362317e6,false,9
142.211,use_adaptive_ngroute,0.06359220735616711,0,false,17.27475,false,false,8.625,false,1.388373e6,1.3000832962962962e6,false,10
93.262,use_adaptive_ngroute,0.060958956440934076,0,false,15.265333333333336,false,false,10.125,false,1.388373e6,1.303739230769231e6,false,1
52.157,none,0.06092366333165089,0,false,17.28333333333333,false,false,10.25,false,1.388373e6,1.303788230769246e6,false,0
