CG_time_taken,method,CG_LP_IP_gap,implemented_SR3_cuts_count,errored,CG_sp_time_taken_mean,converged,CGIP_artificial,ngroute_neighborhood_size,time_limit_reached,CGIP_objective,CGLP_objective,CGLP_artificial,cycles_lookup_length
136.747,use_adaptive_ngroute,0.23010975940571332,0,false,6.1259523809523815,false,false,8.0625,false,1.677305e6,1.29134075e6,false,9
87.089,use_adaptive_ngroute,0.2016991267387961,0,false,8.553399999999998,false,false,9.1875,false,1.634052e6,1.3044651385542168e6,false,15
68.033,use_adaptive_ngroute,0.19770284420524864,0,false,8.400625,false,false,10.75,false,1.634052e6,1.310995272020725e6,false,5
53.532,use_adaptive_ngroute,0.19730066157650228,0,false,13.334750000000001,false,false,11.125,false,1.634052e6,1.3116524593495934e6,false,2
73.478,use_adaptive_ngroute,0.1965081319469002,0,false,14.6018,false,false,11.312500000000002,false,1.634052e6,1.3129474939759038e6,false,1
46.029,none,0.1965081319469003,0,false,15.300666666666666,false,false,11.625,false,1.634052e6,1.3129474939759036e6,false,0
