CG_time_taken,method,CG_LP_IP_gap,implemented_SR3_cuts_count,errored,CG_sp_time_taken_mean,converged,CGIP_artificial,ngroute_neighborhood_size,time_limit_reached,CGIP_objective,CGLP_objective,CGLP_artificial,cycles_lookup_length
59.273,use_adaptive_ngroute,0.0862360401088631,0,false,2.5922,false,false,8.0625,false,1.392265e6,1.2722015796178337e6,false,14
29.065,use_adaptive_ngroute,0.03896341646548529,0,false,4.037142857142857,false,false,10.15625,false,1.329867e6,1.2780508382352944e6,false,7
35.209,use_adaptive_ngroute,0.036387788426157974,0,false,6.9612,false,false,10.875,false,1.328145e6,1.2798167407407404e6,false,9
28.726,none,0.03593410985497325,0,false,7.133000000000001,false,false,11.6875,false,1.328145e6,1.2804192916666665e6,false,0
