CG_time_taken,method,CG_LP_IP_gap,implemented_SR3_cuts_count,errored,CG_sp_time_taken_mean,converged,CGIP_artificial,ngroute_neighborhood_size,time_limit_reached,CGIP_objective,CGLP_objective,CGLP_artificial,cycles_lookup_length
116.037,use_adaptive_ngroute,0.13955379592006045,0,false,5.0180454545454545,false,false,8.0625,false,1.569162e6,1.3501794864864862e6,false,14
90.719,use_adaptive_ngroute,0.1320072738648661,0,false,9.899444444444445,false,false,10.15625,false,1.569162e6,1.362021202127659e6,false,11
61.704,use_adaptive_ngroute,0.13164446836923427,0,false,15.370499999999998,false,false,11.78125,false,1.569162e6,1.3625905027247956e6,false,4
51.786,none,0.13163998856837955,0,false,17.214666666666666,false,false,12.09375,false,1.569162e6,1.3625975322580645e6,false,0
