CG_time_taken,method,CG_LP_IP_gap,implemented_SR3_cuts_count,errored,CG_sp_time_taken_mean,converged,CGIP_artificial,ngroute_neighborhood_size,time_limit_reached,CGIP_objective,CGLP_objective,CGLP_artificial,cycles_lookup_length
113.835,use_adaptive_ngroute,0.15047200014189233,0,false,4.614347826086957,false,false,8.0625,false,1.589329e6,1.3501794864864864e6,false,13
70.507,use_adaptive_ngroute,0.14108161559258914,0,false,7.722555555555555,false,false,10.125,false,1.585864e6,1.3621277447698743e6,false,5
24.898,use_adaptive_ngroute,0.14078922711202535,0,false,8.186666666666667,false,false,10.875,false,1.585864e6,1.362591433135215e6,false,7
44.253,none,0.1407853811814478,0,false,8.766799999999998,false,false,12.0,false,1.585864e6,1.3625975322580645e6,false,0
