CG_time_taken,method,CG_LP_IP_gap,implemented_SR3_cuts_count,errored,CG_sp_time_taken_mean,converged,CGIP_artificial,ngroute_neighborhood_size,time_limit_reached,CGIP_objective,CGLP_objective,CGLP_artificial,cycles_lookup_length
136.043,use_adaptive_ngroute,0.20803856010894806,0,false,4.451535714285714,false,false,8.0625,false,1.474627e6,1.1678477222222222e6,false,12
157.87,use_adaptive_ngroute,0.18896848580299808,0,false,12.9365,false,false,10.75,false,1.453382e6,1.178738604166667e6,false,3
57.279,use_adaptive_ngroute,0.1885585941388198,0,false,11.372,false,false,10.875,false,1.453382e6,1.1793343333333337e6,false,4
107.794,use_adaptive_ngroute,0.18798212261699487,0,false,15.312,false,false,11.125,false,1.453382e6,1.1801721666666667e6,false,1
51.724,use_adaptive_ngroute,0.18746523658116943,0,false,12.859,false,false,11.15625,false,1.453382e6,1.1809233995271868e6,false,1
38.298,none,0.18746209711858863,0,false,12.721,false,false,11.1875,false,1.453382e6,1.1809279623655914e6,false,0
