CG_time_taken,method,CG_LP_IP_gap,implemented_SR3_cuts_count,errored,CG_sp_time_taken_mean,converged,CGIP_artificial,ngroute_neighborhood_size,time_limit_reached,CGIP_objective,CGLP_objective,CGLP_artificial,cycles_lookup_length
161.118,use_adaptive_ngroute,0.1091438723873448,0,false,6.3920416666666675,false,false,8.0625,false,1.453837e6,1.2951595999999999e6,false,5
50.994,use_adaptive_ngroute,0.10763778883052233,0,false,8.286833333333334,false,false,9.59375,false,1.453837e6,1.2973492e6,false,5
102.082,use_adaptive_ngroute,0.1075106769190769,0,false,14.46857142857143,false,false,10.0,false,1.453837e6,1.297534e6,false,1
102.266,none,0.09812128787218166,0,false,12.722874999999998,false,false,10.03125,false,1.444926e6,1.303148e6,false,0
