CG_time_taken,method,CG_LP_IP_gap,implemented_SR3_cuts_count,errored,CG_sp_time_taken_mean,converged,CGIP_artificial,ngroute_neighborhood_size,time_limit_reached,CGIP_objective,CGLP_objective,CGLP_artificial,cycles_lookup_length
56.257,use_adaptive_ngroute,0.10330489708842572,0,false,1.9221199999999996,false,false,8.0625,false,1.475789e6,1.3233327692307692e6,false,8
20.029,use_adaptive_ngroute,0.10110481579683817,0,false,2.763571428571429,false,false,9.53125,false,1.475789e6,1.326579625e6,false,1
22.883,use_adaptive_ngroute,0.10052602370664077,0,false,4.449800000000001,false,false,9.5625,false,1.475789e6,1.3274338000000003e6,false,1
6.671,use_adaptive_ngroute,0.10041254524171794,0,false,3.2775,false,false,9.625,false,1.475789e6,1.3276012702702703e6,false,4
14.154,none,0.10032286771034649,0,false,4.687,false,false,10.3125,false,1.475789e6,1.3277336153846155e6,false,0
