CG_time_taken,method,CG_LP_IP_gap,implemented_SR3_cuts_count,errored,CG_sp_time_taken_mean,converged,CGIP_artificial,ngroute_neighborhood_size,time_limit_reached,CGIP_objective,CGLP_objective,CGLP_artificial,cycles_lookup_length
67.135,use_adaptive_ngroute,0.1025983050420417,0,false,2.4581666666666666,false,false,8.0625,false,1.474627e6,1.3233327692307692e6,false,6
23.328,use_adaptive_ngroute,0.08002178743347665,0,false,5.7204999999999995,false,false,9.09375,false,1.441391e6,1.3260483157894737e6,false,5
25.858,use_adaptive_ngroute,0.07906057412596579,0,false,8.554666666666666,false,false,9.65625,false,1.441391e6,1.3274338e6,false,1
34.767,use_adaptive_ngroute,0.07894438756016198,0,false,11.537333333333333,false,false,9.71875,false,1.441391e6,1.3276012702702705e6,false,4
25.408,none,0.07885256992404199,0,false,8.434999999999999,false,false,10.40625,false,1.441391e6,1.3277336153846153e6,false,0
