CG_time_taken,method,CG_LP_IP_gap,implemented_SR3_cuts_count,errored,CG_sp_time_taken_mean,converged,CGIP_artificial,ngroute_neighborhood_size,time_limit_reached,CGIP_objective,CGLP_objective,CGLP_artificial,cycles_lookup_length
22.378,use_adaptive_ngroute,0.9999821629329086,0,false,0.5979130434782609,false,true,1.0,false,6.0e10,1.0702240254816022e6,false,28
78.305,use_adaptive_ngroute,0.15472305764411032,0,false,4.466999999999999,false,false,5.178571428571429,false,1.3965e6,1.18042925e6,false,20
100.268,use_adaptive_ngroute,0.1386639325586696,0,false,8.250666666666667,false,false,7.7857142857142865,false,1.3965e6,1.202855818181818e6,false,20
76.778,use_adaptive_ngroute,0.088805480228063,0,false,15.3014,false,false,9.642857142857142,false,1.334543e6,1.2160282680000002e6,false,7
68.874,none,0.08832058268981624,0,false,13.741000000000001,false,false,9.928571428571427,false,1.334543e6,1.2166753846153845e6,false,0
