CG_time_taken,method,CG_LP_IP_gap,implemented_SR3_cuts_count,errored,CG_sp_time_taken_mean,converged,CGIP_artificial,ngroute_neighborhood_size,time_limit_reached,CGIP_objective,CGLP_objective,CGLP_artificial,cycles_lookup_length
163.623,use_adaptive_ngroute,0.11377419059783167,0,false,5.338862068965517,false,false,8.0625,false,1.486639e6,1.31749785106383e6,false,17
103.883,use_adaptive_ngroute,0.032578567013091475,0,false,8.574416666666666,false,false,10.8125,false,1.386196e6,1.3410357207207207e6,false,6
18.882,use_adaptive_ngroute,0.0323957455808388,0,false,6.256333333333332,false,false,11.15625,false,1.386196e6,1.3412891470588236e6,false,1
39.974,none,0.0323957455808388,0,false,7.9612,false,false,11.21875,false,1.386196e6,1.3412891470588236e6,false,0
