CG_time_taken,method,CG_LP_IP_gap,implemented_SR3_cuts_count,errored,CG_sp_time_taken_mean,converged,CGIP_artificial,ngroute_neighborhood_size,time_limit_reached,CGIP_objective,CGLP_objective,CGLP_artificial,cycles_lookup_length
129.488,use_adaptive_ngroute,0.08425803305737034,0,false,5.102083333333334,false,false,8.0625,false,1.477231e6,1.3527624215686277e6,false,11
47.134,use_adaptive_ngroute,0.005065595214125307,0,false,6.618857142857143,false,false,9.5625,false,1.368332e6,1.3614005839694655e6,false,5
44.415,use_adaptive_ngroute,0.0034423982995355207,0,false,11.02425,false,false,9.78125,false,1.368332e6,1.36362165625e6,false,1
13.298,none,0.0034032310871926486,0,false,6.5155,false,false,9.8125,false,1.368332e6,1.3636752499999995e6,false,0
