CG_time_taken,method,CG_LP_IP_gap,implemented_SR3_cuts_count,errored,CG_sp_time_taken_mean,converged,CGIP_artificial,ngroute_neighborhood_size,time_limit_reached,CGIP_objective,CGLP_objective,CGLP_artificial,cycles_lookup_length
101.401,use_adaptive_ngroute,0.12265498166191002,0,false,4.323045454545454,false,false,8.0625,false,1.400322e6,1.2285655307692308e6,false,17
262.818,use_adaptive_ngroute,0.09370219175137806,0,false,26.0703,false,false,12.125,false,1.362816e6,1.235117153846154e6,false,8
503.496,use_adaptive_ngroute,0.09273620491569179,0,false,100.5504,false,false,13.21875,false,1.362816e6,1.2364336161616165e6,false,4
379.971,none,0.0925958893749913,0,false,126.60100000000001,false,false,13.5,false,1.362816e6,1.2366248404255318e6,false,0
