CG_time_taken,method,CG_LP_IP_gap,implemented_SR3_cuts_count,errored,CG_sp_time_taken_mean,converged,CGIP_artificial,ngroute_neighborhood_size,time_limit_reached,CGIP_objective,CGLP_objective,CGLP_artificial,cycles_lookup_length
28.334,use_adaptive_ngroute,0.9999830820327287,0,false,0.8347391304347827,false,true,1.0,false,6.0e10,1.0150780362790318e6,false,25
714.154,use_adaptive_ngroute,0.17946079031615925,0,false,30.768999999999995,false,false,4.857142857142858,false,1.473598e6,1.2091449383116884e6,false,24
334.09,use_adaptive_ngroute,0.11923773074539368,0,false,33.27459999999999,false,false,8.035714285714285,false,1.431059e6,1.2604227722772276e6,false,12
168.897,use_adaptive_ngroute,0.0719288204810179,0,false,21.067625,false,false,9.25,false,1.36906e6,1.2705851290322577e6,false,1
97.182,none,0.07169324422682455,0,false,19.414,false,false,9.285714285714285,false,1.36906e6,1.2709076470588236e6,false,0
