CG_time_taken,method,CG_LP_IP_gap,implemented_SR3_cuts_count,errored,CG_sp_time_taken_mean,converged,CGIP_artificial,ngroute_neighborhood_size,time_limit_reached,CGIP_objective,CGLP_objective,CGLP_artificial,cycles_lookup_length
256.332,use_adaptive_ngroute,0.1745051912613268,0,false,9.390346153846153,false,false,8.0625,false,1.545726e6,1.2759887887323943e6,false,10
41.762,use_adaptive_ngroute,0.1722168094474701,0,false,6.894500000000001,false,false,8.90625,false,1.545726e6,1.2795259999999998e6,false,6
34.376,use_adaptive_ngroute,0.17184844880956618,0,false,8.434750000000001,false,false,9.09375,false,1.545726e6,1.2800953846153845e6,false,3
66.085,use_adaptive_ngroute,0.17182860189968985,0,false,10.937666666666665,false,false,9.3125,false,1.545726e6,1.2801260625e6,false,5
36.71,none,0.1716908268347691,0,false,18.302,false,false,10.125,false,1.545726e6,1.2803390249999997e6,false,0
