CG_time_taken,method,CG_LP_IP_gap,implemented_SR3_cuts_count,errored,CG_sp_time_taken_mean,converged,CGIP_artificial,ngroute_neighborhood_size,time_limit_reached,CGIP_objective,CGLP_objective,CGLP_artificial,cycles_lookup_length
94.457,use_adaptive_ngroute,0.13072607482282106,0,false,3.032851851851851,false,false,8.0625,false,1.459822e6,1.2689851999999997e6,false,11
45.133,use_adaptive_ngroute,0.11541216932749176,0,false,4.700666666666666,false,false,9.71875,false,1.450302e6,1.2829195e6,false,7
35.957,use_adaptive_ngroute,0.11210680258318606,0,false,5.841833333333333,false,false,10.28125,false,1.450302e6,1.28771328e6,false,1
30.38,use_adaptive_ngroute,0.11179967931331758,0,false,6.0148,false,false,10.3125,false,1.450302e6,1.2881587014925368e6,false,1
12.566,use_adaptive_ngroute,0.11178427289313142,0,false,6.2250000000000005,false,false,10.34375,false,1.450302e6,1.2881810454545456e6,false,2
29.06,use_adaptive_ngroute,0.11177321901019444,0,false,7.20675,false,false,10.40625,false,1.450302e6,1.288197076923077e6,false,7
39.166,none,0.09807173065147945,0,false,9.70875,false,false,11.406250000000002,false,1.428329e6,1.288250303030303e6,false,0
