CG_time_taken,method,CG_LP_IP_gap,implemented_SR3_cuts_count,errored,CG_sp_time_taken_mean,converged,CGIP_artificial,ngroute_neighborhood_size,time_limit_reached,CGIP_objective,CGLP_objective,CGLP_artificial,cycles_lookup_length
56.301,use_adaptive_ngroute,0.1372718392136082,0,false,2.42285,false,false,8.0625,false,1.631574e6,1.4076048362068965e6,false,15
21.805,use_adaptive_ngroute,0.1348025559941275,0,false,3.5570000000000004,false,false,9.40625,false,1.631574e6,1.4116336545064375e6,false,9
25.427,use_adaptive_ngroute,0.13388421242309556,0,false,5.0368,false,false,10.15625,false,1.631574e6,1.4131320000000002e6,false,1
22.564,use_adaptive_ngroute,0.1338492979679491,0,false,5.469,false,false,10.1875,false,1.631574e6,1.4131889655172415e6,false,4
6.848,none,0.1338057605723062,0,false,3.3745,false,false,10.375,false,1.631574e6,1.41326e6,false,0
