CG_time_taken,method,CG_LP_IP_gap,implemented_SR3_cuts_count,errored,CG_sp_time_taken_mean,converged,CGIP_artificial,ngroute_neighborhood_size,time_limit_reached,CGIP_objective,CGLP_objective,CGLP_artificial,cycles_lookup_length
39.952,use_adaptive_ngroute,0.10470316233376809,0,false,1.6309,false,false,8.0625,false,1.575735e6,1.4107505625e6,false,11
12.427,use_adaptive_ngroute,0.10320339397170186,0,false,2.4146,false,false,9.125,false,1.575735e6,1.4131138000000003e6,false,1
6.445,use_adaptive_ngroute,0.10319184380622393,0,false,1.55975,false,false,9.1875,false,1.575735e6,1.4131319999999998e6,false,1
6.058,none,0.10311061187318937,0,false,1.981,false,false,9.3125,false,1.575735e6,1.41326e6,false,0
