CG_time_taken,method,CG_LP_IP_gap,implemented_SR3_cuts_count,errored,CG_sp_time_taken_mean,converged,CGIP_artificial,ngroute_neighborhood_size,time_limit_reached,CGIP_objective,CGLP_objective,CGLP_artificial,cycles_lookup_length
159.27,use_adaptive_ngroute,0.23763636082918416,0,false,5.949800000000001,false,false,8.0625,false,1.714517e6,1.3070854195402297e6,false,10
94.329,use_adaptive_ngroute,0.10610376230865803,0,false,11.689125,false,false,9.125,false,1.468803e6,1.312957475609756e6,false,4
34.808,use_adaptive_ngroute,0.10572447502282911,0,false,11.567666666666664,false,false,10.15625,false,1.468803e6,1.3135145739130436e6,false,3
46.347,none,0.10572032300193224,0,false,11.547500000000001,false,false,10.625,false,1.468803e6,1.313520672413793e6,false,0
