CG_time_taken,method,CG_LP_IP_gap,implemented_SR3_cuts_count,errored,CG_sp_time_taken_mean,converged,CGIP_artificial,ngroute_neighborhood_size,time_limit_reached,CGIP_objective,CGLP_objective,CGLP_artificial,cycles_lookup_length
258.817,use_adaptive_ngroute,0.0935651355782392,0,false,10.314166666666665,false,false,8.0625,false,1.442007e6,1.30708541954023e6,false,11
167.389,use_adaptive_ngroute,0.08949299441004377,0,false,23.834857142857143,false,false,9.3125,false,1.442007e6,1.312957475609756e6,false,4
112.785,use_adaptive_ngroute,0.0891066590432339,0,false,18.701166666666666,false,false,10.25,false,1.442007e6,1.3135145739130434e6,false,3
76.616,none,0.08910242986768224,0,false,25.483,false,false,10.75,false,1.442007e6,1.3135206724137932e6,false,0
