CG_time_taken,method,CG_LP_IP_gap,implemented_SR3_cuts_count,errored,CG_sp_time_taken_mean,converged,CGIP_artificial,ngroute_neighborhood_size,time_limit_reached,CGIP_objective,CGLP_objective,CGLP_artificial,cycles_lookup_length
63.944,use_adaptive_ngroute,0.13453034273358178,0,false,2.9066999999999994,false,false,8.0625,false,1.511083e6,1.307796486111111e6,false,6
30.17,use_adaptive_ngroute,0.057367739236891535,0,false,3.2967777777777783,false,false,8.53125,false,1.398313e6,1.3180949444444445e6,false,5
8.25,use_adaptive_ngroute,0.05736773923689131,0,false,2.675666666666667,false,false,9.4375,false,1.398313e6,1.3180949444444447e6,false,1
12.065,use_adaptive_ngroute,0.057367739236891535,0,false,3.9919999999999995,false,false,9.46875,false,1.398313e6,1.3180949444444445e6,false,1
8.051,none,0.057365919411151434,0,false,4.0,false,false,9.53125,false,1.398313e6,1.3180974891304346e6,false,0
