CG_time_taken,method,CG_LP_IP_gap,implemented_SR3_cuts_count,errored,CG_sp_time_taken_mean,converged,CGIP_artificial,ngroute_neighborhood_size,time_limit_reached,CGIP_objective,CGLP_objective,CGLP_artificial,cycles_lookup_length
7.073,use_adaptive_ngroute,0.4564049287755191,0,false,0.257578947368421,false,false,1.0,false,1.580222e6,859000.8906404916,false,20
11.741,use_adaptive_ngroute,0.05488364558688741,0,false,0.5695263157894739,false,false,4.25,false,1.052625e6,994853.1025641026,false,16
4.619,use_adaptive_ngroute,0.04155389304516488,0,false,0.7449999999999999,false,false,6.4,false,1.052625e6,1.0088843333333334e6,false,4
7.0,use_adaptive_ngroute,0.037277394748423065,0,false,0.8530000000000001,false,false,6.6,false,1.052625e6,1.0133858823529412e6,false,7
2.922,none,0.03340018152453916,0,false,0.7185,false,false,7.05,false,1.048894e6,1.01386075e6,false,0
