CG_time_taken,method,CG_LP_IP_gap,implemented_SR3_cuts_count,errored,CG_sp_time_taken_mean,converged,CGIP_artificial,ngroute_neighborhood_size,time_limit_reached,CGIP_objective,CGLP_objective,CGLP_artificial,cycles_lookup_length
6.218,use_adaptive_ngroute,0.4564049287755191,0,false,0.21121052631578946,false,false,1.0,false,1.580222e6,859000.8906404916,false,20
6.788,use_adaptive_ngroute,0.02733553845523007,0,false,0.4239999999999999,false,false,4.25,false,1.024282e6,996282.7000000001,false,16
4.184,use_adaptive_ngroute,0.015509357340610541,0,false,0.495125,false,false,6.25,false,1.024282e6,1.0083960444444447e6,false,6
3.882,none,0.01017420007380776,0,false,0.5402857142857143,false,false,6.6499999999999995,false,1.024282e6,1.01386075e6,false,0
