CG_time_taken,method,CG_LP_IP_gap,implemented_SR3_cuts_count,errored,CG_sp_time_taken_mean,converged,CGIP_artificial,ngroute_neighborhood_size,time_limit_reached,CGIP_objective,CGLP_objective,CGLP_artificial,cycles_lookup_length
11.535,use_adaptive_ngroute,0.9999815538225252,0,false,0.31473913043478263,false,true,1.0,false,6.0e10,1.1067706484922764e6,false,27
32.733,use_adaptive_ngroute,0.1983629017414117,0,false,1.7104444444444444,false,false,4.75,false,1.545859e6,1.239217923076923e6,false,7
13.034,use_adaptive_ngroute,0.15364106166978198,0,false,1.5829999999999997,false,false,5.464285714285714,false,1.483874e6,1.2558900232558139e6,false,13
15.864,use_adaptive_ngroute,0.0920068101170024,0,false,1.4267272727272726,false,false,6.678571428571429,false,1.387771e6,1.2600866171171174e6,false,17
6.852,none,0.09075216460224489,0,false,2.269,false,false,8.428571428571429,false,1.387771e6,1.261827777777778e6,false,0
