CG_time_taken,method,CG_LP_IP_gap,implemented_SR3_cuts_count,errored,CG_sp_time_taken_mean,converged,CGIP_artificial,ngroute_neighborhood_size,time_limit_reached,CGIP_objective,CGLP_objective,CGLP_artificial,cycles_lookup_length
621.118,use_adaptive_ngroute,0.14532251825941844,0,false,23.361923076923077,false,false,7.833333333333333,false,1.679601e6,1.4355171530089625e6,false,26
1207.925,use_adaptive_ngroute,0.1180489757842954,0,false,133.93933333333334,false,false,12.333333333333332,false,1.656487e6,1.4609404062499998e6,false,9
928.514,use_adaptive_ngroute,0.11627619198469541,0,false,154.5163333333333,false,false,12.666666666666666,false,1.656487e6,1.463876999567848e6,false,7
832.716,none,0.11393739668655467,0,false,147.6554,false,false,12.88888888888889,true,1.656487e6,1.467751183574879e6,false,0
