CG_time_taken,method,CG_LP_IP_gap,implemented_SR3_cuts_count,errored,CG_sp_time_taken_mean,converged,CGIP_artificial,ngroute_neighborhood_size,time_limit_reached,CGIP_objective,CGLP_objective,CGLP_artificial,cycles_lookup_length
572.587,use_adaptive_ngroute,0.11678038580087624,0,false,19.243103448275868,false,false,7.833333333333333,false,1.625323e6,1.4355171530089625e6,false,26
644.736,use_adaptive_ngroute,0.10112963220498383,0,false,80.29537499999999,false,false,12.305555555555557,false,1.625323e6,1.460954682795699e6,false,9
437.002,use_adaptive_ngroute,0.09851808731882494,0,false,72.71616666666668,false,false,12.61111111111111,false,1.625323e6,1.4651992867647056e6,false,2
330.664,none,0.09621226719408227,0,false,110.08266666666667,false,false,12.88888888888889,false,1.625323e6,1.4689469892473125e6,false,0
