CG_time_taken,method,CG_LP_IP_gap,implemented_SR3_cuts_count,errored,CG_sp_time_taken_mean,converged,CGIP_artificial,ngroute_neighborhood_size,time_limit_reached,CGIP_objective,CGLP_objective,CGLP_artificial,cycles_lookup_length
281.891,use_adaptive_ngroute,0.2221406762978092,0,false,10.275500000000001,false,false,7.833333333333333,false,1.696324e6,1.319501439419795e6,false,14
335.139,use_adaptive_ngroute,0.2183232866332051,0,false,41.75125,false,false,10.833333333333334,false,1.696324e6,1.325976969125215e6,false,6
542.0,use_adaptive_ngroute,0.2182590308561716,0,false,77.27,false,false,11.305555555555555,false,1.696324e6,1.3260859677419355e6,false,1
272.278,use_adaptive_ngroute,0.2181273336154893,0,false,67.9665,false,false,11.36111111111111,false,1.696324e6,1.3263093689320388e6,false,1
174.614,none,0.20196899799654622,0,false,58.13,false,false,11.388888888888888,false,1.661982e6,1.326313160771704e6,false,0
