CG_time_taken,method,CG_LP_IP_gap,implemented_SR3_cuts_count,errored,CG_sp_time_taken_mean,converged,CGIP_artificial,ngroute_neighborhood_size,time_limit_reached,CGIP_objective,CGLP_objective,CGLP_artificial,cycles_lookup_length
170.667,use_adaptive_ngroute,0.22592558060344647,0,false,6.416458333333334,false,false,7.833333333333333,false,1.726781e6,1.336657e6,false,7
37.324,use_adaptive_ngroute,0.2255729012538359,0,false,7.3544,false,false,8.916666666666666,false,1.726781e6,1.337266e6,false,5
43.164,use_adaptive_ngroute,0.2255729012538359,0,false,10.484250000000003,false,false,10.055555555555555,false,1.726781e6,1.337266e6,false,3
16.1,use_adaptive_ngroute,0.2246663010538107,0,false,8.0055,false,false,10.222222222222223,false,1.726781e6,1.3388314999999998e6,false,1
49.383,none,0.22464120619040095,0,false,12.19325,false,false,10.38888888888889,false,1.726781e6,1.3388748333333333e6,false,0
