CG_time_taken,method,CG_LP_IP_gap,implemented_SR3_cuts_count,errored,CG_sp_time_taken_mean,converged,CGIP_artificial,ngroute_neighborhood_size,time_limit_reached,CGIP_objective,CGLP_objective,CGLP_artificial,cycles_lookup_length
111.876,use_adaptive_ngroute,0.21789312014154527,0,false,4.055347826086956,false,false,7.833333333333333,false,1.709134e6,1.3367254600000002e6,false,8
18.312,use_adaptive_ngroute,0.21682914417476906,0,false,3.3832,false,false,9.305555555555555,false,1.709134e6,1.3385439375000002e6,false,4
8.315,use_adaptive_ngroute,0.21666089376257214,0,false,2.5896666666666666,false,false,10.38888888888889,false,1.709134e6,1.3388315e6,false,1
21.838,use_adaptive_ngroute,0.21668741791652002,0,false,4.2578,false,false,10.555555555555555,false,1.709134e6,1.3387861666666665e6,false,1
15.773,none,0.21663553979188677,0,false,5.152333333333334,false,false,10.583333333333332,false,1.709134e6,1.3388748333333335e6,false,0
