CG_time_taken,method,CG_LP_IP_gap,implemented_SR3_cuts_count,errored,CG_sp_time_taken_mean,converged,CGIP_artificial,ngroute_neighborhood_size,time_limit_reached,CGIP_objective,CGLP_objective,CGLP_artificial,cycles_lookup_length
625.281,use_adaptive_ngroute,0.13173801503654958,0,false,14.144651162790696,false,false,7.833333333333333,false,1.612604e6,1.40016275e6,false,16
662.234,use_adaptive_ngroute,0.12351395957293765,0,false,54.94408333333332,false,false,10.361111111111112,false,1.612604e6,1.4134248947368425e6,false,12
644.277,use_adaptive_ngroute,0.10412921748661819,0,false,49.43784615384615,false,false,11.416666666666666,false,1.588041e6,1.4226795333333334e6,false,9
604.977,none,0.1012461265168847,0,false,50.31841666666667,false,false,12.333333333333332,false,1.588041e6,1.427258e6,false,0
