CG_time_taken,method,CG_LP_IP_gap,implemented_SR3_cuts_count,errored,CG_sp_time_taken_mean,converged,CGIP_artificial,ngroute_neighborhood_size,time_limit_reached,CGIP_objective,CGLP_objective,CGLP_artificial,cycles_lookup_length
15.734,use_adaptive_ngroute,0.999979904876295,0,false,0.5642352941176472,false,true,1.0,false,6.0e10,1.2057074223029953e6,false,27
21.435,use_adaptive_ngroute,0.03813843395354932,0,false,1.4133571428571428,false,false,4.857142857142858,false,1.37158e6,1.3192700867579908e6,false,8
6.39,use_adaptive_ngroute,0.033815843057363515,0,false,1.2582,false,false,5.571428571428571,false,1.37158e6,1.3251988659793814e6,false,2
2.275,use_adaptive_ngroute,0.03380937376570481,0,false,1.1245,false,false,6.142857142857142,false,1.37158e6,1.3252077391304346e6,false,1
2.159,none,0.033809373765704476,0,false,1.054,false,false,6.2142857142857135,false,1.37158e6,1.325207739130435e6,false,0
