CG_time_taken,method,CG_LP_IP_gap,implemented_SR3_cuts_count,errored,CG_sp_time_taken_mean,converged,CGIP_artificial,ngroute_neighborhood_size,time_limit_reached,CGIP_objective,CGLP_objective,CGLP_artificial,cycles_lookup_length
16.748,use_adaptive_ngroute,0.999979904876295,0,false,0.6195294117647057,false,true,1.0,false,6.0e10,1.2057074223029953e6,false,27
34.934,use_adaptive_ngroute,0.03813843395354932,0,false,1.831,false,false,4.857142857142858,false,1.37158e6,1.3192700867579908e6,false,8
6.102,use_adaptive_ngroute,0.03398315810962527,0,false,1.489,false,false,5.571428571428571,false,1.37158e6,1.3249693800000001e6,false,4
3.419,use_adaptive_ngroute,0.033815843057363515,0,false,1.695,false,false,5.75,false,1.37158e6,1.3251988659793814e6,false,2
4.035,none,0.0338093737657047,0,false,2.003,false,false,6.321428571428572,false,1.37158e6,1.3252077391304348e6,false,0
