CG_time_taken,method,CG_LP_IP_gap,implemented_SR3_cuts_count,errored,CG_sp_time_taken_mean,converged,CGIP_artificial,ngroute_neighborhood_size,time_limit_reached,CGIP_objective,CGLP_objective,CGLP_artificial,cycles_lookup_length
139.14,use_adaptive_ngroute,0.15835319082976618,0,false,5.465875,false,false,7.833333333333333,false,1.70184e6,1.4323482057182707e6,false,11
52.58,use_adaptive_ngroute,0.15576269170150137,0,false,10.374,false,false,9.444444444444445,false,1.70184e6,1.4367568207547169e6,false,3
29.131,use_adaptive_ngroute,0.15521982856642647,0,false,7.219999999999999,false,false,9.527777777777777,false,1.70184e6,1.4376806869525127e6,false,1
46.284,use_adaptive_ngroute,0.1544259308634255,0,false,11.526,false,false,9.555555555555555,false,1.70184e6,1.439031773819388e6,false,1
24.015,none,0.15434932753635355,0,false,11.936,false,false,9.583333333333332,false,1.70184e6,1.4391621404255321e6,false,0
