CG_time_taken,method,CG_LP_IP_gap,implemented_SR3_cuts_count,errored,CG_sp_time_taken_mean,converged,CGIP_artificial,ngroute_neighborhood_size,time_limit_reached,CGIP_objective,CGLP_objective,CGLP_artificial,cycles_lookup_length
168.459,use_adaptive_ngroute,0.16205553345359958,0,false,5.5848571428571425,false,false,7.833333333333333,false,1.711136e6,1.4338369427083414e6,false,11
61.211,use_adaptive_ngroute,0.12205050341112289,0,false,10.053166666666666,false,false,8.805555555555555,false,1.638952e6,1.4389170833333333e6,false,5
45.567,use_adaptive_ngroute,0.11973089358321665,0,false,9.0184,false,false,9.305555555555555,false,1.638952e6,1.4427188125e6,false,8
63.214,none,0.11928563954282978,0,false,12.5346,false,false,9.972222222222221,false,1.638952e6,1.4434485625e6,false,0
