CG_time_taken,method,CG_LP_IP_gap,implemented_SR3_cuts_count,errored,CG_sp_time_taken_mean,converged,CGIP_artificial,ngroute_neighborhood_size,time_limit_reached,CGIP_objective,CGLP_objective,CGLP_artificial,cycles_lookup_length
254.683,use_adaptive_ngroute,0.14091567661547377,0,false,9.371038461538461,false,false,7.833333333333333,false,1.69099e6,1.452703e6,false,28
201.66,use_adaptive_ngroute,0.12080076299057918,0,false,19.8574,false,false,11.972222222222223,false,1.679965e6,1.4770239462025317e6,false,9
175.832,use_adaptive_ngroute,0.11743009797552606,0,false,24.982428571428567,false,false,12.805555555555554,false,1.679965e6,1.4826865454545454e6,false,1
82.29,use_adaptive_ngroute,0.11743009797552617,0,false,27.358666666666668,false,false,13.027777777777777,false,1.679965e6,1.4826865454545452e6,false,2
82.041,none,0.11743009797552584,0,false,27.272333333333332,false,false,13.111111111111112,false,1.679965e6,1.4826865454545456e6,false,0
