CG_time_taken,method,CG_LP_IP_gap,implemented_SR3_cuts_count,errored,CG_sp_time_taken_mean,converged,CGIP_artificial,ngroute_neighborhood_size,time_limit_reached,CGIP_objective,CGLP_objective,CGLP_artificial,cycles_lookup_length
399.33,use_adaptive_ngroute,0.168066008565949,0,false,12.318193548387098,false,false,7.833333333333333,false,1.585269e6,1.3188391666666665e6,false,11
145.196,use_adaptive_ngroute,0.13921356445213606,0,false,15.845555555555556,false,false,9.194444444444445,false,1.547021e6,1.331654692307692e6,false,2
33.309,use_adaptive_ngroute,0.13878137829066695,0,false,16.423499999999997,false,false,9.305555555555555,false,1.547021e6,1.332323293375394e6,false,4
51.134,none,0.13870446873437792,0,false,16.942999999999998,false,false,9.527777777777777,false,1.547021e6,1.3324422740740739e6,false,0
