CG_time_taken,method,CG_LP_IP_gap,implemented_SR3_cuts_count,errored,CG_sp_time_taken_mean,converged,CGIP_artificial,ngroute_neighborhood_size,time_limit_reached,CGIP_objective,CGLP_objective,CGLP_artificial,cycles_lookup_length
18.312,use_adaptive_ngroute,0.34176882954762056,0,false,0.5942105263157895,false,false,1.0,false,1.714811e6,1.1287420516346153e6,false,22
15.038,use_adaptive_ngroute,0.05363737293606685,0,false,1.044,false,false,4.678571428571429,false,1.326437e6,1.2552904039548023e6,false,18
17.178,use_adaptive_ngroute,0.04457552543212662,0,false,1.4877272727272726,false,false,6.464285714285714,false,1.326437e6,1.2673103737723862e6,false,18
13.862,use_adaptive_ngroute,0.03300100920032745,0,false,1.9342857142857144,false,false,8.142857142857142,false,1.319948e6,1.2763883839080462e6,false,13
12.293,use_adaptive_ngroute,0.03136596315984341,0,false,2.435,false,false,9.964285714285714,false,1.319948e6,1.278546559659091e6,false,10
5.592,use_adaptive_ngroute,0.031096366074191195,0,false,2.779,false,false,11.0,false,1.319948e6,1.2789024137931035e6,false,3
6.358,use_adaptive_ngroute,0.03107807904240323,0,false,3.1615,false,false,11.392857142857144,false,1.319948e6,1.278926551724138e6,false,4
3.255,none,0.03103780856013527,0,false,3.2390000000000003,false,false,11.535714285714286,false,1.319948e6,1.2789797066666665e6,false,0
