CG_time_taken,method,CG_LP_IP_gap,implemented_SR3_cuts_count,errored,CG_sp_time_taken_mean,converged,CGIP_artificial,ngroute_neighborhood_size,time_limit_reached,CGIP_objective,CGLP_objective,CGLP_artificial,cycles_lookup_length
189.419,use_adaptive_ngroute,0.08379266219164794,0,false,6.0588999999999995,false,false,7.833333333333333,false,1.530998e6,1.4027116017699114e6,false,11
99.884,use_adaptive_ngroute,0.08042818598841528,0,false,12.417125,false,false,9.944444444444445,false,1.530998e6,1.4078626081081082e6,false,2
73.149,use_adaptive_ngroute,0.07942884212618173,0,false,14.577399999999999,false,false,10.11111111111111,false,1.530998e6,1.4093926015625e6,false,2
41.311,none,0.07935151413258712,0,false,13.706999999999999,false,false,10.305555555555555,false,1.530998e6,1.4095109905660374e6,false,0
