CG_time_taken,method,CG_LP_IP_gap,implemented_SR3_cuts_count,errored,CG_sp_time_taken_mean,converged,CGIP_artificial,ngroute_neighborhood_size,time_limit_reached,CGIP_objective,CGLP_objective,CGLP_artificial,cycles_lookup_length
174.176,use_adaptive_ngroute,0.1136518091603228,0,false,5.519100000000001,false,false,7.833333333333333,false,1.582574e6,1.4027116017699114e6,false,11
37.8,use_adaptive_ngroute,0.11039698105231843,0,false,7.5094,false,false,9.944444444444445,false,1.582574e6,1.4078626081081082e6,false,5
44.854,use_adaptive_ngroute,0.10943020575183215,0,false,11.16375,false,false,10.361111111111112,false,1.582574e6,1.4093926015625e6,false,2
21.677,none,0.10935539787331428,0,false,10.8035,false,false,10.555555555555555,false,1.582574e6,1.4095109905660376e6,false,0
