CG_time_taken,method,CG_LP_IP_gap,implemented_SR3_cuts_count,errored,CG_sp_time_taken_mean,converged,CGIP_artificial,ngroute_neighborhood_size,time_limit_reached,CGIP_objective,CGLP_objective,CGLP_artificial,cycles_lookup_length
170.753,use_adaptive_ngroute,0.16809520219526453,0,false,5.256366666666666,false,false,7.833333333333333,false,1.764161e6,1.467614e6,false,11
35.068,use_adaptive_ngroute,0.14921681279678456,0,false,4.840142857142857,false,false,9.055555555555555,false,1.727684e6,1.4698845e6,false,5
32.263,use_adaptive_ngroute,0.14921681279678456,0,false,5.1963333333333335,false,false,10.194444444444445,false,1.727684e6,1.4698845e6,false,5
16.556,none,0.14921681279678456,0,false,5.3646666666666665,false,false,10.333333333333334,false,1.727684e6,1.4698845e6,false,0
