CG_time_taken,method,CG_LP_IP_gap,implemented_SR3_cuts_count,errored,CG_sp_time_taken_mean,converged,CGIP_artificial,ngroute_neighborhood_size,time_limit_reached,CGIP_objective,CGLP_objective,CGLP_artificial,cycles_lookup_length
183.559,use_adaptive_ngroute,0.15201826774297367,0,false,5.725655172413793,false,false,7.833333333333333,false,1.645168e6,1.3950724104938274e6,false,1
16.785,use_adaptive_ngroute,0.1517745311432337,0,false,5.219333333333333,false,false,7.861111111111111,false,1.645168e6,1.3954733981481486e6,false,1
39.78,use_adaptive_ngroute,0.13785426472126128,0,false,5.522285714285714,false,false,7.916666666666666,false,1.620171e6,1.3968235180722894e6,false,3
11.803,none,0.13784903075243604,0,false,5.810999999999999,false,false,8.694444444444445,false,1.620171e6,1.396831997996795e6,false,0
