CG_time_taken,method,CG_LP_IP_gap,implemented_SR3_cuts_count,errored,CG_sp_time_taken_mean,converged,CGIP_artificial,ngroute_neighborhood_size,time_limit_reached,CGIP_objective,CGLP_objective,CGLP_artificial,cycles_lookup_length
245.565,use_adaptive_ngroute,0.13250720976949681,0,false,7.21653125,false,false,7.833333333333333,false,1.608166e6,1.3950724104938274e6,false,1
53.078,use_adaptive_ngroute,0.1322578650785129,0,false,8.662833333333335,false,false,7.861111111111111,false,1.608166e6,1.3954733981481483e6,false,1
25.808,use_adaptive_ngroute,0.12986544657665067,0,false,6.36975,false,false,7.916666666666666,false,1.605296e6,1.396823518072289e6,false,3
27.531,none,0.1298601641088033,0,false,9.099333333333334,false,false,8.694444444444445,false,1.605296e6,1.3968319979967945e6,false,0
