CG_time_taken,method,CG_LP_IP_gap,implemented_SR3_cuts_count,errored,CG_sp_time_taken_mean,converged,CGIP_artificial,ngroute_neighborhood_size,time_limit_reached,CGIP_objective,CGLP_objective,CGLP_artificial,cycles_lookup_length
137.574,use_adaptive_ngroute,0.1634307554936082,0,false,4.124290322580645,false,false,7.833333333333333,false,1.607095e6,1.3444462499999998e6,false,3
17.247,use_adaptive_ngroute,0.16101661693925995,0,false,4.1995,false,false,8.055555555555555,false,1.607095e6,1.348326e6,false,2
15.65,use_adaptive_ngroute,0.12863463541800957,0,false,5.1323333333333325,false,false,8.36111111111111,false,1.551256e6,1.3517107500000002e6,false,5
55.119,use_adaptive_ngroute,0.12825620778543811,0,false,10.884200000000002,false,false,9.194444444444445,false,1.551256e6,1.3522977881355924e6,false,2
51.27,none,0.1277235994574717,0,false,10.186200000000001,false,false,9.305555555555555,false,1.551256e6,1.3531240000000002e6,false,0
