CG_time_taken,method,CG_LP_IP_gap,implemented_SR3_cuts_count,errored,CG_sp_time_taken_mean,converged,CGIP_artificial,ngroute_neighborhood_size,time_limit_reached,CGIP_objective,CGLP_objective,CGLP_artificial,cycles_lookup_length
153.631,use_adaptive_ngroute,0.13595142377244618,0,false,5.323333333333334,false,false,7.833333333333333,false,1.669346e6,1.4423960345311621e6,false,23
186.826,use_adaptive_ngroute,0.12445907292392,0,false,9.16695,false,false,11.194444444444445,false,1.650194e6,1.4448123846153847e6,false,1
61.949,use_adaptive_ngroute,0.1242543300969462,0,false,10.240333333333334,false,false,11.305555555555555,false,1.650194e6,1.44515025e6,false,1
22.808,none,0.12421408601021511,0,false,11.2735,false,false,11.416666666666666,false,1.650194e6,1.445216660550459e6,false,0
