CG_time_taken,method,CG_LP_IP_gap,implemented_SR3_cuts_count,errored,CG_sp_time_taken_mean,converged,CGIP_artificial,ngroute_neighborhood_size,time_limit_reached,CGIP_objective,CGLP_objective,CGLP_artificial,cycles_lookup_length
221.737,use_adaptive_ngroute,0.11908766634547574,0,false,7.130000000000001,false,false,7.833333333333333,false,1.541855e6,1.3582390862068965e6,false,10
168.578,use_adaptive_ngroute,0.09701757951427703,0,false,11.720357142857141,false,false,9.36111111111111,false,1.515514e6,1.3684825e6,false,4
107.239,use_adaptive_ngroute,0.09429850447023502,0,false,17.630166666666668,false,false,10.166666666666668,false,1.515514e6,1.3726032962962962e6,false,4
78.516,none,0.09346974668489993,0,false,19.48675,false,false,10.277777777777779,false,1.515514e6,1.3738592903225806e6,false,0
