CG_time_taken,method,CG_LP_IP_gap,implemented_SR3_cuts_count,errored,CG_sp_time_taken_mean,converged,CGIP_artificial,ngroute_neighborhood_size,time_limit_reached,CGIP_objective,CGLP_objective,CGLP_artificial,cycles_lookup_length
338.932,use_adaptive_ngroute,0.10766329337343339,0,false,11.954777777777778,false,false,7.833333333333333,false,1.522115e6,1.3582390862068965e6,false,10
286.072,use_adaptive_ngroute,0.10093356940835618,0,false,31.53366666666666,false,false,9.36111111111111,false,1.522115e6,1.3684825e6,false,4
219.019,use_adaptive_ngroute,0.07833446837075486,0,false,31.140428571428576,false,false,10.166666666666668,false,1.489264e6,1.3726032962962962e6,false,4
155.067,none,0.07749110277118099,0,false,25.725333333333335,false,false,10.277777777777779,false,1.489264e6,1.37385929032258e6,false,0
