CG_time_taken,method,CG_LP_IP_gap,implemented_SR3_cuts_count,errored,CG_sp_time_taken_mean,converged,CGIP_artificial,ngroute_neighborhood_size,time_limit_reached,CGIP_objective,CGLP_objective,CGLP_artificial,cycles_lookup_length
706.823,use_adaptive_ngroute,0.04221935599647342,0,false,20.264666666666667,false,false,7.833333333333333,false,1.342264e6,1.2855944783427496e6,false,20
1121.393,use_adaptive_ngroute,0.022801782885770283,0,false,92.93066666666665,false,false,10.916666666666666,false,1.330203e6,1.2998719999999998e6,false,3
864.052,use_adaptive_ngroute,0.02243695370180343,0,false,123.06042857142856,false,false,11.277777777777779,false,1.330203e6,1.300357296875e6,false,4
623.011,none,0.022275547416446773,0,false,103.59216666666664,false,false,11.75,false,1.330203e6,1.3005720000000002e6,false,0
