CG_time_taken,method,CG_LP_IP_gap,implemented_SR3_cuts_count,errored,CG_sp_time_taken_mean,converged,CGIP_artificial,ngroute_neighborhood_size,time_limit_reached,CGIP_objective,CGLP_objective,CGLP_artificial,cycles_lookup_length
367.661,use_adaptive_ngroute,0.12199918300309243,0,false,13.118148148148148,false,false,7.833333333333333,false,1.533084e6,1.346049004524887e6,false,19
275.05,use_adaptive_ngroute,0.11882186028759201,0,false,27.283300000000004,false,false,10.11111111111111,false,1.533084e6,1.3509201071428573e6,false,4
138.749,use_adaptive_ngroute,0.11654834660423397,0,false,27.5482,false,false,10.5,false,1.533084e6,1.3544055945945946e6,false,5
244.448,use_adaptive_ngroute,0.11626340602835028,0,false,40.5995,false,false,10.63888888888889,false,1.533084e6,1.3548424324324327e6,false,7
149.364,use_adaptive_ngroute,0.11613262722356921,0,false,37.282000000000004,false,false,10.833333333333334,false,1.533084e6,1.3550429273255817e6,false,2
113.474,use_adaptive_ngroute,0.11612847171001528,0,false,37.74366666666667,false,false,10.88888888888889,false,1.533084e6,1.355049298076923e6,false,1
132.198,none,0.11612823463133037,0,false,44.001666666666665,false,false,10.916666666666666,false,1.533084e6,1.3550496615384615e6,false,0
