CG_time_taken,method,CG_LP_IP_gap,implemented_SR3_cuts_count,errored,CG_sp_time_taken_mean,converged,CGIP_artificial,ngroute_neighborhood_size,time_limit_reached,CGIP_objective,CGLP_objective,CGLP_artificial,cycles_lookup_length
162.468,use_adaptive_ngroute,0.1271958163596012,0,false,5.017500000000001,false,false,7.833333333333333,false,1.706313e6,1.4892771249999998e6,false,1
34.67,use_adaptive_ngroute,0.12679326712039352,0,false,6.747999999999999,false,false,8.083333333333334,false,1.706313e6,1.489964e6,false,3
19.851,use_adaptive_ngroute,0.12651834260203532,0,false,6.5553333333333335,false,false,8.333333333333334,false,1.706313e6,1.4904331072796932e6,false,9
53.272,none,0.09186390595619309,0,false,10.4668,false,false,9.055555555555555,false,1.641703e6,1.49088975e6,false,0
