CG_time_taken,method,CG_LP_IP_gap,implemented_SR3_cuts_count,errored,CG_sp_time_taken_mean,converged,CGIP_artificial,ngroute_neighborhood_size,time_limit_reached,CGIP_objective,CGLP_objective,CGLP_artificial,cycles_lookup_length
484.139,use_adaptive_ngroute,0.13614271536990896,0,false,13.504628571428572,false,false,7.833333333333333,false,1.487311e6,1.2848244418604653e6,false,12
160.449,use_adaptive_ngroute,0.12878865868160316,0,false,15.846300000000001,false,false,8.61111111111111,false,1.487311e6,1.2957622112676061e6,false,7
581.618,use_adaptive_ngroute,0.12469612609602121,0,false,58.0531,false,false,9.88888888888889,false,1.487311e6,1.3018490800000005e6,false,1
173.367,use_adaptive_ngroute,0.12457022708369958,0,false,86.6275,false,false,10.0,false,1.487311e6,1.3020363309859156e6,false,2
122.348,none,0.11708469319469095,0,false,61.045500000000004,false,false,10.166666666666668,false,1.474711e6,1.302044915014164e6,false,0
