CG_time_taken,method,CG_LP_IP_gap,implemented_SR3_cuts_count,errored,CG_sp_time_taken_mean,converged,CGIP_artificial,ngroute_neighborhood_size,time_limit_reached,CGIP_objective,CGLP_objective,CGLP_artificial,cycles_lookup_length
243.44,use_adaptive_ngroute,0.08351553068749451,0,false,10.155391304347827,false,false,7.833333333333333,false,1.57171e6,1.440447805263158e6,false,10
53.76,use_adaptive_ngroute,0.08253827996258822,0,false,17.768,false,false,9.722222222222221,false,1.57171e6,1.4419837600000005e6,false,6
54.078,use_adaptive_ngroute,0.08124718389271002,0,false,17.962333333333333,false,false,10.361111111111112,false,1.57171e6,1.4440129886039887e6,false,11
140.639,use_adaptive_ngroute,0.08093837683160376,0,false,28.0626,false,false,11.13888888888889,false,1.57171e6,1.44449834375e6,false,1
64.97,none,0.08091838979470911,0,false,32.437000000000005,false,false,11.277777777777779,false,1.57171e6,1.4445297575757578e6,false,0
