CG_time_taken,method,CG_LP_IP_gap,implemented_SR3_cuts_count,errored,CG_sp_time_taken_mean,converged,CGIP_artificial,ngroute_neighborhood_size,time_limit_reached,CGIP_objective,CGLP_objective,CGLP_artificial,cycles_lookup_length
152.341,use_adaptive_ngroute,0.13075412294162314,0,false,4.393968749999999,false,false,7.833333333333333,false,1.508416e6,1.3111843888888885e6,false,14
237.865,use_adaptive_ngroute,0.09310458599807481,0,false,16.75407142857143,false,false,9.916666666666666,false,1.456833e6,1.3211951666666667e6,false,7
149.665,use_adaptive_ngroute,0.08816804061351646,0,false,14.8547,false,false,10.805555555555555,false,1.456833e6,1.328386888888889e6,false,3
54.562,none,0.08780233103817203,0,false,13.556750000000001,false,false,11.194444444444445,false,1.456833e6,1.3289196666666667e6,false,0
