CG_time_taken,method,CG_LP_IP_gap,implemented_SR3_cuts_count,errored,CG_sp_time_taken_mean,converged,CGIP_artificial,ngroute_neighborhood_size,time_limit_reached,CGIP_objective,CGLP_objective,CGLP_artificial,cycles_lookup_length
9.198,use_adaptive_ngroute,0.999981971741674,0,false,0.360875,false,true,1.0,false,6.0e10,1.081695499556489e6,false,28
21.598,use_adaptive_ngroute,0.044041423004561486,0,false,1.2229375,false,false,4.821428571428571,false,1.305941e6,1.2484255e6,false,6
10.359,use_adaptive_ngroute,0.02798296664878097,0,false,1.236125,false,false,5.5,false,1.305941e6,1.2693968965517243e6,false,21
16.967,use_adaptive_ngroute,0.0034563838131534963,0,false,1.838555555555556,false,false,9.035714285714286,false,1.305941e6,1.3014271666666665e6,false,7
16.23,none,0.0,0,false,2.6839999999999997,true,false,9.357142857142858,false,1.305941e6,1.305941e6,false,0
