CG_time_taken,method,CG_LP_IP_gap,implemented_SR3_cuts_count,errored,CG_sp_time_taken_mean,converged,CGIP_artificial,ngroute_neighborhood_size,time_limit_reached,CGIP_objective,CGLP_objective,CGLP_artificial,cycles_lookup_length
10.22,use_adaptive_ngroute,0.999981971741674,0,false,0.4266250000000001,false,true,1.0,false,6.0e10,1.081695499556489e6,false,28
31.579,use_adaptive_ngroute,0.0928625897064147,0,false,1.8381874999999999,false,false,4.821428571428571,false,1.372623e6,1.245157673529412e6,false,28
34.361,use_adaptive_ngroute,0.015671203114586918,0,false,3.0393636363636367,false,false,7.892857142857143,false,1.305941e6,1.2854753333333333e6,false,12
14.796,use_adaptive_ngroute,0.0047210742632665115,0,false,3.6475,false,false,8.928571428571429,false,1.305941e6,1.2997755555555555e6,false,19
16.632,none,0.0,0,false,2.3337142857142856,true,false,10.142857142857144,false,1.305941e6,1.305941e6,false,0
