CG_time_taken,method,CG_LP_IP_gap,implemented_SR3_cuts_count,errored,CG_sp_time_taken_mean,converged,CGIP_artificial,ngroute_neighborhood_size,time_limit_reached,CGIP_objective,CGLP_objective,CGLP_artificial,cycles_lookup_length
229.714,use_adaptive_ngroute,0.15960724324694908,0,false,7.392310344827587,false,false,7.833333333333333,false,1.633632e6,1.3728925e6,false,7
123.069,use_adaptive_ngroute,0.04040357091943936,0,false,10.945727272727273,false,false,8.694444444444445,false,1.445815e6,1.3873989111111108e6,false,8
88.057,use_adaptive_ngroute,0.039119542695034704,0,false,12.422142857142857,false,false,10.0,false,1.445815e6,1.3892553783783785e6,false,6
60.189,use_adaptive_ngroute,0.038995180785710515,0,false,14.965500000000002,false,false,10.722222222222221,false,1.445815e6,1.389435182692308e6,false,1
43.904,none,0.0389949997444734,0,false,14.578666666666665,false,false,10.88888888888889,false,1.445815e6,1.3894354444444443e6,false,0
