CG_time_taken,method,CG_LP_IP_gap,implemented_SR3_cuts_count,errored,CG_sp_time_taken_mean,converged,CGIP_artificial,ngroute_neighborhood_size,time_limit_reached,CGIP_objective,CGLP_objective,CGLP_artificial,cycles_lookup_length
623.18,use_adaptive_ngroute,0.14949386136397558,0,false,20.52479310344828,false,false,7.833333333333333,false,1.561826e6,1.3283426004813474e6,false,13
435.708,use_adaptive_ngroute,0.13719509486208403,0,false,33.116846153846154,false,false,10.333333333333334,false,1.561826e6,1.3475511337719308e6,false,14
382.338,use_adaptive_ngroute,0.13295283178351813,0,false,54.437,false,false,10.88888888888889,false,1.561826e6,1.354176810546875e6,false,5
189.622,none,0.13293903066213753,0,false,47.24674999999999,false,false,11.166666666666668,false,1.561826e6,1.3541983654970764e6,false,0
