CG_time_taken,method,CG_LP_IP_gap,implemented_SR3_cuts_count,errored,CG_sp_time_taken_mean,converged,CGIP_artificial,ngroute_neighborhood_size,time_limit_reached,CGIP_objective,CGLP_objective,CGLP_artificial,cycles_lookup_length
363.141,use_adaptive_ngroute,0.09816678455441807,0,false,13.595360000000001,false,false,7.833333333333333,false,1.556212e6,1.403443671875e6,false,13
200.28,use_adaptive_ngroute,0.09814021273720186,0,false,33.206,false,false,9.916666666666666,false,1.556212e6,1.4034850232558136e6,false,3
210.077,use_adaptive_ngroute,0.09795943611795832,0,false,34.92116666666667,false,false,10.055555555555555,false,1.556212e6,1.4037663499999999e6,false,2
53.172,none,0.09795943611795832,0,false,53.053,false,false,10.555555555555555,false,1.556212e6,1.4037663499999999e6,false,0
