CG_time_taken,method,CG_LP_IP_gap,implemented_SR3_cuts_count,errored,CG_sp_time_taken_mean,converged,CGIP_artificial,ngroute_neighborhood_size,time_limit_reached,CGIP_objective,CGLP_objective,CGLP_artificial,cycles_lookup_length
142.237,use_adaptive_ngroute,0.159602121755252,0,false,5.1026,false,false,7.833333333333333,false,1.626247e6,1.3666945283018867e6,false,15
99.813,use_adaptive_ngroute,0.15858006450844597,0,false,12.31575,false,false,9.36111111111111,false,1.626247e6,1.3683566458333333e6,false,10
83.529,use_adaptive_ngroute,0.15788020779482748,0,false,16.600600000000004,false,false,10.805555555555555,false,1.626247e6,1.3694947857142852e6,false,1
72.699,none,0.15788020779482714,0,false,14.444400000000002,false,false,10.833333333333334,false,1.626247e6,1.3694947857142857e6,false,0
