CG_time_taken,method,CG_LP_IP_gap,implemented_SR3_cuts_count,errored,CG_sp_time_taken_mean,converged,CGIP_artificial,ngroute_neighborhood_size,time_limit_reached,CGIP_objective,CGLP_objective,CGLP_artificial,cycles_lookup_length
303.224,use_adaptive_ngroute,0.0926362646870027,0,false,8.972593750000003,false,false,7.833333333333333,false,1.504902e6,1.3654935000000002e6,false,10
121.581,use_adaptive_ngroute,0.09232619954850296,0,false,20.158500000000004,false,false,10.5,false,1.504902e6,1.3659601176470588e6,false,10
170.6,use_adaptive_ngroute,0.09220278478702304,0,false,34.0296,false,false,11.222222222222223,false,1.504902e6,1.3661458447684394e6,false,4
280.664,none,0.09218021431886514,0,false,55.8366,false,false,11.388888888888888,false,1.504902e6,1.3661798111111112e6,false,0
