CG_time_taken,method,CG_LP_IP_gap,implemented_SR3_cuts_count,errored,CG_sp_time_taken_mean,converged,CGIP_artificial,ngroute_neighborhood_size,time_limit_reached,CGIP_objective,CGLP_objective,CGLP_artificial,cycles_lookup_length
158.951,use_adaptive_ngroute,0.09763544403176982,0,false,5.166551724137931,false,false,7.833333333333333,false,1.557605e6,1.405527544198895e6,false,15
69.43,use_adaptive_ngroute,0.09658171359234269,0,false,7.573555555555553,false,false,9.277777777777779,false,1.557605e6,1.4071688399999992e6,false,3
32.116,use_adaptive_ngroute,0.0965141759065764,0,false,7.9905,false,false,9.444444444444445,false,1.557605e6,1.407274037037037e6,false,2
38.968,none,0.09642930439146435,0,false,9.68325,false,false,9.5,false,1.557605e6,1.4074062333333332e6,false,0
