CG_time_taken,method,CG_LP_IP_gap,implemented_SR3_cuts_count,errored,CG_sp_time_taken_mean,converged,CGIP_artificial,ngroute_neighborhood_size,time_limit_reached,CGIP_objective,CGLP_objective,CGLP_artificial,cycles_lookup_length
12.431,use_adaptive_ngroute,0.5420083889049818,0,false,0.3399047619047619,false,false,1.0,false,2.429434e6,1.1126603917090143e6,false,27
19.724,use_adaptive_ngroute,0.11166341549319614,0,false,1.3334615384615383,false,false,4.75,false,1.377964e6,1.2240958333333335e6,false,19
19.974,use_adaptive_ngroute,0.05242745223545586,0,false,1.9048,false,false,6.821428571428571,false,1.313893e6,1.2450089375000002e6,false,12
23.081,use_adaptive_ngroute,0.0436751276127082,0,false,2.503777777777778,false,false,7.428571428571428,false,1.313893e6,1.256508555555556e6,false,11
13.295,use_adaptive_ngroute,0.04075486671358264,0,false,2.6350000000000002,false,false,8.321428571428571,false,1.313893e6,1.2603454659090908e6,false,5
11.887,use_adaptive_ngroute,0.04026450189704245,0,false,3.9300000000000006,false,false,8.892857142857142,false,1.313893e6,1.2609897528089893e6,false,6
9.168,use_adaptive_ngroute,0.040088932980883896,0,false,4.5655,false,false,9.785714285714285,false,1.313893e6,1.2612204315789475e6,false,2
17.459,none,0.040053933869297786,0,false,5.802999999999999,false,false,10.107142857142858,false,1.313893e6,1.2612664166666667e6,false,0
