CG_time_taken,method,CG_LP_IP_gap,implemented_SR3_cuts_count,errored,CG_sp_time_taken_mean,converged,CGIP_artificial,ngroute_neighborhood_size,time_limit_reached,CGIP_objective,CGLP_objective,CGLP_artificial,cycles_lookup_length
245.731,use_adaptive_ngroute,0.13356600664921836,0,false,7.9022,false,false,7.833333333333333,false,1.742433e6,1.5097031823361826e6,false,12
69.115,use_adaptive_ngroute,0.10867693552365632,0,false,13.7714,false,false,8.944444444444445,false,1.695771e6,1.5114798043701139e6,false,3
79.323,use_adaptive_ngroute,0.10778088038854605,0,false,15.815199999999999,false,false,9.416666666666668,false,1.695771e6,1.512999308682635e6,false,3
62.023,none,0.10699001979592726,0,false,12.216,false,false,9.583333333333332,false,1.695771e6,1.5143404271406406e6,false,0
