CG_time_taken,method,CG_LP_IP_gap,implemented_SR3_cuts_count,errored,CG_sp_time_taken_mean,converged,CGIP_artificial,ngroute_neighborhood_size,time_limit_reached,CGIP_objective,CGLP_objective,CGLP_artificial,cycles_lookup_length
6.525,use_adaptive_ngroute,0.283473885012674,0,false,0.23168421052631577,false,false,6.0,false,1.250074e6,895710.6666666665,false,7
2.831,use_adaptive_ngroute,0.11296662274923142,0,false,0.23455555555555552,false,false,7.05,false,1.11573e6,989689.75,false,14
7.371,use_adaptive_ngroute,0.0396283665455498,0,false,0.631090909090909,false,false,7.799999999999999,false,1.053528e6,1.01177840625e6,false,4
3.322,none,0.038842821453250465,0,false,0.81625,false,false,8.200000000000001,false,1.053528e6,1.012606e6,false,0
