CG_time_taken,method,CG_LP_IP_gap,implemented_SR3_cuts_count,errored,CG_sp_time_taken_mean,converged,CGIP_artificial,ngroute_neighborhood_size,time_limit_reached,CGIP_objective,CGLP_objective,CGLP_artificial,cycles_lookup_length
5.108,use_adaptive_ngroute,0.32004299033840944,0,false,0.26736363636363636,false,false,6.0,false,1.458674e6,991835.611111111,false,20
5.511,use_adaptive_ngroute,0.055862150941153654,0,false,0.5754444444444444,false,false,8.200000000000001,false,1.171611e6,1.106162289473684e6,false,12
4.474,use_adaptive_ngroute,0.05242930460707518,0,false,0.7223333333333333,false,false,10.85,false,1.171611e6,1.11018425e6,false,2
1.85,none,0.015423341717155536,0,false,0.605,false,false,10.95,false,1.129954e6,1.1125263333333333e6,false,0
