CG_time_taken,method,CG_LP_IP_gap,implemented_SR3_cuts_count,errored,CG_sp_time_taken_mean,converged,CGIP_artificial,ngroute_neighborhood_size,time_limit_reached,CGIP_objective,CGLP_objective,CGLP_artificial,cycles_lookup_length
9.613,use_adaptive_ngroute,0.2892747566928938,0,false,0.3391666666666667,false,false,6.0,false,1.332002e6,946687.4455355521,false,18
3.466,use_adaptive_ngroute,0.12146392166589892,0,false,0.3243000000000001,false,false,7.75,false,1.185282e6,1.041313e6,false,5
1.446,use_adaptive_ngroute,0.11918626397206211,0,false,0.35175000000000006,false,false,8.200000000000001,false,1.185282e6,1.0440126666666663e6,false,3
1.381,use_adaptive_ngroute,0.10775344297846101,0,false,0.683,false,false,8.9,false,1.1730389899108727e6,1.0466399999999999e6,false,3
1.876,use_adaptive_ngroute,0.1075260848069658,0,false,0.6179999999999999,false,false,9.05,false,1.1730389899110533e6,1.0469067e6,false,5
1.589,none,0.10749454936124536,0,false,0.7885,false,false,9.75,false,1.1730389899113877e6,1.0469436923076926e6,false,0
