CG_time_taken,method,CG_LP_IP_gap,implemented_SR3_cuts_count,errored,CG_sp_time_taken_mean,converged,CGIP_artificial,ngroute_neighborhood_size,time_limit_reached,CGIP_objective,CGLP_objective,CGLP_artificial,cycles_lookup_length
3.493,use_adaptive_ngroute,0.28207267955936444,0,false,0.11872222222222223,false,false,6.0,false,1.3377e6,960371.3765534383,false,19
6.244,use_adaptive_ngroute,0.06618601622931986,0,false,0.38079999999999997,false,false,8.1,false,1.126734e6,1.0521599651898735e6,false,12
3.619,use_adaptive_ngroute,0.05784894660141637,0,false,0.5876666666666667,false,false,9.350000000000001,false,1.126734e6,1.0615536249999998e6,false,4
1.531,use_adaptive_ngroute,0.05512469166731948,0,false,0.7565,false,false,10.45,false,1.126734e6,1.0646231356589145e6,false,3
0.867,none,0.05512024671360427,0,false,0.858,false,false,10.6,false,1.126734e6,1.0646281439393938e6,false,0
