CG_time_taken,method,CG_LP_IP_gap,implemented_SR3_cuts_count,errored,CG_sp_time_taken_mean,converged,CGIP_artificial,ngroute_neighborhood_size,time_limit_reached,CGIP_objective,CGLP_objective,CGLP_artificial,cycles_lookup_length
3.679,use_adaptive_ngroute,0.3615906522130031,0,false,0.1525714285714286,false,false,6.0,false,1.48638e6,948918.8863636364,false,20
3.298,use_adaptive_ngroute,0.13961746893689575,0,false,0.2623636363636363,false,false,8.8,false,1.227912e6,1.0564740344827585e6,false,13
2.48,use_adaptive_ngroute,0.12501173035702373,0,false,0.3831666666666667,false,false,10.25,false,1.227912e6,1.0744085961538462e6,false,6
1.649,use_adaptive_ngroute,0.12456511541543691,0,false,0.40325,false,false,10.85,false,1.227912e6,1.074957e6,false,2
0.898,use_adaptive_ngroute,0.12409752991569922,0,false,0.4405,false,false,11.2,false,1.227912e6,1.075531153846154e6,false,7
1.679,none,0.12379780284931452,0,false,0.5433333333333333,false,false,11.85,false,1.227912e6,1.0758991923076925e6,false,0
