CG_time_taken,method,CG_LP_IP_gap,implemented_SR3_cuts_count,errored,CG_sp_time_taken_mean,converged,CGIP_artificial,ngroute_neighborhood_size,time_limit_reached,CGIP_objective,CGLP_objective,CGLP_artificial,cycles_lookup_length
4.361,use_adaptive_ngroute,0.3615906522130031,0,false,0.19121428571428573,false,false,6.0,false,1.48638e6,948918.8863636364,false,20
3.925,use_adaptive_ngroute,0.13961746893689553,0,false,0.35040000000000004,false,false,8.8,false,1.227912e6,1.0564740344827587e6,false,13
3.937,use_adaptive_ngroute,0.12529134823993904,0,false,0.5419999999999999,false,false,10.25,false,1.227912e6,1.07406525e6,false,1
0.807,use_adaptive_ngroute,0.12501173035702395,0,false,0.388,false,false,10.3,false,1.227912e6,1.074408596153846e6,false,6
1.19,use_adaptive_ngroute,0.12456511541543691,0,false,0.582,false,false,10.9,false,1.227912e6,1.074957e6,false,2
1.515,use_adaptive_ngroute,0.12409752991569922,0,false,0.7314999999999999,false,false,11.2,false,1.227912e6,1.075531153846154e6,false,7
1.539,none,0.12379780284931474,0,false,0.7605,false,false,11.85,false,1.227912e6,1.0758991923076923e6,false,0
