CG_time_taken,method,CG_LP_IP_gap,implemented_SR3_cuts_count,errored,CG_sp_time_taken_mean,converged,CGIP_artificial,ngroute_neighborhood_size,time_limit_reached,CGIP_objective,CGLP_objective,CGLP_artificial,cycles_lookup_length
3.836,use_adaptive_ngroute,0.9999126376336646,0,false,0.18014285714285716,false,true,6.0,false,1.0001064651e10,873716.6737847223,false,20
4.099,use_adaptive_ngroute,0.08916461947899068,0,false,0.25800000000000006,false,false,7.75,false,1.094184e6,996621.5,false,5
2.399,use_adaptive_ngroute,0.07227212242182302,0,false,0.3531666666666667,false,false,8.200000000000001,false,1.094184e6,1.015105e6,false,14
3.815,none,0.05858155483903982,0,false,0.6166666666666667,false,false,9.350000000000001,false,1.094184e6,1.030085e6,false,0
