CG_time_taken,method,CG_LP_IP_gap,implemented_SR3_cuts_count,errored,CG_sp_time_taken_mean,converged,CGIP_artificial,ngroute_neighborhood_size,time_limit_reached,CGIP_objective,CGLP_objective,CGLP_artificial,cycles_lookup_length
7.054,use_adaptive_ngroute,0.19724870027756802,0,false,0.22999999999999998,false,false,6.0,false,1.005438e6,807116.6612903225,false,11
5.195,use_adaptive_ngroute,0.0608050090275748,0,false,0.2419375,false,false,6.550000000000001,false,1.005438e6,944302.3333333333,false,7
2.285,use_adaptive_ngroute,0.02294117920083938,0,false,0.3355,false,false,7.45,false,1.005438e6,982372.0666666664,false,3
0.591,use_adaptive_ngroute,0.021265995516381864,0,false,0.27399999999999997,false,false,7.75,false,1.005438e6,984056.3600000001,false,4
1.452,none,0.02049537945983082,0,false,0.4586666666666667,false,false,8.149999999999999,false,1.005438e6,984831.1666666666,false,0
