CG_time_taken,method,CG_LP_IP_gap,implemented_SR3_cuts_count,errored,CG_sp_time_taken_mean,converged,CGIP_artificial,ngroute_neighborhood_size,time_limit_reached,CGIP_objective,CGLP_objective,CGLP_artificial,cycles_lookup_length
2.611,use_adaptive_ngroute,0.365753982725448,0,false,0.13808333333333336,false,false,6.0,false,1.444177e6,915963.5104895106,false,19
2.128,use_adaptive_ngroute,0.09889381228090888,0,false,0.18749999999999997,false,false,8.45,false,1.18482e6,1.0676486333333335e6,false,13
1.326,use_adaptive_ngroute,0.09479858937716057,0,false,0.2506,false,false,9.950000000000001,false,1.18279e6,1.0706631764705882e6,false,2
0.168,none,0.09458335799254303,0,false,0.16,false,false,10.05,false,1.18279e6,1.07091775e6,false,0
