CG_time_taken,method,CG_LP_IP_gap,implemented_SR3_cuts_count,errored,CG_sp_time_taken_mean,converged,CGIP_artificial,ngroute_neighborhood_size,time_limit_reached,CGIP_objective,CGLP_objective,CGLP_artificial,cycles_lookup_length
9.342,use_adaptive_ngroute,0.3097741239289853,0,false,0.3404444444444444,false,false,6.0,false,1.190343e6,821605.5399999999,false,20
7.718,use_adaptive_ngroute,0.22435790811248557,0,false,0.5241428571428572,false,false,8.25,false,1.169182e6,906866.7722772278,false,12
5.141,use_adaptive_ngroute,0.1994486704846169,0,false,0.7215714285714286,false,false,9.65,false,1.169182e6,935990.2045454546,false,13
25.969,use_adaptive_ngroute,0.19469863599080384,0,false,4.308833333333333,false,false,11.899999999999999,false,1.169182e6,941543.859375,false,1
10.238,none,0.19394420491804976,0,false,2.55225,false,false,12.0,false,1.169182e6,942425.9266055047,false,0
