CG_time_taken,method,CG_LP_IP_gap,implemented_SR3_cuts_count,errored,CG_sp_time_taken_mean,converged,CGIP_artificial,ngroute_neighborhood_size,time_limit_reached,CGIP_objective,CGLP_objective,CGLP_artificial,cycles_lookup_length
10.247,use_adaptive_ngroute,0.3097741239289853,0,false,0.389,false,false,6.0,false,1.190343e6,821605.5399999999,false,20
10.897,use_adaptive_ngroute,0.23814667513714305,0,false,0.8714166666666666,false,false,8.25,false,1.190343e6,906866.7722772277,false,12
4.084,use_adaptive_ngroute,0.17684306198032418,0,false,1.0035,false,false,9.65,false,1.1360999943005268e6,935188.5925925928,false,13
30.578,use_adaptive_ngroute,0.12912180962647868,0,false,6.1036,false,false,11.950000000000001,false,1.081143e6,941543.859375,false,1
13.94,none,0.12830594416695607,0,false,4.630666666666667,false,false,12.05,false,1.081143e6,942425.9266055046,false,0
