CG_time_taken,method,CG_LP_IP_gap,implemented_SR3_cuts_count,errored,CG_sp_time_taken_mean,converged,CGIP_artificial,ngroute_neighborhood_size,time_limit_reached,CGIP_objective,CGLP_objective,CGLP_artificial,cycles_lookup_length
9.967,use_adaptive_ngroute,0.40660299689207746,0,false,0.3152777777777777,false,false,1.0,false,2.116002e6,1.2556292453703703e6,false,28
24.702,use_adaptive_ngroute,0.03275362653875025,0,false,1.2722222222222224,false,false,5.785714285714286,false,1.39755e6,1.3517751692307696e6,false,14
9.634,use_adaptive_ngroute,0.03096418732782369,0,false,1.3277142857142856,false,false,6.964285714285714,false,1.39755e6,1.354276e6,false,8
7.202,use_adaptive_ngroute,0.026383988881951814,0,false,2.354333333333333,false,false,7.821428571428572,false,1.39755e6,1.3606770563380283e6,false,5
15.989,none,0.025514650638617797,0,false,3.9215,false,false,8.392857142857144,false,1.39755e6,1.3618919999999998e6,false,0
