CG_time_taken,method,CG_LP_IP_gap,implemented_SR3_cuts_count,errored,CG_sp_time_taken_mean,converged,CGIP_artificial,ngroute_neighborhood_size,time_limit_reached,CGIP_objective,CGLP_objective,CGLP_artificial,cycles_lookup_length
5.697,use_adaptive_ngroute,0.40781013236221286,0,false,0.20073684210526316,false,false,6.0,false,1.590379e6,941806.3295039163,false,15
3.232,use_adaptive_ngroute,0.032936482456721095,0,false,0.2701818181818182,false,false,7.05,false,1.145858e6,1.1081174680851065e6,false,9
2.402,use_adaptive_ngroute,0.02607247044329175,0,false,0.3888333333333333,false,false,7.8999999999999995,false,1.145858e6,1.1159826511627906e6,false,9
1.95,none,0.02384093275904342,0,false,0.6423333333333332,false,false,8.9,false,1.145858e6,1.118539676470588e6,false,0
