CG_time_taken,method,CG_LP_IP_gap,implemented_SR3_cuts_count,errored,CG_sp_time_taken_mean,converged,CGIP_artificial,ngroute_neighborhood_size,time_limit_reached,CGIP_objective,CGLP_objective,CGLP_artificial,cycles_lookup_length
28.975,use_adaptive_ngroute,0.5244387086797417,0,false,1.118111111111111,false,false,6.0,false,1.405481e6,668392.3592860879,false,11
21.465,use_adaptive_ngroute,0.146230620799787,0,false,1.0270526315789472,false,false,6.7,false,1.05203e6,898191.0000000001,false,7
4.322,use_adaptive_ngroute,0.1348798383730847,0,false,0.45388888888888884,false,false,7.2,false,1.05203e6,910132.3636363636,false,4
2.92,none,0.13450234308907538,0,false,0.5464,false,false,7.550000000000001,false,1.05203e6,910529.5,false,0
