CG_time_taken,method,CG_LP_IP_gap,implemented_SR3_cuts_count,errored,CG_sp_time_taken_mean,converged,CGIP_artificial,ngroute_neighborhood_size,time_limit_reached,CGIP_objective,CGLP_objective,CGLP_artificial,cycles_lookup_length
2.666,use_adaptive_ngroute,0.4156667568439256,0,false,0.12706666666666666,false,false,6.0,false,1.693538e6,989590.5519480519,false,18
3.826,use_adaptive_ngroute,0.13542018592586946,0,false,0.3168181818181819,false,false,8.149999999999999,false,1.284598e6,1.1106375e6,false,9
1.551,use_adaptive_ngroute,0.12653530520832212,0,false,0.24916666666666668,false,false,8.6,false,1.284598e6,1.1220509999999998e6,false,5
1.848,use_adaptive_ngroute,0.09986320039766616,0,false,0.35619999999999996,false,false,8.85,false,1.249472e6,1.1246957272727273e6,false,1
0.708,use_adaptive_ngroute,0.07540358061724917,0,false,0.34550000000000003,false,false,9.15,false,1.216418e6,1.124695727272727e6,false,1
0.806,none,0.07508675060711034,0,false,0.25966666666666666,false,false,9.2,false,1.216418e6,1.125081125e6,false,0
