CG_time_taken,method,CG_LP_IP_gap,implemented_SR3_cuts_count,errored,CG_sp_time_taken_mean,converged,CGIP_artificial,ngroute_neighborhood_size,time_limit_reached,CGIP_objective,CGLP_objective,CGLP_artificial,cycles_lookup_length
8.7,use_adaptive_ngroute,0.3396231798864916,0,false,0.367625,false,false,6.0,false,1.496565e6,988296.8357931727,false,18
4.669,use_adaptive_ngroute,0.08744696572436483,0,false,0.35616666666666663,false,false,7.15,false,1.174712e6,1.071987e6,false,1
1.245,use_adaptive_ngroute,0.0873420889545693,0,false,0.39966666666666667,false,false,7.2,false,1.174712e6,1.0721102e6,false,4
2.196,none,0.0,0,false,0.428,true,false,7.4,false,1.0738e6,1.0738e6,false,0
