CG_time_taken,method,CG_LP_IP_gap,implemented_SR3_cuts_count,errored,CG_sp_time_taken_mean,converged,CGIP_artificial,ngroute_neighborhood_size,time_limit_reached,CGIP_objective,CGLP_objective,CGLP_artificial,cycles_lookup_length
20.349,use_adaptive_ngroute,0.38495160624815794,0,false,1.0013076923076922,false,false,6.0,false,1.3195e6,811556.3555555556,false,17
8.138,use_adaptive_ngroute,0.04755418192918215,0,false,0.6830909090909091,false,false,8.35,false,917280.0,873659.4999999998,false,7
4.471,use_adaptive_ngroute,0.012996031746031589,0,false,0.6836666666666668,false,false,9.4,false,917280.0,905359.0000000001,false,14
16.43,none,0.004193376068376109,0,false,1.6038999999999999,false,false,10.65,false,917280.0,913433.5,false,0
