CG_time_taken,method,CG_LP_IP_gap,implemented_SR3_cuts_count,errored,CG_sp_time_taken_mean,converged,CGIP_artificial,ngroute_neighborhood_size,time_limit_reached,CGIP_objective,CGLP_objective,CGLP_artificial,cycles_lookup_length
11.209,use_adaptive_ngroute,0.9999844917688802,0,false,0.338625,false,true,1.0,false,6.0e10,930493.8671874999,false,28
21.563,use_adaptive_ngroute,0.15229505327411397,0,false,1.344857142857143,false,false,6.142857142857142,false,1.279796e6,1.084889400000002e6,false,13
18.403,use_adaptive_ngroute,0.13637542473716358,0,false,2.5384285714285717,false,false,7.178571428571429,false,1.279796e6,1.105263276923077e6,false,12
33.18,use_adaptive_ngroute,0.13526332441925237,0,false,5.487833333333333,false,false,8.428571428571429,false,1.279796e6,1.1066865384615385e6,false,1
27.264,none,0.09791255855934677,0,false,5.4184,false,false,8.464285714285715,false,1.227079e6,1.1069325555555553e6,false,0
