CG_time_taken,method,CG_LP_IP_gap,implemented_SR3_cuts_count,errored,CG_sp_time_taken_mean,converged,CGIP_artificial,ngroute_neighborhood_size,time_limit_reached,CGIP_objective,CGLP_objective,CGLP_artificial,cycles_lookup_length
4.585,use_adaptive_ngroute,0.35997905728571844,0,false,0.17431250000000004,false,false,6.0,false,1.394106e6,892257.0363636363,false,16
6.105,use_adaptive_ngroute,0.08585232984208313,0,false,0.43746153846153846,false,false,8.149999999999999,false,1.079365e6,986699.0,false,11
6.123,use_adaptive_ngroute,0.07843698504550034,0,false,0.8569999999999999,false,false,9.05,false,1.079365e6,994702.8636363635,false,4
2.219,use_adaptive_ngroute,0.07796938670730813,0,false,0.7316666666666667,false,false,9.4,false,1.079365e6,995207.5729166664,false,2
3.609,none,0.07780863142823635,0,false,1.1816666666666666,false,false,9.6,false,1.079365e6,995381.0865384616,false,0
