CG_time_taken,method,CG_LP_IP_gap,implemented_SR3_cuts_count,errored,CG_sp_time_taken_mean,converged,CGIP_artificial,ngroute_neighborhood_size,time_limit_reached,CGIP_objective,CGLP_objective,CGLP_artificial,cycles_lookup_length
4.496,use_adaptive_ngroute,0.3694275490915587,0,false,0.13973333333333332,false,false,6.0,false,1.526511e6,962575.7826086957,false,19
3.787,use_adaptive_ngroute,0.04756188101351544,0,false,0.22392307692307695,false,false,7.7,false,1.134112e6,1.0801715e6,false,11
1.219,use_adaptive_ngroute,0.04139273722524739,0,false,0.26849999999999996,false,false,9.549999999999999,false,1.134112e6,1.0871680000000002e6,false,4
1.882,none,0.0,0,false,0.43425,true,false,9.950000000000001,false,1.09354e6,1.09354e6,false,0
