CG_time_taken,method,CG_LP_IP_gap,implemented_SR3_cuts_count,errored,CG_sp_time_taken_mean,converged,CGIP_artificial,ngroute_neighborhood_size,time_limit_reached,CGIP_objective,CGLP_objective,CGLP_artificial,cycles_lookup_length
4.532,use_adaptive_ngroute,0.3694275490915587,0,false,0.14806666666666668,false,false,6.0,false,1.526511e6,962575.7826086957,false,19
5.045,use_adaptive_ngroute,0.04756188101351544,0,false,0.2975714285714286,false,false,7.7,false,1.134112e6,1.0801715e6,false,11
2.34,use_adaptive_ngroute,0.010696836812042365,0,false,0.3665,false,false,9.1,false,1.098923e6,1.087168e6,false,4
0.987,use_adaptive_ngroute,0.006143742555210885,0,false,0.30833333333333335,false,false,9.5,false,1.098923e6,1.0921715e6,false,1
1.358,none,0.0,0,false,0.42333333333333334,true,false,9.549999999999999,false,1.09354e6,1.09354e6,false,0
