CG_time_taken,method,CG_LP_IP_gap,implemented_SR3_cuts_count,errored,CG_sp_time_taken_mean,converged,CGIP_artificial,ngroute_neighborhood_size,time_limit_reached,CGIP_objective,CGLP_objective,CGLP_artificial,cycles_lookup_length
3.506,use_adaptive_ngroute,0.3805026130040561,0,false,0.14186666666666664,false,false,6.0,false,1.418865e6,878983.16,false,18
4.116,use_adaptive_ngroute,0.0831646407126414,0,false,0.4167777777777778,false,false,8.6,false,1.183777e6,1.0853286111111115e6,false,11
3.717,use_adaptive_ngroute,0.07800748074887542,0,false,0.7302,false,false,9.700000000000001,false,1.183777e6,1.0914335384615385e6,false,4
1.87,use_adaptive_ngroute,0.07738205232066508,0,false,0.6113333333333334,false,false,9.899999999999999,false,1.183777e6,1.09217390625e6,false,1
1.491,none,0.07738205232066508,0,false,0.739,false,false,9.950000000000001,false,1.183777e6,1.09217390625e6,false,0
