CG_time_taken,method,CG_LP_IP_gap,implemented_SR3_cuts_count,errored,CG_sp_time_taken_mean,converged,CGIP_artificial,ngroute_neighborhood_size,time_limit_reached,CGIP_objective,CGLP_objective,CGLP_artificial,cycles_lookup_length
2.577,use_adaptive_ngroute,0.3599397280370119,0,false,0.13908333333333334,false,false,6.0,false,1.399601e6,895828.9966996701,false,20
2.505,use_adaptive_ngroute,0.03529144341613899,0,false,0.15915384615384617,false,false,8.3,false,1.077825e6,1.039787e6,false,3
0.984,use_adaptive_ngroute,0.028835849975645367,0,false,0.15216666666666667,false,false,8.5,false,1.077825e6,1.046745e6,false,9
1.354,none,0.025554473128754696,0,false,0.219,false,false,9.75,false,1.077825e6,1.05028175e6,false,0
