CG_time_taken,method,CG_LP_IP_gap,implemented_SR3_cuts_count,errored,CG_sp_time_taken_mean,converged,CGIP_artificial,ngroute_neighborhood_size,time_limit_reached,CGIP_objective,CGLP_objective,CGLP_artificial,cycles_lookup_length
20.078,use_adaptive_ngroute,0.9999827608038865,0,false,0.49044999999999994,false,true,1.0,false,6.0e10,1.0343517668122936e6,false,28
29.152,use_adaptive_ngroute,0.15612171910171213,0,false,1.7382,false,false,5.535714285714286,false,1.432725e6,1.2090455099999995e6,false,16
25.43,use_adaptive_ngroute,0.13712006221054562,0,false,2.4342,false,false,7.428571428571428,false,1.432725e6,1.236269658869396e6,false,14
13.064,use_adaptive_ngroute,0.13467821257063495,0,false,2.5604,false,false,8.75,false,1.432725e6,1.239768157894737e6,false,5
12.641,none,0.13314409022433937,0,false,3.12625,false,false,9.214285714285714,false,1.432725e6,1.2419661333333333e6,false,0
