CG_time_taken,method,CG_LP_IP_gap,implemented_SR3_cuts_count,errored,CG_sp_time_taken_mean,converged,CGIP_artificial,ngroute_neighborhood_size,time_limit_reached,CGIP_objective,CGLP_objective,CGLP_artificial,cycles_lookup_length
21.265,use_adaptive_ngroute,0.9999827608038865,0,false,0.5329999999999999,false,true,1.0,false,6.0e10,1.0343517668122936e6,false,28
30.699,use_adaptive_ngroute,0.21659614696780416,0,false,1.9456428571428568,false,false,5.535714285714286,false,1.543304e6,1.2090303e6,false,18
39.328,use_adaptive_ngroute,0.11127756749209983,0,false,2.6932142857142853,false,false,7.749999999999999,false,1.388842e6,1.2342950406091372e6,false,13
17.253,use_adaptive_ngroute,0.10733679000582008,0,false,2.823,false,false,8.821428571428571,false,1.388842e6,1.2397681578947369e6,false,6
19.235,use_adaptive_ngroute,0.10698543709151409,0,false,3.7980000000000005,false,false,9.5,false,1.388842e6,1.2402561315789474e6,false,4
9.088,use_adaptive_ngroute,0.10658419828253396,0,false,2.9836666666666667,false,false,9.785714285714285,false,1.388842e6,1.240813388888889e6,false,3
7.288,none,0.10575419426159816,0,false,3.583,false,false,10.0,false,1.388842e6,1.2419661333333335e6,false,0
