CG_time_taken,method,CG_LP_IP_gap,implemented_SR3_cuts_count,errored,CG_sp_time_taken_mean,converged,CGIP_artificial,ngroute_neighborhood_size,time_limit_reached,CGIP_objective,CGLP_objective,CGLP_artificial,cycles_lookup_length
7.054,use_adaptive_ngroute,0.4033075793028308,0,false,0.23716666666666666,false,false,6.0,false,1.485981e6,886673.6000000002,false,12
5.238,use_adaptive_ngroute,0.07490063863777263,0,false,0.34292307692307694,false,false,7.0,false,1.049979e6,971334.9023437501,false,8
2.481,use_adaptive_ngroute,0.06022620452409044,0,false,0.293,false,false,7.7,false,1.049979e6,986742.75,false,4
3.665,none,0.01148086446681984,0,false,0.6011666666666668,false,false,8.95,false,1.000818e6,989327.7441860463,false,0
