CG_time_taken,method,CG_LP_IP_gap,implemented_SR3_cuts_count,errored,CG_sp_time_taken_mean,converged,CGIP_artificial,ngroute_neighborhood_size,time_limit_reached,CGIP_objective,CGLP_objective,CGLP_artificial,cycles_lookup_length
10.784,use_adaptive_ngroute,0.3341547597978487,0,false,0.2396666666666667,false,false,6.0,false,1.348375e6,897809.0757575758,false,15
5.162,use_adaptive_ngroute,0.13297602616919857,0,false,0.3835833333333333,false,false,7.95,false,1.109234e6,961732.4705882352,false,16
8.549,use_adaptive_ngroute,0.12601722290814543,0,false,1.3828333333333336,false,false,10.0,false,1.109234e6,969451.4117647063,false,7
3.56,none,0.12572730370688256,0,false,1.772,false,false,11.2,false,1.109234e6,969772.9999999999,false,0
