CG_time_taken,method,CG_LP_IP_gap,implemented_SR3_cuts_count,errored,CG_sp_time_taken_mean,converged,CGIP_artificial,ngroute_neighborhood_size,time_limit_reached,CGIP_objective,CGLP_objective,CGLP_artificial,cycles_lookup_length
5.13,use_adaptive_ngroute,0.3617472969469133,0,false,0.18970588235294117,false,false,6.0,false,1.430044e6,912729.4484848483,false,20
40.811,use_adaptive_ngroute,0.11417584808118031,0,false,2.6826000000000003,false,false,10.7,false,1.094058e6,969143.0,false,2
33.155,use_adaptive_ngroute,0.11417584808118031,0,false,4.123125,false,false,10.9,false,1.094058e6,969143.0,false,1
16.911,none,0.11258980582179168,0,false,3.3617999999999997,false,false,10.95,false,1.094058e6,970878.2222222222,false,0
