CG_time_taken,method,CG_LP_IP_gap,implemented_SR3_cuts_count,errored,CG_sp_time_taken_mean,converged,CGIP_artificial,ngroute_neighborhood_size,time_limit_reached,CGIP_objective,CGLP_objective,CGLP_artificial,cycles_lookup_length
16.563,use_adaptive_ngroute,0.4146359508358911,0,false,0.8115714285714285,false,false,6.0,false,1.486331e6,870044.7325581391,false,10
2.122,use_adaptive_ngroute,0.21824039611885515,0,false,0.16733333333333336,false,false,7.0,false,1.286929e6,1.0060691052631579e6,false,19
6.111,use_adaptive_ngroute,0.05580763997638183,0,false,0.5914999999999999,false,false,10.200000000000001,false,1.090684e6,1.0298155e6,false,2
3.294,none,0.035492891644015145,0,false,0.6427999999999999,false,false,10.6,false,1.073877e6,1.035762e6,false,0
