CG_time_taken,method,CG_LP_IP_gap,implemented_SR3_cuts_count,errored,CG_sp_time_taken_mean,converged,CGIP_artificial,ngroute_neighborhood_size,time_limit_reached,CGIP_objective,CGLP_objective,CGLP_artificial,cycles_lookup_length
6.97,use_adaptive_ngroute,0.3000891379928813,0,false,0.2403125,false,false,6.0,false,1.327452e6,929098.0735930738,false,20
4.182,use_adaptive_ngroute,0.055584077213833294,0,false,0.34290909090909094,false,false,9.2,false,1.090789e6,1.0301585e6,false,2
1.872,use_adaptive_ngroute,0.052129605267379864,0,false,0.3654,false,false,9.299999999999999,false,1.090789e6,1.0339266e6,false,6
1.268,none,0.05066729984748042,0,false,0.4126666666666667,false,false,9.700000000000001,false,1.090789e6,1.0355216666666666e6,false,0
