CG_time_taken,method,CG_LP_IP_gap,implemented_SR3_cuts_count,errored,CG_sp_time_taken_mean,converged,CGIP_artificial,ngroute_neighborhood_size,time_limit_reached,CGIP_objective,CGLP_objective,CGLP_artificial,cycles_lookup_length
8.612,use_adaptive_ngroute,0.3383986853343095,0,false,0.2092857142857143,false,false,6.0,false,1.223936e6,809757.6666666665,false,9
1.674,use_adaptive_ngroute,0.21329591587636632,0,false,0.11609090909090909,false,false,6.5,false,1.137437e6,894826.3333333335,false,2
1.915,use_adaptive_ngroute,0.1244680496264674,0,false,0.17422222222222222,false,false,6.7,false,1.04944e6,918818.25,false,3
0.707,use_adaptive_ngroute,0.12348875922230984,0,false,0.22133333333333335,false,false,7.05,false,1.04944e6,919845.9565217391,false,4
0.873,none,0.12197838847385267,0,false,0.2803333333333333,false,false,7.550000000000001,false,1.04944e6,921431.0,false,0
