CG_time_taken,method,CG_LP_IP_gap,implemented_SR3_cuts_count,errored,CG_sp_time_taken_mean,converged,CGIP_artificial,ngroute_neighborhood_size,time_limit_reached,CGIP_objective,CGLP_objective,CGLP_artificial,cycles_lookup_length
4.653,use_adaptive_ngroute,0.9999551741602922,0,false,0.2086666666666667,false,true,6.0,false,2.0001040179e10,896563.4210526313,false,19
7.046,use_adaptive_ngroute,0.03033883444129437,0,false,0.5424166666666668,false,false,7.550000000000001,false,1.145648e6,1.110890375e6,false,4
7.816,use_adaptive_ngroute,0.029041206374034623,0,false,0.9650000000000001,false,false,8.1,false,1.145648e6,1.112377e6,false,1
3.145,use_adaptive_ngroute,0.0277886401407762,0,false,1.0356666666666665,false,false,8.25,false,1.145648e6,1.113812e6,false,1
0.885,use_adaptive_ngroute,0.026479453840388634,0,false,0.875,false,false,8.55,false,1.145648e6,1.1153118666666665e6,false,5
2.11,none,0.026370338009580552,0,false,1.0330000000000001,false,false,9.1,false,1.145648e6,1.115436875e6,false,0
