CG_time_taken,method,CG_LP_IP_gap,implemented_SR3_cuts_count,errored,CG_sp_time_taken_mean,converged,CGIP_artificial,ngroute_neighborhood_size,time_limit_reached,CGIP_objective,CGLP_objective,CGLP_artificial,cycles_lookup_length
3.986,use_adaptive_ngroute,0.39445416824332913,0,false,0.18053846153846154,false,false,1.0,false,1.547749e6,937232.9555555556,false,20
4.916,use_adaptive_ngroute,0.1291242287477351,0,false,0.3717499999999999,false,false,4.7,false,1.197364e6,1.0427552969696969e6,false,14
2.319,use_adaptive_ngroute,0.103094171864195,0,false,0.436,false,false,6.45,false,1.197364e6,1.07392275e6,false,5
1.383,use_adaptive_ngroute,0.10277368964578215,0,false,0.445,false,false,6.9,false,1.197364e6,1.0743064838709678e6,false,4
1.428,use_adaptive_ngroute,0.10268840874300023,0,false,0.4646666666666667,false,false,7.25,false,1.197364e6,1.0744085961538462e6,false,6
1.098,use_adaptive_ngroute,0.10223039944411227,0,false,0.539,false,false,7.8999999999999995,false,1.197364e6,1.074957e6,false,1
0.546,use_adaptive_ngroute,0.10174311692563465,0,false,0.536,false,false,8.0,false,1.197364e6,1.0755404545454544e6,false,4
1.253,use_adaptive_ngroute,0.10173590741284877,0,false,0.6184999999999999,false,false,9.2,false,1.197364e6,1.0755490869565217e6,false,3
1.319,none,0.1014435106553293,0,false,0.653,false,false,9.4,false,1.197364e6,1.0758991923076923e6,false,0
