CG_time_taken,method,CG_LP_IP_gap,implemented_SR3_cuts_count,errored,CG_sp_time_taken_mean,converged,CGIP_artificial,ngroute_neighborhood_size,time_limit_reached,CGIP_objective,CGLP_objective,CGLP_artificial,cycles_lookup_length
39.14,use_adaptive_ngroute,0.9999825648078416,0,false,0.8650769230769232,false,true,1.0,false,6.0e10,1.0461115295022748e6,false,28
173.857,use_adaptive_ngroute,0.1319084972825738,0,false,8.877105263157894,false,false,6.107142857142857,false,1.381401e6,1.1991824699453553e6,false,15
135.86,use_adaptive_ngroute,0.12696531832474078,0,false,16.87975,false,false,6.928571428571429,false,1.381401e6,1.2060109823008848e6,false,10
17.248,use_adaptive_ngroute,0.125626206052165,0,false,8.5795,false,false,7.7142857142857135,false,1.381401e6,1.2078608333333333e6,false,1
15.774,use_adaptive_ngroute,0.1250072842715475,0,false,5.226666666666667,false,false,7.749999999999999,false,1.381401e6,1.2087158125e6,false,1
23.643,none,0.12494216434563954,0,false,7.852999999999999,false,false,7.7857142857142865,false,1.381401e6,1.2088057692307692e6,false,0
