CG_time_taken,method,CG_LP_IP_gap,implemented_SR3_cuts_count,errored,CG_sp_time_taken_mean,converged,CGIP_artificial,ngroute_neighborhood_size,time_limit_reached,CGIP_objective,CGLP_objective,CGLP_artificial,cycles_lookup_length
8.24,use_adaptive_ngroute,0.9999679597297176,0,false,0.275304347826087,false,true,6.0,false,3.0001015161e10,961240.6345029237,false,19
14.715,use_adaptive_ngroute,0.18610386216298935,0,false,1.1706666666666667,false,false,7.2,false,1.286649e6,1.047198651851852e6,false,14
11.234,use_adaptive_ngroute,0.05514505075488241,0,false,1.0992,false,false,8.75,false,1.132075e6,1.0696466666666665e6,false,7
5.912,none,0.050584497002799544,0,false,1.4505,false,false,9.2,false,1.132075e6,1.0748095555555557e6,false,0
