CG_time_taken,method,CG_LP_IP_gap,implemented_SR3_cuts_count,errored,CG_sp_time_taken_mean,converged,CGIP_artificial,ngroute_neighborhood_size,time_limit_reached,CGIP_objective,CGLP_objective,CGLP_artificial,cycles_lookup_length
15.321,use_adaptive_ngroute,0.36898752691531944,0,false,0.33938095238095234,false,false,8.0,false,1.486443e6,937964.0735294118,false,20
14.695,use_adaptive_ngroute,0.06473780013778374,0,false,1.053538461538462,false,false,9.208333333333334,false,1.107533e6,1.03583375e6,false,9
14.151,use_adaptive_ngroute,0.060469229058336516,0,false,1.5264444444444443,false,false,10.083333333333332,false,1.107533e6,1.0405613333333334e6,false,4
7.038,none,0.06040414446642495,0,false,1.1385,false,false,10.375,false,1.107533e6,1.040633416666667e6,false,0
