CG_time_taken,method,CG_LP_IP_gap,implemented_SR3_cuts_count,errored,CG_sp_time_taken_mean,converged,CGIP_artificial,ngroute_neighborhood_size,time_limit_reached,CGIP_objective,CGLP_objective,CGLP_artificial,cycles_lookup_length
25.818,use_adaptive_ngroute,0.4067210268101161,0,false,0.5923,false,false,8.0,false,1.527456e6,906207.5272727273,false,17
36.0,use_adaptive_ngroute,0.172052473002978,0,false,1.8311176470588235,false,false,9.25,false,1.201151e6,994490.0,false,6
20.702,use_adaptive_ngroute,0.0042297282740419995,0,false,2.856714285714286,false,false,9.5,false,1.039724e6,1.03532625e6,false,2
7.41,none,-1.5543122344752192e-15,0,false,1.1578333333333333,true,false,9.666666666666668,false,1.039724e6,1.0397240000000016e6,false,0
