CG_time_taken,method,CG_LP_IP_gap,implemented_SR3_cuts_count,errored,CG_sp_time_taken_mean,converged,CGIP_artificial,ngroute_neighborhood_size,time_limit_reached,CGIP_objective,CGLP_objective,CGLP_artificial,cycles_lookup_length
24.203,use_adaptive_ngroute,0.4067210268101161,0,false,0.5197,false,false,8.0,false,1.527456e6,906207.5272727273,false,17
25.186,use_adaptive_ngroute,0.16158653534059997,0,false,1.2198823529411762,false,false,9.25,false,1.186157e6,994490.0,false,6
8.215,use_adaptive_ngroute,0.004229728274041777,0,false,1.5279999999999998,false,false,9.5,false,1.039724e6,1.0353262500000002e6,false,1
4.375,none,0.0,0,false,1.03075,true,false,9.541666666666666,false,1.039724e6,1.039724e6,false,0
