CG_time_taken,method,CG_LP_IP_gap,implemented_SR3_cuts_count,errored,CG_sp_time_taken_mean,converged,CGIP_artificial,ngroute_neighborhood_size,time_limit_reached,CGIP_objective,CGLP_objective,CGLP_artificial,cycles_lookup_length
10.897,use_adaptive_ngroute,0.3622153894024477,0,false,0.3741111111111111,false,false,8.0,false,1.822576e6,1.1624109244444445e6,false,24
12.105,use_adaptive_ngroute,0.06437610101646185,0,false,0.9896363636363634,false,false,11.166666666666666,false,1.378398e6,1.289662111111111e6,false,2
5.611,use_adaptive_ngroute,0.0526806793813579,0,false,1.0342,false,false,11.291666666666668,false,1.366526e6,1.2945364819277106e6,false,3
6.261,use_adaptive_ngroute,0.051422341515372616,0,false,1.2077999999999998,false,false,11.5,false,1.3665259648543652e6,1.296256e6,false,4
4.625,use_adaptive_ngroute,0.05070001513976974,0,false,1.51,false,false,12.083333333333334,false,1.366526e6,1.297243111111111e6,false,2
4.302,none,0.04971830262515886,0,false,2.112,false,false,12.166666666666666,false,1.366176e6,1.298252048192771e6,false,0
