CG_time_taken,method,CG_LP_IP_gap,implemented_SR3_cuts_count,errored,CG_sp_time_taken_mean,converged,CGIP_artificial,ngroute_neighborhood_size,time_limit_reached,CGIP_objective,CGLP_objective,CGLP_artificial,cycles_lookup_length
7.794,use_adaptive_ngroute,0.27363553632772863,0,false,0.22457894736842104,false,false,8.0,false,1.469167e6,1.0671507e6,false,21
11.623,use_adaptive_ngroute,0.19497033920244844,0,false,0.8301538461538461,false,false,9.333333333333334,false,1.40056e6,1.1274923417266188e6,false,13
13.286,use_adaptive_ngroute,0.12388043676655291,0,false,1.4263333333333335,false,false,10.5,false,1.303946e6,1.1424126000000003e6,false,3
6.987,use_adaptive_ngroute,0.11962765329239078,0,false,1.705,false,false,10.791666666666668,false,1.303946e6,1.1479580000000002e6,false,4
5.511,none,0.09739667110686634,0,false,1.7979999999999998,false,false,11.333333333333334,false,1.273216e6,1.149209e6,false,0
