CG_time_taken,method,CG_LP_IP_gap,implemented_SR3_cuts_count,errored,CG_sp_time_taken_mean,converged,CGIP_artificial,ngroute_neighborhood_size,time_limit_reached,CGIP_objective,CGLP_objective,CGLP_artificial,cycles_lookup_length
14.694,use_adaptive_ngroute,0.38185382924752764,0,false,0.4699,false,false,8.0,false,1.773513e6,1.0962902697297295e6,false,24
22.986,use_adaptive_ngroute,0.05928650442747474,0,false,1.3543125,false,false,10.166666666666668,false,1.305577e6,1.2281739034090908e6,false,6
23.285,use_adaptive_ngroute,0.05238838683330571,0,false,3.2688571428571427,false,false,11.166666666666666,false,1.305577e6,1.2371799270833333e6,false,2
16.094,use_adaptive_ngroute,0.05211789998357019,0,false,2.6466666666666665,false,false,11.291666666666668,false,1.305577e6,1.2375330684931504e6,false,8
13.401,use_adaptive_ngroute,0.05178626640430495,0,false,3.3265,false,false,11.791666666666668,false,1.305577e6,1.2379660416666667e6,false,2
8.529,none,0.05175245956042618,0,false,4.2425,false,false,11.958333333333334,false,1.305577e6,1.2380101791044774e6,false,0
