CG_time_taken,method,CG_LP_IP_gap,implemented_SR3_cuts_count,errored,CG_sp_time_taken_mean,converged,CGIP_artificial,ngroute_neighborhood_size,time_limit_reached,CGIP_objective,CGLP_objective,CGLP_artificial,cycles_lookup_length
21.492,use_adaptive_ngroute,0.3991179034268393,0,false,0.4756799999999999,false,false,1.0,false,1.797103e6,1.0798470183979168e6,false,27
13.564,use_adaptive_ngroute,0.06424292993411274,0,false,0.759375,false,false,3.8571428571428568,false,1.313277e6,1.2289082377049183e6,false,19
10.965,use_adaptive_ngroute,0.05168626447652791,0,false,0.9484545454545454,false,false,6.0,false,1.313277e6,1.2453986176470588e6,false,2
6.574,none,0.05162188428894532,0,false,1.0721666666666667,false,false,6.178571428571428,false,1.313277e6,1.2454831666666667e6,false,0
