CG_time_taken,method,CG_LP_IP_gap,implemented_SR3_cuts_count,errored,CG_sp_time_taken_mean,converged,CGIP_artificial,ngroute_neighborhood_size,time_limit_reached,CGIP_objective,CGLP_objective,CGLP_artificial,cycles_lookup_length
13.708,use_adaptive_ngroute,0.43919924231073293,0,false,0.4648823529411764,false,false,8.0,false,1.728944e6,969593.1052023121,false,24
24.857,use_adaptive_ngroute,0.07860019005477403,0,false,2.1575454545454544,false,false,11.333333333333334,false,1.195558e6,1.1015869139784945e6,false,13
17.329,use_adaptive_ngroute,0.07607733131221206,0,false,2.837666666666667,false,false,12.333333333333334,false,1.195558e6,1.1046031379310344e6,false,2
10.902,none,0.07549728186365268,0,false,3.5953333333333335,false,false,12.416666666666668,false,1.195558e6,1.1052966206896552e6,false,0
