CG_time_taken,method,CG_LP_IP_gap,implemented_SR3_cuts_count,errored,CG_sp_time_taken_mean,converged,CGIP_artificial,ngroute_neighborhood_size,time_limit_reached,CGIP_objective,CGLP_objective,CGLP_artificial,cycles_lookup_length
12.653,use_adaptive_ngroute,0.23506141845183592,0,false,0.37413636363636366,false,false,8.0,false,1.498084e6,1.1459422499999998e6,false,16
6.541,use_adaptive_ngroute,0.1601158789344711,0,false,0.4172307692307692,false,false,8.916666666666666,false,1.475159e6,1.2389626201469046e6,false,17
16.703,use_adaptive_ngroute,0.10190647799618924,0,false,1.3345833333333335,false,false,10.416666666666666,false,1.39475e6,1.252615939814815e6,false,10
3.332,use_adaptive_ngroute,0.10147853419394892,0,false,1.64,false,false,11.0,false,1.39475e6,1.2532128144329898e6,false,3
2.012,none,0.10135712310996747,0,false,2.001,false,false,11.125,false,1.39475e6,1.253382152542373e6,false,0
