CG_time_taken,method,CG_LP_IP_gap,implemented_SR3_cuts_count,errored,CG_sp_time_taken_mean,converged,CGIP_artificial,ngroute_neighborhood_size,time_limit_reached,CGIP_objective,CGLP_objective,CGLP_artificial,cycles_lookup_length
15.71,use_adaptive_ngroute,0.3162842690798694,0,false,0.4111,false,false,8.0,false,1.443393e6,986870.5000000001,false,21
15.1,use_adaptive_ngroute,0.03315562599130395,0,false,0.9354666666666666,false,false,9.666666666666668,false,1.144472e6,1.1065263144104804e6,false,9
9.367,use_adaptive_ngroute,0.030520624357782467,0,false,1.5141666666666664,false,false,11.041666666666666,false,1.144472e6,1.109542e6,false,5
3.737,use_adaptive_ngroute,0.030128030655184213,0,false,1.8455000000000001,false,false,11.749999999999998,false,1.144472e6,1.1099913125e6,false,2
4.92,use_adaptive_ngroute,0.030098786820472623,0,false,2.441,false,false,11.833333333333334,false,1.144472e6,1.11002478125e6,false,2
18.85,none,0.029308629874737036,0,false,3.7382,false,false,11.916666666666668,false,1.144472e6,1.11092909375e6,false,0
