CG_time_taken,method,CG_LP_IP_gap,implemented_SR3_cuts_count,errored,CG_sp_time_taken_mean,converged,CGIP_artificial,ngroute_neighborhood_size,time_limit_reached,CGIP_objective,CGLP_objective,CGLP_artificial,cycles_lookup_length
21.671,use_adaptive_ngroute,0.3894976586128688,0,false,0.5443684210526316,false,false,8.0,false,1.347563e6,822690.3666666667,false,24
44.965,use_adaptive_ngroute,0.12613360972533993,0,false,2.596,false,false,10.583333333333332,false,1.064189e6,929959.0000000002,false,20
27.865,use_adaptive_ngroute,0.11856314352032482,0,false,3.40125,false,false,12.5,false,1.058533e6,933030.0,false,1
29.248,use_adaptive_ngroute,0.06974440673270066,0,false,4.817,false,false,12.541666666666666,false,1.01059e6,940107.0,false,1
15.236,none,0.06784650550668425,0,false,3.75375,false,false,12.583333333333334,false,1.01059e6,942025.0,false,0
