CG_time_taken,method,CG_LP_IP_gap,implemented_SR3_cuts_count,errored,CG_sp_time_taken_mean,converged,CGIP_artificial,ngroute_neighborhood_size,time_limit_reached,CGIP_objective,CGLP_objective,CGLP_artificial,cycles_lookup_length
9.106,use_adaptive_ngroute,0.44083649785690926,0,false,0.2654705882352942,false,false,8.0,false,1.749111e6,978039.0323970036,false,24
12.815,use_adaptive_ngroute,0.12989822472308143,0,false,0.9810833333333334,false,false,11.541666666666666,false,1.35205e6,1.1764211052631577e6,false,10
9.403,use_adaptive_ngroute,0.12193761325394803,0,false,1.8401999999999998,false,false,12.708333333333332,false,1.35205e6,1.1871842499999995e6,false,1
4.096,none,0.12113299875577244,0,false,2.032,false,false,12.75,false,1.35205e6,1.188272129032258e6,false,0
