CG_time_taken,method,CG_LP_IP_gap,implemented_SR3_cuts_count,errored,CG_sp_time_taken_mean,converged,CGIP_artificial,ngroute_neighborhood_size,time_limit_reached,CGIP_objective,CGLP_objective,CGLP_artificial,cycles_lookup_length
18.236,use_adaptive_ngroute,0.4928624995986136,0,false,0.49,false,false,8.0,false,1.913275e6,970293.5010804626,false,20
8.446,use_adaptive_ngroute,0.11200813773550189,0,false,0.7596,false,false,9.583333333333334,false,1.293726e6,1.1488181600000001e6,false,8
12.338,use_adaptive_ngroute,0.029661085072052784,0,false,0.9960833333333334,false,false,9.916666666666666,false,1.199037e6,1.163472261538461e6,false,5
4.874,none,0.029451679844870293,0,false,1.202,false,false,10.208333333333334,false,1.199037e6,1.1637233461538462e6,false,0
