CG_time_taken,method,CG_LP_IP_gap,implemented_SR3_cuts_count,errored,CG_sp_time_taken_mean,converged,CGIP_artificial,ngroute_neighborhood_size,time_limit_reached,CGIP_objective,CGLP_objective,CGLP_artificial,cycles_lookup_length
23.473,use_adaptive_ngroute,0.9999824111722965,0,false,0.38344000000000006,false,true,1.0,false,6.0e10,1.0553296622128515e6,false,26
28.057,use_adaptive_ngroute,0.09611374709533016,0,false,1.2659444444444445,false,false,4.607142857142857,false,1.321208e6,1.194221748427673e6,false,24
60.42,use_adaptive_ngroute,0.054897497258690864,0,false,3.7078125000000006,false,false,8.142857142857142,false,1.290464e6,1.2196207560975607e6,false,4
2.809,none,0.05463648972534141,0,false,2.777,false,false,8.428571428571429,false,1.290464e6,1.219957576923077e6,false,0
