CG_time_taken,method,CG_LP_IP_gap,implemented_SR3_cuts_count,errored,CG_sp_time_taken_mean,converged,CGIP_artificial,ngroute_neighborhood_size,time_limit_reached,CGIP_objective,CGLP_objective,CGLP_artificial,cycles_lookup_length
7.743,use_adaptive_ngroute,0.31972258781325424,0,false,0.2464761904761905,false,false,8.0,false,1.54693e6,1.0523415372340425e6,false,21
9.877,use_adaptive_ngroute,0.1838567313725118,0,false,0.5269444444444444,false,false,9.5,false,1.472716e6,1.20194725e6,false,8
3.839,use_adaptive_ngroute,0.10220310663956678,0,false,0.7506000000000002,false,false,10.541666666666666,false,1.343629e6,1.2063059420289856e6,false,4
7.023,none,0.04043710325564054,0,false,0.6868000000000001,false,false,10.916666666666666,false,1.258796e6,1.2078939361702127e6,false,0
