CG_time_taken,method,CG_LP_IP_gap,implemented_SR3_cuts_count,errored,CG_sp_time_taken_mean,converged,CGIP_artificial,ngroute_neighborhood_size,time_limit_reached,CGIP_objective,CGLP_objective,CGLP_artificial,cycles_lookup_length
24.836,use_adaptive_ngroute,0.39673070253214193,0,false,0.8943157894736842,false,false,8.0,false,1.780877e6,1.0743484166666667e6,false,21
48.975,use_adaptive_ngroute,0.15907101927370249,0,false,3.1757999999999997,false,false,9.875,false,1.388646e6,1.16775266536965e6,false,13
20.596,use_adaptive_ngroute,0.07420704118349974,0,false,2.8699999999999997,false,false,11.083333333333332,false,1.282911e6,1.1877099705882352e6,false,3
8.109,none,0.07416085194317679,0,false,2.6566666666666667,false,false,11.208333333333332,false,1.282911e6,1.187769227272727e6,false,0
