CG_time_taken,method,CG_LP_IP_gap,implemented_SR3_cuts_count,errored,CG_sp_time_taken_mean,converged,CGIP_artificial,ngroute_neighborhood_size,time_limit_reached,CGIP_objective,CGLP_objective,CGLP_artificial,cycles_lookup_length
6.479,use_adaptive_ngroute,0.999982059698086,0,false,0.24584210526315786,false,true,8.0,false,6.0e10,1.0764181148409895e6,false,21
6.88,use_adaptive_ngroute,0.10370328624386338,0,false,0.5670909090909091,false,false,9.166666666666668,false,1.304184e6,1.1689358333333333e6,false,8
5.302,use_adaptive_ngroute,0.014394775327466025,0,false,0.5716666666666667,false,false,9.5,false,1.20533e6,1.1879795454545454e6,false,7
4.548,none,0.013314749211142618,0,false,0.8978,false,false,10.375,false,1.20533e6,1.1892813333333335e6,false,0
