CG_time_taken,method,CG_LP_IP_gap,implemented_SR3_cuts_count,errored,CG_sp_time_taken_mean,converged,CGIP_artificial,ngroute_neighborhood_size,time_limit_reached,CGIP_objective,CGLP_objective,CGLP_artificial,cycles_lookup_length
7.927,use_adaptive_ngroute,0.24592878827816278,0,false,0.2883125,false,false,8.0,false,1.425207e6,1.0747075694444445e6,false,24
13.868,use_adaptive_ngroute,0.18369686524160145,0,false,0.8817142857142858,false,false,10.833333333333334,false,1.388289e6,1.1332646626506024e6,false,17
15.968,use_adaptive_ngroute,0.06867875531173417,0,false,1.9405000000000001,false,false,12.166666666666666,false,1.245356e6,1.1598265e6,false,7
11.953,use_adaptive_ngroute,0.05386698979839388,0,false,2.3548,false,false,12.458333333333334,false,1.245356e6,1.1782724210526315e6,false,8
15.222,none,0.05301991291379071,0,false,2.508833333333333,false,false,13.25,false,1.245356e6,1.1793273333333333e6,false,0
