CG_time_taken,method,CG_LP_IP_gap,implemented_SR3_cuts_count,errored,CG_sp_time_taken_mean,converged,CGIP_artificial,ngroute_neighborhood_size,time_limit_reached,CGIP_objective,CGLP_objective,CGLP_artificial,cycles_lookup_length
11.69,use_adaptive_ngroute,0.43210451329322686,0,false,0.5197999999999999,false,false,8.0,false,1.794646e6,1.0191713636363636e6,false,24
21.428,use_adaptive_ngroute,0.12377192936275205,0,false,1.3604000000000005,false,false,10.583333333333332,false,1.329629e6,1.1650582533333334e6,false,5
12.8,use_adaptive_ngroute,0.1210390266758622,0,false,2.0925000000000002,false,false,11.208333333333332,false,1.329629e6,1.168692e6,false,2
6.742,none,0.12071043877653076,0,false,3.328,false,false,11.458333333333334,false,1.329629e6,1.1691289000000001e6,false,0
