CG_time_taken,method,CG_LP_IP_gap,implemented_SR3_cuts_count,errored,CG_sp_time_taken_mean,converged,CGIP_artificial,ngroute_neighborhood_size,time_limit_reached,CGIP_objective,CGLP_objective,CGLP_artificial,cycles_lookup_length
6.219,use_adaptive_ngroute,0.9999815216218055,0,false,0.20811764705882355,false,true,8.0,false,6.0e10,1.1087026916666667e6,false,23
7.904,use_adaptive_ngroute,0.13862335679511428,0,false,0.5954999999999999,false,false,10.416666666666666,false,1.457974e6,1.25586475e6,false,11
4.857,use_adaptive_ngroute,0.1056249862177644,0,false,0.7891666666666667,false,false,11.333333333333334,false,1.419936e6,1.2699552795698924e6,false,9
8.718,use_adaptive_ngroute,0.100487890361738,0,false,1.2284285714285714,false,false,12.166666666666666,false,1.419936e6,1.2772496269113151e6,false,2
0.991,none,0.10042315140729341,0,false,0.979,false,false,12.25,false,1.419936e6,1.2773415520833335e6,false,0
