CG_time_taken,method,CG_LP_IP_gap,implemented_SR3_cuts_count,errored,CG_sp_time_taken_mean,converged,CGIP_artificial,ngroute_neighborhood_size,time_limit_reached,CGIP_objective,CGLP_objective,CGLP_artificial,cycles_lookup_length
5.643,use_adaptive_ngroute,0.9999815216218055,0,false,0.18976470588235292,false,true,8.0,false,6.0e10,1.1087026916666667e6,false,23
6.328,use_adaptive_ngroute,0.13862335679511428,0,false,0.4641666666666666,false,false,10.416666666666666,false,1.457974e6,1.25586475e6,false,11
3.912,use_adaptive_ngroute,0.12895889805312533,0,false,0.63,false,false,11.333333333333334,false,1.457974e6,1.2699552795698927e6,false,9
5.613,none,0.12389277718029745,0,false,0.9215,false,false,12.166666666666666,false,1.457974e6,1.277341552083333e6,false,0
