CG_time_taken,method,CG_LP_IP_gap,implemented_SR3_cuts_count,errored,CG_sp_time_taken_mean,converged,CGIP_artificial,ngroute_neighborhood_size,time_limit_reached,CGIP_objective,CGLP_objective,CGLP_artificial,cycles_lookup_length
9.85,use_adaptive_ngroute,0.3611272833662964,0,false,0.324,false,false,8.0,false,1.517677e6,969602.4279624893,false,24
14.741,use_adaptive_ngroute,0.12733768349075347,0,false,1.052769230769231,false,false,10.791666666666668,false,1.228143e6,1.0717541153846155e6,false,7
11.813,use_adaptive_ngroute,0.12523930664244942,0,false,2.3124000000000002,false,false,11.541666666666666,false,1.228143e6,1.0743312222222222e6,false,9
9.965,use_adaptive_ngroute,0.11613621947160646,0,false,2.4425,false,false,12.5,false,1.215942e6,1.074727093023256e6,false,6
6.472,use_adaptive_ngroute,0.1154535399050104,0,false,2.122333333333333,false,false,12.75,false,1.215942e6,1.075557191780822e6,false,4
10.609,none,0.11524944064693554,0,false,2.63225,false,false,12.916666666666668,false,1.215942e6,1.0758053646408839e6,false,0
