CG_time_taken,method,CG_LP_IP_gap,implemented_SR3_cuts_count,errored,CG_sp_time_taken_mean,converged,CGIP_artificial,ngroute_neighborhood_size,time_limit_reached,CGIP_objective,CGLP_objective,CGLP_artificial,cycles_lookup_length
5.579,use_adaptive_ngroute,0.37258231852662305,0,false,0.19473333333333337,false,false,8.0,false,1.642431e6,1.03049025e6,false,23
7.7,use_adaptive_ngroute,0.0485088114569997,0,false,0.4745999999999999,false,false,10.583333333333332,false,1.173312e6,1.1163960294117648e6,false,2
2.463,use_adaptive_ngroute,0.04668781619893092,0,false,0.46900000000000003,false,false,10.666666666666668,false,1.173312e6,1.118532625e6,false,2
2.266,none,0.04648094453990059,0,false,0.5357500000000001,false,false,10.75,false,1.173312e6,1.11877535e6,false,0
