CG_time_taken,method,CG_LP_IP_gap,implemented_SR3_cuts_count,errored,CG_sp_time_taken_mean,converged,CGIP_artificial,ngroute_neighborhood_size,time_limit_reached,CGIP_objective,CGLP_objective,CGLP_artificial,cycles_lookup_length
20.262,use_adaptive_ngroute,0.4013556623669491,0,false,0.6248421052631579,false,false,1.0,false,1.649557e6,987497.9576529627,false,27
30.667,use_adaptive_ngroute,0.2728298179635551,0,false,1.4973888888888889,false,false,5.571428571428571,false,1.492778e6,1.0855036500000001e6,false,22
20.909,use_adaptive_ngroute,0.15171415261146226,0,false,2.2487777777777778,false,false,7.5,false,1.322286e6,1.1216765e6,false,5
9.107,none,0.15056803142436637,0,false,2.23975,false,false,7.749999999999999,false,1.322286e6,1.1231920000000002e6,false,0
