CG_time_taken,method,CG_LP_IP_gap,implemented_SR3_cuts_count,errored,CG_sp_time_taken_mean,converged,CGIP_artificial,ngroute_neighborhood_size,time_limit_reached,CGIP_objective,CGLP_objective,CGLP_artificial,cycles_lookup_length
9.561,use_adaptive_ngroute,0.4551632173510203,0,false,0.28540909090909095,false,false,8.0,false,1.732045e6,943681.8252032521,false,23
15.974,use_adaptive_ngroute,0.12425507741243413,0,false,0.9753333333333336,false,false,9.958333333333332,false,1.220282e6,1.068655765625e6,false,4
11.946,use_adaptive_ngroute,0.08919051585968196,0,false,1.6624285714285716,false,false,10.208333333333334,false,1.185562e6,1.0798211136363638e6,false,2
4.149,none,0.08345661392521109,0,false,2.056,false,false,10.416666666666666,false,1.178618e6,1.0802545326086956e6,false,0
