CG_time_taken,method,CG_LP_IP_gap,implemented_SR3_cuts_count,errored,CG_sp_time_taken_mean,converged,CGIP_artificial,ngroute_neighborhood_size,time_limit_reached,CGIP_objective,CGLP_objective,CGLP_artificial,cycles_lookup_length
14.078,use_adaptive_ngroute,0.34133684835019873,0,false,0.4661,false,false,8.0,false,1.447446e6,953379.3442028983,false,19
8.057,use_adaptive_ngroute,0.1155968845911608,0,false,0.4649333333333334,false,false,9.041666666666668,false,1.205799e6,1.066412392156863e6,false,8
3.193,use_adaptive_ngroute,0.0533832040389115,0,false,0.43842857142857145,false,false,10.083333333333332,false,1.13694e6,1.0762465e6,false,3
3.389,none,0.051825388448693,0,false,0.6638,false,false,10.208333333333334,false,1.13694e6,1.078017642857143e6,false,0
