CG_time_taken,method,CG_LP_IP_gap,implemented_SR3_cuts_count,errored,CG_sp_time_taken_mean,converged,CGIP_artificial,ngroute_neighborhood_size,time_limit_reached,CGIP_objective,CGLP_objective,CGLP_artificial,cycles_lookup_length
15.348,use_adaptive_ngroute,0.34133684835019873,0,false,0.52205,false,false,8.0,false,1.447446e6,953379.3442028983,false,19
9.212,use_adaptive_ngroute,0.14135171405092006,0,false,0.4996874999999999,false,false,9.041666666666668,false,1.237964e6,1.0629756666666667e6,false,8
3.798,use_adaptive_ngroute,0.13096152760957236,0,false,0.6161666666666666,false,false,9.75,false,1.237964e6,1.0758383434343433e6,false,3
2.216,none,0.129201137628281,0,false,0.7253333333333333,false,false,10.041666666666666,false,1.237964e6,1.0780176428571427e6,false,0
