CG_time_taken,method,CG_LP_IP_gap,implemented_SR3_cuts_count,errored,CG_sp_time_taken_mean,converged,CGIP_artificial,ngroute_neighborhood_size,time_limit_reached,CGIP_objective,CGLP_objective,CGLP_artificial,cycles_lookup_length
9.868,use_adaptive_ngroute,0.9998952801590254,0,false,0.31345833333333334,false,true,8.0,false,1.0001519245e10,1.0473575048409406e6,false,23
24.56,use_adaptive_ngroute,0.052146056019813924,0,false,1.5735333333333335,false,false,9.875,false,1.236865e6,1.1723673684210528e6,false,7
19.319,use_adaptive_ngroute,0.04812473471235745,0,false,2.129888888888889,false,false,10.333333333333334,false,1.236865e6,1.1773412e6,false,2
9.63,none,0.035226406333300875,0,false,1.5909999999999997,false,false,10.416666666666666,false,1.221101e6,1.178086e6,false,0
