CG_time_taken,method,CG_LP_IP_gap,implemented_SR3_cuts_count,errored,CG_sp_time_taken_mean,converged,CGIP_artificial,ngroute_neighborhood_size,time_limit_reached,CGIP_objective,CGLP_objective,CGLP_artificial,cycles_lookup_length
6.719,use_adaptive_ngroute,0.40594023995327033,0,false,0.21211764705882352,false,false,8.0,false,1.677277e6,996402.7721518986,false,20
11.162,use_adaptive_ngroute,0.1590324463958669,0,false,0.7156428571428572,false,false,10.833333333333334,false,1.32615e6,1.115249121212121e6,false,12
9.49,use_adaptive_ngroute,0.1569343794236906,0,false,1.2941428571428568,false,false,11.916666666666668,false,1.32615e6,1.1180314727272727e6,false,5
7.152,none,0.15638339051640704,0,false,1.76075,false,false,12.375,false,1.32615e6,1.1187621666666667e6,false,0
