CG_time_taken,method,CG_LP_IP_gap,implemented_SR3_cuts_count,errored,CG_sp_time_taken_mean,converged,CGIP_artificial,ngroute_neighborhood_size,time_limit_reached,CGIP_objective,CGLP_objective,CGLP_artificial,cycles_lookup_length
9.073,use_adaptive_ngroute,0.37786933539369894,0,false,0.2274705882352941,false,false,8.0,false,1.451359e6,902934.9392523365,false,24
7.638,use_adaptive_ngroute,0.02973704674589206,0,false,0.6360909090909092,false,false,11.208333333333332,false,1.039906e6,1.0089822666666664e6,false,11
2.924,use_adaptive_ngroute,0.025379537509479966,0,false,0.4473333333333333,false,false,12.083333333333334,false,1.039906e6,1.0135136666666667e6,false,6
1.947,none,0.024953216925376,0,false,0.6273333333333334,false,false,12.333333333333334,false,1.039906e6,1.013957e6,false,0
