CG_time_taken,method,CG_LP_IP_gap,implemented_SR3_cuts_count,errored,CG_sp_time_taken_mean,converged,CGIP_artificial,ngroute_neighborhood_size,time_limit_reached,CGIP_objective,CGLP_objective,CGLP_artificial,cycles_lookup_length
9.641,use_adaptive_ngroute,0.37786933539369894,0,false,0.2674705882352941,false,false,8.0,false,1.451359e6,902934.9392523365,false,24
11.082,use_adaptive_ngroute,0.02973704674589206,0,false,0.9399090909090909,false,false,11.208333333333332,false,1.039906e6,1.0089822666666664e6,false,11
5.02,use_adaptive_ngroute,0.025379537509479966,0,false,0.6787142857142855,false,false,12.083333333333334,false,1.039906e6,1.0135136666666667e6,false,6
4.267,none,0.024953216925376,0,false,1.0337500000000002,false,false,12.333333333333334,false,1.039906e6,1.013957e6,false,0
