CG_time_taken,method,CG_LP_IP_gap,implemented_SR3_cuts_count,errored,CG_sp_time_taken_mean,converged,CGIP_artificial,ngroute_neighborhood_size,time_limit_reached,CGIP_objective,CGLP_objective,CGLP_artificial,cycles_lookup_length
23.724,use_adaptive_ngroute,0.9999814439237494,0,false,0.7432727272727274,false,true,1.0,false,6.0e10,1.1133645750368342e6,false,24
23.777,use_adaptive_ngroute,0.09211172787238264,0,false,1.2897500000000004,false,false,4.821428571428571,false,1.339254e6,1.215893e6,false,3
7.733,use_adaptive_ngroute,0.09133990515117629,0,false,1.5048,false,false,5.25,false,1.339254e6,1.2169266666666665e6,false,2
12.833,use_adaptive_ngroute,0.08560088925127984,0,false,1.1213636363636366,false,false,5.357142857142858,false,1.339254e6,1.2246126666666665e6,false,3
16.101,none,0.08151179686601662,0,false,2.6185000000000005,false,false,5.892857142857142,false,1.339254e6,1.2300889999999998e6,false,0
