CG_time_taken,method,CG_LP_IP_gap,implemented_SR3_cuts_count,errored,CG_sp_time_taken_mean,converged,CGIP_artificial,ngroute_neighborhood_size,time_limit_reached,CGIP_objective,CGLP_objective,CGLP_artificial,cycles_lookup_length
20.308,use_adaptive_ngroute,0.3801507956261707,0,false,0.5220454545454547,false,false,8.0,false,1.481501e6,918307.2161290324,false,20
32.965,use_adaptive_ngroute,0.06522482420488984,0,false,1.8218823529411765,false,false,9.333333333333334,false,1.08507e6,1.0142965000000002e6,false,6
22.531,use_adaptive_ngroute,0.05033151983026163,0,false,4.474000000000001,false,false,9.708333333333334,false,1.08507e6,1.030456777777778e6,false,4
17.235,use_adaptive_ngroute,0.04798136190626978,0,false,4.28875,false,false,10.458333333333334,false,1.08507e6,1.0330068636363639e6,false,2
19.007,none,0.04669295529320727,0,false,6.3229999999999995,false,false,10.708333333333334,false,1.08507e6,1.0344048749999995e6,false,0
