CG_time_taken,method,CG_LP_IP_gap,implemented_SR3_cuts_count,errored,CG_sp_time_taken_mean,converged,CGIP_artificial,ngroute_neighborhood_size,time_limit_reached,CGIP_objective,CGLP_objective,CGLP_artificial,cycles_lookup_length
40.405,use_adaptive_ngroute,0.2917926486313256,0,false,0.7166388888888889,false,false,8.0,false,1.241205e6,879030.5055555556,false,17
68.507,use_adaptive_ngroute,0.14849552750416428,0,false,4.086,false,false,9.25,false,1.174383e6,999992.376923077,false,16
119.815,use_adaptive_ngroute,0.1380464607088714,0,false,13.223888888888888,false,false,10.833333333333334,false,1.174383e6,1.0122635833333335e6,false,11
76.746,use_adaptive_ngroute,0.1373109604427667,0,false,19.15175,false,false,12.291666666666666,false,1.174383e6,1.0131273423423424e6,false,1
122.738,use_adaptive_ngroute,0.13641847240952998,0,false,40.89533333333334,false,false,12.458333333333334,false,1.174383e6,1.014175465116279e6,false,2
98.036,none,0.13635017991007492,0,false,32.653,false,false,12.583333333333334,false,1.174383e6,1.0142556666666665e6,false,0
