CG_time_taken,method,CG_LP_IP_gap,implemented_SR3_cuts_count,errored,CG_sp_time_taken_mean,converged,CGIP_artificial,ngroute_neighborhood_size,time_limit_reached,CGIP_objective,CGLP_objective,CGLP_artificial,cycles_lookup_length
11.696,use_adaptive_ngroute,0.31625303431519414,0,false,0.33231578947368423,false,false,8.0,false,1.498308e6,1.0244635486612702e6,false,24
14.101,use_adaptive_ngroute,0.019940076241669602,0,false,0.9378571428571427,false,false,10.458333333333334,false,1.166816e6,1.1435496e6,false,13
16.246,use_adaptive_ngroute,0.012576961577489554,0,false,1.4358181818181817,false,false,12.208333333333332,false,1.166816e6,1.152141e6,false,8
15.602,none,0.005603282779804153,0,false,1.5256,false,false,12.708333333333332,false,1.166816e6,1.160278e6,false,0
