CG_time_taken,method,CG_LP_IP_gap,implemented_SR3_cuts_count,errored,CG_sp_time_taken_mean,converged,CGIP_artificial,ngroute_neighborhood_size,time_limit_reached,CGIP_objective,CGLP_objective,CGLP_artificial,cycles_lookup_length
14.196,use_adaptive_ngroute,0.37885275211218705,0,false,0.32194999999999996,false,false,8.0,false,1.658944e6,1.0304484999999999e6,false,8
5.462,use_adaptive_ngroute,0.1396793695471209,0,false,0.23399999999999999,false,false,8.583333333333332,false,1.352904e6,1.163931222222222e6,false,13
5.852,use_adaptive_ngroute,0.0442711146955348,0,false,0.5986666666666667,false,false,9.416666666666666,false,1.248639e6,1.1933603596176822e6,false,8
1.971,use_adaptive_ngroute,0.0364141529929366,0,false,0.6333333333333333,false,false,9.958333333333332,false,1.248639e6,1.2031708684210526e6,false,3
2.741,none,0.03564163865751402,0,false,0.66725,false,false,10.625,false,1.248639e6,1.2041354599483204e6,false,0
