CG_time_taken,method,CG_LP_IP_gap,implemented_SR3_cuts_count,errored,CG_sp_time_taken_mean,converged,CGIP_artificial,ngroute_neighborhood_size,time_limit_reached,CGIP_objective,CGLP_objective,CGLP_artificial,cycles_lookup_length
14.657,use_adaptive_ngroute,0.37885275211218705,0,false,0.32675000000000004,false,false,8.0,false,1.658944e6,1.0304484999999999e6,false,8
6.082,use_adaptive_ngroute,0.1396793695471209,0,false,0.29469230769230764,false,false,8.583333333333332,false,1.352904e6,1.163931222222222e6,false,13
5.909,use_adaptive_ngroute,0.0442711146955348,0,false,0.66925,false,false,9.416666666666666,false,1.248639e6,1.1933603596176822e6,false,8
2.816,use_adaptive_ngroute,0.03641415299293649,0,false,0.9116666666666665,false,false,9.958333333333332,false,1.248639e6,1.2031708684210528e6,false,1
3.631,none,0.03564163865751413,0,false,0.8894999999999998,false,false,10.041666666666666,false,1.248639e6,1.2041354599483202e6,false,0
