CG_time_taken,method,CG_LP_IP_gap,implemented_SR3_cuts_count,errored,CG_sp_time_taken_mean,converged,CGIP_artificial,ngroute_neighborhood_size,time_limit_reached,CGIP_objective,CGLP_objective,CGLP_artificial,cycles_lookup_length
25.749,use_adaptive_ngroute,0.9999830373906755,0,false,0.711952380952381,false,true,1.0,false,6.0e10,1.0177565594688256e6,false,28
190.154,use_adaptive_ngroute,0.16935951691763917,0,false,10.917529411764708,false,false,5.821428571428571,false,1.406104e6,1.1679669058240398e6,false,25
114.614,use_adaptive_ngroute,0.15250653242839374,0,false,9.411916666666666,false,false,9.285714285714285,false,1.397515e6,1.1843848333333333e6,false,10
134.932,use_adaptive_ngroute,0.11037976455811482,0,false,13.450399999999998,false,false,9.75,false,1.335397e6,1.1879961935483871e6,false,4
55.159,none,0.0610708523486837,0,false,13.757750000000001,false,false,10.107142857142858,false,1.265425e6,1.188144416666667e6,false,0
