CG_time_taken,method,CG_LP_IP_gap,implemented_SR3_cuts_count,errored,CG_sp_time_taken_mean,converged,CGIP_artificial,ngroute_neighborhood_size,time_limit_reached,CGIP_objective,CGLP_objective,CGLP_artificial,cycles_lookup_length
9.907,use_adaptive_ngroute,0.3672808472634367,0,false,0.32865,false,false,8.0,false,1.580747e6,1.0001689025308642e6,false,18
8.262,use_adaptive_ngroute,0.11010522048715132,0,false,0.5753076923076923,false,false,9.083333333333334,false,1.227604e6,1.092438390909091e6,false,6
3.974,use_adaptive_ngroute,0.10727735581760156,0,false,0.97025,false,false,9.625,false,1.227604e6,1.095909888888889e6,false,2
1.992,none,0.10719026656804653,0,false,0.6533333333333334,false,false,9.708333333333334,false,1.227604e6,1.0960167999999998e6,false,0
