CG_time_taken,method,CG_LP_IP_gap,implemented_SR3_cuts_count,errored,CG_sp_time_taken_mean,converged,CGIP_artificial,ngroute_neighborhood_size,time_limit_reached,CGIP_objective,CGLP_objective,CGLP_artificial,cycles_lookup_length
31.815,use_adaptive_ngroute,0.41724082185507905,0,false,0.8510434782608693,false,false,9.0,false,1.6807e6,979443.3507081687,false,24
15.606,use_adaptive_ngroute,0.045634062671163766,0,false,0.8380000000000002,false,false,10.107142857142858,false,1.214115e6,1.15871e6,false,12
9.328,use_adaptive_ngroute,0.031444303052017286,0,false,1.521,false,false,11.142857142857142,false,1.214115e6,1.175938e6,false,5
6.918,use_adaptive_ngroute,0.030477673037562214,0,false,1.702,false,false,11.321428571428573,false,1.214115e6,1.1771116e6,false,4
6.114,use_adaptive_ngroute,0.0298779151892532,0,false,2.0266666666666664,false,false,11.464285714285715,false,1.214115e6,1.177839775e6,false,1
6.505,none,0.029686947629386506,0,false,2.155,false,false,11.642857142857142,false,1.214115e6,1.1780716315789474e6,false,0
