CG_time_taken,method,CG_LP_IP_gap,implemented_SR3_cuts_count,errored,CG_sp_time_taken_mean,converged,CGIP_artificial,ngroute_neighborhood_size,time_limit_reached,CGIP_objective,CGLP_objective,CGLP_artificial,cycles_lookup_length
15.692,use_adaptive_ngroute,0.23288979554569744,0,false,0.27818181818181825,false,false,9.0,false,1.478701e6,1.1343266264367816e6,false,25
16.923,use_adaptive_ngroute,0.10326264410370278,0,false,1.1067857142857147,false,false,10.607142857142856,false,1.361346e6,1.2207698125000007e6,false,16
15.089,use_adaptive_ngroute,0.09284854842192947,0,false,1.8342500000000002,false,false,11.214285714285714,false,1.361346e6,1.234947e6,false,2
9.017,use_adaptive_ngroute,0.09055265891257602,0,false,1.2444285714285714,false,false,11.285714285714286,false,1.361346e6,1.2380725000000002e6,false,11
9.147,use_adaptive_ngroute,0.08898097525305249,0,false,1.7839999999999998,false,false,11.75,false,1.361346e6,1.240212105263158e6,false,4
9.307,use_adaptive_ngroute,0.07115681134586771,0,false,2.29725,false,false,12.107142857142858,false,1.335852e6,1.24079703125e6,false,2
3.598,none,0.07108197614705825,0,false,1.773,false,false,12.285714285714285,false,1.335852e6,1.240897e6,false,0
