CG_time_taken,method,CG_LP_IP_gap,implemented_SR3_cuts_count,errored,CG_sp_time_taken_mean,converged,CGIP_artificial,ngroute_neighborhood_size,time_limit_reached,CGIP_objective,CGLP_objective,CGLP_artificial,cycles_lookup_length
17.0,use_adaptive_ngroute,0.23288979554569744,0,false,0.3530454545454546,false,false,9.0,false,1.478701e6,1.1343266264367816e6,false,25
26.406,use_adaptive_ngroute,0.10326264410370278,0,false,1.788357142857143,false,false,10.607142857142856,false,1.361346e6,1.2207698125000007e6,false,16
26.256,use_adaptive_ngroute,0.09284854842192947,0,false,3.234625,false,false,11.214285714285714,false,1.361346e6,1.234947e6,false,2
9.105,use_adaptive_ngroute,0.09055265891257636,0,false,1.7893999999999999,false,false,11.285714285714286,false,1.361346e6,1.2380724999999998e6,false,11
17.838,use_adaptive_ngroute,0.0715946787045586,0,false,3.5316,false,false,11.75,false,1.335852e6,1.240212105263158e6,false,4
23.35,use_adaptive_ngroute,0.07115681134586749,0,false,4.6306,false,false,12.107142857142858,false,1.335852e6,1.2407970312500002e6,false,2
13.109,none,0.07108197614705802,0,false,4.338666666666667,false,false,12.285714285714285,false,1.335852e6,1.2408970000000002e6,false,0
