CG_time_taken,method,CG_LP_IP_gap,implemented_SR3_cuts_count,errored,CG_sp_time_taken_mean,converged,CGIP_artificial,ngroute_neighborhood_size,time_limit_reached,CGIP_objective,CGLP_objective,CGLP_artificial,cycles_lookup_length
19.537,use_adaptive_ngroute,0.18745491990634244,0,false,0.4588636363636365,false,false,9.0,false,1.331484e6,1.0818907734234235e6,false,19
36.31,use_adaptive_ngroute,0.16042926539109725,0,false,1.7663157894736838,false,false,10.25,false,1.331484e6,1.1178750000000002e6,false,12
25.115,use_adaptive_ngroute,0.15329906330079823,0,false,2.4507,false,false,10.785714285714286,false,1.331484e6,1.12736875e6,false,8
14.966,use_adaptive_ngroute,0.11903510530507855,0,false,2.9375999999999998,false,false,11.249999999999998,false,1.291913e6,1.13813e6,false,7
10.116,use_adaptive_ngroute,0.09321376082191057,0,false,1.9858,false,false,11.5,false,1.257767e6,1.140525807692308e6,false,1
4.563,none,0.0930179135475534,0,false,2.258,false,false,11.535714285714286,false,1.257767e6,1.1407721379310344e6,false,0
