CG_time_taken,method,CG_LP_IP_gap,implemented_SR3_cuts_count,errored,CG_sp_time_taken_mean,converged,CGIP_artificial,ngroute_neighborhood_size,time_limit_reached,CGIP_objective,CGLP_objective,CGLP_artificial,cycles_lookup_length
20.418,use_adaptive_ngroute,0.18745491990634244,0,false,0.5149999999999999,false,false,9.0,false,1.331484e6,1.0818907734234235e6,false,19
56.974,use_adaptive_ngroute,0.16042926539109725,0,false,2.8490526315789473,false,false,10.25,false,1.331484e6,1.1178750000000002e6,false,12
46.276,use_adaptive_ngroute,0.15329906330079823,0,false,3.7860833333333335,false,false,10.785714285714286,false,1.331484e6,1.12736875e6,false,8
40.039,use_adaptive_ngroute,0.11903510530507855,0,false,4.9435,false,false,11.249999999999998,false,1.291913e6,1.13813e6,false,7
18.783,use_adaptive_ngroute,0.1171806401109764,0,false,4.6537500000000005,false,false,11.5,false,1.291913e6,1.1405258076923082e6,false,1
25.573,none,0.1169899691921713,0,false,5.0892,false,false,11.535714285714286,false,1.291913e6,1.1407721379310344e6,false,0
