CG_time_taken,method,CG_LP_IP_gap,implemented_SR3_cuts_count,errored,CG_sp_time_taken_mean,converged,CGIP_artificial,ngroute_neighborhood_size,time_limit_reached,CGIP_objective,CGLP_objective,CGLP_artificial,cycles_lookup_length
19.947,use_adaptive_ngroute,0.9999800979978477,0,false,0.5152000000000001,false,true,9.0,false,6.0e10,1.1941201291377987e6,false,26
20.929,use_adaptive_ngroute,0.2050784303898855,0,false,1.3695,false,false,11.0,false,1.633702e6,1.2986649581151833e6,false,17
31.749,use_adaptive_ngroute,0.1897087956347795,0,false,3.1126,false,false,12.821428571428571,false,1.630685e6,1.3213297125902995e6,false,6
9.77,none,0.18829129029582603,0,false,2.3955,false,false,13.428571428571429,false,1.630685e6,1.323641217283951e6,false,0
