CG_time_taken,method,CG_LP_IP_gap,implemented_SR3_cuts_count,errored,CG_sp_time_taken_mean,converged,CGIP_artificial,ngroute_neighborhood_size,time_limit_reached,CGIP_objective,CGLP_objective,CGLP_artificial,cycles_lookup_length
20.195,use_adaptive_ngroute,0.41071334660267445,0,false,0.4628333333333333,false,false,9.0,false,1.724443e6,1.0161912444444443e6,false,28
39.882,use_adaptive_ngroute,0.0915099907742205,0,false,2.090588235294118,false,false,11.928571428571429,false,1.221577e6,1.1097905e6,false,14
31.687,use_adaptive_ngroute,0.025552058067661365,0,false,3.0199,false,false,13.142857142857144,false,1.163057e6,1.1333385e6,false,1
16.74,none,0.025236080432859298,0,false,4.10175,false,false,13.285714285714286,false,1.163057e6,1.133706e6,false,0
