CG_time_taken,method,CG_LP_IP_gap,implemented_SR3_cuts_count,errored,CG_sp_time_taken_mean,converged,CGIP_artificial,ngroute_neighborhood_size,time_limit_reached,CGIP_objective,CGLP_objective,CGLP_artificial,cycles_lookup_length
84.874,use_adaptive_ngroute,0.9998973673632445,0,false,2.1383225806451613,false,true,1.0,false,1.0001766968e10,1.026507716139169e6,false,27
244.735,use_adaptive_ngroute,0.17495184868022218,0,false,12.02545,false,false,3.9642857142857144,false,1.365112e6,1.1262831319444445e6,false,24
116.232,use_adaptive_ngroute,0.09888512088838908,0,false,6.722941176470588,false,false,5.821428571428571,false,1.294748e6,1.1667166875e6,false,7
27.144,none,0.09154078631517482,0,false,4.489,false,false,6.071428571428571,false,1.294748e6,1.17622575e6,false,0
