CG_time_taken,method,CG_LP_IP_gap,implemented_SR3_cuts_count,errored,CG_sp_time_taken_mean,converged,CGIP_artificial,ngroute_neighborhood_size,time_limit_reached,CGIP_objective,CGLP_objective,CGLP_artificial,cycles_lookup_length
24.26,use_adaptive_ngroute,0.9999799489163341,0,false,0.6772631578947368,false,true,9.0,false,6.0e10,1.2030650199531387e6,false,26
38.5,use_adaptive_ngroute,0.13910649292435806,0,false,2.341333333333333,false,false,11.964285714285715,false,1.637167e6,1.4094264402985075e6,false,7
29.815,use_adaptive_ngroute,0.04823613942191274,0,false,2.9152000000000005,false,false,12.214285714285714,false,1.493835e6,1.421778166666667e6,false,3
8.007,use_adaptive_ngroute,0.04801272489189834,0,false,2.6276666666666664,false,false,12.75,false,1.493835e6,1.422111911111111e6,false,6
18.144,none,0.048011475311679375,0,false,4.495,false,false,13.321428571428571,false,1.493835e6,1.4221137777777775e6,false,0
