CG_time_taken,method,CG_LP_IP_gap,implemented_SR3_cuts_count,errored,CG_sp_time_taken_mean,converged,CGIP_artificial,ngroute_neighborhood_size,time_limit_reached,CGIP_objective,CGLP_objective,CGLP_artificial,cycles_lookup_length
15.42,use_adaptive_ngroute,0.40068429482194445,0,false,0.4082222222222222,false,false,9.0,false,1.76862e6,1.0599617424920127e6,false,28
32.218,use_adaptive_ngroute,0.05232799302654123,0,false,1.6135,false,false,12.214285714285714,false,1.164415e6,1.1034835e6,false,2
13.835,use_adaptive_ngroute,0.03705551714809607,0,false,1.62525,false,false,12.285714285714285,false,1.164415e6,1.1212669999999998e6,false,4
12.174,none,0.03130842526075328,0,false,1.9659999999999997,false,false,12.428571428571427,false,1.164415e6,1.127959e6,false,0
