CG_time_taken,method,CG_LP_IP_gap,implemented_SR3_cuts_count,errored,CG_sp_time_taken_mean,converged,CGIP_artificial,ngroute_neighborhood_size,time_limit_reached,CGIP_objective,CGLP_objective,CGLP_artificial,cycles_lookup_length
14.12,use_adaptive_ngroute,0.9999822227691677,0,false,0.43060000000000004,false,true,9.0,false,6.0e10,1.066633849940263e6,false,26
23.172,use_adaptive_ngroute,0.01961786167010937,0,false,1.3204375,false,false,11.071428571428571,false,1.278676e6,1.2535911111111112e6,false,3
4.594,use_adaptive_ngroute,0.015712932752315667,0,false,1.0964999999999998,false,false,11.178571428571427,false,1.278676e6,1.25858425e6,false,3
6.532,use_adaptive_ngroute,0.01516229808541536,0,false,1.5802500000000002,false,false,11.5,false,1.278676e6,1.2592883333333335e6,false,15
14.841,use_adaptive_ngroute,0.014460610876453006,0,false,2.4423333333333335,false,false,12.285714285714285,false,1.278676e6,1.2601855639269406e6,false,7
17.389,none,0.01395975211859768,0,false,2.12025,false,false,12.535714285714286,false,1.278676e6,1.260826e6,false,0
