CG_time_taken,method,CG_LP_IP_gap,implemented_SR3_cuts_count,errored,CG_sp_time_taken_mean,converged,CGIP_artificial,ngroute_neighborhood_size,time_limit_reached,CGIP_objective,CGLP_objective,CGLP_artificial,cycles_lookup_length
23.846,use_adaptive_ngroute,0.2730290446510236,0,false,0.5833913043478262,false,false,9.0,false,1.535226e6,1.1160647118965876e6,false,27
69.41,use_adaptive_ngroute,0.14509658078660814,0,false,5.214000000000001,false,false,11.642857142857142,false,1.408029e6,1.2037288064516129e6,false,16
106.377,use_adaptive_ngroute,0.1288030092489062,0,false,8.793499999999998,false,false,13.464285714285714,false,1.396556e6,1.2166753846153845e6,false,1
19.78,none,0.12880300924890642,0,false,9.8505,false,false,13.5,false,1.396556e6,1.2166753846153843e6,false,0
