CG_time_taken,method,CG_LP_IP_gap,implemented_SR3_cuts_count,errored,CG_sp_time_taken_mean,converged,CGIP_artificial,ngroute_neighborhood_size,time_limit_reached,CGIP_objective,CGLP_objective,CGLP_artificial,cycles_lookup_length
36.364,use_adaptive_ngroute,0.3510161453422197,0,false,0.7037199999999999,false,false,9.0,false,1.653869e6,1.0733342787190084e6,false,25
118.796,use_adaptive_ngroute,0.136123996778044,0,false,7.274062500000002,false,false,10.642857142857142,false,1.442602e6,1.2462292500000002e6,false,19
101.722,use_adaptive_ngroute,0.11450513120738348,0,false,10.0991,false,false,12.142857142857142,false,1.422862e6,1.259937e6,false,6
68.956,use_adaptive_ngroute,0.10702662755693249,0,false,9.793285714285714,false,false,12.785714285714286,false,1.422862e6,1.270577878661088e6,false,8
41.705,none,0.10679486340992761,0,false,13.844666666666669,false,false,13.107142857142858,false,1.422862e6,1.2709076470588236e6,false,0
