CG_time_taken,method,CG_LP_IP_gap,implemented_SR3_cuts_count,errored,CG_sp_time_taken_mean,converged,CGIP_artificial,ngroute_neighborhood_size,time_limit_reached,CGIP_objective,CGLP_objective,CGLP_artificial,cycles_lookup_length
39.203,use_adaptive_ngroute,0.3510161453422197,0,false,0.8086800000000001,false,false,9.0,false,1.653869e6,1.0733342787190084e6,false,25
167.495,use_adaptive_ngroute,0.13612399677804432,0,false,8.680315789473685,false,false,10.642857142857142,false,1.442602e6,1.2462292499999998e6,false,19
131.657,use_adaptive_ngroute,0.11165566051704212,0,false,13.107699999999998,false,false,12.142857142857142,false,1.418298e6,1.2599370000000002e6,false,6
106.145,use_adaptive_ngroute,0.10415309147930285,0,false,13.226874999999998,false,false,12.785714285714286,false,1.418298e6,1.2705778786610877e6,false,8
97.884,none,0.10392058152883021,0,false,24.436500000000002,false,false,13.107142857142858,false,1.418298e6,1.2709076470588231e6,false,0
