CG_time_taken,method,CG_LP_IP_gap,implemented_SR3_cuts_count,errored,CG_sp_time_taken_mean,converged,CGIP_artificial,ngroute_neighborhood_size,time_limit_reached,CGIP_objective,CGLP_objective,CGLP_artificial,cycles_lookup_length
10.645,use_adaptive_ngroute,0.9999814322806211,0,false,0.298375,false,true,1.0,false,6.0e10,1.1140631627380953e6,false,28
42.917,use_adaptive_ngroute,0.042439860699932885,0,false,2.5269375,false,false,5.892857142857142,false,1.305192e6,1.2497998333333333e6,false,5
12.409,use_adaptive_ngroute,0.03893382054985872,0,false,2.3954000000000004,false,false,6.321428571428572,false,1.305192e6,1.2543758888888888e6,false,8
18.615,use_adaptive_ngroute,0.038187740449937,0,false,3.044,false,false,7.071428571428571,false,1.305192e6,1.2553496666666658e6,false,4
8.756,use_adaptive_ngroute,0.038068439143223665,0,false,2.871,false,false,7.321428571428571,false,1.305192e6,1.2555053777777776e6,false,7
7.487,none,0.03794588586711112,0,false,2.466666666666667,false,false,7.857142857142858,false,1.305192e6,1.2556653333333335e6,false,0
