CG_time_taken,method,CG_LP_IP_gap,implemented_SR3_cuts_count,errored,CG_sp_time_taken_mean,converged,CGIP_artificial,ngroute_neighborhood_size,time_limit_reached,CGIP_objective,CGLP_objective,CGLP_artificial,cycles_lookup_length
14.098,use_adaptive_ngroute,0.3333005633871541,0,false,0.3473076923076924,false,false,9.0,false,1.727985e6,1.1520466259754486e6,false,26
19.602,use_adaptive_ngroute,0.15134248834989328,0,false,1.1608124999999998,false,false,10.357142857142858,false,1.480374e6,1.2563305151515151e6,false,14
9.041,use_adaptive_ngroute,0.029575761654776267,0,false,1.4668333333333332,false,false,11.464285714285715,false,1.300075e6,1.2616242916666667e6,false,3
9.007,none,0.029419242906926546,0,false,1.7706000000000002,false,false,11.571428571428571,false,1.300075e6,1.2618277777777775e6,false,0
