CG_time_taken,method,CG_LP_IP_gap,implemented_SR3_cuts_count,errored,CG_sp_time_taken_mean,converged,CGIP_artificial,ngroute_neighborhood_size,time_limit_reached,CGIP_objective,CGLP_objective,CGLP_artificial,cycles_lookup_length
14.461,use_adaptive_ngroute,0.3572623698350693,0,false,0.3870454545454545,false,false,9.0,false,1.884372e6,1.2111567936291508e6,false,27
17.672,use_adaptive_ngroute,0.10413277285465417,0,false,0.9369411764705882,false,false,10.5,false,1.478736e6,1.32475112e6,false,5
7.625,use_adaptive_ngroute,0.10382998318876302,0,false,1.245,false,false,10.964285714285714,false,1.478736e6,1.3251988659793814e6,false,2
3.377,none,0.10382398269168058,0,false,1.661,false,false,11.464285714285715,false,1.478736e6,1.325207739130435e6,false,0
