CG_time_taken,method,CG_LP_IP_gap,implemented_SR3_cuts_count,errored,CG_sp_time_taken_mean,converged,CGIP_artificial,ngroute_neighborhood_size,time_limit_reached,CGIP_objective,CGLP_objective,CGLP_artificial,cycles_lookup_length
28.81,use_adaptive_ngroute,0.2937955389517163,0,false,0.58688,false,false,9.0,false,1.673385e6,1.1817519520512822e6,false,22
11.763,use_adaptive_ngroute,0.16852107902568436,0,false,0.8744166666666667,false,false,11.071428571428571,false,1.531208e6,1.27316717562724e6,false,19
15.033,use_adaptive_ngroute,0.132623096380329,0,false,1.8283749999999999,false,false,12.964285714285714,false,1.472261e6,1.2770051875000005e6,false,6
5.766,use_adaptive_ngroute,0.1313713070249447,0,false,1.9066666666666667,false,false,13.428571428571429,false,1.472261e6,1.2788481481481479e6,false,4
4.645,use_adaptive_ngroute,0.13131805316846779,0,false,2.298,false,false,13.892857142857144,false,1.472261e6,1.2789265517241384e6,false,3
5.647,none,0.13128194887546007,0,false,2.8005,false,false,14.0,false,1.472261e6,1.2789797066666663e6,false,0
