CG_time_taken,method,CG_LP_IP_gap,implemented_SR3_cuts_count,errored,CG_sp_time_taken_mean,converged,CGIP_artificial,ngroute_neighborhood_size,time_limit_reached,CGIP_objective,CGLP_objective,CGLP_artificial,cycles_lookup_length
30.375,use_adaptive_ngroute,0.2937955389517163,0,false,0.6414799999999999,false,false,9.0,false,1.673385e6,1.1817519520512822e6,false,22
15.236,use_adaptive_ngroute,0.10957104972841991,0,false,1.1368333333333336,false,false,11.071428571428571,false,1.42947e6,1.2728414715447156e6,false,18
18.293,use_adaptive_ngroute,0.10566900086512243,0,false,2.2371250000000003,false,false,12.571428571428573,false,1.42947e6,1.2784193333333335e6,false,1
7.747,use_adaptive_ngroute,0.10547243678463092,0,false,2.5196666666666667,false,false,12.607142857142858,false,1.42947e6,1.2787003157894737e6,false,4
8.453,use_adaptive_ngroute,0.10535610809134355,0,false,2.795,false,false,13.357142857142858,false,1.42947e6,1.2788666041666672e6,false,4
6.536,none,0.10527698610907077,0,false,3.251,false,false,13.535714285714285,false,1.42947e6,1.2789797066666665e6,false,0
