CG_time_taken,method,CG_LP_IP_gap,implemented_SR3_cuts_count,errored,CG_sp_time_taken_mean,converged,CGIP_artificial,ngroute_neighborhood_size,time_limit_reached,CGIP_objective,CGLP_objective,CGLP_artificial,cycles_lookup_length
12.37,use_adaptive_ngroute,0.9999811637725926,0,false,0.33854545454545454,false,true,9.0,false,6.0e10,1.1301736444444444e6,false,28
23.02,use_adaptive_ngroute,0.10676239463495996,0,false,1.1214736842105264,false,false,11.142857142857142,false,1.397641e6,1.2484255e6,false,6
9.302,use_adaptive_ngroute,0.09138074125489681,0,false,1.4625,false,false,11.5,false,1.397641e6,1.2699235294117648e6,false,16
29.921,none,0.0,0,false,3.251666666666667,true,false,13.678571428571427,false,1.305941e6,1.305941e6,false,0
