CG_time_taken,method,CG_LP_IP_gap,implemented_SR3_cuts_count,errored,CG_sp_time_taken_mean,converged,CGIP_artificial,ngroute_neighborhood_size,time_limit_reached,CGIP_objective,CGLP_objective,CGLP_artificial,cycles_lookup_length
13.356,use_adaptive_ngroute,0.3745953922181311,0,false,0.37575000000000003,false,false,9.0,false,1.894592e6,1.1848865666666667e6,false,26
33.937,use_adaptive_ngroute,0.02332821202325508,0,false,2.0911333333333335,false,false,11.321428571428573,false,1.289526e6,1.2594436640625e6,false,15
20.007,use_adaptive_ngroute,0.021988826220306956,0,false,3.9225999999999996,false,false,12.571428571428573,false,1.289526e6,1.2611708368794324e6,false,4
22.145,none,0.021914706127160843,0,false,4.3918,false,false,13.428571428571429,false,1.289526e6,1.2612664166666667e6,false,0
