CG_time_taken,method,CG_LP_IP_gap,implemented_SR3_cuts_count,errored,CG_sp_time_taken_mean,converged,CGIP_artificial,ngroute_neighborhood_size,time_limit_reached,CGIP_objective,CGLP_objective,CGLP_artificial,cycles_lookup_length
11.612,use_adaptive_ngroute,0.4013325407881968,0,false,0.29085,false,false,9.0,false,1.648654e6,986995.5012993763,false,28
57.34,use_adaptive_ngroute,0.14208415669681285,0,false,3.2278235294117645,false,false,11.928571428571429,false,1.288609e6,1.1055180769230768e6,false,9
17.139,use_adaptive_ngroute,0.14117998555031064,0,false,3.3648000000000002,false,false,12.500000000000002,false,1.288609e6,1.1066831999999997e6,false,2
4.899,none,0.1409864780119061,0,false,2.3905,false,false,12.571428571428573,false,1.288609e6,1.1069325555555557e6,false,0
