CG_time_taken,method,CG_LP_IP_gap,implemented_SR3_cuts_count,errored,CG_sp_time_taken_mean,converged,CGIP_artificial,ngroute_neighborhood_size,time_limit_reached,CGIP_objective,CGLP_objective,CGLP_artificial,cycles_lookup_length
10.986,use_adaptive_ngroute,0.4013325407881968,0,false,0.2533,false,false,9.0,false,1.648654e6,986995.5012993763,false,28
24.987,use_adaptive_ngroute,0.13617633050652056,0,false,1.9385000000000001,false,false,11.928571428571429,false,1.279796e6,1.105518076923077e6,false,10
22.38,use_adaptive_ngroute,0.135265933008073,0,false,2.1954,false,false,12.75,false,1.279796e6,1.1066832000000002e6,false,2
8.637,none,0.13507109292765762,0,false,2.852666666666667,false,false,12.821428571428571,false,1.279796e6,1.1069325555555555e6,false,0
