CG_time_taken,method,CG_LP_IP_gap,implemented_SR3_cuts_count,errored,CG_sp_time_taken_mean,converged,CGIP_artificial,ngroute_neighborhood_size,time_limit_reached,CGIP_objective,CGLP_objective,CGLP_artificial,cycles_lookup_length
23.475,use_adaptive_ngroute,0.42375752131445954,0,false,0.4257083333333334,false,false,9.0,false,1.833167e6,1.056348695924536e6,false,25
24.916,use_adaptive_ngroute,0.1869460214381511,0,false,0.9741363636363637,false,false,11.071428571428571,false,1.500331e6,1.2198500887096773e6,false,20
30.655,use_adaptive_ngroute,0.12635108832179165,0,false,3.7449999999999997,false,false,13.357142857142858,false,1.416408e6,1.2374433076923077e6,false,10
18.966,none,0.12315792248184576,0,false,4.6895,false,false,13.892857142857144,false,1.416408e6,1.2419661333333338e6,false,0
