CG_time_taken,method,CG_LP_IP_gap,implemented_SR3_cuts_count,errored,CG_sp_time_taken_mean,converged,CGIP_artificial,ngroute_neighborhood_size,time_limit_reached,CGIP_objective,CGLP_objective,CGLP_artificial,cycles_lookup_length
24.507,use_adaptive_ngroute,0.42375752131445954,0,false,0.485,false,false,9.0,false,1.833167e6,1.056348695924536e6,false,25
23.879,use_adaptive_ngroute,0.23911688743741322,0,false,1.33625,false,false,11.071428571428571,false,1.603203e6,1.2198500887096769e6,false,20
76.207,use_adaptive_ngroute,0.15251967772198638,0,false,8.416,false,false,13.392857142857142,false,1.460144e6,1.237443307692308e6,false,9
39.972,none,0.14942215744931098,0,false,7.9596,false,false,13.892857142857144,false,1.460144e6,1.2419661333333333e6,false,0
