CG_time_taken,method,CG_LP_IP_gap,implemented_SR3_cuts_count,errored,CG_sp_time_taken_mean,converged,CGIP_artificial,ngroute_neighborhood_size,time_limit_reached,CGIP_objective,CGLP_objective,CGLP_artificial,cycles_lookup_length
24.179,use_adaptive_ngroute,0.999982746558723,0,false,0.5577307692307693,false,true,1.0,false,6.0e10,1.0352064766214177e6,false,28
70.057,use_adaptive_ngroute,0.16798605724795534,0,false,5.225923076923077,false,false,6.178571428571428,false,1.507163e6,1.25398063e6,false,26
71.438,use_adaptive_ngroute,0.07594599408377312,0,false,6.340999999999998,false,false,8.5,false,1.368409e6,1.2644838181818181e6,false,13
66.131,use_adaptive_ngroute,0.04270785850287817,0,false,8.214875,false,false,9.464285714285714,false,1.3265e6,1.269848025695932e6,false,16
64.5,use_adaptive_ngroute,0.04190765171503963,0,false,8.013125,false,false,10.892857142857142,false,1.3265e6,1.2709095e6,false,1
47.916,use_adaptive_ngroute,0.03871470203999594,0,false,7.929833333333333,false,false,11.0,false,1.323483e6,1.27224475e6,false,8
31.174,use_adaptive_ngroute,0.03792618920429425,0,false,7.765750000000001,false,false,11.285714285714286,false,1.323483e6,1.273288333333333e6,false,1
32.698,use_adaptive_ngroute,0.03766324665044207,0,false,8.148,false,false,11.321428571428573,false,1.323483e6,1.273636333333333e6,false,4
13.796,none,0.03736779117195821,0,false,6.864999999999999,false,false,11.571428571428571,false,1.323483e6,1.2740273636363633e6,false,0
