CG_time_taken,method,CG_LP_IP_gap,implemented_SR3_cuts_count,errored,CG_sp_time_taken_mean,converged,CGIP_artificial,ngroute_neighborhood_size,time_limit_reached,CGIP_objective,CGLP_objective,CGLP_artificial,cycles_lookup_length
24.3,use_adaptive_ngroute,0.30202074306610105,0,false,0.43688000000000005,false,false,9.0,false,1.568462e6,1.094753941289057e6,false,24
28.991,use_adaptive_ngroute,0.06474067116204663,0,false,1.173681818181818,false,false,11.178571428571427,false,1.290464e6,1.2069184945295407e6,false,17
18.193,use_adaptive_ngroute,0.05709729213678183,0,false,1.6058181818181818,false,false,12.892857142857142,false,1.290464e6,1.216782e6,false,8
15.906,use_adaptive_ngroute,0.054742280844977675,0,false,5.2669999999999995,false,false,13.642857142857142,false,1.290464e6,1.2198210572916667e6,false,1
21.493,none,0.05463648972534141,0,false,4.2627999999999995,false,false,13.678571428571427,false,1.290464e6,1.219957576923077e6,false,0
