CG_time_taken,method,CG_LP_IP_gap,implemented_SR3_cuts_count,errored,CG_sp_time_taken_mean,converged,CGIP_artificial,ngroute_neighborhood_size,time_limit_reached,CGIP_objective,CGLP_objective,CGLP_artificial,cycles_lookup_length
17.766,use_adaptive_ngroute,0.4346698937390904,0,false,0.4842499999999999,false,false,9.0,false,1.821841e6,1.0299415661204818e6,false,27
33.202,use_adaptive_ngroute,0.12314572778342814,0,false,1.8746250000000002,false,false,11.321428571428573,false,1.277465e6,1.120150642857143e6,false,10
17.818,use_adaptive_ngroute,0.12195128633661201,0,false,2.4517142857142855,false,false,12.500000000000002,false,1.277465e6,1.1216765e6,false,5
9.919,none,0.12076495246445107,0,false,2.4047500000000004,false,false,12.678571428571429,false,1.277465e6,1.123192e6,false,0
