CG_time_taken,method,CG_LP_IP_gap,implemented_SR3_cuts_count,errored,CG_sp_time_taken_mean,converged,CGIP_artificial,ngroute_neighborhood_size,time_limit_reached,CGIP_objective,CGLP_objective,CGLP_artificial,cycles_lookup_length
22.435,use_adaptive_ngroute,0.9999810946670178,0,false,0.5918181818181818,false,true,9.0,false,6.0e10,1.1343199789317953e6,false,24
21.821,use_adaptive_ngroute,0.06180154584883957,0,false,1.152529411764706,false,false,10.892857142857142,false,1.295987e6,1.215893e6,false,3
15.245,use_adaptive_ngroute,0.052291676794082975,0,false,1.2318333333333333,false,false,11.107142857142856,false,1.295987e6,1.2282176666666667e6,false,2
4.007,none,0.050847732268919366,0,false,0.97125,false,false,11.464285714285715,false,1.295987e6,1.230089e6,false,0
