CG_time_taken,method,CG_LP_IP_gap,implemented_SR3_cuts_count,errored,CG_sp_time_taken_mean,converged,CGIP_artificial,ngroute_neighborhood_size,time_limit_reached,CGIP_objective,CGLP_objective,CGLP_artificial,cycles_lookup_length
16.463,use_adaptive_ngroute,0.310775226739205,0,false,0.33695454545454545,false,false,9.0,false,1.670564e6,1.1513940941176468e6,false,28
16.923,use_adaptive_ngroute,0.07302857753461922,0,false,1.4283636363636365,false,false,12.357142857142856,false,1.353849e6,1.2549793333333333e6,false,3
6.97,use_adaptive_ngroute,0.07252187405439348,0,false,1.70325,false,false,12.535714285714286,false,1.353849e6,1.2556653333333335e6,false,3
9.929,none,0.07252187405439348,0,false,1.6095,false,false,12.642857142857144,false,1.353849e6,1.2556653333333335e6,false,0
