CG_time_taken,method,CG_LP_IP_gap,implemented_SR3_cuts_count,errored,CG_sp_time_taken_mean,converged,CGIP_artificial,ngroute_neighborhood_size,time_limit_reached,CGIP_objective,CGLP_objective,CGLP_artificial,cycles_lookup_length
23.057,use_adaptive_ngroute,0.999982104091155,0,false,0.6071363636363637,false,true,9.0,false,6.0e10,1.0737545307017541e6,false,27
44.22,use_adaptive_ngroute,0.046669598358252684,0,false,2.464823529411764,false,false,11.249999999999998,false,1.3265e6,1.2645927777777778e6,false,25
34.087,use_adaptive_ngroute,0.04190765171503963,0,false,4.2044999999999995,false,false,13.0,false,1.3265e6,1.2709095e6,false,1
15.293,use_adaptive_ngroute,0.04125804749340378,0,false,3.7717500000000004,false,false,13.107142857142858,false,1.3265e6,1.2717712e6,false,2
19.064,use_adaptive_ngroute,0.040114335971855875,0,false,4.736249999999999,false,false,13.321428571428571,false,1.3265e6,1.2732883333333333e6,false,1
9.511,none,0.03955720796354045,0,false,4.733999999999999,false,false,13.357142857142858,false,1.3265e6,1.2740273636363635e6,false,0
