CG_time_taken,method,CG_LP_IP_gap,implemented_SR3_cuts_count,errored,CG_sp_time_taken_mean,converged,CGIP_artificial,ngroute_neighborhood_size,time_limit_reached,CGIP_objective,CGLP_objective,CGLP_artificial,cycles_lookup_length
13.474,use_adaptive_ngroute,0.45155957999439866,0,false,0.37072727272727274,false,false,9.0,false,2.01852e6,1.1070379565897065e6,false,27
23.416,use_adaptive_ngroute,0.1355975884541979,0,false,1.4886666666666668,false,false,10.75,false,1.462188e6,1.2639188333333333e6,false,6
7.866,use_adaptive_ngroute,0.13320057729531753,0,false,1.9355,false,false,11.0,false,1.462188e6,1.2674237142857143e6,false,7
4.625,none,0.13193925815285035,0,false,1.1135,false,false,11.392857142857144,false,1.462188e6,1.269268e6,false,0
