CG_time_taken,method,CG_LP_IP_gap,implemented_SR3_cuts_count,errored,CG_sp_time_taken_mean,converged,CGIP_artificial,ngroute_neighborhood_size,time_limit_reached,CGIP_objective,CGLP_objective,CGLP_artificial,cycles_lookup_length
23.154,use_adaptive_ngroute,0.9999805839165459,0,false,0.5564347826086956,false,true,9.0,false,6.0e10,1.1649650072463772e6,false,28
25.586,use_adaptive_ngroute,0.04773421053925475,0,false,1.6032000000000002,false,false,11.571428571428571,false,1.36052e6,1.2955766518771332e6,false,15
13.619,use_adaptive_ngroute,0.03722287493343457,0,false,2.6804,false,false,12.607142857142858,false,1.352645e6,1.3022956643356644e6,false,9
9.232,use_adaptive_ngroute,0.03657251354657509,0,false,4.596,false,false,13.714285714285715,false,1.352645e6,1.3031753724137929e6,false,2
9.98,none,0.036558527682739816,0,false,4.9595,false,false,13.857142857142858,false,1.352645e6,1.3031942903225804e6,false,0
