CG_time_taken,method,CG_LP_IP_gap,implemented_SR3_cuts_count,errored,CG_sp_time_taken_mean,converged,CGIP_artificial,ngroute_neighborhood_size,time_limit_reached,CGIP_objective,CGLP_objective,CGLP_artificial,cycles_lookup_length
37.37,use_adaptive_ngroute,0.3180258004230674,0,false,0.7544,false,false,9.0,false,1.625302e6,1.1084140305207877e6,false,27
80.859,use_adaptive_ngroute,0.18409802578834455,0,false,5.218,false,false,12.071428571428571,false,1.509172e6,1.2313364142249525e6,false,16
49.645,use_adaptive_ngroute,0.15818474375468894,0,false,6.985571428571427,false,false,13.0,false,1.472905e6,1.2399139e6,false,1
22.656,use_adaptive_ngroute,0.14416060769004502,0,false,7.506333333333333,false,false,13.035714285714285,false,1.448874e6,1.2400034436936937e6,false,4
36.544,none,0.14375008997134542,0,false,9.112749999999998,false,false,13.25,false,1.448874e6,1.2405982321428568e6,false,0
