CG_time_taken,method,CG_LP_IP_gap,implemented_SR3_cuts_count,errored,CG_sp_time_taken_mean,converged,CGIP_artificial,ngroute_neighborhood_size,time_limit_reached,CGIP_objective,CGLP_objective,CGLP_artificial,cycles_lookup_length
24.942,use_adaptive_ngroute,0.4044151062464869,0,false,0.53224,false,false,9.0,false,1.861055e6,1.1084162444444443e6,false,28
48.813,use_adaptive_ngroute,0.16386485768257852,0,false,2.5540555555555553,false,false,12.178571428571429,false,1.432123e6,1.1974483684210526e6,false,2
17.943,use_adaptive_ngroute,0.16098896533328488,0,false,2.467,false,false,12.25,false,1.432123e6,1.201567e6,false,11
27.857,none,0.1048476872177948,0,false,3.43225,false,false,13.428571428571429,false,1.345652e6,1.2045635e6,false,0
