CG_time_taken,method,CG_LP_IP_gap,implemented_SR3_cuts_count,errored,CG_sp_time_taken_mean,converged,CGIP_artificial,ngroute_neighborhood_size,time_limit_reached,CGIP_objective,CGLP_objective,CGLP_artificial,cycles_lookup_length
25.875,use_adaptive_ngroute,0.4044151062464869,0,false,0.5834400000000001,false,false,9.0,false,1.861055e6,1.1084162444444443e6,false,28
72.062,use_adaptive_ngroute,0.16386485768257852,0,false,3.8465000000000003,false,false,12.178571428571429,false,1.432123e6,1.1974483684210526e6,false,2
26.155,use_adaptive_ngroute,0.16098896533328488,0,false,3.6199999999999997,false,false,12.25,false,1.432123e6,1.201567e6,false,11
17.516,none,0.11594459771177867,0,false,4.287,false,false,13.428571428571429,false,1.362543e6,1.2045635e6,false,0
