CG_time_taken,method,CG_LP_IP_gap,implemented_SR3_cuts_count,errored,CG_sp_time_taken_mean,converged,CGIP_artificial,ngroute_neighborhood_size,time_limit_reached,CGIP_objective,CGLP_objective,CGLP_artificial,cycles_lookup_length
10.274,use_adaptive_ngroute,0.3672749356502628,0,false,0.2203,false,false,9.0,false,1.602874e6,1.0141785547945206e6,false,17
11.117,use_adaptive_ngroute,0.21361715443044949,0,false,0.6497142857142858,false,false,9.821428571428571,false,1.357146e6,1.0672363333333333e6,false,3
4.824,use_adaptive_ngroute,0.21229797716344734,0,false,0.7713333333333332,false,false,10.821428571428571,false,1.357146e6,1.0690266494845361e6,false,7
4.6,none,0.2119631933483943,0,false,0.886,false,false,11.75,false,1.357146e6,1.069481e6,false,0
