CG_time_taken,method,CG_LP_IP_gap,implemented_SR3_cuts_count,errored,CG_sp_time_taken_mean,converged,CGIP_artificial,ngroute_neighborhood_size,time_limit_reached,CGIP_objective,CGLP_objective,CGLP_artificial,cycles_lookup_length
21.478,use_adaptive_ngroute,0.3068251272623236,0,false,0.5764,false,false,9.0,false,1.492876e6,1.0348241313131314e6,false,26
46.147,use_adaptive_ngroute,0.07172879626148143,0,false,2.12525,false,false,11.392857142857144,false,1.30319e6,1.20971375e6,false,12
23.505,use_adaptive_ngroute,0.06431318249548923,0,false,3.273571428571429,false,false,12.535714285714286,false,1.30319e6,1.2193777037037034e6,false,7
12.779,use_adaptive_ngroute,0.06396534657264097,0,false,3.15525,false,false,13.0,false,1.30319e6,1.219831e6,false,5
7.131,none,0.06380892567173913,0,false,3.5235,false,false,13.178571428571429,false,1.30319e6,1.2200348461538462e6,false,0
