CG_time_taken,method,CG_LP_IP_gap,implemented_SR3_cuts_count,errored,CG_sp_time_taken_mean,converged,CGIP_artificial,ngroute_neighborhood_size,time_limit_reached,CGIP_objective,CGLP_objective,CGLP_artificial,cycles_lookup_length
44.715,use_adaptive_ngroute,0.3619399531958064,0,false,1.1278695652173913,false,false,9.0,false,1.789389e6,1.1417376290909091e6,false,26
120.275,use_adaptive_ngroute,0.11051671614335623,0,false,6.068789473684212,false,false,10.892857142857142,false,1.377306e6,1.2250906637554585e6,false,6
114.935,use_adaptive_ngroute,0.10142027261915665,0,false,8.734153846153845,false,false,11.392857142857144,false,1.377306e6,1.2376192499999998e6,false,3
37.708,use_adaptive_ngroute,0.10115308777931742,0,false,9.398,false,false,11.571428571428571,false,1.377306e6,1.2379872452830195e6,false,2
50.292,use_adaptive_ngroute,0.10080947879410951,0,false,12.51525,false,false,11.642857142857142,false,1.377306e6,1.2384605000000002e6,false,4
10.151,none,0.10065904678474447,0,false,10.112,false,false,11.821428571428571,false,1.377306e6,1.2386676909090907e6,false,0
