CG_time_taken,method,CG_LP_IP_gap,implemented_SR3_cuts_count,errored,CG_sp_time_taken_mean,converged,CGIP_artificial,ngroute_neighborhood_size,time_limit_reached,CGIP_objective,CGLP_objective,CGLP_artificial,cycles_lookup_length
3.646,use_adaptive_ngroute,0.5168251552605986,0,false,0.18825000000000003,false,false,1.0,false,1.841224e6,889633.1203304597,false,19
3.988,use_adaptive_ngroute,0.21940712784492278,0,false,0.3677,false,false,5.2,false,1.402191e6,1.0945402999999998e6,false,13
3.203,use_adaptive_ngroute,0.15107807203646595,0,false,0.4361428571428571,false,false,6.8,false,1.337161e6,1.1351452941176472e6,false,8
1.647,none,0.14684868414000518,0,false,0.535,false,false,7.8500000000000005,false,1.337161e6,1.1408006666666665e6,false,0
