CG_time_taken,method,CG_LP_IP_gap,implemented_SR3_cuts_count,errored,CG_sp_time_taken_mean,converged,CGIP_artificial,ngroute_neighborhood_size,time_limit_reached,CGIP_objective,CGLP_objective,CGLP_artificial,cycles_lookup_length
3.272,use_adaptive_ngroute,0.5168251552605986,0,false,0.1526666666666667,false,false,1.0,false,1.841224e6,889633.1203304597,false,19
2.365,use_adaptive_ngroute,0.2186053919510882,0,false,0.259875,false,false,5.2,false,1.417409e6,1.10755575e6,false,13
4.071,use_adaptive_ngroute,0.2016649537899462,0,false,0.3913,false,false,7.4,false,1.415281e6,1.129868422535211e6,false,4
0.742,none,0.1939405201746741,0,false,0.361,false,false,7.7,false,1.415281e6,1.140800666666667e6,false,0
