CG_time_taken,method,CG_LP_IP_gap,implemented_SR3_cuts_count,errored,CG_sp_time_taken_mean,converged,CGIP_artificial,ngroute_neighborhood_size,time_limit_reached,CGIP_objective,CGLP_objective,CGLP_artificial,cycles_lookup_length
21.31,use_adaptive_ngroute,0.9999811866088263,0,false,0.7596666666666666,false,true,1.0,false,6.0e10,1.1288034704235108e6,false,28
27.054,use_adaptive_ngroute,0.22446564810292235,0,false,1.6988666666666665,false,false,5.75,false,1.607165e6,1.2464116666666667e6,false,9
24.625,use_adaptive_ngroute,0.08708352182730839,0,false,2.1453636363636366,false,false,6.2142857142857135,false,1.413657e6,1.2905507697841728e6,false,15
22.18,use_adaptive_ngroute,0.053725245944332256,0,false,3.6381666666666663,false,false,8.392857142857144,false,1.376445e6,1.3024951538461535e6,false,12
7.112,use_adaptive_ngroute,0.053472695340483045,0,false,3.5305,false,false,10.0,false,1.376445e6,1.3028427758620689e6,false,1
28.928,use_adaptive_ngroute,0.0532302571969977,0,false,4.091571428571428,false,false,10.035714285714285,false,1.376445e6,1.3031764786324785e6,false,6
20.539,none,0.0532173168396991,0,false,5.104500000000001,false,false,10.785714285714286,false,1.376445e6,1.3031942903225804e6,false,0
