CG_time_taken,method,CG_LP_IP_gap,implemented_SR3_cuts_count,errored,CG_sp_time_taken_mean,converged,CGIP_artificial,ngroute_neighborhood_size,time_limit_reached,CGIP_objective,CGLP_objective,CGLP_artificial,cycles_lookup_length
21.636,use_adaptive_ngroute,0.9999828483177584,0,false,0.5404545454545454,false,true,9.0,false,6.0e10,1.0291009344978166e6,false,25
24.075,use_adaptive_ngroute,0.11518791738890899,0,false,1.2502777777777778,false,false,10.25,false,1.389192e6,1.2291738666666667e6,false,10
5.441,use_adaptive_ngroute,0.11388650380940846,0,false,1.3225,false,false,10.928571428571429,false,1.389192e6,1.2309817800000003e6,false,1
3.098,use_adaptive_ngroute,0.11377643097016676,0,false,1.5195,false,false,11.142857142857142,false,1.389192e6,1.231134692307692e6,false,1
1.416,none,0.11377643097016643,0,false,1.404,false,false,11.178571428571427,false,1.389192e6,1.2311346923076925e6,false,0
