CG_time_taken,method,CG_LP_IP_gap,implemented_SR3_cuts_count,errored,CG_sp_time_taken_mean,converged,CGIP_artificial,ngroute_neighborhood_size,time_limit_reached,CGIP_objective,CGLP_objective,CGLP_artificial,cycles_lookup_length
31.455,use_adaptive_ngroute,0.3614046987452545,0,false,0.7032592592592593,false,false,10.0,false,1.891043e6,1.2076111742706776e6,false,26
47.52,use_adaptive_ngroute,0.070301987960949,0,false,2.336894736842105,false,false,11.312500000000002,false,1.38383e6,1.286544e6,false,10
28.15,use_adaptive_ngroute,0.06605898123324405,0,false,2.733599999999999,false,false,12.125,false,1.38383e6,1.2924155999999999e6,false,7
13.317,none,0.06486923971875136,0,false,2.6322,false,false,12.46875,false,1.38383e6,1.2940620000000002e6,false,0
