CG_time_taken,method,CG_LP_IP_gap,implemented_SR3_cuts_count,errored,CG_sp_time_taken_mean,converged,CGIP_artificial,ngroute_neighborhood_size,time_limit_reached,CGIP_objective,CGLP_objective,CGLP_artificial,cycles_lookup_length
21.486,use_adaptive_ngroute,0.9999804721344697,0,false,0.5007272727272727,false,true,10.0,false,6.0e10,1.1716719318181816e6,false,31
49.417,use_adaptive_ngroute,0.02221105088640085,0,false,3.025066666666667,false,false,12.03125,false,1.341396e6,1.3116021851851854e6,false,24
98.001,use_adaptive_ngroute,0.007524996347089141,0,false,6.884357142857143,false,false,14.093750000000002,false,1.341396e6,1.331302e6,false,1
49.098,none,0.006091663709548278,0,false,6.095874999999999,false,false,14.124999999999998,false,1.341396e6,1.3332246666666667e6,false,0
