CG_time_taken,method,CG_LP_IP_gap,implemented_SR3_cuts_count,errored,CG_sp_time_taken_mean,converged,CGIP_artificial,ngroute_neighborhood_size,time_limit_reached,CGIP_objective,CGLP_objective,CGLP_artificial,cycles_lookup_length
32.221,use_adaptive_ngroute,0.2960189550575739,0,false,0.6190800000000001,false,false,10.0,false,1.792476e6,1.26186912751422e6,false,31
53.847,use_adaptive_ngroute,0.07200560923768229,0,false,2.4227142857142856,false,false,12.781249999999998,false,1.418018e6,1.3159127500000002e6,false,5
16.451,use_adaptive_ngroute,0.07065357312921183,0,false,2.6718333333333333,false,false,13.0625,false,1.418018e6,1.3178299615384613e6,false,11
11.103,none,0.06896651855327773,0,false,2.7430000000000003,false,false,13.625,false,1.418018e6,1.3202222352941183e6,false,0
