CG_time_taken,method,CG_LP_IP_gap,implemented_SR3_cuts_count,errored,CG_sp_time_taken_mean,converged,CGIP_artificial,ngroute_neighborhood_size,time_limit_reached,CGIP_objective,CGLP_objective,CGLP_artificial,cycles_lookup_length
109.903,use_adaptive_ngroute,0.37601429996925373,0,false,2.697041666666666,false,false,10.0,false,1.971697e6,1.2303107327935223e6,false,30
100.949,use_adaptive_ngroute,0.12221066420151816,0,false,4.469857142857142,false,false,11.78125,false,1.431038e6,1.256149895522388e6,false,10
39.474,use_adaptive_ngroute,0.08924436503850863,0,false,5.455,false,false,12.375,false,1.386966e6,1.2631870999999999e6,false,2
32.486,use_adaptive_ngroute,0.08774172843288663,0,false,6.2866,false,false,12.718750000000002,false,1.386966e6,1.265271205882353e6,false,2
24.404,none,0.08761212723791845,0,false,6.015499999999999,false,false,13.0,false,1.386966e6,1.2654509583333333e6,false,0
