CG_time_taken,method,CG_LP_IP_gap,implemented_SR3_cuts_count,errored,CG_sp_time_taken_mean,converged,CGIP_artificial,ngroute_neighborhood_size,time_limit_reached,CGIP_objective,CGLP_objective,CGLP_artificial,cycles_lookup_length
12.921,use_adaptive_ngroute,0.14946862047147658,0,false,0.2864545454545454,false,false,10.0,false,1.505021e6,1.2800675873493978e6,false,24
55.902,use_adaptive_ngroute,0.09342447126241393,0,false,2.9716666666666667,false,false,12.40625,false,1.441405e6,1.3067425000000002e6,false,8
18.809,use_adaptive_ngroute,0.08638515892479903,0,false,1.6574545454545455,false,false,12.656250000000002,false,1.441405e6,1.316889e6,false,1
5.275,use_adaptive_ngroute,0.08536451124655009,0,false,1.7249999999999999,false,false,12.687500000000002,false,1.441405e6,1.3183601666666665e6,false,3
11.375,none,0.08524795829994558,0,false,2.2404,false,false,13.125,false,1.441405e6,1.318528166666667e6,false,0
