CG_time_taken,method,CG_LP_IP_gap,implemented_SR3_cuts_count,errored,CG_sp_time_taken_mean,converged,CGIP_artificial,ngroute_neighborhood_size,time_limit_reached,CGIP_objective,CGLP_objective,CGLP_artificial,cycles_lookup_length
59.958,use_adaptive_ngroute,0.34346408104789183,0,false,1.0665333333333333,false,false,10.0,false,1.9544e6,1.2831338000000003e6,false,28
100.343,use_adaptive_ngroute,0.1533261548045698,0,false,5.342055555555556,false,false,11.562499999999998,false,1.711157e6,1.4487918769230768e6,false,20
190.817,use_adaptive_ngroute,0.14950965107531855,0,false,19.0252,false,false,13.5625,false,1.711157e6,1.4553225139949112e6,false,4
109.895,none,0.14922333193659176,0,false,21.9434,false,false,13.875,false,1.711157e6,1.4558124509933775e6,false,0
