CG_time_taken,method,CG_LP_IP_gap,implemented_SR3_cuts_count,errored,CG_sp_time_taken_mean,converged,CGIP_artificial,ngroute_neighborhood_size,time_limit_reached,CGIP_objective,CGLP_objective,CGLP_artificial,cycles_lookup_length
17.425,use_adaptive_ngroute,0.9999799944990647,0,false,0.41804545454545466,false,true,10.0,false,6.0e10,1.2003300561199808e6,false,32
115.719,use_adaptive_ngroute,0.21855380046473472,0,false,5.55855,false,false,13.21875,false,1.655185e6,1.293438027777778e6,false,19
146.14,use_adaptive_ngroute,0.2131939609314103,0,false,11.147769230769232,false,false,14.96875,false,1.655185e6,1.3023095537757436e6,false,6
65.292,none,0.16432156876130122,0,false,10.816833333333333,false,false,15.15625,false,1.559768e6,1.3034644753363228e6,false,0
