CG_time_taken,method,CG_LP_IP_gap,implemented_SR3_cuts_count,errored,CG_sp_time_taken_mean,converged,CGIP_artificial,ngroute_neighborhood_size,time_limit_reached,CGIP_objective,CGLP_objective,CGLP_artificial,cycles_lookup_length
31.486,use_adaptive_ngroute,0.9999819877235947,0,false,0.7845,false,true,1.0,false,6.0e10,1.0807365843193543e6,false,28
114.504,use_adaptive_ngroute,0.27962255434465544,0,false,7.0401875,false,false,6.107142857142857,false,1.685523e6,1.2142127533333334e6,false,19
114.9,use_adaptive_ngroute,0.1604375491431983,0,false,8.777923076923075,false,false,8.357142857142856,false,1.468628e6,1.233004923076923e6,false,7
57.523,use_adaptive_ngroute,0.15567220310814334,0,false,9.545166666666665,false,false,8.821428571428571,false,1.468628e6,1.2400034436936937e6,false,4
36.151,none,0.1552672071192589,0,false,12.006999999999998,false,false,9.0,false,1.468628e6,1.240598232142857e6,false,0
