CG_time_taken,method,CG_LP_IP_gap,implemented_SR3_cuts_count,errored,CG_sp_time_taken_mean,converged,CGIP_artificial,ngroute_neighborhood_size,time_limit_reached,CGIP_objective,CGLP_objective,CGLP_artificial,cycles_lookup_length
28.967,use_adaptive_ngroute,0.9999819877235947,0,false,0.675875,false,true,1.0,false,6.0e10,1.0807365843193543e6,false,28
91.518,use_adaptive_ngroute,0.2779342587317577,0,false,4.943333333333333,false,false,6.107142857142857,false,1.681582e6,1.2142127533333334e6,false,19
53.798,use_adaptive_ngroute,0.1888018769477735,0,false,5.896777777777778,false,false,8.321428571428571,false,1.51998e6,1.2330049230769232e6,false,7
39.621,use_adaptive_ngroute,0.1841975264847605,0,false,5.616714285714286,false,false,8.75,false,1.51998e6,1.2400034436936937e6,false,4
17.087,use_adaptive_ngroute,0.18382801871422372,0,false,5.6596666666666655,false,false,8.928571428571429,false,1.51998e6,1.2405650881147543e6,false,3
13.052,none,0.18380621314566192,0,false,6.4885,false,false,9.035714285714286,false,1.51998e6,1.2405982321428568e6,false,0
