CG_time_taken,method,CG_LP_IP_gap,implemented_SR3_cuts_count,errored,CG_sp_time_taken_mean,converged,CGIP_artificial,ngroute_neighborhood_size,time_limit_reached,CGIP_objective,CGLP_objective,CGLP_artificial,cycles_lookup_length
36.311,use_adaptive_ngroute,0.4910564854223558,0,false,0.5769230769230771,false,false,10.0,false,2.110885e6,1.0743212307692305e6,false,28
66.47,use_adaptive_ngroute,0.18896004742854244,0,false,3.2240526315789477,false,false,11.78125,false,1.483776e6,1.203401616666667e6,false,10
50.968,use_adaptive_ngroute,0.13023679644335817,0,false,4.962400000000001,false,false,12.843749999999998,false,1.426964e6,1.2411207799999998e6,false,10
15.961,none,0.127821020257191,0,false,5.2636666666666665,false,false,13.1875,false,1.426964e6,1.2445680056497178e6,false,0
