CG_time_taken,method,CG_LP_IP_gap,implemented_SR3_cuts_count,errored,CG_sp_time_taken_mean,converged,CGIP_artificial,ngroute_neighborhood_size,time_limit_reached,CGIP_objective,CGLP_objective,CGLP_artificial,cycles_lookup_length
97.085,use_adaptive_ngroute,0.3772975379666429,0,false,1.3466,false,false,10.0,false,1.880634e6,1.1710754219836404e6,false,26
114.487,use_adaptive_ngroute,0.12154881390321215,0,false,6.090055555555556,false,false,11.625,false,1.471547e6,1.2926822075471699e6,false,4
29.725,use_adaptive_ngroute,0.11431503538005972,0,false,7.30075,false,false,11.78125,false,1.471547e6,1.3033270526315793e6,false,4
35.685,use_adaptive_ngroute,0.11403493685948807,0,false,6.917800000000001,false,false,12.0,false,1.471547e6,1.303739230769231e6,false,1
46.033,use_adaptive_ngroute,0.11403493685948785,0,false,11.465250000000001,false,false,12.0625,false,1.471547e6,1.3037392307692312e6,false,3
52.143,none,0.11400163856864232,0,false,12.965,false,false,13.125,false,1.471547e6,1.30378823076923e6,false,0
