CG_time_taken,method,CG_LP_IP_gap,implemented_SR3_cuts_count,errored,CG_sp_time_taken_mean,converged,CGIP_artificial,ngroute_neighborhood_size,time_limit_reached,CGIP_objective,CGLP_objective,CGLP_artificial,cycles_lookup_length
23.888,use_adaptive_ngroute,0.36818026683507354,0,false,0.5405454545454546,false,false,10.0,false,1.925119e6,1.21632817289073e6,false,32
126.409,use_adaptive_ngroute,0.19545226907224245,0,false,7.205588235294118,false,false,12.906249999999998,false,1.619863e6,1.30325710106383e6,false,17
118.195,use_adaptive_ngroute,0.19095696484901448,0,false,10.668363636363635,false,false,14.5625,false,1.619863e6,1.3105388780487808e6,false,7
59.221,use_adaptive_ngroute,0.18969915961351635,0,false,14.75825,false,false,15.09375,false,1.619863e6,1.3125763502109705e6,false,7
91.855,none,0.18947003914781446,0,false,18.3176,false,false,15.312500000000002,false,1.619863e6,1.3129474939759038e6,false,0
