CG_time_taken,method,CG_LP_IP_gap,implemented_SR3_cuts_count,errored,CG_sp_time_taken_mean,converged,CGIP_artificial,ngroute_neighborhood_size,time_limit_reached,CGIP_objective,CGLP_objective,CGLP_artificial,cycles_lookup_length
19.621,use_adaptive_ngroute,0.9999789389443404,0,false,0.40991666666666665,false,true,10.0,false,6.0e10,1.2636633395721926e6,false,32
36.696,use_adaptive_ngroute,0.17603733659453058,0,false,2.2627333333333333,false,false,13.46875,false,1.649515e6,1.359138772727273e6,false,19
101.793,use_adaptive_ngroute,0.07920941373131196,0,false,11.203333333333335,false,false,14.90625,false,1.48442e6,1.366839962068966e6,false,6
68.641,use_adaptive_ngroute,0.07684568379478218,0,false,17.087999999999997,false,false,15.21875,false,1.48442e6,1.3703487300613495e6,false,2
70.43,use_adaptive_ngroute,0.07679866853983586,0,false,17.5565,false,false,15.28125,false,1.48442e6,1.3704185204460968e6,false,1
43.131,none,0.07673251530822267,0,false,21.529,false,false,15.312500000000002,false,1.48442e6,1.370516719626168e6,false,0
