CG_time_taken,method,CG_LP_IP_gap,implemented_SR3_cuts_count,errored,CG_sp_time_taken_mean,converged,CGIP_artificial,ngroute_neighborhood_size,time_limit_reached,CGIP_objective,CGLP_objective,CGLP_artificial,cycles_lookup_length
35.695,use_adaptive_ngroute,0.9999812405595222,0,false,0.7792307692307692,false,true,10.0,false,6.0e10,1.1255664286666668e6,false,31
170.692,use_adaptive_ngroute,0.04909505904870415,0,false,7.251956521739131,false,false,12.40625,false,1.322832e6,1.2578874848484846e6,false,17
47.419,use_adaptive_ngroute,0.044369033843887906,0,false,9.4104,false,false,13.28125,false,1.322832e6,1.264139222222222e6,false,5
51.991,none,0.044258177405243626,0,false,10.375399999999999,false,false,14.000000000000002,false,1.322832e6,1.2642858666666667e6,false,0
