CG_time_taken,method,CG_LP_IP_gap,implemented_SR3_cuts_count,errored,CG_sp_time_taken_mean,converged,CGIP_artificial,ngroute_neighborhood_size,time_limit_reached,CGIP_objective,CGLP_objective,CGLP_artificial,cycles_lookup_length
24.197,use_adaptive_ngroute,0.3813111890067449,0,false,0.4114137931034483,false,false,10.0,false,2.022293e6,1.2511700516499828e6,false,28
54.803,use_adaptive_ngroute,0.18617394309590285,0,false,2.7784736842105264,false,false,11.6875,false,1.63877e6,1.3336737272727273e6,false,7
36.693,use_adaptive_ngroute,0.17177608816368384,0,false,3.9739999999999998,false,false,11.9375,false,1.63877e6,1.3572684999999998e6,false,4
31.583,use_adaptive_ngroute,0.1693743207134346,0,false,4.458714285714286,false,false,12.0625,false,1.63877e6,1.3612044444444447e6,false,6
24.294,none,0.16789030797488347,0,false,4.8336,false,false,12.5625,false,1.63877e6,1.3636364000000001e6,false,0
