CG_time_taken,method,CG_LP_IP_gap,implemented_SR3_cuts_count,errored,CG_sp_time_taken_mean,converged,CGIP_artificial,ngroute_neighborhood_size,time_limit_reached,CGIP_objective,CGLP_objective,CGLP_artificial,cycles_lookup_length
23.738,use_adaptive_ngroute,0.9999803802114525,0,false,0.3836086956521739,false,true,10.0,false,6.0e10,1.1771873128472222e6,false,32
81.376,use_adaptive_ngroute,0.04218339614023059,0,false,3.9242500000000002,false,false,14.187499999999998,false,1.328145e6,1.2721193333333335e6,false,12
27.749,use_adaptive_ngroute,0.03781156070618574,0,false,3.4223749999999997,false,false,14.875,false,1.328145e6,1.2779257647058829e6,false,2
15.839,none,0.03593410985497325,0,false,3.9189999999999996,false,false,15.0,false,1.328145e6,1.2804192916666665e6,false,0
