CG_time_taken,method,CG_LP_IP_gap,implemented_SR3_cuts_count,errored,CG_sp_time_taken_mean,converged,CGIP_artificial,ngroute_neighborhood_size,time_limit_reached,CGIP_objective,CGLP_objective,CGLP_artificial,cycles_lookup_length
25.197,use_adaptive_ngroute,0.9999803802114525,0,false,0.4440434782608696,false,true,10.0,false,6.0e10,1.1771873128472222e6,false,32
107.547,use_adaptive_ngroute,0.0421833961402297,0,false,5.798166666666667,false,false,14.187499999999998,false,1.328145e6,1.2721193333333347e6,false,12
38.358,use_adaptive_ngroute,0.03781156070618619,0,false,5.405857142857143,false,false,14.875,false,1.328145e6,1.2779257647058824e6,false,2
26.16,none,0.03593410985497314,0,false,6.5112499999999995,false,false,15.0,false,1.328145e6,1.2804192916666667e6,false,0
