CG_time_taken,method,CG_LP_IP_gap,implemented_SR3_cuts_count,errored,CG_sp_time_taken_mean,converged,CGIP_artificial,ngroute_neighborhood_size,time_limit_reached,CGIP_objective,CGLP_objective,CGLP_artificial,cycles_lookup_length
24.528,use_adaptive_ngroute,0.3972612970013144,0,false,0.550375,false,false,10.0,false,2.062879e6,1.2433770129032256e6,false,29
23.441,use_adaptive_ngroute,0.0035401675739219485,0,false,1.2171176470588239,false,false,12.1875,false,1.33553e6,1.330802e6,false,9
8.388,use_adaptive_ngroute,0.0035401675739219485,0,false,0.8803333333333335,false,false,12.812499999999998,false,1.33553e6,1.330802e6,false,2
6.446,none,0.0027674406415431063,0,false,1.2056,false,false,13.40625,false,1.33553e6,1.331834e6,false,0
