CG_time_taken,method,CG_LP_IP_gap,implemented_SR3_cuts_count,errored,CG_sp_time_taken_mean,converged,CGIP_artificial,ngroute_neighborhood_size,time_limit_reached,CGIP_objective,CGLP_objective,CGLP_artificial,cycles_lookup_length
61.526,use_adaptive_ngroute,0.38300489744614175,0,false,0.6440943396226415,false,false,10.0,false,1.722294e6,1.0626469631578948e6,false,23
38.582,use_adaptive_ngroute,0.07091108264171153,0,false,1.9032352941176471,false,false,11.531249999999998,false,1.25671e6,1.1675953333333347e6,false,3
12.353,use_adaptive_ngroute,0.06355769822157664,0,false,1.9409999999999998,false,false,11.75,false,1.251943e6,1.1723723846153847e6,false,8
15.107,use_adaptive_ngroute,0.06303641619466738,0,false,2.7682000000000007,false,false,12.40625,false,1.251943e6,1.1730249999999995e6,false,5
4.159,none,0.06294415959832034,0,false,2.0335,false,false,12.5625,false,1.251943e6,1.1731405e6,false,0
