CG_time_taken,method,CG_LP_IP_gap,implemented_SR3_cuts_count,errored,CG_sp_time_taken_mean,converged,CGIP_artificial,ngroute_neighborhood_size,time_limit_reached,CGIP_objective,CGLP_objective,CGLP_artificial,cycles_lookup_length
12.078,use_adaptive_ngroute,0.9999815572119009,0,false,0.32525000000000004,false,true,1.0,false,6.0e10,1.1065672859477124e6,false,24
15.271,use_adaptive_ngroute,0.01602776394081551,0,false,0.8287333333333335,false,false,5.0,false,1.278781e6,1.258285e6,false,10
6.033,use_adaptive_ngroute,0.01153637722174472,0,false,0.679125,false,false,5.892857142857142,false,1.278781e6,1.2640285e6,false,7
4.985,none,0.011155936786674148,0,false,0.6218571428571429,false,false,6.642857142857143,false,1.278781e6,1.264515e6,false,0
