CG_time_taken,method,CG_LP_IP_gap,implemented_SR3_cuts_count,errored,CG_sp_time_taken_mean,converged,CGIP_artificial,ngroute_neighborhood_size,time_limit_reached,CGIP_objective,CGLP_objective,CGLP_artificial,cycles_lookup_length
39.189,use_adaptive_ngroute,0.9999790996080548,0,false,0.8517599999999999,false,true,10.0,false,6.0e10,1.2540235167173252e6,false,27
50.84,use_adaptive_ngroute,0.1549070029693015,0,false,2.4393684210526314,false,false,11.499999999999998,false,1.596119e6,1.3488689893276414e6,false,16
101.261,use_adaptive_ngroute,0.14660540394024957,0,false,14.321285714285713,false,false,13.625,false,1.596119e6,1.3621193292682928e6,false,8
64.906,use_adaptive_ngroute,0.1463085300502811,0,false,12.937,false,false,14.093750000000002,false,1.596119e6,1.3625931753246754e6,false,3
22.085,use_adaptive_ngroute,0.14630601855985392,0,false,10.9725,false,false,14.28125,false,1.596119e6,1.3625971839622646e6,false,1
60.528,use_adaptive_ngroute,0.14630601855985415,0,false,12.057599999999999,false,false,14.3125,false,1.596119e6,1.362597183962264e6,false,2
72.579,none,0.1463058003456732,0,false,18.092750000000002,false,false,14.8125,false,1.596119e6,1.3625975322580645e6,false,0
