CG_time_taken,method,CG_LP_IP_gap,implemented_SR3_cuts_count,errored,CG_sp_time_taken_mean,converged,CGIP_artificial,ngroute_neighborhood_size,time_limit_reached,CGIP_objective,CGLP_objective,CGLP_artificial,cycles_lookup_length
34.816,use_adaptive_ngroute,0.9999790996080548,0,false,0.71096,false,true,10.0,false,6.0e10,1.2540235167173252e6,false,27
37.877,use_adaptive_ngroute,0.19010293156717295,0,false,1.5749523809523809,false,false,11.499999999999998,false,1.665482e6,1.3488689893276417e6,false,16
72.625,use_adaptive_ngroute,0.16723261794112299,0,false,7.957222222222222,false,false,13.375,false,1.635627e6,1.3620968148148148e6,false,12
44.496,use_adaptive_ngroute,0.16692853620537718,0,false,11.07475,false,false,14.625,false,1.635627e6,1.3625941791120076e6,false,2
18.339,none,0.16692648613769256,0,false,9.12,false,false,14.75,false,1.635627e6,1.3625975322580643e6,false,0
