CG_time_taken,method,CG_LP_IP_gap,implemented_SR3_cuts_count,errored,CG_sp_time_taken_mean,converged,CGIP_artificial,ngroute_neighborhood_size,time_limit_reached,CGIP_objective,CGLP_objective,CGLP_artificial,cycles_lookup_length
30.229,use_adaptive_ngroute,0.9999790547518045,0,false,0.7408333333333332,false,true,10.0,false,6.0e10,1.2567148917322834e6,false,24
71.564,use_adaptive_ngroute,0.2253006980009895,0,false,4.6108666666666664,false,false,11.625,false,1.702442e6,1.3188806290937995e6,false,20
141.055,use_adaptive_ngroute,0.1620594383399362,0,false,10.74776923076923,false,false,12.843749999999998,false,1.61371e6,1.3521930637564615e6,false,5
64.303,use_adaptive_ngroute,0.15879334459605998,0,false,12.827800000000002,false,false,13.0,false,1.61371e6,1.357463591891892e6,false,2
25.672,none,0.1587503330833916,0,false,12.817,false,false,13.0625,false,1.61371e6,1.3575330000000002e6,false,0
