CG_time_taken,method,CG_LP_IP_gap,implemented_SR3_cuts_count,errored,CG_sp_time_taken_mean,converged,CGIP_artificial,ngroute_neighborhood_size,time_limit_reached,CGIP_objective,CGLP_objective,CGLP_artificial,cycles_lookup_length
52.71,use_adaptive_ngroute,0.4478795315157007,0,false,1.1460000000000001,false,false,10.0,false,1.907304e6,1.053061578021978e6,false,29
69.572,use_adaptive_ngroute,0.1926555647305751,0,false,2.5626,false,false,11.90625,false,1.459171e6,1.178053586956522e6,false,9
65.195,use_adaptive_ngroute,0.18673314268616692,0,false,9.193285714285713,false,false,13.5,false,1.450498e6,1.1796419500000002e6,false,2
65.027,none,0.1858465421078892,0,false,10.749833333333333,false,false,13.59375,false,1.450498e6,1.180927962365591e6,false,0
