CG_time_taken,method,CG_LP_IP_gap,implemented_SR3_cuts_count,errored,CG_sp_time_taken_mean,converged,CGIP_artificial,ngroute_neighborhood_size,time_limit_reached,CGIP_objective,CGLP_objective,CGLP_artificial,cycles_lookup_length
82.528,use_adaptive_ngroute,0.4157917107966851,0,false,1.898375,false,false,10.0,false,2.023336e6,1.1820496630434783e6,false,31
91.831,use_adaptive_ngroute,0.10774310598590353,0,false,5.153352941176472,false,false,12.843749999999998,false,1.441069e6,1.28580375e6,false,9
105.994,use_adaptive_ngroute,0.05915255613757253,0,false,8.682666666666666,false,false,13.65625,false,1.379112e6,1.297534e6,false,1
77.141,use_adaptive_ngroute,0.056558858163803905,0,false,12.728833333333334,false,false,13.6875,false,1.379112e6,1.301111e6,false,11
55.888,none,0.05508182076582613,0,false,13.896749999999999,false,false,14.031250000000002,false,1.379112e6,1.303148e6,false,0
