CG_time_taken,method,CG_LP_IP_gap,implemented_SR3_cuts_count,errored,CG_sp_time_taken_mean,converged,CGIP_artificial,ngroute_neighborhood_size,time_limit_reached,CGIP_objective,CGLP_objective,CGLP_artificial,cycles_lookup_length
35.107,use_adaptive_ngroute,0.4135818072140355,0,false,0.6306428571428571,false,false,10.0,false,2.100735e6,1.2319092222222232e6,false,16
18.057,use_adaptive_ngroute,0.25119889880023727,0,false,0.8591875,false,false,11.562499999999998,false,1.723659e6,1.2906777572928818e6,false,15
25.41,use_adaptive_ngroute,0.21965142279951888,0,false,2.6513333333333335,false,false,12.28125,false,1.685908e6,1.3155959090909087e6,false,7
26.192,none,0.21884494088301554,0,false,2.839111111111111,false,false,12.5,false,1.685908e6,1.3169555634057971e6,false,0
