CG_time_taken,method,CG_LP_IP_gap,implemented_SR3_cuts_count,errored,CG_sp_time_taken_mean,converged,CGIP_artificial,ngroute_neighborhood_size,time_limit_reached,CGIP_objective,CGLP_objective,CGLP_artificial,cycles_lookup_length
48.512,use_adaptive_ngroute,0.45310908316781007,0,false,0.8278928571428572,false,false,10.0,false,2.101848e6,1.1494815797619047e6,false,32
239.047,use_adaptive_ngroute,0.18928102675306302,0,false,16.77621428571429,false,false,11.90625,false,1.530109e6,1.2404883974358975e6,false,25
1482.075,use_adaptive_ngroute,0.09375547214419666,0,false,113.75399999999999,false,false,14.000000000000002,false,1.408015e6,1.276005888888889e6,false,8
361.632,use_adaptive_ngroute,0.08958022727293713,0,false,51.525857142857134,false,false,14.3125,false,1.408015e6,1.2818846962962954e6,false,1
106.436,none,0.08958022727293669,0,false,53.13649999999999,false,false,14.34375,false,1.408015e6,1.281884696296296e6,false,0
