CG_time_taken,method,CG_LP_IP_gap,implemented_SR3_cuts_count,errored,CG_sp_time_taken_mean,converged,CGIP_artificial,ngroute_neighborhood_size,time_limit_reached,CGIP_objective,CGLP_objective,CGLP_artificial,cycles_lookup_length
44.987,use_adaptive_ngroute,0.45310908316781007,0,false,0.7293928571428572,false,false,10.0,false,2.101848e6,1.1494815797619047e6,false,32
143.584,use_adaptive_ngroute,0.20603661198419254,0,false,8.201176470588235,false,false,11.90625,false,1.5624e6,1.2404883974358975e6,false,25
591.019,use_adaptive_ngroute,0.09363918961207363,0,false,49.02999999999999,false,false,14.031250000000002,false,1.408015e6,1.2761696164383562e6,false,12
148.27,none,0.08958022727293646,0,false,24.59166666666667,false,false,14.4375,false,1.408015e6,1.2818846962962963e6,false,0
