CG_time_taken,method,CG_LP_IP_gap,implemented_SR3_cuts_count,errored,CG_sp_time_taken_mean,converged,CGIP_artificial,ngroute_neighborhood_size,time_limit_reached,CGIP_objective,CGLP_objective,CGLP_artificial,cycles_lookup_length
25.19,use_adaptive_ngroute,0.3494657978134247,0,false,0.47552173913043483,false,false,10.0,false,1.918595e6,1.2481116676441524e6,false,32
46.667,use_adaptive_ngroute,0.08306303834432482,0,false,2.2843684210526316,false,false,13.25,false,1.428686e6,1.310015e6,false,2
21.844,use_adaptive_ngroute,0.07343139080245753,0,false,2.661625,false,false,13.3125,false,1.428686e6,1.3237756e6,false,10
36.759,use_adaptive_ngroute,0.07087085615733602,0,false,7.2948,false,false,13.9375,false,1.428686e6,1.3274338000000003e6,false,1
30.431,use_adaptive_ngroute,0.07087085615733635,0,false,10.067666666666666,false,false,14.031250000000002,false,1.428686e6,1.3274337999999998e6,false,1
28.702,use_adaptive_ngroute,0.07075363636917398,0,false,9.522666666666666,false,false,14.124999999999998,false,1.428686e6,1.3276012702702703e6,false,4
63.889,none,0.07066100221839144,0,false,12.7464,false,false,14.28125,false,1.428686e6,1.3277336153846153e6,false,0
