CG_time_taken,method,CG_LP_IP_gap,implemented_SR3_cuts_count,errored,CG_sp_time_taken_mean,converged,CGIP_artificial,ngroute_neighborhood_size,time_limit_reached,CGIP_objective,CGLP_objective,CGLP_artificial,cycles_lookup_length
53.876,use_adaptive_ngroute,0.29475463186690354,0,false,0.8900869565217394,false,false,10.0,false,1.693454e6,1.1943005896464647e6,false,32
20.679,use_adaptive_ngroute,0.09364660812457992,0,false,1.4996666666666667,false,false,12.750000000000002,false,1.406965e6,1.2752075000000005e6,false,6
17.6,use_adaptive_ngroute,0.0917376958721271,0,false,2.1211249999999997,false,false,12.9375,false,1.406965e6,1.2778932727272727e6,false,6
10.456,use_adaptive_ngroute,0.09151471429637548,0,false,2.5465000000000004,false,false,14.375,false,1.406965e6,1.278207e6,false,1
9.526,none,0.09113576622967401,0,false,3.1396666666666673,false,false,14.4375,false,1.406965e6,1.2787401666666667e6,false,0
