CG_time_taken,method,CG_LP_IP_gap,implemented_SR3_cuts_count,errored,CG_sp_time_taken_mean,converged,CGIP_artificial,ngroute_neighborhood_size,time_limit_reached,CGIP_objective,CGLP_objective,CGLP_artificial,cycles_lookup_length
22.358,use_adaptive_ngroute,0.9999831670418329,0,false,0.6072272727272726,false,true,1.0,false,6.0e10,1.0099774900265927e6,false,28
69.371,use_adaptive_ngroute,0.1971683300760868,0,false,3.129952380952381,false,false,6.035714285714286,false,1.475684e6,1.1847258499999999e6,false,21
60.341,use_adaptive_ngroute,0.1854526913922252,0,false,4.885666666666667,false,false,8.5,false,1.475684e6,1.2020144305555555e6,false,5
17.033,use_adaptive_ngroute,0.18517694314901634,0,false,4.1785,false,false,8.678571428571429,false,1.475684e6,1.202421347826087e6,false,6
30.455,none,0.164154636771649,0,false,7.537750000000001,false,false,9.25,false,1.441132e6,1.2045635e6,false,0
