CG_time_taken,method,CG_LP_IP_gap,implemented_SR3_cuts_count,errored,CG_sp_time_taken_mean,converged,CGIP_artificial,ngroute_neighborhood_size,time_limit_reached,CGIP_objective,CGLP_objective,CGLP_artificial,cycles_lookup_length
22.165,use_adaptive_ngroute,0.9999794540846948,0,false,0.5452,false,true,10.0,false,6.0e10,1.2327549183117768e6,false,30
50.538,use_adaptive_ngroute,0.019634157742206892,0,false,2.5387894736842105,false,false,11.875,false,1.347794e6,1.3213312e6,false,13
35.03,use_adaptive_ngroute,0.01778291202339488,0,false,6.958,false,false,13.5,false,1.347794e6,1.3238262978723405e6,false,5
47.08,none,0.017713018458310414,0,false,9.371200000000002,false,false,13.6875,false,1.347794e6,1.3239205e6,false,0
