CG_time_taken,method,CG_LP_IP_gap,implemented_SR3_cuts_count,errored,CG_sp_time_taken_mean,converged,CGIP_artificial,ngroute_neighborhood_size,time_limit_reached,CGIP_objective,CGLP_objective,CGLP_artificial,cycles_lookup_length
36.762,use_adaptive_ngroute,0.9999795171782053,0,false,0.7398399999999999,false,true,10.0,false,6.0e10,1.2289693076813656e6,false,32
173.394,use_adaptive_ngroute,0.09377640494649231,0,false,6.727399999999999,false,false,13.15625,false,1.454229e6,1.3178566324110674e6,false,11
130.4,use_adaptive_ngroute,0.07788876804351863,0,false,11.770454545454546,false,false,13.71875,false,1.454229e6,1.340960894736842e6,false,5
37.017,use_adaptive_ngroute,0.07773595654669341,0,false,7.284599999999999,false,false,14.062500000000002,false,1.454229e6,1.3411831176470586e6,false,4
31.18,use_adaptive_ngroute,0.0777233091872589,0,false,7.75025,false,false,14.3125,false,1.454229e6,1.3412015098039217e6,false,1
10.237,none,0.07766304546338754,0,false,10.207,false,false,14.4375,false,1.454229e6,1.3412891470588234e6,false,0
