CG_time_taken,method,CG_LP_IP_gap,implemented_SR3_cuts_count,errored,CG_sp_time_taken_mean,converged,CGIP_artificial,ngroute_neighborhood_size,time_limit_reached,CGIP_objective,CGLP_objective,CGLP_artificial,cycles_lookup_length
21.745,use_adaptive_ngroute,0.2770439315241785,0,false,0.4479545454545455,false,false,10.0,false,1.675884e6,1.2115905078615337e6,false,28
23.387,use_adaptive_ngroute,0.07509878973280915,0,false,0.8790454545454546,false,false,11.406250000000002,false,1.411837e6,1.30580975e6,false,15
26.7,use_adaptive_ngroute,0.06520546662583249,0,false,2.8852222222222226,false,false,12.781249999999998,false,1.411837e6,1.3197775096153845e6,false,2
12.115,none,0.06486814696030763,0,false,2.3946,false,false,12.843749999999998,false,1.411837e6,1.3202537500000002e6,false,0
