CG_time_taken,method,CG_LP_IP_gap,implemented_SR3_cuts_count,errored,CG_sp_time_taken_mean,converged,CGIP_artificial,ngroute_neighborhood_size,time_limit_reached,CGIP_objective,CGLP_objective,CGLP_artificial,cycles_lookup_length
23.075,use_adaptive_ngroute,0.2770439315241785,0,false,0.5098636363636363,false,false,10.0,false,1.675884e6,1.2115905078615337e6,false,28
33.917,use_adaptive_ngroute,0.076883774328116,0,false,1.3022608695652174,false,false,11.406250000000002,false,1.414567e6,1.30580975e6,false,15
20.513,use_adaptive_ngroute,0.06700954453526431,0,false,4.0216,false,false,12.781249999999998,false,1.414567e6,1.3197775096153847e6,false,7
22.499,none,0.06667287586943571,0,false,4.4639999999999995,false,false,13.21875,false,1.414567e6,1.32025375e6,false,0
