CG_time_taken,method,CG_LP_IP_gap,implemented_SR3_cuts_count,errored,CG_sp_time_taken_mean,converged,CGIP_artificial,ngroute_neighborhood_size,time_limit_reached,CGIP_objective,CGLP_objective,CGLP_artificial,cycles_lookup_length
27.734,use_adaptive_ngroute,0.3099354544335975,0,false,0.5032692307692308,false,false,10.0,false,1.639575e6,1.1314125772970344e6,false,29
71.207,use_adaptive_ngroute,0.07374148820992754,0,false,3.7553333333333336,false,false,12.375,false,1.362375e6,1.26191144e6,false,13
29.592,use_adaptive_ngroute,0.06817887390280475,0,false,4.839833333333334,false,false,13.0625,false,1.362375e6,1.2694898066666664e6,false,6
15.557,none,0.06654390311037706,0,false,3.81625,false,false,13.25,false,1.362375e6,1.27171725e6,false,0
