CG_time_taken,method,CG_LP_IP_gap,implemented_SR3_cuts_count,errored,CG_sp_time_taken_mean,converged,CGIP_artificial,ngroute_neighborhood_size,time_limit_reached,CGIP_objective,CGLP_objective,CGLP_artificial,cycles_lookup_length
28.091,use_adaptive_ngroute,0.3495314411052908,0,false,0.6597599999999999,false,false,10.0,false,1.929179e6,1.2548702839799363e6,false,30
79.825,use_adaptive_ngroute,0.008668641820844702,0,false,4.826374999999999,false,false,12.3125,false,1.368332e6,1.35647042e6,false,8
35.06,use_adaptive_ngroute,0.00357400577534428,0,false,6.951600000000001,false,false,12.96875,false,1.368332e6,1.3634415735294116e6,false,7
36.681,none,0.0034032310871924265,0,false,7.286599999999999,false,false,13.1875,false,1.368332e6,1.3636752499999998e6,false,0
