CG_time_taken,method,CG_LP_IP_gap,implemented_SR3_cuts_count,errored,CG_sp_time_taken_mean,converged,CGIP_artificial,ngroute_neighborhood_size,time_limit_reached,CGIP_objective,CGLP_objective,CGLP_artificial,cycles_lookup_length
31.812,use_adaptive_ngroute,0.35450406485825137,0,false,0.5653809523809523,false,false,10.0,false,1.938244e6,1.2511286233128835e6,false,32
35.836,use_adaptive_ngroute,0.03555933930740385,0,false,2.4070769230769233,false,false,13.59375,false,1.342803e6,1.2950538125000002e6,false,12
30.735,use_adaptive_ngroute,0.0322665930033037,0,false,3.2376666666666667,false,false,14.65625,false,1.342803e6,1.2994753221153847e6,false,11
18.338,none,0.03223284043803154,0,false,3.5578,false,false,15.28125,false,1.342803e6,1.29952064516129e6,false,0
