CG_time_taken,method,CG_LP_IP_gap,implemented_SR3_cuts_count,errored,CG_sp_time_taken_mean,converged,CGIP_artificial,ngroute_neighborhood_size,time_limit_reached,CGIP_objective,CGLP_objective,CGLP_artificial,cycles_lookup_length
32.845,use_adaptive_ngroute,0.35450406485825137,0,false,0.6457142857142857,false,false,10.0,false,1.938244e6,1.2511286233128835e6,false,32
54.73,use_adaptive_ngroute,0.03840658898007787,0,false,3.3242000000000003,false,false,13.59375,false,1.346779e6,1.2950538124999998e6,false,12
41.562,use_adaptive_ngroute,0.032266593003304034,0,false,5.0885,false,false,14.6875,false,1.342803e6,1.2994753221153843e6,false,10
22.464,none,0.03223284043803121,0,false,5.468250000000001,false,false,15.21875,false,1.342803e6,1.2995206451612904e6,false,0
