CG_time_taken,method,CG_LP_IP_gap,implemented_SR3_cuts_count,errored,CG_sp_time_taken_mean,converged,CGIP_artificial,ngroute_neighborhood_size,time_limit_reached,CGIP_objective,CGLP_objective,CGLP_artificial,cycles_lookup_length
45.219,use_adaptive_ngroute,0.4138905982608665,0,false,0.8899600000000001,false,false,10.0,false,1.943326e6,1.1390016392441033e6,false,24
46.184,use_adaptive_ngroute,0.02582329162867847,0,false,1.7437727272727277,false,false,11.59375,false,1.274518e6,1.24160575e6,false,11
15.843,use_adaptive_ngroute,0.02339502070586663,0,false,1.3493636363636363,false,false,12.03125,false,1.274518e6,1.2447006250000002e6,false,2
11.343,use_adaptive_ngroute,0.022497446093346807,0,false,1.3682499999999997,false,false,12.09375,false,1.274518e6,1.2458445999999999e6,false,1
6.646,none,0.022497446093346585,0,false,1.2700000000000002,false,false,12.4375,false,1.274518e6,1.2458446e6,false,0
