CG_time_taken,method,CG_LP_IP_gap,implemented_SR3_cuts_count,errored,CG_sp_time_taken_mean,converged,CGIP_artificial,ngroute_neighborhood_size,time_limit_reached,CGIP_objective,CGLP_objective,CGLP_artificial,cycles_lookup_length
31.295,use_adaptive_ngroute,0.4248956180077639,0,false,0.5902692307692308,false,false,10.0,false,1.933603e6,1.1120235583333338e6,false,32
153.947,use_adaptive_ngroute,0.1750311812954507,0,false,6.418347826086957,false,false,13.6875,false,1.490076e6,1.2292662375e6,false,19
281.794,use_adaptive_ngroute,0.17021634743304837,0,false,28.0565,false,false,15.28125,false,1.490076e6,1.236440705882353e6,false,12
365.631,none,0.17009277350582697,0,false,73.04180000000001,false,false,16.34375,false,1.490076e6,1.2366248404255314e6,false,0
