CG_time_taken,method,CG_LP_IP_gap,implemented_SR3_cuts_count,errored,CG_sp_time_taken_mean,converged,CGIP_artificial,ngroute_neighborhood_size,time_limit_reached,CGIP_objective,CGLP_objective,CGLP_artificial,cycles_lookup_length
27.332,use_adaptive_ngroute,0.4496727064218655,0,false,0.5294583333333335,false,false,10.0,false,2.335102e6,1.285070363888889e6,false,29
28.252,use_adaptive_ngroute,0.13807347492073174,0,false,1.4455882352941176,false,false,12.9375,false,1.598905e6,1.3781386305818674e6,false,11
12.287,use_adaptive_ngroute,0.13462751765183745,0,false,1.9598333333333335,false,false,13.71875,false,1.598905e6,1.3836483888888888e6,false,4
10.834,none,0.13456918630411818,0,false,3.522,false,false,13.875,false,1.598905e6,1.383741655172414e6,false,0
