CG_time_taken,method,CG_LP_IP_gap,implemented_SR3_cuts_count,errored,CG_sp_time_taken_mean,converged,CGIP_artificial,ngroute_neighborhood_size,time_limit_reached,CGIP_objective,CGLP_objective,CGLP_artificial,cycles_lookup_length
28.775,use_adaptive_ngroute,0.4496727064218655,0,false,0.5700833333333333,false,false,10.0,false,2.335102e6,1.285070363888889e6,false,29
29.136,use_adaptive_ngroute,0.13001406446347075,0,false,1.983230769230769,false,false,12.9375,false,1.584093e6,1.3781386305818672e6,false,11
24.215,use_adaptive_ngroute,0.12653588590512743,0,false,3.3672857142857144,false,false,13.65625,false,1.584093e6,1.383648388888889e6,false,5
17.732,none,0.12647700913240978,0,false,5.714666666666667,false,false,14.093750000000002,false,1.584093e6,1.3837416551724137e6,false,0
