CG_time_taken,method,CG_LP_IP_gap,implemented_SR3_cuts_count,errored,CG_sp_time_taken_mean,converged,CGIP_artificial,ngroute_neighborhood_size,time_limit_reached,CGIP_objective,CGLP_objective,CGLP_artificial,cycles_lookup_length
54.321,use_adaptive_ngroute,0.41151705759813884,0,false,0.7863714285714285,false,false,10.0,false,1.917034e6,1.1281418090044095e6,false,16
35.458,use_adaptive_ngroute,0.1234077930172679,0,false,1.9908461538461535,false,false,11.281250000000002,false,1.486254e6,1.3028386739969135e6,false,29
74.909,use_adaptive_ngroute,0.04281972178308491,0,false,6.653818181818181,false,false,14.4375,false,1.368213e6,1.3096265e6,false,1
65.592,none,0.042095784793741875,0,false,7.153333333333334,false,false,14.46875,false,1.368213e6,1.310617e6,false,0
