CG_time_taken,method,CG_LP_IP_gap,implemented_SR3_cuts_count,errored,CG_sp_time_taken_mean,converged,CGIP_artificial,ngroute_neighborhood_size,time_limit_reached,CGIP_objective,CGLP_objective,CGLP_artificial,cycles_lookup_length
38.894,use_adaptive_ngroute,0.39653906441536924,0,false,0.8872142857142857,false,false,10.0,false,1.842036e6,1.1115967679405708e6,false,26
85.218,use_adaptive_ngroute,0.2592045512290446,0,false,4.291578947368421,false,false,11.78125,false,1.653036e6,1.224561545454545e6,false,18
75.556,use_adaptive_ngroute,0.15786079862166813,0,false,6.15875,false,false,12.53125,false,1.519518e6,1.279645675e6,false,3
31.903,use_adaptive_ngroute,0.15744753309588655,0,false,6.3202,false,false,12.750000000000002,false,1.519518e6,1.2802736394052047e6,false,2
28.934,use_adaptive_ngroute,0.15744753309588666,0,false,9.600666666666667,false,false,13.15625,false,1.519518e6,1.2802736394052044e6,false,2
19.954,none,0.15740450261201244,0,false,9.931,false,false,13.21875,false,1.519518e6,1.2803390250000001e6,false,0
