CG_time_taken,method,CG_LP_IP_gap,implemented_SR3_cuts_count,errored,CG_sp_time_taken_mean,converged,CGIP_artificial,ngroute_neighborhood_size,time_limit_reached,CGIP_objective,CGLP_objective,CGLP_artificial,cycles_lookup_length
30.411,use_adaptive_ngroute,0.45612636308150967,0,false,0.5327727272727273,false,false,10.0,false,2.091187e6,1.137341479166667e6,false,32
182.575,use_adaptive_ngroute,0.08968610463623439,0,false,11.159187499999998,false,false,13.40625,false,1.399426e6,1.273916933333333e6,false,3
40.279,use_adaptive_ngroute,0.08397798360485675,0,false,7.9696,false,false,13.78125,false,1.399426e6,1.2819050263157897e6,false,3
56.659,use_adaptive_ngroute,0.0798275292870072,0,false,8.008142857142857,false,false,14.062500000000002,false,1.399426e6,1.2877132800000007e6,false,1
32.792,use_adaptive_ngroute,0.07957623015046555,0,false,8.1485,false,false,14.093750000000002,false,1.399426e6,1.2880649545454546e6,false,6
35.377,none,0.07944378407268149,0,false,5.8406666666666665,false,false,14.46875,false,1.399426e6,1.2882503030303037e6,false,0
