CG_time_taken,method,CG_LP_IP_gap,implemented_SR3_cuts_count,errored,CG_sp_time_taken_mean,converged,CGIP_artificial,ngroute_neighborhood_size,time_limit_reached,CGIP_objective,CGLP_objective,CGLP_artificial,cycles_lookup_length
28.997,use_adaptive_ngroute,0.22278563432391352,0,false,0.46748148148148144,false,false,10.0,false,1.674225e6,1.3012317213740458e6,false,21
8.882,use_adaptive_ngroute,0.1392683298006393,0,false,0.6251000000000001,false,false,11.84375,false,1.625743e6,1.3993284877049192e6,false,21
10.308,use_adaptive_ngroute,0.07898711047103679,0,false,1.1588749999999999,false,false,12.96875,false,1.532062e6,1.4110488495575225e6,false,4
3.701,use_adaptive_ngroute,0.07848546599289086,0,false,0.8695000000000002,false,false,13.125,false,1.532062e6,1.4118173999999997e6,false,9
22.699,use_adaptive_ngroute,0.07763928613855031,0,false,4.4758,false,false,14.093750000000002,false,1.532062e6,1.4131138000000003e6,false,1
12.587,use_adaptive_ngroute,0.07762740672374879,0,false,4.1723333333333334,false,false,14.124999999999998,false,1.532062e6,1.413132e6,false,1
27.557,use_adaptive_ngroute,0.07757857079404673,0,false,5.48,false,false,14.156249999999998,false,1.532062e6,1.4132068196721312e6,false,6
9.87,none,0.07754385919107709,0,false,4.9085,false,false,14.34375,false,1.532062e6,1.41326e6,false,0
