CG_time_taken,method,CG_LP_IP_gap,implemented_SR3_cuts_count,errored,CG_sp_time_taken_mean,converged,CGIP_artificial,ngroute_neighborhood_size,time_limit_reached,CGIP_objective,CGLP_objective,CGLP_artificial,cycles_lookup_length
29.192,use_adaptive_ngroute,0.9999802893609105,0,false,0.6264761904761905,false,true,10.0,false,6.0e10,1.1826383453703702e6,false,26
218.163,use_adaptive_ngroute,0.17634228256127993,0,false,11.257631578947368,false,false,11.71875,false,1.579613e6,1.301060438016529e6,false,9
326.418,use_adaptive_ngroute,0.1375741107330979,0,false,32.5287,false,false,12.21875,false,1.522423e6,1.312977009615385e6,false,9
130.06,use_adaptive_ngroute,0.13738560176770842,0,false,32.4215,false,false,12.781249999999998,false,1.522423e6,1.313264e6,false,3
137.938,none,0.1372170070908063,0,false,45.934999999999995,false,false,13.25,false,1.522423e6,1.3135206724137934e6,false,0
