CG_time_taken,method,CG_LP_IP_gap,implemented_SR3_cuts_count,errored,CG_sp_time_taken_mean,converged,CGIP_artificial,ngroute_neighborhood_size,time_limit_reached,CGIP_objective,CGLP_objective,CGLP_artificial,cycles_lookup_length
172.331,use_adaptive_ngroute,0.9999825004435551,0,false,2.56039393939394,false,true,11.999999999999998,false,6.0e10,1.0499733866930173e6,false,36
516.785,use_adaptive_ngroute,0.1562445459111267,0,false,20.89308333333333,false,false,14.5,false,1.410871e6,1.1904301012658228e6,false,16
2859.332,use_adaptive_ngroute,0.06677894921037664,0,false,105.47037037037036,false,false,16.0,false,1.280104e6,1.19462e6,false,10
38.304,none,0.06677894921037664,0,false,NaN,false,false,16.77777777777778,true,1.280104e6,1.19462e6,false,0
