CG_time_taken,method,CG_LP_IP_gap,implemented_SR3_cuts_count,errored,CG_sp_time_taken_mean,converged,CGIP_artificial,ngroute_neighborhood_size,time_limit_reached,CGIP_objective,CGLP_objective,CGLP_artificial,cycles_lookup_length
42.04,use_adaptive_ngroute,0.35616757356045103,0,false,0.5076451612903227,false,false,11.999999999999998,false,2.011996e6,1.2953882666666668e6,false,27
23.312,use_adaptive_ngroute,0.07560696626306296,0,false,1.2130666666666665,false,false,13.500000000000002,false,1.551109e6,1.4338343541666667e6,false,10
13.951,use_adaptive_ngroute,0.07102582732741547,0,false,1.636375,false,false,14.222222222222221,false,1.551109e6,1.4409402e6,false,6
8.101,use_adaptive_ngroute,0.07026331644004391,0,false,1.9637499999999999,false,false,14.638888888888888,false,1.551109e6,1.4421229375e6,false,5
8.257,none,0.06940868597887073,0,false,1.5972,false,false,14.86111111111111,false,1.551109e6,1.4434485624999998e6,false,0
