CG_time_taken,method,CG_LP_IP_gap,implemented_SR3_cuts_count,errored,CG_sp_time_taken_mean,converged,CGIP_artificial,ngroute_neighborhood_size,time_limit_reached,CGIP_objective,CGLP_objective,CGLP_artificial,cycles_lookup_length
60.187,use_adaptive_ngroute,0.321689646079373,0,false,1.4797199999999997,false,false,11.999999999999998,false,1.899478e6,1.2884355944444446e6,false,24
26.98,use_adaptive_ngroute,0.055071399106956576,0,false,1.8517692307692308,false,false,13.500000000000002,false,1.419789e6,1.3415992333333332e6,false,16
55.727,use_adaptive_ngroute,0.04904162063597273,0,false,4.197307692307692,false,false,14.222222222222221,false,1.419789e6,1.3501602464788728e6,false,11
32.135,use_adaptive_ngroute,0.047378430879517985,0,false,6.3662,false,false,14.833333333333334,false,1.419789e6,1.352521625e6,false,2
15.206,none,0.04695416008998521,0,false,5.039666666666667,false,false,14.88888888888889,false,1.419789e6,1.353124e6,false,0
