CG_time_taken,method,CG_LP_IP_gap,implemented_SR3_cuts_count,errored,CG_sp_time_taken_mean,converged,CGIP_artificial,ngroute_neighborhood_size,time_limit_reached,CGIP_objective,CGLP_objective,CGLP_artificial,cycles_lookup_length
69.37,use_adaptive_ngroute,0.30657286391385885,0,false,0.6815862068965518,false,false,11.999999999999998,false,1.859564e6,1.289472138888889e6,false,32
72.209,use_adaptive_ngroute,0.1331164853474469,0,false,4.1056875,false,false,14.638888888888888,false,1.523648e6,1.3208253333333333e6,false,6
42.842,use_adaptive_ngroute,0.1302896155671336,0,false,5.166750000000001,false,false,15.083333333333332,false,1.519343e6,1.3213883846153845e6,false,6
28.399,none,0.1298900248331022,0,false,3.833714285714286,false,false,15.444444444444443,false,1.519343e6,1.3219955e6,false,0
