CG_time_taken,method,CG_LP_IP_gap,implemented_SR3_cuts_count,errored,CG_sp_time_taken_mean,converged,CGIP_artificial,ngroute_neighborhood_size,time_limit_reached,CGIP_objective,CGLP_objective,CGLP_artificial,cycles_lookup_length
216.014,use_adaptive_ngroute,0.9999786780074235,0,false,4.034464285714287,false,true,11.999999999999998,false,6.0e10,1.279319554594772e6,false,36
227.856,use_adaptive_ngroute,0.1660098553529592,0,false,9.480695652173912,false,false,14.638888888888888,false,1.649256e6,1.37546325e6,false,4
94.015,use_adaptive_ngroute,0.14544156290092947,0,false,7.577666666666667,false,false,14.833333333333334,false,1.624091e6,1.3878806666666665e6,false,7
52.443,use_adaptive_ngroute,0.12179887415996538,0,false,10.2968,false,false,15.499999999999998,false,1.581839e6,1.3891727906976745e6,false,4
89.832,use_adaptive_ngroute,0.12167778558163445,0,false,17.883599999999998,false,false,15.777777777777777,false,1.581839e6,1.389364333333333e6,false,3
58.885,none,0.1216328308731518,0,false,19.574666666666666,false,false,15.861111111111112,false,1.581839e6,1.3894354444444445e6,false,0
