CG_time_taken,method,CG_LP_IP_gap,implemented_SR3_cuts_count,errored,CG_sp_time_taken_mean,converged,CGIP_artificial,ngroute_neighborhood_size,time_limit_reached,CGIP_objective,CGLP_objective,CGLP_artificial,cycles_lookup_length
48.968,use_adaptive_ngroute,0.3057073615785757,0,false,0.8138076923076925,false,false,11.999999999999998,false,1.820609e6,1.2640354261437908e6,false,36
214.46,use_adaptive_ngroute,0.12640499973574326,0,false,11.521,false,false,16.416666666666664,false,1.5582e6,1.3612357294117648e6,false,10
224.541,use_adaptive_ngroute,0.12337167723960163,0,false,20.255454545454544,false,false,17.083333333333332,false,1.5582e6,1.3659622525252528e6,false,3
142.468,none,0.12323205550564054,0,false,35.3495,false,false,17.166666666666668,false,1.5582e6,1.366179811111111e6,false,0
