CG_time_taken,method,CG_LP_IP_gap,implemented_SR3_cuts_count,errored,CG_sp_time_taken_mean,converged,CGIP_artificial,ngroute_neighborhood_size,time_limit_reached,CGIP_objective,CGLP_objective,CGLP_artificial,cycles_lookup_length
24.921,use_adaptive_ngroute,0.9999833830805784,0,false,0.6572173913043479,false,true,1.0,false,6.0e10,997015.1652909018,false,26
13.063,use_adaptive_ngroute,0.1194306031292236,0,false,0.7258125000000001,false,false,4.428571428571429,false,1.384208e6,1.2188912037037036e6,false,13
6.201,use_adaptive_ngroute,0.11097115682287495,0,false,0.9989999999999999,false,false,6.392857142857143,false,1.384208e6,1.230600836956522e6,false,4
4.32,none,0.11058548115045408,0,false,1.06575,false,false,6.607142857142858,false,1.384208e6,1.2311346923076923e6,false,0
