CG_time_taken,method,CG_LP_IP_gap,implemented_SR3_cuts_count,errored,CG_sp_time_taken_mean,converged,CGIP_artificial,ngroute_neighborhood_size,time_limit_reached,CGIP_objective,CGLP_objective,CGLP_artificial,cycles_lookup_length
30.799,use_adaptive_ngroute,0.9999803022938106,0,false,0.5891851851851851,false,true,1.0,false,6.0e10,1.1818623713624608e6,false,29
51.333,use_adaptive_ngroute,0.07939497458636868,0,false,2.3054500000000004,false,false,4.09375,false,1.392363e6,1.281816375e6,false,13
22.385,use_adaptive_ngroute,0.0717825739408473,0,false,2.1241999999999996,false,false,5.34375,false,1.392363e6,1.2924156e6,false,7
8.374,none,0.07060012367464519,0,false,1.6170000000000002,false,false,5.749999999999999,false,1.392363e6,1.294062e6,false,0
