CG_time_taken,method,CG_LP_IP_gap,implemented_SR3_cuts_count,errored,CG_sp_time_taken_mean,converged,CGIP_artificial,ngroute_neighborhood_size,time_limit_reached,CGIP_objective,CGLP_objective,CGLP_artificial,cycles_lookup_length
12.379,use_adaptive_ngroute,0.15193569858096057,0,false,0.6874999999999999,false,false,9.299999999999999,false,1.16641e6,989190.6818181818,false,5
2.724,use_adaptive_ngroute,0.07822061203493813,0,false,0.6645000000000001,false,false,9.75,false,1.079365e6,994936.4090909091,false,4
2.826,use_adaptive_ngroute,0.07793281234800087,0,false,0.68125,false,false,10.55,false,1.079365e6,995247.05,false,1
2.661,use_adaptive_ngroute,0.07793281234800109,0,false,0.8696666666666667,false,false,10.65,false,1.079365e6,995247.0499999998,false,2
1.849,none,0.07780863142823646,0,false,0.9094999999999999,false,false,11.100000000000001,false,1.079365e6,995381.0865384615,false,0
