CG_time_taken,method,CG_LP_IP_gap,implemented_SR3_cuts_count,errored,CG_sp_time_taken_mean,converged,CGIP_artificial,ngroute_neighborhood_size,time_limit_reached,CGIP_objective,CGLP_objective,CGLP_artificial,cycles_lookup_length
10.008,use_adaptive_ngroute,0.10844439485573032,0,false,0.6014666666666666,false,false,9.299999999999999,false,1.083061e6,965609.1052631579,false,3
3.07,use_adaptive_ngroute,0.1053178319260284,0,false,0.5718,false,false,9.950000000000001,false,1.083061e6,968995.3636363638,false,5
1.709,use_adaptive_ngroute,0.10385513322374684,0,false,0.5553333333333333,false,false,11.0,false,1.083061e6,970579.5555555555,false,2
2.121,none,0.10357937159382324,0,false,1.0459999999999998,false,false,11.299999999999999,false,1.083061e6,970878.2222222222,false,0
