CG_time_taken,method,CG_LP_IP_gap,implemented_SR3_cuts_count,errored,CG_sp_time_taken_mean,converged,CGIP_artificial,ngroute_neighborhood_size,time_limit_reached,CGIP_objective,CGLP_objective,CGLP_artificial,cycles_lookup_length
28.621,use_adaptive_ngroute,0.05176053451385487,0,false,1.7850666666666664,false,false,11.666666666666666,false,1.366176e6,1.2954619999999998e6,false,2
13.483,use_adaptive_ngroute,0.051341847609678415,0,false,2.194,false,false,12.041666666666666,false,1.366176e6,1.296034e6,false,4
11.71,use_adaptive_ngroute,0.05045681441402039,0,false,2.2840000000000003,false,false,12.291666666666666,false,1.366176e6,1.2972431111111112e6,false,1
9.611,none,0.04971830262515853,0,false,3.181333333333333,false,false,12.333333333333334,false,1.366176e6,1.2982520481927714e6,false,0
