CG_time_taken,method,CG_LP_IP_gap,implemented_SR3_cuts_count,errored,CG_sp_time_taken_mean,converged,CGIP_artificial,ngroute_neighborhood_size,time_limit_reached,CGIP_objective,CGLP_objective,CGLP_artificial,cycles_lookup_length
52.759,use_adaptive_ngroute,0.999979450926769,0,false,1.152555555555556,false,true,1.0,false,6.0e10,1.2329443938578719e6,false,31
131.687,use_adaptive_ngroute,0.1756750461690627,0,false,6.978944444444444,false,false,5.03125,false,1.737281e6,1.4320840801163646e6,false,22
90.579,use_adaptive_ngroute,0.11428180062044868,0,false,8.7043,false,false,7.53125,false,1.640856e6,1.453336021761133e6,false,13
51.694,use_adaptive_ngroute,0.11320886570001232,0,false,12.887500000000001,false,false,9.15625,false,1.640856e6,1.4550965534629405e6,false,1
49.113,use_adaptive_ngroute,0.11278273047726295,0,false,12.228750000000002,false,false,9.21875,false,1.640856e6,1.4557957800000003e6,false,2
32.365,none,0.11277257054038992,0,false,16.153499999999998,false,false,9.40625,false,1.640856e6,1.455812450993378e6,false,0
