CG_time_taken,method,CG_LP_IP_gap,implemented_SR3_cuts_count,errored,CG_sp_time_taken_mean,converged,CGIP_artificial,ngroute_neighborhood_size,time_limit_reached,CGIP_objective,CGLP_objective,CGLP_artificial,cycles_lookup_length
92.475,use_adaptive_ngroute,0.061696793750999235,0,false,4.014545454545455,false,false,12.535714285714286,false,1.357209e6,1.2734735562500001e6,false,4
23.313,use_adaptive_ngroute,0.059985658625588134,0,false,4.599,false,false,12.75,false,1.357209e6,1.275795924242424e6,false,1
12.264,use_adaptive_ngroute,0.05863517255488726,0,false,4.059333333333333,false,false,12.821428571428571,false,1.357209e6,1.277628816091954e6,false,5
18.584,use_adaptive_ngroute,0.0578187294661322,0,false,4.621,false,false,13.5,false,1.357209e6,1.2787369000000001e6,false,3
5.021,use_adaptive_ngroute,0.057755624744386114,0,false,4.99,false,false,13.750000000000002,false,1.357209e6,1.2788225462962964e6,false,1
10.502,use_adaptive_ngroute,0.0576670815263397,0,false,5.228,false,false,13.785714285714286,false,1.357209e6,1.278942717948718e6,false,1
5.178,none,0.05763982800978573,0,false,5.147,false,false,13.821428571428573,false,1.357209e6,1.2789797066666668e6,false,0
