CG_time_taken,method,CG_LP_IP_gap,implemented_SR3_cuts_count,errored,CG_sp_time_taken_mean,converged,CGIP_artificial,ngroute_neighborhood_size,time_limit_reached,CGIP_objective,CGLP_objective,CGLP_artificial,cycles_lookup_length
90.517,use_adaptive_ngroute,0.0229556293959029,0,false,3.7486521739130434,false,false,12.535714285714286,false,1.289526e6,1.259924119047619e6,false,8
48.054,use_adaptive_ngroute,0.0222210984582909,0,false,6.818,false,false,13.964285714285715,false,1.289526e6,1.260871315789474e6,false,1
18.836,use_adaptive_ngroute,0.021950366585126835,0,false,6.245333333333334,false,false,14.142857142857142,false,1.289526e6,1.2612204315789477e6,false,2
27.848,use_adaptive_ngroute,0.021924974758166904,0,false,9.239,false,false,14.5,false,1.289526e6,1.261253175e6,false,1
20.45,use_adaptive_ngroute,0.02192497475816746,0,false,6.777666666666668,false,false,14.535714285714286,false,1.289526e6,1.2612531749999993e6,false,1
15.583,none,0.021914706127161065,0,false,7.749,false,false,14.571428571428571,false,1.289526e6,1.2612664166666665e6,false,0
