CG_time_taken,method,CG_LP_IP_gap,implemented_SR3_cuts_count,errored,CG_sp_time_taken_mean,converged,CGIP_artificial,ngroute_neighborhood_size,time_limit_reached,CGIP_objective,CGLP_objective,CGLP_artificial,cycles_lookup_length
60.125,use_adaptive_ngroute,0.1323093974559414,0,false,2.117,false,false,12.535714285714286,false,1.271564e6,1.1033241333333333e6,false,4
24.301,use_adaptive_ngroute,0.1303518816198005,0,false,2.9530000000000003,false,false,13.142857142857144,false,1.271564e6,1.10581324e6,false,7
13.918,use_adaptive_ngroute,0.1294716148337366,0,false,4.600333333333333,false,false,14.142857142857142,false,1.271564e6,1.1069325555555546e6,false,1
15.167,none,0.12947161483373582,0,false,5.020666666666667,false,false,14.392857142857144,false,1.271564e6,1.1069325555555555e6,false,0
