CG_time_taken,method,CG_LP_IP_gap,implemented_SR3_cuts_count,errored,CG_sp_time_taken_mean,converged,CGIP_artificial,ngroute_neighborhood_size,time_limit_reached,CGIP_objective,CGLP_objective,CGLP_artificial,cycles_lookup_length
19.344,use_adaptive_ngroute,0.999980510885855,0,false,0.48140000000000005,false,true,1.0,false,6.0e10,1.169346848700485e6,false,32
73.65,use_adaptive_ngroute,0.2053745444578734,0,false,3.8352222222222223,false,false,7.15625,false,1.612639e6,1.2814439999999995e6,false,13
33.065,use_adaptive_ngroute,0.1899938172078247,0,false,3.1219,false,false,8.78125,false,1.602027e6,1.2976517750000001e6,false,12
45.947,use_adaptive_ngroute,0.15914302084021203,0,false,5.0312222222222225,false,false,9.84375,false,1.559789e6,1.3115594666666666e6,false,13
13.548,none,0.15825313938237573,0,false,6.7485,false,false,10.90625,false,1.559789e6,1.3129474939759036e6,false,0
