CG_time_taken,method,CG_LP_IP_gap,implemented_SR3_cuts_count,errored,CG_sp_time_taken_mean,converged,CGIP_artificial,ngroute_neighborhood_size,time_limit_reached,CGIP_objective,CGLP_objective,CGLP_artificial,cycles_lookup_length
115.244,use_adaptive_ngroute,0.058725251947680635,0,false,3.7972413793103446,false,false,12.535714285714286,false,1.290464e6,1.2146811764705882e6,false,9
55.112,use_adaptive_ngroute,0.054742280844977675,0,false,6.819374999999999,false,false,14.107142857142858,false,1.290464e6,1.2198210572916667e6,false,1
20.428,use_adaptive_ngroute,0.054694351880613,0,false,6.778333333333334,false,false,14.142857142857142,false,1.290464e6,1.2198829078947366e6,false,3
5.598,none,0.05463648972534141,0,false,5.564,false,false,14.357142857142858,false,1.290464e6,1.219957576923077e6,false,0
