CG_time_taken,method,CG_LP_IP_gap,implemented_SR3_cuts_count,errored,CG_sp_time_taken_mean,converged,CGIP_artificial,ngroute_neighborhood_size,time_limit_reached,CGIP_objective,CGLP_objective,CGLP_artificial,cycles_lookup_length
204.625,use_adaptive_ngroute,0.055832862736317046,0,false,8.609434782608696,false,false,13.4375,false,1.489628e6,1.4064578043478255e6,false,8
222.012,use_adaptive_ngroute,0.007221283519182942,0,false,24.470111111111112,false,false,14.4375,false,1.436379e6,1.4260064999999995e6,false,2
100.848,use_adaptive_ngroute,0.0035651526128047673,0,false,25.103,false,false,14.5,false,1.436379e6,1.431258089655172e6,false,2
105.288,use_adaptive_ngroute,0.003231196715887341,0,false,20.99,false,false,14.75,false,1.436379e6,1.4317377768924304e6,false,1
56.283,none,0.00323119671588723,0,false,28.084999999999997,false,false,14.78125,false,1.436379e6,1.4317377768924306e6,false,0
