CG_time_taken,method,CG_LP_IP_gap,implemented_SR3_cuts_count,errored,CG_sp_time_taken_mean,converged,CGIP_artificial,ngroute_neighborhood_size,time_limit_reached,CGIP_objective,CGLP_objective,CGLP_artificial,cycles_lookup_length
189.027,use_adaptive_ngroute,0.06305553768575667,0,false,5.9977,false,false,13.4375,false,1.414553e6,1.3253575999999999e6,false,2
23.544,use_adaptive_ngroute,0.06158779487230237,0,false,7.774333333333333,false,false,13.84375,false,1.414553e6,1.3274338e6,false,1
26.346,use_adaptive_ngroute,0.06158779487230237,0,false,8.731,false,false,13.90625,false,1.414553e6,1.3274338e6,false,1
19.83,none,0.06137584425283782,0,false,9.7925,false,false,14.000000000000002,false,1.414553e6,1.3277336153846155e6,false,0
