CG_time_taken,method,CG_LP_IP_gap,implemented_SR3_cuts_count,errored,CG_sp_time_taken_mean,converged,CGIP_artificial,ngroute_neighborhood_size,time_limit_reached,CGIP_objective,CGLP_objective,CGLP_artificial,cycles_lookup_length
28.17,use_adaptive_ngroute,0.9999801307576373,0,false,0.5561499999999999,false,true,1.0,false,6.0e10,1.1921545417657045e6,false,31
19.9,use_adaptive_ngroute,0.004109230043503276,0,false,0.6649200000000001,false,false,5.09375,false,1.33553e6,1.330042e6,false,9
3.17,use_adaptive_ngroute,0.0035401675739219485,0,false,0.747,false,false,6.343750000000001,false,1.33553e6,1.330802e6,false,2
2.127,none,0.0027674406415428843,0,false,0.6516666666666667,false,false,6.9375,false,1.33553e6,1.3318340000000002e6,false,0
