CG_time_taken,method,CG_LP_IP_gap,implemented_SR3_cuts_count,errored,CG_sp_time_taken_mean,converged,CGIP_artificial,ngroute_neighborhood_size,time_limit_reached,CGIP_objective,CGLP_objective,CGLP_artificial,cycles_lookup_length
546.207,use_adaptive_ngroute,0.07767317237441251,0,false,19.911814814814818,false,false,13.4375,false,1.434279e6,1.322874e6,false,8
368.328,use_adaptive_ngroute,0.03342152872946236,0,false,28.199384615384613,false,false,14.5625,false,1.387351e6,1.3409836086956516e6,false,2
85.19,use_adaptive_ngroute,0.03322621234202361,0,false,28.296666666666667,false,false,14.71875,false,1.387351e6,1.3412545810810812e6,false,2
42.562,none,0.03320129725006593,0,false,21.234,false,false,14.96875,false,1.387351e6,1.3412891470588238e6,false,0
