CG_time_taken,method,CG_LP_IP_gap,implemented_SR3_cuts_count,errored,CG_sp_time_taken_mean,converged,CGIP_artificial,ngroute_neighborhood_size,time_limit_reached,CGIP_objective,CGLP_objective,CGLP_artificial,cycles_lookup_length
105.589,use_adaptive_ngroute,0.11342579360019,0,false,4.6974285714285715,false,false,13.4375,false,1.591891e6,1.4113295e6,false,3
33.708,use_adaptive_ngroute,0.11271460129807886,0,false,6.6842,false,false,13.71875,false,1.591891e6,1.412461640625e6,false,8
18.012,use_adaptive_ngroute,0.1122934924564557,0,false,4.455749999999999,false,false,14.375,false,1.591891e6,1.4131320000000002e6,false,1
13.778,none,0.11221308494111715,0,false,3.3597499999999996,false,false,14.40625,false,1.591891e6,1.41326e6,false,0
