CG_time_taken,method,CG_LP_IP_gap,implemented_SR3_cuts_count,errored,CG_sp_time_taken_mean,converged,CGIP_artificial,ngroute_neighborhood_size,time_limit_reached,CGIP_objective,CGLP_objective,CGLP_artificial,cycles_lookup_length
32.476,use_adaptive_ngroute,0.9999799164973615,0,false,0.7284347826086958,false,true,1.0,false,6.0e10,1.2050101583078245e6,false,31
57.573,use_adaptive_ngroute,0.11810767399065014,0,false,2.4582857142857146,false,false,5.375,false,1.522339e6,1.3425390816847477e6,false,24
65.445,use_adaptive_ngroute,0.10559024632489866,0,false,5.823181818181818,false,false,7.96875,false,1.522339e6,1.36159485e6,false,13
38.603,use_adaptive_ngroute,0.10493380310692413,0,false,7.6748,false,false,8.96875,false,1.522339e6,1.3625941791120083e6,false,2
16.169,use_adaptive_ngroute,0.10493182926912858,0,false,5.345999999999999,false,false,9.21875,false,1.522339e6,1.362597183962264e6,false,2
12.422,none,0.10493160047921979,0,false,6.186,false,false,9.71875,false,1.522339e6,1.362597532258065e6,false,0
