CG_time_taken,method,CG_LP_IP_gap,implemented_SR3_cuts_count,errored,CG_sp_time_taken_mean,converged,CGIP_artificial,ngroute_neighborhood_size,time_limit_reached,CGIP_objective,CGLP_objective,CGLP_artificial,cycles_lookup_length
49.929,use_adaptive_ngroute,0.39458673127859467,0,false,0.8432758620689654,false,false,1.0,false,1.65256e6,1.0004817513582456e6,false,24
16.81,use_adaptive_ngroute,0.10196456208690985,0,false,1.0090833333333333,false,false,3.90625,false,1.29136e6,1.159687043103448e6,false,22
46.594,use_adaptive_ngroute,0.0864793164628972,0,false,2.9486000000000003,false,false,7.781249999999999,false,1.29136e6,1.179684069892473e6,false,4
24.708,use_adaptive_ngroute,0.08581721459468639,0,false,3.4749999999999996,false,false,7.90625,false,1.29136e6,1.1805390817610058e6,false,3
14.233,none,0.08551607424297514,0,false,3.5225,false,false,8.125,false,1.29136e6,1.1809279623655917e6,false,0
