CG_time_taken,method,CG_LP_IP_gap,implemented_SR3_cuts_count,errored,CG_sp_time_taken_mean,converged,CGIP_artificial,ngroute_neighborhood_size,time_limit_reached,CGIP_objective,CGLP_objective,CGLP_artificial,cycles_lookup_length
61.594,use_adaptive_ngroute,0.9999813481677987,0,false,1.016888888888889,false,true,1.0,false,6.0e10,1.119109932078059e6,false,32
266.675,use_adaptive_ngroute,0.17368659053802538,0,false,12.388190476190477,false,false,7.5625,false,1.470581e6,1.2151608e6,false,6
292.67,use_adaptive_ngroute,0.1726384333810923,0,false,29.0678,false,false,7.96875,false,1.470581e6,1.2167022e6,false,6
248.063,use_adaptive_ngroute,0.17106572164335043,0,false,24.5698,false,false,8.28125,false,1.470581e6,1.219015e6,false,7
302.568,use_adaptive_ngroute,0.16982621154496091,0,false,27.282090909090915,false,false,9.0,false,1.470581e6,1.2208377999999998e6,false,4
131.106,none,0.16879519047233715,0,false,18.575857142857146,false,false,9.125,false,1.470581e6,1.222354e6,false,0
