CG_time_taken,method,CG_LP_IP_gap,implemented_SR3_cuts_count,errored,CG_sp_time_taken_mean,converged,CGIP_artificial,ngroute_neighborhood_size,time_limit_reached,CGIP_objective,CGLP_objective,CGLP_artificial,cycles_lookup_length
35.244,use_adaptive_ngroute,0.9999820718787453,0,false,0.82175,false,true,1.0,false,6.0e10,1.0756872752802144e6,false,32
242.0,use_adaptive_ngroute,0.15648474191543682,0,false,15.750066666666669,false,false,7.34375,false,1.455363e6,1.227620896551724e6,false,23
338.549,use_adaptive_ngroute,0.10209053170598326,0,false,27.980000000000004,false,false,9.28125,false,1.408015e6,1.26427e6,false,16
300.634,use_adaptive_ngroute,0.09500537991427649,0,false,33.25355555555555,false,false,10.21875,false,1.408015e6,1.274246e6,false,3
314.696,use_adaptive_ngroute,0.04250666568564598,0,false,34.88522222222222,false,false,10.625,false,1.331946e6,1.2753294166666665e6,false,3
164.329,use_adaptive_ngroute,0.04239861575969783,0,false,32.8134,false,false,10.71875,false,1.331946e6,1.2754733333333335e6,false,2
222.324,none,0.037585085058782,0,false,37.019499999999994,false,false,10.78125,false,1.331946e6,1.2818846962962956e6,false,0
