CG_time_taken,method,CG_LP_IP_gap,implemented_SR3_cuts_count,errored,CG_sp_time_taken_mean,converged,CGIP_artificial,ngroute_neighborhood_size,time_limit_reached,CGIP_objective,CGLP_objective,CGLP_artificial,cycles_lookup_length
19.143,use_adaptive_ngroute,0.9999802140108418,0,false,0.42616666666666664,false,true,1.0,false,6.0e10,1.1871593494925215e6,false,32
34.063,use_adaptive_ngroute,0.11420142564937341,0,false,1.8796875000000002,false,false,6.25,false,1.485498e6,1.315852010600707e6,false,14
63.376,use_adaptive_ngroute,0.11143551542588281,0,false,8.888428571428571,false,false,8.15625,false,1.485498e6,1.319960764705882e6,false,4
25.951,use_adaptive_ngroute,0.03607105721822634,0,false,5.092199999999999,false,false,8.34375,false,1.374891e6,1.3252972280701755e6,false,6
21.286,use_adaptive_ngroute,0.03451706353449102,0,false,4.146,false,false,8.65625,false,1.374891e6,1.3274338e6,false,1
10.645,use_adaptive_ngroute,0.03449867628796044,0,false,3.5193333333333334,false,false,8.71875,false,1.374891e6,1.3274590804597698e6,false,2
11.199,use_adaptive_ngroute,0.03439525731838344,0,false,3.7046666666666668,false,false,8.90625,false,1.374891e6,1.3276012702702705e6,false,4
13.834,none,0.03429899869544928,0,false,4.573,false,false,9.375,false,1.374891e6,1.327733615384615e6,false,0
