CG_time_taken,method,CG_LP_IP_gap,implemented_SR3_cuts_count,errored,CG_sp_time_taken_mean,converged,CGIP_artificial,ngroute_neighborhood_size,time_limit_reached,CGIP_objective,CGLP_objective,CGLP_artificial,cycles_lookup_length
32.255,use_adaptive_ngroute,0.384153819116577,0,false,0.4349285714285715,false,false,1.0,false,1.977157e6,1.217624587456926e6,false,32
46.957,use_adaptive_ngroute,0.19670198303333764,0,false,2.892857142857143,false,false,6.375000000000001,false,1.584912e6,1.2731566666666667e6,false,27
37.913,use_adaptive_ngroute,0.04152994817399469,0,false,2.9225833333333333,false,false,8.75,false,1.354654e6,1.2983952895863054e6,false,20
27.54,use_adaptive_ngroute,0.027154601795561062,0,false,3.2327500000000002,false,false,9.5625,false,1.335747e6,1.2994753221153847e6,false,16
13.786,none,0.027120670934473012,0,false,3.3580000000000005,false,false,10.6875,false,1.335747e6,1.2995206451612904e6,false,0
