CG_time_taken,method,CG_LP_IP_gap,implemented_SR3_cuts_count,errored,CG_sp_time_taken_mean,converged,CGIP_artificial,ngroute_neighborhood_size,time_limit_reached,CGIP_objective,CGLP_objective,CGLP_artificial,cycles_lookup_length
35.495,use_adaptive_ngroute,0.999979409908992,0,false,0.73645,false,true,1.0,false,6.0e10,1.2354054604785917e6,false,30
39.548,use_adaptive_ngroute,0.2006938660336458,0,false,1.7755555555555556,false,false,4.9375,false,1.696954e6,1.3563857412587407e6,false,18
32.044,use_adaptive_ngroute,0.13571743889455345,0,false,3.0221,false,false,7.53125,false,1.599738e6,1.3826256557377048e6,false,3
10.136,use_adaptive_ngroute,0.13502742177317928,0,false,3.2533333333333334,false,false,8.1875,false,1.599738e6,1.3837295023474176e6,false,3
13.604,use_adaptive_ngroute,0.1350198250135879,0,false,4.472,false,false,8.28125,false,1.599738e6,1.383741655172413e6,false,2
15.68,none,0.13501982501358722,0,false,5.103666666666667,false,false,8.34375,false,1.599738e6,1.383741655172414e6,false,0
