CG_time_taken,method,CG_LP_IP_gap,implemented_SR3_cuts_count,errored,CG_sp_time_taken_mean,converged,CGIP_artificial,ngroute_neighborhood_size,time_limit_reached,CGIP_objective,CGLP_objective,CGLP_artificial,cycles_lookup_length
17.266,use_adaptive_ngroute,0.9999819248605604,0,false,0.26787999999999995,false,true,1.0,false,6.0e10,1.0845083663771711e6,false,28
31.959,use_adaptive_ngroute,0.22546764589834645,0,false,1.1287391304347827,false,false,4.84375,false,1.561224e6,1.2092185e6,false,4
14.508,use_adaptive_ngroute,0.11860700290734416,0,false,1.137,false,false,5.09375,false,1.384425e6,1.2202225e6,false,4
7.724,use_adaptive_ngroute,0.11782328403488818,0,false,1.1681666666666666,false,false,5.21875,false,1.384425e6,1.2213075e6,false,3
10.709,use_adaptive_ngroute,0.11361901150297093,0,false,1.27875,false,false,5.3125,false,1.384425e6,1.2271279999999995e6,false,7
16.414,none,0.08523249235751762,0,false,1.596,false,false,6.03125,false,1.348711e6,1.233757e6,false,0
