CG_time_taken,method,CG_LP_IP_gap,implemented_SR3_cuts_count,errored,CG_sp_time_taken_mean,converged,CGIP_artificial,ngroute_neighborhood_size,time_limit_reached,CGIP_objective,CGLP_objective,CGLP_artificial,cycles_lookup_length
32.937,use_adaptive_ngroute,0.9999817063989125,0,false,0.8142727272727274,false,true,1.0,false,6.0e10,1.0976160652523679e6,false,32
82.985,use_adaptive_ngroute,0.1243873801831078,0,false,3.7717000000000005,false,false,6.65625,false,1.468222e6,1.2855937118927971e6,false,22
149.176,use_adaptive_ngroute,0.062388708137297355,0,false,12.20383333333333,false,false,9.6875,false,1.3857829930803394e6,1.2993257823834198e6,false,17
104.824,none,0.061257065500154084,0,false,8.5675,false,false,10.71875,false,1.385783e6,1.300894e6,false,0
