CG_time_taken,method,CG_LP_IP_gap,implemented_SR3_cuts_count,errored,CG_sp_time_taken_mean,converged,CGIP_artificial,ngroute_neighborhood_size,time_limit_reached,CGIP_objective,CGLP_objective,CGLP_artificial,cycles_lookup_length
20.424,use_adaptive_ngroute,0.42648289889030544,0,false,0.3477058823529412,false,false,1.0,false,1.984024e6,1.1378716930120606e6,false,29
17.742,use_adaptive_ngroute,0.2112926589327816,0,false,0.9726874999999999,false,false,3.28125,false,1.673952e6,1.3202582309941524e6,false,17
14.684,use_adaptive_ngroute,0.09518256857434271,0,false,1.4258,false,false,4.75,false,1.470553e6,1.3305819882352946e6,false,9
10.021,use_adaptive_ngroute,0.09302279791714707,0,false,1.4061428571428574,false,false,5.749999999999999,false,1.470553e6,1.3337580454545456e6,false,3
3.644,none,0.09302214881068549,0,false,1.802,false,false,6.6875,false,1.470553e6,1.333759e6,false,0
