CG_time_taken,method,CG_LP_IP_gap,implemented_SR3_cuts_count,errored,CG_sp_time_taken_mean,converged,CGIP_artificial,ngroute_neighborhood_size,time_limit_reached,CGIP_objective,CGLP_objective,CGLP_artificial,cycles_lookup_length
116.409,use_adaptive_ngroute,0.9999781890497819,0,false,1.805208333333333,false,true,1.0,false,6.0e10,1.3086570130881225e6,false,34
61.268,use_adaptive_ngroute,0.15189328990227424,0,false,2.5413333333333337,false,false,5.166666666666667,false,1.657558e6,1.405786062176166e6,false,19
37.02,use_adaptive_ngroute,0.14607276301829397,0,false,3.6066000000000003,false,false,6.416666666666667,false,1.657558e6,1.4154339230769228e6,false,3
30.643,none,0.0,0,false,3.7676250000000002,true,false,6.527777777777778,false,1.416212e6,1.416212e6,false,0
