CG_time_taken,method,CG_LP_IP_gap,implemented_SR3_cuts_count,errored,CG_sp_time_taken_mean,converged,CGIP_artificial,ngroute_neighborhood_size,time_limit_reached,CGIP_objective,CGLP_objective,CGLP_artificial,cycles_lookup_length
44.338,use_adaptive_ngroute,0.999978137928381,0,false,0.617037037037037,false,true,1.0,false,6.0e10,1.3117242971407648e6,false,29
31.888,use_adaptive_ngroute,0.1527798594097297,0,false,1.4395555555555555,false,false,4.5,false,1.674701e6,1.4188404166666663e6,false,16
11.826,use_adaptive_ngroute,0.14934700202807016,0,false,1.8221666666666667,false,false,5.555555555555555,false,1.674701e6,1.424589426356589e6,false,7
23.244,none,0.1489634160475104,0,false,3.8153333333333337,false,false,6.611111111111112,false,1.674701e6,1.4252318181818184e6,false,0
