CG_time_taken,method,CG_LP_IP_gap,implemented_SR3_cuts_count,errored,CG_sp_time_taken_mean,converged,CGIP_artificial,ngroute_neighborhood_size,time_limit_reached,CGIP_objective,CGLP_objective,CGLP_artificial,cycles_lookup_length
39.967,use_adaptive_ngroute,0.9999801286044464,0,false,0.866576923076923,false,true,1.0,false,6.0e10,1.1922837332142398e6,false,31
64.382,use_adaptive_ngroute,0.19111693663219098,0,false,2.89305,false,false,3.888888888888889,false,1.675247e6,1.355078925257732e6,false,29
67.152,use_adaptive_ngroute,0.12504848190103746,0,false,4.610428571428573,false,false,7.472222222222222,false,1.579137e6,1.3816683154362414e6,false,24
166.519,use_adaptive_ngroute,0.02160810122894119,0,false,13.770499999999997,false,false,9.833333333333334,false,1.437401e6,1.4063414936854187e6,false,21
104.501,none,0.018437443691774136,0,false,11.521,false,false,11.61111111111111,false,1.437401e6,1.4108990000000002e6,false,0
