CG_time_taken,method,CG_LP_IP_gap,implemented_SR3_cuts_count,errored,CG_sp_time_taken_mean,converged,CGIP_artificial,ngroute_neighborhood_size,time_limit_reached,CGIP_objective,CGLP_objective,CGLP_artificial,cycles_lookup_length
36.535,use_adaptive_ngroute,0.9999802187525401,0,false,0.6357599999999999,false,true,1.0,false,6.0e10,1.1868748475979264e6,false,35
49.897,use_adaptive_ngroute,0.2125412772684967,0,false,2.311,false,false,6.027777777777778,false,1.647093e6,1.29701775e6,false,22
26.705,use_adaptive_ngroute,0.20517311408645422,0,false,2.7744444444444443,false,false,7.805555555555555,false,1.647093e6,1.3091537999999998e6,false,10
14.874,use_adaptive_ngroute,0.1998473627826074,0,false,3.6439999999999997,false,false,8.416666666666668,false,1.647093e6,1.3179258076923068e6,false,7
16.033,none,0.19982818269364955,0,false,3.934,false,false,9.194444444444445,false,1.647093e6,1.3179573990825687e6,false,0
