CG_time_taken,method,CG_LP_IP_gap,implemented_SR3_cuts_count,errored,CG_sp_time_taken_mean,converged,CGIP_artificial,ngroute_neighborhood_size,time_limit_reached,CGIP_objective,CGLP_objective,CGLP_artificial,cycles_lookup_length
49.293,use_adaptive_ngroute,0.9999797260480491,0,false,1.0968620689655173,false,true,1.0,false,6.0e10,1.2164371170542636e6,false,33
46.779,use_adaptive_ngroute,0.23621443859513347,0,false,1.558576923076923,false,false,3.888888888888889,false,1.793603e6,1.3699280742924528e6,false,15
41.481,use_adaptive_ngroute,0.21676467830448998,0,false,3.084461538461538,false,false,5.0,false,1.765148e6,1.382526261620186e6,false,13
31.635,use_adaptive_ngroute,0.18796192789007926,0,false,3.464,false,false,5.999999999999999,false,1.707524e6,1.3865744970414203e6,false,6
24.878,use_adaptive_ngroute,0.1836653716846628,0,false,4.9344,false,false,6.611111111111112,false,1.707524e6,1.3939109698795178e6,false,1
5.254,none,0.1836507373639653,0,false,5.228000000000001,false,false,6.666666666666667,false,1.707524e6,1.3939359583333326e6,false,0
