CG_time_taken,method,CG_LP_IP_gap,implemented_SR3_cuts_count,errored,CG_sp_time_taken_mean,converged,CGIP_artificial,ngroute_neighborhood_size,time_limit_reached,CGIP_objective,CGLP_objective,CGLP_artificial,cycles_lookup_length
24.614,use_adaptive_ngroute,0.9999798419218918,0,false,0.4748076923076923,false,true,1.0,false,6.0e10,1.2094846864896787e6,false,34
59.228,use_adaptive_ngroute,0.1830342910675834,0,false,2.6587,false,false,4.944444444444445,false,1.752191e6,1.4314799625e6,false,21
36.84,use_adaptive_ngroute,0.18076019291137213,0,false,2.9517499999999997,false,false,6.611111111111112,false,1.752191e6,1.43546461682243e6,false,21
52.478,use_adaptive_ngroute,0.15280122339878688,0,false,6.370125000000001,false,false,8.38888888888889,false,1.702225e6,1.4421229375e6,false,5
10.937,use_adaptive_ngroute,0.1525053973475895,0,false,5.4405,false,false,8.583333333333334,false,1.702225e6,1.4426264999999995e6,false,4
43.084,none,0.15202246324663304,0,false,6.1160000000000005,false,false,8.916666666666666,false,1.702225e6,1.4434485625e6,false,0
