CG_time_taken,method,CG_LP_IP_gap,implemented_SR3_cuts_count,errored,CG_sp_time_taken_mean,converged,CGIP_artificial,ngroute_neighborhood_size,time_limit_reached,CGIP_objective,CGLP_objective,CGLP_artificial,cycles_lookup_length
25.991,use_adaptive_ngroute,0.9999785885219239,0,false,0.6033913043478261,false,true,1.0,false,6.0e10,1.2846886845650878e6,false,25
63.958,use_adaptive_ngroute,0.09551744084968494,0,false,2.46525,false,false,3.5833333333333335,false,1.525811e6,1.3800694380597014e6,false,13
29.665,use_adaptive_ngroute,0.08639300802051109,0,false,2.578636363636363,false,false,4.388888888888888,false,1.525811e6,1.393991598039216e6,false,11
37.23,use_adaptive_ngroute,0.08551080983795689,0,false,5.192571428571427,false,false,5.944444444444444,false,1.525811e6,1.3953376657303371e6,false,3
25.715,use_adaptive_ngroute,0.08543573949270988,0,false,5.0132,false,false,6.055555555555555,false,1.525811e6,1.3954522088888888e6,false,3
30.386,none,0.08453144065890517,0,false,6.0496,false,false,6.166666666666666,false,1.525811e6,1.3968319979967952e6,false,0
