CG_time_taken,method,CG_LP_IP_gap,implemented_SR3_cuts_count,errored,CG_sp_time_taken_mean,converged,CGIP_artificial,ngroute_neighborhood_size,time_limit_reached,CGIP_objective,CGLP_objective,CGLP_artificial,cycles_lookup_length
62.581,use_adaptive_ngroute,0.9999791959842251,0,false,1.0660769230769231,false,true,1.0,false,6.0e10,1.2482409464903492e6,false,35
289.953,use_adaptive_ngroute,0.11685743255273995,0,false,13.607050000000003,false,false,6.027777777777778,false,1.49289e6,1.31843470751634e6,false,20
35.462,use_adaptive_ngroute,0.11510500513173172,0,false,2.4599999999999995,false,false,7.305555555555555,false,1.49289e6,1.321050888888889e6,false,6
17.695,none,0.11447226520373233,0,false,2.673,false,false,7.749999999999999,false,1.49289e6,1.3219955e6,false,0
