CG_time_taken,method,CG_LP_IP_gap,implemented_SR3_cuts_count,errored,CG_sp_time_taken_mean,converged,CGIP_artificial,ngroute_neighborhood_size,time_limit_reached,CGIP_objective,CGLP_objective,CGLP_artificial,cycles_lookup_length
64.951,use_adaptive_ngroute,0.9999794575397642,0,false,1.2450384615384615,false,true,1.0,false,6.0e10,1.2325476141470775e6,false,28
62.14,use_adaptive_ngroute,0.16703727394488987,0,false,2.2350454545454546,false,false,3.444444444444444,false,1.610448e6,1.34144315625e6,false,15
60.804,use_adaptive_ngroute,0.15232033431074732,0,false,5.09390909090909,false,false,5.055555555555555,false,1.594684e6,1.3517812000000002e6,false,4
23.312,use_adaptive_ngroute,0.15188916588034962,0,false,4.5402000000000005,false,false,5.166666666666667,false,1.594684e6,1.3524687773972605e6,false,11
37.878,use_adaptive_ngroute,0.15113741447626394,0,false,6.139666666666667,false,false,6.444444444444445,false,1.594684e6,1.3536675833333335e6,false,5
17.486,use_adaptive_ngroute,0.15087422481743573,0,false,5.698000000000001,false,false,6.583333333333334,false,1.594684e6,1.3540872876712324e6,false,9
77.549,use_adaptive_ngroute,0.15039587499616747,0,false,9.367375,false,false,7.416666666666667,false,1.594684e6,1.3548501044776116e6,false,4
39.831,use_adaptive_ngroute,0.15035252179714897,0,false,9.8725,false,false,7.722222222222221,false,1.594684e6,1.3549192391304353e6,false,3
73.673,use_adaptive_ngroute,0.1502749589726985,0,false,12.195333333333336,false,false,7.805555555555555,false,1.594684e6,1.3550429273255812e6,false,2
40.127,none,0.15027073605901786,0,false,13.309666666666669,false,false,7.861111111111111,false,1.594684e6,1.3550496615384612e6,false,0
