CG_time_taken,method,CG_LP_IP_gap,implemented_SR3_cuts_count,errored,CG_sp_time_taken_mean,converged,CGIP_artificial,ngroute_neighborhood_size,time_limit_reached,CGIP_objective,CGLP_objective,CGLP_artificial,cycles_lookup_length
71.8,use_adaptive_ngroute,0.9999806598429695,0,false,1.3376296296296295,false,true,1.0,false,6.0e10,1.16040942182937e6,false,32
201.508,use_adaptive_ngroute,0.25330162274543944,0,false,7.504500000000002,false,false,6.027777777777778,false,1.708056e6,1.2754026434599156e6,false,14
100.644,use_adaptive_ngroute,0.2097775030092751,0,false,7.574076923076924,false,false,7.083333333333333,false,1.640457e6,1.2963260267459136e6,false,12
95.432,use_adaptive_ngroute,0.18671417855092143,0,false,10.502333333333334,false,false,7.861111111111111,false,1.599864e6,1.3011467074468087e6,false,7
71.434,use_adaptive_ngroute,0.1653195922706936,0,false,17.819249999999997,false,false,8.333333333333334,false,1.559922e6,1.3020363309859151e6,false,2
54.987,none,0.1653140894133397,0,false,13.67475,false,false,8.444444444444445,false,1.559922e6,1.3020449150141643e6,false,0
