CG_time_taken,method,CG_LP_IP_gap,implemented_SR3_cuts_count,errored,CG_sp_time_taken_mean,converged,CGIP_artificial,ngroute_neighborhood_size,time_limit_reached,CGIP_objective,CGLP_objective,CGLP_artificial,cycles_lookup_length
18.622,use_adaptive_ngroute,0.9999779597634683,0,false,0.42218181818181816,false,true,1.0,false,6.0e10,1.3224141919045553e6,false,36
63.13,use_adaptive_ngroute,0.12391260405581472,0,false,3.7148124999999994,false,false,6.305555555555555,false,1.695512e6,1.4854166928721175e6,false,32
122.743,use_adaptive_ngroute,0.04654507175010347,0,false,8.028866666666666,false,false,9.972222222222221,false,1.589266e6,1.5152935e6,false,1
15.55,use_adaptive_ngroute,0.04350712582621963,0,false,7.7285,false,false,10.0,false,1.589266e6,1.5201216041666672e6,false,12
28.065,none,0.0,0,false,9.281666666666666,true,false,10.777777777777779,false,1.520764e6,1.520764e6,false,0
