CG_time_taken,method,CG_LP_IP_gap,implemented_SR3_cuts_count,errored,CG_sp_time_taken_mean,converged,CGIP_artificial,ngroute_neighborhood_size,time_limit_reached,CGIP_objective,CGLP_objective,CGLP_artificial,cycles_lookup_length
62.168,use_adaptive_ngroute,0.9999810445250635,0,false,1.1845769230769232,false,true,1.0,false,6.0e10,1.1373284961865048e6,false,36
264.188,use_adaptive_ngroute,0.20072225086606188,0,false,14.077166666666667,false,false,8.833333333333332,false,1.642781e6,1.3130383e6,false,16
678.031,use_adaptive_ngroute,0.12257821719616768,0,false,48.125285714285724,false,false,10.027777777777779,false,1.506638e6,1.3219570000000002e6,false,10
709.274,use_adaptive_ngroute,0.12186334229436169,0,false,64.28818181818183,false,false,10.61111111111111,false,1.506638e6,1.3230340576923075e6,false,3
212.767,use_adaptive_ngroute,0.12164298701258469,0,false,53.14225,false,false,10.805555555555555,false,1.506638e6,1.3233660533333335e6,false,1
341.598,none,0.12162034498886498,0,false,56.79616666666667,false,false,10.833333333333334,false,1.506638e6,1.3234001666666665e6,false,0
