CG_time_taken,method,CG_LP_IP_gap,implemented_SR3_cuts_count,errored,CG_sp_time_taken_mean,converged,CGIP_artificial,ngroute_neighborhood_size,time_limit_reached,CGIP_objective,CGLP_objective,CGLP_artificial,cycles_lookup_length
130.347,use_adaptive_ngroute,0.9999785950784066,0,false,2.21475,false,true,1.0,false,6.0e10,1.2842952956018506e6,false,34
137.83,use_adaptive_ngroute,0.1666519759540983,0,false,4.924208333333334,false,false,5.055555555555555,false,1.680728e6,1.4006313577586203e6,false,23
199.873,use_adaptive_ngroute,0.16515718796793877,0,false,19.6732,false,false,9.194444444444445,false,1.680728e6,1.4031436897810223e6,false,10
97.084,use_adaptive_ngroute,0.1649572511633849,0,false,13.816999999999997,false,false,9.5,false,1.680728e6,1.4034797291666665e6,false,2
39.575,use_adaptive_ngroute,0.16478671742245055,0,false,19.7305,false,false,9.555555555555555,false,1.680728e6,1.4037663499999996e6,false,2
17.628,none,0.1647867174224502,0,false,17.579,false,false,9.61111111111111,false,1.680728e6,1.40376635e6,false,0
