CG_time_taken,method,CG_LP_IP_gap,implemented_SR3_cuts_count,errored,CG_sp_time_taken_mean,converged,CGIP_artificial,ngroute_neighborhood_size,time_limit_reached,CGIP_objective,CGLP_objective,CGLP_artificial,cycles_lookup_length
36.657,use_adaptive_ngroute,0.999979769040045,0,false,0.5173913043478261,false,true,1.0,false,6.0e10,1.213857597298746e6,false,36
80.93,use_adaptive_ngroute,0.22039363056834105,0,false,3.357,false,false,7.611111111111112,false,1.727873e6,1.347060796368989e6,false,9
45.403,use_adaptive_ngroute,0.14579710850267757,0,false,3.325923076923077,false,false,8.13888888888889,false,1.582133e6,1.3514625833333333e6,false,1
19.168,none,0.14563985771107735,0,false,3.046,false,false,8.166666666666666,false,1.582133e6,1.351711375e6,false,0
