CG_time_taken,method,CG_LP_IP_gap,implemented_SR3_cuts_count,errored,CG_sp_time_taken_mean,converged,CGIP_artificial,ngroute_neighborhood_size,time_limit_reached,CGIP_objective,CGLP_objective,CGLP_artificial,cycles_lookup_length
29.057,use_adaptive_ngroute,0.9999793950870092,0,false,0.5206153846153846,false,true,1.0,false,6.0e10,1.2362947794479604e6,false,35
45.357,use_adaptive_ngroute,0.2153355922850243,0,false,2.703933333333333,false,false,5.944444444444444,false,1.736728e6,1.3627486474820143e6,false,19
46.485,use_adaptive_ngroute,0.19629325753864146,0,false,4.011,false,false,7.277777777777778,false,1.702239e6,1.3681009615806805e6,false,7
40.44,use_adaptive_ngroute,0.17094849104477083,0,false,4.898624999999999,false,false,8.5,false,1.651853e6,1.3694712222222222e6,false,2
56.484,use_adaptive_ngroute,0.17094849104477083,0,false,9.222,false,false,8.638888888888888,false,1.651853e6,1.3694712222222222e6,false,1
30.874,none,0.17093422616038734,0,false,10.224333333333334,false,false,8.666666666666666,false,1.651853e6,1.3694947857142857e6,false,0
