CG_time_taken,method,CG_LP_IP_gap,implemented_SR3_cuts_count,errored,CG_sp_time_taken_mean,converged,CGIP_artificial,ngroute_neighborhood_size,time_limit_reached,CGIP_objective,CGLP_objective,CGLP_artificial,cycles_lookup_length
26.005,use_adaptive_ngroute,0.9999778458722317,0,false,0.5212083333333334,false,true,1.0,false,6.0e10,1.329247666094666e6,false,23
22.004,use_adaptive_ngroute,0.12149580985303088,0,false,1.0665625,false,false,4.5,false,1.58158e6,1.3894246570526434e6,false,29
38.343,use_adaptive_ngroute,0.09493090580122943,0,false,2.8176923076923073,false,false,7.472222222222222,false,1.550332e6,1.4031575789473683e6,false,15
35.046,use_adaptive_ngroute,0.09257605790243639,0,false,2.8663333333333343,false,false,8.61111111111111,false,1.550332e6,1.406808375e6,false,2
19.489,use_adaptive_ngroute,0.09224720360972138,0,false,3.1815000000000007,false,false,8.666666666666666,false,1.550332e6,1.4073182083333335e6,false,3
10.763,use_adaptive_ngroute,0.09221147678420238,0,false,2.6605000000000003,false,false,8.86111111111111,false,1.550332e6,1.407373596774194e6,false,2
14.52,none,0.09219042544865685,0,false,3.6022499999999997,false,false,8.944444444444445,false,1.550332e6,1.407406233333333e6,false,0
