CG_time_taken,method,CG_LP_IP_gap,implemented_SR3_cuts_count,errored,CG_sp_time_taken_mean,converged,CGIP_artificial,ngroute_neighborhood_size,time_limit_reached,CGIP_objective,CGLP_objective,CGLP_artificial,cycles_lookup_length
23.487,use_adaptive_ngroute,0.9999783093805807,0,false,0.5398148148148149,false,true,1.0,false,6.0e10,1.3014371651580543e6,false,31
47.127,use_adaptive_ngroute,0.19798083504741348,0,false,1.527,false,false,3.1944444444444446,false,1.852256e6,1.485544810398418e6,false,23
26.336,use_adaptive_ngroute,0.17494054764883016,0,false,2.4965,false,false,5.194444444444445,false,1.824319e6,1.5051716350538337e6,false,16
32.646,use_adaptive_ngroute,0.1378357989552027,0,false,4.581571428571428,false,false,6.416666666666667,false,1.751498e6,1.5100788738015604e6,false,10
28.496,use_adaptive_ngroute,0.13616840631126326,0,false,7.06925,false,false,7.166666666666667,false,1.751498e6,1.512999308682635e6,false,3
11.827,none,0.1354027083441487,0,false,5.8745,false,false,7.527777777777779,false,1.751498e6,1.5143404271406403e6,false,0
