CG_time_taken,method,CG_LP_IP_gap,implemented_SR3_cuts_count,errored,CG_sp_time_taken_mean,converged,CGIP_artificial,ngroute_neighborhood_size,time_limit_reached,CGIP_objective,CGLP_objective,CGLP_artificial,cycles_lookup_length
2.306,use_adaptive_ngroute,0.23485421669247875,0,false,0.0905,false,false,3.0,false,1.266846e6,969321.8750000001,false,11
1.141,use_adaptive_ngroute,0.11097188616200016,0,false,0.09322222222222223,false,false,4.5,false,1.134056e6,1.0082076666666667e6,false,11
1.561,use_adaptive_ngroute,0.05782006688818786,0,false,0.20671428571428574,false,false,5.4,false,1.080709e6,1.0182223333333334e6,false,5
1.228,none,0.0,0,false,0.2342,true,false,6.2,false,1.023862e6,1.023862e6,false,0
