CG_time_taken,method,CG_LP_IP_gap,implemented_SR3_cuts_count,errored,CG_sp_time_taken_mean,converged,CGIP_artificial,ngroute_neighborhood_size,time_limit_reached,CGIP_objective,CGLP_objective,CGLP_artificial,cycles_lookup_length
8.144,use_adaptive_ngroute,0.2892747566928938,0,false,0.2551111111111112,false,false,3.0,false,1.332002e6,946687.4455355521,false,18
2.858,use_adaptive_ngroute,0.12146392166589892,0,false,0.21758333333333332,false,false,5.15,false,1.185282e6,1.041313e6,false,5
0.76,use_adaptive_ngroute,0.11996868869410593,0,false,0.245,false,false,5.7,false,1.185282e6,1.0430852727272727e6,false,6
0.793,use_adaptive_ngroute,0.11752575898956252,0,false,0.192,false,false,6.7,false,1.185282e6,1.0459808333333334e6,false,5
1.957,none,0.11671341308845296,0,false,0.6473333333333334,false,false,8.1,false,1.185282e6,1.0469436923076923e6,false,0
