CG_time_taken,method,CG_LP_IP_gap,implemented_SR3_cuts_count,errored,CG_sp_time_taken_mean,converged,CGIP_artificial,ngroute_neighborhood_size,time_limit_reached,CGIP_objective,CGLP_objective,CGLP_artificial,cycles_lookup_length
2.383,use_adaptive_ngroute,0.365753982725448,0,false,0.11775,false,false,3.0,false,1.444177e6,915963.5104895106,false,19
1.743,use_adaptive_ngroute,0.09996262660238442,0,false,0.193125,false,false,5.8999999999999995,false,1.186227e6,1.0676486333333333e6,false,13
0.915,use_adaptive_ngroute,0.09742133970092726,0,false,0.22,false,false,7.6,false,1.186227e6,1.0706631764705882e6,false,2
0.579,none,0.09720673193242102,0,false,0.18433333333333332,false,false,7.75,false,1.186227e6,1.07091775e6,false,0
