CG_time_taken,method,CG_LP_IP_gap,implemented_SR3_cuts_count,errored,CG_sp_time_taken_mean,converged,CGIP_artificial,ngroute_neighborhood_size,time_limit_reached,CGIP_objective,CGLP_objective,CGLP_artificial,cycles_lookup_length
4.882,use_adaptive_ngroute,0.40781013236221286,0,false,0.15600000000000003,false,false,3.0,false,1.590379e6,941806.3295039163,false,15
2.69,use_adaptive_ngroute,0.032936482456721095,0,false,0.22190909090909092,false,false,4.25,false,1.145858e6,1.1081174680851065e6,false,9
1.672,use_adaptive_ngroute,0.018928425353190725,0,false,0.26533333333333337,false,false,5.6,false,1.137514e6,1.1159826511627906e6,false,9
2.24,none,0.016680518683208967,0,false,0.4418000000000001,false,false,6.8500000000000005,false,1.137514e6,1.1185396764705882e6,false,0
