CG_time_taken,method,CG_LP_IP_gap,implemented_SR3_cuts_count,errored,CG_sp_time_taken_mean,converged,CGIP_artificial,ngroute_neighborhood_size,time_limit_reached,CGIP_objective,CGLP_objective,CGLP_artificial,cycles_lookup_length
7.727,use_adaptive_ngroute,0.32664392220224003,0,false,0.2874444444444444,false,false,3.0,false,1.467718e6,988296.8357931726,false,18
3.757,use_adaptive_ngroute,0.0016883963494133125,0,false,0.25253846153846154,false,false,4.35,false,1.0738e6,1.071987e6,false,1
2.417,use_adaptive_ngroute,0.001573663624511168,0,false,0.28700000000000003,false,false,4.4,false,1.0738e6,1.0721102e6,false,4
2.025,none,0.0,0,false,0.32166666666666666,true,false,4.6499999999999995,false,1.0738e6,1.0738e6,false,0
