CG_time_taken,method,CG_LP_IP_gap,implemented_SR3_cuts_count,errored,CG_sp_time_taken_mean,converged,CGIP_artificial,ngroute_neighborhood_size,time_limit_reached,CGIP_objective,CGLP_objective,CGLP_artificial,cycles_lookup_length
17.173,use_adaptive_ngroute,0.3355191674419996,0,false,0.7130714285714287,false,false,3.0,false,1.221339e6,811556.3555555557,false,17
4.507,use_adaptive_ngroute,0.10098467168006453,0,false,0.4465555555555556,false,false,5.8999999999999995,false,971796.0,873659.5,false,7
3.343,use_adaptive_ngroute,0.07184846505551923,0,false,0.4482857142857144,false,false,6.6499999999999995,false,964530.0,895230.0,false,9
2.775,use_adaptive_ngroute,0.024050137386612214,0,false,0.426,false,false,7.3,false,935802.0,913295.8333333335,false,2
0.833,use_adaptive_ngroute,0.02390302649492093,0,false,0.40700000000000003,false,false,7.6,false,935802.0,913433.5,false,3
3.908,none,0.02390302649492093,0,false,0.7698,false,false,8.05,false,935802.0,913433.5,false,0
