CG_time_taken,method,CG_LP_IP_gap,implemented_SR3_cuts_count,errored,CG_sp_time_taken_mean,converged,CGIP_artificial,ngroute_neighborhood_size,time_limit_reached,CGIP_objective,CGLP_objective,CGLP_artificial,cycles_lookup_length
27.067,use_adaptive_ngroute,0.5296459450545243,0,false,1.144875,false,false,1.0,false,1.584674e6,745357.8416666667,false,20
8.059,use_adaptive_ngroute,0.1922233248028412,0,false,0.5885833333333333,false,false,4.8999999999999995,false,1.072232e6,866124.0,false,15
3.579,use_adaptive_ngroute,0.1649001801848855,0,false,0.37155555555555553,false,false,6.7,false,1.072232e6,895420.7499999999,false,14
4.573,none,0.02390302649492093,0,false,0.6325714285714285,false,false,8.3,false,935802.0,913433.5,false,0
