CG_time_taken,method,CG_LP_IP_gap,implemented_SR3_cuts_count,errored,CG_sp_time_taken_mean,converged,CGIP_artificial,ngroute_neighborhood_size,time_limit_reached,CGIP_objective,CGLP_objective,CGLP_artificial,cycles_lookup_length
5.108,use_adaptive_ngroute,0.30547578486249694,0,false,0.1845625,false,false,1.0,false,1.294335e6,898947.0,false,19
4.092,use_adaptive_ngroute,0.20306564646417669,0,false,0.2516428571428571,false,false,3.5,false,1.203944e6,959464.3333333333,false,2
1.905,use_adaptive_ngroute,0.0002565677736421357,0,false,0.29949999999999993,false,false,3.7,false,968555.0,968306.5,false,2
2.106,none,0.0,0,false,0.2802857142857143,true,false,3.8,false,968555.0,968555.0,false,0
