CG_time_taken,method,CG_LP_IP_gap,implemented_SR3_cuts_count,errored,CG_sp_time_taken_mean,converged,CGIP_artificial,ngroute_neighborhood_size,time_limit_reached,CGIP_objective,CGLP_objective,CGLP_artificial,cycles_lookup_length
3.35,use_adaptive_ngroute,0.4570937745439352,0,false,0.13314285714285717,false,false,1.0,false,1.580782e6,858216.388888889,false,16
8.544,use_adaptive_ngroute,0.13471528548526324,0,false,0.5196000000000001,false,false,4.05,false,1.13526e6,982323.125,false,13
5.998,use_adaptive_ngroute,0.12418489259578736,0,false,0.9621666666666664,false,false,6.35,false,1.127987e6,987908.0555555556,false,6
5.207,none,0.1175597887755252,0,false,0.7287142857142858,false,false,7.35,false,1.127987e6,995381.0865384616,false,0
