CG_time_taken,method,CG_LP_IP_gap,implemented_SR3_cuts_count,errored,CG_sp_time_taken_mean,converged,CGIP_artificial,ngroute_neighborhood_size,time_limit_reached,CGIP_objective,CGLP_objective,CGLP_artificial,cycles_lookup_length
24.074,use_adaptive_ngroute,0.38772492086655097,0,false,0.41485714285714287,false,false,3.0,false,1.480066e6,906207.5272727273,false,17
38.786,use_adaptive_ngroute,0.16859298099825026,0,false,1.3260400000000003,false,false,5.041666666666666,false,1.196153e6,994490.0,false,6
10.6,use_adaptive_ngroute,0.01079640592401565,0,false,1.5895000000000001,false,false,5.333333333333334,false,1.039724e6,1.0284987176470588e6,false,6
6.143,none,0.0,0,false,1.1452000000000002,true,false,6.0,false,1.039724e6,1.039724e6,false,0
