CG_time_taken,method,CG_LP_IP_gap,implemented_SR3_cuts_count,errored,CG_sp_time_taken_mean,converged,CGIP_artificial,ngroute_neighborhood_size,time_limit_reached,CGIP_objective,CGLP_objective,CGLP_artificial,cycles_lookup_length
9.238,use_adaptive_ngroute,0.36027480666393175,0,false,0.23684210526315788,false,false,3.0,false,1.566474e6,1.0021128825059242e6,false,19
3.643,use_adaptive_ngroute,0.025179514568868466,0,false,0.2176153846153846,false,false,4.625,false,1.17957e6,1.1498689999999998e6,false,3
0.731,use_adaptive_ngroute,0.023150554863213046,0,false,0.222,false,false,5.0,false,1.17957e6,1.1522622999999998e6,false,6
0.581,none,0.021053547761754943,0,false,0.18133333333333335,false,false,5.958333333333334,false,1.17957e6,1.1547358666666667e6,false,0
