CG_time_taken,method,CG_LP_IP_gap,implemented_SR3_cuts_count,errored,CG_sp_time_taken_mean,converged,CGIP_artificial,ngroute_neighborhood_size,time_limit_reached,CGIP_objective,CGLP_objective,CGLP_artificial,cycles_lookup_length
6.954,use_adaptive_ngroute,0.2596814374165354,0,false,0.20964705882352938,false,false,3.0,false,1.441475e6,1.0671506999999997e6,false,21
8.084,use_adaptive_ngroute,0.19960307285064582,0,false,0.4947142857142857,false,false,4.958333333333333,false,1.398656e6,1.119479964539007e6,false,17
10.904,use_adaptive_ngroute,0.04035533443761308,0,false,1.036,false,false,6.75,false,1.187501e6,1.139579e6,false,3
5.462,use_adaptive_ngroute,0.036021116480832394,0,false,0.879,false,false,6.958333333333333,false,1.187501e6,1.144725888157895e6,false,13
4.768,use_adaptive_ngroute,0.03285396063760049,0,false,1.17175,false,false,8.458333333333334,false,1.187501e6,1.1484868888888888e6,false,2
2.821,none,0.03224586758242709,0,false,1.395,false,false,8.708333333333334,false,1.187501e6,1.1492090000000002e6,false,0
