CG_time_taken,method,CG_LP_IP_gap,implemented_SR3_cuts_count,errored,CG_sp_time_taken_mean,converged,CGIP_artificial,ngroute_neighborhood_size,time_limit_reached,CGIP_objective,CGLP_objective,CGLP_artificial,cycles_lookup_length
14.036,use_adaptive_ngroute,0.3162842690798695,0,false,0.3103809523809524,false,false,3.0,false,1.443393e6,986870.4999999999,false,21
13.691,use_adaptive_ngroute,0.03750057051738842,0,false,0.7518125000000001,false,false,4.875,false,1.144472e6,1.1015536470588234e6,false,19
6.32,use_adaptive_ngroute,0.0314355758495064,0,false,0.7336249999999999,false,false,7.0,false,1.144472e6,1.1084948636363638e6,false,2
5.515,use_adaptive_ngroute,0.030520624357782467,0,false,1.0588000000000002,false,false,7.583333333333334,false,1.144472e6,1.109542e6,false,5
5.542,use_adaptive_ngroute,0.030128030655184213,0,false,1.3642500000000002,false,false,8.75,false,1.144472e6,1.1099913125e6,false,2
6.176,use_adaptive_ngroute,0.030098786820472623,0,false,1.5162499999999999,false,false,9.041666666666668,false,1.144472e6,1.11002478125e6,false,2
4.414,none,0.029308629874737036,0,false,1.4409999999999998,false,false,9.208333333333334,false,1.144472e6,1.11092909375e6,false,0
