CG_time_taken,method,CG_LP_IP_gap,implemented_SR3_cuts_count,errored,CG_sp_time_taken_mean,converged,CGIP_artificial,ngroute_neighborhood_size,time_limit_reached,CGIP_objective,CGLP_objective,CGLP_artificial,cycles_lookup_length
19.722,use_adaptive_ngroute,0.4015432260937596,0,false,0.7082222222222222,false,false,3.0,false,1.621319e6,970289.3382128917,false,20
9.032,use_adaptive_ngroute,0.1180345397393242,0,false,0.6075384615384615,false,false,5.25,false,1.300236e6,1.1467632421875e6,false,11
6.931,use_adaptive_ngroute,0.05302174905973789,0,false,0.7176666666666667,false,false,6.25,false,1.228479e6,1.1633428947368423e6,false,3
1.902,none,0.05271205600271045,0,false,0.6166666666666667,false,false,6.5,false,1.228479e6,1.1637233461538462e6,false,0
