CG_time_taken,method,CG_LP_IP_gap,implemented_SR3_cuts_count,errored,CG_sp_time_taken_mean,converged,CGIP_artificial,ngroute_neighborhood_size,time_limit_reached,CGIP_objective,CGLP_objective,CGLP_artificial,cycles_lookup_length
6.073,use_adaptive_ngroute,0.2238985276241766,0,false,0.19399999999999995,false,false,3.0,false,1.332023e6,1.0337850115384614e6,false,24
7.321,use_adaptive_ngroute,0.12070737816825827,0,false,0.56125,false,false,6.333333333333333,false,1.231986e6,1.0832762000000002e6,false,15
6.829,use_adaptive_ngroute,0.11912749008511447,0,false,0.944857142857143,false,false,8.5,false,1.231986e6,1.0852226e6,false,3
1.176,none,0.11831668541687979,0,false,1.163,false,false,9.125,false,1.231986e6,1.0862215e6,false,0
