CG_time_taken,method,CG_LP_IP_gap,implemented_SR3_cuts_count,errored,CG_sp_time_taken_mean,converged,CGIP_artificial,ngroute_neighborhood_size,time_limit_reached,CGIP_objective,CGLP_objective,CGLP_artificial,cycles_lookup_length
7.632,use_adaptive_ngroute,0.24592878827816278,0,false,0.23743749999999997,false,false,3.0,false,1.425207e6,1.0747075694444445e6,false,24
11.516,use_adaptive_ngroute,0.09941857136495758,0,false,0.6115625,false,false,7.291666666666667,false,1.257592e6,1.1325640000000002e6,false,23
10.636,use_adaptive_ngroute,0.049630852389987545,0,false,1.2418749999999998,false,false,9.25,false,1.239805e6,1.1782724210526315e6,false,8
6.148,none,0.04877998287365104,0,false,1.1844000000000001,false,false,10.708333333333334,false,1.239805e6,1.179327333333333e6,false,0
