CG_time_taken,method,CG_LP_IP_gap,implemented_SR3_cuts_count,errored,CG_sp_time_taken_mean,converged,CGIP_artificial,ngroute_neighborhood_size,time_limit_reached,CGIP_objective,CGLP_objective,CGLP_artificial,cycles_lookup_length
10.16,use_adaptive_ngroute,0.43210599498054314,0,false,0.3968750000000001,false,false,3.0,false,1.794646e6,1.0191687045321481e6,false,24
9.557,use_adaptive_ngroute,0.1160967677585314,0,false,0.6793846153846153,false,false,6.875,false,1.316616e6,1.1637611380208335e6,false,11
3.826,use_adaptive_ngroute,0.11272383139806885,0,false,1.2443333333333333,false,false,8.166666666666666,false,1.316616e6,1.1682020000000002e6,false,1
2.423,use_adaptive_ngroute,0.11235166517800166,0,false,1.1995,false,false,8.208333333333334,false,1.316616e6,1.1686920000000002e6,false,2
3.351,none,0.1120198296238234,0,false,1.6614999999999998,false,false,8.458333333333334,false,1.316616e6,1.1691289000000001e6,false,0
