CG_time_taken,method,CG_LP_IP_gap,implemented_SR3_cuts_count,errored,CG_sp_time_taken_mean,converged,CGIP_artificial,ngroute_neighborhood_size,time_limit_reached,CGIP_objective,CGLP_objective,CGLP_artificial,cycles_lookup_length
4.778,use_adaptive_ngroute,0.9998891486955073,0,false,0.174,false,true,3.0,false,1.0001710821e10,1.108702691666667e6,false,23
5.803,use_adaptive_ngroute,0.10314864221543785,0,false,0.41725,false,false,5.916666666666667,false,1.398908e6,1.2546125392156863e6,false,21
3.645,use_adaptive_ngroute,0.09218098719151491,0,false,0.5796666666666667,false,false,8.416666666666666,false,1.398908e6,1.2699552795698922e6,false,9
2.482,none,0.08690095983200219,0,false,0.8103333333333335,false,false,9.458333333333332,false,1.398908e6,1.2773415520833335e6,false,0
