CG_time_taken,method,CG_LP_IP_gap,implemented_SR3_cuts_count,errored,CG_sp_time_taken_mean,converged,CGIP_artificial,ngroute_neighborhood_size,time_limit_reached,CGIP_objective,CGLP_objective,CGLP_artificial,cycles_lookup_length
8.33,use_adaptive_ngroute,0.3611272833662964,0,false,0.274125,false,false,3.0,false,1.517677e6,969602.4279624893,false,24
9.693,use_adaptive_ngroute,0.13579019123850222,0,false,0.6618461538461538,false,false,6.666666666666666,false,1.240155e6,1.0717541153846153e6,false,7
6.336,use_adaptive_ngroute,0.13371213902921608,0,false,1.01,false,false,7.625,false,1.240155e6,1.0743312222222225e6,false,9
5.873,use_adaptive_ngroute,0.13339292828456428,0,false,1.1469999999999998,false,false,8.916666666666666,false,1.240155e6,1.0747270930232562e6,false,6
1.127,use_adaptive_ngroute,0.1327235774715081,0,false,1.109,false,false,9.166666666666668,false,1.240155e6,1.075557191780822e6,false,4
2.678,use_adaptive_ngroute,0.13255852323670447,0,false,1.3235000000000001,false,false,9.375,false,1.240155e6,1.0757618846153847e6,false,3
2.666,none,0.13252346308253093,0,false,1.3205,false,false,9.75,false,1.240155e6,1.0758053646408839e6,false,0
