CG_time_taken,method,CG_LP_IP_gap,implemented_SR3_cuts_count,errored,CG_sp_time_taken_mean,converged,CGIP_artificial,ngroute_neighborhood_size,time_limit_reached,CGIP_objective,CGLP_objective,CGLP_artificial,cycles_lookup_length
5.073,use_adaptive_ngroute,0.37258231852662305,0,false,0.15533333333333335,false,false,3.0,false,1.642431e6,1.03049025e6,false,23
4.824,use_adaptive_ngroute,0.017833693234901027,0,false,0.34166666666666673,false,false,6.458333333333334,false,1.136667e6,1.1163960294117648e6,false,2
1.331,use_adaptive_ngroute,0.015953990922583317,0,false,0.23839999999999997,false,false,6.583333333333333,false,1.136667e6,1.118532625e6,false,2
1.868,none,0.015740449929486755,0,false,0.3530000000000001,false,false,6.708333333333334,false,1.136667e6,1.11877535e6,false,0
