CG_time_taken,method,CG_LP_IP_gap,implemented_SR3_cuts_count,errored,CG_sp_time_taken_mean,converged,CGIP_artificial,ngroute_neighborhood_size,time_limit_reached,CGIP_objective,CGLP_objective,CGLP_artificial,cycles_lookup_length
8.76,use_adaptive_ngroute,0.5288857810810564,0,false,0.21583333333333332,false,false,3.0,false,2.003085e6,943681.825203252,false,23
13.778,use_adaptive_ngroute,0.08864868345274046,0,false,0.6915555555555555,false,false,5.791666666666666,false,1.172514e6,1.0685721775700934e6,false,8
4.385,use_adaptive_ngroute,0.08027456388580434,0,false,0.8604,false,false,6.416666666666666,false,1.172514e6,1.07839095e6,false,1
4.073,use_adaptive_ngroute,0.07906887887211622,0,false,0.6621666666666667,false,false,6.458333333333334,false,1.172514e6,1.0798046325581395e6,false,3
4.585,none,0.07868517338923409,0,false,1.13,false,false,6.75,false,1.172514e6,1.0802545326086956e6,false,0
