CG_time_taken,method,CG_LP_IP_gap,implemented_SR3_cuts_count,errored,CG_sp_time_taken_mean,converged,CGIP_artificial,ngroute_neighborhood_size,time_limit_reached,CGIP_objective,CGLP_objective,CGLP_artificial,cycles_lookup_length
14.498,use_adaptive_ngroute,0.30294532624342874,0,false,0.3928823529411765,false,false,3.0,false,1.485918e6,1.0357660867190168e6,false,21
7.018,use_adaptive_ngroute,0.10213035254696323,0,false,0.5593636363636363,false,false,5.041666666666666,false,1.289603e6,1.1578953909643786e6,false,17
2.817,use_adaptive_ngroute,0.09525437301499184,0,false,0.5322,false,false,6.375,false,1.289603e6,1.1667626747967475e6,false,4
1.791,none,0.09521126679615155,0,false,0.5876666666666667,false,false,6.833333333333333,false,1.289603e6,1.1668182647058826e6,false,0
