CG_time_taken,method,CG_LP_IP_gap,implemented_SR3_cuts_count,errored,CG_sp_time_taken_mean,converged,CGIP_artificial,ngroute_neighborhood_size,time_limit_reached,CGIP_objective,CGLP_objective,CGLP_artificial,cycles_lookup_length
10.486,use_adaptive_ngroute,0.45254986794545726,0,false,0.35119047619047616,false,false,3.0,false,1.913156e6,1.0473575048409407e6,false,23
15.125,use_adaptive_ngroute,0.03998480286120554,0,false,1.0186428571428572,false,false,5.708333333333333,false,1.221101e6,1.172275517241379e6,false,13
5.094,use_adaptive_ngroute,0.03599212497736071,0,false,0.8310000000000001,false,false,7.041666666666667,false,1.221101e6,1.1771509801980199e6,false,7
13.306,none,0.035226406333300875,0,false,2.1991666666666667,false,false,7.75,false,1.221101e6,1.178086e6,false,0
