CG_time_taken,method,CG_LP_IP_gap,implemented_SR3_cuts_count,errored,CG_sp_time_taken_mean,converged,CGIP_artificial,ngroute_neighborhood_size,time_limit_reached,CGIP_objective,CGLP_objective,CGLP_artificial,cycles_lookup_length
8.735,use_adaptive_ngroute,0.37786933539369894,0,false,0.18721052631578947,false,false,3.0,false,1.451359e6,902934.9392523365,false,24
7.859,use_adaptive_ngroute,0.14718475233862938,0,false,0.5382307692307693,false,false,7.041666666666667,false,1.164793e6,993353.2307692309,false,20
8.323,use_adaptive_ngroute,0.020069530455106288,0,false,0.5928461538461539,false,false,9.458333333333332,false,1.034271e6,1.0135136666666667e6,false,6
5.839,none,0.01964088715626755,0,false,0.9343333333333332,false,false,9.708333333333334,false,1.034271e6,1.013957e6,false,0
