CG_time_taken,method,CG_LP_IP_gap,implemented_SR3_cuts_count,errored,CG_sp_time_taken_mean,converged,CGIP_artificial,ngroute_neighborhood_size,time_limit_reached,CGIP_objective,CGLP_objective,CGLP_artificial,cycles_lookup_length
58.521,use_adaptive_ngroute,0.37645029043034106,0,false,1.0724242424242427,false,false,3.0,false,1.408988e6,878574.0581871346,false,17
41.404,use_adaptive_ngroute,0.18554744236219445,0,false,1.9272105263157895,false,false,4.625,false,1.22395e6,996849.207920792,false,13
88.599,use_adaptive_ngroute,0.17243510310424826,0,false,8.701099999999999,false,false,6.5,false,1.22395e6,1.0128980555555554e6,false,6
87.311,none,0.1713258983890955,0,false,21.7975,false,false,8.041666666666666,false,1.22395e6,1.0142556666666665e6,false,0
