CG_time_taken,method,CG_LP_IP_gap,implemented_SR3_cuts_count,errored,CG_sp_time_taken_mean,converged,CGIP_artificial,ngroute_neighborhood_size,time_limit_reached,CGIP_objective,CGLP_objective,CGLP_artificial,cycles_lookup_length
5.688,use_adaptive_ngroute,0.38712834658006345,0,false,0.16870588235294115,false,false,3.0,false,1.640555e6,1.005449655376344e6,false,24
7.242,use_adaptive_ngroute,0.06430409945661597,0,false,0.5416666666666666,false,false,7.75,false,1.184988e6,1.1087884137931035e6,false,12
6.357,use_adaptive_ngroute,0.055403881372165564,0,false,0.74525,false,false,9.416666666666666,false,1.184988e6,1.1193350654205603e6,false,7
3.165,none,0.05136338933390039,0,false,1.043,false,false,10.25,false,1.184988e6,1.124123e6,false,0
