CG_time_taken,method,CG_LP_IP_gap,implemented_SR3_cuts_count,errored,CG_sp_time_taken_mean,converged,CGIP_artificial,ngroute_neighborhood_size,time_limit_reached,CGIP_objective,CGLP_objective,CGLP_artificial,cycles_lookup_length
9.854,use_adaptive_ngroute,0.31625303431519414,0,false,0.24347368421052634,false,false,3.0,false,1.498308e6,1.0244635486612702e6,false,24
8.563,use_adaptive_ngroute,0.0795802087779387,0,false,0.6016153846153848,false,false,6.375,false,1.234709e6,1.1364506e6,false,14
7.85,use_adaptive_ngroute,0.012582462493430091,0,false,0.8235555555555555,false,false,9.083333333333334,false,1.167551e6,1.1528603333333333e6,false,12
5.256,none,0.006229278207119049,0,false,1.0294,false,false,10.041666666666666,false,1.167551e6,1.160278e6,false,0
