CG_time_taken,method,CG_LP_IP_gap,implemented_SR3_cuts_count,errored,CG_sp_time_taken_mean,converged,CGIP_artificial,ngroute_neighborhood_size,time_limit_reached,CGIP_objective,CGLP_objective,CGLP_artificial,cycles_lookup_length
7.569,use_adaptive_ngroute,0.31285340209953283,0,false,0.22116666666666668,false,false,3.0,false,1.387568e6,953462.6305555555,false,19
5.51,use_adaptive_ngroute,0.12939446398987353,0,false,0.4038181818181818,false,false,4.791666666666667,false,1.25349e6,1.0912953333333335e6,false,12
2.665,use_adaptive_ngroute,0.12455309221099131,0,false,0.4211666666666666,false,false,6.083333333333333,false,1.25349e6,1.0973639444444445e6,false,5
1.987,none,0.12019973567133879,0,false,0.6453333333333333,false,false,6.416666666666666,false,1.25349e6,1.1028208333333335e6,false,0
