CG_time_taken,method,CG_LP_IP_gap,implemented_SR3_cuts_count,errored,CG_sp_time_taken_mean,converged,CGIP_artificial,ngroute_neighborhood_size,time_limit_reached,CGIP_objective,CGLP_objective,CGLP_artificial,cycles_lookup_length
2.26,use_adaptive_ngroute,0.44875242972900664,0,false,0.11836363636363635,false,false,1.0,false,1.595524e6,879528.7283090565,false,20
2.289,use_adaptive_ngroute,0.06437235100164196,0,false,0.29742857142857143,false,false,6.0,false,1.080611e6,1.0110495294117647e6,false,14
3.423,use_adaptive_ngroute,0.05294832429677898,0,false,0.40187500000000004,false,false,8.149999999999999,false,1.080611e6,1.0233944583333334e6,false,6
1.932,none,0.05204601840995515,0,false,0.47525,false,false,8.45,false,1.080611e6,1.0243695e6,false,0
