CG_time_taken,method,CG_LP_IP_gap,implemented_SR3_cuts_count,errored,CG_sp_time_taken_mean,converged,CGIP_artificial,ngroute_neighborhood_size,time_limit_reached,CGIP_objective,CGLP_objective,CGLP_artificial,cycles_lookup_length
29.935,use_adaptive_ngroute,0.38255037673240244,0,false,0.7365909090909091,false,false,4.0,false,1.737246e6,1.0726618882231407e6,false,25
141.741,use_adaptive_ngroute,0.11794719078816773,0,false,6.94955,false,false,6.678571428571429,false,1.41036e6,1.2440119999999998e6,false,19
152.034,use_adaptive_ngroute,0.10784991066110772,0,false,16.818333333333335,false,false,8.892857142857142,false,1.41036e6,1.2582528e6,false,8
108.665,use_adaptive_ngroute,0.09301059687235746,0,false,12.037,false,false,10.071428571428573,false,1.400882e6,1.2705851290322582e6,false,1
61.107,none,0.09278037189511779,0,false,12.1646,false,false,10.107142857142858,false,1.400882e6,1.2709076470588236e6,false,0
