CG_time_taken,method,CG_LP_IP_gap,implemented_SR3_cuts_count,errored,CG_sp_time_taken_mean,converged,CGIP_artificial,ngroute_neighborhood_size,time_limit_reached,CGIP_objective,CGLP_objective,CGLP_artificial,cycles_lookup_length
11.642,use_adaptive_ngroute,0.3333005633871541,0,false,0.2536153846153846,false,false,4.0,false,1.727985e6,1.1520466259754486e6,false,26
13.718,use_adaptive_ngroute,0.12168277052993015,0,false,0.7455882352941177,false,false,5.678571428571429,false,1.402562e6,1.23189437e6,false,11
10.267,use_adaptive_ngroute,0.05378746482793739,0,false,0.8340833333333335,false,false,6.714285714285714,false,1.331575e6,1.2599529565217393e6,false,17
7.759,none,0.052379492121902405,0,false,1.0991428571428572,false,false,8.678571428571429,false,1.331575e6,1.2618277777777778e6,false,0
