CG_time_taken,method,CG_LP_IP_gap,implemented_SR3_cuts_count,errored,CG_sp_time_taken_mean,converged,CGIP_artificial,ngroute_neighborhood_size,time_limit_reached,CGIP_objective,CGLP_objective,CGLP_artificial,cycles_lookup_length
12.585,use_adaptive_ngroute,0.3572623698350693,0,false,0.33004545454545453,false,false,4.0,false,1.884372e6,1.2111567936291508e6,false,27
14.211,use_adaptive_ngroute,0.09174326506750563,0,false,0.7871250000000001,false,false,5.892857142857142,false,1.457533e6,1.3238141636363633e6,false,7
2.956,use_adaptive_ngroute,0.09079323351211854,0,false,0.9546666666666666,false,false,6.571428571428572,false,1.457533e6,1.3251988659793814e6,false,2
1.571,none,0.09078714572470414,0,false,0.7555,false,false,7.142857142857142,false,1.457533e6,1.3252077391304348e6,false,0
