CG_time_taken,method,CG_LP_IP_gap,implemented_SR3_cuts_count,errored,CG_sp_time_taken_mean,converged,CGIP_artificial,ngroute_neighborhood_size,time_limit_reached,CGIP_objective,CGLP_objective,CGLP_artificial,cycles_lookup_length
26.319,use_adaptive_ngroute,0.29605999634774915,0,false,0.4543703703703703,false,false,4.0,false,1.678768e6,1.181751952051282e6,false,22
12.514,use_adaptive_ngroute,0.040338833391222684,0,false,0.8599999999999999,false,false,6.571428571428572,false,1.326437e6,1.2729300788530468e6,false,19
10.284,use_adaptive_ngroute,0.03855168564083833,0,false,1.4120000000000001,false,false,9.142857142857142,false,1.326437e6,1.2753006177536233e6,false,6
9.754,use_adaptive_ngroute,0.031594931517504254,0,false,1.5911666666666668,false,false,9.785714285714285,false,1.319948e6,1.2782443333333333e6,false,1
3.317,use_adaptive_ngroute,0.03130022293807544,0,false,1.643,false,false,9.821428571428571,false,1.319948e6,1.2786333333333333e6,false,4
8.221,use_adaptive_ngroute,0.031096366074191195,0,false,2.0340000000000003,false,false,10.178571428571429,false,1.319948e6,1.2789024137931035e6,false,3
3.755,use_adaptive_ngroute,0.03107807904240323,0,false,1.8575,false,false,10.392857142857142,false,1.319948e6,1.278926551724138e6,false,3
4.51,none,0.03103780856013494,0,false,2.2395,false,false,10.5,false,1.319948e6,1.278979706666667e6,false,0
