CG_time_taken,method,CG_LP_IP_gap,implemented_SR3_cuts_count,errored,CG_sp_time_taken_mean,converged,CGIP_artificial,ngroute_neighborhood_size,time_limit_reached,CGIP_objective,CGLP_objective,CGLP_artificial,cycles_lookup_length
23.102,use_adaptive_ngroute,0.42375752131445954,0,false,0.42358333333333337,false,false,4.0,false,1.833167e6,1.056348695924536e6,false,25
18.546,use_adaptive_ngroute,0.15804531833284763,0,false,1.1297142857142857,false,false,6.642857142857143,false,1.44669e6,1.2180474184210526e6,false,16
14.217,use_adaptive_ngroute,0.12508947989618402,0,false,2.2701666666666664,false,false,8.714285714285715,false,1.414021e6,1.237141848547718e6,false,11
6.48,none,0.12167773085878264,0,false,3.1895000000000002,false,false,9.642857142857142,false,1.414021e6,1.2419661333333333e6,false,0
