CG_time_taken,method,CG_LP_IP_gap,implemented_SR3_cuts_count,errored,CG_sp_time_taken_mean,converged,CGIP_artificial,ngroute_neighborhood_size,time_limit_reached,CGIP_objective,CGLP_objective,CGLP_artificial,cycles_lookup_length
22.822,use_adaptive_ngroute,0.2991556343977102,0,false,0.3664814814814815,false,false,4.0,false,1.56205e6,1.0947539412890568e6,false,24
20.472,use_adaptive_ngroute,0.10690440216214703,0,false,0.8432857142857143,false,false,6.571428571428572,false,1.349152e6,1.204921712014135e6,false,17
20.812,use_adaptive_ngroute,0.07325915539513883,0,false,1.6795833333333337,false,false,9.464285714285714,false,1.312969e6,1.216782e6,false,7
17.897,use_adaptive_ngroute,0.0709445102727736,0,false,2.533714285714286,false,false,10.25,false,1.312969e6,1.2198210572916667e6,false,1
12.205,none,0.07084053247024358,0,false,3.01075,false,false,10.321428571428571,false,1.312969e6,1.2199575769230768e6,false,0
