CG_time_taken,method,CG_LP_IP_gap,implemented_SR3_cuts_count,errored,CG_sp_time_taken_mean,converged,CGIP_artificial,ngroute_neighborhood_size,time_limit_reached,CGIP_objective,CGLP_objective,CGLP_artificial,cycles_lookup_length
14.365,use_adaptive_ngroute,0.3039297916326982,0,false,0.2733,false,false,4.0,false,1.654135e6,1.1513940941176468e6,false,28
21.497,use_adaptive_ngroute,0.07342432165215207,0,false,1.0816666666666668,false,false,8.071428571428571,false,1.353849e6,1.2544435555555555e6,false,7
4.531,use_adaptive_ngroute,0.05883268781991391,0,false,1.09475,false,false,8.678571428571429,false,1.333822e6,1.2553496666666667e6,false,2
3.902,use_adaptive_ngroute,0.058715947271991475,0,false,1.2633333333333334,false,false,8.928571428571429,false,1.333822e6,1.2555053777777778e6,false,7
3.477,none,0.05859602455699975,0,false,1.0886666666666667,false,false,9.321428571428571,false,1.333822e6,1.2556653333333335e6,false,0
