CG_time_taken,method,CG_LP_IP_gap,implemented_SR3_cuts_count,errored,CG_sp_time_taken_mean,converged,CGIP_artificial,ngroute_neighborhood_size,time_limit_reached,CGIP_objective,CGLP_objective,CGLP_artificial,cycles_lookup_length
11.61,use_adaptive_ngroute,0.39355439083355925,0,false,0.2953913043478261,false,false,4.0,false,1.825453e6,1.1070379565897067e6,false,27
21.39,use_adaptive_ngroute,0.18652492947135624,0,false,0.9424285714285714,false,false,6.357142857142858,false,1.538138e6,1.251236918032787e6,false,14
8.813,use_adaptive_ngroute,0.1749980779202106,0,false,1.204142857142857,false,false,7.035714285714286,false,1.536241e6,1.2674017777777778e6,false,8
6.123,none,0.1262041414272841,0,false,1.1798,false,false,8.392857142857144,false,1.452591e6,1.269268e6,false,0
