CG_time_taken,method,CG_LP_IP_gap,implemented_SR3_cuts_count,errored,CG_sp_time_taken_mean,converged,CGIP_artificial,ngroute_neighborhood_size,time_limit_reached,CGIP_objective,CGLP_objective,CGLP_artificial,cycles_lookup_length
29.415,use_adaptive_ngroute,0.2960189550575738,0,false,0.49988000000000005,false,false,4.0,false,1.792476e6,1.2618691275142203e6,false,31
30.443,use_adaptive_ngroute,0.02372030996709673,0,false,1.6152352941176475,false,false,8.0,false,1.347885e6,1.3159127499999998e6,false,5
9.378,use_adaptive_ngroute,0.022346477245077767,0,false,1.8264,false,false,8.34375,false,1.347885e6,1.3177645185185184e6,false,9
10.319,none,0.020523089659638782,0,false,2.0156,false,false,9.0625,false,1.347885e6,1.3202222352941178e6,false,0
