CG_time_taken,method,CG_LP_IP_gap,implemented_SR3_cuts_count,errored,CG_sp_time_taken_mean,converged,CGIP_artificial,ngroute_neighborhood_size,time_limit_reached,CGIP_objective,CGLP_objective,CGLP_artificial,cycles_lookup_length
17.333,use_adaptive_ngroute,0.9999789389443404,0,false,0.3425217391304348,false,true,4.0,false,6.0e10,1.2636633395721924e6,false,32
39.623,use_adaptive_ngroute,0.15077179501790605,0,false,2.169411764705883,false,false,8.625,false,1.596959e6,1.3561826249999998e6,false,21
86.424,use_adaptive_ngroute,0.13865858839981504,0,false,6.110214285714284,false,false,11.125,false,1.585171e6,1.3653734267676768e6,false,5
19.725,use_adaptive_ngroute,0.13567654550610353,0,false,6.535333333333334,false,false,11.531249999999998,false,1.585171e6,1.3701004746835444e6,false,5
26.32,use_adaptive_ngroute,0.13547590736513804,0,false,8.732999999999999,false,false,11.6875,false,1.585171e6,1.3704185204460968e6,false,1
19.793,none,0.13541395872989836,0,false,9.855,false,false,11.75,false,1.585171e6,1.3705167196261683e6,false,0
