CG_time_taken,method,CG_LP_IP_gap,implemented_SR3_cuts_count,errored,CG_sp_time_taken_mean,converged,CGIP_artificial,ngroute_neighborhood_size,time_limit_reached,CGIP_objective,CGLP_objective,CGLP_artificial,cycles_lookup_length
33.855,use_adaptive_ngroute,0.9999812405595222,0,false,0.6528148148148146,false,true,4.0,false,6.0e10,1.1255664286666666e6,false,31
84.254,use_adaptive_ngroute,0.049114349617588204,0,false,4.240315789473684,false,false,7.46875,false,1.322832e6,1.2578619666666666e6,false,20
30.085,use_adaptive_ngroute,0.044369033843887795,0,false,4.962166666666667,false,false,9.15625,false,1.322832e6,1.2641392222222222e6,false,5
15.062,none,0.044258177405243626,0,false,4.982666666666667,false,false,10.1875,false,1.322832e6,1.2642858666666667e6,false,0
