CG_time_taken,method,CG_LP_IP_gap,implemented_SR3_cuts_count,errored,CG_sp_time_taken_mean,converged,CGIP_artificial,ngroute_neighborhood_size,time_limit_reached,CGIP_objective,CGLP_objective,CGLP_artificial,cycles_lookup_length
22.098,use_adaptive_ngroute,0.3787090267367177,0,false,0.35014814814814815,false,false,4.0,false,2.013823e6,1.251170051649983e6,false,27
25.425,use_adaptive_ngroute,0.12938759741446637,0,false,1.5856000000000001,false,false,6.46875,false,1.53188e6,1.3336737272727273e6,false,7
26.033,use_adaptive_ngroute,0.11404108024127213,0,false,2.11925,false,false,7.124999999999999,false,1.53188e6,1.35718275e6,false,7
12.411,use_adaptive_ngroute,0.10993957792976028,0,false,3.07325,false,false,7.90625,false,1.53188e6,1.3634657593609588e6,false,12
35.707,none,0.10982818497532454,0,false,3.5525,false,false,9.09375,false,1.53188e6,1.3636364e6,false,0
