CG_time_taken,method,CG_LP_IP_gap,implemented_SR3_cuts_count,errored,CG_sp_time_taken_mean,converged,CGIP_artificial,ngroute_neighborhood_size,time_limit_reached,CGIP_objective,CGLP_objective,CGLP_artificial,cycles_lookup_length
43.956,use_adaptive_ngroute,0.38300489744614175,0,false,0.6487352941176471,false,false,4.0,false,1.722294e6,1.0626469631578948e6,false,23
23.816,use_adaptive_ngroute,0.08586358236611413,0,false,1.1569375000000002,false,false,5.96875,false,1.277241e6,1.167572512195122e6,false,15
18.021,use_adaptive_ngroute,0.08159462466363043,0,false,1.6822000000000001,false,false,7.40625,false,1.277241e6,1.173025e6,false,5
8.986,none,0.08150419537111597,0,false,1.748,false,false,7.5625,false,1.277241e6,1.1731405000000005e6,false,0
