CG_time_taken,method,CG_LP_IP_gap,implemented_SR3_cuts_count,errored,CG_sp_time_taken_mean,converged,CGIP_artificial,ngroute_neighborhood_size,time_limit_reached,CGIP_objective,CGLP_objective,CGLP_artificial,cycles_lookup_length
21.447,use_adaptive_ngroute,0.3048670074845894,0,false,0.4373333333333333,false,false,4.0,false,1.794471e6,1.2473959962121213e6,false,20
27.188,use_adaptive_ngroute,0.07044438376185125,0,false,1.661714285714286,false,false,6.5,false,1.415246e6,1.315549867658575e6,false,21
30.348,use_adaptive_ngroute,0.06864941230528188,0,false,3.2329999999999997,false,false,9.0,false,1.415246e6,1.318090193832599e6,false,9
37.52,use_adaptive_ngroute,0.06353394863272321,0,false,4.61825,false,false,9.71875,false,1.415246e6,1.325329833333333e6,false,1
17.205,use_adaptive_ngroute,0.06204730485018184,0,false,4.257,false,false,9.75,false,1.415246e6,1.3274337999999996e6,false,1
9.408,use_adaptive_ngroute,0.0619289718746634,0,false,4.67,false,false,9.84375,false,1.415246e6,1.32760127027027e6,false,5
16.94,none,0.06183545801605139,0,false,5.614666666666667,false,false,10.09375,false,1.415246e6,1.3277336153846153e6,false,0
