CG_time_taken,method,CG_LP_IP_gap,implemented_SR3_cuts_count,errored,CG_sp_time_taken_mean,converged,CGIP_artificial,ngroute_neighborhood_size,time_limit_reached,CGIP_objective,CGLP_objective,CGLP_artificial,cycles_lookup_length
22.109,use_adaptive_ngroute,0.27203600922787896,0,false,0.3998749999999999,false,false,4.0,false,1.664355e6,1.2115905078615334e6,false,28
25.829,use_adaptive_ngroute,0.12222083315482168,0,false,0.9665652173913043,false,false,5.84375,false,1.48757e6,1.3057579552238819e6,false,17
17.975,use_adaptive_ngroute,0.06704136026749175,0,false,2.164,false,false,7.59375,false,1.411837e6,1.3171855270440252e6,false,17
16.449,none,0.06486814696030774,0,false,3.2292,false,false,8.75,false,1.411837e6,1.32025375e6,false,0
