CG_time_taken,method,CG_LP_IP_gap,implemented_SR3_cuts_count,errored,CG_sp_time_taken_mean,converged,CGIP_artificial,ngroute_neighborhood_size,time_limit_reached,CGIP_objective,CGLP_objective,CGLP_artificial,cycles_lookup_length
27.432,use_adaptive_ngroute,0.3375294399724129,0,false,0.5205862068965518,false,false,4.0,false,1.894228e6,1.2548702839799363e6,false,30
56.462,use_adaptive_ngroute,0.13309609311415804,0,false,2.7353,false,false,7.34375,false,1.555617e6,1.3485704549180327e6,false,15
41.311,use_adaptive_ngroute,0.0036023548315058385,0,false,4.533222222222222,false,false,8.4375,false,1.368332e6,1.363402782608696e6,false,4
26.819,none,0.0034032310871923155,0,false,5.3358,false,false,8.875,false,1.368332e6,1.36367525e6,false,0
