CG_time_taken,method,CG_LP_IP_gap,implemented_SR3_cuts_count,errored,CG_sp_time_taken_mean,converged,CGIP_artificial,ngroute_neighborhood_size,time_limit_reached,CGIP_objective,CGLP_objective,CGLP_artificial,cycles_lookup_length
31.544,use_adaptive_ngroute,0.9999814662740277,0,false,0.5740909090909092,false,true,4.0,false,6.0e10,1.1120235583333333e6,false,32
94.843,use_adaptive_ngroute,0.1427334792702577,0,false,4.744315789473685,false,false,9.0625,false,1.430856e6,1.2266249447852762e6,false,24
67.956,use_adaptive_ngroute,0.1370039137411453,0,false,8.387249999999998,false,false,11.65625,false,1.430856e6,1.2348231279999998e6,false,11
133.813,use_adaptive_ngroute,0.1360043393604945,0,false,22.252666666666666,false,false,12.0,false,1.430856e6,1.2362533750000002e6,false,8
289.663,none,0.13574472873193988,0,false,41.34428571428571,false,false,12.812499999999998,false,1.430856e6,1.2366248404255314e6,false,0
