CG_time_taken,method,CG_LP_IP_gap,implemented_SR3_cuts_count,errored,CG_sp_time_taken_mean,converged,CGIP_artificial,ngroute_neighborhood_size,time_limit_reached,CGIP_objective,CGLP_objective,CGLP_artificial,cycles_lookup_length
33.123,use_adaptive_ngroute,0.36826435438634686,0,false,0.47790476190476183,false,false,4.0,false,1.800344e6,1.1373414791666667e6,false,32
45.951,use_adaptive_ngroute,0.08988185155913919,0,false,2.6035,false,false,8.5625,false,1.399426e6,1.273643e6,false,7
20.421,use_adaptive_ngroute,0.08397798360485698,0,false,3.3,false,false,9.28125,false,1.399426e6,1.2819050263157894e6,false,3
19.1,use_adaptive_ngroute,0.08301883772346463,0,false,3.7059999999999995,false,false,9.5625,false,1.399426e6,1.2832472800000028e6,false,4
18.003,use_adaptive_ngroute,0.08092281705931326,0,false,3.5347999999999997,false,false,9.6875,false,1.399426e6,1.2861805058139535e6,false,18
31.21,use_adaptive_ngroute,0.0795405967192816,0,false,6.1610000000000005,false,false,10.875,false,1.399426e6,1.2881148208955226e6,false,1
9.765,use_adaptive_ngroute,0.07944378407268193,0,false,4.831,false,false,10.90625,false,1.399426e6,1.288250303030303e6,false,1
10.887,none,0.07944378407268193,0,false,5.3745,false,false,11.15625,false,1.399426e6,1.288250303030303e6,false,0
