CG_time_taken,method,CG_LP_IP_gap,implemented_SR3_cuts_count,errored,CG_sp_time_taken_mean,converged,CGIP_artificial,ngroute_neighborhood_size,time_limit_reached,CGIP_objective,CGLP_objective,CGLP_artificial,cycles_lookup_length
3.047,use_adaptive_ngroute,0.9999854783925851,0,false,0.17008333333333336,false,true,1.0,false,6.0e10,871296.4448924732,false,20
4.88,use_adaptive_ngroute,0.07077187281770636,0,false,0.3256153846153846,false,false,5.3,false,1.03404e6,960859.0526315789,false,6
1.417,use_adaptive_ngroute,0.06603540481992964,0,false,0.34225,false,false,5.7,false,1.03404e6,965756.75,false,4
1.96,use_adaptive_ngroute,0.06290340447529719,0,false,0.3111666666666667,false,false,6.3,false,1.03404e6,968995.3636363636,false,5
1.036,use_adaptive_ngroute,0.06137136323976289,0,false,0.506,false,false,7.05,false,1.03404e6,970579.5555555556,false,2
0.614,none,0.06108252850738638,0,false,0.604,false,false,7.25,false,1.03404e6,970878.2222222221,false,0
