CG_time_taken,method,CG_LP_IP_gap,implemented_SR3_cuts_count,errored,CG_sp_time_taken_mean,converged,CGIP_artificial,ngroute_neighborhood_size,time_limit_reached,CGIP_objective,CGLP_objective,CGLP_artificial,cycles_lookup_length
21.723,use_adaptive_ngroute,0.4278818147929969,0,false,0.35823333333333335,false,false,4.0,false,2.085664e6,1.1932463026315789e6,false,24
23.27,use_adaptive_ngroute,0.20686320507140343,0,false,1.2373529411764705,false,false,5.34375,false,1.671026e6,1.325352205882353e6,false,10
14.267,use_adaptive_ngroute,0.07078758736143187,0,false,1.5475555555555554,false,false,6.25,false,1.435364e6,1.3337580454545456e6,false,3
7.381,none,0.07078692234164996,0,false,1.8337500000000002,false,false,7.1875,false,1.435364e6,1.333759e6,false,0
