CG_time_taken,method,CG_LP_IP_gap,implemented_SR3_cuts_count,errored,CG_sp_time_taken_mean,converged,CGIP_artificial,ngroute_neighborhood_size,time_limit_reached,CGIP_objective,CGLP_objective,CGLP_artificial,cycles_lookup_length
45.938,use_adaptive_ngroute,0.9999775876720685,0,false,0.6171764705882353,false,true,4.0,false,6.0e10,1.3447396758893284e6,false,26
186.611,use_adaptive_ngroute,0.16907626036056567,0,false,8.493952380952381,false,false,6.861111111111111,false,1.697696e6,1.4106559090909092e6,false,25
634.16,use_adaptive_ngroute,0.10334146124103749,0,false,33.181368421052625,false,false,9.88888888888889,false,1.58333e6,1.4197063641732282e6,false,18
469.75,none,0.09857199699367791,0,false,33.46471428571429,false,false,11.166666666666668,false,1.58333e6,1.427258e6,false,0
