CG_time_taken,method,CG_LP_IP_gap,implemented_SR3_cuts_count,errored,CG_sp_time_taken_mean,converged,CGIP_artificial,ngroute_neighborhood_size,time_limit_reached,CGIP_objective,CGLP_objective,CGLP_artificial,cycles_lookup_length
57.029,use_adaptive_ngroute,0.321689646079373,0,false,1.3709200000000004,false,false,4.0,false,1.899478e6,1.2884355944444446e6,false,24
23.886,use_adaptive_ngroute,0.17648908766485194,0,false,1.6135384615384616,false,false,6.277777777777778,false,1.622432e6,1.336090456521739e6,false,19
41.366,use_adaptive_ngroute,0.1685250982445624,0,false,4.0373,false,false,7.527777777777779,false,1.622432e6,1.349011487804878e6,false,10
34.821,use_adaptive_ngroute,0.1662824697737717,0,false,6.9068000000000005,false,false,8.277777777777779,false,1.622432e6,1.35265e6,false,1
11.683,use_adaptive_ngroute,0.16601418373030785,0,false,3.8733333333333335,false,false,8.305555555555555,false,1.622432e6,1.353085275862069e6,false,1
15.187,none,0.1659903157728645,0,false,5.039333333333333,false,false,8.333333333333334,false,1.622432e6,1.353124e6,false,0
