CG_time_taken,method,CG_LP_IP_gap,implemented_SR3_cuts_count,errored,CG_sp_time_taken_mean,converged,CGIP_artificial,ngroute_neighborhood_size,time_limit_reached,CGIP_objective,CGLP_objective,CGLP_artificial,cycles_lookup_length
30.405,use_adaptive_ngroute,0.32394294749727515,0,false,0.5205000000000002,false,false,4.0,false,2.030819e6,1.372949507306531e6,false,31
33.741,use_adaptive_ngroute,0.1294947359685883,0,false,1.9003125000000005,false,false,7.472222222222222,false,1.68707e6,1.4686033157894737e6,false,16
32.872,use_adaptive_ngroute,0.1251161777519605,0,false,4.024375,false,false,9.055555555555555,false,1.68707e6,1.47599025e6,false,10
20.254,use_adaptive_ngroute,0.1243878069671086,0,false,4.0018,false,false,10.11111111111111,false,1.68707e6,1.4772190625e6,false,2
15.343,none,0.12438252279233963,0,false,5.018,false,false,10.194444444444445,false,1.68707e6,1.4772279772727275e6,false,0
