CG_time_taken,method,CG_LP_IP_gap,implemented_SR3_cuts_count,errored,CG_sp_time_taken_mean,converged,CGIP_artificial,ngroute_neighborhood_size,time_limit_reached,CGIP_objective,CGLP_objective,CGLP_artificial,cycles_lookup_length
32.417,use_adaptive_ngroute,0.32936682440122533,0,false,0.44641935483870976,false,false,4.0,false,2.01474e6,1.3511514842058753e6,false,30
30.96,use_adaptive_ngroute,0.12111987442017302,0,false,1.7330624999999995,false,false,6.222222222222222,false,1.684893e6,1.4808189714285715e6,false,19
34.26,use_adaptive_ngroute,0.1153286885279955,0,false,3.7188888888888885,false,false,8.555555555555555,false,1.684893e6,1.4905765e6,false,1
17.142,none,0.11514277167748932,0,false,3.3930000000000002,false,false,8.61111111111111,false,1.684893e6,1.49088975e6,false,0
