CG_time_taken,method,CG_LP_IP_gap,implemented_SR3_cuts_count,errored,CG_sp_time_taken_mean,converged,CGIP_artificial,ngroute_neighborhood_size,time_limit_reached,CGIP_objective,CGLP_objective,CGLP_artificial,cycles_lookup_length
31.446,use_adaptive_ngroute,0.265363822681686,0,false,0.3906363636363636,false,false,4.0,false,1.740249e6,1.2784498729420186e6,false,28
56.753,use_adaptive_ngroute,0.04054483447870871,0,false,2.0477499999999997,false,false,6.027777777777778,false,1.358798e6,1.3037057599999995e6,false,22
66.384,use_adaptive_ngroute,0.029358149689628132,0,false,3.6951176470588236,false,false,8.305555555555555,false,1.358798e6,1.3189062049180327e6,false,10
58.468,use_adaptive_ngroute,0.02841822331207433,0,false,8.222428571428571,false,false,9.833333333333334,false,1.358798e6,1.320183375e6,false,5
60.882,use_adaptive_ngroute,0.025307293652183427,0,false,6.666444444444445,false,false,10.361111111111112,false,1.358798e6,1.3244105000000005e6,false,2
53.208,use_adaptive_ngroute,0.02266758161033644,0,false,13.204999999999998,false,false,10.416666666666666,false,1.358798e6,1.327997335443038e6,false,5
104.857,none,0.0219887969612359,0,false,14.93357142857143,false,false,10.833333333333334,false,1.358798e6,1.3289196666666665e6,false,0
