CG_time_taken,method,CG_LP_IP_gap,implemented_SR3_cuts_count,errored,CG_sp_time_taken_mean,converged,CGIP_artificial,ngroute_neighborhood_size,time_limit_reached,CGIP_objective,CGLP_objective,CGLP_artificial,cycles_lookup_length
212.08,use_adaptive_ngroute,0.9999786780074235,0,false,3.871214285714286,false,true,4.0,false,6.0e10,1.279319554594772e6,false,36
159.152,use_adaptive_ngroute,0.09776639560671663,0,false,7.358100000000002,false,false,7.805555555555555,false,1.524509e6,1.37546325e6,false,4
59.405,use_adaptive_ngroute,0.09465668499288504,0,false,7.125874999999999,false,false,8.055555555555555,false,1.524509e6,1.3802040318181817e6,false,19
65.678,use_adaptive_ngroute,0.05186397612815752,0,false,9.156571428571429,false,false,10.055555555555555,false,1.465205e6,1.389213642857143e6,false,6
48.778,use_adaptive_ngroute,0.051814101951604075,0,false,9.644400000000001,false,false,10.527777777777777,false,1.465205e6,1.38928671875e6,false,3
26.863,none,0.05171259691002672,0,false,13.346,false,false,10.75,false,1.465205e6,1.3894354444444443e6,false,0
