CG_time_taken,method,CG_LP_IP_gap,implemented_SR3_cuts_count,errored,CG_sp_time_taken_mean,converged,CGIP_artificial,ngroute_neighborhood_size,time_limit_reached,CGIP_objective,CGLP_objective,CGLP_artificial,cycles_lookup_length
50.354,use_adaptive_ngroute,0.9999795532768219,0,false,0.8922399999999999,false,true,4.0,false,6.0e10,1.2268033906851448e6,false,28
211.289,use_adaptive_ngroute,0.06754520342139725,0,false,8.726347826086958,false,false,6.694444444444445,false,1.426873e6,1.3304945729585006e6,false,18
129.687,use_adaptive_ngroute,0.055030396092459744,0,false,18.31528571428571,false,false,9.11111111111111,false,1.426873e6,1.3483516136363638e6,false,13
168.592,use_adaptive_ngroute,0.05283216182161887,0,false,23.90057142857143,false,false,9.61111111111111,false,1.426873e6,1.3514882147651012e6,false,7
120.294,use_adaptive_ngroute,0.05103809113623736,0,false,23.9608,false,false,10.055555555555555,false,1.426873e6,1.3540481257861636e6,false,2
78.405,none,0.050932798155773895,0,false,26.014666666666667,false,false,10.194444444444445,false,1.426873e6,1.3541983654970764e6,false,0
