CG_time_taken,method,CG_LP_IP_gap,implemented_SR3_cuts_count,errored,CG_sp_time_taken_mean,converged,CGIP_artificial,ngroute_neighborhood_size,time_limit_reached,CGIP_objective,CGLP_objective,CGLP_artificial,cycles_lookup_length
34.728,use_adaptive_ngroute,0.24816772130642284,0,false,0.4515384615384616,false,false,4.0,false,1.70576e6,1.2824454277043561e6,false,25
15.58,use_adaptive_ngroute,0.15325024160319967,0,false,0.8616153846153847,false,false,7.527777777777779,false,1.608397e6,1.3619097711561385e6,false,14
8.65,use_adaptive_ngroute,0.143782410926244,0,false,1.2635,false,false,9.0,false,1.593277e6,1.3641917916666667e6,false,11
17.514,use_adaptive_ngroute,0.14278857348722152,0,false,1.811222222222222,false,false,9.5,false,1.593277e6,1.3657752500000002e6,false,5
8.164,use_adaptive_ngroute,0.14261715188694546,0,false,3.858,false,false,9.694444444444445,false,1.593277e6,1.3660483720930233e6,false,1
15.677,none,0.14255829786211516,0,false,3.87425,false,false,9.722222222222221,false,1.593277e6,1.3661421428571427e6,false,0
