CG_time_taken,method,CG_LP_IP_gap,implemented_SR3_cuts_count,errored,CG_sp_time_taken_mean,converged,CGIP_artificial,ngroute_neighborhood_size,time_limit_reached,CGIP_objective,CGLP_objective,CGLP_artificial,cycles_lookup_length
53.972,use_adaptive_ngroute,0.3702672721311766,0,false,0.7477692307692306,false,false,4.0,false,2.007257e6,1.2640354261437908e6,false,36
207.738,use_adaptive_ngroute,0.09423802318521002,0,false,9.9286,false,false,9.222222222222223,false,1.501843e6,1.3603122845454547e6,false,18
243.685,use_adaptive_ngroute,0.09047600013766233,0,false,18.605153846153843,false,false,11.277777777777779,false,1.501843e6,1.3659622525252528e6,false,3
120.816,use_adaptive_ngroute,0.0903964246994945,0,false,24.083,false,false,11.36111111111111,false,1.501843e6,1.3660817623400372e6,false,3
96.507,none,0.09033113906639301,0,false,19.2082,false,false,11.444444444444445,false,1.501843e6,1.3661798111111112e6,false,0
