CG_time_taken,method,CG_LP_IP_gap,implemented_SR3_cuts_count,errored,CG_sp_time_taken_mean,converged,CGIP_artificial,ngroute_neighborhood_size,time_limit_reached,CGIP_objective,CGLP_objective,CGLP_artificial,cycles_lookup_length
2.354,use_adaptive_ngroute,0.22970733101172258,0,false,0.07442857142857144,false,false,1.0,false,1.242241e6,956889.1354166667,false,10
1.329,use_adaptive_ngroute,0.06622374636529715,0,false,0.10666666666666666,false,false,2.9499999999999997,false,1.079295e6,1.0078200416666666e6,false,14
1.436,use_adaptive_ngroute,0.0580996264817647,0,false,0.21733333333333335,false,false,5.8500000000000005,false,1.079295e6,1.0165883636363638e6,false,9
1.464,use_adaptive_ngroute,0.053413248624252896,0,false,0.274,false,false,6.75,false,1.079295e6,1.0216463478260869e6,false,7
1.705,none,0.0,0,false,0.32920000000000005,true,false,7.75,false,1.023862e6,1.023862e6,false,0
