CG_time_taken,method,CG_LP_IP_gap,implemented_SR3_cuts_count,errored,CG_sp_time_taken_mean,converged,CGIP_artificial,ngroute_neighborhood_size,time_limit_reached,CGIP_objective,CGLP_objective,CGLP_artificial,cycles_lookup_length
27.361,use_adaptive_ngroute,0.9999766829220436,0,false,0.47686666666666666,false,true,4.0,false,6.0e10,1.3990246773898336e6,false,28
31.331,use_adaptive_ngroute,0.15447895864745564,0,false,1.7283125,false,false,5.222222222222222,false,1.775459e6,1.501187942558747e6,false,15
35.057,use_adaptive_ngroute,0.10166021408012194,0,false,3.1082727272727273,false,false,6.472222222222222,false,1.680301e6,1.509481240620957e6,false,14
21.199,use_adaptive_ngroute,0.09970120373829294,0,false,4.1892000000000005,false,false,7.666666666666667,false,1.680301e6,1.5127729676573426e6,false,3
7.361,use_adaptive_ngroute,0.09881719884103002,0,false,3.6455,false,false,8.25,false,1.680301e6,1.5142583619702184e6,false,4
4.345,none,0.09876835927572492,0,false,4.3100000000000005,false,false,8.36111111111111,false,1.680301e6,1.51434042714064e6,false,0
