CG_time_taken,method,CG_LP_IP_gap,implemented_SR3_cuts_count,errored,CG_sp_time_taken_mean,converged,CGIP_artificial,ngroute_neighborhood_size,time_limit_reached,CGIP_objective,CGLP_objective,CGLP_artificial,cycles_lookup_length
4.013,use_adaptive_ngroute,0.06134377776744049,0,false,0.18724999999999997,false,false,4.6499999999999995,false,1.080709e6,1.0144142272727272e6,false,9
1.019,use_adaptive_ngroute,0.05782006688818786,0,false,0.2355,false,false,5.8500000000000005,false,1.080709e6,1.0182223333333334e6,false,5
1.187,use_adaptive_ngroute,0.003203470550431353,0,false,0.22499999999999998,false,false,6.6,false,1.023862e6,1.0205820882352942e6,false,2
1.943,none,0.0,0,false,0.304,true,false,7.2,false,1.023862e6,1.023862e6,false,0
