CG_time_taken,method,CG_LP_IP_gap,implemented_SR3_cuts_count,errored,CG_sp_time_taken_mean,converged,CGIP_artificial,ngroute_neighborhood_size,time_limit_reached,CGIP_objective,CGLP_objective,CGLP_artificial,cycles_lookup_length
15.372,use_adaptive_ngroute,0.4851905360179818,0,false,0.40694444444444444,false,false,1.0,false,1.765036e6,908657.2370689656,false,23
12.003,use_adaptive_ngroute,0.213516166778718,0,false,0.9179166666666665,false,false,4.166666666666666,false,1.289589e6,1.0142408999999999e6,false,18
24.644,use_adaptive_ngroute,0.08719175799763035,0,false,1.7102857142857142,false,false,5.25,false,1.134336e6,1.03543125e6,false,8
8.762,none,0.05325956588653624,0,false,1.075625,false,false,6.25,false,1.099175e6,1.0406334166666665e6,false,0
