CG_time_taken,method,CG_LP_IP_gap,implemented_SR3_cuts_count,errored,CG_sp_time_taken_mean,converged,CGIP_artificial,ngroute_neighborhood_size,time_limit_reached,CGIP_objective,CGLP_objective,CGLP_artificial,cycles_lookup_length
26.208,use_adaptive_ngroute,0.39123135411801657,0,false,0.6346363636363638,false,false,1.0,false,1.45978e6,888668.2938856018,false,19
29.191,use_adaptive_ngroute,0.2590557367225498,0,false,1.5901249999999998,false,false,3.7083333333333335,false,1.339464e6,992468.1666666666,false,5
10.057,use_adaptive_ngroute,0.011906151162338396,0,false,1.5399999999999998,false,false,4.0,false,1.039724e6,1.0273448888888889e6,false,7
8.027,none,0.0,0,false,1.101,true,false,4.416666666666666,false,1.039724e6,1.039724e6,false,0
