CG_time_taken,method,CG_LP_IP_gap,implemented_SR3_cuts_count,errored,CG_sp_time_taken_mean,converged,CGIP_artificial,ngroute_neighborhood_size,time_limit_reached,CGIP_objective,CGLP_objective,CGLP_artificial,cycles_lookup_length
6.867,use_adaptive_ngroute,0.07749996731427966,0,false,0.35343750000000007,false,false,4.6499999999999995,false,1.070804e6,987816.7250000001,false,8
1.587,use_adaptive_ngroute,0.07168416442224701,0,false,0.30660000000000004,false,false,5.6,false,1.070804e6,994044.3100000002,false,9
2.678,use_adaptive_ngroute,0.07080224723241091,0,false,0.5196,false,false,7.1,false,1.070804e6,994988.6704545455,false,6
3.204,none,0.0704357785939711,0,false,0.6292,false,false,8.200000000000001,false,1.070804e6,995381.0865384614,false,0
