CG_time_taken,method,CG_LP_IP_gap,implemented_SR3_cuts_count,errored,CG_sp_time_taken_mean,converged,CGIP_artificial,ngroute_neighborhood_size,time_limit_reached,CGIP_objective,CGLP_objective,CGLP_artificial,cycles_lookup_length
6.354,use_adaptive_ngroute,0.07472482403816672,0,false,0.27629411764705886,false,false,4.6499999999999995,false,1.160621e6,1.0738937999999989e6,false,8
2.734,use_adaptive_ngroute,0.06843302534273144,0,false,0.4128333333333333,false,false,5.4,false,1.160621e6,1.0811961936936937e6,false,10
1.361,use_adaptive_ngroute,0.06420872963697899,0,false,0.4010000000000001,false,false,7.4,false,1.160621e6,1.0860989999999998e6,false,5
2.699,use_adaptive_ngroute,0.0002526800935250817,0,false,0.5264,false,false,7.75,false,1.09354e6,1.0932636842105265e6,false,4
1.935,none,0.0,0,false,0.46975,true,false,8.25,false,1.09354e6,1.09354e6,false,0
