CG_time_taken,method,CG_LP_IP_gap,implemented_SR3_cuts_count,errored,CG_sp_time_taken_mean,converged,CGIP_artificial,ngroute_neighborhood_size,time_limit_reached,CGIP_objective,CGLP_objective,CGLP_artificial,cycles_lookup_length
6.233,use_adaptive_ngroute,0.999981375522568,0,false,0.2683571428571429,false,true,1.0,false,6.0e10,1.117468645918699e6,false,23
10.42,use_adaptive_ngroute,0.06401042667206214,0,false,0.5605625,false,false,5.416666666666667,false,1.369053e6,1.2814193333333333e6,false,14
5.815,use_adaptive_ngroute,0.059786095449433474,0,false,0.9296666666666665,false,false,7.333333333333334,false,1.369053e6,1.2872026666666667e6,false,8
4.724,use_adaptive_ngroute,0.055206579053745264,0,false,0.9183999999999999,false,false,8.083333333333334,false,1.369053e6,1.2934722673267329e6,false,4
3.212,use_adaptive_ngroute,0.05295444693846363,0,false,1.0373333333333334,false,false,8.375,false,1.369053e6,1.2965555555555555e6,false,2
3.135,use_adaptive_ngroute,0.052452234419623656,0,false,1.0313333333333332,false,false,8.458333333333334,false,1.369053e6,1.297243111111111e6,false,1
2.568,use_adaptive_ngroute,0.052141615569394006,0,false,1.2705000000000002,false,false,8.541666666666666,false,1.369053e6,1.2976683647798744e6,false,5
4.165,use_adaptive_ngroute,0.05177632964697243,0,false,1.3753333333333333,false,false,8.75,false,1.369053e6,1.2981684605678234e6,false,3
1.42,none,0.05171527457828806,0,false,1.402,false,false,8.916666666666666,false,1.369053e6,1.298252048192771e6,false,0
