CG_time_taken,method,CG_LP_IP_gap,implemented_SR3_cuts_count,errored,CG_sp_time_taken_mean,converged,CGIP_artificial,ngroute_neighborhood_size,time_limit_reached,CGIP_objective,CGLP_objective,CGLP_artificial,cycles_lookup_length
5.111,use_adaptive_ngroute,0.12896626462660488,0,false,0.24470588235294116,false,false,4.6499999999999995,false,1.179899e6,1.0277318333333335e6,false,8
1.56,use_adaptive_ngroute,0.12471078032950278,0,false,0.20900000000000002,false,false,6.8500000000000005,false,1.179899e6,1.032752875e6,false,3
2.884,use_adaptive_ngroute,0.12345897826847896,0,false,0.3032222222222222,false,false,7.1,false,1.179899e6,1.034229875e6,false,2
0.18,use_adaptive_ngroute,0.12236414585768218,0,false,0.168,false,false,7.8999999999999995,false,1.179899e6,1.0355216666666666e6,false,1
0.612,none,0.12236414585768207,0,false,0.297,false,false,8.45,false,1.179899e6,1.0355216666666667e6,false,0
