CG_time_taken,method,CG_LP_IP_gap,implemented_SR3_cuts_count,errored,CG_sp_time_taken_mean,converged,CGIP_artificial,ngroute_neighborhood_size,time_limit_reached,CGIP_objective,CGLP_objective,CGLP_artificial,cycles_lookup_length
17.257,use_adaptive_ngroute,0.06385563552683127,0,false,0.5714545454545454,false,false,4.375,false,1.094016e6,1.0241569130434782e6,false,10
8.015,use_adaptive_ngroute,0.051121967137592095,0,false,0.6033333333333333,false,false,5.0,false,1.094016e6,1.03808775e6,false,3
3.514,use_adaptive_ngroute,0.048957326365113074,0,false,0.6826,false,false,5.625,false,1.094016e6,1.0404559016393444e6,false,4
4.707,none,0.0487950663731912,0,false,0.9149999999999999,false,false,6.416666666666666,false,1.094016e6,1.0406334166666669e6,false,0
