CG_time_taken,method,CG_LP_IP_gap,implemented_SR3_cuts_count,errored,CG_sp_time_taken_mean,converged,CGIP_artificial,ngroute_neighborhood_size,time_limit_reached,CGIP_objective,CGLP_objective,CGLP_artificial,cycles_lookup_length
11.623,use_adaptive_ngroute,0.1691663055345598,0,false,0.5072,false,false,4.375,false,1.488375e6,1.2365920999999996e6,false,15
3.412,use_adaptive_ngroute,0.10555276960733895,0,false,0.46200000000000013,false,false,6.666666666666666,false,1.39475e6,1.247530274590164e6,false,9
5.182,use_adaptive_ngroute,0.10162219433988584,0,false,0.8534999999999999,false,false,7.416666666666667,false,1.39475e6,1.2530124444444443e6,false,5
0.639,none,0.10135712310996747,0,false,0.629,false,false,7.916666666666667,false,1.39475e6,1.253382152542373e6,false,0
