CG_time_taken,method,CG_LP_IP_gap,implemented_SR3_cuts_count,errored,CG_sp_time_taken_mean,converged,CGIP_artificial,ngroute_neighborhood_size,time_limit_reached,CGIP_objective,CGLP_objective,CGLP_artificial,cycles_lookup_length
14.614,use_adaptive_ngroute,0.038296133886348116,0,false,0.6875882352941176,false,false,4.375,false,1.144472e6,1.1006431470588234e6,false,14
8.944,use_adaptive_ngroute,0.031474220108804296,0,false,1.05575,false,false,6.708333333333334,false,1.144472e6,1.1084506363636365e6,false,2
7.368,use_adaptive_ngroute,0.030517566178989042,0,false,1.1965,false,false,6.958333333333333,false,1.144472e6,1.1095455e6,false,4
2.158,use_adaptive_ngroute,0.030128030655184213,0,false,0.7010000000000001,false,false,7.875,false,1.144472e6,1.1099913125e6,false,2
4.767,use_adaptive_ngroute,0.030098786820472623,0,false,1.5653333333333332,false,false,8.166666666666666,false,1.144472e6,1.11002478125e6,false,2
5.822,none,0.029308629874737036,0,false,1.428,false,false,8.333333333333332,false,1.144472e6,1.11092909375e6,false,0
