CG_time_taken,method,CG_LP_IP_gap,implemented_SR3_cuts_count,errored,CG_sp_time_taken_mean,converged,CGIP_artificial,ngroute_neighborhood_size,time_limit_reached,CGIP_objective,CGLP_objective,CGLP_artificial,cycles_lookup_length
8.413,use_adaptive_ngroute,0.11432322038642617,0,false,0.39405555555555555,false,false,4.375,false,1.428007e6,1.2647526410256408e6,false,12
3.52,use_adaptive_ngroute,0.10883176785253112,0,false,0.6771999999999999,false,false,6.583333333333333,false,1.428007e6,1.2725944736842106e6,false,8
3.358,use_adaptive_ngroute,0.10615229916756153,0,false,0.6583999999999999,false,false,7.875,false,1.428007e6,1.276420773722628e6,false,3
0.58,none,0.10550749955474081,0,false,0.569,false,false,8.166666666666666,false,1.428007e6,1.2773415520833333e6,false,0
