CG_time_taken,method,CG_LP_IP_gap,implemented_SR3_cuts_count,errored,CG_sp_time_taken_mean,converged,CGIP_artificial,ngroute_neighborhood_size,time_limit_reached,CGIP_objective,CGLP_objective,CGLP_artificial,cycles_lookup_length
61.666,use_adaptive_ngroute,0.18084626177360197,0,false,2.286375,false,false,4.375,false,1.217342e6,997190.2499999998,false,12
153.089,use_adaptive_ngroute,0.16959114349867987,0,false,9.439187500000001,false,false,7.083333333333333,false,1.21583e6,1.009636e6,false,3
116.862,use_adaptive_ngroute,0.15340337529263603,0,false,16.60242857142857,false,false,7.708333333333333,false,1.196468e6,1.0129257703703704e6,false,3
56.413,use_adaptive_ngroute,0.15323490277855978,0,false,28.1655,false,false,8.333333333333332,false,1.196468e6,1.0131273423423421e6,false,1
91.228,use_adaptive_ngroute,0.15323490277855967,0,false,30.353333333333335,false,false,8.5,false,1.196468e6,1.0131273423423423e6,false,1
40.764,none,0.15229185680965418,0,false,20.334,false,false,8.75,false,1.196468e6,1.0142556666666667e6,false,0
