CG_time_taken,method,CG_LP_IP_gap,implemented_SR3_cuts_count,errored,CG_sp_time_taken_mean,converged,CGIP_artificial,ngroute_neighborhood_size,time_limit_reached,CGIP_objective,CGLP_objective,CGLP_artificial,cycles_lookup_length
7.6,use_adaptive_ngroute,0.24686146157152677,0,false,0.25852941176470595,false,false,1.0,false,1.236865e6,931530.6983333335,false,19
2.289,use_adaptive_ngroute,0.06367577583808304,0,false,0.2001,false,false,3.55,false,1.109255e6,1.0386223272727272e6,false,12
1.858,use_adaptive_ngroute,0.06125011832265803,0,false,0.25357142857142856,false,false,6.05,false,1.109255e6,1.041313e6,false,5
0.719,use_adaptive_ngroute,0.05731612658946761,0,false,0.2323333333333333,false,false,6.3,false,1.109255e6,1.0456768e6,false,1
0.522,use_adaptive_ngroute,0.056881524432718655,0,false,0.2555,false,false,6.35,false,1.109255e6,1.0461588846153846e6,false,5
0.46,none,0.05617401561616375,0,false,0.453,false,false,7.2,false,1.109255e6,1.0469436923076923e6,false,0
