CG_time_taken,method,CG_LP_IP_gap,implemented_SR3_cuts_count,errored,CG_sp_time_taken_mean,converged,CGIP_artificial,ngroute_neighborhood_size,time_limit_reached,CGIP_objective,CGLP_objective,CGLP_artificial,cycles_lookup_length
23.251,use_adaptive_ngroute,0.04058833548749097,0,false,0.7232916666666667,false,false,5.571428571428571,false,1.164415e6,1.1171533333333333e6,false,5
6.477,use_adaptive_ngroute,0.03630607071648295,0,false,0.6591250000000001,false,false,6.535714285714286,false,1.164415e6,1.1221396666666665e6,false,2
5.675,use_adaptive_ngroute,0.035664833127937,0,false,0.6825714285714286,false,false,6.642857142857143,false,1.164415e6,1.1228863333333333e6,false,2
5.501,none,0.03130842526075328,0,false,0.6614285714285714,false,false,6.928571428571429,false,1.164415e6,1.127959e6,false,0
