CG_time_taken,method,CG_LP_IP_gap,implemented_SR3_cuts_count,errored,CG_sp_time_taken_mean,converged,CGIP_artificial,ngroute_neighborhood_size,time_limit_reached,CGIP_objective,CGLP_objective,CGLP_artificial,cycles_lookup_length
29.41,use_adaptive_ngroute,0.11908705548353604,0,false,1.3157894736842108,false,false,5.571428571428571,false,1.370908e6,1.2076506029411766e6,false,14
30.401,use_adaptive_ngroute,0.09613325044145171,0,false,2.650363636363636,false,false,6.928571428571429,false,1.339898e6,1.2110892499999998e6,false,13
18.888,use_adaptive_ngroute,0.09335001619526262,0,false,3.0789999999999997,false,false,7.749999999999999,false,1.339898e6,1.2148185e6,false,1
10.562,none,0.08945692421822704,0,false,2.59775,false,false,7.7857142857142865,false,1.339898e6,1.220034846153846e6,false,0
