CG_time_taken,method,CG_LP_IP_gap,implemented_SR3_cuts_count,errored,CG_sp_time_taken_mean,converged,CGIP_artificial,ngroute_neighborhood_size,time_limit_reached,CGIP_objective,CGLP_objective,CGLP_artificial,cycles_lookup_length
22.489,use_adaptive_ngroute,0.14459524633049647,0,false,0.97995,false,false,5.571428571428571,false,1.436911e6,1.2291405e6,false,11
5.228,use_adaptive_ngroute,0.14345390341035624,0,false,1.2685,false,false,6.964285714285714,false,1.436911e6,1.2307805081967216e6,false,4
3.011,use_adaptive_ngroute,0.143313830849649,0,false,0.9803333333333332,false,false,7.678571428571428,false,1.436911e6,1.23098178e6,false,1
2.693,none,0.14320741346701904,0,false,1.3285,false,false,7.964285714285714,false,1.436911e6,1.2311346923076923e6,false,0
