CG_time_taken,method,CG_LP_IP_gap,implemented_SR3_cuts_count,errored,CG_sp_time_taken_mean,converged,CGIP_artificial,ngroute_neighborhood_size,time_limit_reached,CGIP_objective,CGLP_objective,CGLP_artificial,cycles_lookup_length
24.051,use_adaptive_ngroute,0.08639487167034943,0,false,0.682,false,false,5.375,false,1.441405e6,1.316875e6,false,1
3.889,use_adaptive_ngroute,0.08575868683680177,0,false,0.8857499999999999,false,false,5.46875,false,1.441405e6,1.3177919999999998e6,false,9
3.377,use_adaptive_ngroute,0.08536451124655009,0,false,1.0713333333333332,false,false,7.000000000000001,false,1.441405e6,1.3183601666666665e6,false,3
3.29,none,0.08524795829994591,0,false,1.0526666666666666,false,false,7.28125,false,1.441405e6,1.3185281666666665e6,false,0
