CG_time_taken,method,CG_LP_IP_gap,implemented_SR3_cuts_count,errored,CG_sp_time_taken_mean,converged,CGIP_artificial,ngroute_neighborhood_size,time_limit_reached,CGIP_objective,CGLP_objective,CGLP_artificial,cycles_lookup_length
34.762,use_adaptive_ngroute,0.04849573476319158,0,false,1.415894736842105,false,false,5.375,false,1.328145e6,1.263735632352941e6,false,17
28.455,use_adaptive_ngroute,0.038271423677384675,0,false,2.2153333333333336,false,false,8.40625,false,1.328145e6,1.277315e6,false,4
11.142,use_adaptive_ngroute,0.03687531800426036,0,false,2.7522500000000005,false,false,9.0,false,1.328145e6,1.2791692307692317e6,false,11
9.253,use_adaptive_ngroute,0.03594612536030817,0,false,3.0556666666666668,false,false,10.09375,false,1.328145e6,1.2804033333333335e6,false,7
7.14,none,0.03593410985497325,0,false,3.5415,false,false,10.90625,false,1.328145e6,1.2804192916666665e6,false,0
