CG_time_taken,method,CG_LP_IP_gap,implemented_SR3_cuts_count,errored,CG_sp_time_taken_mean,converged,CGIP_artificial,ngroute_neighborhood_size,time_limit_reached,CGIP_objective,CGLP_objective,CGLP_artificial,cycles_lookup_length
57.384,use_adaptive_ngroute,0.15922687024849136,0,false,1.92088,false,false,5.375,false,1.603203e6,1.3479300039370079e6,false,18
46.596,use_adaptive_ngroute,0.1326872582625248,0,false,5.621124999999999,false,false,8.0625,false,1.568364e6,1.3602620808823535e6,false,7
42.225,use_adaptive_ngroute,0.1314976977475416,0,false,5.1846250000000005,false,false,8.5625,false,1.568364e6,1.3621277447698747e6,false,5
27.599,use_adaptive_ngroute,0.1312002959057924,0,false,6.83625,false,false,9.34375,false,1.568364e6,1.3625941791120078e6,false,6
22.073,none,0.131198157916106,0,false,7.298,false,false,10.21875,false,1.568364e6,1.3625975322580643e6,false,0
