CG_time_taken,method,CG_LP_IP_gap,implemented_SR3_cuts_count,errored,CG_sp_time_taken_mean,converged,CGIP_artificial,ngroute_neighborhood_size,time_limit_reached,CGIP_objective,CGLP_objective,CGLP_artificial,cycles_lookup_length
68.401,use_adaptive_ngroute,0.1901590392772603,0,false,2.0911111111111116,false,false,5.375,false,1.442028e6,1.1678133409090908e6,false,13
68.328,use_adaptive_ngroute,0.18221605814501307,0,false,5.604333333333332,false,false,8.46875,false,1.442028e6,1.1792673421052631e6,false,3
21.877,use_adaptive_ngroute,0.18111675064756783,0,false,5.4185,false,false,8.6875,false,1.442028e6,1.180852574297189e6,false,4
25.709,none,0.18106447144882643,0,false,6.33175,false,false,8.8125,false,1.442028e6,1.1809279623655917e6,false,0
