CG_time_taken,method,CG_LP_IP_gap,implemented_SR3_cuts_count,errored,CG_sp_time_taken_mean,converged,CGIP_artificial,ngroute_neighborhood_size,time_limit_reached,CGIP_objective,CGLP_objective,CGLP_artificial,cycles_lookup_length
32.367,use_adaptive_ngroute,0.07435527109774553,0,false,1.067608695652174,false,false,5.375,false,1.415246e6,1.310015e6,false,6
14.395,use_adaptive_ngroute,0.07309647933998753,0,false,1.4827777777777778,false,false,5.9375,false,1.415246e6,1.3117965e6,false,2
13.89,use_adaptive_ngroute,0.07037921141334957,0,false,2.186166666666667,false,false,6.0,false,1.415246e6,1.3156421025641027e6,false,17
27.978,use_adaptive_ngroute,0.05032928560322192,0,false,4.563833333333333,false,false,8.375,false,1.395597e6,1.3253576000000003e6,false,2
12.132,use_adaptive_ngroute,0.04886907786527095,0,false,3.997666666666666,false,false,8.5625,false,1.395597e6,1.3273954615384615e6,false,5
8.721,use_adaptive_ngroute,0.04884160685355443,0,false,4.3215,false,false,9.46875,false,1.395597e6,1.3274338e6,false,1
11.36,use_adaptive_ngroute,0.048681715105116874,0,false,5.632000000000001,false,false,9.5625,false,1.395597e6,1.3276569444444443e6,false,1
5.324,none,0.048626777368670715,0,false,5.287999999999999,false,false,9.59375,false,1.395597e6,1.3277336153846153e6,false,0
