CG_time_taken,method,CG_LP_IP_gap,implemented_SR3_cuts_count,errored,CG_sp_time_taken_mean,converged,CGIP_artificial,ngroute_neighborhood_size,time_limit_reached,CGIP_objective,CGLP_objective,CGLP_artificial,cycles_lookup_length
50.862,use_adaptive_ngroute,0.14391228384796806,0,false,1.5904615384615384,false,false,5.375,false,1.502781e6,1.2865123541666667e6,false,9
19.018,use_adaptive_ngroute,0.03850165265051664,0,false,2.5115714285714286,false,false,6.25,false,1.34925e6,1.2973016451612904e6,false,17
31.249,use_adaptive_ngroute,0.036882393155840076,0,false,3.8299999999999996,false,false,9.40625,false,1.34925e6,1.2994864310344828e6,false,5
15.956,none,0.036857035270491,0,false,3.90025,false,false,10.34375,false,1.34925e6,1.29952064516129e6,false,0
