CG_time_taken,method,CG_LP_IP_gap,implemented_SR3_cuts_count,errored,CG_sp_time_taken_mean,converged,CGIP_artificial,ngroute_neighborhood_size,time_limit_reached,CGIP_objective,CGLP_objective,CGLP_artificial,cycles_lookup_length
27.833,use_adaptive_ngroute,0.09921548453957207,0,false,1.0077368421052635,false,false,5.375,false,1.558053e6,1.4034700166666661e6,false,19
14.088,use_adaptive_ngroute,0.07180233725331275,0,false,1.4080000000000004,false,false,7.59375,false,1.520246e6,1.4110887840000002e6,false,12
8.738,use_adaptive_ngroute,0.07091000814999682,0,false,1.6639999999999997,false,false,8.5625,false,1.520246e6,1.41244534375e6,false,4
4.007,use_adaptive_ngroute,0.07045833371704291,0,false,1.9705000000000001,false,false,8.96875,false,1.520246e6,1.4131320000000005e6,false,1
2.909,none,0.07037413681733073,0,false,1.423,false,false,9.125,false,1.520246e6,1.4132600000000002e6,false,0
