CG_time_taken,method,CG_LP_IP_gap,implemented_SR3_cuts_count,errored,CG_sp_time_taken_mean,converged,CGIP_artificial,ngroute_neighborhood_size,time_limit_reached,CGIP_objective,CGLP_objective,CGLP_artificial,cycles_lookup_length
190.473,use_adaptive_ngroute,0.24004326591661163,0,false,6.7048076923076945,false,false,5.222222222222222,false,1.870092e6,1.421189008755472e6,false,29
845.34,use_adaptive_ngroute,0.09105802603961877,0,false,49.4605294117647,false,false,10.11111111111111,false,1.601082e6,1.455290633552435e6,false,19
1016.593,use_adaptive_ngroute,0.08087995922919577,0,false,126.920125,false,false,11.833333333333332,false,1.597043e6,1.4678742272727275e6,false,2
504.822,use_adaptive_ngroute,0.08021851005561587,0,false,168.24033333333333,false,false,12.055555555555555,false,1.597043e6,1.468930590045249e6,false,3
517.191,none,0.08020824157689421,0,false,172.3553333333333,false,false,12.166666666666666,false,1.597043e6,1.468946989247312e6,false,0
