CG_time_taken,method,CG_LP_IP_gap,implemented_SR3_cuts_count,errored,CG_sp_time_taken_mean,converged,CGIP_artificial,ngroute_neighborhood_size,time_limit_reached,CGIP_objective,CGLP_objective,CGLP_artificial,cycles_lookup_length
19.751,use_adaptive_ngroute,0.30854869920043115,0,false,0.5009444444444445,false,false,1.0,false,1.615565e6,1.1170845207762555e6,false,21
19.006,use_adaptive_ngroute,0.11272126257370807,0,false,1.4603333333333335,false,false,4.416666666666666,false,1.3454e6,1.1937448133333332e6,false,17
8.166,use_adaptive_ngroute,0.09265718319828065,0,false,0.9958750000000001,false,false,6.291666666666667,false,1.334704e6,1.211034086956522e6,false,2
2.775,none,0.08422701637579932,0,false,0.9119999999999999,false,false,6.375,false,1.326836e6,1.2150805625e6,false,0
