CG_time_taken,method,CG_LP_IP_gap,implemented_SR3_cuts_count,errored,CG_sp_time_taken_mean,converged,CGIP_artificial,ngroute_neighborhood_size,time_limit_reached,CGIP_objective,CGLP_objective,CGLP_artificial,cycles_lookup_length
54.789,use_adaptive_ngroute,0.15987800952425057,0,false,1.9039999999999992,false,false,5.222222222222222,false,1.697766e6,1.4263305512820513e6,false,20
42.249,use_adaptive_ngroute,0.1534420707028178,0,false,5.166,false,false,8.472222222222223,false,1.697766e6,1.4372572693911598e6,false,8
31.487,use_adaptive_ngroute,0.15239687105326227,0,false,6.2284,false,false,9.055555555555555,false,1.697766e6,1.4390317738193872e6,false,1
11.712,none,0.1523200839070098,0,false,5.823500000000001,false,false,9.083333333333334,false,1.697766e6,1.4391621404255317e6,false,0
