CG_time_taken,method,CG_LP_IP_gap,implemented_SR3_cuts_count,errored,CG_sp_time_taken_mean,converged,CGIP_artificial,ngroute_neighborhood_size,time_limit_reached,CGIP_objective,CGLP_objective,CGLP_artificial,cycles_lookup_length
101.105,use_adaptive_ngroute,0.14421593090474183,0,false,3.12437037037037,false,false,5.222222222222222,false,1.574265e6,1.3472309075342466e6,false,22
44.217,use_adaptive_ngroute,0.1400336409063867,0,false,6.105857142857143,false,false,8.25,false,1.574265e6,1.3538149402985072e6,false,9
91.207,use_adaptive_ngroute,0.1394437872176607,0,false,10.038777777777776,false,false,8.555555555555555,false,1.574265e6,1.3547435263157894e6,false,4
44.178,use_adaptive_ngroute,0.139332171438459,0,false,10.950750000000001,false,false,8.86111111111111,false,1.574265e6,1.3549192391304343e6,false,4
83.294,use_adaptive_ngroute,0.13926356408672025,0,false,13.818666666666665,false,false,8.972222222222221,false,1.574265e6,1.3550272452830193e6,false,1
55.528,use_adaptive_ngroute,0.1392536025855995,0,false,13.844999999999999,false,false,9.0,false,1.574265e6,1.3550429273255812e6,false,2
49.26,use_adaptive_ngroute,0.13925026000875773,0,false,16.314333333333334,false,false,9.11111111111111,false,1.574265e6,1.355048189427313e6,false,3
92.837,use_adaptive_ngroute,0.13924955577560083,0,false,18.4988,false,false,9.194444444444445,false,1.574265e6,1.3550492980769237e6,false,1
32.71,none,0.13924932489862796,0,false,16.306,false,false,9.222222222222223,false,1.574265e6,1.3550496615384615e6,false,0
