CG_time_taken,method,CG_LP_IP_gap,implemented_SR3_cuts_count,errored,CG_sp_time_taken_mean,converged,CGIP_artificial,ngroute_neighborhood_size,time_limit_reached,CGIP_objective,CGLP_objective,CGLP_artificial,cycles_lookup_length
56.302,use_adaptive_ngroute,0.09658198052955436,0,false,1.87984,false,false,5.222222222222222,false,1.641241e6,1.4827266936936937e6,false,17
29.563,use_adaptive_ngroute,0.09217232569744482,0,false,3.1197777777777773,false,false,7.222222222222222,false,1.641241e6,1.489964e6,false,3
13.086,use_adaptive_ngroute,0.0917991324857228,0,false,3.2255000000000003,false,false,7.527777777777779,false,1.641241e6,1.4905764999999998e6,false,1
24.285,none,0.06491115999104358,0,false,3.3645714285714288,false,false,7.583333333333334,false,1.594383e6,1.49088975e6,false,0
