CG_time_taken,method,CG_LP_IP_gap,implemented_SR3_cuts_count,errored,CG_sp_time_taken_mean,converged,CGIP_artificial,ngroute_neighborhood_size,time_limit_reached,CGIP_objective,CGLP_objective,CGLP_artificial,cycles_lookup_length
116.286,use_adaptive_ngroute,0.13366146090874853,0,false,3.770666666666667,false,false,5.222222222222222,false,1.477245e6,1.2797942751798558e6,false,13
193.675,use_adaptive_ngroute,0.12510883191102118,0,false,19.0576,false,false,7.027777777777778,false,1.477245e6,1.2924286036036036e6,false,9
359.582,use_adaptive_ngroute,0.11873177435022653,0,false,25.523571428571433,false,false,8.0,false,1.477245e6,1.3018490799999996e6,false,1
124.163,use_adaptive_ngroute,0.11860501745755414,0,false,30.988249999999997,false,false,8.11111111111111,false,1.477245e6,1.3020363309859154e6,false,2
180.193,none,0.11708469319469095,0,false,29.952499999999997,false,false,8.333333333333334,false,1.474711e6,1.302044915014164e6,false,0
