CG_time_taken,method,CG_LP_IP_gap,implemented_SR3_cuts_count,errored,CG_sp_time_taken_mean,converged,CGIP_artificial,ngroute_neighborhood_size,time_limit_reached,CGIP_objective,CGLP_objective,CGLP_artificial,cycles_lookup_length
181.359,use_adaptive_ngroute,0.07460760410726375,0,false,5.671714285714287,false,false,5.222222222222222,false,1.430611e6,1.3238765408805034e6,false,20
207.596,use_adaptive_ngroute,0.05681383944331131,0,false,12.392625,false,false,9.11111111111111,false,1.427692e6,1.3465793359375e6,false,10
239.812,use_adaptive_ngroute,0.03383258844855619,0,false,23.744899999999994,false,false,9.61111111111111,false,1.399825e6,1.3524652968749998e6,false,3
101.625,use_adaptive_ngroute,0.03260963471497713,0,false,20.1924,false,false,9.777777777777777,false,1.399825e6,1.3541772180851072e6,false,1
80.323,none,0.03259452753231584,0,false,19.955999999999996,false,false,9.833333333333334,false,1.399825e6,1.354198365497076e6,false,0
