CG_time_taken,method,CG_LP_IP_gap,implemented_SR3_cuts_count,errored,CG_sp_time_taken_mean,converged,CGIP_artificial,ngroute_neighborhood_size,time_limit_reached,CGIP_objective,CGLP_objective,CGLP_artificial,cycles_lookup_length
58.268,use_adaptive_ngroute,0.17036410654746348,0,false,1.5796206896551728,false,false,5.222222222222222,false,1.640156e6,1.3607322884615385e6,false,14
21.198,use_adaptive_ngroute,0.16746333885313347,0,false,2.44475,false,false,6.694444444444445,false,1.640156e6,1.36549e6,false,1
13.813,use_adaptive_ngroute,0.1172172124695906,0,false,2.5969999999999995,false,false,6.750000000000001,false,1.547147e6,1.3657947413793104e6,false,4
9.205,use_adaptive_ngroute,0.11705327800588883,0,false,3.0170000000000003,false,false,7.111111111111111,false,1.547147e6,1.366048372093023e6,false,1
8.636,use_adaptive_ngroute,0.11700601171058744,0,false,2.8043333333333327,false,false,7.138888888888888,false,1.547147e6,1.3661214999999998e6,false,2
10.125,none,0.11699266917937168,0,false,3.3296666666666668,false,false,7.305555555555555,false,1.547147e6,1.3661421428571427e6,false,0
