CG_time_taken,method,CG_LP_IP_gap,implemented_SR3_cuts_count,errored,CG_sp_time_taken_mean,converged,CGIP_artificial,ngroute_neighborhood_size,time_limit_reached,CGIP_objective,CGLP_objective,CGLP_artificial,cycles_lookup_length
14.965,use_adaptive_ngroute,0.9999831909745129,0,false,0.5346111111111111,false,true,1.0,false,6.0e10,1.0085415292251093e6,false,24
15.67,use_adaptive_ngroute,0.12506624804777622,0,false,0.9746666666666667,false,false,4.75,false,1.31474e6,1.1503104010416667e6,false,14
6.829,use_adaptive_ngroute,0.11392956021722922,0,false,1.107,false,false,6.833333333333333,false,1.31474e6,1.16495225e6,false,4
9.3,use_adaptive_ngroute,0.11108508146097329,0,false,1.316142857142857,false,false,7.333333333333334,false,1.31474e6,1.168692e6,false,2
5.64,none,0.11075277241127535,0,false,1.867333333333333,false,false,7.583333333333334,false,1.31474e6,1.1691289e6,false,0
