CG_time_taken,method,CG_LP_IP_gap,implemented_SR3_cuts_count,errored,CG_sp_time_taken_mean,converged,CGIP_artificial,ngroute_neighborhood_size,time_limit_reached,CGIP_objective,CGLP_objective,CGLP_artificial,cycles_lookup_length
8.492,use_adaptive_ngroute,0.2892747566928938,0,false,0.26633333333333337,false,false,5.0,false,1.332002e6,946687.4455355521,false,18
2.52,use_adaptive_ngroute,0.12146392166589892,0,false,0.2044545454545455,false,false,6.8,false,1.185282e6,1.041313e6,false,5
0.926,use_adaptive_ngroute,0.1193108475451411,0,false,0.21950000000000003,false,false,7.3,false,1.185282e6,1.0438650000000001e6,false,5
0.999,use_adaptive_ngroute,0.11752575898956241,0,false,0.23875,false,false,7.7,false,1.185282e6,1.0459808333333335e6,false,5
1.12,none,0.10749455703715538,0,false,0.5525,false,false,9.0,false,1.173039e6,1.0469436923076923e6,false,0
