CG_time_taken,method,CG_LP_IP_gap,implemented_SR3_cuts_count,errored,CG_sp_time_taken_mean,converged,CGIP_artificial,ngroute_neighborhood_size,time_limit_reached,CGIP_objective,CGLP_objective,CGLP_artificial,cycles_lookup_length
9.314,use_adaptive_ngroute,0.3097741239289853,0,false,0.33527777777777773,false,false,5.0,false,1.190343e6,821605.5399999999,false,20
6.327,use_adaptive_ngroute,0.2017720515119905,0,false,0.5437272727272727,false,false,7.4,false,1.1361e6,906866.7722772276,false,11
3.119,use_adaptive_ngroute,0.17613748389626394,0,false,0.6087999999999999,false,false,8.85,false,1.1361e6,935990.2045454546,false,15
22.222,use_adaptive_ngroute,0.1712491335489834,0,false,3.1537142857142855,false,false,11.700000000000001,false,1.1361e6,941543.859375,false,1
7.868,none,0.17047273426150478,0,false,3.922,false,false,11.85,false,1.1361e6,942425.9266055045,false,0
