CG_time_taken,method,CG_LP_IP_gap,implemented_SR3_cuts_count,errored,CG_sp_time_taken_mean,converged,CGIP_artificial,ngroute_neighborhood_size,time_limit_reached,CGIP_objective,CGLP_objective,CGLP_artificial,cycles_lookup_length
5.127,use_adaptive_ngroute,0.40781013236221286,0,false,0.16421052631578947,false,false,5.0,false,1.590379e6,941806.3295039163,false,15
2.469,use_adaptive_ngroute,0.032936482456721095,0,false,0.20163636363636364,false,false,6.1,false,1.145858e6,1.1081174680851065e6,false,9
1.619,use_adaptive_ngroute,0.02607247044329175,0,false,0.25616666666666665,false,false,7.1,false,1.145858e6,1.1159826511627906e6,false,9
1.241,none,0.02384093275904342,0,false,0.407,false,false,8.1,false,1.145858e6,1.118539676470588e6,false,0
