CG_time_taken,method,CG_LP_IP_gap,implemented_SR3_cuts_count,errored,CG_sp_time_taken_mean,converged,CGIP_artificial,ngroute_neighborhood_size,time_limit_reached,CGIP_objective,CGLP_objective,CGLP_artificial,cycles_lookup_length
2.169,use_adaptive_ngroute,0.4156667568439256,0,false,0.09646666666666666,false,false,5.0,false,1.693538e6,989590.5519480519,false,18
3.343,use_adaptive_ngroute,0.13587693547772195,0,false,0.24758333333333335,false,false,7.25,false,1.285277e6,1.1106375e6,false,9
0.866,use_adaptive_ngroute,0.12556325350499153,0,false,0.1622,false,false,7.7,false,1.28317e6,1.122051e6,false,5
1.397,use_adaptive_ngroute,0.09986320039766616,0,false,0.2636,false,false,7.95,false,1.249472e6,1.1246957272727273e6,false,1
0.34,use_adaptive_ngroute,0.09986320039766616,0,false,0.154,false,false,8.25,false,1.249472e6,1.1246957272727273e6,false,1
0.819,none,0.09955475192721408,0,false,0.198,false,false,8.45,false,1.249472e6,1.125081125e6,false,0
