CG_time_taken,method,CG_LP_IP_gap,implemented_SR3_cuts_count,errored,CG_sp_time_taken_mean,converged,CGIP_artificial,ngroute_neighborhood_size,time_limit_reached,CGIP_objective,CGLP_objective,CGLP_artificial,cycles_lookup_length
4.404,use_adaptive_ngroute,0.3617472969469133,0,false,0.14794117647058827,false,false,5.0,false,1.430044e6,912729.4484848483,false,20
27.776,use_adaptive_ngroute,0.11937261835613111,0,false,2.0963846153846153,false,false,9.899999999999999,false,1.096669e6,965756.75,false,4
8.364,use_adaptive_ngroute,0.11628485896838514,0,false,2.076,false,false,10.25,false,1.096669e6,969143.0,false,1
3.504,none,0.11470259283136286,0,false,1.736,false,false,10.3,false,1.096669e6,970878.2222222221,false,0
