CG_time_taken,method,CG_LP_IP_gap,implemented_SR3_cuts_count,errored,CG_sp_time_taken_mean,converged,CGIP_artificial,ngroute_neighborhood_size,time_limit_reached,CGIP_objective,CGLP_objective,CGLP_artificial,cycles_lookup_length
6.344,use_adaptive_ngroute,0.3000891379928813,0,false,0.203375,false,false,5.0,false,1.327452e6,929098.0735930738,false,20
2.953,use_adaptive_ngroute,0.055584077213833294,0,false,0.21266666666666667,false,false,8.65,false,1.090789e6,1.0301585e6,false,2
1.027,use_adaptive_ngroute,0.052129605267379864,0,false,0.24850000000000003,false,false,8.75,false,1.090789e6,1.0339266e6,false,6
0.939,use_adaptive_ngroute,0.05066729984748042,0,false,0.3043333333333333,false,false,9.25,false,1.090789e6,1.0355216666666666e6,false,2
0.809,none,0.05066729984748053,0,false,0.26,false,false,9.75,false,1.090789e6,1.0355216666666665e6,false,0
