CG_time_taken,method,CG_LP_IP_gap,implemented_SR3_cuts_count,errored,CG_sp_time_taken_mean,converged,CGIP_artificial,ngroute_neighborhood_size,time_limit_reached,CGIP_objective,CGLP_objective,CGLP_artificial,cycles_lookup_length
4.107,use_adaptive_ngroute,0.9999551741602922,0,false,0.16966666666666663,false,true,5.0,false,2.0001040179e10,896563.4210526313,false,19
5.195,use_adaptive_ngroute,0.03033883444129437,0,false,0.42090909090909084,false,false,6.7,false,1.145648e6,1.110890375e6,false,4
3.814,use_adaptive_ngroute,0.02908465582602837,0,false,0.616,false,false,7.3,false,1.145648e6,1.1123272222222222e6,false,4
2.72,use_adaptive_ngroute,0.0277886401407762,0,false,0.5208,false,false,7.6,false,1.145648e6,1.113812e6,false,1
1.965,use_adaptive_ngroute,0.02647945384038841,0,false,0.637,false,false,7.95,false,1.145648e6,1.1153118666666667e6,false,5
1.521,none,0.026370338009580552,0,false,0.7529999999999999,false,false,8.6,false,1.145648e6,1.115436875e6,false,0
