CG_time_taken,method,CG_LP_IP_gap,implemented_SR3_cuts_count,errored,CG_sp_time_taken_mean,converged,CGIP_artificial,ngroute_neighborhood_size,time_limit_reached,CGIP_objective,CGLP_objective,CGLP_artificial,cycles_lookup_length
7.948,use_adaptive_ngroute,0.9999841633365238,0,false,0.26115,false,true,5.0,false,6.0e10,950199.8085714286,false,23
5.741,use_adaptive_ngroute,0.016748007157963207,0,false,0.5336,false,false,7.583333333333334,false,1.14744e6,1.1282226666666667e6,false,3
3.977,use_adaptive_ngroute,0.01674800715796332,0,false,0.5389999999999999,false,false,7.708333333333333,false,1.14744e6,1.1282226666666665e6,false,3
5.381,none,0.016748007157962985,0,false,0.7534285714285714,false,false,8.208333333333334,false,1.14744e6,1.128222666666667e6,false,0
