CG_time_taken,method,CG_LP_IP_gap,implemented_SR3_cuts_count,errored,CG_sp_time_taken_mean,converged,CGIP_artificial,ngroute_neighborhood_size,time_limit_reached,CGIP_objective,CGLP_objective,CGLP_artificial,cycles_lookup_length
23.757,use_adaptive_ngroute,0.4067210268101161,0,false,0.49215000000000003,false,false,5.0,false,1.527456e6,906207.5272727273,false,17
24.768,use_adaptive_ngroute,0.16559480809326632,0,false,1.1236470588235292,false,false,6.541666666666667,false,1.191855e6,994490.0000000001,false,6
13.585,use_adaptive_ngroute,0.0042297282740419995,0,false,1.8295714285714284,false,false,6.833333333333333,false,1.039724e6,1.03532625e6,false,3
7.208,none,0.0,0,false,1.4043999999999999,true,false,6.958333333333333,false,1.039724e6,1.039724e6,false,0
