CG_time_taken,method,CG_LP_IP_gap,implemented_SR3_cuts_count,errored,CG_sp_time_taken_mean,converged,CGIP_artificial,ngroute_neighborhood_size,time_limit_reached,CGIP_objective,CGLP_objective,CGLP_artificial,cycles_lookup_length
9.86,use_adaptive_ngroute,0.3622153894024477,0,false,0.2980555555555556,false,false,5.0,false,1.822576e6,1.1624109244444445e6,false,24
11.991,use_adaptive_ngroute,0.06489973626388512,0,false,0.6579375000000001,false,false,8.875,false,1.378398e6,1.2889403333333333e6,false,9
3.33,use_adaptive_ngroute,0.06308549879870251,0,false,0.6304,false,false,9.875,false,1.378398e6,1.291441074626866e6,false,4
2.536,use_adaptive_ngroute,0.0598249743542868,0,false,0.8166666666666668,false,false,10.458333333333334,false,1.378398e6,1.2959353749999998e6,false,3
2.505,none,0.058144274590668954,0,false,1.2054999999999998,false,false,10.666666666666668,false,1.378398e6,1.2982520481927712e6,false,0
