CG_time_taken,method,CG_LP_IP_gap,implemented_SR3_cuts_count,errored,CG_sp_time_taken_mean,converged,CGIP_artificial,ngroute_neighborhood_size,time_limit_reached,CGIP_objective,CGLP_objective,CGLP_artificial,cycles_lookup_length
8.319,use_adaptive_ngroute,0.44083649785690926,0,false,0.23276470588235296,false,false,5.0,false,1.749111e6,978039.0323970036,false,24
12.228,use_adaptive_ngroute,0.1354440946003279,0,false,0.787,false,false,8.958333333333332,false,1.360723e6,1.176421105263158e6,false,10
5.952,use_adaptive_ngroute,0.1275342226154772,0,false,0.9715000000000001,false,false,10.25,false,1.360723e6,1.18718425e6,false,1
3.467,use_adaptive_ngroute,0.1217248985490752,0,false,1.1383333333333334,false,false,10.291666666666668,false,1.352953e6,1.188264933333333e6,false,1
2.738,none,0.12171958003547911,0,false,1.3515,false,false,10.333333333333334,false,1.352953e6,1.1882721290322584e6,false,0
