CG_time_taken,method,CG_LP_IP_gap,implemented_SR3_cuts_count,errored,CG_sp_time_taken_mean,converged,CGIP_artificial,ngroute_neighborhood_size,time_limit_reached,CGIP_objective,CGLP_objective,CGLP_artificial,cycles_lookup_length
23.831,use_adaptive_ngroute,0.3990761881642605,0,false,0.80345,false,false,5.0,false,1.787828e6,1.0743484166666665e6,false,21
35.679,use_adaptive_ngroute,0.19608530958083548,0,false,2.023529411764706,false,false,7.625,false,1.452465e6,1.1676579508196719e6,false,13
14.708,use_adaptive_ngroute,0.08110701533678855,0,false,2.0428571428571427,false,false,9.0,false,1.292074e6,1.1872777342657342e6,false,2
7.201,none,0.08072662457976298,0,false,1.78225,false,false,9.25,false,1.292074e6,1.1877692272727273e6,false,0
