CG_time_taken,method,CG_LP_IP_gap,implemented_SR3_cuts_count,errored,CG_sp_time_taken_mean,converged,CGIP_artificial,ngroute_neighborhood_size,time_limit_reached,CGIP_objective,CGLP_objective,CGLP_artificial,cycles_lookup_length
10.296,use_adaptive_ngroute,0.43210451329322686,0,false,0.42486666666666667,false,false,5.0,false,1.794646e6,1.0191713636363636e6,false,24
15.5,use_adaptive_ngroute,0.10259047992119652,0,false,0.9664666666666667,false,false,8.166666666666666,false,1.298206e6,1.1650224234234232e6,false,6
4.587,use_adaptive_ngroute,0.09976382792869531,0,false,1.1239999999999999,false,false,9.0,false,1.298206e6,1.1686920000000002e6,false,2
9.293,none,0.09942728657855526,0,false,1.8472,false,false,9.25,false,1.298206e6,1.1691289000000001e6,false,0
