CG_time_taken,method,CG_LP_IP_gap,implemented_SR3_cuts_count,errored,CG_sp_time_taken_mean,converged,CGIP_artificial,ngroute_neighborhood_size,time_limit_reached,CGIP_objective,CGLP_objective,CGLP_artificial,cycles_lookup_length
5.078,use_adaptive_ngroute,0.37258231852662305,0,false,0.16086666666666669,false,false,5.0,false,1.642431e6,1.03049025e6,false,23
4.46,use_adaptive_ngroute,0.0485088114569997,0,false,0.32325000000000004,false,false,8.0,false,1.173312e6,1.1163960294117648e6,false,2
1.46,use_adaptive_ngroute,0.04668781619893092,0,false,0.2756,false,false,8.083333333333334,false,1.173312e6,1.118532625e6,false,2
1.346,none,0.046480944539900815,0,false,0.31325000000000003,false,false,8.166666666666666,false,1.173312e6,1.1187753499999999e6,false,0
