CG_time_taken,method,CG_LP_IP_gap,implemented_SR3_cuts_count,errored,CG_sp_time_taken_mean,converged,CGIP_artificial,ngroute_neighborhood_size,time_limit_reached,CGIP_objective,CGLP_objective,CGLP_artificial,cycles_lookup_length
14.201,use_adaptive_ngroute,0.34133684835019873,0,false,0.46079999999999993,false,false,5.0,false,1.447446e6,953379.3442028983,false,19
6.374,use_adaptive_ngroute,0.13654552370532058,0,false,0.45766666666666667,false,false,6.083333333333333,false,1.237964e6,1.0689255572916665e6,false,9
2.235,use_adaptive_ngroute,0.12947892056977606,0,false,0.35500000000000004,false,false,7.166666666666666,false,1.237964e6,1.0776737575757578e6,false,3
1.2,none,0.129201137628281,0,false,0.38933333333333336,false,false,7.375,false,1.237964e6,1.0780176428571427e6,false,0
