CG_time_taken,method,CG_LP_IP_gap,implemented_SR3_cuts_count,errored,CG_sp_time_taken_mean,converged,CGIP_artificial,ngroute_neighborhood_size,time_limit_reached,CGIP_objective,CGLP_objective,CGLP_artificial,cycles_lookup_length
9.045,use_adaptive_ngroute,0.9998952801590254,0,false,0.2827083333333334,false,true,5.0,false,1.0001519245e10,1.0473575048409406e6,false,23
17.248,use_adaptive_ngroute,0.039909679870870685,0,false,1.2580000000000002,false,false,7.250000000000001,false,1.221101e6,1.17236725e6,false,8
6.2,use_adaptive_ngroute,0.03583634768950317,0,false,1.2156,false,false,7.958333333333333,false,1.221101e6,1.1773412e6,false,2
7.762,none,0.035226406333300875,0,false,1.282,false,false,8.083333333333334,false,1.221101e6,1.178086e6,false,0
