CG_time_taken,method,CG_LP_IP_gap,implemented_SR3_cuts_count,errored,CG_sp_time_taken_mean,converged,CGIP_artificial,ngroute_neighborhood_size,time_limit_reached,CGIP_objective,CGLP_objective,CGLP_artificial,cycles_lookup_length
5.882,use_adaptive_ngroute,0.40594023995327033,0,false,0.16788235294117645,false,false,5.0,false,1.677277e6,996402.7721518986,false,20
7.305,use_adaptive_ngroute,0.1376120943941388,0,false,0.4758461538461539,false,false,7.958333333333333,false,1.292326e6,1.1144863125000002e6,false,12
3.551,use_adaptive_ngroute,0.13510708598294774,0,false,0.6888,false,false,9.333333333333334,false,1.292326e6,1.117723600000001e6,false,1
2.628,use_adaptive_ngroute,0.13451198330245928,0,false,0.8543333333333334,false,false,9.375,false,1.292326e6,1.118492666666666e6,false,5
2.051,none,0.1343034445900907,0,false,0.9965,false,false,9.791666666666666,false,1.292326e6,1.1187621666666665e6,false,0
