CG_time_taken,method,CG_LP_IP_gap,implemented_SR3_cuts_count,errored,CG_sp_time_taken_mean,converged,CGIP_artificial,ngroute_neighborhood_size,time_limit_reached,CGIP_objective,CGLP_objective,CGLP_artificial,cycles_lookup_length
8.662,use_adaptive_ngroute,0.37786933539369894,0,false,0.20811764705882352,false,false,5.0,false,1.451359e6,902934.9392523365,false,24
8.585,use_adaptive_ngroute,0.11474286251736143,0,false,0.5436428571428571,false,false,8.541666666666666,false,1.122107e6,993353.2307692311,false,20
5.482,use_adaptive_ngroute,0.020069530455106288,0,false,0.5654444444444443,false,false,10.625,false,1.034271e6,1.0135136666666667e6,false,6
3.899,none,0.01964088715626755,0,false,0.95775,false,false,10.875,false,1.034271e6,1.013957e6,false,0
