CG_time_taken,method,CG_LP_IP_gap,implemented_SR3_cuts_count,errored,CG_sp_time_taken_mean,converged,CGIP_artificial,ngroute_neighborhood_size,time_limit_reached,CGIP_objective,CGLP_objective,CGLP_artificial,cycles_lookup_length
6.02,use_adaptive_ngroute,0.9999839704541447,0,false,0.2141333333333334,false,true,1.0,false,6.0e10,961772.7513227513,false,24
6.429,use_adaptive_ngroute,0.15316289210830702,0,false,0.45333333333333337,false,false,5.333333333333334,false,1.288952e6,1.0915323838912135e6,false,15
4.789,use_adaptive_ngroute,0.1351624161851387,0,false,0.4866666666666667,false,false,7.666666666666667,false,1.288952e6,1.114734133333333e6,false,3
2.818,none,0.08647246803558062,0,false,0.6552500000000001,false,false,8.083333333333334,false,1.221486e6,1.1158610909090908e6,false,0
