CG_time_taken,method,CG_LP_IP_gap,implemented_SR3_cuts_count,errored,CG_sp_time_taken_mean,converged,CGIP_artificial,ngroute_neighborhood_size,time_limit_reached,CGIP_objective,CGLP_objective,CGLP_artificial,cycles_lookup_length
9.869,use_adaptive_ngroute,0.5032015052568837,0,false,0.3512380952380951,false,false,1.0,false,2.063264e6,1.0250264494576611e6,false,22
24.449,use_adaptive_ngroute,0.0537570082134784,0,false,1.4691874999999999,false,false,4.666666666666667,false,1.221101e6,1.1554582635135134e6,false,11
14.444,use_adaptive_ngroute,0.03920312380729385,0,false,1.791375,false,false,5.666666666666667,false,1.221101e6,1.1732300263157897e6,false,12
14.352,use_adaptive_ngroute,0.035709690589794785,0,false,1.7634999999999998,false,false,6.5,false,1.221101e6,1.177495861111111e6,false,8
3.567,none,0.035226406333300875,0,false,0.8789999999999999,false,false,7.125,false,1.221101e6,1.178086e6,false,0
