CG_time_taken,method,CG_LP_IP_gap,implemented_SR3_cuts_count,errored,CG_sp_time_taken_mean,converged,CGIP_artificial,ngroute_neighborhood_size,time_limit_reached,CGIP_objective,CGLP_objective,CGLP_artificial,cycles_lookup_length
34.953,use_adaptive_ngroute,0.3510161453422197,0,false,0.6777200000000002,false,false,6.0,false,1.653869e6,1.0733342787190084e6,false,25
113.884,use_adaptive_ngroute,0.05055047918364175,0,false,6.544764705882354,false,false,8.107142857142858,false,1.31208e6,1.2457537272727273e6,false,19
143.451,use_adaptive_ngroute,0.03974071702944926,0,false,14.268699999999999,false,false,10.071428571428573,false,1.31208e6,1.2599370000000002e6,false,6
44.796,use_adaptive_ngroute,0.03162525986810416,0,false,8.9296,false,false,10.821428571428571,false,1.31208e6,1.270585129032258e6,false,1
30.692,none,0.03137945318972657,0,false,10.195,false,false,10.857142857142858,false,1.31208e6,1.2709076470588236e6,false,0
