CG_time_taken,method,CG_LP_IP_gap,implemented_SR3_cuts_count,errored,CG_sp_time_taken_mean,converged,CGIP_artificial,ngroute_neighborhood_size,time_limit_reached,CGIP_objective,CGLP_objective,CGLP_artificial,cycles_lookup_length
11.952,use_adaptive_ngroute,0.3745953922181311,0,false,0.31989999999999996,false,false,6.0,false,1.894592e6,1.1848865666666667e6,false,26
22.451,use_adaptive_ngroute,0.023320972202189205,0,false,1.3337333333333332,false,false,8.75,false,1.289526e6,1.2594529999999998e6,false,16
9.474,use_adaptive_ngroute,0.022586652360400472,0,false,3.07,false,false,10.178571428571429,false,1.289526e6,1.2603999245283022e6,false,6
7.23,use_adaptive_ngroute,0.021950366585127057,0,false,3.5869999999999997,false,false,11.321428571428573,false,1.289526e6,1.2612204315789475e6,false,2
10.818,none,0.021914706127161065,0,false,3.582,false,false,11.464285714285715,false,1.289526e6,1.2612664166666665e6,false,0
