CG_time_taken,method,CG_LP_IP_gap,implemented_SR3_cuts_count,errored,CG_sp_time_taken_mean,converged,CGIP_artificial,ngroute_neighborhood_size,time_limit_reached,CGIP_objective,CGLP_objective,CGLP_artificial,cycles_lookup_length
22.927,use_adaptive_ngroute,0.42375752131445954,0,false,0.4259166666666668,false,false,6.0,false,1.833167e6,1.056348695924536e6,false,25
21.59,use_adaptive_ngroute,0.163285038857375,0,false,1.15025,false,false,8.392857142857144,false,1.457904e6,1.2198500887096776e6,false,20
23.74,use_adaptive_ngroute,0.15121756460486568,0,false,4.6850000000000005,false,false,10.964285714285714,false,1.457904e6,1.237443307692308e6,false,9
13.13,none,0.1481152851399451,0,false,3.24925,false,false,11.678571428571429,false,1.457904e6,1.2419661333333335e6,false,0
