CG_time_taken,method,CG_LP_IP_gap,implemented_SR3_cuts_count,errored,CG_sp_time_taken_mean,converged,CGIP_artificial,ngroute_neighborhood_size,time_limit_reached,CGIP_objective,CGLP_objective,CGLP_artificial,cycles_lookup_length
5.08,use_adaptive_ngroute,0.3907039526705983,0,false,0.15423529411764703,false,false,1.0,false,1.616552e6,984958.743902439,false,24
7.511,use_adaptive_ngroute,0.21330388839868886,0,false,0.5193333333333334,false,false,6.833333333333333,false,1.392699e6,1.0956308879310344e6,false,8
5.793,use_adaptive_ngroute,0.19926622359918156,0,false,0.8998333333333333,false,false,8.0,false,1.392699e6,1.1151811296596434e6,false,17
8.876,none,0.196694930730426,0,false,1.7378,false,false,9.75,false,1.392699e6,1.1187621666666665e6,false,0
