CG_time_taken,method,CG_LP_IP_gap,implemented_SR3_cuts_count,errored,CG_sp_time_taken_mean,converged,CGIP_artificial,ngroute_neighborhood_size,time_limit_reached,CGIP_objective,CGLP_objective,CGLP_artificial,cycles_lookup_length
25.397,use_adaptive_ngroute,0.30038509195709406,0,false,0.5399130434782607,false,false,6.0,false,1.587985e6,1.110977979748514e6,false,25
14.768,use_adaptive_ngroute,0.09539009979592983,0,false,0.7438235294117648,false,false,8.142857142857142,false,1.375507e6,1.24429725e6,false,3
5.286,use_adaptive_ngroute,0.09456440425239554,0,false,0.7348571428571429,false,false,8.25,false,1.375507e6,1.2454330000000002e6,false,1
1.994,none,0.09452793285191075,0,false,0.6316666666666666,false,false,8.285714285714285,false,1.375507e6,1.2454831666666667e6,false,0
