CG_time_taken,method,CG_LP_IP_gap,implemented_SR3_cuts_count,errored,CG_sp_time_taken_mean,converged,CGIP_artificial,ngroute_neighborhood_size,time_limit_reached,CGIP_objective,CGLP_objective,CGLP_artificial,cycles_lookup_length
23.19,use_adaptive_ngroute,0.30202074306610105,0,false,0.4023999999999999,false,false,6.0,false,1.568462e6,1.094753941289057e6,false,24
16.955,use_adaptive_ngroute,0.06557194069926542,0,false,0.7479473684210527,false,false,8.428571428571429,false,1.291612e6,1.2069184945295404e6,false,17
11.126,use_adaptive_ngroute,0.057935355199549066,0,false,1.1782222222222223,false,false,10.357142857142858,false,1.291612e6,1.216782e6,false,7
23.069,use_adaptive_ngroute,0.05558243706959465,0,false,2.816875,false,false,11.142857142857142,false,1.291612e6,1.2198210572916667e6,false,1
1.617,none,0.055476739978355005,0,false,1.592,false,false,11.214285714285714,false,1.291612e6,1.219957576923077e6,false,0
