CG_time_taken,method,CG_LP_IP_gap,implemented_SR3_cuts_count,errored,CG_sp_time_taken_mean,converged,CGIP_artificial,ngroute_neighborhood_size,time_limit_reached,CGIP_objective,CGLP_objective,CGLP_artificial,cycles_lookup_length
5.411,use_adaptive_ngroute,0.46702061295197184,0,false,0.27425000000000005,false,false,1.0,false,1.580852e6,842561.5299736494,false,24
7.649,use_adaptive_ngroute,0.24541041706613032,0,false,0.3973529411764706,false,false,5.666666666666667,false,1.275743e6,962662.3783008037,false,20
11.159,use_adaptive_ngroute,0.021762493378885805,0,false,0.8246923076923076,false,false,7.083333333333333,false,1.034271e6,1.0117626842105264e6,false,5
4.581,use_adaptive_ngroute,0.020069530455106288,0,false,0.6242857142857143,false,false,7.833333333333334,false,1.034271e6,1.0135136666666667e6,false,6
2.755,none,0.01964088715626755,0,false,0.8890000000000001,false,false,8.083333333333334,false,1.034271e6,1.013957e6,false,0
