CG_time_taken,method,CG_LP_IP_gap,implemented_SR3_cuts_count,errored,CG_sp_time_taken_mean,converged,CGIP_artificial,ngroute_neighborhood_size,time_limit_reached,CGIP_objective,CGLP_objective,CGLP_artificial,cycles_lookup_length
19.717,use_adaptive_ngroute,0.3068251272623236,0,false,0.47845000000000004,false,false,6.0,false,1.492876e6,1.0348241313131314e6,false,26
34.234,use_adaptive_ngroute,0.07262371565159342,0,false,1.6069999999999998,false,false,8.714285714285715,false,1.30319e6,1.2085475e6,false,13
15.947,use_adaptive_ngroute,0.06862544985765684,0,false,2.179857142857143,false,false,9.392857142857142,false,1.30319e6,1.2137580000000002e6,false,4
6.031,none,0.06380892567173913,0,false,1.9453333333333334,false,false,9.535714285714285,false,1.30319e6,1.2200348461538462e6,false,0
