CG_time_taken,method,CG_LP_IP_gap,implemented_SR3_cuts_count,errored,CG_sp_time_taken_mean,converged,CGIP_artificial,ngroute_neighborhood_size,time_limit_reached,CGIP_objective,CGLP_objective,CGLP_artificial,cycles_lookup_length
20.454,use_adaptive_ngroute,0.9999828483177584,0,false,0.4566363636363635,false,true,6.0,false,6.0e10,1.0291009344978166e6,false,25
14.541,use_adaptive_ngroute,0.14167852016234805,0,false,0.8246249999999999,false,false,7.321428571428571,false,1.432067e6,1.2291738666666667e6,false,10
2.298,use_adaptive_ngroute,0.14041606991851652,0,false,0.7516666666666667,false,false,8.321428571428571,false,1.432067e6,1.2309817799999998e6,false,1
1.009,use_adaptive_ngroute,0.1403092925766095,0,false,0.996,false,false,8.607142857142858,false,1.432067e6,1.2311346923076925e6,false,1
2.164,none,0.1403092925766095,0,false,1.056,false,false,8.642857142857142,false,1.432067e6,1.2311346923076925e6,false,0
