CG_time_taken,method,CG_LP_IP_gap,implemented_SR3_cuts_count,errored,CG_sp_time_taken_mean,converged,CGIP_artificial,ngroute_neighborhood_size,time_limit_reached,CGIP_objective,CGLP_objective,CGLP_artificial,cycles_lookup_length
16.579,use_adaptive_ngroute,0.9999101610262479,0,false,0.5555263157894736,false,true,1.0,false,1.0001468775e10,898521.690759738,false,21
49.72,use_adaptive_ngroute,0.1406244468179053,0,false,2.9675625000000005,false,false,3.8333333333333335,false,1.176903e6,1.0114016666666667e6,false,10
16.001,use_adaptive_ngroute,0.11383783883499199,0,false,1.952625,false,false,5.708333333333333,false,1.158346e6,1.0264823947368424e6,false,10
7.708,use_adaptive_ngroute,0.10709933243895453,0,false,1.89675,false,false,6.333333333333333,false,1.158346e6,1.0342879166666667e6,false,5
11.505,none,0.10699836232006676,0,false,2.2820000000000005,false,false,6.708333333333334,false,1.158346e6,1.034404875e6,false,0
