CG_time_taken,method,CG_LP_IP_gap,implemented_SR3_cuts_count,errored,CG_sp_time_taken_mean,converged,CGIP_artificial,ngroute_neighborhood_size,time_limit_reached,CGIP_objective,CGLP_objective,CGLP_artificial,cycles_lookup_length
22.218,use_adaptive_ngroute,0.36818026683507354,0,false,0.4520909090909091,false,false,6.0,false,1.925119e6,1.21632817289073e6,false,32
89.407,use_adaptive_ngroute,0.19303948558019512,0,false,4.713555555555556,false,false,9.96875,false,1.613472e6,1.3020081951219514e6,false,19
66.803,use_adaptive_ngroute,0.18775232662929364,0,false,7.318555555555555,false,false,12.0,false,1.613472e6,1.3105388780487804e6,false,8
85.167,use_adaptive_ngroute,0.1869330471448667,0,false,12.125571428571428,false,false,12.9375,false,1.613472e6,1.3118607625570777e6,false,9
27.126,none,0.1862595111809171,0,false,13.532499999999999,false,false,13.25,false,1.613472e6,1.3129474939759034e6,false,0
