CG_time_taken,method,CG_LP_IP_gap,implemented_SR3_cuts_count,errored,CG_sp_time_taken_mean,converged,CGIP_artificial,ngroute_neighborhood_size,time_limit_reached,CGIP_objective,CGLP_objective,CGLP_artificial,cycles_lookup_length
22.51,use_adaptive_ngroute,0.4008474860564014,0,false,0.3926923076923077,false,false,6.0,false,2.088233e6,1.2511700516499828e6,false,28
34.398,use_adaptive_ngroute,0.13327684134518758,0,false,2.0115,false,false,8.125,false,1.538754e6,1.3336737272727273e6,false,7
23.805,use_adaptive_ngroute,0.11799888091273847,0,false,2.581444444444444,false,false,8.53125,false,1.538754e6,1.35718275e6,false,7
21.833,use_adaptive_ngroute,0.11390040857884087,0,false,3.092428571428572,false,false,9.28125,false,1.538754e6,1.3634892906976743e6,false,12
24.245,none,0.11380480570643525,0,false,4.012333333333333,false,false,10.40625,false,1.538754e6,1.3636364e6,false,0
