CG_time_taken,method,CG_LP_IP_gap,implemented_SR3_cuts_count,errored,CG_sp_time_taken_mean,converged,CGIP_artificial,ngroute_neighborhood_size,time_limit_reached,CGIP_objective,CGLP_objective,CGLP_artificial,cycles_lookup_length
47.142,use_adaptive_ngroute,0.4478795315157007,0,false,0.9348636363636363,false,false,6.0,false,1.907304e6,1.053061578021978e6,false,29
44.58,use_adaptive_ngroute,0.1938878308299713,0,false,1.9257500000000005,false,false,8.15625,false,1.459171e6,1.1762555e6,false,6
23.485,use_adaptive_ngroute,0.19076901382775313,0,false,2.823375,false,false,8.9375,false,1.459171e6,1.1808063873239437e6,false,2
13.704,none,0.19068569594270213,0,false,3.37,false,false,9.09375,false,1.459171e6,1.1809279623655914e6,false,0
