CG_time_taken,method,CG_LP_IP_gap,implemented_SR3_cuts_count,errored,CG_sp_time_taken_mean,converged,CGIP_artificial,ngroute_neighborhood_size,time_limit_reached,CGIP_objective,CGLP_objective,CGLP_artificial,cycles_lookup_length
50.545,use_adaptive_ngroute,0.29475463186690354,0,false,0.7591304347826086,false,false,6.0,false,1.693454e6,1.1943005896464647e6,false,32
18.077,use_adaptive_ngroute,0.09364660812458026,0,false,0.8933750000000001,false,false,9.125,false,1.406965e6,1.2752075e6,false,6
7.199,use_adaptive_ngroute,0.09185408652559579,0,false,1.3626,false,false,9.3125,false,1.406965e6,1.2777295151515151e6,false,5
3.761,use_adaptive_ngroute,0.09151471429637548,0,false,1.2116666666666667,false,false,10.1875,false,1.406965e6,1.278207e6,false,1
6.108,use_adaptive_ngroute,0.09113576622967401,0,false,1.477,false,false,10.4375,false,1.406965e6,1.2787401666666667e6,false,1
5.582,none,0.09113576622967401,0,false,1.7579999999999998,false,false,10.5625,false,1.406965e6,1.2787401666666667e6,false,0
