CG_time_taken,method,CG_LP_IP_gap,implemented_SR3_cuts_count,errored,CG_sp_time_taken_mean,converged,CGIP_artificial,ngroute_neighborhood_size,time_limit_reached,CGIP_objective,CGLP_objective,CGLP_artificial,cycles_lookup_length
21.89,use_adaptive_ngroute,0.2770439315241785,0,false,0.42572727272727273,false,false,6.0,false,1.675884e6,1.2115905078615337e6,false,28
16.398,use_adaptive_ngroute,0.12457118856440264,0,false,0.9386,false,false,7.656250000000001,false,1.491623e6,1.30580975e6,false,15
21.296,use_adaptive_ngroute,0.10225132748730159,0,false,2.2832222222222223,false,false,9.15625,false,1.470021e6,1.3197094013157894e6,false,10
15.503,none,0.10188102754994655,0,false,3.8295,false,false,9.875,false,1.470021e6,1.32025375e6,false,0
