CG_time_taken,method,CG_LP_IP_gap,implemented_SR3_cuts_count,errored,CG_sp_time_taken_mean,converged,CGIP_artificial,ngroute_neighborhood_size,time_limit_reached,CGIP_objective,CGLP_objective,CGLP_artificial,cycles_lookup_length
29.164,use_adaptive_ngroute,0.4248956180077639,0,false,0.4968461538461538,false,false,6.0,false,1.933603e6,1.1120235583333338e6,false,32
102.488,use_adaptive_ngroute,0.16221778937138764,0,false,4.8195500000000004,false,false,10.4375,false,1.466325e6,1.228461e6,false,18
81.245,use_adaptive_ngroute,0.15722235992912736,0,false,8.882888888888887,false,false,12.40625,false,1.466325e6,1.2357859230769223e6,false,12
345.191,none,0.15665023754929408,0,false,49.27642857142857,false,false,13.53125,false,1.466325e6,1.2366248404255314e6,false,0
