CG_time_taken,method,CG_LP_IP_gap,implemented_SR3_cuts_count,errored,CG_sp_time_taken_mean,converged,CGIP_artificial,ngroute_neighborhood_size,time_limit_reached,CGIP_objective,CGLP_objective,CGLP_artificial,cycles_lookup_length
51.269,use_adaptive_ngroute,0.41151705759813884,0,false,0.6738,false,false,6.0,false,1.917034e6,1.1281418090044095e6,false,16
30.771,use_adaptive_ngroute,0.1234077930172679,0,false,1.5569285714285717,false,false,7.59375,false,1.486254e6,1.3028386739969135e6,false,29
62.542,use_adaptive_ngroute,0.06296891747052524,0,false,4.1705000000000005,false,false,11.0,false,1.397634e6,1.3096265e6,false,1
27.118,none,0.062260219771413716,0,false,4.421166666666666,false,false,11.03125,false,1.397634e6,1.310617e6,false,0
