CG_time_taken,method,CG_LP_IP_gap,implemented_SR3_cuts_count,errored,CG_sp_time_taken_mean,converged,CGIP_artificial,ngroute_neighborhood_size,time_limit_reached,CGIP_objective,CGLP_objective,CGLP_artificial,cycles_lookup_length
26.092,use_adaptive_ngroute,0.9999802893609105,0,false,0.5059047619047619,false,true,6.0,false,6.0e10,1.1826383453703702e6,false,26
118.49,use_adaptive_ngroute,0.17634228256127993,0,false,6.70364705882353,false,false,8.21875,false,1.579613e6,1.301060438016529e6,false,9
101.632,use_adaptive_ngroute,0.16889519653036744,0,false,11.186333333333334,false,false,8.84375,false,1.579613e6,1.3128239519230768e6,false,10
82.069,use_adaptive_ngroute,0.16861303462519917,0,false,13.638333333333332,false,false,9.53125,false,1.579613e6,1.3132696585365853e6,false,3
73.946,none,0.16845412616014643,0,false,18.4285,false,false,10.21875,false,1.579613e6,1.3135206724137927e6,false,0
