CG_time_taken,method,CG_LP_IP_gap,implemented_SR3_cuts_count,errored,CG_sp_time_taken_mean,converged,CGIP_artificial,ngroute_neighborhood_size,time_limit_reached,CGIP_objective,CGLP_objective,CGLP_artificial,cycles_lookup_length
78.988,use_adaptive_ngroute,0.41138367315224345,0,false,0.9734,false,false,5.999999999999999,false,2.004576e6,1.1799261620071684e6,false,26
218.285,use_adaptive_ngroute,0.1538207588366296,0,false,8.065961538461538,false,false,7.583333333333334,false,1.512287e6,1.2796658660812299e6,false,10
65.081,use_adaptive_ngroute,0.147902481473424,0,false,7.060666666666666,false,false,8.472222222222223,false,1.512287e6,1.288616e6,false,2
126.481,use_adaptive_ngroute,0.14319491335406997,0,false,11.432818181818181,false,false,8.527777777777779,false,1.508136e6,1.2921785961538462e6,false,3
70.128,none,0.14308842173384229,0,false,11.643333333333334,false,false,8.638888888888888,false,1.508136e6,1.29233920000001e6,false,0
