CG_time_taken,method,CG_LP_IP_gap,implemented_SR3_cuts_count,errored,CG_sp_time_taken_mean,converged,CGIP_artificial,ngroute_neighborhood_size,time_limit_reached,CGIP_objective,CGLP_objective,CGLP_artificial,cycles_lookup_length
43.588,use_adaptive_ngroute,0.9999791248362402,0,false,0.8064615384615386,false,true,5.999999999999999,false,6.0e10,1.2525098255877132e6,false,32
138.682,use_adaptive_ngroute,0.03709191470084028,0,false,7.4572222222222235,false,false,8.805555555555555,false,1.444065e6,1.390501864197531e6,false,28
77.254,use_adaptive_ngroute,0.024894770433925628,0,false,7.6008000000000004,false,false,11.777777777777777,false,1.444065e6,1.4081153333333333e6,false,1
40.576,none,0.02296711020625808,0,false,10.065750000000001,false,false,11.888888888888888,false,1.444065e6,1.410899e6,false,0
