CG_time_taken,method,CG_LP_IP_gap,implemented_SR3_cuts_count,errored,CG_sp_time_taken_mean,converged,CGIP_artificial,ngroute_neighborhood_size,time_limit_reached,CGIP_objective,CGLP_objective,CGLP_artificial,cycles_lookup_length
57.797,use_adaptive_ngroute,0.3866020910239716,0,false,1.0402258064516123,false,false,5.999999999999999,false,2.078867e6,1.2751726708392692e6,false,32
58.806,use_adaptive_ngroute,0.18722948935185646,0,false,2.77485,false,false,8.583333333333334,false,1.700797e6,1.3823576461988306e6,false,8
15.36,use_adaptive_ngroute,0.18619430648344915,0,false,3.0202,false,false,9.25,false,1.700797e6,1.3841182821158692e6,false,11
38.303,use_adaptive_ngroute,0.18334457742932575,0,false,5.381857142857142,false,false,9.694444444444445,false,1.700797e6,1.388965092741935e6,false,5
25.706,use_adaptive_ngroute,0.18130591716706934,0,false,5.111399999999999,false,false,9.916666666666666,false,1.700797e6,1.39243244e6,false,2
21.662,use_adaptive_ngroute,0.18069961281387492,0,false,5.38375,false,false,9.972222222222221,false,1.700797e6,1.393463640625e6,false,1
29.052,none,0.18042190906184963,0,false,5.743199999999999,false,false,10.11111111111111,false,1.700797e6,1.3939359583333333e6,false,0
