CG_time_taken,method,CG_LP_IP_gap,implemented_SR3_cuts_count,errored,CG_sp_time_taken_mean,converged,CGIP_artificial,ngroute_neighborhood_size,time_limit_reached,CGIP_objective,CGLP_objective,CGLP_artificial,cycles_lookup_length
33.948,use_adaptive_ngroute,0.9999790006847599,0,false,0.5632727272727271,false,true,5.999999999999999,false,6.0e10,1.259958914408289e6,false,32
63.731,use_adaptive_ngroute,0.10896895893313896,0,false,2.848666666666667,false,false,8.277777777777779,false,1.572382e6,1.401041170414793e6,false,15
64.169,use_adaptive_ngroute,0.10459875526430618,0,false,5.306166666666666,false,false,9.805555555555555,false,1.572382e6,1.4079127999999998e6,false,2
22.38,use_adaptive_ngroute,0.1036576343646135,0,false,5.57075,false,false,9.916666666666666,false,1.572382e6,1.4093926015625002e6,false,2
16.438,none,0.10358234158999668,0,false,5.456666666666667,false,false,10.083333333333334,false,1.572382e6,1.4095109905660378e6,false,0
