CG_time_taken,method,CG_LP_IP_gap,implemented_SR3_cuts_count,errored,CG_sp_time_taken_mean,converged,CGIP_artificial,ngroute_neighborhood_size,time_limit_reached,CGIP_objective,CGLP_objective,CGLP_artificial,cycles_lookup_length
28.336,use_adaptive_ngroute,0.9999777400147778,0,false,0.41180769230769226,false,true,5.999999999999999,false,6.0e10,1.3355991133333333e6,false,36
57.86,use_adaptive_ngroute,0.1250779927412482,0,false,3.095294117647059,false,false,10.027777777777779,false,1.644349e6,1.4386771277139212e6,false,19
61.251,use_adaptive_ngroute,0.1213468767181517,0,false,4.167642857142858,false,false,11.916666666666666,false,1.644349e6,1.444812384615384e6,false,1
55.91,use_adaptive_ngroute,0.12117835082455142,0,false,5.5387,false,false,12.027777777777779,false,1.644349e6,1.4450894999999998e6,false,5
41.741,use_adaptive_ngroute,0.12110101897440362,0,false,8.284199999999998,false,false,12.416666666666668,false,1.644349e6,1.4452166605504584e6,false,5
54.258,none,0.1211010189744034,0,false,8.951833333333333,false,false,13.027777777777777,false,1.644349e6,1.4452166605504588e6,false,0
