CG_time_taken,method,CG_LP_IP_gap,implemented_SR3_cuts_count,errored,CG_sp_time_taken_mean,converged,CGIP_artificial,ngroute_neighborhood_size,time_limit_reached,CGIP_objective,CGLP_objective,CGLP_artificial,cycles_lookup_length
839.729,use_adaptive_ngroute,0.9999779604364736,0,false,17.593861111111114,false,true,5.999999999999999,false,6.0e10,1.3223738115882475e6,false,34
242.403,use_adaptive_ngroute,0.10236993112716808,0,false,13.594235294117645,false,false,10.13888888888889,false,1.518363e6,1.3629282842639596e6,false,25
85.458,use_adaptive_ngroute,0.09689892996602267,0,false,14.003000000000002,false,false,11.11111111111111,false,1.518363e6,1.37123525e6,false,9
60.513,none,0.0951707264187941,0,false,15.06425,false,false,11.36111111111111,false,1.518363e6,1.3738592903225806e6,false,0
