CG_time_taken,method,CG_LP_IP_gap,implemented_SR3_cuts_count,errored,CG_sp_time_taken_mean,converged,CGIP_artificial,ngroute_neighborhood_size,time_limit_reached,CGIP_objective,CGLP_objective,CGLP_artificial,cycles_lookup_length
25.28,use_adaptive_ngroute,0.999977003729132,0,false,0.45425925925925925,false,true,5.999999999999999,false,6.0e10,1.3797762520772577e6,false,36
79.897,use_adaptive_ngroute,0.09942361856711446,0,false,4.8061875,false,false,10.0,false,1.664152e6,1.4986959863142993e6,false,22
44.658,use_adaptive_ngroute,0.08726458302320439,0,false,8.829799999999999,false,false,11.555555555555555,false,1.664152e6,1.5189304696327683e6,false,14
78.409,none,-2.220446049250313e-16,0,false,11.119142857142858,true,false,12.444444444444445,false,1.520764e6,1.5207640000000005e6,false,0
