CG_time_taken,method,CG_LP_IP_gap,implemented_SR3_cuts_count,errored,CG_sp_time_taken_mean,converged,CGIP_artificial,ngroute_neighborhood_size,time_limit_reached,CGIP_objective,CGLP_objective,CGLP_artificial,cycles_lookup_length
24.92,use_adaptive_ngroute,0.23853245074664187,0,false,0.46376923076923077,false,false,5.999999999999999,false,1.796851e6,1.3682437273434459e6,false,27
36.681,use_adaptive_ngroute,0.031753845479896015,0,false,2.2453999999999996,false,false,7.972222222222222,false,1.447845e6,1.40187035359116e6,false,26
53.364,use_adaptive_ngroute,0.02799914375492918,0,false,4.006384615384615,false,false,10.805555555555555,false,1.447845e6,1.4073065797101445e6,false,5
28.523,none,0.027930314824215707,0,false,4.012142857142857,false,false,11.083333333333334,false,1.447845e6,1.4074062333333334e6,false,0
